year,group,cohort,occ_code,num,occ_income,occ_grade,occ_wage,occ_ln_income_arith,occ_ln_income_geo,occ_ln_wage_arith,occ_ln_wage_geo,occ_var_ln_income,occ_var_ln_wage
2012,0,0,0,24340070.0,,12.60450978571549,,,,,,,
2012,0,0,1,8273343.5,87932.0753615737,15.106086130716076,,11.384319924523421,11.120488352686989,,,0.515640303062541,
2012,0,0,2,4476900.0,72815.55305073531,15.216361656503384,,11.195684852173633,10.970210542459487,,,0.40366272284552596,
2012,0,0,3,98354.5,79349.77758344429,16.807914228632143,,11.281620922969458,11.100222371897827,,,0.3669707477307758,
2012,0,0,4,1025393.0,89623.72437730145,16.16874408153752,,11.403375344911389,11.293508295713766,,,0.2222583960976934,
2012,0,0,5,1464091.0,72733.02471783105,15.081755505634554,,11.194550820594431,11.049651632258294,,,0.2911296069766782,
2012,0,0,6,357380.0,75902.41442501782,17.58427164362863,,11.23720377348407,11.067896064825575,,,0.327889373422292,
2012,0,0,7,651013.5,180243.5756599671,18.87853861709473,,12.102064413235842,11.793635442742474,,,0.7018084859091228,
2012,0,0,8,1897521.5,67706.95813019737,15.599299665379286,,11.122944232499295,11.009304035644004,,,0.23218101210617806,
2012,0,0,9,590032.5,64543.115839955375,16.83092372030354,,11.075088742097199,10.942924790121113,,,0.26446371640183836,
2012,0,0,10,619180.5,63953.65145831035,18.146407226971778,,11.065913904021338,10.878383886313848,,,0.3796438946268624,
2012,0,0,11,4566223.0,45820.77183772838,16.55980095584469,,10.732492800861866,10.604751202277178,,,0.28563610460083433,
2012,0,0,12,101431.0,49201.664595249866,17.5592175961984,,10.803682735144854,10.70103405785918,,,0.22040671393725111,
2012,0,0,13,320197.5,81328.25083261423,17.111175134096925,,11.306248723891724,11.09847767030036,,,0.39534083018104604,
2012,0,0,14,916874.5,43672.38103194151,16.058452383614114,,10.684471168280226,10.565895232472254,,,0.2481930333338267,
2012,0,0,15,658540.0,149727.3245491002,18.82818431682206,,11.916571082469485,11.646549361162343,,,0.565962959577539,
2012,0,0,16,1287227.5,59985.20479596082,15.246856907578497,,11.001853224062744,10.742048108220267,,,0.5387693635322525,
2012,0,0,17,1190529.0,47796.915886537696,13.823131985865107,,10.774716395195824,10.644814093330515,,,0.25387779934750687,
2012,0,0,18,478199.5,55112.95916361837,13.79415285879638,,10.917140161019438,10.803815221420905,,,0.23713620588560375,
2012,0,0,19,85583.5,55794.545645852464,13.982449888120957,,10.929431395309514,10.789682518579568,,,0.2682193704556895,
2012,0,0,20,1335763.5,79238.20986137619,15.273820552814925,,11.28021390920667,11.115371145296,,,0.3412647270185485,
2012,0,0,21,7562133.0,60123.0398172023,13.755859623204193,,11.004148405083718,10.665521629229499,,,0.6329027817328827,
2012,0,0,22,2009961.0,37029.62366982941,13.401990386878154,,10.51947351101047,10.409263171103019,,,0.22122583064183685,
2012,0,0,23,790160.5,32559.763728840746,13.250360528019307,,10.390832563604913,10.252341659435553,,,0.2520832501379583,
2012,0,0,24,371836.5,36715.58064260113,13.537690624777287,,10.510956484621099,10.39006972304847,,,0.23797966242801574,
2012,0,0,25,1097183.0,38673.34135273133,13.244397242757133,,10.562905787714396,10.442206865462675,,,0.2223182783630981,
2012,0,0,26,57907.5,44642.06272116911,12.915891723869965,,10.706431803899134,10.619671225906078,,,0.19247111227800737,
2012,0,0,27,114380.5,44143.328395989476,13.487504426016672,,10.695197082404887,10.526709368812735,,,0.3175336782173902,
2012,0,0,28,430711.5,47764.785302482895,12.871303645247457,,10.774043937822928,10.667553745414814,,,0.24067661211804953,
2012,0,0,29,1562270.5,38126.192059743924,12.778312078478088,,10.54865678056173,10.390010437400493,,,0.3008280021053474,
2012,0,0,30,1901017.0,40551.61858623223,13.623777693729199,,10.610330974560316,10.461211283621884,,,0.28258948818115687,
2012,0,0,31,1392127.5,37449.095529599086,13.515744427144783,,10.53073783724114,10.398731182433622,,,0.24278657195904096,
2012,0,0,32,613923.0,20948.078703257328,11.139014990479263,,9.949802212469718,9.803452010918859,,,0.27962363091382814,
2012,0,0,33,274041.5,69138.2469150706,13.662614968900696,,11.143863357572304,11.04615289466538,,,0.2113333184100232,
2012,0,0,34,1140968.5,61866.48644741137,13.987688529525574,,11.03273389763513,10.915113951579889,,,0.250809230393646,
2012,0,0,35,579476.0,40259.69597904276,13.101049914060289,,10.603106147725697,10.422408831527768,,,0.3534861126423073,
2012,0,0,36,2875830.0,24288.488384158616,12.240450235236436,,10.097757788036613,9.937633977270142,,,0.29897748060196505,
2012,0,0,37,2225338.0,28465.92220713708,12.703715345713775,,10.256462938792476,10.118371702988746,,,0.2617747567915538,
2012,0,0,38,1267355.5,31934.17835035424,11.819850468159881,,10.371432136851617,10.207117408259263,,,0.32210019278511665,
2012,0,0,39,1717566.5,31209.15346871728,13.233293150512658,,10.348466711177563,10.124728846033785,,,0.4713281522415223,
2012,0,0,40,307038.5,57931.21554986844,12.848020687959327,,10.967011646951288,10.53441378339589,,,0.8876622608353567,
2012,0,0,41,383405.0,27899.213310909643,10.10407141273588,,10.236353770670332,10.067920565850711,,,0.31358234429660264,
2012,0,0,42,839234.5,31805.210332257524,11.506904804318697,,10.367385402273165,10.15941307293789,,,0.39764517277144007,
2012,0,0,43,102209.0,41605.32709958697,11.781672846813882,,10.63598349332951,10.436025732773826,,,0.39019650160797975,
2012,0,0,44,1538379.5,47647.88961149146,12.358854235902129,,10.771593618730957,10.631012867577287,,,0.3071828984573993,
2012,0,0,45,690221.5,50125.07333311771,12.901299800136623,,10.822276627612641,10.692714171124699,,,0.27828008049345637,
2012,0,0,46,583739.5,47037.16157710307,12.475384996218347,,10.758693240129132,10.61502723297747,,,0.30946027606231513,
2012,0,0,47,4085565.5,45965.54742870903,11.88477568160393,,10.735647425912763,10.54723918999407,,,0.39181129923663144,
2012,0,0,48,127704.0,59597.78658006202,11.968035456994299,,10.995373714445389,10.851176897494355,,,0.3135754017371853,
2012,0,0,49,567005.0,57491.37063926306,12.85986631511186,,10.959390139684032,10.815452083592357,,,0.2812645117883922,
2012,0,0,50,269257.5,47688.904874511805,12.397418827702106,,10.77245404760885,10.667465758784386,,,0.22478564921139194,
2012,0,0,51,42997.0,36385.566256275066,12.040212107821477,,10.501927443564444,10.353965658566514,,,0.3055641429581278,
2012,0,0,52,48263.0,33076.82622735881,12.093290926796925,,10.40658820219384,10.145499918901875,,,0.4613345549875481,
2012,0,0,53,402175.5,35853.351623702525,13.226806456385335,,10.487192331858736,10.362185537419842,,,0.23123624591798073,
2012,0,0,54,275838.0,29656.92225496187,11.501404810069678,,10.297450842774385,10.164410919331294,,,0.27179632559994654,
2012,0,0,55,168110.5,60604.48213026906,12.929364911769342,,11.012124131868006,10.880450309622475,,,0.2799187026082046,
2012,0,0,56,104481.5,36332.4956870477,11.86107588424745,,10.500467817792487,10.382554933356813,,,0.24192589257764446,
2012,0,0,57,37003.5,38014.2777144666,11.992595295039658,,10.545717097468003,10.432344324777338,,,0.2355199819389286,
2012,0,0,58,263584.5,36429.505412652696,11.825253381742856,,10.503134313535284,10.387853293946401,,,0.24102840700181632,
2012,0,0,59,140384.0,39271.245103424466,12.367267637337589,,10.578247853293627,10.468238726195073,,,0.2297020762857846,
2012,0,0,60,218167.0,25710.152728097277,11.195980602015887,,10.154641240658366,9.999220689177275,,,0.2854372067031059,
2012,0,0,61,1174708.0,38182.94311978976,11.880374952754217,,10.550144179688326,10.396720328626103,,,0.3132712821741783,
2012,0,0,62,950428.5,38034.90423725438,11.932981807679377,,10.546259549674962,10.40716039215445,,,0.2851916462048875,
2012,0,0,63,410156.0,44075.83683598316,12.80395873765104,,10.69366699372186,10.543402187086162,,,0.30692167874519327,
2012,0,0,64,2738068.0,41820.52484578701,12.153910165854171,,10.64114252301834,10.478135095111774,,,0.32745868424479985,
2012,0,0,65,424067.5,53930.70204219719,12.165812046431288,,10.895455205902712,10.746945409290394,,,0.3129348161687233,
2012,0,0,66,1445889.5,32354.128960424438,11.761269101131171,,10.38449692580073,10.226100716722812,,,0.31144574950124315,
2012,1,0,0,6297325.5,,13.679169990498348,,,,,,,
2012,1,0,1,4580216.0,102302.16232481395,15.16166224475003,41.733601923020736,11.535686088811287,11.267494268869045,3.731306605832308,3.4767569264195908,0.5337078185780326,0.5118353317250844
2012,1,0,2,1743535.0,93056.95195360042,15.738476715408638,39.60056611902675,11.44096697130109,11.18574377791828,3.6788434140932678,3.4499664902619065,0.4699420718724018,0.4281207824533326
2012,1,0,3,69935.5,84887.47963120787,16.93793566929528,36.483229529137226,11.349081889471588,11.163552139412824,3.5968526900469353,3.426197717549706,0.3768626262288242,0.35840332218524296
2012,1,0,4,851571.5,91434.49468094231,16.17354033102329,40.227085750507534,11.423378089754854,11.315730373985017,3.6945405436288294,3.5884293958157154,0.21652906844091963,0.21809383164894472
2012,1,0,5,926002.5,76625.94182000945,15.203495670908016,34.28502503086588,11.246690964451842,11.098549571405924,3.5347086708181927,3.398078058273108,0.2963718901759231,0.2783099185290515
2012,1,0,6,203763.5,82285.77902475775,17.676399355134752,36.43518509415012,11.317953577381614,11.135206759182902,3.5955349312287357,3.417961800728163,0.3527919536065711,0.3555771381830473
2012,1,0,7,372449.5,207090.66465976922,19.089608121369473,81.66802044370078,12.240911969881797,11.953264171708097,4.402662498600865,4.097182742031782,0.6895434288287455,0.7423088341726547
2012,1,0,8,203699.5,90590.20549207812,16.433255849916176,42.200852610778746,11.414101379035616,11.25522928149811,3.742440424884757,3.592762478250371,0.3127306821493313,0.29916840843185
2012,1,0,9,120082.0,80627.37829703896,16.99584450625406,36.6535107075774,11.297593551920857,11.124977571391431,3.601509213856333,3.4421840430790125,0.34073729004084635,0.3127640099225671
2012,1,0,10,285904.5,70105.45856841674,19.341322014868602,30.152453548318665,11.157755938299472,10.946567058608556,3.406266297915867,3.210515104732316,0.4197254299509428,0.3986911721768077
2012,1,0,11,907750.5,54555.445773070955,17.286671833284586,24.538613323892633,10.906972817132178,10.800451370013095,3.2002479309173566,3.0912552089249536,0.22510148954405046,0.22456461152771603
2012,1,0,12,20788.5,55828.442975293685,18.17831974408928,26.214455132482428,10.930038749240849,10.805667168017745,3.266310981237921,3.1607157988022254,0.2532208232764877,0.22107976221240733
2012,1,0,13,118939.5,97748.54449860343,17.25707607649267,41.6555521374828,11.490153587696891,11.261358093351953,3.729434664350016,3.5261661700572975,0.4403371514501333,0.3991204950778994
2012,1,0,14,290596.5,47052.88477068868,16.627271835689694,20.55270202436768,10.759027456007267,10.627856360238306,3.02299241766949,2.8922236300313573,0.27697437898759975,0.2774824482262793
2012,1,0,15,382698.5,168279.93026772264,19.04375637740937,65.72709830411294,12.033384123321929,11.765232893954314,4.185511295615853,3.9373745771614517,0.5794404689158007,0.5356438502799906
2012,1,0,16,662700.0,67029.24427776407,15.796906594235702,29.305368136315913,11.112884284900323,10.849032851688074,3.377770712085145,3.1332106633963863,0.5305644251175735,0.49926101761002983
2012,1,0,17,242598.5,58204.33540333766,14.408366086352554,25.93502936280764,10.97171512241146,10.81907431853649,3.255594539971901,3.1026778517299585,0.2850003219697151,0.2873968480415811
2012,1,0,18,346083.5,57445.163359073726,13.851674523633747,26.231580198413997,10.958586091030897,10.851950617025919,3.266964035999149,3.164522319683454,0.22342974777300603,0.2185270604743588
2012,1,0,19,49890.5,59097.38620956808,14.000060131688398,26.44995134728072,10.986941975843713,10.846335472714287,3.2752543188803376,3.139154765633874,0.2636275678057388,0.260220914107554
2012,1,0,20,812002.5,90345.6380898126,15.756652227055952,40.43459970810344,11.411398016933681,11.261101984267901,3.6996858468599423,3.5531381563204003,0.3167841588878334,0.31113164224074097
2012,1,0,21,3870195.5,73958.81438364572,14.26186222375588,30.888107133171417,11.211263654864807,10.889035214095363,3.4303712273958133,3.1349638237700974,0.6070615400324382,0.5550203923200799
2012,1,0,22,81809.5,48223.19415928958,14.666951882116381,22.097866475733234,10.783595390920178,10.611189420105912,3.0954810643038817,2.9457369930782784,0.31334605742366317,0.27777156048807616
2012,1,0,23,103514.5,45489.26453596288,14.482869549676616,20.509010712761615,10.725231632835262,10.484135908007632,3.0208643365358747,2.822687001469921,0.42412621907230863,0.36515615150494285
2012,1,0,24,68423.0,43241.21804195569,14.402920070736448,20.0877676294465,10.674549440689322,10.511697348431932,3.0001110541582756,2.855549197141707,0.3096139028122575,0.28208354585886225
2012,1,0,25,107448.0,52440.380999092115,14.404176904176904,23.642795713757668,10.867432203280154,10.653046328867802,3.1630584475487833,2.976044734941885,0.3687650095076814,0.33787921195182974
2012,1,0,26,19237.0,47065.71184839391,13.292977075427562,22.388856317727477,10.759300028660183,10.671360340043298,3.1085633492581315,3.028064142560811,0.19350366709097655,0.17442998072906257
2012,1,0,27,41452.0,56222.90793447179,14.129812795522533,26.013600457717835,10.937079567321945,10.76769936649112,3.258619495782841,3.102706590388918,0.32788295388462474,0.3123309836972293
2012,1,0,28,214769.5,50928.10821718285,13.210399986962766,23.04627626997529,10.838170274425028,10.727739934896412,3.137504206282501,3.0392074245626546,0.24367124141427304,0.2232312934436786
2012,1,0,29,778338.0,41567.5268789011,13.163981457927019,18.96916680058494,10.635074537546938,10.464717394551526,2.9428148610310836,2.796174993471109,0.31943986751581965,0.27545940727041374
2012,1,0,30,473331.5,49933.317372738136,14.334028054334013,22.622778981087272,10.818443741759006,10.623989150217493,3.1189573181855574,2.9492513618931286,0.3671135043770138,0.3245380718031654
2012,1,0,31,211919.0,50373.23501121463,14.547605453026865,22.94457349202755,10.827215261636953,10.604821334122542,3.1330814593989205,2.938648182110849,0.38846154839138913,0.3430796159057955
2012,1,0,32,48538.5,25941.439696690235,11.912090402464024,12.607562381757774,10.163596957359232,10.021676466927579,2.5342968229444276,2.404211166340997,0.26668847339584245,0.25201817445793956
2012,1,0,33,241214.0,69950.13416423855,13.696982762194565,26.62822955239343,11.155537898093769,11.059159969255136,3.281971914416089,3.1703609155366514,0.20853377117418503,0.238226561567547
2012,1,0,34,783673.0,65288.84751409534,13.99862059813213,29.441017435430236,11.086576512226682,10.977947785197271,3.382388852890891,3.276435365091064,0.23067536761320798,0.22695551889450521
2012,1,0,35,292014.5,43125.02152534269,13.624433033291155,19.796013673066447,10.671858653471917,10.489764699954119,2.9854805877878476,2.8236186660961837,0.35514394980224573,0.3168265846967241
2012,1,0,36,1104650.0,27904.320625420845,13.08601004843163,13.078000535719069,10.236536816945906,10.067712081349256,2.570931470102462,2.4285731292823707,0.31434169691157354,0.271590477863294
2012,1,0,37,181069.5,38163.63090551181,14.06112017761136,17.661918883058892,10.549638270551304,10.322273602358488,2.8714108462979193,2.6626449161576584,0.3859516574605225,0.36545167182057137
2012,1,0,38,726162.5,36141.243186374035,12.449714767700067,16.893748375466224,10.495189962734825,10.33556372129682,2.826943634880794,2.6814057763623054,0.31313048193068244,0.2875718259935488
2012,1,0,39,295048.0,42509.47838710316,14.201116428513327,19.524087575161765,10.657482350920066,10.44502199832757,2.9716489635281462,2.7728388312444614,0.43282709888297555,0.414447955146596
2012,1,0,40,262522.5,60626.015718395334,12.917121389595177,21.731337883179123,11.012479382217297,10.595820470817609,3.0787553608580804,2.6437474744055134,0.8426320482704243,0.8939897520333033
2012,1,0,41,290203.5,28687.8255076975,10.167541053088609,12.0625210017632,10.264228113412079,10.111062851182968,2.4901032077424032,2.3393937140097956,0.289257378273813,0.284721982455396
2012,1,0,42,652270.0,33127.97591328949,11.779983749060971,15.035063420636066,10.40813339814501,10.196868494613192,2.7103850346315337,2.5218322720728454,0.4024323497126235,0.3688451850116987
2012,1,0,43,89857.0,42753.59399805546,11.893441801974248,17.62788052682051,10.663208540961163,10.460102621058676,2.869481769490272,2.6681777787704997,0.3966924670817172,0.4040367102753352
2012,1,0,44,1381466.5,48056.96216084365,12.429295245306347,21.232670483496587,10.78014229798854,10.639560563849457,3.055541056004991,2.920222914961229,0.3077788472768736,0.30126907235576866
2012,1,0,45,583325.0,50512.056366664045,13.021572879612567,23.16484334201756,10.82996732670355,10.70229875015852,3.14263575614415,3.018269097510922,0.2745568081302251,0.2704137926145994
2012,1,0,46,502535.5,48030.740388337916,12.60491049886028,21.858918651270994,10.779596509662646,10.63800008017004,3.0846090145198732,2.94900275633569,0.304312058685012,0.294578366121728
2012,1,0,47,3720166.0,46490.69844616315,12.166561384626386,21.22972439291141,10.74700753815025,10.559566693919683,3.055402293667234,2.88064230136783,0.3889968664082383,0.36832351345109854
2012,1,0,48,118145.0,60457.51737648715,11.992179101950992,22.785941905262124,11.009696205242392,10.867366206344261,3.126143762692323,2.9836438556854086,0.3097007553724169,0.30831744593696336
2012,1,0,49,426528.5,60512.30037469899,12.833032259274585,25.884215595748252,11.01060193533235,10.877231286984694,3.2536333464660125,3.130019470099203,0.2590245008985866,0.24062714961774945
2012,1,0,50,240985.0,48803.27211265278,12.45752640205822,21.780081100630813,10.795552641082175,10.696769246311536,3.0809958411264775,2.9879624992763856,0.2120218626611812,0.20037812866055027
2012,1,0,51,37263.0,37159.20702744793,12.289375519952769,17.051425599713845,10.522966853288029,10.379964327471393,2.836233813120606,2.7025322438383386,0.2997947932024554,0.29047725096196586
2012,1,0,52,23597.5,38838.832816907925,11.971522407034643,17.772766827437128,10.567175870895735,10.298388268525892,2.877667332209271,2.621949595549633,0.4257359117507795,0.4171604885524642
2012,1,0,53,92810.5,42324.28857466609,13.343253187947484,19.860738228685893,10.653116398228436,10.501305749365502,2.988744829561923,2.851209053206155,0.2888572759176366,0.270215761016403
2012,1,0,54,139274.0,33050.3463947491,11.518862099171418,15.34835175808345,10.40578732615529,10.282185521927387,2.731008090944295,2.6186410103969653,0.25332159114087904,0.23589410435742572
2012,1,0,55,141575.5,62110.269071043105,12.945883998290665,28.031059222145764,11.036666617713392,10.906393958737276,3.3333131533369844,3.2098524350301085,0.2759075565931686,0.2680457093517401
2012,1,0,56,77520.5,37854.70695198361,11.833295708877007,17.171589742537837,10.541510609178255,10.434507131465315,2.843256259006445,2.7450386843181795,0.22161826701431306,0.20587575598199198
2012,1,0,57,25859.0,40905.155941255005,12.085540817510344,18.25836648261966,10.619011396219104,10.515220951787475,2.9046234123819956,2.81275491776744,0.2194546097065532,0.19772828365750636
2012,1,0,58,185945.0,38462.007290460526,11.923547285487643,17.55996465775078,10.557426209420473,10.449886781806393,2.8656215755483836,2.7626807449813753,0.22339096909772255,0.21402135226688304
2012,1,0,59,100336.0,41717.35373703018,12.470867883910062,19.685225188883553,10.638672477980997,10.541591629199614,2.9798683639484325,2.888513869989153,0.20455148009848614,0.19536738602104015
2012,1,0,60,66391.0,31832.26559724488,11.651594342606678,15.10577646180277,10.36823569579038,10.205645531706072,2.7150772178076337,2.5674806199274824,0.3169852346378874,0.28746163681082065
2012,1,0,61,721069.0,41741.1335630818,12.050447321962253,19.023385239571574,10.63924233797881,10.500589845958462,2.9456690244332018,2.8189163731640337,0.28587183213764955,0.262730104511487
2012,1,0,62,627787.5,41231.81867566042,12.029441490950362,18.662665968252227,10.626965535221931,10.493205117020226,2.9265250559672107,2.8056227526149984,0.27574087581036405,0.25458509172687027
2012,1,0,63,228131.0,50293.97197972541,13.068416830680619,22.173678502894653,10.825640507548934,10.700500216916442,3.0989059324128445,2.981277255849358,0.25406361632321683,0.23884048372227293
2012,1,0,64,1944423.5,43598.11936861907,12.300660324255492,18.207507514666247,10.68276929465957,10.523825601612986,2.9018340098335194,2.756091154042656,0.3167052436386037,0.29204012606482094
2012,1,0,65,372843.5,54814.78116829084,12.254817369754335,23.160608263330673,10.911715165914059,10.763974675169687,3.1424529158888723,3.004274288134493,0.30763084585539036,0.2874798458337994
2012,1,0,66,881832.0,34593.937828852206,12.29813275090947,16.21577028435939,10.451433738436624,10.297667127536224,2.785984243062643,2.6431000682127554,0.3030304727590993,0.2808446646330203
2012,2,0,0,13801166.0,,14.909330487003778,,,,,,,
2012,2,0,1,2981205.0,70527.07324444792,15.480447335892702,30.865622355182143,11.163751932736197,10.942693739290664,3.4296430194262157,3.2279402256008267,0.4342190454025834,0.4028094109737633
2012,2,0,2,2194841.0,60277.11884067222,15.388940246696686,27.591464933264433,11.006707855325297,10.836674472875762,3.317506483349687,3.1662895139784384,0.3146728101749582,0.28462895711563835
2012,2,0,3,24711.0,63048.22413293402,17.90870462547044,29.46547650245178,11.051655174984248,10.912906756508956,3.3832192899714943,3.2518364600790677,0.30115254495054816,0.28598544587698743
2012,2,0,4,116173.5,80506.17098743668,16.818508523888838,36.86720269434521,11.29608911869759,11.18325300179607,3.607322339944042,3.4991125309962183,0.23348661380659183,0.22774431292393588
2012,2,0,5,362629.5,66509.40179946576,15.52724750744217,30.91561778779624,11.105098597093766,10.969166748969663,3.431261486242735,3.3032157723500157,0.27607974382859607,0.26194782563213376
2012,2,0,6,134889.5,67345.51702547181,18.190919233891446,30.82762125429985,11.117591617269342,10.976622870836694,3.428411082070841,3.2917562515101633,0.2804700566821583,0.2812646785289161
2012,2,0,7,235975.5,136802.68240444802,19.865621642924797,57.86177431211908,11.826294892197998,11.532561670356195,4.058056964686504,3.738107258937136,0.621868607757227,0.7050875238172312
2012,2,0,8,1454647.5,64686.29148665294,16.638602135568927,31.864636355686816,11.077304579935372,10.982161366770221,3.461496816671854,3.368952330185255,0.19923902976143226,0.1959838375317575
2012,2,0,9,420909.5,59926.97872377889,18.314088895593947,29.45195615647048,11.000882078762091,10.897259849331478,3.382760330861823,3.282466529444392,0.21884898243895914,0.21298124985909464
2012,2,0,10,283669.5,57899.99728740941,19.985574762179226,25.935877917022516,10.966472616711506,10.810681482755003,3.2556272578964354,3.1078748921665875,0.3306516124711351,0.3155473558408911
2012,2,0,11,3097611.5,43834.87381214378,17.426241153869682,20.47545513747863,10.68818498531759,10.565832342961219,3.0192268584287594,2.901259705388863,0.2779178570089754,0.25817747225923854
2012,2,0,12,73824.0,47285.65236866206,18.76194733420026,23.155032316459902,10.763962195878964,10.670684646240957,3.1422121355896944,3.0522958640115676,0.2078133022054607,0.1976189255874553
2012,2,0,13,178278.5,71167.88842718887,18.176992738888874,32.42085007981267,11.172796990430506,11.000996071313876,3.478801736809318,3.323574345169376,0.33172673026275123,0.30754860957865615
2012,2,0,14,447423.0,41564.11162188293,17.244008466261235,19.964989495774983,10.634992372511299,10.53051621664214,2.9939802143830643,2.89186979132144,0.22479981101696989,0.2191433937065533
2012,2,0,15,234001.5,124822.28117136219,19.399307269397845,52.47136540813609,11.734646254008924,11.485814809182889,3.96026760000414,3.7337593119722468,0.5056289011759898,0.4610594817772263
2012,2,0,16,535931.5,51680.3701980423,16.857555489834056,23.892732615981945,10.85283330170564,10.616095032033533,3.173574338052289,2.9527025889807423,0.5190830670191435,0.4909268243930912
2012,2,0,17,738593.5,45176.125332802,14.780631023695713,22.387777416403974,10.718324025671517,10.608104645825911,3.1085151588858886,2.99674311563257,0.22586364520761,0.23053690344106334
2012,2,0,18,90198.0,46966.924673152935,14.940697132974124,22.29324736898825,10.757198902599306,10.637674072774415,3.104283824044753,2.992339611899598,0.237418929875688,0.22552984135104687
2012,2,0,19,26490.0,50436.52796969949,14.506153265383164,23.583742122065463,10.82847095285038,10.683882845200037,3.1605575815028377,3.0228000577781513,0.28348051470641383,0.2682261443530228
2012,2,0,20,415068.0,59986.418000270656,15.274812801757784,28.293154053181986,11.001873448917282,10.857776462631321,3.34261986913717,3.2060766977637494,0.2906426519760469,0.2775503780103257
2012,2,0,21,2916907.5,45350.72371399706,14.588360103979985,20.71206370913747,10.722181413828233,10.42730169625366,3.030716318397454,2.77380876629111,0.5504231271178167,0.480708476767886
2012,2,0,22,1694123.0,36384.264795642935,14.083788485251661,17.83319754054476,10.50189167432839,10.39618025279025,2.8810617506559684,2.7811387380045627,0.21484396489731983,0.20271206899096772
2012,2,0,23,558350.0,30317.814509283002,14.113633025879825,14.940971691637184,10.319490756329964,10.209838322425806,2.7041072171905705,2.605299822326071,0.21125747837285572,0.1922122719450077
2012,2,0,24,242575.0,34994.075048174316,14.54963207255488,17.019330213526278,10.462934041803463,10.353535121367953,2.834349769464083,2.7340380015739596,0.22033735470298027,0.20508577355138
2012,2,0,25,855552.5,37011.76329383328,13.898349896704177,18.010444430186762,10.518991067958686,10.417237249868018,2.8909518357399624,2.7955223993747436,0.19725732273912067,0.1862672085656408
2012,2,0,26,19721.0,41001.222060110886,13.31068404239136,19.92775162451115,10.621357151586412,10.530292963147579,2.9921133142386482,2.903756111650763,0.20647965038163835,0.20237865386026999
2012,2,0,27,52176.5,36996.70091073078,13.766734066102556,17.942899777475017,10.518584023076121,10.37427447827233,2.8871944811091237,2.751364877628534,0.2677616005004782,0.24635931792769944
2012,2,0,28,115634.0,43646.759739686095,13.525399104069738,20.9843990745803,10.683884325744573,10.59661539401685,3.043779260425111,2.962238635161272,0.20824343618334618,0.19666047159273403
2012,2,0,29,523027.0,34687.490629060834,13.428090710422214,16.52356207008446,10.454134400335553,10.323594366200187,2.8047873665256344,2.6899294860745746,0.25738862177074834,0.22711871618089594
2012,2,0,30,1042316.0,37745.88146235052,13.988352860360965,18.09913788348982,10.538631648390211,10.414354843779085,2.8958643063909815,2.7846479036029574,0.24432120628287715,0.21998391750016744
2012,2,0,31,949795.5,34922.42501005916,14.128888797641176,17.022673088033475,10.460884452274872,10.356139928498449,2.834546166514417,2.737957007112423,0.2053606688813109,0.19056149060119026
2012,2,0,32,424942.5,19860.778435421278,12.845617936544356,10.186373134583413,9.896502132975087,9.753523941460548,2.3210508598927317,2.1862147156730436,0.2762182613683632,0.26117524905672385
2012,2,0,33,10736.5,62960.736945619035,14.398081311414334,25.548300516407263,11.050266588004025,10.955238962989776,3.240570798445539,3.130043677527771,0.20229060110059657,0.2302744743516662
2012,2,0,34,160441.5,54520.29090764774,14.380855327331146,25.246239532762466,10.906328221593148,10.782413326591023,3.228677215234739,3.1091846357720048,0.259406507505269,0.2532674350054655
2012,2,0,35,90761.5,38808.37398773006,14.137503236504465,18.347671952618168,10.566391326750656,10.389397313605322,2.9095026973848888,2.7477326353089744,0.343095147533218,0.31511697005738376
2012,2,0,36,1327004.0,21415.49617740659,14.08054233446169,10.95934078427181,9.971870059400793,9.832744295542883,2.3941921322904856,2.2695686261709658,0.2606797482474722,0.2367646038481091
2012,2,0,37,1329922.0,27628.938368168336,13.859129332396938,13.726477108626163,10.226618994022138,10.10483923705931,2.6193266033626146,2.5022037688755248,0.2379869151043542,0.23397868923189835
2012,2,0,38,286229.0,23949.285856439164,12.780238899622331,11.788962255474807,10.083693784291745,9.947981347086731,2.467163691631679,2.3438370678311085,0.26305214828095175,0.2401302383191707
2012,2,0,39,1092995.5,28139.224218506966,14.740761512741818,13.684054986788079,10.244919761649658,10.030663422227923,2.6162312854343877,2.40389738897395,0.45447711143745984,0.45921704747561215
2012,2,0,40,40851.5,38817.53158068287,14.178940797767524,15.603988684654654,10.566627268423176,10.102531169333332,2.7475265664874344,2.283073537321024,1.0113698385589405,1.0425120981297538
2012,2,0,41,76032.5,24237.97433038254,11.07210732252655,10.903962730840528,10.095675869462873,9.882424368883115,2.389126276453736,2.189543555680998,0.36865969728342324,0.37454004550409237
2012,2,0,42,117325.5,27417.45797432639,13.46156632616098,13.143174771952268,10.218935241828461,10.030508618955771,2.5759025951328502,2.3966107814367676,0.3699158946092023,0.3612521769441616
2012,2,0,43,7467.0,34796.31326367983,13.744341770456677,16.18946041038274,10.457266719451598,10.307464069690981,2.784360438559875,2.625642441036542,0.3017060760388598,0.3220530754261157
2012,2,0,44,36011.5,46901.42456438589,13.296807964122571,21.19628491203943,10.755803328480237,10.605820447982715,3.0538259263235044,2.909981620620181,0.32942563016504783,0.31956324626372323
2012,2,0,45,35623.5,47641.42626956145,13.756172189706234,22.397276684873184,10.771457961508945,10.633610877024992,3.108939374901803,2.9699924996280562,0.28959672637861034,0.2945647792824685
2012,2,0,46,26013.5,38422.00938086304,13.757472081803678,18.40583152038199,10.556385735341786,10.373026948904043,2.912667544858635,2.7336815145507765,0.40044096613151803,0.3938176292304381
2012,2,0,47,89381.5,40156.45357031494,13.215531178152078,18.828719790272896,10.600538442954194,10.374341334168752,2.9353833525868316,2.7174820345551596,0.4864929058143425,0.467011776977559
2012,2,0,48,2581.0,49955.684285040115,12.747772181325068,22.237422537162317,10.818891577102331,10.659514978445863,3.1017765695530506,2.9823598548535233,0.33200927591836255,0.26105029761327675
2012,2,0,49,82666.5,47390.32599526798,13.152413613737124,21.275589670370866,10.766173393926536,10.594965930379505,3.057560390661515,2.900137674213183,0.31599248940970626,0.29176860616566
2012,2,0,50,11325.0,36021.134518828454,12.419426048565121,16.80474948838166,10.491861115147547,10.334670710909108,2.8216615540967034,2.6664253423080426,0.28141372135656656,0.2616776054897768
2012,2,0,51,3610.5,30006.264157341473,13.097077967040576,14.5488162881522,10.309161444092227,10.185618984386542,2.6775096355418513,2.5487945962378618,0.25173721806124644,0.2680086692848515
2012,2,0,52,21197.0,26393.96946931907,13.8203519365948,12.542036081357704,10.180890833848027,9.951972953878734,2.529085888959117,2.318727961653589,0.4635012149863128,0.43955240030179854
2012,2,0,53,253143.5,33103.75323158177,13.997045154230703,16.520453037175503,10.407401945619146,10.306120573672514,2.804599191274652,2.7079902958922397,0.1937321260600259,0.18146948344079256
2012,2,0,54,91414.5,24428.864110170645,12.563160111360888,12.069448176245098,10.103520667475808,9.983243278858012,2.4906773154433592,2.3849368726740168,0.2510799915717041,0.22673682154811114
2012,2,0,55,6639.5,52157.27553174217,13.485654040213872,24.155255896295312,10.862018962332632,10.73496827384884,3.184501991876784,3.0635154346157276,0.28276734355806177,0.26669787255496014
2012,2,0,56,14516.0,29856.551175195866,11.972857536511436,13.90027933038062,10.30415956459657,10.153839608046566,2.631908935645566,2.494927615550012,0.27472119793501426,0.24330137718972264
2012,2,0,57,5249.5,28220.5532936871,11.56814934755691,13.504441647876432,10.24780583165284,10.166861361826845,2.6030186422859583,2.5245703984549808,0.16965919272268132,0.16278841707587224
2012,2,0,58,40260.0,29118.354036923247,11.612121212121211,13.68127183263976,10.279123977255805,10.179584670309353,2.616027878095146,2.526427473657235,0.21613327243316988,0.19991248392243047
2012,2,0,59,26046.0,30433.70409039548,13.027912155417338,14.828617591448422,10.323305960438622,10.220886118561934,2.6965589347750876,2.5973190730581934,0.20463126803629347,0.19609243731231737
2012,2,0,60,108018.0,21815.53624331771,11.673517376733507,10.81600020480732,9.990377666659109,9.873489028959089,2.381026538236196,2.2748824772178735,0.22315660277117796,0.206118196494272
2012,2,0,61,251730.5,29508.085594563556,11.937278160572516,14.034406499068055,10.292419592723977,10.151795200800862,2.6415119217140206,2.5151930283980644,0.2724774825818875,0.24260270000310669
2012,2,0,62,185225.0,29017.424748581743,12.045226076393575,13.80402056026883,10.275651781927852,10.167648207787835,2.624959894677478,2.5242089125990765,0.22343816092673272,0.20815438489086655
2012,2,0,63,123692.5,35376.62275997634,12.87027911959092,16.534576065213983,10.473806506966937,10.324344988722139,2.805453707472724,2.668938723334462,0.29018249952727543,0.2632471509136085
2012,2,0,64,234616.0,32526.420507119034,13.902892385856036,15.02071091796264,10.389807976742738,10.211552535008165,2.7094299766381718,2.5500721688125383,0.3379150950854533,0.30763200625851456
2012,2,0,65,9726.0,48068.57096607097,12.973987250668312,20.87158439092085,10.780383832259533,10.632150794469744,3.038388635357565,2.9163858238952245,0.32142704680097084,0.2644185612666137
2012,2,0,66,270356.0,26045.65154283493,12.329380520498898,12.731870254167077,10.167606105909204,10.030323340354231,2.544108318837533,2.415971459049797,0.26916513648459156,0.24875282879152658
2012,3,0,0,2100691.0,,12.53897503250121,,,,,,,
2012,3,0,1,317158.0,74323.95371852616,15.214164548899918,31.550288456182628,11.216188570653541,10.991499617468692,3.4515827317721346,3.2386982323336087,0.4481555409095095,0.4328778253282429
2012,3,0,2,186824.0,62450.974086599184,15.234969811159166,28.317422907054763,11.042137113295956,10.870813783620108,3.3434772656401783,3.178605513771203,0.3369341768593295,0.3306008526660554
2012,3,0,3,2962.5,71113.20383339477,16.609620253164557,31.87260406745829,11.172028306473727,11.035881809066654,3.461746834142334,3.3461621017749605,0.2569653575053769,0.24071528217391083
2012,3,0,4,46299.0,82666.4815091605,16.114386919803884,37.017693080809664,11.322569496667958,11.200496470422793,3.6113959897203998,3.4856209350879066,0.2503375866712454,0.26225387707463277
2012,3,0,5,108650.0,66977.63022900153,14.99625402669121,30.866335669464963,11.112113965444626,10.99180013319026,3.429666129475068,3.3119813363819177,0.25406949014797325,0.2529770044194718
2012,3,0,6,8486.0,66453.67331798414,17.472425170869666,30.64790249901618,11.104260342041442,10.972434358294688,3.422564226076927,3.2923868818086106,0.28489419355289386,0.2786884613303013
2012,3,0,7,20363.5,193333.0946038431,18.890023817123776,74.00188526348492,12.172169859046022,11.87880428845478,4.304090569413228,3.9845176830018887,0.685042998090275,0.7425870869182213
2012,3,0,8,27832.5,72436.46761085687,15.983616275936406,34.161929272798325,11.19046514784397,11.050891800502077,3.5311118448665075,3.4010030873487063,0.2773836315554584,0.266143293092752
2012,3,0,9,13263.5,71426.87973541793,15.880499114110153,33.253759708388976,11.176429544364403,10.93314561127757,3.504167834645998,3.2669924506175057,0.4740710010101196,0.4671770567427402
2012,3,0,10,20554.5,67187.4041520791,19.61171519618575,29.518178182777014,11.115241070729395,10.923397230443818,3.3850062831522676,3.2003536727334225,0.39111961664044737,0.379736861003965
2012,3,0,11,129493.0,46910.32336839403,16.39623763446673,21.690213047757048,10.755993044677428,10.63838182399962,3.0768611471859817,2.961056913574417,0.2510553921215735,0.24480213933668818
2012,3,0,12,1263.0,43702.16547406082,16.70942201108472,20.829484664903344,10.685152933038133,10.618682452891907,3.0363695149237944,2.967262332627808,0.1276354014614202,0.13868255650732483
2012,3,0,13,9412.5,77555.88033416121,16.783638778220453,35.40121568072916,11.258753992089279,11.052374859542383,3.566746160813617,3.3773768360380836,0.4142986484436019,0.39074700721451655
2012,3,0,14,54977.0,46722.50902755135,16.037852192735144,20.96992594523299,10.751981319560798,10.586095358167775,3.04308931344517,2.8833475298327427,0.32163621953240407,0.3112612225748337
2012,3,0,15,16870.0,127168.61508642603,18.7778304682869,49.43908829328731,11.753269162701708,11.537055532630351,3.900741372309649,3.707142666953246,0.454329196268099,0.41725369929849837
2012,3,0,16,54305.0,55005.721734345265,15.693895589724702,24.632573868466142,10.915192490337253,10.648743179185354,3.2040697080313154,2.956531542099892,0.5700148517281676,0.5414670673257924
2012,3,0,17,44006.0,51640.332863710515,13.972640094532563,24.1260900677762,10.852058290790124,10.701512986698972,3.1832938303608027,3.03609699256339,0.276912070045562,0.27271474840396215
2012,3,0,18,30452.0,55122.21598546776,13.795481413371864,25.396224594679232,10.917308107808811,10.798900497242514,3.2346005249720133,3.1152953475420198,0.2576067346228589,0.2565079664391362
2012,3,0,19,5090.0,56656.173717371734,13.637721021611002,26.573403629818873,10.944756240524825,10.85621215734543,3.2799108520500124,3.1946506811026905,0.18441533442329514,0.1741860026267729
2012,3,0,20,55142.5,76955.85326193945,15.550129210681416,35.403855145561906,11.25098720215636,11.114135104162704,3.566820716627294,3.4253429241601294,0.2778058713480958,0.28357039359678377
2012,3,0,21,333167.5,47319.965633504326,14.018222065477575,21.007048854723756,10.764687591834754,10.523573528414778,3.0448580411510426,2.8253714148135995,0.46281192774367186,0.4173457172999407
2012,3,0,22,15332.0,43397.71351430239,14.484476911035742,20.36853086555206,10.678162034698396,10.534499644444171,3.0139911051808213,2.8821846543931615,0.31528074533041694,0.29202228739133973
2012,3,0,23,18360.5,37750.137706151625,13.975926581520111,17.815430814273352,10.538744402515594,10.368384108708618,2.880064981435813,2.7203363305158215,0.3204243973553532,0.30262249056501545
2012,3,0,24,14615.5,38831.60609480813,13.987410625705586,18.58505913790139,10.566989784085312,10.474798577132896,2.9223579857673645,2.828236458104584,0.19013774618959214,0.19922976134638098
2012,3,0,25,20919.5,42803.68489666137,13.725710461531108,20.01562814958903,10.664379473580253,10.483740475724002,2.9965133758935667,2.835560132600402,0.31197938010190773,0.2851853830011401
2012,3,0,26,7589.5,47277.21796509153,12.987153303906712,22.84933415280685,10.763783808662858,10.679502302454875,3.1289219769947123,3.0441577303073433,0.16812093607274925,0.17198423570048038
2012,3,0,27,6379.0,43376.054672145794,13.892459633171343,20.63599333107972,10.677662832161523,10.58937031685194,3.0270368002131187,2.943196720500512,0.1842537942557192,0.177548964774822
2012,3,0,28,61626.5,46414.950872875765,13.188871670466439,21.498444177167418,10.745376903401409,10.630500331418691,3.067980568662549,2.958668196473214,0.25502945993912,0.24319207685382588
2012,3,0,29,159360.0,35393.40839412278,13.154587098393574,16.70882514804289,10.474280878227978,10.312090437125162,2.815937031819751,2.66674619950427,0.31231308886122283,0.28407592777222923
2012,3,0,30,95707.0,38851.88562691871,14.105342346954767,18.314104158634716,10.56751189070338,10.425151386438497,2.907671482047041,2.778608567393671,0.28442533422010546,0.25891144452489767
2012,3,0,31,42214.0,40674.93098832852,14.10882645567821,19.450982494462238,10.61336723542516,10.489575787187054,2.9678975826427734,2.85031240837309,0.25702171823876974,0.2506692193100373
2012,3,0,32,25871.5,26201.935011876485,12.473764567187832,12.972890959533547,10.173588542437145,10.047580648581558,2.56286186936844,2.4410098532454265,0.25862062817233783,0.24480735259329717
2012,3,0,33,21009.0,62856.48152373394,13.540387452996335,24.499019105403317,11.04860933557046,10.94050770431677,3.1986330802350484,3.0824682419294307,0.23415312911247527,0.24568122655788274
2012,3,0,34,121082.0,56762.35825542507,13.866561503774301,25.768940282006042,10.946628678251361,10.822120622660913,3.2491699016614217,3.12545260579283,0.2711015123513879,0.2744574710603661
2012,3,0,35,131319.0,38258.685740759065,13.419634630175375,18.23395110638079,10.552125891666112,10.390173696051482,2.9032853017058304,2.7451277270759515,0.32200048287909155,0.3128534194631966
2012,3,0,36,219753.5,24794.245626780135,13.058126491728231,12.038128987410895,10.118366874051455,9.97035710897323,2.488079028088185,2.3569111141081946,0.3013095846506253,0.2683046465236611
2012,3,0,37,96738.5,31692.91098491787,13.545403329594732,14.965328155198929,10.36384830662082,10.217676713789803,2.7057360692432564,2.565085372506948,0.2902101241607869,0.28639968557844836
2012,3,0,38,177385.0,29652.93967939408,12.730850973870394,14.220409826549172,10.297316545527893,10.163876910726467,2.654678244392225,2.5287197015555214,0.27510268878444666,0.25952417314067877
2012,3,0,39,85783.0,35328.42256185525,13.874788711049975,16.478574817107432,10.472443090668474,10.299185375956881,2.802061041197302,2.6294382661519697,0.3774685658861694,0.3782580888454924
2012,3,0,40,3068.5,60061.80447172293,13.299983705393515,25.16295465384069,11.003129385570226,10.462853312819986,3.2253728595097044,2.6950615090984034,0.8388537379708922,0.8379594804365265
2012,3,0,41,15244.0,28187.262555566063,11.43774599842561,12.739235296364845,10.246625472460234,10.008103076623486,2.5446866245093003,2.3148852254096446,0.37738943473297454,0.3941471952810036
2012,3,0,42,62557.0,26244.058683216645,12.518966702367441,12.549655119453421,10.175194906524478,10.00995475683259,2.529693184678557,2.3686882386356705,0.33210949952304725,0.3249652393343339
2012,3,0,43,4464.5,31744.57909765848,11.98969649456826,13.992243956185149,10.36547725266198,10.21458906291855,2.638503172969191,2.4730367166856917,0.3149036373370158,0.32919191958668376
2012,3,0,44,113942.0,42893.74789236182,12.808314756630567,19.50814313120358,10.66648135752069,10.537348834848725,2.9708319748725396,2.8430496170852573,0.27691331609378983,0.2802879378982318
2012,3,0,45,64690.0,47838.60733756215,13.408440253516773,22.007343951541564,10.775588277363873,10.634961356553047,3.0913762136333203,2.952175263464194,0.30247414035273595,0.2968642859727831
2012,3,0,46,50775.5,41863.588770864946,12.593376726964776,19.56440984725648,10.642171725026179,10.516177552835302,2.9737120915098436,2.852355851975401,0.27270238287048465,0.26415237952991527
2012,3,0,47,265797.5,40880.51077028184,12.489590759882994,18.991678093311563,10.618408719180204,10.438365610806432,2.944000888129709,2.7675478499613457,0.3780345002787476,0.36856817750928583
2012,3,0,48,6749.0,48970.99113409679,12.132167728552378,18.7244590462289,10.798983384109613,10.658190466945095,2.929830639599002,2.7790948401136033,0.3080845314519607,0.3114066662183093
2012,3,0,49,42244.0,51709.70438787515,12.958692358678155,22.599853912279134,10.853400748643606,10.725952287674254,3.1179434421989027,3.001092679821464,0.25401442792282924,0.23154017274997643
2012,3,0,50,15453.0,39723.908851197266,12.477641881835241,18.2506590122134,10.589708523468136,10.476263949285523,2.904201189634809,2.805896818727087,0.24085883520470627,0.20579118927972156
2012,3,0,51,1707.0,36705.808482438704,11.304042179261863,17.519368482947428,10.51069029079566,10.247368335883534,2.863307039364723,2.6252244005352843,0.48122590582614605,0.43797775245962933
2012,3,0,52,2222.5,29137.41145281018,12.286614173228346,14.247618503813273,10.279778244396802,10.130837703236379,2.6565897702087122,2.524161329831792,0.35101793154677935,0.30141646605682026
2012,3,0,53,16069.5,43988.264658090724,13.559040418183516,20.990179347217122,10.691678165010224,10.480528039583703,3.0440546782084787,2.8412129187304984,0.3118941792535796,0.29804250900636886
2012,3,0,54,26076.5,31709.762937277796,12.21475274672598,15.152420613542084,10.364379891543482,10.230762292267746,2.718160295663902,2.5930889593206063,0.25754434706351503,0.24289018376579918
2012,3,0,55,18028.5,53323.101949634445,12.915994120420445,24.298310901333732,10.884124948700151,10.753359531934908,3.190406837697375,3.0658307732307675,0.2851777996142017,0.2714763411314004
2012,3,0,56,9692.0,35075.640699126096,12.661782913743293,16.112970647234448,10.465262171350547,10.359745806693217,2.7796245779075566,2.672598325057184,0.22259991011137933,0.22809150326897698
2012,3,0,57,4803.0,34781.16494585747,12.371850926504267,15.740956548778694,10.456831282052844,10.312997226036993,2.7562660129838097,2.625895426619439,0.2871352015505662,0.2607598670566035
2012,3,0,58,26740.5,35187.054959321445,12.248387277724799,16.198955853587517,10.4684335371096,10.341931902990408,2.7849467866788715,2.663961595025376,0.26765754587395585,0.2542752244990943
2012,3,0,59,9551.0,39983.07495601173,12.747984504240394,19.146228627934832,10.59621151745326,10.442259350089026,2.9521057577426815,2.7986662482828892,0.31493331816891235,0.31547485485460597
2012,3,0,60,17806.0,28632.625518601646,12.362630573963832,13.686217351421275,10.262302099042989,10.120575694028686,2.6163892937005078,2.4775338960541116,0.24131619228722095,0.2326805238523491
2012,3,0,61,134568.5,38523.13701427938,12.399030976788772,17.70411067767943,10.559014301180735,10.396424341769205,2.8737968542926637,2.7233314122793386,0.3398413469830057,0.31482979205742906
2012,3,0,62,88861.5,37675.493512980785,12.319328393061111,17.344547849711144,10.53676512262538,10.393778571131007,2.8532782120341493,2.7159239541817515,0.3046097904988427,0.29140858781081946
2012,3,0,63,28506.5,41926.86974181613,13.174433901040114,19.407490461328855,10.643682182997305,10.504043826397092,2.9656590978035084,2.8255861113323317,0.30939358372036,0.3076174547172565
2012,3,0,64,469250.0,40104.82536401089,12.6813915823122,17.40666949796272,10.599251939322299,10.4459877116365,2.8568534372587036,2.7132912171346644,0.318294481499399,0.3042188213520813
2012,3,0,65,37982.5,47699.12979202465,12.410715461067596,20.79504322105444,10.77266843335624,10.62470470784153,3.0347146516276484,2.8864554739553903,0.34212260965734514,0.34776110686632433
2012,3,0,66,227300.5,31676.847762898957,12.754886152912114,15.05912335542432,10.363341338543922,10.203206544034035,2.711984010546285,2.5598406224028656,0.3280659992515048,0.3099646068277722
2012,4,0,0,2140887.5,,13.78090161206509,,,,,,,
2012,4,0,1,394764.5,60087.22163206442,15.392572027119966,27.12664607468887,11.003552479481927,10.825553358998832,3.3005164948005334,3.1309072885834195,0.37542471640260344,0.3602331182255348
2012,4,0,2,351700.0,53591.745869841376,15.268757463747512,25.338702730733058,10.889150340234805,10.759816939146356,3.232332979057373,3.10747253306071,0.26012197723842445,0.2530412622834034
2012,4,0,3,745.5,82988.14434523809,17.51307847082495,33.89227627146812,11.326453037362244,11.048700452494735,3.5231871498274874,3.370165967529555,0.40476348485262237,0.28377798918904534
2012,4,0,4,11349.0,72461.26004382761,16.48162833729844,33.81231812585262,11.190807353806948,11.097548676755425,3.520825177689539,3.4288410089440373,0.1958511943302587,0.195849285275852
2012,4,0,5,66809.0,60670.013194825304,15.333353290724304,28.555894190130125,11.01320483842149,10.887222994157273,3.3518633662870165,3.228080187768022,0.2578269749008171,0.2605916972363641
2012,4,0,6,10241.0,66138.673676345,18.041499853529928,31.32132525147789,11.099508933059012,10.975295461843555,3.444299183492999,3.3258724812061784,0.2614371815780473,0.2501078596665691
2012,4,0,7,22225.0,140478.6427958184,19.032170978627672,56.78813549017859,11.852810747630777,11.578674146197917,4.039327421693011,3.743259053228761,0.5529288383897375,0.610702884260558
2012,4,0,8,211342.0,64368.012565548626,15.844119957225729,31.205559739461496,11.072372089403766,10.939799798051183,3.4405962757178887,3.3081042474070435,0.2934176439060579,0.2937800099134917
2012,4,0,9,35777.5,54977.19297173906,16.813667807979876,26.490457129927652,10.914673704972776,10.795343617754115,3.276784559832994,3.1593834294625838,0.24954413118250643,0.2460256475102323
2012,4,0,10,29052.0,55806.83789855699,19.37911331405755,25.758162997004423,10.929651683846517,10.787294020464985,3.2487515864652257,3.1112384188686337,0.3228500131985624,0.3084646728793095
2012,4,0,11,431368.0,39810.171407374306,16.256361157990394,19.13524525476704,10.591877721621223,10.431647318010883,2.9515319358724565,2.7966594995470446,0.3523645995189597,0.335979587565131
2012,4,0,12,5555.5,48249.15322245322,17.783637836378364,23.302816813502638,10.784133556819416,10.686159354937285,3.148574246548026,3.0583197222888834,0.21331675791877452,0.19525807686348548
2012,4,0,13,13567.0,61316.66341624659,17.911328959976412,28.24277918680218,11.023806918854424,10.865397386451463,3.3408378209131757,3.1954692460106817,0.34855589090115274,0.33572441334966313
2012,4,0,14,123878.0,41447.29117691887,16.242528939763314,19.942481686747726,10.632177806845759,10.529593366704335,2.9928522144999916,2.8912162123424405,0.2120529149943278,0.21356210520860863
2012,4,0,15,24970.0,97364.80519197207,18.76868241890268,41.98037568318282,11.48622008133228,11.300444468361224,3.7372022634516058,3.565260006898139,0.3912360685510727,0.3637717678606885
2012,4,0,16,34291.0,53552.85859912229,16.378175031349333,25.076528924349955,10.88842445632083,10.668356676864773,3.221932306041,3.010273068647667,0.4667895732933989,0.4665223192584459
2012,4,0,17,165331.0,42208.50763316708,13.776660154477987,20.553283732140223,10.650377082386697,10.521880454285073,3.02302072049507,2.893799129205879,0.2538688479756376,0.2545669526000455
2012,4,0,18,11466.0,46175.56785508913,14.193005407291121,22.07712754470671,10.74020610288222,10.61777826529377,3.09454211986212,2.9733315708704273,0.28205768680623555,0.2700420322242395
2012,4,0,19,4113.0,47563.36300777874,14.084852905421833,22.26673441337117,10.769818059149625,10.678415569044288,3.1030938343865313,3.0070064953157774,0.19304424997283917,0.20220748537766345
2012,4,0,20,53550.5,59381.380349825085,15.346187243816585,28.357058763375345,10.991735994087058,10.86342811116351,3.344875985544247,3.2191636172448868,0.2725404677208665,0.26894103927252133
2012,4,0,21,441862.5,32872.15062936549,14.240432261167218,15.75225283688719,10.400381092852744,10.169084104872066,2.7569833923054667,2.5578865276262555,0.4436860116551551,0.38128360221869023
2012,4,0,22,218696.5,37280.955962523905,13.98678076695329,18.230229877488814,10.52623791124232,10.423855051499238,2.9030811984568614,2.803487155362418,0.21074792502488665,0.20684823252832943
2012,4,0,23,109935.5,30617.196326187383,13.874590100558963,15.017097874571565,10.329317101537686,10.224986380563628,2.7091894102617458,2.6100568578815957,0.21832047397036825,0.20926515163312237
2012,4,0,24,46223.0,35083.791826497494,13.985440148843649,17.123866599593597,10.465494531479889,10.367980467131048,2.8404731979926963,2.744421710190054,0.2045356622196381,0.2007542006585575
2012,4,0,25,113263.0,37220.989559040216,13.491766949489241,18.103363927243247,10.524628116598334,10.420466196443252,2.8960977733372557,2.794704780249093,0.20567750043274252,0.19988498053288817
2012,4,0,26,11360.0,44662.326338711275,13.296654929577464,21.843554834558223,10.706885614022092,10.637465249081597,3.0839059047816706,3.0153818504677865,0.1627902605780036,0.15641992737686095
2012,4,0,27,14373.0,34440.32969984202,13.552007235789327,16.823096890020146,10.446983531661989,10.334060648819273,2.8227527570986792,2.714633046523251,0.23069909704101726,0.21971012536044127
2012,4,0,28,38681.5,43998.06529408363,13.372516577692178,20.96795575926643,10.691900941344656,10.592490684003781,3.0429953561021694,2.9480665265690633,0.2524489381797561,0.23959365277875808
2012,4,0,29,101545.5,33132.88083252885,13.472866842942326,15.912166342002926,10.408281446917368,10.267606433570105,2.767083995368506,2.638478778114471,0.27101130947205904,0.25030081023792233
2012,4,0,30,289662.5,35590.3987290999,13.990747853104907,17.25391530271856,10.47983118184412,10.37073723974427,2.8480390917932925,2.7455204323006805,0.2183858299123565,0.20317384625565346
2012,4,0,31,188199.0,34758.678625258406,13.898410724817879,17.03887596556453,10.456184564423697,10.358266672744891,2.8354975547632435,2.739354170890059,0.20172913021739325,0.19776987984492772
2012,4,0,32,114570.5,21149.162094087085,12.482803164863556,10.566152922926856,9.95935556638879,9.816881651066016,2.3576557717517996,2.228801635192691,0.25804679573947575,0.2377551905983581
2012,4,0,33,1082.0,68856.7986381323,14.391866913123845,27.014846215452202,11.139784244933654,11.060150923493115,3.296386574718368,3.1794422707706986,0.1509969599347113,0.2312407625827853
2012,4,0,34,75772.0,49195.87676981772,14.005516549648947,23.05444450723901,10.803565093477014,10.676654905418838,3.137858571125891,3.0079315090169194,0.26418773540105617,0.27549185041458635
2012,4,0,35,65381.0,33072.03562612829,13.534696624401585,16.070117970376476,10.406443359150297,10.221641054647653,2.776961520753993,2.602549933016782,0.35947372500735886,0.3364695547322377
2012,4,0,36,224422.5,20835.219894986858,13.284029007786652,10.55560008610221,9.9444000979159,9.807219835677904,2.35665653293879,2.2298931267952806,0.2611488808462168,0.241172091581729
2012,4,0,37,617608.0,26783.84681552704,13.396087809743397,13.060342887839246,10.195554254019823,10.069246805294387,2.5695803783152145,2.4501062082498164,0.2531193027932984,0.2405999350872278
2012,4,0,38,77579.0,23851.438525825022,12.706570076953815,11.660126835225483,10.079599810045798,9.952693566045609,2.4561750586698285,2.335017169961507,0.25995739596481476,0.24687419345267053
2012,4,0,39,243740.0,28235.7209364329,14.157446459341921,13.358891661092436,10.24834315521227,10.049049466476218,2.592182205168101,2.400832465661098,0.44097083651970587,0.42536539787252103
2012,4,0,40,596.0,26026.341911764706,11.911073825503356,10.792292390676106,10.166864454565582,10.086406140300246,2.378832211818285,2.252366179216954,0.14707688610842876,0.22981305197877516
2012,4,0,41,1925.0,21094.941022280473,10.839480519480519,10.343422727691081,9.95678852873943,9.793195768347989,2.336350832457804,2.1703256482278617,0.33520550694637247,0.3444830795790368
2012,4,0,42,7082.0,29187.704395604396,13.035724371646427,13.862271356582642,10.281502817233994,10.092078877007648,2.629170858876452,2.446715219728744,0.3754936308789762,0.362470718256345
2012,4,0,43,420.5,25601.734375,13.22473246135553,11.85075144469738,10.15041537719623,10.02533948450491,2.4723912786252487,2.337227243241324,0.25177556705566817,0.2683604921969909
2012,4,0,44,6959.5,46702.11832494725,13.397945254687837,21.033755605047816,10.751544802905485,10.568039829041894,3.046128556987253,2.8899981714939615,0.4014979936113141,0.3352411917415185
2012,4,0,45,6583.0,52128.20273270709,13.829409084004253,24.59524331308653,10.861461400526865,10.740202716300734,3.202553062984974,3.082535992923341,0.24378442846357615,0.25213863121315766
2012,4,0,46,4415.0,41862.34367306745,12.932049830124575,20.066360607691905,10.642141982800293,10.498783762126026,2.999044811421974,2.8664411113930277,0.2883011273518528,0.27696921083794135
2012,4,0,47,10220.5,37590.801844974245,13.051220586077003,17.56064135233942,10.53451466766815,10.377445310818764,2.8656601110217483,2.726950624310405,0.3450509278816791,0.30574172039122255
2012,4,0,48,229.0,32114.4192139738,13.034934497816593,15.742362393041885,10.377060404956476,10.258647370479663,2.756355320230401,2.63794228177719,0.2512518695507025,0.2512518797919559
2012,4,0,49,15566.0,42699.746394726,13.222600539637671,19.3665739989284,10.661948259965495,10.508432789649724,2.9635485902692755,2.8179781341857417,0.31068779539482744,0.28968477630937056
2012,4,0,50,1494.5,32312.563535911602,12.419538307126128,15.303735487651148,10.383211397543988,10.257067740294454,2.728096948118429,2.5896610954223545,0.2583201513823845,0.2778491379724898
2012,4,0,51,416.5,21754.69230769231,11.959183673469388,10.971582081336875,9.987584751533376,9.971946372357381,2.395308482788946,2.370243111374677,0.02881421633856975,0.04889164059152626
2012,4,0,52,1246.0,27329.158959537574,13.376404494382022,13.456128569237299,10.215709504922714,10.08947229447514,2.5994346579736867,2.451280082771476,0.2788103585045558,0.3336695123596036
2012,4,0,53,40152.0,34652.48313056213,13.833657103008568,17.034298069321036,10.45312466527005,10.340704720175937,2.83522884505828,2.7285058609122395,0.2277879596035243,0.21414259128445856
2012,4,0,54,19073.0,23910.19169886576,12.367849840088082,11.725302175395019,10.082060077938664,9.97062510276173,2.461749085888955,2.3589579432426135,0.22915968814405913,0.21260416311805552
2012,4,0,55,1867.0,46366.6652006597,13.499196572040708,21.78266151086389,10.744336057625732,10.65046492920822,3.0811143098032137,2.984495217598362,0.19117344961779825,0.19456006425779418
2012,4,0,56,2753.0,30450.297274633125,12.105702869596804,14.187171437205508,10.32385103580412,10.153048951611643,2.652338136362391,2.4776768739630417,0.31833755813999076,0.3156286763067545
2012,4,0,57,1092.0,26043.647361647363,12.37087912087912,12.241307711509204,10.167529154165537,10.139398422846433,2.5048161105528703,2.474088030958135,0.05371945482310713,0.06103354264170668
2012,4,0,58,10639.0,32165.113120683985,12.334523921421185,15.094513138566482,10.37863770072634,10.219065448135904,2.7143313094797628,2.5600388386524027,0.3133610209614986,0.29661711159246623
2012,4,0,59,4451.0,29523.742392986074,12.843855313412716,14.390187161555298,10.292950045509311,10.179192597479567,2.6665465271771196,2.567057645051285,0.22510401832427698,0.19027355669066326
2012,4,0,60,25952.0,23397.28200499861,11.983161220715166,11.547548972212981,10.060375140966899,9.883750253976192,2.4464732042500223,2.2869969639189955,0.28544682707006896,0.2578953465196312
2012,4,0,61,67340.0,29972.795801355212,12.55093555093555,14.346533617403047,10.30804544262495,10.146733807128863,2.6635083532625172,2.511028448937692,0.3115697998440991,0.29602519928947074
2012,4,0,62,48554.5,31224.899765590664,12.526748293155114,14.896522680792241,10.348971124919473,10.218483964603022,2.7011278085866963,2.5696798001355567,0.25743292674058493,0.2598358147664172
2012,4,0,63,29826.0,32020.473747980614,12.910111982833769,15.118801917513661,10.374130781818538,10.220766913630436,2.7159391293521917,2.574776768357238,0.2978344214820407,0.2764236861514469
2012,4,0,64,89778.5,31541.923935718703,13.409569106189121,15.04643584431047,10.359072858520872,10.211217413958288,2.7111411421723206,2.5791641300791954,0.31490912911440433,0.2899924308345029
2012,4,0,65,3515.5,49887.41881127451,12.772863035130138,22.732220773019044,10.817524121919424,10.696330008703935,3.1237833353804576,3.0101135072853413,0.27008876173863405,0.25984439543175003
2012,4,0,66,66401.0,28823.853779264213,12.92412764867999,14.135980759364136,10.268958579533582,10.094761853503867,2.648723373907537,2.4832481738255883,0.2968540959150861,0.2810779653690989
2012,0,1,0,7610209.5,,12.65029826051438,,,,,,,
2012,0,1,1,1965792.0,58359.36991574666,15.046718828848627,,10.974375206069643,10.793305476351362,,,0.3522789765302938,
2012,0,1,2,1321484.0,57239.57090929537,15.473673536720838,,10.955000737298743,10.797573045187209,,,0.29040926497622055,
2012,0,1,3,31583.0,56816.1356268842,16.73189690656366,,10.947575642304848,10.836760396550789,,,0.2291068195200305,
2012,0,1,4,309880.5,70647.47722990326,16.296417489967908,,11.165457679476589,11.08916672449731,,,0.16333754989774463,
2012,0,1,5,480136.5,57290.94361261766,15.079036898881881,,10.955897838075458,10.839675574589194,,,0.23886311924578973,
2012,0,1,6,142063.5,53677.451038758736,17.470131314517804,,10.890748286143307,10.778763007435613,,,0.22771723867853447,
2012,0,1,7,168380.0,94682.82537030004,18.866789404917448,,11.458287904440601,11.194903348337077,,,0.4692326439283067,
2012,0,1,8,567593.5,59427.37152776357,15.722266023130992,,10.99251019934566,10.89064447929533,,,0.209187479795496,
2012,0,1,9,219388.5,56521.99736525226,17.171823044507804,,10.942385175262027,10.837815372983435,,,0.22801972427072764,
2012,0,1,10,203566.0,40540.830178827826,17.837811815332618,,10.610064897813778,10.453084607767597,,,0.3148621125789263,
2012,0,1,11,1549002.5,39736.811774636175,16.553958434540938,,10.590033285777128,10.492394801091901,,,0.22114630467817353,
2012,0,1,12,24182.0,38860.33109151597,17.662786370027295,,10.5677292430062,10.487221525084447,,,0.1818710251995457,
2012,0,1,13,114646.5,57373.1865069267,16.938140283392865,,10.957332339140901,10.827566248424363,,,0.2638240312441215,
2012,0,1,14,309419.0,37265.96678270852,16.039950681761624,,10.525835770430456,10.43544036894264,,,0.19050128161582006,
2012,0,1,15,192985.5,104600.54517921762,18.840716012342895,,11.557904042637785,11.341882581282539,,,0.43407339900757613,
2012,0,1,16,484995.0,48234.05365501048,15.310119691955586,,10.783820557945216,10.589791458191614,,,0.4038262956970065,
2012,0,1,17,400491.5,41756.6371190488,13.947795396406665,,10.639613690555496,10.529266218895978,,,0.22381084010147503,
2012,0,1,18,149369.0,46110.43333978103,14.181456661020693,,10.738794523113238,10.633576317484263,,,0.2106204154742359,
2012,0,1,19,30147.0,45739.93270339645,14.523733704846252,,10.730726996290086,10.62866387385211,,,0.19841098585067293,
2012,0,1,20,414843.5,63847.0235935585,15.37107487522403,,11.06424524476817,10.919768905413934,,,0.2990448925737782,
2012,0,1,21,2457982.5,44762.61716494392,13.759705571540888,,10.70912863178316,10.454743881680802,,,0.4756369256781251,
2012,0,1,22,497017.0,32299.231079582074,13.857510910089594,,10.382798703341695,10.288430232476967,,,0.19405153123150642,
2012,0,1,23,305995.5,28985.67542037425,13.39275740983119,,10.27455703591304,10.152524717694686,,,0.2300601476349923,
2012,0,1,24,117367.5,33101.16118537305,13.926082603787249,,10.407323641878921,10.297551320570195,,,0.21695758616848468,
2012,0,1,25,278462.5,33561.018389581455,13.520834941868294,,10.42112050545987,10.328948472019997,,,0.17608468799596366,
2012,0,1,26,9959.0,31442.383482714467,13.156441409780099,,10.355912054188579,10.273129409996942,,,0.17908177020873867,
2012,0,1,27,33618.0,34764.121685369166,13.695074067463858,,10.456341147878263,10.35080591060744,,,0.20187087348763133,
2012,0,1,28,81496.5,40051.56182952425,12.892228500610456,,10.597922948728009,10.46214842204103,,,0.279101952311234,
2012,0,1,29,528592.5,31912.35263448389,12.90374248594144,,10.370748443739904,10.24383119048038,,,0.2476133620912032,
2012,0,1,30,741039.5,34451.285861775206,13.764678536029455,,10.447301601195887,10.32630602740307,,,0.24263587747378187,
2012,0,1,31,467090.5,32450.05077968305,13.830532841066132,,10.387457286990273,10.280137342561638,,,0.20483174018231132,
2012,0,1,32,152363.0,19175.079205471047,11.27522101822621,,9.861366756890344,9.717594155467927,,,0.27371617996475645,
2012,0,1,33,88153.5,57236.82791532113,13.705893696790257,,10.954952814862276,10.869064109384798,,,0.17782134534299546,
2012,0,1,34,346462.0,51418.94699034389,14.065190410492349,,10.847762002009333,10.7495846420421,,,0.20662825163929813,
2012,0,1,35,213610.0,34512.513646947096,13.183540096437433,,10.449077251658748,10.296234979037546,,,0.30256940820015693,
2012,0,1,36,1336223.5,22560.04956261159,12.519206180702554,,10.023935902533855,9.893150036509487,,,0.26237445924063635,
2012,0,1,37,797772.5,25783.735534882682,12.887105033076473,,10.157499166495832,10.046920668772081,,,0.2194489163228435,
2012,0,1,38,295846.5,27448.470685019987,11.909495295702332,,10.220065732635936,10.071378712406709,,,0.29242854084079783,
2012,0,1,39,626772.5,27650.649885645544,13.435775341132548,,10.227404510675914,10.042797457560384,,,0.394315907623726,
2012,0,1,40,68777.5,49095.40457494025,12.96889244302279,,10.801520716224092,10.433833440078812,,,0.7288239950963371,
2012,0,1,41,153973.5,25489.395351913085,10.356288582126146,,10.146017776096782,10.010334617126025,,,0.26719273041838504,
2012,0,1,42,308027.5,27107.275851748393,11.624874402447833,,10.207557452447386,10.045679619301767,,,0.32905039485056353,
2012,0,1,43,25199.0,37000.06454451346,12.186812968768601,,10.51867493607115,10.351869183006256,,,0.33013241996216997,
2012,0,1,44,432395.5,41257.561310022444,12.487708590861839,,10.627589679450006,10.500791736852115,,,0.27025111540291497,
2012,0,1,45,228726.5,41839.291279559766,12.9251923148389,,10.641591159770288,10.526495781075393,,,0.24639090676444825,
2012,0,1,46,150265.0,41153.44996061107,12.569896516154794,,10.625063041244927,10.491934277879034,,,0.2756041689843016,
2012,0,1,47,1317319.0,39112.52950176768,11.808579015409327,,10.574198142256627,10.403874043599364,,,0.35095710936149166,
2012,0,1,48,57913.0,56371.07408510005,12.124350318581321,,10.939711435091361,10.797589197928437,,,0.31555814009763994,
2012,0,1,49,113481.0,45740.49906876188,13.021823036455443,,10.73073937850898,10.61253402784544,,,0.24526012934591435,
2012,0,1,50,58009.5,40567.995205466155,12.50302967617373,,10.61073473928973,10.503259338218468,,,0.23243004088519992,
2012,0,1,51,11273.5,29904.60449749547,12.13114826806227,,10.305767744094277,10.188417271914043,,,0.24351547881236965,
2012,0,1,52,9553.5,26173.134079633634,12.109698016433768,,10.172488746841818,10.011608703210785,,,0.3581403569093966,
2012,0,1,53,168809.0,32273.865846815035,13.418597349667376,,10.382013074797332,10.281297162656319,,,0.19323382424239907,
2012,0,1,54,92334.0,26127.8569258848,11.796293889574805,,10.170757339302908,10.05692322986225,,,0.23282449695079016,
2012,0,1,55,37131.5,54644.50284749449,13.276369120558018,,10.90860390021038,10.784276221411876,,,0.2622648815437815,
2012,0,1,56,30204.0,33703.0594379111,11.939031254138525,,10.425343896727536,10.298232086944584,,,0.24572688132515802,
2012,0,1,57,9889.5,33371.23499938898,12.321350927751656,,10.415449580332064,10.32208792703263,,,0.18951008274710862,
2012,0,1,58,71806.5,33111.02454792922,11.907710304777423,,10.407621573823619,10.285771006835969,,,0.24724425994550017,
2012,0,1,59,34642.5,32043.77082295093,12.525063144980876,,10.374858085360579,10.285136857076782,,,0.19071285757250417,
2012,0,1,60,58047.0,23427.081188118813,11.267903595362379,,10.061647947903761,9.938326667015179,,,0.24179918824823693,
2012,0,1,61,353578.0,33239.25993529317,12.04348121206636,,10.411486984440339,10.274818719895862,,,0.28400472828131695,
2012,0,1,62,299922.5,34334.83196756313,12.056257866615542,,10.443915627131723,10.306935861236465,,,0.279009118131615,
2012,0,1,63,117165.5,38628.09003127285,13.008722704209003,,10.561735011809805,10.432531555446705,,,0.2671250867699605,
2012,0,1,64,654628.0,35657.411023147906,12.271492359019168,,10.481712287075048,10.325978522536417,,,0.30916030469637645,
2012,0,1,65,120774.5,48280.80389086065,12.32504377993699,,10.784789325670625,10.658981360392882,,,0.26521003020313044,
2012,0,1,66,511750.5,28291.840539282846,11.91303672395044,,10.250328721892394,10.114332528902002,,,0.2657826516092241,
2012,1,1,0,2021194.0,,14.54126026497209,,,,,,,
2012,1,1,1,993793.0,65895.36221085205,15.021245873134546,27.41388717139085,11.095823341850986,10.901802114725784,3.3110497160711967,3.1319415982589285,0.37640687309170134,0.35329470482150005
2012,1,1,2,534430.0,67242.50900282469,15.817895701962838,28.829709926232706,11.116060900967156,10.934560224817767,3.36140645007464,3.2060722863052664,0.33093198583668687,0.29269651917825995
2012,1,1,3,19497.0,58757.21257117338,16.780171308406423,26.181372728926192,10.981169191640042,10.862400433136232,3.265048193367103,3.1407454036317297,0.2566828053340745,0.275465975017304
2012,1,1,4,248188.0,71263.9489959549,16.27586345834609,31.679519678032893,11.17414585435122,11.101519135540446,3.455670405153031,3.381756093689873,0.15523796155082187,0.16014754475437287
2012,1,1,5,322604.5,59185.096735766034,15.149122222411652,26.78151145192163,10.988425044850898,10.870717339454238,3.2877117782492244,3.181073933281903,0.23924811978945565,0.21986641652031075
2012,1,1,6,71858.5,55488.087772773455,17.62988372983015,24.78713240843009,10.923923641972394,10.797351497944467,3.210324664020576,3.0770000422671506,0.25465660250172956,0.27608820020643443
2012,1,1,7,77847.0,104796.70976626148,19.061582334579366,41.40881902656446,11.559777655016134,11.262744973609676,3.7234938781110625,3.343997722647091,0.5430687867498486,0.7048557858497408
2012,1,1,8,59429.5,75740.6122336587,16.783129590523224,36.180895092946535,11.23506978478275,11.086538414996634,3.588531219654115,3.4476598804357432,0.3029306288188139,0.2883822478161308
2012,1,1,9,37321.0,62755.074611902666,17.307253289032985,28.88749046001486,11.046994724033409,10.902258043436309,3.3634086453543124,3.2317028702060213,0.3259787319409361,0.30125628144104283
2012,1,1,10,94608.0,41172.932598626416,20.103321072213767,18.327343976775808,10.62553634367298,10.460585237125288,2.908394151012982,2.743985238645145,0.3195582690227496,0.3250844940148204
2012,1,1,11,321347.0,43910.00368201895,17.163798012740124,19.82027371192455,10.689897447409528,10.59950802291339,2.9867053386916806,2.8963100226149736,0.19896131023492572,0.19312383426121071
2012,1,1,12,5045.5,37793.55890873974,18.430086215439502,18.598509422855525,10.53989396784839,10.426120199134234,2.9230814389517352,2.823414624890498,0.25072666094032575,0.2215351718913777
2012,1,1,13,37455.5,63112.26440729483,16.955026631602834,27.60349773733087,11.05267039425935,10.897316075494015,3.3179424943070224,3.1843465521816823,0.29923531504948003,0.2669318131408842
2012,1,1,14,93641.5,37666.605807824366,16.455161440173427,17.04579303332815,10.536529193303586,10.432546870463314,2.83590343037018,2.734563933566788,0.2209238132563578,0.2142647784316631
2012,1,1,15,98576.5,113771.52346982287,19.088423711533682,43.55880992259741,11.641947536230983,11.412723998101626,3.774111977273676,3.575268989289033,0.4711805662764924,0.4114781816050844
2012,1,1,16,242025.0,51793.396268725024,15.894399338911269,22.944477984546115,10.855017934960902,10.647396090556468,3.1330772968599985,2.9407581640357225,0.4107112838101451,0.3857744248235516
2012,1,1,17,92838.0,45829.41837287401,14.456817251556474,20.365014724393156,10.732681486453274,10.611138441552615,3.0138184641245758,2.888734782834387,0.23774992887327726,0.24345169427730595
2012,1,1,18,105131.0,47565.18474990188,14.238397808448507,21.680957541719035,10.769856359789472,10.6676890581055,3.076434342649571,2.9803548720697934,0.2003828316964159,0.1889369677641041
2012,1,1,19,17167.0,47393.98223043118,14.535737170152036,21.177232584781112,10.766250542459526,10.655509299101627,3.05292666991678,2.943661619010244,0.2138001428336605,0.21260228184060895
2012,1,1,20,264795.5,71168.76334432587,15.772798253746759,32.10155201354092,11.1728092840615,11.03782628755149,3.4689043782986717,3.340246552870669,0.2853886620734622,0.2749899902192925
2012,1,1,21,1193142.5,52637.93975260024,14.345450773901693,22.591169148583706,10.871192426794824,10.622057582641354,3.1175590842793817,2.9014011480396062,0.45703817626340676,0.3988360330268403
2012,1,1,22,32111.5,37509.771616576094,15.193871354499167,17.773645315014814,10.532356754456387,10.431334532944406,2.8777167598462627,2.7907348919287682,0.2201596543293226,0.18741051031000716
2012,1,1,23,46436.0,36150.723465196716,14.443944353518821,16.735265540776446,10.495452240255169,10.281939978484422,2.8175182019276908,2.649208806714677,0.36666770522795333,0.3133170751528088
2012,1,1,24,27710.5,36249.730333639425,15.003121560419336,16.835449158496374,10.498187221183136,10.361636397912104,2.8234867322984964,2.7010485902179067,0.25900206895246114,0.24359704737743468
2012,1,1,25,40911.0,40408.23062638581,14.407494316931876,18.746043222158026,10.60678877157532,10.459271385155507,2.9309827019952746,2.7981272352849325,0.26203443379916286,0.2409157767226472
2012,1,1,26,3171.5,30532.46046511628,14.33012769982658,15.091704780186793,10.326545674198464,10.249707765186322,2.714145240566105,2.6405802737669815,0.16779216998855748,0.15500017231299135
2012,1,1,27,13235.5,39802.517045454544,14.176343923538967,18.71095116055095,10.59168543162092,10.472723570118713,2.929108976008857,2.8159140746645295,0.22272367404708454,0.2117962380037994
2012,1,1,28,44488.5,42026.72939488784,13.480472481652562,18.841817622842054,10.646061109003888,10.501377882758506,2.9360787412909177,2.814546465509737,0.29256180496565964,0.2625422114382187
2012,1,1,29,281717.0,32930.853376289524,13.382781301802874,15.45351658733711,10.4021652898931,10.272394299948424,2.7378365882752203,2.628377448333771,0.25063810368172845,0.21257585042896218
2012,1,1,30,207933.0,38822.574516116474,14.357951840256236,18.02151781821942,10.566757173846911,10.426065336388227,2.891566478278991,2.7709173940037104,0.2845317440116434,0.24822670344714892
2012,1,1,31,90565.5,38817.654697968734,14.817872147782545,18.084474606320814,10.566630440110956,10.39529344808787,2.8950538136312645,2.7438573485373254,0.3023960835938506,0.26364931413678094
2012,1,1,32,13358.5,21642.06001984127,12.10105925066437,10.712547441347251,9.982393923431568,9.870103149369614,2.3714157125112685,2.263433794124763,0.2191059620182742,0.2084767942994546
2012,1,1,33,78432.0,57962.543808960676,13.756961444308445,21.597267733681836,10.967552284515012,10.881260453419301,3.0725668128780765,2.97585971565593,0.1783803051552042,0.20233131814245017
2012,1,1,34,243621.5,53614.7772250075,13.988272792015483,24.224699147217947,10.889580003558558,10.797475732499368,3.187372738596222,3.097576294290935,0.19286059469829178,0.18960270033834536
2012,1,1,35,113174.0,36456.10865088088,13.80917878664711,17.10695588358343,10.503864313268465,10.353557132903116,2.839485157615098,2.704040768871134,0.2993213785363254,0.2680208292439542
2012,1,1,36,590949.0,24306.975936964864,13.40182655356046,11.748230861647672,10.098518663725587,9.971900782528586,2.46370266428797,2.3546846717589727,0.25602934396547966,0.22337327794445655
2012,1,1,37,74842.0,30504.602954845654,14.109056412174981,14.421703444267402,10.325632867761062,10.167898383099702,2.668734255550341,2.526169623374874,0.2686523312367984,0.2537105282368516
2012,1,1,38,177645.0,30170.767220538546,12.671220692955051,14.159710517068989,10.31462876174487,10.168227770136701,2.650400644346781,2.5205523139339556,0.28496003624201877,0.2544591560344917
2012,1,1,39,108608.5,33700.30174529742,14.486545712352164,15.888321429054503,10.42526207016676,10.25460436001957,2.7655843380306075,2.6065380357922314,0.35622787072540946,0.33980337821619566
2012,1,1,40,60069.5,51242.69790465733,13.063501444160513,18.409317966744812,10.844328406940303,10.484392769436305,2.9128569476681747,2.5372049422572314,0.7117816414302625,0.7656598484802218
2012,1,1,41,120366.0,26303.417397299625,10.445134007942443,11.117603561692592,10.17745414878533,10.046967694674036,2.408529758555424,2.277032611268151,0.2600622337200763,0.2550374965797815
2012,1,1,42,245668.0,27947.241104991197,11.883403617890812,12.807450933558904,10.238073765481973,10.071979829508663,2.5500271057529393,2.4026661144283055,0.3382814160425234,0.30563148821646685
2012,1,1,43,23131.0,37422.35237667658,12.269508451861139,15.855714713679506,10.530023462007119,10.358398667106357,2.7635299850998036,2.584613561133085,0.33945750852882967,0.35009578272253766
2012,1,1,44,390498.0,41586.91332408348,12.602307822319192,18.267360964407782,10.635540813201882,10.50974609727132,2.9051159135639626,2.7880697971758908,0.2705669381097903,0.25555206249596224
2012,1,1,45,195052.5,42473.90239545695,13.042329629202394,19.42371005616589,10.656645105016295,10.544027803744873,2.966494487673724,2.859388902709262,0.24051238323028293,0.22942479249362088
2012,1,1,46,130475.0,42154.43244850852,12.694646484000767,19.08191736804438,10.649095116821915,10.51934321012295,2.9487411519589104,2.8248723207436113,0.2698698455375398,0.2592427833432828
2012,1,1,47,1221463.0,39467.764410233736,12.075612605539423,18.075476440581525,10.583239526825608,10.414246562554023,2.894556126789081,2.741015087039877,0.3481081885971869,0.32213068068026446
2012,1,1,48,54931.0,56925.27940616673,12.135169576377637,20.690542846803993,10.949494799240785,10.811620510222546,3.029676728571504,2.8882892056775047,0.3047243440575463,0.30805519266289444
2012,1,1,49,86235.5,47504.33692194764,12.965391283172243,20.342445655736242,10.768576289474762,10.657400591953703,3.012709622120746,2.913789157954703,0.22798974259143823,0.20250214005949524
2012,1,1,50,51727.5,41577.026024723484,12.551060847711565,18.472467933285913,10.635303034677104,10.529735005938804,2.916281403762846,2.820479303563472,0.2310239881396133,0.2119518907860536
2012,1,1,51,10005.5,30790.78419782871,12.270151416720804,14.621256032366805,10.334970709831909,10.218786729549597,2.6824763625580084,2.5716963396546797,0.24787457896286297,0.23891749026048967
2012,1,1,52,5145.0,27489.218709953013,11.98600583090379,13.100014446027153,10.221549159873382,10.1028394480264,2.5726133329566623,2.4406736054601224,0.25595410704571747,0.27405574649644626
2012,1,1,53,36910.5,36002.59355956321,13.681337288847347,17.232247805541558,10.491346258164452,10.375143396453561,2.8467825008550602,2.7434504595811546,0.23060318524986706,0.2098180024640182
2012,1,1,54,50728.0,28365.43063475638,11.842690427377386,13.417242421788188,10.252926451551167,10.141260388083795,2.5965406277009144,2.4913933592061777,0.22918527098556718,0.21710380238537927
2012,1,1,55,32020.5,55357.171615735046,13.253447010508893,24.685613269028646,10.921561498230142,10.794953281344533,3.206220615195161,3.0796746940043582,0.2684860778801553,0.2763586568344321
2012,1,1,56,23430.0,35233.87328059656,11.860862142552284,15.795336704311332,10.469763207971466,10.360351371063212,2.7597147511722246,2.663750351273448,0.2158275705440379,0.19418880970305927
2012,1,1,57,7028.0,35330.642833498845,12.424729652817302,16.157268585096485,10.472505935305094,10.372512987381754,2.7823700156074436,2.6859839503087604,0.20799044141371836,0.20340701124321334
2012,1,1,58,55555.5,34640.25282530133,12.005220005220005,15.806149537646348,10.452771661301622,10.343155496406279,2.7603990755533125,2.6587276485668876,0.2218006900059153,0.20732482202114322
2012,1,1,59,25109.0,33831.15705809423,12.6277430403441,15.966854170022854,10.429137463320949,10.346237773269529,2.7705149591050375,2.6916231517816422,0.17718609921830583,0.17022462081781686
2012,1,1,60,22045.0,26978.153188617704,11.604127920163302,13.175305142397018,10.202782676292758,10.087503535512957,2.578344254872467,2.472112496356185,0.23558265986830296,0.21557263007460628
2012,1,1,61,236774.0,35627.436289398494,12.218001131881035,16.26832067357125,10.480871302303498,10.356451013588126,2.7892196997741854,2.675896686198342,0.25785834686779563,0.23716098483763898
2012,1,1,62,211898.0,36607.64835955107,12.12993515748143,16.486181875573173,10.508012469130374,10.376920808838857,2.802522567952782,2.6871237196912046,0.26739141471589095,0.2404799441502966
2012,1,1,63,70560.5,42492.03905580094,13.191077160734405,18.630121579651856,10.657072021032517,10.544023165332812,2.924779710606795,2.8226502328244165,0.23168863507374998,0.21048849305697873
2012,1,1,64,478039.0,36958.53651847611,12.532140683082343,15.751140462136517,10.517551928610088,10.362082189262674,2.756912772944525,2.622241704208062,0.3038203441884809,0.268364762529693
2012,1,1,65,108799.0,49115.667492232176,12.385775604555189,20.273400731395824,10.801933356411249,10.678390852889862,3.009309718044302,2.8979413219592374,0.25974091085381446,0.23409251390124
2012,1,1,66,334103.5,29584.60512932005,12.57873383547314,14.01376088840499,10.29500940803237,10.16211308301979,2.6400397674654728,2.516198599982924,0.26112783791214794,0.24169516712670855
2012,2,1,0,4172404.5,,14.887657224988613,,,,,,,
2012,2,1,1,793179.0,51104.34831220102,15.525545936037137,22.913721655332147,10.841624866743723,10.694415728795232,3.1317359300350005,2.9967612890115043,0.2952800481850166,0.27145377795452014
2012,2,1,2,631264.0,51114.735794921995,15.671878960308208,23.39695763850845,10.84182810634125,10.7186987397546,3.152605998462558,3.046531316548287,0.2382987172979867,0.20963020452384665
2012,2,1,3,10832.5,52102.01634342994,17.340133856450496,24.10926779715629,10.860958928401981,10.79059764053271,3.1825963224725418,3.11555268392962,0.15393984704615338,0.1469578644652903
2012,2,1,4,42810.5,67529.86881654695,17.00916831151236,31.24365885261122,11.120325279971812,11.048664830514468,3.441816438875587,3.369900513290957,0.1643611798086407,0.16249251776614645
2012,2,1,5,101304.5,54158.760969286,15.919371794935072,25.269560475580153,10.899675030095628,10.78780930463205,3.2296005281178615,3.1234222779943206,0.23864540179997376,0.22640730564497907
2012,2,1,6,61812.0,52111.78415905197,17.976299100498284,24.070958099446592,10.861146385640918,10.765352639429821,3.1810060557159887,3.079396979823458,0.19887814605401977,0.21559985984227434
2012,2,1,7,79711.5,85337.01807365354,19.382272319552385,35.475428465619416,11.354363614411964,11.133097898334968,3.568840300932842,3.2693372791227056,0.39572073089060616,0.5552947510210905
2012,2,1,8,442971.0,57744.56235158629,16.590054427942235,28.963742645854712,10.963784465536769,10.874963185919597,3.3660447941761866,3.2791318706083503,0.18435108070853432,0.1832165818396022
2012,2,1,9,164355.5,55835.47824810043,18.251168959967874,27.39555588826988,10.930164757225146,10.837757372026998,3.3103808063804148,3.2193235868074015,0.2011244937317609,0.19777868713552182
2012,2,1,10,93342.0,39517.381919879066,20.519541042617472,18.14098554601114,10.584495902700754,10.441818819863048,2.898173773200759,2.7544426786497,0.2936130936156974,0.2981474083402794
2012,2,1,11,1043051.5,39078.95479541823,17.334932167778867,18.32063608715233,10.57333936054364,10.481838684212306,2.908028079557656,2.818274982304161,0.2088763851718475,0.1986432861683416
2012,2,1,12,17615.0,39296.79652877821,19.017712177121773,19.337272376134873,10.578898281272325,10.508878020143628,2.9620344447185856,2.8951793753189263,0.1609047708725434,0.15264171220694764
2012,2,1,13,68717.5,54840.770038876886,17.71742278167861,25.353448902867527,10.912189175132681,10.799419574019122,3.232914772178209,3.125854609989455,0.24070094594629324,0.22670758442630531
2012,2,1,14,160246.0,37433.39267608085,17.19561798734446,18.020606552395012,10.53031843734873,10.446235355819178,2.8915159115690363,2.808650541995209,0.1722616364807312,0.16760152687490418
2012,2,1,15,83215.0,95702.33797763818,19.155200384546056,39.008232399545605,11.468998007420982,11.275926169839053,3.663772711021721,3.50127468339565,0.3798514948824371,0.32116647390846487
2012,2,1,16,209149.0,44311.718133101815,16.66464577884666,20.502725016679626,10.699004438731837,10.534539753269698,3.020557804953175,2.8696893189984736,0.3759289152224278,0.3445301631181277
2012,2,1,17,240529.5,40684.08525032492,14.883371894091994,20.135205714428565,10.613592269169624,10.515960558499016,3.0024698110095365,2.903883905282941,0.2077693117757584,0.21041266297661737
2012,2,1,18,31848.5,40801.212616648,15.783160902397286,19.40070332920164,10.616467080946867,10.515046030496984,2.965309319494678,2.870017012954326,0.20972693735762693,0.1991244287594191
2012,2,1,19,9500.5,42487.70631424376,15.176674911846744,19.74854331336299,10.656970049873577,10.559785216008128,2.9830797323415843,2.889986212268126,0.1950077731143788,0.18851502588538882
2012,2,1,20,114937.0,48769.55410337345,15.577107458868772,23.036692056822385,10.794861505815746,10.667832682467873,3.1370882515973286,3.016754722331766,0.25281740621925164,0.23943740689390985
2012,2,1,21,945387.0,38099.781006534344,14.836361193881448,17.722899520645107,10.547963813238283,10.318873817505981,2.874857561624279,2.6809729407505727,0.436654422412567,0.3709896713563971
2012,2,1,22,400593.5,31863.95699922153,14.546703828194916,15.610394207505006,10.369230775350825,10.27689166112114,2.747936987732179,2.6620637095919095,0.188885527980159,0.17601511098796954
2012,2,1,23,208187.5,27548.501914524943,14.221982587811468,13.667012835644739,10.223703436134338,10.124130235261822,2.614985107152833,2.525132143321694,0.19973943572471026,0.18175628314848516
2012,2,1,24,68215.0,32097.53961425396,15.063431796525691,15.599888572233368,10.376534658649506,10.27528801524923,2.747263771424428,2.654961384686385,0.20222230421982104,0.1851352495908439
2012,2,1,25,195749.0,32335.19630029271,14.056265932393014,15.771686928579951,10.38391158469241,10.307742798777427,2.758216365994629,2.6878581205832046,0.15319070168145738,0.14270631469013517
2012,2,1,26,4337.0,31299.93630382775,14.309199907770347,15.779861566552706,10.351371341504697,10.265120091467432,2.7587345426639565,2.6638252857555123,0.18458773735612216,0.20756684779145998
2012,2,1,27,13997.0,30936.97925632639,14.092662713438594,15.150214896326858,10.339707487050642,10.254958860405734,2.718014716430808,2.6374176774005784,0.16653967710478676,0.16200082529216045
2012,2,1,28,16731.5,35063.63004882379,14.009981173236111,17.096561131013146,10.464919691302162,10.37247221891075,2.8388773398350806,2.75358798427212,0.2032005334287932,0.18925672291302234
2012,2,1,29,145240.0,31531.80307658739,13.898120352519967,15.169085139400234,10.358751936967712,10.248163137888,2.7192594843171167,2.621831844166168,0.2285788626842499,0.20029905695739247
2012,2,1,30,370976.5,33501.11884238409,14.287824161368713,16.165616999811437,10.41933411553557,10.306926881976356,2.7828865793207087,2.682766620796226,0.22497077765615167,0.20115258446485396
2012,2,1,31,297401.0,31120.800370317393,14.466793991950263,15.231281715561193,10.345631696802137,10.259389045413768,2.723351320658309,2.644426767835894,0.1733472182918823,0.15923308198954242
2012,2,1,32,102896.5,18403.51284001704,13.176084706476896,9.550801343888521,9.820296840593404,9.666087765418348,2.2566250613271808,2.1087871087710917,0.2874925143928217,0.28104781063315726
2012,2,1,33,3494.5,51914.43460447526,14.5162398054085,21.2377241319788,10.857352153885131,10.78195749906238,3.0557790405375966,2.9785694584490066,0.16182781289855558,0.17438050508506922
2012,2,1,34,51732.0,47455.373291847114,14.735270238923684,21.954241032075707,10.767545038761599,10.6689127066144,3.088960334164304,2.992500190772702,0.20089916402399055,0.19878303969958994
2012,2,1,35,29490.0,36523.35249264431,14.281553068836894,17.122369523074287,10.505707129308474,10.34240070011362,2.8403857678578985,2.694433106317572,0.3038614022716111,0.27614159414132833
2012,2,1,36,562738.5,21277.156813429974,14.648549903729707,11.043497238970645,9.965389326137736,9.835388602740151,2.401841769577378,2.2841943966382816,0.25441257705912457,0.23139672868610872
2012,2,1,37,476704.0,25544.303037294794,14.073890716251594,12.841832620950324,10.148169597669645,10.052082704424665,2.552708015565559,2.4607390249355845,0.19741573289979278,0.19101575080713676
2012,2,1,38,59076.5,21189.743148408066,13.292290504684605,10.646266351497967,9.96127252983013,9.8324385353685,2.365209253364703,2.2483196969065427,0.24925646284969863,0.22474409388164193
2012,2,1,39,404627.0,26365.554684104467,15.020787045847163,13.043116546145198,10.179813690396948,9.991850731464758,2.5682605268803256,2.383659856452529,0.402565054731587,0.40307935117415333
2012,2,1,40,7860.5,32723.80093714655,14.495006678964442,13.102873197482984,10.3958579495307,10.033218914860912,2.572831534210361,2.2229977178231497,0.7315143328455977,0.7524168687046513
2012,2,1,41,29015.0,21780.454743171496,11.369326210580734,9.967114910713079,9.988768275202483,9.838680853021831,2.2992911650362546,2.1596380955249845,0.26991069549702107,0.2702382327231052
2012,2,1,42,41047.0,24307.004326971455,13.60269934465369,11.879216730220769,10.098519831702635,9.961832054187651,2.474790379961304,2.34479673806815,0.2798509824681045,0.27211584683844925
2012,2,1,43,1565.0,35370.88766891892,14.54185303514377,16.36512975032265,10.473644378546158,10.394004995874896,2.795152836447387,2.7245481693256477,0.18036628404594274,0.16354080017130737
2012,2,1,44,10974.5,38889.37005649717,13.20679757619937,17.73278610404253,10.56847622893419,10.430727340475602,2.8754152484087525,2.7380505944219746,0.3002023480777177,0.3062075581568088
2012,2,1,45,10183.5,39416.97993461842,14.133156576815436,18.51189674028696,10.5819519652558,10.445505882454558,2.918413592447808,2.7881466496256535,0.27201125238134327,0.26888118238990766
2012,2,1,46,7184.0,34159.37801521774,13.923580178173719,16.608962179484713,10.43879243975131,10.255938984144729,2.8099424400045523,2.635279936804571,0.3541526499568814,0.33668240163243646
2012,2,1,47,23038.5,35364.308626900296,13.05740391084489,16.72314335727249,10.4734583596367,10.247367725564555,2.8167935898236722,2.6031054603076775,0.4804960464528738,0.45865439588159773
2012,2,1,48,722.0,49626.782352941176,13.454293628808864,21.58753334868188,10.812285933776575,10.487484579278961,3.072115988286051,2.81113476082314,0.7633109750197665,0.6308338245326317
2012,2,1,49,17038.5,39832.96989945272,13.73753558118379,17.81100931183685,10.592450237780858,10.449368103434098,2.879816766770326,2.7513105577972183,0.2969970857217308,0.2713373576197363
2012,2,1,50,2015.5,28445.580869565216,12.562143388737287,12.455304763628089,10.255748097773054,10.195599029922041,2.5221466175940708,2.4812455909221662,0.11603206883914503,0.0796672295012311
2012,2,1,51,754.5,24647.217171717173,12.74884029158383,12.008711996303264,10.112419279455564,9.983452383096509,2.4856323860696454,2.3599407842013953,0.21157854169051196,0.21739859724970637
2012,2,1,52,3979.5,23099.861835058906,14.359844201532855,11.252703709927511,10.047581915325717,9.816320628021465,2.4206084295471904,2.2107126783540196,0.4939018510758511,0.446225057780878
2012,2,1,53,106961.5,30821.375435860784,14.319600977921963,15.469796536576691,10.335963735907534,10.243572133420995,2.738889512370281,2.649652640765467,0.17712112577164416,0.16561313606183195
2012,2,1,54,26452.5,22648.38144229836,13.30577450146489,11.400396657784935,10.027843668856653,9.925002581074484,2.433648149337672,2.337691489900033,0.2135197954508866,0.2036841393042011
2012,2,1,55,1431.0,59485.939104915626,13.737945492662474,26.952329192018123,10.993495246041883,10.907546612811531,3.294069720040426,3.205040216251789,0.18473594164794274,0.18664305707698237
2012,2,1,56,3428.5,28481.084258904633,12.456759515823247,13.69427156265738,10.25699543568974,10.022602503396033,2.6169776112790353,2.3879469802239965,0.34490144313997734,0.3235074499156472
2012,2,1,57,945.5,23168.78627145086,11.991538868323639,11.004365653961944,10.05056123243117,10.019429292788224,2.3982920716961784,2.3662362157087893,0.05919144159785219,0.06458030285560597
2012,2,1,58,8260.5,24949.484939759037,11.725077174505175,11.684838680993943,10.124608457269549,10.011714979731844,2.458292162246737,2.3554423106927103,0.2527361826011862,0.242862904383857
2012,2,1,59,5867.0,26836.422368720163,13.867734787796149,13.177265611662868,10.19751528744401,10.120939536429733,2.5784930425780583,2.5100553544792787,0.15670290530075381,0.13768845340272606
2012,2,1,60,25298.0,20402.39812396738,11.834453316467705,10.231046116378131,9.92340772801969,9.807408186780584,2.3254268344008784,2.222425648904772,0.2194698600744986,0.19969123668765626
2012,2,1,61,61104.5,26316.958191531052,12.451145169341046,12.770006418503533,10.177968808529917,10.051309167381067,2.5470991726679344,2.4333890127024147,0.25475948233158013,0.22836191258803043
2012,2,1,62,43667.0,25801.972314635346,12.354043098907642,12.333224693294975,10.158206214291535,10.053843712134507,2.5122968152855596,2.4178947698959337,0.22007259323860573,0.19737012911834126
2012,2,1,63,30764.0,33105.164822412866,13.394714601482251,15.529531521380004,10.40744458612356,10.28436047496627,2.742743470664381,2.628756215902524,0.2449789067119629,0.227769172293408
2012,2,1,64,41001.5,29042.100003463922,14.1309708181408,13.825790873377088,10.276501780493057,10.088812880120072,2.6265357518030883,2.4595985061942267,0.35148925686474347,0.30902377618194604
2012,2,1,65,2711.5,43259.27069133398,13.579937304075235,19.117356134830686,10.674966840634797,10.521316967367834,2.9505966205950305,2.829272815605614,0.314774040783479,0.23923411722324664
2012,2,1,66,70936.5,23042.62199496928,12.927040381185991,11.447137992809267,10.045100910199873,9.932907566059788,2.437739741795912,2.334962206655954,0.23021014646913945,0.2133752394704129
2012,3,1,0,730207.0,,12.767839804329457,,,,,,,
2012,3,1,1,77750.5,51800.10061777987,15.069150680703018,22.86557265604507,10.85514737067387,10.68397416448398,3.1296324018891166,2.962878472349562,0.3439993064904828,0.33883533060701226
2012,3,1,2,57236.5,51046.00950040633,15.263721576266892,23.32909546647711,10.840482652083166,10.694765647914375,3.1497013140205525,3.005954493272882,0.2787645407710442,0.2751634015237363
2012,3,1,3,1039.5,50208.95381310419,15.308321308321307,23.21892536749261,10.823948652585907,10.705537578887407,3.14496769472903,3.0162652908942156,0.23763652305058966,0.26390345920829344
2012,3,1,4,14328.5,70676.10209038717,16.0669295460097,31.62138766072275,11.165862776220006,11.012537480390646,3.453833716356738,3.290240128821966,0.29437264350793413,0.31905880245784324
2012,3,1,5,36529.5,53068.56149912735,14.891170150152616,24.78673680472744,10.87933996972869,10.779684323829354,3.2103087038500693,3.1119455193140166,0.21027428986543686,0.2118884650540522
2012,3,1,6,3163.5,50018.999671160804,17.2574679943101,23.207448181295348,10.820158205654282,10.730235996073711,3.144473269446426,3.0541700092313104,0.1759512706306276,0.17828287682596414
2012,3,1,7,4338.5,97254.52510176391,18.614959087242134,36.319628653565125,11.485086791007575,11.19875840110852,3.5923583293847097,3.2506270110136763,0.47949640421095635,0.587471226493077
2012,3,1,8,8165.0,58662.139707835326,15.749173300673608,28.30252590366252,10.97954981830389,10.867006144417442,3.342951055212621,3.234305036867511,0.23322935894655894,0.23520298814126575
2012,3,1,9,4009.0,46403.372376630745,15.976053878772762,22.550287499525165,10.74512741610408,10.622685168287292,3.1157478152920333,2.996080181990778,0.27332842218141395,0.2595391607794379
2012,3,1,10,5799.0,43941.19559087414,20.93343679944818,20.01274852216687,10.690607555192326,10.514094309778685,2.9963694965926027,2.832180578746842,0.3866631458992682,0.3673501752435214
2012,3,1,11,46111.5,39131.61171204774,16.278130184444226,18.10525219336731,10.574685903010657,10.461306967503365,2.896202072607876,2.7873471079130954,0.231936247286994,0.2246202044712819
2012,3,1,12,480.0,35551.8138424821,16.410416666666666,16.857289464490794,10.478746456221836,10.436985808882373,2.8247831724185963,2.7934977044122933,0.09140986325796824,0.06918414779141405
2012,3,1,13,3195.5,53186.5170998632,16.700359881082772,24.530513150584355,10.88156020523641,10.752235055566555,3.1999177773579257,3.065031389116602,0.25913478322740546,0.27550247278979484
2012,3,1,14,15067.0,36953.32163232964,16.01685803411429,17.29824233759791,10.517410817662924,10.40934137229509,2.8506048973594273,2.7424646847336223,0.24395048065322192,0.24307764369082666
2012,3,1,15,3745.0,92181.00758681062,18.84218958611482,36.64569415829082,11.431509396859267,11.284149317275256,3.601295935981614,3.4792644983369767,0.2713011538674798,0.2246881988792467
2012,3,1,16,20748.5,48398.900368067014,15.905679928669542,21.827055045929427,10.787232372778591,10.489559501002635,3.083150257472917,2.8004253890116644,0.5730608689171467,0.5307133991928236
2012,3,1,17,14287.0,41957.40269344543,13.822285994260517,19.5533616510151,10.64441016101014,10.494726721893077,2.97314722310799,2.815808554918647,0.2751615022177347,0.2864633385424839
2012,3,1,18,9008.0,48837.9601087942,14.052286856127886,22.32976868501245,10.796263160538178,10.675174925804823,3.1059207068648007,2.9903234274414574,0.2577072739031424,0.23973964818126475
2012,3,1,19,1683.0,49703.91761363636,14.338086749851456,24.265568773854863,10.813839034202246,10.73905187063106,3.1890584226753913,3.1146800609272827,0.12755817477175566,0.12625521234001086
2012,3,1,20,19177.5,62347.89233148159,15.771763785686352,28.80055923286046,11.040485146711344,10.936681784535097,3.360394804761032,3.2478936059379504,0.22409673356913823,0.2408036801031155
2012,3,1,21,130250.5,37741.945909896465,14.159377507188072,17.39555925755189,10.538527378533875,10.353715742475849,2.856214958564347,2.693763629926715,0.3823271038289204,0.3322318480244726
2012,3,1,22,5406.5,35440.02372881356,14.616110237676871,16.601396007911635,10.475597074267709,10.37039012931982,2.809486788688701,2.7235713970562805,0.2284030567735958,0.19369745669748673
2012,3,1,23,8185.0,34524.347214406305,13.854245571166768,16.047235278380207,10.449420070478359,10.322664941099454,2.7755365779393775,2.6654221810138745,0.2368078234602903,0.20867826317360283
2012,3,1,24,6270.0,37447.59858399485,14.41323763955343,18.077074451626586,10.530697863631566,10.452602895927775,2.8946445305673296,2.8088751205026354,0.14907036994118245,0.16464621090649825
2012,3,1,25,9561.0,34019.343107434,13.70327371613848,16.1591639642893,10.434684556752085,10.338708736519044,2.782487316871566,2.692300104137466,0.1992251037699592,0.19131133748748413
2012,3,1,26,1073.5,34516.71838469713,13.545412203074056,16.092810237572373,10.449199076504005,10.378086187680516,2.77837260315386,2.6971619949523276,0.15602520340980847,0.1693278947037741
2012,3,1,27,2235.0,35380.72377000593,15.1082774049217,16.325838597483656,10.473922424542575,10.392181913759455,2.792749042754867,2.7204465025847298,0.17688583514116227,0.1623193273271304
2012,3,1,28,12836.0,39691.201587881,13.413368650669991,18.76402776649038,10.588884819641882,10.433866458596263,2.931941620239705,2.7655321775884603,0.3035569071267674,0.3027801971778425
2012,3,1,29,64437.0,29619.296060096247,13.336763039868398,14.344391101365302,10.296181321843779,10.156665823588364,2.6633590017820246,2.527349166410205,0.26284806111947995,0.2415380860051429
2012,3,1,30,45496.0,32643.039116488904,14.057103921223844,15.656514169464343,10.393386914930106,10.284657090559046,2.750887071242308,2.652321968510633,0.23018925399018697,0.21195377441027613
2012,3,1,31,18020.0,33402.84500033176,14.065149833518314,16.17629755490113,10.416396354987864,10.311275765589354,2.783547056947034,2.6879949418210654,0.22620246281610046,0.20771660282133156
2012,3,1,32,6950.0,23313.895239845617,12.820719424460432,11.70747003676238,10.05680482402564,9.94381135088868,2.460227102752394,2.349612196623966,0.22152462870964135,0.20161251077360756
2012,3,1,33,6080.0,51274.675970047654,13.536184210526315,19.519170234282864,10.844952263467619,10.767254387098788,2.9713970715918276,2.882942422258694,0.16494500609693374,0.1854890378007908
2012,3,1,34,29814.0,45896.5692590238,13.964010196551955,21.07900056640602,10.734145649443061,10.62910670423335,3.0482773110883876,2.9439979435301984,0.22343901689956588,0.22201833227061665
2012,3,1,35,47431.0,31353.914298506676,13.487381670215681,15.117864671959481,10.353094396273548,10.222240265865752,2.715877135378636,2.591943582651996,0.2669232512281505,0.25098147975157903
2012,3,1,36,97428.0,21110.240037020907,13.370242640719301,10.474838522207707,9.957513511550856,9.831286381412708,2.3489760501483503,2.23294245033011,0.2657253118988273,0.2447142781684119
2012,3,1,37,34649.5,28925.151951910924,13.679389312977099,13.907683123069658,10.272466805355284,10.120948155464342,2.6324414300975687,2.49503992699189,0.28752167967774583,0.2620124652010248
2012,3,1,38,42877.0,25295.813478169795,13.13067612006437,12.182985897041663,10.138394185851931,10.012923843682028,2.500040379778369,2.383654355815503,0.266979075994213,0.2451503405794923
2012,3,1,39,31491.5,29272.42545242265,14.111363383770223,13.83607942382054,10.284401241043495,10.130384886858955,2.627279631432871,2.474534933088537,0.3310831405038355,0.3264789901326435
2012,3,1,40,570.5,29456.693467336685,13.093777388255916,11.667843104606897,10.290676445677294,10.112072759637215,2.4568366052752753,2.3619291802681537,0.3612475664237676,0.20972691172572458
2012,3,1,41,4035.5,21277.348630643966,11.31532647751208,9.828903212360238,9.965398341268425,9.842622920532742,2.2853273523857633,2.1575743372699474,0.248675830501075,0.24217589201953818
2012,3,1,42,19198.0,22437.33696145125,12.691322012709657,10.721827564668404,10.018481678862228,9.886247619094476,2.372281622891058,2.24688249872957,0.27557912419174324,0.266799344578548
2012,3,1,43,503.0,19347.69400630915,11.870775347912526,8.665779963652794,9.870328518555725,9.827460099043574,2.159381932232938,2.073507444672917,0.08216034044439363,0.17084655265406598
2012,3,1,44,28986.0,37939.189823196335,12.920927344235148,16.94398752871879,10.543739889101706,10.414185344601389,2.8299130528294354,2.7129140196679806,0.24118782904313715,0.228907230708545
2012,3,1,45,21537.0,37748.60240277562,13.534475553698286,17.628173043884548,10.538703731548793,10.41511468436852,2.86949836335342,2.759567485663081,0.2767319848365476,0.24651609203459557
2012,3,1,46,11483.0,35314.70547377151,12.733344944700862,16.27531950677205,10.472054741832922,10.353500037663752,2.7896498196544397,2.693019832637241,0.23900927174998135,0.19935091894797316
2012,3,1,47,69905.0,34051.56040188657,12.445275731349689,15.971249174304658,10.435631137308453,10.270810737373225,2.770790179224539,2.6076046235966266,0.3345635615256765,0.33073996585979515
2012,3,1,48,2062.0,46970.535542168676,12.555771096023278,18.39874049755464,10.757275780748008,10.593927533383289,2.912282211052192,2.7351653661519197,0.3578125331309796,0.3539033174803772
2012,3,1,49,7451.0,41903.71037181996,12.800697892900281,18.244982860659565,10.64312965501637,10.551240183911657,2.9038901304886586,2.8271342059902045,0.19761474909286322,0.165799124572695
2012,3,1,50,3823.0,33991.559181251854,12.686110384514778,15.823623315052405,10.433867513401893,10.332866451923215,2.761503969936531,2.6749715928769997,0.20446331760715156,0.1738863796063517
2012,3,1,51,423.0,22141.947990543737,11.271867612293144,11.042749316979807,10.005229187511574,9.955861405685859,2.401774042180672,2.35859900393903,0.08510057304312571,0.0759038792936996
2012,3,1,52,354.0,32378.703125,12.689265536723164,14.776552522182465,10.385256174700071,10.330056146881082,2.6930416354153763,2.6486838953901826,0.10895260457491132,0.09331803364306593
2012,3,1,53,6051.0,33402.38937093275,13.624690133862172,16.168176902176587,10.416382714457946,10.32825729175318,2.783044921541746,2.7005043910996136,0.16567430556481533,0.15498599175368036
2012,3,1,54,8987.0,24355.374842591296,12.443752086346946,11.924494030259781,10.100507836908134,10.003351720741497,2.4785946065459354,2.3806153900488507,0.20038809322586476,0.20592327223211418
2012,3,1,55,3495.0,46588.004206730766,13.629470672389127,20.849169141398026,10.749098366518982,10.648673118761375,3.0373140981173767,2.945935185068726,0.19962848276609507,0.18590771333591508
2012,3,1,56,2753.5,29116.259763851045,12.547666606137643,12.927783388857621,10.279052051885774,10.17012674105456,2.559378746444807,2.4642281340026915,0.2294188724160314,0.1994538967939735
2012,3,1,57,1624.0,30414.68731563422,12.386699507389162,13.484287239457302,10.322680906104695,10.26720273828151,2.6015250993888657,2.556446426230722,0.11776263595020013,0.09432152932115455
2012,3,1,58,6149.0,29547.07322340008,12.387054805659456,13.367878828415648,10.293739973035576,10.14893434896979,2.5928547269503692,2.4569900533587097,0.3020645672853935,0.28657870790439177
2012,3,1,59,2283.5,26386.63079299691,12.93803372016641,12.554808321254507,10.180612751509706,10.095599624654856,2.530103725368712,2.4597271449528075,0.19926091642270133,0.16606186541021992
2012,3,1,60,6191.5,24395.72918776585,12.876201243640475,11.930369105444328,10.102163362672895,10.007371877799455,2.479087174897295,2.3880452168174786,0.17136388307196876,0.17230142664712586
2012,3,1,61,38215.5,31425.129464567926,12.484044432232995,14.500217363229856,10.355363153245282,10.20080927010576,2.6741636398817477,2.533234275996593,0.3215142626227748,0.29180613078907114
2012,3,1,62,30623.5,33294.153214492035,12.45203846719023,15.237838457827424,10.41313708140833,10.26074015564511,2.723781706723291,2.5746489172296547,0.3206258962619073,0.3140588904891965
2012,3,1,63,8942.5,34374.32032630863,13.341794800111826,15.880217835369926,10.44506506244783,10.293626725808387,2.765074173317469,2.6177173913191787,0.31743888253542885,0.30898624222305254
2012,3,1,64,113443.5,33810.37949834141,12.748363722910524,15.040054421111234,10.428523120079678,10.296283978678884,2.7107169369400963,2.5915534586236135,0.27844931507377363,0.2605866452187392
2012,3,1,65,8607.0,40175.87488960848,12.60439177413733,17.410229320030616,10.601021967334585,10.47916547485417,2.857057925435489,2.7222603730389685,0.2638546820113979,0.3118373243208248
2012,3,1,66,86797.5,27617.79877794106,12.88686886143034,13.11977489671553,10.22621572711612,10.093696533936955,2.5741206261062195,2.4508767950187345,0.27248448410617915,0.26013583200057155
2012,4,1,0,686404.0,,14.431339269584676,,,,,,,
2012,4,1,1,101069.5,44816.81516227723,15.269482880592069,20.54141638821997,10.710338686424912,10.566765617116548,3.0224431596799097,2.8868795138420045,0.3075184991237702,0.2956412838077649
2012,4,1,2,98553.5,44614.54718087246,15.511909774893839,21.10931991597922,10.705815254801012,10.602228080246787,3.0497146451394395,2.9510226005023665,0.21975015505409567,0.2125529169275073
2012,4,1,3,214.0,141961.60465116278,17.457943925233646,44.09493247852769,11.863311910240947,11.33986855112594,3.7863448660662127,3.489348791233449,0.800397050726787,0.4833677992575216
2012,4,1,4,4553.5,65529.235714285714,17.03239266498298,30.442347562100206,11.090251668823237,11.028244577305678,3.4158346509823727,3.35368016967255,0.13826827000626254,0.13523451415635943
2012,4,1,5,19698.0,48948.607065030395,15.412173824753783,23.312797850699226,10.798526191272469,10.688489236341873,3.1490024737599165,3.0384651873981854,0.22693954422229162,0.22769801946794332
2012,4,1,6,5229.5,49266.54057535423,18.090065971890237,23.52941235138552,10.805000439461272,10.708604044796427,3.1582512279856503,3.0653542257926976,0.21366272399637254,0.20410198621127326
2012,4,1,7,6483.0,78120.44,18.82076199290452,32.16891924351185,11.266007017335225,11.082150686075218,3.4710007455206693,3.190983009317492,0.30142179203641734,0.4591430050064037
2012,4,1,8,57028.0,55106.635266134996,15.881268850389283,27.166484381616876,10.917025410143733,10.806683487324554,3.3019840216770624,3.1921444533286136,0.24547333112736713,0.2462594059983752
2012,4,1,9,13703.0,49887.15077079451,17.180836313216084,24.142698512569275,10.817518748997625,10.72304253201018,3.1839819953608783,3.0896646806888213,0.20536988356936847,0.20616158678743857
2012,4,1,10,9817.0,42183.552960675006,20.20984007334216,19.57451224294757,10.649785683787261,10.451676920235156,2.9742283242201957,2.775794316577987,0.4318443245783449,0.4178853907745542
2012,4,1,11,138492.5,35024.1554790226,16.257075292885897,16.83372760821586,10.463793258966547,10.331717080719256,2.8233844696091563,2.699861488575054,0.3024559249109445,0.2769628466612112
2012,4,1,12,1041.5,38264.055614973266,17.26548247719635,19.399310295594567,10.552266238813322,10.442776315134488,2.965237513663827,2.8710566125081787,0.2178738541143041,0.18800442895878075
2012,4,1,13,5278.0,50768.820642605635,17.93444486547935,23.59282895780995,10.835037678256736,10.729522207607467,3.1609428081375364,3.0583040530684293,0.24655449276860952,0.24289311148582893
2012,4,1,14,40464.5,35775.76252102278,16.262501699020127,17.416311916924812,10.48502591855174,10.409224683880401,2.857407233563141,2.7789267704410063,0.16983537636561896,0.1724733386092839
2012,4,1,15,7449.0,83671.36306125598,18.54423412538596,35.15418908949565,11.334652060076705,11.130265561805217,3.5597437886661436,3.3886366950196205,0.44384117040604953,0.37771238790286094
2012,4,1,16,13072.5,43789.754561616915,16.57823675655001,20.766666193522425,10.687155154884028,10.541010366096609,3.0333491143414655,2.88935684881177,0.33772548041320816,0.32924657666957663
2012,4,1,17,52837.0,38931.34354121537,14.16511156954407,19.273843570288875,10.56955495172785,10.445679980459241,2.9587489212961744,2.82732948668231,0.23554765197825642,0.247717672281208
2012,4,1,18,3381.5,42037.06810631229,15.288777169895017,19.846691808827295,10.64630708198593,10.542309378216437,2.988037333739039,2.8911108883975905,0.2367168185929435,0.2135719163760076
2012,4,1,19,1796.5,42630.9775,14.360701363762873,19.328321712613107,10.660336439357971,10.619882667973098,2.9615714665131505,2.9099527863559933,0.08528836788874271,0.1097305477713956
2012,4,1,20,15933.5,48974.22299188357,15.692911162017134,23.677027771695133,10.799049377283792,10.692352156820439,3.164505285739953,3.0596555979445803,0.21151715395257234,0.2095250079052847
2012,4,1,21,189202.5,26902.984901692776,14.473064573671067,13.207649882320299,10.199992522322212,10.008894558506498,2.5807961982652947,2.4181487551559138,0.3786242560083135,0.32297250986070103
2012,4,1,22,58905.5,32103.810582136684,14.494520885146548,15.701846826308302,10.37673001179655,10.280803794794792,2.7537783376850684,2.6614466901376197,0.19867079317598738,0.19031850084883795
2012,4,1,23,43187.0,27082.53352744954,14.07286915043879,13.362547674213856,10.206644279793647,10.115431548254039,2.59245584410636,2.5056556421497653,0.19880738220599192,0.19174597603991989
2012,4,1,24,15172.0,30286.656812538797,14.58186132349064,14.774962849050187,10.318462525283316,10.224131724882135,2.692934048842313,2.5950400827793256,0.20721676300826578,0.21040030890407893
2012,4,1,25,32241.5,31976.97010059939,13.713598933052122,15.60065863954728,10.372771238328488,10.286003851699672,2.747313133848032,2.664806098591615,0.1693561923599809,0.16171837442584866
2012,4,1,26,1377.0,31369.36296296296,14.211328976034858,15.578692325208554,10.353586993773014,10.260903671344915,2.745904104006595,2.6643815988543302,0.20109742808313444,0.17334695420022514
2012,4,1,27,4150.5,30372.490577695396,13.829659077219612,15.011542204025169,10.321292562503988,10.242375786145589,2.708819385472395,2.6323735308488296,0.1700161537901452,0.15622463010335222
2012,4,1,28,7440.5,39300.14002071823,13.611988441636987,18.258919695793594,10.578983360719153,10.465273274498728,2.9046537110833435,2.8067011205963297,0.29054597235186885,0.24973372630839505
2012,4,1,29,37198.5,29257.914369228725,13.74219390566824,14.263367701968996,10.28390539278649,10.148815460669471,2.657694551337217,2.5346284612056,0.2447345333806663,0.22460564412366574
2012,4,1,30,116634.0,30209.979263561956,14.093489034072398,14.81426349495748,10.315927587970748,10.2222917778782,2.695590466320821,2.6084244933717335,0.19658407020579274,0.17958717092088772
2012,4,1,31,61104.0,29390.429286994047,14.259573841319718,14.495600605405082,10.288424365872945,10.204811440032708,2.6738451968656696,2.592654442292334,0.18264403248791639,0.1773399098821016
2012,4,1,32,29158.0,19343.369870628663,12.847897661019275,9.81467920818882,9.870104997397855,9.748798906424343,2.2838791433622863,2.1713645425613186,0.2344524459681919,0.22632826712008636
2012,4,1,33,147.0,43074.489795918365,12.612244897959183,15.93318882767035,10.670686216773884,10.644876746949862,2.768404281395099,2.747883353798245,0.05371753625585781,0.040811226043568814
2012,4,1,34,21294.5,42666.45510108134,14.318110310173989,20.010232819108726,10.661168295652944,10.544397880910516,2.996243783665822,2.8756473976367234,0.2561723542659854,0.2710142970811274
2012,4,1,35,23515.0,28680.682378344216,13.603274505634701,14.084373680841352,10.263979087259807,10.102620551184641,2.64506593323573,2.4915637955834087,0.32092337455012043,0.30672809196909084
2012,4,1,36,85108.0,19441.43949116109,13.778269962870706,10.039365345972339,9.875162123172252,9.74799980224791,2.3065138997130297,2.185653503937269,0.2631270658384053,0.2540531870292839
2012,4,1,37,211577.0,23996.01887854355,13.7096801637229,11.913563008637956,10.085643215509778,9.97650707699477,2.477677499722158,2.3743713117318967,0.22755148158291422,0.21624552780904235
2012,4,1,38,16248.0,21861.44472296655,13.10801329394387,10.789504286762508,9.992479849343884,9.877391019139923,2.3785738363020315,2.2734632565272794,0.24592591938816294,0.22327018438867535
2012,4,1,39,82045.5,24639.159985122176,14.557690549755929,11.919433658996347,10.112092325553428,9.953801109964443,2.4781701486793155,2.328408846897774,0.34655155786723385,0.3278081167966944
2012,4,1,40,277.0,19496.91335740072,9.010830324909747,7.955625874901506,9.87801144265869,9.873001290797639,2.073879335615249,2.0573477038298185,0.009357981940543075,0.029244339400214765
2012,4,1,41,557.0,22474.191836734695,10.335727109515261,10.725309685298376,10.020122900372268,9.905491198392031,2.372606339483299,2.2136424950806184,0.20595422026549562,0.317712260410118
2012,4,1,42,2114.5,25158.233137829913,13.082998344762355,11.977076056940465,10.132940483301978,10.029039444780201,2.482994494194891,2.401919601200441,0.24199762955197865,0.19177267300961437
2012,4,1,43,0.0,,,,,,,,,
2012,4,1,44,1937.0,37521.85512367491,13.664945792462571,17.465154554032324,10.532678845492613,10.375952274810167,2.8602077275773454,2.7129901917153343,0.3070906858370947,0.27405618480299515
2012,4,1,45,1953.5,36670.66285370259,13.611978500127975,16.935229193511173,10.509732337086962,10.439900723300903,2.829396019895969,2.763153335652789,0.14692154956172593,0.14146622609713444
2012,4,1,46,1123.0,28121.178325123154,13.585040071237756,13.85220696585519,10.244278248500558,10.202020467592188,2.628444567654025,2.5659829931363722,0.09391711574350094,0.15660568611544945
2012,4,1,47,2912.5,36395.529463116545,12.689785407725322,16.898025920431667,10.502201229134865,10.336946217117358,2.8271968056643604,2.704483018840068,0.30483183466363445,0.24676510434506924
2012,4,1,48,198.0,27554.040404040403,13.196969696969697,13.506882638642281,10.223904460961908,10.139040424763962,2.6031993806123435,2.5183353374080055,0.18457403916641474,0.18457405341071068
2012,4,1,49,2756.0,35067.51719517642,13.394412191582003,15.826152873071191,10.465030544938795,10.315567768574772,2.7616638167556133,2.6490889877876036,0.3047030814924516,0.23881859237850553
2012,4,1,50,443.5,29487.350482315112,13.206313416009019,14.804708999069558,10.291716653158442,10.131283173999686,2.6949453057757515,2.5278558791894903,0.3096602084042271,0.32661897527427974
2012,4,1,51,90.5,17537.0,14.762430939226519,8.596569061279297,9.772068213669293,9.772068213669293,2.151363177296318,2.151363177296318,0.0,0.0
2012,4,1,52,75.0,34113.56896551724,16.48,16.560065960061962,10.437450501001022,10.321201279143004,2.8069941320447103,2.669717780521231,0.26981644758775236,0.33400171663858275
2012,4,1,53,18886.0,32735.58496136692,14.024197818489887,16.352008243310735,10.396217990315867,10.29324545812952,2.794350718137528,2.6938772525417716,0.19338033018519457,0.18464996967477623
2012,4,1,54,6166.5,22794.711720409345,12.41968701856807,11.150597775113654,10.034283845952496,9.916108994554717,2.4114931085868663,2.3039888894480787,0.23102520727926135,0.21058880626734508
2012,4,1,55,185.0,47834.79329608939,14.972972972972974,23.172369440174634,10.775508546917385,10.572982136430436,3.142960596494761,2.953818538075849,0.45530629286058477,0.438217785739677
2012,4,1,56,592.0,18062.230588235296,12.46114864864865,8.854034495634192,9.801578329213324,9.754409457280229,2.180873230353206,2.133704357490892,0.09099035733343387,0.09099035936580435
2012,4,1,57,292.0,24413.63888888889,12.715753424657533,11.967470354504055,10.102897225971379,10.070423245558821,2.4821921651144696,2.4497181873708773,0.06549190724904515,0.06549190183365135
2012,4,1,58,1841.5,34151.685216413716,12.049416236763507,16.235444255998257,10.438567211260562,10.207475141698215,2.787196769270241,2.5642609912667615,0.31117681756276344,0.28951218299625925
2012,4,1,59,1383.0,26530.10902896082,13.390455531453362,12.745053489935255,10.186035556771317,10.038528873765701,2.545143234754168,2.425256222502491,0.27166313684653337,0.2144039428611108
2012,4,1,60,4512.5,20200.03840600635,11.90803324099723,10.347376346932371,9.913439784674932,9.783225356986966,2.336732994526572,2.218171690017187,0.2573169744644822,0.2302698988096917
2012,4,1,61,17484.0,26928.674979405376,12.506863417982155,12.993748888785158,10.200946982196555,10.039949577750148,2.5644683871050025,2.415384615051351,0.3434444065554162,0.3197120131603667
2012,4,1,62,13734.0,26597.109395845244,13.029852919761177,12.809440426492955,10.188557819535726,10.06955652739056,2.5501824324012894,2.4273748007360694,0.21791863983860837,0.22688332259185867
2012,4,1,63,6898.5,24330.171511068336,12.959918822932522,11.856546577383854,10.099472485118456,9.990891537631825,2.4728801688223943,2.3696322019315437,0.24828884175591612,0.23661873540285946
2012,4,1,64,22144.0,26634.29923907273,13.440886921965317,12.981717258377117,10.189955109227357,10.045370938278323,2.5635420028622464,2.430772907025728,0.3259970081528168,0.30916500477201664
2012,4,1,65,657.0,34916.805175038055,12.876712328767123,16.63251805559504,10.460723515935273,10.32462122356137,2.811359698194419,2.684548546724229,0.30871114609389466,0.2875060555498089
2012,4,1,66,19913.0,25793.15458590498,13.409129714257018,12.66497164041561,10.15786440957679,9.958330510367299,2.5388400442419417,2.353115281948712,0.2615275645451371,0.24457122005371745
2012,0,2,0,7411946.0,,12.75610480702369,,,,,,,
2012,0,2,1,2897604.0,89976.88868389971,15.246009806723071,,11.407308123934474,11.164582240109974,,,0.4783095467741073,
2012,0,2,2,1461921.0,77026.33747502849,15.267628346538562,,11.25190268748196,11.015788020089749,,,0.42492561777494237,
2012,0,2,3,31937.0,80763.10416241584,16.904828255628267,,11.299275508567936,11.16288613634399,,,0.2766757041772536,
2012,0,2,4,308949.0,90014.97293462692,16.184515890972296,,11.407731301415422,11.310422740239186,,,0.20094415535821347,
2012,0,2,5,503629.0,76505.79683368385,15.127338775169818,,11.245121792547511,11.107745653740263,,,0.2752504382047247,
2012,0,2,6,110698.0,81352.23895402123,17.76372653525809,,11.306543634751806,11.17719936472611,,,0.2570232887496039,
2012,0,2,7,232473.0,197826.5582301632,18.874140222735544,,12.195145957257509,11.933988737145954,,,0.612740642422552,
2012,0,2,8,607614.0,69223.73410828851,15.555578047905414,,11.145099061245576,11.028517125843992,,,0.2370345072857,
2012,0,2,9,199674.0,68961.21579610195,16.83006300269439,,11.141299535636074,11.002145587311395,,,0.2714740873848534,
2012,0,2,10,202942.0,68105.90994419385,18.3218702880626,,11.128819271693645,10.9821153649814,,,0.29195413700950223,
2012,0,2,11,1524292.0,48005.43051459939,16.710937274485467,,10.779069419211485,10.652795914774957,,,0.2884255746984559,
2012,0,2,12,33729.5,50023.06331535919,17.68297780874309,,10.820239444366866,10.735032145633127,,,0.1880328871304152,
2012,0,2,13,110948.5,90188.06098147333,17.19304452065598,,11.409652335665678,11.208434939768775,,,0.3827529941258376,
2012,0,2,14,297311.0,45559.901159845555,16.15162069348258,,10.726783248108491,10.613928920186043,,,0.24597787798257584,
2012,0,2,15,232502.0,155765.6729923155,18.8626183860784,,11.956108060751069,11.71013278159459,,,0.5170361885639839,
2012,0,2,16,410136.0,67131.95039637666,15.303678535900287,,11.114415370530947,10.853753900219813,,,0.5508920667236569,
2012,0,2,17,391223.0,49128.53210725087,13.76864345910133,,10.802195246988905,10.67370919645199,,,0.24923561930915952,
2012,0,2,18,148260.5,56218.54974299637,13.72488626437925,,10.937002048023144,10.832271205450061,,,0.2260494686958832,
2012,0,2,19,24742.5,56379.70006419859,13.786379711023542,,10.9398644447568,10.81846433022871,,,0.24563082588843407,
2012,0,2,20,446603.5,83347.45698482213,15.289020350265952,,11.33077337763338,11.173471115704505,,,0.32680743534830126,
2012,0,2,21,2398333.0,65959.83232595571,13.836252930681436,,11.09680123461384,10.754188215823595,,,0.6528918660913778,
2012,0,2,22,607093.5,37213.27962926407,13.396868851338386,,10.524420955840586,10.413488562066908,,,0.2227748874627543,
2012,0,2,23,228048.5,33959.03067876094,13.206497740612194,,10.432910096989684,10.293475862302776,,,0.2523867670626227,
2012,0,2,24,109094.0,37282.34732392562,13.443429519496947,,10.52627523151491,10.408655380065595,,,0.23544562404381375,
2012,0,2,25,350458.5,39090.262576438065,13.24277624882832,,10.573628675992326,10.444649893231468,,,0.22745937855371845,
2012,0,2,26,16293.0,43032.075995590465,12.880286012397962,,10.66970106997658,10.579289769625927,,,0.19404513799925,
2012,0,2,27,34990.0,44312.53633384734,13.494612746499,,10.699022903219927,10.527613924581667,,,0.3456772236917433,
2012,0,2,28,134301.0,48229.35539205589,12.897919598513786,,10.783723147683547,10.6767406347919,,,0.2385481601402865,
2012,0,2,29,478209.5,39298.85110933729,12.757323934384408,,10.578950563570933,10.427436569683934,,,0.2881379633654426,
2012,0,2,30,575171.0,43353.606329578965,13.64651642728858,,10.677145169742257,10.521292150205788,,,0.28521300305189584,
2012,0,2,31,408870.5,38716.01251695647,13.524541389021707,,10.56400855357083,10.433651622139175,,,0.24144749909586735,
2012,0,2,32,209712.0,20429.47559572611,11.110186827649347,,9.924734019137938,9.788199917755298,,,0.2682344581612536,
2012,0,2,33,101369.5,71364.95522599442,13.75908433996419,,11.175562204669212,11.088034207660655,,,0.1975715904106853,
2012,0,2,34,447058.5,64850.374811756075,14.012468166917753,,11.079837969400302,10.971649862901081,,,0.23432183694215186,
2012,0,2,35,171111.0,42510.48032849503,13.091145513730853,,10.657505920477309,10.4865787081294,,,0.3455302724395133,
2012,0,2,36,811299.0,25204.50413788506,12.037576158728163,,10.134777993158565,9.967022430573703,,,0.3131748097898286,
2012,0,2,37,690123.5,29344.08019170007,12.681396880413434,,10.286846107866664,10.146221950343225,,,0.26508119376610806,
2012,0,2,38,387070.5,32130.517066603803,11.775653272465869,,10.377561544934158,10.211542073980077,,,0.3310541861880348,
2012,0,2,39,555976.0,32119.027666705344,13.204533109342849,,10.377203895706646,10.156559137245887,,,0.47427682819830796,
2012,0,2,40,86947.5,59158.655708032195,12.852675465079502,,10.987978193578604,10.578961315663161,,,0.8148933302392993,
2012,0,2,41,120412.5,28505.626965066767,9.820828402366864,,10.257856784139314,10.090799224096688,,,0.3136849548494656,
2012,0,2,42,274213.0,33638.10825250699,11.32895413419495,,10.423414877443417,10.200843604325442,,,0.40222159192599655,
2012,0,2,43,36533.5,41743.18338693502,11.71894288803427,,10.63929144477943,10.45205489906685,,,0.38225316870110226,
2012,0,2,44,488716.5,47952.7687337178,12.331173594507245,,10.77797182074505,10.639877495861732,,,0.30260071450721177,
2012,0,2,45,231857.0,52249.079725271025,12.892097284101839,,10.863777556758475,10.737534027276647,,,0.2746504310044387,
2012,0,2,46,181067.0,47339.256635004465,12.508640448010958,,10.76509518026206,10.620849219277963,,,0.30411387384886457,
2012,0,2,47,1348934.0,46745.79344756629,11.833663841225738,,10.752479550937212,10.567742335420954,,,0.3876762981674298,
2012,0,2,48,35746.5,63311.454814966266,11.908816247744534,,11.055821552502811,10.911715468674272,,,0.30436856373227356,
2012,0,2,49,197394.0,56722.38483768321,12.883073953615611,,10.945924206120473,10.815536860194909,,,0.256209225462097,
2012,0,2,50,85892.5,46414.68208197316,12.384562097971301,,10.74537111234323,10.652200694995464,,,0.21014782068051122,
2012,0,2,51,12347.5,36329.28117359413,12.035391779712493,,10.500379338991264,10.377617408322555,,,0.23715070970520255,
2012,0,2,52,14570.5,30877.109643003692,11.76006314127861,,10.33777040011433,10.15585897920359,,,0.3659867070372142,
2012,0,2,53,115997.0,37146.65448148542,13.223074734691414,,10.522628991756596,10.397556624843407,,,0.22987125371960437,
2012,0,2,54,85343.0,30496.05745123467,11.383464373176476,,10.32535269034626,10.182208839155914,,,0.31064122471799277,
2012,0,2,55,52217.0,60966.96054313099,12.848219928375816,,11.01808736598022,10.884635417710543,,,0.2761584112252226,
2012,0,2,56,32835.5,35720.23321149574,11.88794140488191,,10.483472563846382,10.3692927783324,,,0.24711311454603527,
2012,0,2,57,12635.0,37332.15339732731,12.089275821131777,,10.527610255680926,10.42531263307727,,,0.20647334836381762,
2012,0,2,58,84732.0,36030.608524607596,11.752602322617193,,10.492124092986348,10.387724285381411,,,0.21787396845296877,
2012,0,2,59,45726.0,39988.439965571655,12.315892490049425,,10.596345690466569,10.48818169579366,,,0.21739214145954203,
2012,0,2,60,71116.5,26568.87798789454,11.169777759029198,,10.187495809329825,10.034195125781796,,,0.2866794228392142,
2012,0,2,61,390288.5,39106.43263960753,11.872586560967079,,10.574042250078936,10.417071382896724,,,0.31943231068773004,
2012,0,2,62,315448.5,38884.22941117202,11.911825543630735,,10.568344033809678,10.43283830649957,,,0.2777376796449625,
2012,0,2,63,126215.0,45124.936356604485,12.809364972467614,,10.717190285254231,10.566888743769102,,,0.30376479371400356,
2012,0,2,64,931937.5,42771.22546976295,12.115888136275233,,10.66362085336514,10.506091961946442,,,0.3138826318629337,
2012,0,2,65,139026.5,54736.478108779054,12.188841695647952,,10.910285641993237,10.76582232834127,,,0.31350726256300865,
2012,0,2,66,449369.0,33432.67323939032,11.721342593725868,,10.417288941499482,10.250508166608054,,,0.3326450326896841,
2012,1,2,0,1701938.0,,13.49794469598775,,,,,,,
2012,1,2,1,1622967.5,103310.23701893233,15.280668898175719,42.02878174933967,11.54549175009052,11.298976776173884,3.7383546633326015,3.5046072761948404,0.4912319650499615,0.47149819364956325
2012,1,2,2,563472.5,100623.25907422035,15.76358384836882,42.480834242457426,11.519138713445438,11.260803276657915,3.7490530152167794,3.5204059262707004,0.4802381709095018,0.43285766008768956
2012,1,2,3,24037.0,84343.64691107781,16.966093938511463,35.973450301417785,11.34265476695235,11.201241701164706,3.582781174748096,3.457797539590436,0.28598504772701017,0.26580651951423634
2012,1,2,4,255585.0,91290.06784751761,16.17631316391807,40.021418723160444,11.4217972747675,11.32787051653169,3.6894147788810727,3.596261681943432,0.19378228087330882,0.19624097757293965
2012,1,2,5,324952.0,81551.23451518526,15.183051650705336,36.29560959849849,11.308986746072964,11.170903361531872,3.591696786256276,3.465852257576825,0.2740183846786964,0.25553368020688405
2012,1,2,6,65495.5,85587.28065729495,17.769434541304364,37.906420573403615,11.357291960637017,11.22280998828148,3.635120506009645,3.5060198144223835,0.2635504391879468,0.26147924016683743
2012,1,2,7,131042.5,221595.34201179628,19.058908369422134,87.67654966069263,12.308608213831983,12.062081803456323,4.47365447092784,4.218831690420137,0.5999360026492864,0.6198101447703845
2012,1,2,8,74435.0,92671.71063533952,16.32797742997246,42.707818538149674,11.436818533839947,11.289495283813306,3.75438200741103,3.6129595742053513,0.2970960412665594,0.2899414252760682
2012,1,2,9,45806.0,88116.05039708191,17.00785923241497,39.572587033951315,11.38640997917964,11.224737946397129,3.678136631929721,3.5286974991144677,0.2986373853184387,0.2728545952596275
2012,1,2,10,92899.0,74489.53046663119,19.16576066480802,31.83479168413982,11.218413863843049,11.057105836399415,3.4605597698364536,3.3132958774231094,0.31480719496232046,0.2908185217394036
2012,1,2,11,314380.5,57845.264707814415,17.400548061982217,26.1002718815551,10.96552687460974,10.872505413514093,3.261945731192212,3.1628450965003294,0.19409290409175023,0.20072263556637573
2012,1,2,12,8009.5,54907.032087679916,18.155690117984893,25.91055320443557,10.9133967083237,10.83257746217259,3.254650345347076,3.182330938687332,0.16497903690988955,0.14975682514806776
2012,1,2,13,42706.5,107853.97905850205,17.227354149836675,45.438553361427175,11.58853354551319,11.374099897485944,3.8163609376699146,3.624920144542894,0.40666286195718343,0.37393809626796776
2012,1,2,14,93763.5,50063.339675357725,16.591904099143058,21.92726038562706,10.821044276211536,10.703425415618632,3.087730629209964,2.969058417513877,0.25033036528161445,0.25497944763317987
2012,1,2,15,134817.5,170701.7784117489,18.99135497988021,66.13838319278457,12.047673327074769,11.79737056315503,4.191749262029345,3.9626452689609666,0.544059976731829,0.4982184544949365
2012,1,2,16,222796.5,74370.34827177094,15.76410760492198,32.24187807109301,11.21681259664686,10.967604834474711,3.473266168767263,3.244614849047746,0.5056751236303709,0.46792581992487714
2012,1,2,17,80434.5,61855.05790595444,14.29963510682605,27.39876139487918,11.0325491514529,10.902466173610714,3.310497807805814,3.179627066433485,0.24963119565584752,0.2525811248437918
2012,1,2,18,110601.5,58415.672542172826,13.761033982360095,26.626546349873355,10.975339498260917,10.880431273230483,3.28190870121156,3.1881475865714513,0.20352881633636868,0.20676515879791652
2012,1,2,19,14838.5,59779.24929238608,13.59086161000101,26.561514808728074,10.998413877920104,10.882125520983255,3.2794633564430344,3.1684795268380253,0.23739221797487636,0.2274827481524316
2012,1,2,20,274634.0,95073.1978537946,15.722033688472658,42.408976755869276,11.462402377621226,11.327471662641944,3.747360055769568,3.6134247316761425,0.2869741763290203,0.2867851353706088
2012,1,2,21,1254683.5,81007.86783537318,14.305365456706811,33.61091288194551,11.302301562707436,10.985772353556692,3.514850802390044,3.2235187508626395,0.6020300025183675,0.5552058508090134
2012,1,2,22,23600.0,52622.186044323156,14.56385593220339,23.939715551139773,10.870893097713173,10.678730140132838,3.1755388183190454,3.0032909048434697,0.3278806480184147,0.30170769954354604
2012,1,2,23,27660.0,51238.993240674245,14.48127259580622,22.849059922528667,10.844256107899502,10.625816014790727,3.128909975247879,2.9428323741305036,0.393478045507067,0.3442658614798984
2012,1,2,24,18696.5,44002.60287691187,14.147514240633274,20.37341851069818,10.692004067444186,10.545797647800695,3.01423103700757,2.891498626221407,0.2780208830674192,0.23966534752436533
2012,1,2,25,31455.0,59704.27637116005,14.436719122556033,26.412533395449064,10.99715892782302,10.741786543618593,3.273838647321842,3.060370840783887,0.42066438516594407,0.37791658336569883
2012,1,2,26,4818.5,42377.207585737,12.883262426066203,20.343334180345433,10.654365939744352,10.574480605183965,3.012753299524149,2.936837079823615,0.17520163610472805,0.165871128969749
2012,1,2,27,11969.0,59301.18912529551,14.285069763555853,27.607231003826673,10.990384637487892,10.843633498370856,3.3180777313012304,3.184320661584637,0.2803887624675554,0.2712754902737305
2012,1,2,28,66183.0,52786.49294471056,13.18974661166765,23.656054657047772,10.874010621526914,10.767392990381184,3.163619093041579,3.0719888546842786,0.23361893353568064,0.2050153732569187
2012,1,2,29,235037.5,43195.99936717293,13.045828857097272,19.60623657160183,10.673503162702518,10.510574851238722,2.9758477080526617,2.8324253302740563,0.3052836526547492,0.26739140080360774
2012,1,2,30,136970.0,57007.32929187143,14.358414251295905,25.538259389325958,10.950935122618384,10.743278044796767,3.2401776959454236,3.0572922521777794,0.3789028827660886,0.3409561997914571
2012,1,2,31,59513.0,53676.759823219196,14.517382756708619,24.170090011005495,10.890735408855422,10.68558611917749,3.185115918788122,3.0117697886612755,0.357532766588905,0.30938666607277315
2012,1,2,32,16351.0,25863.035548803648,11.962571096569016,12.48037656096963,10.160570029381349,10.015394104741532,2.5241575356406987,2.4012823037330344,0.2572688503722438,0.23685865634695025
2012,1,2,33,89852.0,72013.04111821487,13.786437697547077,27.138589750170723,11.184602508238616,11.099959136891403,3.3009566910143033,3.2016850690931165,0.19015755761235434,0.21822709662583176
2012,1,2,34,311492.0,68523.13674676308,14.041724988121686,30.741067907226714,11.134926729947797,11.036013363031554,3.4255994774948872,3.329167959789763,0.21240137910247184,0.2086105006202819
2012,1,2,35,85337.5,45633.757248901275,13.511258239343782,20.63605749637435,10.72840301216867,10.561722331110182,3.0270399095955383,2.879942745618868,0.337324070222568,0.2990072048869204
2012,1,2,36,312560.5,29959.491053776765,12.718411315569305,13.867852284602261,10.307601449962727,10.134705856781865,2.629573376237513,2.4802040485735803,0.3230800335612853,0.28475277156741796
2012,1,2,37,51592.5,40753.66544497909,13.96024615981005,18.659981575676202,10.615301064193828,10.40211918943246,2.9263812080487317,2.736215860944774,0.36593964465452594,0.3316498381337411
2012,1,2,38,219681.5,36560.70688830042,12.323104130297727,16.942064292803305,10.506729360400325,10.34947910556362,2.8297995408789918,2.689899620648593,0.31218438614799965,0.28103568160292636
2012,1,2,39,93519.0,43518.057447914776,14.058116532469338,19.8436429037644,10.680931244686068,10.47776167840124,2.987883699102749,2.8004611942388467,0.42610230134608634,0.4040357151569347
2012,1,2,40,74936.0,61349.895111837875,12.961860787872318,21.682312799426086,11.024348740469101,10.625458565782472,3.0764968498219694,2.669858892474787,0.787570546759383,0.8252866022833613
2012,1,2,41,90761.0,29477.19569743234,9.879265323211511,12.34784510560655,10.291372216182628,10.140176689869843,2.5134815624736544,2.3703524397957993,0.2797808326846445,0.27082303010357506
2012,1,2,42,215628.0,35082.64153412461,11.5342627117072,15.768961265140371,10.46546174393981,10.240180707226049,2.7580435310275337,2.5592012779298865,0.4040687525966281,0.36785703927391
2012,1,2,43,31315.5,43197.1066650548,11.793393048171033,17.729934635003495,10.6735287966433,10.482006915914676,2.8752544333902903,2.6790514866981288,0.39651723719786897,0.4122942896318536
2012,1,2,44,435695.0,48347.236154413156,12.37296962324562,21.342397150398725,10.786164335946898,10.647556970819922,3.060695570886319,2.9273076066229944,0.30330378653547563,0.29652258955910177
2012,1,2,45,195392.0,52435.3282132163,13.010179536521454,24.06069762748542,10.867335845678996,10.743798529918472,3.18057970544976,3.059365150833439,0.26794262188874063,0.26546982063182023
2012,1,2,46,155287.5,48147.49785712763,12.623128068904451,21.82024520323854,10.782024450291956,10.638530983132947,3.082838217887088,2.9455763263054933,0.29985310995317455,0.28964413152322993
2012,1,2,47,1227029.0,47238.311727675704,12.084746163293614,21.595170245832406,10.762960531477834,10.578806975856986,3.0724696899579915,2.899115628544708,0.38639255993264404,0.3691765252460844
2012,1,2,48,32219.5,64712.22205039227,11.968000744890517,24.495817238980916,11.077705366055362,10.932993580569152,3.1985023780359656,3.058111251851994,0.305036534347763,0.2938408190314358
2012,1,2,49,147773.5,59802.51681993935,12.861236960618784,25.52567854082172,10.998803026343033,10.881888044192927,3.2396849470792475,3.1338619978961724,0.22451957720663776,0.20420626674440748
2012,1,2,50,75823.0,47793.77100373919,12.443743982696544,21.151453840863862,10.77465059625867,10.68749848607597,3.0517086426505844,2.970854175304789,0.19363775560513047,0.1818178585687891
2012,1,2,51,10785.0,37640.22976164913,12.159758924432081,17.15628458802373,10.535828697869025,10.419744732001986,2.842364554767443,2.7376878998599876,0.2224288431562653,0.21373240916094904
2012,1,2,52,7633.5,33182.81691789843,11.70721163293378,15.605451105594565,10.409787458208864,10.25632073417329,2.7476202830649066,2.609181040948661,0.31953769296721773,0.2964815648178913
2012,1,2,53,27184.5,44336.34020618557,13.115598962644153,20.84012866857067,10.699559940435499,10.55119993267404,3.0368803909817816,2.8949735938398273,0.2846864536520249,0.274561683154596
2012,1,2,54,41910.0,33563.89104091145,11.442829873538535,15.516408436357635,10.421206096676487,10.29970122914221,2.7418980727913054,2.631885798956897,0.26065403829335493,0.2426407729748502
2012,1,2,55,43163.5,62898.309568027784,12.878612716763005,28.25714872561713,11.049274567415278,10.916924253936346,3.3413464778143687,3.224892814163003,0.2727140539584774,0.2480532966781127
2012,1,2,56,23666.0,38339.10659152168,11.947899940843405,17.291767415501447,10.55422571407257,10.447071442375737,2.850230516304417,2.7478654057797987,0.23858904805654885,0.22902502729024932
2012,1,2,57,8827.0,41194.62992545261,12.253540274158832,17.869908770369772,10.626063185227183,10.530765922367094,2.8831182239747446,2.8105609072451956,0.19535502104571376,0.15247704466645462
2012,1,2,58,57733.0,38225.084577308335,11.859162004399563,17.454118314720294,10.55124724341243,10.452086445640516,2.8595756273774944,2.7650575602729153,0.20937453833437747,0.19968737649494941
2012,1,2,59,32027.5,42801.5518452839,12.395254078526266,20.081948295172314,10.664329638979961,10.578010527200377,2.999821316768755,2.9202860644896522,0.1725475562639383,0.15993033919687125
2012,1,2,60,21666.0,33204.17618555017,11.660989568909812,15.48662078153096,10.410430935715233,10.251774823807514,2.7399764757897143,2.5969064110446904,0.30772960924383047,0.2736653803068159
2012,1,2,61,236011.5,42943.15490701166,12.055827788052701,19.568989190912475,10.667632541184005,10.525889835023053,2.973946129124232,2.8440548748633576,0.28991919050382847,0.2647374874429379
2012,1,2,62,209517.0,42193.325944111086,11.968761484748255,19.120704132112937,10.650017334533452,10.523943782857021,2.9507717339385127,2.8368061374889497,0.2583627338086203,0.24005431325056742
2012,1,2,63,69426.5,52175.84573246157,13.133616126407064,22.90571645463671,10.86237494134851,10.743451054533073,3.1313865062486292,3.0164097729862624,0.23427627815495372,0.22425509790956483
2012,1,2,64,649804.5,44681.993574477325,12.177562636146718,18.56552029298529,10.70732587113307,10.553320860255798,2.921306112713595,2.778087360192514,0.30185193891775136,0.2831135098059059
2012,1,2,65,119742.0,55469.937478916,12.233744216732642,23.449459421093973,10.923596485933375,10.77996140668747,3.1548474422212034,3.0223211817092,0.30830827965858004,0.2853739590735616
2012,1,2,66,263980.0,36298.268812025155,12.17176301234942,16.951054244979485,10.4995253279869,10.340874325365245,2.8303300292362072,2.681687774671537,0.31418644103522414,0.2951597515244223
2012,2,2,0,4474909.0,,15.169363220570519,,,,,,,
2012,2,2,1,997901.5,73794.55936117137,15.685363735799575,32.29461834861241,11.209040286477666,10.997612902003706,3.4749006017528146,3.2819942025647375,0.4239216624465105,0.3950724806634774
2012,2,2,2,703609.0,62715.976024168165,15.51070836217274,28.753129659169407,11.04637149518816,10.86737556179172,3.358746619029029,3.20016422534379,0.3321049900105507,0.3004438964380546
2012,2,2,3,6548.5,69423.51912568306,18.506986332747957,32.9698968026156,11.147980981384778,11.030528377254498,3.4955949270397846,3.3785087034521495,0.25324641570111994,0.2616482436950684
2012,2,2,4,33387.5,83781.34853047064,17.087472856608013,38.17673013022552,11.335965690462087,11.216981484975108,3.642226171105248,3.5309533172010594,0.24474972686681706,0.23368683316752004
2012,2,2,5,115446.5,66808.45146495136,15.716855859640614,31.02419215832965,11.109584870458288,10.982873131875328,3.4347672923416623,3.318595396115605,0.2563454647706904,0.23812484794791808
2012,2,2,6,39467.5,74751.31863612843,18.48016722619877,34.24719089085073,11.221922131714441,11.103811958581215,3.533604543559212,3.419245949739457,0.24130527546108937,0.2389352401068844
2012,2,2,7,84888.0,159411.83913906565,20.171366977664686,68.31571367313956,11.979246315723586,11.725125928183475,4.224139808535848,3.9609965212358955,0.5675225423094746,0.5989133998227673
2012,2,2,8,444825.0,65481.2089368154,16.779104142078346,32.29858487424186,11.089518494002716,10.992719543722227,3.4750234173258634,3.379918235210337,0.19941618766903338,0.19912444706408958
2012,2,2,9,137382.0,61778.13459920243,18.770719599365272,30.71346905442795,11.03130477176619,10.926995335315217,3.4247012897932563,3.3230867522917613,0.22121598165662157,0.21666622001138597
2012,2,2,10,92069.5,61156.339772727275,19.984663759442594,27.500784230245785,11.021188811501412,10.902743880103158,3.3142145217293937,3.2020239689992076,0.2528588195579323,0.23770821253988653
2012,2,2,11,1011246.5,45558.38851416351,17.658848757449345,21.370085021926606,10.726750046307018,10.602240626072037,3.0619920478877933,2.9408697308005833,0.290635643605697,0.27097216119766804
2012,2,2,12,23472.0,47956.39659938455,18.8674591002045,23.613981262293184,10.778047472861422,10.692903426212329,3.1618389629846955,3.081637085421726,0.19302432066429176,0.18080856760481864
2012,2,2,13,59494.0,78193.17488343807,18.48821729922345,35.5729611667566,11.266937645019086,11.101455056543966,3.571585831490484,3.4307354151407043,0.31421779365394303,0.2799129922709385
2012,2,2,14,141923.0,43189.555604033754,17.507817619413345,20.85520506675657,10.67335397657636,10.569568468368042,3.0376035605785834,2.9355670421907316,0.2355234394601504,0.22956923419019518
2012,2,2,15,80174.0,137515.9174730742,19.60439793449248,58.23258785670702,11.831494952829233,11.602860395867227,4.064445126845147,3.8566154111615427,0.4694119048230936,0.43081227481964596
2012,2,2,16,155897.5,57268.92074030209,17.098458923331034,26.500012277735312,10.955513360095997,10.693880177077942,3.2771451963028357,3.030633643199346,0.5815439470009293,0.5538972640392813
2012,2,2,17,235549.0,46095.279633432314,14.762864626892918,22.86682792693475,10.738465829673396,10.623769681776379,3.129687298237176,3.010499528801977,0.22557172632759398,0.23569897424903433
2012,2,2,18,23753.5,47937.04676012156,14.975519397141474,22.952610088906887,10.777643903256498,10.661108251361261,3.133431659403995,3.0223741258300847,0.24600319998639383,0.236797973225468
2012,2,2,19,7047.0,51294.08524590164,14.633886760323541,24.316474849243278,10.845330727160766,10.7090204816393,3.191154097958809,3.063128060298528,0.26306973388143,0.2492503171667843
2012,2,2,20,132241.5,61556.614859567024,15.33690256084512,29.127474475282373,11.027712597155064,10.885769197183542,3.37168186880164,3.237619450666543,0.27418447037122295,0.26461468743223093
2012,2,2,21,899218.0,48885.73478789099,14.563390634973944,22.320964775197965,10.797240910774768,10.488791456575948,3.1055263612741992,2.8332956642359246,0.5904980494495572,0.5212334386085027
2012,2,2,22,506345.5,36452.76790414169,14.142272420708785,17.90755433362247,10.503772671567225,10.39854770489311,2.8852226536284875,2.78577093501108,0.21623712995838643,0.2035854949528408
2012,2,2,23,157205.0,31335.255765802933,14.052746413918133,15.384336108289082,10.352499124929691,10.244525811986811,2.7333498559605234,2.6363675262658646,0.2055868966978103,0.18719952680277338
2012,2,2,24,70936.5,35368.05619179777,14.40206381763972,17.205145750861643,10.473564324279918,10.362767371076952,2.8452085106382428,2.741958873782736,0.22747460222199345,0.21610085202506377
2012,2,2,25,272345.5,36497.41238509109,13.962448434066287,17.825838942741612,10.504996643498368,10.404860491574778,2.880649030704264,2.785410884486668,0.19234830877638867,0.1826167845044589
2012,2,2,26,4979.5,39095.01172809957,13.068380359473842,19.00446047139202,10.573750160548327,10.46755527063586,2.9446737132664476,2.8433242801032392,0.24528408334336035,0.23034492251480304
2012,2,2,27,16056.5,36173.067424511544,13.892753713449382,17.321313236517764,10.496070127115102,10.34627527090804,2.851937722229797,2.7245726955510188,0.32537224083077515,0.2752048096539789
2012,2,2,28,33401.0,42399.19805217391,13.71321217927607,20.39547841505797,10.654884727177357,10.56483783662936,3.015313229962307,2.93108228973463,0.2152875017382464,0.20094448599914314
2012,2,2,29,162690.0,35293.30468557597,13.413430450550125,16.764018779538546,10.471448555968102,10.341127132278961,2.819234850292366,2.705049601514898,0.2561047737940644,0.22597919197139618
2012,2,2,30,312264.0,39130.67841100813,13.967764455716958,18.72518796940458,10.574662052417013,10.44765738026798,2.9298695677723687,2.8162910903678497,0.2453601435901178,0.22185585724536086
2012,2,2,31,273497.0,35795.49162018315,14.152027261724992,17.404894272467743,10.485577232061523,10.380221237988938,2.856751446695555,2.759860255871142,0.2085415947006831,0.1945994658917813
2012,2,2,32,149970.5,19453.07073243189,12.818594323550299,9.999303699832346,9.875760214859262,9.74235343188939,2.302515460552998,2.176201919232886,0.2614720099925224,0.24729463069024082
2012,2,2,33,3755.0,64624.97878128401,14.398402130492677,25.53107503371088,11.076356283474645,10.993781076287705,3.2398963390120064,3.1313400384389185,0.17862654452682566,0.2235246910698309
2012,2,2,34,58177.0,57749.34692734402,14.392663767468244,26.636105659206496,10.963867319702677,10.8456417655205,3.282267651022551,3.1680774487838663,0.2586913185076605,0.2523944653193408
2012,2,2,35,25480.5,40073.326411231355,14.03516414513059,18.838804441678242,10.59846621518916,10.422117619446922,2.935918808624993,2.7765705715563636,0.3496257370221026,0.32246128917962885
2012,2,2,36,368320.0,21055.089135857612,13.792930060816682,10.750700623785118,9.954897574064038,9.815605061121708,2.3749709267555112,2.2521078752020216,0.2593733619762339,0.23420637136720465
2012,2,2,37,401770.5,28403.832642855392,13.809082548370275,14.124613852792985,10.254279367257285,10.127974431793854,2.6479189388034547,2.525211847068217,0.24540073635129905,0.24129651999138144
2012,2,2,38,91099.0,22988.81835695021,12.81735255052196,11.280153908867955,10.042763218304511,9.908293876454561,2.4230448903800164,2.300862729711477,0.26420287396271314,0.24301522583953594
2012,2,2,39,343331.5,28756.080556536905,14.713540703372688,13.909809078532218,10.266604521481703,10.050284936417283,2.63259428035821,2.4166251627392747,0.4662907904824461,0.47451610634845237
2012,2,2,40,10879.5,40877.71058985857,14.19899811572223,17.854721760234437,10.61834022012585,10.200177401391903,2.882267997628124,2.4095335391229864,0.8758688608953071,0.9740926389652954
2012,2,2,41,24631.5,23826.126872786706,10.625053285427198,10.816964043823388,10.07853802531729,9.878542712338225,2.381115646599306,2.1721486375685433,0.3874987170375587,0.4064219051416004
2012,2,2,42,35321.0,27740.23370864502,13.426460179496617,13.253895720511071,10.230639118802511,10.027703704234947,2.5842915258601535,2.3895331877905877,0.38773867871664525,0.3880089327517606
2012,2,2,43,3048.0,32128.066352739726,13.798556430446194,15.278561588836043,10.377485268311336,10.234785060972769,2.7264506424509425,2.5674385482465976,0.27183390983489564,0.3057076906514616
2012,2,2,44,11665.0,47979.991510565655,13.488726960994427,21.388964971042245,10.778539359456731,10.624650556304607,3.0628751334729825,2.9161059659648223,0.34382774645343855,0.33503259478656383
2012,2,2,45,11089.0,46178.184171377565,13.776084407971863,21.96001339223571,10.740262761463637,10.59609037565894,3.089223226487943,2.9383725724053615,0.3368624435015866,0.354616406457784
2012,2,2,46,6568.5,40067.9009009009,14.305244728629063,19.043047019447293,10.598330816455682,10.43005011203909,2.9467020490933757,2.780351688376451,0.37857779375655765,0.383603857016205
2012,2,2,47,28888.0,39935.098508192714,13.286104957075603,18.40019698913828,10.595010878061673,10.389214610959776,2.91236137048906,2.7200246933825514,0.4536171111273134,0.422106876185947
2012,2,2,48,952.0,47585.25168539326,12.17436974789916,20.784829697983987,10.770278153667475,10.685568618850102,3.034223379165332,2.9792213860083674,0.17949672511792064,0.11707230472410485
2012,2,2,49,26736.0,46632.37695731659,13.04858617594255,20.954028069676887,10.750050363354504,10.58244766318795,3.0423308985154867,2.891498532781076,0.3084702077032625,0.277625570319299
2012,2,2,50,3886.5,31080.51341235184,12.356619065997684,14.67793175643188,10.344336323404086,10.239586830709433,2.6863451247342103,2.586382933894795,0.2820678952807857,0.25681034702412403
2012,2,2,51,962.5,34349.5625,14.821818181818182,16.402897128131656,10.444344561033724,10.35139058030178,2.7974579733830143,2.670676674758273,0.17698642522372615,0.2604481462455051
2012,2,2,52,5964.5,27597.053425247737,13.065806018945427,13.252490977296434,10.2254642860512,10.005074366964854,2.584185533049291,2.3855279582213904,0.4155626680914032,0.4055996123538016
2012,2,2,53,71300.0,33808.408016198206,14.024558204768583,16.803731203090628,10.428464808411686,10.333035178144987,2.821600957171737,2.7315263069422127,0.18096172185961268,0.1688145586766961
2012,2,2,54,28642.5,25100.45397581855,12.345430741031684,12.259016489437636,10.130641211642311,9.967477968209325,2.506261706200266,2.3643329945152485,0.3538543960647895,0.32154119235421347
2012,2,2,55,2232.0,47893.44229816741,13.638440860215054,22.29929750422666,10.776733870021943,10.656060385430884,3.1045551759172567,2.9823371977981616,0.27706986645314086,0.2749439758035616
2012,2,2,56,5273.0,26322.421686746988,11.979707946140717,12.247126163355425,10.178176390581536,10.088687650501678,2.505291310558346,2.427332460039402,0.19033536352954503,0.16629827910519143
2012,2,2,57,1732.0,26991.71362586605,11.774249422632794,12.902283358335312,10.203285195136479,10.170775341359295,2.5574043002262914,2.519828008906886,0.06906022604099993,0.08306545825296595
2012,2,2,58,13008.0,28255.910963511014,11.424431119311192,13.445560916644375,10.249057952333851,10.166439770061416,2.598649008199382,2.524786339342237,0.1691356620098307,0.14979246674659935
2012,2,2,59,8566.5,28531.991998915106,12.977295278118252,13.921806420095251,10.258781262972931,10.153872601488677,2.63345641804524,2.5316995154582616,0.21589296924023388,0.2068102321301926
2012,2,2,60,34667.0,22319.461496999535,11.430236247728388,11.090680357182963,10.013214289725683,9.896934290666675,2.4061051481895346,2.2967827318210685,0.22461911460958822,0.21034214286580386
2012,2,2,61,82036.5,29382.610043776087,11.809718844660608,13.91529200338815,10.288158283214871,10.148453664215097,2.632988379550213,2.5079138764532347,0.26948050894178277,0.23976407342479591
2012,2,2,62,57539.0,28362.76473279268,12.014407619180034,13.461918090841928,10.252832462946438,10.139429116565083,2.5998648170983074,2.4940171858267988,0.22737783119985325,0.21353573832903863
2012,2,2,63,37359.0,35131.53410303068,12.783532749805937,16.401180144085476,10.466854413621245,10.301057850139951,2.7973532922463678,2.6492366422262883,0.3169931171936206,0.2833202186623882
2012,2,2,64,73719.5,31155.553193953783,14.021120599027395,14.466549334472028,10.346747781006007,10.184108625613602,2.671839041884992,2.527306984709005,0.310661253731385,0.28061470553037776
2012,2,2,65,3053.5,47901.79908485857,12.987391517930243,20.33823204774428,10.77690834187653,10.615117694966875,3.0125024668694134,2.8772704910776294,0.3573005019601464,0.29496002411180294
2012,2,2,66,89024.0,26215.86664105103,12.154239306254492,12.802443269709629,10.174120103436014,10.015724387624825,2.5496360331562817,2.402129500749745,0.3062146736544949,0.28316400110424106
2012,3,2,0,610031.5,,12.576398104032332,,,,,,,
2012,3,2,1,123622.0,75594.00044058953,15.299712025367652,32.02352128385486,11.23313219976705,11.05372578304071,3.4664706729105057,3.2898316788439925,0.34942405784276814,0.3501192749410926
2012,3,2,2,67369.5,66479.4806547859,15.265528169275415,29.68593733251484,11.104648617446859,10.920855234492313,3.3906734431889203,3.2160809474406724,0.3642253412993196,0.35790760451318104
2012,3,2,3,1170.0,68005.09235074627,17.696581196581196,32.12543727034953,11.127337868865288,11.097433796367486,3.469648154651138,3.439478757449056,0.0644648207008787,0.06297646001399973
2012,3,2,4,16213.0,84395.74026728646,16.153395423425646,37.89834892727467,11.343272208543608,11.246042580064062,3.634907547215294,3.538135649295562,0.20254646363290635,0.2002997798515405
2012,3,2,5,38076.5,71420.76372613001,15.10083647394062,32.70361073278317,11.176343914540299,11.063927181046935,3.4874854917701605,3.3775407415100362,0.2432602738675537,0.24054671397428184
2012,3,2,6,2766.0,72233.22144249512,17.983731019522775,32.63760484914798,11.187655349835692,11.058581738439848,3.4854651465562183,3.3685078869967033,0.29015853286448573,0.25488793316417313
2012,3,2,7,7521.0,225619.9067879636,18.972477064220183,86.3124488932007,12.326607034021531,12.090109734756743,4.457973839055803,4.204752709611819,0.5902595810179669,0.6132825027314474
2012,3,2,8,9192.0,80964.31002638522,16.300696257615318,37.74264391488267,11.301763719596194,11.17246194659578,3.630790593524821,3.509377248420961,0.24976095237786333,0.23882384135305096
2012,3,2,9,4973.0,82650.7181438743,15.89000603257591,38.46511981629518,11.322378792187516,11.033867950994768,3.649751851849376,3.331838354663078,0.539678751826276,0.5906034565650395
2012,3,2,10,7704.5,77255.62209856916,18.95697319748199,34.11287897501158,11.254874970086808,11.062364902710405,3.5296749955370283,3.3401940652991464,0.35195660420717445,0.36105151777866057
2012,3,2,11,45312.5,48503.14953510412,16.45662896551724,22.356399697378787,10.789384013685265,10.697207615300877,3.1071126199995875,3.013857445968256,0.20093067671278717,0.1999843876695672
2012,3,2,12,379.0,45154.68450704226,17.654353562005277,20.91306875255746,10.717849307771823,10.69644699289406,3.04037426271813,2.9937885577101473,0.042738578343155725,0.11203689244718902
2012,3,2,13,3586.5,85576.58973615541,17.186393419768578,38.673657556311504,11.35716704033545,11.170452534994718,3.655158684966234,3.4904303830242114,0.44985026972023096,0.39617403065209217
2012,3,2,14,19124.0,48069.99373005016,16.11597992051872,21.266259792816733,10.780413430454258,10.625425607684885,3.0571217695004025,2.923463949286045,0.3239647701749687,0.29552139530711136
2012,3,2,15,7661.5,141584.32083979147,18.846309469425048,53.833346154163365,11.860650725578354,11.676820761650257,3.9858930921524065,3.8166397077962415,0.3666391672032919,0.3477914980308143
2012,3,2,16,19798.5,59987.899727685326,15.524711468040508,26.67876242672261,11.00189814966062,10.754578128400148,3.2838678341665686,3.058596350645288,0.5639824298932662,0.5400190731815159
2012,3,2,17,13868.5,52755.49738501769,14.101813462162454,24.62374372009937,10.87342326173794,10.729712748132588,3.2037111693141043,3.0637731935508725,0.2584444210929899,0.244532948278751
2012,3,2,18,10161.0,53768.00366774541,13.776006298592659,24.309266435289846,10.89243384186408,10.760346405318636,3.190857612442463,3.0568835419383085,0.27456744268469446,0.27613680653283773
2012,3,2,19,1619.0,53407.47941567065,13.430512662137122,25.08460456694898,10.885706079104114,10.800793300721205,3.222254294086593,3.141542827621891,0.19910384684374116,0.18765964363229912
2012,3,2,20,20185.5,84019.73482377696,15.264967427113522,38.56342672240665,11.338806988610049,11.18777092026283,3.652304333076212,3.5010547291747254,0.3004374338661401,0.29760190329247677
2012,3,2,21,108037.5,53353.211954287595,13.973518454240425,23.367139686454305,10.884689460246358,10.621805029306984,3.1513307485250714,2.9042553254302814,0.49137667636611737,0.45357408556597484
2012,3,2,22,5042.5,41613.33673243183,14.279623202776401,19.229694817870083,10.63617598939952,10.500585778444472,2.956455689369197,2.8252445793781717,0.34829070996902234,0.3342196006007661
2012,3,2,23,5393.0,39008.532508436445,13.801780085295754,18.716015364214595,10.571535683450035,10.345434729222557,2.929379593917001,2.6990755390885077,0.44958767214857365,0.4560480776586319
2012,3,2,24,4306.0,42270.27661188369,13.948211797491872,20.13122674617092,10.651839437468539,10.554790995356441,3.002272178985667,2.909343202810604,0.22150870547509474,0.22839318814048318
2012,3,2,25,6199.0,45760.67696959516,13.668494918535247,21.014921066361715,10.731180419860229,10.533848239209558,3.045232712388247,2.8772141867621097,0.3442169753235512,0.3026786288858527
2012,3,2,26,2352.0,49435.6967326277,13.078231292517007,24.46687193000256,10.808428048145695,10.684536267498125,3.19732003642681,3.083711571882064,0.19829565107032757,0.17837459894688076
2012,3,2,27,1892.0,46729.52828175027,12.862579281183933,22.1847491101496,10.752131541095057,10.65933654186325,3.0994050757811067,3.0096905333751023,0.19446124759060107,0.19198481720185168
2012,3,2,28,22126.5,45390.999949995,13.29012722301313,20.8690339416036,10.7230691253906,10.611031328632238,3.0382664306839255,2.9320681264648565,0.24795799925898665,0.23821227578193901
2012,3,2,29,49087.5,36659.1377961009,13.076261777438248,17.090931718433257,10.50941800218916,10.370640716262429,2.838548013981584,2.7144686162828866,0.2769772908905231,0.25045085094815955
2012,3,2,30,29006.5,41408.10695659151,14.199334631892851,19.208528237569336,10.631231960850656,10.494593859138314,2.955354359455497,2.8370721595686104,0.27428895137116777,0.24048822990145863
2012,3,2,31,11402.5,44150.37091959557,14.404735803551853,21.128346485258238,10.695356607346659,10.58682447587507,3.050615574200492,2.942004246608618,0.2261770711190852,0.2369851813156831
2012,3,2,32,8717.5,25025.206526406182,12.544307427588185,12.521967919169363,10.12763885695281,10.006530020581906,2.527484535362431,2.4083885404476755,0.25647656388662854,0.25405544722703616
2012,3,2,33,7450.5,66797.58086272306,13.570767062613248,26.458978714593865,11.109422144239078,10.988258989336144,3.27559556060986,3.148324213158894,0.28564623486784424,0.2883058522030742
2012,3,2,34,47140.0,58409.61704718417,13.813873568095037,26.50945651960466,10.975235830724285,10.867521345041546,3.2775015191328336,3.16688842828897,0.24832275439423637,0.26138519534057075
2012,3,2,35,40832.0,40834.4880907808,13.432969239811912,19.395358749971503,10.617282299673168,10.461330778660527,2.9650337977547117,2.807456081092793,0.3225715645196636,0.3280278314513348
2012,3,2,36,66228.0,26419.92794112125,13.007398683336353,12.775981096843394,10.181873850635855,10.03879024708756,2.547566931328288,2.4209563000377488,0.296890506645053,0.2612769511729221
2012,3,2,37,32342.0,31554.07668296352,13.523715292808113,14.5713241699227,10.35945807302816,10.23408133209677,2.679055499394064,2.5607974087286602,0.26508492477539547,0.25603715709436947
2012,3,2,38,52520.0,31673.37933176554,12.660795887281036,15.095349789046615,10.363231838348076,10.226544617677678,2.7143867354008644,2.5893910576530654,0.29194402863899405,0.2709578314347602
2012,3,2,39,33273.0,36468.19167965309,13.548402608721787,16.915237422287163,10.504195698796417,10.330699808940555,2.8282148383320465,2.647402219418937,0.39445868239283033,0.4099122506902397
2012,3,2,40,1074.0,71987.57954545454,14.260707635009311,33.510468709875234,11.184248876804135,10.734831967236792,3.511857888815686,2.9930474363162474,0.7219094733626173,0.8536609234617034
2012,3,2,41,4202.0,30998.752755905512,10.867682056163732,14.304710478369644,10.34170224897742,10.091845062926675,2.6605888871060417,2.3960107751094495,0.38557198893777433,0.4250170594811625
2012,3,2,42,20929.0,28489.83446888586,12.516364852596876,13.698849920499844,10.25730261732716,10.081460339421744,2.6173118819015277,2.4454818674677568,0.32089234863187016,0.31467338429101965
2012,3,2,43,1886.0,35507.91627278866,12.439554612937433,15.478583305611311,10.47751094420381,10.363600940371693,2.739457346248211,2.598681965341909,0.2283476693756293,0.2681373383229129
2012,3,2,44,38916.5,43665.8338240388,12.797862089345136,19.91738869513916,10.684321240601356,10.563565534173257,2.9915931539620115,2.869870618172679,0.26997538790690356,0.2765696187374323
2012,3,2,45,23013.5,53250.93956362232,13.228192148086993,23.869597288995525,10.882770727803285,10.744762252518825,3.172605569198599,3.0341501187001927,0.2942122607913849,0.3013801083812084
2012,3,2,46,17739.0,42955.398136568285,12.659169062517616,19.917235536089894,10.667917603718955,10.534888746723274,2.9915854642171116,2.8631792051578495,0.2957470845014525,0.28026423023953695
2012,3,2,47,89244.0,42627.040021273766,12.547711890995473,19.578755970185366,10.660244073177205,10.483698633752242,2.9744450993425846,2.806287283020932,0.3619397549195067,0.34494512057539356
2012,3,2,48,2559.0,51326.128630705396,11.895271590465025,17.594988487320816,10.84595523152759,10.722592763883348,2.86761411645795,2.746153992007847,0.2898925112292582,0.2647833052743065
2012,3,2,49,16344.5,50745.55274481679,13.094863715622992,21.666192902721566,10.83457926242024,10.720273875736062,3.075753114960227,2.977813744266653,0.2444804653591329,0.20841211485164982
2012,3,2,50,5900.0,38360.25761301305,12.443898305084746,17.65662724736825,10.554777244642526,10.460308204576808,2.8711111943410863,2.7898677957783455,0.21395756724420753,0.1798900202158508
2012,3,2,51,355.0,16052.650704225352,11.96338028169014,8.759979822937872,9.683629267833158,9.60022808670234,2.170193601628053,2.1126316829639347,0.1418706226129583,0.09778303348006784
2012,3,2,52,805.0,29892.553259141496,13.007453416149069,14.628383478034282,10.30536467348125,10.174651846952997,2.6829637152863053,2.5556820658815504,0.2351774793768394,0.22144998726972012
2012,3,2,53,5421.5,50087.25456292027,13.771096559992621,23.272674085450333,10.821521854766091,10.591493147096493,3.1472798862877744,2.9397158369580128,0.3437027910870226,0.30685205204176513
2012,3,2,54,8509.5,35253.06644173372,12.028438803689994,16.887929795965913,10.470307795711753,10.359892949034284,2.82659915350078,2.7269394857752856,0.21998753483859868,0.19427581011464096
2012,3,2,55,6043.5,54145.015973892136,12.762637544469264,23.905601669119545,10.89942120708307,10.771477104331726,3.174112810935959,3.062451092167919,0.270861842809861,0.24021059346911183
2012,3,2,56,3193.5,33970.72132505176,12.775638014717394,15.696504892424274,10.433254295107927,10.336503190460006,2.7534380692542015,2.668879478919789,0.17819557428339394,0.16643388180693489
2012,3,2,57,1813.0,28933.748711340206,12.390512961941534,13.506341233695906,10.272763968260007,10.169691469801768,2.6031592961745136,2.511098702662416,0.21113255991071894,0.1981136842870739
2012,3,2,58,10066.5,34401.80848121687,12.08533253861819,15.833059558617846,10.445864414108021,10.339079843431062,2.762100131188332,2.6636373837015084,0.22517466631412245,0.20421737019323363
2012,3,2,59,3593.5,43902.9746874047,12.786698205092527,21.083918666868684,10.689737357300759,10.521137125549211,3.0485106014095704,2.8822850768901005,0.29465306006837777,0.2895802956443231
2012,3,2,60,5801.0,33818.15433311504,12.312015169798311,15.931577401243425,10.428753047726113,10.262046608687207,2.7683031398134084,2.5914083973874336,0.2422441716895105,0.2530612613161594
2012,3,2,61,49534.0,40742.844734998835,12.45641377639601,18.49977277159663,10.615035513926216,10.461399138025202,2.9177584493924487,2.7781271525643962,0.3215597739861603,0.2946005946497527
2012,3,2,62,31640.0,38986.34541392108,12.41504424778761,17.91862900380988,10.570966746214543,10.442550004293455,2.8858408981361903,2.764176506518042,0.2807957182516663,0.26824666088057963
2012,3,2,63,9439.5,42136.97118916437,13.002065787382806,19.195197077302126,10.648680809814547,10.524834932881664,2.954660095516602,2.827671058718663,0.27839423422500126,0.2816917806755191
2012,3,2,64,176150.0,41276.03115087756,12.733074084586999,17.719030950273975,10.628037250932422,10.4802778804816,2.8746392569024373,2.737141400141689,0.31107409922609847,0.296402410516483
2012,3,2,65,15280.0,51051.85720303286,12.507068062827225,22.18058992292532,10.84059720301007,10.6928890629574,3.0992175786345904,2.9471998930076504,0.3424913070872382,0.3519387603777781
2012,3,2,66,75138.0,32415.96705650086,12.797665628576752,15.473992508793131,10.386406390775091,10.22547997910932,2.7391607120114116,2.5868624679527525,0.3454232471805731,0.3195844619529721
2012,4,2,0,625067.5,,13.896203210053315,,,,,,,
2012,4,2,1,153113.0,61997.09223372418,15.51331369642029,27.94688553960208,11.034842763471353,10.879811332151995,3.3303057636822344,3.1809458808028914,0.3279792844611062,0.31637722533093243
2012,4,2,2,127470.0,53333.454480960725,15.365129049972543,25.142135486362726,10.884319077063289,10.761081555865173,3.2245451433239842,3.107429431412042,0.24892531162451714,0.23891388593119944
2012,4,2,3,181.5,45256.926666666666,19.75206611570248,21.894070580800374,10.720111012919658,10.672004921776061,3.0862158504279855,3.039246400052834,0.10992371976002406,0.1065881846587846
2012,4,2,4,3763.5,79847.33647711512,16.484123820911385,37.17757967288881,11.287871796507167,11.186560072402614,3.615705882618922,3.518766996385516,0.1844670944744447,0.18695633019908986
2012,4,2,5,25154.0,61963.15098237625,15.519480003180409,29.142942756200803,11.034295148343865,10.911824687075487,3.3722127824973605,3.2495211152547125,0.2606097126737381,0.2658084269814844
2012,4,2,6,2969.0,81372.28550404709,18.174132704614347,38.7710596555467,11.306790021093311,11.227701437775224,3.6576740831521644,3.5850002082986827,0.1510690642990774,0.14111119013264767
2012,4,2,7,9021.5,156944.22491050488,19.127085296236768,63.81378776299307,11.963645765865213,11.724790812887615,4.15596927614035,3.9162907808304905,0.526637913491117,0.5155831239558272
2012,4,2,8,79162.0,64764.262985526155,15.720749854728279,31.28449811398577,11.078509233072943,10.946308191924413,3.4431227069366623,3.3154490418256333,0.2936186630000179,0.28813554088675
2012,4,2,9,11513.0,58977.41629275102,16.8834361156953,28.58180527952616,10.984909874911786,10.847126297033814,3.3527703363405097,3.2155607937395327,0.2932249745031093,0.2976167213434006
2012,4,2,10,10269.0,60016.95124691081,18.852858116661796,27.79033777017964,11.002382322084603,10.888404379293117,3.324688398059089,3.2241798874072454,0.243268226821704,0.21989229810628996
2012,4,2,11,153352.5,41668.21192773476,16.380841525244126,19.90512819484323,10.637493813194284,10.477542414766509,2.9909773967652886,2.837537792160831,0.351549376704121,0.336699980143827
2012,4,2,12,1869.0,52678.890510948906,17.506688068485822,24.746747187454336,10.871970094719504,10.785349046195167,3.208694053607923,3.126607666525045,0.2002598608758637,0.1871179197029406
2012,4,2,13,5161.5,68240.03540385839,17.974232296812943,30.730700835449756,11.130786700979295,10.941204937784674,3.4252621821123954,3.2699761813279085,0.42026698592817907,0.37522655684121725
2012,4,2,14,42500.5,41613.18519845433,16.184397830613758,20.060342697598514,10.636172347916638,10.544196093213499,2.9987448660169047,2.9013165087943604,0.20447686776764404,0.2153016798098116
2012,4,2,15,9849.0,99760.05877202583,18.93400345212712,43.56005323174564,11.510523169487925,11.350006012231347,3.7741405200967413,3.621066793211584,0.29836415426031687,0.2832847428734887
2012,4,2,16,11643.5,59903.037786909896,16.060033495083093,28.06802719456884,11.000482497123288,10.775173062903056,3.334631106271176,3.1193833340294312,0.4444948745865172,0.4374669883922078
2012,4,2,17,61371.0,42022.53183823529,13.700200420393998,20.32785415447372,10.6459612257546,10.531069906184777,3.011992071379459,2.8980856445662053,0.23221973568337273,0.22869636460575457
2012,4,2,18,3744.5,47126.55220883534,13.941514220857258,22.138134825523736,10.760591862326386,10.620744009707458,3.0973016791754286,2.956849012444643,0.3396744514569985,0.32837642028895775
2012,4,2,19,1238.0,47095.73746312685,13.693053311793214,23.221097641403812,10.759937776187863,10.682103314230716,3.1450612465307755,3.0508151059085558,0.16015436980478268,0.18452943598465105
2012,4,2,20,19542.5,61672.18182805037,15.325521299731355,29.079691318496643,11.029588246442742,10.893089639602852,3.370040037701712,3.235067723675591,0.30277538651251973,0.3024995805428668
2012,4,2,21,136394.0,35638.435033652146,14.013688285408449,16.97437098134168,10.481179970229302,10.252040794487318,2.83170461716712,2.633522041470392,0.4424959452798672,0.38151183107141035
2012,4,2,22,72105.5,36975.76220958168,13.938118451435743,18.05967040424388,10.518017901554,10.421122293943341,2.8936812977804385,2.798848194621321,0.19835318169991084,0.19531705280275233
2012,4,2,23,37790.5,30961.323700339803,13.70331167886109,15.1446302943354,10.340494081968622,10.236026559411043,2.7176460331106216,2.6172279161686682,0.21297540195272135,0.2032942572881433
2012,4,2,24,15155.0,36095.363000446494,13.668822170900693,17.510046723627372,10.493919687329631,10.401747887876192,2.862774814690966,2.773949845175463,0.18411096646534325,0.17551934913253425
2012,4,2,25,40459.0,38898.49676167573,13.420153735880769,18.88461468679941,10.568710885201131,10.45881252347309,2.938347552821479,2.829660395914287,0.20690758979300194,0.20490880770201292
2012,4,2,26,4143.0,44472.8664893617,13.211923726768042,21.918842949638975,10.702634540374097,10.648252761099906,3.0873466755424226,3.034521544599358,0.13181035579090228,0.128702103615823
2012,4,2,27,5072.5,33784.425716768026,13.754756037456875,16.649868943399184,10.427755197670072,10.302502363515181,2.812402345128158,2.6909712643496033,0.23175732149757364,0.2251438526953085
2012,4,2,28,12590.5,43132.17599637681,13.543306461220762,20.587530467778013,10.672024540406715,10.581490166747306,3.024685575419021,2.9371589419297175,0.214289712471455,0.2065697582158834
2012,4,2,29,31394.5,34239.01638797227,13.470735319880871,16.305470020742472,10.44112110285626,10.324787366199482,2.791500635611599,2.6816216672766586,0.2323334747484257,0.22218557740762165
2012,4,2,30,96930.5,37664.11563338249,13.976632742016188,18.149435528036165,10.536463080185454,10.44318998801619,2.8986394598435505,2.8107677800741424,0.18548546082957185,0.1752688679484145
2012,4,2,31,64458.0,35662.86822830293,13.842191814825158,17.468396525692057,10.481865320832709,10.388403644291705,2.8603933354854356,2.768161116523759,0.19272952392927853,0.18953722001778048
2012,4,2,32,34673.0,20363.869787966043,12.624520520289563,10.333919939768885,9.921517520775012,9.79820862148627,2.335431682570505,2.2224405197021913,0.2569534916971255,0.2319472017472495
2012,4,2,33,312.0,72693.68589743589,16.16346153846154,25.418779568794445,11.194009808270241,11.120720023468884,3.2354882539397756,3.0540549113323845,0.12590052741849694,0.34744684862557745
2012,4,2,34,30249.5,49531.42244738893,13.839997355328187,23.2613751854657,10.810362544075394,10.692016980907525,3.146794267675867,3.0241138856858605,0.2291009580805086,0.23885366575370595
2012,4,2,35,19461.0,35049.24735678872,13.393042495246904,17.062801346543313,10.464509418816736,10.282939096518355,2.836900734125091,2.6672522400922,0.3517171127920283,0.3270420021231394
2012,4,2,36,64190.5,21054.281723503387,13.044515933043051,10.613700150748043,9.954859225718392,9.81684633916417,2.362145633653163,2.2343512238457155,0.26726638948253617,0.2456215750741062
2012,4,2,37,204418.5,27798.95326184093,13.404980468988864,13.514090415336279,10.232753646518091,10.099978360360467,2.6037328756016285,2.4792178251007284,0.25526658741324587,0.23836095409926472
2012,4,2,38,23770.0,23165.46930899609,12.765292385359697,11.356965697579465,10.050418057045318,9.931716102550189,2.4298312735280407,2.315836326844549,0.2509001321952365,0.24185137423612113
2012,4,2,39,85852.5,29595.56036814909,14.04173436999505,14.026877389596699,10.295379641500361,10.107502354801655,2.6409753026710785,2.458363288430568,0.4150974379090767,0.4101806683464689
2012,4,2,40,58.0,38400.0,15.310344827586206,18.823530197143555,10.555812738575819,10.555812738575819,2.9351076934608065,2.935107693460806,0.0,1.4210854715202005e-15
2012,4,2,41,818.0,20262.90774299835,11.02322738386308,10.117114582800198,9.916547288876549,9.71067806422472,2.3142285029281453,2.131433689399328,0.4304528139369068,0.38751760131874796
2012,4,2,42,2335.0,31614.787551440328,13.495503211991435,15.046527614686715,10.36138025060426,10.147917274969934,2.7111472412975446,2.5110589587363705,0.4394991778295658,0.41698459390632575
2012,4,2,43,284.0,26302.281690140844,12.32394366197183,11.94798861423009,10.177410970681867,10.083228858643006,2.480562947409828,2.371381709547027,0.20570046667307262,0.23656449497624804
2012,4,2,44,2440.0,43001.13466212931,13.2,19.92768004871307,10.668981781818935,10.506140902184585,2.992109722467335,2.8413820311954376,0.3694013636227725,0.31572125021109065
2012,4,2,45,2362.5,55961.00566304861,14.1189417989418,26.912502188005217,10.932410399723167,10.822561644471271,3.2925909439911827,3.1884596520645228,0.23556590944859357,0.22471194609989514
2012,4,2,46,1472.0,44946.8670095518,12.627717391304348,22.544834908451076,10.713236338016848,10.581031753912738,3.115505989089575,2.992278756896984,0.2707519371720991,0.2512503843083082
2012,4,2,47,3773.0,34793.919078742605,13.316989133315664,16.162936022895316,10.457197911377316,10.282868402663732,2.78272072117541,2.630149740954108,0.4128583030837565,0.35292391894618524
2012,4,2,48,16.0,61242.0,12.0,30.020587921142578,11.022588507631554,11.022588507631554,3.4018834103287547,3.4018834103287547,0.0,0.0
2012,4,2,49,6540.0,42347.86101370736,13.182262996941896,19.131972858508302,10.653673191454185,10.487117730724615,2.9513609071733216,2.7920751155220245,0.3427712958338254,0.3273670153370615
2012,4,2,50,283.0,35231.17991631799,12.491166077738516,16.521852519222882,10.469686762580235,10.3206010180446,2.8046838997733268,2.6426508654985734,0.3287666811536058,0.347714431133778
2012,4,2,51,245.0,21690.20408163265,10.808163265306122,10.833733488588917,9.984616012796142,9.979587337301844,2.3826647373936205,2.36616856967599,0.009384663248921078,0.03346551350428671
2012,4,2,52,167.5,31993.271604938273,13.283582089552239,15.49929110209147,10.373280897327959,10.17643039265877,2.740794287530371,2.599855073307271,0.31279122046666996,0.22857054718106867
2012,4,2,53,12091.0,34105.64535041039,13.730047142502688,16.506717256572,10.437218202367214,10.332785459183231,2.8037674045200935,2.7072701648528663,0.23489894554057703,0.21368484855796707
2012,4,2,54,6281.0,23975.80376984127,12.561693997771055,11.881422865438083,10.084800424521951,9.975748748957129,2.4749760765806874,2.3748113705162814,0.23412540695913903,0.21570312087280083
2012,4,2,55,778.0,43019.83033419023,13.021850899742931,19.89459324618538,10.669416458931801,10.60388124278257,2.9904479986427663,2.9199611937794274,0.1320631986000291,0.13887739312075642
2012,4,2,56,703.0,23978.43046357616,11.376955903271693,11.549623431748902,10.084909974545198,9.9550301919827,2.4466528331245194,2.3272503829539537,0.2684292883896521,0.24778569113654547
2012,4,2,57,263.0,27642.539923954373,12.171102661596958,12.437170420309437,10.227111166711593,10.17893574410423,2.520689603264017,2.476321583664672,0.09270146669895377,0.08825311716984326
2012,4,2,58,3924.5,34242.12429210134,12.289973244999363,15.921443096607168,10.441211869572477,10.313630276715397,2.7676668230798738,2.645546529551533,0.2533984027884199,0.2342196185483813
2012,4,2,59,1538.5,30321.731726283047,12.629834254143647,14.985083095764113,10.31961995310826,10.233453953168413,2.707055246016122,2.626955247212022,0.17565108209996527,0.16344261136339452
2012,4,2,60,8982.5,21792.325204306653,11.996882827720567,10.912936305300798,9.989313131943005,9.8759071278042,2.3899489025246043,2.2867205518879925,0.2503506344926788,0.21965873067764877
2012,4,2,61,22706.5,28581.144141789093,12.534604628630568,13.525166819982747,10.260502483635294,10.097432741565505,2.6045521588511376,2.4506785074851654,0.3209315988445631,0.3113204465789645
2012,4,2,62,16752.5,32850.07934233866,12.52344426205044,15.457701809735818,10.399709439201732,10.266527123203142,2.738107378146426,2.604178352106113,0.2623358072585681,0.2599729247782258
2012,4,2,63,9990.0,33821.33005870372,13.01861861861862,15.882982554315193,10.428846949257728,10.309148168860801,2.7652482564651577,2.6570618939813793,0.22743274591220236,0.20845221086051038
2012,4,2,64,32263.5,33061.349137931036,13.432795573945791,15.7613739803391,10.406120179312204,10.2708506624894,2.7575622621232454,2.6367462166533455,0.2833574999982837,0.25830715317223024
2012,4,2,65,951.0,50879.48843537415,12.921135646687697,22.375540716469693,10.837215143627258,10.790350640857692,3.107968429968128,3.0194241226968237,0.09701577675876087,0.194897840372422
2012,4,2,66,21227.0,28783.369810675184,12.731002967918217,14.289033446311407,10.267553062213677,10.107714052845342,2.6594923511875304,2.4981313539110777,0.2850688296781828,0.28346669341882896
2012,0,3,0,9317914.5,,12.446526580599125,,,,,,,
2012,0,3,1,3409947.5,102932.73210088241,15.021410446935034,,11.541830967458752,11.268241365934434,,,0.5556877813515653,
2012,0,3,2,1693495.0,81167.86747215297,14.971317305336006,,11.304274727045343,11.063722598568269,,,0.4389967455857924,
2012,0,3,3,34834.5,98490.86760581541,16.78798317759692,,11.497719108200139,11.28028167809704,,,0.47865692474840293,
2012,0,3,4,406563.5,103535.28720958218,16.059447048247076,,11.547667772804006,11.433684898814038,,,0.2314004316842179,
2012,0,3,5,480325.5,83748.75095119898,15.036678252559982,,11.335576535560563,11.192354960988906,,,0.29172354974754566,
2012,0,3,6,104618.5,99132.98978771309,17.549381801497823,,11.504217558843624,11.329678141449941,,,0.3429991768957588,
2012,0,3,7,250160.5,217420.88507458192,18.89053427699417,,12.289590316555437,12.037909830846884,,,0.6273399318823426,
2012,0,3,8,722314.0,72751.10136621936,15.539451678909726,,11.194799323973706,11.083689250542763,,,0.22910054346524322,
2012,0,3,9,170970.0,69409.40044891852,16.3944873369597,,11.147777590476391,11.005189455921412,,,0.27993432679659325,
2012,0,3,10,212672.5,79147.32084529816,18.27435375988903,,11.279066215656014,11.128418829624557,,,0.2934637129356147,
2012,0,3,11,1492928.5,50138.55138251983,16.41155152440321,,10.822545479841384,10.676377201595873,,,0.3315692700623313,
2012,0,3,12,43519.5,54291.03278189665,17.405749146934134,,10.902114350146379,10.79272886634997,,,0.23284684941256079,
2012,0,3,13,94602.5,98941.00759046988,17.224856636981052,,11.502279068583391,11.286365101282223,,,0.42824136514487476,
2012,0,3,14,310144.5,48045.63061189987,15.987597716548255,,10.779906476068042,10.645747720921667,,,0.28098283455570927,
2012,0,3,15,233052.5,177562.4880086291,18.783454371869,,12.087077871063302,11.811841550188744,,,0.6124520272690549,
2012,0,3,16,392096.5,66714.99889314707,15.109169553923588,,11.108185077585755,10.809447767395218,,,0.6431684048773418,
2012,0,3,17,398814.5,52273.8439552661,13.75139569900292,,10.864251409375422,10.727160601893829,,,0.2667023641146678,
2012,0,3,18,180570.0,61136.64134810645,13.530644625353048,,11.020866660146352,10.911680398927096,,,0.23183898785196905,
2012,0,3,19,30694.0,64906.32455081315,13.608864924740992,,11.080700348650074,10.91949770073057,,,0.3113236593846231,
2012,0,3,20,474316.5,88456.97491052475,15.174448917547672,,11.39027155357921,11.226957739110233,,,0.3426958678433129,
2012,0,3,21,2705817.5,68135.94391795345,13.681108389608685,,11.129260163730779,10.767919653109491,,,0.6945248483956251,
2012,0,3,22,905850.5,39375.08110592861,13.155490337533621,,10.58088843595892,10.46948204453251,,,0.2231245088805055,
2012,0,3,23,256116.5,35390.47506418158,13.119287511737822,,10.474197996933547,10.329606067130932,,,0.2580428656823349,
2012,0,3,24,145375.0,39070.515797718865,13.294861564918314,,10.573123389848814,10.447295462245407,,,0.2459303581498733,
2012,0,3,25,468262.0,41308.99994730943,13.081220556013514,,10.628835671608538,10.505647303857732,,,0.23371612634694983,
2012,0,3,26,31655.5,48863.62313470205,12.858539590276571,,10.79678849545387,10.729589037246436,,,0.15102771480875934,
2012,0,3,27,45772.5,50263.208880639635,13.329619312906221,,10.82502865467513,10.643166002058624,,,0.33954997702764533,
2012,0,3,28,214914.0,50125.38708566122,12.84673636896619,,10.822282886986258,10.732347159439867,,,0.21010468697895116,
2012,0,3,29,555468.5,42573.40063394793,12.677019488953919,,10.65898493897555,10.486343342183625,,,0.3289104379186899,
2012,0,3,30,584806.5,45194.53536060991,13.422870641827682,,10.718731459409886,10.565721190487615,,,0.2918864032491367,
2012,0,3,31,516166.5,40763.64438880076,13.223917088768838,,10.615545894252422,10.473570546819438,,,0.25784013233927894,
2012,0,3,32,251848.0,22277.914685018637,11.08061807121756,,10.011351093835842,9.860149436502757,,,0.28435956927256817,
2012,0,3,33,84518.5,78518.43589091834,13.501771801439922,,11.27108872831067,11.175258790366025,,,0.2112142274577053,
2012,0,3,34,347448.0,68207.04223007619,13.878522829315466,,11.130303097006276,11.00360146489243,,,0.2765447016818056,
2012,0,3,35,194755.0,44267.003534303534,13.019275499987163,,10.697994837289082,10.497535046676754,,,0.38752651374005803,
2012,0,3,36,728307.5,26326.04084756774,11.955009388204845,,10.178313874589701,9.983500324954283,,,0.34140967580114673,
2012,0,3,37,737442.0,30391.008138641242,12.526208840830872,,10.321902058728211,10.165560881437585,,,0.2937061762971312,
2012,0,3,38,584438.5,33849.58986732439,11.803743251000746,,10.429682162087532,10.2660492065676,,,0.3180009994418122,
2012,0,3,39,534818.0,34215.00776530095,13.025894790377286,,10.440419650342614,10.182652466944166,,,0.5418879730934607,
2012,0,3,40,151313.5,61176.10068684702,12.790405350480954,,11.021511880578059,10.554094617762887,,,0.9935146568364245,
2012,0,3,41,109019.0,30522.3862898532,10.06069584200919,,10.326215670082822,10.121254233086207,,,0.3690189583873474,
2012,0,3,42,256994.0,35176.83778082318,11.555382615936558,,10.468143127407345,10.244161311818345,,,0.4467847602695871,
2012,0,3,43,40476.5,44418.82338530804,11.586068459476486,,10.701418608698406,10.474506520002416,,,0.42998521476349494,
2012,0,3,44,617267.5,51725.163894259065,12.290507762031858,,10.853699671178257,10.712019027061903,,,0.3176459683323159,
2012,0,3,45,229638.0,56016.03379705479,12.886793562041126,,10.933393246540716,10.808688780865097,,,0.27056381122466716,
2012,0,3,46,252407.5,50122.85494741584,12.395263611422006,,10.822232369626661,10.679935929884369,,,0.31950425793020565,
2012,0,3,47,1419312.5,51456.2609384696,12.004074155621119,,10.84848742362477,10.658151245649789,,,0.4014747241288012,
2012,0,3,48,34044.5,61052.4999829903,11.76430847860888,,11.019489428462762,10.876470445296384,,,0.3107231298409658,
2012,0,3,49,256130.0,63207.237198195806,12.770224104946706,,11.054174086208558,10.903886995527362,,,0.29044256500729604,
2012,0,3,50,125355.5,51769.03894087827,12.357355680444815,,10.854547545707375,10.751993986821327,,,0.2117601643031557,
2012,0,3,51,19376.0,40311.998465473145,11.990374690338562,,10.604404432294178,10.437202730500937,,,0.3655890592024669,
2012,0,3,52,24139.0,36911.90052034058,12.287936534239199,,10.516289285360612,10.189317028493706,,,0.5460561185035596,
2012,0,3,53,117369.5,39488.74271277937,12.954647502119375,,10.58377091565735,10.438399223106819,,,0.268476061507182,
2012,0,3,54,98161.0,32134.145107056607,11.326560446613216,,10.377674454279168,10.246499864119572,,,0.2563882101980318,
2012,0,3,55,78762.0,63129.94359423986,12.81957035118458,,11.052950477875447,10.922309879090733,,,0.28456499995179385,
2012,0,3,56,41442.0,38621.81904893177,11.782973794701029,,10.561572656088497,10.451068573614897,,,0.22557368653718274,
2012,0,3,57,14479.0,41554.08457867146,11.683679812141722,,10.634751100594475,10.508781759934983,,,0.2754939557188693,
2012,0,3,58,107046.0,38910.925319666065,11.827448013003755,,10.569030346720407,10.45453211847082,,,0.24414741410508944,
2012,0,3,59,60015.5,42649.717047071754,12.315326873890912,,10.66077591859704,10.552493171479085,,,0.23454831562734305,
2012,0,3,60,89003.5,26428.069312357828,11.170010168139456,,10.1821819558328,10.008694843353053,,,0.30797206719304604,
2012,0,3,61,430841.5,41174.35208384314,11.753574110200619,,10.62557081925338,10.47264282670371,,,0.31275957231655566,
2012,0,3,62,335057.5,40392.36529596738,11.842550905441604,,10.606396068268094,10.468543034402668,,,0.284435615426948,
2012,0,3,63,166775.5,46913.6670135979,12.656013623104114,,10.756064319522842,10.599551956109604,,,0.3240379325899964,
2012,0,3,64,1151502.5,44473.262182702834,12.11783691307661,,10.702643437744833,10.539989392133284,,,0.3313116066860082,
2012,0,3,65,164266.5,57352.028140064474,12.029248203376829,,10.956963486187918,10.794819263163639,,,0.3389283024286548,
2012,0,3,66,484770.0,35270.4590561495,11.638065474348661,,10.470801038630213,10.311136697369399,,,0.3162004572773625,
2012,1,3,0,2574193.5,,13.122095522345154,,,,,,,
2012,1,3,1,1963455.5,119609.68888798171,15.134363880413893,48.62508181123258,11.69198912798655,11.423637555092403,3.8841394844304102,3.625507268735975,0.5554631694458135,0.5422602762042424
2012,1,3,2,645632.5,107415.21097044332,15.650824578998114,45.83389705100552,11.584457080175957,11.324195742738553,3.8250239276575466,3.5865402671136666,0.4985395626742756,0.46271374457160586
2012,1,3,3,26401.5,104966.86040874326,17.028805181523776,44.67967674411803,11.561399964167888,11.353275245186284,3.7995187392625187,3.6099427081517166,0.4478177022033435,0.4126328685022762
2012,1,3,4,347798.5,105711.20544035954,16.098485186106323,46.38341064092156,11.568466177974198,11.457281943809344,3.836941866012891,3.727856909970873,0.2239537725303427,0.22539958996360526
2012,1,3,5,278446.0,90588.38962064535,15.290350732278432,40.4181840284392,11.414081333936672,11.271617783788011,3.6992797834164546,3.5642484353335866,0.2922305217162579,0.2846761733300962
2012,1,3,6,66409.5,106744.50180307306,17.634976923482334,47.0309718896207,11.578193424406795,11.39834234544416,3.8508063610553753,3.6838618531425835,0.34724555357180426,0.33180797911122845
2012,1,3,7,163560.0,241250.7263262591,19.12754340914649,94.87105369571297,12.393592029875494,12.175090630410864,4.552518640075614,4.336764547373054,0.5548845356113362,0.5341635446300919
2012,1,3,8,69835.0,100267.71248152832,16.247726784563614,46.48578048331347,11.515599012669709,11.353762016725407,3.8391464697703874,3.6874789036342595,0.303591408335509,0.2914377657138666
2012,1,3,9,36955.0,88151.06197440064,16.666459207143824,40.33638018321249,11.386807235109098,11.210784986025596,3.6972537958080394,3.5328648465747925,0.34039083061980024,0.3138226143323211
2012,1,3,10,98397.5,89134.1101147486,18.774420081811023,38.02955292034016,11.39789736976905,11.232547404899838,3.6383635658978912,3.4880883827214983,0.31422646270128646,0.2957402136107634
2012,1,3,11,272023.0,62898.67720573591,17.300217261040427,28.115283941229634,11.04928041235191,10.946276377404342,3.336313340972187,3.2307515825812154,0.21776703841682468,0.21951278677700115
2012,1,3,12,7733.5,67066.5187121629,18.037499191827763,30.87140290771268,11.113440222456108,10.993929673174717,3.4298302831475507,3.3304199826206706,0.22834671812874804,0.20106002528788786
2012,1,3,13,38777.5,117879.29937635649,17.581561472503385,50.17303546106636,11.677416493301193,11.465719780818983,3.9154777401752936,3.7259113329790825,0.42952785709229274,0.3901770300754921
2012,1,3,14,103191.5,52295.15306929676,16.81559043138243,22.284449619535806,10.864658970219113,10.725195831295284,3.103889108742662,2.9564184218880496,0.30173290980685136,0.3210427846857365
2012,1,3,15,149304.5,198807.5089737117,19.061582202813714,78.6598598426404,12.20009234398883,11.947798359007718,4.3651329851897245,4.131892086156465,0.5674895636313927,0.526814805911273
2012,1,3,16,197878.5,76514.61316626654,15.714592540371996,33.40941009881782,11.245237023353551,10.950548427229377,3.5088375997871024,3.2320838888030026,0.6245062026873907,0.5996143295192349
2012,1,3,17,69326.0,69740.81730695674,14.469636211522372,31.333797473718228,11.152541039503626,10.987598027835936,3.44469730648319,3.2862368345022763,0.2943444012100278,0.2845755487912144
2012,1,3,18,130351.0,64053.817689323885,13.616681114836096,29.31875902928335,11.067478910377996,10.966565596955046,3.3782275510641715,3.283106193451824,0.21799273899155472,0.21054093355698064
2012,1,3,19,17885.0,69565.046230612,13.825384400335476,31.33214098614283,11.150017510842881,10.996051523559261,3.444644439244097,3.298768831390791,0.27510186749505317,0.2707283768733902
2012,1,3,20,272573.0,103788.74151551364,15.775847204235196,46.357478233460974,11.550112780589682,11.406088158615187,3.836382621682775,3.6944318210178553,0.3040589310650794,0.30351569131650896
2012,1,3,21,1422369.5,84839.53904539924,14.15337013342876,35.14016344373482,11.348516975441314,11.01783191793274,3.5593447339642648,3.244187236107947,0.649756764204849,0.617454739145351
2012,1,3,22,26098.0,56444.51911721596,14.111847651161009,25.357202638008822,10.941013472166327,10.754822387561568,3.2330628174126557,3.0701043682384515,0.3446638016717432,0.3132214034479926
2012,1,3,23,29418.5,53698.14740801693,14.54581300882098,23.81089764824342,10.891133780982244,10.6459303969435,3.1701433602603406,2.9628116014171564,0.4318230712391454,0.38306669098769547
2012,1,3,24,22016.0,50537.63063286125,13.86437136627907,23.53784622668606,10.830473498815559,10.653814182394404,3.158609603452826,3.0011851081164136,0.34608762920387903,0.3110052599403785
2012,1,3,25,35082.0,59708.247702603185,14.371130494270567,26.770873270217702,10.997225442310935,10.795881460797808,3.287314478226114,3.1045907358202536,0.3737304803093742,0.3537747302028067
2012,1,3,26,11247.0,52814.442466624285,13.176046945852228,24.916609013917476,10.874539963856268,10.808897813089946,3.215534609777299,3.1553351568846644,0.14254514090069734,0.12772379591374683
2012,1,3,27,16247.5,66304.47429239159,13.977535005385445,30.34297366821435,11.10201265945334,10.934637802343635,3.4125649805946465,3.25966826118821,0.34217321330592015,0.3249179230167386
2012,1,3,28,104098.0,53247.26983753719,13.108109665891757,24.310457183030895,10.882701811600707,10.7915051833647,3.190906594528442,3.106632627217359,0.20569895154116108,0.19428798010926096
2012,1,3,29,261583.5,48760.76687721654,13.034503323030696,21.92002487010106,10.794681311060057,10.616434910012526,3.0874005966640734,2.931861042117509,0.3388438414184023,0.29770769680291465
2012,1,3,30,128428.5,59577.944774024676,14.269286022962193,26.631909548962756,10.995040730439413,10.802984282527587,3.282110103937832,3.109932890483157,0.37448918352532884,0.33762366869674715
2012,1,3,31,61840.5,62632.18166181999,14.180884695304856,28.256999249145135,11.045034509046886,10.807179311537489,3.3413411879364405,3.1286474889549742,0.42707004837691126,0.38939571347144925
2012,1,3,32,18829.0,28751.26413780001,11.734186627011525,13.923258153400731,10.266437015269279,10.123669142449309,2.6335606902621684,2.4965165547377723,0.2798454838936725,0.27130206350235914
2012,1,3,33,72930.0,79886.28078535495,13.522267928150281,31.234034701963587,11.288359412197327,11.194126570831829,3.44150835609672,3.334209598960419,0.2092604053966452,0.23269353242872032
2012,1,3,34,228559.5,73106.88886187866,13.950905562884063,33.13385785778909,11.199677880174255,11.087720001783003,3.5005556555870947,3.391844507688674,0.2446240048816284,0.24066834163498055
2012,1,3,35,93503.0,48423.476620468435,13.504112167524037,22.087431962780258,10.7877400292459,10.579265127268904,3.095008757291563,2.9083783922925655,0.40083898643406124,0.3620237680047528
2012,1,3,36,201140.5,34634.088958858105,12.729370763222722,15.518392058114175,10.452593706050061,10.227729385252836,2.742025904884803,2.552029500268233,0.40393445635261555,0.34982896783256695
2012,1,3,37,54635.0,45770.123511361926,14.090711082639334,20.973119689048808,10.731386832166265,10.449211759367232,3.043241602997523,2.7720172780411536,0.5058585236828348,0.5031241961948894
2012,1,3,38,328836.0,38815.24394552259,12.414635258913258,18.211158427677077,10.566568333646067,10.40911326341894,2.902034506635288,2.755261521752457,0.30829271009772935,0.28986733440516677
2012,1,3,39,92920.5,51057.20133980702,14.01141836300924,23.15025565309711,10.840701878087,10.618668715842158,3.1420058238015947,2.925479602962703,0.45226832682624324,0.45203008178207027
2012,1,3,40,127517.0,64547.57507895249,12.8218747304281,23.29675291818887,11.075157829015351,10.630186982613054,3.1483139911258013,2.6778989228374046,0.9276809411136138,0.9864055996963299
2012,1,3,41,79076.5,31318.134929308108,10.075875892332109,13.136684218776145,10.351952599458969,10.172638017538475,2.5754086386538306,2.396258568609599,0.3327336040911374,0.3347951474659689
2012,1,3,42,190974.0,37187.22076579076,11.924387612973494,16.89980923380994,10.523720453440722,10.298986484370278,2.8273023339250782,2.6237045379283868,0.4466355337843582,0.4171284484275119
2012,1,3,43,35410.5,45950.09209925407,11.73626466725971,18.73328651995837,10.735311132118149,10.508385684475092,2.9303019692938066,2.7145771111707537,0.4259018757210408,0.4258476432531837
2012,1,3,44,555273.5,52216.851724793276,12.351819418718884,23.157355955718117,10.863160551749228,10.721332448060592,3.1423124819266834,3.0042901405679427,0.31833033676289624,0.3170121186855012
2012,1,3,45,192880.5,56483.485999039935,13.012124087193884,25.943356370909452,10.94170359120864,10.816245176704351,3.2559155602987886,3.133217651084595,0.2753024148864962,0.2759239619016264
2012,1,3,46,216773.0,51279.41756001812,12.537848348272156,23.46062351818611,10.845044733496081,10.704892285747205,3.1553234207999394,3.021800318084699,0.31454166005967726,0.3040644777182492
2012,1,3,47,1271674.0,52405.51308446851,12.332862038541323,23.857711720991265,10.866767076310447,10.678326837883258,3.172107507669612,2.994762741935051,0.39572257113521736,0.3793719675024402
2012,1,3,48,30994.5,62132.40037264766,11.763893594024747,24.583825702695666,11.037022876991106,10.895301145701415,3.2020887349354807,3.0687626821260436,0.31240630458620866,0.2952225301514521
2012,1,3,49,192519.5,66816.62251537232,12.75209524230013,28.61307305177113,11.109707168619671,10.971010165151077,3.353863713099835,3.2228280252352217,0.2690041577756101,0.2560963885640532
2012,1,3,50,113434.5,52697.953484544865,12.424086146630875,23.67315247459337,10.872331900465078,10.777473436597544,3.164341599051106,3.0740616333116995,0.19670413285514407,0.18738874816113157
2012,1,3,51,16472.5,40814.37267362687,12.385915920473517,18.501678973612222,10.61678956977167,10.453019827469408,2.9178614832966536,2.7598169968642794,0.36416876748199795,0.3620433573048082
2012,1,3,52,10819.0,47919.40759794223,12.151123024309086,21.40227760871055,10.777275870399524,10.417403606852957,3.063497346678079,2.7145477078554823,0.5431635598204464,0.5411880665115687
2012,1,3,53,28715.5,48250.53813251862,13.124201215371489,22.191499733228323,10.784162259710504,10.610484170820168,3.099709320655639,2.9433889892331138,0.33079605681858054,0.31612305416110853
2012,1,3,54,46636.0,37583.11971433941,11.23494725105069,17.256327374279778,10.534310284804992,10.416657943497711,2.8481788805271893,2.7423947064890957,0.23288188770676033,0.21708174823164667
2012,1,3,55,66391.5,64791.69957358425,12.841282393077426,29.466612213266007,11.078932781135514,10.952257394326205,3.383257833007695,3.2616398572861542,0.2734588133158598,0.2663146229097129
2012,1,3,56,30424.5,39437.34889748695,11.722920672484346,18.105524178992475,10.582468587833743,10.480162614451432,2.8962170949659924,2.8034756436553363,0.20663865787567673,0.1885127871603404
2012,1,3,57,10004.0,44438.87954239569,11.699020391843263,20.00947996750708,10.70187003061834,10.598831057434097,2.996206159627601,2.9005108164247346,0.22657893378199018,0.2134515506620464
2012,1,3,58,72656.5,41508.58079073108,11.912258366422826,18.955740599488784,10.63365545088735,10.527905266760092,2.942106819663155,2.8384806072372046,0.22121124560454142,0.2166907922303965
2012,1,3,59,43199.5,45320.45082473972,12.435745784094724,21.46871129349808,10.721513662681604,10.623779226641963,3.066596586498055,2.9749941826474116,0.21444886258288956,0.2057338644771715
2012,1,3,60,22680.0,35045.44813627044,11.688756613756613,16.542749984815515,10.464401016305096,10.271548705476055,2.8059479384607764,2.628222561355118,0.38260843387964555,0.35499074150852744
2012,1,3,61,248283.5,46100.17876746451,11.885546159934108,20.984062229847623,10.738572106796408,10.606204020834927,3.043763208145746,2.9236778208014877,0.2768258496917544,0.2538753716680401
2012,1,3,62,206372.5,44859.87286571297,11.987861754836521,20.364787657085436,10.711298974046844,10.577838918780236,3.0138073141904025,2.892010084300372,0.279977620046352,0.2608320120265773
2012,1,3,63,88144.0,54906.425396705075,12.9188713922672,24.365096021222964,10.913385658840536,10.788912934100278,3.193151617236728,3.0775175733005082,0.25871591699973145,0.2425743916304682
2012,1,3,64,816580.0,46504.94166640632,12.26310465600431,19.317197356910196,10.747313858324771,10.592170591585836,2.9609957539194003,2.8145741837351204,0.315650211282024,0.29862845576902375
2012,1,3,65,144302.5,58580.97804940375,12.173565946535923,25.10446332160009,10.97816531620349,10.815408829583724,3.2230456519070483,3.069691182932253,0.33490585024327796,0.31652782721226247
2012,1,3,66,283748.5,38440.89638808442,12.085300891458457,17.91968721160221,10.55687718196126,10.404461148888375,2.885899952684751,2.74479927272505,0.3050544723149105,0.2808358695417999
2012,2,3,0,5153852.5,,14.701099226258416,,,,,,,
2012,2,3,1,1190124.5,80484.55105553988,15.278571275526216,34.86651022866373,11.295820532635581,11.059050241110398,3.551526776203041,3.333859082900667,0.47716536579385377,0.4464275718114969
2012,2,3,2,859968.0,64987.27685098407,15.081619316067574,29.711178214877858,11.081946788963961,10.8978914051589,3.3915233458702123,3.226236584907501,0.34161553798272193,0.31155661912392285
2012,2,3,3,7330.0,73897.39973483593,18.214461118690313,34.42404727628384,11.210432920049799,10.99192736780113,3.538755368887779,3.3438785352168563,0.5271761409249685,0.4683721988620644
2012,2,3,4,39975.5,91289.42518834624,16.389688684319147,41.62874799920023,11.421790234993638,11.295289310555374,3.7287909862698965,3.6071084745547886,0.2637181961080925,0.26070734263700074
2012,2,3,5,145878.5,74472.08272854947,15.104885229831675,34.5776993421056,11.218179605663545,11.078818398048348,3.543208946581609,3.4105231688862867,0.2823361575874367,0.2709849357866672
2012,2,3,6,33610.0,85808.02625063484,18.24596846176733,38.85917827589158,11.35986782714559,11.204138027429474,3.6599442979689405,3.520857968176874,0.3212453294696183,0.29576645334362583
2012,2,3,7,71376.0,164388.98492414664,20.041792759470972,69.14115116015152,12.009990757681564,11.726831109713226,4.2361500840533335,3.969667112438728,0.6738897902824016,0.6439338202344251
2012,2,3,8,566851.5,69362.61706583513,16.56628411497544,33.74065899353803,11.147103342372292,11.055695281211879,3.518703608448662,3.428937619232096,0.19619768899786888,0.19346049904686177
2012,2,3,9,119172.0,63383.62063651387,17.874458765481826,30.822233580968625,11.056960757465514,10.944410058850996,3.4282362990690207,3.3224524423647264,0.23212303740811766,0.22057302544100202
2012,2,3,10,98258.0,70373.14887942259,19.479177268008712,31.061116201097853,11.161567061428869,11.037186929241493,3.435956754006501,3.319620994669725,0.2582393852293853,0.24219699256533445
2012,2,3,11,1043313.5,47270.796164416235,17.292068970640177,21.918272003686088,10.763647966556723,10.62053375982524,3.087320627023786,2.951658603182697,0.32814355926563255,0.2983973732436653
2012,2,3,12,32737.0,51223.81516821897,18.54867581024529,24.936140794378794,10.843959842887797,10.744155641117585,3.216318188678595,3.1179764501197473,0.2243348742001622,0.21618815734642238
2012,2,3,13,50067.0,85173.47301282651,18.4379331695528,38.355037028524336,11.35244531472334,11.1580646519602,3.646885862826628,3.4676800958446927,0.3838973509462891,0.36199763703063015
2012,2,3,14,145254.0,44555.56794044106,17.039634020405636,21.25093148530242,10.70449240691746,10.58580215235003,3.0564007290121844,2.941442450248492,0.26014914783510024,0.25409986977627935
2012,2,3,15,70612.5,141764.6187551378,19.45411931315277,60.42634197353509,11.861923346820118,11.578932669695764,4.101425135255387,3.8446075666004553,0.6105000032863163,0.5583910048443891
2012,2,3,16,170885.0,55814.04108417389,16.873885946689295,25.762439375790184,10.929780749048163,10.64776162015475,3.2489175930178913,2.9860356397567154,0.6256186467257769,0.6005806486028898
2012,2,3,17,262515.0,48290.18473795164,14.70243605127326,23.933474441212542,10.78498360445463,10.674774712059627,3.1752780832410785,3.0657079637629407,0.2298394805910093,0.2311313530925008
2012,2,3,18,34596.0,51546.90814012097,14.141230200023124,24.31060298309181,10.85024750976316,10.726103418196653,3.1909125919320536,3.0762691189728733,0.23442285353500877,0.22033425940495724
2012,2,3,19,9942.5,56911.10815835521,13.774905707819965,26.4735724004287,10.949245823527695,10.776342631425852,3.276146967481329,3.111902622147815,0.3548085972566712,0.32854608720482353
2012,2,3,20,167889.5,66122.49265163297,15.018955920411937,31.09132033447301,11.099264250129895,10.960581495821373,3.4369286913089296,3.30568601855716,0.2935312008405958,0.27849802515642885
2012,2,3,21,1072302.5,48474.855429634285,14.390650959034414,21.87395305611565,10.788800497736819,10.466846803639557,3.0852965708064817,2.801982340438464,0.5976986150670283,0.5278188780684108
2012,2,3,22,787184.0,38532.57142072141,13.810594473464908,18.863924308110636,10.559259173538171,10.452519628812903,2.9372513312822277,2.835944858645618,0.2164737317393202,0.20521304691400347
2012,2,3,23,192957.5,32342.771174189547,14.04633662853219,15.892184028019734,10.384145818210476,10.269959661171852,2.76582741780097,2.662632752136098,0.21547896576505182,0.1962799293872446
2012,2,3,24,103423.5,36598.22977566282,14.311960047764773,17.80368797257188,10.507755151434578,10.397469732946693,2.8794056253075957,2.779409594442877,0.22114324030299531,0.20420192667851347
2012,2,3,25,387458.0,39648.13701909111,13.773513516303703,19.22968335620262,10.587799240312,10.479196016045574,2.956455093329011,2.8550145527901805,0.21235650231676487,0.2007735702050028
2012,2,3,26,10404.5,45204.41006969728,13.010428180114374,21.77192667824513,10.71894992897454,10.649803642666187,3.0806213728575345,3.013483863029029,0.15681541402257115,0.15480705696087066
2012,2,3,27,22123.0,41145.16979509233,13.46905934999774,20.027101321272266,10.624861818780413,10.46434772350514,2.9970864223441365,2.837422987165059,0.2692203499535151,0.25987800303919345
2012,2,3,28,65501.5,46194.93443943029,13.305847957680358,22.150116705850873,10.740625426890293,10.662772722876158,3.0978427653644367,3.024582986345415,0.18973915333408523,0.18205175765061352
2012,2,3,29,215097.0,36197.631581140486,13.121800861936707,17.186227319626013,10.496748969738146,10.35743257580915,2.8441083258270634,2.7210020185687385,0.27131843790582316,0.24059735583655698
2012,2,3,30,359075.5,40751.37268020684,13.696860409579601,19.47223247448503,10.615244803505517,10.49191860715323,2.9689894750854187,2.858155242523532,0.24417987618435968,0.2204662479260263
2012,2,3,31,378897.5,37191.84232877374,13.84696124941442,18.112732087556463,10.523844723975914,10.412577559858772,2.89661512123242,2.793490875717326,0.21672042735857489,0.20143139627201698
2012,2,3,32,172075.5,20947.66658023964,12.67155986761625,10.667993936246468,9.949782538728869,9.807839467430815,2.3672480379137633,2.2344120582635445,0.27548931813432753,0.25679522128927956
2012,2,3,33,3487.0,71675.24427710843,14.279323200458848,29.687089595378165,11.179900698867263,11.078173082435091,3.3907122575436226,3.273375687897512,0.22181720889698037,0.24881816033272566
2012,2,3,34,50532.5,57779.7573591863,14.004432790778212,26.896599768253825,10.96439377462038,10.821762838619154,3.291999875951159,3.156641958919963,0.2990617826649106,0.28832036993554905
2012,2,3,35,35791.0,39825.29158683156,14.091671090497611,19.026741140799498,10.592257456454686,10.405521714446069,2.9458454181304563,2.7719301447990485,0.368551910480728,0.33908688393687425
2012,2,3,36,395945.5,21943.781046709046,13.540805489644407,11.036968634779551,9.996239054747257,9.845052460817591,2.401250422961897,2.2655295466564764,0.27017227269740246,0.24601211633711045
2012,2,3,37,451447.5,29042.54195525061,13.676892661937435,14.265364890431083,10.276516998002258,10.137511439920496,2.6578345637586507,2.523636467144156,0.26791161513239736,0.26807505706253837
2012,2,3,38,136053.5,25559.382887815736,12.533047661397905,12.525563388821052,10.148759764530826,10.01506469992392,2.5277716271027044,2.405688033156378,0.25700433587483296,0.23561535916319662
2012,2,3,39,345037.0,29530.453705320164,14.439460115871631,14.18398195282727,10.293177338836674,10.0550558355979,2.652113296409794,2.4141483383805005,0.49869197793855646,0.5067019448142607
2012,2,3,40,22111.5,39889.18870784388,14.056712570381928,15.382301800650328,10.59386060645858,10.079781440687007,2.7332176148201204,2.2436639455492857,1.1624020626858718,1.1617227354524224
2012,2,3,41,22386.0,27501.29238221048,11.17877244706513,12.07255444463857,10.221988278267144,9.936794002536763,2.4909346485618573,2.2425994074483726,0.4565389073358148,0.4557358790076062
2012,2,3,42,40957.5,30227.433615348746,13.350399804675579,14.30268926193352,10.316505188878551,10.101130066021318,2.660447579859816,2.4541779784445836,0.43430446170377535,0.4206553129856434
2012,2,3,43,2854.0,37406.90503055947,13.249124036440085,17.092077781630618,10.5296105928468,10.339111322988579,2.8386150685338047,2.6345093480713375,0.39134056453487337,0.41926258942617556
2012,2,3,44,13372.0,52073.24149199012,13.203260544421179,23.668274057446375,10.860406496802204,10.72293832776821,3.1641355039871577,3.0356648291881716,0.3019200077455554,0.27807705036078484
2012,2,3,45,14351.0,54196.9519431988,13.473277123545397,25.302817138392474,10.900379948636012,10.786600310665369,3.2309157388781724,3.1143854937654063,0.2177511901292135,0.2228532434674426
2012,2,3,46,12261.0,40035.25415142134,13.366691134491477,19.11534609950856,10.597515698717416,10.411189422205362,2.950491473158072,2.7664056989025743,0.42762636834633905,0.42450040471913303
2012,2,3,47,37455.0,43195.55688973495,13.258363369376585,20.41198180027842,10.673492919168147,10.439344138068872,3.0161220715825943,2.7841605105352984,0.500671650207636,0.4933708205162927
2012,2,3,48,907.0,53123.17385257302,12.787210584343992,24.49646441893385,10.880368531096098,10.74928933674259,3.198528797705802,3.1076978732508582,0.18608041599211378,0.1413323893753704
2012,2,3,49,38892.0,51126.306895803966,12.96744831842024,22.970633277403977,10.842054455772493,10.665520763180494,3.134216586081698,2.9694222720684125,0.3151160488204301,0.29584663566408115
2012,2,3,50,5423.0,42265.99546338302,12.411395906324913,19.89858612671195,10.651738151987189,10.452350030335086,2.990648680297406,2.790869289707807,0.3153660650631039,0.3002535942029658
2012,2,3,51,1893.5,30040.575535168195,12.359123316609454,14.655167202264161,10.310304264654867,10.186066331241165,2.6847929833276694,2.563732864014599,0.2725448861960128,0.27029613346512565
2012,2,3,52,11253.0,26790.019899956504,14.029503243579489,12.576125723096327,10.195784705351238,9.966486373319842,2.531800232702428,2.317908608070984,0.4713009866530961,0.44894560876661843
2012,2,3,53,74882.0,35540.738760222965,13.510109238535296,17.679995235586702,10.478434888218064,10.36592852859841,2.872433787729071,2.7652096471709267,0.2183715175849269,0.20613005629685385
2012,2,3,54,36319.5,25139.336554371566,12.194000468068118,12.383515238122815,10.132189091755107,10.034781477562362,2.5163661718727877,2.432605925697867,0.19447830876159328,0.16726073048006682
2012,2,3,55,2976.5,51660.23226503421,13.249790021837729,24.13176619212405,10.852443562672132,10.707633290308943,3.1835290718246365,3.053072720451058,0.315310934198613,0.2854369497813318
2012,2,3,56,5814.5,33818.08277268094,11.68131395648809,15.52052780665632,10.428750931687814,10.283232299985142,2.7421635223376537,2.613640750276776,0.28479365050169975,0.24670944443068785
2012,2,3,57,2572.0,30208.400904605263,11.273716951788492,14.4850141520759,10.31587534032847,10.203629329277957,2.673114608236777,2.5688354375846205,0.24550269081611942,0.22276168893242326
2012,2,3,58,18991.5,31396.246249203497,11.691546218044914,14.649972381103165,10.354443618546417,10.25643880494733,2.6844384502123684,2.5966138959321152,0.21634896700780862,0.20038549105104456
2012,2,3,59,11612.5,33316.979520865534,12.640947255113025,16.176291754570038,10.413822441537475,10.31109310172439,2.7835466983772124,2.681143620563075,0.20143061997600165,0.19998014044931997
2012,2,3,60,48053.0,22141.382089007147,11.764301916633716,10.902905291694552,10.005203629292009,9.888812675167022,2.3890292942419196,2.284659314602086,0.22113974545632972,0.2044175412968342
2012,2,3,61,108589.5,31255.368587137906,11.744487266264233,14.777764749832512,10.349946435197925,10.206367374353475,2.693123669294865,2.562972448422312,0.27565331251068265,0.24628878988227002
2012,2,3,62,84019.0,30985.755406207307,11.90583082398029,14.732669781090834,10.341282874837846,10.240663899908652,2.6900674619188023,2.594960621903113,0.21039707463035243,0.1987305363224423
2012,2,3,63,55569.5,36659.95024080336,12.638263795787257,17.118705205253335,10.509440164076992,10.35932891305012,2.8401717373191953,2.701678714216052,0.29266512785748594,0.2655653555309755
2012,2,3,64,119895.0,34507.317518585216,13.752199841528004,15.75029339653236,10.448926682516982,10.268866487165804,2.756858993449397,2.593835657152049,0.34094042814001146,0.31837770197319853
2012,2,3,65,3961.0,51217.842524509804,12.548851300176723,22.36832577296916,10.843843237127007,10.714442538364418,3.107645930187526,3.0000143101453345,0.2846709627131102,0.24503411999247424
2012,2,3,66,110395.5,27542.34310038942,12.086579616016957,13.373869561222998,10.223479848561501,10.09406651683262,2.5933027704230907,2.470264030566471,0.252919379141846,0.23527867060243762
2012,3,3,0,760452.5,,12.28919229011674,,,,,,,
2012,3,3,1,115785.5,88160.00668849392,15.22020460247613,36.903008566012,11.38690870025441,11.131804247806903,3.6082930806771056,3.3696021685817406,0.5376662937562798,0.5146641953903355
2012,3,3,2,62218.0,68295.21371051001,15.175431547140699,31.293402014930084,11.131594965658394,10.973981578860874,3.4434072770799893,3.292159195661195,0.3186801512447048,0.3098761915346568
2012,3,3,3,753.0,103217.08028169014,16.717131474103585,42.838150090231025,11.544589624940416,11.376116665278465,3.757429062813176,3.6378500962078375,0.3088827597702116,0.2381893116544721
2012,3,3,4,15757.5,91691.59793130885,16.117404410598127,40.974312032633314,11.426186028433902,11.323036395256581,3.7129453345593086,3.607689840111558,0.21081078396872657,0.222621073958287
2012,3,3,5,34044.0,76238.91400392023,14.992039713312185,35.02932170807419,11.24162729378697,11.128246313156813,3.556185473849623,3.4433543376790245,0.2403964332401968,0.24574063114586872
2012,3,3,6,2556.5,82345.76265822785,17.185214159984355,38.56961816452296,11.318682279008426,11.205507228747518,3.65246487236618,3.531612528824936,0.2851995283617783,0.302566086874146
2012,3,3,7,8504.0,208441.51537048377,18.957431796801504,80.23582751372805,12.247413779052778,12.00081184277731,4.384970142223464,4.1230122159043505,0.5981977496508978,0.6211749715495978
2012,3,3,8,10475.5,75876.9253164557,15.888119898811512,35.66670866983349,11.236867902886067,11.090027571829927,3.574217723451986,3.4380930203764426,0.2954144553485336,0.2810212244563358
2012,3,3,9,4281.5,81945.97748639288,15.779983650589747,37.33950272891145,11.313815497993417,11.102477979490232,3.620051820641703,3.4379769365156325,0.4602962937895274,0.42663825461672716
2012,3,3,10,7051.0,71679.09031198686,19.240107786129627,30.861365887684187,11.179954356608276,11.042048139303894,3.429505106735969,3.291757148990113,0.2931923175657816,0.29169465512954307
2012,3,3,11,38069.0,53986.15747983002,16.467414431689825,25.03286648499244,10.896482949718827,10.772326208600784,3.220189620859872,3.098355622095208,0.2750862106386385,0.26494390585743766
2012,3,3,12,404.0,52130.517441860466,16.178217821782177,25.58145396099534,10.861505803702924,10.75974199399432,3.2418676342928197,3.1515372434361506,0.19360231735010724,0.18001734929270952
2012,3,3,13,2630.5,95098.17062374245,16.33567762782741,43.650423797131545,11.46266501200506,11.24165408859277,3.7762129912220197,3.587991082816054,0.38662915050024266,0.3421768928458977
2012,3,3,14,20786.0,51992.599640363864,15.981189262003271,23.145606403575783,10.858856672827493,10.667575440893872,3.1418049743377154,2.9401562373778125,0.34243103732496455,0.35343708077267727
2012,3,3,15,5463.5,130544.3378741366,18.637686464720417,51.867506110247334,11.779468201866425,11.513033232106107,3.948692507590083,3.7078790416626126,0.625001269926178,0.5881260518740082
2012,3,3,16,13758.0,56928.03415710503,15.617967727867423,25.550146655787017,10.94954319047074,10.715777059593904,3.240643056585765,3.02478395155723,0.5185995262352292,0.5048815038447979
2012,3,3,17,15850.5,59161.72587268994,13.995142109081732,27.703829729255137,10.988030089365575,10.858235988720647,3.3215706610104547,3.205157862155801,0.23205231371515397,0.21380740133496676
2012,3,3,18,11283.0,60920.040915131955,13.607994327749712,28.60034536704271,11.017317478629554,10.923514278256825,3.3534187935236197,3.2582975910433336,0.21459712095402672,0.21667060616626296
2012,3,3,19,1788.0,66251.80130718954,13.166107382550335,30.162660404903438,11.101217933021323,11.018579792489168,3.40660474896116,3.320519348128219,0.1804732886832879,0.18073755477327985
2012,3,3,20,15779.5,85386.45403783067,15.645552774169017,39.2592815611312,11.354942749371528,11.232701136825106,3.670187889168172,3.541149522341885,0.2536391969414105,0.2577167061096168
2012,3,3,21,94879.5,52425.19848630828,13.875347150859774,22.83580112029408,10.867142641863255,10.624008079446124,3.12832952902109,2.900057133168009,0.4738292572595207,0.44819707494178984
2012,3,3,22,4883.0,53594.364408674264,14.550276469383576,25.49219863643429,10.889199199901913,10.741873299912895,3.238372469530362,3.106980373825914,0.3012083474681543,0.2729843699686099
2012,3,3,23,4782.5,41695.37073281748,14.380554103502352,19.764733396121247,10.638145388022927,10.465557944662525,2.9838992079716777,2.8306763379246176,0.3118225934150396,0.2820222428097195
2012,3,3,24,4039.5,36944.30860612461,13.36823864339646,17.595783459976584,10.517166884908365,10.418590566579287,2.8676592972034647,2.7673774346754327,0.1975690792052182,0.20040512988909523
2012,3,3,25,5159.5,54424.700510855684,13.836030623122396,25.496149308684533,10.904573383301308,10.673975543517964,3.238527433259032,3.0334076399465557,0.39235320768227067,0.3501203931325693
2012,3,3,26,4164.0,49137.694889397404,12.79178674351585,23.572186788044416,10.802381735927234,10.748837099801351,3.1600674910934488,3.105325411270272,0.12786485573769776,0.13575433804610507
2012,3,3,27,2252.0,46914.22445972495,13.551065719360569,22.781800160942,10.756076201834556,10.68835859305323,3.125961978643181,3.06656126485068,0.1345989565491586,0.11662398692810141
2012,3,3,28,26664.0,50162.74433785774,12.996774677467746,23.192138438163486,10.823027885489953,10.731764316456772,3.1438133608221097,3.0640828641071063,0.21209147030511902,0.19323934163491638
2012,3,3,29,45835.5,41250.6262921075,12.98236083385149,19.249507580524842,10.627421574486538,10.444189580031003,2.957485480174138,2.790225003302058,0.3596612589259639,0.3303036805819597
2012,3,3,30,21204.5,47810.23467762651,14.08026598127756,22.404327057334534,10.774995010154987,10.613007111564297,3.109254112408081,2.952533494638229,0.32393016383736395,0.30899235452869706
2012,3,3,31,12791.5,46851.835546218485,13.906578587343157,22.13445742553022,10.754745466113992,10.630519652184862,3.0971355538226994,2.9758642401654947,0.2546283004339589,0.2605796054231798
2012,3,3,32,10204.0,28978.045697054047,12.17718541748334,14.136861560765565,10.27429377733622,10.146331458901729,2.6487856811486514,2.525122560528569,0.265911584553542,0.2514162593904985
2012,3,3,33,7478.5,68437.65973772321,13.513538811258943,26.635257864903128,11.133678533057422,11.035121347800308,3.2822358217526637,3.1806430144106197,0.20399667977637923,0.20618396147905407
2012,3,3,34,44128.0,62205.04414767527,13.857006889050036,28.086273380800574,11.038191371060988,10.90138029511081,3.3352809652022612,3.2013104186101273,0.2941101358342259,0.2939392025813364
2012,3,3,35,43056.0,42748.40147636004,13.332357859531772,20.261072751051845,10.663087081299947,10.491689547309594,3.0087014466316027,2.840055234673862,0.3331492210761213,0.3245604467864744
2012,3,3,36,56097.5,28735.41560332277,12.575943669503989,13.65580899954618,10.265885634151074,10.111080725764383,2.614164998835025,2.4788827457799316,0.3067688491303673,0.2697083795715543
2012,3,3,37,29747.0,34949.70760301353,13.412915588126534,16.558323037740745,10.461665381475703,10.30977068128784,2.806888877992471,2.6482986857026756,0.29965064052442975,0.33243474721191774
2012,3,3,38,81988.0,30444.93429671048,12.566631702200322,14.6364660546044,10.32367489794248,10.196114430417197,2.683516089681165,2.5594066226774954,0.2533592479154287,0.2454582083567041
2012,3,3,39,21018.5,42005.95559813851,14.037015010585913,19.490319265550436,10.64556668716852,10.485721676781363,2.9699178943781415,2.8183230824963745,0.33881768932583334,0.3300268984558733
2012,3,3,40,1424.0,63272.227311280745,12.658005617977528,24.734120473303566,11.05520176479744,10.418864922198537,3.2081836860650004,2.629586169075568,0.9833092302110429,0.946881994019969
2012,3,3,41,7006.5,30262.24254684838,11.850139156497537,13.355362551074215,10.317656093877567,10.046699025355293,2.5919179934097847,2.3505497057027833,0.42407469938584047,0.4409091350537519
2012,3,3,42,22430.0,27190.997715797068,12.373874275523852,12.938685984497862,10.210641231171655,10.042094267471791,2.5602217371234746,2.3944169790195624,0.3695555358475003,0.36286966477234167
2012,3,3,43,2075.5,30779.972417840374,11.60973259455553,13.691317024924945,10.334619511285918,10.15709686282481,2.616761838100785,2.4381600535214853,0.38316779251642286,0.3673614716764424
2012,3,3,44,46039.5,45319.50952426306,12.746250502286081,20.755586825644347,10.721492892582564,10.59185609802583,3.0328154550462485,2.9013681913715867,0.29181771820856955,0.3006656208463091
2012,3,3,45,20139.5,52358.42435666284,13.479629583654013,24.51992272327671,10.865868127070339,10.742638990040907,3.199485959483791,3.0626083998925586,0.26277957795057155,0.28596135341308626
2012,3,3,46,21553.5,44168.34916553219,12.464657712204515,20.87960053996504,10.695763729328672,10.580210119703061,3.0387726316037056,2.921123470512293,0.2532801632995756,0.26553086420478283
2012,3,3,47,106648.5,43580.67387881679,12.470001922202375,20.33564481209992,10.682369071408358,10.502614263394783,3.012375248327804,2.8325385656632314,0.39451696328615915,0.38958425304369537
2012,3,3,48,2128.0,48302.89211391019,12.006578947368421,20.213129379401984,10.785246715982826,10.648611519089483,3.006332362545938,2.8538116429198963,0.2741962393875591,0.3138585670917183
2012,3,3,49,18448.5,56574.83063176585,12.901861939995122,25.204541469864353,10.943319476803326,10.802530893128496,3.2270241953383434,3.0928248085418093,0.2671263111934069,0.25752867011263036
2012,3,3,50,5730.0,44661.2692593971,12.373298429319371,20.357503685802165,10.706861945487319,10.581911695076988,3.013449575412905,2.903793056291405,0.2659267239618525,0.23076785303125466
2012,3,3,51,929.0,55163.24213406293,11.066738428417654,25.521000331795168,10.918052107084637,10.730326229088648,3.2395016556627256,3.028443220642049,0.38963547662575887,0.4816801102044748
2012,3,3,52,1063.5,27523.540021344717,11.606958157028679,13.811375115698914,10.22279691827111,10.033389465921482,2.6254925363741792,2.460475349091148,0.48762385433063826,0.4166066091700333
2012,3,3,53,4597.0,50637.3644929333,13.222536436806614,24.65864758759907,10.832445011485312,10.546183480296419,3.2051276538802767,2.9070923845077985,0.4195557726825283,0.4390302368889017
2012,3,3,54,8580.0,34894.7711223203,12.15967365967366,16.375139091595123,10.460092272390346,10.310235497016187,2.7957642756284544,2.654513479210326,0.2764794595129143,0.26163070069858746
2012,3,3,55,8490.0,55503.85675408214,12.731448763250883,26.001069056580764,10.924207788384678,10.78340850231433,3.258137654736977,3.117623081562185,0.3251188273162873,0.32067051197013824
2012,3,3,56,3745.0,39729.61567933982,12.64859813084112,18.476527128464138,10.5898521754505,10.4993485478484,2.916501122604334,2.810474002665142,0.2066872946972992,0.24347741038646736
2012,3,3,57,1366.0,48888.53433678269,12.329428989751099,21.88222329614304,10.797298176329756,10.58064337756428,3.085674585560755,2.882092378743994,0.5103841050193076,0.47398470943088455
2012,3,3,58,10525.0,38994.29959297344,12.32332541567696,18.083783875649672,10.571170750146011,10.449888170453674,2.8950156182245617,2.777192801014935,0.2564422468493314,0.24703639132377192
2012,3,3,59,3674.0,44084.45006053269,12.591997822536745,21.097455201151874,10.693862392917579,10.567735427891447,3.0491524266279826,2.9148991779632683,0.31064413597686324,0.34116757212563004
2012,3,3,60,5813.5,28085.40270009643,11.8661735615378,13.374284545664848,10.243005243482088,10.10337395452493,2.5933337994384185,2.4621330317885977,0.2770087948367156,0.252931821184586
2012,3,3,61,46819.0,41713.260463626735,12.26892928084752,19.361701129237137,10.638574353966307,10.48033041211738,2.9632969462339624,2.813676832457806,0.33211170854089617,0.31463747254378327
2012,3,3,62,26598.0,40729.69715334386,12.052673133318295,18.87648453392347,10.614712765145722,10.476412453457735,2.9379169428461687,2.8076614962629693,0.2870926175470815,0.2624260757339121
2012,3,3,63,10124.5,48031.94953972042,13.187317892241593,22.566098271940145,10.779621683877183,10.659343934947648,3.116448703574278,2.997277255106286,0.2718694237262686,0.26660462032452614
2012,3,3,64,179656.5,42815.34213670136,12.588428473225294,18.549521730004944,10.664651778475926,10.504232245700917,2.9204440059720036,2.764555343234316,0.3313930779569137,0.32619111900011105
2012,3,3,65,14095.5,47963.10781692356,12.188003263452876,21.0514680733749,10.778187407228073,10.626086871623043,3.0469702998995993,2.9061391803603738,0.36705005781245653,0.34340180680679006
2012,3,3,66,65365.0,35839.61912937316,12.530452076799511,16.977647385135693,10.486809240061785,10.312855425452351,2.8318976191718206,2.663402064823528,0.3494523357785382,0.3342561607382381
2012,4,3,0,829416.0,,13.155721616173308,,,,,,,
2012,4,3,1,140582.0,68744.26858444887,15.349561110241709,30.8635320605169,11.138148646009295,10.948853167264382,3.429575294712154,3.248377555428301,0.40847326966037806,0.39419470896324227
2012,4,3,2,125676.5,60467.929007976534,14.980334430064492,28.65250478992232,11.009868404425053,10.874773063507003,3.355240866561631,3.2228856817184224,0.26947139218510224,0.2655430029021027
2012,4,3,3,350.0,70177.42285714285,16.385714285714286,34.020487659999304,11.15878192656415,11.067053071475403,3.5269629213740696,3.453418794513665,0.23600283456815507,0.2022415189035917
2012,4,3,4,3032.0,74005.96302755494,15.651385224274406,34.84674444205261,11.211900950393241,11.093919895530016,3.5509597165460467,3.4332140034364445,0.28280721136737796,0.2828764833761468
2012,4,3,5,21957.0,69007.0531241002,15.049414765222936,32.27532484935517,11.14196399754523,11.025528796832708,3.474303001727915,3.362352692726265,0.22766098092264675,0.23356313609519272
2012,4,3,6,2042.5,84806.06275100402,17.724357405140758,39.37672293138313,11.348122313929606,11.254516936754824,3.673174853175996,3.581487376526743,0.19268562504059847,0.19088882445968613
2012,4,3,7,6720.5,175064.06471544717,19.108697269548397,69.75103648317538,12.07290727000149,11.834286192836576,4.244932280564908,4.013730926140297,0.4987118808837896,0.48506473298740144
2012,4,3,8,75152.0,70584.70615232839,15.94588301043219,34.013506452001074,11.164568773276814,11.02831641593004,3.526757694322098,3.383486515703749,0.3069600353260334,0.31823964803777227
2012,4,3,9,10561.5,57132.43666378938,16.261231832599535,27.218069089812147,10.953127302021809,10.831409449411087,3.3038810575217123,3.187404228091147,0.24774007671025747,0.23063977666723176
2012,4,3,10,8966.0,62766.127119758115,19.072273031452152,28.77518287657187,11.047170829866234,10.961792019668003,3.359513309985557,3.271740266373866,0.18026460228389465,0.17785142605666435
2012,4,3,11,139523.0,42397.52902803804,16.118833453982496,20.51706121506937,10.654845361881229,10.477767626714696,3.0212567944063355,2.845317100544496,0.3876404411683249,0.37924904501552104
2012,4,3,12,2645.0,49169.6275212909,18.18336483931947,23.874738399996346,10.803031385052723,10.715068046011982,3.172820929238549,3.0864800214017074,0.1882937327467141,0.1855343344584393
2012,4,3,13,3127.5,66694.07605633803,17.768505195843325,31.550471941686013,11.107871413211896,10.956887736109332,3.4515885474073893,3.291183831517104,0.34543104434749045,0.37039026951099313
2012,4,3,14,40913.0,46596.71347548089,16.283161831202797,22.190131623186407,10.749285291349409,10.627295900703318,3.099647668571183,2.9860431640236667,0.2362392557076494,0.22938445734246687
2012,4,3,15,7672.0,106521.4426184607,18.77437434827946,46.06240821570378,11.57610158300609,11.389472908110355,3.8299971773441244,3.6521935973855024,0.4241581523858786,0.41306653574630425
2012,4,3,16,9575.0,58505.4332326284,16.49190600522193,27.03584309503031,10.976874904678686,10.704035581961504,3.297163507664169,3.0348819536836023,0.624493646451803,0.6451152422040128
2012,4,3,17,51123.0,45488.54674740411,13.466971813078262,22.01110376418749,10.725215853415014,10.582473311501081,3.0915470425857334,2.950979993947981,0.2869225860011182,0.283566981792725
2012,4,3,18,4340.0,48496.988065007616,13.556221198156681,23.727950344114753,10.789256973244761,10.672837372728166,3.1666536926807582,3.050767440071931,0.25845799648951895,0.250294624031825
2012,4,3,19,1078.5,57361.24590163935,14.07510431154381,26.635438064780672,10.957124195777487,10.78368747168985,3.282242587193753,3.1366699348506706,0.4171287688212199,0.3603025299195905
2012,4,3,20,18074.5,65536.17649777573,15.062878641179562,31.452166553400122,11.090357582097829,10.973112872819561,3.4484678695940776,3.333940401285598,0.25364041518232616,0.2478577736566491
2012,4,3,21,116266.0,38364.10648374481,14.127861971685617,18.044115051112364,10.554877574460317,10.306438177235076,2.892819595668161,2.6739433911294874,0.4755337742907182,0.41733537920580344
2012,4,3,22,87685.5,40756.2861782571,13.685706302638406,19.944694795031612,10.615365368814961,10.515324030159967,2.9929631829104615,2.895849824156992,0.2070591065812462,0.20525198383602566
2012,4,3,23,28958.0,35239.88637467616,13.802403480903378,17.22371180031275,10.469933855716773,10.367787078685112,2.8462870274739047,2.7504098027850974,0.2153575900299364,0.20660599189980033
2012,4,3,24,15896.0,38446.78043508576,13.718042274786109,18.8727986195516,10.557030237620006,10.465606738929313,2.937721658905618,2.8509920167118463,0.19209618049198496,0.1835292251531772
2012,4,3,25,40562.5,39582.44489948874,13.386872110939908,19.249309217755297,10.586140988332398,10.48558756179529,2.957475175297986,2.859662317789438,0.21273159326636862,0.205818048224684
2012,4,3,26,5840.0,47121.42589848092,13.14109589041096,22.887869721299943,10.760483078871028,10.695873853337307,3.130607063722694,3.063497817092464,0.14940582440158878,0.14867958308097837
2012,4,3,27,5150.0,37799.40361070762,13.128543689320388,18.205446751984997,10.540048603988705,10.425797159716712,2.901720821396879,2.7924941997429187,0.25552471928660814,0.24610515759187396
2012,4,3,28,18650.5,46069.60338028169,13.161684673333154,22.08855475068428,10.737908648825869,10.640844990841234,3.0950595897907465,3.000979662671173,0.25608561884908204,0.2474560955425249
2012,4,3,29,32952.5,36033.37050275597,13.17086715727183,17.216022641905287,10.492200746487502,10.33555679589513,2.845840499144941,2.704051210961142,0.310548541700234,0.28466699457776073
2012,4,3,30,76098.0,40721.26944988168,13.851257588898525,19.636730413790872,10.614505825833797,10.493127684818134,2.9774018131914444,2.8606491191142274,0.23785889031075494,0.22656474871809174
2012,4,3,31,62637.0,38656.37403120802,13.603940163162347,18.884312015565115,10.562466957137783,10.465407862429874,2.938331525295111,2.841782029790519,0.19433309812312657,0.19369009369570425
2012,4,3,32,50739.5,22499.743393800887,12.176154672395274,11.067993233117388,10.021259183407517,9.860841010085236,2.404057450532858,2.259908328958369,0.2655314369553849,0.24429909038250416
2012,4,3,33,623.0,73413.72407732865,13.924558587479936,30.7529418740834,11.203866173655037,11.134224288623901,3.4259856603782763,3.3596883462359086,0.13813183408976176,0.12799439668540152
2012,4,3,34,24228.0,54132.48660313662,13.937427769522866,25.295140162221763,10.899189776351601,10.766317153930403,3.2306122888323925,3.096626478475214,0.29045465882778027,0.30087243212042075
2012,4,3,35,22405.0,35781.66077490974,13.585762106672618,17.206443894247997,10.485190772277004,10.288126521091488,2.8452839586719056,2.657743307745203,0.38364957699101826,0.35601492698302717
2012,4,3,36,75124.0,22087.14861981708,12.928757787125287,11.038757946743884,10.00275120794757,9.8601433987309,2.4014125296958833,2.2717382402728195,0.24745457380938768,0.22035468904053618
2012,4,3,37,201612.5,28442.122018551236,13.057980035960071,13.707183582250286,10.25562649500681,10.127373437875194,2.617920044480506,2.493658001220878,0.2628467842245814,0.25775159775809375
2012,4,3,38,37561.0,24970.90929908711,12.49575357418599,12.151704959240046,10.125466798273063,9.992099972596018,2.497469485805183,2.3684353934270255,0.2665266674613152,0.25562815815508155
2012,4,3,39,75842.0,30247.121317376615,13.855449487091585,14.027436255571622,10.317156295868767,10.077565972910564,2.6410151443854093,2.408082196349218,0.5482659329904284,0.528548859411379
2012,4,3,40,261.0,32671.590038314178,14.233716475095786,13.61822801531503,10.394261173086763,10.302102323145338,2.6114091905918473,2.443644602959381,0.19692259716294547,0.3609076618120394
2012,4,3,41,550.0,20696.832167832166,11.076363636363636,10.227442389045839,9.937735932171927,9.781688741963938,2.3250745378596545,2.1758784781837335,0.32535836044888333,0.3114227966819199
2012,4,3,42,2632.5,29549.204925650556,12.589933523266856,13.987369973198632,10.293812116402915,10.0815937189777,2.6381547776662306,2.4169833401013183,0.3971695616223628,0.4158310751368855
2012,4,3,43,136.5,23612.18,15.098901098901099,11.574597883224488,10.069517959573941,9.860933661952723,2.4488128592586507,2.2402285589331274,0.34911260250219406,0.34911260735280086
2012,4,3,44,2582.5,56345.09850374065,13.384704743465633,24.497879463736453,10.939250532609975,10.75652310403398,3.1985865613042446,3.056483188226369,0.4310172964453072,0.3435087557439251
2012,4,3,45,2267.0,60587.607228915665,13.715041905602117,28.36055025123688,11.01184564997118,10.896483700194398,3.344999103846538,3.2300262869022434,0.22635107182496797,0.25405104021390285
2012,4,3,46,1820.0,47644.81494661922,12.775274725274725,21.806670467200227,10.771529087770531,10.611046648917325,3.0822159077252174,2.9457412030298133,0.34865959918393147,0.29702674321767575
2012,4,3,47,3535.0,41714.87970453746,13.065346534653465,19.674211235562975,10.638613171586062,10.516966601558137,2.979308703820717,2.8544548530674656,0.27015821027006565,0.2728900370286096
2012,4,3,48,15.0,61242.0,12.0,30.020587921142578,11.022588507631554,11.022588507631554,3.4018834103287547,3.4018834103287547,0.0,0.0
2012,4,3,49,6270.0,45889.74309803273,13.189154704944178,20.92036643665198,10.733996909160805,10.601928485117229,3.040723155135668,2.90735792223031,0.2567433497567854,0.2502733045135652
2012,4,3,50,768.0,32565.132496513248,11.938802083333334,15.114150086539892,10.39099743965066,10.290449255964452,2.7156313968482766,2.5988059590209662,0.20406134207457383,0.23160622074530626
2012,4,3,51,81.0,27760.839285714286,12.308641975308642,14.797901630401611,10.231381647798955,10.209780366087761,2.694485388988469,2.6851205704127765,0.04229174024521026,0.018550657587732902
2012,4,3,52,1003.5,26471.218020022246,13.159940209267564,13.071785372542061,10.183813309274772,10.066687103080689,2.5704561191136746,2.423800704903973,0.2723048731165904,0.3379255956101547
2012,4,3,53,9175.0,38954.752293577985,13.577983651226159,18.999795624155965,10.570156053960964,10.439893715605606,2.944428222485217,2.821036204226723,0.26885680930222605,0.2586178938122392
2012,4,3,54,6625.5,24844.87266174704,12.135838804618519,12.101060852456998,10.120406678716265,10.01464702614929,2.493293122516353,2.394101834806473,0.21868247554904532,0.20764924227227682
2012,4,3,55,904.0,49082.491879350346,13.608407079646017,23.198159643779498,10.801257669323908,10.708598952347868,3.144072949826655,3.0491107583937924,0.18376258868014866,0.18675047850283527
2012,4,3,56,1458.0,37215.736725663715,12.312757201646091,17.033529988432353,10.524486981068941,10.366194317324574,2.8351837537840425,2.652489499383509,0.2993709846599048,0.3387994881059306
2012,4,3,57,537.0,25541.51891891892,12.28119180633147,12.208660919601853,10.148060599976272,10.138139260788634,2.5021456113140528,2.481984877214204,0.01879775324703237,0.040012100442481206
2012,4,3,58,4873.0,29532.251692153422,12.478144879950749,13.890184618351483,10.293238222835187,10.144699480542133,2.631182448135912,2.486238509630711,0.3518072118105004,0.34080440630858516
2012,4,3,59,1529.5,31278.545839210154,12.564890487087283,15.212719431717069,10.350687705062324,10.246441615973376,2.7221318826445904,2.630137020011493,0.20813515394453755,0.1710011158559474
2012,4,3,60,12457.0,25644.23107149703,12.000481656899735,12.414754919172225,10.152073915809689,9.922908810419893,2.5188856780622775,2.310044000900879,0.3158321202676987,0.29325777374744544
2012,4,3,61,27149.5,32877.5877272531,12.59297592957513,15.805013438428771,10.400546480519248,10.249029929075757,2.760327195931615,2.616026740773715,0.26643682088641624,0.25045077538092886
2012,4,3,62,18068.0,32790.6604227313,12.147387646668143,15.761987653869177,10.39789901061578,10.272820624984433,2.757601196646617,2.6321825775633383,0.25933398140989444,0.2631642307626421
2012,4,3,63,12937.5,34241.847655553574,12.79976811594203,16.060930703089696,10.441203790702637,10.261459037084254,2.7763896584639993,2.608552136426124,0.3412697644245804,0.3198085800402158
2012,4,3,64,35371.0,33184.10602948727,13.368776681462215,15.66712896407267,10.409826306223259,10.259027496601421,2.7515648209516503,2.6180235373680656,0.3146145742769834,0.28920267736209404
2012,4,3,65,1907.5,54752.01388888889,12.663171690694627,25.013024473292194,10.910569430360958,10.78987034374969,3.219396668137481,3.12071867649539,0.2639885707386597,0.2264090540271925
2012,4,3,66,25261.0,30882.817549748263,12.70408930762836,14.99012169176027,10.337955241872416,10.175025798246748,2.7073914302777027,2.557680217433033,0.3113739113833622,0.2864454835706896
