warning: function /workspace/output/replication/codebase/shims/keyboard.m shadows a built-in function
warning: function /workspace/output/replication/codebase/shims/print.m shadows a core library function
ReadCohortData_NoBrawny                 05-Oct-2026 
 
'ReadCohortData' is a script from the file /workspace/output/replication/codebase/ReadCohortData.m

 ReadCohortData

 Reads the cohort data assembled by Erik in chad_output_file_[Date].csv
 (see the .xls file for more details).


Additional help for built-in functions and operators is
available in the online version of the manual.  Use the command
'doc <topic>' to search the manual index.

Help and information about Octave is also available on the WWW
at https://www.octave.org and via the help@octave.org
mailing list.
 
=============================================================
KEY PARAMETER VALUES:    CaseName = NoBrawny
                   theta =  2.0000
                     eta =  0.1030
            theta*(1-eta)=  1.7940
                    dlta =  0.0000
                      mu =  0.5574
                   sigma =  3.0000
           EstimateDelta =  0.0000
           ConstrainTauH = -0.8000
PurgeWageGrowthSelection =     0
      AlphaSplitTauW1960 =  0.5000
   OccupationforWageHome = 23 Secretaries                               
IgnoreBrawnyOccupations = 1 -- choosing T(i,g) to zero out tauw/h there
   Alpha0FixedSplit =  0.5000
=============================================================
 
fname = chad_output_file_2019_01_24.csv
Noccs = 67
Ngroups = 4
Ncohorts = 8
Putting earnings / wage in $2009 constant using PCE Deflator
 
Education of Young WM
 
                   1960    1970    1980    1990    2000    2010
---------------------------------------------------------------
Home            12.3949 13.8747 14.1335 13.8629 13.1985 14.5413
Managers        13.1269 13.9247 15.0613 14.5416 14.8643 15.0213
MgmtRelated     14.9052 14.9589 15.7670 15.4893 15.4656 15.8179
Architects      17.2859 18.1373 17.5746 16.2366 16.6077 16.7802
Engineers       15.6798 16.0023 16.2115 15.9446 16.0296 16.2759
Math/CompSci    16.3543 15.7087 16.2883 15.8971 15.1237 15.1491
Science         16.4476 16.6703 17.5446 16.8494 17.5370 17.6299
Doctors         18.7786 18.9837 18.9567 19.0529 19.0414 19.0616
Nurses          16.6627 17.1591 17.7891 16.2521 16.0859 16.7831
Therapists      17.3860 16.7239 15.8822 15.8346 16.4711 17.3072
Professors      20.4706 20.3598 20.2683 20.3538 19.7947 20.1033
Teachers        17.3524 17.8711 17.7293 16.7182 16.7877 17.1638
Librarians      17.8742 18.0000 18.1062 17.8514 17.7491 18.4301
Soc.Scientists  17.5633 17.4420 18.1683 17.4194 17.4716 16.9550
SocialWork      17.5078 17.2057 17.2399 16.5023 16.3167 16.4552
Lawyers         18.8721 19.0828 19.2159 19.1226 19.0840 19.0884
Arts/Athletes   15.2469 14.9386 15.8318 15.2777 15.4582 15.8944
HealthTechs     13.1030 14.9275 15.5356 14.6244 14.4084 14.4568
Eng.Techs       12.8519 13.1919 13.9563 13.9726 13.7739 14.2384
ScienceTechs    13.0274 14.5831 14.5939 14.2203 14.0789 14.5357
OtherTechs      13.5455 14.6574 15.7743 15.0811 15.6649 15.7728
Sales           13.2929 13.5695 14.4245 14.0152 14.0934 14.3454
Secretaries     12.9993 13.3995 14.8621 14.4450 14.6365 15.1939
Info.Clerks     12.5758 13.4070 15.1046 14.5218 14.3997 14.4439
Records         15.4032 15.2638 14.1956 14.3780 14.3059 15.0031
FinancialClerk  13.1231 13.3263 14.6489 14.1950 14.1765 14.4075
OfficeMachine   12.5075 12.5445 13.3543 12.9853 12.9753 14.3301
ComputerTech    11.7245 12.7202 13.9832 13.9242 14.0869 14.1763
Mail            12.2273 12.5208 13.3804 13.2213 13.1816 13.4805
Clerks          11.0371 12.0743 13.1137 12.9485 12.9080 13.3828
Insurance       14.3563 14.3199 15.2051 14.6381 14.2844 14.3580
Misc.Admin      12.8074 13.1934 14.7260 14.4807 14.5496 14.8179
PrivateHshld    10.4443 10.7875 11.7285 12.0926 12.2760 12.1011
Firefighting    11.4535 12.0725 13.2228 13.2903 13.3241 13.7570
Police          11.8489 12.4673 13.8990 13.5301 13.7721 13.9883
Guards          11.1561 12.3221 13.4371 13.3192 13.2641 13.8092
FoodPrep        10.4536 11.3659 12.9941 12.9468 12.8869 13.4018
HealthService   10.9642 12.9931 14.3786 13.9349 13.8488 14.1091
Cleaning        10.0858 10.9020 12.1975 12.3349 12.2412 12.6712
PersonalService 10.9602 10.9869 13.9757 13.6367 14.1863 14.4865
FarmMgrs        10.8475 11.8840 13.1624 12.7563 12.9872 13.0635
FarmWork         8.4415  9.9838 10.9335 11.1784 10.7332 10.4451
Agriculture     10.0290 10.7632 12.3451 12.1157 11.8986 11.8834
Forest           9.4743 11.1065 12.2294 11.9078 11.8311 12.2695
Mechanics       10.4436 11.1038 12.0375 12.3146 12.3127 12.6023
Elec.Repairer   11.6315 12.0218 12.7336 12.9207 12.8151 13.0423
Misc.Repairer   10.8018 11.1090 12.3653 12.5299 12.4527 12.6946
Construction    10.7086 11.2702 12.3843 12.2287 11.9896 12.0756
Extractive      10.0619 10.7249 11.6947 11.8996 11.9370 12.1352
Supervisor(P)   11.5568 12.1024 13.1356 12.7759 12.8081 12.9654
MetalWork       10.8470 11.6345 12.2456 12.4030 12.4141 12.5511
WoodWork        10.3994 10.9697 12.5586 12.2916 12.1814 12.2701
Textiles         9.6142 10.1165 11.1883 11.7676 11.8001 11.9860
Other           10.8463 11.9721 12.6037 12.4525 13.2724 13.6813
Food            10.5060 11.0800 11.8363 12.0259 11.6785 11.8427
PlantOperator   13.3274 11.8771 12.9965 12.9186 12.6876 13.2535
MetalMach.       9.9765 11.0765 11.7207 11.8855 11.8982 11.8609
MetalProc.      10.2077 10.4189 11.5731 12.0106 12.1131 12.4247
WoodMach.        9.2956  9.9155 11.6175 11.7807 11.9148 12.0052
TextileMach.    11.3234 11.7928 12.6015 12.4918 12.4575 12.6277
PrintMach.       9.6744 10.2271 10.8707 11.6203 11.4505 11.6041
OtherMach.      10.1132 10.8271 11.7877 12.0540 11.9947 12.2180
Fabricators     10.2310 10.9893 11.7325 12.0258 12.0685 12.1299
Prod.Inspectors 11.1028 12.0522 12.5698 12.7921 12.9762 13.1911
MotorVehicle    10.1204 10.9334 11.9575 12.1955 12.2036 12.5321
OtherVehicle    10.5566 10.9804 12.0658 12.1088 12.0723 12.3858
Freight          9.8769 11.0099 11.9383 12.2285 12.1683 12.5787
 
Total earnings per person
 
  Decade    Earnings
--------------------
    1960       18383
    1970       24645
    1980       27088
    1990       33953
    2000       39419
    2010       41541
 
Average growth rates of Earnings
---------------------------
  1960 1970   0.0293
  1970 1980   0.0095
  1980 1990   0.0226
  1990 2000   0.0149
  2000 2010   0.0052
  1960 2010   0.0163
 
Total earnings per person by group
 
  Decade          WM          WW          BM          BW
--------------------------------------------------------
    1960       33250        6517       16278        4972
    1970       42699        9763       23904        9740
    1980       43144       13663       25717       14272
    1990       49231       21809       27843       20227
    2000       55222       27776       29066       23966
    2010       55424       31709       31580       28183
 
Average growth rates of Earnings by Group
---------------------------
 
 Year0YearT       WM       WW       BM       BW
-----------------------------------------------
  1960 1970   0.0250   0.0404   0.0384   0.0672
  1970 1980   0.0010   0.0336   0.0073   0.0382
  1980 1990   0.0132   0.0468   0.0079   0.0349
  1990 2000   0.0115   0.0242   0.0043   0.0170
  2000 2010   0.0004   0.0132   0.0083   0.0162
  1960 2010   0.0102   0.0316   0.0133   0.0347
 
================================
BACK OF THE ENVELOPE CALCULATION
================================
 
Growth rate of all people:   0.0163
Growth rate of    WM     :   0.0102
Rough share of growth from closing gaps:    0.373
 
 
Earnings of Young: Per total population and Per person
 
    Year PerTotalPop    PerYoung   Young/Pop
--------------------------------------------
    1960        5432       16290        33.3
    1970        7577       21968        34.5
    1980       10410       24391        42.7
    1990       11316       28486        39.7
    2000        9629       31605        30.5
    2010       10014       32063        31.2
         |                                                                     
    0.7 +|+                                                                    
         |                   FarmMgrs                                          
        #|################################################################     
    0.6 +|+###############################################################     
        #|######################  Food  Sales  ###########################     
    0.5 +|+####################  Doctors  #######  PersonalService  ######     
        #|##############  OtherVehicle   Prod.Inspectors  hld  ###########     
        #|###############    MotorVehicle  cators   rep  Clerks  #########     
    0.4 +|+########  Con  MetalW     Freight    les  rTech  ialClerk  ####     
        #|######################  Cleaning  tRela  PrintMach.   ##########     
        #|####################   WoodMach.    Insu  HealthService  #######     
    0.3 +|+####################  Eng   Clerks  ficeMachine   ###  Secretaries  
        #|##########  Extractive     Mail   .Sc  Records  ################     
        #|########  Firefighting  Guards  rts/Ath  HealthTechs  ##########     
    0.2 +|+#######  Mechanics  t    ########  Therapists  ################     
        #|##############  PlantOperator      #############################     
    0.1 +|+#####################################  Librarians  ############     
        #|################################################################     
        +|-------------------------------------------------------------------  
      0 +-+########+##########+###########+##########+##########+######### +   
       -6         -4         -2           0          2          4          6   
                         RELATIVE PROPENSITY, P(WW)/P(WM)                      
                                                                               
 
                   RelP     Gap
-------------------------------
Home             4.9291     NaN
Managers         0.3891  0.4189
MgmtRelated      0.6832  0.3509
Architects       0.1215  0.2424
Engineers        0.0556  0.2281
Math/CompSci     0.3874  0.2075
Science          0.2552  0.1604
Doctors          0.1608  0.5018
Nurses           5.8762  0.2843
Therapists       1.6806  0.1767
Professors       0.6249  0.2032
Teachers         1.9044  0.2208
Librarians       3.0856  0.0947
Soc.Scientists   0.6035  0.2616
SocialWork       0.7799  0.0193
Lawyers          0.2144  0.2696
Arts/Athletes    0.6142  0.2336
HealthTechs      3.9301  0.2378
Eng.Techs        0.1645  0.3049
ScienceTechs     0.3772  0.2835
OtherTechs       0.4364  0.2798
Sales            0.5159  0.5422
Secretaries     65.8918  0.2930
Info.Clerks      4.5437  0.4329
Records          2.7173  0.2724
FinancialClerk   6.7493  0.4048
OfficeMachine    1.4168  0.2974
ComputerTech     1.4522  0.3940
Mail             0.3215  0.2529
Clerks           0.4648  0.2982
Insurance        1.4360  0.3179
Misc.Admin       4.3349  0.3775
PrivateHshld     2.8096  0.4859
Firefighting     0.0154  0.2079
Police           0.0624  0.1939
Guards           0.1942  0.2294
FoodPrep         1.7616  0.4392
HealthService    4.9972  0.3175
Cleaning         0.1889  0.3782
PersonalService  4.0254  0.5110
FarmMgrs         0.0787  0.6622
FarmWork         0.2162  0.3956
Agriculture      0.2094  0.4124
Forest           0.0400  0.2023
Mechanics        0.0160  0.1781
Elec.Repairer    0.0680  0.1417
Misc.Repairer    0.0514  0.4460
Construction     0.0189  0.3898
Extractive       0.0200  0.2600
Supervisor(P)    0.1420  0.4530
MetalWork        0.0429  0.3997
WoodWork         0.1229  0.3204
Textiles         0.8850  0.4096
Other            0.3932  0.4063
Food             0.1906  0.5603
PlantOperator    0.0418  0.1486
MetalMach.       0.1869  0.4120
MetalProc.       0.2802  0.4032
WoodMach.        0.1665  0.3318
TextileMach.     0.3470  0.4456
PrintMach.       3.5901  0.3800
OtherMach.       0.3153  0.4775
Fabricators      0.4077  0.4504
Prod.Inspectors  0.6749  0.4847
MotorVehicle     0.0698  0.4498
OtherVehicle     0.0453  0.4922
Freight          0.2931  0.4038
Missing values encountered
=============================================================================
 
 
         ------------------------------------------------------------
                   ols: Levels
         ------------------------------------------------------------
 
       NOBS:  66                Dependent Variable: logwagegap
   RHS Vars:  2
     D of F:  64
 
  R-Squared:  0.0010312                        S.E.E.:  0.12498
     RBar^2:  -0.014578                   Residual SS:  0.9997
 
                             Standard              Robust     Robust
Variable          Beta         Error    t-stat      Error     t-stat
--------          ----       --------   ------     ------     ------
 
Constant          0.337703     0.017618    19.17     0.016122    20.95
logRelProp        0.002330     0.009066     0.26     0.008454     0.28
 
 
=============================================================================
         |                                                                     
    0.7 +|+                                                                    
         |                   FarmMgrs                                          
        #|################################################################     
    0.6 +|+###############################################################     
        #|######################  Food  Sales  ###########################     
    0.5 +|+####################  Doctors  #######  PersonalService  ######     
        #|##############  OtherVehicle   Prod.Inspectors  hld  ###########     
        #|###############    MotorVehicle  cators   rep  Clerks  #########     
    0.4 +|+########  Con  MetalW     Freight    les  rTech  ialClerk  ####     
        #|######################  Cleaning  tRela  PrintMach.   ##########     
        #|####################   WoodMach.    Insu  HealthService  #######     
    0.3 +|+####################  Eng   Clerks  ficeMachine   ###  Secretaries  
        #|##########  Extractive     Mail   .Sc  Records  ################     
        #|########  Firefighting  Guards  rts/Ath  HealthTechs  ##########     
    0.2 +|+#######  Mechanics  t    ########  Therapists  ################     
        #|##############  PlantOperator      #############################     
    0.1 +|+#####################################  Librarians  ############     
        #|################################################################     
        #|-------------------------------------------------------------------  
      0 +-+#######+#######+#######+#######+######+#######+#######+########     
                1/64    1/16     1/4       1      4      16      64            
                         RELATIVE PROPENSITY, P(WW)/P(WM)                      
                                                                               
 
                DlnRelP  DlnGap
-------------------------------
Home            -1.4284     NaN
Managers         2.2019 -0.3556
MgmtRelated      2.4232 -0.1613
Architects       2.6518 -0.4660
Engineers        3.3072 -0.1073
Math/CompSci     0.6822 -0.1859
Science          2.8622 -0.1117
Doctors          3.2749 -0.3621
Nurses           0.5174 -0.3889
Therapists       1.6316 -0.2389
Professors       2.0714 -0.3872
Teachers         1.2897 -0.1654
Librarians      -0.2711 -0.2691
Soc.Scientists   2.0699 -0.1413
SocialWork       2.1428  0.0281
Lawyers          3.5047 -0.5465
Arts/Athletes    1.0214 -0.2097
HealthTechs      0.3111 -0.3407
Eng.Techs        2.2479 -0.1560
ScienceTechs     1.7753 -0.1954
OtherTechs       1.9940 -0.1518
Sales            1.1219 -0.4852
Secretaries     -0.5550 -0.1677
Info.Clerks      0.9431 -0.2843
Records          1.1225 -0.4380
FinancialClerk   0.4551 -0.1999
OfficeMachine   -0.1543 -0.3599
ComputerTech    -2.1718 -0.2948
Mail             2.3619 -0.2899
Clerks           1.8444 -0.4199
Insurance        3.7209 -0.3082
Misc.Admin       1.2234 -0.2625
PrivateHshld     1.2831 -0.6766
Firefighting        Inf     NaN
Police           2.4456 -0.0116
Guards           4.2119 -0.1435
FoodPrep        -0.8267 -0.5915
HealthService    0.9154 -0.1641
Cleaning         1.1542 -0.0376
PersonalService  1.2618 -0.4040
FarmMgrs         2.2470 -0.2599
FarmWork         0.5180 -0.1734
Agriculture      0.7249 -0.3691
Forest           2.1320     NaN
Mechanics        1.8528 -0.2011
Elec.Repairer    1.7063 -0.2952
Misc.Repairer    1.9371  0.0305
Construction     1.4295 -0.1951
Extractive       1.5821  0.2899
Supervisor(P)    1.2227 -0.3978
MetalWork        1.3824 -0.0755
WoodWork         2.3013 -0.1692
Textiles        -1.6770 -0.2997
Other            3.2615 -0.5751
Food             2.8316 -0.2699
PlantOperator    1.4577 -0.7079
MetalMach.       1.5196 -0.3508
MetalProc.       1.7865  0.1328
WoodMach.        1.7356  0.5313
TextileMach.     1.5946 -0.1080
PrintMach.      -0.0239 -0.2056
OtherMach.      -0.1533 -0.1554
Fabricators     -0.4031 -0.0509
Prod.Inspectors -0.2665 -0.2304
MotorVehicle     2.6148 -0.1216
OtherVehicle     1.7023 -0.1341
Freight          1.9386 -0.1153
Missing values encountered
=============================================================================
 
 
         ------------------------------------------------------------
                   ols: Changes
         ------------------------------------------------------------
 
       NOBS:  64                Dependent Variable: Dlogwagegap
   RHS Vars:  2
     D of F:  62
 
  R-Squared:  0.0046597                        S.E.E.:  0.20475
     RBar^2:  -0.011394                   Residual SS:  2.5991
 
                             Standard              Robust     Robust
Variable          Beta         Error    t-stat      Error     t-stat
--------          ----       --------   ------     ------     ------
 
Constant          -0.249502     0.039557    -6.31     0.030208    -8.26
DlogRelProp        0.011196     0.020781     0.54     0.015955     0.70
 
 
=============================================================================
 
 
Computing tauhat for *all* c,t:   tauhat=relp.^(-(1-dlta)/theta) .* wagegap.^(-(1-eta));
just to see what they look like. We only use the Young (c,c) version.
This version ignores the Tbar/gamma stuff. But for baseline case and Young = correct.
 
                                                                               
                                                                               
          |                        Home: White Men                             
     1.1 +|+                                                                   
          |                                                                    
         #|###############################################################     
         #|###############################################################     
    1.05 +|+##############################################################     
         #|###############################################################     
         #|###############################################################     
         #|###############################################################     
         #|###############################################################     
       1 *|&&&&&&&&&&&&%%%%%%%%%%%%%##############*************&&&&&&&&&&&&&   
         #|###############################################################     
         #|###############################################################     
         #|###############################################################     
    0.95 +|+##############################################################     
         #|###############################################################     
         #|###############################################################     
         +|------------------------------------------------------------------  
     0.9 +-+##########+############+#############+############+########### +   
       1960         1970         1980          1990         2000         2010  
                                                                               
                                                                               
                                                                               
                                                                               
          |                       Home: White Women                            
     1.1 +|+                                                                   
          |                                                                    
         #|###############################################################     
         #|###############################################################     
    1.05 +|+##############################################################     
         #|###############################################################     
         #|###############################################################     
         #|###############################################################     
         #|###############################################################     
       1 *|&&&&&&&&&&&&%%%%%%%%%%%%%##############*************&&&&&&&&&&&&&   
         #|###############################################################     
         #|###############################################################     
         #|###############################################################     
    0.95 +|+##############################################################     
         #|###############################################################     
         #|###############################################################     
         +|------------------------------------------------------------------  
     0.9 +-+##########+############+#############+############+########### +   
       1960         1970         1980          1990         2000         2010  
                                                                               
                                                                               
                                                                               
                                                                               
          |                        Home: Black Men                             
     1.1 +|+                                                                   
          |                                                                    
         #|###############################################################     
         #|###############################################################     
    1.05 +|+##############################################################     
         #|###############################################################     
         #|###############################################################     
         #|###############################################################     
         #|###############################################################     
       1 *|&&&&&&&&&&&&%%%%%%%%%%%%%##############*************&&&&&&&&&&&&&   
         #|###############################################################     
         #|###############################################################     
         #|###############################################################     
    0.95 +|+##############################################################     
         #|###############################################################     
         #|###############################################################     
         +|------------------------------------------------------------------  
     0.9 +-+##########+############+#############+############+########### +   
       1960         1970         1980          1990         2000         2010  
                                                                               
                                                                               
                                                                               
                                                                               
          |                       Home: Black Women                            
     1.1 +|+                                                                   
          |                                                                    
         #|###############################################################     
         #|###############################################################     
    1.05 +|+##############################################################     
         #|###############################################################     
         #|###############################################################     
         #|###############################################################     
         #|###############################################################     
       1 *|&&&&&&&&&&&&%%%%%%%%%%%%%##############*************&&&&&&&&&&&&&   
         #|###############################################################     
         #|###############################################################     
         #|###############################################################     
    0.95 +|+##############################################################     
         #|###############################################################     
         #|###############################################################     
         +|------------------------------------------------------------------  
     0.9 +-+##########+############+#############+############+########### +   
       1960         1970         1980          1990         2000         2010  
                                                                               
                                                                               
                                                                               
                                                                               
          |                      Doctors: White Men                            
     1.1 +|+                                                                   
          |                                                                    
         #|###############################################################     
         #|###############################################################     
    1.05 +|+##############################################################     
         #|###############################################################     
         #|###############################################################     
         #|###############################################################     
         #|###############################################################     
       1 *|&&&&&&&&&&&&%%%%%%%%%%%%%##############*************&&&&&&&&&&&&&   
         #|###############################################################     
         #|###############################################################     
         #|###############################################################     
    0.95 +|+##############################################################     
         #|###############################################################     
         #|###############################################################     
         +|------------------------------------------------------------------  
     0.9 +-+##########+############+#############+############+########### +   
       1960         1970         1980          1990         2000         2010  
                                                                               
                                                                               
                                                                               
                                                                               
        |                      Doctors: White Women                            
    12 +|+                                                                     
        |                                                                      
       &|&&&&&############################################################     
    10 +|+####&&&&&&&&####################################################     
       #|#################################################################     
       #|#################################################################     
     8 %|%%###############################################################     
       #|##%%%%%%%########################################################     
     6 *|+########%%%%%%%%%%%%%%%%%#######################################     
       #|#################################################################     
       #|#################################################################     
     4 +|+########################*******#################################     
       #|################################*********************############     
       #|#################################################################     
     2 +|+######################################&&&&&&&&&&&&&&&&&&&&&&&&&&&&   
       #|####################################################%%%%%%%%%%%%%%%   
       +|--------------------------------------------------------------------  
     0 +-+###########+############+#############+############+############ +   
     1960          1970         1980          1990         2000          2010  
                                                                               
                                                                               
                                                                               
                                                                               
         |                      Doctors: Black Men                             
      5 +|+                                                                    
        &|                                                                     
    4.5 +|&###############################################################     
        #|#&&#############################################################     
        #|###&############################################################     
      4 +|+###&&##########################################################     
        #|######&#########################################################     
    3.5 +|+######&&#######################################################     
        %|%%%%%%%%%&&%####################################################     
        *|###########&%%##################################################     
      3 +|+#############%%################################################     
        #|################%%##############################################     
    2.5 +|+#################%%############################################     
        #|####################%%##########*************###################     
        #|######################%%##############&&&&&&&********&&&&&&#####     
      2 +|+#######################%%##########################%%%%%%%&&&&&&&   
        +|-------------------------------------------------------------------  
    1.5 +-+##########+#############+############+#############+########### +   
      1960         1970          1980         1990          2000         2010  
                                                                               
                                                                               
                                                                               
                                                                               
        |                      Doctors: Black Women                            
    70 +|+                                                                     
       &|                                                                      
    60 +|+################################################################     
       #|&&###############################################################     
       #|##&##############################################################     
    50 +|+##&#############################################################     
       #|####&############################################################     
    40 +|+####&&##########################################################     
       #|#######&#########################################################     
       #|########&########################################################     
    30 +|+########&&######################################################     
       *|###########&#####################################################     
    20 +|+###########&####################################################     
       %|%%%%%##############%%%%%%%#######################################     
       #|#####%%%%%%%%%%%%%%##############################################     
    10 +|+################################################################     
       +|--------------------------------------------------------------------  
     0 +-+###########+############+#############+############+############ #   
     1960          1970         1980          1990         2000          2010  
                                                                               
                                                                               
                                                                               
                                                                               
          |                      Teachers: White Men                           
     1.1 +|+                                                                   
          |                                                                    
         #|###############################################################     
         #|###############################################################     
    1.05 +|+##############################################################     
         #|###############################################################     
         #|###############################################################     
         #|###############################################################     
         #|###############################################################     
       1 *|&&&&&&&&&&&&%%%%%%%%%%%%%##############*************&&&&&&&&&&&&&   
         #|###############################################################     
         #|###############################################################     
         #|###############################################################     
    0.95 +|+##############################################################     
         #|###############################################################     
         #|###############################################################     
         +|------------------------------------------------------------------  
     0.9 +-+##########+############+#############+############+########### +   
       1960         1970         1980          1990         2000         2010  
                                                                               
                                                                               
                                                                               
                                                                               
         |                     Teachers: White Women                           
    1.4 +|+                                                                    
        %|%%                                                                   
        #|##%%%%%%########################################################     
        #|########%%%%%###################################################     
    1.2 &|+############%%%%###############################################     
        #|&&###############%%%############################################     
        #|##&&################%%%%########################################     
        #|####&&##################%%######################################     
      1 +|+#####&&########################################################     
        #|########&&######################################################     
        #|##########&&####################################################     
        #|#########################****###################################     
        #|#############################******#############################     
    0.8 +|+##################################**********###################     
        *|#############################################********###########     
        #|######################################&&&&&&&&&&&&&&&&&&&&&&&&&&&&   
        +|-------------------------------------------------------------------  
    0.6 +-+##########+#############+############+#############+########### #   
      1960         1970          1980         1990          2000         2010  
                                                                               
                                                                               
                                                                               
                                                                               
         |                      Teachers: Black Men                            
    1.6 +|+                                                                    
         |                                                                     
        #|###########&####################################################     
    1.5 %|+########&&#####################################################     
        #|%######&&#######################################################     
        #|#%%##&&#########################################################     
        #|###&&######################*####################################     
    1.4 +|+&&#%%########################**################################     
        #|&#####%###########################**############################     
        &|#######%%############################****************###########     
    1.3 +|+########%%#######%%%%%%%%######################################     
        *|###########%%%%%%%##############################################     
        #|######################################&&&#######################     
        #|#########################################&&&&##################%%%   
    1.2 +|+############################################&&&&&#########&&&&&&&   
        #|##################################################&&&&&&&&&#####     
        +|-------------------------------------------------------------------  
    1.1 +-+##########+#############+############+#############+########### +   
      1960         1970          1980         1990          2000         2010  
                                                                               
                                                                               
                                                                               
                                                                               
         |                     Teachers: Black Women                           
    1.3 +|+                                                                    
         |                                                                     
        #|################################################################     
    1.2 *|+###############################################################     
        #|%%##############################################################     
        #|##%%%###########################################################     
        #|#####%%%########################################################     
    1.1 &|&&&&&###%%######################################################     
        #|#####&&&&&&&%%%#################################################     
        #|###############%%%%%%%##########################################     
      1 +|+#####################%%%%*#####################################     
        #|###########################***##################################     
        #|##############################****##############################     
        #|##################################***###########################     
    0.9 +|+####################################********###################     
        #|#########################################&&&&********######%%%&&&&   
        +|-------------------------------------------------------------------  
    0.8 +-+##########+#############+############+###########&&&&&&######## +   
      1960         1970          1980         1990          2000         2010  
                                                                               
                                                                               
                                                                               
                                                                               
          |                      Lawyers: White Men                            
     1.1 +|+                                                                   
          |                                                                    
         #|###############################################################     
         #|###############################################################     
    1.05 +|+##############################################################     
         #|###############################################################     
         #|###############################################################     
         #|###############################################################     
         #|###############################################################     
       1 *|&&&&&&&&&&&&%%%%%%%%%%%%%##############*************&&&&&&&&&&&&&   
         #|###############################################################     
         #|###############################################################     
         #|###############################################################     
    0.95 +|+##############################################################     
         #|###############################################################     
         #|###############################################################     
         +|------------------------------------------------------------------  
     0.9 +-+##########+############+#############+############+########### +   
       1960         1970         1980          1990         2000         2010  
                                                                               
                                                                               
                                                                               
                                                                               
        |                      Lawyers: White Women                            
    20 +|+                                                                     
        |                                                                      
       #|#################################################################     
       #|#################################################################     
    15 *|+################################################################     
       &|#################################################################     
       #|&&&&#############################################################     
       %|%%##&&&##########################################################     
    10 +|+#%%%%%&&&&######################################################     
       #|#########%%&&%%%%%%##############################################     
       #|###################%%%%%%%#######################################     
       #|#################################################################     
       #|#################################################################     
     5 +|+################################################################     
       #|#################################################################     
       #|#########################****************************&&&&&&&&&&&&&&   
       +|--------------------------------------------------------------------  
     0 +-+###########+############+#############+############+############ +   
     1960          1970         1980          1990         2000          2010  
                                                                               
                                                                               
                                                                               
                                                                               
       |                       Lawyers: Black Men                              
    8 +|+                                                                      
       |                                                                       
    7 +|+#################################################################     
      #|##################################################################     
      #|##################################################################     
    6 +|+#################################################################     
      #|##################################################################     
    5 &|+#################################################################     
      #|&&&&##############################################################     
      #|####&&&###########################################################     
    4 *|+######&&&&#######################################################     
      #|###########&&%%%##################################################     
    3 +|+###############%%%%%%%#####################################&&&&&&&&   
      #|#######################%%%%######*********************&&&&&&######     
      #|##########################*******####################%%%%%%%###### #   
    2 +|+###########################################################%%%%%%%%   
      +|---------------------------------------------------------------------  
    1 +-+###########+#############+############+#############+############ +   
    1960          1970          1980         1990          2000          2010  
                                                                               
                                                                               
                                                                               
                                                                               
        |                      Lawyers: Black Women                            
    12 +|+                                                                     
        |                        %%                                            
       %|############&#########%%#########################################     
    10 +|%%%%###############%%%###########################################     
       #|####%%%#########%%%##############################################     
       #|#######%%%%###%%#################################################     
       #|###########%%%###################################################     
     8 +|+################################################################     
       #|#################################################################     
       #|#################################################################     
     6 +|+################################################################     
       #|#################################################################     
       #|#################################################################     
       #|##############################################*******############     
     4 +|+########################*********************###################     
       #|##############################################&&&&&&&&&&&&&&&&&&&&&   
       +|--------------------------------------------------------------------  
     2 +-+###########+############+#############+############%%%%%%%###### #   
     1960          1970         1980          1990         2000          2010  
                                                                               
                                                                               
                                                                               
                                                                               
          |                    Secretaries: White Men                          
     1.1 +|+                                                                   
          |                                                                    
         #|###############################################################     
         #|###############################################################     
    1.05 +|+##############################################################     
         #|###############################################################     
         #|###############################################################     
         #|###############################################################     
         #|###############################################################     
       1 *|&&&&&&&&&&&&%%%%%%%%%%%%%##############*************&&&&&&&&&&&&&   
         #|###############################################################     
         #|###############################################################     
         #|###############################################################     
    0.95 +|+##############################################################     
         #|###############################################################     
         #|###############################################################     
         +|------------------------------------------------------------------  
     0.9 +-+##########+############+#############+############+########### +   
       1960         1970         1980          1990         2000         2010  
                                                                               
                                                                               
                                                                               
                                                                               
          |                   Secretaries: White Women                         
    0.35 +|+        &&&                                                        
          |     &&&&                                                           
         #|#&&&&####%%%################################################### #   
         &|&####%%%%###%%#################################################     
     0.3 *|+%%%%#########%################################################     
         %|%##############%%##############################################     
         #|#################%#################################%%%%%%%%%%%%%%   
         #|##################%############################################     
    0.25 +|+##################%%##########################################     
         #|#####################%####################################&&&&&&&   
         #|######################%%###########################&&&&&&&#####     
         #|########################%########################&**###########     
         #|###############################################***#############     
     0.2 +|+##########################################****################     
         #|########################################***&&##################     
         #|###############################*****###*#&&####################     
         +|------------------------------------------------------------------  
    0.15 +-+##########+############+#############&############+########### +   
       1960         1970         1980          1990         2000         2010  
                                                                               
                                                                               
                                                                               
                                                                               
         |                    Secretaries: Black Men                           
      3 +|+                                                                    
        &|                                                                     
        #|&###############################################################     
    2.5 +|+&&#############################################################     
        #|###&&###########################################################     
        #|#####&&#########################################################     
        *|#######&&#######################################################     
      2 +|+########&&#####################################################     
        #|###########&###########%%%######################################     
        #|##################%%%%%#########################################     
    1.5 %|%%%%%#########%%%%#################################**###########     
        #|#####%%%%%%%%%#################################****#############     
        #|############################################***#################     
        #|#########################*******########****########%%%%%%%##### #   
      1 +|+###############################********#####&&&&&&&&&&&&&&&&&&&&&   
        #|######################################&&&&&&&###################     
        +|-------------------------------------------------------------------  
    0.5 +-+##########+#############+############+#############+########### +   
      1960         1970          1980         1990          2000         2010  
                                                                               
                                                                               
                                                                               
                                                                               
         |                   Secretaries: Black Women                          
      1 *|+                                                                    
         |                                                                     
        #|################################################################     
    0.8 +|+###############################################################     
        #|#####&&&&&&&####################################################     
        &|&&&&&###########################################################     
        #|################################################################     
    0.6 +|+####%%%%%%%%%##################################################     
        %|%%%%%#########%%%%##############################################     
        #|##################%%%%%#########################################     
    0.4 +|+######################%%%######################################     
        #|################################################################ #   
        #|#################################################****%%%%%%&&&&&&&   
        #|##########################################*******&&&&&&&&&&#####     
    0.2 +|+########################*****************&&&###################     
        #|################################################################     
        +|-------------------------------------------------------------------  
      0 +-+##########+#############+############+#############+########### +   
      1960         1970          1980         1990          2000         2010  
                                                                               
                                                                               
 
===========================================================
Fixing tauhat missing values --> tauhat_y_cleaned (just for robustness cases)
 -- Use first non-missing value
 
===========================================================
 
*********************
White Women
*********************
 
tauhat_y_cleaned Firefighting     NaN 12.7721  9.7087  6.0175  5.4037  5.1955
tauhat_y_cleaned Firefighting 12.7721 12.7721  9.7087  6.0175  5.4037  5.1955
tauhat_y_cleaned Forest     NaN 19.4901  5.9951  4.5321  4.8984  3.7356
tauhat_y_cleaned Forest 19.4901 19.4901  5.9951  4.5321  4.8984  3.7356
 
*********************
Black Men
*********************
 
tauhat_y_cleaned Architects     NaN  2.2799  2.6102  1.9263  2.1000  2.0045
tauhat_y_cleaned Architects  2.2799  2.2799  2.6102  1.9263  2.1000  2.0045
tauhat_y_cleaned Librarians     NaN  1.3797  1.1215  1.2106  1.9407  1.2910
tauhat_y_cleaned Librarians  1.3797  1.3797  1.1215  1.2106  1.9407  1.2910
 
*********************
Black Women
*********************
 
tauhat_y_cleaned Architects     NaN     NaN  3.9488  5.5941  4.4311  2.6552
tauhat_y_cleaned Architects  3.9488  3.9488  3.9488  5.5941  4.4311  2.6552
tauhat_y_cleaned Engineers     NaN     NaN  6.1696  4.1964  3.1462  3.3659
tauhat_y_cleaned Engineers  6.1696  6.1696  6.1696  4.1964  3.1462  3.3659
tauhat_y_cleaned Math/CompSci     NaN  5.3587  2.3153  2.0193  2.0870  2.0344
tauhat_y_cleaned Math/CompSci  5.3587  5.3587  2.3153  2.0193  2.0870  2.0344
tauhat_y_cleaned Science     NaN  4.5455  3.7423  2.3938  2.3053  1.7136
tauhat_y_cleaned Science  4.5455  4.5455  3.7423  2.3938  2.3053  1.7136
tauhat_y_cleaned Eng.Techs     NaN  7.7593  3.3460  3.5182  2.6515  2.6637
tauhat_y_cleaned Eng.Techs  7.7593  7.7593  3.3460  3.5182  2.6515  2.6637
tauhat_y_cleaned OtherTechs     NaN  4.2359  2.2468  2.0088  2.1291  2.3726
tauhat_y_cleaned OtherTechs  4.2359  4.2359  2.2468  2.0088  2.1291  2.3726
tauhat_y_cleaned Firefighting     NaN     NaN 11.7493  8.1294  6.0679 12.1900
tauhat_y_cleaned Firefighting 11.7493 11.7493 11.7493  8.1294  6.0679 12.1900
tauhat_y_cleaned Police     NaN  8.2820  3.6168  1.7094  1.7816  1.8119
tauhat_y_cleaned Police  8.2820  8.2820  3.6168  1.7094  1.7816  1.8119
tauhat_y_cleaned FarmMgrs 46.5506 10.8348 23.0380 19.0608     NaN 10.8791
tauhat_y_cleaned FarmMgrs 46.5506 10.8348 23.0380 19.0608 14.9699 10.8791
tauhat_y_cleaned Agriculture     NaN  9.7826  5.0914  5.2499  4.9937  4.7822
tauhat_y_cleaned Agriculture  9.7826  9.7826  5.0914  5.2499  4.9937  4.7822
tauhat_y_cleaned Forest     NaN  4.1103  7.3002  6.0762  3.8881     NaN
tauhat_y_cleaned Forest  4.1103  4.1103  7.3002  6.0762  3.8881  3.8881
tauhat_y_cleaned Mechanics     NaN 25.5923  8.6608  6.8971  6.8033  6.8344
tauhat_y_cleaned Mechanics 25.5923 25.5923  8.6608  6.8971  6.8033  6.8344
tauhat_y_cleaned Elec.Repairer     NaN 23.9694  3.9558  3.4702  3.2065  4.6834
tauhat_y_cleaned Elec.Repairer 23.9694 23.9694  3.9558  3.4702  3.2065  4.6834
tauhat_y_cleaned Extractive     NaN  9.6600 14.2665  6.6273     NaN 12.9993
tauhat_y_cleaned Extractive  9.6600  9.6600 14.2665  6.6273  9.8133 12.9993
tauhat_y_cleaned MetalWork     NaN 11.2316  5.9366  5.7676  4.6992  6.5912
tauhat_y_cleaned MetalWork 11.2316 11.2316  5.9366  5.7676  4.6992  6.5912
tauhat_y_cleaned WoodWork     NaN  4.6312  4.7584  5.2782  5.9129  6.7012
tauhat_y_cleaned WoodWork  4.6312  4.6312  4.7584  5.2782  5.9129  6.7012
tauhat_y_cleaned PlantOperator     NaN     NaN  5.2092  6.6971  9.4165  6.8538
tauhat_y_cleaned PlantOperator  5.2092  5.2092  5.2092  6.6971  9.4165  6.8538
tauhat_y_cleaned MetalMach.     NaN  3.6797  2.8424  3.4569  2.7138  4.6250
tauhat_y_cleaned MetalMach.  3.6797  3.6797  2.8424  3.4569  2.7138  4.6250
tauhat_y_cleaned MetalProc.     NaN  9.0466  2.5723  3.4093  2.7972  2.7462
tauhat_y_cleaned MetalProc.  9.0466  9.0466  2.5723  3.4093  2.7972  2.7462
tauhat_y_cleaned WoodMach.     NaN  7.7440  2.8615  3.5876  2.1186  2.6483
tauhat_y_cleaned WoodMach.  7.7440  7.7440  2.8615  3.5876  2.1186  2.6483
tauhat_y_cleaned TextileMach.     NaN  4.7557  3.3404  2.9259  2.9421  2.3972
tauhat_y_cleaned TextileMach.  4.7557  4.7557  3.3404  2.9259  2.9421  2.3972
White Women
 
                1960    1970    1980    1990    2000    2010
------------------------------------------------------------
Doctors        7.924   4.603   3.911   2.130   1.536   1.114
Lawyers       11.625   5.691   2.750   1.625   1.360   1.234
Secretaries    0.287   0.267   0.160   0.152   0.276   0.326
Construction  20.655  10.519  10.322   7.594   7.658   8.484
Teachers       1.368   1.152   0.883   0.707   0.658   0.619
                                                                               
                                                                               
         |                   Secretaries: Black Women                          
      1 *|+                                                                    
         |                                                                     
        #|################################################################     
    0.8 +|+###############################################################     
        #|#####&&&&&&&####################################################     
        &|&&&&&###########################################################     
        #|################################################################     
    0.6 +|+####%%%%%%%%%##################################################     
        %|%%%%%#########%%%%##############################################     
        #|##################%%%%%#########################################     
    0.4 +|+######################%%%######################################     
        #|################################################################ #   
        #|#################################################****%%%%%%&&&&&&&   
        #|##########################################*******&&&&&&&&&&#####     
    0.2 +|+########################*****************&&&###################     
        #|################################################################     
        +|-------------------------------------------------------------------  
      0 +-+##########+#############+############+#############+########### +   
      1960         1970          1980         1990          2000         2010  
                                                                               
                                                                               
Black Men
 
                1960    1970    1980    1990    2000    2010
------------------------------------------------------------
Doctors        3.419   3.620   2.460   2.097   1.916   1.804
Lawyers        5.004   7.252   2.266   2.451   2.204   2.315
Secretaries    1.485   1.083   1.085   0.733   1.040   1.035
Construction   2.006   1.531   1.610   1.705   1.811   1.912
Teachers       1.501   1.360   1.423   1.234   1.117   1.202
Black Women
 
                1960    1970    1980    1990    2000    2010
------------------------------------------------------------
Doctors       15.718  10.797   4.913   2.981   2.253   1.739
Lawyers       10.984   4.936   3.560   2.669   2.064   2.001
Secretaries    0.525   0.353   0.168   0.155   0.296   0.361
Construction  16.728  31.222   9.854   8.122   8.791   9.370
Teachers       1.214   1.135   1.010   0.883   0.833   0.827
FS2 = 20
        |                                                                      
    10 +|+                                                                     
        |                                                                      
       #|#################################################################     
       $|#################################################################     
     8 +|$$$$#############################################################     
       #|####$$$##########################################################     
       *|#######$$$$######################################################     
       #|****#######$$$###################################################     
     6 +|+###***#######$$#################################################     
       #|#######****#####$$$##############################################     
       #|###########****####$$$###########################################     
     4 +|+##############****###$$#########################################     
       #|###################****#$$$$$####################################     
       #|#######################******$$$$$$$#############################     
       #|#############################*******$$$$$$$$$$$$$$$$$$$$$$$$$$$$$$$   
     2 +|+###################################*******************************   
       #|###################################################################   
       #|#################################################################     
       +|--------------------------------------------------------------------  
     0 +-+###########+############+#############+############+############ +   
     1960          1970         1980          1990         2000          2010  
                                                                               
                                                                               
                                                                               
                                                                               
        |                    Mean of Composite TauHat                          
    10 +|+                                                                     
        |                                                                      
       #|#################################################################     
     8 $|+################################################################     
       #|$$$$#############################################################     
       *|####$$$######Black women#########################################     
       #|****###$$$$######################################################     
     6 +|+###***####$$$###################################################     
       #|#######****###$$$################################################     
       #|###########****##$$$$############################################     
     4 +|+#White########****##$$$#########################################     
       #|##   women#########****#$$$$$$$$#################################     
       #|#######################*********$$$$$$$$$$$$$$###################     
       #|##############Black men#########**************$$$$$$$$$$$$$$$$$$$$$   
     2 +|+##################################################################   
       #|#################################################################     
       +|--------------------------------------------------------------------  
     0 +-+###########+############+#############+############+############ +   
     1960          1970         1980          1990         2000          2010  
                                                                               
                                                                               
 
Stdev of log(relp) across occupations
 
  Year      WM      WW      BM      BW
--------------------------------------
  1960   0.000   2.041   1.229   2.398
  1970   0.000   1.796   0.861   2.081
  1980   0.000   1.670   0.642   1.710
  1990   0.000   1.606   0.628   1.681
  2000   0.000   1.521   0.620   1.605
  2010   0.000   1.548   0.578   1.602
 
Stdev of log(Wage Gap) across occupations
 
  Year      WM      WW      BM      BW
--------------------------------------
  1960   0.000   0.185   0.185   0.369
  1970   0.000   0.176   0.172   0.264
  1980   0.000   0.108   0.089   0.140
  1990   0.000   0.105   0.095   0.166
  2000   0.000   0.100   0.108   0.180
  2010   0.000   0.095   0.106   0.191
EstimateTauZ_NoBrawny                 05-Oct-2026 
 
'EstimateTauZ' is a script from the file /workspace/output/replication/codebase/EstimateTauZ.m

 %%%%%%%%%%%%%%%%%%%%%%%%%%%%%%%%%%%%%%%%%%%%%%%%%%%%%%%%%%%%%
   EstimateTauZ.m   

   Main program to estimate TauW, TauH, and Z
   See the Note on Estimation for more information on how this program works.
     
 %%%%%%%%%%%%%%%%%%%%%%%%%%%%%%%%%%%%%%%%%%%%%%%%%%%%%%%%%%%%%


Additional help for built-in functions and operators is
available in the online version of the manual.  Use the command
'doc <topic>' to search the manual index.

Help and information about Octave is also available on the WWW
at https://www.octave.org and via the help@octave.org
mailing list.
 
=============================================================
KEY PARAMETER VALUES:    CaseName = NoBrawny
                   theta =  2.0000
                     eta =  0.1030
            theta*(1-eta)=  1.7940
                    dlta =  0.0000
                      mu =  0.5574
                   sigma =  3.0000
           EstimateDelta =  0.0000
           ConstrainTauH = -0.8000
PurgeWageGrowthSelection =     0
      AlphaSplitTauW1960 =  0.5000
   OccupationforWageHome = 23 Secretaries                               
IgnoreBrawnyOccupations = 1 -- choosing T(i,g) to zero out tauw/h there
   Alpha0FixedSplit =  0.5000
=============================================================
 
 
 
-------------------------------------------------------------
Estimating w and Z from YWM:   1960
-------------------------------------------------------------
 
                                                 s     phi         w     zWM
----------------------------------------------------------------------------
Home                                         0.496   1.273    6221.2   1.000
Executives, Administrative, and Managerial   0.525   1.431    7335.0   0.915
Management Related                           0.596   1.911    4958.6   1.090
Architects                                   0.691   2.900     964.6   1.282
Engineers                                    0.627   2.178    5884.8   1.030
Math and Computer Science                    0.654   2.448     962.7   1.149
Natural Science                              0.658   2.489    2479.1   1.226
Doctors                                      0.751   3.907    3236.3   1.614
Health Assessment                            0.667   2.587    1575.3   1.251
Therapists                                   0.695   2.956     532.1   1.633
Professors                                   0.819   5.850    1993.2   2.346
Teachers          Non-Postsecondary          0.694   2.937    3569.3   1.613
Librarians  and Curators                     0.715   3.247     346.1   1.771
Social Scientists and Urban Planners         0.703   3.057    1207.4   1.373
Social Work                                  0.700   3.025    1688.0   2.044
Lawyers       and Judges                     0.755   3.986    2895.9   1.498
Arts and Athletes                            0.610   2.023    3117.6   1.142
Health Technicians                           0.524   1.426     909.0   1.088
Engineering Technicians                      0.514   1.369    2989.1   0.941
Science Technicians                          0.521   1.408    1908.5   0.986
Technicians, Other                           0.542   1.531    1414.3   1.011
Sales, all                                   0.532   1.470    6780.4   0.989
Secretaries                                  0.520   1.402     949.3   1.050
Info. Clerks                                 0.503   1.310     854.0   1.004
Records Processing, Non-Financial            0.616   2.077    1334.0   1.186
Financial Records Processing                 0.525   1.430    1440.1   1.112
Office Machine Operator                      0.500   1.296    1186.8   1.008
Computer/Communications Equip. Operator      0.469   1.143     628.2   0.871
Mail Distribution                            0.489   1.239    1833.3   0.980
Scheduling and Distributing Clerks           0.441   1.023    2193.4   0.967
Adjusters and Investigators                  0.574   1.746    1335.1   1.151
Misc. Admin Support                          0.512   1.360    3748.4   1.040
Private Household Occupations                0.418   0.929     560.6   0.939
Firefighting                                 0.458   1.094    1421.8   0.923
Police                                       0.474   1.166    2085.7   0.963
Guards                                       0.446   1.043     960.7   0.960
Food Prep    and Service                     0.418   0.930    1292.1   1.068
Health Service                               0.439   1.011     549.5   1.238
Cleaning and Building Service                0.403   0.875     790.8   1.080
Personal Service                             0.438   1.010    1432.6   1.025
Farm Managers                                0.434   0.992    2077.0   1.366
Farm Work                                    0.338   0.660    1038.3   1.353
Related Agriculture                          0.401   0.867     674.1   0.977
Forest, Logging, Fishers and Hunter          0.379   0.790     633.6   1.102
Mechanics                                    0.418   0.929    2778.1   0.928
Elec. Repairer                               0.465   1.126    2950.3   0.899
Misc. Repairer                               0.432   0.985    3415.0   0.900
Construction Trade                           0.428   0.970    4616.5   0.856
Extractive                                   0.402   0.872    1680.3   0.837
Supervisor(P)                                0.462   1.113    3543.6   0.826
Precision Metal                              0.434   0.992    3220.3   0.829
Precision Wood                               0.416   0.922     644.9   0.932
Precision, Textile                           0.385   0.809     734.7   0.919
Precision, Other                             0.434   0.992    1224.5   0.861
Precision, Food                              0.420   0.938    1418.9   0.913
Plant Operator                               0.533   1.478    2280.0   0.906
Metal and Plastic Machine Operator           0.399   0.860    1402.3   0.811
Metal and Plastic Processing Operator        0.408   0.893     664.3   0.897
Woodworking Machine Operator                 0.372   0.766     555.3   0.992
Textile Machine Operator                     0.453   1.072    1933.7   0.851
Print Machine Operator                       0.387   0.817     816.7   1.010
Machine Operator, Other                      0.405   0.879    5234.3   0.901
Fabricators                                  0.409   0.897    2513.5   0.869
Production Inspectors                        0.444   1.034    1726.5   0.903
Motor Vehicle Operator                       0.405   0.880    4243.4   0.898
Non Motor Vehicle Operator                   0.422   0.946    2562.8   0.820
Freight, Stock, Material Handler             0.395   0.845    3329.9   0.971

  MWM = 114892596.188
 
 
-------------------------------------------------------------
Estimating w and Z from YWM:   1970
-------------------------------------------------------------
 
                                                 s     phi         w     zWM
----------------------------------------------------------------------------
Home                                         0.555   1.614    8178.4   1.000
Executives, Administrative, and Managerial   0.557   1.627   10374.7   0.846
Management Related                           0.598   1.928    4984.1   0.935
Architects                                   0.725   3.421    1422.8   1.266
Engineers                                    0.640   2.302    6927.5   0.950
Math and Computer Science                    0.628   2.188    2972.8   0.943
Natural Science                              0.667   2.590    2904.9   1.125
Doctors                                      0.759   4.084    4620.8   1.247
Health Assessment                            0.686   2.833    1914.2   1.163
Therapists                                   0.669   2.616     887.5   1.271
Professors                                   0.814   5.679    3762.5   2.017
Teachers          Non-Postsecondary          0.715   3.245    5363.0   1.457
Librarians  and Curators                     0.720   3.328     701.2   1.511
Social Scientists and Urban Planners         0.698   2.987    2249.7   1.139
Social Work                                  0.688   2.857    2160.3   1.581
Lawyers       and Judges                     0.763   4.174    4378.9   1.257
Arts and Athletes                            0.598   1.922    3452.4   0.977
Health Technicians                           0.597   1.918    1299.1   1.063
Engineering Technicians                      0.528   1.446    4063.7   0.873
Science Technicians                          0.583   1.812    1299.6   1.018
Technicians, Other                           0.586   1.834    3412.1   0.897
Sales, all                                   0.543   1.537    7982.0   0.864
Secretaries                                  0.536   1.495    1166.3   0.959
Info. Clerks                                 0.536   1.497    1317.8   0.932
Records Processing, Non-Financial            0.611   2.029    2572.6   0.990
Financial Records Processing                 0.533   1.478    2093.0   0.952
Office Machine Operator                      0.502   1.304     687.6   0.993
Computer/Communications Equip. Operator      0.509   1.341    1563.3   0.866
Mail Distribution                            0.501   1.299    1802.5   0.922
Scheduling and Distributing Clerks           0.483   1.209    3045.6   0.888
Adjusters and Investigators                  0.573   1.736    2490.4   0.959
Misc. Admin Support                          0.528   1.446    3004.5   0.925
Private Household Occupations                0.431   0.982     701.3   0.928
Firefighting                                 0.483   1.209    1950.7   0.796
Police                                       0.499   1.288    3074.1   0.827
Guards                                       0.493   1.258    1181.6   0.928
Food Prep    and Service                     0.455   1.079    1564.2   0.982
Health Service                               0.520   1.401     705.0   1.181
Cleaning and Building Service                0.436   1.001    1637.6   0.931
Personal Service                             0.439   1.015    1998.9   0.876
Farm Managers                                0.475   1.173    2333.7   1.048
Farm Work                                    0.399   0.861    1179.8   1.143
Related Agriculture                          0.431   0.979    1077.3   0.918
Forest, Logging, Fishers and Hunter          0.444   1.035     795.7   0.975
Mechanics                                    0.444   1.034    4434.3   0.813
Elec. Repairer                               0.481   1.199    3497.8   0.819
Misc. Repairer                               0.444   1.035    3545.3   0.790
Construction Trade                           0.451   1.062    6241.8   0.784
Extractive                                   0.429   0.972    1294.5   0.804
Supervisor(P)                                0.484   1.215    4702.8   0.767
Precision Metal                              0.465   1.127    3404.5   0.773
Precision Wood                               0.439   1.012     743.8   0.875
Precision, Textile                           0.405   0.880     841.6   0.865
Precision, Other                             0.479   1.189     986.5   0.808
Precision, Food                              0.443   1.030    1794.0   0.827
Plant Operator                               0.475   1.171    1324.1   0.782
Metal and Plastic Machine Operator           0.443   1.030    2777.8   0.804
Metal and Plastic Processing Operator        0.417   0.925     981.2   0.769
Woodworking Machine Operator                 0.397   0.851     636.7   0.910
Textile Machine Operator                     0.472   1.156    2231.4   0.788
Print Machine Operator                       0.409   0.896    1400.9   0.911
Machine Operator, Other                      0.433   0.989    5048.7   0.827
Fabricators                                  0.440   1.015    3252.7   0.825
Production Inspectors                        0.482   1.205    2352.7   0.861
Motor Vehicle Operator                       0.437   1.006    4775.1   0.820
Non Motor Vehicle Operator                   0.439   1.014    2819.9   0.775
Freight, Stock, Material Handler             0.440   1.019    3347.6   0.909

  MWM = 112696390.233
 
 
-------------------------------------------------------------
Estimating w and Z from YWM:   1980
-------------------------------------------------------------
 
                                                 s     phi         w     zWM
----------------------------------------------------------------------------
Home                                         0.565   1.684    7036.4   1.000
Executives, Administrative, and Managerial   0.602   1.962    9707.0   0.854
Management Related                           0.631   2.210    6324.0   0.951
Architects                                   0.703   3.064    1552.4   1.216
Engineers                                    0.648   2.388    5960.4   0.889
Math and Computer Science                    0.652   2.420    2873.1   0.908
Natural Science                              0.702   3.046    2504.0   1.207
Doctors                                      0.758   4.060    5095.1   1.097
Health Assessment                            0.712   3.193    2140.3   1.214
Therapists                                   0.635   2.255    1294.6   1.106
Professors                                   0.811   5.545    2347.0   2.063
Teachers          Non-Postsecondary          0.709   3.156    4510.5   1.434
Librarians  and Curators                     0.724   3.400     697.4   1.586
Social Scientists and Urban Planners         0.727   3.442    2128.1   1.229
Social Work                                  0.690   2.876    2095.3   1.520
Lawyers       and Judges                     0.769   4.300    4848.9   1.251
Arts and Athletes                            0.633   2.235    3119.4   1.133
Health Technicians                           0.621   2.125    1523.9   1.112
Engineering Technicians                      0.558   1.636    3478.3   0.873
Science Technicians                          0.584   1.815    1367.5   0.927
Technicians, Other                           0.631   2.213    3688.7   0.988
Sales, all                                   0.577   1.765    8226.4   0.879
Secretaries                                  0.594   1.898     756.1   1.072
Info. Clerks                                 0.604   1.976    1134.3   1.048
Records Processing, Non-Financial            0.568   1.701    1309.4   0.998
Financial Records Processing                 0.586   1.832    1575.9   0.995
Office Machine Operator                      0.534   1.484     321.4   1.021
Computer/Communications Equip. Operator      0.559   1.643    2017.8   0.856
Mail Distribution                            0.535   1.491    2247.9   0.807
Scheduling and Distributing Clerks           0.525   1.428    3151.5   0.878
Adjusters and Investigators                  0.608   2.009    1749.6   1.007
Misc. Admin Support                          0.589   1.855    2158.8   1.025
Private Household Occupations                0.469   1.144     537.6   1.037
Firefighting                                 0.529   1.453    1935.9   0.797
Police                                       0.556   1.621    3304.5   0.844
Guards                                       0.537   1.504    1510.1   0.962
Food Prep    and Service                     0.520   1.401    1745.8   1.152
Health Service                               0.575   1.752    1027.5   1.188
Cleaning and Building Service                0.488   1.233    2205.9   0.948
Personal Service                             0.559   1.641    1365.7   1.075
Farm Managers                                0.526   1.439    2254.8   1.033
Farm Work                                    0.437   1.006    1318.3   0.989
Related Agriculture                          0.494   1.263    1200.1   1.005
Forest, Logging, Fishers and Hunter          0.489   1.240    1060.0   0.890
Mechanics                                    0.482   1.202    4532.1   0.791
Elec. Repairer                               0.509   1.344    3342.6   0.745
Misc. Repairer                               0.495   1.267    2844.3   0.770
Construction Trade                           0.495   1.271    7072.5   0.785
Extractive                                   0.468   1.138    1786.5   0.676
Supervisor(P)                                0.525   1.433    4595.8   0.750
Precision Metal                              0.490   1.243    3110.1   0.744
Precision Wood                               0.502   1.307     716.6   0.999
Precision, Textile                           0.448   1.049     577.6   0.919
Precision, Other                             0.504   1.316    1181.6   0.864
Precision, Food                              0.473   1.164    1570.3   0.769
Plant Operator                               0.520   1.401    1697.1   0.759
Metal and Plastic Machine Operator           0.469   1.142    2273.1   0.753
Metal and Plastic Processing Operator        0.463   1.116    1101.8   0.772
Woodworking Machine Operator                 0.465   1.124     768.8   0.908
Textile Machine Operator                     0.504   1.316    1663.6   0.811
Print Machine Operator                       0.435   0.996     920.2   0.916
Machine Operator, Other                      0.472   1.155    4136.6   0.776
Fabricators                                  0.469   1.145    3644.4   0.779
Production Inspectors                        0.503   1.309    2109.5   0.784
Motor Vehicle Operator                       0.478   1.187    5073.8   0.777
Non Motor Vehicle Operator                   0.483   1.207    3381.5   0.708
Freight, Stock, Material Handler             0.478   1.183    3495.7   0.853

  MWM = 80845497.914
 
 
-------------------------------------------------------------
Estimating w and Z from YWM:   1990
-------------------------------------------------------------
 
                                                 s     phi         w     zWM
----------------------------------------------------------------------------
Home                                         0.555   1.611    7154.2   1.000
Executives, Administrative, and Managerial   0.582   1.800   10099.0   0.760
Management Related                           0.620   2.108    6627.5   0.860
Architects                                   0.649   2.398    1715.3   0.929
Engineers                                    0.638   2.279    7165.4   0.792
Math and Computer Science                    0.636   2.260    4198.1   0.799
Natural Science                              0.674   2.676    2457.1   1.059
Doctors                                      0.762   4.147    5395.4   1.020
Health Assessment                            0.650   2.405    2281.0   0.864
Therapists                                   0.633   2.236    1350.8   0.953
Professors                                   0.814   5.670    1961.5   2.102
Teachers          Non-Postsecondary          0.669   2.613    3211.8   1.224
Librarians  and Curators                     0.714   3.232     613.7   1.490
Social Scientists and Urban Planners         0.697   2.974    1907.8   1.064
Social Work                                  0.660   2.514    1833.7   1.316
Lawyers       and Judges                     0.765   4.211    5726.2   0.999
Arts and Athletes                            0.611   2.034    3673.2   0.982
Health Technicians                           0.585   1.824    1804.8   0.960
Engineering Technicians                      0.559   1.640    3781.5   0.825
Science Technicians                          0.569   1.708    1363.2   0.863
Technicians, Other                           0.603   1.968    4782.2   0.856
Sales, all                                   0.561   1.651    9803.1   0.799
Secretaries                                  0.578   1.771     729.3   1.055
Info. Clerks                                 0.581   1.794    1207.4   1.014
Records Processing, Non-Financial            0.575   1.752    1089.4   0.998
Financial Records Processing                 0.568   1.700    1342.6   0.984
Office Machine Operator                      0.519   1.399     371.4   0.993
Computer/Communications Equip. Operator      0.557   1.627    1929.7   0.868
Mail Distribution                            0.529   1.453    2247.3   0.787
Scheduling and Distributing Clerks           0.518   1.391    3177.2   0.878
Adjusters and Investigators                  0.586   1.829    1990.8   0.945
Misc. Admin Support                          0.579   1.782    2220.3   0.978
Private Household Occupations                0.484   1.213     535.6   1.065
Firefighting                                 0.532   1.469    2155.2   0.717
Police                                       0.541   1.527    3538.2   0.763
Guards                                       0.533   1.476    1734.9   0.956
Food Prep    and Service                     0.518   1.390    2335.7   1.124
Health Service                               0.557   1.630    1141.3   1.087
Cleaning and Building Service                0.493   1.261    2440.3   0.955
Personal Service                             0.545   1.553    1290.7   1.046
Farm Managers                                0.510   1.349    1948.6   0.994
Farm Work                                    0.447   1.047    1225.4   0.994
Related Agriculture                          0.485   1.217    1768.6   0.964
Forest, Logging, Fishers and Hunter          0.476   1.177    1025.8   0.876
Mechanics                                    0.493   1.257    4853.7   0.795
Elec. Repairer                               0.517   1.385    2917.7   0.786
Misc. Repairer                               0.501   1.301    2871.6   0.799
Construction Trade                           0.489   1.239    7557.3   0.790
Extractive                                   0.476   1.176    1317.0   0.710
Supervisor(P)                                0.511   1.353    3689.4   0.718
Precision Metal                              0.496   1.274    3200.4   0.746
Precision Wood                               0.492   1.252     820.4   0.882
Precision, Textile                           0.471   1.151     630.7   0.936
Precision, Other                             0.498   1.285    1294.8   0.826
Precision, Food                              0.481   1.200    1393.6   0.852
Plant Operator                               0.517   1.384    2079.4   0.708
Metal and Plastic Machine Operator           0.475   1.173    1471.7   0.806
Metal and Plastic Processing Operator        0.480   1.197     982.3   0.792
Woodworking Machine Operator                 0.471   1.154     787.9   0.941
Textile Machine Operator                     0.500   1.293    1987.9   0.794
Print Machine Operator                       0.465   1.124    1134.8   0.908
Machine Operator, Other                      0.482   1.205    3725.9   0.802
Fabricators                                  0.481   1.200    3422.1   0.821
Production Inspectors                        0.512   1.356    2085.4   0.795
Motor Vehicle Operator                       0.488   1.233    5106.5   0.811
Non Motor Vehicle Operator                   0.484   1.216    2591.3   0.734
Freight, Stock, Material Handler             0.489   1.239    3425.3   0.915

  MWM = 83564465.957
 
 
-------------------------------------------------------------
Estimating w and Z from YWM:   2000
-------------------------------------------------------------
 
                                                 s     phi         w     zWM
----------------------------------------------------------------------------
Home                                         0.528   1.448   10084.2   1.000
Executives, Administrative, and Managerial   0.595   1.898   11627.0   0.856
Management Related                           0.619   2.100    8080.5   0.962
Architects                                   0.664   2.561    1818.8   1.132
Engineers                                    0.641   2.313    6694.4   0.936
Math and Computer Science                    0.605   1.982    6079.4   0.916
Natural Science                              0.701   3.042    2704.1   1.412
Doctors                                      0.762   4.136    5004.2   1.203
Health Assessment                            0.643   2.336    2628.1   0.986
Therapists                                   0.659   2.500    1980.8   1.133
Professors                                   0.792   4.922    2353.6   2.327
Teachers          Non-Postsecondary          0.672   2.646    4184.9   1.444
Librarians  and Curators                     0.710   3.168     597.1   1.722
Social Scientists and Urban Planners         0.699   3.004    1745.8   1.268
Social Work                                  0.653   2.432    2040.7   1.468
Lawyers       and Judges                     0.763   4.175    5635.7   1.193
Arts and Athletes                            0.618   2.097    4332.8   1.141
Health Technicians                           0.576   1.761    2201.8   1.071
Engineering Technicians                      0.551   1.588    2889.0   0.989
Science Technicians                          0.563   1.669    1054.2   1.018
Technicians, Other                           0.627   2.172    6682.2   0.903
Sales, all                                   0.564   1.673   10169.5   0.924
Secretaries                                  0.585   1.828    1203.3   1.139
Info. Clerks                                 0.576   1.758    1238.5   1.225
Records Processing, Non-Financial            0.572   1.732     987.9   1.229
Financial Records Processing                 0.567   1.695    1378.2   1.138
Office Machine Operator                      0.519   1.397     634.5   0.983
Computer/Communications Equip. Operator      0.563   1.671    1224.7   1.043
Mail Distribution                            0.527   1.444    1619.3   1.011
Scheduling and Distributing Clerks           0.516   1.382    3306.1   1.064
Adjusters and Investigators                  0.571   1.725    3158.8   1.080
Misc. Admin Support                          0.582   1.802    1935.5   1.191
Private Household Occupations                0.491   1.249     451.7   1.305
Firefighting                                 0.533   1.477    2416.2   0.846
Police                                       0.551   1.588    4644.1   0.917
Guards                                       0.531   1.463    1659.2   1.136
Food Prep    and Service                     0.515   1.377    2886.4   1.293
Health Service                               0.554   1.607    1110.8   1.321
Cleaning and Building Service                0.490   1.242    2112.7   1.112
Personal Service                             0.567   1.698    1870.8   1.219
Farm Managers                                0.519   1.399    1527.8   1.122
Farm Work                                    0.429   0.974    1146.5   1.127
Related Agriculture                          0.476   1.176    2127.0   1.103
Forest, Logging, Fishers and Hunter          0.473   1.163    1029.8   1.034
Mechanics                                    0.493   1.256    4973.0   0.921
Elec. Repairer                               0.513   1.361    3416.1   0.933
Misc. Repairer                               0.498   1.285    2587.2   0.948
Construction Trade                           0.480   1.193    7561.2   0.928
Extractive                                   0.477   1.183     989.4   0.846
Supervisor(P)                                0.512   1.360    3372.1   0.865
Precision Metal                              0.497   1.277    2439.6   0.886
Precision Wood                               0.487   1.230     794.1   1.037
Precision, Textile                           0.472   1.157     562.5   1.004
Precision, Other                             0.531   1.465    1099.0   1.104
Precision, Food                              0.467   1.135    1172.0   1.046
Plant Operator                               0.508   1.334    1461.4   0.858
Metal and Plastic Machine Operator           0.476   1.175    1214.1   0.963
Metal and Plastic Processing Operator        0.485   1.217     950.9   0.933
Woodworking Machine Operator                 0.477   1.179    1896.2   0.975
Textile Machine Operator                     0.498   1.286    1586.2   0.941
Print Machine Operator                       0.458   1.094    1040.2   1.067
Machine Operator, Other                      0.480   1.194    3327.6   0.956
Fabricators                                  0.483   1.208    3258.6   0.962
Production Inspectors                        0.519   1.397    2016.1   0.966
Motor Vehicle Operator                       0.488   1.234    5182.9   0.954
Non Motor Vehicle Operator                   0.483   1.209    2458.7   0.863
Freight, Stock, Material Handler             0.487   1.227    2953.0   1.079

  MWM = 142117622.125
 
 
-------------------------------------------------------------
Estimating w and Z from YWM:   2010
-------------------------------------------------------------
 
                                                 s     phi         w     zWM
----------------------------------------------------------------------------
Home                                         0.582   1.800   10072.9   1.000
Executives, Administrative, and Managerial   0.601   1.948   10960.2   0.756
Management Related                           0.633   2.230    8512.9   0.804
Architects                                   0.671   2.642    1574.9   0.944
Engineers                                    0.651   2.415    6845.6   0.753
Math and Computer Science                    0.606   1.991    6100.7   0.783
Natural Science                              0.705   3.096    2933.1   1.101
Doctors                                      0.762   4.155    4849.4   0.990
Health Assessment                            0.671   2.644    3362.2   0.808
Therapists                                   0.692   2.912    2298.0   0.981
Professors                                   0.804   5.314    2687.1   2.093
Teachers          Non-Postsecondary          0.687   2.835    5115.4   1.188
Librarians  and Curators                     0.737   3.631     571.5   1.598
Social Scientists and Urban Planners         0.678   2.728    2265.5   0.941
Social Work                                  0.658   2.493    2321.6   1.223
Lawyers       and Judges                     0.764   4.180    6248.0   0.896
Arts and Athletes                            0.636   2.259    4439.6   0.989
Health Technicians                           0.578   1.775    2528.8   0.876
Engineering Technicians                      0.570   1.713    2808.4   0.825
Science Technicians                          0.581   1.798    1134.9   0.856
Technicians, Other                           0.631   2.213    6563.5   0.745
Sales, all                                   0.574   1.743    9117.5   0.860
Secretaries                                  0.608   2.006    1299.9   1.067
Info. Clerks                                 0.578   1.771    1330.6   1.099
Records Processing, Non-Financial            0.600   1.943    1126.6   1.098
Financial Records Processing                 0.576   1.761    1462.3   0.968
Office Machine Operator                      0.573   1.738     336.4   1.112
Computer/Communications Equip. Operator      0.567   1.695     834.7   0.939
Mail Distribution                            0.539   1.515    1529.5   0.865
Scheduling and Distributing Clerks           0.535   1.491    3122.4   1.005
Adjusters and Investigators                  0.574   1.746    3194.0   0.986
Misc. Admin Support                          0.593   1.884    2085.2   1.053
Private Household Occupations                0.484   1.214     450.5   1.196
Firefighting                                 0.550   1.584    2885.5   0.681
Police                                       0.560   1.644    4758.4   0.737
Guards                                       0.552   1.597    2163.3   0.986
Food Prep    and Service                     0.536   1.496    3456.3   1.240
Health Service                               0.564   1.677    1506.2   1.153
Cleaning and Building Service                0.507   1.330    2196.4   1.018
Personal Service                             0.579   1.784    1988.7   1.124
Farm Managers                                0.523   1.417    1722.4   0.845
Farm Work                                    0.418   0.929    1477.1   0.938
Related Agriculture                          0.475   1.173    2295.0   1.023
Forest, Logging, Fishers and Hunter          0.491   1.248     925.0   0.864
Mechanics                                    0.504   1.316    4411.7   0.799
Elec. Repairer                               0.522   1.412    3271.6   0.809
Misc. Repairer                               0.508   1.335    2581.6   0.800
Construction Trade                           0.483   1.209    7011.5   0.819
Extractive                                   0.485   1.221    2128.8   0.625
Supervisor(P)                                0.519   1.394    2401.0   0.743
Precision Metal                              0.502   1.305    1631.4   0.785
Precision Wood                               0.491   1.248     536.8   0.952
Precision, Textile                           0.479   1.192     342.9   1.009
Precision, Other                             0.547   1.565    1253.5   0.961
Precision, Food                              0.474   1.165    1107.9   0.972
Plant Operator                               0.530   1.460    1673.8   0.692
Metal and Plastic Machine Operator           0.474   1.168     917.1   0.836
Metal and Plastic Processing Operator        0.497   1.279     519.6   0.866
Woodworking Machine Operator                 0.480   1.196    1398.9   0.856
Textile Machine Operator                     0.505   1.321     967.1   0.897
Print Machine Operator                       0.464   1.121     689.1   0.991
Machine Operator, Other                      0.489   1.237    2948.1   0.862
Fabricators                                  0.485   1.220    2830.5   0.844
Production Inspectors                        0.528   1.446    1979.1   0.819
Motor Vehicle Operator                       0.501   1.301    4263.7   0.880
Non Motor Vehicle Operator                   0.495   1.271    2685.6   0.699
Freight, Stock, Material Handler             0.503   1.311    2984.7   1.015

  MWM = 90405372.036
 
 
=============================================================================
 Summary of Results for w, phi, s, Z from Young WM... (solveWMfor_w_phi.m)
=============================================================================
 
Values for w(i,t) --- wage per unit of human capital
 
                                              1960    1970    1980    1990    2000    2010
------------------------------------------------------------------------------------------
Home                                          6221    8178    7036    7154   10084   10073
Executives, Administrative, and Managerial    7335   10375    9707   10099   11627   10960
Management Related                            4959    4984    6324    6627    8080    8513
Architects                                     965    1423    1552    1715    1819    1575
Engineers                                     5885    6928    5960    7165    6694    6846
Math and Computer Science                      963    2973    2873    4198    6079    6101
Natural Science                               2479    2905    2504    2457    2704    2933
Doctors                                       3236    4621    5095    5395    5004    4849
Health Assessment                             1575    1914    2140    2281    2628    3362
Therapists                                     532     887    1295    1351    1981    2298
Professors                                    1993    3763    2347    1962    2354    2687
Teachers          Non-Postsecondary           3569    5363    4511    3212    4185    5115
Librarians  and Curators                       346     701     697     614     597     572
Social Scientists and Urban Planners          1207    2250    2128    1908    1746    2265
Social Work                                   1688    2160    2095    1834    2041    2322
Lawyers       and Judges                      2896    4379    4849    5726    5636    6248
Arts and Athletes                             3118    3452    3119    3673    4333    4440
Health Technicians                             909    1299    1524    1805    2202    2529
Engineering Technicians                       2989    4064    3478    3782    2889    2808
Science Technicians                           1909    1300    1368    1363    1054    1135
Technicians, Other                            1414    3412    3689    4782    6682    6564
Sales, all                                    6780    7982    8226    9803   10170    9118
Secretaries                                    949    1166     756     729    1203    1300
Info. Clerks                                   854    1318    1134    1207    1239    1331
Records Processing, Non-Financial             1334    2573    1309    1089     988    1127
Financial Records Processing                  1440    2093    1576    1343    1378    1462
Office Machine Operator                       1187     688     321     371     634     336
Computer/Communications Equip. Operator        628    1563    2018    1930    1225     835
Mail Distribution                             1833    1803    2248    2247    1619    1529
Scheduling and Distributing Clerks            2193    3046    3151    3177    3306    3122
Adjusters and Investigators                   1335    2490    1750    1991    3159    3194
Misc. Admin Support                           3748    3004    2159    2220    1936    2085
Private Household Occupations                  561     701     538     536     452     451
Firefighting                                  1422    1951    1936    2155    2416    2885
Police                                        2086    3074    3304    3538    4644    4758
Guards                                         961    1182    1510    1735    1659    2163
Food Prep    and Service                      1292    1564    1746    2336    2886    3456
Health Service                                 549     705    1027    1141    1111    1506
Cleaning and Building Service                  791    1638    2206    2440    2113    2196
Personal Service                              1433    1999    1366    1291    1871    1989
Farm Managers                                 2077    2334    2255    1949    1528    1722
Farm Work                                     1038    1180    1318    1225    1146    1477
Related Agriculture                            674    1077    1200    1769    2127    2295
Forest, Logging, Fishers and Hunter            634     796    1060    1026    1030     925
Mechanics                                     2778    4434    4532    4854    4973    4412
Elec. Repairer                                2950    3498    3343    2918    3416    3272
Misc. Repairer                                3415    3545    2844    2872    2587    2582
Construction Trade                            4616    6242    7073    7557    7561    7012
Extractive                                    1680    1294    1787    1317     989    2129
Supervisor(P)                                 3544    4703    4596    3689    3372    2401
Precision Metal                               3220    3405    3110    3200    2440    1631
Precision Wood                                 645     744     717     820     794     537
Precision, Textile                             735     842     578     631     562     343
Precision, Other                              1225     987    1182    1295    1099    1254
Precision, Food                               1419    1794    1570    1394    1172    1108
Plant Operator                                2280    1324    1697    2079    1461    1674
Metal and Plastic Machine Operator            1402    2778    2273    1472    1214     917
Metal and Plastic Processing Operator          664     981    1102     982     951     520
Woodworking Machine Operator                   555     637     769     788    1896    1399
Textile Machine Operator                      1934    2231    1664    1988    1586     967
Print Machine Operator                         817    1401     920    1135    1040     689
Machine Operator, Other                       5234    5049    4137    3726    3328    2948
Fabricators                                   2514    3253    3644    3422    3259    2830
Production Inspectors                         1727    2353    2110    2085    2016    1979
Motor Vehicle Operator                        4243    4775    5074    5106    5183    4264
Non Motor Vehicle Operator                    2563    2820    3382    2591    2459    2686
Freight, Stock, Material Handler              3330    3348    3496    3425    2953    2985
 
 
Values for phi(i,t)
 
                                              1960    1970    1980    1990    2000    2010
------------------------------------------------------------------------------------------
Home                                         1.273   1.614   1.684   1.611   1.448   1.800
Executives, Administrative, and Managerial   1.431   1.627   1.962   1.800   1.898   1.948
Management Related                           1.911   1.928   2.210   2.108   2.100   2.230
Architects                                   2.900   3.421   3.064   2.398   2.561   2.642
Engineers                                    2.178   2.302   2.388   2.279   2.313   2.415
Math and Computer Science                    2.448   2.188   2.420   2.260   1.982   1.991
Natural Science                              2.489   2.590   3.046   2.676   3.042   3.096
Doctors                                      3.907   4.084   4.060   4.147   4.136   4.155
Health Assessment                            2.587   2.833   3.193   2.405   2.336   2.644
Therapists                                   2.956   2.616   2.255   2.236   2.500   2.912
Professors                                   5.850   5.679   5.545   5.670   4.922   5.314
Teachers          Non-Postsecondary          2.937   3.245   3.156   2.613   2.646   2.835
Librarians  and Curators                     3.247   3.328   3.400   3.232   3.168   3.631
Social Scientists and Urban Planners         3.057   2.987   3.442   2.974   3.004   2.728
Social Work                                  3.025   2.857   2.876   2.514   2.432   2.493
Lawyers       and Judges                     3.986   4.174   4.300   4.211   4.175   4.180
Arts and Athletes                            2.023   1.922   2.235   2.034   2.097   2.259
Health Technicians                           1.426   1.918   2.125   1.824   1.761   1.775
Engineering Technicians                      1.369   1.446   1.636   1.640   1.588   1.713
Science Technicians                          1.408   1.812   1.815   1.708   1.669   1.798
Technicians, Other                           1.531   1.834   2.213   1.968   2.172   2.213
Sales, all                                   1.470   1.537   1.765   1.651   1.673   1.743
Secretaries                                  1.402   1.495   1.898   1.771   1.828   2.006
Info. Clerks                                 1.310   1.497   1.976   1.794   1.758   1.771
Records Processing, Non-Financial            2.077   2.029   1.701   1.752   1.732   1.943
Financial Records Processing                 1.430   1.478   1.832   1.700   1.695   1.761
Office Machine Operator                      1.296   1.304   1.484   1.399   1.397   1.738
Computer/Communications Equip. Operator      1.143   1.341   1.643   1.627   1.671   1.695
Mail Distribution                            1.239   1.299   1.491   1.453   1.444   1.515
Scheduling and Distributing Clerks           1.023   1.209   1.428   1.391   1.382   1.491
Adjusters and Investigators                  1.746   1.736   2.009   1.829   1.725   1.746
Misc. Admin Support                          1.360   1.446   1.855   1.782   1.802   1.884
Private Household Occupations                0.929   0.982   1.144   1.213   1.249   1.214
Firefighting                                 1.094   1.209   1.453   1.469   1.477   1.584
Police                                       1.166   1.288   1.621   1.527   1.588   1.644
Guards                                       1.043   1.258   1.504   1.476   1.463   1.597
Food Prep    and Service                     0.930   1.079   1.401   1.390   1.377   1.496
Health Service                               1.011   1.401   1.752   1.630   1.607   1.677
Cleaning and Building Service                0.875   1.001   1.233   1.261   1.242   1.330
Personal Service                             1.010   1.015   1.641   1.553   1.698   1.784
Farm Managers                                0.992   1.173   1.439   1.349   1.399   1.417
Farm Work                                    0.660   0.861   1.006   1.047   0.974   0.929
Related Agriculture                          0.867   0.979   1.263   1.217   1.176   1.173
Forest, Logging, Fishers and Hunter          0.790   1.035   1.240   1.177   1.163   1.248
Mechanics                                    0.929   1.034   1.202   1.257   1.256   1.316
Elec. Repairer                               1.126   1.199   1.344   1.385   1.361   1.412
Misc. Repairer                               0.985   1.035   1.267   1.301   1.285   1.335
Construction Trade                           0.970   1.062   1.271   1.239   1.193   1.209
Extractive                                   0.872   0.972   1.138   1.176   1.183   1.221
Supervisor(P)                                1.113   1.215   1.433   1.353   1.360   1.394
Precision Metal                              0.992   1.127   1.243   1.274   1.277   1.305
Precision Wood                               0.922   1.012   1.307   1.252   1.230   1.248
Precision, Textile                           0.809   0.880   1.049   1.151   1.157   1.192
Precision, Other                             0.992   1.189   1.316   1.285   1.465   1.565
Precision, Food                              0.938   1.030   1.164   1.200   1.135   1.165
Plant Operator                               1.478   1.171   1.401   1.384   1.334   1.460
Metal and Plastic Machine Operator           0.860   1.030   1.142   1.173   1.175   1.168
Metal and Plastic Processing Operator        0.893   0.925   1.116   1.197   1.217   1.279
Woodworking Machine Operator                 0.766   0.851   1.124   1.154   1.179   1.196
Textile Machine Operator                     1.072   1.156   1.316   1.293   1.286   1.321
Print Machine Operator                       0.817   0.896   0.996   1.124   1.094   1.121
Machine Operator, Other                      0.879   0.989   1.155   1.205   1.194   1.237
Fabricators                                  0.897   1.015   1.145   1.200   1.208   1.220
Production Inspectors                        1.034   1.205   1.309   1.356   1.397   1.446
Motor Vehicle Operator                       0.880   1.006   1.187   1.233   1.234   1.301
Non Motor Vehicle Operator                   0.946   1.014   1.207   1.216   1.209   1.271
Freight, Stock, Material Handler             0.845   1.019   1.183   1.239   1.227   1.311
 
 
Values for s(i,t)
 
                                              1960    1970    1980    1990    2000    2010
------------------------------------------------------------------------------------------
Home                                         0.496   0.555   0.565   0.555   0.528   0.582
Executives, Administrative, and Managerial   0.525   0.557   0.602   0.582   0.595   0.601
Management Related                           0.596   0.598   0.631   0.620   0.619   0.633
Architects                                   0.691   0.725   0.703   0.649   0.664   0.671
Engineers                                    0.627   0.640   0.648   0.638   0.641   0.651
Math and Computer Science                    0.654   0.628   0.652   0.636   0.605   0.606
Natural Science                              0.658   0.667   0.702   0.674   0.701   0.705
Doctors                                      0.751   0.759   0.758   0.762   0.762   0.762
Health Assessment                            0.667   0.686   0.712   0.650   0.643   0.671
Therapists                                   0.695   0.669   0.635   0.633   0.659   0.692
Professors                                   0.819   0.814   0.811   0.814   0.792   0.804
Teachers          Non-Postsecondary          0.694   0.715   0.709   0.669   0.672   0.687
Librarians  and Curators                     0.715   0.720   0.724   0.714   0.710   0.737
Social Scientists and Urban Planners         0.703   0.698   0.727   0.697   0.699   0.678
Social Work                                  0.700   0.688   0.690   0.660   0.653   0.658
Lawyers       and Judges                     0.755   0.763   0.769   0.765   0.763   0.764
Arts and Athletes                            0.610   0.598   0.633   0.611   0.618   0.636
Health Technicians                           0.524   0.597   0.621   0.585   0.576   0.578
Engineering Technicians                      0.514   0.528   0.558   0.559   0.551   0.570
Science Technicians                          0.521   0.583   0.584   0.569   0.563   0.581
Technicians, Other                           0.542   0.586   0.631   0.603   0.627   0.631
Sales, all                                   0.532   0.543   0.577   0.561   0.564   0.574
Secretaries                                  0.520   0.536   0.594   0.578   0.585   0.608
Info. Clerks                                 0.503   0.536   0.604   0.581   0.576   0.578
Records Processing, Non-Financial            0.616   0.611   0.568   0.575   0.572   0.600
Financial Records Processing                 0.525   0.533   0.586   0.568   0.567   0.576
Office Machine Operator                      0.500   0.502   0.534   0.519   0.519   0.573
Computer/Communications Equip. Operator      0.469   0.509   0.559   0.557   0.563   0.567
Mail Distribution                            0.489   0.501   0.535   0.529   0.527   0.539
Scheduling and Distributing Clerks           0.441   0.483   0.525   0.518   0.516   0.535
Adjusters and Investigators                  0.574   0.573   0.608   0.586   0.571   0.574
Misc. Admin Support                          0.512   0.528   0.589   0.579   0.582   0.593
Private Household Occupations                0.418   0.431   0.469   0.484   0.491   0.484
Firefighting                                 0.458   0.483   0.529   0.532   0.533   0.550
Police                                       0.474   0.499   0.556   0.541   0.551   0.560
Guards                                       0.446   0.493   0.537   0.533   0.531   0.552
Food Prep    and Service                     0.418   0.455   0.520   0.518   0.515   0.536
Health Service                               0.439   0.520   0.575   0.557   0.554   0.564
Cleaning and Building Service                0.403   0.436   0.488   0.493   0.490   0.507
Personal Service                             0.438   0.439   0.559   0.545   0.567   0.579
Farm Managers                                0.434   0.475   0.526   0.510   0.519   0.523
Farm Work                                    0.338   0.399   0.437   0.447   0.429   0.418
Related Agriculture                          0.401   0.431   0.494   0.485   0.476   0.475
Forest, Logging, Fishers and Hunter          0.379   0.444   0.489   0.476   0.473   0.491
Mechanics                                    0.418   0.444   0.482   0.493   0.493   0.504
Elec. Repairer                               0.465   0.481   0.509   0.517   0.513   0.522
Misc. Repairer                               0.432   0.444   0.495   0.501   0.498   0.508
Construction Trade                           0.428   0.451   0.495   0.489   0.480   0.483
Extractive                                   0.402   0.429   0.468   0.476   0.477   0.485
Supervisor(P)                                0.462   0.484   0.525   0.511   0.512   0.519
Precision Metal                              0.434   0.465   0.490   0.496   0.497   0.502
Precision Wood                               0.416   0.439   0.502   0.492   0.487   0.491
Precision, Textile                           0.385   0.405   0.448   0.471   0.472   0.479
Precision, Other                             0.434   0.479   0.504   0.498   0.531   0.547
Precision, Food                              0.420   0.443   0.473   0.481   0.467   0.474
Plant Operator                               0.533   0.475   0.520   0.517   0.508   0.530
Metal and Plastic Machine Operator           0.399   0.443   0.469   0.475   0.476   0.474
Metal and Plastic Processing Operator        0.408   0.417   0.463   0.480   0.485   0.497
Woodworking Machine Operator                 0.372   0.397   0.465   0.471   0.477   0.480
Textile Machine Operator                     0.453   0.472   0.504   0.500   0.498   0.505
Print Machine Operator                       0.387   0.409   0.435   0.465   0.458   0.464
Machine Operator, Other                      0.405   0.433   0.472   0.482   0.480   0.489
Fabricators                                  0.409   0.440   0.469   0.481   0.483   0.485
Production Inspectors                        0.444   0.482   0.503   0.512   0.519   0.528
Motor Vehicle Operator                       0.405   0.437   0.478   0.488   0.488   0.501
Non Motor Vehicle Operator                   0.422   0.439   0.483   0.484   0.483   0.495
Freight, Stock, Material Handler             0.395   0.440   0.478   0.489   0.487   0.503
 
 
Values for ZWM(i,t)
 
                                              1960    1970    1980    1990    2000    2010
------------------------------------------------------------------------------------------
Home                                         1.000   1.000   1.000   1.000   1.000   1.000
Executives, Administrative, and Managerial   0.915   0.846   0.854   0.760   0.856   0.756
Management Related                           1.090   0.935   0.951   0.860   0.962   0.804
Architects                                   1.282   1.266   1.216   0.929   1.132   0.944
Engineers                                    1.030   0.950   0.889   0.792   0.936   0.753
Math and Computer Science                    1.149   0.943   0.908   0.799   0.916   0.783
Natural Science                              1.226   1.125   1.207   1.059   1.412   1.101
Doctors                                      1.614   1.247   1.097   1.020   1.203   0.990
Health Assessment                            1.251   1.163   1.214   0.864   0.986   0.808
Therapists                                   1.633   1.271   1.106   0.953   1.133   0.981
Professors                                   2.346   2.017   2.063   2.102   2.327   2.093
Teachers          Non-Postsecondary          1.613   1.457   1.434   1.224   1.444   1.188
Librarians  and Curators                     1.771   1.511   1.586   1.490   1.722   1.598
Social Scientists and Urban Planners         1.373   1.139   1.229   1.064   1.268   0.941
Social Work                                  2.044   1.581   1.520   1.316   1.468   1.223
Lawyers       and Judges                     1.498   1.257   1.251   0.999   1.193   0.896
Arts and Athletes                            1.142   0.977   1.133   0.982   1.141   0.989
Health Technicians                           1.088   1.063   1.112   0.960   1.071   0.876
Engineering Technicians                      0.941   0.873   0.873   0.825   0.989   0.825
Science Technicians                          0.986   1.018   0.927   0.863   1.018   0.856
Technicians, Other                           1.011   0.897   0.988   0.856   0.903   0.745
Sales, all                                   0.989   0.864   0.879   0.799   0.924   0.860
Secretaries                                  1.050   0.959   1.072   1.055   1.139   1.067
Info. Clerks                                 1.004   0.932   1.048   1.014   1.225   1.099
Records Processing, Non-Financial            1.186   0.990   0.998   0.998   1.229   1.098
Financial Records Processing                 1.112   0.952   0.995   0.984   1.138   0.968
Office Machine Operator                      1.008   0.993   1.021   0.993   0.983   1.112
Computer/Communications Equip. Operator      0.871   0.866   0.856   0.868   1.043   0.939
Mail Distribution                            0.980   0.922   0.807   0.787   1.011   0.865
Scheduling and Distributing Clerks           0.967   0.888   0.878   0.878   1.064   1.005
Adjusters and Investigators                  1.151   0.959   1.007   0.945   1.080   0.986
Misc. Admin Support                          1.040   0.925   1.025   0.978   1.191   1.053
Private Household Occupations                0.939   0.928   1.037   1.065   1.305   1.196
Firefighting                                 0.923   0.796   0.797   0.717   0.846   0.681
Police                                       0.963   0.827   0.844   0.763   0.917   0.737
Guards                                       0.960   0.928   0.962   0.956   1.136   0.986
Food Prep    and Service                     1.068   0.982   1.152   1.124   1.293   1.240
Health Service                               1.238   1.181   1.188   1.087   1.321   1.153
Cleaning and Building Service                1.080   0.931   0.948   0.955   1.112   1.018
Personal Service                             1.025   0.876   1.075   1.046   1.219   1.124
Farm Managers                                1.366   1.048   1.033   0.994   1.122   0.845
Farm Work                                    1.353   1.143   0.989   0.994   1.127   0.938
Related Agriculture                          0.977   0.918   1.005   0.964   1.103   1.023
Forest, Logging, Fishers and Hunter          1.102   0.975   0.890   0.876   1.034   0.864
Mechanics                                    0.928   0.813   0.791   0.795   0.921   0.799
Elec. Repairer                               0.899   0.819   0.745   0.786   0.933   0.809
Misc. Repairer                               0.900   0.790   0.770   0.799   0.948   0.800
Construction Trade                           0.856   0.784   0.785   0.790   0.928   0.819
Extractive                                   0.837   0.804   0.676   0.710   0.846   0.625
Supervisor(P)                                0.826   0.767   0.750   0.718   0.865   0.743
Precision Metal                              0.829   0.773   0.744   0.746   0.886   0.785
Precision Wood                               0.932   0.875   0.999   0.882   1.037   0.952
Precision, Textile                           0.919   0.865   0.919   0.936   1.004   1.009
Precision, Other                             0.861   0.808   0.864   0.826   1.104   0.961
Precision, Food                              0.913   0.827   0.769   0.852   1.046   0.972
Plant Operator                               0.906   0.782   0.759   0.708   0.858   0.692
Metal and Plastic Machine Operator           0.811   0.804   0.753   0.806   0.963   0.836
Metal and Plastic Processing Operator        0.897   0.769   0.772   0.792   0.933   0.866
Woodworking Machine Operator                 0.992   0.910   0.908   0.941   0.975   0.856
Textile Machine Operator                     0.851   0.788   0.811   0.794   0.941   0.897
Print Machine Operator                       1.010   0.911   0.916   0.908   1.067   0.991
Machine Operator, Other                      0.901   0.827   0.776   0.802   0.956   0.862
Fabricators                                  0.869   0.825   0.779   0.821   0.962   0.844
Production Inspectors                        0.903   0.861   0.784   0.795   0.966   0.819
Motor Vehicle Operator                       0.898   0.820   0.777   0.811   0.954   0.880
Non Motor Vehicle Operator                   0.820   0.775   0.708   0.734   0.863   0.699
Freight, Stock, Material Handler             0.971   0.909   0.853   0.915   1.079   1.015
 
 
WageBarHomeY(g,t):
 
               1960    1970    1980    1990    2000    2010
-----------------------------------------------------------
White Men     29602   35068   30147   29637   36650   33905
White Women    8946   12163   12391   14944   22906   22717
Black Men     18432   24463   17291   16297   22053   21658
Black Women    9677   14170   13630   14769   23084   23966
 
 
 
===========================================================
GetTExperience.m:
Fixing tauhat_y missing values --> tauhat_y_cleaned (just for robustness cases)
 -- Use first non-missing value
 
===========================================================
 
*********************
White Women
*********************
 
tauhat_y_cleaned Firefighting     NaN 12.7721  9.7087  6.0175  5.4037  5.1955
tauhat_y_cleaned Firefighting 12.7721 12.7721  9.7087  6.0175  5.4037  5.1955
tauhat_y_cleaned Forest     NaN 19.4901  5.9951  4.5321  4.8984  3.7356
tauhat_y_cleaned Forest 19.4901 19.4901  5.9951  4.5321  4.8984  3.7356
 
*********************
Black Men
*********************
 
tauhat_y_cleaned Architects     NaN  2.2799  2.6102  1.9263  2.1000  2.0045
tauhat_y_cleaned Architects  2.2799  2.2799  2.6102  1.9263  2.1000  2.0045
tauhat_y_cleaned Librarians     NaN  1.3797  1.1215  1.2106  1.9407  1.2910
tauhat_y_cleaned Librarians  1.3797  1.3797  1.1215  1.2106  1.9407  1.2910
 
*********************
Black Women
*********************
 
tauhat_y_cleaned Architects     NaN     NaN  3.9488  5.5941  4.4311  2.6552
tauhat_y_cleaned Architects  3.9488  3.9488  3.9488  5.5941  4.4311  2.6552
tauhat_y_cleaned Engineers     NaN     NaN  6.1696  4.1964  3.1462  3.3659
tauhat_y_cleaned Engineers  6.1696  6.1696  6.1696  4.1964  3.1462  3.3659
tauhat_y_cleaned Math/CompSci     NaN  5.3587  2.3153  2.0193  2.0870  2.0344
tauhat_y_cleaned Math/CompSci  5.3587  5.3587  2.3153  2.0193  2.0870  2.0344
tauhat_y_cleaned Science     NaN  4.5455  3.7423  2.3938  2.3053  1.7136
tauhat_y_cleaned Science  4.5455  4.5455  3.7423  2.3938  2.3053  1.7136
tauhat_y_cleaned Eng.Techs     NaN  7.7593  3.3460  3.5182  2.6515  2.6637
tauhat_y_cleaned Eng.Techs  7.7593  7.7593  3.3460  3.5182  2.6515  2.6637
tauhat_y_cleaned OtherTechs     NaN  4.2359  2.2468  2.0088  2.1291  2.3726
tauhat_y_cleaned OtherTechs  4.2359  4.2359  2.2468  2.0088  2.1291  2.3726
tauhat_y_cleaned Firefighting     NaN     NaN 11.7493  8.1294  6.0679 12.1900
tauhat_y_cleaned Firefighting 11.7493 11.7493 11.7493  8.1294  6.0679 12.1900
tauhat_y_cleaned Police     NaN  8.2820  3.6168  1.7094  1.7816  1.8119
tauhat_y_cleaned Police  8.2820  8.2820  3.6168  1.7094  1.7816  1.8119
tauhat_y_cleaned FarmMgrs 46.5506 10.8348 23.0380 19.0608     NaN 10.8791
tauhat_y_cleaned FarmMgrs 46.5506 10.8348 23.0380 19.0608 14.9699 10.8791
tauhat_y_cleaned Agriculture     NaN  9.7826  5.0914  5.2499  4.9937  4.7822
tauhat_y_cleaned Agriculture  9.7826  9.7826  5.0914  5.2499  4.9937  4.7822
tauhat_y_cleaned Forest     NaN  4.1103  7.3002  6.0762  3.8881     NaN
tauhat_y_cleaned Forest  4.1103  4.1103  7.3002  6.0762  3.8881  3.8881
tauhat_y_cleaned Mechanics     NaN 25.5923  8.6608  6.8971  6.8033  6.8344
tauhat_y_cleaned Mechanics 25.5923 25.5923  8.6608  6.8971  6.8033  6.8344
tauhat_y_cleaned Elec.Repairer     NaN 23.9694  3.9558  3.4702  3.2065  4.6834
tauhat_y_cleaned Elec.Repairer 23.9694 23.9694  3.9558  3.4702  3.2065  4.6834
tauhat_y_cleaned Extractive     NaN  9.6600 14.2665  6.6273     NaN 12.9993
tauhat_y_cleaned Extractive  9.6600  9.6600 14.2665  6.6273  9.8133 12.9993
tauhat_y_cleaned MetalWork     NaN 11.2316  5.9366  5.7676  4.6992  6.5912
tauhat_y_cleaned MetalWork 11.2316 11.2316  5.9366  5.7676  4.6992  6.5912
tauhat_y_cleaned WoodWork     NaN  4.6312  4.7584  5.2782  5.9129  6.7012
tauhat_y_cleaned WoodWork  4.6312  4.6312  4.7584  5.2782  5.9129  6.7012
tauhat_y_cleaned PlantOperator     NaN     NaN  5.2092  6.6971  9.4165  6.8538
tauhat_y_cleaned PlantOperator  5.2092  5.2092  5.2092  6.6971  9.4165  6.8538
tauhat_y_cleaned MetalMach.     NaN  3.6797  2.8424  3.4569  2.7138  4.6250
tauhat_y_cleaned MetalMach.  3.6797  3.6797  2.8424  3.4569  2.7138  4.6250
tauhat_y_cleaned MetalProc.     NaN  9.0466  2.5723  3.4093  2.7972  2.7462
tauhat_y_cleaned MetalProc.  9.0466  9.0466  2.5723  3.4093  2.7972  2.7462
tauhat_y_cleaned WoodMach.     NaN  7.7440  2.8615  3.5876  2.1186  2.6483
tauhat_y_cleaned WoodMach.  7.7440  7.7440  2.8615  3.5876  2.1186  2.6483
tauhat_y_cleaned TextileMach.     NaN  4.7557  3.3404  2.9259  2.9421  2.3972
tauhat_y_cleaned TextileMach.  4.7557  4.7557  3.3404  2.9259  2.9421  2.3972
 
GetTExperience.m:
                     TigYMO for               --- 1960 ---      and    --- 1990 ---
Home                                         1.00   1.34   1.80        1.00   1.44   1.74
Executives, Administrative, and Managerial   1.00   1.34   1.80        1.00   1.44   1.74
Management Related                           1.00   1.34   1.80        1.00   1.44   1.74
Architects                                   1.00   1.34   1.80        1.00   1.44   1.74
Engineers                                    1.00   1.34   1.80        1.00   1.44   1.74
Math and Computer Science                    1.00   1.34   1.80        1.00   1.44   1.74
Natural Science                              1.00   1.34   1.80        1.00   1.44   1.74
Doctors                                      1.00   1.34   1.80        1.00   1.44   1.74
Health Assessment                            1.00   1.34   1.80        1.00   1.44   1.74
Therapists                                   1.00   1.34   1.80        1.00   1.44   1.74
Professors                                   1.00   1.34   1.80        1.00   1.44   1.74
Teachers          Non-Postsecondary          1.00   1.34   1.80        1.00   1.44   1.74
Librarians  and Curators                     1.00   1.34   1.80        1.00   1.44   1.74
Social Scientists and Urban Planners         1.00   1.34   1.80        1.00   1.44   1.74
Social Work                                  1.00   1.34   1.80        1.00   1.44   1.74
Lawyers       and Judges                     1.00   1.34   1.80        1.00   1.44   1.74
Arts and Athletes                            1.00   1.34   1.80        1.00   1.44   1.74
Health Technicians                           1.00   1.34   1.80        1.00   1.44   1.74
Engineering Technicians                      1.00   1.34   1.80        1.00   1.44   1.74
Science Technicians                          1.00   1.34   1.80        1.00   1.44   1.74
Technicians, Other                           1.00   1.34   1.80        1.00   1.44   1.74
Sales, all                                   1.00   1.34   1.80        1.00   1.44   1.74
Secretaries                                  1.00   1.34   1.80        1.00   1.44   1.74
Info. Clerks                                 1.00   1.34   1.80        1.00   1.44   1.74
Records Processing, Non-Financial            1.00   1.34   1.80        1.00   1.44   1.74
Financial Records Processing                 1.00   1.34   1.80        1.00   1.44   1.74
Office Machine Operator                      1.00   1.34   1.80        1.00   1.44   1.74
Computer/Communications Equip. Operator      1.00   1.34   1.80        1.00   1.44   1.74
Mail Distribution                            1.00   1.34   1.80        1.00   1.44   1.74
Scheduling and Distributing Clerks           1.00   1.34   1.80        1.00   1.44   1.74
Adjusters and Investigators                  1.00   1.34   1.80        1.00   1.44   1.74
Misc. Admin Support                          1.00   1.34   1.80        1.00   1.44   1.74
Private Household Occupations                1.00   1.34   1.80        1.00   1.44   1.74
Firefighting                                 1.00   1.34   1.80        1.00   1.44   1.74
Police                                       1.00   1.34   1.80        1.00   1.44   1.74
Guards                                       1.00   1.34   1.80        1.00   1.44   1.74
Food Prep    and Service                     1.00   1.34   1.80        1.00   1.44   1.74
Health Service                               1.00   1.34   1.80        1.00   1.44   1.74
Cleaning and Building Service                1.00   1.34   1.80        1.00   1.44   1.74
Personal Service                             1.00   1.34   1.80        1.00   1.44   1.74
Farm Managers                                1.00   1.34   1.80        1.00   1.44   1.74
Farm Work                                    1.00   1.34   1.80        1.00   1.44   1.74
Related Agriculture                          1.00   1.34   1.80        1.00   1.44   1.74
Forest, Logging, Fishers and Hunter          1.00   1.34   1.80        1.00   1.44   1.74
Mechanics                                    1.00   1.34   1.80        1.00   1.44   1.74
Elec. Repairer                               1.00   1.34   1.80        1.00   1.44   1.74
Misc. Repairer                               1.00   1.34   1.80        1.00   1.44   1.74
Construction Trade                           1.00   1.34   1.80        1.00   1.44   1.74
Extractive                                   1.00   1.34   1.80        1.00   1.44   1.74
Supervisor(P)                                1.00   1.34   1.80        1.00   1.44   1.74
Precision Metal                              1.00   1.34   1.80        1.00   1.44   1.74
Precision Wood                               1.00   1.34   1.80        1.00   1.44   1.74
Precision, Textile                           1.00   1.34   1.80        1.00   1.44   1.74
Precision, Other                             1.00   1.34   1.80        1.00   1.44   1.74
Precision, Food                              1.00   1.34   1.80        1.00   1.44   1.74
Plant Operator                               1.00   1.34   1.80        1.00   1.44   1.74
Metal and Plastic Machine Operator           1.00   1.34   1.80        1.00   1.44   1.74
Metal and Plastic Processing Operator        1.00   1.34   1.80        1.00   1.44   1.74
Woodworking Machine Operator                 1.00   1.34   1.80        1.00   1.44   1.74
Textile Machine Operator                     1.00   1.34   1.80        1.00   1.44   1.74
Print Machine Operator                       1.00   1.34   1.80        1.00   1.44   1.74
Machine Operator, Other                      1.00   1.34   1.80        1.00   1.44   1.74
Fabricators                                  1.00   1.34   1.80        1.00   1.44   1.74
Production Inspectors                        1.00   1.34   1.80        1.00   1.44   1.74
Motor Vehicle Operator                       1.00   1.34   1.80        1.00   1.44   1.74
Non Motor Vehicle Operator                   1.00   1.34   1.80        1.00   1.44   1.74
Freight, Stock, Material Handler             1.00   1.34   1.80        1.00   1.44   1.74
 
Values for occupation 8:
ans =

   1.0000   1.3431   1.7953
   1.0000   1.5085   1.7605
   1.0000   1.3394   1.6072
   1.0000   1.4385   1.7422
   1.0000   1.4717        0
   1.0000   1.0000   1.0000

 
Tbar and TbarHat by Group and Years for Doctors
ans =

   4.1384   4.2689   3.9466   4.1806   4.2542   4.2542
   4.1384   4.2689   3.9466   4.1806   4.2542   4.2542
   4.1384   4.2689   3.9466   4.1806   4.2542   4.2542
   4.1384   4.2689   3.9466   4.1806   4.2542   4.2542

ans =

   1   1   1   1   1   1
   1   1   1   1   1   1
   1   1   1   1   1   1
   1   1   1   1   1   1

 
Tbar and TbarHat by Group and Years for Secretaries
ans =

   4.1384   4.2689   3.9466   4.1806   4.2542   4.2542
   4.1384   4.2689   3.9466   4.1806   4.2542   4.2542
   4.1384   4.2689   3.9466   4.1806   4.2542   4.2542
   4.1384   4.2689   3.9466   4.1806   4.2542   4.2542

ans =

   1   1   1   1   1   1
   1   1   1   1   1   1
   1   1   1   1   1   1
   1   1   1   1   1   1

 
Tbar and TbarHat by Group and Years for Farm
ans =

   4.1384   4.2689   3.9466   4.1806   4.2542   4.2542
   1.1100   0.9677   1.2867   1.5093   1.8441   1.7272
   4.1384   4.2689   3.9466   4.1806   4.2542   4.2542
   1.1100   0.9677   1.2867   1.5093   1.8441   1.7272

ans =

   1.0000   1.0000   1.0000   1.0000   1.0000   1.0000
   0.2682   0.2267   0.3260   0.3610   0.4335   0.4060
   1.0000   1.0000   1.0000   1.0000   1.0000   1.0000
   0.2682   0.2267   0.3260   0.3610   0.4335   0.4060

>>> Starting maxdiff/s_counter loop in EstimateTauZ.m
 
 
-------------------------------------------------------------
Estimating w and Z from YWM:   1960
-------------------------------------------------------------
 
                                                 s     phi         w     zWM
----------------------------------------------------------------------------
Home                                         0.496   1.273    6018.4   1.000
Executives, Administrative, and Managerial   0.525   1.431    7096.0   0.915
Management Related                           0.596   1.911    4796.9   1.090
Architects                                   0.691   2.900     933.1   1.282
Engineers                                    0.627   2.178    5693.0   1.030
Math and Computer Science                    0.654   2.448     931.3   1.149
Natural Science                              0.658   2.489    2398.3   1.226
Doctors                                      0.751   3.907    3130.8   1.614
Health Assessment                            0.667   2.587    1523.9   1.251
Therapists                                   0.695   2.956     514.8   1.633
Professors                                   0.819   5.850    1928.3   2.346
Teachers          Non-Postsecondary          0.694   2.937    3453.0   1.613
Librarians  and Curators                     0.715   3.247     334.8   1.771
Social Scientists and Urban Planners         0.703   3.057    1168.1   1.373
Social Work                                  0.700   3.025    1632.9   2.044
Lawyers       and Judges                     0.755   3.986    2801.5   1.498
Arts and Athletes                            0.610   2.023    3016.0   1.142
Health Technicians                           0.524   1.426     879.4   1.088
Engineering Technicians                      0.514   1.369    2891.7   0.941
Science Technicians                          0.521   1.408    1846.3   0.986
Technicians, Other                           0.542   1.531    1368.2   1.011
Sales, all                                   0.532   1.470    6559.4   0.989
Secretaries                                  0.520   1.402     918.3   1.050
Info. Clerks                                 0.503   1.310     826.2   1.004
Records Processing, Non-Financial            0.616   2.077    1290.5   1.186
Financial Records Processing                 0.525   1.430    1393.2   1.112
Office Machine Operator                      0.500   1.296    1148.1   1.008
Computer/Communications Equip. Operator      0.469   1.143     607.7   0.871
Mail Distribution                            0.489   1.239    1773.5   0.980
Scheduling and Distributing Clerks           0.441   1.023    2121.9   0.967
Adjusters and Investigators                  0.574   1.746    1291.6   1.151
Misc. Admin Support                          0.512   1.360    3626.2   1.040
Private Household Occupations                0.418   0.929     542.3   0.939
Firefighting                                 0.458   1.094    1375.5   0.923
Police                                       0.474   1.166    2017.7   0.963
Guards                                       0.446   1.043     929.4   0.960
Food Prep    and Service                     0.418   0.930    1250.0   1.068
Health Service                               0.439   1.011     531.6   1.238
Cleaning and Building Service                0.403   0.875     765.1   1.080
Personal Service                             0.438   1.010    1385.9   1.025
Farm Managers                                0.434   0.992    2009.3   1.366
Farm Work                                    0.338   0.660    1004.5   1.353
Related Agriculture                          0.401   0.867     652.1   0.977
Forest, Logging, Fishers and Hunter          0.379   0.790     613.0   1.102
Mechanics                                    0.418   0.929    2687.6   0.928
Elec. Repairer                               0.465   1.126    2854.2   0.899
Misc. Repairer                               0.432   0.985    3303.7   0.900
Construction Trade                           0.428   0.970    4466.0   0.856
Extractive                                   0.402   0.872    1625.5   0.837
Supervisor(P)                                0.462   1.113    3428.1   0.826
Precision Metal                              0.434   0.992    3115.3   0.829
Precision Wood                               0.416   0.922     623.9   0.932
Precision, Textile                           0.385   0.809     710.7   0.919
Precision, Other                             0.434   0.992    1184.6   0.861
Precision, Food                              0.420   0.938    1372.6   0.913
Plant Operator                               0.533   1.478    2205.7   0.906
Metal and Plastic Machine Operator           0.399   0.860    1356.6   0.811
Metal and Plastic Processing Operator        0.408   0.893     642.6   0.897
Woodworking Machine Operator                 0.372   0.766     537.2   0.992
Textile Machine Operator                     0.453   1.072    1870.6   0.851
Print Machine Operator                       0.387   0.817     790.0   1.010
Machine Operator, Other                      0.405   0.879    5063.7   0.901
Fabricators                                  0.409   0.897    2431.6   0.869
Production Inspectors                        0.444   1.034    1670.3   0.903
Motor Vehicle Operator                       0.405   0.880    4105.1   0.898
Non Motor Vehicle Operator                   0.422   0.946    2479.3   0.820
Freight, Stock, Material Handler             0.395   0.845    3221.4   0.971

  MWM = 204612991.316
 
 
-------------------------------------------------------------
Estimating w and Z from YWM:   1970
-------------------------------------------------------------
 
                                                 s     phi         w     zWM
----------------------------------------------------------------------------
Home                                         0.555   1.614    7886.6   1.000
Executives, Administrative, and Managerial   0.557   1.627   10004.5   0.846
Management Related                           0.598   1.928    4806.3   0.935
Architects                                   0.725   3.421    1372.1   1.266
Engineers                                    0.640   2.302    6680.4   0.950
Math and Computer Science                    0.628   2.188    2866.7   0.943
Natural Science                              0.667   2.590    2801.3   1.125
Doctors                                      0.759   4.084    4455.9   1.247
Health Assessment                            0.686   2.833    1845.9   1.163
Therapists                                   0.669   2.616     855.8   1.271
Professors                                   0.814   5.679    3628.3   2.017
Teachers          Non-Postsecondary          0.715   3.245    5171.6   1.457
Librarians  and Curators                     0.720   3.328     676.2   1.511
Social Scientists and Urban Planners         0.698   2.987    2169.4   1.139
Social Work                                  0.688   2.857    2083.3   1.581
Lawyers       and Judges                     0.763   4.174    4222.6   1.257
Arts and Athletes                            0.598   1.922    3329.2   0.977
Health Technicians                           0.597   1.918    1252.8   1.063
Engineering Technicians                      0.528   1.446    3918.7   0.873
Science Technicians                          0.583   1.812    1253.2   1.018
Technicians, Other                           0.586   1.834    3290.4   0.897
Sales, all                                   0.543   1.537    7697.2   0.864
Secretaries                                  0.536   1.495    1124.7   0.959
Info. Clerks                                 0.536   1.497    1270.8   0.932
Records Processing, Non-Financial            0.611   2.029    2480.8   0.990
Financial Records Processing                 0.533   1.478    2018.3   0.952
Office Machine Operator                      0.502   1.304     663.0   0.993
Computer/Communications Equip. Operator      0.509   1.341    1507.5   0.866
Mail Distribution                            0.501   1.299    1738.2   0.922
Scheduling and Distributing Clerks           0.483   1.209    2936.9   0.888
Adjusters and Investigators                  0.573   1.736    2401.5   0.959
Misc. Admin Support                          0.528   1.446    2897.3   0.925
Private Household Occupations                0.431   0.982     676.3   0.928
Firefighting                                 0.483   1.209    1881.1   0.796
Police                                       0.499   1.288    2964.4   0.827
Guards                                       0.493   1.258    1139.5   0.928
Food Prep    and Service                     0.455   1.079    1508.3   0.982
Health Service                               0.520   1.401     679.8   1.181
Cleaning and Building Service                0.436   1.001    1579.2   0.931
Personal Service                             0.439   1.015    1927.6   0.876
Farm Managers                                0.475   1.173    2250.4   1.048
Farm Work                                    0.399   0.861    1137.7   1.143
Related Agriculture                          0.431   0.979    1038.8   0.918
Forest, Logging, Fishers and Hunter          0.444   1.035     767.3   0.975
Mechanics                                    0.444   1.034    4276.1   0.813
Elec. Repairer                               0.481   1.199    3373.0   0.819
Misc. Repairer                               0.444   1.035    3418.8   0.790
Construction Trade                           0.451   1.062    6019.1   0.784
Extractive                                   0.429   0.972    1248.3   0.804
Supervisor(P)                                0.484   1.215    4535.0   0.767
Precision Metal                              0.465   1.127    3283.1   0.773
Precision Wood                               0.439   1.012     717.3   0.875
Precision, Textile                           0.405   0.880     811.6   0.865
Precision, Other                             0.479   1.189     951.3   0.808
Precision, Food                              0.443   1.030    1730.0   0.827
Plant Operator                               0.475   1.171    1276.8   0.782
Metal and Plastic Machine Operator           0.443   1.030    2678.7   0.804
Metal and Plastic Processing Operator        0.417   0.925     946.2   0.769
Woodworking Machine Operator                 0.397   0.851     614.0   0.910
Textile Machine Operator                     0.472   1.156    2151.8   0.788
Print Machine Operator                       0.409   0.896    1350.9   0.911
Machine Operator, Other                      0.433   0.989    4868.6   0.827
Fabricators                                  0.440   1.015    3136.7   0.825
Production Inspectors                        0.482   1.205    2268.7   0.861
Motor Vehicle Operator                       0.437   1.006    4604.7   0.820
Non Motor Vehicle Operator                   0.439   1.014    2719.2   0.775
Freight, Stock, Material Handler             0.440   1.019    3228.2   0.909

  MWM = 212199686.271
 
 
-------------------------------------------------------------
Estimating w and Z from YWM:   1980
-------------------------------------------------------------
 
                                                 s     phi         w     zWM
----------------------------------------------------------------------------
Home                                         0.565   1.684    6840.4   1.000
Executives, Administrative, and Managerial   0.602   1.962    9436.7   0.854
Management Related                           0.631   2.210    6147.8   0.951
Architects                                   0.703   3.064    1509.2   1.216
Engineers                                    0.648   2.388    5794.4   0.889
Math and Computer Science                    0.652   2.420    2793.1   0.908
Natural Science                              0.702   3.046    2434.2   1.207
Doctors                                      0.758   4.060    4953.1   1.097
Health Assessment                            0.712   3.193    2080.7   1.214
Therapists                                   0.635   2.255    1258.5   1.106
Professors                                   0.811   5.545    2281.6   2.063
Teachers          Non-Postsecondary          0.709   3.156    4384.9   1.434
Librarians  and Curators                     0.724   3.400     678.0   1.586
Social Scientists and Urban Planners         0.727   3.442    2068.8   1.229
Social Work                                  0.690   2.876    2036.9   1.520
Lawyers       and Judges                     0.769   4.300    4713.9   1.251
Arts and Athletes                            0.633   2.235    3032.5   1.133
Health Technicians                           0.621   2.125    1481.5   1.112
Engineering Technicians                      0.558   1.636    3381.4   0.873
Science Technicians                          0.584   1.815    1329.4   0.927
Technicians, Other                           0.631   2.213    3585.9   0.988
Sales, all                                   0.577   1.765    7997.3   0.879
Secretaries                                  0.594   1.898     735.1   1.072
Info. Clerks                                 0.604   1.976    1102.7   1.048
Records Processing, Non-Financial            0.568   1.701    1272.9   0.998
Financial Records Processing                 0.586   1.832    1532.0   0.995
Office Machine Operator                      0.534   1.484     312.4   1.021
Computer/Communications Equip. Operator      0.559   1.643    1961.6   0.856
Mail Distribution                            0.535   1.491    2185.3   0.807
Scheduling and Distributing Clerks           0.525   1.428    3063.7   0.878
Adjusters and Investigators                  0.608   2.009    1700.8   1.007
Misc. Admin Support                          0.589   1.855    2098.6   1.025
Private Household Occupations                0.469   1.144     522.6   1.037
Firefighting                                 0.529   1.453    1882.0   0.797
Police                                       0.556   1.621    3212.4   0.844
Guards                                       0.537   1.504    1468.0   0.962
Food Prep    and Service                     0.520   1.401    1697.1   1.152
Health Service                               0.575   1.752     998.9   1.188
Cleaning and Building Service                0.488   1.233    2144.5   0.948
Personal Service                             0.559   1.641    1327.6   1.075
Farm Managers                                0.526   1.439    2192.0   1.033
Farm Work                                    0.437   1.006    1281.6   0.989
Related Agriculture                          0.494   1.263    1166.7   1.005
Forest, Logging, Fishers and Hunter          0.489   1.240    1030.5   0.890
Mechanics                                    0.482   1.202    4405.9   0.791
Elec. Repairer                               0.509   1.344    3249.5   0.745
Misc. Repairer                               0.495   1.267    2765.1   0.770
Construction Trade                           0.495   1.271    6875.5   0.785
Extractive                                   0.468   1.138    1736.7   0.676
Supervisor(P)                                0.525   1.433    4467.8   0.750
Precision Metal                              0.490   1.243    3023.4   0.744
Precision Wood                               0.502   1.307     696.6   0.999
Precision, Textile                           0.448   1.049     561.5   0.919
Precision, Other                             0.504   1.316    1148.7   0.864
Precision, Food                              0.473   1.164    1526.6   0.769
Plant Operator                               0.520   1.401    1649.9   0.759
Metal and Plastic Machine Operator           0.469   1.142    2209.8   0.753
Metal and Plastic Processing Operator        0.463   1.116    1071.1   0.772
Woodworking Machine Operator                 0.465   1.124     747.3   0.908
Textile Machine Operator                     0.504   1.316    1617.3   0.811
Print Machine Operator                       0.435   0.996     894.6   0.916
Machine Operator, Other                      0.472   1.155    4021.3   0.776
Fabricators                                  0.469   1.145    3542.9   0.779
Production Inspectors                        0.503   1.309    2050.8   0.784
Motor Vehicle Operator                       0.478   1.187    4932.5   0.777
Non Motor Vehicle Operator                   0.483   1.207    3287.3   0.708
Freight, Stock, Material Handler             0.478   1.183    3398.3   0.853

  MWM = 132231191.214
 
 
-------------------------------------------------------------
Estimating w and Z from YWM:   1990
-------------------------------------------------------------
 
                                                 s     phi         w     zWM
----------------------------------------------------------------------------
Home                                         0.555   1.611    6913.8   1.000
Executives, Administrative, and Managerial   0.582   1.800    9759.7   0.760
Management Related                           0.620   2.108    6404.8   0.860
Architects                                   0.649   2.398    1657.6   0.929
Engineers                                    0.638   2.279    6924.6   0.792
Math and Computer Science                    0.636   2.260    4057.0   0.799
Natural Science                              0.674   2.676    2374.5   1.059
Doctors                                      0.762   4.147    5214.1   1.020
Health Assessment                            0.650   2.405    2204.4   0.864
Therapists                                   0.633   2.236    1305.4   0.953
Professors                                   0.814   5.670    1895.6   2.102
Teachers          Non-Postsecondary          0.669   2.613    3103.9   1.224
Librarians  and Curators                     0.714   3.232     593.1   1.490
Social Scientists and Urban Planners         0.697   2.974    1843.7   1.064
Social Work                                  0.660   2.514    1772.0   1.316
Lawyers       and Judges                     0.765   4.211    5533.8   0.999
Arts and Athletes                            0.611   2.034    3549.8   0.982
Health Technicians                           0.585   1.824    1744.2   0.960
Engineering Technicians                      0.559   1.640    3654.5   0.825
Science Technicians                          0.569   1.708    1317.4   0.863
Technicians, Other                           0.603   1.968    4621.5   0.856
Sales, all                                   0.561   1.651    9473.7   0.799
Secretaries                                  0.578   1.771     704.8   1.055
Info. Clerks                                 0.581   1.794    1166.8   1.014
Records Processing, Non-Financial            0.575   1.752    1052.8   0.998
Financial Records Processing                 0.568   1.700    1297.4   0.984
Office Machine Operator                      0.519   1.399     358.9   0.993
Computer/Communications Equip. Operator      0.557   1.627    1864.9   0.868
Mail Distribution                            0.529   1.453    2171.8   0.787
Scheduling and Distributing Clerks           0.518   1.391    3070.5   0.878
Adjusters and Investigators                  0.586   1.829    1923.9   0.945
Misc. Admin Support                          0.579   1.782    2145.7   0.978
Private Household Occupations                0.484   1.213     517.6   1.065
Firefighting                                 0.532   1.469    2082.8   0.717
Police                                       0.541   1.527    3419.3   0.763
Guards                                       0.533   1.476    1676.6   0.956
Food Prep    and Service                     0.518   1.390    2257.2   1.124
Health Service                               0.557   1.630    1102.9   1.087
Cleaning and Building Service                0.493   1.261    2358.3   0.955
Personal Service                             0.545   1.553    1247.4   1.046
Farm Managers                                0.510   1.349    1883.1   0.994
Farm Work                                    0.447   1.047    1184.2   0.994
Related Agriculture                          0.485   1.217    1709.1   0.964
Forest, Logging, Fishers and Hunter          0.476   1.177     991.3   0.876
Mechanics                                    0.493   1.257    4690.6   0.795
Elec. Repairer                               0.517   1.385    2819.7   0.786
Misc. Repairer                               0.501   1.301    2775.1   0.799
Construction Trade                           0.489   1.239    7303.4   0.790
Extractive                                   0.476   1.176    1272.8   0.710
Supervisor(P)                                0.511   1.353    3565.5   0.718
Precision Metal                              0.496   1.274    3092.9   0.746
Precision Wood                               0.492   1.252     792.9   0.882
Precision, Textile                           0.471   1.151     609.5   0.936
Precision, Other                             0.498   1.285    1251.3   0.826
Precision, Food                              0.481   1.200    1346.7   0.852
Plant Operator                               0.517   1.384    2009.5   0.708
Metal and Plastic Machine Operator           0.475   1.173    1422.2   0.806
Metal and Plastic Processing Operator        0.480   1.197     949.3   0.792
Woodworking Machine Operator                 0.471   1.154     761.5   0.941
Textile Machine Operator                     0.500   1.293    1921.1   0.794
Print Machine Operator                       0.465   1.124    1096.6   0.908
Machine Operator, Other                      0.482   1.205    3600.7   0.802
Fabricators                                  0.481   1.200    3307.1   0.821
Production Inspectors                        0.512   1.356    2015.3   0.795
Motor Vehicle Operator                       0.488   1.233    4934.9   0.811
Non Motor Vehicle Operator                   0.484   1.216    2504.2   0.734
Freight, Stock, Material Handler             0.489   1.239    3310.2   0.915

  MWM = 151557405.678
 
 
-------------------------------------------------------------
Estimating w and Z from YWM:   2000
-------------------------------------------------------------
 
                                                 s     phi         w     zWM
----------------------------------------------------------------------------
Home                                         0.528   1.448    9727.9   1.000
Executives, Administrative, and Managerial   0.595   1.898   11216.1   0.856
Management Related                           0.619   2.100    7794.9   0.962
Architects                                   0.664   2.561    1754.5   1.132
Engineers                                    0.641   2.313    6457.9   0.936
Math and Computer Science                    0.605   1.982    5864.6   0.916
Natural Science                              0.701   3.042    2608.6   1.412
Doctors                                      0.762   4.136    4827.3   1.203
Health Assessment                            0.643   2.336    2535.3   0.986
Therapists                                   0.659   2.500    1910.8   1.133
Professors                                   0.792   4.922    2270.4   2.327
Teachers          Non-Postsecondary          0.672   2.646    4037.1   1.444
Librarians  and Curators                     0.710   3.168     576.0   1.722
Social Scientists and Urban Planners         0.699   3.004    1684.1   1.268
Social Work                                  0.653   2.432    1968.5   1.468
Lawyers       and Judges                     0.763   4.175    5436.5   1.193
Arts and Athletes                            0.618   2.097    4179.7   1.141
Health Technicians                           0.576   1.761    2124.0   1.071
Engineering Technicians                      0.551   1.588    2786.9   0.989
Science Technicians                          0.563   1.669    1017.0   1.018
Technicians, Other                           0.627   2.172    6446.0   0.903
Sales, all                                   0.564   1.673    9810.2   0.924
Secretaries                                  0.585   1.828    1160.8   1.139
Info. Clerks                                 0.576   1.758    1194.8   1.225
Records Processing, Non-Financial            0.572   1.732     953.0   1.229
Financial Records Processing                 0.567   1.695    1329.5   1.138
Office Machine Operator                      0.519   1.397     612.0   0.983
Computer/Communications Equip. Operator      0.563   1.671    1181.4   1.043
Mail Distribution                            0.527   1.444    1562.0   1.011
Scheduling and Distributing Clerks           0.516   1.382    3189.3   1.064
Adjusters and Investigators                  0.571   1.725    3047.2   1.080
Misc. Admin Support                          0.582   1.802    1867.1   1.191
Private Household Occupations                0.491   1.249     435.8   1.305
Firefighting                                 0.533   1.477    2330.8   0.846
Police                                       0.551   1.588    4479.9   0.917
Guards                                       0.531   1.463    1600.6   1.136
Food Prep    and Service                     0.515   1.377    2784.4   1.293
Health Service                               0.554   1.607    1071.5   1.321
Cleaning and Building Service                0.490   1.242    2038.1   1.112
Personal Service                             0.567   1.698    1804.7   1.219
Farm Managers                                0.519   1.399    1473.8   1.122
Farm Work                                    0.429   0.974    1106.0   1.127
Related Agriculture                          0.476   1.176    2051.8   1.103
Forest, Logging, Fishers and Hunter          0.473   1.163     993.4   1.034
Mechanics                                    0.493   1.256    4797.3   0.921
Elec. Repairer                               0.513   1.361    3295.4   0.933
Misc. Repairer                               0.498   1.285    2495.8   0.948
Construction Trade                           0.480   1.193    7294.0   0.928
Extractive                                   0.477   1.183     954.4   0.846
Supervisor(P)                                0.512   1.360    3252.9   0.865
Precision Metal                              0.497   1.277    2353.4   0.886
Precision Wood                               0.487   1.230     766.1   1.037
Precision, Textile                           0.472   1.157     542.6   1.004
Precision, Other                             0.531   1.465    1060.2   1.104
Precision, Food                              0.467   1.135    1130.6   1.046
Plant Operator                               0.508   1.334    1409.8   0.858
Metal and Plastic Machine Operator           0.476   1.175    1171.2   0.963
Metal and Plastic Processing Operator        0.485   1.217     917.3   0.933
Woodworking Machine Operator                 0.477   1.179    1829.2   0.975
Textile Machine Operator                     0.498   1.286    1530.1   0.941
Print Machine Operator                       0.458   1.094    1003.4   1.067
Machine Operator, Other                      0.480   1.194    3210.0   0.956
Fabricators                                  0.483   1.208    3143.4   0.962
Production Inspectors                        0.519   1.397    1944.8   0.966
Motor Vehicle Operator                       0.488   1.234    4999.8   0.954
Non Motor Vehicle Operator                   0.483   1.209    2371.9   0.863
Freight, Stock, Material Handler             0.487   1.227    2848.6   1.079

  MWM = 265948025.031
 
 
-------------------------------------------------------------
Estimating w and Z from YWM:   2010
-------------------------------------------------------------
 
                                                 s     phi         w     zWM
----------------------------------------------------------------------------
Home                                         0.582   1.800    9716.9   1.000
Executives, Administrative, and Managerial   0.601   1.948   10572.9   0.756
Management Related                           0.633   2.230    8212.1   0.804
Architects                                   0.671   2.642    1519.2   0.944
Engineers                                    0.651   2.415    6603.6   0.753
Math and Computer Science                    0.606   1.991    5885.1   0.783
Natural Science                              0.705   3.096    2829.4   1.101
Doctors                                      0.762   4.155    4678.0   0.990
Health Assessment                            0.671   2.644    3243.4   0.808
Therapists                                   0.692   2.912    2216.8   0.981
Professors                                   0.804   5.314    2592.1   2.093
Teachers          Non-Postsecondary          0.687   2.835    4934.6   1.188
Librarians  and Curators                     0.737   3.631     551.3   1.598
Social Scientists and Urban Planners         0.678   2.728    2185.4   0.941
Social Work                                  0.658   2.493    2239.6   1.223
Lawyers       and Judges                     0.764   4.180    6027.2   0.896
Arts and Athletes                            0.636   2.259    4282.8   0.989
Health Technicians                           0.578   1.775    2439.4   0.876
Engineering Technicians                      0.570   1.713    2709.1   0.825
Science Technicians                          0.581   1.798    1094.8   0.856
Technicians, Other                           0.631   2.213    6331.6   0.745
Sales, all                                   0.574   1.743    8795.3   0.860
Secretaries                                  0.608   2.006    1253.9   1.067
Info. Clerks                                 0.578   1.771    1283.5   1.099
Records Processing, Non-Financial            0.600   1.943    1086.8   1.098
Financial Records Processing                 0.576   1.761    1410.6   0.968
Office Machine Operator                      0.573   1.738     324.5   1.112
Computer/Communications Equip. Operator      0.567   1.695     805.2   0.939
Mail Distribution                            0.539   1.515    1475.4   0.865
Scheduling and Distributing Clerks           0.535   1.491    3012.1   1.005
Adjusters and Investigators                  0.574   1.746    3081.2   0.986
Misc. Admin Support                          0.593   1.884    2011.6   1.053
Private Household Occupations                0.484   1.214     434.6   1.196
Firefighting                                 0.550   1.584    2783.5   0.681
Police                                       0.560   1.644    4590.3   0.737
Guards                                       0.552   1.597    2086.9   0.986
Food Prep    and Service                     0.536   1.496    3334.2   1.240
Health Service                               0.564   1.677    1453.0   1.153
Cleaning and Building Service                0.507   1.330    2118.8   1.018
Personal Service                             0.579   1.784    1918.4   1.124
Farm Managers                                0.523   1.417    1661.5   0.845
Farm Work                                    0.418   0.929    1424.9   0.938
Related Agriculture                          0.475   1.173    2213.9   1.023
Forest, Logging, Fishers and Hunter          0.491   1.248     892.3   0.864
Mechanics                                    0.504   1.316    4255.8   0.799
Elec. Repairer                               0.522   1.412    3156.0   0.809
Misc. Repairer                               0.508   1.335    2490.4   0.800
Construction Trade                           0.483   1.209    6763.8   0.819
Extractive                                   0.485   1.221    2053.6   0.625
Supervisor(P)                                0.519   1.394    2316.1   0.743
Precision Metal                              0.502   1.305    1573.7   0.785
Precision Wood                               0.491   1.248     517.8   0.952
Precision, Textile                           0.479   1.192     330.8   1.009
Precision, Other                             0.547   1.565    1209.2   0.961
Precision, Food                              0.474   1.165    1068.7   0.972
Plant Operator                               0.530   1.460    1614.7   0.692
Metal and Plastic Machine Operator           0.474   1.168     884.7   0.836
Metal and Plastic Processing Operator        0.497   1.279     501.2   0.866
Woodworking Machine Operator                 0.480   1.196    1349.5   0.856
Textile Machine Operator                     0.505   1.321     932.9   0.897
Print Machine Operator                       0.464   1.121     664.7   0.991
Machine Operator, Other                      0.489   1.237    2843.9   0.862
Fabricators                                  0.485   1.220    2730.4   0.844
Production Inspectors                        0.528   1.446    1909.2   0.819
Motor Vehicle Operator                       0.501   1.301    4113.0   0.880
Non Motor Vehicle Operator                   0.495   1.271    2590.7   0.699
Freight, Stock, Material Handler             0.503   1.311    2879.2   1.015

  MWM = 169177683.848
 
 
=============================================================================
 Summary of Results for w, phi, s, Z from Young WM... (solveWMfor_w_phi.m)
=============================================================================
 
Values for w(i,t) --- wage per unit of human capital
 
                                              1960    1970    1980    1990    2000    2010
------------------------------------------------------------------------------------------
Home                                          6018    7887    6840    6914    9728    9717
Executives, Administrative, and Managerial    7096   10005    9437    9760   11216   10573
Management Related                            4797    4806    6148    6405    7795    8212
Architects                                     933    1372    1509    1658    1755    1519
Engineers                                     5693    6680    5794    6925    6458    6604
Math and Computer Science                      931    2867    2793    4057    5865    5885
Natural Science                               2398    2801    2434    2375    2609    2829
Doctors                                       3131    4456    4953    5214    4827    4678
Health Assessment                             1524    1846    2081    2204    2535    3243
Therapists                                     515     856    1259    1305    1911    2217
Professors                                    1928    3628    2282    1896    2270    2592
Teachers          Non-Postsecondary           3453    5172    4385    3104    4037    4935
Librarians  and Curators                       335     676     678     593     576     551
Social Scientists and Urban Planners          1168    2169    2069    1844    1684    2185
Social Work                                   1633    2083    2037    1772    1969    2240
Lawyers       and Judges                      2801    4223    4714    5534    5436    6027
Arts and Athletes                             3016    3329    3032    3550    4180    4283
Health Technicians                             879    1253    1481    1744    2124    2439
Engineering Technicians                       2892    3919    3381    3654    2787    2709
Science Technicians                           1846    1253    1329    1317    1017    1095
Technicians, Other                            1368    3290    3586    4621    6446    6332
Sales, all                                    6559    7697    7997    9474    9810    8795
Secretaries                                    918    1125     735     705    1161    1254
Info. Clerks                                   826    1271    1103    1167    1195    1284
Records Processing, Non-Financial             1290    2481    1273    1053     953    1087
Financial Records Processing                  1393    2018    1532    1297    1329    1411
Office Machine Operator                       1148     663     312     359     612     325
Computer/Communications Equip. Operator        608    1507    1962    1865    1181     805
Mail Distribution                             1774    1738    2185    2172    1562    1475
Scheduling and Distributing Clerks            2122    2937    3064    3070    3189    3012
Adjusters and Investigators                   1292    2402    1701    1924    3047    3081
Misc. Admin Support                           3626    2897    2099    2146    1867    2012
Private Household Occupations                  542     676     523     518     436     435
Firefighting                                  1375    1881    1882    2083    2331    2783
Police                                        2018    2964    3212    3419    4480    4590
Guards                                         929    1139    1468    1677    1601    2087
Food Prep    and Service                      1250    1508    1697    2257    2784    3334
Health Service                                 532     680     999    1103    1071    1453
Cleaning and Building Service                  765    1579    2144    2358    2038    2119
Personal Service                              1386    1928    1328    1247    1805    1918
Farm Managers                                 2009    2250    2192    1883    1474    1662
Farm Work                                     1004    1138    1282    1184    1106    1425
Related Agriculture                            652    1039    1167    1709    2052    2214
Forest, Logging, Fishers and Hunter            613     767    1030     991     993     892
Mechanics                                     2688    4276    4406    4691    4797    4256
Elec. Repairer                                2854    3373    3250    2820    3295    3156
Misc. Repairer                                3304    3419    2765    2775    2496    2490
Construction Trade                            4466    6019    6876    7303    7294    6764
Extractive                                    1626    1248    1737    1273     954    2054
Supervisor(P)                                 3428    4535    4468    3565    3253    2316
Precision Metal                               3115    3283    3023    3093    2353    1574
Precision Wood                                 624     717     697     793     766     518
Precision, Textile                             711     812     562     610     543     331
Precision, Other                              1185     951    1149    1251    1060    1209
Precision, Food                               1373    1730    1527    1347    1131    1069
Plant Operator                                2206    1277    1650    2010    1410    1615
Metal and Plastic Machine Operator            1357    2679    2210    1422    1171     885
Metal and Plastic Processing Operator          643     946    1071     949     917     501
Woodworking Machine Operator                   537     614     747     761    1829    1349
Textile Machine Operator                      1871    2152    1617    1921    1530     933
Print Machine Operator                         790    1351     895    1097    1003     665
Machine Operator, Other                       5064    4869    4021    3601    3210    2844
Fabricators                                   2432    3137    3543    3307    3143    2730
Production Inspectors                         1670    2269    2051    2015    1945    1909
Motor Vehicle Operator                        4105    4605    4932    4935    5000    4113
Non Motor Vehicle Operator                    2479    2719    3287    2504    2372    2591
Freight, Stock, Material Handler              3221    3228    3398    3310    2849    2879
 
 
Values for phi(i,t)
 
                                              1960    1970    1980    1990    2000    2010
------------------------------------------------------------------------------------------
Home                                         1.273   1.614   1.684   1.611   1.448   1.800
Executives, Administrative, and Managerial   1.431   1.627   1.962   1.800   1.898   1.948
Management Related                           1.911   1.928   2.210   2.108   2.100   2.230
Architects                                   2.900   3.421   3.064   2.398   2.561   2.642
Engineers                                    2.178   2.302   2.388   2.279   2.313   2.415
Math and Computer Science                    2.448   2.188   2.420   2.260   1.982   1.991
Natural Science                              2.489   2.590   3.046   2.676   3.042   3.096
Doctors                                      3.907   4.084   4.060   4.147   4.136   4.155
Health Assessment                            2.587   2.833   3.193   2.405   2.336   2.644
Therapists                                   2.956   2.616   2.255   2.236   2.500   2.912
Professors                                   5.850   5.679   5.545   5.670   4.922   5.314
Teachers          Non-Postsecondary          2.937   3.245   3.156   2.613   2.646   2.835
Librarians  and Curators                     3.247   3.328   3.400   3.232   3.168   3.631
Social Scientists and Urban Planners         3.057   2.987   3.442   2.974   3.004   2.728
Social Work                                  3.025   2.857   2.876   2.514   2.432   2.493
Lawyers       and Judges                     3.986   4.174   4.300   4.211   4.175   4.180
Arts and Athletes                            2.023   1.922   2.235   2.034   2.097   2.259
Health Technicians                           1.426   1.918   2.125   1.824   1.761   1.775
Engineering Technicians                      1.369   1.446   1.636   1.640   1.588   1.713
Science Technicians                          1.408   1.812   1.815   1.708   1.669   1.798
Technicians, Other                           1.531   1.834   2.213   1.968   2.172   2.213
Sales, all                                   1.470   1.537   1.765   1.651   1.673   1.743
Secretaries                                  1.402   1.495   1.898   1.771   1.828   2.006
Info. Clerks                                 1.310   1.497   1.976   1.794   1.758   1.771
Records Processing, Non-Financial            2.077   2.029   1.701   1.752   1.732   1.943
Financial Records Processing                 1.430   1.478   1.832   1.700   1.695   1.761
Office Machine Operator                      1.296   1.304   1.484   1.399   1.397   1.738
Computer/Communications Equip. Operator      1.143   1.341   1.643   1.627   1.671   1.695
Mail Distribution                            1.239   1.299   1.491   1.453   1.444   1.515
Scheduling and Distributing Clerks           1.023   1.209   1.428   1.391   1.382   1.491
Adjusters and Investigators                  1.746   1.736   2.009   1.829   1.725   1.746
Misc. Admin Support                          1.360   1.446   1.855   1.782   1.802   1.884
Private Household Occupations                0.929   0.982   1.144   1.213   1.249   1.214
Firefighting                                 1.094   1.209   1.453   1.469   1.477   1.584
Police                                       1.166   1.288   1.621   1.527   1.588   1.644
Guards                                       1.043   1.258   1.504   1.476   1.463   1.597
Food Prep    and Service                     0.930   1.079   1.401   1.390   1.377   1.496
Health Service                               1.011   1.401   1.752   1.630   1.607   1.677
Cleaning and Building Service                0.875   1.001   1.233   1.261   1.242   1.330
Personal Service                             1.010   1.015   1.641   1.553   1.698   1.784
Farm Managers                                0.992   1.173   1.439   1.349   1.399   1.417
Farm Work                                    0.660   0.861   1.006   1.047   0.974   0.929
Related Agriculture                          0.867   0.979   1.263   1.217   1.176   1.173
Forest, Logging, Fishers and Hunter          0.790   1.035   1.240   1.177   1.163   1.248
Mechanics                                    0.929   1.034   1.202   1.257   1.256   1.316
Elec. Repairer                               1.126   1.199   1.344   1.385   1.361   1.412
Misc. Repairer                               0.985   1.035   1.267   1.301   1.285   1.335
Construction Trade                           0.970   1.062   1.271   1.239   1.193   1.209
Extractive                                   0.872   0.972   1.138   1.176   1.183   1.221
Supervisor(P)                                1.113   1.215   1.433   1.353   1.360   1.394
Precision Metal                              0.992   1.127   1.243   1.274   1.277   1.305
Precision Wood                               0.922   1.012   1.307   1.252   1.230   1.248
Precision, Textile                           0.809   0.880   1.049   1.151   1.157   1.192
Precision, Other                             0.992   1.189   1.316   1.285   1.465   1.565
Precision, Food                              0.938   1.030   1.164   1.200   1.135   1.165
Plant Operator                               1.478   1.171   1.401   1.384   1.334   1.460
Metal and Plastic Machine Operator           0.860   1.030   1.142   1.173   1.175   1.168
Metal and Plastic Processing Operator        0.893   0.925   1.116   1.197   1.217   1.279
Woodworking Machine Operator                 0.766   0.851   1.124   1.154   1.179   1.196
Textile Machine Operator                     1.072   1.156   1.316   1.293   1.286   1.321
Print Machine Operator                       0.817   0.896   0.996   1.124   1.094   1.121
Machine Operator, Other                      0.879   0.989   1.155   1.205   1.194   1.237
Fabricators                                  0.897   1.015   1.145   1.200   1.208   1.220
Production Inspectors                        1.034   1.205   1.309   1.356   1.397   1.446
Motor Vehicle Operator                       0.880   1.006   1.187   1.233   1.234   1.301
Non Motor Vehicle Operator                   0.946   1.014   1.207   1.216   1.209   1.271
Freight, Stock, Material Handler             0.845   1.019   1.183   1.239   1.227   1.311
 
 
Values for s(i,t)
 
                                              1960    1970    1980    1990    2000    2010
------------------------------------------------------------------------------------------
Home                                         0.496   0.555   0.565   0.555   0.528   0.582
Executives, Administrative, and Managerial   0.525   0.557   0.602   0.582   0.595   0.601
Management Related                           0.596   0.598   0.631   0.620   0.619   0.633
Architects                                   0.691   0.725   0.703   0.649   0.664   0.671
Engineers                                    0.627   0.640   0.648   0.638   0.641   0.651
Math and Computer Science                    0.654   0.628   0.652   0.636   0.605   0.606
Natural Science                              0.658   0.667   0.702   0.674   0.701   0.705
Doctors                                      0.751   0.759   0.758   0.762   0.762   0.762
Health Assessment                            0.667   0.686   0.712   0.650   0.643   0.671
Therapists                                   0.695   0.669   0.635   0.633   0.659   0.692
Professors                                   0.819   0.814   0.811   0.814   0.792   0.804
Teachers          Non-Postsecondary          0.694   0.715   0.709   0.669   0.672   0.687
Librarians  and Curators                     0.715   0.720   0.724   0.714   0.710   0.737
Social Scientists and Urban Planners         0.703   0.698   0.727   0.697   0.699   0.678
Social Work                                  0.700   0.688   0.690   0.660   0.653   0.658
Lawyers       and Judges                     0.755   0.763   0.769   0.765   0.763   0.764
Arts and Athletes                            0.610   0.598   0.633   0.611   0.618   0.636
Health Technicians                           0.524   0.597   0.621   0.585   0.576   0.578
Engineering Technicians                      0.514   0.528   0.558   0.559   0.551   0.570
Science Technicians                          0.521   0.583   0.584   0.569   0.563   0.581
Technicians, Other                           0.542   0.586   0.631   0.603   0.627   0.631
Sales, all                                   0.532   0.543   0.577   0.561   0.564   0.574
Secretaries                                  0.520   0.536   0.594   0.578   0.585   0.608
Info. Clerks                                 0.503   0.536   0.604   0.581   0.576   0.578
Records Processing, Non-Financial            0.616   0.611   0.568   0.575   0.572   0.600
Financial Records Processing                 0.525   0.533   0.586   0.568   0.567   0.576
Office Machine Operator                      0.500   0.502   0.534   0.519   0.519   0.573
Computer/Communications Equip. Operator      0.469   0.509   0.559   0.557   0.563   0.567
Mail Distribution                            0.489   0.501   0.535   0.529   0.527   0.539
Scheduling and Distributing Clerks           0.441   0.483   0.525   0.518   0.516   0.535
Adjusters and Investigators                  0.574   0.573   0.608   0.586   0.571   0.574
Misc. Admin Support                          0.512   0.528   0.589   0.579   0.582   0.593
Private Household Occupations                0.418   0.431   0.469   0.484   0.491   0.484
Firefighting                                 0.458   0.483   0.529   0.532   0.533   0.550
Police                                       0.474   0.499   0.556   0.541   0.551   0.560
Guards                                       0.446   0.493   0.537   0.533   0.531   0.552
Food Prep    and Service                     0.418   0.455   0.520   0.518   0.515   0.536
Health Service                               0.439   0.520   0.575   0.557   0.554   0.564
Cleaning and Building Service                0.403   0.436   0.488   0.493   0.490   0.507
Personal Service                             0.438   0.439   0.559   0.545   0.567   0.579
Farm Managers                                0.434   0.475   0.526   0.510   0.519   0.523
Farm Work                                    0.338   0.399   0.437   0.447   0.429   0.418
Related Agriculture                          0.401   0.431   0.494   0.485   0.476   0.475
Forest, Logging, Fishers and Hunter          0.379   0.444   0.489   0.476   0.473   0.491
Mechanics                                    0.418   0.444   0.482   0.493   0.493   0.504
Elec. Repairer                               0.465   0.481   0.509   0.517   0.513   0.522
Misc. Repairer                               0.432   0.444   0.495   0.501   0.498   0.508
Construction Trade                           0.428   0.451   0.495   0.489   0.480   0.483
Extractive                                   0.402   0.429   0.468   0.476   0.477   0.485
Supervisor(P)                                0.462   0.484   0.525   0.511   0.512   0.519
Precision Metal                              0.434   0.465   0.490   0.496   0.497   0.502
Precision Wood                               0.416   0.439   0.502   0.492   0.487   0.491
Precision, Textile                           0.385   0.405   0.448   0.471   0.472   0.479
Precision, Other                             0.434   0.479   0.504   0.498   0.531   0.547
Precision, Food                              0.420   0.443   0.473   0.481   0.467   0.474
Plant Operator                               0.533   0.475   0.520   0.517   0.508   0.530
Metal and Plastic Machine Operator           0.399   0.443   0.469   0.475   0.476   0.474
Metal and Plastic Processing Operator        0.408   0.417   0.463   0.480   0.485   0.497
Woodworking Machine Operator                 0.372   0.397   0.465   0.471   0.477   0.480
Textile Machine Operator                     0.453   0.472   0.504   0.500   0.498   0.505
Print Machine Operator                       0.387   0.409   0.435   0.465   0.458   0.464
Machine Operator, Other                      0.405   0.433   0.472   0.482   0.480   0.489
Fabricators                                  0.409   0.440   0.469   0.481   0.483   0.485
Production Inspectors                        0.444   0.482   0.503   0.512   0.519   0.528
Motor Vehicle Operator                       0.405   0.437   0.478   0.488   0.488   0.501
Non Motor Vehicle Operator                   0.422   0.439   0.483   0.484   0.483   0.495
Freight, Stock, Material Handler             0.395   0.440   0.478   0.489   0.487   0.503
 
 
Values for ZWM(i,t)
 
                                              1960    1970    1980    1990    2000    2010
------------------------------------------------------------------------------------------
Home                                         1.000   1.000   1.000   1.000   1.000   1.000
Executives, Administrative, and Managerial   0.915   0.846   0.854   0.760   0.856   0.756
Management Related                           1.090   0.935   0.951   0.860   0.962   0.804
Architects                                   1.282   1.266   1.216   0.929   1.132   0.944
Engineers                                    1.030   0.950   0.889   0.792   0.936   0.753
Math and Computer Science                    1.149   0.943   0.908   0.799   0.916   0.783
Natural Science                              1.226   1.125   1.207   1.059   1.412   1.101
Doctors                                      1.614   1.247   1.097   1.020   1.203   0.990
Health Assessment                            1.251   1.163   1.214   0.864   0.986   0.808
Therapists                                   1.633   1.271   1.106   0.953   1.133   0.981
Professors                                   2.346   2.017   2.063   2.102   2.327   2.093
Teachers          Non-Postsecondary          1.613   1.457   1.434   1.224   1.444   1.188
Librarians  and Curators                     1.771   1.511   1.586   1.490   1.722   1.598
Social Scientists and Urban Planners         1.373   1.139   1.229   1.064   1.268   0.941
Social Work                                  2.044   1.581   1.520   1.316   1.468   1.223
Lawyers       and Judges                     1.498   1.257   1.251   0.999   1.193   0.896
Arts and Athletes                            1.142   0.977   1.133   0.982   1.141   0.989
Health Technicians                           1.088   1.063   1.112   0.960   1.071   0.876
Engineering Technicians                      0.941   0.873   0.873   0.825   0.989   0.825
Science Technicians                          0.986   1.018   0.927   0.863   1.018   0.856
Technicians, Other                           1.011   0.897   0.988   0.856   0.903   0.745
Sales, all                                   0.989   0.864   0.879   0.799   0.924   0.860
Secretaries                                  1.050   0.959   1.072   1.055   1.139   1.067
Info. Clerks                                 1.004   0.932   1.048   1.014   1.225   1.099
Records Processing, Non-Financial            1.186   0.990   0.998   0.998   1.229   1.098
Financial Records Processing                 1.112   0.952   0.995   0.984   1.138   0.968
Office Machine Operator                      1.008   0.993   1.021   0.993   0.983   1.112
Computer/Communications Equip. Operator      0.871   0.866   0.856   0.868   1.043   0.939
Mail Distribution                            0.980   0.922   0.807   0.787   1.011   0.865
Scheduling and Distributing Clerks           0.967   0.888   0.878   0.878   1.064   1.005
Adjusters and Investigators                  1.151   0.959   1.007   0.945   1.080   0.986
Misc. Admin Support                          1.040   0.925   1.025   0.978   1.191   1.053
Private Household Occupations                0.939   0.928   1.037   1.065   1.305   1.196
Firefighting                                 0.923   0.796   0.797   0.717   0.846   0.681
Police                                       0.963   0.827   0.844   0.763   0.917   0.737
Guards                                       0.960   0.928   0.962   0.956   1.136   0.986
Food Prep    and Service                     1.068   0.982   1.152   1.124   1.293   1.240
Health Service                               1.238   1.181   1.188   1.087   1.321   1.153
Cleaning and Building Service                1.080   0.931   0.948   0.955   1.112   1.018
Personal Service                             1.025   0.876   1.075   1.046   1.219   1.124
Farm Managers                                1.366   1.048   1.033   0.994   1.122   0.845
Farm Work                                    1.353   1.143   0.989   0.994   1.127   0.938
Related Agriculture                          0.977   0.918   1.005   0.964   1.103   1.023
Forest, Logging, Fishers and Hunter          1.102   0.975   0.890   0.876   1.034   0.864
Mechanics                                    0.928   0.813   0.791   0.795   0.921   0.799
Elec. Repairer                               0.899   0.819   0.745   0.786   0.933   0.809
Misc. Repairer                               0.900   0.790   0.770   0.799   0.948   0.800
Construction Trade                           0.856   0.784   0.785   0.790   0.928   0.819
Extractive                                   0.837   0.804   0.676   0.710   0.846   0.625
Supervisor(P)                                0.826   0.767   0.750   0.718   0.865   0.743
Precision Metal                              0.829   0.773   0.744   0.746   0.886   0.785
Precision Wood                               0.932   0.875   0.999   0.882   1.037   0.952
Precision, Textile                           0.919   0.865   0.919   0.936   1.004   1.009
Precision, Other                             0.861   0.808   0.864   0.826   1.104   0.961
Precision, Food                              0.913   0.827   0.769   0.852   1.046   0.972
Plant Operator                               0.906   0.782   0.759   0.708   0.858   0.692
Metal and Plastic Machine Operator           0.811   0.804   0.753   0.806   0.963   0.836
Metal and Plastic Processing Operator        0.897   0.769   0.772   0.792   0.933   0.866
Woodworking Machine Operator                 0.992   0.910   0.908   0.941   0.975   0.856
Textile Machine Operator                     0.851   0.788   0.811   0.794   0.941   0.897
Print Machine Operator                       1.010   0.911   0.916   0.908   1.067   0.991
Machine Operator, Other                      0.901   0.827   0.776   0.802   0.956   0.862
Fabricators                                  0.869   0.825   0.779   0.821   0.962   0.844
Production Inspectors                        0.903   0.861   0.784   0.795   0.966   0.819
Motor Vehicle Operator                       0.898   0.820   0.777   0.811   0.954   0.880
Non Motor Vehicle Operator                   0.820   0.775   0.708   0.734   0.863   0.699
Freight, Stock, Material Handler             0.971   0.909   0.853   0.915   1.079   1.015
 
 
WageBarHomeY(g,t):
 
               1960    1970    1980    1990    2000    2010
-----------------------------------------------------------
White Men     29602   35068   30147   29637   36650   33905
White Women    8946   12163   12391   14944   22906   22717
Black Men     18432   24463   17291   16297   22053   21658
Black Women    9677   14170   13630   14769   23084   23966
 
 
 
>>> Calling GetTExperience: Loop = 1
 
 
===========================================================
GetTExperience.m:
Fixing tauhat_y missing values --> tauhat_y_cleaned (just for robustness cases)
 -- Use first non-missing value
 
===========================================================
 
*********************
White Women
*********************
 
tauhat_y_cleaned Firefighting     NaN  1.0000  1.0000  1.0000  1.0000  1.0000
tauhat_y_cleaned Firefighting  1.0000  1.0000  1.0000  1.0000  1.0000  1.0000
tauhat_y_cleaned Forest     NaN  1.0000  1.0000  1.0000  1.0000  1.0000
tauhat_y_cleaned Forest  1.0000  1.0000  1.0000  1.0000  1.0000  1.0000
 
*********************
Black Men
*********************
 
tauhat_y_cleaned Architects     NaN  2.2799  2.6102  1.9263  2.1000  2.0045
tauhat_y_cleaned Architects  2.2799  2.2799  2.6102  1.9263  2.1000  2.0045
tauhat_y_cleaned Librarians     NaN  1.3797  1.1215  1.2106  1.9407  1.2910
tauhat_y_cleaned Librarians  1.3797  1.3797  1.1215  1.2106  1.9407  1.2910
 
*********************
Black Women
*********************
 
tauhat_y_cleaned Architects     NaN     NaN  3.9488  5.5941  4.4311  2.6552
tauhat_y_cleaned Architects  3.9488  3.9488  3.9488  5.5941  4.4311  2.6552
tauhat_y_cleaned Engineers     NaN     NaN  6.1696  4.1964  3.1462  3.3659
tauhat_y_cleaned Engineers  6.1696  6.1696  6.1696  4.1964  3.1462  3.3659
tauhat_y_cleaned Math/CompSci     NaN  5.3587  2.3153  2.0193  2.0870  2.0344
tauhat_y_cleaned Math/CompSci  5.3587  5.3587  2.3153  2.0193  2.0870  2.0344
tauhat_y_cleaned Science     NaN  4.5455  3.7423  2.3938  2.3053  1.7136
tauhat_y_cleaned Science  4.5455  4.5455  3.7423  2.3938  2.3053  1.7136
tauhat_y_cleaned Eng.Techs     NaN  7.7593  3.3460  3.5182  2.6515  2.6637
tauhat_y_cleaned Eng.Techs  7.7593  7.7593  3.3460  3.5182  2.6515  2.6637
tauhat_y_cleaned OtherTechs     NaN  4.2359  2.2468  2.0088  2.1291  2.3726
tauhat_y_cleaned OtherTechs  4.2359  4.2359  2.2468  2.0088  2.1291  2.3726
tauhat_y_cleaned Firefighting     NaN     NaN  1.2102  1.3510  1.1229  2.3463
tauhat_y_cleaned Firefighting  1.2102  1.2102  1.2102  1.3510  1.1229  2.3463
tauhat_y_cleaned Police     NaN  0.9233  0.7591  0.5961  0.6556  0.7416
tauhat_y_cleaned Police  0.9233  0.9233  0.7591  0.5961  0.6556  0.7416
tauhat_y_cleaned FarmMgrs  2.8841  1.5614  3.5680  4.0482     NaN  2.6173
tauhat_y_cleaned FarmMgrs  2.8841  1.5614  3.5680  4.0482  3.3327  2.6173
tauhat_y_cleaned Agriculture     NaN  1.9349  1.6094  1.8235  1.6445  1.7652
tauhat_y_cleaned Agriculture  1.9349  1.9349  1.6094  1.8235  1.6445  1.7652
tauhat_y_cleaned Forest     NaN  0.2109  1.2177  1.3407  0.7937     NaN
tauhat_y_cleaned Forest  0.2109  0.2109  1.2177  1.3407  0.7937  0.7937
tauhat_y_cleaned Mechanics     NaN  2.2529  0.9329  0.9959  1.0595  1.0639
tauhat_y_cleaned Mechanics  2.2529  2.2529  0.9329  0.9959  1.0595  1.0639
tauhat_y_cleaned Elec.Repairer     NaN 23.9694  3.9558  3.4702  3.2065  4.6834
tauhat_y_cleaned Elec.Repairer 23.9694 23.9694  3.9558  3.4702  3.2065  4.6834
tauhat_y_cleaned Extractive     NaN  0.7677  1.5987  0.8675     NaN  1.1108
tauhat_y_cleaned Extractive  0.7677  0.7677  1.5987  0.8675  0.9891  1.1108
tauhat_y_cleaned MetalWork     NaN  1.3635  0.8593  0.9075  0.7892  0.9611
tauhat_y_cleaned MetalWork  1.3635  1.3635  0.8593  0.9075  0.7892  0.9611
tauhat_y_cleaned WoodWork     NaN  0.7634  1.2512  1.2614  1.2302  1.4852
tauhat_y_cleaned WoodWork  0.7634  0.7634  1.2512  1.2614  1.2302  1.4852
tauhat_y_cleaned PlantOperator     NaN     NaN  0.9318  1.5220  2.1115  1.5978
tauhat_y_cleaned PlantOperator  0.9318  0.9318  0.9318  1.5220  2.1115  1.5978
tauhat_y_cleaned MetalMach.     NaN  0.8173  0.8492  1.1139  1.0436  1.3026
tauhat_y_cleaned MetalMach.  0.8173  0.8173  0.8492  1.1139  1.0436  1.3026
tauhat_y_cleaned MetalProc.     NaN  1.8563  0.9484  1.0460  0.8581  0.7315
tauhat_y_cleaned MetalProc.  1.8563  1.8563  0.9484  1.0460  0.8581  0.7315
tauhat_y_cleaned WoodMach.     NaN  2.0180  0.8670  1.1921  0.8775  0.7561
tauhat_y_cleaned WoodMach.  2.0180  2.0180  0.8670  1.1921  0.8775  0.7561
tauhat_y_cleaned TextileMach.     NaN  0.9384  1.3194  1.3424  1.1143  0.9437
tauhat_y_cleaned TextileMach.  0.9384  0.9384  1.3194  1.3424  1.1143  0.9437
 
GetTExperience.m:
                     TigYMO for               --- 1960 ---      and    --- 1990 ---
Home                                         1.00   1.35   1.79        1.00   1.44   1.75
Executives, Administrative, and Managerial   1.00   1.35   1.79        1.00   1.44   1.75
Management Related                           1.00   1.35   1.79        1.00   1.44   1.75
Architects                                   1.00   1.35   1.79        1.00   1.44   1.75
Engineers                                    1.00   1.35   1.79        1.00   1.44   1.75
Math and Computer Science                    1.00   1.35   1.79        1.00   1.44   1.75
Natural Science                              1.00   1.35   1.79        1.00   1.44   1.75
Doctors                                      1.00   1.35   1.79        1.00   1.44   1.75
Health Assessment                            1.00   1.35   1.79        1.00   1.44   1.75
Therapists                                   1.00   1.35   1.79        1.00   1.44   1.75
Professors                                   1.00   1.35   1.79        1.00   1.44   1.75
Teachers          Non-Postsecondary          1.00   1.35   1.79        1.00   1.44   1.75
Librarians  and Curators                     1.00   1.35   1.79        1.00   1.44   1.75
Social Scientists and Urban Planners         1.00   1.35   1.79        1.00   1.44   1.75
Social Work                                  1.00   1.35   1.79        1.00   1.44   1.75
Lawyers       and Judges                     1.00   1.35   1.79        1.00   1.44   1.75
Arts and Athletes                            1.00   1.35   1.79        1.00   1.44   1.75
Health Technicians                           1.00   1.35   1.79        1.00   1.44   1.75
Engineering Technicians                      1.00   1.35   1.79        1.00   1.44   1.75
Science Technicians                          1.00   1.35   1.79        1.00   1.44   1.75
Technicians, Other                           1.00   1.35   1.79        1.00   1.44   1.75
Sales, all                                   1.00   1.35   1.79        1.00   1.44   1.75
Secretaries                                  1.00   1.35   1.79        1.00   1.44   1.75
Info. Clerks                                 1.00   1.35   1.79        1.00   1.44   1.75
Records Processing, Non-Financial            1.00   1.35   1.79        1.00   1.44   1.75
Financial Records Processing                 1.00   1.35   1.79        1.00   1.44   1.75
Office Machine Operator                      1.00   1.35   1.79        1.00   1.44   1.75
Computer/Communications Equip. Operator      1.00   1.35   1.79        1.00   1.44   1.75
Mail Distribution                            1.00   1.35   1.79        1.00   1.44   1.75
Scheduling and Distributing Clerks           1.00   1.35   1.79        1.00   1.44   1.75
Adjusters and Investigators                  1.00   1.35   1.79        1.00   1.44   1.75
Misc. Admin Support                          1.00   1.35   1.79        1.00   1.44   1.75
Private Household Occupations                1.00   1.35   1.79        1.00   1.44   1.75
Firefighting                                 1.00   1.35   1.79        1.00   1.44   1.75
Police                                       1.00   1.35   1.79        1.00   1.44   1.75
Guards                                       1.00   1.35   1.79        1.00   1.44   1.75
Food Prep    and Service                     1.00   1.35   1.79        1.00   1.44   1.75
Health Service                               1.00   1.35   1.79        1.00   1.44   1.75
Cleaning and Building Service                1.00   1.35   1.79        1.00   1.44   1.75
Personal Service                             1.00   1.35   1.79        1.00   1.44   1.75
Farm Managers                                1.00   1.35   1.79        1.00   1.44   1.75
Farm Work                                    1.00   1.35   1.79        1.00   1.44   1.75
Related Agriculture                          1.00   1.35   1.79        1.00   1.44   1.75
Forest, Logging, Fishers and Hunter          1.00   1.35   1.79        1.00   1.44   1.75
Mechanics                                    1.00   1.35   1.79        1.00   1.44   1.75
Elec. Repairer                               1.00   1.35   1.79        1.00   1.44   1.75
Misc. Repairer                               1.00   1.35   1.79        1.00   1.44   1.75
Construction Trade                           1.00   1.35   1.79        1.00   1.44   1.75
Extractive                                   1.00   1.35   1.79        1.00   1.44   1.75
Supervisor(P)                                1.00   1.35   1.79        1.00   1.44   1.75
Precision Metal                              1.00   1.35   1.79        1.00   1.44   1.75
Precision Wood                               1.00   1.35   1.79        1.00   1.44   1.75
Precision, Textile                           1.00   1.35   1.79        1.00   1.44   1.75
Precision, Other                             1.00   1.35   1.79        1.00   1.44   1.75
Precision, Food                              1.00   1.35   1.79        1.00   1.44   1.75
Plant Operator                               1.00   1.35   1.79        1.00   1.44   1.75
Metal and Plastic Machine Operator           1.00   1.35   1.79        1.00   1.44   1.75
Metal and Plastic Processing Operator        1.00   1.35   1.79        1.00   1.44   1.75
Woodworking Machine Operator                 1.00   1.35   1.79        1.00   1.44   1.75
Textile Machine Operator                     1.00   1.35   1.79        1.00   1.44   1.75
Print Machine Operator                       1.00   1.35   1.79        1.00   1.44   1.75
Machine Operator, Other                      1.00   1.35   1.79        1.00   1.44   1.75
Fabricators                                  1.00   1.35   1.79        1.00   1.44   1.75
Production Inspectors                        1.00   1.35   1.79        1.00   1.44   1.75
Motor Vehicle Operator                       1.00   1.35   1.79        1.00   1.44   1.75
Non Motor Vehicle Operator                   1.00   1.35   1.79        1.00   1.44   1.75
Freight, Stock, Material Handler             1.00   1.35   1.79        1.00   1.44   1.75
 
Values for occupation 8:
ans =

   1.0000   1.3472   1.7877
   1.0000   1.4964   1.7551
   1.0000   1.3473   1.6192
   1.0000   1.4410   1.7453
   1.0000   1.4717        0
   1.0000   1.0000   1.0000

 
Tbar and TbarHat by Group and Years for Doctors
ans =

   4.1348   4.2515   3.9665   4.1862   4.2543   4.2543
   4.1348   4.2515   3.9665   4.1862   4.2543   4.2543
   4.1348   4.2515   3.9665   4.1862   4.2543   4.2543
   4.1348   4.2515   3.9665   4.1862   4.2543   4.2543

ans =

   1   1   1   1   1   1
   1   1   1   1   1   1
   1   1   1   1   1   1
   1   1   1   1   1   1

 
Tbar and TbarHat by Group and Years for Secretaries
ans =

   4.1348   4.2515   3.9665   4.1862   4.2543   4.2543
   4.1348   4.2515   3.9665   4.1862   4.2543   4.2543
   4.1348   4.2515   3.9665   4.1862   4.2543   4.2543
   4.1348   4.2515   3.9665   4.1862   4.2543   4.2543

ans =

   1   1   1   1   1   1
   1   1   1   1   1   1
   1   1   1   1   1   1
   1   1   1   1   1   1

 
Tbar and TbarHat by Group and Years for Farm
ans =

   4.1348   4.2515   3.9665   4.1862   4.2543   4.2543
   1.1090   0.9637   1.2932   1.5113   1.8442   1.7273
   4.1348   4.2515   3.9665   4.1862   4.2543   4.2543
   1.1090   0.9637   1.2932   1.5113   1.8442   1.7273

ans =

   1.0000   1.0000   1.0000   1.0000   1.0000   1.0000
   0.2682   0.2267   0.3260   0.3610   0.4335   0.4060
   1.0000   1.0000   1.0000   1.0000   1.0000   1.0000
   0.2682   0.2267   0.3260   0.3610   0.4335   0.4060

 
 
-------------------------------------------------------------
Estimating w and Z from YWM:   1960
-------------------------------------------------------------
 
                                                 s     phi         w     zWM
----------------------------------------------------------------------------
Home                                         0.496   1.273    6018.9   1.000
Executives, Administrative, and Managerial   0.525   1.431    7096.6   0.915
Management Related                           0.596   1.911    4797.4   1.090
Architects                                   0.691   2.900     933.2   1.282
Engineers                                    0.627   2.178    5693.6   1.030
Math and Computer Science                    0.654   2.448     931.4   1.149
Natural Science                              0.658   2.489    2398.5   1.226
Doctors                                      0.751   3.907    3131.1   1.614
Health Assessment                            0.667   2.587    1524.1   1.251
Therapists                                   0.695   2.956     514.8   1.633
Professors                                   0.819   5.850    1928.4   2.346
Teachers          Non-Postsecondary          0.694   2.937    3453.3   1.613
Librarians  and Curators                     0.715   3.247     334.9   1.771
Social Scientists and Urban Planners         0.703   3.057    1168.2   1.373
Social Work                                  0.700   3.025    1633.1   2.044
Lawyers       and Judges                     0.755   3.986    2801.7   1.498
Arts and Athletes                            0.610   2.023    3016.2   1.142
Health Technicians                           0.524   1.426     879.4   1.088
Engineering Technicians                      0.514   1.369    2891.9   0.941
Science Technicians                          0.521   1.408    1846.5   0.986
Technicians, Other                           0.542   1.531    1368.4   1.011
Sales, all                                   0.532   1.470    6560.0   0.989
Secretaries                                  0.520   1.402     918.4   1.050
Info. Clerks                                 0.503   1.310     826.2   1.004
Records Processing, Non-Financial            0.616   2.077    1290.6   1.186
Financial Records Processing                 0.525   1.430    1393.3   1.112
Office Machine Operator                      0.500   1.296    1148.2   1.008
Computer/Communications Equip. Operator      0.469   1.143     607.8   0.871
Mail Distribution                            0.489   1.239    1773.7   0.980
Scheduling and Distributing Clerks           0.441   1.023    2122.1   0.967
Adjusters and Investigators                  0.574   1.746    1291.7   1.151
Misc. Admin Support                          0.512   1.360    3626.6   1.040
Private Household Occupations                0.418   0.929     542.4   0.939
Firefighting                                 0.458   1.094    1375.6   0.923
Police                                       0.474   1.166    2017.9   0.963
Guards                                       0.446   1.043     929.5   0.960
Food Prep    and Service                     0.418   0.930    1250.1   1.068
Health Service                               0.439   1.011     531.6   1.238
Cleaning and Building Service                0.403   0.875     765.1   1.080
Personal Service                             0.438   1.010    1386.0   1.025
Farm Managers                                0.434   0.992    2009.5   1.366
Farm Work                                    0.338   0.660    1004.6   1.353
Related Agriculture                          0.401   0.867     652.2   0.977
Forest, Logging, Fishers and Hunter          0.379   0.790     613.0   1.102
Mechanics                                    0.418   0.929    2687.8   0.928
Elec. Repairer                               0.465   1.126    2854.4   0.899
Misc. Repairer                               0.432   0.985    3304.0   0.900
Construction Trade                           0.428   0.970    4466.4   0.856
Extractive                                   0.402   0.872    1625.7   0.837
Supervisor(P)                                0.462   1.113    3428.4   0.826
Precision Metal                              0.434   0.992    3115.6   0.829
Precision Wood                               0.416   0.922     624.0   0.932
Precision, Textile                           0.385   0.809     710.8   0.919
Precision, Other                             0.434   0.992    1184.7   0.861
Precision, Food                              0.420   0.938    1372.7   0.913
Plant Operator                               0.533   1.478    2205.9   0.906
Metal and Plastic Machine Operator           0.399   0.860    1356.7   0.811
Metal and Plastic Processing Operator        0.408   0.893     642.7   0.897
Woodworking Machine Operator                 0.372   0.766     537.2   0.992
Textile Machine Operator                     0.453   1.072    1870.8   0.851
Print Machine Operator                       0.387   0.817     790.1   1.010
Machine Operator, Other                      0.405   0.879    5064.1   0.901
Fabricators                                  0.409   0.897    2431.8   0.869
Production Inspectors                        0.444   1.034    1670.4   0.903
Motor Vehicle Operator                       0.405   0.880    4105.5   0.898
Non Motor Vehicle Operator                   0.422   0.946    2479.5   0.820
Freight, Stock, Material Handler             0.395   0.845    3221.7   0.971

  MWM = 204297937.754
 
 
-------------------------------------------------------------
Estimating w and Z from YWM:   1970
-------------------------------------------------------------
 
                                                 s     phi         w     zWM
----------------------------------------------------------------------------
Home                                         0.555   1.614    7889.9   1.000
Executives, Administrative, and Managerial   0.557   1.627   10008.7   0.846
Management Related                           0.598   1.928    4808.3   0.935
Architects                                   0.725   3.421    1372.6   1.266
Engineers                                    0.640   2.302    6683.2   0.950
Math and Computer Science                    0.628   2.188    2868.0   0.943
Natural Science                              0.667   2.590    2802.4   1.125
Doctors                                      0.759   4.084    4457.8   1.247
Health Assessment                            0.686   2.833    1846.7   1.163
Therapists                                   0.669   2.616     856.2   1.271
Professors                                   0.814   5.679    3629.8   2.017
Teachers          Non-Postsecondary          0.715   3.245    5173.8   1.457
Librarians  and Curators                     0.720   3.328     676.4   1.511
Social Scientists and Urban Planners         0.698   2.987    2170.3   1.139
Social Work                                  0.688   2.857    2084.1   1.581
Lawyers       and Judges                     0.763   4.174    4224.4   1.257
Arts and Athletes                            0.598   1.922    3330.6   0.977
Health Technicians                           0.597   1.918    1253.3   1.063
Engineering Technicians                      0.528   1.446    3920.4   0.873
Science Technicians                          0.583   1.812    1253.7   1.018
Technicians, Other                           0.586   1.834    3291.8   0.897
Sales, all                                   0.543   1.537    7700.5   0.864
Secretaries                                  0.536   1.495    1125.1   0.959
Info. Clerks                                 0.536   1.497    1271.3   0.932
Records Processing, Non-Financial            0.611   2.029    2481.9   0.990
Financial Records Processing                 0.533   1.478    2019.2   0.952
Office Machine Operator                      0.502   1.304     663.3   0.993
Computer/Communications Equip. Operator      0.509   1.341    1508.1   0.866
Mail Distribution                            0.501   1.299    1738.9   0.922
Scheduling and Distributing Clerks           0.483   1.209    2938.1   0.888
Adjusters and Investigators                  0.573   1.736    2402.5   0.959
Misc. Admin Support                          0.528   1.446    2898.5   0.925
Private Household Occupations                0.431   0.982     676.6   0.928
Firefighting                                 0.483   1.209    1881.9   0.796
Police                                       0.499   1.288    2965.7   0.827
Guards                                       0.493   1.258    1140.0   0.928
Food Prep    and Service                     0.455   1.079    1509.0   0.982
Health Service                               0.520   1.401     680.1   1.181
Cleaning and Building Service                0.436   1.001    1579.8   0.931
Personal Service                             0.439   1.015    1928.4   0.876
Farm Managers                                0.475   1.173    2251.4   1.048
Farm Work                                    0.399   0.861    1138.1   1.143
Related Agriculture                          0.431   0.979    1039.3   0.918
Forest, Logging, Fishers and Hunter          0.444   1.035     767.6   0.975
Mechanics                                    0.444   1.034    4277.9   0.813
Elec. Repairer                               0.481   1.199    3374.5   0.819
Misc. Repairer                               0.444   1.035    3420.3   0.790
Construction Trade                           0.451   1.062    6021.6   0.784
Extractive                                   0.429   0.972    1248.8   0.804
Supervisor(P)                                0.484   1.215    4536.9   0.767
Precision Metal                              0.465   1.127    3284.4   0.773
Precision Wood                               0.439   1.012     717.6   0.875
Precision, Textile                           0.405   0.880     811.9   0.865
Precision, Other                             0.479   1.189     951.7   0.808
Precision, Food                              0.443   1.030    1730.7   0.827
Plant Operator                               0.475   1.171    1277.4   0.782
Metal and Plastic Machine Operator           0.443   1.030    2679.9   0.804
Metal and Plastic Processing Operator        0.417   0.925     946.6   0.769
Woodworking Machine Operator                 0.397   0.851     614.2   0.910
Textile Machine Operator                     0.472   1.156    2152.7   0.788
Print Machine Operator                       0.409   0.896    1351.5   0.911
Machine Operator, Other                      0.433   0.989    4870.6   0.827
Fabricators                                  0.440   1.015    3138.0   0.825
Production Inspectors                        0.482   1.205    2269.7   0.861
Motor Vehicle Operator                       0.437   1.006    4606.6   0.820
Non Motor Vehicle Operator                   0.439   1.014    2720.4   0.775
Freight, Stock, Material Handler             0.440   1.019    3229.5   0.909

  MWM = 210649490.503
 
 
-------------------------------------------------------------
Estimating w and Z from YWM:   1980
-------------------------------------------------------------
 
                                                 s     phi         w     zWM
----------------------------------------------------------------------------
Home                                         0.565   1.684    6836.9   1.000
Executives, Administrative, and Managerial   0.602   1.962    9431.8   0.854
Management Related                           0.631   2.210    6144.7   0.951
Architects                                   0.703   3.064    1508.4   1.216
Engineers                                    0.648   2.388    5791.4   0.889
Math and Computer Science                    0.652   2.420    2791.7   0.908
Natural Science                              0.702   3.046    2433.0   1.207
Doctors                                      0.758   4.060    4950.6   1.097
Health Assessment                            0.712   3.193    2079.6   1.214
Therapists                                   0.635   2.255    1257.9   1.106
Professors                                   0.811   5.545    2280.4   2.063
Teachers          Non-Postsecondary          0.709   3.156    4382.6   1.434
Librarians  and Curators                     0.724   3.400     677.6   1.586
Social Scientists and Urban Planners         0.727   3.442    2067.7   1.229
Social Work                                  0.690   2.876    2035.9   1.520
Lawyers       and Judges                     0.769   4.300    4711.5   1.251
Arts and Athletes                            0.633   2.235    3030.9   1.133
Health Technicians                           0.621   2.125    1480.7   1.112
Engineering Technicians                      0.558   1.636    3379.7   0.873
Science Technicians                          0.584   1.815    1328.7   0.927
Technicians, Other                           0.631   2.213    3584.1   0.988
Sales, all                                   0.577   1.765    7993.2   0.879
Secretaries                                  0.594   1.898     734.7   1.072
Info. Clerks                                 0.604   1.976    1102.1   1.048
Records Processing, Non-Financial            0.568   1.701    1272.3   0.998
Financial Records Processing                 0.586   1.832    1531.3   0.995
Office Machine Operator                      0.534   1.484     312.2   1.021
Computer/Communications Equip. Operator      0.559   1.643    1960.6   0.856
Mail Distribution                            0.535   1.491    2184.2   0.807
Scheduling and Distributing Clerks           0.525   1.428    3062.1   0.878
Adjusters and Investigators                  0.608   2.009    1699.9   1.007
Misc. Admin Support                          0.589   1.855    2097.6   1.025
Private Household Occupations                0.469   1.144     522.4   1.037
Firefighting                                 0.529   1.453    1881.0   0.797
Police                                       0.556   1.621    3210.8   0.844
Guards                                       0.537   1.504    1467.3   0.962
Food Prep    and Service                     0.520   1.401    1696.3   1.152
Health Service                               0.575   1.752     998.4   1.188
Cleaning and Building Service                0.488   1.233    2143.4   0.948
Personal Service                             0.559   1.641    1326.9   1.075
Farm Managers                                0.526   1.439    2190.9   1.033
Farm Work                                    0.437   1.006    1281.0   0.989
Related Agriculture                          0.494   1.263    1166.1   1.005
Forest, Logging, Fishers and Hunter          0.489   1.240    1029.9   0.890
Mechanics                                    0.482   1.202    4403.6   0.791
Elec. Repairer                               0.509   1.344    3247.8   0.745
Misc. Repairer                               0.495   1.267    2763.7   0.770
Construction Trade                           0.495   1.271    6872.0   0.785
Extractive                                   0.468   1.138    1735.9   0.676
Supervisor(P)                                0.525   1.433    4465.5   0.750
Precision Metal                              0.490   1.243    3021.9   0.744
Precision Wood                               0.502   1.307     696.3   0.999
Precision, Textile                           0.448   1.049     561.2   0.919
Precision, Other                             0.504   1.316    1148.1   0.864
Precision, Food                              0.473   1.164    1525.8   0.769
Plant Operator                               0.520   1.401    1649.0   0.759
Metal and Plastic Machine Operator           0.469   1.142    2208.7   0.753
Metal and Plastic Processing Operator        0.463   1.116    1070.5   0.772
Woodworking Machine Operator                 0.465   1.124     747.0   0.908
Textile Machine Operator                     0.504   1.316    1616.5   0.811
Print Machine Operator                       0.435   0.996     894.1   0.916
Machine Operator, Other                      0.472   1.155    4019.3   0.776
Fabricators                                  0.469   1.145    3541.1   0.779
Production Inspectors                        0.503   1.309    2049.7   0.784
Motor Vehicle Operator                       0.478   1.187    4929.9   0.777
Non Motor Vehicle Operator                   0.483   1.207    3285.6   0.708
Freight, Stock, Material Handler             0.478   1.183    3396.6   0.853

  MWM = 133424590.144
 
 
-------------------------------------------------------------
Estimating w and Z from YWM:   1990
-------------------------------------------------------------
 
                                                 s     phi         w     zWM
----------------------------------------------------------------------------
Home                                         0.555   1.611    6912.9   1.000
Executives, Administrative, and Managerial   0.582   1.800    9758.3   0.760
Management Related                           0.620   2.108    6403.9   0.860
Architects                                   0.649   2.398    1657.4   0.929
Engineers                                    0.638   2.279    6923.6   0.792
Math and Computer Science                    0.636   2.260    4056.4   0.799
Natural Science                              0.674   2.676    2374.2   1.059
Doctors                                      0.762   4.147    5213.4   1.020
Health Assessment                            0.650   2.405    2204.1   0.864
Therapists                                   0.633   2.236    1305.2   0.953
Professors                                   0.814   5.670    1895.3   2.102
Teachers          Non-Postsecondary          0.669   2.613    3103.4   1.224
Librarians  and Curators                     0.714   3.232     593.0   1.490
Social Scientists and Urban Planners         0.697   2.974    1843.5   1.064
Social Work                                  0.660   2.514    1771.8   1.316
Lawyers       and Judges                     0.765   4.211    5533.0   0.999
Arts and Athletes                            0.611   2.034    3549.3   0.982
Health Technicians                           0.585   1.824    1743.9   0.960
Engineering Technicians                      0.559   1.640    3654.0   0.825
Science Technicians                          0.569   1.708    1317.3   0.863
Technicians, Other                           0.603   1.968    4620.8   0.856
Sales, all                                   0.561   1.651    9472.4   0.799
Secretaries                                  0.578   1.771     704.7   1.055
Info. Clerks                                 0.581   1.794    1166.7   1.014
Records Processing, Non-Financial            0.575   1.752    1052.6   0.998
Financial Records Processing                 0.568   1.700    1297.3   0.984
Office Machine Operator                      0.519   1.399     358.9   0.993
Computer/Communications Equip. Operator      0.557   1.627    1864.6   0.868
Mail Distribution                            0.529   1.453    2171.5   0.787
Scheduling and Distributing Clerks           0.518   1.391    3070.1   0.878
Adjusters and Investigators                  0.586   1.829    1923.6   0.945
Misc. Admin Support                          0.579   1.782    2145.4   0.978
Private Household Occupations                0.484   1.213     517.5   1.065
Firefighting                                 0.532   1.469    2082.5   0.717
Police                                       0.541   1.527    3418.8   0.763
Guards                                       0.533   1.476    1676.4   0.956
Food Prep    and Service                     0.518   1.390    2256.9   1.124
Health Service                               0.557   1.630    1102.8   1.087
Cleaning and Building Service                0.493   1.261    2358.0   0.955
Personal Service                             0.545   1.553    1247.2   1.046
Farm Managers                                0.510   1.349    1882.8   0.994
Farm Work                                    0.447   1.047    1184.0   0.994
Related Agriculture                          0.485   1.217    1708.9   0.964
Forest, Logging, Fishers and Hunter          0.476   1.177     991.2   0.876
Mechanics                                    0.493   1.257    4690.0   0.795
Elec. Repairer                               0.517   1.385    2819.3   0.786
Misc. Repairer                               0.501   1.301    2774.8   0.799
Construction Trade                           0.489   1.239    7302.4   0.790
Extractive                                   0.476   1.176    1272.6   0.710
Supervisor(P)                                0.511   1.353    3565.0   0.718
Precision Metal                              0.496   1.274    3092.4   0.746
Precision Wood                               0.492   1.252     792.8   0.882
Precision, Textile                           0.471   1.151     609.5   0.936
Precision, Other                             0.498   1.285    1251.1   0.826
Precision, Food                              0.481   1.200    1346.6   0.852
Plant Operator                               0.517   1.384    2009.2   0.708
Metal and Plastic Machine Operator           0.475   1.173    1422.0   0.806
Metal and Plastic Processing Operator        0.480   1.197     949.1   0.792
Woodworking Machine Operator                 0.471   1.154     761.4   0.941
Textile Machine Operator                     0.500   1.293    1920.8   0.794
Print Machine Operator                       0.465   1.124    1096.5   0.908
Machine Operator, Other                      0.482   1.205    3600.2   0.802
Fabricators                                  0.481   1.200    3306.6   0.821
Production Inspectors                        0.512   1.356    2015.0   0.795
Motor Vehicle Operator                       0.488   1.233    4934.2   0.811
Non Motor Vehicle Operator                   0.484   1.216    2503.9   0.734
Freight, Stock, Material Handler             0.489   1.239    3309.7   0.915

  MWM = 151921659.378
 
 
-------------------------------------------------------------
Estimating w and Z from YWM:   2000
-------------------------------------------------------------
 
                                                 s     phi         w     zWM
----------------------------------------------------------------------------
Home                                         0.528   1.448    9727.9   1.000
Executives, Administrative, and Managerial   0.595   1.898   11216.1   0.856
Management Related                           0.619   2.100    7794.9   0.962
Architects                                   0.664   2.561    1754.5   1.132
Engineers                                    0.641   2.313    6457.9   0.936
Math and Computer Science                    0.605   1.982    5864.6   0.916
Natural Science                              0.701   3.042    2608.6   1.412
Doctors                                      0.762   4.136    4827.3   1.203
Health Assessment                            0.643   2.336    2535.3   0.986
Therapists                                   0.659   2.500    1910.8   1.133
Professors                                   0.792   4.922    2270.4   2.327
Teachers          Non-Postsecondary          0.672   2.646    4037.0   1.444
Librarians  and Curators                     0.710   3.168     576.0   1.722
Social Scientists and Urban Planners         0.699   3.004    1684.1   1.268
Social Work                                  0.653   2.432    1968.5   1.468
Lawyers       and Judges                     0.763   4.175    5436.5   1.193
Arts and Athletes                            0.618   2.097    4179.7   1.141
Health Technicians                           0.576   1.761    2124.0   1.071
Engineering Technicians                      0.551   1.588    2786.9   0.989
Science Technicians                          0.563   1.669    1017.0   1.018
Technicians, Other                           0.627   2.172    6446.0   0.903
Sales, all                                   0.564   1.673    9810.2   0.924
Secretaries                                  0.585   1.828    1160.8   1.139
Info. Clerks                                 0.576   1.758    1194.8   1.225
Records Processing, Non-Financial            0.572   1.732     953.0   1.229
Financial Records Processing                 0.567   1.695    1329.5   1.138
Office Machine Operator                      0.519   1.397     612.0   0.983
Computer/Communications Equip. Operator      0.563   1.671    1181.4   1.043
Mail Distribution                            0.527   1.444    1562.0   1.011
Scheduling and Distributing Clerks           0.516   1.382    3189.3   1.064
Adjusters and Investigators                  0.571   1.725    3047.2   1.080
Misc. Admin Support                          0.582   1.802    1867.1   1.191
Private Household Occupations                0.491   1.249     435.8   1.305
Firefighting                                 0.533   1.477    2330.8   0.846
Police                                       0.551   1.588    4479.9   0.917
Guards                                       0.531   1.463    1600.6   1.136
Food Prep    and Service                     0.515   1.377    2784.4   1.293
Health Service                               0.554   1.607    1071.5   1.321
Cleaning and Building Service                0.490   1.242    2038.1   1.112
Personal Service                             0.567   1.698    1804.7   1.219
Farm Managers                                0.519   1.399    1473.8   1.122
Farm Work                                    0.429   0.974    1106.0   1.127
Related Agriculture                          0.476   1.176    2051.8   1.103
Forest, Logging, Fishers and Hunter          0.473   1.163     993.4   1.034
Mechanics                                    0.493   1.256    4797.3   0.921
Elec. Repairer                               0.513   1.361    3295.3   0.933
Misc. Repairer                               0.498   1.285    2495.7   0.948
Construction Trade                           0.480   1.193    7294.0   0.928
Extractive                                   0.477   1.183     954.4   0.846
Supervisor(P)                                0.512   1.360    3252.9   0.865
Precision Metal                              0.497   1.277    2353.4   0.886
Precision Wood                               0.487   1.230     766.1   1.037
Precision, Textile                           0.472   1.157     542.6   1.004
Precision, Other                             0.531   1.465    1060.2   1.104
Precision, Food                              0.467   1.135    1130.6   1.046
Plant Operator                               0.508   1.334    1409.8   0.858
Metal and Plastic Machine Operator           0.476   1.175    1171.2   0.963
Metal and Plastic Processing Operator        0.485   1.217     917.3   0.933
Woodworking Machine Operator                 0.477   1.179    1829.2   0.975
Textile Machine Operator                     0.498   1.286    1530.1   0.941
Print Machine Operator                       0.458   1.094    1003.4   1.067
Machine Operator, Other                      0.480   1.194    3210.0   0.956
Fabricators                                  0.483   1.208    3143.4   0.962
Production Inspectors                        0.519   1.397    1944.8   0.966
Motor Vehicle Operator                       0.488   1.234    4999.8   0.954
Non Motor Vehicle Operator                   0.483   1.209    2371.8   0.863
Freight, Stock, Material Handler             0.487   1.227    2848.6   1.079

  MWM = 265955622.319
 
 
-------------------------------------------------------------
Estimating w and Z from YWM:   2010
-------------------------------------------------------------
 
                                                 s     phi         w     zWM
----------------------------------------------------------------------------
Home                                         0.582   1.800    9716.9   1.000
Executives, Administrative, and Managerial   0.601   1.948   10572.8   0.756
Management Related                           0.633   2.230    8212.1   0.804
Architects                                   0.671   2.642    1519.2   0.944
Engineers                                    0.651   2.415    6603.6   0.753
Math and Computer Science                    0.606   1.991    5885.1   0.783
Natural Science                              0.705   3.096    2829.4   1.101
Doctors                                      0.762   4.155    4678.0   0.990
Health Assessment                            0.671   2.644    3243.4   0.808
Therapists                                   0.692   2.912    2216.8   0.981
Professors                                   0.804   5.314    2592.1   2.093
Teachers          Non-Postsecondary          0.687   2.835    4934.6   1.188
Librarians  and Curators                     0.737   3.631     551.3   1.598
Social Scientists and Urban Planners         0.678   2.728    2185.4   0.941
Social Work                                  0.658   2.493    2239.6   1.223
Lawyers       and Judges                     0.764   4.180    6027.2   0.896
Arts and Athletes                            0.636   2.259    4282.7   0.989
Health Technicians                           0.578   1.775    2439.4   0.876
Engineering Technicians                      0.570   1.713    2709.1   0.825
Science Technicians                          0.581   1.798    1094.8   0.856
Technicians, Other                           0.631   2.213    6331.6   0.745
Sales, all                                   0.574   1.743    8795.3   0.860
Secretaries                                  0.608   2.006    1253.9   1.067
Info. Clerks                                 0.578   1.771    1283.5   1.099
Records Processing, Non-Financial            0.600   1.943    1086.8   1.098
Financial Records Processing                 0.576   1.761    1410.6   0.968
Office Machine Operator                      0.573   1.738     324.5   1.112
Computer/Communications Equip. Operator      0.567   1.695     805.2   0.939
Mail Distribution                            0.539   1.515    1475.4   0.865
Scheduling and Distributing Clerks           0.535   1.491    3012.1   1.005
Adjusters and Investigators                  0.574   1.746    3081.2   0.986
Misc. Admin Support                          0.593   1.884    2011.5   1.053
Private Household Occupations                0.484   1.214     434.6   1.196
Firefighting                                 0.550   1.584    2783.5   0.681
Police                                       0.560   1.644    4590.3   0.737
Guards                                       0.552   1.597    2086.9   0.986
Food Prep    and Service                     0.536   1.496    3334.2   1.240
Health Service                               0.564   1.677    1453.0   1.153
Cleaning and Building Service                0.507   1.330    2118.8   1.018
Personal Service                             0.579   1.784    1918.4   1.124
Farm Managers                                0.523   1.417    1661.5   0.845
Farm Work                                    0.418   0.929    1424.9   0.938
Related Agriculture                          0.475   1.173    2213.9   1.023
Forest, Logging, Fishers and Hunter          0.491   1.248     892.3   0.864
Mechanics                                    0.504   1.316    4255.8   0.799
Elec. Repairer                               0.522   1.412    3156.0   0.809
Misc. Repairer                               0.508   1.335    2490.4   0.800
Construction Trade                           0.483   1.209    6763.7   0.819
Extractive                                   0.485   1.221    2053.6   0.625
Supervisor(P)                                0.519   1.394    2316.1   0.743
Precision Metal                              0.502   1.305    1573.7   0.785
Precision Wood                               0.491   1.248     517.8   0.952
Precision, Textile                           0.479   1.192     330.8   1.009
Precision, Other                             0.547   1.565    1209.2   0.961
Precision, Food                              0.474   1.165    1068.7   0.972
Plant Operator                               0.530   1.460    1614.6   0.692
Metal and Plastic Machine Operator           0.474   1.168     884.7   0.836
Metal and Plastic Processing Operator        0.497   1.279     501.2   0.866
Woodworking Machine Operator                 0.480   1.196    1349.5   0.856
Textile Machine Operator                     0.505   1.321     932.9   0.897
Print Machine Operator                       0.464   1.121     664.7   0.991
Machine Operator, Other                      0.489   1.237    2843.9   0.862
Fabricators                                  0.485   1.220    2730.4   0.844
Production Inspectors                        0.528   1.446    1909.2   0.819
Motor Vehicle Operator                       0.501   1.301    4113.0   0.880
Non Motor Vehicle Operator                   0.495   1.271    2590.7   0.699
Freight, Stock, Material Handler             0.503   1.311    2879.2   1.015

  MWM = 169182516.716
 
 
=============================================================================
 Summary of Results for w, phi, s, Z from Young WM... (solveWMfor_w_phi.m)
=============================================================================
 
Values for w(i,t) --- wage per unit of human capital
 
                                              1960    1970    1980    1990    2000    2010
------------------------------------------------------------------------------------------
Home                                          6019    7890    6837    6913    9728    9717
Executives, Administrative, and Managerial    7097   10009    9432    9758   11216   10573
Management Related                            4797    4808    6145    6404    7795    8212
Architects                                     933    1373    1508    1657    1755    1519
Engineers                                     5694    6683    5791    6924    6458    6604
Math and Computer Science                      931    2868    2792    4056    5865    5885
Natural Science                               2399    2802    2433    2374    2609    2829
Doctors                                       3131    4458    4951    5213    4827    4678
Health Assessment                             1524    1847    2080    2204    2535    3243
Therapists                                     515     856    1258    1305    1911    2217
Professors                                    1928    3630    2280    1895    2270    2592
Teachers          Non-Postsecondary           3453    5174    4383    3103    4037    4935
Librarians  and Curators                       335     676     678     593     576     551
Social Scientists and Urban Planners          1168    2170    2068    1843    1684    2185
Social Work                                   1633    2084    2036    1772    1969    2240
Lawyers       and Judges                      2802    4224    4711    5533    5436    6027
Arts and Athletes                             3016    3331    3031    3549    4180    4283
Health Technicians                             879    1253    1481    1744    2124    2439
Engineering Technicians                       2892    3920    3380    3654    2787    2709
Science Technicians                           1847    1254    1329    1317    1017    1095
Technicians, Other                            1368    3292    3584    4621    6446    6332
Sales, all                                    6560    7700    7993    9472    9810    8795
Secretaries                                    918    1125     735     705    1161    1254
Info. Clerks                                   826    1271    1102    1167    1195    1284
Records Processing, Non-Financial             1291    2482    1272    1053     953    1087
Financial Records Processing                  1393    2019    1531    1297    1329    1411
Office Machine Operator                       1148     663     312     359     612     325
Computer/Communications Equip. Operator        608    1508    1961    1865    1181     805
Mail Distribution                             1774    1739    2184    2171    1562    1475
Scheduling and Distributing Clerks            2122    2938    3062    3070    3189    3012
Adjusters and Investigators                   1292    2403    1700    1924    3047    3081
Misc. Admin Support                           3627    2898    2098    2145    1867    2012
Private Household Occupations                  542     677     522     518     436     435
Firefighting                                  1376    1882    1881    2082    2331    2783
Police                                        2018    2966    3211    3419    4480    4590
Guards                                         929    1140    1467    1676    1601    2087
Food Prep    and Service                      1250    1509    1696    2257    2784    3334
Health Service                                 532     680     998    1103    1071    1453
Cleaning and Building Service                  765    1580    2143    2358    2038    2119
Personal Service                              1386    1928    1327    1247    1805    1918
Farm Managers                                 2009    2251    2191    1883    1474    1662
Farm Work                                     1005    1138    1281    1184    1106    1425
Related Agriculture                            652    1039    1166    1709    2052    2214
Forest, Logging, Fishers and Hunter            613     768    1030     991     993     892
Mechanics                                     2688    4278    4404    4690    4797    4256
Elec. Repairer                                2854    3374    3248    2819    3295    3156
Misc. Repairer                                3304    3420    2764    2775    2496    2490
Construction Trade                            4466    6022    6872    7302    7294    6764
Extractive                                    1626    1249    1736    1273     954    2054
Supervisor(P)                                 3428    4537    4466    3565    3253    2316
Precision Metal                               3116    3284    3022    3092    2353    1574
Precision Wood                                 624     718     696     793     766     518
Precision, Textile                             711     812     561     609     543     331
Precision, Other                              1185     952    1148    1251    1060    1209
Precision, Food                               1373    1731    1526    1347    1131    1069
Plant Operator                                2206    1277    1649    2009    1410    1615
Metal and Plastic Machine Operator            1357    2680    2209    1422    1171     885
Metal and Plastic Processing Operator          643     947    1071     949     917     501
Woodworking Machine Operator                   537     614     747     761    1829    1349
Textile Machine Operator                      1871    2153    1616    1921    1530     933
Print Machine Operator                         790    1351     894    1096    1003     665
Machine Operator, Other                       5064    4871    4019    3600    3210    2844
Fabricators                                   2432    3138    3541    3307    3143    2730
Production Inspectors                         1670    2270    2050    2015    1945    1909
Motor Vehicle Operator                        4106    4607    4930    4934    5000    4113
Non Motor Vehicle Operator                    2480    2720    3286    2504    2372    2591
Freight, Stock, Material Handler              3222    3230    3397    3310    2849    2879
 
 
Values for phi(i,t)
 
                                              1960    1970    1980    1990    2000    2010
------------------------------------------------------------------------------------------
Home                                         1.273   1.614   1.684   1.611   1.448   1.800
Executives, Administrative, and Managerial   1.431   1.627   1.962   1.800   1.898   1.948
Management Related                           1.911   1.928   2.210   2.108   2.100   2.230
Architects                                   2.900   3.421   3.064   2.398   2.561   2.642
Engineers                                    2.178   2.302   2.388   2.279   2.313   2.415
Math and Computer Science                    2.448   2.188   2.420   2.260   1.982   1.991
Natural Science                              2.489   2.590   3.046   2.676   3.042   3.096
Doctors                                      3.907   4.084   4.060   4.147   4.136   4.155
Health Assessment                            2.587   2.833   3.193   2.405   2.336   2.644
Therapists                                   2.956   2.616   2.255   2.236   2.500   2.912
Professors                                   5.850   5.679   5.545   5.670   4.922   5.314
Teachers          Non-Postsecondary          2.937   3.245   3.156   2.613   2.646   2.835
Librarians  and Curators                     3.247   3.328   3.400   3.232   3.168   3.631
Social Scientists and Urban Planners         3.057   2.987   3.442   2.974   3.004   2.728
Social Work                                  3.025   2.857   2.876   2.514   2.432   2.493
Lawyers       and Judges                     3.986   4.174   4.300   4.211   4.175   4.180
Arts and Athletes                            2.023   1.922   2.235   2.034   2.097   2.259
Health Technicians                           1.426   1.918   2.125   1.824   1.761   1.775
Engineering Technicians                      1.369   1.446   1.636   1.640   1.588   1.713
Science Technicians                          1.408   1.812   1.815   1.708   1.669   1.798
Technicians, Other                           1.531   1.834   2.213   1.968   2.172   2.213
Sales, all                                   1.470   1.537   1.765   1.651   1.673   1.743
Secretaries                                  1.402   1.495   1.898   1.771   1.828   2.006
Info. Clerks                                 1.310   1.497   1.976   1.794   1.758   1.771
Records Processing, Non-Financial            2.077   2.029   1.701   1.752   1.732   1.943
Financial Records Processing                 1.430   1.478   1.832   1.700   1.695   1.761
Office Machine Operator                      1.296   1.304   1.484   1.399   1.397   1.738
Computer/Communications Equip. Operator      1.143   1.341   1.643   1.627   1.671   1.695
Mail Distribution                            1.239   1.299   1.491   1.453   1.444   1.515
Scheduling and Distributing Clerks           1.023   1.209   1.428   1.391   1.382   1.491
Adjusters and Investigators                  1.746   1.736   2.009   1.829   1.725   1.746
Misc. Admin Support                          1.360   1.446   1.855   1.782   1.802   1.884
Private Household Occupations                0.929   0.982   1.144   1.213   1.249   1.214
Firefighting                                 1.094   1.209   1.453   1.469   1.477   1.584
Police                                       1.166   1.288   1.621   1.527   1.588   1.644
Guards                                       1.043   1.258   1.504   1.476   1.463   1.597
Food Prep    and Service                     0.930   1.079   1.401   1.390   1.377   1.496
Health Service                               1.011   1.401   1.752   1.630   1.607   1.677
Cleaning and Building Service                0.875   1.001   1.233   1.261   1.242   1.330
Personal Service                             1.010   1.015   1.641   1.553   1.698   1.784
Farm Managers                                0.992   1.173   1.439   1.349   1.399   1.417
Farm Work                                    0.660   0.861   1.006   1.047   0.974   0.929
Related Agriculture                          0.867   0.979   1.263   1.217   1.176   1.173
Forest, Logging, Fishers and Hunter          0.790   1.035   1.240   1.177   1.163   1.248
Mechanics                                    0.929   1.034   1.202   1.257   1.256   1.316
Elec. Repairer                               1.126   1.199   1.344   1.385   1.361   1.412
Misc. Repairer                               0.985   1.035   1.267   1.301   1.285   1.335
Construction Trade                           0.970   1.062   1.271   1.239   1.193   1.209
Extractive                                   0.872   0.972   1.138   1.176   1.183   1.221
Supervisor(P)                                1.113   1.215   1.433   1.353   1.360   1.394
Precision Metal                              0.992   1.127   1.243   1.274   1.277   1.305
Precision Wood                               0.922   1.012   1.307   1.252   1.230   1.248
Precision, Textile                           0.809   0.880   1.049   1.151   1.157   1.192
Precision, Other                             0.992   1.189   1.316   1.285   1.465   1.565
Precision, Food                              0.938   1.030   1.164   1.200   1.135   1.165
Plant Operator                               1.478   1.171   1.401   1.384   1.334   1.460
Metal and Plastic Machine Operator           0.860   1.030   1.142   1.173   1.175   1.168
Metal and Plastic Processing Operator        0.893   0.925   1.116   1.197   1.217   1.279
Woodworking Machine Operator                 0.766   0.851   1.124   1.154   1.179   1.196
Textile Machine Operator                     1.072   1.156   1.316   1.293   1.286   1.321
Print Machine Operator                       0.817   0.896   0.996   1.124   1.094   1.121
Machine Operator, Other                      0.879   0.989   1.155   1.205   1.194   1.237
Fabricators                                  0.897   1.015   1.145   1.200   1.208   1.220
Production Inspectors                        1.034   1.205   1.309   1.356   1.397   1.446
Motor Vehicle Operator                       0.880   1.006   1.187   1.233   1.234   1.301
Non Motor Vehicle Operator                   0.946   1.014   1.207   1.216   1.209   1.271
Freight, Stock, Material Handler             0.845   1.019   1.183   1.239   1.227   1.311
 
 
Values for s(i,t)
 
                                              1960    1970    1980    1990    2000    2010
------------------------------------------------------------------------------------------
Home                                         0.496   0.555   0.565   0.555   0.528   0.582
Executives, Administrative, and Managerial   0.525   0.557   0.602   0.582   0.595   0.601
Management Related                           0.596   0.598   0.631   0.620   0.619   0.633
Architects                                   0.691   0.725   0.703   0.649   0.664   0.671
Engineers                                    0.627   0.640   0.648   0.638   0.641   0.651
Math and Computer Science                    0.654   0.628   0.652   0.636   0.605   0.606
Natural Science                              0.658   0.667   0.702   0.674   0.701   0.705
Doctors                                      0.751   0.759   0.758   0.762   0.762   0.762
Health Assessment                            0.667   0.686   0.712   0.650   0.643   0.671
Therapists                                   0.695   0.669   0.635   0.633   0.659   0.692
Professors                                   0.819   0.814   0.811   0.814   0.792   0.804
Teachers          Non-Postsecondary          0.694   0.715   0.709   0.669   0.672   0.687
Librarians  and Curators                     0.715   0.720   0.724   0.714   0.710   0.737
Social Scientists and Urban Planners         0.703   0.698   0.727   0.697   0.699   0.678
Social Work                                  0.700   0.688   0.690   0.660   0.653   0.658
Lawyers       and Judges                     0.755   0.763   0.769   0.765   0.763   0.764
Arts and Athletes                            0.610   0.598   0.633   0.611   0.618   0.636
Health Technicians                           0.524   0.597   0.621   0.585   0.576   0.578
Engineering Technicians                      0.514   0.528   0.558   0.559   0.551   0.570
Science Technicians                          0.521   0.583   0.584   0.569   0.563   0.581
Technicians, Other                           0.542   0.586   0.631   0.603   0.627   0.631
Sales, all                                   0.532   0.543   0.577   0.561   0.564   0.574
Secretaries                                  0.520   0.536   0.594   0.578   0.585   0.608
Info. Clerks                                 0.503   0.536   0.604   0.581   0.576   0.578
Records Processing, Non-Financial            0.616   0.611   0.568   0.575   0.572   0.600
Financial Records Processing                 0.525   0.533   0.586   0.568   0.567   0.576
Office Machine Operator                      0.500   0.502   0.534   0.519   0.519   0.573
Computer/Communications Equip. Operator      0.469   0.509   0.559   0.557   0.563   0.567
Mail Distribution                            0.489   0.501   0.535   0.529   0.527   0.539
Scheduling and Distributing Clerks           0.441   0.483   0.525   0.518   0.516   0.535
Adjusters and Investigators                  0.574   0.573   0.608   0.586   0.571   0.574
Misc. Admin Support                          0.512   0.528   0.589   0.579   0.582   0.593
Private Household Occupations                0.418   0.431   0.469   0.484   0.491   0.484
Firefighting                                 0.458   0.483   0.529   0.532   0.533   0.550
Police                                       0.474   0.499   0.556   0.541   0.551   0.560
Guards                                       0.446   0.493   0.537   0.533   0.531   0.552
Food Prep    and Service                     0.418   0.455   0.520   0.518   0.515   0.536
Health Service                               0.439   0.520   0.575   0.557   0.554   0.564
Cleaning and Building Service                0.403   0.436   0.488   0.493   0.490   0.507
Personal Service                             0.438   0.439   0.559   0.545   0.567   0.579
Farm Managers                                0.434   0.475   0.526   0.510   0.519   0.523
Farm Work                                    0.338   0.399   0.437   0.447   0.429   0.418
Related Agriculture                          0.401   0.431   0.494   0.485   0.476   0.475
Forest, Logging, Fishers and Hunter          0.379   0.444   0.489   0.476   0.473   0.491
Mechanics                                    0.418   0.444   0.482   0.493   0.493   0.504
Elec. Repairer                               0.465   0.481   0.509   0.517   0.513   0.522
Misc. Repairer                               0.432   0.444   0.495   0.501   0.498   0.508
Construction Trade                           0.428   0.451   0.495   0.489   0.480   0.483
Extractive                                   0.402   0.429   0.468   0.476   0.477   0.485
Supervisor(P)                                0.462   0.484   0.525   0.511   0.512   0.519
Precision Metal                              0.434   0.465   0.490   0.496   0.497   0.502
Precision Wood                               0.416   0.439   0.502   0.492   0.487   0.491
Precision, Textile                           0.385   0.405   0.448   0.471   0.472   0.479
Precision, Other                             0.434   0.479   0.504   0.498   0.531   0.547
Precision, Food                              0.420   0.443   0.473   0.481   0.467   0.474
Plant Operator                               0.533   0.475   0.520   0.517   0.508   0.530
Metal and Plastic Machine Operator           0.399   0.443   0.469   0.475   0.476   0.474
Metal and Plastic Processing Operator        0.408   0.417   0.463   0.480   0.485   0.497
Woodworking Machine Operator                 0.372   0.397   0.465   0.471   0.477   0.480
Textile Machine Operator                     0.453   0.472   0.504   0.500   0.498   0.505
Print Machine Operator                       0.387   0.409   0.435   0.465   0.458   0.464
Machine Operator, Other                      0.405   0.433   0.472   0.482   0.480   0.489
Fabricators                                  0.409   0.440   0.469   0.481   0.483   0.485
Production Inspectors                        0.444   0.482   0.503   0.512   0.519   0.528
Motor Vehicle Operator                       0.405   0.437   0.478   0.488   0.488   0.501
Non Motor Vehicle Operator                   0.422   0.439   0.483   0.484   0.483   0.495
Freight, Stock, Material Handler             0.395   0.440   0.478   0.489   0.487   0.503
 
 
Values for ZWM(i,t)
 
                                              1960    1970    1980    1990    2000    2010
------------------------------------------------------------------------------------------
Home                                         1.000   1.000   1.000   1.000   1.000   1.000
Executives, Administrative, and Managerial   0.915   0.846   0.854   0.760   0.856   0.756
Management Related                           1.090   0.935   0.951   0.860   0.962   0.804
Architects                                   1.282   1.266   1.216   0.929   1.132   0.944
Engineers                                    1.030   0.950   0.889   0.792   0.936   0.753
Math and Computer Science                    1.149   0.943   0.908   0.799   0.916   0.783
Natural Science                              1.226   1.125   1.207   1.059   1.412   1.101
Doctors                                      1.614   1.247   1.097   1.020   1.203   0.990
Health Assessment                            1.251   1.163   1.214   0.864   0.986   0.808
Therapists                                   1.633   1.271   1.106   0.953   1.133   0.981
Professors                                   2.346   2.017   2.063   2.102   2.327   2.093
Teachers          Non-Postsecondary          1.613   1.457   1.434   1.224   1.444   1.188
Librarians  and Curators                     1.771   1.511   1.586   1.490   1.722   1.598
Social Scientists and Urban Planners         1.373   1.139   1.229   1.064   1.268   0.941
Social Work                                  2.044   1.581   1.520   1.316   1.468   1.223
Lawyers       and Judges                     1.498   1.257   1.251   0.999   1.193   0.896
Arts and Athletes                            1.142   0.977   1.133   0.982   1.141   0.989
Health Technicians                           1.088   1.063   1.112   0.960   1.071   0.876
Engineering Technicians                      0.941   0.873   0.873   0.825   0.989   0.825
Science Technicians                          0.986   1.018   0.927   0.863   1.018   0.856
Technicians, Other                           1.011   0.897   0.988   0.856   0.903   0.745
Sales, all                                   0.989   0.864   0.879   0.799   0.924   0.860
Secretaries                                  1.050   0.959   1.072   1.055   1.139   1.067
Info. Clerks                                 1.004   0.932   1.048   1.014   1.225   1.099
Records Processing, Non-Financial            1.186   0.990   0.998   0.998   1.229   1.098
Financial Records Processing                 1.112   0.952   0.995   0.984   1.138   0.968
Office Machine Operator                      1.008   0.993   1.021   0.993   0.983   1.112
Computer/Communications Equip. Operator      0.871   0.866   0.856   0.868   1.043   0.939
Mail Distribution                            0.980   0.922   0.807   0.787   1.011   0.865
Scheduling and Distributing Clerks           0.967   0.888   0.878   0.878   1.064   1.005
Adjusters and Investigators                  1.151   0.959   1.007   0.945   1.080   0.986
Misc. Admin Support                          1.040   0.925   1.025   0.978   1.191   1.053
Private Household Occupations                0.939   0.928   1.037   1.065   1.305   1.196
Firefighting                                 0.923   0.796   0.797   0.717   0.846   0.681
Police                                       0.963   0.827   0.844   0.763   0.917   0.737
Guards                                       0.960   0.928   0.962   0.956   1.136   0.986
Food Prep    and Service                     1.068   0.982   1.152   1.124   1.293   1.240
Health Service                               1.238   1.181   1.188   1.087   1.321   1.153
Cleaning and Building Service                1.080   0.931   0.948   0.955   1.112   1.018
Personal Service                             1.025   0.876   1.075   1.046   1.219   1.124
Farm Managers                                1.366   1.048   1.033   0.994   1.122   0.845
Farm Work                                    1.353   1.143   0.989   0.994   1.127   0.938
Related Agriculture                          0.977   0.918   1.005   0.964   1.103   1.023
Forest, Logging, Fishers and Hunter          1.102   0.975   0.890   0.876   1.034   0.864
Mechanics                                    0.928   0.813   0.791   0.795   0.921   0.799
Elec. Repairer                               0.899   0.819   0.745   0.786   0.933   0.809
Misc. Repairer                               0.900   0.790   0.770   0.799   0.948   0.800
Construction Trade                           0.856   0.784   0.785   0.790   0.928   0.819
Extractive                                   0.837   0.804   0.676   0.710   0.846   0.625
Supervisor(P)                                0.826   0.767   0.750   0.718   0.865   0.743
Precision Metal                              0.829   0.773   0.744   0.746   0.886   0.785
Precision Wood                               0.932   0.875   0.999   0.882   1.037   0.952
Precision, Textile                           0.919   0.865   0.919   0.936   1.004   1.009
Precision, Other                             0.861   0.808   0.864   0.826   1.104   0.961
Precision, Food                              0.913   0.827   0.769   0.852   1.046   0.972
Plant Operator                               0.906   0.782   0.759   0.708   0.858   0.692
Metal and Plastic Machine Operator           0.811   0.804   0.753   0.806   0.963   0.836
Metal and Plastic Processing Operator        0.897   0.769   0.772   0.792   0.933   0.866
Woodworking Machine Operator                 0.992   0.910   0.908   0.941   0.975   0.856
Textile Machine Operator                     0.851   0.788   0.811   0.794   0.941   0.897
Print Machine Operator                       1.010   0.911   0.916   0.908   1.067   0.991
Machine Operator, Other                      0.901   0.827   0.776   0.802   0.956   0.862
Fabricators                                  0.869   0.825   0.779   0.821   0.962   0.844
Production Inspectors                        0.903   0.861   0.784   0.795   0.966   0.819
Motor Vehicle Operator                       0.898   0.820   0.777   0.811   0.954   0.880
Non Motor Vehicle Operator                   0.820   0.775   0.708   0.734   0.863   0.699
Freight, Stock, Material Handler             0.971   0.909   0.853   0.915   1.079   1.015
 
 
WageBarHomeY(g,t):
 
               1960    1970    1980    1990    2000    2010
-----------------------------------------------------------
White Men     29602   35068   30147   29637   36650   33905
White Women    8946   12163   12391   14944   22906   22717
Black Men     18432   24463   17291   16297   22053   21658
Black Women    9677   14170   13630   14769   23084   23966
 
 
 
>>> Calling GetTExperience: Loop = 2
 
 
===========================================================
GetTExperience.m:
Fixing tauhat_y missing values --> tauhat_y_cleaned (just for robustness cases)
 -- Use first non-missing value
 
===========================================================
 
*********************
White Women
*********************
 
tauhat_y_cleaned Firefighting     NaN  1.0000  1.0000  1.0000  1.0000  1.0000
tauhat_y_cleaned Firefighting  1.0000  1.0000  1.0000  1.0000  1.0000  1.0000
tauhat_y_cleaned Forest     NaN  1.0000  1.0000  1.0000  1.0000  1.0000
tauhat_y_cleaned Forest  1.0000  1.0000  1.0000  1.0000  1.0000  1.0000
 
*********************
Black Men
*********************
 
tauhat_y_cleaned Architects     NaN  2.2799  2.6102  1.9263  2.1000  2.0045
tauhat_y_cleaned Architects  2.2799  2.2799  2.6102  1.9263  2.1000  2.0045
tauhat_y_cleaned Librarians     NaN  1.3797  1.1215  1.2106  1.9407  1.2910
tauhat_y_cleaned Librarians  1.3797  1.3797  1.1215  1.2106  1.9407  1.2910
 
*********************
Black Women
*********************
 
tauhat_y_cleaned Architects     NaN     NaN  3.9488  5.5941  4.4311  2.6552
tauhat_y_cleaned Architects  3.9488  3.9488  3.9488  5.5941  4.4311  2.6552
tauhat_y_cleaned Engineers     NaN     NaN  6.1696  4.1964  3.1462  3.3659
tauhat_y_cleaned Engineers  6.1696  6.1696  6.1696  4.1964  3.1462  3.3659
tauhat_y_cleaned Math/CompSci     NaN  5.3587  2.3153  2.0193  2.0870  2.0344
tauhat_y_cleaned Math/CompSci  5.3587  5.3587  2.3153  2.0193  2.0870  2.0344
tauhat_y_cleaned Science     NaN  4.5455  3.7423  2.3938  2.3053  1.7136
tauhat_y_cleaned Science  4.5455  4.5455  3.7423  2.3938  2.3053  1.7136
tauhat_y_cleaned Eng.Techs     NaN  7.7593  3.3460  3.5182  2.6515  2.6637
tauhat_y_cleaned Eng.Techs  7.7593  7.7593  3.3460  3.5182  2.6515  2.6637
tauhat_y_cleaned OtherTechs     NaN  4.2359  2.2468  2.0088  2.1291  2.3726
tauhat_y_cleaned OtherTechs  4.2359  4.2359  2.2468  2.0088  2.1291  2.3726
tauhat_y_cleaned Firefighting     NaN     NaN  1.2102  1.3510  1.1229  2.3463
tauhat_y_cleaned Firefighting  1.2102  1.2102  1.2102  1.3510  1.1229  2.3463
tauhat_y_cleaned Police     NaN  0.9233  0.7591  0.5961  0.6556  0.7416
tauhat_y_cleaned Police  0.9233  0.9233  0.7591  0.5961  0.6556  0.7416
tauhat_y_cleaned FarmMgrs  2.8841  1.5614  3.5680  4.0482     NaN  2.6173
tauhat_y_cleaned FarmMgrs  2.8841  1.5614  3.5680  4.0482  3.3327  2.6173
tauhat_y_cleaned Agriculture     NaN  1.9349  1.6094  1.8235  1.6445  1.7652
tauhat_y_cleaned Agriculture  1.9349  1.9349  1.6094  1.8235  1.6445  1.7652
tauhat_y_cleaned Forest     NaN  0.2109  1.2177  1.3407  0.7937     NaN
tauhat_y_cleaned Forest  0.2109  0.2109  1.2177  1.3407  0.7937  0.7937
tauhat_y_cleaned Mechanics     NaN  2.2529  0.9329  0.9959  1.0595  1.0639
tauhat_y_cleaned Mechanics  2.2529  2.2529  0.9329  0.9959  1.0595  1.0639
tauhat_y_cleaned Elec.Repairer     NaN 23.9694  3.9558  3.4702  3.2065  4.6834
tauhat_y_cleaned Elec.Repairer 23.9694 23.9694  3.9558  3.4702  3.2065  4.6834
tauhat_y_cleaned Extractive     NaN  0.7677  1.5987  0.8675     NaN  1.1108
tauhat_y_cleaned Extractive  0.7677  0.7677  1.5987  0.8675  0.9891  1.1108
tauhat_y_cleaned MetalWork     NaN  1.3635  0.8593  0.9075  0.7892  0.9611
tauhat_y_cleaned MetalWork  1.3635  1.3635  0.8593  0.9075  0.7892  0.9611
tauhat_y_cleaned WoodWork     NaN  0.7634  1.2512  1.2614  1.2302  1.4852
tauhat_y_cleaned WoodWork  0.7634  0.7634  1.2512  1.2614  1.2302  1.4852
tauhat_y_cleaned PlantOperator     NaN     NaN  0.9318  1.5220  2.1115  1.5978
tauhat_y_cleaned PlantOperator  0.9318  0.9318  0.9318  1.5220  2.1115  1.5978
tauhat_y_cleaned MetalMach.     NaN  0.8173  0.8492  1.1139  1.0436  1.3026
tauhat_y_cleaned MetalMach.  0.8173  0.8173  0.8492  1.1139  1.0436  1.3026
tauhat_y_cleaned MetalProc.     NaN  1.8563  0.9484  1.0460  0.8581  0.7315
tauhat_y_cleaned MetalProc.  1.8563  1.8563  0.9484  1.0460  0.8581  0.7315
tauhat_y_cleaned WoodMach.     NaN  2.0180  0.8670  1.1921  0.8775  0.7561
tauhat_y_cleaned WoodMach.  2.0180  2.0180  0.8670  1.1921  0.8775  0.7561
tauhat_y_cleaned TextileMach.     NaN  0.9384  1.3194  1.3424  1.1143  0.9437
tauhat_y_cleaned TextileMach.  0.9384  0.9384  1.3194  1.3424  1.1143  0.9437
 
GetTExperience.m:
                     TigYMO for               --- 1960 ---      and    --- 1990 ---
Home                                         1.00   1.35   1.79        1.00   1.44   1.75
Executives, Administrative, and Managerial   1.00   1.35   1.79        1.00   1.44   1.75
Management Related                           1.00   1.35   1.79        1.00   1.44   1.75
Architects                                   1.00   1.35   1.79        1.00   1.44   1.75
Engineers                                    1.00   1.35   1.79        1.00   1.44   1.75
Math and Computer Science                    1.00   1.35   1.79        1.00   1.44   1.75
Natural Science                              1.00   1.35   1.79        1.00   1.44   1.75
Doctors                                      1.00   1.35   1.79        1.00   1.44   1.75
Health Assessment                            1.00   1.35   1.79        1.00   1.44   1.75
Therapists                                   1.00   1.35   1.79        1.00   1.44   1.75
Professors                                   1.00   1.35   1.79        1.00   1.44   1.75
Teachers          Non-Postsecondary          1.00   1.35   1.79        1.00   1.44   1.75
Librarians  and Curators                     1.00   1.35   1.79        1.00   1.44   1.75
Social Scientists and Urban Planners         1.00   1.35   1.79        1.00   1.44   1.75
Social Work                                  1.00   1.35   1.79        1.00   1.44   1.75
Lawyers       and Judges                     1.00   1.35   1.79        1.00   1.44   1.75
Arts and Athletes                            1.00   1.35   1.79        1.00   1.44   1.75
Health Technicians                           1.00   1.35   1.79        1.00   1.44   1.75
Engineering Technicians                      1.00   1.35   1.79        1.00   1.44   1.75
Science Technicians                          1.00   1.35   1.79        1.00   1.44   1.75
Technicians, Other                           1.00   1.35   1.79        1.00   1.44   1.75
Sales, all                                   1.00   1.35   1.79        1.00   1.44   1.75
Secretaries                                  1.00   1.35   1.79        1.00   1.44   1.75
Info. Clerks                                 1.00   1.35   1.79        1.00   1.44   1.75
Records Processing, Non-Financial            1.00   1.35   1.79        1.00   1.44   1.75
Financial Records Processing                 1.00   1.35   1.79        1.00   1.44   1.75
Office Machine Operator                      1.00   1.35   1.79        1.00   1.44   1.75
Computer/Communications Equip. Operator      1.00   1.35   1.79        1.00   1.44   1.75
Mail Distribution                            1.00   1.35   1.79        1.00   1.44   1.75
Scheduling and Distributing Clerks           1.00   1.35   1.79        1.00   1.44   1.75
Adjusters and Investigators                  1.00   1.35   1.79        1.00   1.44   1.75
Misc. Admin Support                          1.00   1.35   1.79        1.00   1.44   1.75
Private Household Occupations                1.00   1.35   1.79        1.00   1.44   1.75
Firefighting                                 1.00   1.35   1.79        1.00   1.44   1.75
Police                                       1.00   1.35   1.79        1.00   1.44   1.75
Guards                                       1.00   1.35   1.79        1.00   1.44   1.75
Food Prep    and Service                     1.00   1.35   1.79        1.00   1.44   1.75
Health Service                               1.00   1.35   1.79        1.00   1.44   1.75
Cleaning and Building Service                1.00   1.35   1.79        1.00   1.44   1.75
Personal Service                             1.00   1.35   1.79        1.00   1.44   1.75
Farm Managers                                1.00   1.35   1.79        1.00   1.44   1.75
Farm Work                                    1.00   1.35   1.79        1.00   1.44   1.75
Related Agriculture                          1.00   1.35   1.79        1.00   1.44   1.75
Forest, Logging, Fishers and Hunter          1.00   1.35   1.79        1.00   1.44   1.75
Mechanics                                    1.00   1.35   1.79        1.00   1.44   1.75
Elec. Repairer                               1.00   1.35   1.79        1.00   1.44   1.75
Misc. Repairer                               1.00   1.35   1.79        1.00   1.44   1.75
Construction Trade                           1.00   1.35   1.79        1.00   1.44   1.75
Extractive                                   1.00   1.35   1.79        1.00   1.44   1.75
Supervisor(P)                                1.00   1.35   1.79        1.00   1.44   1.75
Precision Metal                              1.00   1.35   1.79        1.00   1.44   1.75
Precision Wood                               1.00   1.35   1.79        1.00   1.44   1.75
Precision, Textile                           1.00   1.35   1.79        1.00   1.44   1.75
Precision, Other                             1.00   1.35   1.79        1.00   1.44   1.75
Precision, Food                              1.00   1.35   1.79        1.00   1.44   1.75
Plant Operator                               1.00   1.35   1.79        1.00   1.44   1.75
Metal and Plastic Machine Operator           1.00   1.35   1.79        1.00   1.44   1.75
Metal and Plastic Processing Operator        1.00   1.35   1.79        1.00   1.44   1.75
Woodworking Machine Operator                 1.00   1.35   1.79        1.00   1.44   1.75
Textile Machine Operator                     1.00   1.35   1.79        1.00   1.44   1.75
Print Machine Operator                       1.00   1.35   1.79        1.00   1.44   1.75
Machine Operator, Other                      1.00   1.35   1.79        1.00   1.44   1.75
Fabricators                                  1.00   1.35   1.79        1.00   1.44   1.75
Production Inspectors                        1.00   1.35   1.79        1.00   1.44   1.75
Motor Vehicle Operator                       1.00   1.35   1.79        1.00   1.44   1.75
Non Motor Vehicle Operator                   1.00   1.35   1.79        1.00   1.44   1.75
Freight, Stock, Material Handler             1.00   1.35   1.79        1.00   1.44   1.75
 
Values for occupation 8:
ans =

   1.0000   1.3467   1.7886
   1.0000   1.4978   1.7561
   1.0000   1.3468   1.6184
   1.0000   1.4408   1.7450
   1.0000   1.4717        0
   1.0000   1.0000   1.0000

 
Tbar and TbarHat by Group and Years for Doctors
ans =

   4.1354   4.2540   3.9652   4.1858   4.2543   4.2543
   4.1354   4.2540   3.9652   4.1858   4.2543   4.2543
   4.1354   4.2540   3.9652   4.1858   4.2543   4.2543
   4.1354   4.2540   3.9652   4.1858   4.2543   4.2543

ans =

   1   1   1   1   1   1
   1   1   1   1   1   1
   1   1   1   1   1   1
   1   1   1   1   1   1

 
Tbar and TbarHat by Group and Years for Secretaries
ans =

   4.1354   4.2540   3.9652   4.1858   4.2543   4.2543
   4.1354   4.2540   3.9652   4.1858   4.2543   4.2543
   4.1354   4.2540   3.9652   4.1858   4.2543   4.2543
   4.1354   4.2540   3.9652   4.1858   4.2543   4.2543

ans =

   1   1   1   1   1   1
   1   1   1   1   1   1
   1   1   1   1   1   1
   1   1   1   1   1   1

 
Tbar and TbarHat by Group and Years for Farm
ans =

   4.1354   4.2540   3.9652   4.1858   4.2543   4.2543
   1.1092   0.9643   1.2928   1.5112   1.8442   1.7273
   4.1354   4.2540   3.9652   4.1858   4.2543   4.2543
   1.1092   0.9643   1.2928   1.5112   1.8442   1.7273

ans =

   1.0000   1.0000   1.0000   1.0000   1.0000   1.0000
   0.2682   0.2267   0.3260   0.3610   0.4335   0.4060
   1.0000   1.0000   1.0000   1.0000   1.0000   1.0000
   0.2682   0.2267   0.3260   0.3610   0.4335   0.4060

 
 
-------------------------------------------------------------
Estimating w and Z from YWM:   1960
-------------------------------------------------------------
 
                                                 s     phi         w     zWM
----------------------------------------------------------------------------
Home                                         0.496   1.273    6018.9   1.000
Executives, Administrative, and Managerial   0.525   1.431    7096.5   0.915
Management Related                           0.596   1.911    4797.3   1.090
Architects                                   0.691   2.900     933.2   1.282
Engineers                                    0.627   2.178    5693.5   1.030
Math and Computer Science                    0.654   2.448     931.4   1.149
Natural Science                              0.658   2.489    2398.5   1.226
Doctors                                      0.751   3.907    3131.0   1.614
Health Assessment                            0.667   2.587    1524.0   1.251
Therapists                                   0.695   2.956     514.8   1.633
Professors                                   0.819   5.850    1928.4   2.346
Teachers          Non-Postsecondary          0.694   2.937    3453.2   1.613
Librarians  and Curators                     0.715   3.247     334.9   1.771
Social Scientists and Urban Planners         0.703   3.057    1168.2   1.373
Social Work                                  0.700   3.025    1633.1   2.044
Lawyers       and Judges                     0.755   3.986    2801.7   1.498
Arts and Athletes                            0.610   2.023    3016.2   1.142
Health Technicians                           0.524   1.426     879.4   1.088
Engineering Technicians                      0.514   1.369    2891.9   0.941
Science Technicians                          0.521   1.408    1846.5   0.986
Technicians, Other                           0.542   1.531    1368.3   1.011
Sales, all                                   0.532   1.470    6559.9   0.989
Secretaries                                  0.520   1.402     918.4   1.050
Info. Clerks                                 0.503   1.310     826.2   1.004
Records Processing, Non-Financial            0.616   2.077    1290.6   1.186
Financial Records Processing                 0.525   1.430    1393.3   1.112
Office Machine Operator                      0.500   1.296    1148.2   1.008
Computer/Communications Equip. Operator      0.469   1.143     607.8   0.871
Mail Distribution                            0.489   1.239    1773.7   0.980
Scheduling and Distributing Clerks           0.441   1.023    2122.1   0.967
Adjusters and Investigators                  0.574   1.746    1291.7   1.151
Misc. Admin Support                          0.512   1.360    3626.5   1.040
Private Household Occupations                0.418   0.929     542.4   0.939
Firefighting                                 0.458   1.094    1375.6   0.923
Police                                       0.474   1.166    2017.9   0.963
Guards                                       0.446   1.043     929.4   0.960
Food Prep    and Service                     0.418   0.930    1250.1   1.068
Health Service                               0.439   1.011     531.6   1.238
Cleaning and Building Service                0.403   0.875     765.1   1.080
Personal Service                             0.438   1.010    1386.0   1.025
Farm Managers                                0.434   0.992    2009.4   1.366
Farm Work                                    0.338   0.660    1004.6   1.353
Related Agriculture                          0.401   0.867     652.2   0.977
Forest, Logging, Fishers and Hunter          0.379   0.790     613.0   1.102
Mechanics                                    0.418   0.929    2687.8   0.928
Elec. Repairer                               0.465   1.126    2854.4   0.899
Misc. Repairer                               0.432   0.985    3303.9   0.900
Construction Trade                           0.428   0.970    4466.4   0.856
Extractive                                   0.402   0.872    1625.7   0.837
Supervisor(P)                                0.462   1.113    3428.3   0.826
Precision Metal                              0.434   0.992    3115.5   0.829
Precision Wood                               0.416   0.922     623.9   0.932
Precision, Textile                           0.385   0.809     710.8   0.919
Precision, Other                             0.434   0.992    1184.7   0.861
Precision, Food                              0.420   0.938    1372.7   0.913
Plant Operator                               0.533   1.478    2205.8   0.906
Metal and Plastic Machine Operator           0.399   0.860    1356.7   0.811
Metal and Plastic Processing Operator        0.408   0.893     642.7   0.897
Woodworking Machine Operator                 0.372   0.766     537.2   0.992
Textile Machine Operator                     0.453   1.072    1870.8   0.851
Print Machine Operator                       0.387   0.817     790.1   1.010
Machine Operator, Other                      0.405   0.879    5064.0   0.901
Fabricators                                  0.409   0.897    2431.8   0.869
Production Inspectors                        0.444   1.034    1670.4   0.903
Motor Vehicle Operator                       0.405   0.880    4105.5   0.898
Non Motor Vehicle Operator                   0.422   0.946    2479.5   0.820
Freight, Stock, Material Handler             0.395   0.845    3221.7   0.971

  MWM = 204344488.814
 
 
-------------------------------------------------------------
Estimating w and Z from YWM:   1970
-------------------------------------------------------------
 
                                                 s     phi         w     zWM
----------------------------------------------------------------------------
Home                                         0.555   1.614    7889.5   1.000
Executives, Administrative, and Managerial   0.557   1.627   10008.1   0.846
Management Related                           0.598   1.928    4808.0   0.935
Architects                                   0.725   3.421    1372.6   1.266
Engineers                                    0.640   2.302    6682.8   0.950
Math and Computer Science                    0.628   2.188    2867.8   0.943
Natural Science                              0.667   2.590    2802.3   1.125
Doctors                                      0.759   4.084    4457.5   1.247
Health Assessment                            0.686   2.833    1846.6   1.163
Therapists                                   0.669   2.616     856.1   1.271
Professors                                   0.814   5.679    3629.6   2.017
Teachers          Non-Postsecondary          0.715   3.245    5173.5   1.457
Librarians  and Curators                     0.720   3.328     676.4   1.511
Social Scientists and Urban Planners         0.698   2.987    2170.2   1.139
Social Work                                  0.688   2.857    2084.0   1.581
Lawyers       and Judges                     0.763   4.174    4224.2   1.257
Arts and Athletes                            0.598   1.922    3330.4   0.977
Health Technicians                           0.597   1.918    1253.2   1.063
Engineering Technicians                      0.528   1.446    3920.1   0.873
Science Technicians                          0.583   1.812    1253.7   1.018
Technicians, Other                           0.586   1.834    3291.6   0.897
Sales, all                                   0.543   1.537    7700.0   0.864
Secretaries                                  0.536   1.495    1125.1   0.959
Info. Clerks                                 0.536   1.497    1271.3   0.932
Records Processing, Non-Financial            0.611   2.029    2481.7   0.990
Financial Records Processing                 0.533   1.478    2019.0   0.952
Office Machine Operator                      0.502   1.304     663.3   0.993
Computer/Communications Equip. Operator      0.509   1.341    1508.0   0.866
Mail Distribution                            0.501   1.299    1738.8   0.922
Scheduling and Distributing Clerks           0.483   1.209    2938.0   0.888
Adjusters and Investigators                  0.573   1.736    2402.4   0.959
Misc. Admin Support                          0.528   1.446    2898.3   0.925
Private Household Occupations                0.431   0.982     676.5   0.928
Firefighting                                 0.483   1.209    1881.8   0.796
Police                                       0.499   1.288    2965.5   0.827
Guards                                       0.493   1.258    1139.9   0.928
Food Prep    and Service                     0.455   1.079    1508.9   0.982
Health Service                               0.520   1.401     680.1   1.181
Cleaning and Building Service                0.436   1.001    1579.7   0.931
Personal Service                             0.439   1.015    1928.2   0.876
Farm Managers                                0.475   1.173    2251.2   1.048
Farm Work                                    0.399   0.861    1138.1   1.143
Related Agriculture                          0.431   0.979    1039.2   0.918
Forest, Logging, Fishers and Hunter          0.444   1.035     767.6   0.975
Mechanics                                    0.444   1.034    4277.6   0.813
Elec. Repairer                               0.481   1.199    3374.2   0.819
Misc. Repairer                               0.444   1.035    3420.1   0.790
Construction Trade                           0.451   1.062    6021.3   0.784
Extractive                                   0.429   0.972    1248.7   0.804
Supervisor(P)                                0.484   1.215    4536.7   0.767
Precision Metal                              0.465   1.127    3284.2   0.773
Precision Wood                               0.439   1.012     717.5   0.875
Precision, Textile                           0.405   0.880     811.9   0.865
Precision, Other                             0.479   1.189     951.7   0.808
Precision, Food                              0.443   1.030    1730.6   0.827
Plant Operator                               0.475   1.171    1277.3   0.782
Metal and Plastic Machine Operator           0.443   1.030    2679.7   0.804
Metal and Plastic Processing Operator        0.417   0.925     946.6   0.769
Woodworking Machine Operator                 0.397   0.851     614.2   0.910
Textile Machine Operator                     0.472   1.156    2152.6   0.788
Print Machine Operator                       0.409   0.896    1351.4   0.911
Machine Operator, Other                      0.433   0.989    4870.3   0.827
Fabricators                                  0.440   1.015    3137.8   0.825
Production Inspectors                        0.482   1.205    2269.5   0.861
Motor Vehicle Operator                       0.437   1.006    4606.3   0.820
Non Motor Vehicle Operator                   0.439   1.014    2720.2   0.775
Freight, Stock, Material Handler             0.440   1.019    3229.3   0.909

  MWM = 210868473.135
 
 
-------------------------------------------------------------
Estimating w and Z from YWM:   1980
-------------------------------------------------------------
 
                                                 s     phi         w     zWM
----------------------------------------------------------------------------
Home                                         0.565   1.684    6837.1   1.000
Executives, Administrative, and Managerial   0.602   1.962    9432.1   0.854
Management Related                           0.631   2.210    6144.9   0.951
Architects                                   0.703   3.064    1508.5   1.216
Engineers                                    0.648   2.388    5791.6   0.889
Math and Computer Science                    0.652   2.420    2791.8   0.908
Natural Science                              0.702   3.046    2433.0   1.207
Doctors                                      0.758   4.060    4950.8   1.097
Health Assessment                            0.712   3.193    2079.7   1.214
Therapists                                   0.635   2.255    1257.9   1.106
Professors                                   0.811   5.545    2280.5   2.063
Teachers          Non-Postsecondary          0.709   3.156    4382.8   1.434
Librarians  and Curators                     0.724   3.400     677.6   1.586
Social Scientists and Urban Planners         0.727   3.442    2067.8   1.229
Social Work                                  0.690   2.876    2035.9   1.520
Lawyers       and Judges                     0.769   4.300    4711.6   1.251
Arts and Athletes                            0.633   2.235    3031.0   1.133
Health Technicians                           0.621   2.125    1480.8   1.112
Engineering Technicians                      0.558   1.636    3379.8   0.873
Science Technicians                          0.584   1.815    1328.8   0.927
Technicians, Other                           0.631   2.213    3584.2   0.988
Sales, all                                   0.577   1.765    7993.5   0.879
Secretaries                                  0.594   1.898     734.7   1.072
Info. Clerks                                 0.604   1.976    1102.2   1.048
Records Processing, Non-Financial            0.568   1.701    1272.3   0.998
Financial Records Processing                 0.586   1.832    1531.3   0.995
Office Machine Operator                      0.534   1.484     312.3   1.021
Computer/Communications Equip. Operator      0.559   1.643    1960.7   0.856
Mail Distribution                            0.535   1.491    2184.2   0.807
Scheduling and Distributing Clerks           0.525   1.428    3062.2   0.878
Adjusters and Investigators                  0.608   2.009    1700.0   1.007
Misc. Admin Support                          0.589   1.855    2097.6   1.025
Private Household Occupations                0.469   1.144     522.4   1.037
Firefighting                                 0.529   1.453    1881.1   0.797
Police                                       0.556   1.621    3210.9   0.844
Guards                                       0.537   1.504    1467.3   0.962
Food Prep    and Service                     0.520   1.401    1696.3   1.152
Health Service                               0.575   1.752     998.4   1.188
Cleaning and Building Service                0.488   1.233    2143.4   0.948
Personal Service                             0.559   1.641    1327.0   1.075
Farm Managers                                0.526   1.439    2190.9   1.033
Farm Work                                    0.437   1.006    1281.0   0.989
Related Agriculture                          0.494   1.263    1166.1   1.005
Forest, Logging, Fishers and Hunter          0.489   1.240    1030.0   0.890
Mechanics                                    0.482   1.202    4403.7   0.791
Elec. Repairer                               0.509   1.344    3247.9   0.745
Misc. Repairer                               0.495   1.267    2763.8   0.770
Construction Trade                           0.495   1.271    6872.2   0.785
Extractive                                   0.468   1.138    1735.9   0.676
Supervisor(P)                                0.525   1.433    4465.7   0.750
Precision Metal                              0.490   1.243    3022.0   0.744
Precision Wood                               0.502   1.307     696.3   0.999
Precision, Textile                           0.448   1.049     561.2   0.919
Precision, Other                             0.504   1.316    1148.1   0.864
Precision, Food                              0.473   1.164    1525.8   0.769
Plant Operator                               0.520   1.401    1649.1   0.759
Metal and Plastic Machine Operator           0.469   1.142    2208.8   0.753
Metal and Plastic Processing Operator        0.463   1.116    1070.6   0.772
Woodworking Machine Operator                 0.465   1.124     747.0   0.908
Textile Machine Operator                     0.504   1.316    1616.5   0.811
Print Machine Operator                       0.435   0.996     894.1   0.916
Machine Operator, Other                      0.472   1.155    4019.4   0.776
Fabricators                                  0.469   1.145    3541.2   0.779
Production Inspectors                        0.503   1.309    2049.8   0.784
Motor Vehicle Operator                       0.478   1.187    4930.1   0.777
Non Motor Vehicle Operator                   0.483   1.207    3285.7   0.708
Freight, Stock, Material Handler             0.478   1.183    3396.7   0.853

  MWM = 133346319.492
 
 
-------------------------------------------------------------
Estimating w and Z from YWM:   1990
-------------------------------------------------------------
 
                                                 s     phi         w     zWM
----------------------------------------------------------------------------
Home                                         0.555   1.611    6912.9   1.000
Executives, Administrative, and Managerial   0.582   1.800    9758.4   0.760
Management Related                           0.620   2.108    6404.0   0.860
Architects                                   0.649   2.398    1657.4   0.929
Engineers                                    0.638   2.279    6923.7   0.792
Math and Computer Science                    0.636   2.260    4056.5   0.799
Natural Science                              0.674   2.676    2374.2   1.059
Doctors                                      0.762   4.147    5213.5   1.020
Health Assessment                            0.650   2.405    2204.1   0.864
Therapists                                   0.633   2.236    1305.2   0.953
Professors                                   0.814   5.670    1895.3   2.102
Teachers          Non-Postsecondary          0.669   2.613    3103.5   1.224
Librarians  and Curators                     0.714   3.232     593.0   1.490
Social Scientists and Urban Planners         0.697   2.974    1843.5   1.064
Social Work                                  0.660   2.514    1771.8   1.316
Lawyers       and Judges                     0.765   4.211    5533.1   0.999
Arts and Athletes                            0.611   2.034    3549.4   0.982
Health Technicians                           0.585   1.824    1743.9   0.960
Engineering Technicians                      0.559   1.640    3654.0   0.825
Science Technicians                          0.569   1.708    1317.3   0.863
Technicians, Other                           0.603   1.968    4620.9   0.856
Sales, all                                   0.561   1.651    9472.5   0.799
Secretaries                                  0.578   1.771     704.7   1.055
Info. Clerks                                 0.581   1.794    1166.7   1.014
Records Processing, Non-Financial            0.575   1.752    1052.6   0.998
Financial Records Processing                 0.568   1.700    1297.3   0.984
Office Machine Operator                      0.519   1.399     358.9   0.993
Computer/Communications Equip. Operator      0.557   1.627    1864.6   0.868
Mail Distribution                            0.529   1.453    2171.5   0.787
Scheduling and Distributing Clerks           0.518   1.391    3070.1   0.878
Adjusters and Investigators                  0.586   1.829    1923.6   0.945
Misc. Admin Support                          0.579   1.782    2145.4   0.978
Private Household Occupations                0.484   1.213     517.5   1.065
Firefighting                                 0.532   1.469    2082.5   0.717
Police                                       0.541   1.527    3418.9   0.763
Guards                                       0.533   1.476    1676.4   0.956
Food Prep    and Service                     0.518   1.390    2256.9   1.124
Health Service                               0.557   1.630    1102.8   1.087
Cleaning and Building Service                0.493   1.261    2358.0   0.955
Personal Service                             0.545   1.553    1247.2   1.046
Farm Managers                                0.510   1.349    1882.9   0.994
Farm Work                                    0.447   1.047    1184.1   0.994
Related Agriculture                          0.485   1.217    1708.9   0.964
Forest, Logging, Fishers and Hunter          0.476   1.177     991.2   0.876
Mechanics                                    0.493   1.257    4690.0   0.795
Elec. Repairer                               0.517   1.385    2819.3   0.786
Misc. Repairer                               0.501   1.301    2774.8   0.799
Construction Trade                           0.489   1.239    7302.5   0.790
Extractive                                   0.476   1.176    1272.6   0.710
Supervisor(P)                                0.511   1.353    3565.0   0.718
Precision Metal                              0.496   1.274    3092.5   0.746
Precision Wood                               0.492   1.252     792.8   0.882
Precision, Textile                           0.471   1.151     609.5   0.936
Precision, Other                             0.498   1.285    1251.2   0.826
Precision, Food                              0.481   1.200    1346.6   0.852
Plant Operator                               0.517   1.384    2009.3   0.708
Metal and Plastic Machine Operator           0.475   1.173    1422.0   0.806
Metal and Plastic Processing Operator        0.480   1.197     949.1   0.792
Woodworking Machine Operator                 0.471   1.154     761.4   0.941
Textile Machine Operator                     0.500   1.293    1920.9   0.794
Print Machine Operator                       0.465   1.124    1096.5   0.908
Machine Operator, Other                      0.482   1.205    3600.2   0.802
Fabricators                                  0.481   1.200    3306.7   0.821
Production Inspectors                        0.512   1.356    2015.1   0.795
Motor Vehicle Operator                       0.488   1.233    4934.3   0.811
Non Motor Vehicle Operator                   0.484   1.216    2503.9   0.734
Freight, Stock, Material Handler             0.489   1.239    3309.7   0.915

  MWM = 151894019.069
 
 
-------------------------------------------------------------
Estimating w and Z from YWM:   2000
-------------------------------------------------------------
 
                                                 s     phi         w     zWM
----------------------------------------------------------------------------
Home                                         0.528   1.448    9727.9   1.000
Executives, Administrative, and Managerial   0.595   1.898   11216.1   0.856
Management Related                           0.619   2.100    7794.9   0.962
Architects                                   0.664   2.561    1754.5   1.132
Engineers                                    0.641   2.313    6457.9   0.936
Math and Computer Science                    0.605   1.982    5864.6   0.916
Natural Science                              0.701   3.042    2608.6   1.412
Doctors                                      0.762   4.136    4827.3   1.203
Health Assessment                            0.643   2.336    2535.3   0.986
Therapists                                   0.659   2.500    1910.8   1.133
Professors                                   0.792   4.922    2270.4   2.327
Teachers          Non-Postsecondary          0.672   2.646    4037.0   1.444
Librarians  and Curators                     0.710   3.168     576.0   1.722
Social Scientists and Urban Planners         0.699   3.004    1684.1   1.268
Social Work                                  0.653   2.432    1968.5   1.468
Lawyers       and Judges                     0.763   4.175    5436.5   1.193
Arts and Athletes                            0.618   2.097    4179.7   1.141
Health Technicians                           0.576   1.761    2124.0   1.071
Engineering Technicians                      0.551   1.588    2786.9   0.989
Science Technicians                          0.563   1.669    1017.0   1.018
Technicians, Other                           0.627   2.172    6446.0   0.903
Sales, all                                   0.564   1.673    9810.2   0.924
Secretaries                                  0.585   1.828    1160.8   1.139
Info. Clerks                                 0.576   1.758    1194.8   1.225
Records Processing, Non-Financial            0.572   1.732     953.0   1.229
Financial Records Processing                 0.567   1.695    1329.5   1.138
Office Machine Operator                      0.519   1.397     612.0   0.983
Computer/Communications Equip. Operator      0.563   1.671    1181.4   1.043
Mail Distribution                            0.527   1.444    1562.0   1.011
Scheduling and Distributing Clerks           0.516   1.382    3189.3   1.064
Adjusters and Investigators                  0.571   1.725    3047.2   1.080
Misc. Admin Support                          0.582   1.802    1867.1   1.191
Private Household Occupations                0.491   1.249     435.8   1.305
Firefighting                                 0.533   1.477    2330.8   0.846
Police                                       0.551   1.588    4479.9   0.917
Guards                                       0.531   1.463    1600.6   1.136
Food Prep    and Service                     0.515   1.377    2784.4   1.293
Health Service                               0.554   1.607    1071.5   1.321
Cleaning and Building Service                0.490   1.242    2038.1   1.112
Personal Service                             0.567   1.698    1804.7   1.219
Farm Managers                                0.519   1.399    1473.8   1.122
Farm Work                                    0.429   0.974    1106.0   1.127
Related Agriculture                          0.476   1.176    2051.8   1.103
Forest, Logging, Fishers and Hunter          0.473   1.163     993.4   1.034
Mechanics                                    0.493   1.256    4797.3   0.921
Elec. Repairer                               0.513   1.361    3295.4   0.933
Misc. Repairer                               0.498   1.285    2495.7   0.948
Construction Trade                           0.480   1.193    7294.0   0.928
Extractive                                   0.477   1.183     954.4   0.846
Supervisor(P)                                0.512   1.360    3252.9   0.865
Precision Metal                              0.497   1.277    2353.4   0.886
Precision Wood                               0.487   1.230     766.1   1.037
Precision, Textile                           0.472   1.157     542.6   1.004
Precision, Other                             0.531   1.465    1060.2   1.104
Precision, Food                              0.467   1.135    1130.6   1.046
Plant Operator                               0.508   1.334    1409.8   0.858
Metal and Plastic Machine Operator           0.476   1.175    1171.2   0.963
Metal and Plastic Processing Operator        0.485   1.217     917.3   0.933
Woodworking Machine Operator                 0.477   1.179    1829.2   0.975
Textile Machine Operator                     0.498   1.286    1530.1   0.941
Print Machine Operator                       0.458   1.094    1003.4   1.067
Machine Operator, Other                      0.480   1.194    3210.0   0.956
Fabricators                                  0.483   1.208    3143.4   0.962
Production Inspectors                        0.519   1.397    1944.8   0.966
Motor Vehicle Operator                       0.488   1.234    4999.8   0.954
Non Motor Vehicle Operator                   0.483   1.209    2371.8   0.863
Freight, Stock, Material Handler             0.487   1.227    2848.6   1.079

  MWM = 265955047.026
 
 
-------------------------------------------------------------
Estimating w and Z from YWM:   2010
-------------------------------------------------------------
 
                                                 s     phi         w     zWM
----------------------------------------------------------------------------
Home                                         0.582   1.800    9716.9   1.000
Executives, Administrative, and Managerial   0.601   1.948   10572.8   0.756
Management Related                           0.633   2.230    8212.1   0.804
Architects                                   0.671   2.642    1519.2   0.944
Engineers                                    0.651   2.415    6603.6   0.753
Math and Computer Science                    0.606   1.991    5885.1   0.783
Natural Science                              0.705   3.096    2829.4   1.101
Doctors                                      0.762   4.155    4678.0   0.990
Health Assessment                            0.671   2.644    3243.4   0.808
Therapists                                   0.692   2.912    2216.8   0.981
Professors                                   0.804   5.314    2592.1   2.093
Teachers          Non-Postsecondary          0.687   2.835    4934.6   1.188
Librarians  and Curators                     0.737   3.631     551.3   1.598
Social Scientists and Urban Planners         0.678   2.728    2185.4   0.941
Social Work                                  0.658   2.493    2239.6   1.223
Lawyers       and Judges                     0.764   4.180    6027.2   0.896
Arts and Athletes                            0.636   2.259    4282.7   0.989
Health Technicians                           0.578   1.775    2439.4   0.876
Engineering Technicians                      0.570   1.713    2709.1   0.825
Science Technicians                          0.581   1.798    1094.8   0.856
Technicians, Other                           0.631   2.213    6331.6   0.745
Sales, all                                   0.574   1.743    8795.3   0.860
Secretaries                                  0.608   2.006    1253.9   1.067
Info. Clerks                                 0.578   1.771    1283.5   1.099
Records Processing, Non-Financial            0.600   1.943    1086.8   1.098
Financial Records Processing                 0.576   1.761    1410.6   0.968
Office Machine Operator                      0.573   1.738     324.5   1.112
Computer/Communications Equip. Operator      0.567   1.695     805.2   0.939
Mail Distribution                            0.539   1.515    1475.4   0.865
Scheduling and Distributing Clerks           0.535   1.491    3012.1   1.005
Adjusters and Investigators                  0.574   1.746    3081.2   0.986
Misc. Admin Support                          0.593   1.884    2011.5   1.053
Private Household Occupations                0.484   1.214     434.6   1.196
Firefighting                                 0.550   1.584    2783.5   0.681
Police                                       0.560   1.644    4590.3   0.737
Guards                                       0.552   1.597    2086.9   0.986
Food Prep    and Service                     0.536   1.496    3334.2   1.240
Health Service                               0.564   1.677    1453.0   1.153
Cleaning and Building Service                0.507   1.330    2118.8   1.018
Personal Service                             0.579   1.784    1918.4   1.124
Farm Managers                                0.523   1.417    1661.5   0.845
Farm Work                                    0.418   0.929    1424.9   0.938
Related Agriculture                          0.475   1.173    2213.9   1.023
Forest, Logging, Fishers and Hunter          0.491   1.248     892.3   0.864
Mechanics                                    0.504   1.316    4255.8   0.799
Elec. Repairer                               0.522   1.412    3156.0   0.809
Misc. Repairer                               0.508   1.335    2490.4   0.800
Construction Trade                           0.483   1.209    6763.7   0.819
Extractive                                   0.485   1.221    2053.6   0.625
Supervisor(P)                                0.519   1.394    2316.1   0.743
Precision Metal                              0.502   1.305    1573.7   0.785
Precision Wood                               0.491   1.248     517.8   0.952
Precision, Textile                           0.479   1.192     330.8   1.009
Precision, Other                             0.547   1.565    1209.2   0.961
Precision, Food                              0.474   1.165    1068.7   0.972
Plant Operator                               0.530   1.460    1614.6   0.692
Metal and Plastic Machine Operator           0.474   1.168     884.7   0.836
Metal and Plastic Processing Operator        0.497   1.279     501.2   0.866
Woodworking Machine Operator                 0.480   1.196    1349.5   0.856
Textile Machine Operator                     0.505   1.321     932.9   0.897
Print Machine Operator                       0.464   1.121     664.7   0.991
Machine Operator, Other                      0.489   1.237    2843.9   0.862
Fabricators                                  0.485   1.220    2730.4   0.844
Production Inspectors                        0.528   1.446    1909.2   0.819
Motor Vehicle Operator                       0.501   1.301    4113.0   0.880
Non Motor Vehicle Operator                   0.495   1.271    2590.7   0.699
Freight, Stock, Material Handler             0.503   1.311    2879.2   1.015

  MWM = 169182150.754
 
 
=============================================================================
 Summary of Results for w, phi, s, Z from Young WM... (solveWMfor_w_phi.m)
=============================================================================
 
Values for w(i,t) --- wage per unit of human capital
 
                                              1960    1970    1980    1990    2000    2010
------------------------------------------------------------------------------------------
Home                                          6019    7889    6837    6913    9728    9717
Executives, Administrative, and Managerial    7097   10008    9432    9758   11216   10573
Management Related                            4797    4808    6145    6404    7795    8212
Architects                                     933    1373    1508    1657    1755    1519
Engineers                                     5693    6683    5792    6924    6458    6604
Math and Computer Science                      931    2868    2792    4056    5865    5885
Natural Science                               2399    2802    2433    2374    2609    2829
Doctors                                       3131    4457    4951    5213    4827    4678
Health Assessment                             1524    1847    2080    2204    2535    3243
Therapists                                     515     856    1258    1305    1911    2217
Professors                                    1928    3630    2280    1895    2270    2592
Teachers          Non-Postsecondary           3453    5174    4383    3103    4037    4935
Librarians  and Curators                       335     676     678     593     576     551
Social Scientists and Urban Planners          1168    2170    2068    1843    1684    2185
Social Work                                   1633    2084    2036    1772    1969    2240
Lawyers       and Judges                      2802    4224    4712    5533    5436    6027
Arts and Athletes                             3016    3330    3031    3549    4180    4283
Health Technicians                             879    1253    1481    1744    2124    2439
Engineering Technicians                       2892    3920    3380    3654    2787    2709
Science Technicians                           1846    1254    1329    1317    1017    1095
Technicians, Other                            1368    3292    3584    4621    6446    6332
Sales, all                                    6560    7700    7993    9473    9810    8795
Secretaries                                    918    1125     735     705    1161    1254
Info. Clerks                                   826    1271    1102    1167    1195    1284
Records Processing, Non-Financial             1291    2482    1272    1053     953    1087
Financial Records Processing                  1393    2019    1531    1297    1329    1411
Office Machine Operator                       1148     663     312     359     612     325
Computer/Communications Equip. Operator        608    1508    1961    1865    1181     805
Mail Distribution                             1774    1739    2184    2172    1562    1475
Scheduling and Distributing Clerks            2122    2938    3062    3070    3189    3012
Adjusters and Investigators                   1292    2402    1700    1924    3047    3081
Misc. Admin Support                           3627    2898    2098    2145    1867    2012
Private Household Occupations                  542     677     522     518     436     435
Firefighting                                  1376    1882    1881    2083    2331    2783
Police                                        2018    2966    3211    3419    4480    4590
Guards                                         929    1140    1467    1676    1601    2087
Food Prep    and Service                      1250    1509    1696    2257    2784    3334
Health Service                                 532     680     998    1103    1071    1453
Cleaning and Building Service                  765    1580    2143    2358    2038    2119
Personal Service                              1386    1928    1327    1247    1805    1918
Farm Managers                                 2009    2251    2191    1883    1474    1662
Farm Work                                     1005    1138    1281    1184    1106    1425
Related Agriculture                            652    1039    1166    1709    2052    2214
Forest, Logging, Fishers and Hunter            613     768    1030     991     993     892
Mechanics                                     2688    4278    4404    4690    4797    4256
Elec. Repairer                                2854    3374    3248    2819    3295    3156
Misc. Repairer                                3304    3420    2764    2775    2496    2490
Construction Trade                            4466    6021    6872    7302    7294    6764
Extractive                                    1626    1249    1736    1273     954    2054
Supervisor(P)                                 3428    4537    4466    3565    3253    2316
Precision Metal                               3116    3284    3022    3092    2353    1574
Precision Wood                                 624     718     696     793     766     518
Precision, Textile                             711     812     561     609     543     331
Precision, Other                              1185     952    1148    1251    1060    1209
Precision, Food                               1373    1731    1526    1347    1131    1069
Plant Operator                                2206    1277    1649    2009    1410    1615
Metal and Plastic Machine Operator            1357    2680    2209    1422    1171     885
Metal and Plastic Processing Operator          643     947    1071     949     917     501
Woodworking Machine Operator                   537     614     747     761    1829    1349
Textile Machine Operator                      1871    2153    1617    1921    1530     933
Print Machine Operator                         790    1351     894    1096    1003     665
Machine Operator, Other                       5064    4870    4019    3600    3210    2844
Fabricators                                   2432    3138    3541    3307    3143    2730
Production Inspectors                         1670    2270    2050    2015    1945    1909
Motor Vehicle Operator                        4105    4606    4930    4934    5000    4113
Non Motor Vehicle Operator                    2479    2720    3286    2504    2372    2591
Freight, Stock, Material Handler              3222    3229    3397    3310    2849    2879
 
 
Values for phi(i,t)
 
                                              1960    1970    1980    1990    2000    2010
------------------------------------------------------------------------------------------
Home                                         1.273   1.614   1.684   1.611   1.448   1.800
Executives, Administrative, and Managerial   1.431   1.627   1.962   1.800   1.898   1.948
Management Related                           1.911   1.928   2.210   2.108   2.100   2.230
Architects                                   2.900   3.421   3.064   2.398   2.561   2.642
Engineers                                    2.178   2.302   2.388   2.279   2.313   2.415
Math and Computer Science                    2.448   2.188   2.420   2.260   1.982   1.991
Natural Science                              2.489   2.590   3.046   2.676   3.042   3.096
Doctors                                      3.907   4.084   4.060   4.147   4.136   4.155
Health Assessment                            2.587   2.833   3.193   2.405   2.336   2.644
Therapists                                   2.956   2.616   2.255   2.236   2.500   2.912
Professors                                   5.850   5.679   5.545   5.670   4.922   5.314
Teachers          Non-Postsecondary          2.937   3.245   3.156   2.613   2.646   2.835
Librarians  and Curators                     3.247   3.328   3.400   3.232   3.168   3.631
Social Scientists and Urban Planners         3.057   2.987   3.442   2.974   3.004   2.728
Social Work                                  3.025   2.857   2.876   2.514   2.432   2.493
Lawyers       and Judges                     3.986   4.174   4.300   4.211   4.175   4.180
Arts and Athletes                            2.023   1.922   2.235   2.034   2.097   2.259
Health Technicians                           1.426   1.918   2.125   1.824   1.761   1.775
Engineering Technicians                      1.369   1.446   1.636   1.640   1.588   1.713
Science Technicians                          1.408   1.812   1.815   1.708   1.669   1.798
Technicians, Other                           1.531   1.834   2.213   1.968   2.172   2.213
Sales, all                                   1.470   1.537   1.765   1.651   1.673   1.743
Secretaries                                  1.402   1.495   1.898   1.771   1.828   2.006
Info. Clerks                                 1.310   1.497   1.976   1.794   1.758   1.771
Records Processing, Non-Financial            2.077   2.029   1.701   1.752   1.732   1.943
Financial Records Processing                 1.430   1.478   1.832   1.700   1.695   1.761
Office Machine Operator                      1.296   1.304   1.484   1.399   1.397   1.738
Computer/Communications Equip. Operator      1.143   1.341   1.643   1.627   1.671   1.695
Mail Distribution                            1.239   1.299   1.491   1.453   1.444   1.515
Scheduling and Distributing Clerks           1.023   1.209   1.428   1.391   1.382   1.491
Adjusters and Investigators                  1.746   1.736   2.009   1.829   1.725   1.746
Misc. Admin Support                          1.360   1.446   1.855   1.782   1.802   1.884
Private Household Occupations                0.929   0.982   1.144   1.213   1.249   1.214
Firefighting                                 1.094   1.209   1.453   1.469   1.477   1.584
Police                                       1.166   1.288   1.621   1.527   1.588   1.644
Guards                                       1.043   1.258   1.504   1.476   1.463   1.597
Food Prep    and Service                     0.930   1.079   1.401   1.390   1.377   1.496
Health Service                               1.011   1.401   1.752   1.630   1.607   1.677
Cleaning and Building Service                0.875   1.001   1.233   1.261   1.242   1.330
Personal Service                             1.010   1.015   1.641   1.553   1.698   1.784
Farm Managers                                0.992   1.173   1.439   1.349   1.399   1.417
Farm Work                                    0.660   0.861   1.006   1.047   0.974   0.929
Related Agriculture                          0.867   0.979   1.263   1.217   1.176   1.173
Forest, Logging, Fishers and Hunter          0.790   1.035   1.240   1.177   1.163   1.248
Mechanics                                    0.929   1.034   1.202   1.257   1.256   1.316
Elec. Repairer                               1.126   1.199   1.344   1.385   1.361   1.412
Misc. Repairer                               0.985   1.035   1.267   1.301   1.285   1.335
Construction Trade                           0.970   1.062   1.271   1.239   1.193   1.209
Extractive                                   0.872   0.972   1.138   1.176   1.183   1.221
Supervisor(P)                                1.113   1.215   1.433   1.353   1.360   1.394
Precision Metal                              0.992   1.127   1.243   1.274   1.277   1.305
Precision Wood                               0.922   1.012   1.307   1.252   1.230   1.248
Precision, Textile                           0.809   0.880   1.049   1.151   1.157   1.192
Precision, Other                             0.992   1.189   1.316   1.285   1.465   1.565
Precision, Food                              0.938   1.030   1.164   1.200   1.135   1.165
Plant Operator                               1.478   1.171   1.401   1.384   1.334   1.460
Metal and Plastic Machine Operator           0.860   1.030   1.142   1.173   1.175   1.168
Metal and Plastic Processing Operator        0.893   0.925   1.116   1.197   1.217   1.279
Woodworking Machine Operator                 0.766   0.851   1.124   1.154   1.179   1.196
Textile Machine Operator                     1.072   1.156   1.316   1.293   1.286   1.321
Print Machine Operator                       0.817   0.896   0.996   1.124   1.094   1.121
Machine Operator, Other                      0.879   0.989   1.155   1.205   1.194   1.237
Fabricators                                  0.897   1.015   1.145   1.200   1.208   1.220
Production Inspectors                        1.034   1.205   1.309   1.356   1.397   1.446
Motor Vehicle Operator                       0.880   1.006   1.187   1.233   1.234   1.301
Non Motor Vehicle Operator                   0.946   1.014   1.207   1.216   1.209   1.271
Freight, Stock, Material Handler             0.845   1.019   1.183   1.239   1.227   1.311
 
 
Values for s(i,t)
 
                                              1960    1970    1980    1990    2000    2010
------------------------------------------------------------------------------------------
Home                                         0.496   0.555   0.565   0.555   0.528   0.582
Executives, Administrative, and Managerial   0.525   0.557   0.602   0.582   0.595   0.601
Management Related                           0.596   0.598   0.631   0.620   0.619   0.633
Architects                                   0.691   0.725   0.703   0.649   0.664   0.671
Engineers                                    0.627   0.640   0.648   0.638   0.641   0.651
Math and Computer Science                    0.654   0.628   0.652   0.636   0.605   0.606
Natural Science                              0.658   0.667   0.702   0.674   0.701   0.705
Doctors                                      0.751   0.759   0.758   0.762   0.762   0.762
Health Assessment                            0.667   0.686   0.712   0.650   0.643   0.671
Therapists                                   0.695   0.669   0.635   0.633   0.659   0.692
Professors                                   0.819   0.814   0.811   0.814   0.792   0.804
Teachers          Non-Postsecondary          0.694   0.715   0.709   0.669   0.672   0.687
Librarians  and Curators                     0.715   0.720   0.724   0.714   0.710   0.737
Social Scientists and Urban Planners         0.703   0.698   0.727   0.697   0.699   0.678
Social Work                                  0.700   0.688   0.690   0.660   0.653   0.658
Lawyers       and Judges                     0.755   0.763   0.769   0.765   0.763   0.764
Arts and Athletes                            0.610   0.598   0.633   0.611   0.618   0.636
Health Technicians                           0.524   0.597   0.621   0.585   0.576   0.578
Engineering Technicians                      0.514   0.528   0.558   0.559   0.551   0.570
Science Technicians                          0.521   0.583   0.584   0.569   0.563   0.581
Technicians, Other                           0.542   0.586   0.631   0.603   0.627   0.631
Sales, all                                   0.532   0.543   0.577   0.561   0.564   0.574
Secretaries                                  0.520   0.536   0.594   0.578   0.585   0.608
Info. Clerks                                 0.503   0.536   0.604   0.581   0.576   0.578
Records Processing, Non-Financial            0.616   0.611   0.568   0.575   0.572   0.600
Financial Records Processing                 0.525   0.533   0.586   0.568   0.567   0.576
Office Machine Operator                      0.500   0.502   0.534   0.519   0.519   0.573
Computer/Communications Equip. Operator      0.469   0.509   0.559   0.557   0.563   0.567
Mail Distribution                            0.489   0.501   0.535   0.529   0.527   0.539
Scheduling and Distributing Clerks           0.441   0.483   0.525   0.518   0.516   0.535
Adjusters and Investigators                  0.574   0.573   0.608   0.586   0.571   0.574
Misc. Admin Support                          0.512   0.528   0.589   0.579   0.582   0.593
Private Household Occupations                0.418   0.431   0.469   0.484   0.491   0.484
Firefighting                                 0.458   0.483   0.529   0.532   0.533   0.550
Police                                       0.474   0.499   0.556   0.541   0.551   0.560
Guards                                       0.446   0.493   0.537   0.533   0.531   0.552
Food Prep    and Service                     0.418   0.455   0.520   0.518   0.515   0.536
Health Service                               0.439   0.520   0.575   0.557   0.554   0.564
Cleaning and Building Service                0.403   0.436   0.488   0.493   0.490   0.507
Personal Service                             0.438   0.439   0.559   0.545   0.567   0.579
Farm Managers                                0.434   0.475   0.526   0.510   0.519   0.523
Farm Work                                    0.338   0.399   0.437   0.447   0.429   0.418
Related Agriculture                          0.401   0.431   0.494   0.485   0.476   0.475
Forest, Logging, Fishers and Hunter          0.379   0.444   0.489   0.476   0.473   0.491
Mechanics                                    0.418   0.444   0.482   0.493   0.493   0.504
Elec. Repairer                               0.465   0.481   0.509   0.517   0.513   0.522
Misc. Repairer                               0.432   0.444   0.495   0.501   0.498   0.508
Construction Trade                           0.428   0.451   0.495   0.489   0.480   0.483
Extractive                                   0.402   0.429   0.468   0.476   0.477   0.485
Supervisor(P)                                0.462   0.484   0.525   0.511   0.512   0.519
Precision Metal                              0.434   0.465   0.490   0.496   0.497   0.502
Precision Wood                               0.416   0.439   0.502   0.492   0.487   0.491
Precision, Textile                           0.385   0.405   0.448   0.471   0.472   0.479
Precision, Other                             0.434   0.479   0.504   0.498   0.531   0.547
Precision, Food                              0.420   0.443   0.473   0.481   0.467   0.474
Plant Operator                               0.533   0.475   0.520   0.517   0.508   0.530
Metal and Plastic Machine Operator           0.399   0.443   0.469   0.475   0.476   0.474
Metal and Plastic Processing Operator        0.408   0.417   0.463   0.480   0.485   0.497
Woodworking Machine Operator                 0.372   0.397   0.465   0.471   0.477   0.480
Textile Machine Operator                     0.453   0.472   0.504   0.500   0.498   0.505
Print Machine Operator                       0.387   0.409   0.435   0.465   0.458   0.464
Machine Operator, Other                      0.405   0.433   0.472   0.482   0.480   0.489
Fabricators                                  0.409   0.440   0.469   0.481   0.483   0.485
Production Inspectors                        0.444   0.482   0.503   0.512   0.519   0.528
Motor Vehicle Operator                       0.405   0.437   0.478   0.488   0.488   0.501
Non Motor Vehicle Operator                   0.422   0.439   0.483   0.484   0.483   0.495
Freight, Stock, Material Handler             0.395   0.440   0.478   0.489   0.487   0.503
 
 
Values for ZWM(i,t)
 
                                              1960    1970    1980    1990    2000    2010
------------------------------------------------------------------------------------------
Home                                         1.000   1.000   1.000   1.000   1.000   1.000
Executives, Administrative, and Managerial   0.915   0.846   0.854   0.760   0.856   0.756
Management Related                           1.090   0.935   0.951   0.860   0.962   0.804
Architects                                   1.282   1.266   1.216   0.929   1.132   0.944
Engineers                                    1.030   0.950   0.889   0.792   0.936   0.753
Math and Computer Science                    1.149   0.943   0.908   0.799   0.916   0.783
Natural Science                              1.226   1.125   1.207   1.059   1.412   1.101
Doctors                                      1.614   1.247   1.097   1.020   1.203   0.990
Health Assessment                            1.251   1.163   1.214   0.864   0.986   0.808
Therapists                                   1.633   1.271   1.106   0.953   1.133   0.981
Professors                                   2.346   2.017   2.063   2.102   2.327   2.093
Teachers          Non-Postsecondary          1.613   1.457   1.434   1.224   1.444   1.188
Librarians  and Curators                     1.771   1.511   1.586   1.490   1.722   1.598
Social Scientists and Urban Planners         1.373   1.139   1.229   1.064   1.268   0.941
Social Work                                  2.044   1.581   1.520   1.316   1.468   1.223
Lawyers       and Judges                     1.498   1.257   1.251   0.999   1.193   0.896
Arts and Athletes                            1.142   0.977   1.133   0.982   1.141   0.989
Health Technicians                           1.088   1.063   1.112   0.960   1.071   0.876
Engineering Technicians                      0.941   0.873   0.873   0.825   0.989   0.825
Science Technicians                          0.986   1.018   0.927   0.863   1.018   0.856
Technicians, Other                           1.011   0.897   0.988   0.856   0.903   0.745
Sales, all                                   0.989   0.864   0.879   0.799   0.924   0.860
Secretaries                                  1.050   0.959   1.072   1.055   1.139   1.067
Info. Clerks                                 1.004   0.932   1.048   1.014   1.225   1.099
Records Processing, Non-Financial            1.186   0.990   0.998   0.998   1.229   1.098
Financial Records Processing                 1.112   0.952   0.995   0.984   1.138   0.968
Office Machine Operator                      1.008   0.993   1.021   0.993   0.983   1.112
Computer/Communications Equip. Operator      0.871   0.866   0.856   0.868   1.043   0.939
Mail Distribution                            0.980   0.922   0.807   0.787   1.011   0.865
Scheduling and Distributing Clerks           0.967   0.888   0.878   0.878   1.064   1.005
Adjusters and Investigators                  1.151   0.959   1.007   0.945   1.080   0.986
Misc. Admin Support                          1.040   0.925   1.025   0.978   1.191   1.053
Private Household Occupations                0.939   0.928   1.037   1.065   1.305   1.196
Firefighting                                 0.923   0.796   0.797   0.717   0.846   0.681
Police                                       0.963   0.827   0.844   0.763   0.917   0.737
Guards                                       0.960   0.928   0.962   0.956   1.136   0.986
Food Prep    and Service                     1.068   0.982   1.152   1.124   1.293   1.240
Health Service                               1.238   1.181   1.188   1.087   1.321   1.153
Cleaning and Building Service                1.080   0.931   0.948   0.955   1.112   1.018
Personal Service                             1.025   0.876   1.075   1.046   1.219   1.124
Farm Managers                                1.366   1.048   1.033   0.994   1.122   0.845
Farm Work                                    1.353   1.143   0.989   0.994   1.127   0.938
Related Agriculture                          0.977   0.918   1.005   0.964   1.103   1.023
Forest, Logging, Fishers and Hunter          1.102   0.975   0.890   0.876   1.034   0.864
Mechanics                                    0.928   0.813   0.791   0.795   0.921   0.799
Elec. Repairer                               0.899   0.819   0.745   0.786   0.933   0.809
Misc. Repairer                               0.900   0.790   0.770   0.799   0.948   0.800
Construction Trade                           0.856   0.784   0.785   0.790   0.928   0.819
Extractive                                   0.837   0.804   0.676   0.710   0.846   0.625
Supervisor(P)                                0.826   0.767   0.750   0.718   0.865   0.743
Precision Metal                              0.829   0.773   0.744   0.746   0.886   0.785
Precision Wood                               0.932   0.875   0.999   0.882   1.037   0.952
Precision, Textile                           0.919   0.865   0.919   0.936   1.004   1.009
Precision, Other                             0.861   0.808   0.864   0.826   1.104   0.961
Precision, Food                              0.913   0.827   0.769   0.852   1.046   0.972
Plant Operator                               0.906   0.782   0.759   0.708   0.858   0.692
Metal and Plastic Machine Operator           0.811   0.804   0.753   0.806   0.963   0.836
Metal and Plastic Processing Operator        0.897   0.769   0.772   0.792   0.933   0.866
Woodworking Machine Operator                 0.992   0.910   0.908   0.941   0.975   0.856
Textile Machine Operator                     0.851   0.788   0.811   0.794   0.941   0.897
Print Machine Operator                       1.010   0.911   0.916   0.908   1.067   0.991
Machine Operator, Other                      0.901   0.827   0.776   0.802   0.956   0.862
Fabricators                                  0.869   0.825   0.779   0.821   0.962   0.844
Production Inspectors                        0.903   0.861   0.784   0.795   0.966   0.819
Motor Vehicle Operator                       0.898   0.820   0.777   0.811   0.954   0.880
Non Motor Vehicle Operator                   0.820   0.775   0.708   0.734   0.863   0.699
Freight, Stock, Material Handler             0.971   0.909   0.853   0.915   1.079   1.015
 
 
WageBarHomeY(g,t):
 
               1960    1970    1980    1990    2000    2010
-----------------------------------------------------------
White Men     29602   35068   30147   29637   36650   33905
White Women    8946   12163   12391   14944   22906   22717
Black Men     18432   24463   17291   16297   22053   21658
Black Women    9677   14170   13630   14769   23084   23966
 
 
 
>>> Calling GetTExperience: Loop = 3
 
 
===========================================================
GetTExperience.m:
Fixing tauhat_y missing values --> tauhat_y_cleaned (just for robustness cases)
 -- Use first non-missing value
 
===========================================================
 
*********************
White Women
*********************
 
tauhat_y_cleaned Firefighting     NaN  1.0000  1.0000  1.0000  1.0000  1.0000
tauhat_y_cleaned Firefighting  1.0000  1.0000  1.0000  1.0000  1.0000  1.0000
tauhat_y_cleaned Forest     NaN  1.0000  1.0000  1.0000  1.0000  1.0000
tauhat_y_cleaned Forest  1.0000  1.0000  1.0000  1.0000  1.0000  1.0000
 
*********************
Black Men
*********************
 
tauhat_y_cleaned Architects     NaN  2.2799  2.6102  1.9263  2.1000  2.0045
tauhat_y_cleaned Architects  2.2799  2.2799  2.6102  1.9263  2.1000  2.0045
tauhat_y_cleaned Librarians     NaN  1.3797  1.1215  1.2106  1.9407  1.2910
tauhat_y_cleaned Librarians  1.3797  1.3797  1.1215  1.2106  1.9407  1.2910
 
*********************
Black Women
*********************
 
tauhat_y_cleaned Architects     NaN     NaN  3.9488  5.5941  4.4311  2.6552
tauhat_y_cleaned Architects  3.9488  3.9488  3.9488  5.5941  4.4311  2.6552
tauhat_y_cleaned Engineers     NaN     NaN  6.1696  4.1964  3.1462  3.3659
tauhat_y_cleaned Engineers  6.1696  6.1696  6.1696  4.1964  3.1462  3.3659
tauhat_y_cleaned Math/CompSci     NaN  5.3587  2.3153  2.0193  2.0870  2.0344
tauhat_y_cleaned Math/CompSci  5.3587  5.3587  2.3153  2.0193  2.0870  2.0344
tauhat_y_cleaned Science     NaN  4.5455  3.7423  2.3938  2.3053  1.7136
tauhat_y_cleaned Science  4.5455  4.5455  3.7423  2.3938  2.3053  1.7136
tauhat_y_cleaned Eng.Techs     NaN  7.7593  3.3460  3.5182  2.6515  2.6637
tauhat_y_cleaned Eng.Techs  7.7593  7.7593  3.3460  3.5182  2.6515  2.6637
tauhat_y_cleaned OtherTechs     NaN  4.2359  2.2468  2.0088  2.1291  2.3726
tauhat_y_cleaned OtherTechs  4.2359  4.2359  2.2468  2.0088  2.1291  2.3726
tauhat_y_cleaned Firefighting     NaN     NaN  1.2102  1.3510  1.1229  2.3463
tauhat_y_cleaned Firefighting  1.2102  1.2102  1.2102  1.3510  1.1229  2.3463
tauhat_y_cleaned Police     NaN  0.9233  0.7591  0.5961  0.6556  0.7416
tauhat_y_cleaned Police  0.9233  0.9233  0.7591  0.5961  0.6556  0.7416
tauhat_y_cleaned FarmMgrs  2.8841  1.5614  3.5680  4.0482     NaN  2.6173
tauhat_y_cleaned FarmMgrs  2.8841  1.5614  3.5680  4.0482  3.3327  2.6173
tauhat_y_cleaned Agriculture     NaN  1.9349  1.6094  1.8235  1.6445  1.7652
tauhat_y_cleaned Agriculture  1.9349  1.9349  1.6094  1.8235  1.6445  1.7652
tauhat_y_cleaned Forest     NaN  0.2109  1.2177  1.3407  0.7937     NaN
tauhat_y_cleaned Forest  0.2109  0.2109  1.2177  1.3407  0.7937  0.7937
tauhat_y_cleaned Mechanics     NaN  2.2529  0.9329  0.9959  1.0595  1.0639
tauhat_y_cleaned Mechanics  2.2529  2.2529  0.9329  0.9959  1.0595  1.0639
tauhat_y_cleaned Elec.Repairer     NaN 23.9694  3.9558  3.4702  3.2065  4.6834
tauhat_y_cleaned Elec.Repairer 23.9694 23.9694  3.9558  3.4702  3.2065  4.6834
tauhat_y_cleaned Extractive     NaN  0.7677  1.5987  0.8675     NaN  1.1108
tauhat_y_cleaned Extractive  0.7677  0.7677  1.5987  0.8675  0.9891  1.1108
tauhat_y_cleaned MetalWork     NaN  1.3635  0.8593  0.9075  0.7892  0.9611
tauhat_y_cleaned MetalWork  1.3635  1.3635  0.8593  0.9075  0.7892  0.9611
tauhat_y_cleaned WoodWork     NaN  0.7634  1.2512  1.2614  1.2302  1.4852
tauhat_y_cleaned WoodWork  0.7634  0.7634  1.2512  1.2614  1.2302  1.4852
tauhat_y_cleaned PlantOperator     NaN     NaN  0.9318  1.5220  2.1115  1.5978
tauhat_y_cleaned PlantOperator  0.9318  0.9318  0.9318  1.5220  2.1115  1.5978
tauhat_y_cleaned MetalMach.     NaN  0.8173  0.8492  1.1139  1.0436  1.3026
tauhat_y_cleaned MetalMach.  0.8173  0.8173  0.8492  1.1139  1.0436  1.3026
tauhat_y_cleaned MetalProc.     NaN  1.8563  0.9484  1.0460  0.8581  0.7315
tauhat_y_cleaned MetalProc.  1.8563  1.8563  0.9484  1.0460  0.8581  0.7315
tauhat_y_cleaned WoodMach.     NaN  2.0180  0.8670  1.1921  0.8775  0.7561
tauhat_y_cleaned WoodMach.  2.0180  2.0180  0.8670  1.1921  0.8775  0.7561
tauhat_y_cleaned TextileMach.     NaN  0.9384  1.3194  1.3424  1.1143  0.9437
tauhat_y_cleaned TextileMach.  0.9384  0.9384  1.3194  1.3424  1.1143  0.9437
 
GetTExperience.m:
                     TigYMO for               --- 1960 ---      and    --- 1990 ---
Home                                         1.00   1.35   1.79        1.00   1.44   1.75
Executives, Administrative, and Managerial   1.00   1.35   1.79        1.00   1.44   1.75
Management Related                           1.00   1.35   1.79        1.00   1.44   1.75
Architects                                   1.00   1.35   1.79        1.00   1.44   1.75
Engineers                                    1.00   1.35   1.79        1.00   1.44   1.75
Math and Computer Science                    1.00   1.35   1.79        1.00   1.44   1.75
Natural Science                              1.00   1.35   1.79        1.00   1.44   1.75
Doctors                                      1.00   1.35   1.79        1.00   1.44   1.75
Health Assessment                            1.00   1.35   1.79        1.00   1.44   1.75
Therapists                                   1.00   1.35   1.79        1.00   1.44   1.75
Professors                                   1.00   1.35   1.79        1.00   1.44   1.75
Teachers          Non-Postsecondary          1.00   1.35   1.79        1.00   1.44   1.75
Librarians  and Curators                     1.00   1.35   1.79        1.00   1.44   1.75
Social Scientists and Urban Planners         1.00   1.35   1.79        1.00   1.44   1.75
Social Work                                  1.00   1.35   1.79        1.00   1.44   1.75
Lawyers       and Judges                     1.00   1.35   1.79        1.00   1.44   1.75
Arts and Athletes                            1.00   1.35   1.79        1.00   1.44   1.75
Health Technicians                           1.00   1.35   1.79        1.00   1.44   1.75
Engineering Technicians                      1.00   1.35   1.79        1.00   1.44   1.75
Science Technicians                          1.00   1.35   1.79        1.00   1.44   1.75
Technicians, Other                           1.00   1.35   1.79        1.00   1.44   1.75
Sales, all                                   1.00   1.35   1.79        1.00   1.44   1.75
Secretaries                                  1.00   1.35   1.79        1.00   1.44   1.75
Info. Clerks                                 1.00   1.35   1.79        1.00   1.44   1.75
Records Processing, Non-Financial            1.00   1.35   1.79        1.00   1.44   1.75
Financial Records Processing                 1.00   1.35   1.79        1.00   1.44   1.75
Office Machine Operator                      1.00   1.35   1.79        1.00   1.44   1.75
Computer/Communications Equip. Operator      1.00   1.35   1.79        1.00   1.44   1.75
Mail Distribution                            1.00   1.35   1.79        1.00   1.44   1.75
Scheduling and Distributing Clerks           1.00   1.35   1.79        1.00   1.44   1.75
Adjusters and Investigators                  1.00   1.35   1.79        1.00   1.44   1.75
Misc. Admin Support                          1.00   1.35   1.79        1.00   1.44   1.75
Private Household Occupations                1.00   1.35   1.79        1.00   1.44   1.75
Firefighting                                 1.00   1.35   1.79        1.00   1.44   1.75
Police                                       1.00   1.35   1.79        1.00   1.44   1.75
Guards                                       1.00   1.35   1.79        1.00   1.44   1.75
Food Prep    and Service                     1.00   1.35   1.79        1.00   1.44   1.75
Health Service                               1.00   1.35   1.79        1.00   1.44   1.75
Cleaning and Building Service                1.00   1.35   1.79        1.00   1.44   1.75
Personal Service                             1.00   1.35   1.79        1.00   1.44   1.75
Farm Managers                                1.00   1.35   1.79        1.00   1.44   1.75
Farm Work                                    1.00   1.35   1.79        1.00   1.44   1.75
Related Agriculture                          1.00   1.35   1.79        1.00   1.44   1.75
Forest, Logging, Fishers and Hunter          1.00   1.35   1.79        1.00   1.44   1.75
Mechanics                                    1.00   1.35   1.79        1.00   1.44   1.75
Elec. Repairer                               1.00   1.35   1.79        1.00   1.44   1.75
Misc. Repairer                               1.00   1.35   1.79        1.00   1.44   1.75
Construction Trade                           1.00   1.35   1.79        1.00   1.44   1.75
Extractive                                   1.00   1.35   1.79        1.00   1.44   1.75
Supervisor(P)                                1.00   1.35   1.79        1.00   1.44   1.75
Precision Metal                              1.00   1.35   1.79        1.00   1.44   1.75
Precision Wood                               1.00   1.35   1.79        1.00   1.44   1.75
Precision, Textile                           1.00   1.35   1.79        1.00   1.44   1.75
Precision, Other                             1.00   1.35   1.79        1.00   1.44   1.75
Precision, Food                              1.00   1.35   1.79        1.00   1.44   1.75
Plant Operator                               1.00   1.35   1.79        1.00   1.44   1.75
Metal and Plastic Machine Operator           1.00   1.35   1.79        1.00   1.44   1.75
Metal and Plastic Processing Operator        1.00   1.35   1.79        1.00   1.44   1.75
Woodworking Machine Operator                 1.00   1.35   1.79        1.00   1.44   1.75
Textile Machine Operator                     1.00   1.35   1.79        1.00   1.44   1.75
Print Machine Operator                       1.00   1.35   1.79        1.00   1.44   1.75
Machine Operator, Other                      1.00   1.35   1.79        1.00   1.44   1.75
Fabricators                                  1.00   1.35   1.79        1.00   1.44   1.75
Production Inspectors                        1.00   1.35   1.79        1.00   1.44   1.75
Motor Vehicle Operator                       1.00   1.35   1.79        1.00   1.44   1.75
Non Motor Vehicle Operator                   1.00   1.35   1.79        1.00   1.44   1.75
Freight, Stock, Material Handler             1.00   1.35   1.79        1.00   1.44   1.75
 
Values for occupation 8:
ans =

   1.0000   1.3468   1.7886
   1.0000   1.4977   1.7560
   1.0000   1.3468   1.6185
   1.0000   1.4408   1.7451
   1.0000   1.4717        0
   1.0000   1.0000   1.0000

 
Tbar and TbarHat by Group and Years for Doctors
ans =

   4.1354   4.2537   3.9652   4.1859   4.2543   4.2543
   4.1354   4.2537   3.9652   4.1859   4.2543   4.2543
   4.1354   4.2537   3.9652   4.1859   4.2543   4.2543
   4.1354   4.2537   3.9652   4.1859   4.2543   4.2543

ans =

   1   1   1   1   1   1
   1   1   1   1   1   1
   1   1   1   1   1   1
   1   1   1   1   1   1

 
Tbar and TbarHat by Group and Years for Secretaries
ans =

   4.1354   4.2537   3.9652   4.1859   4.2543   4.2543
   4.1354   4.2537   3.9652   4.1859   4.2543   4.2543
   4.1354   4.2537   3.9652   4.1859   4.2543   4.2543
   4.1354   4.2537   3.9652   4.1859   4.2543   4.2543

ans =

   1   1   1   1   1   1
   1   1   1   1   1   1
   1   1   1   1   1   1
   1   1   1   1   1   1

 
Tbar and TbarHat by Group and Years for Farm
ans =

   4.1354   4.2537   3.9652   4.1859   4.2543   4.2543
   1.1092   0.9642   1.2928   1.5112   1.8442   1.7273
   4.1354   4.2537   3.9652   4.1859   4.2543   4.2543
   1.1092   0.9642   1.2928   1.5112   1.8442   1.7273

ans =

   1.0000   1.0000   1.0000   1.0000   1.0000   1.0000
   0.2682   0.2267   0.3260   0.3610   0.4335   0.4060
   1.0000   1.0000   1.0000   1.0000   1.0000   1.0000
   0.2682   0.2267   0.3260   0.3610   0.4335   0.4060

 
Done with iteration to get Tbar convergence. MaxDiff=0.0003  s_counter= 4
 
TauHat for WW -- should be 1 in the right places if IgnoreBrawnyOccupations || NoFrictions2010
 
                   1960    1970    1980    1990    2000    2010
---------------------------------------------------------------
Home                NaN     NaN     NaN     NaN     NaN     NaN
Managers          5.595   3.872   2.334   1.578   1.473   1.352
MgmtRelated       4.349   3.533   1.657   1.131   1.100   1.120
Architects        8.210   4.423   3.565   2.215   1.907   1.435
Engineers        14.572  13.890   5.204   2.960   2.770   2.533
Math/CompSci      3.204   3.578   1.935   1.508   1.735   1.928
Science           5.148   3.961   2.286   1.557   1.354   1.113
Doctors           7.924   4.603   3.911   2.130   1.536   1.114
Nurses            0.816   0.670   0.532   0.413   0.476   0.444
Therapists        1.419   1.138   0.904   0.584   0.596   0.507
Professors        4.095   2.553   1.518   1.315   1.115   1.027
Teachers          1.368   1.152   0.883   0.707   0.658   0.619
Librarians        0.554   0.737   0.620   0.734   0.598   0.498
Soc.Scientists    2.584   2.734   1.628   1.043   0.916   0.809
SocialWork        2.157   1.577   1.152   0.955   0.802   0.758
Lawyers          11.625   5.691   2.750   1.625   1.360   1.234
Arts/Athletes     2.402   2.623   1.573   1.260   1.198   1.194
HealthTechs       1.077   0.885   0.624   0.589   0.712   0.679
Eng.Techs         7.398   6.145   3.241   2.562   2.291   2.090
ScienceTechs      4.254   3.558   2.100   1.686   1.536   1.469
OtherTechs        6.590   3.295   1.946   1.550   1.844   2.122
Sales             4.006   3.526   2.264   1.771   1.602   1.479
Secretaries       0.287   0.267   0.160   0.152   0.276   0.326
Info.Clerks       1.129   1.090   0.692   0.570   0.523   0.546
Records           1.794   1.847   0.775   0.674   0.717   0.691
FinancialClerk    0.789   0.864   0.553   0.430   0.426   0.525
OfficeMachine     1.082   1.740   1.097   1.191   1.132   0.846
ComputerTech      0.522   1.370   1.182   1.070   1.214   1.186
Mail              7.759   3.120   2.213   1.389   1.554   1.836
Clerks            5.233   3.630   1.917   1.459   1.479   1.428
Insurance         7.081   2.848   1.110   0.767   0.803   0.836
Misc.Admin        1.459   1.037   0.674   0.627   0.603   0.625
PrivateHshld      1.513   1.200   0.922   0.702   0.494   0.434
Firefighting        NaN   1.000   1.000   1.000   1.000   1.000
Police            1.000   1.000   1.000   1.000   1.000   1.000
Guards            1.000   1.000   1.000   1.000   1.000   1.000
FoodPrep          1.306   1.310   1.117   1.091   1.203   1.162
HealthService     0.808   0.619   0.595   0.547   0.419   0.441
Cleaning          1.000   1.000   1.000   1.000   1.000   1.000
PersonalService   1.776   1.442   0.788   0.702   0.687   0.658
FarmMgrs          1.000   1.000   1.000   1.000   1.000   1.000
FarmWork          1.000   1.000   1.000   1.000   1.000   1.000
Agriculture       1.000   1.000   1.000   1.000   1.000   1.000
Forest              NaN   1.000   1.000   1.000   1.000   1.000
Mechanics         1.000   1.000   1.000   1.000   1.000   1.000
Elec.Repairer    14.670   9.361   4.355   3.753   4.184   4.796
Misc.Repairer     1.000   1.000   1.000   1.000   1.000   1.000
Construction      1.000   1.000   1.000   1.000   1.000   1.000
Extractive        1.000   1.000   1.000   1.000   1.000   1.000
Supervisor(P)     1.000   1.000   1.000   1.000   1.000   1.000
MetalWork         1.000   1.000   1.000   1.000   1.000   1.000
WoodWork          1.000   1.000   1.000   1.000   1.000   1.000
Textiles          1.000   1.000   1.000   1.000   1.000   1.000
Other             5.674   3.294   2.296   1.774   0.815   0.663
Food              1.000   1.000   1.000   1.000   1.000   1.000
PlantOperator     1.000   1.000   1.000   1.000   1.000   1.000
MetalMach.        1.000   1.000   1.000   1.000   1.000   1.000
MetalProc.        1.000   1.000   1.000   1.000   1.000   1.000
WoodMach.         1.000   1.000   1.000   1.000   1.000   1.000
TextileMach.      1.000   1.000   1.000   1.000   1.000   1.000
PrintMach.        1.000   1.000   1.000   1.000   1.000   1.000
OtherMach.        1.000   1.000   1.000   1.000   1.000   1.000
Fabricators       1.000   1.000   1.000   1.000   1.000   1.000
Prod.Inspectors   2.064   2.219   1.880   1.741   1.693   1.918
MotorVehicle      1.000   1.000   1.000   1.000   1.000   1.000
OtherVehicle      1.000   1.000   1.000   1.000   1.000   1.000
Freight           1.000   1.000   1.000   1.000   1.000   1.000
 
Iteration to get Tbar ended after  3 iterations 
Markup of geometric mean over arithmetic mean is   0.8785
pterm = 1.0000
GeoArith_model =   0.6893
GeoArith_markup =   0.8785
GeoArith_adjust =   0.7847
Using WageforTauW=WageBar to get WageGrowth for estimating TauW...
 
 
--------------------------------------------------------------------------------------------------
                          >>>>> White Men <<<<<
--------------------------------------------------------------------------------------------------
 
======================================
 YEAR = 1960
======================================
  Note: tauh* := (1+tauh)^eta - 1 
 
                       pY     pfitY         Z    TauHat      TauH     tauh*     TauW0     TauW1  wagegrth  wagegrWM ExpFactor     alpha
---------------------------------------------------------------------------------------------------------------------------------------
Home                0.086       NaN     1.000       NaN     0.000     0.000     0.000     0.000       NaN       NaN     1.000       NaN
Managers            0.077     0.077     0.915     1.000     0.000     0.000     0.000     0.000     1.446     1.446     1.000       NaN
MgmtRelated         0.032     0.032     1.090     1.000     0.000     0.000     0.000     0.000     1.344     1.344     1.000       NaN
Architects          0.001     0.001     1.282     1.000     0.000     0.000     0.000     0.000     1.437     1.437     1.000       NaN
Engineers           0.030     0.030     1.030     1.000     0.000     0.000     0.000     0.000     1.364     1.364     1.000       NaN
Math/CompSci        0.001     0.001     1.149     1.000     0.000     0.000     0.000     0.000     1.385     1.385     1.000       NaN
Science             0.006     0.006     1.226     1.000     0.000     0.000     0.000     0.000     1.320     1.320     1.000       NaN
Doctors             0.008     0.008     1.614     1.000     0.000     0.000     0.000     0.000     2.008     2.008     1.000       NaN
Nurses              0.002     0.002     1.251     1.000     0.000     0.000     0.000     0.000     1.353     1.353     1.000       NaN
Therapists          0.000     0.000     1.633     1.000     0.000     0.000     0.000     0.000     1.344     1.344     1.000       NaN
Professors          0.003     0.003     2.346     1.000     0.000     0.000     0.000     0.000     1.564     1.564     1.000       NaN
Teachers            0.019     0.019     1.613     1.000     0.000     0.000     0.000     0.000     1.398     1.398     1.000       NaN
Librarians          0.000     0.000     1.771     1.000     0.000     0.000     0.000     0.000     1.411     1.411     1.000       NaN
Soc.Scientists      0.001     0.001     1.373     1.000     0.000     0.000     0.000     0.000     1.584     1.584     1.000       NaN
SocialWork          0.007     0.007     2.044     1.000     0.000     0.000     0.000     0.000     1.343     1.343     1.000       NaN
Lawyers             0.005     0.005     1.498     1.000     0.000     0.000     0.000     0.000     1.707     1.707     1.000       NaN
Arts/Athletes       0.013     0.013     1.142     1.000     0.000     0.000     0.000     0.000     1.326     1.326     1.000       NaN
HealthTechs         0.002     0.002     1.088     1.000     0.000     0.000     0.000     0.000     1.434     1.434     1.000       NaN
Eng.Techs           0.015     0.015     0.941     1.000     0.000     0.000     0.000     0.000     1.295     1.295     1.000       NaN
ScienceTechs        0.007     0.007     0.986     1.000     0.000     0.000     0.000     0.000     1.262     1.262     1.000       NaN
OtherTechs          0.003     0.003     1.011     1.000     0.000     0.000     0.000     0.000     1.523     1.523     1.000       NaN
Sales               0.077     0.077     0.989     1.000     0.000     0.000     0.000     0.000     1.374     1.374     1.000       NaN
Secretaries         0.002     0.002     1.050     1.000     0.000     0.000     0.000     0.000     1.306     1.306     1.000       NaN
Info.Clerks         0.002     0.002     1.004     1.000     0.000     0.000     0.000     0.000     1.244     1.244     1.000       NaN
Records             0.002     0.002     1.186     1.000     0.000     0.000     0.000     0.000     1.417     1.417     1.000       NaN
FinancialClerk      0.005     0.005     1.112     1.000     0.000     0.000     0.000     0.000     1.402     1.402     1.000       NaN
OfficeMachine       0.003     0.003     1.008     1.000     0.000     0.000     0.000     0.000     1.181     1.181     1.000       NaN
ComputerTech        0.001     0.001     0.871     1.000     0.000     0.000     0.000     0.000     1.292     1.292     1.000       NaN
Mail                0.007     0.007     0.980     1.000     0.000     0.000     0.000     0.000     1.237     1.237     1.000       NaN
Clerks              0.014     0.014     0.967     1.000     0.000     0.000     0.000     0.000     1.290     1.290     1.000       NaN
Insurance           0.003     0.003     1.151     1.000     0.000     0.000     0.000     0.000     1.493     1.493     1.000       NaN
Misc.Admin          0.031     0.031     1.040     1.000     0.000     0.000     0.000     0.000     1.275     1.275     1.000       NaN
PrivateHshld        0.001     0.001     0.939     1.000     0.000     0.000     0.000     0.000     0.998     0.998     1.000       NaN
Firefighting        0.005     0.005     0.923     1.000     0.000     0.000     0.000     0.000     1.390     1.390     1.000       NaN
Police              0.010     0.010     0.963     1.000     0.000     0.000     0.000     0.000     1.367     1.367     1.000       NaN
Guards              0.003     0.003     0.960     1.000     0.000     0.000     0.000     0.000     1.205     1.205     1.000       NaN
FoodPrep            0.008     0.008     1.068     1.000     0.000     0.000     0.000     0.000     1.248     1.248     1.000       NaN
HealthService       0.002     0.002     1.238     1.000     0.000     0.000     0.000     0.000     1.380     1.380     1.000       NaN
Cleaning            0.003     0.003     1.080     1.000     0.000     0.000     0.000     0.000     1.300     1.300     1.000       NaN
PersonalService     0.007     0.007     1.025     1.000     0.000     0.000     0.000     0.000     1.246     1.246     1.000       NaN
FarmMgrs            0.033     0.033     1.366     1.000     0.000     0.000     0.000     0.000     1.626     1.626     1.000       NaN
FarmWork            0.015     0.015     1.353     1.000     0.000     0.000     0.000     0.000     1.357     1.357     1.000       NaN
Agriculture         0.002     0.002     0.977     1.000     0.000     0.000     0.000     0.000     1.199     1.199     1.000       NaN
Forest              0.003     0.003     1.102     1.000     0.000     0.000     0.000     0.000     1.359     1.359     1.000       NaN
Mechanics           0.024     0.024     0.928     1.000     0.000     0.000     0.000     0.000     1.309     1.309     1.000       NaN
Elec.Repairer       0.018     0.018     0.899     1.000     0.000     0.000     0.000     0.000     1.221     1.221     1.000       NaN
Misc.Repairer       0.031     0.031     0.900     1.000     0.000     0.000     0.000     0.000     1.288     1.288     1.000       NaN
Construction        0.051     0.051     0.856     1.000     0.000     0.000     0.000     0.000     1.202     1.202     1.000       NaN
Extractive          0.008     0.008     0.837     1.000     0.000     0.000     0.000     0.000     1.188     1.188     1.000       NaN
Supervisor(P)       0.022     0.022     0.826     1.000     0.000     0.000     0.000     0.000     1.225     1.225     1.000       NaN
MetalWork           0.022     0.022     0.829     1.000     0.000     0.000     0.000     0.000     1.240     1.240     1.000       NaN
WoodWork            0.001     0.001     0.932     1.000     0.000     0.000     0.000     0.000     1.166     1.166     1.000       NaN
Textiles            0.002     0.002     0.919     1.000     0.000     0.000     0.000     0.000     1.285     1.285     1.000       NaN
Other               0.003     0.003     0.861     1.000     0.000     0.000     0.000     0.000     1.210     1.210     1.000       NaN
Food                0.006     0.006     0.913     1.000     0.000     0.000     0.000     0.000     1.244     1.244     1.000       NaN
PlantOperator       0.007     0.007     0.906     1.000     0.000     0.000     0.000     0.000     1.045     1.045     1.000       NaN
MetalMach.          0.005     0.005     0.811     1.000     0.000     0.000     0.000     0.000     1.153     1.153     1.000       NaN
MetalProc.          0.001     0.001     0.897     1.000     0.000     0.000     0.000     0.000     1.200     1.200     1.000       NaN
WoodMach.           0.002     0.002     0.992     1.000     0.000     0.000     0.000     0.000     1.244     1.244     1.000       NaN
TextileMach.        0.007     0.007     0.851     1.000     0.000     0.000     0.000     0.000     1.224     1.224     1.000       NaN
PrintMach.          0.003     0.003     1.010     1.000     0.000     0.000     0.000     0.000     1.218     1.218     1.000       NaN
OtherMach.          0.087     0.087     0.901     1.000     0.000     0.000     0.000     0.000     1.237     1.237     1.000       NaN
Fabricators         0.018     0.018     0.869     1.000     0.000     0.000     0.000     0.000     1.175     1.175     1.000       NaN
Prod.Inspectors     0.007     0.007     0.903     1.000     0.000     0.000     0.000     0.000     1.239     1.239     1.000       NaN
MotorVehicle        0.057     0.057     0.898     1.000     0.000     0.000     0.000     0.000     1.254     1.254     1.000       NaN
OtherVehicle        0.015     0.015     0.820     1.000     0.000     0.000     0.000     0.000     1.158     1.158     1.000       NaN
Freight             0.046     0.046     0.971     1.000     0.000     0.000     0.000     0.000     1.252     1.252     1.000       NaN
 
======================================
 YEAR = 1970
======================================
  Note: tauh* := (1+tauh)^eta - 1 
 
                       pY     pfitY         Z    TauHat      TauH     tauh*     TauW0     TauW1  wagegrth  wagegrWM ExpFactor     alpha
---------------------------------------------------------------------------------------------------------------------------------------
Home                0.098       NaN     1.000       NaN     0.000     0.000     0.000     0.000       NaN       NaN     1.000       NaN
Managers            0.101     0.101     0.846     1.000     0.000     0.000     0.000     0.000     1.204     1.204     1.000       NaN
MgmtRelated         0.022     0.022     0.935     1.000     0.000     0.000     0.000     0.000     1.111     1.111     1.000       NaN
Architects          0.001     0.001     1.266     1.000     0.000     0.000     0.000     0.000     1.071     1.071     1.000       NaN
Engineers           0.031     0.031     0.950     1.000     0.000     0.000     0.000     0.000     1.092     1.092     1.000       NaN
Math/CompSci        0.006     0.006     0.943     1.000     0.000     0.000     0.000     0.000     1.124     1.124     1.000       NaN
Science             0.007     0.007     1.125     1.000     0.000     0.000     0.000     0.000     1.246     1.246     1.000       NaN
Doctors             0.008     0.008     1.247     1.000     0.000     0.000     0.000     0.000     1.420     1.420     1.000       NaN
Nurses              0.003     0.003     1.163     1.000     0.000     0.000     0.000     0.000     1.007     1.007     1.000       NaN
Therapists          0.001     0.001     1.271     1.000     0.000     0.000     0.000     0.000     1.030     1.030     1.000       NaN
Professors          0.009     0.009     2.017     1.000     0.000     0.000     0.000     0.000     1.097     1.097     1.000       NaN
Teachers            0.027     0.027     1.457     1.000     0.000     0.000     0.000     0.000     1.048     1.048     1.000       NaN
Librarians          0.000     0.000     1.511     1.000     0.000     0.000     0.000     0.000     1.043     1.043     1.000       NaN
Soc.Scientists      0.003     0.003     1.139     1.000     0.000     0.000     0.000     0.000     1.141     1.141     1.000       NaN
SocialWork          0.007     0.007     1.581     1.000     0.000     0.000     0.000     0.000     0.978     0.978     1.000       NaN
Lawyers             0.007     0.007     1.257     1.000     0.000     0.000     0.000     0.000     1.153     1.153     1.000       NaN
Arts/Athletes       0.012     0.012     0.977     1.000     0.000     0.000     0.000     0.000     0.993     0.993     1.000       NaN
HealthTechs         0.002     0.002     1.063     1.000     0.000     0.000     0.000     0.000     1.010     1.010     1.000       NaN
Eng.Techs           0.021     0.021     0.873     1.000     0.000     0.000     0.000     0.000     1.094     1.094     1.000       NaN
ScienceTechs        0.002     0.002     1.018     1.000     0.000     0.000     0.000     0.000     1.154     1.154     1.000       NaN
OtherTechs          0.010     0.010     0.897     1.000     0.000     0.000     0.000     0.000     1.086     1.086     1.000       NaN
Sales               0.070     0.070     0.864     1.000     0.000     0.000     0.000     0.000     1.040     1.040     1.000       NaN
Secretaries         0.002     0.002     0.959     1.000     0.000     0.000     0.000     0.000     1.120     1.120     1.000       NaN
Info.Clerks         0.002     0.002     0.932     1.000     0.000     0.000     0.000     0.000     1.118     1.118     1.000       NaN
Records             0.006     0.006     0.990     1.000     0.000     0.000     0.000     0.000     0.813     0.813     1.000       NaN
FinancialClerk      0.007     0.007     0.952     1.000     0.000     0.000     0.000     0.000     1.056     1.056     1.000       NaN
OfficeMachine       0.001     0.001     0.993     1.000     0.000     0.000     0.000     0.000     1.059     1.059     1.000       NaN
ComputerTech        0.003     0.003     0.866     1.000     0.000     0.000     0.000     0.000     1.245     1.245     1.000       NaN
Mail                0.006     0.006     0.922     1.000     0.000     0.000     0.000     0.000     1.177     1.177     1.000       NaN
Clerks              0.017     0.017     0.888     1.000     0.000     0.000     0.000     0.000     1.110     1.110     1.000       NaN
Insurance           0.007     0.007     0.959     1.000     0.000     0.000     0.000     0.000     1.025     1.025     1.000       NaN
Misc.Admin          0.013     0.013     0.925     1.000     0.000     0.000     0.000     0.000     1.075     1.075     1.000       NaN
PrivateHshld        0.001     0.001     0.928     1.000     0.000     0.000     0.000     0.000     0.828     0.828     1.000       NaN
Firefighting        0.005     0.005     0.796     1.000     0.000     0.000     0.000     0.000     1.075     1.075     1.000       NaN
Police              0.013     0.013     0.827     1.000     0.000     0.000     0.000     0.000     1.067     1.067     1.000       NaN
Guards              0.003     0.003     0.928     1.000     0.000     0.000     0.000     0.000     0.979     0.979     1.000       NaN
FoodPrep            0.007     0.007     0.982     1.000     0.000     0.000     0.000     0.000     0.875     0.875     1.000       NaN
HealthService       0.001     0.001     1.181     1.000     0.000     0.000     0.000     0.000     1.094     1.094     1.000       NaN
Cleaning            0.008     0.008     0.931     1.000     0.000     0.000     0.000     0.000     1.009     1.009     1.000       NaN
PersonalService     0.010     0.010     0.876     1.000     0.000     0.000     0.000     0.000     0.951     0.951     1.000       NaN
FarmMgrs            0.016     0.016     1.048     1.000     0.000     0.000     0.000     0.000     1.100     1.100     1.000       NaN
FarmWork            0.009     0.009     1.143     1.000     0.000     0.000     0.000     0.000     1.190     1.190     1.000       NaN
Agriculture         0.003     0.003     0.918     1.000     0.000     0.000     0.000     0.000     0.966     0.966     1.000       NaN
Forest              0.002     0.002     0.975     1.000     0.000     0.000     0.000     0.000     1.092     1.092     1.000       NaN
Mechanics           0.037     0.037     0.813     1.000     0.000     0.000     0.000     0.000     1.069     1.069     1.000       NaN
Elec.Repairer       0.018     0.018     0.819     1.000     0.000     0.000     0.000     0.000     1.077     1.077     1.000       NaN
Misc.Repairer       0.022     0.022     0.790     1.000     0.000     0.000     0.000     0.000     1.082     1.082     1.000       NaN
Construction        0.065     0.065     0.784     1.000     0.000     0.000     0.000     0.000     1.074     1.074     1.000       NaN
Extractive          0.003     0.003     0.804     1.000     0.000     0.000     0.000     0.000     1.200     1.200     1.000       NaN
Supervisor(P)       0.027     0.027     0.767     1.000     0.000     0.000     0.000     0.000     1.115     1.115     1.000       NaN
MetalWork           0.017     0.017     0.773     1.000     0.000     0.000     0.000     0.000     1.054     1.054     1.000       NaN
WoodWork            0.001     0.001     0.875     1.000     0.000     0.000     0.000     0.000     0.882     0.882     1.000       NaN
Textiles            0.002     0.002     0.865     1.000     0.000     0.000     0.000     0.000     0.885     0.885     1.000       NaN
Other               0.001     0.001     0.808     1.000     0.000     0.000     0.000     0.000     0.932     0.932     1.000       NaN
Food                0.006     0.006     0.827     1.000     0.000     0.000     0.000     0.000     1.053     1.053     1.000       NaN
PlantOperator       0.002     0.002     0.782     1.000     0.000     0.000     0.000     0.000     1.127     1.127     1.000       NaN
MetalMach.          0.014     0.014     0.804     1.000     0.000     0.000     0.000     0.000     1.067     1.067     1.000       NaN
MetalProc.          0.002     0.002     0.769     1.000     0.000     0.000     0.000     0.000     1.080     1.080     1.000       NaN
WoodMach.           0.001     0.001     0.910     1.000     0.000     0.000     0.000     0.000     1.013     1.013     1.000       NaN
TextileMach.        0.007     0.007     0.788     1.000     0.000     0.000     0.000     0.000     0.980     0.980     1.000       NaN
PrintMach.          0.006     0.006     0.911     1.000     0.000     0.000     0.000     0.000     0.958     0.958     1.000       NaN
OtherMach.          0.055     0.055     0.827     1.000     0.000     0.000     0.000     0.000     1.081     1.081     1.000       NaN
Fabricators         0.022     0.022     0.825     1.000     0.000     0.000     0.000     0.000     1.054     1.054     1.000       NaN
Prod.Inspectors     0.009     0.009     0.861     1.000     0.000     0.000     0.000     0.000     1.099     1.099     1.000       NaN
MotorVehicle        0.047     0.047     0.820     1.000     0.000     0.000     0.000     0.000     1.113     1.113     1.000       NaN
OtherVehicle        0.014     0.014     0.775     1.000     0.000     0.000     0.000     0.000     1.152     1.152     1.000       NaN
Freight             0.029     0.029     0.909     1.000     0.000     0.000     0.000     0.000     1.077     1.077     1.000       NaN
 
======================================
 YEAR = 1980
======================================
  Note: tauh* := (1+tauh)^eta - 1 
 
                       pY     pfitY         Z    TauHat      TauH     tauh*     TauW0     TauW1  wagegrth  wagegrWM ExpFactor     alpha
---------------------------------------------------------------------------------------------------------------------------------------
Home                0.093       NaN     1.000       NaN     0.000     0.000     0.000     0.000       NaN       NaN     1.000       NaN
Managers            0.088     0.088     0.854     1.000     0.000     0.000     0.000     0.000     1.434     1.434     1.000       NaN
MgmtRelated         0.039     0.039     0.951     1.000     0.000     0.000     0.000     0.000     1.342     1.342     1.000       NaN
Architects          0.002     0.002     1.216     1.000     0.000     0.000     0.000     0.000     1.445     1.445     1.000       NaN
Engineers           0.025     0.025     0.889     1.000     0.000     0.000     0.000     0.000     1.318     1.318     1.000       NaN
Math/CompSci        0.006     0.006     0.908     1.000     0.000     0.000     0.000     0.000     1.298     1.298     1.000       NaN
Science             0.006     0.006     1.207     1.000     0.000     0.000     0.000     0.000     1.351     1.351     1.000       NaN
Doctors             0.010     0.010     1.097     1.000     0.000     0.000     0.000     0.000     1.791     1.791     1.000       NaN
Nurses              0.004     0.004     1.214     1.000     0.000     0.000     0.000     0.000     1.366     1.366     1.000       NaN
Therapists          0.002     0.002     1.106     1.000     0.000     0.000     0.000     0.000     1.418     1.418     1.000       NaN
Professors          0.005     0.005     2.063     1.000     0.000     0.000     0.000     0.000     1.505     1.505     1.000       NaN
Teachers            0.027     0.027     1.434     1.000     0.000     0.000     0.000     0.000     1.377     1.377     1.000       NaN
Librarians          0.001     0.001     1.586     1.000     0.000     0.000     0.000     0.000     1.373     1.373     1.000       NaN
Soc.Scientists      0.003     0.003     1.229     1.000     0.000     0.000     0.000     0.000     1.366     1.366     1.000       NaN
SocialWork          0.008     0.008     1.520     1.000     0.000     0.000     0.000     0.000     1.291     1.291     1.000       NaN
Lawyers             0.011     0.011     1.251     1.000     0.000     0.000     0.000     0.000     1.722     1.722     1.000       NaN
Arts/Athletes       0.014     0.014     1.133     1.000     0.000     0.000     0.000     0.000     1.331     1.331     1.000       NaN
HealthTechs         0.004     0.004     1.112     1.000     0.000     0.000     0.000     0.000     1.332     1.332     1.000       NaN
Eng.Techs           0.017     0.017     0.873     1.000     0.000     0.000     0.000     0.000     1.265     1.265     1.000       NaN
ScienceTechs        0.003     0.003     0.927     1.000     0.000     0.000     0.000     0.000     1.292     1.292     1.000       NaN
OtherTechs          0.014     0.014     0.988     1.000     0.000     0.000     0.000     0.000     1.321     1.321     1.000       NaN
Sales               0.084     0.084     0.879     1.000     0.000     0.000     0.000     0.000     1.285     1.285     1.000       NaN
Secretaries         0.001     0.001     1.072     1.000     0.000     0.000     0.000     0.000     1.202     1.202     1.000       NaN
Info.Clerks         0.002     0.002     1.048     1.000     0.000     0.000     0.000     0.000     1.158     1.158     1.000       NaN
Records             0.003     0.003     0.998     1.000     0.000     0.000     0.000     0.000     1.253     1.253     1.000       NaN
FinancialClerk      0.004     0.004     0.995     1.000     0.000     0.000     0.000     0.000     1.131     1.131     1.000       NaN
OfficeMachine       0.000     0.000     1.021     1.000     0.000     0.000     0.000     0.000     1.166     1.166     1.000       NaN
ComputerTech        0.005     0.005     0.856     1.000     0.000     0.000     0.000     0.000     1.188     1.188     1.000       NaN
Mail                0.007     0.007     0.807     1.000     0.000     0.000     0.000     0.000     1.144     1.144     1.000       NaN
Clerks              0.018     0.018     0.878     1.000     0.000     0.000     0.000     0.000     1.191     1.191     1.000       NaN
Insurance           0.004     0.004     1.007     1.000     0.000     0.000     0.000     0.000     1.255     1.255     1.000       NaN
Misc.Admin          0.008     0.008     1.025     1.000     0.000     0.000     0.000     0.000     1.274     1.274     1.000       NaN
PrivateHshld        0.001     0.001     1.037     1.000     0.000     0.000     0.000     0.000     1.150     1.150     1.000       NaN
Firefighting        0.005     0.005     0.797     1.000     0.000     0.000     0.000     0.000     1.336     1.336     1.000       NaN
Police              0.014     0.014     0.844     1.000     0.000     0.000     0.000     0.000     1.254     1.254     1.000       NaN
Guards              0.005     0.005     0.962     1.000     0.000     0.000     0.000     0.000     1.133     1.133     1.000       NaN
FoodPrep            0.012     0.012     1.152     1.000     0.000     0.000     0.000     0.000     1.136     1.136     1.000       NaN
HealthService       0.003     0.003     1.188     1.000     0.000     0.000     0.000     0.000     1.326     1.326     1.000       NaN
Cleaning            0.014     0.014     0.948     1.000     0.000     0.000     0.000     0.000     1.130     1.130     1.000       NaN
PersonalService     0.004     0.004     1.075     1.000     0.000     0.000     0.000     0.000     1.120     1.120     1.000       NaN
FarmMgrs            0.014     0.014     1.033     1.000     0.000     0.000     0.000     0.000     1.084     1.084     1.000       NaN
FarmWork            0.008     0.008     0.989     1.000     0.000     0.000     0.000     0.000     1.145     1.145     1.000       NaN
Agriculture         0.005     0.005     1.005     1.000     0.000     0.000     0.000     0.000     1.115     1.115     1.000       NaN
Forest              0.003     0.003     0.890     1.000     0.000     0.000     0.000     0.000     1.102     1.102     1.000       NaN
Mechanics           0.039     0.039     0.791     1.000     0.000     0.000     0.000     0.000     1.160     1.160     1.000       NaN
Elec.Repairer       0.015     0.015     0.745     1.000     0.000     0.000     0.000     0.000     1.153     1.153     1.000       NaN
Misc.Repairer       0.013     0.013     0.770     1.000     0.000     0.000     0.000     0.000     1.102     1.102     1.000       NaN
Construction        0.085     0.085     0.785     1.000     0.000     0.000     0.000     0.000     1.118     1.118     1.000       NaN
Extractive          0.004     0.004     0.676     1.000     0.000     0.000     0.000     0.000     1.132     1.132     1.000       NaN
Supervisor(P)       0.026     0.026     0.750     1.000     0.000     0.000     0.000     0.000     1.237     1.237     1.000       NaN
MetalWork           0.015     0.015     0.744     1.000     0.000     0.000     0.000     0.000     1.171     1.171     1.000       NaN
WoodWork            0.002     0.002     0.999     1.000     0.000     0.000     0.000     0.000     1.156     1.156     1.000       NaN
Textiles            0.001     0.001     0.919     1.000     0.000     0.000     0.000     0.000     1.131     1.131     1.000       NaN
Other               0.003     0.003     0.864     1.000     0.000     0.000     0.000     0.000     1.216     1.216     1.000       NaN
Food                0.005     0.005     0.769     1.000     0.000     0.000     0.000     0.000     1.054     1.054     1.000       NaN
PlantOperator       0.004     0.004     0.759     1.000     0.000     0.000     0.000     0.000     1.219     1.219     1.000       NaN
MetalMach.          0.010     0.010     0.753     1.000     0.000     0.000     0.000     0.000     1.135     1.135     1.000       NaN
MetalProc.          0.002     0.002     0.772     1.000     0.000     0.000     0.000     0.000     1.205     1.205     1.000       NaN
WoodMach.           0.002     0.002     0.908     1.000     0.000     0.000     0.000     0.000     1.061     1.061     1.000       NaN
TextileMach.        0.005     0.005     0.811     1.000     0.000     0.000     0.000     0.000     1.172     1.172     1.000       NaN
PrintMach.          0.003     0.003     0.916     1.000     0.000     0.000     0.000     0.000     1.222     1.222     1.000       NaN
OtherMach.          0.033     0.033     0.776     1.000     0.000     0.000     0.000     0.000     1.160     1.160     1.000       NaN
Fabricators         0.027     0.027     0.779     1.000     0.000     0.000     0.000     0.000     1.128     1.128     1.000       NaN
Prod.Inspectors     0.007     0.007     0.784     1.000     0.000     0.000     0.000     0.000     1.195     1.195     1.000       NaN
MotorVehicle        0.048     0.048     0.777     1.000     0.000     0.000     0.000     0.000     1.078     1.078     1.000       NaN
OtherVehicle        0.016     0.016     0.708     1.000     0.000     0.000     0.000     0.000     1.149     1.149     1.000       NaN
Freight             0.029     0.029     0.853     1.000     0.000     0.000     0.000     0.000     1.105     1.105     1.000       NaN
 
======================================
 YEAR = 1990
======================================
  Note: tauh* := (1+tauh)^eta - 1 
 
                       pY     pfitY         Z    TauHat      TauH     tauh*     TauW0     TauW1  wagegrth  wagegrWM ExpFactor     alpha
---------------------------------------------------------------------------------------------------------------------------------------
Home                0.102       NaN     1.000       NaN     0.000     0.000     0.000     0.000       NaN       NaN     1.000       NaN
Managers            0.080     0.080     0.760     1.000     0.000     0.000     0.000     0.000     1.469     1.469     1.000       NaN
MgmtRelated         0.035     0.035     0.860     1.000     0.000     0.000     0.000     0.000     1.340     1.340     1.000       NaN
Architects          0.002     0.002     0.929     1.000     0.000     0.000     0.000     0.000     1.360     1.360     1.000       NaN
Engineers           0.028     0.028     0.792     1.000     0.000     0.000     0.000     0.000     1.279     1.279     1.000       NaN
Math/CompSci        0.010     0.010     0.799     1.000     0.000     0.000     0.000     0.000     1.178     1.178     1.000       NaN
Science             0.005     0.005     1.059     1.000     0.000     0.000     0.000     0.000     1.426     1.426     1.000       NaN
Doctors             0.008     0.008     1.020     1.000     0.000     0.000     0.000     0.000     1.778     1.778     1.000       NaN
Nurses              0.003     0.003     0.864     1.000     0.000     0.000     0.000     0.000     1.243     1.243     1.000       NaN
Therapists          0.002     0.002     0.953     1.000     0.000     0.000     0.000     0.000     1.329     1.329     1.000       NaN
Professors          0.004     0.004     2.102     1.000     0.000     0.000     0.000     0.000     1.440     1.440     1.000       NaN
Teachers            0.013     0.013     1.224     1.000     0.000     0.000     0.000     0.000     1.238     1.238     1.000       NaN
Librarians          0.001     0.001     1.490     1.000     0.000     0.000     0.000     0.000     1.286     1.286     1.000       NaN
Soc.Scientists      0.002     0.002     1.064     1.000     0.000     0.000     0.000     0.000     1.389     1.389     1.000       NaN
SocialWork          0.006     0.006     1.316     1.000     0.000     0.000     0.000     0.000     1.251     1.251     1.000       NaN
Lawyers             0.009     0.009     0.999     1.000     0.000     0.000     0.000     0.000     1.391     1.391     1.000       NaN
Arts/Athletes       0.016     0.016     0.982     1.000     0.000     0.000     0.000     0.000     1.311     1.311     1.000       NaN
HealthTechs         0.005     0.005     0.960     1.000     0.000     0.000     0.000     0.000     1.295     1.295     1.000       NaN
Eng.Techs           0.017     0.017     0.825     1.000     0.000     0.000     0.000     0.000     1.191     1.191     1.000       NaN
ScienceTechs        0.002     0.002     0.863     1.000     0.000     0.000     0.000     0.000     1.216     1.216     1.000       NaN
OtherTechs          0.021     0.021     0.856     1.000     0.000     0.000     0.000     0.000     1.580     1.580     1.000       NaN
Sales               0.102     0.102     0.799     1.000     0.000     0.000     0.000     0.000     1.266     1.266     1.000       NaN
Secretaries         0.001     0.001     1.055     1.000     0.000     0.000     0.000     0.000     1.291     1.291     1.000       NaN
Info.Clerks         0.002     0.002     1.014     1.000     0.000     0.000     0.000     0.000     1.188     1.188     1.000       NaN
Records             0.002     0.002     0.998     1.000     0.000     0.000     0.000     0.000     1.061     1.061     1.000       NaN
FinancialClerk      0.003     0.003     0.984     1.000     0.000     0.000     0.000     0.000     1.208     1.208     1.000       NaN
OfficeMachine       0.000     0.000     0.993     1.000     0.000     0.000     0.000     0.000     1.547     1.547     1.000       NaN
ComputerTech        0.005     0.005     0.868     1.000     0.000     0.000     0.000     0.000     1.160     1.160     1.000       NaN
Mail                0.007     0.007     0.787     1.000     0.000     0.000     0.000     0.000     1.105     1.105     1.000       NaN
Clerks              0.019     0.019     0.878     1.000     0.000     0.000     0.000     0.000     1.175     1.175     1.000       NaN
Insurance           0.005     0.005     0.945     1.000     0.000     0.000     0.000     0.000     1.239     1.239     1.000       NaN
Misc.Admin          0.008     0.008     0.978     1.000     0.000     0.000     0.000     0.000     1.190     1.190     1.000       NaN
PrivateHshld        0.001     0.001     1.065     1.000     0.000     0.000     0.000     0.000     1.005     1.005     1.000       NaN
Firefighting        0.005     0.005     0.717     1.000     0.000     0.000     0.000     0.000     1.267     1.267     1.000       NaN
Police              0.014     0.014     0.763     1.000     0.000     0.000     0.000     0.000     1.235     1.235     1.000       NaN
Guards              0.006     0.006     0.956     1.000     0.000     0.000     0.000     0.000     1.164     1.164     1.000       NaN
FoodPrep            0.019     0.019     1.124     1.000     0.000     0.000     0.000     0.000     1.210     1.210     1.000       NaN
HealthService       0.003     0.003     1.087     1.000     0.000     0.000     0.000     0.000     1.124     1.124     1.000       NaN
Cleaning            0.017     0.017     0.955     1.000     0.000     0.000     0.000     0.000     1.137     1.137     1.000       NaN
PersonalService     0.004     0.004     1.046     1.000     0.000     0.000     0.000     0.000     1.359     1.359     1.000       NaN
FarmMgrs            0.010     0.010     0.994     1.000     0.000     0.000     0.000     0.000     1.211     1.211     1.000       NaN
FarmWork            0.006     0.006     0.994     1.000     0.000     0.000     0.000     0.000     1.112     1.112     1.000       NaN
Agriculture         0.009     0.009     0.964     1.000     0.000     0.000     0.000     0.000     1.186     1.186     1.000       NaN
Forest              0.003     0.003     0.876     1.000     0.000     0.000     0.000     0.000     1.182     1.182     1.000       NaN
Mechanics           0.041     0.041     0.795     1.000     0.000     0.000     0.000     0.000     1.206     1.206     1.000       NaN
Elec.Repairer       0.012     0.012     0.786     1.000     0.000     0.000     0.000     0.000     1.164     1.164     1.000       NaN
Misc.Repairer       0.014     0.014     0.799     1.000     0.000     0.000     0.000     0.000     1.152     1.152     1.000       NaN
Construction        0.100     0.100     0.790     1.000     0.000     0.000     0.000     0.000     1.167     1.167     1.000       NaN
Extractive          0.003     0.003     0.710     1.000     0.000     0.000     0.000     0.000     1.140     1.140     1.000       NaN
Supervisor(P)       0.016     0.016     0.718     1.000     0.000     0.000     0.000     0.000     1.170     1.170     1.000       NaN
MetalWork           0.015     0.015     0.746     1.000     0.000     0.000     0.000     0.000     1.142     1.142     1.000       NaN
WoodWork            0.002     0.002     0.882     1.000     0.000     0.000     0.000     0.000     1.155     1.155     1.000       NaN
Textiles            0.001     0.001     0.936     1.000     0.000     0.000     0.000     0.000     1.141     1.141     1.000       NaN
Other               0.003     0.003     0.826     1.000     0.000     0.000     0.000     0.000     1.150     1.150     1.000       NaN
Food                0.004     0.004     0.852     1.000     0.000     0.000     0.000     0.000     1.098     1.098     1.000       NaN
PlantOperator       0.005     0.005     0.708     1.000     0.000     0.000     0.000     0.000     1.146     1.146     1.000       NaN
MetalMach.          0.004     0.004     0.806     1.000     0.000     0.000     0.000     0.000     1.116     1.116     1.000       NaN
MetalProc.          0.002     0.002     0.792     1.000     0.000     0.000     0.000     0.000     1.157     1.157     1.000       NaN
WoodMach.           0.002     0.002     0.941     1.000     0.000     0.000     0.000     0.000     1.448     1.448     1.000       NaN
TextileMach.        0.006     0.006     0.794     1.000     0.000     0.000     0.000     0.000     1.127     1.127     1.000       NaN
PrintMach.          0.004     0.004     0.908     1.000     0.000     0.000     0.000     0.000     1.134     1.134     1.000       NaN
OtherMach.          0.027     0.027     0.802     1.000     0.000     0.000     0.000     0.000     1.140     1.140     1.000       NaN
Fabricators         0.024     0.024     0.821     1.000     0.000     0.000     0.000     0.000     1.165     1.165     1.000       NaN
Prod.Inspectors     0.007     0.007     0.795     1.000     0.000     0.000     0.000     0.000     1.193     1.193     1.000       NaN
MotorVehicle        0.049     0.049     0.811     1.000     0.000     0.000     0.000     0.000     1.166     1.166     1.000       NaN
OtherVehicle        0.010     0.010     0.734     1.000     0.000     0.000     0.000     0.000     1.150     1.150     1.000       NaN
Freight             0.030     0.030     0.915     1.000     0.000     0.000     0.000     0.000     1.152     1.152     1.000       NaN
 
======================================
 YEAR = 2000
======================================
  Note: tauh* := (1+tauh)^eta - 1 
 
                       pY     pfitY         Z    TauHat      TauH     tauh*     TauW0     TauW1  wagegrth  wagegrWM ExpFactor     alpha
---------------------------------------------------------------------------------------------------------------------------------------
Home                0.145       NaN     1.000       NaN     0.000     0.000     0.000     0.000       NaN       NaN     1.000       NaN
Managers            0.077     0.077     0.856     1.000     0.000     0.000     0.000     0.000     1.282     1.282     1.000       NaN
MgmtRelated         0.041     0.041     0.962     1.000     0.000     0.000     0.000     0.000     1.335     1.335     1.000       NaN
Architects          0.002     0.002     1.132     1.000     0.000     0.000     0.000     0.000     1.349     1.349     1.000       NaN
Engineers           0.022     0.022     0.936     1.000     0.000     0.000     0.000     0.000     1.316     1.316     1.000       NaN
Math/CompSci        0.023     0.023     0.916     1.000     0.000     0.000     0.000     0.000     1.229     1.229     1.000       NaN
Science             0.006     0.006     1.412     1.000     0.000     0.000     0.000     0.000     1.548     1.548     1.000       NaN
Doctors             0.007     0.007     1.203     1.000     0.000     0.000     0.000     0.000     1.761     1.761     1.000       NaN
Nurses              0.004     0.004     0.986     1.000     0.000     0.000     0.000     0.000     1.357     1.357     1.000       NaN
Therapists          0.003     0.003     1.133     1.000     0.000     0.000     0.000     0.000     1.396     1.396     1.000       NaN
Professors          0.005     0.005     2.327     1.000     0.000     0.000     0.000     0.000     1.540     1.540     1.000       NaN
Teachers            0.020     0.020     1.444     1.000     0.000     0.000     0.000     0.000     1.351     1.351     1.000       NaN
Librarians          0.000     0.000     1.722     1.000     0.000     0.000     0.000     0.000     1.431     1.431     1.000       NaN
Soc.Scientists      0.002     0.002     1.268     1.000     0.000     0.000     0.000     0.000     1.510     1.510     1.000       NaN
SocialWork          0.006     0.006     1.468     1.000     0.000     0.000     0.000     0.000     1.250     1.250     1.000       NaN
Lawyers             0.008     0.008     1.193     1.000     0.000     0.000     0.000     0.000     1.525     1.525     1.000       NaN
Arts/Athletes       0.018     0.018     1.141     1.000     0.000     0.000     0.000     0.000     1.226     1.226     1.000       NaN
HealthTechs         0.006     0.006     1.071     1.000     0.000     0.000     0.000     0.000     1.295     1.295     1.000       NaN
Eng.Techs           0.010     0.010     0.989     1.000     0.000     0.000     0.000     0.000     1.242     1.242     1.000       NaN
ScienceTechs        0.001     0.001     1.018     1.000     0.000     0.000     0.000     0.000     1.251     1.251     1.000       NaN
OtherTechs          0.022     0.022     0.903     1.000     0.000     0.000     0.000     0.000     1.287     1.287     1.000       NaN
Sales               0.092     0.092     0.924     1.000     0.000     0.000     0.000     0.000     1.154     1.154     1.000       NaN
Secretaries         0.002     0.002     1.139     1.000     0.000     0.000     0.000     0.000     1.136     1.136     1.000       NaN
Info.Clerks         0.003     0.003     1.225     1.000     0.000     0.000     0.000     0.000     1.156     1.156     1.000       NaN
Records             0.002     0.002     1.229     1.000     0.000     0.000     0.000     0.000     1.179     1.179     1.000       NaN
FinancialClerk      0.003     0.003     1.138     1.000     0.000     0.000     0.000     0.000     1.251     1.251     1.000       NaN
OfficeMachine       0.001     0.001     0.983     1.000     0.000     0.000     0.000     0.000     1.070     1.070     1.000       NaN
ComputerTech        0.002     0.002     1.043     1.000     0.000     0.000     0.000     0.000     1.264     1.264     1.000       NaN
Mail                0.004     0.004     1.011     1.000     0.000     0.000     0.000     0.000     1.199     1.199     1.000       NaN
Clerks              0.020     0.020     1.064     1.000     0.000     0.000     0.000     0.000     1.080     1.080     1.000       NaN
Insurance           0.012     0.012     1.080     1.000     0.000     0.000     0.000     0.000     1.118     1.118     1.000       NaN
Misc.Admin          0.006     0.006     1.191     1.000     0.000     0.000     0.000     0.000     1.220     1.220     1.000       NaN
PrivateHshld        0.001     0.001     1.305     1.000     0.000     0.000     0.000     0.000     1.036     1.036     1.000       NaN
Firefighting        0.005     0.005     0.846     1.000     0.000     0.000     0.000     0.000     1.315     1.315     1.000       NaN
Police              0.021     0.021     0.917     1.000     0.000     0.000     0.000     0.000     1.285     1.285     1.000       NaN
Guards              0.005     0.005     1.136     1.000     0.000     0.000     0.000     0.000     1.158     1.158     1.000       NaN
FoodPrep            0.025     0.025     1.293     1.000     0.000     0.000     0.000     0.000     1.000     1.000     1.000       NaN
HealthService       0.003     0.003     1.321     1.000     0.000     0.000     0.000     0.000     1.158     1.158     1.000       NaN
Cleaning            0.011     0.011     1.112     1.000     0.000     0.000     0.000     0.000     1.075     1.075     1.000       NaN
PersonalService     0.006     0.006     1.219     1.000     0.000     0.000     0.000     0.000     1.087     1.087     1.000       NaN
FarmMgrs            0.005     0.005     1.122     1.000     0.000     0.000     0.000     0.000     1.308     1.308     1.000       NaN
FarmWork            0.005     0.005     1.127     1.000     0.000     0.000     0.000     0.000     1.046     1.046     1.000       NaN
Agriculture         0.012     0.012     1.103     1.000     0.000     0.000     0.000     0.000     0.982     0.982     1.000       NaN
Forest              0.002     0.002     1.034     1.000     0.000     0.000     0.000     0.000     1.122     1.122     1.000       NaN
Mechanics           0.037     0.037     0.921     1.000     0.000     0.000     0.000     0.000     1.090     1.090     1.000       NaN
Elec.Repairer       0.016     0.016     0.933     1.000     0.000     0.000     0.000     0.000     1.138     1.138     1.000       NaN
Misc.Repairer       0.010     0.010     0.948     1.000     0.000     0.000     0.000     0.000     1.103     1.103     1.000       NaN
Construction        0.095     0.095     0.928     1.000     0.000     0.000     0.000     0.000     1.068     1.068     1.000       NaN
Extractive          0.001     0.001     0.846     1.000     0.000     0.000     0.000     0.000     1.282     1.282     1.000       NaN
Supervisor(P)       0.012     0.012     0.865     1.000     0.000     0.000     0.000     0.000     1.177     1.177     1.000       NaN
MetalWork           0.008     0.008     0.886     1.000     0.000     0.000     0.000     0.000     1.076     1.076     1.000       NaN
WoodWork            0.001     0.001     1.037     1.000     0.000     0.000     0.000     0.000     1.043     1.043     1.000       NaN
Textiles            0.001     0.001     1.004     1.000     0.000     0.000     0.000     0.000     0.989     0.989     1.000       NaN
Other               0.002     0.002     1.104     1.000     0.000     0.000     0.000     0.000     1.107     1.107     1.000       NaN
Food                0.003     0.003     1.046     1.000     0.000     0.000     0.000     0.000     1.001     1.001     1.000       NaN
PlantOperator       0.002     0.002     0.858     1.000     0.000     0.000     0.000     0.000     1.181     1.181     1.000       NaN
MetalMach.          0.003     0.003     0.963     1.000     0.000     0.000     0.000     0.000     0.990     0.990     1.000       NaN
MetalProc.          0.001     0.001     0.933     1.000     0.000     0.000     0.000     0.000     1.009     1.009     1.000       NaN
WoodMach.           0.007     0.007     0.975     1.000     0.000     0.000     0.000     0.000     1.030     1.030     1.000       NaN
TextileMach.        0.004     0.004     0.941     1.000     0.000     0.000     0.000     0.000     1.022     1.022     1.000       NaN
PrintMach.          0.003     0.003     1.067     1.000     0.000     0.000     0.000     0.000     0.981     0.981     1.000       NaN
OtherMach.          0.020     0.020     0.956     1.000     0.000     0.000     0.000     0.000     1.058     1.058     1.000       NaN
Fabricators         0.019     0.019     0.962     1.000     0.000     0.000     0.000     0.000     1.053     1.053     1.000       NaN
Prod.Inspectors     0.006     0.006     0.966     1.000     0.000     0.000     0.000     0.000     1.154     1.154     1.000       NaN
MotorVehicle        0.045     0.045     0.954     1.000     0.000     0.000     0.000     0.000     1.043     1.043     1.000       NaN
OtherVehicle        0.008     0.008     0.863     1.000     0.000     0.000     0.000     0.000     1.155     1.155     1.000       NaN
Freight             0.020     0.020     1.079     1.000     0.000     0.000     0.000     0.000     1.022     1.022     1.000       NaN
 
======================================
 YEAR = 2010
======================================
  Note: tauh* := (1+tauh)^eta - 1 
 
                       pY     pfitY         Z    TauHat      TauH     tauh*     TauW0     TauW1  wagegrth  wagegrWM ExpFactor     alpha
---------------------------------------------------------------------------------------------------------------------------------------
Home                0.151       NaN     1.000       NaN     0.000     0.000     0.000       NaN     0.000     0.000     0.000       NaN
Managers            0.074     0.074     0.756     1.000     0.000     0.000     0.000       NaN     0.000     0.000     0.000       NaN
MgmtRelated         0.040     0.040     0.804     1.000     0.000     0.000     0.000       NaN     0.000     0.000     0.000       NaN
Architects          0.001     0.001     0.944     1.000     0.000     0.000     0.000       NaN     0.000     0.000     0.000       NaN
Engineers           0.018     0.018     0.753     1.000     0.000     0.000     0.000       NaN     0.000     0.000     0.000       NaN
Math/CompSci        0.024     0.024     0.783     1.000     0.000     0.000     0.000       NaN     0.000     0.000     0.000       NaN
Science             0.005     0.005     1.101     1.000     0.000     0.000     0.000       NaN     0.000     0.000     0.000       NaN
Doctors             0.006     0.006     0.990     1.000     0.000     0.000     0.000       NaN     0.000     0.000     0.000       NaN
Nurses              0.004     0.004     0.808     1.000     0.000     0.000     0.000       NaN     0.000     0.000     0.000       NaN
Therapists          0.003     0.003     0.981     1.000     0.000     0.000     0.000       NaN     0.000     0.000     0.000       NaN
Professors          0.007     0.007     2.093     1.000     0.000     0.000     0.000       NaN     0.000     0.000     0.000       NaN
Teachers            0.024     0.024     1.188     1.000     0.000     0.000     0.000       NaN     0.000     0.000     0.000       NaN
Librarians          0.000     0.000     1.598     1.000     0.000     0.000     0.000       NaN     0.000     0.000     0.000       NaN
Soc.Scientists      0.003     0.003     0.941     1.000     0.000     0.000     0.000       NaN     0.000     0.000     0.000       NaN
SocialWork          0.007     0.007     1.223     1.000     0.000     0.000     0.000       NaN     0.000     0.000     0.000       NaN
Lawyers             0.007     0.007     0.896     1.000     0.000     0.000     0.000       NaN     0.000     0.000     0.000       NaN
Arts/Athletes       0.018     0.018     0.989     1.000     0.000     0.000     0.000       NaN     0.000     0.000     0.000       NaN
HealthTechs         0.007     0.007     0.876     1.000     0.000     0.000     0.000       NaN     0.000     0.000     0.000       NaN
Eng.Techs           0.008     0.008     0.825     1.000     0.000     0.000     0.000       NaN     0.000     0.000     0.000       NaN
ScienceTechs        0.001     0.001     0.856     1.000     0.000     0.000     0.000       NaN     0.000     0.000     0.000       NaN
OtherTechs          0.020     0.020     0.745     1.000     0.000     0.000     0.000       NaN     0.000     0.000     0.000       NaN
Sales               0.089     0.089     0.860     1.000     0.000     0.000     0.000       NaN     0.000     0.000     0.000       NaN
Secretaries         0.002     0.002     1.067     1.000     0.000     0.000     0.000       NaN     0.000     0.000     0.000       NaN
Info.Clerks         0.003     0.003     1.099     1.000     0.000     0.000     0.000       NaN     0.000     0.000     0.000       NaN
Records             0.002     0.002     1.098     1.000     0.000     0.000     0.000       NaN     0.000     0.000     0.000       NaN
FinancialClerk      0.003     0.003     0.968     1.000     0.000     0.000     0.000       NaN     0.000     0.000     0.000       NaN
OfficeMachine       0.000     0.000     1.112     1.000     0.000     0.000     0.000       NaN     0.000     0.000     0.000       NaN
ComputerTech        0.001     0.001     0.939     1.000     0.000     0.000     0.000       NaN     0.000     0.000     0.000       NaN
Mail                0.003     0.003     0.865     1.000     0.000     0.000     0.000       NaN     0.000     0.000     0.000       NaN
Clerks              0.021     0.021     1.005     1.000     0.000     0.000     0.000       NaN     0.000     0.000     0.000       NaN
Insurance           0.015     0.015     0.986     1.000     0.000     0.000     0.000       NaN     0.000     0.000     0.000       NaN
Misc.Admin          0.007     0.007     1.053     1.000     0.000     0.000     0.000       NaN     0.000     0.000     0.000       NaN
PrivateHshld        0.001     0.001     1.196     1.000     0.000     0.000     0.000       NaN     0.000     0.000     0.000       NaN
Firefighting        0.006     0.006     0.681     1.000     0.000     0.000     0.000       NaN     0.000     0.000     0.000       NaN
Police              0.018     0.018     0.737     1.000     0.000     0.000     0.000       NaN     0.000     0.000     0.000       NaN
Guards              0.008     0.008     0.986     1.000     0.000     0.000     0.000       NaN     0.000     0.000     0.000       NaN
FoodPrep            0.044     0.044     1.240     1.000     0.000     0.000     0.000       NaN     0.000     0.000     0.000       NaN
HealthService       0.006     0.006     1.153     1.000     0.000     0.000     0.000       NaN     0.000     0.000     0.000       NaN
Cleaning            0.013     0.013     1.018     1.000     0.000     0.000     0.000       NaN     0.000     0.000     0.000       NaN
PersonalService     0.008     0.008     1.124     1.000     0.000     0.000     0.000       NaN     0.000     0.000     0.000       NaN
FarmMgrs            0.004     0.004     0.845     1.000     0.000     0.000     0.000       NaN     0.000     0.000     0.000       NaN
FarmWork            0.009     0.009     0.938     1.000     0.000     0.000     0.000       NaN     0.000     0.000     0.000       NaN
Agriculture         0.018     0.018     1.023     1.000     0.000     0.000     0.000       NaN     0.000     0.000     0.000       NaN
Forest              0.002     0.002     0.864     1.000     0.000     0.000     0.000       NaN     0.000     0.000     0.000       NaN
Mechanics           0.029     0.029     0.799     1.000     0.000     0.000     0.000       NaN     0.000     0.000     0.000       NaN
Elec.Repairer       0.015     0.015     0.809     1.000     0.000     0.000     0.000       NaN     0.000     0.000     0.000       NaN
Misc.Repairer       0.010     0.010     0.800     1.000     0.000     0.000     0.000       NaN     0.000     0.000     0.000       NaN
Construction        0.091     0.091     0.819     1.000     0.000     0.000     0.000       NaN     0.000     0.000     0.000       NaN
Extractive          0.004     0.004     0.625     1.000     0.000     0.000     0.000       NaN     0.000     0.000     0.000       NaN
Supervisor(P)       0.006     0.006     0.743     1.000     0.000     0.000     0.000       NaN     0.000     0.000     0.000       NaN
MetalWork           0.004     0.004     0.785     1.000     0.000     0.000     0.000       NaN     0.000     0.000     0.000       NaN
WoodWork            0.001     0.001     0.952     1.000     0.000     0.000     0.000       NaN     0.000     0.000     0.000       NaN
Textiles            0.000     0.000     1.009     1.000     0.000     0.000     0.000       NaN     0.000     0.000     0.000       NaN
Other               0.003     0.003     0.961     1.000     0.000     0.000     0.000       NaN     0.000     0.000     0.000       NaN
Food                0.004     0.004     0.972     1.000     0.000     0.000     0.000       NaN     0.000     0.000     0.000       NaN
PlantOperator       0.002     0.002     0.692     1.000     0.000     0.000     0.000       NaN     0.000     0.000     0.000       NaN
MetalMach.          0.002     0.002     0.836     1.000     0.000     0.000     0.000       NaN     0.000     0.000     0.000       NaN
MetalProc.          0.001     0.001     0.866     1.000     0.000     0.000     0.000       NaN     0.000     0.000     0.000       NaN
WoodMach.           0.004     0.004     0.856     1.000     0.000     0.000     0.000       NaN     0.000     0.000     0.000       NaN
TextileMach.        0.002     0.002     0.897     1.000     0.000     0.000     0.000       NaN     0.000     0.000     0.000       NaN
PrintMach.          0.002     0.002     0.991     1.000     0.000     0.000     0.000       NaN     0.000     0.000     0.000       NaN
OtherMach.          0.018     0.018     0.862     1.000     0.000     0.000     0.000       NaN     0.000     0.000     0.000       NaN
Fabricators         0.016     0.016     0.844     1.000     0.000     0.000     0.000       NaN     0.000     0.000     0.000       NaN
Prod.Inspectors     0.005     0.005     0.819     1.000     0.000     0.000     0.000       NaN     0.000     0.000     0.000       NaN
MotorVehicle        0.036     0.036     0.880     1.000     0.000     0.000     0.000       NaN     0.000     0.000     0.000       NaN
OtherVehicle        0.008     0.008     0.699     1.000     0.000     0.000     0.000       NaN     0.000     0.000     0.000       NaN
Freight             0.025     0.025     1.015     1.000     0.000     0.000     0.000       NaN     0.000     0.000     0.000       NaN
 
mg(g,t):
mg =

   2.0434e+08   2.1084e+08   1.3335e+08   1.5190e+08   2.6596e+08   1.6918e+08
            0            0            0            0            0            0
            0            0            0            0            0            0
            0            0            0            0            0            0

 
 
 
 
--------------------------------------------------------------------------------------------------
                          >>>>> White Women <<<<<
--------------------------------------------------------------------------------------------------
 
======================================
 YEAR = 1960
======================================
  Note: tauh* := (1+tauh)^eta - 1 
 
                       pY     pfitY         Z    TauHat      TauH     tauh*     TauW0     TauW1  wagegrth  wagegrWM ExpFactor     alpha
---------------------------------------------------------------------------------------------------------------------------------------
Home                0.739       NaN     1.000       NaN     0.000     0.000     0.000     0.000       NaN       NaN     1.000       NaN
Managers            0.007     0.007     0.590     5.595  4266.954     1.365     0.577     0.556     1.519     1.446     1.131     0.500
MgmtRelated         0.003     0.003     0.617     4.349  1254.374     1.085     0.520     0.467     1.495     1.344     1.182     0.500
Architects          0.000     0.000     0.812     8.210 27443.875     1.865     0.651    -0.294     5.329     1.437     1.000     0.500
Engineers           0.000     0.000     0.502    14.572444744.675     2.817     0.738     0.727     1.421     1.364     1.100     0.500
Math/CompSci        0.000     0.000     0.604     3.204   284.186     0.790     0.441     0.541     1.139     1.385     1.000     0.500
Science             0.000     0.000     0.591     5.148  2846.226     1.269     0.559     0.507     1.475     1.320     1.079     0.500
Doctors             0.000     0.000     0.991     7.924 23104.953     1.815     0.645     0.612     2.195     2.008     1.121     0.500
Nurses              0.011     0.011     0.828     0.816    -0.628    -0.097    -0.107    -0.264     1.488     1.353     1.025     0.500
Therapists          0.000     0.000     0.880     1.419     4.465     0.191     0.160     0.112     1.421     1.344     1.053     0.500
Professors          0.000     0.000     1.356     4.095   936.673     1.024     0.506     0.463     1.700     1.564     1.130     0.500
Teachers            0.017     0.017     0.856     1.368     3.576     0.170     0.145     0.057     1.541     1.398     1.099     0.500
Librarians          0.001     0.001     0.879     0.554    -0.800    -0.153    -0.529    -0.479     1.365     1.411     1.000     0.719
Soc.Scientists      0.000     0.000     0.707     2.584    99.298     0.607     0.378     0.511     1.245     1.584     1.000     0.500
SocialWork          0.001     0.001     0.867     2.157    40.705     0.469     0.319     0.281     1.419     1.343     1.027     0.500
Lawyers             0.000     0.000     1.049    11.625148530.930     2.410     0.707     0.632     2.142     1.707     1.049     0.500
Arts/Athletes       0.004     0.004     0.623     2.402    69.369     0.550     0.355     0.420     1.193     1.326     1.000     0.500
HealthTechs         0.004     0.004     0.642     1.077     0.430     0.038     0.036    -0.024     1.523     1.434     1.126     0.500
Eng.Techs           0.000     0.000     0.509     7.398 16551.666     1.720     0.632     0.618     1.347     1.295     1.203     0.500
ScienceTechs        0.001     0.001     0.526     4.254  1127.257     1.063     0.515     0.469     1.383     1.262     1.162     0.500
OtherTechs          0.000     0.000     0.633     6.590  9443.151     1.567     0.610     0.499     1.958     1.523     1.165     0.500
Sales               0.020     0.020     0.745     4.006   841.568     1.001     0.500     0.499     1.378     1.374     1.152     0.500
Secretaries         0.041     0.041     0.573     0.287    -0.800    -0.153    -1.949    -2.179     1.158     1.306     1.035     0.867
Info.Clerks         0.003     0.003     0.595     1.129     0.801     0.062     0.059    -0.072     1.417     1.244     1.139     0.500
Records             0.002     0.002     0.744     1.794    16.055     0.339     0.253     0.289     1.350     1.417     1.043     0.500
FinancialClerk      0.015     0.015     0.619     0.789    -0.683    -0.112    -0.126    -0.020     1.271     1.402     1.106     0.500
OfficeMachine       0.005     0.005     0.559     1.082     0.464     0.040     0.039     0.167     1.024     1.181     1.000     0.500
ComputerTech        0.007     0.007     0.542     0.522    -0.800    -0.153    -0.624    -0.513     1.203     1.292     1.000     0.745
Mail                0.000     0.000     0.572     7.759 20863.223     1.785     0.641     0.502     1.717     1.237     1.233     0.500
Clerks              0.001     0.001     0.574     5.233  3083.519     1.288     0.563     0.439     1.656     1.290     1.204     0.500
Insurance           0.000     0.000     0.675     7.081 13389.681     1.661     0.624     0.578     1.677     1.493     1.292     0.500
Misc.Admin          0.030     0.030     0.598     1.459     5.257     0.208     0.172     0.085     1.409     1.275     1.197     0.500
PrivateHshld        0.002     0.002     0.754     1.513     6.456     0.230     0.187     0.020     1.203     0.998     1.080     0.500
Firefighting        0.000       NaN       NaN       NaN     0.000     0.000     0.000     0.000       NaN     1.390     0.105       NaN
Police              0.000     0.000     0.463     1.000     0.000     0.000     0.000     0.000     0.511     1.367     0.296       NaN
Guards              0.000     0.000     0.467     1.000     0.000     0.000     0.000     0.000     0.144     1.205     0.075       NaN
FoodPrep            0.016     0.016     0.772     1.306     2.661     0.143     0.125     0.063     1.336     1.248     1.075     0.500
HealthService       0.004     0.004     0.656     0.808    -0.646    -0.101    -0.113    -0.368     1.536     1.380     1.201     0.500
Cleaning            0.000     0.000     0.610     1.000     0.000     0.000     0.000     0.000     0.999     1.300     0.653    -0.000
PersonalService     0.008     0.008     0.710     1.776    15.267     0.333     0.250     0.255     1.237     1.246     1.097     0.500
FarmMgrs            0.000     0.000     0.975     1.000     0.000     0.000     0.000     0.000     0.366     1.626     0.122       NaN
FarmWork            0.002     0.002     0.769     1.000     0.000     0.000     0.000     0.000     1.453     1.357     0.599    -0.000
Agriculture         0.000     0.000     0.594     1.000     0.000     0.000     0.000     0.000     1.129     1.199     0.688     0.000
Forest              0.000       NaN       NaN       NaN     0.000     0.000     0.000     0.000       NaN     1.359     0.092       NaN
Mechanics           0.000     0.000     0.492     1.000     0.000     0.000     0.000     0.000     0.139     1.309     0.094     0.000
Elec.Repairer       0.000     0.000     0.516    14.670459457.506     2.830     0.739     0.681     1.494     1.221     1.152     0.500
Misc.Repairer       0.000     0.000     0.461     1.000     0.000     0.000     0.000     0.000     0.156     1.288     0.120       NaN
Construction        0.000     0.000     0.480     1.000     0.000     0.000     0.000     0.000     0.137     1.202     0.094       NaN
Extractive          0.000     0.000     0.374     1.000     0.000     0.000     0.000     0.000       NaN     1.188     0.088       NaN
Supervisor(P)       0.001     0.001     0.548     1.000     0.000     0.000     0.000     0.000     0.783     1.225     0.575       NaN
MetalWork           0.000     0.000     0.481     1.000     0.000     0.000     0.000     0.000     0.260     1.240     0.133       NaN
WoodWork            0.000     0.000     0.538     1.000     0.000     0.000     0.000     0.000       NaN     1.166     0.093       NaN
Textiles            0.008     0.008     0.602     1.000     0.000     0.000     0.000     0.000     1.173     1.285     1.000     0.000
Other               0.000     0.000     0.613     5.674  4565.592     1.382     0.580     0.422     1.665     1.210     1.234     0.500
Food                0.000     0.000     0.558     1.000     0.000     0.000     0.000     0.000     0.316     1.244     0.186       NaN
PlantOperator       0.000     0.000     0.597     1.000     0.000     0.000     0.000     0.000     1.107     1.045     1.000       NaN
MetalMach.          0.000     0.000     0.570     1.000     0.000     0.000     0.000     0.000     0.215     1.153     0.152       NaN
MetalProc.          0.000     0.000     0.456     1.000     0.000     0.000     0.000     0.000     0.244     1.200     0.215     0.000
WoodMach.           0.000     0.000     0.377     1.000     0.000     0.000     0.000     0.000       NaN     1.244     0.297       NaN
TextileMach.        0.000     0.000     0.468     1.000     0.000     0.000     0.000     0.000     0.433     1.224     0.372       NaN
PrintMach.          0.004     0.004     0.617     1.000     0.000     0.000     0.000     0.000     1.330     1.218     0.958     0.000
OtherMach.          0.026     0.026     0.541     1.000     0.000     0.000     0.000     0.000     0.964     1.237     0.716       NaN
Fabricators         0.005     0.005     0.491     1.000     0.000     0.000     0.000     0.000     0.892     1.175     0.728     0.000
Prod.Inspectors     0.004     0.004     0.553     2.064    32.696     0.437     0.304     0.334     1.185     1.239     1.075     0.500
MotorVehicle        0.000     0.000     0.515     1.000     0.000     0.000     0.000     0.000     0.159     1.254     0.087       NaN
OtherVehicle        0.000     0.000     0.438     1.000     0.000     0.000     0.000     0.000     1.059     1.158     0.090       NaN
Freight             0.001     0.001     0.538     1.000     0.000     0.000     0.000     0.000     0.284     1.252     0.198       NaN
 
======================================
 YEAR = 1970
======================================
  Note: tauh* := (1+tauh)^eta - 1 
 
                       pY     pfitY         Z    TauHat      TauH     tauh*     TauW0     TauW1  wagegrth  wagegrWM ExpFactor     alpha
---------------------------------------------------------------------------------------------------------------------------------------
Home                0.656       NaN     1.000       NaN     0.000     0.000     0.000     0.000       NaN       NaN     1.000       NaN
Managers            0.016     0.016     0.561     3.872   192.184     0.720     0.556     0.525     1.288     1.204     1.187     0.600
MgmtRelated         0.004     0.004     0.617     3.533   467.965     0.884     0.467     0.366     1.321     1.111     1.292     0.498
Architects          0.000     0.000     0.661     4.42322631174.169     4.722    -0.294    -0.185     0.981     1.071     1.000    -0.173
Engineers           0.000     0.000     0.524    13.890416107.846     2.791     0.727     0.683     1.266     1.092     1.328     0.494
Math/CompSci        0.001     0.001     0.540     3.578   123.559     0.644     0.541     0.479     1.274     1.124     1.131     0.610
Science             0.001     0.001     0.606     3.961   659.868     0.952     0.507     0.538     1.167     1.246     1.172     0.514
Doctors             0.001     0.001     0.717     4.603   279.066     0.787     0.612     0.685     1.153     1.420     1.000     0.620
Nurses              0.012     0.012     0.750     0.670    -0.800    -0.153    -0.264    -0.592     1.174     1.007     1.083     0.586
Therapists          0.001     0.001     0.714     1.138     0.107     0.011     0.112    -0.066     1.237     1.030     1.130     0.919
Professors          0.002     0.002     1.206     2.553    20.438     0.371     0.463     0.412     1.201     1.097     1.105     0.663
Teachers            0.032     0.032     0.841     1.152     1.221     0.086     0.057    -0.016     1.130     1.048     1.098     0.417
Librarians          0.001     0.001     0.828     0.737     1.307     0.090    -0.479    -0.527     1.077     1.043     1.068     1.282
Soc.Scientists      0.001     0.001     0.665     2.734    15.757     0.337     0.511     0.461     1.257     1.141     1.164     0.711
SocialWork          0.003     0.003     0.770     1.577     2.409     0.135     0.281     0.150     1.155     0.978     1.087     0.723
Lawyers             0.000     0.000     0.695     5.691  1309.012     1.094     0.632     0.688     0.977     1.153     1.193     0.575
Arts/Athletes       0.004     0.004     0.619     2.623    58.121     0.522     0.420     0.401     1.025     0.993     1.165     0.564
HealthTechs         0.005     0.005     0.669     0.885    -0.618    -0.094    -0.024    -0.357     1.218     1.010     1.173     0.192
Eng.Techs           0.001     0.001     0.534     6.145  3996.423     1.350     0.618     0.569     1.234     1.094     1.270     0.530
ScienceTechs        0.000     0.000     0.610     3.558   481.746     0.890     0.469     0.458     1.178     1.154     1.182     0.499
OtherTechs          0.001     0.001     0.501     3.295   128.582     0.650     0.499     0.507     1.069     1.086     1.206     0.580
Sales               0.023     0.023     0.712     3.526   249.624     0.766     0.499     0.411     1.222     1.040     1.159     0.549
Secretaries         0.058     0.058     0.602     0.267    -0.800    -0.153    -2.179    -4.288     1.254     1.120     1.242     0.875
Info.Clerks         0.005     0.005     0.634     1.090     3.528     0.168    -0.072    -0.225     1.184     1.118     1.249    -0.813
Records             0.004     0.004     0.667     1.847    13.110     0.313     0.289    -0.109     1.268     0.813     1.360     0.556
FinancialClerk      0.020     0.020     0.630     0.864    -0.705    -0.118    -0.020    -0.531     1.249     1.056     1.276     0.137
OfficeMachine       0.001     0.001     0.632     1.740    35.907     0.450     0.167    -0.128     1.433     1.059     1.275     0.329
ComputerTech        0.005     0.005     0.586     1.370  1185.131     1.073    -0.513    -0.307     1.076     1.245     1.010    -1.316
Mail                0.001     0.001     0.522     3.120    71.545     0.555     0.502     0.411     1.391     1.177     1.206     0.612
Clerks              0.003     0.003     0.564     3.630  1002.958     1.038     0.439     0.331     1.322     1.110     1.293     0.448
Insurance           0.002     0.002     0.644     2.848     4.996     0.203     0.578     0.237     1.424     1.025     1.343     0.824
Misc.Admin          0.031     0.031     0.630     1.037    -0.403    -0.052     0.085    -0.257     1.235     1.075     1.223     2.483
PrivateHshld        0.004     0.004     0.736     1.200     3.824     0.176     0.020    -0.426     1.205     0.828     1.187     0.111
Firefighting        0.000     0.000     0.361     1.000     0.000     0.000     0.000     0.000     0.281     1.075     0.693       NaN
Police              0.000     0.000     0.494     1.000     0.000     0.000     0.000     0.000     0.353     1.067     0.285       NaN
Guards              0.000     0.000     0.693     1.000     0.000     0.000     0.000     0.000     0.279     0.979     0.273       NaN
FoodPrep            0.015     0.015     0.783     1.310     6.258     0.226     0.063    -0.263     1.181     0.875     1.121     0.243
HealthService       0.007     0.007     0.735     0.619    -0.800    -0.153    -0.368    -0.528     1.221     1.094     1.183     0.654
Cleaning            0.001     0.001     0.625     1.000     0.000     0.000     0.000     0.000     0.526     1.009     0.385       NaN
PersonalService     0.016     0.016     0.675     1.442     1.012     0.075     0.255    -0.075     1.180     0.951     1.197     0.803
FarmMgrs            0.001     0.001     0.641     1.000     0.000     0.000     0.000     0.000     0.167     1.100     0.304       NaN
FarmWork            0.001     0.001     0.815     1.000     0.000     0.000     0.000     0.000     0.773     1.190     0.470       NaN
Agriculture         0.000     0.000     0.606     1.000     0.000     0.000     0.000     0.000     0.476     0.966     0.415       NaN
Forest              0.000     0.000     0.590     1.000     0.000     0.000     0.000     0.000     0.277     1.092     0.086     0.000
Mechanics           0.000     0.000     0.426     1.000     0.000     0.000     0.000     0.000     0.616     1.069     0.320       NaN
Elec.Repairer       0.000     0.000     0.464     9.361 41551.371     1.990     0.681     0.567     1.460     1.077     1.287     0.510
Misc.Repairer       0.001     0.001     0.570     1.000     0.000     0.000     0.000     0.000     0.367     1.082     0.286       NaN
Construction        0.001     0.001     0.428     1.000     0.000     0.000     0.000     0.000     0.663     1.074     0.396       NaN
Extractive          0.000     0.000     0.474     1.000     0.000     0.000     0.000     0.000     0.217     1.200     0.202     0.000
Supervisor(P)       0.002     0.002     0.520     1.000     0.000     0.000     0.000     0.000     0.380     1.115     0.328       NaN
MetalWork           0.000     0.000     0.440     1.000     0.000     0.000     0.000     0.000     0.325     1.054     0.310       NaN
WoodWork            0.000     0.000     0.628     1.000     0.000     0.000     0.000     0.000     0.268     0.882     0.374       NaN
Textiles            0.001     0.001     0.571     1.000     0.000     0.000     0.000     0.000     0.973     0.885     0.753     0.000
Other               0.000     0.000     0.580     3.294   514.299     0.903     0.422     0.322     1.093     0.932     1.180     0.460
Food                0.000     0.000     0.630     1.000     0.000     0.000     0.000     0.000     0.348     1.053     0.305    -0.000
PlantOperator       0.000     0.000     0.515     1.000     0.000     0.000     0.000     0.000     0.148     1.127     0.143       NaN
MetalMach.          0.002     0.002     0.534     1.000     0.000     0.000     0.000     0.000     0.521     1.067     0.492     0.000
MetalProc.          0.000     0.000     0.489     1.000     0.000     0.000     0.000     0.000     0.294     1.080     0.364       NaN
WoodMach.           0.000     0.000     0.515     1.000     0.000     0.000     0.000     0.000     0.669     1.013     0.544       NaN
TextileMach.        0.001     0.001     0.537     1.000     0.000     0.000     0.000     0.000     0.353     0.980     0.388       NaN
PrintMach.          0.016     0.016     0.599     1.000     0.000     0.000     0.000     0.000     1.109     0.958     1.215     0.000
OtherMach.          0.018     0.018     0.572     1.000     0.000     0.000     0.000     0.000     1.002     1.081     0.839    -0.000
Fabricators         0.007     0.007     0.533     1.000     0.000     0.000     0.000     0.000     0.851     1.054     0.780    -0.000
Prod.Inspectors     0.005     0.005     0.593     2.219    43.273     0.478     0.334     0.291     1.170     1.099     1.152     0.510
MotorVehicle        0.001     0.001     0.455     1.000     0.000     0.000     0.000     0.000     0.182     1.113     0.248    -0.000
OtherVehicle        0.000     0.000     0.468     1.000     0.000     0.000     0.000     0.000     0.192     1.152     0.214    -0.000
Freight             0.003     0.003     0.597     1.000     0.000     0.000     0.000     0.000     0.381     1.077     0.381       NaN
 
======================================
 YEAR = 1980
======================================
  Note: tauh* := (1+tauh)^eta - 1 
 
                       pY     pfitY         Z    TauHat      TauH     tauh*     TauW0     TauW1  wagegrth  wagegrWM ExpFactor     alpha
---------------------------------------------------------------------------------------------------------------------------------------
Home                0.461       NaN     1.000       NaN     0.000     0.000     0.000     0.000       NaN       NaN     1.000       NaN
Managers            0.034     0.034     0.616     2.334     1.725     0.109     0.525     0.463     1.563     1.434     1.078     0.878
MgmtRelated         0.026     0.026     0.655     1.657     0.614     0.051     0.366     0.251     1.419     1.342     1.087     0.902
Architects          0.000     0.000     0.777     3.5651191097.485     3.225    -0.185    -0.056     1.288     1.445     1.010    -0.134
Engineers           0.001     0.001     0.562     5.204   126.005     0.647     0.683     0.633     1.528     1.318     1.093     0.697
Math/CompSci        0.002     0.002     0.566     1.935     0.079     0.008     0.479     0.407     1.479     1.298     1.063     0.988
Science             0.001     0.001     0.728     2.286     0.680     0.055     0.538     0.456     1.408     1.351     1.005     0.935
Doctors             0.002     0.002     0.838     3.911     6.630     0.233     0.685     0.602     1.912     1.791     1.058     0.847
Nurses              0.023     0.023     0.798     0.532    -0.800    -0.153    -0.592    -1.052     1.450     1.366     1.028     0.737
Therapists          0.004     0.004     0.675     0.904    -0.304    -0.037    -0.066    -0.450     1.586     1.418     1.073     0.631
Professors          0.003     0.003     1.283     1.518    -0.668    -0.107     0.412     0.356     1.477     1.505     1.039     1.272
Teachers            0.051     0.051     0.902     0.883    -0.651    -0.103    -0.016    -0.198     1.450     1.377     1.076     0.125
Librarians          0.002     0.002     0.914     0.620    -0.413    -0.053    -0.527    -0.460     1.312     1.373     1.026     0.885
Soc.Scientists      0.002     0.002     0.795     1.628    -0.719    -0.123     0.461     0.187     1.545     1.366     1.075     1.269
SocialWork          0.006     0.006     0.832     1.152    -0.183    -0.021     0.150     0.113     1.334     1.291     1.022     1.147
Lawyers             0.002     0.002     0.814     2.750    -0.774    -0.142     0.688     0.479     1.943     1.722     1.052     1.152
Arts/Athletes       0.009     0.009     0.720     1.573    -0.434    -0.057     0.401     0.328     1.342     1.331     1.049     1.129
HealthTechs         0.014     0.014     0.708     0.624    -0.800    -0.153    -0.357    -0.438     1.307     1.332     1.018     0.648
Eng.Techs           0.003     0.003     0.582     3.241    24.806     0.398     0.569     0.512     1.432     1.265     1.048     0.715
ScienceTechs        0.001     0.001     0.609     2.100     2.521     0.138     0.458     0.417     1.391     1.292     1.000     0.825
OtherTechs          0.006     0.006     0.648     1.946    -0.330    -0.040     0.507     0.454     1.405     1.321     1.029     1.062
Sales               0.043     0.043     0.691     2.264    15.286     0.333     0.411     0.399     1.311     1.285     1.038     0.648
Secretaries         0.067     0.067     0.709     0.160    -0.800    -0.153    -4.288    -4.570     1.246     1.202     1.012     0.909
Info.Clerks         0.009     0.009     0.764     0.692    -0.800    -0.153    -0.225    -0.486     1.215     1.158     1.056     0.550
Records             0.009     0.009     0.651     0.775    -0.771    -0.141    -0.109    -0.256     1.293     1.253     1.093     0.406
FinancialClerk      0.027     0.027     0.712     0.553    -0.800    -0.153    -0.531    -0.972     1.287     1.131     1.091     0.720
OfficeMachine       0.000     0.000     0.677     1.097     6.896     0.237    -0.128    -0.095     1.133     1.166     1.012    -1.299
ComputerTech        0.008     0.008     0.607     1.182    67.128     0.545    -0.307    -0.415     1.286     1.188     1.040    -1.606
Mail                0.002     0.002     0.519     2.213    12.095     0.303     0.411     0.333     1.295     1.144     1.091     0.666
Clerks              0.008     0.008     0.583     1.917    10.152     0.282     0.331     0.298     1.249     1.191     1.089     0.618
Insurance           0.006     0.006     0.678     1.110    -0.800    -0.153     0.237    -0.104     1.351     1.255     1.129     2.590
Misc.Admin          0.034     0.034     0.719     0.674    -0.800    -0.153    -0.257    -0.351     1.185     1.274     1.052     0.580
PrivateHshld        0.003     0.003     0.784     0.922    13.338     0.316    -0.426    -0.652     1.333     1.150     1.137     4.399
Firefighting        0.000     0.000     0.497     1.000     0.000     0.000     0.000     0.000     0.472     1.336     0.435     0.000
Police              0.001     0.001     0.521     1.000     0.000     0.000     0.000     0.000     0.427     1.254     0.427     0.000
Guards              0.001     0.001     0.609     1.000     0.000     0.000     0.000     0.000     1.096     1.133     0.813       NaN
FoodPrep            0.021     0.021     0.843     1.117    27.385     0.411    -0.263    -0.367     1.230     1.136     1.070    -2.109
HealthService       0.014     0.014     0.799     0.595    -0.605    -0.091    -0.528    -0.549     1.228     1.326     1.053     0.816
Cleaning            0.003     0.003     0.666     1.000     0.000     0.000     0.000     0.000     0.665     1.130     0.605    -0.000
PersonalService     0.018     0.018     0.827     0.788    -0.800    -0.153    -0.075    -0.207     1.103     1.120     1.060     0.303
FarmMgrs            0.001     0.001     0.883     1.000     0.000     0.000     0.000     0.000     0.514     1.084     0.356     0.000
FarmWork            0.002     0.002     0.703     1.000     0.000     0.000     0.000     0.000     1.080     1.145     0.769       NaN
Agriculture         0.001     0.001     0.722     1.000     0.000     0.000     0.000     0.000     1.015     1.115     0.836       NaN
Forest              0.000     0.000     0.553     1.000     0.000     0.000     0.000     0.000     0.537     1.102     0.564    -0.000
Mechanics           0.001     0.001     0.483     1.000     0.000     0.000     0.000     0.000     0.395     1.160     0.253       NaN
Elec.Repairer       0.001     0.001     0.444     4.355   472.374     0.886     0.567     0.511     1.303     1.153     1.059     0.569
Misc.Repairer       0.001     0.001     0.566     1.000     0.000     0.000     0.000     0.000     0.807     1.102     0.698       NaN
Construction        0.002     0.002     0.555     1.000     0.000     0.000     0.000     0.000     0.414     1.118     0.319     0.000
Extractive          0.000     0.000     0.437     1.000     0.000     0.000     0.000     0.000     0.845     1.132     0.443     0.000
Supervisor(P)       0.004     0.004     0.554     1.000     0.000     0.000     0.000     0.000     0.915     1.237     0.672     0.000
MetalWork           0.001     0.001     0.530     1.000     0.000     0.000     0.000     0.000     1.079     1.171     0.690       NaN
WoodWork            0.000     0.000     0.674     1.000     0.000     0.000     0.000     0.000     0.886     1.156     0.739    -0.000
Textiles            0.001     0.001     0.659     1.000     0.000     0.000     0.000     0.000     1.005     1.131     0.953       NaN
Other               0.001     0.001     0.619     2.296    71.977     0.556     0.322     0.306     1.245     1.216     1.085     0.468
Food                0.001     0.001     0.612     1.000     0.000     0.000     0.000     0.000     0.551     1.054     0.507     0.000
PlantOperator       0.000     0.000     0.454     1.000     0.000     0.000     0.000     0.000     1.026     1.219     0.685       NaN
MetalMach.          0.002     0.002     0.541     1.000     0.000     0.000     0.000     0.000     0.994     1.135     0.768       NaN
MetalProc.          0.001     0.001     0.551     1.000     0.000     0.000     0.000     0.000     1.121     1.205     1.000     0.000
WoodMach.           0.000     0.000     0.617     1.000     0.000     0.000     0.000     0.000     0.975     1.061     0.712    -0.000
TextileMach.        0.002     0.002     0.597     1.000     0.000     0.000     0.000     0.000     0.901     1.172     0.846       NaN
PrintMach.          0.012     0.012     0.644     1.000     0.000     0.000     0.000     0.000     1.096     1.222     1.000       NaN
OtherMach.          0.011     0.011     0.583     1.000     0.000     0.000     0.000     0.000     1.080     1.160     0.841    -0.000
Fabricators         0.011     0.011     0.574     1.000     0.000     0.000     0.000     0.000     1.101     1.128     0.901       NaN
Prod.Inspectors     0.005     0.005     0.592     1.880    15.235     0.333     0.291     0.290     1.197     1.195     1.027     0.545
MotorVehicle        0.003     0.003     0.573     1.000     0.000     0.000     0.000     0.000     0.616     1.078     0.433       NaN
OtherVehicle        0.001     0.001     0.538     1.000     0.000     0.000     0.000     0.000     1.337     1.149     1.000     0.000
Freight             0.009     0.009     0.609     1.000     0.000     0.000     0.000     0.000     0.978     1.105     0.787     0.000
 
======================================
 YEAR = 1990
======================================
  Note: tauh* := (1+tauh)^eta - 1 
 
                       pY     pfitY         Z    TauHat      TauH     tauh*     TauW0     TauW1  wagegrth  wagegrWM ExpFactor     alpha
---------------------------------------------------------------------------------------------------------------------------------------
Home                0.347       NaN     1.000       NaN     0.000     0.000     0.000     0.000       NaN       NaN     1.000       NaN
Managers            0.058     0.058     0.593     1.578    -0.800    -0.153     0.463     0.425     1.433     1.469     1.000     1.363
MgmtRelated         0.046     0.046     0.653     1.131    -0.800    -0.153     0.251     0.229     1.269     1.340     1.017     2.347
Architects          0.001     0.001     0.649     2.215  3809.179     1.338    -0.056     0.035     1.243     1.360     1.000    -0.068
Engineers           0.004     0.004     0.533     2.960     1.236     0.086     0.633     0.657     1.197     1.279     1.000     0.924
Math/CompSci        0.006     0.006     0.560     1.508    -0.661    -0.106     0.407     0.406     1.179     1.178     1.000     1.271
Science             0.002     0.002     0.705     1.557    -0.800    -0.153     0.456     0.374     1.379     1.426     1.000     1.374
Doctors             0.003     0.003     0.792     2.130    -0.800    -0.153     0.602     0.448     1.648     1.778     1.001     1.219
Nurses              0.028     0.028     0.625     0.413    -0.800    -0.153    -1.052    -1.028     1.228     1.243     1.000     0.813
Therapists          0.006     0.006     0.636     0.584    -0.800    -0.153    -0.450    -0.422     1.262     1.329     1.000     0.692
Professors          0.003     0.003     1.480     1.315    -0.800    -0.153     0.356     0.240     1.512     1.440     1.036     1.605
Teachers            0.037     0.037     0.869     0.707    -0.800    -0.153    -0.198    -0.288     1.260     1.238     1.079     0.522
Librarians          0.001     0.001     0.981     0.734     0.947     0.071    -0.460    -0.599     1.409     1.286     1.130     1.221
Soc.Scientists      0.003     0.003     0.751     1.043    -0.800    -0.153     0.187     0.075     1.337     1.389     1.000     4.981
SocialWork          0.006     0.006     0.836     0.955    -0.800    -0.153     0.113    -0.057     1.221     1.251     1.013    -2.616
Lawyers             0.005     0.005     0.704     1.625    -0.800    -0.153     0.479     0.377     1.291     1.391     1.000     1.342
Arts/Athletes       0.014     0.014     0.689     1.260    -0.800    -0.153     0.328     0.293     1.228     1.311     1.000     1.717
HealthTechs         0.018     0.018     0.673     0.589    -0.800    -0.153    -0.438    -0.370     1.233     1.295     1.000     0.687
Eng.Techs           0.004     0.004     0.585     2.562     7.785     0.251     0.512     0.511     1.192     1.191     1.051     0.762
ScienceTechs        0.001     0.001     0.600     1.686    -0.149    -0.017     0.417     0.361     1.332     1.216     1.021     1.032
OtherTechs          0.011     0.011     0.597     1.550    -0.800    -0.153     0.454     0.525     1.373     1.580     1.000     1.378
Sales               0.070     0.070     0.667     1.771     0.831     0.064     0.399     0.414     1.234     1.266     1.010     0.891
Secretaries         0.055     0.055     0.720     0.152    -0.800    -0.153    -4.570    -4.146     1.193     1.291     1.000     0.912
Info.Clerks         0.014     0.014     0.794     0.570    -0.800    -0.153    -0.486    -0.620     1.211     1.188     1.031     0.705
Records             0.006     0.006     0.714     0.674    -0.800    -0.153    -0.256    -0.338     1.130     1.061     1.076     0.579
FinancialClerk      0.026     0.026     0.728     0.430    -0.800    -0.153    -0.972    -1.121     1.299     1.208     1.091     0.804
OfficeMachine       0.000     0.000     0.715     1.191    12.256     0.305    -0.095    -0.163     1.642     1.547     1.014    -0.521
ComputerTech        0.008     0.008     0.670     1.070    54.956     0.514    -0.415    -0.395     1.144     1.160     1.014    -5.139
Mail                0.004     0.004     0.538     1.389    -0.524    -0.074     0.333     0.346     1.085     1.105     1.031     1.232
Clerks              0.013     0.013     0.632     1.459     0.252     0.023     0.298     0.315     1.147     1.175     1.025     0.939
Insurance           0.014     0.014     0.696     0.767    -0.800    -0.153    -0.104    -0.061     1.191     1.239     1.005     0.374
Misc.Admin          0.036     0.036     0.774     0.627    -0.800    -0.153    -0.351    -0.448     1.275     1.190     1.070     0.645
PrivateHshld        0.005     0.005     0.874     0.702     3.200     0.159    -0.652    -1.215     1.347     1.005     1.200     1.417
Firefighting        0.000     0.000     0.511     1.000     0.000     0.000     0.000     0.000     1.301     1.267     0.930     0.000
Police              0.002     0.002     0.527     1.000     0.000     0.000     0.000     0.000     0.949     1.235     0.854       NaN
Guards              0.002     0.002     0.635     1.000     0.000     0.000     0.000     0.000     1.023     1.164     0.830     0.000
FoodPrep            0.029     0.029     0.871     1.091    47.259     0.491    -0.367    -0.392     1.232     1.210     1.080    -3.601
HealthService       0.017     0.017     0.821     0.547    -0.800    -0.153    -0.549    -1.024     1.317     1.124     1.117     0.725
Cleaning            0.005     0.005     0.776     1.000     0.000     0.000     0.000     0.000     1.113     1.137     0.845       NaN
PersonalService     0.021     0.021     0.942     0.702    -0.800    -0.153    -0.207    -0.234     1.312     1.359     1.000     0.532
FarmMgrs            0.001     0.001     0.920     1.000     0.000     0.000     0.000     0.000     1.190     1.211     0.723     0.000
FarmWork            0.001     0.001     0.753     1.000     0.000     0.000     0.000     0.000     0.935     1.112     0.700       NaN
Agriculture         0.002     0.002     0.752     1.000     0.000     0.000     0.000     0.000     1.288     1.186     1.000       NaN
Forest              0.000     0.000     0.580     1.000     0.000     0.000     0.000     0.000     0.638     1.182     0.604     0.000
Mechanics           0.001     0.001     0.522     1.000     0.000     0.000     0.000     0.000     0.947     1.206     0.587       NaN
Elec.Repairer       0.001     0.001     0.506     3.753   363.781     0.836     0.511     0.505     1.177     1.164     1.030     0.541
Misc.Repairer       0.001     0.001     0.574     1.000     0.000     0.000     0.000     0.000     1.176     1.152     1.000     0.000
Construction        0.003     0.003     0.573     1.000     0.000     0.000     0.000     0.000     0.913     1.167     0.561    -0.000
Extractive          0.000     0.000     0.457     1.000     0.000     0.000     0.000     0.000     0.563     1.140     0.368     0.000
Supervisor(P)       0.003     0.003     0.548     1.000     0.000     0.000     0.000     0.000     0.935     1.170     0.825    -0.000
MetalWork           0.001     0.001     0.594     1.000     0.000     0.000     0.000     0.000     0.804     1.142     0.698       NaN
WoodWork            0.000     0.000     0.718     1.000     0.000     0.000     0.000     0.000     1.223     1.155     1.000       NaN
Textiles            0.001     0.001     0.747     1.000     0.000     0.000     0.000     0.000     1.164     1.141     0.980    -0.000
Other               0.002     0.002     0.651     1.774     6.486     0.230     0.306    -0.040     1.541     1.150     1.291     0.638
Food                0.002     0.002     0.694     1.000     0.000     0.000     0.000     0.000     0.877     1.098     0.829       NaN
PlantOperator       0.000     0.000     0.477     1.000     0.000     0.000     0.000     0.000     1.130     1.146     1.000    -0.000
MetalMach.          0.001     0.001     0.636     1.000     0.000     0.000     0.000     0.000     0.908     1.116     0.724     0.000
MetalProc.          0.000     0.000     0.638     1.000     0.000     0.000     0.000     0.000     1.037     1.157     0.765     0.000
WoodMach.           0.000     0.000     0.661     1.000     0.000     0.000     0.000     0.000     0.896     1.448     0.621     0.000
TextileMach.        0.003     0.003     0.628     1.000     0.000     0.000     0.000     0.000     1.122     1.127     1.000       NaN
PrintMach.          0.009     0.009     0.747     1.000     0.000     0.000     0.000     0.000     1.182     1.134     1.000       NaN
OtherMach.          0.009     0.009     0.644     1.000     0.000     0.000     0.000     0.000     1.021     1.140     0.871     0.000
Fabricators         0.010     0.010     0.654     1.000     0.000     0.000     0.000     0.000     1.116     1.165     0.943    -0.000
Prod.Inspectors     0.004     0.004     0.656     1.741     6.833     0.236     0.290     0.281     1.207     1.193     1.002     0.618
MotorVehicle        0.005     0.005     0.630     1.000     0.000     0.000     0.000     0.000     0.862     1.166     0.636       NaN
OtherVehicle        0.000     0.000     0.530     1.000     0.000     0.000     0.000     0.000     1.111     1.150     0.945       NaN
Freight             0.009     0.009     0.697     1.000     0.000     0.000     0.000     0.000     1.082     1.152     0.897       NaN
 
======================================
 YEAR = 2000
======================================
  Note: tauh* := (1+tauh)^eta - 1 
 
                       pY     pfitY         Z    TauHat      TauH     tauh*     TauW0     TauW1  wagegrth  wagegrWM ExpFactor     alpha
---------------------------------------------------------------------------------------------------------------------------------------
Home                0.337       NaN     1.000       NaN     0.000     0.000     0.000     0.000       NaN       NaN     1.037       NaN
Managers            0.058     0.058     0.746     1.473    -0.800    -0.153     0.425     0.374     1.301     1.282     1.000     1.428
MgmtRelated         0.055     0.055     0.839     1.100    -0.800    -0.153     0.229     0.244     1.270     1.335     1.000     2.747
Architects          0.001     0.001     0.916     1.907   371.733     0.840     0.035     0.050     1.328     1.349     1.000     0.055
Engineers           0.003     0.003     0.720     2.770    -0.384    -0.049     0.657     0.652     1.332     1.316     1.000     1.049
Math/CompSci        0.009     0.009     0.718     1.735     0.333     0.030     0.406     0.419     1.202     1.229     1.000     0.946
Science             0.004     0.004     1.072     1.354    -0.800    -0.153     0.374     0.239     1.507     1.548     1.000     1.547
Doctors             0.004     0.004     1.000     1.536    -0.800    -0.153     0.448     0.239     1.664     1.761     1.017     1.386
Nurses              0.024     0.024     0.827     0.476    -0.297    -0.036    -1.028    -0.937     1.296     1.357     1.000     0.951
Therapists          0.009     0.009     0.888     0.596    -0.800    -0.153    -0.422    -0.673     1.239     1.396     1.000     0.680
Professors          0.005     0.005     1.795     1.115    -0.800    -0.153     0.240     0.175     1.521     1.540     1.010     2.526
Teachers            0.060     0.060     1.165     0.658    -0.800    -0.153    -0.288    -0.369     1.275     1.351     1.012     0.604
Librarians          0.001     0.001     1.235     0.598    -0.355    -0.044    -0.599    -0.700     1.310     1.431     1.019     0.912
Soc.Scientists      0.003     0.003     0.983     0.916    -0.800    -0.153     0.075    -0.048     1.413     1.510     1.000    -0.884
SocialWork          0.010     0.010     1.088     0.802    -0.800    -0.153    -0.057    -0.118     1.226     1.250     1.000     0.250
Lawyers             0.005     0.005     0.938     1.360    -0.800    -0.153     0.377     0.314     1.409     1.525     1.000     1.540
Arts/Athletes       0.015     0.015     0.882     1.198    -0.800    -0.153     0.293     0.291     1.123     1.226     1.000     1.918
HealthTechs         0.015     0.015     0.857     0.712    -0.216    -0.025    -0.370    -0.309     1.237     1.295     1.038     0.926
Eng.Techs           0.003     0.003     0.803     2.291     1.990     0.119     0.511     0.522     1.217     1.242     1.000     0.864
ScienceTechs        0.001     0.001     0.782     1.536    -0.162    -0.018     0.361     0.386     1.203     1.251     1.000     1.042
OtherTechs          0.012     0.012     0.813     1.844    -0.724    -0.124     0.525     0.559     1.194     1.287     1.000     1.217
Sales               0.070     0.070     0.863     1.602    -0.463    -0.062     0.414     0.427     1.092     1.154     1.000     1.136
Secretaries         0.038     0.038     0.975     0.276    28.860     0.419    -4.146    -4.173     1.142     1.136     1.013     1.272
Info.Clerks         0.015     0.015     1.053     0.523    -0.800    -0.153    -0.620    -0.566     1.118     1.156     1.000     0.744
Records             0.004     0.004     0.995     0.717    -0.329    -0.040    -0.338    -0.447     1.275     1.179     1.109     0.876
FinancialClerk      0.022     0.022     0.947     0.426    -0.630    -0.097    -1.121    -1.018     1.190     1.251     1.025     0.880
OfficeMachine       0.001     0.001     0.815     1.132    13.488     0.317    -0.163    -0.268     1.167     1.070     1.000    -1.214
ComputerTech        0.002     0.002     0.969     1.214   165.847     0.694    -0.395    -0.252     1.134     1.264     1.008    -1.715
Mail                0.002     0.002     0.825     1.554     0.174     0.017     0.346     0.333     1.222     1.199     1.000     0.962
Clerks              0.012     0.012     0.860     1.479     0.130     0.013     0.315     0.285     1.127     1.080     1.037     0.968
Insurance           0.028     0.028     0.898     0.803    -0.789    -0.148    -0.061    -0.048     1.104     1.118     1.004     0.271
Misc.Admin          0.024     0.024     1.017     0.603    -0.733    -0.127    -0.448    -0.425     1.201     1.220     1.024     0.731
PrivateHshld        0.006     0.006     1.184     0.494     1.398     0.094    -1.215    -1.352     1.100     1.036     1.065     1.128
Firefighting        0.000     0.000     0.677     1.000     0.000     0.000     0.000     0.000     1.197     1.315     1.000       NaN
Police              0.004     0.004     0.731     1.000     0.000     0.000     0.000     0.000     1.145     1.285     0.952       NaN
Guards              0.001     0.001     0.865     1.000     0.000     0.000     0.000     0.000     1.096     1.158     0.974       NaN
FoodPrep            0.028     0.028     1.121     1.203   147.936     0.674    -0.392    -0.384     0.995     1.000     1.018    -1.792
HealthService       0.022     0.022     1.062     0.419    -0.800    -0.153    -1.024    -0.921     1.078     1.158     1.009     0.810
Cleaning            0.003     0.003     1.022     1.000     0.000     0.000     0.000     0.000     0.930     1.075     0.854    -0.000
PersonalService     0.028     0.028     1.184     0.687    -0.800    -0.153    -0.234    -0.288     1.111     1.087     1.000     0.559
FarmMgrs            0.001     0.001     1.031     1.000     0.000     0.000     0.000     0.000     0.990     1.308     0.814    -0.000
FarmWork            0.001     0.001     0.942     1.000     0.000     0.000     0.000     0.000     1.016     1.046     1.000     0.000
Agriculture         0.002     0.002     0.930     1.000     0.000     0.000     0.000     0.000     1.026     0.982     0.994       NaN
Forest              0.000     0.000     0.852     1.000     0.000     0.000     0.000     0.000     0.831     1.122     0.522       NaN
Mechanics           0.001     0.001     0.711     1.000     0.000     0.000     0.000     0.000     1.180     1.090     1.000     0.000
Elec.Repairer       0.001     0.001     0.708     4.184  1167.668     1.070     0.505     0.502     1.145     1.138     1.000     0.492
Misc.Repairer       0.001     0.001     0.790     1.000     0.000     0.000     0.000     0.000     1.076     1.103     1.000       NaN
Construction        0.003     0.003     0.792     1.000     0.000     0.000     0.000     0.000     1.121     1.068     1.000       NaN
Extractive          0.000     0.000     0.803     1.000     0.000     0.000     0.000     0.000     0.789     1.282     0.234       NaN
Supervisor(P)       0.003     0.003     0.735     1.000     0.000     0.000     0.000     0.000     1.160     1.177     1.000       NaN
MetalWork           0.000     0.000     0.807     1.000     0.000     0.000     0.000     0.000     1.015     1.076     1.000       NaN
WoodWork            0.000     0.000     1.011     1.000     0.000     0.000     0.000     0.000     1.280     1.043     1.000     0.000
Textiles            0.000     0.000     0.922     1.000     0.000     0.000     0.000     0.000     0.990     0.989     0.951     0.000
Other               0.005     0.005     0.928     0.815    -0.800    -0.153    -0.040    -0.278     1.237     1.107     1.049     0.191
Food                0.002     0.002     0.910     1.000     0.000     0.000     0.000     0.000     0.919     1.001     0.947       NaN
PlantOperator       0.000     0.000     0.649     1.000     0.000     0.000     0.000     0.000     1.031     1.181     1.000       NaN
MetalMach.          0.001     0.001     0.839     1.000     0.000     0.000     0.000     0.000     1.004     0.990     1.000       NaN
MetalProc.          0.000     0.000     0.863     1.000     0.000     0.000     0.000     0.000     0.970     1.009     0.908    -0.000
WoodMach.           0.002     0.002     0.834     1.000     0.000     0.000     0.000     0.000     1.034     1.030     1.000       NaN
TextileMach.        0.001     0.001     0.876     1.000     0.000     0.000     0.000     0.000     1.044     1.022     1.000    -0.000
PrintMach.          0.004     0.004     0.962     1.000     0.000     0.000     0.000     0.000     0.997     0.981     1.039       NaN
OtherMach.          0.007     0.007     0.872     1.000     0.000     0.000     0.000     0.000     1.025     1.058     1.000     0.000
Fabricators         0.006     0.006     0.860     1.000     0.000     0.000     0.000     0.000     1.028     1.053     1.000    -0.000
Prod.Inspectors     0.004     0.004     0.873     1.693     5.715     0.217     0.281     0.326     1.083     1.154     1.000     0.628
MotorVehicle        0.005     0.005     0.875     1.000     0.000     0.000     0.000     0.000     0.972     1.043     0.864    -0.000
OtherVehicle        0.000     0.000     0.678     1.000     0.000     0.000     0.000     0.000     1.224     1.155     1.000       NaN
Freight             0.006     0.006     0.949     1.000     0.000     0.000     0.000     0.000     0.958     1.022     0.899       NaN
 
======================================
 YEAR = 2010
======================================
  Note: tauh* := (1+tauh)^eta - 1 
 
                       pY     pfitY         Z    TauHat      TauH     tauh*     TauW0     TauW1  wagegrth  wagegrWM ExpFactor     alpha
---------------------------------------------------------------------------------------------------------------------------------------
Home                0.309       NaN     1.000       NaN     0.000     0.000     0.000       NaN     0.000     0.000     0.000       NaN
Managers            0.059     0.059     0.662     1.352    -0.800    -0.153     0.374       NaN     0.000     0.000     0.000     1.549
MgmtRelated         0.047     0.047     0.707     1.120    -0.800    -0.153     0.244       NaN     0.000     0.000     0.000     2.460
Architects          0.001     0.001     0.752     1.435    19.352     0.364     0.050       NaN     0.000     0.000     0.000     0.141
Engineers           0.003     0.003     0.592     2.533    -0.710    -0.120     0.652       NaN     0.000     0.000     0.000     1.137
Math/CompSci        0.007     0.007     0.628     1.928     2.013     0.120     0.419       NaN     0.000     0.000     0.000     0.827
Science             0.005     0.005     0.853     1.113    -0.800    -0.153     0.239       NaN     0.000     0.000     0.000     2.546
Doctors             0.006     0.006     0.820     1.114    -0.800    -0.153     0.239       NaN     0.000     0.000     0.000     2.540
Nurses              0.033     0.033     0.709     0.444    -0.768    -0.140    -0.937       NaN     0.000     0.000     0.000     0.815
Therapists          0.012     0.012     0.777     0.507    -0.800    -0.153    -0.673       NaN     0.000     0.000     0.000     0.756
Professors          0.007     0.007     1.607     1.027    -0.800    -0.153     0.175       NaN     0.000     0.000     0.000     7.194
Teachers            0.077     0.077     0.976     0.619    -0.800    -0.153    -0.369       NaN     0.000     0.000     0.000     0.655
Librarians          0.001     0.001     1.143     0.498    -0.800    -0.153    -0.700       NaN     0.000     0.000     0.000     0.762
Soc.Scientists      0.005     0.005     0.763     0.809    -0.800    -0.153    -0.048       NaN     0.000     0.000     0.000     0.220
SocialWork          0.012     0.012     0.918     0.758    -0.800    -0.153    -0.118       NaN     0.000     0.000     0.000     0.403
Lawyers             0.006     0.006     0.747     1.234    -0.800    -0.153     0.314       NaN     0.000     0.000     0.000     1.787
Arts/Athletes       0.015     0.015     0.810     1.194    -0.800    -0.153     0.291       NaN     0.000     0.000     0.000     1.934
HealthTechs         0.018     0.018     0.709     0.679    -0.683    -0.112    -0.309       NaN     0.000     0.000     0.000     0.695
Eng.Techs           0.002     0.002     0.695     2.090     0.001     0.000     0.522       NaN     0.000     0.000     0.000     1.000
ScienceTechs        0.001     0.001     0.693     1.469    -0.630    -0.097     0.386       NaN     0.000     0.000     0.000     1.266
OtherTechs          0.009     0.009     0.729     2.122    -0.477    -0.065     0.559       NaN     0.000     0.000     0.000     1.089
Sales               0.070     0.070     0.804     1.479    -0.800    -0.153     0.427       NaN     0.000     0.000     0.000     1.423
Secretaries         0.030     0.030     0.899     0.326   159.956     0.688    -4.173       NaN     0.000     0.000     0.000     1.467
Info.Clerks         0.015     0.015     0.929     0.546    -0.782    -0.145    -0.566       NaN     0.000     0.000     0.000     0.741
Records             0.005     0.005     0.883     0.691     0.000     0.000    -0.447       NaN     0.000     0.000     0.000     1.000
FinancialClerk      0.014     0.014     0.815     0.525     0.767     0.060    -1.018       NaN     0.000     0.000     0.000     1.091
OfficeMachine       0.000     0.000     0.833     0.846     0.973     0.072    -0.268       NaN     0.000     0.000     0.000     1.419
ComputerTech        0.001     0.001     0.827     1.186    45.397     0.485    -0.252       NaN     0.000     0.000     0.000    -1.317
Mail                0.001     0.001     0.717     1.836     6.115     0.224     0.333       NaN     0.000     0.000     0.000     0.667
Clerks              0.011     0.011     0.774     1.428     0.221     0.021     0.285       NaN     0.000     0.000     0.000     0.942
Insurance           0.027     0.027     0.812     0.836    -0.724    -0.124    -0.048       NaN     0.000     0.000     0.000     0.261
Misc.Admin          0.022     0.022     0.877     0.625    -0.673    -0.109    -0.425       NaN     0.000     0.000     0.000     0.755
PrivateHshld        0.008     0.008     1.044     0.434     0.222     0.021    -1.352       NaN     0.000     0.000     0.000     1.025
Firefighting        0.000     0.000     0.553     1.000     0.000     0.000     0.000       NaN     0.000     0.000     0.000       NaN
Police              0.004     0.004     0.610     1.000     0.000     0.000     0.000       NaN     0.000     0.000     0.000       NaN
Guards              0.002     0.002     0.753     1.000     0.000     0.000     0.000       NaN     0.000     0.000     0.000       NaN
FoodPrep            0.042     0.042     1.033     1.162    99.827     0.608    -0.384       NaN     0.000     0.000     0.000    -2.166
HealthService       0.035     0.035     0.946     0.441    -0.800    -0.153    -0.921       NaN     0.000     0.000     0.000     0.798
Cleaning            0.004     0.004     0.973     1.000     0.000     0.000     0.000       NaN     0.000     0.000     0.000       NaN
PersonalService     0.030     0.030     1.022     0.658    -0.800    -0.153    -0.288       NaN     0.000     0.000     0.000     0.604
FarmMgrs            0.001     0.001     0.875     1.000     0.000     0.000     0.000       NaN     0.000     0.000     0.000       NaN
FarmWork            0.002     0.002     0.821     1.000     0.000     0.000     0.000       NaN     0.000     0.000     0.000       NaN
Agriculture         0.003     0.003     0.836     1.000     0.000     0.000     0.000       NaN     0.000     0.000     0.000       NaN
Forest              0.000     0.000     0.639     1.000     0.000     0.000     0.000       NaN     0.000     0.000     0.000       NaN
Mechanics           0.001     0.001     0.639     1.000     0.000     0.000     0.000       NaN     0.000     0.000     0.000       NaN
Elec.Repairer       0.001     0.001     0.656     4.796  4651.115     1.387     0.502       NaN     0.000     0.000     0.000     0.445
Misc.Repairer       0.001     0.001     0.727     1.000     0.000     0.000     0.000       NaN     0.000     0.000     0.000       NaN
Construction        0.002     0.002     0.696     1.000     0.000     0.000     0.000       NaN     0.000     0.000     0.000       NaN
Extractive          0.000     0.000     0.592     1.000     0.000     0.000     0.000       NaN     0.000     0.000     0.000     0.000
Supervisor(P)       0.001     0.001     0.650     1.000     0.000     0.000     0.000       NaN     0.000     0.000     0.000       NaN
MetalWork           0.000     0.000     0.749     1.000     0.000     0.000     0.000       NaN     0.000     0.000     0.000       NaN
WoodWork            0.000     0.000     0.849     1.000     0.000     0.000     0.000       NaN     0.000     0.000     0.000       NaN
Textiles            0.000     0.000     0.932     1.000     0.000     0.000     0.000       NaN     0.000     0.000     0.000    -0.000
Other               0.008     0.008     0.797     0.663    -0.800    -0.153    -0.278       NaN     0.000     0.000     0.000     0.596
Food                0.002     0.002     0.855     1.000     0.000     0.000     0.000       NaN     0.000     0.000     0.000       NaN
PlantOperator       0.000     0.000     0.485     1.000     0.000     0.000     0.000       NaN     0.000     0.000     0.000     0.000
MetalMach.          0.000     0.000     0.801     1.000     0.000     0.000     0.000       NaN     0.000     0.000     0.000    -0.000
MetalProc.          0.000     0.000     0.838     1.000     0.000     0.000     0.000       NaN     0.000     0.000     0.000    -0.000
WoodMach.           0.001     0.001     0.816     1.000     0.000     0.000     0.000       NaN     0.000     0.000     0.000    -0.000
TextileMach.        0.000     0.000     0.794     1.000     0.000     0.000     0.000       NaN     0.000     0.000     0.000     0.000
PrintMach.          0.002     0.002     0.912     1.000     0.000     0.000     0.000       NaN     0.000     0.000     0.000       NaN
OtherMach.          0.005     0.005     0.807     1.000     0.000     0.000     0.000       NaN     0.000     0.000     0.000       NaN
Fabricators         0.003     0.003     0.800     1.000     0.000     0.000     0.000       NaN     0.000     0.000     0.000     0.000
Prod.Inspectors     0.002     0.002     0.743     1.918    11.155     0.293     0.326       NaN     0.000     0.000     0.000     0.605
MotorVehicle        0.003     0.003     0.806     1.000     0.000     0.000     0.000       NaN     0.000     0.000     0.000     0.000
OtherVehicle        0.000     0.000     0.590     1.000     0.000     0.000     0.000       NaN     0.000     0.000     0.000     0.000
Freight             0.005     0.005     0.901     1.000     0.000     0.000     0.000       NaN     0.000     0.000     0.000     0.000
 
mg(g,t):
mg =

   2.0434e+08   2.1084e+08   1.3335e+08   1.5190e+08   2.6596e+08   1.6918e+08
   2.3879e+07   3.1547e+07   2.7054e+07   4.4467e+07   1.1445e+08   8.2480e+07
            0            0            0            0            0            0
            0            0            0            0            0            0

 
 
 
 
--------------------------------------------------------------------------------------------------
                          >>>>> Black Men <<<<<
--------------------------------------------------------------------------------------------------
 
======================================
 YEAR = 1960
======================================
  Note: tauh* := (1+tauh)^eta - 1 
 
                       pY     pfitY         Z    TauHat      TauH     tauh*     TauW0     TauW1  wagegrth  wagegrWM ExpFactor     alpha
---------------------------------------------------------------------------------------------------------------------------------------
Home                0.202       NaN     1.000       NaN     0.000     0.000     0.000     0.000       NaN       NaN     1.000       NaN
Managers            0.009     0.009     0.965     4.760  1946.511     1.182     0.542     0.352     2.045     1.446     1.152     0.500
MgmtRelated         0.004     0.004     0.920     3.633   523.776     0.906     0.475     0.408     1.516     1.344     1.164     0.500
Architects          0.000       NaN       NaN       NaN       NaN       NaN       NaN     0.338       NaN     1.437     1.347       NaN
Engineers           0.001     0.001     0.835     5.783  5009.436     1.405     0.584     0.527     1.552     1.364     1.214     0.500
Math/CompSci        0.000     0.000     0.979     3.413   386.039     0.847     0.459     0.169     2.127     1.385     1.035     0.500
Science             0.001     0.001     1.031     3.178   272.827     0.783     0.439     0.382     1.454     1.320     1.102     0.500
Doctors             0.001     0.001     1.379     3.419   389.876     0.849     0.459     0.419     2.159     2.008     1.145     0.500
Nurses              0.001     0.001     1.410     2.348    61.985     0.532     0.347     0.305     1.441     1.353     1.029     0.500
Therapists          0.000     0.000     1.426     1.259     2.060     0.122     0.109    -0.077     1.625     1.344     1.080     0.500
Professors          0.000     0.000     1.966     3.128   252.715     0.769     0.435     0.519     1.332     1.564     1.102     0.500
Teachers            0.014     0.014     1.415     1.501     6.192     0.225     0.184     0.150     1.455     1.398     1.025     0.500
Librarians          0.000       NaN       NaN       NaN       NaN       NaN       NaN     0.149       NaN     1.411     1.347       NaN
Soc.Scientists      0.000     0.000     1.512     5.938  5695.908     1.437     0.590     0.334     2.571     1.584     1.181     0.500
SocialWork          0.004     0.004     1.460     1.321     2.868     0.149     0.130     0.020     1.513     1.343     1.078     0.500
Lawyers             0.001     0.001     1.787     5.004  2479.907     1.237     0.553     0.308     2.641     1.707     1.000     0.500
Arts/Athletes       0.005     0.005     1.053     2.227    47.742     0.492     0.330     0.205     1.574     1.326     1.000     0.500
HealthTechs         0.002     0.002     0.920     1.196     1.387     0.094     0.086    -0.060     1.663     1.434     1.145     0.500
Eng.Techs           0.002     0.002     0.741     2.786   143.699     0.669     0.401     0.417     1.262     1.295     1.151     0.500
ScienceTechs        0.001     0.001     0.827     2.968   195.716     0.723     0.420     0.356     1.378     1.262     1.188     0.500
OtherTechs          0.001     0.001     0.936     2.387    67.266     0.545     0.353     0.312     1.620     1.523     1.006     0.500
Sales               0.012     0.012     0.951     3.654   538.411     0.912     0.477     0.396     1.587     1.374     1.098     0.500
Secretaries         0.002     0.002     0.944     1.485     5.820     0.219     0.179    -0.053     1.676     1.306     1.000     0.500
Info.Clerks         0.000     0.000     0.907     2.523    88.329     0.588     0.370    -0.294     2.557     1.244     1.260     0.500
Records             0.002     0.002     1.163     1.839    18.237     0.356     0.263     0.168     1.599     1.417     1.000     0.500
FinancialClerk      0.001     0.001     0.821     2.441    75.097     0.562     0.360     0.327     1.473     1.402     1.176     0.500
OfficeMachine       0.001     0.001     0.898     2.400    69.097     0.549     0.355    -0.396     1.271     1.181     1.288     0.500
ComputerTech        0.000     0.000     0.817     2.595   101.394     0.611     0.379    -0.010     2.102     1.292     1.201     0.500
Mail                0.020     0.020     0.753     0.663    -0.800    -0.153    -0.277    -0.311     1.270     1.237     1.000     0.596
Clerks              0.020     0.020     0.873     1.141     0.899     0.068     0.064     0.003     1.373     1.290     1.000     0.500
Insurance           0.000     0.000     1.166     8.341 29638.402     1.888     0.654     0.532     1.691     1.493     1.275     0.500
Misc.Admin          0.015     0.015     0.855     1.728    13.242     0.315     0.239     0.193     1.353     1.275     1.159     0.500
PrivateHshld        0.004     0.004     0.859     0.721    -0.795    -0.151    -0.177    -0.755     1.311     0.998     1.151     0.500
Firefighting        0.001     0.001     0.661     2.176    42.540     0.475     0.322     0.110     1.825     1.390     1.000     0.500
Police              0.005     0.005     0.706     1.489     5.900     0.220     0.180     0.250     1.250     1.367     1.000     0.500
Guards              0.003     0.003     0.743     1.012     0.060     0.006     0.006    -0.059     1.283     1.205     1.098     0.500
FoodPrep            0.025     0.025     0.965     0.737    -0.772    -0.141    -0.164    -0.224     1.311     1.248     1.000     0.500
HealthService       0.011     0.011     0.875     0.395    -0.800    -0.153    -1.145    -0.984     1.277     1.380     1.000     0.822
Cleaning            0.029     0.029     0.932     0.420    -0.800    -0.153    -1.018    -1.016     1.298     1.300     1.000     0.809
PersonalService     0.036     0.036     1.037     0.698    -0.800    -0.153    -0.214    -0.430     1.468     1.246     1.000     0.539
FarmMgrs            0.015     0.015     2.165     4.175  1029.717     1.043     0.511     0.436     1.876     1.626     1.000     0.500
FarmWork            0.043     0.043     1.446     0.991    -0.043    -0.004    -0.005    -0.171     1.581     1.357     1.006     0.500
Agriculture         0.006     0.006     1.031     0.920    -0.331    -0.041    -0.042    -0.160     1.334     1.199     1.000     0.500
Forest              0.008     0.008     1.370     1.176     1.200     0.085     0.078    -0.164     1.715     1.359     1.000     0.500
Mechanics           0.014     0.014     0.859     1.799    16.276     0.341     0.254     0.184     1.433     1.309     1.054     0.500
Elec.Repairer       0.003     0.003     0.945     4.012   847.743     1.003     0.501     0.294     1.726     1.221     1.148     0.500
Misc.Repairer       0.016     0.016     0.856     2.012    28.780     0.418     0.295     0.198     1.465     1.288     1.158     0.500
Construction        0.030     0.030     0.863     2.006    28.366     0.416     0.294     0.115     1.506     1.202     1.145     0.500
Extractive          0.002     0.002     0.927     3.449   406.403     0.857     0.462     0.113     1.956     1.188     1.154     0.500
Supervisor(P)       0.004     0.004     0.788     3.229   295.059     0.797     0.444     0.276     1.594     1.225     1.159     0.500
MetalWork           0.006     0.006     0.727     2.489    82.583     0.578     0.366     0.305     1.360     1.240     1.082     0.500
WoodWork            0.000     0.000     0.817     3.180   273.798     0.783     0.439     0.349     1.352     1.166     1.243     0.500
Textiles            0.003     0.003     0.761     1.069     0.380     0.034     0.033     0.063     1.245     1.285     1.000     0.500
Other               0.002     0.002     0.764     1.629     9.687     0.276     0.217     0.200     1.235     1.210     1.000     0.500
Food                0.004     0.004     0.855     1.711    12.562     0.308     0.236     0.076     1.505     1.244     1.099     0.500
PlantOperator       0.001     0.001     0.832     4.083   923.748     1.021     0.505     0.309     1.459     1.045     1.281     0.500
MetalMach.          0.004     0.004     0.708     1.520     6.622     0.233     0.189     0.102     1.277     1.153     1.080     0.500
MetalProc.          0.003     0.003     0.683     0.739    -0.770    -0.140    -0.163    -0.130     1.166     1.200     1.000     0.500
WoodMach.           0.003     0.003     1.039     1.125     0.768     0.060     0.057    -0.039     1.370     1.244     1.000     0.500
TextileMach.        0.002     0.002     0.761     2.523    88.395     0.588     0.370     0.131     1.689     1.224     1.091     0.500
PrintMach.          0.010     0.010     0.951     0.810    -0.639    -0.100    -0.111    -0.309     1.435     1.218     1.000     0.500
OtherMach.          0.113     0.113     0.791     1.134     0.840     0.065     0.061    -0.038     1.367     1.237     1.071     0.500
Fabricators         0.012     0.012     0.667     1.308     2.683     0.144     0.126     0.047     1.281     1.175     1.130     0.500
Prod.Inspectors     0.002     0.002     0.725     2.070    33.161     0.439     0.305     0.303     1.154     1.239     1.153     0.500
MotorVehicle        0.090     0.090     0.923     1.256     2.028     0.121     0.108    -0.104     1.551     1.254     1.036     0.500
OtherVehicle        0.008     0.008     0.764     1.866    19.647     0.366     0.268    -0.002     1.584     1.158     1.159     0.500
Freight             0.160     0.160     0.879     0.716    -0.800    -0.153    -0.183    -0.222     1.294     1.252     1.000     0.503
 
======================================
 YEAR = 1970
======================================
  Note: tauh* := (1+tauh)^eta - 1 
 
                       pY     pfitY         Z    TauHat      TauH     tauh*     TauW0     TauW1  wagegrth  wagegrWM ExpFactor     alpha
---------------------------------------------------------------------------------------------------------------------------------------
Home                0.187       NaN     1.000       NaN     0.000     0.000     0.000     0.000       NaN       NaN     1.112       NaN
Managers            0.031     0.031     0.782     2.238    35.871     0.450     0.352     0.318     1.267     1.204     1.051     0.539
MgmtRelated         0.005     0.005     0.833     2.423    31.930     0.433     0.408     0.281     1.350     1.111     1.236     0.593
Architects          0.000     0.000     1.074     2.280    53.634     0.510     0.338     0.411     0.952     1.071     1.031     0.500
Engineers           0.003     0.003     0.824     3.416   104.509     0.616     0.527     0.471     1.221     1.092     1.208     0.609
Math/CompSci        0.001     0.001     0.822     2.501  1222.260     1.080     0.169     0.068     1.260     1.124     1.194     0.201
Science             0.002     0.002     0.921     1.817     2.098     0.124     0.382     0.415     1.179     1.246     1.000     0.805
Doctors             0.001     0.001     1.340     3.620  1373.145     1.105     0.419     0.094     2.213     1.420     1.111     0.422
Nurses              0.001     0.001     1.132     1.832     9.478     0.274     0.305    -0.001     1.450     1.007     1.078     0.600
Therapists          0.001     0.001     1.109     0.950     0.256     0.024    -0.077    -0.063     1.017     1.030     1.000     1.460
Professors          0.002     0.002     1.571     2.298     1.663     0.106     0.519     0.456     1.239     1.097     1.167     0.879
Teachers            0.018     0.018     1.233     1.360     3.094     0.156     0.150     0.175     1.018     1.048     1.000     0.528
Librarians          0.000     0.000     1.375     1.380     3.771     0.175     0.149     0.245     0.868     1.043     1.000     0.500
Soc.Scientists      0.001     0.001     1.006     2.102    25.200     0.400     0.334     0.326     1.154     1.141     1.039     0.547
SocialWork          0.007     0.007     1.178     0.974    -0.360    -0.045     0.020    -0.001     0.999     0.978     1.000    -0.778
Lawyers             0.001     0.001     1.999     7.2526302764.320     4.016     0.308    -0.168     1.946     1.153     1.112     0.186
Arts/Athletes       0.005     0.005     0.894     1.943    67.327     0.545     0.205     0.177     1.027     0.993     1.008     0.345
HealthTechs         0.003     0.003     1.047     1.104     3.596     0.170    -0.060    -0.264     1.204     1.010     1.069    -0.592
Eng.Techs           0.006     0.006     0.782     2.318    17.767     0.353     0.417     0.386     1.152     1.094     1.147     0.641
ScienceTechs        0.001     0.001     0.760     1.316    -0.800    -0.153     0.356     0.248     1.071     1.154     1.061     1.604
OtherTechs          0.003     0.003     0.754     2.205    56.560     0.518     0.312     0.271     1.150     1.086     1.141     0.472
Sales               0.023     0.023     0.886     2.488    51.349     0.503     0.396     0.361     1.100     1.040     1.007     0.553
Secretaries         0.003     0.003     0.893     1.083     2.589     0.141    -0.053     0.088     0.970     1.120     1.000    -0.653
Info.Clerks         0.001     0.001     0.775     1.609  1241.500     1.083    -0.294    -0.320     1.140     1.118     1.231    -0.542
Records             0.006     0.006     0.858     1.198    -0.031    -0.003     0.168    -0.013     0.989     0.813     1.144     1.018
FinancialClerk      0.003     0.003     0.901     1.894     9.497     0.274     0.327     0.245     1.185     1.056     1.158     0.621
OfficeMachine       0.003     0.003     0.804     0.607    -0.800    -0.153    -0.396    -0.758     1.333     1.059     1.000     0.668
ComputerTech        0.003     0.003     0.764     1.214     6.229     0.226    -0.010     0.097     1.114     1.245     1.000    -0.052
Mail                0.014     0.014     0.743     0.667    -0.730    -0.126    -0.311    -0.295     1.163     1.177     1.000     0.667
Clerks              0.022     0.022     0.795     1.047     0.521     0.044     0.003    -0.069     1.190     1.110     1.031     0.067
Insurance           0.002     0.002     0.684     1.810    -0.800    -0.153     0.532     0.290     1.239     1.025     1.246     1.279
Misc.Admin          0.016     0.016     0.827     1.079    -0.740    -0.130     0.193     0.133     1.039     1.075     1.000     2.829
PrivateHshld        0.011     0.011     0.903     0.483    -0.800    -0.153    -0.755    -1.190     1.033     0.828     1.000     0.772
Firefighting        0.002     0.002     0.614     1.655    42.100     0.474     0.110    -0.022     1.234     1.075     1.002     0.231
Police              0.007     0.007     0.676     1.457     1.354     0.092     0.250     0.080     1.309     1.067     1.162     0.766
Guards              0.005     0.005     0.763     0.811    -0.773    -0.142    -0.059    -0.151     0.978     0.979     1.101     0.272
FoodPrep            0.015     0.015     0.961     0.934     2.638     0.142    -0.224    -0.484     1.062     0.875     1.000     2.935
HealthService       0.005     0.005     0.968     0.583     3.108     0.157    -0.984    -1.025     1.116     1.094     1.112     1.270
Cleaning            0.029     0.029     0.853     0.636    10.149     0.282    -1.016    -1.034     1.019     1.009     1.000     1.549
PersonalService     0.022     0.022     0.863     0.903    10.946     0.291    -0.430    -0.501     0.999     0.951     1.000     3.498
FarmMgrs            0.004     0.004     1.878     6.003139755.198     2.388     0.436     0.133     1.690     1.100     1.000     0.319
FarmWork            0.019     0.019     1.281     1.081     8.872     0.266    -0.171    -0.286     1.306     1.190     1.000    -2.012
Agriculture         0.007     0.007     0.873     0.910     0.692     0.056    -0.160    -0.293     1.076     0.966     1.000     1.575
Forest              0.005     0.005     1.152     1.061     6.786     0.235    -0.164    -0.160     1.088     1.092     1.000    -2.560
Mechanics           0.022     0.022     0.760     1.639    15.882     0.338     0.184     0.110     1.165     1.069     1.064     0.411
Elec.Repairer       0.008     0.008     0.832     2.119    48.926     0.496     0.294     0.137     1.315     1.077     1.077     0.464
Misc.Repairer       0.023     0.023     0.782     1.350     1.163     0.083     0.198     0.110     1.202     1.082     1.000     0.735
Construction        0.058     0.058     0.816     1.531    18.103     0.355     0.115     0.068     1.132     1.074     1.000     0.287
Extractive          0.001     0.001     0.775     2.666  4235.245     1.364     0.113    -0.047     1.417     1.200     1.193     0.123
Supervisor(P)       0.012     0.012     0.730     2.003    35.951     0.450     0.276     0.147     1.314     1.115     1.152     0.465
MetalWork           0.007     0.007     0.775     2.096    37.757     0.457     0.305     0.141     1.303     1.054     1.127     0.491
WoodWork            0.001     0.001     0.817     1.585     0.348     0.031     0.349     0.229     1.046     0.882     1.084     0.933
Textiles            0.003     0.003     0.823     1.122     0.627     0.051     0.063    -0.048     0.991     0.885     1.000     0.566
Other               0.000     0.000     0.849     2.584  1148.386     1.066     0.200    -0.249     1.456     0.932     1.305     0.235
Food                0.009     0.009     0.761     1.030    -0.381    -0.048     0.076     0.049     1.082     1.053     1.000     2.695
PlantOperator       0.001     0.001     0.753     1.799     7.313     0.244     0.309     0.180     1.337     1.127     1.158     0.629
MetalMach.          0.013     0.013     0.724     1.245     1.969     0.119     0.102     0.047     1.133     1.067     1.018     0.489
MetalProc.          0.003     0.003     0.675     0.912     0.349     0.031    -0.130    -0.103     1.054     1.080     1.000     1.337
WoodMach.           0.002     0.002     0.902     1.056     1.447     0.097    -0.039    -0.122     1.094     1.013     1.025    -0.705
TextileMach.        0.004     0.004     0.717     1.624    27.147     0.410     0.131     0.037     1.086     0.980     1.081     0.291
PrintMach.          0.016     0.016     0.852     0.805     0.665     0.054    -0.309    -0.314     0.962     0.958     1.000     1.243
OtherMach.          0.102     0.102     0.741     0.879    -0.591    -0.088    -0.038    -0.079     1.123     1.081     1.013     0.287
Fabricators         0.030     0.030     0.725     0.985    -0.456    -0.061     0.047     0.018     1.087     1.054     1.026    -3.276
Prod.Inspectors     0.009     0.009     0.762     1.216    -0.800    -0.153     0.303     0.116     1.395     1.099     1.056     1.848
MotorVehicle        0.071     0.071     0.791     1.065     3.789     0.175    -0.104    -0.183     1.193     1.113     1.050    -1.568
OtherVehicle        0.018     0.018     0.713     1.094     1.424     0.095    -0.002     0.006     1.142     1.152     1.000    -0.019
Freight             0.079     0.079     0.855     0.775    -0.409    -0.053    -0.222    -0.293     1.139     1.077     1.000     0.788
 
======================================
 YEAR = 1980
======================================
  Note: tauh* := (1+tauh)^eta - 1 
 
                       pY     pfitY         Z    TauHat      TauH     tauh*     TauW0     TauW1  wagegrth  wagegrWM ExpFactor     alpha
---------------------------------------------------------------------------------------------------------------------------------------
Home                0.253       NaN     1.000       NaN     0.000     0.000     0.000     0.000       NaN       NaN     1.013       NaN
Managers            0.032     0.032     0.681     2.030    22.484     0.384     0.318     0.335     1.399     1.434     1.010     0.541
MgmtRelated         0.021     0.021     0.736     1.592     2.678     0.144     0.281     0.288     1.329     1.342     1.026     0.711
Architects          0.000     0.000     0.909     2.610    63.864     0.537     0.411     0.470     1.300     1.445     1.028     0.552
Engineers           0.007     0.007     0.653     2.019     0.889     0.068     0.471     0.453     1.363     1.318     1.023     0.907
Math/CompSci        0.003     0.003     0.663     1.630    56.875     0.519     0.068     0.083     1.277     1.298     1.014     0.144
Science             0.002     0.002     0.856     1.959     2.775     0.147     0.415     0.396     1.393     1.351     1.021     0.797
Doctors             0.002     0.002     0.840     2.460  2403.523     1.230     0.094     0.097     1.784     1.791     1.037     0.109
Nurses              0.002     0.002     0.985     1.714   187.790     0.716    -0.001    -0.019     1.391     1.366     1.034    -0.002
Therapists          0.002     0.002     0.906     1.393    44.136     0.481    -0.063    -0.111     1.483     1.418     1.029    -0.184
Professors          0.002     0.002     1.470     1.748    -0.390    -0.050     0.456     0.436     1.516     1.505     1.064     1.091
Teachers            0.016     0.016     1.049     1.423     3.762     0.174     0.175     0.139     1.437     1.377     1.044     0.545
Librarians          0.001     0.001     1.079     1.121    -0.800    -0.153     0.245     0.283     1.302     1.373     1.000     2.446
Soc.Scientists      0.001     0.001     0.919     1.733     3.487     0.167     0.326     0.371     1.275     1.366     1.064     0.719
SocialWork          0.007     0.007     1.046     1.071     0.965     0.072    -0.001    -0.045     1.347     1.291     1.043    -0.018
Lawyers             0.002     0.002     0.903     2.266 12682.346     1.646    -0.168    -0.062     1.566     1.722     1.037    -0.190
Arts/Athletes       0.007     0.007     0.806     1.563    10.489     0.286     0.177     0.208     1.281     1.331     1.000     0.437
HealthTechs         0.004     0.004     0.860     1.132    31.531     0.431    -0.264    -0.334     1.405     1.332     1.056    -1.888
Eng.Techs           0.009     0.009     0.645     1.565    -0.320    -0.039     0.386     0.354     1.330     1.265     1.055     1.089
ScienceTechs        0.002     0.002     0.659     1.127    -0.800    -0.153     0.248     0.235     1.316     1.292     1.000     2.383
OtherTechs          0.007     0.007     0.711     1.499     1.389     0.094     0.271     0.294     1.278     1.321     1.042     0.779
Sales               0.033     0.033     0.718     2.015    10.650     0.288     0.361     0.359     1.288     1.285     1.000     0.639
Secretaries         0.002     0.002     0.932     1.085    -0.090    -0.010     0.088    -0.155     1.478     1.202     1.005     1.119
Info.Clerks         0.003     0.003     0.754     0.960     8.993     0.268    -0.320    -0.232     1.081     1.158     1.000     6.866
Records             0.005     0.005     0.752     0.935    -0.411    -0.053    -0.013    -0.037     1.283     1.253     1.000     0.194
FinancialClerk      0.004     0.004     0.787     1.249    -0.436    -0.057     0.245     0.098     1.267     1.131     1.027     1.265
OfficeMachine       0.000     0.000     0.707     0.784    21.365     0.377    -0.758    -0.980     1.314     1.166     1.079     2.313
ComputerTech        0.007     0.007     0.636     0.997    -0.638    -0.099     0.097     0.016     1.294     1.188     1.016   -32.527
Mail                0.014     0.014     0.600     0.782     0.135     0.013    -0.295    -0.377     1.217     1.144     1.000     1.053
Clerks              0.024     0.024     0.687     1.055     2.213     0.128    -0.069    -0.147     1.277     1.191     1.000    -1.260
Insurance           0.004     0.004     0.741     1.194    -0.800    -0.153     0.290     0.221     1.194     1.255     1.038     1.937
Misc.Admin          0.012     0.012     0.807     0.977    -0.800    -0.153     0.133     0.086     1.295     1.274     1.000    -6.032
PrivateHshld        0.006     0.006     0.788     0.531     3.301     0.162    -1.190    -1.261     1.187     1.150     1.000     1.237
Firefighting        0.004     0.004     0.603     1.346    21.236     0.376    -0.022    -0.112     1.453     1.336     1.041    -0.075
Police              0.012     0.012     0.610     1.159     0.861     0.066     0.080     0.022     1.334     1.254     1.044     0.566
Guards              0.012     0.012     0.728     0.736    -0.800    -0.153    -0.151    -0.247     1.186     1.133     1.000     0.458
FoodPrep            0.015     0.015     0.874     1.030    60.575     0.529    -0.484    -0.644     1.259     1.136     1.085   -13.410
HealthService       0.009     0.009     0.894     0.657    15.056     0.331    -1.025    -0.920     1.258     1.326     1.038     1.681
Cleaning            0.032     0.032     0.760     0.828   157.145     0.685    -1.034    -1.161     1.201     1.130     1.000     3.767
PersonalService     0.006     0.006     0.878     1.113   145.398     0.671    -0.501    -0.912     1.427     1.120     1.061    -3.780
FarmMgrs            0.002     0.002     1.103     4.603682503.141     2.989     0.133     0.006     1.243     1.084     1.000     0.094
FarmWork            0.007     0.007     0.915     1.546   785.499     0.987    -0.286    -0.347     1.199     1.145     1.045    -0.577
Agriculture         0.005     0.005     0.805     1.244    99.211     0.607    -0.293    -0.363     1.175     1.115     1.061    -1.177
Forest              0.002     0.002     0.922     1.929  2483.255     1.237    -0.160    -0.399     1.330     1.102     1.003    -0.225
Mechanics           0.022     0.022     0.607     1.576    25.660     0.402     0.110     0.001     1.301     1.160     1.049     0.256
Elec.Repairer       0.009     0.009     0.531     1.397     5.112     0.205     0.137     0.050     1.271     1.153     1.023     0.442
Misc.Repairer       0.009     0.009     0.596     1.433     9.593     0.275     0.110     0.022     1.210     1.102     1.000     0.324
Construction        0.057     0.057     0.662     1.610    50.718     0.501     0.068    -0.052     1.262     1.118     1.033     0.147
Extractive          0.002     0.002     0.544     1.809   491.678     0.894    -0.047    -0.150     1.244     1.132     1.002    -0.077
Supervisor(P)       0.015     0.015     0.579     1.516    11.183     0.294     0.147     0.095     1.312     1.237     1.041     0.381
MetalWork           0.010     0.010     0.560     1.398     4.960     0.202     0.141     0.084     1.249     1.171     1.000     0.452
WoodWork            0.001     0.001     0.719     1.614     7.349     0.244     0.229     0.242     1.136     1.156     1.000     0.543
Textiles            0.001     0.001     0.768     1.257    13.576     0.318    -0.048    -0.326     1.430     1.131     1.066    -0.207
Other               0.002     0.002     0.704     1.389   209.353     0.735    -0.249    -0.242     1.210     1.216     1.000    -0.678
Food                0.004     0.004     0.622     1.346     9.962     0.280     0.049    -0.097     1.216     1.054     1.043     0.170
PlantOperator       0.003     0.003     0.552     1.147    -0.446    -0.059     0.180     0.206     1.180     1.219     1.000     1.442
MetalMach.          0.009     0.009     0.560     1.154     1.523     0.100     0.047    -0.117     1.330     1.135     1.026     0.334
MetalProc.          0.003     0.003     0.598     1.032     2.516     0.138    -0.103    -0.163     1.271     1.205     1.000    -3.114
WoodMach.           0.002     0.002     0.758     1.146    10.452     0.285    -0.122    -0.261     1.192     1.061     1.000    -0.846
TextileMach.        0.004     0.004     0.613     1.205     3.209     0.160     0.037    -0.040     1.266     1.172     1.000     0.205
PrintMach.          0.009     0.009     0.673     0.664    -0.732    -0.127    -0.314    -0.330     1.237     1.222     1.000     0.668
OtherMach.          0.055     0.055     0.600     0.917    -0.098    -0.011    -0.079    -0.147     1.233     1.160     1.000     0.878
Fabricators         0.035     0.035     0.588     0.995    -0.196    -0.022     0.018    -0.097     1.260     1.128     1.007    -3.871
Prod.Inspectors     0.009     0.009     0.591     1.024    -0.616    -0.094     0.116     0.081     1.242     1.195     1.000     5.094
MotorVehicle        0.067     0.067     0.632     1.068     8.630     0.263    -0.183    -0.377     1.255     1.078     1.041    -2.565
OtherVehicle        0.015     0.015     0.570     1.292    10.304     0.284     0.006    -0.095     1.266     1.149     1.000     0.025
Freight             0.054     0.054     0.676     0.894     3.076     0.156    -0.293    -0.386     1.185     1.105     1.010     2.290
 
======================================
 YEAR = 1990
======================================
  Note: tauh* := (1+tauh)^eta - 1 
 
                       pY     pfitY         Z    TauHat      TauH     tauh*     TauW0     TauW1  wagegrth  wagegrWM ExpFactor     alpha
---------------------------------------------------------------------------------------------------------------------------------------
Home                0.297       NaN     1.000       NaN     0.000     0.000     0.000     0.000       NaN       NaN     1.000       NaN
Managers            0.033     0.033     0.612     2.011    15.939     0.338     0.335     0.343     1.450     1.469     1.000     0.583
MgmtRelated         0.021     0.021     0.670     1.579     2.108     0.124     0.288     0.325     1.271     1.340     1.033     0.744
Architects          0.001     0.001     0.655     1.926     0.212     0.020     0.470     0.479     1.337     1.360     1.000     0.970
Engineers           0.008     0.008     0.554     1.976     1.124     0.081     0.453     0.489     1.195     1.279     1.000     0.886
Math/CompSci        0.004     0.004     0.577     1.730    87.067     0.586     0.083     0.022     1.256     1.178     1.119     0.159
Science             0.001     0.001     0.719     1.983     4.732     0.197     0.396     0.458     1.280     1.426     1.003     0.737
Doctors             0.002     0.002     0.683     2.097   491.346     0.894     0.097     0.110     1.753     1.778     1.060     0.138
Nurses              0.002     0.002     0.777     1.819   397.362     0.853    -0.019    -0.342     1.637     1.243     1.013    -0.031
Therapists          0.001     0.001     0.692     1.220    18.151     0.355    -0.111    -0.028     1.230     1.329     1.000    -0.530
Professors          0.001     0.001     1.366     1.503    -0.800    -0.153     0.436     0.463     1.289     1.440     1.033     1.407
Teachers            0.010     0.010     0.856     1.234     0.809     0.063     0.139     0.139     1.239     1.238     1.069     0.710
Librarians          0.000     0.000     0.992     1.211    -0.748    -0.132     0.283     0.363     1.144     1.286     1.000     1.742
Soc.Scientists      0.001     0.001     0.820     1.818     2.653     0.143     0.371     0.355     1.426     1.389     1.000     0.777
SocialWork          0.007     0.007     0.849     0.863    -0.633    -0.098    -0.045     0.019     1.174     1.251     1.000     0.297
Lawyers             0.002     0.002     0.784     2.451 10752.710     1.602    -0.062    -0.026     1.344     1.391     1.000    -0.067
Arts/Athletes       0.008     0.008     0.672     1.500     4.356     0.189     0.208     0.273     1.202     1.311     1.000     0.574
HealthTechs         0.005     0.005     0.719     1.080    33.434     0.440    -0.334    -0.386     1.346     1.295     1.000    -3.757
Eng.Techs           0.008     0.008     0.582     1.587     0.268     0.025     0.354     0.324     1.247     1.191     1.044     0.947
ScienceTechs        0.002     0.002     0.610     1.273    -0.222    -0.026     0.235     0.131     1.380     1.216     1.007     1.107
OtherTechs          0.010     0.010     0.624     1.612     2.496     0.138     0.294     0.324     1.514     1.580     1.000     0.730
Sales               0.044     0.044     0.644     1.978     8.957     0.267     0.359     0.394     1.198     1.266     1.000     0.653
Secretaries         0.002     0.002     0.723     0.733    -0.800    -0.153    -0.155    -0.131     1.265     1.291     1.000     0.465
Info.Clerks         0.003     0.003     0.745     1.002     6.769     0.235    -0.232    -0.263     1.218     1.188     1.044   -88.891
Records             0.004     0.004     0.729     0.836    -0.749    -0.133    -0.037    -0.115     1.141     1.061     1.000     0.203
FinancialClerk      0.004     0.004     0.680     0.939    -0.800    -0.153     0.098     0.016     1.256     1.208     1.043    -1.627
OfficeMachine       0.001     0.001     0.653     0.729    34.139     0.443    -0.980    -1.146     1.676     1.547     1.135     2.158
ComputerTech        0.008     0.008     0.621     0.887    -0.734    -0.128     0.016    -0.012     1.194     1.160     1.000    -0.134
Mail                0.015     0.015     0.568     0.739     0.187     0.018    -0.377    -0.433     1.150     1.105     1.000     1.059
Clerks              0.023     0.023     0.659     1.066     6.060     0.223    -0.147    -0.125     1.152     1.175     1.012    -2.128
Insurance           0.006     0.006     0.677     1.087    -0.800    -0.153     0.221     0.195     1.198     1.239     1.007     2.980
Misc.Admin          0.013     0.013     0.741     0.927    -0.800    -0.153     0.086     0.075     1.205     1.190     1.000    -1.195
PrivateHshld        0.006     0.006     0.770     0.489     1.631     0.105    -1.261    -1.664     1.184     1.005     1.000     1.139
Firefighting        0.003     0.003     0.515     1.293    32.877     0.437    -0.112    -0.168     1.332     1.267     1.000    -0.413
Police              0.017     0.017     0.538     0.983    -0.313    -0.038     0.022     0.030     1.224     1.235     1.000    -1.299
Guards              0.017     0.017     0.694     0.679    -0.800    -0.153    -0.247    -0.288     1.203     1.164     1.056     0.571
FoodPrep            0.032     0.032     0.848     0.917    52.886     0.508    -0.644    -0.680     1.236     1.210     1.036     5.755
HealthService       0.010     0.010     0.809     0.644     6.835     0.236    -0.920    -1.230     1.305     1.124     1.050     1.481
Cleaning            0.033     0.033     0.732     0.854   382.660     0.846    -1.161    -1.268     1.194     1.137     1.000     4.884
PersonalService     0.007     0.007     0.761     0.880   154.956     0.682    -0.912    -0.889     1.342     1.359     1.001     5.068
FarmMgrs            0.001     0.001     0.833     3.870480643.648     2.848     0.006    -0.108     1.349     1.211     1.000     0.004
FarmWork            0.004     0.004     0.833     1.671  2631.710     1.251    -0.347    -0.520     1.254     1.112     1.000    -0.580
Agriculture         0.009     0.009     0.763     1.326   312.335     0.808    -0.363    -0.337     1.164     1.186     1.000    -1.096
Forest              0.002     0.002     0.694     1.612  2689.680     1.256    -0.399    -0.334     1.127     1.182     1.014    -0.703
Mechanics           0.019     0.019     0.595     1.729   200.015     0.727     0.001    -0.089     1.315     1.206     1.044     0.003
Elec.Repairer       0.007     0.007     0.545     1.390    13.866     0.320     0.050     0.018     1.203     1.164     1.062     0.155
Misc.Repairer       0.008     0.008     0.591     1.542    52.964     0.508     0.022     0.017     1.158     1.152     1.041     0.051
Construction        0.055     0.055     0.627     1.705   289.697     0.794    -0.052    -0.078     1.196     1.167     1.000    -0.095
Extractive          0.001     0.001     0.517     1.987  3042.478     1.284    -0.150    -0.181     1.171     1.140     1.040    -0.203
Supervisor(P)       0.009     0.009     0.541     1.611    38.015     0.458     0.095     0.050     1.228     1.170     1.062     0.209
MetalWork           0.006     0.006     0.546     1.799   127.202     0.649     0.084     0.066     1.165     1.142     1.000     0.149
WoodWork            0.001     0.001     0.663     1.880    29.999     0.424     0.242     0.266     1.120     1.155     1.000     0.440
Textiles            0.001     0.001     0.697     1.200    89.933     0.591    -0.326    -0.604     1.380     1.141     1.000    -1.547
Other               0.002     0.002     0.650     1.502   425.119     0.866    -0.242    -0.435     1.329     1.150     1.117    -0.534
Food                0.004     0.004     0.669     1.336    39.906     0.466    -0.097    -0.217     1.218     1.098     1.063    -0.320
PlantOperator       0.003     0.003     0.528     1.533     5.708     0.217     0.206     0.157     1.217     1.146     1.089     0.541
MetalMach.          0.003     0.003     0.580     1.367    60.285     0.528    -0.117    -0.283     1.282     1.116     1.133    -0.355
MetalProc.          0.001     0.001     0.630     1.476   188.429     0.716    -0.163    -0.212     1.206     1.157     1.014    -0.387
WoodMach.           0.002     0.002     0.729     1.331   151.200     0.678    -0.261    -0.464     1.680     1.448     1.042    -0.812
TextileMach.        0.004     0.004     0.591     1.514    81.209     0.575    -0.040    -0.117     1.210     1.127     1.037    -0.094
PrintMach.          0.008     0.008     0.677     0.799     0.801     0.062    -0.330    -0.458     1.242     1.134     1.000     1.270
OtherMach.          0.032     0.032     0.594     1.057     5.477     0.212    -0.147    -0.229     1.221     1.140     1.029    -2.479
Fabricators         0.024     0.024     0.617     1.171    10.301     0.284    -0.097    -0.199     1.274     1.165     1.000    -0.586
Prod.Inspectors     0.006     0.006     0.604     1.290     4.194     0.185     0.081     0.056     1.226     1.193     1.000     0.333
MotorVehicle        0.061     0.061     0.602     1.042    32.392     0.435    -0.377    -0.489     1.260     1.166     1.032    -7.714
OtherVehicle        0.006     0.006     0.559     1.506   127.518     0.649    -0.095    -0.190     1.250     1.150     1.004    -0.221
Freight             0.048     0.048     0.685     0.931    10.837     0.290    -0.386    -0.558     1.295     1.152     1.042     4.541
 
======================================
 YEAR = 2000
======================================
  Note: tauh* := (1+tauh)^eta - 1 
 
                       pY     pfitY         Z    TauHat      TauH     tauh*     TauW0     TauW1  wagegrth  wagegrWM ExpFactor     alpha
---------------------------------------------------------------------------------------------------------------------------------------
Home                0.361       NaN     1.000       NaN     0.000     0.000     0.000     0.000       NaN       NaN     1.000       NaN
Managers            0.032     0.032     0.710     1.910     8.036     0.254     0.343     0.306     1.354     1.282     1.041     0.650
MgmtRelated         0.027     0.027     0.810     1.555     0.605     0.050     0.325     0.344     1.297     1.335     1.042     0.890
Architects          0.001     0.001     0.877     2.100     1.385     0.094     0.479     0.404     1.543     1.349     1.016     0.879
Engineers           0.008     0.008     0.708     1.837    -0.460    -0.061     0.489     0.463     1.384     1.316     1.034     1.104
Math/CompSci        0.013     0.013     0.680     1.420    23.218     0.389     0.022    -0.060     1.332     1.229     1.078     0.064
Science             0.001     0.001     0.993     2.108     2.654     0.143     0.458     0.497     1.437     1.548     1.052     0.821
Doctors             0.002     0.002     0.896     1.916   177.515     0.706     0.110    -0.006     1.991     1.761     1.041     0.179
Nurses              0.002     0.002     0.782     1.497   869.538     1.008    -0.342    -0.444     1.460     1.357     1.074    -0.729
Therapists          0.001     0.001     0.915     1.600   124.731     0.645    -0.028    -0.204     1.634     1.396     1.062    -0.060
Professors          0.002     0.002     1.601     1.579    -0.800    -0.153     0.463     0.446     1.591     1.540     1.096     1.363
Teachers            0.018     0.018     1.072     1.117    -0.314    -0.038     0.139     0.196     1.261     1.351     1.000     1.351
Librarians          0.000     0.000     1.191     1.941     6.872     0.237     0.363     0.344     1.435     1.431     1.049     0.679
Soc.Scientists      0.001     0.001     1.011     2.051    14.207     0.324     0.355     0.272     1.704     1.510     1.138     0.610
SocialWork          0.006     0.006     1.028     1.005    -0.130    -0.014     0.019    -0.013     1.290     1.250     1.082     3.868
Lawyers             0.002     0.002     0.921     2.204  2757.717     1.261    -0.026    -0.062     1.578     1.525     1.093    -0.033
Arts/Athletes       0.008     0.008     0.846     1.578     2.795     0.147     0.273     0.293     1.192     1.226     1.060     0.699
HealthTechs         0.004     0.004     0.795     1.210   150.569     0.677    -0.386    -0.501     1.402     1.295     1.096    -1.714
Eng.Techs           0.004     0.004     0.705     1.533     0.412     0.036     0.324     0.297     1.293     1.242     1.083     0.917
ScienceTechs        0.001     0.001     0.720     1.033    -0.651    -0.103     0.131     0.145     1.232     1.251     1.000     4.357
OtherTechs          0.010     0.010     0.701     1.729     3.574     0.170     0.324     0.305     1.322     1.287     1.022     0.714
Sales               0.050     0.050     0.784     1.726     0.551     0.046     0.394     0.425     1.095     1.154     1.000     0.917
Secretaries         0.002     0.002     0.870     1.040     3.870     0.177    -0.131    -0.186     1.191     1.136     1.050    -3.113
Info.Clerks         0.003     0.003     0.902     0.927     3.617     0.171    -0.263    -0.134     1.038     1.156     1.000     3.081
Records             0.003     0.003     0.957     0.863    -0.312    -0.038    -0.115    -0.142     1.207     1.179     1.000     0.739
FinancialClerk      0.004     0.004     0.837     0.861    -0.800    -0.153     0.016     0.077     1.173     1.251     1.000    -0.107
OfficeMachine       0.002     0.002     0.700     0.629    17.550     0.351    -1.146    -1.352     1.173     1.070     1.051     1.650
ComputerTech        0.003     0.003     0.780     0.898    -0.603    -0.091    -0.012     0.102     1.121     1.264     1.000     0.113
Mail                0.008     0.008     0.772     0.778     1.859     0.114    -0.433    -0.430     1.197     1.199     1.008     1.431
Clerks              0.026     0.026     0.822     0.994     1.941     0.118    -0.125    -0.141     1.095     1.080     1.006    18.675
Insurance           0.015     0.015     0.854     1.052    -0.800    -0.153     0.195     0.132     1.105     1.118     1.027     4.275
Misc.Admin          0.007     0.007     0.923     0.981    -0.611    -0.093     0.075     0.055     1.247     1.220     1.000    -4.058
PrivateHshld        0.003     0.003     0.914     0.525    24.908     0.398    -1.664    -1.673     1.039     1.036     1.000     1.520
Firefighting        0.002     0.002     0.631     1.559   336.489     0.821    -0.168    -0.162     1.308     1.315     1.027    -0.350
Police              0.019     0.019     0.676     1.102     0.910     0.069     0.030     0.092     1.204     1.285     1.008     0.315
Guards              0.013     0.013     0.856     0.692    -0.673    -0.109    -0.288    -0.368     1.230     1.158     1.057     0.687
FoodPrep            0.030     0.030     0.981     1.008   165.477     0.694    -0.680    -0.763     1.050     1.000     1.033   -62.563
HealthService       0.009     0.009     0.966     0.611    19.244     0.363    -1.230    -1.125     1.103     1.158     1.087     1.629
Cleaning            0.017     0.017     0.859     0.914  1190.265     1.074    -1.268    -1.240     1.062     1.075     1.000     9.147
PersonalService     0.012     0.012     0.925     0.794    50.295     0.500    -0.889    -0.935     1.114     1.087     1.046     2.761
FarmMgrs            0.000     0.000     0.778     4.7179399180.853     4.227    -0.108    -0.461     1.725     1.308     1.200    -0.066
FarmWork            0.001     0.001     0.914     2.288179763.733     2.477    -0.520    -0.787     1.229     1.046     1.017    -0.506
Agriculture         0.007     0.007     0.863     1.520   974.941     1.032    -0.337    -0.364     1.002     0.982     1.021    -0.694
Forest              0.001     0.001     0.829     2.010 14442.632     1.682    -0.334    -0.389     1.168     1.122     1.027    -0.413
Mechanics           0.018     0.018     0.702     1.604   224.826     0.748    -0.089    -0.165     1.166     1.090     1.050    -0.181
Elec.Repairer       0.011     0.011     0.677     1.244     6.003     0.222     0.018    -0.014     1.175     1.138     1.017     0.082
Misc.Repairer       0.006     0.006     0.724     1.433    26.861     0.409     0.017    -0.081     1.213     1.103     1.054     0.048
Construction        0.040     0.040     0.736     1.811   658.009     0.951    -0.078    -0.186     1.175     1.068     1.029    -0.126
Extractive          0.000     0.000     0.676     2.280 15024.694     1.693    -0.181    -0.232     1.338     1.282     1.174    -0.202
Supervisor(P)       0.008     0.008     0.663     1.419    17.051     0.347     0.050     0.024     1.210     1.177     1.035     0.148
MetalWork           0.002     0.002     0.697     2.062   581.095     0.927     0.066     0.037     1.109     1.076     1.129     0.094
WoodWork            0.000     0.000     0.893     2.527   402.744     0.855     0.266     0.218     1.111     1.043     1.000     0.333
Textiles            0.001     0.001     0.749     1.113   275.739     0.785    -0.604    -0.342     0.828     0.989     1.000    -4.416
Other               0.002     0.002     0.776     1.053    54.248     0.512    -0.435    -0.632     1.258     1.107     1.099    -6.984
Food                0.003     0.003     0.776     1.069    11.859     0.301    -0.217    -0.408     1.158     1.001     1.073    -2.955
PlantOperator       0.002     0.002     0.673     1.443     5.685     0.216     0.157     0.075     1.298     1.181     1.098     0.467
MetalMach.          0.002     0.002     0.684     1.120    32.876     0.437    -0.283    -0.292     0.997     0.990     1.012    -2.195
MetalProc.          0.001     0.001     0.708     1.305    84.714     0.582    -0.212    -0.378     1.147     1.009     1.167    -0.723
WoodMach.           0.006     0.006     0.716     1.104   104.956     0.617    -0.464    -0.498     1.054     1.030     1.055    -3.839
TextileMach.        0.003     0.003     0.738     1.345    50.962     0.502    -0.117    -0.213     1.111     1.022     1.000    -0.372
PrintMach.          0.005     0.005     0.790     0.860     7.963     0.253    -0.458    -0.538     1.035     0.981     1.027     2.496
OtherMach.          0.024     0.024     0.724     1.012     7.272     0.243    -0.229    -0.276     1.099     1.058     1.035   -17.506
Fabricators         0.017     0.017     0.711     1.121    16.681     0.344    -0.199    -0.198     1.052     1.053     1.016    -1.591
Prod.Inspectors     0.005     0.005     0.744     1.172     1.686     0.107     0.056     0.068     1.140     1.154     1.000     0.360
MotorVehicle        0.062     0.062     0.713     0.923    20.955     0.375    -0.489    -0.600     1.121     1.043     1.066     4.996
OtherVehicle        0.004     0.004     0.662     1.550   380.760     0.845    -0.190    -0.271     1.234     1.155     1.126    -0.397
Freight             0.034     0.034     0.812     0.850    14.227     0.324    -0.558    -0.576     1.034     1.022     1.026     2.721
 
======================================
 YEAR = 2010
======================================
  Note: tauh* := (1+tauh)^eta - 1 
 
                       pY     pfitY         Z    TauHat      TauH     tauh*     TauW0     TauW1  wagegrth  wagegrWM ExpFactor     alpha
---------------------------------------------------------------------------------------------------------------------------------------
Home                0.336       NaN     1.000       NaN     0.000     0.000     0.000       NaN     0.000     0.000     0.000       NaN
Managers            0.036     0.036     0.645     1.748     5.480     0.212     0.306       NaN     0.000     0.000     0.000     0.655
MgmtRelated         0.026     0.026     0.696     1.523    -0.005    -0.001     0.344       NaN     0.000     0.000     0.000     1.001
Architects          0.000     0.000     0.771     2.004     4.607     0.194     0.404       NaN     0.000     0.000     0.000     0.745
Engineers           0.007     0.007     0.587     1.812    -0.225    -0.026     0.463       NaN     0.000     0.000     0.000     1.044
Math/CompSci        0.017     0.017     0.611     1.297    20.943     0.375    -0.060       NaN     0.000     0.000     0.000    -0.225
Science             0.001     0.001     0.846     2.035     0.264     0.024     0.497       NaN     0.000     0.000     0.000     0.966
Doctors             0.002     0.002     0.758     1.804   324.619     0.815    -0.006       NaN     0.000     0.000     0.000    -0.010
Nurses              0.004     0.004     0.690     1.321   526.252     0.907    -0.444       NaN     0.000     0.000     0.000    -1.320
Therapists          0.002     0.002     0.873     1.576   502.797     0.898    -0.204       NaN     0.000     0.000     0.000    -0.408
Professors          0.003     0.003     1.478     1.548    -0.775    -0.142     0.446       NaN     0.000     0.000     0.000     1.351
Teachers            0.021     0.021     0.958     1.202    -0.287    -0.034     0.196       NaN     0.000     0.000     0.000     1.190
Librarians          0.000     0.000     1.162     1.291    -0.800    -0.153     0.344       NaN     0.000     0.000     0.000     1.649
Soc.Scientists      0.001     0.001     0.763     1.568     2.622     0.142     0.272       NaN     0.000     0.000     0.000     0.705
SocialWork          0.007     0.007     0.911     1.023     0.415     0.036    -0.013       NaN     0.000     0.000     0.000    -0.540
Lawyers             0.002     0.002     0.718     2.315  6203.078     1.458    -0.062       NaN     0.000     0.000     0.000    -0.072
Arts/Athletes       0.010     0.010     0.809     1.582     1.952     0.118     0.293       NaN     0.000     0.000     0.000     0.757
HealthTechs         0.007     0.007     0.696     1.138   179.079     0.707    -0.501       NaN     0.000     0.000     0.000    -3.144
Eng.Techs           0.004     0.004     0.602     1.364    -0.329    -0.040     0.297       NaN     0.000     0.000     0.000     1.132
ScienceTechs        0.001     0.001     0.592     1.191     0.202     0.019     0.145       NaN     0.000     0.000     0.000     0.892
OtherTechs          0.009     0.009     0.585     1.636     2.457     0.136     0.305       NaN     0.000     0.000     0.000     0.740
Sales               0.060     0.060     0.759     1.548    -0.676    -0.110     0.425       NaN     0.000     0.000     0.000     1.265
Secretaries         0.002     0.002     0.816     1.035     6.331     0.228    -0.186       NaN     0.000     0.000     0.000    -4.968
Info.Clerks         0.004     0.004     0.783     0.923     0.566     0.047    -0.134       NaN     0.000     0.000     0.000     1.580
Records             0.003     0.003     0.756     0.779    -0.678    -0.110    -0.142       NaN     0.000     0.000     0.000     0.532
FinancialClerk      0.004     0.004     0.772     0.927    -0.780    -0.145     0.077       NaN     0.000     0.000     0.000    -1.053
OfficeMachine       0.000     0.000     0.746     0.616    35.504     0.449    -1.352       NaN     0.000     0.000     0.000     1.765
ComputerTech        0.001     0.001     0.728     1.052    -0.428    -0.056     0.102       NaN     0.000     0.000     0.000     2.139
Mail                0.006     0.006     0.664     0.795     2.486     0.137    -0.430       NaN     0.000     0.000     0.000     1.562
Clerks              0.030     0.030     0.798     0.933     0.823     0.064    -0.141       NaN     0.000     0.000     0.000     1.888
Insurance           0.021     0.021     0.797     0.976    -0.800    -0.153     0.132       NaN     0.000     0.000     0.000    -5.781
Misc.Admin          0.008     0.008     0.818     0.972    -0.560    -0.081     0.055       NaN     0.000     0.000     0.000    -1.973
PrivateHshld        0.003     0.003     0.833     0.522    24.251     0.395    -1.673       NaN     0.000     0.000     0.000     1.511
Firefighting        0.003     0.003     0.540     1.600   409.834     0.859    -0.162       NaN     0.000     0.000     0.000    -0.319
Police              0.014     0.014     0.607     1.337     5.593     0.214     0.092       NaN     0.000     0.000     0.000     0.331
Guards              0.022     0.022     0.792     0.699    -0.352    -0.044    -0.368       NaN     0.000     0.000     0.000     0.875
FoodPrep            0.045     0.045     1.002     1.123   760.744     0.981    -0.763       NaN     0.000     0.000     0.000    -4.874
HealthService       0.016     0.016     0.873     0.616    12.724     0.310    -1.125       NaN     0.000     0.000     0.000     1.557
Cleaning            0.020     0.020     0.831     0.941  1386.295     1.107    -1.240       NaN     0.000     0.000     0.000    13.207
PersonalService     0.015     0.015     0.898     0.835   103.899     0.615    -0.935       NaN     0.000     0.000     0.000     3.653
FarmMgrs            0.000     0.000     0.801     5.762962703456.271     7.420    -0.461       NaN     0.000     0.000     0.000    -0.217
FarmWork            0.002     0.002     0.792     2.6383438021.024     3.712    -0.787       NaN     0.000     0.000     0.000    -0.598
Agriculture         0.009     0.009     0.853     1.699  3499.400     1.318    -0.364       NaN     0.000     0.000     0.000    -0.586
Forest              0.000     0.000     0.915     4.39041907023.204     5.097    -0.389       NaN     0.000     0.000     0.000    -0.222
Mechanics           0.013     0.013     0.626     1.608   441.513     0.873    -0.165       NaN     0.000     0.000     0.000    -0.321
Elec.Repairer       0.010     0.010     0.648     1.358    21.289     0.377    -0.014       NaN     0.000     0.000     0.000    -0.044
Misc.Repairer       0.005     0.005     0.658     1.573   171.604     0.700    -0.081       NaN     0.000     0.000     0.000    -0.172
Construction        0.032     0.032     0.663     1.912  2833.090     1.268    -0.186       NaN     0.000     0.000     0.000    -0.264
Extractive          0.001     0.001     0.532     2.523 60474.530     2.108    -0.232       NaN     0.000     0.000     0.000    -0.225
Supervisor(P)       0.003     0.003     0.586     1.505    40.599     0.468     0.024       NaN     0.000     0.000     0.000     0.060
MetalWork           0.002     0.002     0.659     1.765   171.030     0.699     0.037       NaN     0.000     0.000     0.000     0.066
WoodWork            0.000     0.000     0.837     2.476   611.858     0.937     0.218       NaN     0.000     0.000     0.000     0.271
Textiles            0.000     0.000     0.632     1.250   150.926     0.678    -0.342       NaN     0.000     0.000     0.000    -1.317
Other               0.003     0.003     0.727     1.036   162.622     0.691    -0.632       NaN     0.000     0.000     0.000   -13.958
Food                0.004     0.004     0.784     1.081    57.977     0.522    -0.408       NaN     0.000     0.000     0.000    -4.386
PlantOperator       0.002     0.002     0.561     1.388    10.347     0.284     0.075       NaN     0.000     0.000     0.000     0.236
MetalMach.          0.001     0.001     0.699     1.391   295.674     0.797    -0.292       NaN     0.000     0.000     0.000    -0.776
MetalProc.          0.001     0.001     0.683     0.919     8.914     0.267    -0.378       NaN     0.000     0.000     0.000     3.809
WoodMach.           0.003     0.003     0.717     1.439  1722.990     1.155    -0.498       NaN     0.000     0.000     0.000    -1.111
TextileMach.        0.001     0.001     0.782     1.669   943.011     1.025    -0.213       NaN     0.000     0.000     0.000    -0.377
PrintMach.          0.003     0.003     0.768     0.815     7.970     0.254    -0.538       NaN     0.000     0.000     0.000     2.106
OtherMach.          0.018     0.018     0.704     1.151    40.615     0.468    -0.276       NaN     0.000     0.000     0.000    -1.734
Fabricators         0.014     0.014     0.670     1.174    26.323     0.406    -0.198       NaN     0.000     0.000     0.000    -1.125
Prod.Inspectors     0.004     0.004     0.714     1.414    13.612     0.318     0.068       NaN     0.000     0.000     0.000     0.202
MotorVehicle        0.052     0.052     0.675     0.876    25.382     0.401    -0.600       NaN     0.000     0.000     0.000     3.537
OtherVehicle        0.004     0.004     0.588     1.709  1868.912     1.173    -0.271       NaN     0.000     0.000     0.000    -0.447
Freight             0.040     0.040     0.780     0.839    14.036     0.322    -0.576       NaN     0.000     0.000     0.000     2.588
 
mg(g,t):
mg =

   2.0434e+08   2.1084e+08   1.3335e+08   1.5190e+08   2.6596e+08   1.6918e+08
   2.3879e+07   3.1547e+07   2.7054e+07   4.4467e+07   1.1445e+08   8.2480e+07
   8.7351e+07   1.1051e+08   4.9192e+07   5.1953e+07   1.0692e+08   7.5711e+07
            0            0            0            0            0            0

 
 
 
 
--------------------------------------------------------------------------------------------------
                          >>>>> Black Women <<<<<
--------------------------------------------------------------------------------------------------
 
======================================
 YEAR = 1960
======================================
  Note: tauh* := (1+tauh)^eta - 1 
 
                       pY     pfitY         Z    TauHat      TauH     tauh*     TauW0     TauW1  wagegrth  wagegrWM ExpFactor     alpha
---------------------------------------------------------------------------------------------------------------------------------------
Home                0.642       NaN     1.000       NaN     0.000     0.000     0.000     0.000       NaN       NaN     1.000       NaN
Managers            0.003     0.003     0.781    11.995172942.669     2.463     0.711     0.563     2.188     1.446     1.203     0.500
MgmtRelated         0.001     0.001     0.649     6.637  9772.632     1.576     0.612     0.508     1.702     1.344     1.176     0.500
Architects          0.000       NaN       NaN       NaN       NaN       NaN       NaN       NaN       NaN     1.437       NaN       NaN
Engineers           0.000       NaN       NaN       NaN       NaN       NaN       NaN       NaN       NaN     1.364       NaN       NaN
Math/CompSci        0.000       NaN       NaN       NaN       NaN       NaN       NaN     0.568       NaN     1.385     1.347       NaN
Science             0.000       NaN       NaN       NaN       NaN       NaN       NaN     0.531       NaN     1.320     1.347       NaN
Doctors             0.000     0.000     1.608    15.718642293.807     2.965     0.748     0.466     4.252     2.008     1.024     0.500
Nurses              0.010     0.010     1.045     1.065     0.355     0.032     0.031    -0.167     1.629     1.353     1.020     0.500
Therapists          0.000     0.000     0.769     1.650    10.362     0.284     0.221     0.233     1.324     1.344     1.196     0.500
Professors          0.000     0.000     1.573     4.374  1291.086     1.092     0.522     0.570     1.405     1.564     1.092     0.500
Teachers            0.024     0.024     0.952     1.214     1.561     0.102     0.092     0.096     1.391     1.398     1.091     0.500
Librarians          0.001     0.001     1.129     0.712    -0.800    -0.153    -0.189    -0.594     1.891     1.411     1.000     0.511
Soc.Scientists      0.000     0.000     0.919     3.222   291.882     0.795     0.443     0.603       NaN     1.584     1.000     0.500
SocialWork          0.002     0.002     0.856     1.641    10.079     0.281     0.219     0.150     1.463     1.343     1.164     0.500
Lawyers             0.000     0.000     1.160    10.984112783.496     2.314     0.698     0.550       NaN     1.707     1.044     0.500
Arts/Athletes       0.001     0.001     0.620     3.890   729.905     0.972     0.493     0.638     0.946     1.326     1.000     0.500
HealthTechs         0.008     0.008     0.772     0.860    -0.519    -0.073    -0.078    -0.361     1.809     1.434     1.184     0.500
Eng.Techs           0.000       NaN       NaN       NaN       NaN       NaN       NaN     0.641       NaN     1.295     1.305       NaN
ScienceTechs        0.000     0.000     0.615     9.304 50390.648     2.050     0.672     0.544       NaN     1.262     1.236     0.500
OtherTechs          0.000       NaN       NaN       NaN       NaN       NaN       NaN     0.514       NaN     1.523     1.057       NaN
Sales               0.009     0.009     0.877     6.906 11851.551     1.628     0.619     0.592     1.474     1.374     1.178     0.500
Secretaries         0.015     0.015     0.654     0.525    -0.800    -0.153    -0.615    -1.400     1.327     1.306     1.016     0.743
Info.Clerks         0.001     0.001     0.783     2.587    99.832     0.608     0.378     0.080     1.841     1.244     1.217     0.500
Records             0.001     0.001     0.802     2.100    35.629     0.449     0.310     0.380     1.272     1.417     1.124     0.500
FinancialClerk      0.002     0.002     0.610     2.018    29.191     0.420     0.296     0.258     1.477     1.402     1.201     0.500
OfficeMachine       0.002     0.002     0.607     1.624     9.527     0.274     0.215     0.150     0.911     1.181     1.121     0.500
ComputerTech        0.002     0.002     0.654     1.048     0.253     0.023     0.023    -0.039     1.374     1.292     1.000     0.500
Mail                0.001     0.001     0.484     2.454    77.056     0.566     0.362     0.162     1.624     1.237     1.189     0.500
Clerks              0.004     0.004     0.661     3.374   365.255     0.837     0.456     0.336     1.574     1.290     1.064     0.500
Insurance           0.000     0.000     0.798     7.428 16890.673     1.726     0.633     0.656     1.303     1.493     1.249     0.500
Misc.Admin          0.015     0.015     0.673     2.196    44.575     0.482     0.325     0.096     1.588     1.275     1.260     0.500
PrivateHshld        0.023     0.023     0.945     0.578    -0.800    -0.153    -0.465    -0.721     1.157     0.998     1.135     0.697
Firefighting        0.000       NaN       NaN       NaN       NaN       NaN       NaN       NaN       NaN     1.390       NaN       NaN
Police              0.000       NaN       NaN       NaN       NaN       NaN       NaN    -0.041       NaN     1.367     0.223       NaN
Guards              0.000     0.000     0.628     0.477    -0.800    -0.153    -0.775    -0.520     0.125     1.205     0.081     0.776
FoodPrep            0.036     0.036     0.929     1.045     0.239     0.022     0.022    -0.071     1.366     1.248     1.044     0.500
HealthService       0.017     0.017     0.739     0.446    -0.800    -0.153    -0.898    -1.547     1.658     1.380     1.192     0.794
Cleaning            0.004     0.004     0.666     0.301    -0.800    -0.153    -1.812    -1.763     1.277     1.300     1.000     0.862
PersonalService     0.096     0.096     1.199     0.921    -0.330    -0.040    -0.042    -0.448     1.731     1.246     1.000     0.500
FarmMgrs            0.000     0.000     2.250     2.884   170.033     0.698     0.411     0.457     1.435     1.626     0.119     0.500
FarmWork            0.007     0.007     1.273     1.024     0.123     0.012     0.012    -0.376     1.282     1.357     0.735     0.500
Agriculture         0.000       NaN       NaN       NaN       NaN       NaN       NaN     0.281       NaN     1.199     1.000       NaN
Forest              0.000       NaN       NaN       NaN       NaN       NaN       NaN    -3.017       NaN     1.359     0.069       NaN
Mechanics           0.000       NaN       NaN       NaN       NaN       NaN       NaN     0.334       NaN     1.309     0.069       NaN
Elec.Repairer       0.000       NaN       NaN       NaN       NaN       NaN       NaN     0.796       NaN     1.221     1.347       NaN
Misc.Repairer       0.001     0.001     0.606     0.831    -0.592    -0.088    -0.097    -0.097     0.137     1.288     0.152     0.500
Construction        0.000     0.000     0.445     0.810    -0.641    -0.100    -0.111     0.420       NaN     1.202     0.085     0.500
Extractive          0.000       NaN       NaN       NaN       NaN       NaN       NaN    -0.141       NaN     1.188       NaN       NaN
Supervisor(P)       0.000     0.000     0.555     2.323    58.870     0.524     0.344     0.268     0.359     1.225     0.238     0.500
MetalWork           0.000       NaN       NaN       NaN       NaN       NaN       NaN     0.144       NaN     1.240     0.092       NaN
WoodWork            0.000       NaN       NaN       NaN       NaN       NaN       NaN    -0.145       NaN     1.166     0.081       NaN
Textiles            0.006     0.006     0.627     1.149     0.959     0.072     0.067     0.100     1.239     1.285     1.000     0.500
Other               0.000     0.000     0.590     4.630  1700.645     1.152     0.535     0.242     1.974     1.210     1.191     0.500
Food                0.000     0.000     0.959     1.316     2.790     0.147     0.128    -0.282     0.319     1.244     0.179     0.500
PlantOperator       0.000       NaN       NaN       NaN       NaN       NaN       NaN       NaN       NaN     1.045     0.080       NaN
MetalMach.          0.000       NaN       NaN       NaN       NaN       NaN       NaN    -0.106       NaN     1.153     0.144       NaN
MetalProc.          0.000       NaN       NaN       NaN       NaN       NaN       NaN     0.266       NaN     1.200     0.165       NaN
WoodMach.           0.000       NaN       NaN       NaN       NaN       NaN       NaN     0.296       NaN     1.244     0.260       NaN
TextileMach.        0.000       NaN       NaN       NaN       NaN       NaN       NaN    -0.032       NaN     1.224     0.228       NaN
PrintMach.          0.020     0.020     0.841     0.594    -0.800    -0.153    -0.425    -0.788     1.528     1.218     1.000     0.681
OtherMach.          0.030     0.030     0.631     1.060     0.330     0.030     0.029    -0.106     0.883     1.237     0.642     0.500
Fabricators         0.004     0.004     0.585     1.313     2.748     0.146     0.127    -0.091     0.904     1.175     0.652     0.500
Prod.Inspectors     0.002     0.002     0.645     3.627   519.377     0.904     0.475     0.481     1.225     1.239     1.175     0.500
MotorVehicle        0.000     0.000     0.404     0.601    -0.800    -0.153    -0.410     0.022     0.117     1.254     0.098     0.675
OtherVehicle        0.000     0.000     0.508     0.582    -0.800    -0.153    -0.456     0.007       NaN     1.158     0.149     0.694
Freight             0.004     0.004     0.680     0.710    -0.800    -0.153    -0.193    -0.162     0.342     1.252     0.244     0.516
 
======================================
 YEAR = 1970
======================================
  Note: tauh* := (1+tauh)^eta - 1 
 
                       pY     pfitY         Z    TauHat      TauH     tauh*     TauW0     TauW1  wagegrth  wagegrWM ExpFactor     alpha
---------------------------------------------------------------------------------------------------------------------------------------
Home                0.499       NaN     1.000       NaN     0.000     0.000     0.000     0.000       NaN       NaN     1.002       NaN
Managers            0.013     0.013     0.635     4.332   488.135     0.892     0.563     0.511     1.347     1.204     1.103     0.565
MgmtRelated         0.003     0.003     0.698     4.226  1206.714     1.077     0.508     0.387     1.385     1.111     1.324     0.493
Architects          0.000       NaN       NaN       NaN       NaN       NaN       NaN     0.497       NaN     1.071     1.498       NaN
Engineers           0.000       NaN       NaN       NaN       NaN       NaN       NaN     0.597       NaN     1.092     1.498       NaN
Math/CompSci        0.000     0.000     0.618     5.359  3459.484     1.315     0.568     0.476     1.364     1.124     1.245     0.500
Science             0.001     0.001     0.721     4.546  1555.544     1.132     0.531     0.608     1.041     1.246     1.131     0.500
Doctors             0.000     0.000     1.266    10.79724339318.320     4.765     0.466     0.468     1.415     1.420     1.010     0.264
Nurses              0.011     0.011     0.931     0.814    -0.396    -0.051    -0.167    -0.484     1.281     1.007     1.130     0.749
Therapists          0.001     0.001     0.920     1.761    17.485     0.350     0.233     0.078     1.239     1.030     1.285     0.469
Professors          0.001     0.001     1.340     3.568    62.000     0.532     0.570     0.511     1.248     1.097     1.175     0.664
Teachers            0.034     0.034     0.946     1.135     0.272     0.025     0.096     0.080     1.067     1.048     1.113     0.804
Librarians          0.001     0.001     1.237     1.287  1069.213     1.051    -0.594    -1.034     1.331     1.043     1.070    -1.849
Soc.Scientists      0.000     0.000     0.789     6.355  7916.832     1.521     0.603     0.575     1.221     1.141     1.372     0.500
SocialWork          0.005     0.005     0.900     1.298     1.593     0.103     0.150     0.044     1.081     0.978     1.156     0.623
Lawyers             0.000     0.000     0.516     4.936  2320.185     1.222     0.550     0.757     0.623     1.153     1.223     0.500
Arts/Athletes       0.001     0.001     0.614     3.564    10.808     0.290     0.638     0.676     0.889     0.993     1.093     0.800
HealthTechs         0.013     0.013     0.844     0.662    -0.637    -0.099    -0.361    -0.690     1.255     1.010     1.146     0.747
Eng.Techs           0.001     0.001     0.618     7.759 20868.919     1.786     0.641     0.579     1.283     1.094     1.304     0.500
ScienceTechs        0.000     0.000     0.763     4.802  2029.814     1.191     0.544     0.392     1.537     1.154     1.300     0.500
OtherTechs          0.001     0.001     0.548     4.236  1104.106     1.058     0.514     0.572     0.957     1.086     1.311     0.500
Sales               0.021     0.021     0.836     3.929    96.753     0.603     0.592     0.549     1.148     1.040     1.000     0.655
Secretaries         0.036     0.036     0.686     0.353    -0.800    -0.153    -1.400    -4.030     1.292     1.120     1.197     0.841
Info.Clerks         0.005     0.005     0.700     1.122     0.362     0.032     0.080    -0.296     1.265     1.118     1.208     0.724
Records             0.008     0.008     0.824     1.530    -0.405    -0.052     0.380    -0.416     1.267     0.813     1.278     1.126
FinancialClerk      0.010     0.010     0.684     1.218    -0.629    -0.097     0.258    -0.293     1.326     1.056     1.273     1.519
OfficeMachine       0.002     0.002     0.636     0.997    -0.800    -0.153     0.150    -0.256     1.564     1.059     1.121   -54.246
ComputerTech        0.009     0.009     0.724     1.137     4.022     0.181    -0.039    -0.046     1.254     1.245     1.000    -0.298
Mail                0.007     0.007     0.568     1.072    -0.649    -0.102     0.162     0.127     1.227     1.177     1.000     2.556
Clerks              0.004     0.004     0.698     3.412  2826.818     1.267     0.336     0.177     1.374     1.110     1.240     0.333
Insurance           0.003     0.003     0.737     2.466    -0.800    -0.153     0.656     0.046     1.738     1.025     1.317     1.184
Misc.Admin          0.039     0.039     0.714     0.937    -0.800    -0.153     0.096    -0.607     1.298     1.075     1.202    -1.540
PrivateHshld        0.045     0.045     1.080     0.492    -0.800    -0.153    -0.721    -1.905     1.398     0.828     1.000     0.766
Firefighting        0.000       NaN       NaN       NaN       NaN       NaN       NaN     0.091       NaN     1.075     0.117       NaN
Police              0.000     0.000     0.546     0.923    -0.321    -0.039    -0.041    -0.116     0.380     1.067     0.204     0.500
Guards              0.001     0.001     0.803     0.557    -0.800    -0.153    -0.520    -0.192     0.449     0.979     0.355     0.716
FoodPrep            0.031     0.031     0.920     0.992     0.805     0.063    -0.071    -0.492     1.219     0.875     1.005     8.785
HealthService       0.030     0.030     0.867     0.333    -0.800    -0.153    -1.547    -2.064     1.316     1.094     1.156     0.849
Cleaning            0.004     0.004     0.871     0.592   118.579     0.637    -1.763    -0.774     0.648     1.009     0.423     1.941
PersonalService     0.040     0.040     0.970     1.259   340.017     0.823    -0.448    -1.103     1.381     0.951     1.000    -1.609
FarmMgrs            0.001     0.001     0.925     1.561    -0.800    -0.153     0.457     0.509     0.995     1.100     1.000     1.372
FarmWork            0.004     0.004     0.939     0.616    -0.800    -0.153    -0.376    -0.954     1.690     1.190     1.000     0.658
Agriculture         0.000     0.000     0.651     1.935    23.635     0.391     0.281     0.212       NaN     0.966     0.338     0.500
Forest              0.000     0.000     0.667     0.211    -0.800    -0.153    -3.017    -2.133     0.851     1.092     1.000     0.893
Mechanics           0.000     0.000     0.726     2.253    50.561     0.501     0.334     0.092     0.302     1.069     0.175     0.500
Elec.Repairer       0.000     0.000     0.782    23.9694981579.447     3.896     0.796     0.644     1.877     1.077     1.415     0.500
Misc.Repairer       0.001     0.001     0.592     0.772    -0.800    -0.153    -0.097     0.067     0.697     1.082     0.300     0.359
Construction        0.001     0.001     1.093     2.968   195.591     0.723     0.420     0.112     0.676     1.074     0.257     0.500
Extractive          0.000     0.000     0.557     0.768    -0.723    -0.124    -0.141     0.209       NaN     1.200     0.576     0.500
Supervisor(P)       0.002     0.002     0.686     1.157    -0.800    -0.153     0.268     0.144     0.439     1.115     0.349     2.136
MetalWork           0.000     0.000     0.499     1.363     3.504     0.168     0.144     0.014     0.197     1.054     0.222     0.500
WoodWork            0.000     0.000     0.649     0.763    -0.730    -0.126    -0.145     0.323     0.304     0.882     0.400     0.500
Textiles            0.001     0.001     0.736     1.023    -0.555    -0.080     0.100    -0.040     0.938     0.885     0.799     4.724
Other               0.000     0.000     0.652     3.108  4098.266     1.356     0.242     0.268     0.901     0.932     1.119     0.244
Food                0.002     0.002     0.859     0.661    -0.800    -0.153    -0.282    -0.106     0.909     1.053     0.718     0.599
PlantOperator       0.000       NaN       NaN       NaN       NaN       NaN       NaN    -0.036       NaN     1.127     0.106       NaN
MetalMach.          0.002     0.002     0.562     0.817    -0.624    -0.096    -0.106     0.002     0.483     1.067     0.506     0.500
MetalProc.          0.000     0.000     0.635     1.856    19.142     0.362     0.266     0.107     0.331     1.080     0.323     0.500
WoodMach.           0.000     0.000     0.748     2.018    29.214     0.421     0.296     0.023     1.121     1.013     0.435     0.500
TextileMach.        0.001     0.001     0.598     0.938    -0.266    -0.031    -0.032     0.257     0.705     0.980     0.444     0.500
PrintMach.          0.035     0.035     0.728     0.768    20.718     0.373    -0.788    -1.184     1.170     0.958     1.170     2.201
OtherMach.          0.039     0.039     0.696     0.766    -0.800    -0.153    -0.106    -0.179     1.151     1.081     0.881     0.377
Fabricators         0.015     0.015     0.640     0.777    -0.800    -0.153    -0.091    -0.129     0.981     1.054     0.830     0.344
Prod.Inspectors     0.007     0.007     0.726     2.167     2.132     0.125     0.481     0.339     1.400     1.099     1.207     0.848
MotorVehicle        0.002     0.002     0.568     0.866    -0.800    -0.153     0.022    -0.052     0.259     1.113     0.310    -0.152
OtherVehicle        0.001     0.001     0.745     1.014     0.071     0.007     0.007    -0.048     0.484     1.152     0.265     0.500
Freight             0.007     0.007     0.726     0.729    -0.800    -0.153    -0.162    -0.084     0.425     1.077     0.408     0.475
 
======================================
 YEAR = 1980
======================================
  Note: tauh* := (1+tauh)^eta - 1 
 
                       pY     pfitY         Z    TauHat      TauH     tauh*     TauW0     TauW1  wagegrth  wagegrWM ExpFactor     alpha
---------------------------------------------------------------------------------------------------------------------------------------
Home                0.388       NaN     1.000       NaN     0.000     0.000     0.000     0.000       NaN       NaN     1.000       NaN
Managers            0.020     0.020     0.666     3.080    52.013     0.505     0.511     0.462     1.578     1.434     1.119     0.636
MgmtRelated         0.025     0.025     0.709     1.721     0.665     0.054     0.387     0.346     1.434     1.342     1.090     0.903
Architects          0.000     0.000     0.578     3.949   785.045     0.987     0.497     0.577       NaN     1.445     1.000     0.500
Engineers           0.001     0.001     0.619     6.170  6857.276     1.484     0.597     0.579     1.378     1.318     1.095     0.500
Math/CompSci        0.002     0.002     0.644     2.315     5.542     0.213     0.476     0.341     1.631     1.298     1.090     0.770
Science             0.001     0.001     0.814     3.742    40.421     0.467     0.608     0.554     1.536     1.351     1.064     0.709
Doctors             0.001     0.001     0.871     4.913 11326.016     1.616     0.468     0.380     2.085     1.791     1.012     0.396
Nurses              0.014     0.014     0.890     0.704     0.521     0.044    -0.484    -0.639     1.509     1.366     1.083     1.123
Therapists          0.002     0.002     0.788     1.302     4.901     0.201     0.078     0.062     1.443     1.418     1.058     0.308
Professors          0.002     0.002     1.316     1.812    -0.693    -0.115     0.511     0.525     1.463     1.505     1.000     1.205
Teachers            0.043     0.043     1.003     1.010    -0.514    -0.072     0.080     0.012     1.480     1.377     1.079     8.682
Librarians          0.001     0.001     1.003     0.849   198.751     0.726    -1.034    -1.010     1.357     1.373     1.029     4.321
Soc.Scientists      0.001     0.001     0.904     2.181    -0.523    -0.073     0.575     0.496     1.519     1.366     1.000     1.098
SocialWork          0.011     0.011     0.897     0.886    -0.800    -0.153     0.044    -0.207     1.417     1.291     1.045    -0.373
Lawyers             0.001     0.001     0.856     3.560    -0.752    -0.134     0.757     0.683     1.985     1.722     1.039     1.113
Arts/Athletes       0.003     0.003     0.747     2.661    -0.763    -0.138     0.676     0.592     1.505     1.331     1.069     1.151
HealthTechs         0.016     0.016     0.804     0.648     1.408     0.095    -0.690    -0.713     1.350     1.332     1.047     1.208
Eng.Techs           0.003     0.003     0.619     3.346    26.768     0.408     0.579     0.499     1.505     1.265     1.087     0.717
ScienceTechs        0.001     0.001     0.637     2.073     8.451     0.260     0.392     0.382     1.315     1.292     1.059     0.683
OtherTechs          0.005     0.005     0.689     2.247    -0.309    -0.037     0.572     0.574     1.314     1.321     1.062     1.047
Sales               0.031     0.031     0.816     3.043    20.398     0.371     0.549     0.542     1.307     1.285     1.000     0.716
Secretaries         0.060     0.060     0.753     0.168    -0.800    -0.153    -4.030    -4.473     1.283     1.202     1.000     0.907
Info.Clerks         0.010     0.010     0.809     0.653    -0.800    -0.153    -0.296    -0.508     1.262     1.158     1.029     0.610
Records             0.015     0.015     0.707     0.598    -0.800    -0.153    -0.416    -0.611     1.410     1.253     1.087     0.677
FinancialClerk      0.018     0.018     0.743     0.655    -0.800    -0.153    -0.293    -0.690     1.283     1.131     1.061     0.608
OfficeMachine       0.001     0.001     0.722     0.742    -0.493    -0.068    -0.256    -0.394     1.294     1.166     1.046     0.765
ComputerTech        0.015     0.015     0.654     0.865    -0.623    -0.096    -0.046    -0.199     1.362     1.188     1.021     0.309
Mail                0.008     0.008     0.505     1.040    -0.606    -0.092     0.127     0.018     1.161     1.144     1.011     3.423
Clerks              0.010     0.010     0.632     1.784    40.565     0.468     0.177     0.057     1.365     1.191     1.067     0.337
Insurance           0.009     0.009     0.723     0.888    -0.800    -0.153     0.046    -0.220     1.274     1.255     1.096    -0.402
Misc.Admin          0.055     0.055     0.766     0.527    -0.800    -0.153    -0.607    -0.603     1.248     1.274     1.016     0.741
PrivateHshld        0.015     0.015     0.870     0.465    17.414     0.350    -1.905    -2.242     1.284     1.150     1.097     1.392
Firefighting        0.000     0.000     0.485     1.210     1.525     0.100     0.091     0.373     0.615     1.336     0.167     0.500
Police              0.002     0.002     0.614     0.759    -0.800    -0.153    -0.116    -0.421     0.608     1.254     0.421     0.399
Guards              0.002     0.002     0.701     0.711    -0.800    -0.153    -0.192    -0.355     0.879     1.133     0.768     0.514
FoodPrep            0.022     0.022     0.905     1.084   105.530     0.617    -0.492    -0.619     1.233     1.136     1.080    -4.948
HealthService       0.037     0.037     0.883     0.387     4.201     0.185    -2.064    -1.920     1.264     1.326     1.091     1.179
Cleaning            0.008     0.008     0.757     0.621     1.574     0.102    -0.774    -0.294     0.824     1.130     0.654     1.205
PersonalService     0.015     0.015     0.889     0.868   344.455     0.826    -1.103    -1.265     1.207     1.120     1.043     5.262
FarmMgrs            0.000     0.000     1.269     3.568   228.578     0.751     0.509     0.459     1.195     1.084     0.525     0.560
FarmWork            0.001     0.001     0.778     1.164  2910.711     1.274    -0.954    -0.881     1.102     1.145     0.801    -4.416
Agriculture         0.000     0.000     0.825     1.609     9.074     0.269     0.212     0.479     0.737     1.115     0.752     0.500
Forest              0.000     0.000     0.639     1.218442172.400     2.815    -2.133    -2.074     1.081     1.102     0.573    -5.798
Mechanics           0.001     0.001     0.534     0.933    -0.800    -0.153     0.092     0.149     0.446     1.160     0.220    -1.387
Elec.Repairer       0.002     0.002     0.529     3.956    26.886     0.409     0.644     0.532     1.514     1.153     1.064     0.751
Misc.Repairer       0.001     0.001     0.620     0.909    -0.800    -0.153     0.067    -0.199     1.417     1.102     1.000    -0.728
Construction        0.002     0.002     0.604     0.955    -0.800    -0.153     0.112     0.132     1.094     1.118     1.000    -2.569
Extractive          0.000     0.000     0.806     1.599     8.755     0.264     0.209    -0.597     2.287     1.132     1.000     0.500
Supervisor(P)       0.004     0.004     0.596     0.990    -0.800    -0.153     0.144     0.334     0.963     1.237     0.690   -15.333
MetalWork           0.001     0.001     0.621     0.859    -0.800    -0.153     0.014    -0.275     1.514     1.171     1.000    -0.094
WoodWork            0.000     0.000     0.921     1.251    -0.800    -0.153     0.323     0.328     1.057     1.156     0.781     1.740
Textiles            0.001     0.001     0.681     0.815    -0.800    -0.153    -0.040    -0.098     1.194     1.131     0.975     0.192
Other               0.001     0.001     0.669     2.459   300.762     0.801     0.268     0.237     1.268     1.216     1.097     0.346
Food                0.002     0.002     0.721     0.836    -0.529    -0.075    -0.106     0.074     0.581     1.054     0.537     0.566
PlantOperator       0.000     0.000     0.554     0.932    -0.290    -0.035    -0.036    -0.217     1.433     1.219     1.000     0.500
MetalMach.          0.003     0.003     0.593     0.849    -0.800    -0.153     0.002     0.118     1.003     1.135     0.768    -0.014
MetalProc.          0.001     0.001     0.651     0.948    -0.800    -0.153     0.107     0.018     1.326     1.205     1.000    -2.127
WoodMach.           0.000     0.000     0.683     0.867    -0.800    -0.153     0.023     0.103     0.974     1.061     1.000    -0.162
TextileMach.        0.001     0.001     0.717     1.319    -0.179    -0.020     0.257     0.166     1.316     1.172     0.925     1.073
PrintMach.          0.031     0.031     0.709     0.644    26.299     0.406    -1.184    -1.021     1.131     1.222     1.010     1.773
OtherMach.          0.022     0.022     0.641     0.719    -0.800    -0.153    -0.179    -0.184     1.165     1.160     0.856     0.498
Fabricators         0.020     0.020     0.619     0.751    -0.800    -0.153    -0.129    -0.208     1.207     1.128     0.897     0.422
Prod.Inspectors     0.009     0.009     0.642     1.420    -0.458    -0.061     0.339     0.350     1.174     1.195     1.039     1.180
MotorVehicle        0.005     0.005     0.600     0.806    -0.800    -0.153    -0.052     0.042     0.531     1.078     0.393     0.234
OtherVehicle        0.001     0.001     0.585     0.809    -0.800    -0.153    -0.048    -0.299     1.424     1.149     0.928     0.220
Freight             0.016     0.016     0.679     0.781    -0.800    -0.153    -0.084    -0.128     1.151     1.105     0.905     0.328
 
======================================
 YEAR = 1990
======================================
  Note: tauh* := (1+tauh)^eta - 1 
 
                       pY     pfitY         Z    TauHat      TauH     tauh*     TauW0     TauW1  wagegrth  wagegrWM ExpFactor     alpha
---------------------------------------------------------------------------------------------------------------------------------------
Home                0.355       NaN     1.000       NaN     0.000     0.000     0.000     0.000       NaN       NaN     1.000       NaN
Managers            0.033     0.033     0.638     2.305     7.080     0.240     0.462     0.487     1.401     1.469     1.000     0.742
MgmtRelated         0.036     0.036     0.684     1.364    -0.669    -0.108     0.346     0.349     1.296     1.340     1.047     1.367
Architects          0.000     0.000     0.613     5.594  4262.451     1.365     0.577     0.607     1.263     1.360     1.000     0.500
Engineers           0.002     0.002     0.537     4.196   249.858     0.767     0.579     0.621     1.152     1.279     1.000     0.603
Math/CompSci        0.004     0.004     0.596     2.019    14.919     0.330     0.341     0.309     1.237     1.178     1.056     0.594
Science             0.001     0.001     0.700     2.394     0.884     0.067     0.554     0.600     1.279     1.426     1.000     0.925
Doctors             0.002     0.002     0.757     2.981   387.476     0.848     0.380     0.447     1.586     1.778     1.068     0.438
Nurses              0.018     0.018     0.673     0.576    -0.423    -0.055    -0.639    -0.714     1.300     1.243     1.007     0.897
Therapists          0.003     0.003     0.679     0.925    -0.749    -0.133     0.062     0.120     1.247     1.329     1.000    -0.827
Professors          0.001     0.001     1.553     2.138     0.158     0.015     0.525     0.430     1.595     1.440     1.124     0.980
Teachers            0.029     0.029     0.931     0.883    -0.733    -0.127     0.012    -0.017     1.234     1.238     1.100    -0.095
Librarians          0.001     0.001     1.069     0.854   189.688     0.717    -1.010    -1.056     1.316     1.286     1.000     4.435
Soc.Scientists      0.002     0.002     0.848     1.682    -0.800    -0.153     0.496     0.414     1.419     1.389     1.000     1.319
SocialWork          0.011     0.011     0.812     0.702    -0.800    -0.153    -0.207    -0.269     1.187     1.251     1.000     0.531
Lawyers             0.002     0.002     0.757     2.669    -0.800    -0.153     0.683     0.590     1.183     1.391     1.006     1.169
Arts/Athletes       0.005     0.005     0.660     2.078    -0.800    -0.153     0.592     0.597     1.267     1.311     1.000     1.227
HealthTechs         0.016     0.016     0.710     0.674     3.045     0.155    -0.713    -0.662     1.256     1.295     1.066     1.365
Eng.Techs           0.002     0.002     0.616     3.518   244.312     0.763     0.499     0.446     1.318     1.191     1.095     0.549
ScienceTechs        0.001     0.001     0.613     2.190    18.038     0.355     0.382     0.335     1.307     1.216     1.129     0.613
OtherTechs          0.008     0.008     0.620     2.009    -0.779    -0.144     0.574     0.602     1.453     1.580     1.010     1.223
Sales               0.052     0.052     0.779     2.525     3.123     0.157     0.542     0.569     1.192     1.266     1.000     0.842
Secretaries         0.052     0.052     0.708     0.155    -0.800    -0.153    -4.473    -4.147     1.214     1.291     1.000     0.911
Info.Clerks         0.014     0.014     0.782     0.562    -0.800    -0.153    -0.508    -0.776     1.202     1.188     1.039     0.712
Records             0.011     0.011     0.735     0.526    -0.800    -0.153    -0.611    -0.677     1.104     1.061     1.000     0.742
FinancialClerk      0.018     0.018     0.696     0.501    -0.800    -0.153    -0.690    -0.945     1.270     1.208     1.102     0.760
OfficeMachine       0.001     0.001     0.759     0.862     4.963     0.202    -0.394    -0.814     2.013     1.547     1.102     2.243
ComputerTech        0.012     0.012     0.665     0.844     0.119     0.012    -0.199    -0.156     1.119     1.160     1.027     1.068
Mail                0.011     0.011     0.523     0.863    -0.800    -0.153     0.018     0.063     1.055     1.105     1.000    -0.125
Clerks              0.012     0.012     0.652     1.570    44.114     0.480     0.057     0.083     1.142     1.175     1.024     0.130
Insurance           0.018     0.018     0.699     0.694    -0.800    -0.153    -0.220    -0.269     1.235     1.239     1.043     0.546
Misc.Admin          0.051     0.051     0.771     0.528    -0.800    -0.153    -0.603    -0.711     1.270     1.190     1.040     0.740
PrivateHshld        0.014     0.014     0.880     0.412    15.555     0.335    -2.242    -3.190     1.299     1.005     1.117     1.326
Firefighting        0.000     0.000     0.591     1.351    -0.800    -0.153     0.373     0.221     1.575     1.267     0.778     1.551
Police              0.006     0.006     0.526     0.596    -0.800    -0.153    -0.421    -0.292     0.865     1.235     0.830     0.680
Guards              0.004     0.004     0.664     0.625    -0.800    -0.153    -0.355    -0.488     0.936     1.164     0.796     0.647
FoodPrep            0.027     0.027     0.904     1.201   633.339     0.944    -0.619    -0.748     1.307     1.210     1.119    -2.630
HealthService       0.044     0.044     0.862     0.368     0.996     0.074    -1.920    -2.562     1.371     1.124     1.124     1.071
Cleaning            0.010     0.010     0.801     0.726    -0.454    -0.061    -0.294    -0.283     1.128     1.137     0.872     0.805
PersonalService     0.015     0.015     0.845     0.735   140.270     0.665    -1.265    -1.225     1.335     1.359     1.074     2.658
FarmMgrs            0.000     0.000     0.929     4.048  2022.858     1.190     0.459     0.600     0.896     1.211     1.000     0.439
FarmWork            0.001     0.001     0.783     1.379 10472.587     1.595    -0.881    -0.786     1.055     1.112     0.917    -1.967
Agriculture         0.001     0.001     0.758     1.823    -0.390    -0.050     0.479     0.484     1.173     1.186     0.824     1.085
Forest              0.000     0.000     0.624     1.341934664.638     3.121    -2.074    -1.866     1.102     1.182     0.587    -3.830
Mechanics           0.001     0.001     0.530     0.996    -0.800    -0.153     0.149     0.200     0.889     1.206     0.477   -38.979
Elec.Repairer       0.001     0.001     0.499     3.470   109.014     0.623     0.532     0.445     1.381     1.164     1.056     0.611
Misc.Repairer       0.001     0.001     0.616     1.195    31.833     0.433    -0.199    -0.115     1.071     1.152     1.000    -1.022
Construction        0.002     0.002     0.573     1.069    -0.513    -0.071     0.132     0.262     0.967     1.167     1.000     2.103
Extractive          0.000     0.000     0.509     0.867    22.693     0.385    -0.597    -0.535     1.096     1.140     1.000     3.293
Supervisor(P)       0.002     0.002     0.619     1.371    -0.587    -0.087     0.334     0.215     0.866     1.170     0.703     1.288
MetalWork           0.001     0.001     0.587     0.907     3.107     0.157    -0.275    -0.141     1.022     1.142     1.000     2.498
WoodWork            0.000     0.000     0.827     1.261    -0.800    -0.153     0.328     0.229     1.326     1.155     1.000     1.714
Textiles            0.001     0.001     0.716     0.784    -0.767    -0.139    -0.098    -0.314     1.365     1.141     1.000     0.385
Other               0.001     0.001     0.663     2.110   101.590     0.611     0.237    -0.157     1.742     1.150     1.277     0.361
Food                0.003     0.003     0.770     0.915    -0.800    -0.153     0.074     0.068     1.105     1.098     0.864    -0.866
PlantOperator       0.000     0.000     0.613     1.522   397.712     0.853    -0.217    -0.138     1.071     1.146     0.562    -0.468
MetalMach.          0.001     0.001     0.675     1.114    -0.161    -0.018     0.118     0.188     1.005     1.116     0.727     1.168
MetalProc.          0.000     0.000     0.664     1.046     0.302     0.028     0.018     0.013     0.958     1.157     0.684     0.394
WoodMach.           0.000     0.000     0.733     1.192     0.910     0.069     0.103     0.034     0.983     1.448     0.559     0.621
TextileMach.        0.001     0.001     0.629     1.342     1.977     0.119     0.166     0.240     0.997     1.127     0.976     0.618
PrintMach.          0.023     0.023     0.761     0.643    11.666     0.299    -1.021    -1.230     1.251     1.134     1.000     1.592
OtherMach.          0.014     0.014     0.691     0.889     0.652     0.053    -0.184    -0.121     1.079     1.140     0.851     1.440
Fabricators         0.014     0.014     0.648     0.836     0.097     0.010    -0.208    -0.248     1.204     1.165     0.947     1.053
Prod.Inspectors     0.007     0.007     0.706     1.519    -0.116    -0.013     0.350     0.320     1.247     1.193     1.000     1.030
MotorVehicle        0.007     0.007     0.643     0.885    -0.800    -0.153     0.042    -0.197     0.991     1.166     0.603    -0.352
OtherVehicle        0.001     0.001     0.543     0.842     1.378     0.093    -0.299    -0.275     1.128     1.150     0.677     1.518
Freight             0.012     0.012     0.717     0.919     0.418     0.037    -0.128    -0.125     1.148     1.152     0.851     1.424
 
======================================
 YEAR = 2000
======================================
  Note: tauh* := (1+tauh)^eta - 1 
 
                       pY     pfitY         Z    TauHat      TauH     tauh*     TauW0     TauW1  wagegrth  wagegrWM ExpFactor     alpha
---------------------------------------------------------------------------------------------------------------------------------------
Home                0.333       NaN     1.000       NaN     0.000     0.000     0.000     0.000       NaN       NaN     1.000       NaN
Managers            0.035     0.035     0.838     2.188     2.068     0.122     0.487     0.435     1.412     1.282     1.043     0.853
MgmtRelated         0.046     0.046     0.895     1.302    -0.800    -0.153     0.349     0.367     1.292     1.335     1.033     1.629
Architects          0.000     0.000     0.862     4.431   216.361     0.741     0.607     0.618     1.310     1.349     1.000     0.628
Engineers           0.003     0.003     0.724     3.146     4.554     0.193     0.621     0.646     1.230     1.316     1.000     0.846
Math/CompSci        0.008     0.008     0.778     2.087    34.171     0.443     0.309     0.281     1.277     1.229     1.065     0.502
Science             0.001     0.001     1.067     2.305    -0.544    -0.078     0.600     0.506     1.735     1.548     1.055     1.097
Doctors             0.002     0.002     1.062     2.253     7.449     0.246     0.447     0.417     1.855     1.761     1.046     0.729
Nurses              0.016     0.016     0.843     0.592     0.161     0.016    -0.714    -0.714     1.357     1.357     1.089     1.029
Therapists          0.003     0.003     0.969     1.090    -0.331    -0.041     0.120    -0.024     1.252     1.396     1.023     1.480
Professors          0.003     0.003     1.712     1.486    -0.800    -0.153     0.430     0.366     1.483     1.540     1.080     1.418
Teachers            0.047     0.047     1.277     0.833    -0.800    -0.153    -0.017    -0.025     1.261     1.351     1.035     0.093
Librarians          0.000     0.000     1.313     1.012  1231.558     1.081    -1.056    -1.138     1.487     1.431     1.046   -59.106
Soc.Scientists      0.001     0.001     1.095     1.445    -0.800    -0.153     0.414     0.359     1.269     1.510     1.000     1.450
SocialWork          0.014     0.014     1.082     0.668    -0.800    -0.153    -0.269    -0.278     1.231     1.250     1.021     0.589
Lawyers             0.003     0.003     1.015     2.064    -0.800    -0.153     0.590     0.577     1.427     1.525     1.040     1.229
Arts/Athletes       0.005     0.005     0.910     2.103    -0.800    -0.153     0.597     0.581     1.213     1.226     1.000     1.223
HealthTechs         0.017     0.017     0.945     0.736     6.064     0.223    -0.662    -0.646     1.282     1.295     1.095     1.656
Eng.Techs           0.002     0.002     0.782     2.652    40.964     0.469     0.446     0.484     1.157     1.242     1.016     0.605
ScienceTechs        0.001     0.001     0.843     1.756     3.490     0.167     0.335     0.326     1.269     1.251     1.003     0.725
OtherTechs          0.009     0.009     0.811     2.129    -0.800    -0.153     0.602     0.631     1.193     1.287     1.008     1.219
Sales               0.061     0.061     1.035     2.149    -0.520    -0.073     0.569     0.544     1.115     1.154     1.000     1.099
Secretaries         0.031     0.031     0.961     0.296    59.361     0.526    -4.147    -4.106     1.127     1.136     1.000     1.347
Info.Clerks         0.017     0.017     1.047     0.477    -0.800    -0.153    -0.776    -0.762     1.147     1.156     1.036     0.776
Records             0.007     0.007     1.001     0.556    -0.492    -0.067    -0.677    -0.714     1.205     1.179     1.008     0.881
FinancialClerk      0.020     0.020     0.924     0.436    -0.800    -0.153    -0.945    -0.793     1.153     1.251     1.002     0.800
OfficeMachine       0.003     0.003     0.776     0.506    -0.566    -0.082    -0.814    -1.019     1.191     1.070     1.000     0.874
ComputerTech        0.005     0.005     0.978     0.866     0.017     0.002    -0.156    -0.006     1.100     1.264     1.000     1.012
Mail                0.006     0.006     0.814     0.944    -0.694    -0.115     0.063     0.078     1.180     1.199     1.000    -1.129
Clerks              0.012     0.012     0.901     1.551    29.707     0.423     0.083     0.001     1.176     1.080     1.053     0.197
Insurance           0.045     0.045     0.939     0.668    -0.800    -0.153    -0.269    -0.296     1.142     1.118     1.027     0.590
Misc.Admin          0.033     0.033     1.037     0.518    -0.691    -0.114    -0.711    -0.693     1.207     1.220     1.000     0.816
PrivateHshld        0.010     0.010     1.155     0.351    40.974     0.469    -3.190    -3.395     1.087     1.036     1.000     1.367
Firefighting        0.000     0.000     0.760     1.123    -0.726    -0.125     0.221     0.182     1.381     1.315     1.000     2.151
Police              0.010     0.010     0.778     0.656    -0.800    -0.153    -0.292    -0.142     1.093     1.285     0.908     0.607
Guards              0.006     0.006     0.986     0.569    -0.800    -0.153    -0.488    -0.454     1.132     1.158     0.977     0.706
FoodPrep            0.024     0.024     1.154     1.341  3930.327     1.346    -0.748    -0.859     1.064     1.000     1.055    -1.902
HealthService       0.053     0.053     1.101     0.283     0.095     0.009    -2.562    -2.425     1.114     1.158     1.063     1.007
Cleaning            0.005     0.005     1.018     0.784     0.054     0.005    -0.283    -0.196     1.002     1.075     0.893     1.022
PersonalService     0.029     0.029     1.100     0.612    19.143     0.362    -1.225    -1.156     1.054     1.087     1.024     1.631
FarmMgrs            0.000       NaN       NaN       NaN       NaN       NaN     0.600     0.382       NaN     1.308     1.000       NaN
FarmWork            0.001     0.001     1.031     1.828 97282.961     2.264    -0.786    -0.602     0.938     1.046     1.000    -0.961
Agriculture         0.001     0.001     0.895     1.644    -0.799    -0.152     0.484     0.464     1.021     0.982     0.901     1.332
Forest              0.000     0.000     0.756     0.794  2923.869     1.275    -1.866    -1.201     0.861     1.122     1.000     4.559
Mechanics           0.001     0.001     0.736     1.060    -0.800    -0.153     0.200     0.204     1.039     1.090     0.743     3.867
Elec.Repairer       0.001     0.001     0.673     3.206   267.666     0.779     0.445     0.414     1.202     1.138     1.000     0.506
Misc.Repairer       0.001     0.001     0.774     0.915     0.206     0.019    -0.115    -0.225     1.213     1.103     1.000     1.216
Construction        0.002     0.002     0.741     1.148    -0.800    -0.153     0.262     0.233     1.007     1.068     0.906     2.202
Extractive          0.000       NaN       NaN       NaN       NaN       NaN    -0.535     0.051       NaN     1.282     1.000       NaN
Supervisor(P)       0.003     0.003     0.792     1.080    -0.800    -0.153     0.215     0.229     1.157     1.177     0.945     3.166
MetalWork           0.001     0.001     0.736     0.789    -0.639    -0.100    -0.141    -0.021     0.963     1.076     1.000     0.557
WoodWork            0.000     0.000     0.991     1.230    -0.402    -0.052     0.229     0.342     0.890     1.043     0.452     1.256
Textiles            0.000     0.000     1.158     1.641  1737.391     1.156    -0.314    -0.775     1.336     0.989     1.000    -0.551
Other               0.004     0.004     0.943     0.927     0.968     0.072    -0.157    -0.343     1.285     1.107     1.098     1.919
Food                0.002     0.002     1.006     0.946    -0.706    -0.119     0.068     0.034     1.038     1.001     0.973    -1.279
PlantOperator       0.000     0.000     0.734     2.111  4959.049     1.402    -0.138     0.170     0.862     1.181     0.373    -0.173
MetalMach.          0.001     0.001     0.889     1.044    -0.800    -0.153     0.188     0.127     1.064     0.990     1.000     4.883
MetalProc.          0.000     0.000     0.875     0.858    -0.800    -0.153     0.013    -0.158     1.017     1.009     1.000    -0.083
WoodMach.           0.002     0.002     0.842     0.877    -0.800    -0.153     0.034    -0.120     1.019     1.030     0.958    -0.268
TextileMach.        0.001     0.001     0.925     1.114    -0.800    -0.153     0.240     0.102     1.108     1.022     0.968     2.532
PrintMach.          0.007     0.007     0.972     0.746   139.881     0.665    -1.230    -1.220     0.976     0.981     1.000     2.743
OtherMach.          0.012     0.012     0.891     0.809    -0.614    -0.093    -0.121    -0.142     1.078     1.058     1.000     0.537
Fabricators         0.011     0.011     0.838     0.748    -0.487    -0.067    -0.248    -0.276     1.077     1.053     1.000     0.763
Prod.Inspectors     0.005     0.005     0.919     1.503     0.235     0.022     0.320     0.345     1.112     1.154     1.000     0.947
MotorVehicle        0.009     0.009     0.856     0.708    -0.800    -0.153    -0.197    -0.407     0.739     1.043     0.642     0.521
OtherVehicle        0.000     0.000     0.645     0.672    -0.777    -0.143    -0.275    -0.109     1.005     1.155     1.000     0.611
Freight             0.009     0.009     0.945     0.773    -0.744    -0.131    -0.125    -0.174     1.067     1.022     1.000     0.455
 
======================================
 YEAR = 2010
======================================
  Note: tauh* := (1+tauh)^eta - 1 
 
                       pY     pfitY         Z    TauHat      TauH     tauh*     TauW0     TauW1  wagegrth  wagegrWM ExpFactor     alpha
---------------------------------------------------------------------------------------------------------------------------------------
Home                0.280       NaN     1.000       NaN     0.000     0.000     0.000       NaN     0.000     0.000     0.000       NaN
Managers            0.041     0.041     0.750     1.808     0.228     0.021     0.435       NaN     0.000     0.000     0.000     0.964
MgmtRelated         0.040     0.040     0.796     1.339    -0.800    -0.153     0.367       NaN     0.000     0.000     0.000     1.567
Architects          0.000     0.000     0.533     2.655     0.133     0.013     0.618       NaN     0.000     0.000     0.000     0.987
Engineers           0.002     0.002     0.623     3.366     4.538     0.193     0.646       NaN     0.000     0.000     0.000     0.855
Math/CompSci        0.008     0.008     0.699     2.034    39.080     0.463     0.281       NaN     0.000     0.000     0.000     0.465
Science             0.002     0.002     0.921     1.714    -0.800    -0.153     0.506       NaN     0.000     0.000     0.000     1.308
Doctors             0.003     0.003     0.882     1.739     0.136     0.013     0.417       NaN     0.000     0.000     0.000     0.976
Nurses              0.023     0.023     0.772     0.560    -0.326    -0.040    -0.714       NaN     0.000     0.000     0.000     0.930
Therapists          0.006     0.006     0.873     0.827    -0.800    -0.153    -0.024       NaN     0.000     0.000     0.000     0.125
Professors          0.004     0.004     1.656     1.336    -0.800    -0.153     0.366       NaN     0.000     0.000     0.000     1.572
Teachers            0.057     0.057     1.124     0.827    -0.800    -0.153    -0.025       NaN     0.000     0.000     0.000     0.128
Librarians          0.000     0.000     1.242     0.926   753.472     0.979    -1.138       NaN     0.000     0.000     0.000     9.838
Soc.Scientists      0.002     0.002     0.831     1.322    -0.800    -0.153     0.359       NaN     0.000     0.000     0.000     1.594
SocialWork          0.017     0.017     0.977     0.663    -0.800    -0.153    -0.278       NaN     0.000     0.000     0.000     0.596
Lawyers             0.003     0.003     0.857     2.001    -0.800    -0.153     0.577       NaN     0.000     0.000     0.000     1.239
Arts/Athletes       0.005     0.005     0.837     2.021    -0.800    -0.153     0.581       NaN     0.000     0.000     0.000     1.236
HealthTechs         0.022     0.022     0.772     0.656     1.120     0.080    -0.646       NaN     0.000     0.000     0.000     1.184
Eng.Techs           0.001     0.001     0.708     2.664    21.037     0.375     0.484       NaN     0.000     0.000     0.000     0.675
ScienceTechs        0.001     0.001     0.690     1.363    -0.562    -0.081     0.326       NaN     0.000     0.000     0.000     1.275
OtherTechs          0.007     0.007     0.744     2.373    -0.726    -0.125     0.631       NaN     0.000     0.000     0.000     1.154
Sales               0.077     0.077     1.034     1.858    -0.800    -0.153     0.544       NaN     0.000     0.000     0.000     1.268
Secretaries         0.024     0.024     0.931     0.361   375.178     0.842    -4.106       NaN     0.000     0.000     0.000     1.599
Info.Clerks         0.018     0.018     0.970     0.514    -0.618    -0.094    -0.762       NaN     0.000     0.000     0.000     0.851
Records             0.006     0.006     0.950     0.653     1.969     0.119    -0.714       NaN     0.000     0.000     0.000     1.263
FinancialClerk      0.013     0.013     0.859     0.562     0.071     0.007    -0.793       NaN     0.000     0.000     0.000     1.012
OfficeMachine       0.001     0.001     0.867     0.641    11.282     0.295    -1.019       NaN     0.000     0.000     0.000     1.582
ComputerTech        0.002     0.002     0.866     0.937    -0.433    -0.057    -0.006       NaN     0.000     0.000     0.000     0.097
Mail                0.003     0.003     0.697     1.078    -0.052    -0.006     0.078       NaN     0.000     0.000     0.000     1.073
Clerks              0.015     0.015     0.861     1.313    12.842     0.311     0.001       NaN     0.000     0.000     0.000     0.005
Insurance           0.048     0.048     0.893     0.684    -0.688    -0.113    -0.296       NaN     0.000     0.000     0.000     0.684
Misc.Admin          0.025     0.025     0.945     0.617     0.513     0.044    -0.693       NaN     0.000     0.000     0.000     1.088
PrivateHshld        0.012     0.012     1.023     0.322    28.292     0.416    -3.395       NaN     0.000     0.000     0.000     1.307
Firefighting        0.000     0.000     0.631     2.346   560.910     0.920     0.182       NaN     0.000     0.000     0.000     0.235
Police              0.009     0.009     0.691     0.742    -0.800    -0.153    -0.142       NaN     0.000     0.000     0.000     0.445
Guards              0.010     0.010     0.923     0.591    -0.770    -0.141    -0.454       NaN     0.000     0.000     0.000     0.712
FoodPrep            0.035     0.035     1.138     1.375  9082.227     1.557    -0.859       NaN     0.000     0.000     0.000    -1.947
HealthService       0.086     0.086     1.035     0.301     0.365     0.033    -2.425       NaN     0.000     0.000     0.000     1.027
Cleaning            0.007     0.007     0.979     0.779    -0.494    -0.068    -0.196       NaN     0.000     0.000     0.000     0.718
PersonalService     0.034     0.034     1.089     0.643    22.999     0.387    -1.156       NaN     0.000     0.000     0.000     1.742
FarmMgrs            0.000     0.000     1.014     2.617   105.752     0.618     0.382       NaN     0.000     0.000     0.000     0.500
FarmWork            0.000     0.000     0.813     2.8932921310.649     3.634    -0.602       NaN     0.000     0.000     0.000    -0.444
Agriculture         0.001     0.001     0.829     1.765    -0.417    -0.054     0.464       NaN     0.000     0.000     0.000     1.098
Forest              0.000       NaN       NaN       NaN       NaN       NaN    -1.201       NaN     0.000     0.000     0.000       NaN
Mechanics           0.001     0.001     0.689     1.064    -0.800    -0.153     0.204       NaN     0.000     0.000     0.000     3.675
Elec.Repairer       0.001     0.001     0.684     4.683 17992.710     1.743     0.414       NaN     0.000     0.000     0.000     0.346
Misc.Repairer       0.000     0.000     0.783     1.130    22.429     0.384    -0.225       NaN     0.000     0.000     0.000    -1.665
Construction        0.001     0.001     0.679     1.104    -0.800    -0.153     0.233       NaN     0.000     0.000     0.000     2.669
Extractive          0.000     0.000     0.783     1.111     0.665     0.054     0.051       NaN     0.000     0.000     0.000     0.500
Supervisor(P)       0.001     0.001     0.740     1.193    -0.555    -0.080     0.229       NaN     0.000     0.000     0.000     1.472
MetalWork           0.000     0.000     0.813     0.961    -0.165    -0.018    -0.021       NaN     0.000     0.000     0.000     0.533
WoodWork            0.000     0.000     1.020     1.485    -0.199    -0.023     0.342       NaN     0.000     0.000     0.000     1.058
Textiles            0.000     0.000     0.682     1.971190636.291     2.498    -0.775       NaN     0.000     0.000     0.000    -0.846
Other               0.008     0.008     0.800     0.642    -0.761    -0.137    -0.343       NaN     0.000     0.000     0.000     0.667
Food                0.003     0.003     0.893     0.888    -0.774    -0.142     0.034       NaN     0.000     0.000     0.000    -0.296
PlantOperator       0.000     0.000     0.635     1.598    14.529     0.326     0.170       NaN     0.000     0.000     0.000     0.397
MetalMach.          0.000     0.000     1.001     1.303     2.476     0.137     0.127       NaN     0.000     0.000     0.000     0.515
MetalProc.          0.000     0.000     0.840     0.732    -0.800    -0.153    -0.158       NaN     0.000     0.000     0.000     0.470
WoodMach.           0.001     0.001     0.739     0.756    -0.800    -0.153    -0.120       NaN     0.000     0.000     0.000     0.407
TextileMach.        0.001     0.001     0.873     0.944    -0.800    -0.153     0.102       NaN     0.000     0.000     0.000    -1.862
PrintMach.          0.002     0.002     0.962     1.030  3055.612     1.285    -1.220       NaN     0.000     0.000     0.000   -27.265
OtherMach.          0.007     0.007     0.844     0.804    -0.564    -0.082    -0.142       NaN     0.000     0.000     0.000     0.609
Fabricators         0.006     0.006     0.821     0.748    -0.364    -0.046    -0.276       NaN     0.000     0.000     0.000     0.839
Prod.Inspectors     0.003     0.003     0.945     2.242    40.739     0.469     0.345       NaN     0.000     0.000     0.000     0.524
MotorVehicle        0.009     0.009     0.862     0.602    -0.800    -0.153    -0.407       NaN     0.000     0.000     0.000     0.673
OtherVehicle        0.000     0.000     0.702     1.031     2.668     0.143    -0.109       NaN     0.000     0.000     0.000    -3.340
Freight             0.008     0.008     0.919     0.785    -0.548    -0.079    -0.174       NaN     0.000     0.000     0.000     0.662
 
mg(g,t):
mg =

   2.0434e+08   2.1084e+08   1.3335e+08   1.5190e+08   2.6596e+08   1.6918e+08
   2.3879e+07   3.1547e+07   2.7054e+07   4.4467e+07   1.1445e+08   8.2480e+07
   8.7351e+07   1.1051e+08   4.9192e+07   5.1953e+07   1.0692e+08   7.5711e+07
   2.7493e+07   4.1490e+07   3.2102e+07   4.3538e+07   1.1604e+08   9.0791e+07

 
 
 
AlphaSplitYoung for WW:
 
                   1960    1970    1980    1990    2000    2010
---------------------------------------------------------------
Home                NaN     NaN     NaN     NaN     NaN     NaN
Managers          0.500   0.600   0.878   1.000   1.000   1.000
MgmtRelated       0.500   0.498   0.902   1.000   1.000   1.000
Architects        0.500   0.000   0.000   0.000   0.055   0.141
Engineers         0.500   0.494   0.697   0.924   1.000   1.000
Math/CompSci      0.500   0.610   0.988   1.000   0.946   0.827
Science           0.500   0.514   0.935   1.000   1.000   1.000
Doctors           0.500   0.620   0.847   1.000   1.000   1.000
Nurses            0.500   0.586   0.737   0.813   0.951   0.815
Therapists        0.500   0.919   0.631   0.692   0.680   0.756
Professors        0.500   0.663   1.000   1.000   1.000   1.000
Teachers          0.500   0.417   0.125   0.522   0.604   0.655
Librarians        0.719   1.000   0.885   1.000   0.912   0.762
Soc.Scientists    0.500   0.711   1.000   1.000   0.000   0.220
SocialWork        0.500   0.723   1.000   0.000   0.250   0.403
Lawyers           0.500   0.575   1.000   1.000   1.000   1.000
Arts/Athletes     0.500   0.564   1.000   1.000   1.000   1.000
HealthTechs       0.500   0.192   0.648   0.687   0.926   0.695
Eng.Techs         0.500   0.530   0.715   0.762   0.864   1.000
ScienceTechs      0.500   0.499   0.825   1.000   1.000   1.000
OtherTechs        0.500   0.580   1.000   1.000   1.000   1.000
Sales             0.500   0.549   0.648   0.891   1.000   1.000
Secretaries       0.867   0.875   0.909   0.912   1.000   1.000
Info.Clerks       0.500   0.000   0.550   0.705   0.744   0.741
Records           0.500   0.556   0.406   0.579   0.876   1.000
FinancialClerk    0.500   0.137   0.720   0.804   0.880   1.000
OfficeMachine     0.500   0.329   0.000   0.000   0.000   1.000
ComputerTech      0.745   0.000   0.000   0.000   0.000   0.000
Mail              0.500   0.612   0.666   1.000   0.962   0.667
Clerks            0.500   0.448   0.618   0.939   0.968   0.942
Insurance         0.500   0.824   1.000   0.374   0.271   0.261
Misc.Admin        0.500   1.000   0.580   0.645   0.731   0.755
PrivateHshld      0.500   0.111   1.000   1.000   1.000   1.000
Firefighting        NaN     NaN   0.000   0.000     NaN     NaN
Police              NaN     NaN   0.000     NaN     NaN     NaN
Guards              NaN     NaN     NaN   0.000     NaN     NaN
FoodPrep          0.500   0.243   0.000   0.000   0.000   0.000
HealthService     0.500   0.654   0.816   0.725   0.810   0.798
Cleaning         -0.000     NaN  -0.000     NaN  -0.000     NaN
PersonalService   0.500   0.803   0.303   0.532   0.559   0.604
FarmMgrs            NaN     NaN   0.000   0.000  -0.000     NaN
FarmWork         -0.000     NaN     NaN     NaN   0.000     NaN
Agriculture       0.000     NaN     NaN     NaN     NaN     NaN
Forest              NaN   0.000  -0.000   0.000     NaN     NaN
Mechanics         0.000     NaN     NaN     NaN   0.000     NaN
Elec.Repairer     0.500   0.510   0.569   0.541   0.492   0.445
Misc.Repairer       NaN     NaN     NaN   0.000     NaN     NaN
Construction        NaN     NaN   0.000  -0.000     NaN     NaN
Extractive          NaN   0.000   0.000   0.000     NaN   0.000
Supervisor(P)       NaN     NaN   0.000  -0.000     NaN     NaN
MetalWork           NaN     NaN     NaN     NaN     NaN     NaN
WoodWork            NaN     NaN  -0.000     NaN   0.000     NaN
Textiles          0.000   0.000     NaN  -0.000   0.000  -0.000
Other             0.500   0.460   0.468   0.638   0.191   0.596
Food                NaN  -0.000   0.000     NaN     NaN     NaN
PlantOperator       NaN     NaN     NaN  -0.000     NaN   0.000
MetalMach.          NaN   0.000     NaN   0.000     NaN  -0.000
MetalProc.        0.000     NaN   0.000   0.000  -0.000  -0.000
WoodMach.           NaN     NaN  -0.000   0.000     NaN  -0.000
TextileMach.        NaN     NaN     NaN     NaN  -0.000   0.000
PrintMach.        0.000   0.000     NaN     NaN     NaN     NaN
OtherMach.          NaN  -0.000  -0.000   0.000   0.000     NaN
Fabricators       0.000  -0.000     NaN  -0.000  -0.000   0.000
Prod.Inspectors   0.500   0.510   0.545   0.618   0.628   0.605
MotorVehicle        NaN  -0.000     NaN     NaN  -0.000   0.000
OtherVehicle        NaN  -0.000   0.000     NaN     NaN   0.000
Freight             NaN     NaN   0.000     NaN     NaN   0.000
 
============================================
SPLIT of tauhat into TauW and TauH (young), earnings weighted
 - For comparison with our 1960 assumption
============================================
 
                 1960      1970      1980      1990      2000      2010
-----------------------------------------------------------------------
White Men       0.000     0.000     0.000     0.000     0.000     0.000
White Women     0.357     0.390     0.506     0.583     0.608     0.610
Black Men       0.505     0.492     0.478     0.421     0.519     0.515
Black Women     0.447     0.546     0.581     0.704     0.775     0.784
-----------------------------------------------------------------------
///Mean///      0.386     0.419     0.510     0.574     0.613     0.615
  And the mean for all years is      0.519
The mean for yearsafter 1960 is      0.546
 
List of AlphaSplitTauW1960 values we tried:
 
    IterAlphaSplit
----------------
       1  0.5000
 
The final value of AlphaSplitTauW1960 =  0.50000
 
 
===========================================================
Fixing TauW / TauH / TgHome / Z missing values
 -- Use first non-missing value
 -- Missing p and WageBar ==> 0
 
===========================================================
 
*********************
White Women
*********************
 
Z Firefighting     NaN  0.3607  0.4968  0.5109  0.6769  0.5528
Z Firefighting  0.3607  0.3607  0.4968  0.5109  0.6769  0.5528
Z Forest     NaN  0.5898  0.5531  0.5797  0.8522  0.6388
Z Forest  0.5898  0.5898  0.5531  0.5797  0.8522  0.6388
 
*********************
Black Men
*********************
 
TauW Architects     NaN  0.3377  0.4112  0.4705  0.4792  0.4042
TauW Architects  0.3377  0.3377  0.4112  0.4705  0.4792  0.4042
TauH Architects     NaN 53.6342 63.8639  0.2117  1.3854  4.6066
TauH Architects 53.6342 53.6342 63.8639  0.2117  1.3854  4.6066
Z Architects     NaN  1.0745  0.9091  0.6549  0.8772  0.7713
Z Architects  1.0745  1.0745  0.9091  0.6549  0.8772  0.7713
TauW Librarians     NaN  0.1487  0.2445  0.2832  0.3627  0.3437
TauW Librarians  0.1487  0.1487  0.2445  0.2832  0.3627  0.3437
TauH Librarians     NaN  3.7707 -0.8000 -0.7476  6.8718 -0.8000
TauH Librarians  3.7707  3.7707 -0.8000 -0.7476  6.8718 -0.8000
Z Librarians     NaN  1.3750  1.0787  0.9922  1.1909  1.1623
Z Librarians  1.3750  1.3750  1.0787  0.9922  1.1909  1.1623
 
*********************
Black Women
*********************
 
TauW Architects     NaN     NaN  0.4968  0.5772  0.6072  0.6185
TauW Architects  0.4968  0.4968  0.4968  0.5772  0.6072  0.6185
TauH Architects     NaN     NaN785.04544262.4512216.3614  0.1334
TauH Architects785.0454785.0454785.04544262.4512216.3614  0.1334
Z Architects     NaN     NaN  0.5785  0.6134  0.8617  0.5330
Z Architects  0.5785  0.5785  0.5785  0.6134  0.8617  0.5330
TauW Engineers     NaN     NaN  0.5974  0.5790  0.6208  0.6456
TauW Engineers  0.5974  0.5974  0.5974  0.5790  0.6208  0.6456
TauH Engineers     NaN     NaN6857.2763249.8583  4.5540  4.5376
TauH Engineers6857.27636857.27636857.2763249.8583  4.5540  4.5376
Z Engineers     NaN     NaN  0.6185  0.5371  0.7240  0.6233
Z Engineers  0.6185  0.6185  0.6185  0.5371  0.7240  0.6233
TauW Math/CompSci     NaN  0.5680  0.4759  0.3414  0.3086  0.2811
TauW Math/CompSci  0.5680  0.5680  0.4759  0.3414  0.3086  0.2811
TauH Math/CompSci     NaN3459.4844  5.5416 14.9190 34.1714 39.0800
TauH Math/CompSci3459.48443459.4844  5.5416 14.9190 34.1714 39.0800
Z Math/CompSci     NaN  0.6176  0.6440  0.5957  0.7783  0.6985
Z Math/CompSci  0.6176  0.6176  0.6440  0.5957  0.7783  0.6985
TauW Science     NaN  0.5310  0.6079  0.5541  0.5999  0.5056
TauW Science  0.5310  0.5310  0.6079  0.5541  0.5999  0.5056
TauH Science     NaN1555.5440 40.4209  0.8838 -0.5439 -0.8000
TauH Science1555.54401555.5440 40.4209  0.8838 -0.5439 -0.8000
Z Science     NaN  0.7214  0.8145  0.7000  1.0671  0.9207
Z Science  0.7214  0.7214  0.8145  0.7000  1.0671  0.9207
TauW Eng.Techs     NaN  0.6410  0.5791  0.4990  0.4458  0.4837
TauW Eng.Techs  0.6410  0.6410  0.5791  0.4990  0.4458  0.4837
TauH Eng.Techs     NaN20868.9189 26.7682244.3124 40.9644 21.0374
TauH Eng.Techs20868.918920868.9189 26.7682244.3124 40.9644 21.0374
Z Eng.Techs     NaN  0.6183  0.6189  0.6160  0.7818  0.7076
Z Eng.Techs  0.6183  0.6183  0.6189  0.6160  0.7818  0.7076
TauW OtherTechs     NaN  0.5141  0.5715  0.5739  0.6021  0.6311
TauW OtherTechs  0.5141  0.5141  0.5715  0.5739  0.6021  0.6311
TauH OtherTechs     NaN1104.1058 -0.3087 -0.7789 -0.8000 -0.7255
TauH OtherTechs1104.10581104.1058 -0.3087 -0.7789 -0.8000 -0.7255
Z OtherTechs     NaN  0.5479  0.6892  0.6201  0.8107  0.7438
Z OtherTechs  0.5479  0.5479  0.6892  0.6201  0.8107  0.7438
TauW Firefighting     NaN     NaN  0.0910  0.3729  0.2207  0.1818
TauW Firefighting  0.0910  0.0910  0.0910  0.3729  0.2207  0.1818
TauH Firefighting     NaN     NaN  1.5245 -0.8000 -0.7261560.9105
TauH Firefighting  1.5245  1.5245  1.5245 -0.8000 -0.7261560.9105
Z Firefighting     NaN     NaN  0.4850  0.5909  0.7599  0.6308
Z Firefighting  0.4850  0.4850  0.4850  0.5909  0.7599  0.6308
TauW Police     NaN -0.0407 -0.1161 -0.4212 -0.2924 -0.1424
TauW Police -0.0407 -0.0407 -0.1161 -0.4212 -0.2924 -0.1424
TauH Police     NaN -0.3212 -0.8000 -0.8000 -0.8000 -0.8000
TauH Police -0.3212 -0.3212 -0.8000 -0.8000 -0.8000 -0.8000
Z Police     NaN  0.5461  0.6139  0.5258  0.7776  0.6905
Z Police  0.5461  0.5461  0.6139  0.5258  0.7776  0.6905
TauH FarmMgrs170.0325 -0.8000228.57822022.8582     NaN105.7522
TauH FarmMgrs170.0325 -0.8000228.57822022.85821064.3052105.7522
Z FarmMgrs  2.2501  0.9254  1.2692  0.9294     NaN  1.0144
Z FarmMgrs  2.2501  0.9254  1.2692  0.9294  0.9719  1.0144
TauW Agriculture     NaN  0.2811  0.2117  0.4788  0.4845  0.4641
TauW Agriculture  0.2811  0.2811  0.2117  0.4788  0.4845  0.4641
TauH Agriculture     NaN 23.6350  9.0738 -0.3902 -0.7988 -0.4167
TauH Agriculture 23.6350 23.6350  9.0738 -0.3902 -0.7988 -0.4167
Z Agriculture     NaN  0.6507  0.8248  0.7583  0.8953  0.8285
Z Agriculture  0.6507  0.6507  0.8248  0.7583  0.8953  0.8285
TauW Forest     NaN -3.0174 -2.1330 -2.0736 -1.8663 -1.2005
TauW Forest -3.0174 -3.0174 -2.1330 -2.0736 -1.8663 -1.2005
TauH Forest     NaN -0.8000442172.3996934664.63782923.8685     NaN
TauH Forest -0.8000 -0.8000442172.3996934664.63782923.86852923.8685
Z Forest     NaN  0.6668  0.6385  0.6242  0.7565     NaN
Z Forest  0.6668  0.6668  0.6385  0.6242  0.7565  0.7565
TauW Mechanics     NaN  0.3338  0.0918  0.1492  0.2004  0.2037
TauW Mechanics  0.3338  0.3338  0.0918  0.1492  0.2004  0.2037
TauH Mechanics     NaN 50.5613 -0.8000 -0.8000 -0.8000 -0.8000
TauH Mechanics 50.5613 50.5613 -0.8000 -0.8000 -0.8000 -0.8000
Z Mechanics     NaN  0.7263  0.5340  0.5305  0.7361  0.6893
Z Mechanics  0.7263  0.7263  0.5340  0.5305  0.7361  0.6893
TauW Elec.Repairer     NaN  0.7957  0.6438  0.5324  0.4451  0.4142
TauW Elec.Repairer  0.7957  0.7957  0.6438  0.5324  0.4451  0.4142
TauH Elec.Repairer     NaN4981579.4471 26.8858109.0143267.665617992.7099
TauH Elec.Repairer4981579.44714981579.4471 26.8858109.0143267.665617992.7099
Z Elec.Repairer     NaN  0.7821  0.5290  0.4993  0.6734  0.6837
Z Elec.Repairer  0.7821  0.7821  0.5290  0.4993  0.6734  0.6837
TauW Extractive     NaN -0.1413  0.2091 -0.5971 -0.5348  0.0512
TauW Extractive -0.1413 -0.1413  0.2091 -0.5971 -0.5348  0.0512
TauH Extractive     NaN -0.7229  8.7547 22.6927     NaN  0.6652
TauH Extractive -0.7229 -0.7229  8.7547 22.6927 11.6789  0.6652
Z Extractive     NaN  0.5570  0.8059  0.5088     NaN  0.7828
Z Extractive  0.5570  0.5570  0.8059  0.5088  0.6458  0.7828
TauW MetalWork     NaN  0.1436  0.0141 -0.2746 -0.1409 -0.0214
TauW MetalWork  0.1436  0.1436  0.0141 -0.2746 -0.1409 -0.0214
TauH MetalWork     NaN  3.5044 -0.8000  3.1068 -0.6389 -0.1649
TauH MetalWork  3.5044  3.5044 -0.8000  3.1068 -0.6389 -0.1649
Z MetalWork     NaN  0.4987  0.6209  0.5875  0.7363  0.8133
Z MetalWork  0.4987  0.4987  0.6209  0.5875  0.7363  0.8133
TauW WoodWork     NaN -0.1446  0.3229  0.3283  0.2291  0.3419
TauW WoodWork -0.1446 -0.1446  0.3229  0.3283  0.2291  0.3419
TauH WoodWork     NaN -0.7304 -0.8000 -0.8000 -0.4020 -0.1992
TauH WoodWork -0.7304 -0.7304 -0.8000 -0.8000 -0.4020 -0.1992
Z WoodWork     NaN  0.6493  0.9209  0.8274  0.9905  1.0201
Z WoodWork  0.6493  0.6493  0.9209  0.8274  0.9905  1.0201
TauW PlantOperator     NaN     NaN -0.0359 -0.2175 -0.1377  0.1698
TauW PlantOperator -0.0359 -0.0359 -0.0359 -0.2175 -0.1377  0.1698
TauH PlantOperator     NaN     NaN -0.2902397.71174959.0487 14.5293
TauH PlantOperator -0.2902 -0.2902 -0.2902397.71174959.0487 14.5293
Z PlantOperator     NaN     NaN  0.5537  0.6126  0.7341  0.6346
Z PlantOperator  0.5537  0.5537  0.5537  0.6126  0.7341  0.6346
TauW MetalMach.     NaN -0.1061  0.0023  0.1183  0.1882  0.1272
TauW MetalMach. -0.1061 -0.1061  0.0023  0.1183  0.1882  0.1272
TauH MetalMach.     NaN -0.6244 -0.8000 -0.1612 -0.8000  2.4756
TauH MetalMach. -0.6244 -0.6244 -0.8000 -0.1612 -0.8000  2.4756
Z MetalMach.     NaN  0.5617  0.5926  0.6752  0.8891  1.0005
Z MetalMach.  0.5617  0.5617  0.5926  0.6752  0.8891  1.0005
TauW MetalProc.     NaN  0.2660  0.1066  0.0176  0.0127 -0.1582
TauW MetalProc.  0.2660  0.2660  0.1066  0.0176  0.0127 -0.1582
TauH MetalProc.     NaN 19.1423 -0.8000  0.3025 -0.8000 -0.8000
TauH MetalProc. 19.1423 19.1423 -0.8000  0.3025 -0.8000 -0.8000
Z MetalProc.     NaN  0.6354  0.6511  0.6638  0.8753  0.8398
Z MetalProc.  0.6354  0.6354  0.6511  0.6638  0.8753  0.8398
TauW WoodMach.     NaN  0.2961  0.0228  0.1033  0.0345 -0.1205
TauW WoodMach.  0.2961  0.2961  0.0228  0.1033  0.0345 -0.1205
TauH WoodMach.     NaN 29.2140 -0.8000  0.9103 -0.8000 -0.8000
TauH WoodMach. 29.2140 29.2140 -0.8000  0.9103 -0.8000 -0.8000
Z WoodMach.     NaN  0.7475  0.6832  0.7333  0.8417  0.7390
Z WoodMach.  0.7475  0.7475  0.6832  0.7333  0.8417  0.7390
TauW TextileMach.     NaN -0.0323  0.2573  0.1665  0.2397  0.1022
TauW TextileMach. -0.0323 -0.0323  0.2573  0.1665  0.2397  0.1022
TauH TextileMach.     NaN -0.2657 -0.1789  1.9770 -0.8000 -0.8000
TauH TextileMach. -0.2657 -0.2657 -0.1789  1.9770 -0.8000 -0.8000
Z TextileMach.     NaN  0.5979  0.7167  0.6292  0.9251  0.8726
Z TextileMach.  0.5979  0.5979  0.7167  0.6292  0.9251  0.8726
mgEstimated =

   2.0434e+08   2.1084e+08   1.3335e+08   1.5190e+08   2.6596e+08   1.6918e+08
   2.3879e+07   3.1547e+07   2.7054e+07   4.4467e+07   1.1445e+08   8.2480e+07
   8.7351e+07   1.1051e+08   4.9192e+07   5.1953e+07   1.0692e+08   7.5711e+07
   2.7493e+07   4.1490e+07   3.2102e+07   4.3538e+07   1.1604e+08   9.0791e+07

CleanandShowTauAZ_NoBrawny                 05-Oct-2026 
 
'CleanandShowTauAZ' is a script from the file /workspace/output/replication/codebase/CleanandShowTauAZ.m

 CleanandShowTauAZ  

 After running EstimateTauZ.m to get the TauH, TauW, Z etc
 this program cleans the data up and shows/plots it.

 Also does the following:

  - shows output w*H in each occupation and labor earnings (1-tauw)*w*H.
  - computes GDP and growth rates
  - computes revenue from TauW and TauH

 Also recovers the A(i,t) from the wages, Hit, and production function.
 Specifically, from the labor demand FOC from firms:

    A(i,t) = [ w(i,t)^sigma H(i,t) / Y(t) ]^(1/(sigma-1))

 Creates the "TalentData" data set used in later programs.


Additional help for built-in functions and operators is
available in the online version of the manual.  Use the command
'doc <topic>' to search the manual index.

Help and information about Octave is also available on the WWW
at https://www.octave.org and via the help@octave.org
mailing list.
 
=============================================================
KEY PARAMETER VALUES:    CaseName = NoBrawny
                   theta =  2.0000
                     eta =  0.1030
            theta*(1-eta)=  1.7940
                    dlta =  0.0000
                      mu =  0.5574
                   sigma =  3.0000
           EstimateDelta =  0.0000
           ConstrainTauH = -0.8000
PurgeWageGrowthSelection =     0
      AlphaSplitTauW1960 =  0.5000
   OccupationforWageHome = 23 Secretaries                               
IgnoreBrawnyOccupations = 1 -- choosing T(i,g) to zero out tauw/h there
   Alpha0FixedSplit =  0.5000
=============================================================
 
 
 
--------------------------------------------------------------------------------------------------
                          >>>>> White Men <<<<<
--------------------------------------------------------------------------------------------------
 
--------------
    TauHat      
--------------
 
                   1960    1970    1980    1990    2000    2010
---------------------------------------------------------------
Home                NaN     NaN     NaN     NaN     NaN     NaN
Managers          1.000   1.000   1.000   1.000   1.000   1.000
MgmtRelated       1.000   1.000   1.000   1.000   1.000   1.000
Architects        1.000   1.000   1.000   1.000   1.000   1.000
Engineers         1.000   1.000   1.000   1.000   1.000   1.000
Math/CompSci      1.000   1.000   1.000   1.000   1.000   1.000
Science           1.000   1.000   1.000   1.000   1.000   1.000
Doctors           1.000   1.000   1.000   1.000   1.000   1.000
Nurses            1.000   1.000   1.000   1.000   1.000   1.000
Therapists        1.000   1.000   1.000   1.000   1.000   1.000
Professors        1.000   1.000   1.000   1.000   1.000   1.000
Teachers          1.000   1.000   1.000   1.000   1.000   1.000
Librarians        1.000   1.000   1.000   1.000   1.000   1.000
Soc.Scientists    1.000   1.000   1.000   1.000   1.000   1.000
SocialWork        1.000   1.000   1.000   1.000   1.000   1.000
Lawyers           1.000   1.000   1.000   1.000   1.000   1.000
Arts/Athletes     1.000   1.000   1.000   1.000   1.000   1.000
HealthTechs       1.000   1.000   1.000   1.000   1.000   1.000
Eng.Techs         1.000   1.000   1.000   1.000   1.000   1.000
ScienceTechs      1.000   1.000   1.000   1.000   1.000   1.000
OtherTechs        1.000   1.000   1.000   1.000   1.000   1.000
Sales             1.000   1.000   1.000   1.000   1.000   1.000
Secretaries       1.000   1.000   1.000   1.000   1.000   1.000
Info.Clerks       1.000   1.000   1.000   1.000   1.000   1.000
Records           1.000   1.000   1.000   1.000   1.000   1.000
FinancialClerk    1.000   1.000   1.000   1.000   1.000   1.000
OfficeMachine     1.000   1.000   1.000   1.000   1.000   1.000
ComputerTech      1.000   1.000   1.000   1.000   1.000   1.000
Mail              1.000   1.000   1.000   1.000   1.000   1.000
Clerks            1.000   1.000   1.000   1.000   1.000   1.000
Insurance         1.000   1.000   1.000   1.000   1.000   1.000
Misc.Admin        1.000   1.000   1.000   1.000   1.000   1.000
PrivateHshld      1.000   1.000   1.000   1.000   1.000   1.000
Firefighting      1.000   1.000   1.000   1.000   1.000   1.000
Police            1.000   1.000   1.000   1.000   1.000   1.000
Guards            1.000   1.000   1.000   1.000   1.000   1.000
FoodPrep          1.000   1.000   1.000   1.000   1.000   1.000
HealthService     1.000   1.000   1.000   1.000   1.000   1.000
Cleaning          1.000   1.000   1.000   1.000   1.000   1.000
PersonalService   1.000   1.000   1.000   1.000   1.000   1.000
FarmMgrs          1.000   1.000   1.000   1.000   1.000   1.000
FarmWork          1.000   1.000   1.000   1.000   1.000   1.000
Agriculture       1.000   1.000   1.000   1.000   1.000   1.000
Forest            1.000   1.000   1.000   1.000   1.000   1.000
Mechanics         1.000   1.000   1.000   1.000   1.000   1.000
Elec.Repairer     1.000   1.000   1.000   1.000   1.000   1.000
Misc.Repairer     1.000   1.000   1.000   1.000   1.000   1.000
Construction      1.000   1.000   1.000   1.000   1.000   1.000
Extractive        1.000   1.000   1.000   1.000   1.000   1.000
Supervisor(P)     1.000   1.000   1.000   1.000   1.000   1.000
MetalWork         1.000   1.000   1.000   1.000   1.000   1.000
WoodWork          1.000   1.000   1.000   1.000   1.000   1.000
Textiles          1.000   1.000   1.000   1.000   1.000   1.000
Other             1.000   1.000   1.000   1.000   1.000   1.000
Food              1.000   1.000   1.000   1.000   1.000   1.000
PlantOperator     1.000   1.000   1.000   1.000   1.000   1.000
MetalMach.        1.000   1.000   1.000   1.000   1.000   1.000
MetalProc.        1.000   1.000   1.000   1.000   1.000   1.000
WoodMach.         1.000   1.000   1.000   1.000   1.000   1.000
TextileMach.      1.000   1.000   1.000   1.000   1.000   1.000
PrintMach.        1.000   1.000   1.000   1.000   1.000   1.000
OtherMach.        1.000   1.000   1.000   1.000   1.000   1.000
Fabricators       1.000   1.000   1.000   1.000   1.000   1.000
Prod.Inspectors   1.000   1.000   1.000   1.000   1.000   1.000
MotorVehicle      1.000   1.000   1.000   1.000   1.000   1.000
OtherVehicle      1.000   1.000   1.000   1.000   1.000   1.000
Freight           1.000   1.000   1.000   1.000   1.000   1.000
 
Mean             1.000   1.000   1.000   1.000   1.000   1.000
Std Dev          0.000   0.000   0.000   0.000   0.000   0.000
Mean(weighted)   1.000   1.000   1.000   1.000   1.000   1.000
Std Dev(wghtd)   0.000   0.000   0.000   0.000   0.000   0.000
 
--------------
    TauW      
--------------
 
                   1960    1970    1980    1990    2000    2010
---------------------------------------------------------------
Home              0.000   0.000   0.000   0.000   0.000   0.000
Managers          0.000   0.000   0.000   0.000   0.000   0.000
MgmtRelated       0.000   0.000   0.000   0.000   0.000   0.000
Architects        0.000   0.000   0.000   0.000   0.000   0.000
Engineers         0.000   0.000   0.000   0.000   0.000   0.000
Math/CompSci      0.000   0.000   0.000   0.000   0.000   0.000
Science           0.000   0.000   0.000   0.000   0.000   0.000
Doctors           0.000   0.000   0.000   0.000   0.000   0.000
Nurses            0.000   0.000   0.000   0.000   0.000   0.000
Therapists        0.000   0.000   0.000   0.000   0.000   0.000
Professors        0.000   0.000   0.000   0.000   0.000   0.000
Teachers          0.000   0.000   0.000   0.000   0.000   0.000
Librarians        0.000   0.000   0.000   0.000   0.000   0.000
Soc.Scientists    0.000   0.000   0.000   0.000   0.000   0.000
SocialWork        0.000   0.000   0.000   0.000   0.000   0.000
Lawyers           0.000   0.000   0.000   0.000   0.000   0.000
Arts/Athletes     0.000   0.000   0.000   0.000   0.000   0.000
HealthTechs       0.000   0.000   0.000   0.000   0.000   0.000
Eng.Techs         0.000   0.000   0.000   0.000   0.000   0.000
ScienceTechs      0.000   0.000   0.000   0.000   0.000   0.000
OtherTechs        0.000   0.000   0.000   0.000   0.000   0.000
Sales             0.000   0.000   0.000   0.000   0.000   0.000
Secretaries       0.000   0.000   0.000   0.000   0.000   0.000
Info.Clerks       0.000   0.000   0.000   0.000   0.000   0.000
Records           0.000   0.000   0.000   0.000   0.000   0.000
FinancialClerk    0.000   0.000   0.000   0.000   0.000   0.000
OfficeMachine     0.000   0.000   0.000   0.000   0.000   0.000
ComputerTech      0.000   0.000   0.000   0.000   0.000   0.000
Mail              0.000   0.000   0.000   0.000   0.000   0.000
Clerks            0.000   0.000   0.000   0.000   0.000   0.000
Insurance         0.000   0.000   0.000   0.000   0.000   0.000
Misc.Admin        0.000   0.000   0.000   0.000   0.000   0.000
PrivateHshld      0.000   0.000   0.000   0.000   0.000   0.000
Firefighting      0.000   0.000   0.000   0.000   0.000   0.000
Police            0.000   0.000   0.000   0.000   0.000   0.000
Guards            0.000   0.000   0.000   0.000   0.000   0.000
FoodPrep          0.000   0.000   0.000   0.000   0.000   0.000
HealthService     0.000   0.000   0.000   0.000   0.000   0.000
Cleaning          0.000   0.000   0.000   0.000   0.000   0.000
PersonalService   0.000   0.000   0.000   0.000   0.000   0.000
FarmMgrs          0.000   0.000   0.000   0.000   0.000   0.000
FarmWork          0.000   0.000   0.000   0.000   0.000   0.000
Agriculture       0.000   0.000   0.000   0.000   0.000   0.000
Forest            0.000   0.000   0.000   0.000   0.000   0.000
Mechanics         0.000   0.000   0.000   0.000   0.000   0.000
Elec.Repairer     0.000   0.000   0.000   0.000   0.000   0.000
Misc.Repairer     0.000   0.000   0.000   0.000   0.000   0.000
Construction      0.000   0.000   0.000   0.000   0.000   0.000
Extractive        0.000   0.000   0.000   0.000   0.000   0.000
Supervisor(P)     0.000   0.000   0.000   0.000   0.000   0.000
MetalWork         0.000   0.000   0.000   0.000   0.000   0.000
WoodWork          0.000   0.000   0.000   0.000   0.000   0.000
Textiles          0.000   0.000   0.000   0.000   0.000   0.000
Other             0.000   0.000   0.000   0.000   0.000   0.000
Food              0.000   0.000   0.000   0.000   0.000   0.000
PlantOperator     0.000   0.000   0.000   0.000   0.000   0.000
MetalMach.        0.000   0.000   0.000   0.000   0.000   0.000
MetalProc.        0.000   0.000   0.000   0.000   0.000   0.000
WoodMach.         0.000   0.000   0.000   0.000   0.000   0.000
TextileMach.      0.000   0.000   0.000   0.000   0.000   0.000
PrintMach.        0.000   0.000   0.000   0.000   0.000   0.000
OtherMach.        0.000   0.000   0.000   0.000   0.000   0.000
Fabricators       0.000   0.000   0.000   0.000   0.000   0.000
Prod.Inspectors   0.000   0.000   0.000   0.000   0.000   0.000
MotorVehicle      0.000   0.000   0.000   0.000   0.000   0.000
OtherVehicle      0.000   0.000   0.000   0.000   0.000   0.000
Freight           0.000   0.000   0.000   0.000   0.000   0.000
 
Mean             0.000   0.000   0.000   0.000   0.000   0.000
Std Dev          0.000   0.000   0.000   0.000   0.000   0.000
Mean(weighted)   0.000   0.000   0.000   0.000   0.000   0.000
Std Dev(wghtd)   0.000   0.000   0.000   0.000   0.000   0.000
 
-------------------------
    WageGrowthRelative      
-------------------------
 
                   1960    1970    1980    1990    2000    2010
---------------------------------------------------------------
Home                NaN     NaN     NaN     NaN     NaN     NaN
Managers          1.000   1.000   1.000   1.000   1.000     NaN
MgmtRelated       1.000   1.000   1.000   1.000   1.000     NaN
Architects        1.000   1.000   1.000   1.000   1.000     NaN
Engineers         1.000   1.000   1.000   1.000   1.000     NaN
Math/CompSci      1.000   1.000   1.000   1.000   1.000     NaN
Science           1.000   1.000   1.000   1.000   1.000     NaN
Doctors           1.000   1.000   1.000   1.000   1.000     NaN
Nurses            1.000   1.000   1.000   1.000   1.000     NaN
Therapists        1.000   1.000   1.000   1.000   1.000     NaN
Professors        1.000   1.000   1.000   1.000   1.000     NaN
Teachers          1.000   1.000   1.000   1.000   1.000     NaN
Librarians        1.000   1.000   1.000   1.000   1.000     NaN
Soc.Scientists    1.000   1.000   1.000   1.000   1.000     NaN
SocialWork        1.000   1.000   1.000   1.000   1.000     NaN
Lawyers           1.000   1.000   1.000   1.000   1.000     NaN
Arts/Athletes     1.000   1.000   1.000   1.000   1.000     NaN
HealthTechs       1.000   1.000   1.000   1.000   1.000     NaN
Eng.Techs         1.000   1.000   1.000   1.000   1.000     NaN
ScienceTechs      1.000   1.000   1.000   1.000   1.000     NaN
OtherTechs        1.000   1.000   1.000   1.000   1.000     NaN
Sales             1.000   1.000   1.000   1.000   1.000     NaN
Secretaries       1.000   1.000   1.000   1.000   1.000     NaN
Info.Clerks       1.000   1.000   1.000   1.000   1.000     NaN
Records           1.000   1.000   1.000   1.000   1.000     NaN
FinancialClerk    1.000   1.000   1.000   1.000   1.000     NaN
OfficeMachine     1.000   1.000   1.000   1.000   1.000     NaN
ComputerTech      1.000   1.000   1.000   1.000   1.000     NaN
Mail              1.000   1.000   1.000   1.000   1.000     NaN
Clerks            1.000   1.000   1.000   1.000   1.000     NaN
Insurance         1.000   1.000   1.000   1.000   1.000     NaN
Misc.Admin        1.000   1.000   1.000   1.000   1.000     NaN
PrivateHshld      1.000   1.000   1.000   1.000   1.000     NaN
Firefighting      1.000   1.000   1.000   1.000   1.000     NaN
Police            1.000   1.000   1.000   1.000   1.000     NaN
Guards            1.000   1.000   1.000   1.000   1.000     NaN
FoodPrep          1.000   1.000   1.000   1.000   1.000     NaN
HealthService     1.000   1.000   1.000   1.000   1.000     NaN
Cleaning          1.000   1.000   1.000   1.000   1.000     NaN
PersonalService   1.000   1.000   1.000   1.000   1.000     NaN
FarmMgrs          1.000   1.000   1.000   1.000   1.000     NaN
FarmWork          1.000   1.000   1.000   1.000   1.000     NaN
Agriculture       1.000   1.000   1.000   1.000   1.000     NaN
Forest            1.000   1.000   1.000   1.000   1.000     NaN
Mechanics         1.000   1.000   1.000   1.000   1.000     NaN
Elec.Repairer     1.000   1.000   1.000   1.000   1.000     NaN
Misc.Repairer     1.000   1.000   1.000   1.000   1.000     NaN
Construction      1.000   1.000   1.000   1.000   1.000     NaN
Extractive        1.000   1.000   1.000   1.000   1.000     NaN
Supervisor(P)     1.000   1.000   1.000   1.000   1.000     NaN
MetalWork         1.000   1.000   1.000   1.000   1.000     NaN
WoodWork          1.000   1.000   1.000   1.000   1.000     NaN
Textiles          1.000   1.000   1.000   1.000   1.000     NaN
Other             1.000   1.000   1.000   1.000   1.000     NaN
Food              1.000   1.000   1.000   1.000   1.000     NaN
PlantOperator     1.000   1.000   1.000   1.000   1.000     NaN
MetalMach.        1.000   1.000   1.000   1.000   1.000     NaN
MetalProc.        1.000   1.000   1.000   1.000   1.000     NaN
WoodMach.         1.000   1.000   1.000   1.000   1.000     NaN
TextileMach.      1.000   1.000   1.000   1.000   1.000     NaN
PrintMach.        1.000   1.000   1.000   1.000   1.000     NaN
OtherMach.        1.000   1.000   1.000   1.000   1.000     NaN
Fabricators       1.000   1.000   1.000   1.000   1.000     NaN
Prod.Inspectors   1.000   1.000   1.000   1.000   1.000     NaN
MotorVehicle      1.000   1.000   1.000   1.000   1.000     NaN
OtherVehicle      1.000   1.000   1.000   1.000   1.000     NaN
Freight           1.000   1.000   1.000   1.000   1.000     NaN
 
Mean             1.000   1.000   1.000   1.000   1.000     NaN
Std Dev          0.000   0.000   0.000   0.000   0.000   0.000
Mean(weighted)   1.000   1.000   1.000   1.000   1.000   0.000
Std Dev(wghtd)   0.000   0.000   0.000   0.000   0.000     NaN
 
--------------
    TauH      
--------------
 
                   1940    1950    1960    1970    1980    1990    2000    2010
-------------------------------------------------------------------------------
Home              0.000   0.000   0.000   0.000   0.000   0.000   0.000   0.000
Managers          0.000   0.000   0.000   0.000   0.000   0.000   0.000   0.000
MgmtRelated       0.000   0.000   0.000   0.000   0.000   0.000   0.000   0.000
Architects        0.000   0.000   0.000   0.000   0.000   0.000   0.000   0.000
Engineers         0.000   0.000   0.000   0.000   0.000   0.000   0.000   0.000
Math/CompSci      0.000   0.000   0.000   0.000   0.000   0.000   0.000   0.000
Science           0.000   0.000   0.000   0.000   0.000   0.000   0.000   0.000
Doctors           0.000   0.000   0.000   0.000   0.000   0.000   0.000   0.000
Nurses            0.000   0.000   0.000   0.000   0.000   0.000   0.000   0.000
Therapists        0.000   0.000   0.000   0.000   0.000   0.000   0.000   0.000
Professors        0.000   0.000   0.000   0.000   0.000   0.000   0.000   0.000
Teachers          0.000   0.000   0.000   0.000   0.000   0.000   0.000   0.000
Librarians        0.000   0.000   0.000   0.000   0.000   0.000   0.000   0.000
Soc.Scientists    0.000   0.000   0.000   0.000   0.000   0.000   0.000   0.000
SocialWork        0.000   0.000   0.000   0.000   0.000   0.000   0.000   0.000
Lawyers           0.000   0.000   0.000   0.000   0.000   0.000   0.000   0.000
Arts/Athletes     0.000   0.000   0.000   0.000   0.000   0.000   0.000   0.000
HealthTechs       0.000   0.000   0.000   0.000   0.000   0.000   0.000   0.000
Eng.Techs         0.000   0.000   0.000   0.000   0.000   0.000   0.000   0.000
ScienceTechs      0.000   0.000   0.000   0.000   0.000   0.000   0.000   0.000
OtherTechs        0.000   0.000   0.000   0.000   0.000   0.000   0.000   0.000
Sales             0.000   0.000   0.000   0.000   0.000   0.000   0.000   0.000
Secretaries       0.000   0.000   0.000   0.000   0.000   0.000   0.000   0.000
Info.Clerks       0.000   0.000   0.000   0.000   0.000   0.000   0.000   0.000
Records           0.000   0.000   0.000   0.000   0.000   0.000   0.000   0.000
FinancialClerk    0.000   0.000   0.000   0.000   0.000   0.000   0.000   0.000
OfficeMachine     0.000   0.000   0.000   0.000   0.000   0.000   0.000   0.000
ComputerTech      0.000   0.000   0.000   0.000   0.000   0.000   0.000   0.000
Mail              0.000   0.000   0.000   0.000   0.000   0.000   0.000   0.000
Clerks            0.000   0.000   0.000   0.000   0.000   0.000   0.000   0.000
Insurance         0.000   0.000   0.000   0.000   0.000   0.000   0.000   0.000
Misc.Admin        0.000   0.000   0.000   0.000   0.000   0.000   0.000   0.000
PrivateHshld      0.000   0.000   0.000   0.000   0.000   0.000   0.000   0.000
Firefighting      0.000   0.000   0.000   0.000   0.000   0.000   0.000   0.000
Police            0.000   0.000   0.000   0.000   0.000   0.000   0.000   0.000
Guards            0.000   0.000   0.000   0.000   0.000   0.000   0.000   0.000
FoodPrep          0.000   0.000   0.000   0.000   0.000   0.000   0.000   0.000
HealthService     0.000   0.000   0.000   0.000   0.000   0.000   0.000   0.000
Cleaning          0.000   0.000   0.000   0.000   0.000   0.000   0.000   0.000
PersonalService   0.000   0.000   0.000   0.000   0.000   0.000   0.000   0.000
FarmMgrs          0.000   0.000   0.000   0.000   0.000   0.000   0.000   0.000
FarmWork          0.000   0.000   0.000   0.000   0.000   0.000   0.000   0.000
Agriculture       0.000   0.000   0.000   0.000   0.000   0.000   0.000   0.000
Forest            0.000   0.000   0.000   0.000   0.000   0.000   0.000   0.000
Mechanics         0.000   0.000   0.000   0.000   0.000   0.000   0.000   0.000
Elec.Repairer     0.000   0.000   0.000   0.000   0.000   0.000   0.000   0.000
Misc.Repairer     0.000   0.000   0.000   0.000   0.000   0.000   0.000   0.000
Construction      0.000   0.000   0.000   0.000   0.000   0.000   0.000   0.000
Extractive        0.000   0.000   0.000   0.000   0.000   0.000   0.000   0.000
Supervisor(P)     0.000   0.000   0.000   0.000   0.000   0.000   0.000   0.000
MetalWork         0.000   0.000   0.000   0.000   0.000   0.000   0.000   0.000
WoodWork          0.000   0.000   0.000   0.000   0.000   0.000   0.000   0.000
Textiles          0.000   0.000   0.000   0.000   0.000   0.000   0.000   0.000
Other             0.000   0.000   0.000   0.000   0.000   0.000   0.000   0.000
Food              0.000   0.000   0.000   0.000   0.000   0.000   0.000   0.000
PlantOperator     0.000   0.000   0.000   0.000   0.000   0.000   0.000   0.000
MetalMach.        0.000   0.000   0.000   0.000   0.000   0.000   0.000   0.000
MetalProc.        0.000   0.000   0.000   0.000   0.000   0.000   0.000   0.000
WoodMach.         0.000   0.000   0.000   0.000   0.000   0.000   0.000   0.000
TextileMach.      0.000   0.000   0.000   0.000   0.000   0.000   0.000   0.000
PrintMach.        0.000   0.000   0.000   0.000   0.000   0.000   0.000   0.000
OtherMach.        0.000   0.000   0.000   0.000   0.000   0.000   0.000   0.000
Fabricators       0.000   0.000   0.000   0.000   0.000   0.000   0.000   0.000
Prod.Inspectors   0.000   0.000   0.000   0.000   0.000   0.000   0.000   0.000
MotorVehicle      0.000   0.000   0.000   0.000   0.000   0.000   0.000   0.000
OtherVehicle      0.000   0.000   0.000   0.000   0.000   0.000   0.000   0.000
Freight           0.000   0.000   0.000   0.000   0.000   0.000   0.000   0.000
 
Mean             0.000   0.000   0.000   0.000   0.000   0.000   0.000   0.000
Std Dev          0.000   0.000   0.000   0.000   0.000   0.000   0.000   0.000
Mean(weighted)     NaN     NaN   0.000   0.000   0.000   0.000   0.000   0.000
Std Dev(wghtd)     NaN     NaN   0.000   0.000   0.000   0.000   0.000   0.000
 
--------------------
    1/(1-TauW)      
--------------------
 
                   1960    1970    1980    1990    2000    2010
---------------------------------------------------------------
Home              1.000   1.000   1.000   1.000   1.000   1.000
Managers          1.000   1.000   1.000   1.000   1.000   1.000
MgmtRelated       1.000   1.000   1.000   1.000   1.000   1.000
Architects        1.000   1.000   1.000   1.000   1.000   1.000
Engineers         1.000   1.000   1.000   1.000   1.000   1.000
Math/CompSci      1.000   1.000   1.000   1.000   1.000   1.000
Science           1.000   1.000   1.000   1.000   1.000   1.000
Doctors           1.000   1.000   1.000   1.000   1.000   1.000
Nurses            1.000   1.000   1.000   1.000   1.000   1.000
Therapists        1.000   1.000   1.000   1.000   1.000   1.000
Professors        1.000   1.000   1.000   1.000   1.000   1.000
Teachers          1.000   1.000   1.000   1.000   1.000   1.000
Librarians        1.000   1.000   1.000   1.000   1.000   1.000
Soc.Scientists    1.000   1.000   1.000   1.000   1.000   1.000
SocialWork        1.000   1.000   1.000   1.000   1.000   1.000
Lawyers           1.000   1.000   1.000   1.000   1.000   1.000
Arts/Athletes     1.000   1.000   1.000   1.000   1.000   1.000
HealthTechs       1.000   1.000   1.000   1.000   1.000   1.000
Eng.Techs         1.000   1.000   1.000   1.000   1.000   1.000
ScienceTechs      1.000   1.000   1.000   1.000   1.000   1.000
OtherTechs        1.000   1.000   1.000   1.000   1.000   1.000
Sales             1.000   1.000   1.000   1.000   1.000   1.000
Secretaries       1.000   1.000   1.000   1.000   1.000   1.000
Info.Clerks       1.000   1.000   1.000   1.000   1.000   1.000
Records           1.000   1.000   1.000   1.000   1.000   1.000
FinancialClerk    1.000   1.000   1.000   1.000   1.000   1.000
OfficeMachine     1.000   1.000   1.000   1.000   1.000   1.000
ComputerTech      1.000   1.000   1.000   1.000   1.000   1.000
Mail              1.000   1.000   1.000   1.000   1.000   1.000
Clerks            1.000   1.000   1.000   1.000   1.000   1.000
Insurance         1.000   1.000   1.000   1.000   1.000   1.000
Misc.Admin        1.000   1.000   1.000   1.000   1.000   1.000
PrivateHshld      1.000   1.000   1.000   1.000   1.000   1.000
Firefighting      1.000   1.000   1.000   1.000   1.000   1.000
Police            1.000   1.000   1.000   1.000   1.000   1.000
Guards            1.000   1.000   1.000   1.000   1.000   1.000
FoodPrep          1.000   1.000   1.000   1.000   1.000   1.000
HealthService     1.000   1.000   1.000   1.000   1.000   1.000
Cleaning          1.000   1.000   1.000   1.000   1.000   1.000
PersonalService   1.000   1.000   1.000   1.000   1.000   1.000
FarmMgrs          1.000   1.000   1.000   1.000   1.000   1.000
FarmWork          1.000   1.000   1.000   1.000   1.000   1.000
Agriculture       1.000   1.000   1.000   1.000   1.000   1.000
Forest            1.000   1.000   1.000   1.000   1.000   1.000
Mechanics         1.000   1.000   1.000   1.000   1.000   1.000
Elec.Repairer     1.000   1.000   1.000   1.000   1.000   1.000
Misc.Repairer     1.000   1.000   1.000   1.000   1.000   1.000
Construction      1.000   1.000   1.000   1.000   1.000   1.000
Extractive        1.000   1.000   1.000   1.000   1.000   1.000
Supervisor(P)     1.000   1.000   1.000   1.000   1.000   1.000
MetalWork         1.000   1.000   1.000   1.000   1.000   1.000
WoodWork          1.000   1.000   1.000   1.000   1.000   1.000
Textiles          1.000   1.000   1.000   1.000   1.000   1.000
Other             1.000   1.000   1.000   1.000   1.000   1.000
Food              1.000   1.000   1.000   1.000   1.000   1.000
PlantOperator     1.000   1.000   1.000   1.000   1.000   1.000
MetalMach.        1.000   1.000   1.000   1.000   1.000   1.000
MetalProc.        1.000   1.000   1.000   1.000   1.000   1.000
WoodMach.         1.000   1.000   1.000   1.000   1.000   1.000
TextileMach.      1.000   1.000   1.000   1.000   1.000   1.000
PrintMach.        1.000   1.000   1.000   1.000   1.000   1.000
OtherMach.        1.000   1.000   1.000   1.000   1.000   1.000
Fabricators       1.000   1.000   1.000   1.000   1.000   1.000
Prod.Inspectors   1.000   1.000   1.000   1.000   1.000   1.000
MotorVehicle      1.000   1.000   1.000   1.000   1.000   1.000
OtherVehicle      1.000   1.000   1.000   1.000   1.000   1.000
Freight           1.000   1.000   1.000   1.000   1.000   1.000
 
Mean             1.000   1.000   1.000   1.000   1.000   1.000
Std Dev          0.000   0.000   0.000   0.000   0.000   0.000
Mean(weighted)   1.000   1.000   1.000   1.000   1.000   1.000
Std Dev(wghtd)   0.000   0.000   0.000   0.000   0.000   0.000
eta = 0.1030
 
----------------------
    (1+tauh)^eta      
----------------------
 
                   1940    1950    1960    1970    1980    1990    2000    2010
-------------------------------------------------------------------------------
Home              1.000   1.000   1.000   1.000   1.000   1.000   1.000   1.000
Managers          1.000   1.000   1.000   1.000   1.000   1.000   1.000   1.000
MgmtRelated       1.000   1.000   1.000   1.000   1.000   1.000   1.000   1.000
Architects        1.000   1.000   1.000   1.000   1.000   1.000   1.000   1.000
Engineers         1.000   1.000   1.000   1.000   1.000   1.000   1.000   1.000
Math/CompSci      1.000   1.000   1.000   1.000   1.000   1.000   1.000   1.000
Science           1.000   1.000   1.000   1.000   1.000   1.000   1.000   1.000
Doctors           1.000   1.000   1.000   1.000   1.000   1.000   1.000   1.000
Nurses            1.000   1.000   1.000   1.000   1.000   1.000   1.000   1.000
Therapists        1.000   1.000   1.000   1.000   1.000   1.000   1.000   1.000
Professors        1.000   1.000   1.000   1.000   1.000   1.000   1.000   1.000
Teachers          1.000   1.000   1.000   1.000   1.000   1.000   1.000   1.000
Librarians        1.000   1.000   1.000   1.000   1.000   1.000   1.000   1.000
Soc.Scientists    1.000   1.000   1.000   1.000   1.000   1.000   1.000   1.000
SocialWork        1.000   1.000   1.000   1.000   1.000   1.000   1.000   1.000
Lawyers           1.000   1.000   1.000   1.000   1.000   1.000   1.000   1.000
Arts/Athletes     1.000   1.000   1.000   1.000   1.000   1.000   1.000   1.000
HealthTechs       1.000   1.000   1.000   1.000   1.000   1.000   1.000   1.000
Eng.Techs         1.000   1.000   1.000   1.000   1.000   1.000   1.000   1.000
ScienceTechs      1.000   1.000   1.000   1.000   1.000   1.000   1.000   1.000
OtherTechs        1.000   1.000   1.000   1.000   1.000   1.000   1.000   1.000
Sales             1.000   1.000   1.000   1.000   1.000   1.000   1.000   1.000
Secretaries       1.000   1.000   1.000   1.000   1.000   1.000   1.000   1.000
Info.Clerks       1.000   1.000   1.000   1.000   1.000   1.000   1.000   1.000
Records           1.000   1.000   1.000   1.000   1.000   1.000   1.000   1.000
FinancialClerk    1.000   1.000   1.000   1.000   1.000   1.000   1.000   1.000
OfficeMachine     1.000   1.000   1.000   1.000   1.000   1.000   1.000   1.000
ComputerTech      1.000   1.000   1.000   1.000   1.000   1.000   1.000   1.000
Mail              1.000   1.000   1.000   1.000   1.000   1.000   1.000   1.000
Clerks            1.000   1.000   1.000   1.000   1.000   1.000   1.000   1.000
Insurance         1.000   1.000   1.000   1.000   1.000   1.000   1.000   1.000
Misc.Admin        1.000   1.000   1.000   1.000   1.000   1.000   1.000   1.000
PrivateHshld      1.000   1.000   1.000   1.000   1.000   1.000   1.000   1.000
Firefighting      1.000   1.000   1.000   1.000   1.000   1.000   1.000   1.000
Police            1.000   1.000   1.000   1.000   1.000   1.000   1.000   1.000
Guards            1.000   1.000   1.000   1.000   1.000   1.000   1.000   1.000
FoodPrep          1.000   1.000   1.000   1.000   1.000   1.000   1.000   1.000
HealthService     1.000   1.000   1.000   1.000   1.000   1.000   1.000   1.000
Cleaning          1.000   1.000   1.000   1.000   1.000   1.000   1.000   1.000
PersonalService   1.000   1.000   1.000   1.000   1.000   1.000   1.000   1.000
FarmMgrs          1.000   1.000   1.000   1.000   1.000   1.000   1.000   1.000
FarmWork          1.000   1.000   1.000   1.000   1.000   1.000   1.000   1.000
Agriculture       1.000   1.000   1.000   1.000   1.000   1.000   1.000   1.000
Forest            1.000   1.000   1.000   1.000   1.000   1.000   1.000   1.000
Mechanics         1.000   1.000   1.000   1.000   1.000   1.000   1.000   1.000
Elec.Repairer     1.000   1.000   1.000   1.000   1.000   1.000   1.000   1.000
Misc.Repairer     1.000   1.000   1.000   1.000   1.000   1.000   1.000   1.000
Construction      1.000   1.000   1.000   1.000   1.000   1.000   1.000   1.000
Extractive        1.000   1.000   1.000   1.000   1.000   1.000   1.000   1.000
Supervisor(P)     1.000   1.000   1.000   1.000   1.000   1.000   1.000   1.000
MetalWork         1.000   1.000   1.000   1.000   1.000   1.000   1.000   1.000
WoodWork          1.000   1.000   1.000   1.000   1.000   1.000   1.000   1.000
Textiles          1.000   1.000   1.000   1.000   1.000   1.000   1.000   1.000
Other             1.000   1.000   1.000   1.000   1.000   1.000   1.000   1.000
Food              1.000   1.000   1.000   1.000   1.000   1.000   1.000   1.000
PlantOperator     1.000   1.000   1.000   1.000   1.000   1.000   1.000   1.000
MetalMach.        1.000   1.000   1.000   1.000   1.000   1.000   1.000   1.000
MetalProc.        1.000   1.000   1.000   1.000   1.000   1.000   1.000   1.000
WoodMach.         1.000   1.000   1.000   1.000   1.000   1.000   1.000   1.000
TextileMach.      1.000   1.000   1.000   1.000   1.000   1.000   1.000   1.000
PrintMach.        1.000   1.000   1.000   1.000   1.000   1.000   1.000   1.000
OtherMach.        1.000   1.000   1.000   1.000   1.000   1.000   1.000   1.000
Fabricators       1.000   1.000   1.000   1.000   1.000   1.000   1.000   1.000
Prod.Inspectors   1.000   1.000   1.000   1.000   1.000   1.000   1.000   1.000
MotorVehicle      1.000   1.000   1.000   1.000   1.000   1.000   1.000   1.000
OtherVehicle      1.000   1.000   1.000   1.000   1.000   1.000   1.000   1.000
Freight           1.000   1.000   1.000   1.000   1.000   1.000   1.000   1.000
 
Mean             1.000   1.000   1.000   1.000   1.000   1.000   1.000   1.000
Std Dev          0.000   0.000   0.000   0.000   0.000   0.000   0.000   0.000
Mean(weighted)     NaN     NaN   1.000   1.000   1.000   1.000   1.000   1.000
Std Dev(wghtd)     NaN     NaN   0.000   0.000   0.000   0.000   0.000   0.000
 
--------------------------------------------------
    z -- preference shock by Cohort of birth      
--------------------------------------------------
 
                   1940    1950    1960    1970    1980    1990    2000    2010
-------------------------------------------------------------------------------
Home              0.000   0.000   1.000   1.000   1.000   1.000   1.000   1.000
Managers          0.000   0.000   0.915   0.846   0.854   0.760   0.856   0.756
MgmtRelated       0.000   0.000   1.090   0.935   0.951   0.860   0.962   0.804
Architects        0.000   0.000   1.282   1.266   1.216   0.929   1.132   0.944
Engineers         0.000   0.000   1.030   0.950   0.889   0.792   0.936   0.753
Math/CompSci      0.000   0.000   1.149   0.943   0.908   0.799   0.916   0.783
Science           0.000   0.000   1.226   1.125   1.207   1.059   1.412   1.101
Doctors           0.000   0.000   1.614   1.247   1.097   1.020   1.203   0.990
Nurses            0.000   0.000   1.251   1.163   1.214   0.864   0.986   0.808
Therapists        0.000   0.000   1.633   1.271   1.106   0.953   1.133   0.981
Professors        0.000   0.000   2.346   2.017   2.063   2.102   2.327   2.093
Teachers          0.000   0.000   1.613   1.457   1.434   1.224   1.444   1.188
Librarians        0.000   0.000   1.771   1.511   1.586   1.490   1.722   1.598
Soc.Scientists    0.000   0.000   1.373   1.139   1.229   1.064   1.268   0.941
SocialWork        0.000   0.000   2.044   1.581   1.520   1.316   1.468   1.223
Lawyers           0.000   0.000   1.498   1.257   1.251   0.999   1.193   0.896
Arts/Athletes     0.000   0.000   1.142   0.977   1.133   0.982   1.141   0.989
HealthTechs       0.000   0.000   1.088   1.063   1.112   0.960   1.071   0.876
Eng.Techs         0.000   0.000   0.941   0.873   0.873   0.825   0.989   0.825
ScienceTechs      0.000   0.000   0.986   1.018   0.927   0.863   1.018   0.856
OtherTechs        0.000   0.000   1.011   0.897   0.988   0.856   0.903   0.745
Sales             0.000   0.000   0.989   0.864   0.879   0.799   0.924   0.860
Secretaries       0.000   0.000   1.050   0.959   1.072   1.055   1.139   1.067
Info.Clerks       0.000   0.000   1.004   0.932   1.048   1.014   1.225   1.099
Records           0.000   0.000   1.186   0.990   0.998   0.998   1.229   1.098
FinancialClerk    0.000   0.000   1.112   0.952   0.995   0.984   1.138   0.968
OfficeMachine     0.000   0.000   1.008   0.993   1.021   0.993   0.983   1.112
ComputerTech      0.000   0.000   0.871   0.866   0.856   0.868   1.043   0.939
Mail              0.000   0.000   0.980   0.922   0.807   0.787   1.011   0.865
Clerks            0.000   0.000   0.967   0.888   0.878   0.878   1.064   1.005
Insurance         0.000   0.000   1.151   0.959   1.007   0.945   1.080   0.986
Misc.Admin        0.000   0.000   1.040   0.925   1.025   0.978   1.191   1.053
PrivateHshld      0.000   0.000   0.939   0.928   1.037   1.065   1.305   1.196
Firefighting      0.000   0.000   0.923   0.796   0.797   0.717   0.846   0.681
Police            0.000   0.000   0.963   0.827   0.844   0.763   0.917   0.737
Guards            0.000   0.000   0.960   0.928   0.962   0.956   1.136   0.986
FoodPrep          0.000   0.000   1.068   0.982   1.152   1.124   1.293   1.240
HealthService     0.000   0.000   1.238   1.181   1.188   1.087   1.321   1.153
Cleaning          0.000   0.000   1.080   0.931   0.948   0.955   1.112   1.018
PersonalService   0.000   0.000   1.025   0.876   1.075   1.046   1.219   1.124
FarmMgrs          0.000   0.000   1.366   1.048   1.033   0.994   1.122   0.845
FarmWork          0.000   0.000   1.353   1.143   0.989   0.994   1.127   0.938
Agriculture       0.000   0.000   0.977   0.918   1.005   0.964   1.103   1.023
Forest            0.000   0.000   1.102   0.975   0.890   0.876   1.034   0.864
Mechanics         0.000   0.000   0.928   0.813   0.791   0.795   0.921   0.799
Elec.Repairer     0.000   0.000   0.899   0.819   0.745   0.786   0.933   0.809
Misc.Repairer     0.000   0.000   0.900   0.790   0.770   0.799   0.948   0.800
Construction      0.000   0.000   0.856   0.784   0.785   0.790   0.928   0.819
Extractive        0.000   0.000   0.837   0.804   0.676   0.710   0.846   0.625
Supervisor(P)     0.000   0.000   0.826   0.767   0.750   0.718   0.865   0.743
MetalWork         0.000   0.000   0.829   0.773   0.744   0.746   0.886   0.785
WoodWork          0.000   0.000   0.932   0.875   0.999   0.882   1.037   0.952
Textiles          0.000   0.000   0.919   0.865   0.919   0.936   1.004   1.009
Other             0.000   0.000   0.861   0.808   0.864   0.826   1.104   0.961
Food              0.000   0.000   0.913   0.827   0.769   0.852   1.046   0.972
PlantOperator     0.000   0.000   0.906   0.782   0.759   0.708   0.858   0.692
MetalMach.        0.000   0.000   0.811   0.804   0.753   0.806   0.963   0.836
MetalProc.        0.000   0.000   0.897   0.769   0.772   0.792   0.933   0.866
WoodMach.         0.000   0.000   0.992   0.910   0.908   0.941   0.975   0.856
TextileMach.      0.000   0.000   0.851   0.788   0.811   0.794   0.941   0.897
PrintMach.        0.000   0.000   1.010   0.911   0.916   0.908   1.067   0.991
OtherMach.        0.000   0.000   0.901   0.827   0.776   0.802   0.956   0.862
Fabricators       0.000   0.000   0.869   0.825   0.779   0.821   0.962   0.844
Prod.Inspectors   0.000   0.000   0.903   0.861   0.784   0.795   0.966   0.819
MotorVehicle      0.000   0.000   0.898   0.820   0.777   0.811   0.954   0.880
OtherVehicle      0.000   0.000   0.820   0.775   0.708   0.734   0.863   0.699
Freight           0.000   0.000   0.971   0.909   0.853   0.915   1.079   1.015
 
Mean             0.000   0.000   1.088   0.973   0.977   0.929   1.085   0.948
Std Dev          0.000   0.000   0.290   0.220   0.232   0.205   0.228   0.215
Mean(weighted)     NaN     NaN   1.056   0.941   0.945   0.881   1.024   0.893
Std Dev(wghtd)     NaN     NaN   0.251   0.195   0.202   0.172   0.198   0.175
 
 
--------------------------------------------------------------------------------------------------
                          >>>>> White Women <<<<<
--------------------------------------------------------------------------------------------------
 
--------------
    TauHat      
--------------
 
                   1960    1970    1980    1990    2000    2010
---------------------------------------------------------------
Home                NaN     NaN     NaN     NaN     NaN     NaN
Managers          5.595   3.872   2.334   1.578   1.473   1.352
MgmtRelated       4.349   3.533   1.657   1.131   1.100   1.120
Architects        8.210   4.423   3.565   2.215   1.907   1.435
Engineers        14.572  13.890   5.204   2.960   2.770   2.533
Math/CompSci      3.204   3.578   1.935   1.508   1.735   1.928
Science           5.148   3.961   2.286   1.557   1.354   1.113
Doctors           7.924   4.603   3.911   2.130   1.536   1.114
Nurses            0.816   0.670   0.532   0.413   0.476   0.444
Therapists        1.419   1.138   0.904   0.584   0.596   0.507
Professors        4.095   2.553   1.518   1.315   1.115   1.027
Teachers          1.368   1.152   0.883   0.707   0.658   0.619
Librarians        0.554   0.737   0.620   0.734   0.598   0.498
Soc.Scientists    2.584   2.734   1.628   1.043   0.916   0.809
SocialWork        2.157   1.577   1.152   0.955   0.802   0.758
Lawyers          11.625   5.691   2.750   1.625   1.360   1.234
Arts/Athletes     2.402   2.623   1.573   1.260   1.198   1.194
HealthTechs       1.077   0.885   0.624   0.589   0.712   0.679
Eng.Techs         7.398   6.145   3.241   2.562   2.291   2.090
ScienceTechs      4.254   3.558   2.100   1.686   1.536   1.469
OtherTechs        6.590   3.295   1.946   1.550   1.844   2.122
Sales             4.006   3.526   2.264   1.771   1.602   1.479
Secretaries       0.287   0.267   0.160   0.152   0.276   0.326
Info.Clerks       1.129   1.090   0.692   0.570   0.523   0.546
Records           1.794   1.847   0.775   0.674   0.717   0.691
FinancialClerk    0.789   0.864   0.553   0.430   0.426   0.525
OfficeMachine     1.082   1.740   1.097   1.191   1.132   0.846
ComputerTech      0.522   1.370   1.182   1.070   1.214   1.186
Mail              7.759   3.120   2.213   1.389   1.554   1.836
Clerks            5.233   3.630   1.917   1.459   1.479   1.428
Insurance         7.081   2.848   1.110   0.767   0.803   0.836
Misc.Admin        1.459   1.037   0.674   0.627   0.603   0.625
PrivateHshld      1.513   1.200   0.922   0.702   0.494   0.434
Firefighting        NaN   1.000   1.000   1.000   1.000   1.000
Police            1.000   1.000   1.000   1.000   1.000   1.000
Guards            1.000   1.000   1.000   1.000   1.000   1.000
FoodPrep          1.306   1.310   1.117   1.091   1.203   1.162
HealthService     0.808   0.619   0.595   0.547   0.419   0.441
Cleaning          1.000   1.000   1.000   1.000   1.000   1.000
PersonalService   1.776   1.442   0.788   0.702   0.687   0.658
FarmMgrs          1.000   1.000   1.000   1.000   1.000   1.000
FarmWork          1.000   1.000   1.000   1.000   1.000   1.000
Agriculture       1.000   1.000   1.000   1.000   1.000   1.000
Forest              NaN   1.000   1.000   1.000   1.000   1.000
Mechanics         1.000   1.000   1.000   1.000   1.000   1.000
Elec.Repairer    14.670   9.361   4.355   3.753   4.184   4.796
Misc.Repairer     1.000   1.000   1.000   1.000   1.000   1.000
Construction      1.000   1.000   1.000   1.000   1.000   1.000
Extractive        1.000   1.000   1.000   1.000   1.000   1.000
Supervisor(P)     1.000   1.000   1.000   1.000   1.000   1.000
MetalWork         1.000   1.000   1.000   1.000   1.000   1.000
WoodWork          1.000   1.000   1.000   1.000   1.000   1.000
Textiles          1.000   1.000   1.000   1.000   1.000   1.000
Other             5.674   3.294   2.296   1.774   0.815   0.663
Food              1.000   1.000   1.000   1.000   1.000   1.000
PlantOperator     1.000   1.000   1.000   1.000   1.000   1.000
MetalMach.        1.000   1.000   1.000   1.000   1.000   1.000
MetalProc.        1.000   1.000   1.000   1.000   1.000   1.000
WoodMach.         1.000   1.000   1.000   1.000   1.000   1.000
TextileMach.      1.000   1.000   1.000   1.000   1.000   1.000
PrintMach.        1.000   1.000   1.000   1.000   1.000   1.000
OtherMach.        1.000   1.000   1.000   1.000   1.000   1.000
Fabricators       1.000   1.000   1.000   1.000   1.000   1.000
Prod.Inspectors   2.064   2.219   1.880   1.741   1.693   1.918
MotorVehicle      1.000   1.000   1.000   1.000   1.000   1.000
OtherVehicle      1.000   1.000   1.000   1.000   1.000   1.000
Freight           1.000   1.000   1.000   1.000   1.000   1.000
 
Mean             2.817   2.112   1.408   1.159   1.118   1.098
Std Dev          3.239   2.179   0.938   0.583   0.577   0.624
Mean(weighted)   3.511   2.696   1.665   1.272   1.218   1.179
Std Dev(wghtd)   3.259   2.450   1.012   0.586   0.551   0.560
 
--------------
    TauW      
--------------
 
                   1960    1970    1980    1990    2000    2010
---------------------------------------------------------------
Home              0.000   0.000   0.000   0.000   0.000   0.000
Managers          0.577   0.556   0.525   0.463   0.425   0.374
MgmtRelated       0.520   0.467   0.366   0.251   0.229   0.244
Architects        0.651  -0.294  -0.185  -0.056   0.035   0.050
Engineers         0.738   0.727   0.683   0.633   0.657   0.652
Math/CompSci      0.441   0.541   0.479   0.407   0.406   0.419
Science           0.559   0.507   0.538   0.456   0.374   0.239
Doctors           0.645   0.612   0.685   0.602   0.448   0.239
Nurses           -0.107  -0.264  -0.592  -1.052  -1.028  -0.937
Therapists        0.160   0.112  -0.066  -0.450  -0.422  -0.673
Professors        0.506   0.463   0.412   0.356   0.240   0.175
Teachers          0.145   0.057  -0.016  -0.198  -0.288  -0.369
Librarians       -0.529  -0.479  -0.527  -0.460  -0.599  -0.700
Soc.Scientists    0.378   0.511   0.461   0.187   0.075  -0.048
SocialWork        0.319   0.281   0.150   0.113  -0.057  -0.118
Lawyers           0.707   0.632   0.688   0.479   0.377   0.314
Arts/Athletes     0.355   0.420   0.401   0.328   0.293   0.291
HealthTechs       0.036  -0.024  -0.357  -0.438  -0.370  -0.309
Eng.Techs         0.632   0.618   0.569   0.512   0.511   0.522
ScienceTechs      0.515   0.469   0.458   0.417   0.361   0.386
OtherTechs        0.610   0.499   0.507   0.454   0.525   0.559
Sales             0.500   0.499   0.411   0.399   0.414   0.427
Secretaries      -1.949  -2.179  -4.288  -4.570  -4.146  -4.173
Info.Clerks       0.059  -0.072  -0.225  -0.486  -0.620  -0.566
Records           0.253   0.289  -0.109  -0.256  -0.338  -0.447
FinancialClerk   -0.126  -0.020  -0.531  -0.972  -1.121  -1.018
OfficeMachine     0.039   0.167  -0.128  -0.095  -0.163  -0.268
ComputerTech     -0.624  -0.513  -0.307  -0.415  -0.395  -0.252
Mail              0.641   0.502   0.411   0.333   0.346   0.333
Clerks            0.563   0.439   0.331   0.298   0.315   0.285
Insurance         0.624   0.578   0.237  -0.104  -0.061  -0.048
Misc.Admin        0.172   0.085  -0.257  -0.351  -0.448  -0.425
PrivateHshld      0.187   0.020  -0.426  -0.652  -1.215  -1.352
Firefighting      0.000   0.000   0.000   0.000   0.000   0.000
Police            0.000   0.000   0.000   0.000   0.000   0.000
Guards            0.000   0.000   0.000   0.000   0.000   0.000
FoodPrep          0.125   0.063  -0.263  -0.367  -0.392  -0.384
HealthService    -0.113  -0.368  -0.528  -0.549  -1.024  -0.921
Cleaning          0.000   0.000   0.000   0.000   0.000   0.000
PersonalService   0.250   0.255  -0.075  -0.207  -0.234  -0.288
FarmMgrs          0.000   0.000   0.000   0.000   0.000   0.000
FarmWork          0.000   0.000   0.000   0.000   0.000   0.000
Agriculture       0.000   0.000   0.000   0.000   0.000   0.000
Forest            0.000   0.000   0.000   0.000   0.000   0.000
Mechanics         0.000   0.000   0.000   0.000   0.000   0.000
Elec.Repairer     0.739   0.681   0.567   0.511   0.505   0.502
Misc.Repairer     0.000   0.000   0.000   0.000   0.000   0.000
Construction      0.000   0.000   0.000   0.000   0.000   0.000
Extractive        0.000   0.000   0.000   0.000   0.000   0.000
Supervisor(P)     0.000   0.000   0.000   0.000   0.000   0.000
MetalWork         0.000   0.000   0.000   0.000   0.000   0.000
WoodWork          0.000   0.000   0.000   0.000   0.000   0.000
Textiles          0.000   0.000   0.000   0.000   0.000   0.000
Other             0.580   0.422   0.322   0.306  -0.040  -0.278
Food              0.000   0.000   0.000   0.000   0.000   0.000
PlantOperator     0.000   0.000   0.000   0.000   0.000   0.000
MetalMach.        0.000   0.000   0.000   0.000   0.000   0.000
MetalProc.        0.000   0.000   0.000   0.000   0.000   0.000
WoodMach.         0.000   0.000   0.000   0.000   0.000   0.000
TextileMach.      0.000   0.000   0.000   0.000   0.000   0.000
PrintMach.        0.000   0.000   0.000   0.000   0.000   0.000
OtherMach.        0.000   0.000   0.000   0.000   0.000   0.000
Fabricators       0.000   0.000   0.000   0.000   0.000   0.000
Prod.Inspectors   0.304   0.334   0.291   0.290   0.281   0.326
MotorVehicle      0.000   0.000   0.000   0.000   0.000   0.000
OtherVehicle      0.000   0.000   0.000   0.000   0.000   0.000
Freight           0.000   0.000   0.000   0.000   0.000   0.000
 
Mean             0.151   0.113   0.009  -0.058  -0.092  -0.108
Std Dev          0.394   0.401   0.615   0.654   0.630   0.630
Mean(weighted)   0.244   0.212   0.092   0.019   0.002  -0.013
Std Dev(wghtd)   0.451   0.475   0.769   0.814   0.761   0.756
 
-------------------------
    WageGrowthRelative      
-------------------------
 
                   1960    1970    1980    1990    2000    2010
---------------------------------------------------------------
Home                NaN     NaN     NaN     NaN     NaN     NaN
Managers          1.050   1.070   1.090   0.976   1.015     NaN
MgmtRelated       1.112   1.189   1.057   0.947   0.952     NaN
Architects        3.707   0.916   0.891   0.914   0.985     NaN
Engineers         1.042   1.160   1.159   0.936   1.012     NaN
Math/CompSci      0.822   1.133   1.139   1.001   0.978     NaN
Science           1.118   0.937   1.042   0.967   0.973     NaN
Doctors           1.093   0.812   1.068   0.927   0.945     NaN
Nurses            1.100   1.166   1.061   0.988   0.955     NaN
Therapists        1.058   1.201   1.119   0.949   0.888     NaN
Professors        1.087   1.095   0.981   1.050   0.988     NaN
Teachers          1.103   1.077   1.053   1.018   0.943     NaN
Librarians        0.968   1.032   0.956   1.095   0.916     NaN
Soc.Scientists    0.786   1.102   1.131   0.963   0.936     NaN
SocialWork        1.056   1.182   1.033   0.976   0.981     NaN
Lawyers           1.255   0.848   1.128   0.928   0.924     NaN
Arts/Athletes     0.900   1.033   1.008   0.937   0.916     NaN
HealthTechs       1.062   1.206   0.981   0.953   0.956     NaN
Eng.Techs         1.040   1.128   1.132   1.000   0.979     NaN
ScienceTechs      1.095   1.021   1.076   1.096   0.961     NaN
OtherTechs        1.286   0.985   1.064   0.869   0.928     NaN
Sales             1.003   1.175   1.021   0.974   0.947     NaN
Secretaries       0.886   1.120   1.036   0.924   1.005     NaN
Info.Clerks       1.139   1.059   1.049   1.019   0.967     NaN
Records           0.953   1.560   1.032   1.065   1.081     NaN
FinancialClerk    0.906   1.183   1.138   1.075   0.952     NaN
OfficeMachine     0.867   1.353   0.971   1.062   1.090     NaN
ComputerTech      0.932   0.864   1.082   0.986   0.897     NaN
Mail              1.388   1.182   1.132   0.981   1.019     NaN
Clerks            1.284   1.191   1.049   0.976   1.044     NaN
Insurance         1.124   1.390   1.077   0.961   0.987     NaN
Misc.Admin        1.105   1.148   0.931   1.071   0.985     NaN
PrivateHshld      1.205   1.455   1.159   1.341   1.062     NaN
Firefighting        NaN   0.261   0.354   1.026   0.910     NaN
Police            0.374   0.331   0.340   0.769   0.891     NaN
Guards            0.120   0.285   0.968   0.879   0.946     NaN
FoodPrep          1.070   1.349   1.082   1.018   0.994     NaN
HealthService     1.113   1.117   0.926   1.172   0.931     NaN
Cleaning          0.768   0.521   0.588   0.979   0.865     NaN
PersonalService   0.993   1.241   0.984   0.966   1.022     NaN
FarmMgrs          0.225   0.152   0.474   0.983   0.757     NaN
FarmWork          1.071   0.650   0.943   0.841   0.972     NaN
Agriculture       0.941   0.493   0.911   1.086   1.045     NaN
Forest              NaN   0.253   0.487   0.540   0.740     NaN
Mechanics         0.106   0.577   0.341   0.786   1.082     NaN
Elec.Repairer     1.224   1.356   1.129   1.011   1.006     NaN
Misc.Repairer     0.121   0.339   0.732   1.021   0.975     NaN
Construction      0.114   0.618   0.371   0.782   1.050     NaN
Extractive          NaN   0.181   0.746   0.494   0.615     NaN
Supervisor(P)     0.639   0.341   0.740   0.799   0.985     NaN
MetalWork         0.210   0.309   0.921   0.704   0.943     NaN
WoodWork            NaN   0.304   0.767   1.059   1.228     NaN
Textiles          0.913   1.099   0.889   1.020   1.001     NaN
Other             1.376   1.173   1.024   1.340   1.118     NaN
Food              0.254   0.331   0.523   0.799   0.918     NaN
PlantOperator     1.060   0.132   0.841   0.986   0.873     NaN
MetalMach.        0.187   0.488   0.876   0.814   1.014     NaN
MetalProc.        0.203   0.272   0.930   0.897   0.961     NaN
WoodMach.           NaN   0.661   0.919   0.619   1.004     NaN
TextileMach.      0.354   0.360   0.769   0.996   1.021     NaN
PrintMach.        1.092   1.158   0.897   1.043   1.016     NaN
OtherMach.        0.779   0.927   0.931   0.895   0.969     NaN
Fabricators       0.760   0.807   0.976   0.958   0.975     NaN
Prod.Inspectors   0.956   1.065   1.002   1.012   0.939     NaN
MotorVehicle      0.127   0.164   0.571   0.739   0.932     NaN
OtherVehicle      0.914   0.166   1.164   0.967   1.060     NaN
Freight           0.227   0.354   0.885   0.939   0.937     NaN
 
Mean             0.899   0.846   0.922   0.952   0.968     NaN
Std Dev          0.521   0.406   0.219   0.143   0.085   0.000
Mean(weighted)   0.859   0.926   0.942   0.942   0.975   0.000
Std Dev(wghtd)   0.383   0.341   0.230   0.096   0.055     NaN
 
--------------
    TauH      
--------------
 
                   1940    1950    1960    1970    1980    1990    2000    2010
-------------------------------------------------------------------------------
Home              0.000   0.000   0.000   0.000   0.000   0.000   0.000   0.000
Managers          0.000   0.0004266.954 192.184   1.725  -0.800  -0.800  -0.800
MgmtRelated       0.000   0.0001254.374 467.965   0.614  -0.800  -0.800  -0.800
Architects        0.000   0.00027443.87522631174.1691191097.4853809.179 371.733  19.352
Engineers         0.000   0.000444744.675416107.846 126.005   1.236  -0.384  -0.710
Math/CompSci      0.000   0.000 284.186 123.559   0.079  -0.661   0.333   2.013
Science           0.000   0.0002846.226 659.868   0.680  -0.800  -0.800  -0.800
Doctors           0.000   0.00023104.953 279.066   6.630  -0.800  -0.800  -0.800
Nurses            0.000   0.000  -0.628  -0.800  -0.800  -0.800  -0.297  -0.768
Therapists        0.000   0.000   4.465   0.107  -0.304  -0.800  -0.800  -0.800
Professors        0.000   0.000 936.673  20.438  -0.668  -0.800  -0.800  -0.800
Teachers          0.000   0.000   3.576   1.221  -0.651  -0.800  -0.800  -0.800
Librarians        0.000   0.000  -0.800   1.307  -0.413   0.947  -0.355  -0.800
Soc.Scientists    0.000   0.000  99.298  15.757  -0.719  -0.800  -0.800  -0.800
SocialWork        0.000   0.000  40.705   2.409  -0.183  -0.800  -0.800  -0.800
Lawyers           0.000   0.000148530.9301309.012  -0.774  -0.800  -0.800  -0.800
Arts/Athletes     0.000   0.000  69.369  58.121  -0.434  -0.800  -0.800  -0.800
HealthTechs       0.000   0.000   0.430  -0.618  -0.800  -0.800  -0.216  -0.683
Eng.Techs         0.000   0.00016551.6663996.423  24.806   7.785   1.990   0.001
ScienceTechs      0.000   0.0001127.257 481.746   2.521  -0.149  -0.162  -0.630
OtherTechs        0.000   0.0009443.151 128.582  -0.330  -0.800  -0.724  -0.477
Sales             0.000   0.000 841.568 249.624  15.286   0.831  -0.463  -0.800
Secretaries       0.000   0.000  -0.800  -0.800  -0.800  -0.800  28.860 159.956
Info.Clerks       0.000   0.000   0.801   3.528  -0.800  -0.800  -0.800  -0.782
Records           0.000   0.000  16.055  13.110  -0.771  -0.800  -0.329   0.000
FinancialClerk    0.000   0.000  -0.683  -0.705  -0.800  -0.800  -0.630   0.767
OfficeMachine     0.000   0.000   0.464  35.907   6.896  12.256  13.488   0.973
ComputerTech      0.000   0.000  -0.8001185.131  67.128  54.956 165.847  45.397
Mail              0.000   0.00020863.223  71.545  12.095  -0.524   0.174   6.115
Clerks            0.000   0.0003083.5191002.958  10.152   0.252   0.130   0.221
Insurance         0.000   0.00013389.681   4.996  -0.800  -0.800  -0.789  -0.724
Misc.Admin        0.000   0.000   5.257  -0.403  -0.800  -0.800  -0.733  -0.673
PrivateHshld      0.000   0.000   6.456   3.824  13.338   3.200   1.398   0.222
Firefighting      0.000   0.000   0.000   0.000   0.000   0.000   0.000   0.000
Police            0.000   0.000   0.000   0.000   0.000   0.000   0.000   0.000
Guards            0.000   0.000   0.000   0.000   0.000   0.000   0.000   0.000
FoodPrep          0.000   0.000   2.661   6.258  27.385  47.259 147.936  99.827
HealthService     0.000   0.000  -0.646  -0.800  -0.605  -0.800  -0.800  -0.800
Cleaning          0.000   0.000   0.000   0.000   0.000   0.000   0.000   0.000
PersonalService   0.000   0.000  15.267   1.012  -0.800  -0.800  -0.800  -0.800
FarmMgrs          0.000   0.000   0.000   0.000   0.000   0.000   0.000   0.000
FarmWork          0.000   0.000   0.000   0.000   0.000   0.000   0.000   0.000
Agriculture       0.000   0.000   0.000   0.000   0.000   0.000   0.000   0.000
Forest            0.000   0.000   0.000   0.000   0.000   0.000   0.000   0.000
Mechanics         0.000   0.000   0.000   0.000   0.000   0.000   0.000   0.000
Elec.Repairer     0.000   0.000459457.50641551.371 472.374 363.7811167.6684651.115
Misc.Repairer     0.000   0.000   0.000   0.000   0.000   0.000   0.000   0.000
Construction      0.000   0.000   0.000   0.000   0.000   0.000   0.000   0.000
Extractive        0.000   0.000   0.000   0.000   0.000   0.000   0.000   0.000
Supervisor(P)     0.000   0.000   0.000   0.000   0.000   0.000   0.000   0.000
MetalWork         0.000   0.000   0.000   0.000   0.000   0.000   0.000   0.000
WoodWork          0.000   0.000   0.000   0.000   0.000   0.000   0.000   0.000
Textiles          0.000   0.000   0.000   0.000   0.000   0.000   0.000   0.000
Other             0.000   0.0004565.592 514.299  71.977   6.486  -0.800  -0.800
Food              0.000   0.000   0.000   0.000   0.000   0.000   0.000   0.000
PlantOperator     0.000   0.000   0.000   0.000   0.000   0.000   0.000   0.000
MetalMach.        0.000   0.000   0.000   0.000   0.000   0.000   0.000   0.000
MetalProc.        0.000   0.000   0.000   0.000   0.000   0.000   0.000   0.000
WoodMach.         0.000   0.000   0.000   0.000   0.000   0.000   0.000   0.000
TextileMach.      0.000   0.000   0.000   0.000   0.000   0.000   0.000   0.000
PrintMach.        0.000   0.000   0.000   0.000   0.000   0.000   0.000   0.000
OtherMach.        0.000   0.000   0.000   0.000   0.000   0.000   0.000   0.000
Fabricators       0.000   0.000   0.000   0.000   0.000   0.000   0.000   0.000
Prod.Inspectors   0.000   0.000  32.696  43.273  15.235   6.833   5.715  11.155
MotorVehicle      0.000   0.000   0.000   0.000   0.000   0.000   0.000   0.000
OtherVehicle      0.000   0.000   0.000   0.000   0.000   0.000   0.000   0.000
Freight           0.000   0.000   0.000   0.000   0.000   0.000   0.000   0.000
 
Mean             0.000   0.00017657.152344771.67917790.450  64.120  28.182  74.311
Std Dev          0.000   0.00079047.1112764440.912145514.134 466.650 150.699 568.105
Mean(weighted)     NaN     NaN21103.10856192.5382348.727  11.842  15.393  51.122
Std Dev(wghtd)     NaN     NaN85777.3211003284.07652711.569 172.285 117.915 459.584
 
--------------------
    1/(1-TauW)      
--------------------
 
                   1960    1970    1980    1990    2000    2010
---------------------------------------------------------------
Home              1.000   1.000   1.000   1.000   1.000   1.000
Managers          2.365   2.252   2.105   1.863   1.738   1.596
MgmtRelated       2.085   1.875   1.578   1.335   1.298   1.322
Architects        2.865   0.773   0.844   0.947   1.036   1.052
Engineers         3.817   3.664   3.159   2.725   2.912   2.877
Math/CompSci      1.790   2.177   1.920   1.686   1.684   1.721
Science           2.269   2.029   2.167   1.838   1.598   1.314
Doctors           2.815   2.576   3.172   2.514   1.813   1.314
Nurses            0.903   0.791   0.628   0.487   0.493   0.516
Therapists        1.191   1.126   0.938   0.689   0.703   0.598
Professors        2.024   1.862   1.701   1.552   1.316   1.212
Teachers          1.170   1.061   0.985   0.834   0.777   0.730
Librarians        0.654   0.676   0.655   0.685   0.626   0.588
Soc.Scientists    1.607   2.045   1.855   1.230   1.081   0.954
SocialWork        1.469   1.390   1.176   1.127   0.946   0.894
Lawyers           3.410   2.717   3.206   1.918   1.605   1.457
Arts/Athletes     1.550   1.723   1.668   1.487   1.414   1.409
HealthTechs       1.038   0.977   0.737   0.695   0.730   0.764
Eng.Techs         2.720   2.615   2.319   2.048   2.047   2.090
ScienceTechs      2.063   1.883   1.844   1.714   1.565   1.628
OtherTechs        2.567   1.996   2.028   1.830   2.105   2.269
Sales             2.001   1.996   1.699   1.664   1.708   1.746
Secretaries       0.339   0.315   0.189   0.180   0.194   0.193
Info.Clerks       1.062   0.933   0.816   0.673   0.617   0.638
Records           1.339   1.406   0.902   0.796   0.747   0.691
FinancialClerk    0.888   0.980   0.653   0.507   0.472   0.495
OfficeMachine     1.040   1.200   0.887   0.913   0.860   0.789
ComputerTech      0.616   0.661   0.765   0.707   0.717   0.799
Mail              2.785   2.007   1.698   1.500   1.529   1.500
Clerks            2.288   1.781   1.495   1.425   1.460   1.399
Insurance         2.661   2.368   1.310   0.906   0.942   0.954
Misc.Admin        1.208   1.093   0.795   0.740   0.691   0.702
PrivateHshld      1.230   1.020   0.701   0.605   0.451   0.425
Firefighting      1.000   1.000   1.000   1.000   1.000   1.000
Police            1.000   1.000   1.000   1.000   1.000   1.000
Guards            1.000   1.000   1.000   1.000   1.000   1.000
FoodPrep          1.143   1.068   0.792   0.732   0.718   0.722
HealthService     0.899   0.731   0.654   0.646   0.494   0.521
Cleaning          1.000   1.000   1.000   1.000   1.000   1.000
PersonalService   1.333   1.342   0.930   0.828   0.811   0.776
FarmMgrs          1.000   1.000   1.000   1.000   1.000   1.000
FarmWork          1.000   1.000   1.000   1.000   1.000   1.000
Agriculture       1.000   1.000   1.000   1.000   1.000   1.000
Forest            1.000   1.000   1.000   1.000   1.000   1.000
Mechanics         1.000   1.000   1.000   1.000   1.000   1.000
Elec.Repairer     3.830   3.130   2.309   2.044   2.021   2.010
Misc.Repairer     1.000   1.000   1.000   1.000   1.000   1.000
Construction      1.000   1.000   1.000   1.000   1.000   1.000
Extractive        1.000   1.000   1.000   1.000   1.000   1.000
Supervisor(P)     1.000   1.000   1.000   1.000   1.000   1.000
MetalWork         1.000   1.000   1.000   1.000   1.000   1.000
WoodWork          1.000   1.000   1.000   1.000   1.000   1.000
Textiles          1.000   1.000   1.000   1.000   1.000   1.000
Other             2.382   1.731   1.476   1.441   0.962   0.783
Food              1.000   1.000   1.000   1.000   1.000   1.000
PlantOperator     1.000   1.000   1.000   1.000   1.000   1.000
MetalMach.        1.000   1.000   1.000   1.000   1.000   1.000
MetalProc.        1.000   1.000   1.000   1.000   1.000   1.000
WoodMach.         1.000   1.000   1.000   1.000   1.000   1.000
TextileMach.      1.000   1.000   1.000   1.000   1.000   1.000
PrintMach.        1.000   1.000   1.000   1.000   1.000   1.000
OtherMach.        1.000   1.000   1.000   1.000   1.000   1.000
Fabricators       1.000   1.000   1.000   1.000   1.000   1.000
Prod.Inspectors   1.437   1.502   1.411   1.409   1.392   1.483
MotorVehicle      1.000   1.000   1.000   1.000   1.000   1.000
OtherVehicle      1.000   1.000   1.000   1.000   1.000   1.000
Freight           1.000   1.000   1.000   1.000   1.000   1.000
 
Mean             1.460   1.350   1.241   1.133   1.094   1.074
Std Dev          0.778   0.640   0.607   0.467   0.449   0.442
Mean(weighted)   1.694   1.599   1.468   1.322   1.280   1.246
Std Dev(wghtd)   0.801   0.711   0.688   0.545   0.524   0.505
eta = 0.1030
 
----------------------
    (1+tauh)^eta      
----------------------
 
                   1940    1950    1960    1970    1980    1990    2000    2010
-------------------------------------------------------------------------------
Home              1.000   1.000   1.000   1.000   1.000   1.000   1.000   1.000
Managers          1.000   1.000   2.365   1.720   1.109   0.847   0.847   0.847
MgmtRelated       1.000   1.000   2.085   1.884   1.051   0.847   0.847   0.847
Architects        1.000   1.000   2.865   5.722   4.225   2.338   1.840   1.364
Engineers         1.000   1.000   3.817   3.791   1.647   1.086   0.951   0.880
Math/CompSci      1.000   1.000   1.790   1.644   1.008   0.894   1.030   1.120
Science           1.000   1.000   2.269   1.952   1.055   0.847   0.847   0.847
Doctors           1.000   1.000   2.815   1.787   1.233   0.847   0.847   0.847
Nurses            1.000   1.000   0.903   0.847   0.847   0.847   0.964   0.860
Therapists        1.000   1.000   1.191   1.011   0.963   0.847   0.847   0.847
Professors        1.000   1.000   2.024   1.371   0.893   0.847   0.847   0.847
Teachers          1.000   1.000   1.170   1.086   0.897   0.847   0.847   0.847
Librarians        1.000   1.000   0.847   1.090   0.947   1.071   0.956   0.847
Soc.Scientists    1.000   1.000   1.607   1.337   0.877   0.847   0.847   0.847
SocialWork        1.000   1.000   1.469   1.135   0.979   0.847   0.847   0.847
Lawyers           1.000   1.000   3.410   2.094   0.858   0.847   0.847   0.847
Arts/Athletes     1.000   1.000   1.550   1.522   0.943   0.847   0.847   0.847
HealthTechs       1.000   1.000   1.038   0.906   0.847   0.847   0.975   0.888
Eng.Techs         1.000   1.000   2.720   2.350   1.398   1.251   1.119   1.000
ScienceTechs      1.000   1.000   2.063   1.890   1.138   0.983   0.982   0.903
OtherTechs        1.000   1.000   2.567   1.650   0.960   0.847   0.876   0.935
Sales             1.000   1.000   2.001   1.766   1.333   1.064   0.938   0.847
Secretaries       1.000   1.000   0.847   0.847   0.847   0.847   1.419   1.688
Info.Clerks       1.000   1.000   1.062   1.168   0.847   0.847   0.847   0.855
Records           1.000   1.000   1.339   1.313   0.859   0.847   0.960   1.000
FinancialClerk    1.000   1.000   0.888   0.882   0.847   0.847   0.903   1.060
OfficeMachine     1.000   1.000   1.040   1.450   1.237   1.305   1.317   1.072
ComputerTech      1.000   1.000   0.847   2.073   1.545   1.514   1.694   1.485
Mail              1.000   1.000   2.785   1.555   1.303   0.926   1.017   1.224
Clerks            1.000   1.000   2.288   2.038   1.282   1.023   1.013   1.021
Insurance         1.000   1.000   2.661   1.203   0.847   0.847   0.852   0.876
Misc.Admin        1.000   1.000   1.208   0.948   0.847   0.847   0.873   0.891
PrivateHshld      1.000   1.000   1.230   1.176   1.316   1.159   1.094   1.021
Firefighting      1.000   1.000   1.000   1.000   1.000   1.000   1.000   1.000
Police            1.000   1.000   1.000   1.000   1.000   1.000   1.000   1.000
Guards            1.000   1.000   1.000   1.000   1.000   1.000   1.000   1.000
FoodPrep          1.000   1.000   1.143   1.226   1.411   1.491   1.674   1.608
HealthService     1.000   1.000   0.899   0.847   0.909   0.847   0.847   0.847
Cleaning          1.000   1.000   1.000   1.000   1.000   1.000   1.000   1.000
PersonalService   1.000   1.000   1.333   1.075   0.847   0.847   0.847   0.847
FarmMgrs          1.000   1.000   1.000   1.000   1.000   1.000   1.000   1.000
FarmWork          1.000   1.000   1.000   1.000   1.000   1.000   1.000   1.000
Agriculture       1.000   1.000   1.000   1.000   1.000   1.000   1.000   1.000
Forest            1.000   1.000   1.000   1.000   1.000   1.000   1.000   1.000
Mechanics         1.000   1.000   1.000   1.000   1.000   1.000   1.000   1.000
Elec.Repairer     1.000   1.000   3.830   2.990   1.886   1.836   2.070   2.387
Misc.Repairer     1.000   1.000   1.000   1.000   1.000   1.000   1.000   1.000
Construction      1.000   1.000   1.000   1.000   1.000   1.000   1.000   1.000
Extractive        1.000   1.000   1.000   1.000   1.000   1.000   1.000   1.000
Supervisor(P)     1.000   1.000   1.000   1.000   1.000   1.000   1.000   1.000
MetalWork         1.000   1.000   1.000   1.000   1.000   1.000   1.000   1.000
WoodWork          1.000   1.000   1.000   1.000   1.000   1.000   1.000   1.000
Textiles          1.000   1.000   1.000   1.000   1.000   1.000   1.000   1.000
Other             1.000   1.000   2.382   1.903   1.556   1.230   0.847   0.847
Food              1.000   1.000   1.000   1.000   1.000   1.000   1.000   1.000
PlantOperator     1.000   1.000   1.000   1.000   1.000   1.000   1.000   1.000
MetalMach.        1.000   1.000   1.000   1.000   1.000   1.000   1.000   1.000
MetalProc.        1.000   1.000   1.000   1.000   1.000   1.000   1.000   1.000
WoodMach.         1.000   1.000   1.000   1.000   1.000   1.000   1.000   1.000
TextileMach.      1.000   1.000   1.000   1.000   1.000   1.000   1.000   1.000
PrintMach.        1.000   1.000   1.000   1.000   1.000   1.000   1.000   1.000
OtherMach.        1.000   1.000   1.000   1.000   1.000   1.000   1.000   1.000
Fabricators       1.000   1.000   1.000   1.000   1.000   1.000   1.000   1.000
Prod.Inspectors   1.000   1.000   1.437   1.478   1.333   1.236   1.217   1.293
MotorVehicle      1.000   1.000   1.000   1.000   1.000   1.000   1.000   1.000
OtherVehicle      1.000   1.000   1.000   1.000   1.000   1.000   1.000   1.000
Freight           1.000   1.000   1.000   1.000   1.000   1.000   1.000   1.000
 
Mean             1.000   1.000   1.474   1.369   1.103   1.016   1.022   1.015
Std Dev          0.000   0.000   0.763   0.756   0.439   0.240   0.231   0.239
Mean(weighted)     NaN     NaN   1.708   1.458   1.086   0.960   0.968   0.966
Std Dev(wghtd)     NaN     NaN   0.782   0.608   0.243   0.163   0.187   0.222
 
--------------------------------------------------
    z -- preference shock by Cohort of birth      
--------------------------------------------------
 
                   1940    1950    1960    1970    1980    1990    2000    2010
-------------------------------------------------------------------------------
Home              0.000   0.000   1.000   1.000   1.000   1.000   1.000   1.000
Managers          0.000   0.000   0.590   0.561   0.616   0.593   0.746   0.662
MgmtRelated       0.000   0.000   0.617   0.617   0.655   0.653   0.839   0.707
Architects        0.000   0.000   0.812   0.661   0.777   0.649   0.916   0.752
Engineers         0.000   0.000   0.502   0.524   0.562   0.533   0.720   0.592
Math/CompSci      0.000   0.000   0.604   0.540   0.566   0.560   0.718   0.628
Science           0.000   0.000   0.591   0.606   0.728   0.705   1.072   0.853
Doctors           0.000   0.000   0.991   0.717   0.838   0.792   1.000   0.820
Nurses            0.000   0.000   0.828   0.750   0.798   0.625   0.827   0.709
Therapists        0.000   0.000   0.880   0.714   0.675   0.636   0.888   0.777
Professors        0.000   0.000   1.356   1.206   1.283   1.480   1.795   1.607
Teachers          0.000   0.000   0.856   0.841   0.902   0.869   1.165   0.976
Librarians        0.000   0.000   0.879   0.828   0.914   0.981   1.235   1.143
Soc.Scientists    0.000   0.000   0.707   0.665   0.795   0.751   0.983   0.763
SocialWork        0.000   0.000   0.867   0.770   0.832   0.836   1.088   0.918
Lawyers           0.000   0.000   1.049   0.695   0.814   0.704   0.938   0.747
Arts/Athletes     0.000   0.000   0.623   0.619   0.720   0.689   0.882   0.810
HealthTechs       0.000   0.000   0.642   0.669   0.708   0.673   0.857   0.709
Eng.Techs         0.000   0.000   0.509   0.534   0.582   0.585   0.803   0.695
ScienceTechs      0.000   0.000   0.526   0.610   0.609   0.600   0.782   0.693
OtherTechs        0.000   0.000   0.633   0.501   0.648   0.597   0.813   0.729
Sales             0.000   0.000   0.745   0.712   0.691   0.667   0.863   0.804
Secretaries       0.000   0.000   0.573   0.602   0.709   0.720   0.975   0.899
Info.Clerks       0.000   0.000   0.595   0.634   0.764   0.794   1.053   0.929
Records           0.000   0.000   0.744   0.667   0.651   0.714   0.995   0.883
FinancialClerk    0.000   0.000   0.619   0.630   0.712   0.728   0.947   0.815
OfficeMachine     0.000   0.000   0.559   0.632   0.677   0.715   0.815   0.833
ComputerTech      0.000   0.000   0.542   0.586   0.607   0.670   0.969   0.827
Mail              0.000   0.000   0.572   0.522   0.519   0.538   0.825   0.717
Clerks            0.000   0.000   0.574   0.564   0.583   0.632   0.860   0.774
Insurance         0.000   0.000   0.675   0.644   0.678   0.696   0.898   0.812
Misc.Admin        0.000   0.000   0.598   0.630   0.719   0.774   1.017   0.877
PrivateHshld      0.000   0.000   0.754   0.736   0.784   0.874   1.184   1.044
Firefighting      0.000   0.000   0.361   0.361   0.497   0.511   0.677   0.553
Police            0.000   0.000   0.463   0.494   0.521   0.527   0.731   0.610
Guards            0.000   0.000   0.467   0.693   0.609   0.635   0.865   0.753
FoodPrep          0.000   0.000   0.772   0.783   0.843   0.871   1.121   1.033
HealthService     0.000   0.000   0.656   0.735   0.799   0.821   1.062   0.946
Cleaning          0.000   0.000   0.610   0.625   0.666   0.776   1.022   0.973
PersonalService   0.000   0.000   0.710   0.675   0.827   0.942   1.184   1.022
FarmMgrs          0.000   0.000   0.975   0.641   0.883   0.920   1.031   0.875
FarmWork          0.000   0.000   0.769   0.815   0.703   0.753   0.942   0.821
Agriculture       0.000   0.000   0.594   0.606   0.722   0.752   0.930   0.836
Forest            0.000   0.000   0.590   0.590   0.553   0.580   0.852   0.639
Mechanics         0.000   0.000   0.492   0.426   0.483   0.522   0.711   0.639
Elec.Repairer     0.000   0.000   0.516   0.464   0.444   0.506   0.708   0.656
Misc.Repairer     0.000   0.000   0.461   0.570   0.566   0.574   0.790   0.727
Construction      0.000   0.000   0.480   0.428   0.555   0.573   0.792   0.696
Extractive        0.000   0.000   0.374   0.474   0.437   0.457   0.803   0.592
Supervisor(P)     0.000   0.000   0.548   0.520   0.554   0.548   0.735   0.650
MetalWork         0.000   0.000   0.481   0.440   0.530   0.594   0.807   0.749
WoodWork          0.000   0.000   0.538   0.628   0.674   0.718   1.011   0.849
Textiles          0.000   0.000   0.602   0.571   0.659   0.747   0.922   0.932
Other             0.000   0.000   0.613   0.580   0.619   0.651   0.928   0.797
Food              0.000   0.000   0.558   0.630   0.612   0.694   0.910   0.855
PlantOperator     0.000   0.000   0.597   0.515   0.454   0.477   0.649   0.485
MetalMach.        0.000   0.000   0.570   0.534   0.541   0.636   0.839   0.801
MetalProc.        0.000   0.000   0.456   0.489   0.551   0.638   0.863   0.838
WoodMach.         0.000   0.000   0.377   0.515   0.617   0.661   0.834   0.816
TextileMach.      0.000   0.000   0.468   0.537   0.597   0.628   0.876   0.794
PrintMach.        0.000   0.000   0.617   0.599   0.644   0.747   0.962   0.912
OtherMach.        0.000   0.000   0.541   0.572   0.583   0.644   0.872   0.807
Fabricators       0.000   0.000   0.491   0.533   0.574   0.654   0.860   0.800
Prod.Inspectors   0.000   0.000   0.553   0.593   0.592   0.656   0.873   0.743
MotorVehicle      0.000   0.000   0.515   0.455   0.573   0.630   0.875   0.806
OtherVehicle      0.000   0.000   0.438   0.468   0.538   0.530   0.678   0.590
Freight           0.000   0.000   0.538   0.597   0.609   0.697   0.949   0.901
 
Mean             0.000   0.000   0.633   0.617   0.668   0.691   0.912   0.806
Std Dev          0.000   0.000   0.178   0.134   0.143   0.154   0.170   0.162
Mean(weighted)     NaN     NaN   0.636   0.605   0.660   0.665   0.874   0.773
Std Dev(wghtd)     NaN     NaN   0.154   0.118   0.119   0.124   0.150   0.134
 
 
--------------------------------------------------------------------------------------------------
                          >>>>> Black Men <<<<<
--------------------------------------------------------------------------------------------------
 
--------------
    TauHat      
--------------
 
                   1960    1970    1980    1990    2000    2010
---------------------------------------------------------------
Home                NaN     NaN     NaN     NaN     NaN     NaN
Managers          4.760   2.238   2.030   2.011   1.910   1.748
MgmtRelated       3.633   2.423   1.592   1.579   1.555   1.523
Architects          NaN   2.280   2.610   1.926   2.100   2.004
Engineers         5.783   3.416   2.019   1.976   1.837   1.812
Math/CompSci      3.413   2.501   1.630   1.730   1.420   1.297
Science           3.178   1.817   1.959   1.983   2.108   2.035
Doctors           3.419   3.620   2.460   2.097   1.916   1.804
Nurses            2.348   1.832   1.714   1.819   1.497   1.321
Therapists        1.259   0.950   1.393   1.220   1.600   1.576
Professors        3.128   2.298   1.748   1.503   1.579   1.548
Teachers          1.501   1.360   1.423   1.234   1.117   1.202
Librarians          NaN   1.380   1.121   1.211   1.941   1.291
Soc.Scientists    5.938   2.102   1.733   1.818   2.051   1.568
SocialWork        1.321   0.974   1.071   0.863   1.005   1.023
Lawyers           5.004   7.252   2.266   2.451   2.204   2.315
Arts/Athletes     2.227   1.943   1.563   1.500   1.578   1.582
HealthTechs       1.196   1.104   1.132   1.080   1.210   1.138
Eng.Techs         2.786   2.318   1.565   1.587   1.533   1.364
ScienceTechs      2.968   1.316   1.127   1.273   1.033   1.191
OtherTechs        2.387   2.205   1.499   1.612   1.729   1.636
Sales             3.654   2.488   2.015   1.978   1.726   1.548
Secretaries       1.485   1.083   1.085   0.733   1.040   1.035
Info.Clerks       2.523   1.609   0.960   1.002   0.927   0.923
Records           1.839   1.198   0.935   0.836   0.863   0.779
FinancialClerk    2.441   1.894   1.249   0.939   0.861   0.927
OfficeMachine     2.400   0.607   0.784   0.729   0.629   0.616
ComputerTech      2.595   1.214   0.997   0.887   0.898   1.052
Mail              0.663   0.667   0.782   0.739   0.778   0.795
Clerks            1.141   1.047   1.055   1.066   0.994   0.933
Insurance         8.341   1.810   1.194   1.087   1.052   0.976
Misc.Admin        1.728   1.079   0.977   0.927   0.981   0.972
PrivateHshld      0.721   0.483   0.531   0.489   0.525   0.522
Firefighting      2.176   1.655   1.346   1.293   1.559   1.600
Police            1.489   1.457   1.159   0.983   1.102   1.337
Guards            1.012   0.811   0.736   0.679   0.692   0.699
FoodPrep          0.737   0.934   1.030   0.917   1.008   1.123
HealthService     0.395   0.583   0.657   0.644   0.611   0.616
Cleaning          0.420   0.636   0.828   0.854   0.914   0.941
PersonalService   0.698   0.903   1.113   0.880   0.794   0.835
FarmMgrs          4.175   6.003   4.603   3.870   4.717   5.762
FarmWork          0.991   1.081   1.546   1.671   2.288   2.638
Agriculture       0.920   0.910   1.244   1.326   1.520   1.699
Forest            1.176   1.061   1.929   1.612   2.010   4.390
Mechanics         1.799   1.639   1.576   1.729   1.604   1.608
Elec.Repairer     4.012   2.119   1.397   1.390   1.244   1.358
Misc.Repairer     2.012   1.350   1.433   1.542   1.433   1.573
Construction      2.006   1.531   1.610   1.705   1.811   1.912
Extractive        3.449   2.666   1.809   1.987   2.280   2.523
Supervisor(P)     3.229   2.003   1.516   1.611   1.419   1.505
MetalWork         2.489   2.096   1.398   1.799   2.062   1.765
WoodWork          3.180   1.585   1.614   1.880   2.527   2.476
Textiles          1.069   1.122   1.257   1.200   1.113   1.250
Other             1.629   2.584   1.389   1.502   1.053   1.036
Food              1.711   1.030   1.346   1.336   1.069   1.081
PlantOperator     4.083   1.799   1.147   1.533   1.443   1.388
MetalMach.        1.520   1.245   1.154   1.367   1.120   1.391
MetalProc.        0.739   0.912   1.032   1.476   1.305   0.919
WoodMach.         1.125   1.056   1.146   1.331   1.104   1.439
TextileMach.      2.523   1.624   1.205   1.514   1.345   1.669
PrintMach.        0.810   0.805   0.664   0.799   0.860   0.815
OtherMach.        1.134   0.879   0.917   1.057   1.012   1.151
Fabricators       1.308   0.985   0.995   1.171   1.121   1.174
Prod.Inspectors   2.070   1.216   1.024   1.290   1.172   1.414
MotorVehicle      1.256   1.065   1.068   1.042   0.923   0.876
OtherVehicle      1.866   1.094   1.292   1.506   1.550   1.709
Freight           0.716   0.775   0.894   0.931   0.850   0.839
 
Mean             2.277   1.662   1.383   1.384   1.407   1.463
Std Dev          1.506   1.116   0.588   0.529   0.629   0.801
Mean(weighted)   2.827   1.947   1.579   1.559   1.509   1.493
Std Dev(wghtd)   1.551   1.090   0.554   0.517   0.538   0.603
 
--------------
    TauW      
--------------
 
                   1960    1970    1980    1990    2000    2010
---------------------------------------------------------------
Home              0.000   0.000   0.000   0.000   0.000   0.000
Managers          0.542   0.352   0.318   0.335   0.343   0.306
MgmtRelated       0.475   0.408   0.281   0.288   0.325   0.344
Architects        0.338   0.338   0.411   0.470   0.479   0.404
Engineers         0.584   0.527   0.471   0.453   0.489   0.463
Math/CompSci      0.459   0.169   0.068   0.083   0.022  -0.060
Science           0.439   0.382   0.415   0.396   0.458   0.497
Doctors           0.459   0.419   0.094   0.097   0.110  -0.006
Nurses            0.347   0.305  -0.001  -0.019  -0.342  -0.444
Therapists        0.109  -0.077  -0.063  -0.111  -0.028  -0.204
Professors        0.435   0.519   0.456   0.436   0.463   0.446
Teachers          0.184   0.150   0.175   0.139   0.139   0.196
Librarians        0.149   0.149   0.245   0.283   0.363   0.344
Soc.Scientists    0.590   0.334   0.326   0.371   0.355   0.272
SocialWork        0.130   0.020  -0.001  -0.045   0.019  -0.013
Lawyers           0.553   0.308  -0.168  -0.062  -0.026  -0.062
Arts/Athletes     0.330   0.205   0.177   0.208   0.273   0.293
HealthTechs       0.086  -0.060  -0.264  -0.334  -0.386  -0.501
Eng.Techs         0.401   0.417   0.386   0.354   0.324   0.297
ScienceTechs      0.420   0.356   0.248   0.235   0.131   0.145
OtherTechs        0.353   0.312   0.271   0.294   0.324   0.305
Sales             0.477   0.396   0.361   0.359   0.394   0.425
Secretaries       0.179  -0.053   0.088  -0.155  -0.131  -0.186
Info.Clerks       0.370  -0.294  -0.320  -0.232  -0.263  -0.134
Records           0.263   0.168  -0.013  -0.037  -0.115  -0.142
FinancialClerk    0.360   0.327   0.245   0.098   0.016   0.077
OfficeMachine     0.355  -0.396  -0.758  -0.980  -1.146  -1.352
ComputerTech      0.379  -0.010   0.097   0.016  -0.012   0.102
Mail             -0.277  -0.311  -0.295  -0.377  -0.433  -0.430
Clerks            0.064   0.003  -0.069  -0.147  -0.125  -0.141
Insurance         0.654   0.532   0.290   0.221   0.195   0.132
Misc.Admin        0.239   0.193   0.133   0.086   0.075   0.055
PrivateHshld     -0.177  -0.755  -1.190  -1.261  -1.664  -1.673
Firefighting      0.322   0.110  -0.022  -0.112  -0.168  -0.162
Police            0.180   0.250   0.080   0.022   0.030   0.092
Guards            0.006  -0.059  -0.151  -0.247  -0.288  -0.368
FoodPrep         -0.164  -0.224  -0.484  -0.644  -0.680  -0.763
HealthService    -1.145  -0.984  -1.025  -0.920  -1.230  -1.125
Cleaning         -1.018  -1.016  -1.034  -1.161  -1.268  -1.240
PersonalService  -0.214  -0.430  -0.501  -0.912  -0.889  -0.935
FarmMgrs          0.511   0.436   0.133   0.006  -0.108  -0.461
FarmWork         -0.005  -0.171  -0.286  -0.347  -0.520  -0.787
Agriculture      -0.042  -0.160  -0.293  -0.363  -0.337  -0.364
Forest            0.078  -0.164  -0.160  -0.399  -0.334  -0.389
Mechanics         0.254   0.184   0.110   0.001  -0.089  -0.165
Elec.Repairer     0.501   0.294   0.137   0.050   0.018  -0.014
Misc.Repairer     0.295   0.198   0.110   0.022   0.017  -0.081
Construction      0.294   0.115   0.068  -0.052  -0.078  -0.186
Extractive        0.462   0.113  -0.047  -0.150  -0.181  -0.232
Supervisor(P)     0.444   0.276   0.147   0.095   0.050   0.024
MetalWork         0.366   0.305   0.141   0.084   0.066   0.037
WoodWork          0.439   0.349   0.229   0.242   0.266   0.218
Textiles          0.033   0.063  -0.048  -0.326  -0.604  -0.342
Other             0.217   0.200  -0.249  -0.242  -0.435  -0.632
Food              0.236   0.076   0.049  -0.097  -0.217  -0.408
PlantOperator     0.505   0.309   0.180   0.206   0.157   0.075
MetalMach.        0.189   0.102   0.047  -0.117  -0.283  -0.292
MetalProc.       -0.163  -0.130  -0.103  -0.163  -0.212  -0.378
WoodMach.         0.057  -0.039  -0.122  -0.261  -0.464  -0.498
TextileMach.      0.370   0.131   0.037  -0.040  -0.117  -0.213
PrintMach.       -0.111  -0.309  -0.314  -0.330  -0.458  -0.538
OtherMach.        0.061  -0.038  -0.079  -0.147  -0.229  -0.276
Fabricators       0.126   0.047   0.018  -0.097  -0.199  -0.198
Prod.Inspectors   0.305   0.303   0.116   0.081   0.056   0.068
MotorVehicle      0.108  -0.104  -0.183  -0.377  -0.489  -0.600
OtherVehicle      0.268  -0.002   0.006  -0.095  -0.190  -0.271
Freight          -0.183  -0.222  -0.293  -0.386  -0.558  -0.576
 
Mean             0.207   0.077  -0.020  -0.085  -0.139  -0.182
Std Dev          0.318   0.319   0.335   0.369   0.431   0.444
Mean(weighted)   0.306   0.187   0.107   0.058   0.031  -0.002
Std Dev(wghtd)   0.279   0.271   0.277   0.319   0.369   0.390
 
-------------------------
    WageGrowthRelative      
-------------------------
 
                   1960    1970    1980    1990    2000    2010
---------------------------------------------------------------
Home                NaN     NaN     NaN     NaN     NaN     NaN
Managers          1.414   1.052   0.976   0.987   1.056     NaN
MgmtRelated       1.128   1.215   0.991   0.949   0.971     NaN
Architects          NaN   0.889   0.899   0.984   1.144     NaN
Engineers         1.137   1.118   1.034   0.934   1.052     NaN
Math/CompSci      1.536   1.121   0.984   1.067   1.084     NaN
Science           1.102   0.947   1.031   0.898   0.929     NaN
Doctors           1.075   1.559   0.996   0.986   1.130     NaN
Nurses            1.065   1.439   1.018   1.317   1.076     NaN
Therapists        1.209   0.987   1.045   0.926   1.171     NaN
Professors        0.851   1.129   1.007   0.895   1.033     NaN
Teachers          1.041   0.971   1.044   1.000   0.933     NaN
Librarians          NaN   0.832   0.949   0.889   1.003     NaN
Soc.Scientists    1.623   1.011   0.933   1.027   1.128     NaN
SocialWork        1.127   1.022   1.043   0.939   1.032     NaN
Lawyers           1.547   1.688   0.909   0.966   1.035     NaN
Arts/Athletes     1.187   1.035   0.963   0.917   0.972     NaN
HealthTechs       1.160   1.192   1.055   1.040   1.082     NaN
Eng.Techs         0.974   1.052   1.052   1.047   1.041     NaN
ScienceTechs      1.092   0.928   1.019   1.135   0.985     NaN
OtherTechs        1.064   1.060   0.967   0.958   1.027     NaN
Sales             1.155   1.058   1.003   0.946   0.949     NaN
Secretaries       1.284   0.866   1.229   0.979   1.049     NaN
Info.Clerks       2.056   1.020   0.934   1.025   0.898     NaN
Records           1.129   1.217   1.023   1.076   1.024     NaN
FinancialClerk    1.051   1.122   1.120   1.039   0.938     NaN
OfficeMachine     1.076   1.259   1.127   1.084   1.096     NaN
ComputerTech      1.627   0.894   1.089   1.029   0.887     NaN
Mail              1.026   0.988   1.063   1.040   0.998     NaN
Clerks            1.065   1.073   1.072   0.981   1.014     NaN
Insurance         1.133   1.209   0.951   0.967   0.988     NaN
Misc.Admin        1.061   0.966   1.017   1.012   1.022     NaN
PrivateHshld      1.313   1.248   1.032   1.178   1.003     NaN
Firefighting      1.313   1.149   1.088   1.051   0.995     NaN
Police            0.915   1.227   1.064   0.991   0.937     NaN
Guards            1.065   0.999   1.047   1.033   1.062     NaN
FoodPrep          1.051   1.213   1.107   1.022   1.050     NaN
HealthService     0.925   1.021   0.948   1.162   0.953     NaN
Cleaning          0.999   1.009   1.062   1.050   0.987     NaN
PersonalService   1.178   1.050   1.274   0.988   1.024     NaN
FarmMgrs          1.153   1.536   1.147   1.114   1.319     NaN
FarmWork          1.165   1.098   1.048   1.128   1.176     NaN
Agriculture       1.113   1.114   1.054   0.981   1.020     NaN
Forest            1.263   0.996   1.207   0.954   1.041     NaN
Mechanics         1.095   1.090   1.122   1.091   1.069     NaN
Elec.Repairer     1.414   1.222   1.102   1.034   1.032     NaN
Misc.Repairer     1.137   1.110   1.099   1.005   1.100     NaN
Construction      1.253   1.054   1.128   1.025   1.101     NaN
Extractive        1.646   1.181   1.098   1.027   1.043     NaN
Supervisor(P)     1.301   1.179   1.060   1.049   1.028     NaN
MetalWork         1.097   1.236   1.066   1.020   1.031     NaN
WoodWork          1.160   1.185   0.982   0.969   1.066     NaN
Textiles          0.968   1.119   1.265   1.209   0.837     NaN
Other             1.021   1.562   0.995   1.155   1.137     NaN
Food              1.209   1.028   1.154   1.110   1.157     NaN
PlantOperator     1.397   1.187   0.968   1.062   1.098     NaN
MetalMach.        1.107   1.061   1.172   1.148   1.007     NaN
MetalProc.        0.972   0.976   1.054   1.042   1.137     NaN
WoodMach.         1.102   1.080   1.124   1.161   1.023     NaN
TextileMach.      1.380   1.108   1.080   1.074   1.086     NaN
PrintMach.        1.178   1.004   1.012   1.096   1.055     NaN
OtherMach.        1.105   1.040   1.063   1.071   1.038     NaN
Fabricators       1.090   1.031   1.116   1.093   0.999     NaN
Prod.Inspectors   0.931   1.269   1.039   1.028   0.987     NaN
MotorVehicle      1.237   1.072   1.164   1.081   1.075     NaN
OtherVehicle      1.368   0.992   1.102   1.087   1.068     NaN
Freight           1.034   1.058   1.072   1.124   1.012     NaN
 
Mean             1.182   1.112   1.055   1.037   1.038     NaN
Std Dev          0.207   0.164   0.079   0.081   0.076   0.000
Mean(weighted)   1.194   1.107   1.043   1.014   1.030   0.000
Std Dev(wghtd)   0.167   0.150   0.073   0.071   0.065     NaN
 
--------------
    TauH      
--------------
 
                   1940    1950    1960    1970    1980    1990    2000    2010
-------------------------------------------------------------------------------
Home              0.000   0.000   0.000   0.000   0.000   0.000   0.000   0.000
Managers          0.000   0.0001946.511  35.871  22.484  15.939   8.036   5.480
MgmtRelated       0.000   0.000 523.776  31.930   2.678   2.108   0.605  -0.005
Architects        0.000   0.000  53.634  53.634  63.864   0.212   1.385   4.607
Engineers         0.000   0.0005009.436 104.509   0.889   1.124  -0.460  -0.225
Math/CompSci      0.000   0.000 386.0391222.260  56.875  87.067  23.218  20.943
Science           0.000   0.000 272.827   2.098   2.775   4.732   2.654   0.264
Doctors           0.000   0.000 389.8761373.1452403.523 491.346 177.515 324.619
Nurses            0.000   0.000  61.985   9.478 187.790 397.362 869.538 526.252
Therapists        0.000   0.000   2.060   0.256  44.136  18.151 124.731 502.797
Professors        0.000   0.000 252.715   1.663  -0.390  -0.800  -0.800  -0.775
Teachers          0.000   0.000   6.192   3.094   3.762   0.809  -0.314  -0.287
Librarians        0.000   0.000   3.771   3.771  -0.800  -0.748   6.872  -0.800
Soc.Scientists    0.000   0.0005695.908  25.200   3.487   2.653  14.207   2.622
SocialWork        0.000   0.000   2.868  -0.360   0.965  -0.633  -0.130   0.415
Lawyers           0.000   0.0002479.9076302764.32012682.34610752.7102757.7176203.078
Arts/Athletes     0.000   0.000  47.742  67.327  10.489   4.356   2.795   1.952
HealthTechs       0.000   0.000   1.387   3.596  31.531  33.434 150.569 179.079
Eng.Techs         0.000   0.000 143.699  17.767  -0.320   0.268   0.412  -0.329
ScienceTechs      0.000   0.000 195.716  -0.800  -0.800  -0.222  -0.651   0.202
OtherTechs        0.000   0.000  67.266  56.560   1.389   2.496   3.574   2.457
Sales             0.000   0.000 538.411  51.349  10.650   8.957   0.551  -0.676
Secretaries       0.000   0.000   5.820   2.589  -0.090  -0.800   3.870   6.331
Info.Clerks       0.000   0.000  88.3291241.500   8.993   6.769   3.617   0.566
Records           0.000   0.000  18.237  -0.031  -0.411  -0.749  -0.312  -0.678
FinancialClerk    0.000   0.000  75.097   9.497  -0.436  -0.800  -0.800  -0.780
OfficeMachine     0.000   0.000  69.097  -0.800  21.365  34.139  17.550  35.504
ComputerTech      0.000   0.000 101.394   6.229  -0.638  -0.734  -0.603  -0.428
Mail              0.000   0.000  -0.800  -0.730   0.135   0.187   1.859   2.486
Clerks            0.000   0.000   0.899   0.521   2.213   6.060   1.941   0.823
Insurance         0.000   0.00029638.402  -0.800  -0.800  -0.800  -0.800  -0.800
Misc.Admin        0.000   0.000  13.242  -0.740  -0.800  -0.800  -0.611  -0.560
PrivateHshld      0.000   0.000  -0.795  -0.800   3.301   1.631  24.908  24.251
Firefighting      0.000   0.000  42.540  42.100  21.236  32.877 336.489 409.834
Police            0.000   0.000   5.900   1.354   0.861  -0.313   0.910   5.593
Guards            0.000   0.000   0.060  -0.773  -0.800  -0.800  -0.673  -0.352
FoodPrep          0.000   0.000  -0.772   2.638  60.575  52.886 165.477 760.744
HealthService     0.000   0.000  -0.800   3.108  15.056   6.835  19.244  12.724
Cleaning          0.000   0.000  -0.800  10.149 157.145 382.6601190.2651386.295
PersonalService   0.000   0.000  -0.800  10.946 145.398 154.956  50.295 103.899
FarmMgrs          0.000   0.0001029.717139755.198682503.141480643.6489399180.853962703456.271
FarmWork          0.000   0.000  -0.043   8.872 785.4992631.710179763.7333438021.024
Agriculture       0.000   0.000  -0.331   0.692  99.211 312.335 974.9413499.400
Forest            0.000   0.000   1.200   6.7862483.2552689.68014442.63241907023.204
Mechanics         0.000   0.000  16.276  15.882  25.660 200.015 224.826 441.513
Elec.Repairer     0.000   0.000 847.743  48.926   5.112  13.866   6.003  21.289
Misc.Repairer     0.000   0.000  28.780   1.163   9.593  52.964  26.861 171.604
Construction      0.000   0.000  28.366  18.103  50.718 289.697 658.0092833.090
Extractive        0.000   0.000 406.4034235.245 491.6783042.47815024.69460474.530
Supervisor(P)     0.000   0.000 295.059  35.951  11.183  38.015  17.051  40.599
MetalWork         0.000   0.000  82.583  37.757   4.960 127.202 581.095 171.030
WoodWork          0.000   0.000 273.798   0.348   7.349  29.999 402.744 611.858
Textiles          0.000   0.000   0.380   0.627  13.576  89.933 275.739 150.926
Other             0.000   0.000   9.6871148.386 209.353 425.119  54.248 162.622
Food              0.000   0.000  12.562  -0.381   9.962  39.906  11.859  57.977
PlantOperator     0.000   0.000 923.748   7.313  -0.446   5.708   5.685  10.347
MetalMach.        0.000   0.000   6.622   1.969   1.523  60.285  32.876 295.674
MetalProc.        0.000   0.000  -0.770   0.349   2.516 188.429  84.714   8.914
WoodMach.         0.000   0.000   0.768   1.447  10.452 151.200 104.9561722.990
TextileMach.      0.000   0.000  88.395  27.147   3.209  81.209  50.962 943.011
PrintMach.        0.000   0.000  -0.639   0.665  -0.732   0.801   7.963   7.970
OtherMach.        0.000   0.000   0.840  -0.591  -0.098   5.477   7.272  40.615
Fabricators       0.000   0.000   2.683  -0.456  -0.196  10.301  16.681  26.323
Prod.Inspectors   0.000   0.000  33.161  -0.800  -0.616   4.194   1.686  13.612
MotorVehicle      0.000   0.000   2.028   3.789   8.630  32.392  20.955  25.382
OtherVehicle      0.000   0.000  19.647   1.424  10.304 127.518 380.7601868.912
Freight           0.000   0.000  -0.800  -0.409   3.076  10.837  14.227  14.036
 
Mean             0.000   0.000 779.75996306.09010488.1727519.395143557.14415046755.699
Std Dev          0.000   0.0003711.691769917.13483358.86458694.1471148098.444117640750.103
Mean(weighted)     NaN     NaN 927.265109240.3958213.6285836.147109833.89111232715.985
Std Dev(wghtd)     NaN     NaN3027.587816113.96473054.02851447.4081006222.027103069065.826
 
--------------------
    1/(1-TauW)      
--------------------
 
                   1960    1970    1980    1990    2000    2010
---------------------------------------------------------------
Home              1.000   1.000   1.000   1.000   1.000   1.000
Managers          2.182   1.543   1.466   1.503   1.523   1.442
MgmtRelated       1.906   1.691   1.392   1.405   1.481   1.524
Architects        1.510   1.510   1.698   1.889   1.920   1.678
Engineers         2.405   2.114   1.891   1.828   1.957   1.861
Math/CompSci      1.847   1.203   1.073   1.091   1.023   0.943
Science           1.783   1.617   1.709   1.657   1.845   1.987
Doctors           1.849   1.720   1.103   1.107   1.123   0.994
Nurses            1.532   1.438   0.999   0.982   0.745   0.693
Therapists        1.122   0.928   0.941   0.900   0.972   0.831
Professors        1.769   2.077   1.839   1.774   1.864   1.805
Teachers          1.225   1.177   1.212   1.161   1.161   1.244
Librarians        1.175   1.175   1.324   1.395   1.569   1.524
Soc.Scientists    2.437   1.501   1.485   1.591   1.549   1.373
SocialWork        1.149   1.020   0.999   0.957   1.020   0.988
Lawyers           2.237   1.446   0.856   0.942   0.975   0.942
Arts/Athletes     1.492   1.257   1.215   1.262   1.376   1.415
HealthTechs       1.094   0.943   0.791   0.750   0.721   0.666
Eng.Techs         1.669   1.714   1.629   1.549   1.480   1.422
ScienceTechs      1.723   1.553   1.331   1.306   1.151   1.169
OtherTechs        1.545   1.452   1.371   1.417   1.479   1.440
Sales             1.912   1.655   1.565   1.561   1.650   1.739
Secretaries       1.219   0.949   1.096   0.866   0.884   0.843
Info.Clerks       1.588   0.773   0.758   0.812   0.792   0.882
Records           1.356   1.202   0.987   0.964   0.897   0.876
FinancialClerk    1.562   1.487   1.325   1.108   1.016   1.083
OfficeMachine     1.549   0.716   0.569   0.505   0.466   0.425
ComputerTech      1.611   0.990   1.107   1.016   0.988   1.114
Mail              0.783   0.763   0.772   0.726   0.698   0.699
Clerks            1.068   1.003   0.935   0.872   0.889   0.877
Insurance         2.888   2.137   1.409   1.283   1.242   1.152
Misc.Admin        1.315   1.240   1.153   1.094   1.081   1.058
PrivateHshld      0.849   0.570   0.457   0.442   0.375   0.374
Firefighting      1.475   1.123   0.978   0.899   0.856   0.861
Police            1.220   1.334   1.087   1.022   1.031   1.101
Guards            1.006   0.945   0.869   0.802   0.776   0.731
FoodPrep          0.859   0.817   0.674   0.608   0.595   0.567
HealthService     0.466   0.504   0.494   0.521   0.448   0.471
Cleaning          0.496   0.496   0.492   0.463   0.441   0.447
PersonalService   0.824   0.699   0.666   0.523   0.529   0.517
FarmMgrs          2.043   1.772   1.154   1.006   0.903   0.684
FarmWork          0.996   0.854   0.778   0.742   0.658   0.560
Agriculture       0.959   0.862   0.774   0.734   0.748   0.733
Forest            1.085   0.859   0.862   0.715   0.750   0.720
Mechanics         1.341   1.225   1.123   1.001   0.918   0.858
Elec.Repairer     2.003   1.417   1.159   1.052   1.018   0.987
Misc.Repairer     1.418   1.247   1.123   1.022   1.018   0.925
Construction      1.416   1.130   1.073   0.951   0.928   0.843
Extractive        1.857   1.128   0.955   0.870   0.847   0.812
Supervisor(P)     1.797   1.381   1.172   1.105   1.053   1.025
MetalWork         1.578   1.438   1.164   1.092   1.070   1.038
WoodWork          1.783   1.537   1.297   1.320   1.362   1.278
Textiles          1.034   1.068   0.954   0.754   0.624   0.745
Other             1.276   1.250   0.800   0.805   0.697   0.613
Food              1.308   1.082   1.052   0.912   0.822   0.710
PlantOperator     2.021   1.447   1.219   1.260   1.187   1.081
MetalMach.        1.233   1.113   1.049   0.895   0.779   0.774
MetalProc.        0.860   0.885   0.907   0.860   0.825   0.726
WoodMach.         1.060   0.963   0.891   0.793   0.683   0.668
TextileMach.      1.588   1.151   1.039   0.962   0.896   0.824
PrintMach.        0.900   0.764   0.761   0.752   0.686   0.650
OtherMach.        1.065   0.964   0.927   0.872   0.814   0.784
Fabricators       1.144   1.049   1.018   0.912   0.834   0.835
Prod.Inspectors   1.439   1.435   1.131   1.088   1.059   1.073
MotorVehicle      1.121   0.906   0.845   0.726   0.672   0.625
OtherVehicle      1.366   0.998   1.006   0.913   0.840   0.787
Freight           0.846   0.818   0.773   0.722   0.642   0.634
 
Mean             1.421   1.197   1.070   1.021   0.999   0.966
Std Dev          0.470   0.369   0.309   0.328   0.368   0.365
Mean(weighted)   1.613   1.338   1.206   1.166   1.166   1.141
Std Dev(wghtd)   0.479   0.351   0.302   0.332   0.380   0.395
eta = 0.1030
 
----------------------
    (1+tauh)^eta      
----------------------
 
                   1940    1950    1960    1970    1980    1990    2000    2010
-------------------------------------------------------------------------------
Home              1.000   1.000   1.000   1.000   1.000   1.000   1.000   1.000
Managers          1.000   1.000   2.182   1.450   1.384   1.338   1.254   1.212
MgmtRelated       1.000   1.000   1.906   1.433   1.144   1.124   1.050   0.999
Architects        1.000   1.000   1.510   1.510   1.537   1.020   1.094   1.194
Engineers         1.000   1.000   2.405   1.616   1.068   1.081   0.939   0.974
Math/CompSci      1.000   1.000   1.847   2.080   1.519   1.586   1.389   1.375
Science           1.000   1.000   1.783   1.124   1.147   1.197   1.143   1.024
Doctors           1.000   1.000   1.849   2.105   2.230   1.894   1.706   1.815
Nurses            1.000   1.000   1.532   1.274   1.716   1.853   2.008   1.907
Therapists        1.000   1.000   1.122   1.024   1.481   1.355   1.645   1.898
Professors        1.000   1.000   1.769   1.106   0.950   0.847   0.847   0.858
Teachers          1.000   1.000   1.225   1.156   1.174   1.063   0.962   0.966
Librarians        1.000   1.000   1.175   1.175   0.847   0.868   1.237   0.847
Soc.Scientists    1.000   1.000   2.437   1.400   1.167   1.143   1.324   1.142
SocialWork        1.000   1.000   1.149   0.955   1.072   0.902   0.986   1.036
Lawyers           1.000   1.000   2.237   5.016   2.646   2.602   2.261   2.458
Arts/Athletes     1.000   1.000   1.492   1.545   1.286   1.189   1.147   1.118
HealthTechs       1.000   1.000   1.094   1.170   1.431   1.440   1.677   1.707
Eng.Techs         1.000   1.000   1.669   1.353   0.961   1.025   1.036   0.960
ScienceTechs      1.000   1.000   1.723   0.847   0.847   0.974   0.897   1.019
OtherTechs        1.000   1.000   1.545   1.518   1.094   1.138   1.170   1.136
Sales             1.000   1.000   1.912   1.503   1.288   1.267   1.046   0.890
Secretaries       1.000   1.000   1.219   1.141   0.990   0.847   1.177   1.228
Info.Clerks       1.000   1.000   1.588   2.083   1.268   1.235   1.171   1.047
Records           1.000   1.000   1.356   0.997   0.947   0.867   0.962   0.890
FinancialClerk    1.000   1.000   1.562   1.274   0.943   0.847   0.847   0.855
OfficeMachine     1.000   1.000   1.549   0.847   1.377   1.443   1.351   1.449
ComputerTech      1.000   1.000   1.611   1.226   0.901   0.872   0.909   0.944
Mail              1.000   1.000   0.847   0.874   1.013   1.018   1.114   1.137
Clerks            1.000   1.000   1.068   1.044   1.128   1.223   1.118   1.064
Insurance         1.000   1.000   2.888   0.847   0.847   0.847   0.847   0.847
Misc.Admin        1.000   1.000   1.315   0.870   0.847   0.847   0.907   0.919
PrivateHshld      1.000   1.000   0.849   0.847   1.162   1.105   1.398   1.395
Firefighting      1.000   1.000   1.475   1.474   1.376   1.437   1.821   1.859
Police            1.000   1.000   1.220   1.092   1.066   0.962   1.069   1.214
Guards            1.000   1.000   1.006   0.858   0.847   0.847   0.891   0.956
FoodPrep          1.000   1.000   0.859   1.142   1.529   1.508   1.694   1.981
HealthService     1.000   1.000   0.847   1.157   1.331   1.236   1.363   1.310
Cleaning          1.000   1.000   0.847   1.282   1.685   1.846   2.074   2.107
PersonalService   1.000   1.000   0.847   1.291   1.671   1.682   1.500   1.615
FarmMgrs          1.000   1.000   2.043   3.388   3.989   3.848   5.227   8.420
FarmWork          1.000   1.000   0.996   1.266   1.987   2.251   3.477   4.712
Agriculture       1.000   1.000   0.959   1.056   1.607   1.808   2.032   2.318
Forest            1.000   1.000   1.085   1.235   2.237   2.256   2.682   6.097
Mechanics         1.000   1.000   1.341   1.338   1.402   1.727   1.748   1.873
Elec.Repairer     1.000   1.000   2.003   1.496   1.205   1.320   1.222   1.377
Misc.Repairer     1.000   1.000   1.418   1.083   1.275   1.508   1.409   1.700
Construction      1.000   1.000   1.416   1.355   1.501   1.794   1.951   2.268
Extractive        1.000   1.000   1.857   2.364   1.894   2.284   2.693   3.108
Supervisor(P)     1.000   1.000   1.797   1.450   1.294   1.458   1.347   1.468
MetalWork         1.000   1.000   1.578   1.457   1.202   1.649   1.927   1.699
WoodWork          1.000   1.000   1.783   1.031   1.244   1.424   1.855   1.937
Textiles          1.000   1.000   1.034   1.051   1.318   1.591   1.785   1.678
Other             1.000   1.000   1.276   2.066   1.735   1.866   1.512   1.691
Food              1.000   1.000   1.308   0.952   1.280   1.466   1.301   1.522
PlantOperator     1.000   1.000   2.021   1.244   0.941   1.217   1.216   1.284
MetalMach.        1.000   1.000   1.233   1.119   1.100   1.528   1.437   1.797
MetalProc.        1.000   1.000   0.860   1.031   1.138   1.716   1.582   1.267
WoodMach.         1.000   1.000   1.060   1.097   1.285   1.678   1.617   2.155
TextileMach.      1.000   1.000   1.588   1.410   1.160   1.575   1.502   2.025
PrintMach.        1.000   1.000   0.900   1.054   0.873   1.062   1.253   1.254
OtherMach.        1.000   1.000   1.065   0.912   0.989   1.212   1.243   1.468
Fabricators       1.000   1.000   1.144   0.939   0.978   1.284   1.344   1.406
Prod.Inspectors   1.000   1.000   1.439   0.847   0.906   1.185   1.107   1.318
MotorVehicle      1.000   1.000   1.121   1.175   1.263   1.435   1.375   1.401
OtherVehicle      1.000   1.000   1.366   1.095   1.284   1.649   1.845   2.173
Freight           1.000   1.000   0.847   0.947   1.156   1.290   1.324   1.322
 
Mean             1.000   1.000   1.434   1.331   1.316   1.398   1.478   1.658
Std Dev          0.000   0.000   0.450   0.621   0.488   0.498   0.672   1.183
Mean(weighted)     NaN     NaN   1.620   1.408   1.327   1.370   1.365   1.443
Std Dev(wghtd)     NaN     NaN   0.465   0.590   0.425   0.424   0.557   0.908
 
--------------------------------------------------
    z -- preference shock by Cohort of birth      
--------------------------------------------------
 
                   1940    1950    1960    1970    1980    1990    2000    2010
-------------------------------------------------------------------------------
Home              0.000   0.000   1.000   1.000   1.000   1.000   1.000   1.000
Managers          0.000   0.000   0.965   0.782   0.681   0.612   0.710   0.645
MgmtRelated       0.000   0.000   0.920   0.833   0.736   0.670   0.810   0.696
Architects        0.000   0.000   1.074   1.074   0.909   0.655   0.877   0.771
Engineers         0.000   0.000   0.835   0.824   0.653   0.554   0.708   0.587
Math/CompSci      0.000   0.000   0.979   0.822   0.663   0.577   0.680   0.611
Science           0.000   0.000   1.031   0.921   0.856   0.719   0.993   0.846
Doctors           0.000   0.000   1.379   1.340   0.840   0.683   0.896   0.758
Nurses            0.000   0.000   1.410   1.132   0.985   0.777   0.782   0.690
Therapists        0.000   0.000   1.426   1.109   0.906   0.692   0.915   0.873
Professors        0.000   0.000   1.966   1.571   1.470   1.366   1.601   1.478
Teachers          0.000   0.000   1.415   1.233   1.049   0.856   1.072   0.958
Librarians        0.000   0.000   1.375   1.375   1.079   0.992   1.191   1.162
Soc.Scientists    0.000   0.000   1.512   1.006   0.919   0.820   1.011   0.763
SocialWork        0.000   0.000   1.460   1.178   1.046   0.849   1.028   0.911
Lawyers           0.000   0.000   1.787   1.999   0.903   0.784   0.921   0.718
Arts/Athletes     0.000   0.000   1.053   0.894   0.806   0.672   0.846   0.809
HealthTechs       0.000   0.000   0.920   1.047   0.860   0.719   0.795   0.696
Eng.Techs         0.000   0.000   0.741   0.782   0.645   0.582   0.705   0.602
ScienceTechs      0.000   0.000   0.827   0.760   0.659   0.610   0.720   0.592
OtherTechs        0.000   0.000   0.936   0.754   0.711   0.624   0.701   0.585
Sales             0.000   0.000   0.951   0.886   0.718   0.644   0.784   0.759
Secretaries       0.000   0.000   0.944   0.893   0.932   0.723   0.870   0.816
Info.Clerks       0.000   0.000   0.907   0.775   0.754   0.745   0.902   0.783
Records           0.000   0.000   1.163   0.858   0.752   0.729   0.957   0.756
FinancialClerk    0.000   0.000   0.821   0.901   0.787   0.680   0.837   0.772
OfficeMachine     0.000   0.000   0.898   0.804   0.707   0.653   0.700   0.746
ComputerTech      0.000   0.000   0.817   0.764   0.636   0.621   0.780   0.728
Mail              0.000   0.000   0.753   0.743   0.600   0.568   0.772   0.664
Clerks            0.000   0.000   0.873   0.795   0.687   0.659   0.822   0.798
Insurance         0.000   0.000   1.166   0.684   0.741   0.677   0.854   0.797
Misc.Admin        0.000   0.000   0.855   0.827   0.807   0.741   0.923   0.818
PrivateHshld      0.000   0.000   0.859   0.903   0.788   0.770   0.914   0.833
Firefighting      0.000   0.000   0.661   0.614   0.603   0.515   0.631   0.540
Police            0.000   0.000   0.706   0.676   0.610   0.538   0.676   0.607
Guards            0.000   0.000   0.743   0.763   0.728   0.694   0.856   0.792
FoodPrep          0.000   0.000   0.965   0.961   0.874   0.848   0.981   1.002
HealthService     0.000   0.000   0.875   0.968   0.894   0.809   0.966   0.873
Cleaning          0.000   0.000   0.932   0.853   0.760   0.732   0.859   0.831
PersonalService   0.000   0.000   1.037   0.863   0.878   0.761   0.925   0.898
FarmMgrs          0.000   0.000   2.165   1.878   1.103   0.833   0.778   0.801
FarmWork          0.000   0.000   1.446   1.281   0.915   0.833   0.914   0.792
Agriculture       0.000   0.000   1.031   0.873   0.805   0.763   0.863   0.853
Forest            0.000   0.000   1.370   1.152   0.922   0.694   0.829   0.915
Mechanics         0.000   0.000   0.859   0.760   0.607   0.595   0.702   0.626
Elec.Repairer     0.000   0.000   0.945   0.832   0.531   0.545   0.677   0.648
Misc.Repairer     0.000   0.000   0.856   0.782   0.596   0.591   0.724   0.658
Construction      0.000   0.000   0.863   0.816   0.662   0.627   0.736   0.663
Extractive        0.000   0.000   0.927   0.775   0.544   0.517   0.676   0.532
Supervisor(P)     0.000   0.000   0.788   0.730   0.579   0.541   0.663   0.586
MetalWork         0.000   0.000   0.727   0.775   0.560   0.546   0.697   0.659
WoodWork          0.000   0.000   0.817   0.817   0.719   0.663   0.893   0.837
Textiles          0.000   0.000   0.761   0.823   0.768   0.697   0.749   0.632
Other             0.000   0.000   0.764   0.849   0.704   0.650   0.776   0.727
Food              0.000   0.000   0.855   0.761   0.622   0.669   0.776   0.784
PlantOperator     0.000   0.000   0.832   0.753   0.552   0.528   0.673   0.561
MetalMach.        0.000   0.000   0.708   0.724   0.560   0.580   0.684   0.699
MetalProc.        0.000   0.000   0.683   0.675   0.598   0.630   0.708   0.683
WoodMach.         0.000   0.000   1.039   0.902   0.758   0.729   0.716   0.717
TextileMach.      0.000   0.000   0.761   0.717   0.613   0.591   0.738   0.782
PrintMach.        0.000   0.000   0.951   0.852   0.673   0.677   0.790   0.768
OtherMach.        0.000   0.000   0.791   0.741   0.600   0.594   0.724   0.704
Fabricators       0.000   0.000   0.667   0.725   0.588   0.617   0.711   0.670
Prod.Inspectors   0.000   0.000   0.725   0.762   0.591   0.604   0.744   0.714
MotorVehicle      0.000   0.000   0.923   0.791   0.632   0.602   0.713   0.675
OtherVehicle      0.000   0.000   0.764   0.713   0.570   0.559   0.662   0.588
Freight           0.000   0.000   0.879   0.855   0.676   0.685   0.812   0.780
 
Mean             0.000   0.000   0.997   0.912   0.756   0.688   0.822   0.756
Std Dev          0.000   0.000   0.306   0.258   0.171   0.135   0.152   0.150
Mean(weighted)     NaN     NaN   0.992   0.896   0.738   0.664   0.795   0.726
Std Dev(wghtd)     NaN     NaN   0.261   0.240   0.145   0.105   0.126   0.120
 
 
--------------------------------------------------------------------------------------------------
                          >>>>> Black Women <<<<<
--------------------------------------------------------------------------------------------------
 
--------------
    TauHat      
--------------
 
                   1960    1970    1980    1990    2000    2010
---------------------------------------------------------------
Home                NaN     NaN     NaN     NaN     NaN     NaN
Managers         11.995   4.332   3.080   2.305   2.188   1.808
MgmtRelated       6.637   4.226   1.721   1.364   1.302   1.339
Architects          NaN     NaN   3.949   5.594   4.431   2.655
Engineers           NaN     NaN   6.170   4.196   3.146   3.366
Math/CompSci        NaN   5.359   2.315   2.019   2.087   2.034
Science             NaN   4.546   3.742   2.394   2.305   1.714
Doctors          15.718  10.797   4.913   2.981   2.253   1.739
Nurses            1.065   0.814   0.704   0.576   0.592   0.560
Therapists        1.650   1.761   1.302   0.925   1.090   0.827
Professors        4.374   3.568   1.812   2.138   1.486   1.336
Teachers          1.214   1.135   1.010   0.883   0.833   0.827
Librarians        0.712   1.287   0.849   0.854   1.012   0.926
Soc.Scientists    3.222   6.355   2.181   1.682   1.445   1.322
SocialWork        1.641   1.298   0.886   0.702   0.668   0.663
Lawyers          10.984   4.936   3.560   2.669   2.064   2.001
Arts/Athletes     3.890   3.564   2.661   2.078   2.103   2.021
HealthTechs       0.860   0.662   0.648   0.674   0.736   0.656
Eng.Techs           NaN   7.759   3.346   3.518   2.652   2.664
ScienceTechs      9.304   4.802   2.073   2.190   1.756   1.363
OtherTechs          NaN   4.236   2.247   2.009   2.129   2.373
Sales             6.906   3.929   3.043   2.525   2.149   1.858
Secretaries       0.525   0.353   0.168   0.155   0.296   0.361
Info.Clerks       2.587   1.122   0.653   0.562   0.477   0.514
Records           2.100   1.530   0.598   0.526   0.556   0.653
FinancialClerk    2.018   1.218   0.655   0.501   0.436   0.562
OfficeMachine     1.624   0.997   0.742   0.862   0.506   0.641
ComputerTech      1.048   1.137   0.865   0.844   0.866   0.937
Mail              2.454   1.072   1.040   0.863   0.944   1.078
Clerks            3.374   3.412   1.784   1.570   1.551   1.313
Insurance         7.428   2.466   0.888   0.694   0.668   0.684
Misc.Admin        2.196   0.937   0.527   0.528   0.518   0.617
PrivateHshld      0.578   0.492   0.465   0.412   0.351   0.322
Firefighting        NaN     NaN   1.210   1.351   1.123   2.346
Police              NaN   0.923   0.759   0.596   0.656   0.742
Guards            0.477   0.557   0.711   0.625   0.569   0.591
FoodPrep          1.045   0.992   1.084   1.201   1.341   1.375
HealthService     0.446   0.333   0.387   0.368   0.283   0.301
Cleaning          0.301   0.592   0.621   0.726   0.784   0.779
PersonalService   0.921   1.259   0.868   0.735   0.612   0.643
FarmMgrs          2.884   1.561   3.568   4.048     NaN   2.617
FarmWork          1.024   0.616   1.164   1.379   1.828   2.893
Agriculture         NaN   1.935   1.609   1.823   1.644   1.765
Forest              NaN   0.211   1.218   1.341   0.794     NaN
Mechanics           NaN   2.253   0.933   0.996   1.060   1.064
Elec.Repairer       NaN  23.969   3.956   3.470   3.206   4.683
Misc.Repairer     0.831   0.772   0.909   1.195   0.915   1.130
Construction      0.810   2.968   0.955   1.069   1.148   1.104
Extractive          NaN   0.768   1.599   0.867     NaN   1.111
Supervisor(P)     2.323   1.157   0.990   1.371   1.080   1.193
MetalWork           NaN   1.363   0.859   0.907   0.789   0.961
WoodWork            NaN   0.763   1.251   1.261   1.230   1.485
Textiles          1.149   1.023   0.815   0.784   1.641   1.971
Other             4.630   3.108   2.459   2.110   0.927   0.642
Food              1.316   0.661   0.836   0.915   0.946   0.888
PlantOperator       NaN     NaN   0.932   1.522   2.111   1.598
MetalMach.          NaN   0.817   0.849   1.114   1.044   1.303
MetalProc.          NaN   1.856   0.948   1.046   0.858   0.732
WoodMach.           NaN   2.018   0.867   1.192   0.877   0.756
TextileMach.        NaN   0.938   1.319   1.342   1.114   0.944
PrintMach.        0.594   0.768   0.644   0.643   0.746   1.030
OtherMach.        1.060   0.766   0.719   0.889   0.809   0.804
Fabricators       1.313   0.777   0.751   0.836   0.748   0.748
Prod.Inspectors   3.627   2.167   1.420   1.519   1.503   2.242
MotorVehicle      0.601   0.866   0.806   0.885   0.708   0.602
OtherVehicle      0.582   1.014   0.809   0.842   0.672   1.031
Freight           0.710   0.729   0.781   0.919   0.773   0.785
 
Mean             2.886   2.429   1.518   1.419   1.252   1.301
Std Dev          3.394   3.419   1.199   1.022   0.793   0.815
Mean(weighted)   4.244   2.904   1.939   1.634   1.433   1.402
Std Dev(wghtd)   4.619   2.976   1.363   0.961   0.756   0.737
 
--------------
    TauW      
--------------
 
                   1960    1970    1980    1990    2000    2010
---------------------------------------------------------------
Home              0.000   0.000   0.000   0.000   0.000   0.000
Managers          0.711   0.563   0.511   0.462   0.487   0.435
MgmtRelated       0.612   0.508   0.387   0.346   0.349   0.367
Architects        0.497   0.497   0.497   0.577   0.607   0.618
Engineers         0.597   0.597   0.597   0.579   0.621   0.646
Math/CompSci      0.568   0.568   0.476   0.341   0.309   0.281
Science           0.531   0.531   0.608   0.554   0.600   0.506
Doctors           0.748   0.466   0.468   0.380   0.447   0.417
Nurses            0.031  -0.167  -0.484  -0.639  -0.714  -0.714
Therapists        0.221   0.233   0.078   0.062   0.120  -0.024
Professors        0.522   0.570   0.511   0.525   0.430   0.366
Teachers          0.092   0.096   0.080   0.012  -0.017  -0.025
Librarians       -0.189  -0.594  -1.034  -1.010  -1.056  -1.138
Soc.Scientists    0.443   0.603   0.575   0.496   0.414   0.359
SocialWork        0.219   0.150   0.044  -0.207  -0.269  -0.278
Lawyers           0.698   0.550   0.757   0.683   0.590   0.577
Arts/Athletes     0.493   0.638   0.676   0.592   0.597   0.581
HealthTechs      -0.078  -0.361  -0.690  -0.713  -0.662  -0.646
Eng.Techs         0.641   0.641   0.579   0.499   0.446   0.484
ScienceTechs      0.672   0.544   0.392   0.382   0.335   0.326
OtherTechs        0.514   0.514   0.572   0.574   0.602   0.631
Sales             0.619   0.592   0.549   0.542   0.569   0.544
Secretaries      -0.615  -1.400  -4.030  -4.473  -4.147  -4.106
Info.Clerks       0.378   0.080  -0.296  -0.508  -0.776  -0.762
Records           0.310   0.380  -0.416  -0.611  -0.677  -0.714
FinancialClerk    0.296   0.258  -0.293  -0.690  -0.945  -0.793
OfficeMachine     0.215   0.150  -0.256  -0.394  -0.814  -1.019
ComputerTech      0.023  -0.039  -0.046  -0.199  -0.156  -0.006
Mail              0.362   0.162   0.127   0.018   0.063   0.078
Clerks            0.456   0.336   0.177   0.057   0.083   0.001
Insurance         0.633   0.656   0.046  -0.220  -0.269  -0.296
Misc.Admin        0.325   0.096  -0.607  -0.603  -0.711  -0.693
PrivateHshld     -0.465  -0.721  -1.905  -2.242  -3.190  -3.395
Firefighting      0.091   0.091   0.091   0.373   0.221   0.182
Police           -0.041  -0.041  -0.116  -0.421  -0.292  -0.142
Guards           -0.775  -0.520  -0.192  -0.355  -0.488  -0.454
FoodPrep          0.022  -0.071  -0.492  -0.619  -0.748  -0.859
HealthService    -0.898  -1.547  -2.064  -1.920  -2.562  -2.425
Cleaning         -1.812  -1.763  -0.774  -0.294  -0.283  -0.196
PersonalService  -0.042  -0.448  -1.103  -1.265  -1.225  -1.156
FarmMgrs          0.411   0.457   0.509   0.459   0.600   0.382
FarmWork          0.012  -0.376  -0.954  -0.881  -0.786  -0.602
Agriculture       0.281   0.281   0.212   0.479   0.484   0.464
Forest           -3.017  -3.017  -2.133  -2.074  -1.866  -1.201
Mechanics         0.334   0.334   0.092   0.149   0.200   0.204
Elec.Repairer     0.796   0.796   0.644   0.532   0.445   0.414
Misc.Repairer    -0.097  -0.097   0.067  -0.199  -0.115  -0.225
Construction     -0.111   0.420   0.112   0.132   0.262   0.233
Extractive       -0.141  -0.141   0.209  -0.597  -0.535   0.051
Supervisor(P)     0.344   0.268   0.144   0.334   0.215   0.229
MetalWork         0.144   0.144   0.014  -0.275  -0.141  -0.021
WoodWork         -0.145  -0.145   0.323   0.328   0.229   0.342
Textiles          0.067   0.100  -0.040  -0.098  -0.314  -0.775
Other             0.535   0.242   0.268   0.237  -0.157  -0.343
Food              0.128  -0.282  -0.106   0.074   0.068   0.034
PlantOperator    -0.036  -0.036  -0.036  -0.217  -0.138   0.170
MetalMach.       -0.106  -0.106   0.002   0.118   0.188   0.127
MetalProc.        0.266   0.266   0.107   0.018   0.013  -0.158
WoodMach.         0.296   0.296   0.023   0.103   0.034  -0.120
TextileMach.     -0.032  -0.032   0.257   0.166   0.240   0.102
PrintMach.       -0.425  -0.788  -1.184  -1.021  -1.230  -1.220
OtherMach.        0.029  -0.106  -0.179  -0.184  -0.121  -0.142
Fabricators       0.127  -0.091  -0.129  -0.208  -0.248  -0.276
Prod.Inspectors   0.475   0.481   0.339   0.350   0.320   0.345
MotorVehicle     -0.410   0.022  -0.052   0.042  -0.197  -0.407
OtherVehicle     -0.456   0.007  -0.048  -0.299  -0.275  -0.109
Freight          -0.193  -0.162  -0.084  -0.128  -0.125  -0.174
 
Mean             0.100   0.032  -0.114  -0.179  -0.225  -0.226
Std Dev          0.590   0.632   0.785   0.824   0.868   0.851
Mean(weighted)   0.283   0.231   0.059   0.004  -0.000  -0.017
Std Dev(wghtd)   0.459   0.495   0.807   0.864   0.861   0.845
 
-------------------------
    WageGrowthRelative      
-------------------------
 
                   1960    1970    1980    1990    2000    2010
---------------------------------------------------------------
Home                NaN     NaN     NaN     NaN     NaN     NaN
Managers          1.513   1.119   1.101   0.953   1.101     NaN
MgmtRelated       1.266   1.246   1.068   0.967   0.968     NaN
Architects          NaN     NaN     NaN   0.929   0.971     NaN
Engineers           NaN     NaN   1.046   0.901   0.934     NaN
Math/CompSci        NaN   1.213   1.257   1.050   1.040     NaN
Science             NaN   0.836   1.137   0.897   1.121     NaN
Doctors           2.117   0.997   1.164   0.892   1.053     NaN
Nurses            1.204   1.272   1.104   1.046   1.000     NaN
Therapists        0.985   1.202   1.017   0.939   0.897     NaN
Professors        0.898   1.138   0.972   1.108   0.963     NaN
Teachers          0.995   1.018   1.075   0.997   0.933     NaN
Librarians        1.340   1.276   0.988   1.023   1.040     NaN
Soc.Scientists      NaN   1.071   1.112   1.022   0.841     NaN
SocialWork        1.089   1.106   1.098   0.949   0.985     NaN
Lawyers             NaN   0.541   1.152   0.850   0.936     NaN
Arts/Athletes     0.714   0.896   1.131   0.967   0.990     NaN
HealthTechs       1.262   1.242   1.013   0.970   0.990     NaN
Eng.Techs           NaN   1.172   1.190   1.106   0.932     NaN
ScienceTechs        NaN   1.332   1.017   1.075   1.014     NaN
OtherTechs          NaN   0.882   0.995   0.920   0.927     NaN
Sales             1.072   1.104   1.017   0.941   0.966     NaN
Secretaries       1.016   1.153   1.067   0.941   0.992     NaN
Info.Clerks       1.480   1.132   1.090   1.011   0.992     NaN
Records           0.898   1.559   1.125   1.041   1.022     NaN
FinancialClerk    1.053   1.256   1.134   1.051   0.922     NaN
OfficeMachine     0.771   1.478   1.110   1.302   1.113     NaN
ComputerTech      1.063   1.007   1.146   0.964   0.870     NaN
Mail              1.312   1.042   1.014   0.955   0.984     NaN
Clerks            1.220   1.238   1.146   0.973   1.089     NaN
Insurance         0.873   1.697   1.015   0.997   1.021     NaN
Misc.Admin        1.245   1.207   0.980   1.067   0.989     NaN
PrivateHshld      1.159   1.688   1.116   1.292   1.049     NaN
Firefighting        NaN     NaN   0.461   1.243   1.050     NaN
Police              NaN   0.356   0.485   0.701   0.850     NaN
Guards            0.103   0.459   0.776   0.804   0.977     NaN
FoodPrep          1.095   1.393   1.085   1.080   1.063     NaN
HealthService     1.201   1.203   0.953   1.220   0.962     NaN
Cleaning          0.983   0.642   0.729   0.992   0.932     NaN
PersonalService   1.390   1.452   1.077   0.982   0.969     NaN
FarmMgrs          0.882   0.904   1.103   0.740     NaN     NaN
FarmWork          0.945   1.420   0.963   0.949   0.897     NaN
Agriculture         NaN     NaN   0.661   0.989   1.040     NaN
Forest              NaN   0.780   0.981   0.933   0.768     NaN
Mechanics           NaN   0.282   0.385   0.737   0.953     NaN
Elec.Repairer       NaN   1.744   1.313   1.187   1.056     NaN
Misc.Repairer     0.106   0.644   1.286   0.929   1.099     NaN
Construction        NaN   0.630   0.978   0.829   0.944     NaN
Extractive          NaN     NaN   2.019   0.961     NaN     NaN
Supervisor(P)     0.293   0.394   0.778   0.740   0.983     NaN
MetalWork           NaN   0.187   1.293   0.895   0.895     NaN
WoodWork            NaN   0.344   0.914   1.148   0.854     NaN
Textiles          0.964   1.060   1.056   1.196   1.351     NaN
Other             1.631   0.966   1.042   1.515   1.161     NaN
Food              0.256   0.863   0.551   1.006   1.036     NaN
PlantOperator       NaN     NaN   1.175   0.935   0.730     NaN
MetalMach.          NaN   0.452   0.884   0.900   1.075     NaN
MetalProc.          NaN   0.306   1.100   0.828   1.008     NaN
WoodMach.           NaN   1.107   0.918   0.679   0.989     NaN
TextileMach.        NaN   0.719   1.122   0.885   1.084     NaN
PrintMach.        1.254   1.222   0.925   1.104   0.995     NaN
OtherMach.        0.714   1.065   1.005   0.946   1.019     NaN
Fabricators       0.769   0.930   1.070   1.033   1.023     NaN
Prod.Inspectors   0.989   1.274   0.983   1.046   0.963     NaN
MotorVehicle      0.093   0.233   0.493   0.850   0.708     NaN
OtherVehicle        NaN   0.420   1.240   0.981   0.870     NaN
Freight           0.274   0.395   1.041   0.997   1.044     NaN
 
Mean             0.988   0.983   1.022   0.986   0.984     NaN
Std Dev          0.427   0.393   0.234   0.144   0.099   0.000
Mean(weighted)   0.824   0.934   1.017   0.949   0.974   0.000
Std Dev(wghtd)   0.440   0.341   0.191   0.099   0.087     NaN
 
--------------
    TauH      
--------------
 
                   1940    1950    1960    1970    1980    1990    2000    2010
-------------------------------------------------------------------------------
Home              0.000   0.000   0.000   0.000   0.000   0.000   0.000   0.000
Managers          0.000   0.000172942.669 488.135  52.013   7.080   2.068   0.228
MgmtRelated       0.000   0.0009772.6321206.714   0.665  -0.669  -0.800  -0.800
Architects        0.000   0.000 785.045 785.045 785.0454262.451 216.361   0.133
Engineers         0.000   0.0006857.2766857.2766857.276 249.858   4.554   4.538
Math/CompSci      0.000   0.0003459.4843459.484   5.542  14.919  34.171  39.080
Science           0.000   0.0001555.5441555.544  40.421   0.884  -0.544  -0.800
Doctors           0.000   0.000642293.80724339318.32011326.016 387.476   7.449   0.136
Nurses            0.000   0.000   0.355  -0.396   0.521  -0.423   0.161  -0.326
Therapists        0.000   0.000  10.362  17.485   4.901  -0.749  -0.331  -0.800
Professors        0.000   0.0001291.086  62.000  -0.693   0.158  -0.800  -0.800
Teachers          0.000   0.000   1.561   0.272  -0.514  -0.733  -0.800  -0.800
Librarians        0.000   0.000  -0.8001069.213 198.751 189.6881231.558 753.472
Soc.Scientists    0.000   0.000 291.8827916.832  -0.523  -0.800  -0.800  -0.800
SocialWork        0.000   0.000  10.079   1.593  -0.800  -0.800  -0.800  -0.800
Lawyers           0.000   0.000112783.4962320.185  -0.752  -0.800  -0.800  -0.800
Arts/Athletes     0.000   0.000 729.905  10.808  -0.763  -0.800  -0.800  -0.800
HealthTechs       0.000   0.000  -0.519  -0.637   1.408   3.045   6.064   1.120
Eng.Techs         0.000   0.00020868.91920868.919  26.768 244.312  40.964  21.037
ScienceTechs      0.000   0.00050390.6482029.814   8.451  18.038   3.490  -0.562
OtherTechs        0.000   0.0001104.1061104.106  -0.309  -0.779  -0.800  -0.726
Sales             0.000   0.00011851.551  96.753  20.398   3.123  -0.520  -0.800
Secretaries       0.000   0.000  -0.800  -0.800  -0.800  -0.800  59.361 375.178
Info.Clerks       0.000   0.000  99.832   0.362  -0.800  -0.800  -0.800  -0.618
Records           0.000   0.000  35.629  -0.405  -0.800  -0.800  -0.492   1.969
FinancialClerk    0.000   0.000  29.191  -0.629  -0.800  -0.800  -0.800   0.071
OfficeMachine     0.000   0.000   9.527  -0.800  -0.493   4.963  -0.566  11.282
ComputerTech      0.000   0.000   0.253   4.022  -0.623   0.119   0.017  -0.433
Mail              0.000   0.000  77.056  -0.649  -0.606  -0.800  -0.694  -0.052
Clerks            0.000   0.000 365.2552826.818  40.565  44.114  29.707  12.842
Insurance         0.000   0.00016890.673  -0.800  -0.800  -0.800  -0.800  -0.688
Misc.Admin        0.000   0.000  44.575  -0.800  -0.800  -0.800  -0.691   0.513
PrivateHshld      0.000   0.000  -0.800  -0.800  17.414  15.555  40.974  28.292
Firefighting      0.000   0.000   1.525   1.525   1.525  -0.800  -0.726 560.910
Police            0.000   0.000  -0.321  -0.321  -0.800  -0.800  -0.800  -0.800
Guards            0.000   0.000  -0.800  -0.800  -0.800  -0.800  -0.800  -0.770
FoodPrep          0.000   0.000   0.239   0.805 105.530 633.3393930.3279082.227
HealthService     0.000   0.000  -0.800  -0.800   4.201   0.996   0.095   0.365
Cleaning          0.000   0.000  -0.800 118.579   1.574  -0.454   0.054  -0.494
PersonalService   0.000   0.000  -0.330 340.017 344.455 140.270  19.143  22.999
FarmMgrs          0.000   0.000 170.033  -0.800 228.5782022.8581064.305 105.752
FarmWork          0.000   0.000   0.123  -0.8002910.71110472.58797282.9612921310.649
Agriculture       0.000   0.000  23.635  23.635   9.074  -0.390  -0.799  -0.417
Forest            0.000   0.000  -0.800  -0.800442172.400934664.6382923.8692923.869
Mechanics         0.000   0.000  50.561  50.561  -0.800  -0.800  -0.800  -0.800
Elec.Repairer     0.000   0.0004981579.4474981579.447  26.886 109.014 267.66617992.710
Misc.Repairer     0.000   0.000  -0.592  -0.800  -0.800  31.833   0.206  22.429
Construction      0.000   0.000  -0.641 195.591  -0.800  -0.513  -0.800  -0.800
Extractive        0.000   0.000  -0.723  -0.723   8.755  22.693  11.679   0.665
Supervisor(P)     0.000   0.000  58.870  -0.800  -0.800  -0.587  -0.800  -0.555
MetalWork         0.000   0.000   3.504   3.504  -0.800   3.107  -0.639  -0.165
WoodWork          0.000   0.000  -0.730  -0.730  -0.800  -0.800  -0.402  -0.199
Textiles          0.000   0.000   0.959  -0.555  -0.800  -0.7671737.391190636.291
Other             0.000   0.0001700.6454098.266 300.762 101.590   0.968  -0.761
Food              0.000   0.000   2.790  -0.800  -0.529  -0.800  -0.706  -0.774
PlantOperator     0.000   0.000  -0.290  -0.290  -0.290 397.7124959.049  14.529
MetalMach.        0.000   0.000  -0.624  -0.624  -0.800  -0.161  -0.800   2.476
MetalProc.        0.000   0.000  19.142  19.142  -0.800   0.302  -0.800  -0.800
WoodMach.         0.000   0.000  29.214  29.214  -0.800   0.910  -0.800  -0.800
TextileMach.      0.000   0.000  -0.266  -0.266  -0.179   1.977  -0.800  -0.800
PrintMach.        0.000   0.000  -0.800  20.718  26.299  11.666 139.8813055.612
OtherMach.        0.000   0.000   0.330  -0.800  -0.800   0.652  -0.614  -0.564
Fabricators       0.000   0.000   2.748  -0.800  -0.800   0.097  -0.487  -0.364
Prod.Inspectors   0.000   0.000 519.377   2.132  -0.458  -0.116   0.235  40.739
MotorVehicle      0.000   0.000  -0.800  -0.800  -0.800  -0.800  -0.800  -0.800
OtherVehicle      0.000   0.000  -0.800   0.071  -0.800   1.378  -0.777   2.668
Freight           0.000   0.000  -0.800  -0.800  -0.800   0.418  -0.744  -0.548
 
Mean             0.000   0.00090129.876438484.5246947.77614239.4491701.31646970.182
Std Dev          0.000   0.000612132.4113025991.31654001.536114160.02811886.106357241.282
Mean(weighted)     NaN     NaN95151.610624187.4701080.6891364.309 449.89811216.158
Std Dev(wghtd)     NaN     NaN499916.9733719522.78916337.13934308.5035838.642174853.348
 
--------------------
    1/(1-TauW)      
--------------------
 
                   1960    1970    1980    1990    2000    2010
---------------------------------------------------------------
Home              1.000   1.000   1.000   1.000   1.000   1.000
Managers          3.463   2.289   2.046   1.859   1.950   1.770
MgmtRelated       2.576   2.035   1.633   1.528   1.536   1.581
Architects        1.987   1.987   1.987   2.365   2.546   2.621
Engineers         2.484   2.484   2.484   2.375   2.637   2.822
Math/CompSci      2.315   2.315   1.908   1.518   1.446   1.391
Science           2.132   2.132   2.550   2.243   2.499   2.023
Doctors           3.965   1.873   1.878   1.613   1.808   1.717
Nurses            1.032   0.857   0.674   0.610   0.583   0.583
Therapists        1.284   1.304   1.085   1.067   1.136   0.977
Professors        2.092   2.328   2.047   2.106   1.754   1.577
Teachers          1.102   1.107   1.088   1.012   0.983   0.976
Librarians        0.841   0.627   0.492   0.497   0.486   0.468
Soc.Scientists    1.795   2.521   2.354   1.986   1.705   1.560
SocialWork        1.281   1.176   1.046   0.829   0.788   0.783
Lawyers           3.314   2.222   4.110   3.150   2.437   2.362
Arts/Athletes     1.972   2.764   3.086   2.453   2.482   2.385
HealthTechs       0.927   0.735   0.592   0.584   0.602   0.608
Eng.Techs         2.786   2.786   2.376   1.996   1.804   1.937
ScienceTechs      3.050   2.191   1.645   1.617   1.504   1.483
OtherTechs        2.058   2.058   2.334   2.347   2.513   2.711
Sales             2.628   2.450   2.220   2.182   2.318   2.193
Secretaries       0.619   0.417   0.199   0.183   0.194   0.196
Info.Clerks       1.608   1.087   0.771   0.663   0.563   0.568
Records           1.449   1.614   0.706   0.621   0.596   0.583
FinancialClerk    1.420   1.348   0.773   0.592   0.514   0.558
OfficeMachine     1.274   1.177   0.796   0.718   0.551   0.495
ComputerTech      1.023   0.963   0.956   0.834   0.865   0.994
Mail              1.566   1.194   1.145   1.019   1.067   1.084
Clerks            1.837   1.505   1.215   1.060   1.090   1.001
Insurance         2.726   2.910   1.049   0.819   0.788   0.772
Misc.Admin        1.482   1.106   0.622   0.624   0.584   0.591
PrivateHshld      0.682   0.581   0.344   0.308   0.239   0.228
Firefighting      1.100   1.100   1.100   1.595   1.283   1.222
Police            0.961   0.961   0.896   0.704   0.774   0.875
Guards            0.563   0.658   0.839   0.738   0.672   0.688
FoodPrep          1.022   0.934   0.670   0.618   0.572   0.538
HealthService     0.527   0.393   0.326   0.342   0.281   0.292
Cleaning          0.356   0.362   0.564   0.773   0.779   0.836
PersonalService   0.960   0.690   0.476   0.442   0.449   0.464
FarmMgrs          1.698   1.843   2.038   1.848   2.498   1.618
FarmWork          1.012   0.727   0.512   0.531   0.560   0.624
Agriculture       1.391   1.391   1.269   1.919   1.940   1.866
Forest            0.249   0.249   0.319   0.325   0.349   0.454
Mechanics         1.501   1.501   1.101   1.175   1.251   1.256
Elec.Repairer     4.896   4.896   2.808   2.138   1.802   1.707
Misc.Repairer     0.912   0.911   1.072   0.834   0.897   0.816
Construction      0.900   1.723   1.127   1.152   1.355   1.304
Extractive        0.876   0.876   1.264   0.626   0.652   1.054
Supervisor(P)     1.524   1.366   1.168   1.502   1.274   1.297
MetalWork         1.168   1.168   1.014   0.785   0.876   0.979
WoodWork          0.874   0.874   1.477   1.489   1.297   1.520
Textiles          1.072   1.112   0.961   0.910   0.761   0.563
Other             2.152   1.319   1.366   1.310   0.864   0.744
Food              1.147   0.780   0.904   1.080   1.073   1.036
PlantOperator     0.965   0.965   0.965   0.821   0.879   1.205
MetalMach.        0.904   0.904   1.002   1.134   1.232   1.146
MetalProc.        1.362   1.362   1.119   1.018   1.013   0.863
WoodMach.         1.421   1.421   1.023   1.115   1.036   0.892
TextileMach.      0.969   0.969   1.346   1.200   1.315   1.114
PrintMach.        0.702   0.559   0.458   0.495   0.448   0.451
OtherMach.        1.030   0.904   0.848   0.844   0.892   0.875
Fabricators       1.146   0.917   0.886   0.828   0.802   0.784
Prod.Inspectors   1.904   1.926   1.512   1.539   1.471   1.527
MotorVehicle      0.709   1.022   0.951   1.044   0.835   0.711
OtherVehicle      0.687   1.007   0.954   0.770   0.785   0.902
Freight           0.838   0.861   0.922   0.886   0.889   0.852
 
Mean             1.511   1.400   1.261   1.178   1.156   1.129
Std Dev          0.883   0.789   0.740   0.645   0.651   0.618
Mean(weighted)   1.963   1.692   1.509   1.406   1.433   1.377
Std Dev(wghtd)   1.058   0.752   0.755   0.653   0.682   0.647
eta = 0.1030
 
----------------------
    (1+tauh)^eta      
----------------------
 
                   1940    1950    1960    1970    1980    1990    2000    2010
-------------------------------------------------------------------------------
Home              1.000   1.000   1.000   1.000   1.000   1.000   1.000   1.000
Managers          1.000   1.000   3.463   1.892   1.505   1.240   1.122   1.021
MgmtRelated       1.000   1.000   2.576   2.077   1.054   0.892   0.847   0.847
Architects        1.000   1.000   1.987   1.987   1.987   2.365   1.741   1.013
Engineers         1.000   1.000   2.484   2.484   2.484   1.767   1.193   1.193
Math/CompSci      1.000   1.000   2.315   2.315   1.213   1.330   1.443   1.463
Science           1.000   1.000   2.132   2.132   1.467   1.067   0.922   0.847
Doctors           1.000   1.000   3.965   5.765   2.616   1.848   1.246   1.013
Nurses            1.000   1.000   1.032   0.949   1.044   0.945   1.016   0.960
Therapists        1.000   1.000   1.284   1.350   1.201   0.867   0.959   0.847
Professors        1.000   1.000   2.092   1.532   0.885   1.015   0.847   0.847
Teachers          1.000   1.000   1.102   1.025   0.928   0.873   0.847   0.847
Librarians        1.000   1.000   0.847   2.051   1.726   1.717   2.081   1.979
Soc.Scientists    1.000   1.000   1.795   2.521   0.927   0.847   0.847   0.847
SocialWork        1.000   1.000   1.281   1.103   0.847   0.847   0.847   0.847
Lawyers           1.000   1.000   3.314   2.222   0.866   0.847   0.847   0.847
Arts/Athletes     1.000   1.000   1.972   1.290   0.862   0.847   0.847   0.847
HealthTechs       1.000   1.000   0.927   0.901   1.095   1.155   1.223   1.080
Eng.Techs         1.000   1.000   2.786   2.786   1.408   1.763   1.469   1.375
ScienceTechs      1.000   1.000   3.050   2.191   1.260   1.355   1.167   0.919
OtherTechs        1.000   1.000   2.058   2.058   0.963   0.856   0.847   0.875
Sales             1.000   1.000   2.628   1.603   1.371   1.157   0.927   0.847
Secretaries       1.000   1.000   0.847   0.847   0.847   0.847   1.526   1.842
Info.Clerks       1.000   1.000   1.608   1.032   0.847   0.847   0.847   0.906
Records           1.000   1.000   1.449   0.948   0.847   0.847   0.933   1.119
FinancialClerk    1.000   1.000   1.420   0.903   0.847   0.847   0.847   1.007
OfficeMachine     1.000   1.000   1.274   0.847   0.932   1.202   0.918   1.295
ComputerTech      1.000   1.000   1.023   1.181   0.904   1.012   1.002   0.943
Mail              1.000   1.000   1.566   0.898   0.908   0.847   0.885   0.994
Clerks            1.000   1.000   1.837   2.267   1.468   1.480   1.423   1.311
Insurance         1.000   1.000   2.726   0.847   0.847   0.847   0.847   0.887
Misc.Admin        1.000   1.000   1.482   0.847   0.847   0.847   0.886   1.044
PrivateHshld      1.000   1.000   0.847   0.847   1.350   1.335   1.469   1.416
Firefighting      1.000   1.000   1.100   1.100   1.100   0.847   0.875   1.920
Police            1.000   1.000   0.961   0.961   0.847   0.847   0.847   0.847
Guards            1.000   1.000   0.847   0.847   0.847   0.847   0.847   0.859
FoodPrep          1.000   1.000   1.022   1.063   1.617   1.944   2.346   2.557
HealthService     1.000   1.000   0.847   0.847   1.185   1.074   1.009   1.033
Cleaning          1.000   1.000   0.847   1.637   1.102   0.939   1.005   0.932
PersonalService   1.000   1.000   0.960   1.823   1.826   1.665   1.362   1.387
FarmMgrs          1.000   1.000   1.698   0.847   1.751   2.190   2.050   1.618
FarmWork          1.000   1.000   1.012   0.847   2.274   2.595   3.264   4.634
Agriculture       1.000   1.000   1.391   1.391   1.269   0.950   0.848   0.946
Forest            1.000   1.000   0.847   0.847   3.815   4.121   2.275   2.275
Mechanics         1.000   1.000   1.501   1.501   0.847   0.847   0.847   0.847
Elec.Repairer     1.000   1.000   4.896   4.896   1.409   1.623   1.779   2.743
Misc.Repairer     1.000   1.000   0.912   0.847   0.847   1.433   1.019   1.384
Construction      1.000   1.000   0.900   1.723   0.847   0.929   0.847   0.847
Extractive        1.000   1.000   0.876   0.876   1.264   1.385   1.299   1.054
Supervisor(P)     1.000   1.000   1.524   0.847   0.847   0.913   0.847   0.920
MetalWork         1.000   1.000   1.168   1.168   0.847   1.157   0.900   0.982
WoodWork          1.000   1.000   0.874   0.874   0.847   0.847   0.948   0.977
Textiles          1.000   1.000   1.072   0.920   0.847   0.861   2.156   3.498
Other             1.000   1.000   2.152   2.356   1.801   1.611   1.072   0.863
Food              1.000   1.000   1.147   0.847   0.925   0.847   0.881   0.858
PlantOperator     1.000   1.000   0.965   0.965   0.965   1.853   2.402   1.326
MetalMach.        1.000   1.000   0.904   0.904   0.847   0.982   0.847   1.137
MetalProc.        1.000   1.000   1.362   1.362   0.847   1.028   0.847   0.847
WoodMach.         1.000   1.000   1.421   1.421   0.847   1.069   0.847   0.847
TextileMach.      1.000   1.000   0.969   0.969   0.980   1.119   0.847   0.847
PrintMach.        1.000   1.000   0.847   1.373   1.406   1.299   1.665   2.285
OtherMach.        1.000   1.000   1.030   0.847   0.847   1.053   0.907   0.918
Fabricators       1.000   1.000   1.146   0.847   0.847   1.010   0.933   0.954
Prod.Inspectors   1.000   1.000   1.904   1.125   0.939   0.987   1.022   1.469
MotorVehicle      1.000   1.000   0.847   0.847   0.847   0.847   0.847   0.847
OtherVehicle      1.000   1.000   0.847   1.007   0.847   1.093   0.857   1.143
Freight           1.000   1.000   0.847   0.847   0.847   1.037   0.869   0.921
 
Mean             1.000   1.000   1.549   1.437   1.185   1.215   1.166   1.234
Std Dev          0.000   0.000   0.844   0.881   0.527   0.543   0.493   0.667
Mean(weighted)     NaN     NaN   1.986   1.599   1.203   1.135   1.056   1.069
Std Dev(wghtd)     NaN     NaN   1.031   0.898   0.439   0.340   0.329   0.424
 
--------------------------------------------------
    z -- preference shock by Cohort of birth      
--------------------------------------------------
 
                   1940    1950    1960    1970    1980    1990    2000    2010
-------------------------------------------------------------------------------
Home              0.000   0.000   1.000   1.000   1.000   1.000   1.000   1.000
Managers          0.000   0.000   0.781   0.635   0.666   0.638   0.838   0.750
MgmtRelated       0.000   0.000   0.649   0.698   0.709   0.684   0.895   0.796
Architects        0.000   0.000   0.578   0.578   0.578   0.613   0.862   0.533
Engineers         0.000   0.000   0.619   0.619   0.619   0.537   0.724   0.623
Math/CompSci      0.000   0.000   0.618   0.618   0.644   0.596   0.778   0.699
Science           0.000   0.000   0.721   0.721   0.814   0.700   1.067   0.921
Doctors           0.000   0.000   1.608   1.266   0.871   0.757   1.062   0.882
Nurses            0.000   0.000   1.045   0.931   0.890   0.673   0.843   0.772
Therapists        0.000   0.000   0.769   0.920   0.788   0.679   0.969   0.873
Professors        0.000   0.000   1.573   1.340   1.316   1.553   1.712   1.656
Teachers          0.000   0.000   0.952   0.946   1.003   0.931   1.277   1.124
Librarians        0.000   0.000   1.129   1.237   1.003   1.069   1.313   1.242
Soc.Scientists    0.000   0.000   0.919   0.789   0.904   0.848   1.095   0.831
SocialWork        0.000   0.000   0.856   0.900   0.897   0.812   1.082   0.977
Lawyers           0.000   0.000   1.160   0.516   0.856   0.757   1.015   0.857
Arts/Athletes     0.000   0.000   0.620   0.614   0.747   0.660   0.910   0.837
HealthTechs       0.000   0.000   0.772   0.844   0.804   0.710   0.945   0.772
Eng.Techs         0.000   0.000   0.618   0.618   0.619   0.616   0.782   0.708
ScienceTechs      0.000   0.000   0.615   0.763   0.637   0.613   0.843   0.690
OtherTechs        0.000   0.000   0.548   0.548   0.689   0.620   0.811   0.744
Sales             0.000   0.000   0.877   0.836   0.816   0.779   1.035   1.034
Secretaries       0.000   0.000   0.654   0.686   0.753   0.708   0.961   0.931
Info.Clerks       0.000   0.000   0.783   0.700   0.809   0.782   1.047   0.970
Records           0.000   0.000   0.802   0.824   0.707   0.735   1.001   0.950
FinancialClerk    0.000   0.000   0.610   0.684   0.743   0.696   0.924   0.859
OfficeMachine     0.000   0.000   0.607   0.636   0.722   0.759   0.776   0.867
ComputerTech      0.000   0.000   0.654   0.724   0.654   0.665   0.978   0.866
Mail              0.000   0.000   0.484   0.568   0.505   0.523   0.814   0.697
Clerks            0.000   0.000   0.661   0.698   0.632   0.652   0.901   0.861
Insurance         0.000   0.000   0.798   0.737   0.723   0.699   0.939   0.893
Misc.Admin        0.000   0.000   0.673   0.714   0.766   0.771   1.037   0.945
PrivateHshld      0.000   0.000   0.945   1.080   0.870   0.880   1.155   1.023
Firefighting      0.000   0.000   0.485   0.485   0.485   0.591   0.760   0.631
Police            0.000   0.000   0.546   0.546   0.614   0.526   0.778   0.691
Guards            0.000   0.000   0.628   0.803   0.701   0.664   0.986   0.923
FoodPrep          0.000   0.000   0.929   0.920   0.905   0.904   1.154   1.138
HealthService     0.000   0.000   0.739   0.867   0.883   0.862   1.101   1.035
Cleaning          0.000   0.000   0.666   0.871   0.757   0.801   1.018   0.979
PersonalService   0.000   0.000   1.199   0.970   0.889   0.845   1.100   1.089
FarmMgrs          0.000   0.000   2.250   0.925   1.269   0.929   0.972   1.014
FarmWork          0.000   0.000   1.273   0.939   0.778   0.783   1.031   0.813
Agriculture       0.000   0.000   0.651   0.651   0.825   0.758   0.895   0.829
Forest            0.000   0.000   0.667   0.667   0.639   0.624   0.756   0.756
Mechanics         0.000   0.000   0.726   0.726   0.534   0.530   0.736   0.689
Elec.Repairer     0.000   0.000   0.782   0.782   0.529   0.499   0.673   0.684
Misc.Repairer     0.000   0.000   0.606   0.592   0.620   0.616   0.774   0.783
Construction      0.000   0.000   0.445   1.093   0.604   0.573   0.741   0.679
Extractive        0.000   0.000   0.557   0.557   0.806   0.509   0.646   0.783
Supervisor(P)     0.000   0.000   0.555   0.686   0.596   0.619   0.792   0.740
MetalWork         0.000   0.000   0.499   0.499   0.621   0.587   0.736   0.813
WoodWork          0.000   0.000   0.649   0.649   0.921   0.827   0.991   1.020
Textiles          0.000   0.000   0.627   0.736   0.681   0.716   1.158   0.682
Other             0.000   0.000   0.590   0.652   0.669   0.663   0.943   0.800
Food              0.000   0.000   0.959   0.859   0.721   0.770   1.006   0.893
PlantOperator     0.000   0.000   0.554   0.554   0.554   0.613   0.734   0.635
MetalMach.        0.000   0.000   0.562   0.562   0.593   0.675   0.889   1.001
MetalProc.        0.000   0.000   0.635   0.635   0.651   0.664   0.875   0.840
WoodMach.         0.000   0.000   0.748   0.748   0.683   0.733   0.842   0.739
TextileMach.      0.000   0.000   0.598   0.598   0.717   0.629   0.925   0.873
PrintMach.        0.000   0.000   0.841   0.728   0.709   0.761   0.972   0.962
OtherMach.        0.000   0.000   0.631   0.696   0.641   0.691   0.891   0.844
Fabricators       0.000   0.000   0.585   0.640   0.619   0.648   0.838   0.821
Prod.Inspectors   0.000   0.000   0.645   0.726   0.642   0.706   0.919   0.945
MotorVehicle      0.000   0.000   0.404   0.568   0.600   0.643   0.856   0.862
OtherVehicle      0.000   0.000   0.508   0.745   0.585   0.543   0.645   0.702
Freight           0.000   0.000   0.680   0.726   0.679   0.717   0.945   0.919
 
Mean             0.000   0.000   0.763   0.752   0.738   0.715   0.932   0.863
Std Dev          0.000   0.000   0.300   0.182   0.158   0.157   0.173   0.170
Mean(weighted)     NaN     NaN   0.764   0.753   0.727   0.696   0.917   0.854
Std Dev(wghtd)     NaN     NaN   0.280   0.173   0.139   0.128   0.155   0.154
                                                                               
                                                                               
        |                  AvgQuality -- Home: White Men                       
    10 +|+                                                                     
        |                                                                      
       #|####################################################*############     
     9 +|+#################################################**#############     
       #|################################################**###############     
       #|##############################################**#################     
     8 +|+###########################################**######&&&&&&&######     
       #|##########################################**######&&#######&&&&&&&&   
     7 +|+#######################%%##############**######&&###############     
       #|#####################%%%##############**#######&#################     
       *|&&###############%%%%##############***#######&&##################     
     6 +|+#&&&&&&&#####%%%###############***#########&####################     
       #|#####%%%%&&&&%################**##########&&#####################     
       %|%%%%%######################***##########&&#######################     
     5 +|+########################**############&#######################%%%%   
       #|########################################################%%%%%%%##     
       +|--------------------------------------------------------------------  
     4 +-+###########+############+#############+############+############ #   
     1960          1970         1980          1990         2000          2010  
                                                                               
                                                                               
                                                                               
                                                                               
         |                AvgQuality -- Home: White Women                      
      4 +|+                                                                    
         |                                                   **&&&&&&&&&&&&&   
        #|################################################***&############     
    3.5 +|+############################################***&&##############     
        #|###########################################**#&&################     
        #|########################################***##&################%%%%   
      3 +|+####################################***###&&###########%%%%%%##     
        #|###################################**####&&#########%%%%######## #   
    2.5 +|+###############################***####&&#######################     
        #|#############################***######&#########################     
        #|#######################%%%#**###################################     
      2 +|+#################%%%%%##**#####################################     
        #|##############%%%%##############################################     
        &|&&&&&%%%%%%%%%##################################################     
    1.5 +|+####&&&&&&&####################################################     
        *|################################################################     
        +|-------------------------------------------------------------------  
      1 +-+##########+#############+############+#############+########### +   
      1960         1970          1980         1990          2000         2010  
                                                                               
                                                                               
                                                                               
                                                                               
       |                  AvgQuality -- Home: Black Men                        
    7 +|+                                                                      
       |                                                                       
      #|##################################################################     
    6 +|+#################################################################     
      #|##################################################################     
      #|##################################################################     
      #|####################################################**############     
    5 +|+###############################################****##############     
      #|#########################%%##################***##################     
      #|#####################%%%%################****#######&&&&&&&&######     
    4 +|+#################%%%#################***#########&&########&&&&&&&&   
      #|##############%%%%#################***##########&&################     
      &|&&&&&%%%%%%%%%#################****##########&&&##################     
      *|#####&&&&&&&&###############***############&&###################%%%%   
    3 +|+#########################**#############&&##############%%%%%%%##     
      #|#######################################&&############%%%%######### #   
      +|---------------------------------------------------------------------  
    2 +-+###########+#############+############+#############+############ +   
    1960          1970          1980         1990          2000          2010  
                                                                               
                                                                               
                                                                               
                                                                               
         |                AvgQuality -- Home: Black Women                      
    4.5 +|+                                                                    
         |                                                   **                
      4 +|+###############################################***#############     
        #|#############################################***###&&&&&&&&#####     
        #|###########################################**####&&########&&&&&&&   
    3.5 +|+#######################################***####&&###############     
        #|#####################################***#####&&#################     
      3 +|+##################################**######&&#################%%%%   
        #|################################***######&&#############%%%%%%## #   
        #|#############################***#######&&###########%%%%########     
    2.5 +|+##########################**#########&#########################     
        #|#########################**#####################################     
      2 +|+#####################%%%%######################################     
        #|###############%%%%%%%##########################################     
        %|%%%%%%%%%%%%%%%#################################################     
    1.5 &|&&&&&###########################################################     
        +|-------------------------------------------------------------------  
      1 *-+##########+#############+############+#############+########### +   
      1960         1970          1980         1990          2000         2010  
                                                                               
                                                                               
                                                                               
                                                                               
        |                AvgQuality -- Doctors: White Men                      
    60 +|+                                                                     
        |                                                                      
       #|#################################################################     
    50 +|+##############################################################&&&&   
       #|###################################################**###&&&&&&&## %   
       #|#################################################**#&&&&########%%    
       #|###############################################**#&&###########%#     
    40 +|+############################################**##&###########%%##     
       #|###########################################**##&&##########%%####     
       *|#########################################**###&###########%######     
    30 &|&&&&&&&&&&&&&%%%%%%###################***####&##########%%#######     
       #|#######%%%%########%%%%%%%#########***#####&&##########%#########     
       #|####%%%#########################***#######&##########%%##########     
       #|%%%%##########################**########&&##########%############ #   
    20 %|+##########################***#########&#########################     
       #|#########################**######################################     
       +|--------------------------------------------------------------------  
    10 +-+###########+############+#############+############+############ +   
     1960          1970         1980          1990         2000          2010  
                                                                               
                                                                               
                                                                               
                                                                               
        |               AvgQuality -- Doctors: White Women                     
    70 +|+                                                                     
        |                                                                      
       #|#################################################################     
    60 *|+################################################################     
       #|#################################################################     
       #|######################%%%%#######################****############     
       &|&&##############%%%%%%#####################******###&&&&#########     
    50 +|+#&&&&&&&##%%%%%######################*****#######&&####&&&&&&&##     
       #|#########&&&&#######################**##########&&#############&&&&   
       #|#######%%#########################**##########&&#################%%   
    40 +|+####%%#########################**##########&&################%%%     
       #|###%%#########################**##########&&###############%%%###     
       #|#%%#########################**##########&&###############%%######     
       #|%#########################**###########&##############%%%########     
    30 %|+########################*##########################%%###########     
       #|#################################################################     
       +|--------------------------------------------------------------------  
    20 +-+###########+############+#############+############+############ +   
     1960          1970         1980          1990         2000          2010  
                                                                               
                                                                               
                                                                               
                                                                               
        |                AvgQuality -- Doctors: Black Men                      
    50 +|+                                                                     
        |                                                                  %   
       #|####################################################*######&&&&&&&&   
       #|##################################################**&&&&&&&#####%     
    40 &|&&&&&###########################################**#&##########%%#     
       #|#####&&&&&&&&#################################**##&##########%###     
       *|############################################**##&&##########%####     
       #|##########################################**###&###########%#####     
    30 +|+#########%%%%%%%%%#####################**####&###########%######     
       #|#####%%%%%#########%%%%%%%############**#####&###########%#######     
       #|#%%%%###############################**######&##########%%########     
       %|%#################################**######&&##########%##########     
       #|###############################***#######&###########%########### #   
    20 +|+############################**#########&###########%############     
       #|###########################**##########&#########################     
       #|#########################**######################################     
       +|--------------------------------------------------------------------  
    10 +-+###########+############+#############+############+############ +   
     1960          1970         1980          1990         2000          2010  
                                                                               
                                                                               
                                                                               
                                                                               
        |               AvgQuality -- Doctors: Black Women                     
    70 +|+                                                                     
        |                                                                 &&   
    60 +|+############################################################&&&&     
       #|##########################################################&&&#### %   
       #|###################################################**#&&&&######%%    
    50 +|+################################################**#&&########%%#     
       #|###############################################**#&&########%%###     
    40 +|+############################################**#&&#########%#####     
       #|###########################################**#&&#########%%######     
       #|#########################################**#&&#########%%########     
    30 +|+#########%%%%%######################****#&&#########%%########## #   
       *|#####%%%%%#####%%%%#############*****###&&##########%############     
    20 +|+%%%%#####&&&######%%%%#####****#######&#########################     
       %|%####&&&&&#############%%%**#####################################     
       #|#&&&&############################################################     
    10 &|&################################################################     
       +|--------------------------------------------------------------------  
     0 +-+###########+############+#############+############+############ +   
     1960          1970         1980          1990         2000          2010  
                                                                               
                                                                               
                                                                               
                                                                               
        |                AvgQuality -- Teachers: White Men                     
    20 +|+                                                                     
        |                                       #                              
    18 +|+################################################################     
       #|#################################################################     
       #|#######################################****######################     
    16 +|+#####################################*####******################     
       #|####################################**###########****############     
    14 +|+##################################*#############################     
       #|##################################*##############################     
       *|################################**############&&&&&&&&&&&&&&&&&&&&&   
    12 &|&&#############################*#######&&&&&&&#################%%%%   
       #|##&&&&&&&##########%%%%%%%####*#########################%%%%%%%##     
    10 +|+####%%%%&&&&%%%%%%##########*######################%%%%#########     
       %|%%%%%######################**#################################### #   
       #|##########################*######################################     
     8 +|+########################*#######################################     
       +|--------------------------------------------------------------------  
     6 +-+###########+############+#############+############+############ +   
     1960          1970         1980          1990         2000          2010  
                                                                               
                                                                               
                                                                               
                                                                               
        |               AvgQuality -- Teachers: White Women                    
    12 +|+                                                                     
        |                                       #                              
    11 +|+################################################################     
       #|#################################################################     
       *|#######################################**########################     
    10 +|+####################################**##***#####################     
       #|####################################*#######****#################     
     9 &|+##################################*############***##############     
       %|&&&&#############################**################**############     
       #|%%%%&&&#########################*######&&&&######################     
     8 +|+###%%%&&&&###########%%%%####**###########&&&&&&################     
       #|#######%%%%&&###%%%%%%#######*###################&&&&&&&&&&######     
     7 +|+##########%%%%%############*##############################&&&&&&&&   
       #|##########################**########################%%%%%%%%%%%%%%%   
       #|#########################*#######################################     
     6 +|+################################################################ #   
       +|--------------------------------------------------------------------  
     5 +-+###########+############+#############+############+############ +   
     1960          1970         1980          1990         2000          2010  
                                                                               
                                                                               
                                                                               
                                                                               
        |                AvgQuality -- Teachers: Black Men                     
    20 +|+                                                                     
        |                                       #                              
       #|#################################################################     
    18 +|+################################################################     
       #|#################################################################     
       #|#######################################***#######################     
    16 +|+#####################################*###****###################     
       #|####################################**########****###############     
    14 +|+##################################*##############***############     
       #|##################################*########################&&&&&&&&   
       #|################################**#####&&&&&&&&&&&&&&&&&&&&######     
    12 *|+##############################*###############################%%%%   
       &|&#####################%%%%####*#########################%%%%%%%##     
       #|#&&&&###########%%%%%%#######*######################%%%%#########     
    10 +|+####&&&&&%%%%%%###########**#################################### #   
       #|##%%%%%%%#&&&#############*######################################     
       %|--------------------------------------------------------------------  
     8 +-+###########+############+#############+############+############ +   
     1960          1970         1980          1990         2000          2010  
                                                                               
                                                                               
                                                                               
                                                                               
        |               AvgQuality -- Teachers: Black Women                    
    14 +|+                                      #                              
        |                                      #                               
       #|#################################################################     
       #|#######################################**########################     
    12 +|+#####################################*##***#####################     
       #|#####################################*######****#################     
       #|####################################*###########***##############     
       #|###################################*###############**############     
    10 +|+#################################*##############################     
       #|################################**###############################     
       #|###############################*#######&&&&######################     
       &|##############################*############&&&&&&################     
       #|&&&&##################%%%%###*###################&&&&&&&&&&&&&&&&&&   
     8 +|+###&&&#########%%%%%%######*###########################%%%%%%%##     
       %|%%%%%%%&&&&%%%%%###########*########################%%%%#########     
       *|###########&&#############*###################################### #   
       +|--------------------------------------------------------------------  
     6 +-+###########+############+#############+############+############ +   
     1960          1970         1980          1990         2000          2010  
                                                                               
                                                                               
                                                                               
                                                                               
        |                AvgQuality -- Lawyers: White Men                      
    35 +|+                                                                     
        |                                                                &&&   
       *|###################################################**######&&&&&#     
    30 +|+################################################**####&&&&######     
       #|###############################################**###&&&##########     
       #|#############################################**###&&#############%%   
       &|&&&&&&&&&&&&&%%%###########################**####&#############%%     
    25 +|+######%%%%#####%%%%%%###################**####&&############%%##     
       #|####%%%###############%%%%############***#####&############%%####     
       #|%%%%################################**#######&###########%%######     
    20 %|+#################################**#######&&##########%%########     
       #|################################**########&##########%%########## #   
       #|##############################**########&&##########%############     
       #|############################**#########&#########################     
    15 +|+#########################**#####################################     
       #|#########################*#######################################     
       +|--------------------------------------------------------------------  
    10 +-+###########+############+#############+############+############ +   
     1960          1970         1980          1990         2000          2010  
                                                                               
                                                                               
                                                                               
                                                                               
        |               AvgQuality -- Lawyers: White Women                     
    45 +|+                                                                     
       *|                                                                      
       #|#################################################################     
    40 +|+################################################################     
       &|&&&&&&&&&&&&&%%%%%%##############################################     
       %|%%%%%##############%%%%%%%#######################################     
       #|#################################################################     
    35 +|+################################################****######&&&&&&&&   
       #|###########################################******##&&&&&&&&######%%   
       #|#########################*********####*****######&&############%%     
    30 +|+##############################################&&############%%##     
       #|#############################################&&############%%####     
       #|###########################################&&############%%######     
       #|#########################################&&############%%########     
    25 +|+######################################&&############%%##########     
       #|####################################################%############ #   
       +|--------------------------------------------------------------------  
    20 +-+###########+############+#############+############+############ +   
     1960          1970         1980          1990         2000          2010  
                                                                               
                                                                               
                                                                               
                                                                               
        |                AvgQuality -- Lawyers: Black Men                      
    50 +|+                                                                     
        |                                                                      
       *|#################################################################     
       #|#################################################################     
    40 +|+################################################################     
       #|#################################################################     
       #|#################################################################     
       #|#################################################################     
    30 +|+##########%%####################################################     
       #|#######%%%%##%%##################################################     
       &|&###%%%########%%################################################     
       #|%&&&&############%%###############################***############     
       %|#####&&&&&#########%%#########################****##############%%%   
    20 +|+#########&&&########%%###################****####&&&&&&&&&&&&&&&&&   
       #|#######################%%###############**####&&&&#####%%%%######     
       #|#########################%##########*#####&&&&######%%%########## #   
       +|--------------------------------------------------------------------  
    10 +-+###########+############***###########+############+############ +   
     1960          1970         1980          1990         2000          2010  
                                                                               
                                                                               
                                                                               
                                                                               
        |               AvgQuality -- Lawyers: Black Women                     
    60 +|+           ##                                                        
        |              ##                                                      
       #|#################################################################     
    50 +|+################################################################     
       #|################################****####***######################     
       #|#########################****##############******##############&&&&   
    40 +|+######################%%%#######################****###&&&&&&&%%%%   
       #|###################%%%%################&&&&&&&&&&&&&&&&&%%%%%%%##     
    30 %|%%%%%##########%%%%#################################%%%%######### #   
       #|#####%%%%%%%%%%##################################################     
       #|#################################################################     
    20 +|+##########&&####################################################     
       #|#########&&######################################################     
       #|#######&&########################################################     
    10 +|+###&&&##########################################################     
       #|##&&#############################################################     
       +|--------------------------------------------------------------------  
     0 *&+###########+############+#############+############+############ +   
     1960          1970         1980          1990         2000          2010  
                                                                               
                                                                               
                                                                               
                                                                               
        |              AvgQuality -- Secretaries: White Men                    
    80 +|+                                    ###                              
        |                                #####                                 
       #|#########################%#######################################     
    70 +|+######################%%#############***########################     
       #|#####################%%#############**###**######################     
       #|####################%#############**#######**####################     
    60 +|+#################%%###########***###########**##################     
       #|#################%###########**################**################     
    50 &|&&&&&&&&&&&&&##%%##########**####################**##############     
       #|#############%%##########**############&&&&&&&#####**############     
       *|##########%%%#################################&&&&&&&&&&&&&&&&&&&&&   
    40 +|+####%%%%%#################################################%%%%%%%%   
       #|#%%%%###############################################%%%%%%%######     
       %|%################################################################     
    30 +|+################################################################ #   
       #|#################################################################     
       +|--------------------------------------------------------------------  
    20 +-+###########+############+#############+############+############ +   
     1960          1970         1980          1990         2000          2010  
                                                                               
                                                                               
                                                                               
                                                                               
       |             AvgQuality -- Secretaries: White Women                    
    9 +|+                                                                      
      *|                                                                       
      #|&&&&##############################################################     
    8 %|%###&&&###########################################################     
      #|#%%%%##&&&&#######################################################     
      #|#####%%%%%#&&#########################***#########################     
      #|##########%%%%%%####################**#&&***######################     
    7 +|+###############%%%%%%%##########***#####&&&**####################     
      #|#######################%%%%###***###########&&***#################     
      #|############################**################&&&***##############     
    6 +|+#########################**#####################&&&**######&&&&&&&&   
      #|####################################################&&&&&&&&####%%%%   
      #|#########################################################%%%%%%%##     
      #|#####################################################%%%%#########     
    5 +|+################################################################# #   
      #|##################################################################     
      +|---------------------------------------------------------------------  
    4 +-+###########+#############+############+#############+############ +   
    1960          1970          1980         1990          2000          2010  
                                                                               
                                                                               
                                                                               
                                                                               
        |              AvgQuality -- Secretaries: Black Men                    
    60 +|+                                                                     
        |                         #######                                      
       #|#################################################################     
       #|#################################################################     
    50 +|+########################%#######################################     
       #|#######################%%############***#########################     
       #|#####################%%#########*****###**#######################     
       #|####################%#######****##########**#####################     
    40 *|+#################%%#####***################**###################     
       #|#################%############################**#################     
       #|###############%%######################&&&&#####**#############&&&&   
       #|#############%%############################&&&&&&#**####&&&&&&&##     
       &|&&&&&%%%%%%%%####################################&&&*&&&#########     
    30 %|%%%%%&&&&&&&&####################################################     
       #|####################################################%%%%%%%%%%%%%%%   
       #|################################################################# #   
       +|--------------------------------------------------------------------  
    20 +-+###########+############+#############+############+############ +   
     1960          1970         1980          1990         2000          2010  
                                                                               
                                                                               
                                                                               
                                                                               
        |             AvgQuality -- Secretaries: Black Women                   
    16 +|+                                                                     
        |                                                                      
       *|#################################################################     
    14 &|+################################################################     
       %|&&&##############################################################     
       #|%%%&&############################################################     
    12 +|+##%%&&&#########################################################     
       #|#####%%%&&&######################################################     
    10 +|+#######%%%&&####################################################     
       #|###########%%%%##################################################     
       #|###############%%%%##############################################     
     8 +|+##################%%%%#################**#######################     
       #|#######################%%%#############&&&****###################     
       #|###########################################&&&****###############     
     6 +|+################################################&***&&&&&&&&&&&&&&   
       #|####################################################%%%%%%%######     
       +|--------------------------------------------------------------------  
     4 +-+###########+############+#############+############+############ +   
     1960          1970         1980          1990         2000          2010  
                                                                               
                                                                               
                                                                               
                                                                               
         |           AvgQuality rel to WM -- Home: White Women                 
    0.7 +|+                                                                    
         |                                                                     
        #|################################################################ #   
    0.6 +|+###################################################%%%%%%%%%%%%%%   
        #|################################################################     
        #|################################################################     
        #|################################################################     
    0.5 +|+#####################################&&&&&&&&&&&&&&&&&&&&&&&&&&&&   
        #|################################################################     
        #|################################################################     
    0.4 +|+########################****************************###########     
        #|################################################################     
        #|################################################################     
        #|################################################################     
    0.3 %|%%%%%%%%%%%%%%%%%%%%%%%%%%######################################     
        &|&&&&&&&&&&&&####################################################     
        *|-------------------------------------------------------------------  
    0.2 +-+##########+#############+############+#############+########### +   
      1960         1970          1980         1990          2000         2010  
                                                                               
                                                                               
                                                                               
                                                                               
          |            AvgQuality rel to WM -- Home: Black Men                 
    0.75 +|+                                                                   
          |                                                                    
         #|###############################################################     
     0.7 +|+##############################################################     
         #|###############################################################     
         #|###############################################################     
    0.65 +|+##############################################################     
         %|%%%%%%%%%%%%%%%%%%%%%%%%%###################################### #   
         #|###############################################################     
     0.6 +|+#######################****************************%%%%%%%%%%%%%   
         #|###############################################################     
    0.55 &|&&&&&&&&&&&&###################################################     
         #|######################################&&&&&&&&&&&&&&&&&&&&&&&&&&&   
         #|###############################################################     
     0.5 +|+##############################################################     
         *|###############################################################     
         +|------------------------------------------------------------------  
    0.45 +-+##########+############+#############+############+########### +   
       1960         1970         1980          1990         2000         2010  
                                                                               
                                                                               
                                                                               
                                                                               
         |           AvgQuality rel to WM -- Home: Black Women                 
    0.7 +|+                                                                #   
         |                                                                     
        #|################################################################     
    0.6 +|+###################################################%%%%%%%%%%%%%%   
        #|################################################################     
        #|################################################################     
    0.5 +|+#####################################&&&&&&&&&&&&&&&&&&&&&&&&&&&&   
        #|#########################****************************###########     
    0.4 +|+###############################################################     
        #|################################################################     
        #|################################################################     
    0.3 +|+###############################################################     
        %|%%%%%%%%%%%%%%%%%%%%%%%%%%######################################     
        #|################################################################     
    0.2 &|&&&&&&&&&&&&####################################################     
        *|################################################################     
        +|-------------------------------------------------------------------  
    0.1 +-+##########+#############+############+#############+########### +   
      1960         1970          1980         1990          2000         2010  
                                                                               
                                                                               
                                                                               
                                                                               
         |         AvgQuality rel to WM -- Doctors: White Women                
    2.2 +|+                                                                    
         |                        %%                                           
      2 +|+#####################%%########################################     
        #|####################%%##########################################     
        *|#################%%%#######*####################################     
    1.8 +|+##############%%############***################################     
        #|#############%%#################****##&&########################     
    1.6 &|&&###%%%%%%%%#######################****&&######################     
        %|%%&&&&&&################################***&####################     
        #|########&&&&###############################**&&#################     
    1.4 +|+############################################***&###%%##########     
        #|################################################***###%%########     
    1.2 +|+##################################################**&##%%%#####     
        #|######################################################&&&##%%%##     
        #|#########################################################&&&&#%% #   
      1 +|+############################################################&&&%%   
        +|-------------------------------------------------------------------  
    0.8 +-+##########+#############+############+#############+########### +   
      1960         1970          1980         1990          2000         2010  
                                                                               
                                                                               
                                                                               
                                                                               
         |          AvgQuality rel to WM -- Doctors: Black Men                 
    1.3 +|+                                                                    
        &|&&                                                                   
        #|%%&&&&&&########################################################     
    1.2 +|+#%%####&&&&####################################################     
        #|####%%##########################################################     
        #|######%%########################################################     
        *|########%%########%%%%%%%%######################################     
    1.1 +|+#########%%%%%%%%##############################################     
        #|################################################################     
        #|################################################################     
      1 +|+#####################################&&&&&&&##############%%%%%%%   
        #|#############################################********&%%%%%#####     
        #|################################*************#########&&&#######     
        #|#########################***#############################&&&&### #   
    0.9 +|+############################################################&&&     
        #|################################################################&&   
        +|-------------------------------------------------------------------  
    0.8 +-+##########+#############+############+#############+########### +   
      1960         1970          1980         1990          2000         2010  
                                                                               
                                                                               
                                                                               
                                                                               
         |         AvgQuality rel to WM -- Doctors: Black Women                
    1.4 +|+                                                                    
         |                                                                     
        #|##############################################################&&&&   
    1.2 +|+########################***########################%%%%&&&&&&%%%%   
        #|############################****######&&&&&&&&&&&****&&&########     
        #|################################***#######*******###############     
      1 +|+####%%%%%%%%#######################******######################     
        %|%%%%%########%%%################################################     
    0.8 +|+###############%%##############################################     
        *|##################%%%###########################################     
        #|##########&&#########%%%########################################     
    0.6 +|+#######&&##############%%######################################     
        #|######&&########################################################     
        #|####&&##########################################################     
    0.4 +|+#&&############################################################     
        #|&&##############################################################     
        &|-------------------------------------------------------------------  
    0.2 +-+##########+#############+############+#############+########### +   
      1960         1970          1980         1990          2000         2010  
                                                                               
                                                                               
                                                                               
                                                                               
         |         AvgQuality rel to WM -- Teachers: White Women               
      1 +|+                                                                    
         |                                                                     
        #|################################################################     
    0.9 %|+###############################################################     
        #|%%##############################################################     
        #|##%%############################################################     
        *|####%%##########################################################     
    0.8 +|+#####%%#################**#####################################     
        &|&&&&&###%%#################**###################################     
        #|#####&&&&&&&%%%%%%###########***################################     
    0.7 +|+#################%%%%%%%%######***###&&########################     
        #|###################################**###&&&&########%%%#########     
        #|#####################################*****##&&&########%%%%##### #   
        #|##########################################*******&&########%%%%#     
    0.6 +|+################################################****&&&&&&####%%%   
        #|###########################################################&&&&&&&   
        +|-------------------------------------------------------------------  
    0.5 +-+##########+#############+############+#############+########### +   
      1960         1970          1980         1990          2000         2010  
                                                                               
                                                                               
                                                                               
                                                                               
          |          AvgQuality rel to WM -- Teachers: Black Men               
    1.15 +|+                                                                   
          |                                                                    
         #|###############################################################     
     1.1 +|+#######################**##################################### #   
         #|##########################**#######################%%%#########     
         #|############################**########################%%%%#####     
         #|##############################***#####&&&#################%%%%&&&   
    1.05 +|+####################%%%%########**######&&&&#############&&&&%%%   
         #|###############%%%%%%########################&&&&#####&&&&#####     
         #|##########%%%%%########################*#########&&&&&#########     
       1 +|+#######%%##############################***####################     
         *|#####%%%###################################****################     
         &|##%%%##########################################***#############     
         #|&&&###############################################**###########     
    0.95 %|+##&&&&########################################################     
         #|#######&&&#####################################################     
         +|------------------------------------------------------------------  
     0.9 +-+##########+############+#############+############+########### +   
       1960         1970         1980          1990         2000         2010  
                                                                               
                                                                               
                                                                               
                                                                               
          |         AvgQuality rel to WM -- Teachers: Black Women              
    0.85 +|+                       **                                          
          |           ##             ***                                       
         #|#############################**################################     
     0.8 +|+##############################***#############################     
         %|%#################################***#&&####################### #   
         #|#%%%%################################****&#########%%%#########     
    0.75 &|&####%%%%#########%%%%%%%################****#########%%%%#####     
         #|#&&&&####%%%%%%%%%###########################****#########%%%%#     
         #|#####&&&&#######################################&***##########%%%   
     0.7 +|+########&&&######################################&&&&&########     
         #|#######################################################&&&&&&##     
    0.65 +|+############################################################&&&&   
         #|###############################################################     
         #|###############################################################     
     0.6 +|+##############################################################     
         #|###############################################################     
         +|------------------------------------------------------------------  
    0.55 *-+##########+############+#############+############+########### +   
       1960         1970         1980          1990         2000         2010  
                                                                               
                                                                               
                                                                               
                                                                               
         |         AvgQuality rel to WM -- Lawyers: White Women                
         |                                                                     
    2.5 +|+                                                                    
        #|#########################*######################################     
        #|##########################*#####################################     
        #|###########################*####################################     
        #|############################**##################################     
      2 +|+#############################*#################################     
        %|###############################*################################     
        #|%%##############################*###############################     
        #|##%%%############################*##############################     
        #|#####%%%##############%%%%########**############################     
        #|########%%#####%%%%%%%##############*#&&########################     
    1.5 &|&&&&&&&&&&&&%%%######################*##&&&&####################     
        *|######################################***###&&&#####%%%%########     
        #|#########################################****##&&&&#####%%%%%%##     
        #|#############################################*****#&&&&&######%%%%   
        +|-------------------------------------------------------------------  
      1 +-+##########+#############+############+#############+#########&&&&   
      1960         1970          1980         1990          2000         2010  
                                                                               
                                                                               
                                                                               
                                                                               
         |          AvgQuality rel to WM -- Lawyers: Black Men                 
    1.6 +|+                                                                    
         |                                                                     
        *|################################################################     
    1.4 +|+###############################################################     
        #|################################################################     
        #|################################################################     
    1.2 +|+####%%%%%%%####################################################     
        %|%%%%%#######%%##################################################     
        #|##############%%################################################     
      1 &|&###############%%##############################################     
        #|#&&&&#############%%############################################     
    0.8 +|+####&&&&###########%%###****#######################%%%%%%%#####     
        #|#########&&&##########%%#####******###&&&&&&&********######%%%%%%%   
        #|########################%%#########**********&&&&&&&&&&&&&&#####     
    0.6 +|+##########################################################&&&&&&&   
        #|################################################################     
        +|-------------------------------------------------------------------  
    0.4 +-+##########+#############+############+#############+########### +   
      1960         1970          1980         1990          2000         2010  
                                                                               
                                                                               
                                                                               
                                                                               
         |         AvgQuality rel to WM -- Lawyers: Black Women                
    3.5 +|+                                                                    
         |           #             *                                           
      3 +|+#########################**####################################     
        #|############################**##################################     
        #|##############################**################################     
    2.5 +|+###############################**##############################     
        #|##################################**##&&########################     
      2 +|+###################################**##&&&#####################     
        #|######################################***##&&#######%%%%########     
        %|%######################%%%###############****&&&########%%%%%%## #   
    1.5 +|+%%%%#############%%%%%######################*****&###########%%%%   
        #|#####%%%%#####%%%%################################***&&&&&&&&&&&&&   
      1 +|+########%%%%%##################################################     
        #|##########&&####################################################     
        #|#######&&&######################################################     
    0.5 +|+##&&&&#########################################################     
        +|-------------------------------------------------------------------  
      0 *&+##########+#############+############+#############+########### +   
      1960         1970          1980         1990          2000         2010  
                                                                               
                                                                               
                                                                               
                                                                               
          |       AvgQuality rel to WM -- Secretaries: White Women             
    0.25 +|+                                                                   
         %|                                                                    
         #|%%#############################################################     
         #|##%%###########################################################     
     0.2 *|+###%%#########################################################     
         #|######%%#######################################################     
         #|########%%#####################################################     
         &|&&########%%################################################### #   
    0.15 +|+#&&&&&&####%%#################################################     
         #|########&&&&##%%######################&&&&#########%%%%%%%#####     
         #|################%%######****##############&&&&&&##########&&&&&&&   
         #|##################%%########*******##########*******&&&&&&#####     
         #|####################%%#############**********##################     
     0.1 +|+#####################%%#######################################     
         #|########################%######################################     
         #|###############################################################     
         +|------------------------------------------------------------------  
    0.05 +-+##########+############+#############+############+########### +   
       1960         1970         1980          1990         2000         2010  
                                                                               
                                                                               
                                                                               
                                                                               
         |        AvgQuality rel to WM -- Secretaries: Black Men               
      1 +|+                                                                    
         |                                                                     
        *|################################################################     
    0.9 +|+###############################################################     
        #|################################################################     
        %|%########################**#####################################     
        #|#%%%%######################**###################################     
    0.8 +|+####%%%%#####################*#######&&&######################&&&   
        #|#########%%%%%###########################&&&&##############&&&&#     
        #|##############%%%%###############*###########&&&&&#####&&&&#####     
    0.7 +|+#################%%%%%############**#############&&&&&%%%%#####     
        #|#######################%%%###########*****#################%%%%%%%   
        #|##########################################*******###############     
        &|&&&&&############################################****###########     
    0.6 +|+####&&&&&&&####################################################     
        #|################################################################     
        +|-------------------------------------------------------------------  
    0.5 +-+##########+#############+############+#############+########### +   
      1960         1970          1980         1990          2000         2010  
                                                                               
                                                                               
                                                                               
                                                                               
          |       AvgQuality rel to WM -- Secretaries: Black Women             
     0.4 +|+                                                                   
         %|                                                                    
    0.35 +|%##############################################################     
         *|#%%############################################################     
         #|###%###########################################################     
     0.3 +|+###%%#########################################################     
         &|&#####%########################################################     
    0.25 +|+&&&&##%%######################################################     
         #|#####&&&&%%####################################################     
         #|#########&&&%##################################################     
     0.2 +|+############%%################################################     
         #|###############%%############################################## #   
    0.15 +|+################%%###################&&&&&&&######%%%%%%%#####     
         #|###################%%###*******##############*******&&&&&&&&&&&&&   
         #|#####################%%################******##################     
     0.1 +|+######################%%######################################     
         +|------------------------------------------------------------------  
    0.05 +-+##########+############+#############+############+########### +   
       1960         1970         1980          1990         2000         2010  
                                                                               
                                                                               
 
 
H(i,t) --- Total human capital in each occupation
 
                                              1960    1970    1980    1990    2000    2010
------------------------------------------------------------------------------------------
Home                                        0.8139  0.7858  0.8555  0.8417  1.1310  0.9519
Executives, Administrative, and Managerial  0.3933  0.4310  0.4674  0.6528  0.7125  0.8228
Management Related                          0.1429  0.1464  0.2542  0.3573  0.4359  0.4632
Architects                                  0.0225  0.0320  0.0367  0.0496  0.0603  0.0528
Engineers                                   0.0958  0.1309  0.1359  0.1472  0.1679  0.1710
Math and Computer Science                   0.0156  0.0512  0.0744  0.1183  0.1746  0.2097
Natural Science                             0.0434  0.0562  0.0702  0.0912  0.1136  0.1087
Doctors                                     0.1201  0.1183  0.1262  0.1933  0.2752  0.2707
Health Assessment                           0.1119  0.1302  0.1395  0.1952  0.2131  0.2327
Therapists                                  0.0225  0.0308  0.0476  0.0771  0.0978  0.1224
Professors                                  0.0487  0.0763  0.1297  0.1741  0.1810  0.1688
Teachers          Non-Postsecondary         0.1688  0.1773  0.2664  0.4289  0.3665  0.3472
Librarians  and Curators                    0.0420  0.0381  0.0522  0.0733  0.0735  0.0613
Social Scientists and Urban Planners        0.0259  0.0432  0.0670  0.1180  0.1024  0.1175
Social Work                                 0.0759  0.0878  0.1124  0.1679  0.1609  0.1625
Lawyers       and Judges                    0.0630  0.0663  0.0994  0.1553  0.1940  0.1870
Arts and Athletes                           0.0898  0.1005  0.1396  0.2009  0.2118  0.2124
Health Technicians                          0.0769  0.0827  0.1086  0.1510  0.1561  0.1836
Engineering Technicians                     0.0557  0.0869  0.1115  0.1206  0.1221  0.1170
Science Technicians                         0.0448  0.0329  0.0498  0.0588  0.0537  0.0519
Technicians, Other                          0.0425  0.0557  0.1209  0.1764  0.2123  0.2255
Sales, all                                  0.2865  0.3187  0.3791  0.5146  0.5663  0.6462
Secretaries                                 0.1908  0.2425  0.2320  0.2539  0.1605  0.1418
Info. Clerks                                0.0537  0.0701  0.1046  0.1378  0.1413  0.1387
Records Processing, Non-Financial           0.0679  0.1071  0.1139  0.1126  0.0985  0.0932
Financial Records Processing                0.1507  0.2158  0.1887  0.1941  0.1876  0.1727
Office Machine Operator                     0.0608  0.0468  0.0248  0.0248  0.0624  0.0588
Computer/Communications Equip. Operator     0.0838  0.0602  0.0996  0.1054  0.0706  0.0571
Mail Distribution                           0.0917  0.1262  0.1091  0.1444  0.1616  0.1494
Scheduling and Distributing Clerks          0.1058  0.1296  0.1595  0.1938  0.2147  0.2161
Adjusters and Investigators                 0.0310  0.0866  0.0939  0.1378  0.2147  0.2351
Misc. Admin Support                         0.2280  0.2317  0.2216  0.2492  0.2050  0.1942
Private Household Occupations               0.1179  0.1453  0.0927  0.0912  0.0974  0.1283
Firefighting                                0.0429  0.0514  0.0558  0.0603  0.0637  0.0666
Police                                      0.0588  0.0657  0.0871  0.1123  0.1210  0.1523
Guards                                      0.0586  0.0690  0.0758  0.0918  0.0945  0.1006
Food Prep    and Service                    0.2248  0.2124  0.1628  0.1503  0.1507  0.1686
Health Service                              0.1079  0.1294  0.1321  0.1719  0.1786  0.2196
Cleaning and Building Service               0.1073  0.1209  0.1329  0.1452  0.1473  0.1722
Personal Service                            0.1899  0.1827  0.1579  0.1818  0.2037  0.2119
Farm Managers                               0.2352  0.1797  0.1532  0.1248  0.1200  0.1051
Farm Work                                   0.1233  0.0893  0.0799  0.0667  0.0622  0.0723
Related Agriculture                         0.0408  0.0531  0.0544  0.0719  0.0925  0.1177
Forest, Logging, Fishers and Hunter         0.0518  0.0357  0.0425  0.0450  0.0488  0.0467
Mechanics                                   0.1111  0.1532  0.1598  0.1609  0.1825  0.1688
Elec. Repairer                              0.0670  0.0907  0.1007  0.1123  0.1190  0.1143
Misc. Repairer                              0.1447  0.1267  0.0983  0.1068  0.1118  0.1081
Construction Trade                          0.1836  0.2102  0.2403  0.2459  0.2688  0.2722
Extractive                                  0.0629  0.0452  0.0411  0.0382  0.0342  0.0363
Supervisor(P)                               0.1711  0.1802  0.1888  0.1541  0.1491  0.1402
Precision Metal                             0.1201  0.1035  0.1039  0.1023  0.0909  0.0808
Precision Wood                              0.0323  0.0349  0.0320  0.0296  0.0343  0.0305
Precision, Textile                          0.1776  0.0697  0.0659  0.0564  0.0438  0.0460
Precision, Other                            0.0524  0.0354  0.0558  0.0663  0.0916  0.0977
Precision, Food                             0.0646  0.0679  0.0661  0.0647  0.0703  0.0730
Plant Operator                              0.0647  0.0596  0.0555  0.0633  0.0737  0.0630
Metal and Plastic Machine Operator          0.0711  0.1046  0.0901  0.0680  0.0557  0.0416
Metal and Plastic Processing Operator       0.0382  0.0395  0.0484  0.0370  0.0359  0.0266
Woodworking Machine Operator                0.0348  0.0351  0.0363  0.0334  0.0861  0.0678
Textile Machine Operator                    0.0637  0.0650  0.0708  0.0714  0.0617  0.0576
Print Machine Operator                      0.1179  0.2118  0.2000  0.1382  0.0973  0.0754
Machine Operator, Other                     0.2927  0.2391  0.1836  0.1679  0.1583  0.1505
Fabricators                                 0.1348  0.1430  0.1642  0.1666  0.1464  0.1275
Production Inspectors                       0.1138  0.1400  0.1334  0.1293  0.1268  0.1071
Motor Vehicle Operator                      0.1869  0.1893  0.2085  0.2097  0.2267  0.2552
Non Motor Vehicle Operator                  0.1107  0.1159  0.1078  0.1026  0.0953  0.0859
Freight, Stock, Material Handler            0.1849  0.1569  0.1590  0.1562  0.1403  0.1497
 
 
w(i,t) in each occupation
 
                                              1960    1970    1980    1990    2000    2010
------------------------------------------------------------------------------------------
Home                                          6019    7889    6837    6913    9728    9717
Executives, Administrative, and Managerial    7097   10008    9432    9758   11216   10573
Management Related                            4797    4808    6145    6404    7795    8212
Architects                                     933    1373    1508    1657    1755    1519
Engineers                                     5693    6683    5792    6924    6458    6604
Math and Computer Science                      931    2868    2792    4056    5865    5885
Natural Science                               2399    2802    2433    2374    2609    2829
Doctors                                       3131    4457    4951    5213    4827    4678
Health Assessment                             1524    1847    2080    2204    2535    3243
Therapists                                     515     856    1258    1305    1911    2217
Professors                                    1928    3630    2280    1895    2270    2592
Teachers          Non-Postsecondary           3453    5174    4383    3103    4037    4935
Librarians  and Curators                       335     676     678     593     576     551
Social Scientists and Urban Planners          1168    2170    2068    1843    1684    2185
Social Work                                   1633    2084    2036    1772    1969    2240
Lawyers       and Judges                      2802    4224    4712    5533    5436    6027
Arts and Athletes                             3016    3330    3031    3549    4180    4283
Health Technicians                             879    1253    1481    1744    2124    2439
Engineering Technicians                       2892    3920    3380    3654    2787    2709
Science Technicians                           1846    1254    1329    1317    1017    1095
Technicians, Other                            1368    3292    3584    4621    6446    6332
Sales, all                                    6560    7700    7993    9473    9810    8795
Secretaries                                    918    1125     735     705    1161    1254
Info. Clerks                                   826    1271    1102    1167    1195    1284
Records Processing, Non-Financial             1291    2482    1272    1053     953    1087
Financial Records Processing                  1393    2019    1531    1297    1329    1411
Office Machine Operator                       1148     663     312     359     612     325
Computer/Communications Equip. Operator        608    1508    1961    1865    1181     805
Mail Distribution                             1774    1739    2184    2172    1562    1475
Scheduling and Distributing Clerks            2122    2938    3062    3070    3189    3012
Adjusters and Investigators                   1292    2402    1700    1924    3047    3081
Misc. Admin Support                           3627    2898    2098    2145    1867    2012
Private Household Occupations                  542     677     522     518     436     435
Firefighting                                  1376    1882    1881    2083    2331    2783
Police                                        2018    2966    3211    3419    4480    4590
Guards                                         929    1140    1467    1676    1601    2087
Food Prep    and Service                      1250    1509    1696    2257    2784    3334
Health Service                                 532     680     998    1103    1071    1453
Cleaning and Building Service                  765    1580    2143    2358    2038    2119
Personal Service                              1386    1928    1327    1247    1805    1918
Farm Managers                                 2009    2251    2191    1883    1474    1662
Farm Work                                     1005    1138    1281    1184    1106    1425
Related Agriculture                            652    1039    1166    1709    2052    2214
Forest, Logging, Fishers and Hunter            613     768    1030     991     993     892
Mechanics                                     2688    4278    4404    4690    4797    4256
Elec. Repairer                                2854    3374    3248    2819    3295    3156
Misc. Repairer                                3304    3420    2764    2775    2496    2490
Construction Trade                            4466    6021    6872    7302    7294    6764
Extractive                                    1626    1249    1736    1273     954    2054
Supervisor(P)                                 3428    4537    4466    3565    3253    2316
Precision Metal                               3116    3284    3022    3092    2353    1574
Precision Wood                                 624     718     696     793     766     518
Precision, Textile                             711     812     561     609     543     331
Precision, Other                              1185     952    1148    1251    1060    1209
Precision, Food                               1373    1731    1526    1347    1131    1069
Plant Operator                                2206    1277    1649    2009    1410    1615
Metal and Plastic Machine Operator            1357    2680    2209    1422    1171     885
Metal and Plastic Processing Operator          643     947    1071     949     917     501
Woodworking Machine Operator                   537     614     747     761    1829    1349
Textile Machine Operator                      1871    2153    1617    1921    1530     933
Print Machine Operator                         790    1351     894    1096    1003     665
Machine Operator, Other                       5064    4870    4019    3600    3210    2844
Fabricators                                   2432    3138    3541    3307    3143    2730
Production Inspectors                         1670    2270    2050    2015    1945    1909
Motor Vehicle Operator                        4105    4606    4930    4934    5000    4113
Non Motor Vehicle Operator                    2479    2720    3286    2504    2372    2591
Freight, Stock, Material Handler              3222    3229    3397    3310    2849    2879
 
Labor income ignoring taxes: w(i,t)*H(i,t)
 
                   1960    1970    1980    1990    2000    2010
---------------------------------------------------------------
Home               4899    6200    5849    5819   11002    9250
Managers           2791    4314    4408    6370    7992    8699
MgmtRelated         685     704    1562    2288    3398    3803
Architects           21      44      55      82     106      80
Engineers           545     875     787    1019    1084    1129
Math/CompSci         14     147     208     480    1024    1234
Science             104     157     171     217     296     307
Doctors             376     527     625    1008    1329    1267
Nurses              171     240     290     430     540     755
Therapists           12      26      60     101     187     271
Professors           94     277     296     330     411     438
Teachers            583     917    1168    1331    1479    1713
Librarians           14      26      35      43      42      34
Soc.Scientists       30      94     139     218     172     257
SocialWork          124     183     229     297     317     364
Lawyers             176     280     469     859    1055    1127
Arts/Athletes       271     335     423     713     885     909
HealthTechs          68     104     161     263     332     448
Eng.Techs           161     341     377     441     340     317
ScienceTechs         83      41      66      78      55      57
OtherTechs           58     183     433     815    1369    1428
Sales              1879    2454    3031    4874    5555    5683
Secretaries         175     273     170     179     186     178
Info.Clerks          44      89     115     161     169     178
Records              88     266     145     119      94     101
FinancialClerk      210     436     289     252     249     244
OfficeMachine        70      31       8       9      38      19
ComputerTech         51      91     195     197      83      46
Mail                163     220     238     314     252     220
Clerks              225     381     488     595     685     651
Insurance            40     208     160     265     654     724
Misc.Admin          827     671     465     535     383     391
PrivateHshld         64      98      48      47      42      56
Firefighting         59      97     105     125     148     185
Police              119     195     280     384     542     699
Guards               54      79     111     154     151     210
FoodPrep            281     320     276     339     420     562
HealthService        57      88     132     190     191     319
Cleaning             82     191     285     342     300     365
PersonalService     263     352     210     227     368     406
FarmMgrs            473     405     336     235     177     175
FarmWork            124     102     102      79      69     103
Agriculture          27      55      63     123     190     261
Forest               32      27      44      45      48      42
Mechanics           299     655     704     755     875     718
Elec.Repairer       191     306     327     317     392     361
Misc.Repairer       478     433     272     296     279     269
Construction        820    1266    1651    1796    1961    1841
Extractive          102      56      71      49      33      75
Supervisor(P)       586     818     843     549     485     325
MetalWork           374     340     314     316     214     127
WoodWork             20      25      22      23      26      16
Textiles            126      57      37      34      24      15
Other                62      34      64      83      97     118
Food                 89     118     101      87      79      78
PlantOperator       143      76      91     127     104     102
MetalMach.           96     280     199      97      65      37
MetalProc.           25      37      52      35      33      13
WoodMach.            19      22      27      25     157      92
TextileMach.        119     140     114     137      94      54
PrintMach.           93     286     179     152      98      50
OtherMach.         1482    1164     738     604     508     428
Fabricators         328     449     582     551     460     348
Prod.Inspectors     190     318     273     261     247     204
MotorVehicle        767     872    1028    1035    1134    1050
OtherVehicle        274     315     354     257     226     222
Freight             596     507     540     517     400     431
---------------------------------------------------------------
TOTAL            23967   31717   33691   41093   52402   52679
 
Total labor income received by workers: (1-TauW)*w(i,t)*H(i,t)
 
                   1960    1970    1980    1990    2000    2010
---------------------------------------------------------------
Home               4899    6200    5849    5819   11002    9250
Managers           2528    3839    3717    5154    6536    7177
MgmtRelated         614     620    1323    1975    2922    3213
Architects           21      44      55      81     102      77
Engineers           534     847     731     885     910     908
Math/CompSci         12     131     177     398     856    1051
Science              97     146     146     180     249     267
Doctors             354     492     555     852    1152    1145
Nurses              182     283     414     749     934    1267
Therapists           11      25      62     126     230     374
Professors           81     237     246     273     350     384
Teachers            529     881    1164    1469    1726    2066
Librarians           20      34      48      57      60      49
Soc.Scientists       27      82     112     194     163     255
SocialWork          111     166     216     289     332     395
Lawyers             170     266     394     728     912     965
Arts/Athletes       242     295     350     591     741     760
HealthTechs          67     110     208     352     424     560
Eng.Techs           149     308     326     375     284     260
ScienceTechs         75      37      56      65      46      47
OtherTechs           52     165     353     646    1023    1044
Sales              1596    2055    2576    4050    4443    4425
Secretaries         455     754     807     901     807     735
Info.Clerks          43      93     135     217     247     254
Records              78     229     159     144     119     135
FinancialClerk      228     436     400     432     460     419
OfficeMachine        67      29       9      10      48      25
ComputerTech         76     114     217     230      96      50
Mail                155     207     219     289     228     203
Clerks              203     345     440     533     606     586
Insurance            36     164     139     282     687     760
Misc.Admin          747     630     559     676     514     514
PrivateHshld         64     122      79      82      93     126
Firefighting         59      96     105     126     150     187
Police              118     192     278     387     546     697
Guards               54      80     114     161     162     230
FoodPrep            265     315     327     417     518     685
HealthService        70     130     217     307     389     625
Cleaning             99     217     316     376     330     396
PersonalService     243     326     232     275     459     525
FarmMgrs            465     402     335     235     177     175
FarmWork            124     104     105      81      70     105
Agriculture          27      56      65     125     192     263
Forest               31      28      44      45      49      42
Mechanics           294     648     699     754     879     724
Elec.Repairer       184     291     303     293     364     342
Misc.Repairer       471     427     270     296     279     271
Construction        807    1254    1644    1801    1967    1857
Extractive          100      56      72      49      33      75
Supervisor(P)       581     808     835     543     480     322
MetalWork           371     336     311     315     213     127
WoodWork             20      25      22      23      26      16
Textiles            126      56      37      35      25      16
Other                56      30      59      75     101     142
Food                 88     117     101      87      80      80
PlantOperator       141      75      90     125     103     101
MetalMach.           95     278     198      97      66      37
MetalProc.           25      38      52      36      33      14
WoodMach.            19      22      27      26     162      95
TextileMach.        118     139     114     137      95      54
PrintMach.           98     303     197     169     110      55
OtherMach.         1475    1172     749     617     522     441
Fabricators         325     448     584     561     472     357
Prod.Inspectors     162     269     237     226     217     178
MotorVehicle        759     881    1047    1071    1192    1127
OtherVehicle        271     315     354     259     229     226
Freight             617     525     558     538     425     460
---------------------------------------------------------------
TOTAL            23282   30845   32937   39772   50421   50791
TOTAL (Mkt)      18383   24645   27088   33953   39419   41541
 
  Year    Earnings       (mkt)
------------------------------
  1960       23282       18383
  1970       30845       24645
  1980       32937       27088
  1990       39772       33953
  2000       50421       39419
  2010       50791       41541
 
Average growth rates of Earnings
---------------------------
  1960 1970   0.0281
  1970 1980   0.0066
  1980 1990   0.0189
  1990 2000   0.0237
  2000 2010   0.0007
  1960 2010   0.0156
 
Average growth rates of Earnings (mkt)
-------------------------------------
  1960 1970   0.0293
  1970 1980   0.0095
  1980 1990   0.0226
  1990 2000   0.0149
  2000 2010   0.0052
  1960 2010   0.0163
 
  Year         GDP    GDP(mkt)
------------------------------
  1960       23967       17008
  1970       31717       22888
  1980       33691       25310
  1990       41093       32682
  2000       52402       36798
  2010       52679       39432
 
Average growth rates of GDP
---------------------------
  1960 1970   0.0280
  1970 1980   0.0060
  1980 1990   0.0199
  1990 2000   0.0243
  2000 2010   0.0005
  1960 2010   0.0158
 
 
Average growth rates of GDP (mkt)
---------------------------------
  1960 1970   0.0297
  1970 1980   0.0101
  1980 1990   0.0256
  1990 2000   0.0119
  2000 2010   0.0069
  1960 2010   0.0168
 
 
GDP of only Young Cohorts (per young person)...
 
  Year    GDPYoung GDPYng(mkt)
------------------------------
  1960       21798       14837
  1970       29120       20279
  1980       30166       22927
  1990       34686       27684
  2000       41238       29738
  2010       40454       30172
 
Average growth rates of GDPYoung
---------------------------
  1960 1970   0.0290
  1970 1980   0.0035
  1980 1990   0.0140
  1990 2000   0.0173
  2000 2010  -0.0019
  1960 2010   0.0124
 
Average growth rates of GDPYoung (mkt)
--------------------------------------
  1960 1970   0.0312
  1970 1980   0.0123
  1980 1990   0.0189
  1990 2000   0.0072
  2000 2010   0.0014
  1960 2010   0.0142
 
HYoung(i,t) --- Total human capital in each occupation of Young Cohort
 
                                              1960    1970    1980    1990    2000    2010
------------------------------------------------------------------------------------------
Home                                        0.2861  0.2847  0.3088  0.2762  0.2437  0.2322
Executives, Administrative, and Managerial  0.0748  0.0993  0.1400  0.1682  0.1333  0.1348
Management Related                          0.0434  0.0415  0.1028  0.1244  0.1111  0.1085
Architects                                  0.0058  0.0076  0.0134  0.0155  0.0124  0.0124
Engineers                                   0.0352  0.0388  0.0492  0.0590  0.0437  0.0431
Math and Computer Science                   0.0070  0.0213  0.0344  0.0495  0.0548  0.0533
Natural Science                             0.0174  0.0204  0.0298  0.0333  0.0286  0.0317
Doctors                                     0.0237  0.0252  0.0376  0.0446  0.0356  0.0389
Health Assessment                           0.0361  0.0417  0.0637  0.0679  0.0466  0.0606
Therapists                                  0.0081  0.0138  0.0317  0.0360  0.0334  0.0386
Professors                                  0.0121  0.0262  0.0352  0.0299  0.0304  0.0362
Teachers          Non-Postsecondary         0.0526  0.0735  0.1121  0.0906  0.0879  0.1020
Librarians  and Curators                    0.0099  0.0114  0.0198  0.0132  0.0100  0.0115
Social Scientists and Urban Planners        0.0091  0.0158  0.0297  0.0311  0.0217  0.0299
Social Work                                 0.0229  0.0305  0.0494  0.0470  0.0410  0.0467
Lawyers       and Judges                    0.0159  0.0205  0.0439  0.0461  0.0371  0.0404
Arts and Athletes                           0.0333  0.0361  0.0663  0.0782  0.0635  0.0656
Health Technicians                          0.0261  0.0337  0.0582  0.0633  0.0438  0.0543
Engineering Technicians                     0.0285  0.0375  0.0512  0.0501  0.0318  0.0315
Science Technicians                         0.0202  0.0130  0.0236  0.0231  0.0141  0.0152
Technicians, Other                          0.0138  0.0286  0.0593  0.0763  0.0613  0.0553
Sales, all                                  0.0804  0.0903  0.1408  0.1786  0.1520  0.1636
Secretaries                                 0.0682  0.0842  0.1019  0.0897  0.0397  0.0332
Info. Clerks                                0.0203  0.0274  0.0475  0.0539  0.0436  0.0482
Records Processing, Non-Financial           0.0177  0.0326  0.0526  0.0428  0.0262  0.0272
Financial Records Processing                0.0464  0.0605  0.0760  0.0711  0.0502  0.0401
Office Machine Operator                     0.0287  0.0146  0.0107  0.0106  0.0118  0.0074
Computer/Communications Equip. Operator     0.0306  0.0246  0.0446  0.0413  0.0186  0.0133
Mail Distribution                           0.0239  0.0280  0.0417  0.0498  0.0277  0.0230
Scheduling and Distributing Clerks          0.0344  0.0410  0.0667  0.0745  0.0591  0.0606
Adjusters and Investigators                 0.0122  0.0300  0.0473  0.0621  0.0734  0.0782
Misc. Admin Support                         0.0736  0.0803  0.0957  0.0941  0.0576  0.0576
Private Household Occupations               0.0244  0.0371  0.0296  0.0312  0.0242  0.0292
Firefighting                                0.0156  0.0179  0.0220  0.0205  0.0164  0.0178
Police                                      0.0234  0.0285  0.0385  0.0415  0.0393  0.0384
Guards                                      0.0129  0.0146  0.0284  0.0335  0.0251  0.0320
Food Prep    and Service                    0.0590  0.0562  0.0673  0.0753  0.0596  0.0744
Health Service                              0.0345  0.0407  0.0582  0.0657  0.0552  0.0720
Cleaning and Building Service               0.0197  0.0269  0.0453  0.0483  0.0311  0.0345
Personal Service                            0.0542  0.0661  0.0729  0.0715  0.0643  0.0689
Farm Managers                               0.0543  0.0395  0.0449  0.0367  0.0200  0.0200
Farm Work                                   0.0459  0.0313  0.0358  0.0284  0.0206  0.0268
Related Agriculture                         0.0130  0.0176  0.0254  0.0344  0.0301  0.0370
Forest, Logging, Fishers and Hunter         0.0157  0.0134  0.0189  0.0184  0.0127  0.0103
Mechanics                                   0.0388  0.0518  0.0654  0.0616  0.0454  0.0412
Elec. Repairer                              0.0315  0.0354  0.0452  0.0379  0.0335  0.0314
Misc. Repairer                              0.0428  0.0422  0.0389  0.0369  0.0251  0.0244
Construction Trade                          0.0571  0.0704  0.0979  0.0996  0.0754  0.0749
Extractive                                  0.0214  0.0151  0.0223  0.0152  0.0084  0.0156
Supervisor(P)                               0.0354  0.0435  0.0556  0.0429  0.0311  0.0223
Precision Metal                             0.0355  0.0336  0.0411  0.0364  0.0204  0.0148
Precision Wood                              0.0088  0.0104  0.0142  0.0129  0.0087  0.0065
Precision, Textile                          0.0425  0.0170  0.0198  0.0179  0.0092  0.0073
Precision, Other                            0.0170  0.0124  0.0244  0.0270  0.0287  0.0368
Precision, Food                             0.0196  0.0238  0.0256  0.0260  0.0202  0.0217
Plant Operator                              0.0179  0.0128  0.0207  0.0215  0.0122  0.0125
Metal and Plastic Machine Operator          0.0182  0.0347  0.0375  0.0226  0.0151  0.0112
Metal and Plastic Processing Operator       0.0103  0.0131  0.0206  0.0143  0.0101  0.0062
Woodworking Machine Operator                0.0118  0.0119  0.0167  0.0148  0.0241  0.0169
Textile Machine Operator                    0.0211  0.0233  0.0275  0.0307  0.0172  0.0116
Print Machine Operator                      0.0311  0.0641  0.0733  0.0521  0.0265  0.0186
Machine Operator, Other                     0.0942  0.0829  0.0787  0.0642  0.0451  0.0397
Fabricators                                 0.0416  0.0518  0.0739  0.0625  0.0425  0.0363
Production Inspectors                       0.0315  0.0393  0.0478  0.0424  0.0303  0.0264
Motor Vehicle Operator                      0.0652  0.0627  0.0800  0.0757  0.0573  0.0521
Non Motor Vehicle Operator                  0.0303  0.0331  0.0445  0.0318  0.0220  0.0220
Freight, Stock, Material Handler            0.0650  0.0539  0.0726  0.0677  0.0437  0.0463
 
Tax Revenue from TauWabs by occupation and year, summed over groups
 
Home                                             0       0       0       0       0       0
Executives, Administrative, and Managerial     263     474     691    1216    1456    1523
Management Related                              71      84     239     313     475     590
Architects                                       0      -0       0       1       3       3
Engineers                                       11      28      56     134     174     221
Math and Computer Science                        2      16      31      82     168     183
Natural Science                                  7      12      25      36      48      40
Doctors                                         22      35      70     156     177     122
Health Assessment                              -11     -43    -124    -319    -394    -512
Therapists                                       1       1      -2     -25     -43    -102
Professors                                      13      40      49      57      60      54
Teachers          Non-Postsecondary             54      37       3    -138    -246    -353
Librarians  and Curators                        -6      -8     -13     -13     -17     -15
Social Scientists and Urban Planners             3      12      27      24      10       2
Social Work                                     12      17      13       8     -15     -31
Lawyers       and Judges                         7      14      75     131     142     163
Arts and Athletes                               29      40      73     122     144     150
Health Technicians                               1      -6     -47     -88     -93    -112
Engineering Technicians                         12      32      51      65      56      57
Science Technicians                              8       5      10      12       8      10
Technicians, Other                               6      18      80     169     346     384
Sales, all                                     283     399     455     825    1113    1259
Secretaries                                   -280    -481    -637    -722    -620    -557
Info. Clerks                                     2      -4     -20     -57     -78     -76
Records Processing, Non-Financial               10      37     -14     -25     -25     -33
Financial Records Processing                   -18      -1    -111    -180    -211    -176
Office Machine Operator                          3       2      -1      -1      -9      -6
Computer/Communications Equip. Operator        -25     -23     -21     -33     -13      -4
Mail Distribution                                8      13      19      24      25      18
Scheduling and Distributing Clerks              21      35      48      62      79      65
Adjusters and Investigators                      4      44      20     -17     -33     -35
Misc. Admin Support                             80      41     -94    -142    -131    -123
Private Household Occupations                    0     -24     -30     -35     -51     -70
Firefighting                                     0       0      -0      -1      -1      -2
Police                                           1       3       2      -3      -4       2
Guards                                          -0      -1      -3      -7     -11     -20
Food Prep    and Service                        16       5     -51     -78     -98    -123
Health Service                                 -12     -42     -85    -117    -198    -306
Cleaning and Building Service                  -17     -26     -31     -33     -30     -32
Personal Service                                20      27     -22     -49     -92    -119
Farm Managers                                    8       3       1       0      -0      -0
Farm Work                                       -0      -2      -2      -2      -1      -2
Related Agriculture                             -0      -1      -1      -2      -2      -3
Forest, Logging, Fishers and Hunter              0      -1      -1      -1      -1      -0
Mechanics                                        4       8       5       1      -4      -6
Elec. Repairer                                   7      15      24      24      29      19
Misc. Repairer                                   7       7       2       0       0      -2
Construction Trade                              13      12       7      -5      -6     -16
Extractive                                       2       0      -0      -0      -0      -1
Supervisor(P)                                    5       9       8       7       4       2
Precision Metal                                  4       4       3       1       1       0
Precision Wood                                   0       1       0       0       0       0
Precision, Textile                               0       0      -0      -1      -1      -0
Precision, Other                                 6       4       5       8      -4     -24
Precision, Food                                  1       0       0      -0      -1      -2
Plant Operator                                   1       1       1       2       1       1
Metal and Plastic Machine Operator               1       2       1      -1      -1      -1
Metal and Plastic Processing Operator           -0      -1      -0      -0      -0      -0
Woodworking Machine Operator                     0      -0      -0      -0      -5      -3
Textile Machine Operator                         1       1       1       0      -0      -1
Print Machine Operator                          -5     -17     -18     -17     -12      -5
Machine Operator, Other                          7      -8     -11     -13     -14     -14
Fabricators                                      3       1      -2     -10     -12      -9
Production Inspectors                           28      49      37      35      30      27
Motor Vehicle Operator                           8      -9     -19     -37     -59     -78
Non Motor Vehicle Operator                       3      -0       0      -2      -3      -4
Freight, Stock, Material Handler               -21     -18     -18     -21     -26     -29
-----------------------------------------------------------------------------------------
Total Revenue TauW                             685     872     754    1321    1982    1888
TauW  Revenue Share of GDP                  0.0286  0.0275  0.0224  0.0322  0.0378  0.0358
 
Tax Revenue from TauHabs by occupation and year, summed over groups
 
Home                                             0       0       0       0       0       0
Executives, Administrative, and Managerial      13      48      72    -667    -643    -685
Management Related                               7      11      33    -545    -642    -636
Architects                                       0       0       1       2       2       3
Engineers                                        1       2       6      12      -9     -31
Math and Computer Science                        0       3       2     -39      17      28
Natural Science                                  1       2       2     -30     -36     -60
Doctors                                          1       3       7     -60     -68    -116
Health Assessment                              -28    -113    -233    -375     -26    -371
Therapists                                       1       0      -3     -76     -99    -170
Professors                                       1       7     -19     -31     -51     -75
Teachers          Non-Postsecondary             27      46    -221    -368    -526    -794
Librarians  and Curators                        -6       2      -4       1      -1     -12
Social Scientists and Urban Planners             1       2     -15     -44     -33     -69
Social Work                                      3       5     -16     -80     -94    -128
Lawyers       and Judges                         0       2     -31    -103    -105    -147
Arts and Athletes                                8      10     -17    -159    -158    -168
Health Technicians                               0     -21    -118    -166      -2     -84
Engineering Technicians                          1       4       6      10       5      -0
Science Technicians                              1      -1      -1      -0      -1      -3
Technicians, Other                               0       5      -7    -149     -98     -27
Sales, all                                      25      45      99     105    -149    -757
Secretaries                                   -259    -443    -576    -540      76      64
Info. Clerks                                     2       7     -75    -117    -109     -97
Records Processing, Non-Financial                3       7     -74     -71      -6      -1
Financial Records Processing                   -44     -84    -216    -239     -97       7
Office Machine Operator                          3      -3       0       1       0       1
Computer/Communications Equip. Operator        -39      10       6       9       3       1
Mail Distribution                              -13     -11       1     -31      -2       4
Scheduling and Distributing Clerks               3       7      23      15      11      12
Adjusters and Investigators                      0      -2     -66    -158    -277    -201
Misc. Admin Support                             39     -77    -316    -357    -132     -83
Private Household Occupations                   -7     -22       7       8       6       5
Firefighting                                     0       1       1       1       1       1
Police                                           1       1      -1     -15     -12     -11
Guards                                          -0      -4     -14     -26     -15     -13
Food Prep    and Service                         1      18      31      51      46      67
Health Service                                 -21     -58     -26    -109    -124    -201
Cleaning and Building Service                  -15       5       7       6       4       3
Personal Service                               -10      19    -110    -123    -149    -173
Farm Managers                                    1       0       0       0       0       0
Farm Work                                       -0       0       1       1       0       0
Related Agriculture                             -0       0       1       2       1       2
Forest, Logging, Fishers and Hunter              0       0       0       0       0       0
Mechanics                                        2       4       5       4       4       3
Elec. Repairer                                   1       2       6       6       7       5
Misc. Repairer                                   2       2       1       3       2       2
Construction Trade                               4      11      13      16      10       8
Extractive                                       0       0       1       0       0       0
Supervisor(P)                                    1       1       0       2      -1       1
Precision Metal                                  1       1       1       2       1       1
Precision Wood                                   0      -0      -0       0       0       0
Precision, Textile                               0      -0      -1      -1       0       0
Precision, Other                                 1       1       3       4     -30     -65
Precision, Food                                  0      -2       1      -1      -1      -1
Plant Operator                                   0       0      -1       1       0       1
Metal and Plastic Machine Operator               0       1      -1       1       0       0
Metal and Plastic Processing Operator           -2       0      -0       0      -0       0
Woodworking Machine Operator                     0       0       0       0      -1      -0
Textile Machine Operator                         0       1       1       2      -0      -0
Print Machine Operator                          -9       6       0       5       3       1
Machine Operator, Other                          8     -57     -23      10       1       2
Fabricators                                      2     -17     -22       7       2       3
Production Inspectors                            6       1       2       9       7       6
Motor Vehicle Operator                           6       9      10      11       9       6
Non Motor Vehicle Operator                       1       2       3       2       1       2
Freight, Stock, Material Handler               -77     -14      -5      12       2       7
-----------------------------------------------------------------------------------------
Total Revenue TauH                            -348    -613   -1857   -4360   -3476   -4935
TauH  Revenue Share of GDP                 -0.0145 -0.0193 -0.0551 -0.1061 -0.0663 -0.0937
 
Total Revenue TauW+TauH                        337     259   -1104   -3038   -1494   -3047
Total Revenue Share of GDP                  0.0141  0.0082 -0.0328 -0.0739 -0.0285 -0.0578
        |                                                                      
     4 +|+                                             *************           
        |                                    **********             ********   
       *|*******************##########*******#############################     
     2 +|+##################**********####################################     
       =|=====############################################################     
       #|#####========####################################################     
     0 +|+&&&&&&&&&&&&==&&&&&&&&&&&&&&&&&&&&&&&&&&&&&&&&&&&&&&&&&&&&&&&&&&&&   
       #|###############==################################################     
       #|#################==##############################################     
    -2 +|+##################==############################################     
       #|#####################==##########################################     
       #|#######################==###########################==###########     
       #|#########################==#######################==##====#######     
    -4 +|+##########################==###################==########===####     
       #|#############################==###############==#############====     
       #|###############################===##########==###################==   
    -6 +|+#################################==######==#####################     
       #|####################################==##==#######################     
       +|--------------------------------------------------------------------  
    -8 +-+###########+############+#############+############+############ +   
     1960          1970         1980          1990         2000          2010  
                                                                               
                                                                               
 
 
A(i,t) -- Productivity in each occupation
 
                                              1960    1970    1980    1990    2000    2010
------------------------------------------------------------------------------------------
Home                                          2721    3488    2849    2601    4457    4072
Executives, Administrative, and Managerial    2422    3691    3412    3842    4380    4296
Management Related                             811     716    1323    1511    1985    2207
Architects                                      28      51      61      74      79      59
Engineers                                      859    1110     885    1090     929     967
Math and Computer Science                       23     195     219     438     820     901
Natural Science                                158     197     173     172     196     216
Doctors                                        392     575     674     816     769     725
Health Assessment                              129     161     193     226     257     388
Therapists                                      11      25      53      65     114     159
Professors                                     121     339     214     170     201     236
Teachers          Non-Postsecondary            539     880     816     559     678     890
Librarians  and Curators                         8      19      22      19      16      14
Social Scientists and Urban Planners            41     118     133     134      97     153
Social Work                                    117     158     168     151     153     186
Lawyers       and Judges                       240     397     556     800     771     882
Arts and Athletes                              321     342     340     467     543     563
Health Technicians                              47      72     102     140     169     225
Engineering Technicians                        237     406     357     378     225     210
Science Technicians                            109      45      59      57      33      36
Technicians, Other                              67     250     406     651    1042    1042
Sales, all                                    1837    2142    2397    3262    3194    2889
Secretaries                                     79     104      52      47      69      73
Info. Clerks                                    36      67      64      73      68      75
Records Processing, Non-Financial               78     227      83      57      40      48
Financial Records Processing                   130     237     142     102      92      96
Office Machine Operator                         62      21       5       5      17       6
Computer/Communications Equip. Operator         28      81     149     129      47      24
Mail Distribution                              146     145     184     190     108      95
Scheduling and Distributing Clerks             205     322     369     369     365     335
Adjusters and Investigators                     53     195     117     154     341     361
Misc. Admin Support                            674     422     246     245     160     173
Private Household Occupations                   28      38      20      18      12      14
Firefighting                                    68     104     105     115     124     165
Police                                         142     233     293     330     456     529
Guards                                          44      57      84     103      86     132
Food Prep    and Service                       135     152     154     205     249     344
Health Service                                  26      36      62      75      65     113
Cleaning and Building Service                   45     123     197     215     154     176
Personal Service                               145     203     105      93     151     169
Farm Managers                                  282     254     219     142      86      96
Farm Work                                       72      64      71      52      40      63
Related Agriculture                             22      43      51      93     123     156
Forest, Logging, Fishers and Hunter             22      23      37      33      30      25
Mechanics                                      300     615     637     636     620     497
Elec. Repairer                                 255     331     320     247     285     261
Misc. Repairer                                 467     400     248     236     182     178
Construction Trade                             826    1203    1521    1527    1411    1264
Extractive                                     106      53      80      44      24      77
Supervisor(P)                                  536     728     706     412     313     182
Precision Metal                                389     340     292     271     150      77
Precision Wood                                  18      20      18      19      17       9
Precision, Textile                              52      34      19      18      12       6
Precision, Other                                60      31      50      56      46      57
Precision, Food                                 84     105      83      62      44      41
Plant Operator                                 170      63      86     112      63      71
Metal and Plastic Machine Operator              86     252     170      69      41      23
Metal and Plastic Processing Operator           21      32      42      28      23       8
Woodworking Machine Operator                    15      16      21      19     100      56
Textile Machine Operator                       132     143      94     111      65      30
Print Machine Operator                          49     128      65      67      43      21
Machine Operator, Other                       1259     933     595     437     316     256
Fabricators                                    284     373     465     383     295     222
Production Inspectors                          149     227     185     160     133     119
Motor Vehicle Operator                         735     764     861     783     735     581
Non Motor Vehicle Operator                     265     271     337     198     156     168
Freight, Stock, Material Handler               508     408     430     371     249     260
 
 
phi(i,t) in each occupation
 
                                              1960    1970    1980    1990    2000    2010
------------------------------------------------------------------------------------------
Home                                          1.27    1.61    1.68    1.61    1.45    1.80
Executives, Administrative, and Managerial    1.43    1.63    1.96    1.80    1.90    1.95
Management Related                            1.91    1.93    2.21    2.11    2.10    2.23
Architects                                    2.90    3.42    3.06    2.40    2.56    2.64
Engineers                                     2.18    2.30    2.39    2.28    2.31    2.41
Math and Computer Science                     2.45    2.19    2.42    2.26    1.98    1.99
Natural Science                               2.49    2.59    3.05    2.68    3.04    3.10
Doctors                                       3.91    4.08    4.06    4.15    4.14    4.15
Health Assessment                             2.59    2.83    3.19    2.40    2.34    2.64
Therapists                                    2.96    2.62    2.25    2.24    2.50    2.91
Professors                                    5.85    5.68    5.54    5.67    4.92    5.31
Teachers          Non-Postsecondary           2.94    3.24    3.16    2.61    2.65    2.84
Librarians  and Curators                      3.25    3.33    3.40    3.23    3.17    3.63
Social Scientists and Urban Planners          3.06    2.99    3.44    2.97    3.00    2.73
Social Work                                   3.02    2.86    2.88    2.51    2.43    2.49
Lawyers       and Judges                      3.99    4.17    4.30    4.21    4.18    4.18
Arts and Athletes                             2.02    1.92    2.24    2.03    2.10    2.26
Health Technicians                            1.43    1.92    2.12    1.82    1.76    1.77
Engineering Technicians                       1.37    1.45    1.64    1.64    1.59    1.71
Science Technicians                           1.41    1.81    1.82    1.71    1.67    1.80
Technicians, Other                            1.53    1.83    2.21    1.97    2.17    2.21
Sales, all                                    1.47    1.54    1.77    1.65    1.67    1.74
Secretaries                                   1.40    1.50    1.90    1.77    1.83    2.01
Info. Clerks                                  1.31    1.50    1.98    1.79    1.76    1.77
Records Processing, Non-Financial             2.08    2.03    1.70    1.75    1.73    1.94
Financial Records Processing                  1.43    1.48    1.83    1.70    1.70    1.76
Office Machine Operator                       1.30    1.30    1.48    1.40    1.40    1.74
Computer/Communications Equip. Operator       1.14    1.34    1.64    1.63    1.67    1.70
Mail Distribution                             1.24    1.30    1.49    1.45    1.44    1.51
Scheduling and Distributing Clerks            1.02    1.21    1.43    1.39    1.38    1.49
Adjusters and Investigators                   1.75    1.74    2.01    1.83    1.73    1.75
Misc. Admin Support                           1.36    1.45    1.86    1.78    1.80    1.88
Private Household Occupations                 0.93    0.98    1.14    1.21    1.25    1.21
Firefighting                                  1.09    1.21    1.45    1.47    1.48    1.58
Police                                        1.17    1.29    1.62    1.53    1.59    1.64
Guards                                        1.04    1.26    1.50    1.48    1.46    1.60
Food Prep    and Service                      0.93    1.08    1.40    1.39    1.38    1.50
Health Service                                1.01    1.40    1.75    1.63    1.61    1.68
Cleaning and Building Service                 0.88    1.00    1.23    1.26    1.24    1.33
Personal Service                              1.01    1.01    1.64    1.55    1.70    1.78
Farm Managers                                 0.99    1.17    1.44    1.35    1.40    1.42
Farm Work                                     0.66    0.86    1.01    1.05    0.97    0.93
Related Agriculture                           0.87    0.98    1.26    1.22    1.18    1.17
Forest, Logging, Fishers and Hunter           0.79    1.03    1.24    1.18    1.16    1.25
Mechanics                                     0.93    1.03    1.20    1.26    1.26    1.32
Elec. Repairer                                1.13    1.20    1.34    1.38    1.36    1.41
Misc. Repairer                                0.98    1.04    1.27    1.30    1.28    1.34
Construction Trade                            0.97    1.06    1.27    1.24    1.19    1.21
Extractive                                    0.87    0.97    1.14    1.18    1.18    1.22
Supervisor(P)                                 1.11    1.21    1.43    1.35    1.36    1.39
Precision Metal                               0.99    1.13    1.24    1.27    1.28    1.30
Precision Wood                                0.92    1.01    1.31    1.25    1.23    1.25
Precision, Textile                            0.81    0.88    1.05    1.15    1.16    1.19
Precision, Other                              0.99    1.19    1.32    1.28    1.46    1.56
Precision, Food                               0.94    1.03    1.16    1.20    1.13    1.17
Plant Operator                                1.48    1.17    1.40    1.38    1.33    1.46
Metal and Plastic Machine Operator            0.86    1.03    1.14    1.17    1.18    1.17
Metal and Plastic Processing Operator         0.89    0.92    1.12    1.20    1.22    1.28
Woodworking Machine Operator                  0.77    0.85    1.12    1.15    1.18    1.20
Textile Machine Operator                      1.07    1.16    1.32    1.29    1.29    1.32
Print Machine Operator                        0.82    0.90    1.00    1.12    1.09    1.12
Machine Operator, Other                       0.88    0.99    1.15    1.21    1.19    1.24
Fabricators                                   0.90    1.02    1.14    1.20    1.21    1.22
Production Inspectors                         1.03    1.20    1.31    1.36    1.40    1.45
Motor Vehicle Operator                        0.88    1.01    1.19    1.23    1.23    1.30
Non Motor Vehicle Operator                    0.95    1.01    1.21    1.22    1.21    1.27
Freight, Stock, Material Handler              0.85    1.02    1.18    1.24    1.23    1.31
 
---------------------------------------------------------
The extensive margin LS elasticity in our model equals
 
      theta*(1-LFP)= theta*p(Home)
 
---------------------------------------------------------
Benchmark value for theta = 2.0000, so that theta*(1-eta) = 1.7940
 
Labor supply elasticities for White Men by Year and Cohort
 
  Year   Young  Middle     Old
------------------------------
  1960    0.17    0.15    0.22
  1970    0.20    0.17    0.23
  1980    0.19    0.16    0.24
  1990    0.20    0.18    0.24
  2000    0.29    0.27    0.31
  2010    0.30    0.25    0.32
 
Labor supply elasticities for White Women by Year and Cohort
 
  Year   Young  Middle     Old
------------------------------
  1960    1.48    1.34    1.25
  1970    1.31    1.21    1.13
  1980    0.92    0.95    1.02
  1990    0.69    0.67    0.75
  2000    0.67    0.68    0.64
  2010    0.62    0.65    0.63
 
Labor supply elasticities for Black Men by Year and Cohort
 
  Year   Young  Middle     Old
------------------------------
  1960    0.40    0.38    0.44
  1970    0.37    0.36    0.44
  1980    0.51    0.43    0.54
  1990    0.59    0.50    0.52
  2000    0.72    0.68    0.70
  2010    0.67    0.56    0.66
 
Labor supply elasticities for Black Women by Year and Cohort
 
  Year   Young  Middle     Old
------------------------------
  1960    1.28    1.16    1.20
  1970    1.00    1.00    1.06
  1980    0.78    0.80    0.98
  1990    0.71    0.58    0.73
  2000    0.67    0.67    0.74
  2010    0.56    0.50    0.62
 
Mean and Var log (1/1-tauw) and (1+tauh)^eta by Decade and Group:
meanlogtauw:
meanlogtauw =

        0   0.4107   0.4273   0.5122
        0   0.3638   0.2524   0.4106
        0   0.2653   0.1529   0.2653
        0   0.1770   0.1090   0.2047
        0   0.1482   0.0955   0.2124
        0   0.1259   0.0674   0.1811

varlogtauw:
varlogtauw =

        0   0.2469   0.1109   0.3505
        0   0.2279   0.0836   0.2623
        0   0.2706   0.0741   0.3406
        0   0.2434   0.0938   0.3266
        0   0.2317   0.1221   0.3529
        0   0.2195   0.1348   0.3295

meanlogtauh:
meanlogtauh =

        0   0.4354   0.4382   0.5455
        0   0.3094   0.2916   0.3584
        0   0.0644   0.2478   0.1304
        0  -0.0518   0.2776   0.0908
        0  -0.0463   0.2602   0.0200
        0  -0.0524   0.2769   0.0209

varlogtauh:
varlogtauh =

        0   0.1963   0.0921   0.2884
        0   0.1242   0.0826   0.1991
        0   0.0325   0.0613   0.0991
        0   0.0202   0.0679   0.0648
        0   0.0237   0.0851   0.0589
        0   0.0307   0.1359   0.0736

 
FS2 = 20
         |                                                                     
    1.8 +|+                                                                    
         |                                                                     
        #|**##############################################################     
        #|###*****########################################################     
    1.6 +|+#######*******#################################################     
        #|###############*******##########################################     
        #|######################******####################################     
        #|############################****################################     
    1.4 +|+###############################****############################     
        #|####################################*********###################     
        #|#############################################**************#####     
    1.2 +|+##########################################################*******   
        #|################################################################     
        #|################################################################     
        #|################################################################     
      1 +|+###############################################################     
        #|##################################################################   
        #|################################################################     
        +|-------------------------------------------------------------------  
    0.8 +-+##########+#############+############+#############+########### +   
      1960         1970          1980         1990          2000         2010  
                                                                               
                                                                               
                                                                               
                                                                               
         |                          White Women                                
    1.8 +|+                                                                    
         |                                                                     
        #|*****###########################################################     
    1.6 +|#####*********##################################################     
        #|##############****##############################################     
        #|##################*****#########################################     
        #|#######################******###################################     
    1.4 +|+############################******#############################     
        #|###################################**********###################     
        #|#############################################*********************   
    1.2 +|+###############################################################     
        #|################################################################     
        #|################################################################     
        #|################################################################     
      1 +|+#################################################################   
        #|################################################################     
        +|-------------------------------------------------------------------  
    0.8 +-+##########+#############+############+#############+########### +   
      1960         1970          1980         1990          2000         2010  
                                                                               
                                                                               
         |                                                                     
    1.7 +|+                                                                    
         |                                                                     
        #|################################################################     
    1.6 #|+###############################################################     
        #|################################################################     
        #|#*##############################################################     
    1.5 +|+##*############################################################     
        #|####**##########################################################     
        #|######*###########################################################   
        #|#######**#######################################################     
    1.4 +|+########**#####################################################     
        #|###########**###################################################     
        #|#############***################################################     
    1.3 +|+###############**##############################################     
        #|##################***###########################################     
        #|#####################***########################################     
    1.2 +|+#######################********################################     
        #|################################***************************#####     
        +|-------------------------------------------------------------------  
    1.1 +-+##########+#############+############+#############+########### +   
      1960         1970          1980         1990          2000         2010  
                                                                               
                                                                               
                                                                               
                                                                               
         |                           Black Men                                 
    1.7 +|+                                                                    
         |                                                                     
        #|################################################################     
    1.6 +|################################################################     
        #|#*##############################################################     
        #|###*############################################################     
    1.5 +|+###**##########################################################     
        #|######*###########################################################   
        #|#######**#######################################################     
    1.4 +|+########**#####################################################     
        #|###########**###################################################     
    1.3 +|+############****###############################################     
        #|#################***############################################     
        #|####################****########################################     
    1.2 +|+#######################********################################     
        #|################################***************************#####     
        +|-------------------------------------------------------------------  
    1.1 +-+##########+#############+############+#############+########### +   
      1960         1970          1980         1990          2000         2010  
                                                                               
                                                                               
         |                                                                     
      2 #|+                                                                    
        *|#                                                                    
        #|*###############################################################     
        #|##*#*###########################################################     
    1.8 +|+#####**########################################################     
        #|########**######################################################     
        #|##########****##################################################     
        #|##############****##############################################     
    1.6 +|+#################*****#########################################     
        #|#######################******###################################     
        #|#############################******#############################     
    1.4 +|+##################################************************#####     
        #|###########################################################*******   
        #|################################################################     
        #|################################################################     
    1.2 +|+###############################################################     
        #|################################################################     
        #|################################################################     
        +|-------------------------------------------------------------------  
      1 +-+##########+#############+############+#############+########### +   
      1960         1970          1980         1990          2000         2010  
                                                                               
                                                                               
                                                                               
                                                                               
         |                          Black Women                                
      2 #|+                                                                    
        *|#                                                                    
        #|*###############################################################     
    1.8 +|+####**#########################################################     
        #|#######***######################################################     
        #|##########****##################################################     
        #|##############****##############################################     
    1.6 +|+#################*****#########################################     
        #|#######################******###################################     
        #|#############################******#############################     
    1.4 +|+##################################************************#####     
        #|###########################################################*******   
        #|################################################################     
        #|################################################################     
    1.2 +|+###############################################################     
        #|################################################################     
        +|-------------------------------------------------------------------  
      1 +-+##########+#############+############+#############+########### +   
      1960         1970          1980         1990          2000         2010  
                                                                               
                                                                               
         |                                                                     
    2.5 +|+                                                                    
         |                                                                     
        #|################################################################     
        #|################################################################     
      2 +|+###############################################################     
        #|################################################################     
        #|################################################################     
        #|################################################################     
    1.5 +|+###############################################################     
        #|################################################################     
        #|################################################################     
      1 %|%%%%%########################################%%%%%%%%%%%%%%#####     
        #|#####%%%%%%%%%%%%%%%%%%%%%%%%%%%%%%%%%%%%%%%%####$$$$$$$$$$%%%%%%%   
        #|##########################################$$$$$$$**********$$$$$$$   
        $|$$$$$$$$$$$$$$$$$$$$$$$$$$$$$$$$$$$$$$$$$$***###################     
    0.5 +|+###############################################################     
        #|################################################################     
        #|################################################################     
        +|-------------------------------------------------------------------  
      0 +-+##########+#############+############+#############+########### +   
      1960         1970          1980         1990          2000         2010  
                                                                               
                                                                               
         |                                                                     
    2.5 +|+                                                                    
         |                                                                     
        #|################################################################     
        #|################################################################     
      2 +|+###############################################################     
        #|################################################################     
        #|################################################################     
        #|################################################################     
    1.5 +|+###############################################################     
        #|################################################################     
        #|################################################################     
      1 +|+###############################################################     
        *|******************################################################   
        #|##################**************#############$$$$$$$$$$$$$$$$$$$$$   
        #|##################$$$$$$$$$$$$$$$$$$$$$$$$$$$###################     
    0.5 $|$$$$$$$$$$$$$$$$$$##############################################     
        #|################################################################     
        #|################################################################     
        +|-------------------------------------------------------------------  
      0 +-+##########+#############+############+#############+########### +   
      1960         1970          1980         1990          2000         2010  
                                                                               
                                                                               
                                                                               
                                                                               
         |                           Mean of Z                                 
    2.5 +|+                                                                    
         |                                                                     
        #|################################################################     
      2 +|+###############################################################     
        #|################################################################     
        #|################################################################     
        #|################################################################     
    1.5 +|+###############################################################     
        #|################################################################     
        #|################################################################     
      1 +|+#############Black men######################Black women########     
        *|******************###########################$$$$$$$$$$$$$$$$$$$$$   
        #|################################$$$$$$$$$$$$$*********************   
        $|$$$$$$$$$$$$$$$$$$$$$$$$$$$$$$$$################################     
    0.5 +|+###############################################################     
        #|###########White women##########################################     
        +|-------------------------------------------------------------------  
      0 +-+##########+#############+############+#############+########### +   
      1960         1970          1980         1990          2000         2010  
                                                                               
                                                                               
 
Average Market Wage Gaps
 
  Year       WM       WW       BM       BW
------------------------------------------
  1960    1.000    0.555    0.559    0.347
  1970    1.000    0.527    0.627    0.418
  1980    1.000    0.549    0.714    0.513
  1990    1.000    0.613    0.700    0.555
  2000    1.000    0.647    0.694    0.566
  2010    1.000    0.714    0.710    0.604
 
GDP per person, per worker, Aggregate LFP, Earnings per person, Consumption per person (mkt)
   and Education Spending share of GDP
 
  Year        GDP     GDPmkt     GDPwkr        LFP   Earnings    EarnMkt  ConsYoung  EarnYoung   EduShare
---------------------------------------------------------------------------------------------------------
  1960      23967      17008      28414      0.599      18383      18383      26528      16290      0.142
  1970      31717      22888      36009      0.636      24645      24645      36221      21968      0.155
  1980      33691      25310      36045      0.702      27088      27088      34782      24391      0.207
  1990      41093      32682      42801      0.764      33953      33953      41667      28486      0.245
  2000      52402      36798      49266      0.747      39419      39419      50102      31605      0.167
  2010      52679      39432      51943      0.759      41541      41541      49974      32063      0.196
Edu2 =

   0.1417
   0.1550
   0.2069
   0.2448
   0.1667
   0.1957

 
NOTE: Those education numbers are shares of Total GDP, not GDPYoung.
Years of Education in Data and Model
 (phiFarm is chosen to match this in the benchmark case)
AvgYearsEdDataYWM =

   12.013   12.842   13.816   13.583   13.734   14.003

AvgYearsEdModel =

   12.013   12.842   13.816   13.583   13.734   14.003

 
AlphaSplitYoung for WW:
 
                   1960    1970    1980    1990    2000    2010
---------------------------------------------------------------
Home                NaN     NaN     NaN     NaN     NaN     NaN
Managers          0.500   0.600   0.878   1.000   1.000   1.000
MgmtRelated       0.500   0.498   0.902   1.000   1.000   1.000
Architects        0.500   0.000   0.000   0.000   0.055   0.141
Engineers         0.500   0.494   0.697   0.924   1.000   1.000
Math/CompSci      0.500   0.610   0.988   1.000   0.946   0.827
Science           0.500   0.514   0.935   1.000   1.000   1.000
Doctors           0.500   0.620   0.847   1.000   1.000   1.000
Nurses            0.500   0.586   0.737   0.813   0.951   0.815
Therapists        0.500   0.919   0.631   0.692   0.680   0.756
Professors        0.500   0.663   1.000   1.000   1.000   1.000
Teachers          0.500   0.417   0.125   0.522   0.604   0.655
Librarians        0.719   1.000   0.885   1.000   0.912   0.762
Soc.Scientists    0.500   0.711   1.000   1.000   0.000   0.220
SocialWork        0.500   0.723   1.000   0.000   0.250   0.403
Lawyers           0.500   0.575   1.000   1.000   1.000   1.000
Arts/Athletes     0.500   0.564   1.000   1.000   1.000   1.000
HealthTechs       0.500   0.192   0.648   0.687   0.926   0.695
Eng.Techs         0.500   0.530   0.715   0.762   0.864   1.000
ScienceTechs      0.500   0.499   0.825   1.000   1.000   1.000
OtherTechs        0.500   0.580   1.000   1.000   1.000   1.000
Sales             0.500   0.549   0.648   0.891   1.000   1.000
Secretaries       0.867   0.875   0.909   0.912   1.000   1.000
Info.Clerks       0.500   0.000   0.550   0.705   0.744   0.741
Records           0.500   0.556   0.406   0.579   0.876   1.000
FinancialClerk    0.500   0.137   0.720   0.804   0.880   1.000
OfficeMachine     0.500   0.329   0.000   0.000   0.000   1.000
ComputerTech      0.745   0.000   0.000   0.000   0.000   0.000
Mail              0.500   0.612   0.666   1.000   0.962   0.667
Clerks            0.500   0.448   0.618   0.939   0.968   0.942
Insurance         0.500   0.824   1.000   0.374   0.271   0.261
Misc.Admin        0.500   1.000   0.580   0.645   0.731   0.755
PrivateHshld      0.500   0.111   1.000   1.000   1.000   1.000
Firefighting        NaN     NaN   0.000   0.000     NaN     NaN
Police              NaN     NaN   0.000     NaN     NaN     NaN
Guards              NaN     NaN     NaN   0.000     NaN     NaN
FoodPrep          0.500   0.243   0.000   0.000   0.000   0.000
HealthService     0.500   0.654   0.816   0.725   0.810   0.798
Cleaning         -0.000     NaN  -0.000     NaN  -0.000     NaN
PersonalService   0.500   0.803   0.303   0.532   0.559   0.604
FarmMgrs            NaN     NaN   0.000   0.000  -0.000     NaN
FarmWork         -0.000     NaN     NaN     NaN   0.000     NaN
Agriculture       0.000     NaN     NaN     NaN     NaN     NaN
Forest              NaN   0.000  -0.000   0.000     NaN     NaN
Mechanics         0.000     NaN     NaN     NaN   0.000     NaN
Elec.Repairer     0.500   0.510   0.569   0.541   0.492   0.445
Misc.Repairer       NaN     NaN     NaN   0.000     NaN     NaN
Construction        NaN     NaN   0.000  -0.000     NaN     NaN
Extractive          NaN   0.000   0.000   0.000     NaN   0.000
Supervisor(P)       NaN     NaN   0.000  -0.000     NaN     NaN
MetalWork           NaN     NaN     NaN     NaN     NaN     NaN
WoodWork            NaN     NaN  -0.000     NaN   0.000     NaN
Textiles          0.000   0.000     NaN  -0.000   0.000  -0.000
Other             0.500   0.460   0.468   0.638   0.191   0.596
Food                NaN  -0.000   0.000     NaN     NaN     NaN
PlantOperator       NaN     NaN     NaN  -0.000     NaN   0.000
MetalMach.          NaN   0.000     NaN   0.000     NaN  -0.000
MetalProc.        0.000     NaN   0.000   0.000  -0.000  -0.000
WoodMach.           NaN     NaN  -0.000   0.000     NaN  -0.000
TextileMach.        NaN     NaN     NaN     NaN  -0.000   0.000
PrintMach.        0.000   0.000     NaN     NaN     NaN     NaN
OtherMach.          NaN  -0.000  -0.000   0.000   0.000     NaN
Fabricators       0.000  -0.000     NaN  -0.000  -0.000   0.000
Prod.Inspectors   0.500   0.510   0.545   0.618   0.628   0.605
MotorVehicle        NaN  -0.000     NaN     NaN  -0.000   0.000
OtherVehicle        NaN  -0.000   0.000     NaN     NaN   0.000
Freight             NaN     NaN   0.000     NaN     NaN   0.000
 
============================================
SPLIT of tauhat into TauW and TauH (young), earnings weighted
 - For comparison with our 1960 assumption
============================================
 
                 1960      1970      1980      1990      2000      2010
-----------------------------------------------------------------------
White Men       0.000     0.000     0.000     0.000     0.000     0.000
White Women     0.357     0.390     0.506     0.583     0.608     0.610
Black Men       0.505     0.492     0.478     0.421     0.519     0.515
Black Women     0.447     0.546     0.581     0.704     0.775     0.784
-----------------------------------------------------------------------
///Mean///      0.386     0.419     0.510     0.574     0.613     0.615
  And the mean for all years is      0.519
The mean for yearsafter 1960 is      0.546
 
                 1960      1970      1980      1990      2000      2010
-----------------------------------------------------------------------
White Men       0.000     0.000     0.000     0.000     0.000     0.000
White Women     0.158     0.251     0.371     0.398     0.394     0.360
Black Men       0.042     0.273     0.341     0.360     0.419     0.447
Black Women     0.075     0.246     0.331     0.340     0.285     0.319
-----------------------------------------------------------------------
/// Std///      0.134     0.254     0.363     0.387     0.386     0.368
  And the std for all years is      0.315
The std for yearsafter 1960 is      0.352
SolveEqmBasic_NoBrawny                 05-Oct-2026 
 
'SolveEqmBasic' is a script from the file /workspace/output/replication/codebase/SolveEqmBasic.m

 SolveEqmBasic.m    

  Takes the TalentData.mat data on Taus, Z's, A(i,t).
  Solves for the equilibrium w(i) and Y

  See 2015-06-02-SolvingGE.pdf notes (old but somewhat useful?)

  Method: For each year,
    1. Guess values for {mgtilde}, Y ==> 5 unknowns
    2. Solve for {wi} from Hi^supply = Hi^demand
    3. Compute mghat, Yhat 
    4. Iterate until converge.


Additional help for built-in functions and operators is
available in the online version of the manual.  Use the command
'doc <topic>' to search the manual index.

Help and information about Octave is also available on the WWW
at https://www.octave.org and via the help@octave.org
mailing list.
 
=============================================================
KEY PARAMETER VALUES:    CaseName = NoBrawny
                   theta =  2.0000
                     eta =  0.1030
            theta*(1-eta)=  1.7940
                    dlta =  0.0000
                      mu =  0.5574
                   sigma =  3.0000
           EstimateDelta =  0.0000
           ConstrainTauH = -0.8000
PurgeWageGrowthSelection =     0
      AlphaSplitTauW1960 =  0.5000
   OccupationforWageHome = 23 Secretaries                               
IgnoreBrawnyOccupations = 1 -- choosing T(i,g) to zero out tauw/h there
   Alpha0FixedSplit =  0.5000
=============================================================
 
...... 
 
                                         Wages                          H(i,t)                 HYoung
 
                 Data60 Model60Data2010   Model      Data60   ModelData2010   Model      Data60   ModelData2010   Model
-----------------------------------------------------------------------------------------------------------------------
Home               6019    6013    9717    9843       0.814   0.827   0.952   0.929       0.286   0.299   0.232   0.233
Managers           7097    7130   10573   11626       0.393   0.393   0.823   0.628       0.075   0.074   0.135   0.145
MgmtRelated        4797    4790    8212    8176       0.143   0.145   0.463   0.476       0.043   0.046   0.108   0.108
Architects          933     930    1519    1500       0.022   0.023   0.053   0.056       0.006   0.006   0.012   0.013
Engineers          5693    5657    6604    6268       0.096   0.099   0.171   0.203       0.035   0.038   0.043   0.044
Math/CompSci        931     924    5885    5706       0.016   0.016   0.210   0.233       0.007   0.008   0.053   0.053
Science            2399    2386    2829    2720       0.043   0.045   0.109   0.124       0.017   0.019   0.032   0.032
Doctors            3131    3182    4678    5417       0.120   0.116   0.271   0.177       0.024   0.019   0.039   0.040
Nurses             1524    1522    3243    3277       0.112   0.114   0.233   0.229       0.036   0.038   0.061   0.064
Therapists          515     517    2217    2201       0.022   0.022   0.122   0.127       0.008   0.008   0.039   0.040
Professors         1928    1929    2592    2745       0.049   0.049   0.169   0.144       0.012   0.013   0.036   0.038
Teachers           3453    3448    4935    4797       0.169   0.172   0.347   0.383       0.053   0.056   0.102   0.104
Librarians          335     334     551     591       0.042   0.043   0.061   0.050       0.010   0.011   0.012   0.013
Soc.Scientists     1168    1163    2185    2143       0.026   0.027   0.117   0.126       0.009   0.010   0.030   0.030
SocialWork         1633    1635    2240    2124       0.076   0.077   0.163   0.193       0.023   0.024   0.047   0.047
Lawyers            2802    2825    6027    6160       0.063   0.062   0.187   0.178       0.016   0.015   0.040   0.039
Arts/Athletes      3016    3014    4283    4047       0.090   0.091   0.212   0.255       0.033   0.035   0.066   0.059
HealthTechs         879     879    2439    2302       0.077   0.078   0.184   0.222       0.026   0.027   0.054   0.053
Eng.Techs          2892    2863    2709    2500       0.056   0.058   0.117   0.151       0.028   0.031   0.031   0.030
ScienceTechs       1846    1832    1095     998       0.045   0.047   0.052   0.070       0.020   0.022   0.015   0.015
OtherTechs         1368    1364    6332    6091       0.043   0.044   0.226   0.257       0.014   0.015   0.055   0.054
Sales              6560    6577    8795    8901       0.286   0.288   0.646   0.632       0.080   0.082   0.164   0.152
Secretaries         918     914    1254    1108       0.191   0.196   0.142   0.209       0.068   0.074   0.033   0.031
Info.Clerks         826     821    1284    1144       0.054   0.055   0.139   0.199       0.020   0.022   0.048   0.044
Records            1291    1288    1087    1006       0.068   0.069   0.093   0.119       0.018   0.019   0.027   0.026
FinancialClerk     1393    1388    1411    1303       0.151   0.155   0.173   0.222       0.046   0.050   0.040   0.039
OfficeMachine      1148    1138     325     371       0.061   0.063   0.059   0.040       0.029   0.031   0.007   0.009
ComputerTech        608     604     805     668       0.084   0.086   0.057   0.101       0.031   0.033   0.013   0.012
Mail               1774    1766    1475    1476       0.092   0.094   0.149   0.151       0.024   0.026   0.023   0.023
Clerks             2122    2113    3012    2851       0.106   0.109   0.216   0.259       0.034   0.037   0.061   0.059
Insurance          1292    1282    3081    2867       0.031   0.032   0.235   0.296       0.012   0.013   0.078   0.075
Misc.Admin         3627    3612    2012    1797       0.228   0.234   0.194   0.276       0.074   0.079   0.058   0.053
PrivateHshld        542     544     435     448       0.118   0.118   0.128   0.119       0.024   0.025   0.029   0.030
Firefighting       1376    1365    2783    2695       0.043   0.044   0.067   0.074       0.016   0.017   0.018   0.018
Police             2018    2001    4590    4505       0.059   0.061   0.152   0.163       0.023   0.026   0.038   0.040
Guards              929     928    2087    1993       0.059   0.060   0.101   0.117       0.013   0.014   0.032   0.030
FoodPrep           1250    1254    3334    2952       0.225   0.226   0.169   0.247       0.059   0.060   0.074   0.067
HealthService       532     531    1453    1391       0.108   0.110   0.220   0.254       0.035   0.036   0.072   0.071
Cleaning            765     766    2119    2193       0.107   0.108   0.172   0.157       0.020   0.021   0.035   0.036
PersonalService    1386    1397    1918    1838       0.190   0.188   0.212   0.244       0.054   0.052   0.069   0.064
FarmMgrs           2009    2046    1662    1752       0.235   0.226   0.105   0.091       0.054   0.045   0.020   0.017
FarmWork           1005    1022    1425    1291       0.123   0.119   0.072   0.099       0.046   0.041   0.027   0.025
Agriculture         652     653    2214    2133       0.041   0.041   0.118   0.134       0.013   0.013   0.037   0.035
Forest              613     619     892     872       0.052   0.051   0.047   0.051       0.016   0.015   0.010   0.010
Mechanics          2688    2681    4256    4040       0.111   0.113   0.169   0.200       0.039   0.041   0.041   0.040
Elec.Repairer      2854    2832    3156    2962       0.067   0.070   0.114   0.140       0.031   0.034   0.031   0.030
Misc.Repairer      3304    3295    2490    2419       0.145   0.148   0.108   0.120       0.043   0.046   0.024   0.024
Construction       4466    4466    6764    6362       0.184   0.186   0.272   0.332       0.057   0.060   0.075   0.069
Extractive         1626    1620    2054    1880       0.063   0.064   0.036   0.048       0.021   0.023   0.016   0.014
Supervisor(P)      3428    3425    2316    2335       0.171   0.174   0.140   0.139       0.035   0.038   0.022   0.023
MetalWork          3116    3104    1574    1461       0.120   0.123   0.081   0.102       0.036   0.038   0.015   0.014
WoodWork            624     623     518     482       0.032   0.033   0.030   0.038       0.009   0.009   0.007   0.006
Textiles            711     709     331     327       0.178   0.181   0.046   0.049       0.043   0.046   0.007   0.007
Other              1185    1182    1209    1144       0.052   0.053   0.098   0.117       0.017   0.018   0.037   0.036
Food               1373    1370    1069     993       0.065   0.066   0.073   0.092       0.020   0.021   0.022   0.021
PlantOperator      2206    2199    1615    1595       0.065   0.066   0.063   0.066       0.018   0.019   0.013   0.013
MetalMach.         1357    1353     885     767       0.071   0.073   0.042   0.065       0.018   0.020   0.011   0.010
MetalProc.          643     641     501     438       0.038   0.039   0.027   0.041       0.010   0.011   0.006   0.006
WoodMach.           537     539    1349    1277       0.035   0.035   0.068   0.081       0.012   0.012   0.017   0.017
TextileMach.       1871    1863     933     832       0.064   0.065   0.058   0.082       0.021   0.023   0.012   0.011
PrintMach.          790     790     665     557       0.118   0.119   0.075   0.130       0.031   0.032   0.019   0.016
OtherMach.         5064    5050    2844    2613       0.293   0.299   0.150   0.197       0.094   0.100   0.040   0.037
Fabricators        2432    2423    2730    2399       0.135   0.138   0.128   0.191       0.042   0.045   0.036   0.032
Prod.Inspectors    1670    1665    1909    1769       0.114   0.116   0.107   0.136       0.031   0.034   0.026   0.025
MotorVehicle       4105    4106    4113    4156       0.187   0.189   0.255   0.251       0.065   0.067   0.052   0.052
OtherVehicle       2479    2475    2591    2469       0.111   0.113   0.086   0.101       0.030   0.032   0.022   0.021
Freight            3222    3221    2879    2629       0.185   0.187   0.150   0.200       0.065   0.068   0.046   0.043
 
 
1960 and 2010 quantities
White Men p(:,WM) for        Young Cohort                          Middle-Aged Cohort                      Old-Aged Cohort
 
                     Data60  Model60 Data2010Model2010      Data60  Model60 Data2010Model2010      Data60  Model60 Data2010Model2010
------------------------------------------------------------------------------------------------------------------------------------
Home                 0.0863   0.0862   0.1505   0.1608      0.0769   0.0769   0.1237   0.1578      0.1108   0.1108   0.1621   0.0949
Managers             0.0771   0.0778   0.0740   0.0932      0.1176   0.1176   0.1180   0.0932      0.1264   0.1264   0.1236   0.0996
MgmtRelated          0.0318   0.0318   0.0398   0.0411      0.0296   0.0296   0.0410   0.0427      0.0233   0.0233   0.0407   0.0387
Architects           0.0008   0.0008   0.0015   0.0015      0.0008   0.0008   0.0017   0.0024      0.0007   0.0007   0.0017   0.0022
Engineers            0.0298   0.0295   0.0185   0.0173      0.0251   0.0251   0.0186   0.0207      0.0154   0.0154   0.0219   0.0258
Math/CompSci         0.0008   0.0008   0.0240   0.0235      0.0004   0.0004   0.0236   0.0227      0.0002   0.0002   0.0175   0.0099
Science              0.0063   0.0063   0.0054   0.0051      0.0047   0.0047   0.0048   0.0062      0.0029   0.0029   0.0042   0.0049
Doctors              0.0083   0.0085   0.0058   0.0081      0.0102   0.0102   0.0095   0.0103      0.0082   0.0082   0.0103   0.0119
Nurses               0.0025   0.0025   0.0044   0.0047      0.0022   0.0022   0.0054   0.0035      0.0026   0.0026   0.0044   0.0029
Therapists           0.0004   0.0004   0.0028   0.0029      0.0003   0.0003   0.0033   0.0025      0.0004   0.0004   0.0023   0.0015
Professors           0.0033   0.0033   0.0070   0.0082      0.0033   0.0033   0.0068   0.0066      0.0026   0.0026   0.0062   0.0049
Teachers             0.0188   0.0187   0.0239   0.0235      0.0110   0.0110   0.0229   0.0196      0.0087   0.0087   0.0171   0.0148
Librarians           0.0002   0.0002   0.0004   0.0005      0.0002   0.0002   0.0006   0.0005      0.0002   0.0002   0.0005   0.0006
Soc.Scientists       0.0013   0.0013   0.0028   0.0028      0.0010   0.0010   0.0031   0.0018      0.0006   0.0006   0.0024   0.0029
SocialWork           0.0073   0.0073   0.0070   0.0065      0.0064   0.0064   0.0068   0.0055      0.0058   0.0058   0.0065   0.0059
Lawyers              0.0052   0.0053   0.0073   0.0080      0.0051   0.0051   0.0098   0.0094      0.0055   0.0055   0.0094   0.0103
Arts/Athletes        0.0127   0.0127   0.0180   0.0168      0.0096   0.0096   0.0162   0.0176      0.0070   0.0070   0.0125   0.0169
HealthTechs          0.0019   0.0019   0.0069   0.0064      0.0014   0.0014   0.0058   0.0048      0.0012   0.0012   0.0044   0.0041
Eng.Techs            0.0149   0.0146   0.0078   0.0069      0.0074   0.0074   0.0080   0.0084      0.0037   0.0037   0.0082   0.0148
ScienceTechs         0.0065   0.0064   0.0013   0.0011      0.0040   0.0040   0.0011   0.0011      0.0022   0.0022   0.0011   0.0021
OtherTechs           0.0033   0.0033   0.0197   0.0190      0.0029   0.0029   0.0200   0.0218      0.0016   0.0016   0.0172   0.0199
Sales                0.0767   0.0771   0.0889   0.0947      0.0748   0.0748   0.0912   0.0966      0.0669   0.0669   0.0896   0.1137
Secretaries          0.0019   0.0019   0.0024   0.0019      0.0013   0.0013   0.0017   0.0013      0.0014   0.0014   0.0016   0.0009
Info.Clerks          0.0016   0.0015   0.0035   0.0029      0.0015   0.0015   0.0020   0.0022      0.0009   0.0009   0.0019   0.0024
Records              0.0024   0.0024   0.0021   0.0018      0.0025   0.0025   0.0014   0.0014      0.0024   0.0024   0.0014   0.0017
FinancialClerk       0.0049   0.0049   0.0030   0.0027      0.0037   0.0037   0.0023   0.0024      0.0037   0.0037   0.0022   0.0028
OfficeMachine        0.0031   0.0031   0.0002   0.0003      0.0010   0.0010   0.0004   0.0008      0.0006   0.0006   0.0007   0.0003
ComputerTech         0.0007   0.0007   0.0010   0.0007      0.0005   0.0005   0.0009   0.0013      0.0004   0.0004   0.0010   0.0047
Mail                 0.0075   0.0074   0.0033   0.0035      0.0114   0.0114   0.0048   0.0041      0.0087   0.0087   0.0066   0.0069
Clerks               0.0144   0.0142   0.0210   0.0196      0.0131   0.0131   0.0171   0.0188      0.0132   0.0132   0.0165   0.0186
Insurance            0.0032   0.0031   0.0155   0.0140      0.0019   0.0019   0.0100   0.0123      0.0013   0.0013   0.0081   0.0049
Misc.Admin           0.0308   0.0306   0.0067   0.0056      0.0251   0.0251   0.0043   0.0045      0.0245   0.0245   0.0039   0.0071
PrivateHshld         0.0010   0.0010   0.0010   0.0011      0.0010   0.0010   0.0012   0.0008      0.0013   0.0013   0.0012   0.0011
Firefighting         0.0048   0.0047   0.0058   0.0057      0.0044   0.0044   0.0065   0.0050      0.0029   0.0029   0.0046   0.0045
Police               0.0103   0.0101   0.0181   0.0182      0.0079   0.0079   0.0226   0.0191      0.0060   0.0060   0.0144   0.0133
Guards               0.0026   0.0026   0.0084   0.0080      0.0036   0.0036   0.0062   0.0050      0.0062   0.0062   0.0059   0.0067
FoodPrep             0.0075   0.0076   0.0440   0.0359      0.0087   0.0087   0.0227   0.0201      0.0109   0.0109   0.0127   0.0166
HealthService        0.0017   0.0017   0.0056   0.0053      0.0014   0.0014   0.0038   0.0027      0.0016   0.0016   0.0034   0.0031
Cleaning             0.0032   0.0032   0.0132   0.0148      0.0053   0.0053   0.0160   0.0109      0.0099   0.0099   0.0207   0.0178
PersonalService      0.0073   0.0074   0.0081   0.0077      0.0055   0.0055   0.0068   0.0061      0.0078   0.0078   0.0059   0.0039
FarmMgrs             0.0331   0.0343   0.0045   0.0052      0.0465   0.0465   0.0054   0.0054      0.0606   0.0606   0.0080   0.0112
FarmWork             0.0152   0.0157   0.0090   0.0077      0.0114   0.0114   0.0066   0.0041      0.0128   0.0128   0.0050   0.0054
Agriculture          0.0018   0.0018   0.0183   0.0177      0.0018   0.0018   0.0157   0.0115      0.0024   0.0024   0.0120   0.0090
Forest               0.0025   0.0026   0.0017   0.0017      0.0025   0.0025   0.0023   0.0024      0.0028   0.0028   0.0022   0.0025
Mechanics            0.0243   0.0242   0.0291   0.0273      0.0221   0.0221   0.0317   0.0359      0.0188   0.0188   0.0350   0.0379
Elec.Repairer        0.0183   0.0180   0.0145   0.0133      0.0118   0.0118   0.0142   0.0147      0.0063   0.0063   0.0121   0.0114
Misc.Repairer        0.0308   0.0306   0.0097   0.0095      0.0339   0.0339   0.0113   0.0104      0.0341   0.0341   0.0136   0.0130
Construction         0.0507   0.0507   0.0910   0.0838      0.0542   0.0542   0.0892   0.0873      0.0512   0.0512   0.0801   0.0930
Extractive           0.0075   0.0075   0.0041   0.0036      0.0071   0.0071   0.0023   0.0011      0.0067   0.0067   0.0020   0.0021
Supervisor(P)        0.0216   0.0216   0.0064   0.0068      0.0343   0.0343   0.0107   0.0120      0.0366   0.0366   0.0121   0.0152
MetalWork            0.0219   0.0217   0.0039   0.0035      0.0253   0.0253   0.0055   0.0069      0.0222   0.0222   0.0071   0.0136
WoodWork             0.0013   0.0013   0.0007   0.0007      0.0016   0.0016   0.0008   0.0012      0.0015   0.0015   0.0010   0.0013
Textiles             0.0021   0.0021   0.0004   0.0004      0.0025   0.0025   0.0006   0.0006      0.0026   0.0026   0.0007   0.0013
Other                0.0035   0.0035   0.0027   0.0026      0.0034   0.0034   0.0020   0.0023      0.0028   0.0028   0.0018   0.0031
Food                 0.0060   0.0059   0.0038   0.0034      0.0056   0.0056   0.0030   0.0031      0.0069   0.0069   0.0029   0.0039
PlantOperator        0.0068   0.0068   0.0024   0.0024      0.0080   0.0080   0.0031   0.0025      0.0081   0.0081   0.0042   0.0049
MetalMach.           0.0049   0.0049   0.0017   0.0014      0.0062   0.0062   0.0017   0.0022      0.0067   0.0067   0.0019   0.0034
MetalProc.           0.0014   0.0013   0.0005   0.0004      0.0016   0.0016   0.0006   0.0012      0.0016   0.0016   0.0006   0.0015
WoodMach.            0.0016   0.0016   0.0041   0.0039      0.0014   0.0014   0.0042   0.0087      0.0016   0.0016   0.0046   0.0017
TextileMach.         0.0074   0.0073   0.0019   0.0015      0.0062   0.0062   0.0023   0.0031      0.0069   0.0069   0.0027   0.0058
PrintMach.           0.0032   0.0032   0.0016   0.0012      0.0035   0.0035   0.0016   0.0021      0.0037   0.0037   0.0014   0.0031
OtherMach.           0.0872   0.0867   0.0176   0.0155      0.0800   0.0800   0.0172   0.0172      0.0779   0.0779   0.0156   0.0224
Fabricators          0.0177   0.0176   0.0158   0.0127      0.0189   0.0189   0.0152   0.0158      0.0158   0.0158   0.0130   0.0219
Prod.Inspectors      0.0073   0.0073   0.0053   0.0047      0.0070   0.0070   0.0050   0.0054      0.0069   0.0069   0.0055   0.0063
MotorVehicle         0.0567   0.0568   0.0356   0.0378      0.0518   0.0518   0.0472   0.0442      0.0462   0.0462   0.0514   0.0480
OtherVehicle         0.0146   0.0145   0.0081   0.0077      0.0179   0.0179   0.0087   0.0074      0.0168   0.0168   0.0091   0.0094
Freight              0.0456   0.0456   0.0249   0.0216      0.0386   0.0386   0.0192   0.0164      0.0390   0.0390   0.0179   0.0266
 
 
1960 and 2010 quantities
White women p(:,WW) for      Young Cohort                          Middle-Aged Cohort                      Old-Aged Cohort
 
                     Data60  Model60 Data2010Model2010      Data60  Model60 Data2010Model2010      Data60  Model60 Data2010Model2010
------------------------------------------------------------------------------------------------------------------------------------
Home                 0.7388   0.7391   0.3087   0.3257      0.6698   0.6698   0.3235   0.3629      0.6238   0.6238   0.3149   0.3292
Managers             0.0068   0.0068   0.0587   0.0730      0.0145   0.0145   0.0722   0.0692      0.0217   0.0217   0.0727   0.0732
MgmtRelated          0.0033   0.0033   0.0467   0.0476      0.0046   0.0046   0.0509   0.0568      0.0058   0.0058   0.0525   0.0515
Architects           0.0000   0.0000   0.0008   0.0008      0.0000   0.0000   0.0005   0.0009      0.0000   0.0000   0.0004   0.0006
Engineers            0.0002   0.0002   0.0032   0.0029      0.0001   0.0001   0.0024   0.0031      0.0002   0.0002   0.0024   0.0037
Math/CompSci         0.0001   0.0001   0.0075   0.0072      0.0002   0.0002   0.0083   0.0092      0.0001   0.0001   0.0089   0.0060
Science              0.0003   0.0003   0.0046   0.0043      0.0003   0.0003   0.0029   0.0038      0.0002   0.0002   0.0021   0.0024
Doctors              0.0003   0.0003   0.0059   0.0081      0.0004   0.0004   0.0061   0.0062      0.0005   0.0005   0.0044   0.0047
Nurses               0.0109   0.0109   0.0328   0.0344      0.0107   0.0107   0.0322   0.0226      0.0118   0.0118   0.0346   0.0260
Therapists           0.0004   0.0004   0.0122   0.0123      0.0003   0.0003   0.0099   0.0088      0.0002   0.0002   0.0073   0.0055
Professors           0.0004   0.0004   0.0069   0.0080      0.0006   0.0006   0.0067   0.0063      0.0008   0.0008   0.0060   0.0039
Teachers             0.0167   0.0166   0.0772   0.0750      0.0171   0.0171   0.0731   0.0596      0.0310   0.0310   0.0637   0.0423
Librarians           0.0008   0.0008   0.0013   0.0015      0.0011   0.0011   0.0017   0.0014      0.0019   0.0019   0.0020   0.0014
Soc.Scientists       0.0003   0.0003   0.0051   0.0050      0.0003   0.0003   0.0043   0.0026      0.0003   0.0003   0.0031   0.0037
SocialWork           0.0015   0.0015   0.0119   0.0110      0.0017   0.0017   0.0103   0.0091      0.0025   0.0025   0.0089   0.0070
Lawyers              0.0001   0.0001   0.0062   0.0066      0.0001   0.0001   0.0058   0.0063      0.0001   0.0001   0.0043   0.0055
Arts/Athletes        0.0039   0.0039   0.0155   0.0142      0.0028   0.0028   0.0113   0.0145      0.0031   0.0031   0.0104   0.0148
HealthTechs          0.0035   0.0035   0.0178   0.0163      0.0037   0.0037   0.0170   0.0123      0.0055   0.0055   0.0160   0.0165
Eng.Techs            0.0005   0.0005   0.0024   0.0021      0.0006   0.0006   0.0017   0.0021      0.0003   0.0003   0.0021   0.0032
ScienceTechs         0.0006   0.0006   0.0007   0.0006      0.0006   0.0006   0.0005   0.0005      0.0003   0.0003   0.0006   0.0010
OtherTechs           0.0002   0.0002   0.0085   0.0081      0.0003   0.0003   0.0096   0.0112      0.0003   0.0003   0.0103   0.0113
Sales                0.0197   0.0198   0.0700   0.0737      0.0355   0.0355   0.0650   0.0725      0.0447   0.0447   0.0655   0.0790
Secretaries          0.0414   0.0410   0.0296   0.0238      0.0384   0.0384   0.0366   0.0269      0.0341   0.0341   0.0481   0.0512
Info.Clerks          0.0027   0.0027   0.0154   0.0126      0.0023   0.0023   0.0114   0.0126      0.0020   0.0020   0.0118   0.0136
Records              0.0019   0.0019   0.0050   0.0044      0.0025   0.0025   0.0051   0.0036      0.0028   0.0028   0.0063   0.0055
FinancialClerk       0.0149   0.0148   0.0145   0.0127      0.0178   0.0178   0.0197   0.0192      0.0176   0.0176   0.0237   0.0241
OfficeMachine        0.0049   0.0049   0.0003   0.0004      0.0039   0.0039   0.0004   0.0009      0.0032   0.0032   0.0006   0.0003
ComputerTech         0.0069   0.0068   0.0010   0.0007      0.0054   0.0054   0.0012   0.0017      0.0069   0.0069   0.0014   0.0074
Mail                 0.0003   0.0003   0.0012   0.0013      0.0007   0.0007   0.0024   0.0023      0.0007   0.0007   0.0040   0.0046
Clerks               0.0012   0.0012   0.0107   0.0099      0.0017   0.0017   0.0118   0.0114      0.0018   0.0018   0.0131   0.0129
Insurance            0.0001   0.0001   0.0275   0.0244      0.0002   0.0002   0.0226   0.0272      0.0002   0.0002   0.0219   0.0131
Misc.Admin           0.0296   0.0294   0.0220   0.0181      0.0337   0.0337   0.0198   0.0189      0.0350   0.0350   0.0232   0.0342
PrivateHshld         0.0022   0.0022   0.0076   0.0083      0.0042   0.0042   0.0108   0.0058      0.0080   0.0080   0.0105   0.0046
Firefighting         0.0000   0.0000   0.0003   0.0002      0.0000   0.0000   0.0003   0.0002      0.0000   0.0000   0.0002   0.0002
Police               0.0002   0.0002   0.0038   0.0038      0.0002   0.0002   0.0042   0.0033      0.0002   0.0002   0.0031   0.0022
Guards               0.0000   0.0000   0.0022   0.0020      0.0001   0.0001   0.0018   0.0014      0.0001   0.0001   0.0022   0.0016
FoodPrep             0.0163   0.0164   0.0416   0.0336      0.0229   0.0229   0.0266   0.0221      0.0244   0.0244   0.0242   0.0249
HealthService        0.0044   0.0044   0.0353   0.0332      0.0051   0.0051   0.0290   0.0200      0.0069   0.0069   0.0276   0.0173
Cleaning             0.0003   0.0003   0.0044   0.0048      0.0010   0.0010   0.0066   0.0033      0.0014   0.0014   0.0083   0.0052
PersonalService      0.0076   0.0078   0.0299   0.0283      0.0120   0.0120   0.0248   0.0277      0.0143   0.0143   0.0211   0.0210
FarmMgrs             0.0005   0.0005   0.0006   0.0007      0.0010   0.0010   0.0008   0.0007      0.0020   0.0020   0.0014   0.0014
FarmWork             0.0022   0.0022   0.0021   0.0018      0.0032   0.0032   0.0018   0.0011      0.0038   0.0038   0.0014   0.0012
Agriculture          0.0001   0.0001   0.0030   0.0029      0.0003   0.0003   0.0026   0.0018      0.0003   0.0003   0.0025   0.0020
Forest               0.0000   0.0000   0.0001   0.0001      0.0001   0.0001   0.0002   0.0001      0.0000   0.0000   0.0002   0.0001
Mechanics            0.0001   0.0001   0.0008   0.0008      0.0001   0.0001   0.0008   0.0010      0.0000   0.0000   0.0008   0.0009
Elec.Repairer        0.0002   0.0002   0.0008   0.0007      0.0001   0.0001   0.0008   0.0009      0.0001   0.0001   0.0009   0.0009
Misc.Repairer        0.0002   0.0002   0.0005   0.0005      0.0003   0.0003   0.0005   0.0006      0.0004   0.0004   0.0007   0.0009
Construction         0.0002   0.0002   0.0017   0.0016      0.0002   0.0002   0.0021   0.0023      0.0003   0.0003   0.0023   0.0024
Extractive           0.0000   0.0000   0.0001   0.0000      0.0000   0.0000   0.0001   0.0000      0.0000   0.0000   0.0001   0.0000
Supervisor(P)        0.0012   0.0012   0.0013   0.0013      0.0021   0.0021   0.0019   0.0026      0.0027   0.0027   0.0024   0.0029
MetalWork            0.0002   0.0002   0.0001   0.0001      0.0005   0.0005   0.0003   0.0004      0.0002   0.0002   0.0003   0.0006
WoodWork             0.0000   0.0000   0.0001   0.0000      0.0000   0.0000   0.0001   0.0001      0.0000   0.0000   0.0001   0.0002
Textiles             0.0085   0.0085   0.0003   0.0003      0.0121   0.0121   0.0004   0.0004      0.0160   0.0160   0.0007   0.0011
Other                0.0004   0.0004   0.0079   0.0073      0.0004   0.0004   0.0052   0.0051      0.0004   0.0004   0.0046   0.0018
Food                 0.0002   0.0002   0.0020   0.0017      0.0005   0.0005   0.0021   0.0015      0.0004   0.0004   0.0022   0.0015
PlantOperator        0.0001   0.0001   0.0001   0.0001      0.0001   0.0001   0.0002   0.0001      0.0001   0.0001   0.0002   0.0003
MetalMach.           0.0002   0.0002   0.0003   0.0002      0.0003   0.0003   0.0004   0.0005      0.0003   0.0003   0.0004   0.0007
MetalProc.           0.0000   0.0000   0.0001   0.0001      0.0000   0.0000   0.0001   0.0002      0.0000   0.0000   0.0002   0.0003
WoodMach.            0.0000   0.0000   0.0006   0.0006      0.0000   0.0000   0.0009   0.0023      0.0001   0.0001   0.0012   0.0003
TextileMach.         0.0003   0.0003   0.0004   0.0004      0.0004   0.0004   0.0006   0.0008      0.0004   0.0004   0.0007   0.0023
PrintMach.           0.0037   0.0038   0.0019   0.0014      0.0060   0.0060   0.0025   0.0027      0.0080   0.0080   0.0029   0.0072
OtherMach.           0.0261   0.0260   0.0045   0.0039      0.0375   0.0375   0.0059   0.0063      0.0345   0.0345   0.0066   0.0078
Fabricators          0.0054   0.0054   0.0032   0.0026      0.0082   0.0082   0.0042   0.0053      0.0062   0.0062   0.0051   0.0089
Prod.Inspectors      0.0041   0.0041   0.0023   0.0020      0.0068   0.0068   0.0027   0.0034      0.0066   0.0066   0.0034   0.0044
MotorVehicle         0.0004   0.0004   0.0030   0.0032      0.0007   0.0007   0.0053   0.0045      0.0005   0.0005   0.0073   0.0048
OtherVehicle         0.0001   0.0001   0.0002   0.0002      0.0002   0.0002   0.0002   0.0002      0.0002   0.0002   0.0002   0.0003
Freight              0.0014   0.0014   0.0052   0.0045      0.0016   0.0016   0.0064   0.0045      0.0018   0.0018   0.0067   0.0085
 
 
1980 and 2010 quantities (the 1960 ones fit by construction)
White Women p(:,WW) for      Young Cohort                          Middle-Aged Cohort                      Old-Aged Cohort
 
                     Data80  Model80 Data2010Model2010      Data80  Model80 Data2010Model2010      Data80  Model80 Data2010Model2010
------------------------------------------------------------------------------------------------------------------------------------
Home                 0.4606   0.4450   0.3087   0.3257      0.4763   0.6499   0.3235   0.3629      0.5097   0.7391   0.3149   0.3292
Managers             0.0341   0.0439   0.0587   0.0730      0.0377   0.0180   0.0722   0.0692      0.0356   0.0068   0.0727   0.0732
MgmtRelated          0.0264   0.0306   0.0467   0.0476      0.0221   0.0039   0.0509   0.0568      0.0200   0.0033   0.0525   0.0515
Architects           0.0003   0.0003   0.0008   0.0008      0.0001   0.0001   0.0005   0.0009      0.0001   0.0000   0.0004   0.0006
Engineers            0.0014   0.0013   0.0032   0.0029      0.0008   0.0002   0.0024   0.0031      0.0006   0.0002   0.0024   0.0037
Math/CompSci         0.0023   0.0024   0.0075   0.0072      0.0012   0.0008   0.0083   0.0092      0.0007   0.0001   0.0089   0.0060
Science              0.0015   0.0015   0.0046   0.0043      0.0008   0.0005   0.0029   0.0038      0.0005   0.0003   0.0021   0.0024
Doctors              0.0016   0.0020   0.0059   0.0081      0.0009   0.0007   0.0061   0.0062      0.0007   0.0003   0.0044   0.0047
Nurses               0.0226   0.0219   0.0328   0.0344      0.0183   0.0126   0.0322   0.0226      0.0169   0.0109   0.0346   0.0260
Therapists           0.0039   0.0033   0.0122   0.0123      0.0015   0.0009   0.0099   0.0088      0.0009   0.0004   0.0073   0.0055
Professors           0.0033   0.0042   0.0069   0.0080      0.0037   0.0026   0.0067   0.0063      0.0025   0.0004   0.0060   0.0039
Teachers             0.0512   0.0508   0.0772   0.0750      0.0432   0.0323   0.0731   0.0596      0.0318   0.0166   0.0637   0.0423
Librarians           0.0022   0.0023   0.0013   0.0015      0.0022   0.0013   0.0017   0.0014      0.0025   0.0008   0.0020   0.0014
Soc.Scientists       0.0020   0.0022   0.0051   0.0050      0.0013   0.0007   0.0043   0.0026      0.0008   0.0003   0.0031   0.0037
SocialWork           0.0064   0.0063   0.0119   0.0110      0.0045   0.0030   0.0103   0.0091      0.0037   0.0015   0.0089   0.0070
Lawyers              0.0024   0.0026   0.0062   0.0066      0.0009   0.0003   0.0058   0.0063      0.0005   0.0001   0.0043   0.0055
Arts/Athletes        0.0089   0.0090   0.0155   0.0142      0.0058   0.0034   0.0113   0.0145      0.0043   0.0039   0.0104   0.0148
HealthTechs          0.0143   0.0138   0.0178   0.0163      0.0094   0.0055   0.0170   0.0123      0.0073   0.0035   0.0160   0.0165
Eng.Techs            0.0028   0.0026   0.0024   0.0021      0.0019   0.0010   0.0017   0.0021      0.0015   0.0005   0.0021   0.0032
ScienceTechs         0.0009   0.0008   0.0007   0.0006      0.0005   0.0002   0.0005   0.0005      0.0006   0.0006   0.0006   0.0010
OtherTechs           0.0063   0.0071   0.0085   0.0081      0.0034   0.0014   0.0096   0.0112      0.0021   0.0002   0.0103   0.0113
Sales                0.0431   0.0484   0.0700   0.0737      0.0488   0.0240   0.0650   0.0725      0.0511   0.0198   0.0655   0.0790
Secretaries          0.0674   0.0645   0.0296   0.0238      0.0660   0.0574   0.0366   0.0269      0.0571   0.0410   0.0481   0.0512
Info.Clerks          0.0091   0.0100   0.0154   0.0126      0.0084   0.0050   0.0114   0.0126      0.0078   0.0027   0.0118   0.0136
Records              0.0086   0.0079   0.0050   0.0044      0.0075   0.0046   0.0051   0.0036      0.0078   0.0019   0.0063   0.0055
FinancialClerk       0.0265   0.0267   0.0145   0.0127      0.0284   0.0215   0.0197   0.0192      0.0303   0.0148   0.0237   0.0241
OfficeMachine        0.0004   0.0002   0.0003   0.0004      0.0004   0.0005   0.0004   0.0009      0.0004   0.0049   0.0006   0.0003
ComputerTech         0.0078   0.0080   0.0010   0.0007      0.0066   0.0040   0.0012   0.0017      0.0073   0.0068   0.0014   0.0074
Mail                 0.0022   0.0023   0.0012   0.0013      0.0022   0.0010   0.0024   0.0023      0.0023   0.0003   0.0040   0.0046
Clerks               0.0085   0.0090   0.0107   0.0099      0.0078   0.0027   0.0118   0.0114      0.0072   0.0012   0.0131   0.0129
Insurance            0.0060   0.0059   0.0275   0.0244      0.0041   0.0023   0.0226   0.0272      0.0031   0.0001   0.0219   0.0131
Misc.Admin           0.0336   0.0318   0.0220   0.0181      0.0330   0.0296   0.0198   0.0189      0.0317   0.0294   0.0232   0.0342
PrivateHshld         0.0034   0.0034   0.0076   0.0083      0.0051   0.0041   0.0108   0.0058      0.0064   0.0022   0.0105   0.0046
Firefighting         0.0001   0.0001   0.0003   0.0002      0.0000   0.0000   0.0003   0.0002      0.0000   0.0000   0.0002   0.0002
Police               0.0009   0.0009   0.0038   0.0038      0.0006   0.0003   0.0042   0.0033      0.0005   0.0002   0.0031   0.0022
Guards               0.0009   0.0011   0.0022   0.0020      0.0009   0.0002   0.0018   0.0014      0.0010   0.0000   0.0022   0.0016
FoodPrep             0.0206   0.0205   0.0416   0.0336      0.0240   0.0161   0.0266   0.0221      0.0262   0.0164   0.0242   0.0249
HealthService        0.0144   0.0151   0.0353   0.0332      0.0141   0.0080   0.0290   0.0200      0.0143   0.0044   0.0276   0.0173
Cleaning             0.0027   0.0034   0.0044   0.0048      0.0039   0.0008   0.0066   0.0033      0.0049   0.0003   0.0083   0.0052
PersonalService      0.0179   0.0187   0.0299   0.0283      0.0161   0.0156   0.0248   0.0277      0.0108   0.0078   0.0211   0.0210
FarmMgrs             0.0011   0.0014   0.0006   0.0007      0.0019   0.0007   0.0008   0.0007      0.0023   0.0005   0.0014   0.0014
FarmWork             0.0017   0.0015   0.0021   0.0018      0.0021   0.0012   0.0018   0.0011      0.0021   0.0022   0.0014   0.0012
Agriculture          0.0010   0.0010   0.0030   0.0029      0.0007   0.0003   0.0026   0.0018      0.0006   0.0001   0.0025   0.0020
Forest               0.0001   0.0001   0.0001   0.0001      0.0001   0.0000   0.0002   0.0001      0.0001   0.0000   0.0002   0.0001
Mechanics            0.0006   0.0006   0.0008   0.0008      0.0005   0.0004   0.0008   0.0010      0.0004   0.0001   0.0008   0.0009
Elec.Repairer        0.0010   0.0009   0.0008   0.0007      0.0007   0.0003   0.0008   0.0009      0.0006   0.0002   0.0009   0.0009
Misc.Repairer        0.0007   0.0006   0.0005   0.0005      0.0006   0.0006   0.0005   0.0006      0.0007   0.0002   0.0007   0.0009
Construction         0.0016   0.0017   0.0017   0.0016      0.0013   0.0008   0.0021   0.0023      0.0010   0.0002   0.0023   0.0024
Extractive           0.0001   0.0001   0.0001   0.0000      0.0001   0.0000   0.0001   0.0000      0.0000   0.0000   0.0001   0.0000
Supervisor(P)        0.0036   0.0043   0.0013   0.0013      0.0053   0.0017   0.0019   0.0026      0.0051   0.0012   0.0024   0.0029
MetalWork            0.0006   0.0006   0.0001   0.0001      0.0007   0.0004   0.0003   0.0004      0.0005   0.0002   0.0003   0.0006
WoodWork             0.0002   0.0002   0.0001   0.0000      0.0002   0.0001   0.0001   0.0001      0.0002   0.0000   0.0001   0.0002
Textiles             0.0011   0.0009   0.0003   0.0003      0.0017   0.0007   0.0004   0.0004      0.0021   0.0085   0.0007   0.0011
Other                0.0011   0.0011   0.0079   0.0073      0.0011   0.0003   0.0052   0.0051      0.0011   0.0004   0.0046   0.0018
Food                 0.0009   0.0008   0.0020   0.0017      0.0012   0.0005   0.0021   0.0015      0.0011   0.0002   0.0022   0.0015
PlantOperator        0.0002   0.0001   0.0001   0.0001      0.0002   0.0000   0.0002   0.0001      0.0001   0.0001   0.0002   0.0003
MetalMach.           0.0018   0.0017   0.0003   0.0002      0.0021   0.0018   0.0004   0.0005      0.0021   0.0002   0.0004   0.0007
MetalProc.           0.0007   0.0007   0.0001   0.0001      0.0008   0.0002   0.0001   0.0002      0.0008   0.0000   0.0002   0.0003
WoodMach.            0.0003   0.0003   0.0006   0.0006      0.0003   0.0001   0.0009   0.0023      0.0003   0.0000   0.0012   0.0003
TextileMach.         0.0017   0.0016   0.0004   0.0004      0.0015   0.0007   0.0006   0.0008      0.0013   0.0003   0.0007   0.0023
PrintMach.           0.0117   0.0124   0.0019   0.0014      0.0156   0.0184   0.0025   0.0027      0.0172   0.0038   0.0029   0.0072
OtherMach.           0.0105   0.0084   0.0045   0.0039      0.0125   0.0170   0.0059   0.0063      0.0122   0.0260   0.0066   0.0078
Fabricators          0.0108   0.0104   0.0032   0.0026      0.0128   0.0073   0.0042   0.0053      0.0126   0.0054   0.0051   0.0089
Prod.Inspectors      0.0048   0.0049   0.0023   0.0020      0.0064   0.0051   0.0027   0.0034      0.0078   0.0041   0.0034   0.0044
MotorVehicle         0.0034   0.0034   0.0030   0.0032      0.0046   0.0011   0.0053   0.0045      0.0032   0.0004   0.0073   0.0048
OtherVehicle         0.0007   0.0007   0.0002   0.0002      0.0007   0.0002   0.0002   0.0002      0.0007   0.0001   0.0002   0.0003
Freight              0.0086   0.0077   0.0052   0.0045      0.0100   0.0029   0.0064   0.0045      0.0103   0.0014   0.0067   0.0085
 
 
====================================================================== 
    PRODUCTION: w*H in data and model for various groups/cohorts
====================================================================== 
 
 
 
/// 1960 ///          Young                       Middle                      Old
 
               Data   Model       %        Data   Model       %        Data   Model       %
-------------------------------------------------------------------------------------------
White Men      4680    4858   103.8        5988    5991   100.0        5124    5129   100.1
White Women    2056    2141   104.1        2461    2459    99.9        2191    2191   100.0
Black Men       314     326   103.5         345     345   100.0         269     269   100.0
Black Women     218     246   112.8         195     195   100.0         125     125   100.1
 
Total income for the year:    Data = 23967  Model = 24274
 
 
/// 1970 ///          Young                       Middle                      Old
 
               Data   Model       %        Data   Model       %        Data   Model       %
-------------------------------------------------------------------------------------------
White Men      6175    6392   103.5        7009    7158   102.1        7165    7227   100.9
White Women    3004    3043   101.3        2976    2905    97.6        3110    3103    99.8
Black Men       488     497   101.8         471     460    97.6         403     400    99.3
Black Women     377     392   104.1         315     343   109.0         225     224    99.6
 
Total income for the year:    Data = 31717  Model = 32144
 
 
/// 1980 ///          Young                       Middle                      Old
 
               Data   Model       %        Data   Model       %        Data   Model       %
-------------------------------------------------------------------------------------------
White Men      7406    7527   101.6        6856    7228   105.4        6297    6768   107.5
White Women    4282    4438   103.6        3255    3117    95.8        2780    2573    92.5
Black Men       640     633    98.8         529     547   103.3         420     412    98.2
Black Women     548     555   101.3         398     407   102.3         281     292   104.1
 
Total income for the year:    Data = 33691  Model = 34497
 
 
/// 1990 ///          Young                       Middle                      Old
 
               Data   Model       %        Data   Model       %        Data   Model       %
-------------------------------------------------------------------------------------------
White Men      7301    7281    99.7        9117    9015    98.9        6995    7326   104.7
White Women    5150    5368   104.2        5309    5316   100.1        3504    3179    90.7
Black Men       670     673   100.4         737     768   104.1         539     559   103.6
Black Women     658     685   104.1         687     677    98.6         427     421    98.7
 
Total income for the year:    Data = 41093  Model = 41268
 
 
/// 2000 ///          Young                       Middle                      Old
 
               Data   Model       %        Data   Model       %        Data   Model       %
-------------------------------------------------------------------------------------------
White Men      6260    6053    96.7       11126   10598    95.3       10786   10365    96.1
White Women    4825    4887   101.3        7529    8530   113.3        6487    7061   108.9
Black Men       723     716    98.9        1074    1108   103.1         901     936   103.9
Black Women     755     774   102.5        1064    1167   109.6         870     895   102.8
 
Total income for the year:    Data = 52402  Model = 53089
 
 
/// 2010 ///          Young                       Middle                      Old
 
               Data   Model       %        Data   Model       %        Data   Model       %
-------------------------------------------------------------------------------------------
White Men      6122    5888    96.2        9067    8532    94.1       11987   11463    95.6
White Women    4992    5015   100.5        6492    6996   107.8        8198    9509   116.0
Black Men       727     712    97.9         995     981    98.5        1125    1182   105.0
Black Women     793     800   100.9        1035    1096   105.9        1145    1264   110.4
 
Total income for the year:    Data = 52679  Model = 53437
 
 
==================================================================================== 
    EARNINGS (Market): (1-tauw)*w*H in data and model for various groups/cohorts
==================================================================================== 
 
 
 
/// 1960 ///          Young                       Middle                      Old
 
               Data   Model       %        Data   Model       %        Data   Model       %
-------------------------------------------------------------------------------------------
White Men      4282    4448   103.9        5534    5537   100.1        4537    4542   100.1
White Women     827     872   105.4        1129    1128    99.8        1136    1135    99.9
Black Men       231     239   103.8         255     255   100.0         194     194   100.0
Black Women      92      98   106.1         100     100   100.1          67      67   100.2
 
Market income for the year:   Data = 18383  Model = 18615
 
 
/// 1970 ///          Young                       Middle                      Old
 
               Data   Model       %        Data   Model       %        Data   Model       %
-------------------------------------------------------------------------------------------
White Men      5610    5832   104.0        6467    6602   102.1        6406    6482   101.2
White Women    1381    1434   103.8        1471    1302    88.5        1713    1710    99.8
Black Men       375     381   101.6         369     379   102.8         314     312    99.3
Black Women     210     216   102.9         186     177    95.0         142     143   100.4
 
Market income for the year:   Data = 24645  Model = 24970
 
 
/// 1980 ///          Young                       Middle                      Old
 
               Data   Model       %        Data   Model       %        Data   Model       %
-------------------------------------------------------------------------------------------
White Men      6816    6977   102.4        6360    6621   104.1        5584    6264   112.2
White Women    2701    2814   104.2        1914    1664    86.9        1646    1296    78.7
Black Men       503     497    98.9         402     455   113.1         311     368   118.0
Black Women     391     398   101.6         272     277   101.9         188     175    93.1
 
Market income for the year:   Data = 27088  Model = 27805
 
 
/// 1990 ///          Young                       Middle                      Old
 
               Data   Model       %        Data   Model       %        Data   Model       %
-------------------------------------------------------------------------------------------
White Men      6709    6741   100.5        8458    8367    98.9        6235    6717   107.7
White Women    3593    3727   103.7        3737    3755   100.5        2408    1893    78.6
Black Men       530     533   100.5         579     631   109.0         394     490   124.5
Black Women     484     498   102.9         521     510    97.9         305     302    99.1
 
Market income for the year:   Data = 33953  Model = 34164
 
 
/// 2000 ///          Young                       Middle                      Old
 
               Data   Model       %        Data   Model       %        Data   Model       %
-------------------------------------------------------------------------------------------
White Men      5442    5214    95.8        9497    9376    98.7        8871    9206   103.8
White Women    3176    3088    97.2        4636    5671   122.3        4312    4611   106.9
Black Men       508     482    95.0         709     798   112.4         566     709   125.3
Black Women     504     484    96.1         671     776   115.6         527     607   115.1
 
Market income for the year:   Data = 39419  Model = 41019
 
 
/// 2010 ///          Young                       Middle                      Old
 
               Data   Model       %        Data   Model       %        Data   Model       %
-------------------------------------------------------------------------------------------
White Men      5320    5081    95.5        8212    7512    91.5       10088   10307   102.2
White Women    3605    3548    98.4        4517    4893   108.3        5594    6956   124.3
Black Men       521     497    95.3         772     711    92.0         792     914   115.4
Black Women     568     552    97.1         766     760    99.2         787     932   118.5
 
Market income for the year:   Data = 41541  Model = 42663
Production GDP = Total Labor Income (pre-tax) has been confirmed to the nearest dime per person :-).
 
 
GDP per person in data and model
 
        Year        Data       Model    ExitFlag
------------------------------------------------
        1960       23967       24274           1
        1970       31717       32144           1
        1980       33691       34497           1
        1990       41093       41268           1
        2000       52402       53089           1
        2010       52679       53437           1
 
 
GDP (mkt) per person in data and model
 
        Year        Data       Model
------------------------------------
        1960       17008       17212
        1970       22888       22874
        1980       25310       25257
        1990       32682       31981
        2000       36798       37947
        2010       39432       40325
 
 
GDP per worker (market) in data and model
 
        Year        Data       Model
------------------------------------
        1960       28414       28753
        1970       36009       37244
        1980       36045       38670
        1990       42801       44423
        2000       49266       51080
        2010       51943       53927
 
 
LFP in data and model
 
        Year        Data       Model
------------------------------------
        1960       0.599       0.599
        1970       0.636       0.614
        1980       0.702       0.653
        1990       0.764       0.720
        2000       0.747       0.743
        2010       0.759       0.748
 
 
Market Wage Gap in data and model
 
  Year      WWdata WWmodel      BMdata BMmodel      BWdata BWmodel
------------------------------------------------------------------
  1960       0.555   0.556       0.559   0.560       0.347   0.350
  1970       0.527   0.561       0.627   0.626       0.418   0.446
  1980       0.549   0.610       0.714   0.709       0.513   0.544
  1990       0.613   0.692       0.700   0.738       0.555   0.598
  2000       0.647   0.792       0.694   0.757       0.566   0.660
  2010       0.714   0.866       0.710   0.788       0.604   0.721
 
 
Earnings (market, after tauw) in data and model
 
        Year        Data       Model
------------------------------------
        1960       18383       18615
        1970       24645       24970
        1980       27088       27805
        1990       33953       34164
        2000       39419       41019
        2010       41541       42663
 
 
Earnings (market, after tauw) by Group in data and model
 
  Year      WMdata WMmodel      WWdata WWmodel      BMdata BMmodel      BWdata BWmodel
--------------------------------------------------------------------------------------
  1960       14352   14527        3093    3135         679     687         259     265
  1970       18483   18916        4566    4446        1058    1073         538     535
  1980       18760   19862        6261    5773        1216    1319         852     850
  1990       21402   21825        9738    9375        1503    1654        1310    1310
  2000       23810   23795       12124   13370        1783    1989        1701    1866
  2010       23619   22900       13716   15397        2085    2121        2121    2244
 
 
ConsumptionYoung (total) per young person in data and model (and Utility)
 
        Year        Data       Model     Utility
------------------------------------------------
        1960       26528       27648       22288
        1970       36221       37193       24607
        1980       34782       35205       20598
        1990       41667       41796       24175
        2000       50102       49012       37175
        2010       49974       48761       30107
 
 
EarningsYoung (market) per young person in data and model
 
        Year        Data       Model
------------------------------------
        1960       16290       16968
        1970       21968       22800
        1980       24391       25035
        1990       28486       28946
        2000       31605       30418
        2010       32063       30986
 
 
GDP (mkt) of only Young Cohorts...
 
  Year    Data   Model
----------------------
  1960   14837   15438
  1970   20279   20972
  1980   22927   23576
  1990   27684   28300
  2000   29738   29225
  2010   30172   29499
 
 
Share of growth accounted for by the Full Model:
 
                                      Share
-------------------------------------------
GDP per person                        100.2
GDP per person (mkt)                  101.2
GDP (mkt) per worker                  104.2
Labor Force Participation (LFP)        93.6
Earnings                              101.7
ConsumpYoung (total)                   89.6
EarningsYoung (market)                 88.9
GDPYoung (market)                      91.2
WageGapWW                             176.0
WageGapBM                             143.4
WageGapBW                             130.9
EarningsWM                             91.4
EarningsWW                            106.9
EarningsBM                            100.4
EarningsBW                            101.6
HowMuchPoorer_NoBrawny                 05-Oct-2026 
 
'HowMuchPoorer' is a script from the file /workspace/output/replication/codebase/HowMuchPoorer.m

 HowMuchPoorer.m

  Alternative approach to evaluating contribution of tau's etc.
 "Relative to 2010 in model solution, how much poorer would we be
  if ______ had occurred?"
   Ex: if tau's stayed at 1960 level?
       if tauw had not changed since 1960
       if tauh had not changed since 1960
       if only mean tau had changed since 1960, not dispersion
       if dispersion changed, but not the means

  That is, allow everything else to change as it did, other than ______
  "// Share //" row reports the contribution in terms of growth rates.



Additional help for built-in functions and operators is
available in the online version of the manual.  Use the command
'doc <topic>' to search the manual index.

Help and information about Octave is also available on the WWW
at https://www.octave.org and via the help@octave.org
mailing list.
 
=============================================================
KEY PARAMETER VALUES:    CaseName = NoBrawny
                   theta =  2.0000
                     eta =  0.1030
            theta*(1-eta)=  1.7940
                    dlta =  0.0000
                      mu =  0.5574
                   sigma =  3.0000
           EstimateDelta =  0.0000
           ConstrainTauH = -0.8000
PurgeWageGrowthSelection =     0
      AlphaSplitTauW1960 =  0.5000
   OccupationforWageHome = 23 Secretaries                               
IgnoreBrawnyOccupations = 1 -- choosing T(i,g) to zero out tauw/h there
   Alpha0FixedSplit =  0.5000
=============================================================
 
Concordance of short column titles and concepts:
  Y       GDP per person
  Ymkt    GDP (mkt) per person
  Ywkr    GDP (mkt) per worker
  LFP     Labor Force Participation (LFP)
  Earn    Earnings (market)
  Cons    ConsumpYoung (total)
  EarnY   EarningsYoung (market)
  gdpY    GDPYoung (market)
  GapWW   WageGapWW
  GapBM   WageGapBM
  GapBW   WageGapBW
  EarnWM  EarningsWM
  EarnWW  EarningsWW
  EarnBM  EarningsBM
  EarnBW  EarningsBW
  Util    Utility: CE-Welfare of Young
 
 
========================================================================
 How much poorer in 2010 with 1960 values of TauWTauH
========================================================================
...... 
                 Y    Ymkt    Ywkr     LFP    Earn    Cons   EarnY    gdpY   GapWW   GapBM   GapBW  EarnWM  EarnWW  EarnBM  EarnBW    Util
------------------------------------------------------------------------------------------------------------------------------------------
-- 1960 --   24274   17212   28753   0.599   18615   27648   16968   15438   0.556   0.560   0.350   14527    3135     687     265   22288
2010(alt)    41918   28996   45904   0.632   31610   38493   22979   21032   0.455   0.561   0.409   24093    5065    1503     950   23542
-- 2010 --   53437   40325   53927   0.748   42663   48761   30986   29499   0.866   0.788   0.721   22900   15397    2121    2244   30107
Growth(alt)  0.0109  0.0104  0.0094  0.0011  0.0106  0.0066  0.0061  0.0062 -0.0040  0.0000  0.0031  0.0101  0.0096  0.0156  0.0256  0.0011
Growth(tru)  0.0158  0.0170  0.0126  0.0044  0.0166  0.0113  0.0120  0.0130  0.0089  0.0068  0.0145  0.0091  0.0318  0.0225  0.0427  0.0060
Difference   0.0049  0.0066  0.0032  0.0034  0.0060  0.0047  0.0060  0.0068  0.0129  0.0068  0.0113 -0.0010  0.0222  0.0069  0.0172  0.0049
// Share //    30.8    38.7    25.6    75.8    36.2    41.7    49.6    52.2   144.9    99.3    78.3   -11.2    69.9    30.6    40.2    81.8
 
 
 
 
========================================================================
 How much poorer in 2010 with 1960 values of TauH
========================================================================
...... 
                 Y    Ymkt    Ywkr     LFP    Earn    Cons   EarnY    gdpY   GapWW   GapBM   GapBW  EarnWM  EarnWW  EarnBM  EarnBW    Util
------------------------------------------------------------------------------------------------------------------------------------------
-- 1960 --   24274   17212   28753   0.599   18615   27648   16968   15438   0.556   0.560   0.350   14527    3135     687     265   22288
2010(alt)    42535   30203   42512   0.710   36650   42935   26907   21900   0.581   0.736   0.544   23910    8755    2301    1684   26866
-- 2010 --   53437   40325   53927   0.748   42663   48761   30986   29499   0.866   0.788   0.721   22900   15397    2121    2244   30107
Growth(alt)  0.0112  0.0112  0.0078  0.0034  0.0135  0.0088  0.0092  0.0070  0.0009  0.0055  0.0088  0.0100  0.0205  0.0242  0.0370  0.0037
Growth(tru)  0.0158  0.0170  0.0126  0.0044  0.0166  0.0113  0.0120  0.0130  0.0089  0.0068  0.0145  0.0091  0.0318  0.0225  0.0427  0.0060
Difference   0.0046  0.0058  0.0048  0.0010  0.0030  0.0025  0.0028  0.0060  0.0080  0.0014  0.0056 -0.0009  0.0113 -0.0016  0.0057  0.0023
// Share //    28.9    34.0    37.8    23.0    18.3    22.4    23.4    46.0    90.0    20.0    38.9    -9.5    35.5    -7.2    13.4    37.9
 
 
 
 
========================================================================
 How much poorer in 2010 with 1960 values of TauW
========================================================================
...... 
                 Y    Ymkt    Ywkr     LFP    Earn    Cons   EarnY    gdpY   GapWW   GapBM   GapBW  EarnWM  EarnWW  EarnBM  EarnBW    Util
------------------------------------------------------------------------------------------------------------------------------------------
-- 1960 --   24274   17212   28753   0.599   18615   27648   16968   15438   0.556   0.560   0.350   14527    3135     687     265   22288
2010(alt)    51613   37890   56392   0.672   34854   41899   25192   27635   0.646   0.625   0.534   23129    9027    1383    1315   25943
-- 2010 --   53437   40325   53927   0.748   42663   48761   30986   29499   0.866   0.788   0.721   22900   15397    2121    2244   30107
Growth(alt)  0.0151  0.0158  0.0135  0.0023  0.0125  0.0083  0.0079  0.0116  0.0030  0.0022  0.0085  0.0093  0.0212  0.0140  0.0321  0.0030
Growth(tru)  0.0158  0.0170  0.0126  0.0044  0.0166  0.0113  0.0120  0.0130  0.0089  0.0068  0.0145  0.0091  0.0318  0.0225  0.0427  0.0060
Difference   0.0007  0.0012 -0.0009  0.0021  0.0040  0.0030  0.0041  0.0013  0.0058  0.0046  0.0060 -0.0002  0.0107  0.0086  0.0107  0.0030
// Share //     4.4     7.3    -7.1    48.1    24.4    26.7    34.4    10.1    65.9    67.7    41.4    -2.2    33.5    38.0    25.0    49.5
 
 
 
 
========================================================================
 How much poorer in 2010 with 1960 values of Both+Z
========================================================================
...... 
                 Y    Ymkt    Ywkr     LFP    Earn    Cons   EarnY    gdpY   GapWW   GapBM   GapBW  EarnWM  EarnWW  EarnBM  EarnBW    Util
------------------------------------------------------------------------------------------------------------------------------------------
-- 1960 --   24274   17212   28753   0.599   18615   27648   16968   15438   0.556   0.560   0.350   14527    3135     687     265   22288
2010(alt)    42209   29197   49106   0.595   31765   38782   23226   21304   0.573   0.528   0.460   24696    4517    1658     894   24995
-- 2010 --   53437   40325   53927   0.748   42663   48761   30986   29499   0.866   0.788   0.721   22900   15397    2121    2244   30107
Growth(alt)  0.0111  0.0106  0.0107 -0.0001  0.0107  0.0068  0.0063  0.0064  0.0006 -0.0012  0.0055  0.0106  0.0073  0.0176  0.0243  0.0023
Growth(tru)  0.0158  0.0170  0.0126  0.0044  0.0166  0.0113  0.0120  0.0130  0.0089  0.0068  0.0145  0.0091  0.0318  0.0225  0.0427  0.0060
Difference   0.0047  0.0065  0.0019  0.0046  0.0059  0.0046  0.0058  0.0065  0.0083  0.0080  0.0090 -0.0015  0.0245  0.0049  0.0184  0.0037
// Share //    29.9    37.9    14.9   103.1    35.6    40.4    47.9    50.3    93.3   117.1    62.1   -16.6    77.0    21.9    43.1    61.9
 
 
 
 
========================================================================
 How much poorer in 2010 with 1960 values of MeansOnly
========================================================================
...... 
                 Y    Ymkt    Ywkr     LFP    Earn    Cons   EarnY    gdpY   GapWW   GapBM   GapBW  EarnWM  EarnWW  EarnBM  EarnBW    Util
------------------------------------------------------------------------------------------------------------------------------------------
-- 1960 --   24274   17212   28753   0.599   18615   27648   16968   15438   0.556   0.560   0.350   14527    3135     687     265   22288
2010(alt)    43496   30119   50300   0.599   30933   37988   22336   21916   0.536   0.537   0.439   23716    5450    1045     722   22821
-- 2010 --   53437   40325   53927   0.748   42663   48761   30986   29499   0.866   0.788   0.721   22900   15397    2121    2244   30107
Growth(alt)  0.0117  0.0112  0.0112  0.0000  0.0102  0.0064  0.0055  0.0070 -0.0007 -0.0008  0.0045  0.0098  0.0111  0.0084  0.0201  0.0005
Growth(tru)  0.0158  0.0170  0.0126  0.0044  0.0166  0.0113  0.0120  0.0130  0.0089  0.0068  0.0145  0.0091  0.0318  0.0225  0.0427  0.0060
Difference   0.0041  0.0058  0.0014  0.0044  0.0064  0.0050  0.0065  0.0059  0.0096  0.0077  0.0099 -0.0007  0.0208  0.0142  0.0227  0.0055
// Share //    26.1    34.3    11.1    99.9    38.8    44.0    54.4    45.9   108.1   111.9    68.6    -7.7    65.3    62.9    53.1    92.1
 
 
 
 
========================================================================
 How much poorer in 2010 with 1960 values of DispersionOnly
========================================================================
...... 
                 Y    Ymkt    Ywkr     LFP    Earn    Cons   EarnY    gdpY   GapWW   GapBM   GapBW  EarnWM  EarnWW  EarnBM  EarnBW    Util
------------------------------------------------------------------------------------------------------------------------------------------
-- 1960 --   24274   17212   28753   0.599   18615   27648   16968   15438   0.556   0.560   0.350   14527    3135     687     265   22288
2010(alt)    47683   35051   47496   0.738   39285   45542   28730   25481   0.664   0.841   0.613   23454   11138    2736    1957   28730
-- 2010 --   53437   40325   53927   0.748   42663   48761   30986   29499   0.866   0.788   0.721   22900   15397    2121    2244   30107
Growth(alt)  0.0135  0.0142  0.0100  0.0042  0.0149  0.0100  0.0105  0.0100  0.0036  0.0081  0.0112  0.0096  0.0254  0.0276  0.0400  0.0051
Growth(tru)  0.0158  0.0170  0.0126  0.0044  0.0166  0.0113  0.0120  0.0130  0.0089  0.0068  0.0145  0.0091  0.0318  0.0225  0.0427  0.0060
Difference   0.0023  0.0028  0.0025  0.0003  0.0016  0.0014  0.0015  0.0029  0.0053 -0.0013  0.0033 -0.0005  0.0065 -0.0051  0.0027  0.0009
// Share //    14.4    16.5    20.2     5.9     9.9    12.0    12.5    22.6    59.8   -19.1    22.6    -5.2    20.3   -22.6     6.4    15.6
 
 
