warning: function /workspace/output/replication/codebase/shims/keyboard.m shadows a built-in function
warning: function /workspace/output/replication/codebase/shims/print.m shadows a core library function
ReadCohortData_Theta4                 05-Oct-2026 
 
'ReadCohortData' is a script from the file /workspace/output/replication/codebase/ReadCohortData.m

 ReadCohortData

 Reads the cohort data assembled by Erik in chad_output_file_[Date].csv
 (see the .xls file for more details).


Additional help for built-in functions and operators is
available in the online version of the manual.  Use the command
'doc <topic>' to search the manual index.

Help and information about Octave is also available on the WWW
at https://www.octave.org and via the help@octave.org
mailing list.
 
=============================================================
KEY PARAMETER VALUES:    CaseName = Theta4
                   theta =  4.0000
                     eta =  0.1030
            theta*(1-eta)=  3.5880
                    dlta =  0.0000
                      mu =  0.2787
                   sigma =  3.0000
           EstimateDelta =  0.0000
           ConstrainTauH = -0.8000
PurgeWageGrowthSelection =     0
      AlphaSplitTauW1960 =  0.5000
   OccupationforWageHome = 23 Secretaries                               
   Alpha0FixedSplit =  0.5000
=============================================================
 
fname = chad_output_file_2019_01_24.csv
Noccs = 67
Ngroups = 4
Ncohorts = 8
Putting earnings / wage in $2009 constant using PCE Deflator
 
Education of Young WM
 
                   1960    1970    1980    1990    2000    2010
---------------------------------------------------------------
Home            12.3949 13.8747 14.1335 13.8629 13.1985 14.5413
Managers        13.1269 13.9247 15.0613 14.5416 14.8643 15.0213
MgmtRelated     14.9052 14.9589 15.7670 15.4893 15.4656 15.8179
Architects      17.2859 18.1373 17.5746 16.2366 16.6077 16.7802
Engineers       15.6798 16.0023 16.2115 15.9446 16.0296 16.2759
Math/CompSci    16.3543 15.7087 16.2883 15.8971 15.1237 15.1491
Science         16.4476 16.6703 17.5446 16.8494 17.5370 17.6299
Doctors         18.7786 18.9837 18.9567 19.0529 19.0414 19.0616
Nurses          16.6627 17.1591 17.7891 16.2521 16.0859 16.7831
Therapists      17.3860 16.7239 15.8822 15.8346 16.4711 17.3072
Professors      20.4706 20.3598 20.2683 20.3538 19.7947 20.1033
Teachers        17.3524 17.8711 17.7293 16.7182 16.7877 17.1638
Librarians      17.8742 18.0000 18.1062 17.8514 17.7491 18.4301
Soc.Scientists  17.5633 17.4420 18.1683 17.4194 17.4716 16.9550
SocialWork      17.5078 17.2057 17.2399 16.5023 16.3167 16.4552
Lawyers         18.8721 19.0828 19.2159 19.1226 19.0840 19.0884
Arts/Athletes   15.2469 14.9386 15.8318 15.2777 15.4582 15.8944
HealthTechs     13.1030 14.9275 15.5356 14.6244 14.4084 14.4568
Eng.Techs       12.8519 13.1919 13.9563 13.9726 13.7739 14.2384
ScienceTechs    13.0274 14.5831 14.5939 14.2203 14.0789 14.5357
OtherTechs      13.5455 14.6574 15.7743 15.0811 15.6649 15.7728
Sales           13.2929 13.5695 14.4245 14.0152 14.0934 14.3454
Secretaries     12.9993 13.3995 14.8621 14.4450 14.6365 15.1939
Info.Clerks     12.5758 13.4070 15.1046 14.5218 14.3997 14.4439
Records         15.4032 15.2638 14.1956 14.3780 14.3059 15.0031
FinancialClerk  13.1231 13.3263 14.6489 14.1950 14.1765 14.4075
OfficeMachine   12.5075 12.5445 13.3543 12.9853 12.9753 14.3301
ComputerTech    11.7245 12.7202 13.9832 13.9242 14.0869 14.1763
Mail            12.2273 12.5208 13.3804 13.2213 13.1816 13.4805
Clerks          11.0371 12.0743 13.1137 12.9485 12.9080 13.3828
Insurance       14.3563 14.3199 15.2051 14.6381 14.2844 14.3580
Misc.Admin      12.8074 13.1934 14.7260 14.4807 14.5496 14.8179
PrivateHshld    10.4443 10.7875 11.7285 12.0926 12.2760 12.1011
Firefighting    11.4535 12.0725 13.2228 13.2903 13.3241 13.7570
Police          11.8489 12.4673 13.8990 13.5301 13.7721 13.9883
Guards          11.1561 12.3221 13.4371 13.3192 13.2641 13.8092
FoodPrep        10.4536 11.3659 12.9941 12.9468 12.8869 13.4018
HealthService   10.9642 12.9931 14.3786 13.9349 13.8488 14.1091
Cleaning        10.0858 10.9020 12.1975 12.3349 12.2412 12.6712
PersonalService 10.9602 10.9869 13.9757 13.6367 14.1863 14.4865
FarmMgrs        10.8475 11.8840 13.1624 12.7563 12.9872 13.0635
FarmWork         8.4415  9.9838 10.9335 11.1784 10.7332 10.4451
Agriculture     10.0290 10.7632 12.3451 12.1157 11.8986 11.8834
Forest           9.4743 11.1065 12.2294 11.9078 11.8311 12.2695
Mechanics       10.4436 11.1038 12.0375 12.3146 12.3127 12.6023
Elec.Repairer   11.6315 12.0218 12.7336 12.9207 12.8151 13.0423
Misc.Repairer   10.8018 11.1090 12.3653 12.5299 12.4527 12.6946
Construction    10.7086 11.2702 12.3843 12.2287 11.9896 12.0756
Extractive      10.0619 10.7249 11.6947 11.8996 11.9370 12.1352
Supervisor(P)   11.5568 12.1024 13.1356 12.7759 12.8081 12.9654
MetalWork       10.8470 11.6345 12.2456 12.4030 12.4141 12.5511
WoodWork        10.3994 10.9697 12.5586 12.2916 12.1814 12.2701
Textiles         9.6142 10.1165 11.1883 11.7676 11.8001 11.9860
Other           10.8463 11.9721 12.6037 12.4525 13.2724 13.6813
Food            10.5060 11.0800 11.8363 12.0259 11.6785 11.8427
PlantOperator   13.3274 11.8771 12.9965 12.9186 12.6876 13.2535
MetalMach.       9.9765 11.0765 11.7207 11.8855 11.8982 11.8609
MetalProc.      10.2077 10.4189 11.5731 12.0106 12.1131 12.4247
WoodMach.        9.2956  9.9155 11.6175 11.7807 11.9148 12.0052
TextileMach.    11.3234 11.7928 12.6015 12.4918 12.4575 12.6277
PrintMach.       9.6744 10.2271 10.8707 11.6203 11.4505 11.6041
OtherMach.      10.1132 10.8271 11.7877 12.0540 11.9947 12.2180
Fabricators     10.2310 10.9893 11.7325 12.0258 12.0685 12.1299
Prod.Inspectors 11.1028 12.0522 12.5698 12.7921 12.9762 13.1911
MotorVehicle    10.1204 10.9334 11.9575 12.1955 12.2036 12.5321
OtherVehicle    10.5566 10.9804 12.0658 12.1088 12.0723 12.3858
Freight          9.8769 11.0099 11.9383 12.2285 12.1683 12.5787
 
Total earnings per person
 
  Decade    Earnings
--------------------
    1960       18383
    1970       24645
    1980       27088
    1990       33953
    2000       39419
    2010       41541
 
Average growth rates of Earnings
---------------------------
  1960 1970   0.0293
  1970 1980   0.0095
  1980 1990   0.0226
  1990 2000   0.0149
  2000 2010   0.0052
  1960 2010   0.0163
 
Total earnings per person by group
 
  Decade          WM          WW          BM          BW
--------------------------------------------------------
    1960       33250        6517       16278        4972
    1970       42699        9763       23904        9740
    1980       43144       13663       25717       14272
    1990       49231       21809       27843       20227
    2000       55222       27776       29066       23966
    2010       55424       31709       31580       28183
 
Average growth rates of Earnings by Group
---------------------------
 
 Year0YearT       WM       WW       BM       BW
-----------------------------------------------
  1960 1970   0.0250   0.0404   0.0384   0.0672
  1970 1980   0.0010   0.0336   0.0073   0.0382
  1980 1990   0.0132   0.0468   0.0079   0.0349
  1990 2000   0.0115   0.0242   0.0043   0.0170
  2000 2010   0.0004   0.0132   0.0083   0.0162
  1960 2010   0.0102   0.0316   0.0133   0.0347
 
================================
BACK OF THE ENVELOPE CALCULATION
================================
 
Growth rate of all people:   0.0163
Growth rate of    WM     :   0.0102
Rough share of growth from closing gaps:    0.373
 
 
Earnings of Young: Per total population and Per person
 
    Year PerTotalPop    PerYoung   Young/Pop
--------------------------------------------
    1960        5432       16290        33.3
    1970        7577       21968        34.5
    1980       10410       24391        42.7
    1990       11316       28486        39.7
    2000        9629       31605        30.5
    2010       10014       32063        31.2
         |                                                                     
    0.7 +|+                                                                    
         |                   FarmMgrs                                          
        #|################################################################     
    0.6 +|+###############################################################     
        #|######################  Food  Sales  ###########################     
    0.5 +|+####################  Doctors  #######  PersonalService  ######     
        #|##############  OtherVehicle   Prod.Inspectors  hld  ###########     
        #|###############    MotorVehicle  cators   rep  Clerks  #########     
    0.4 +|+########  Con  MetalW     Freight    les  rTech  ialClerk  ####     
        #|######################  Cleaning  tRela  PrintMach.   ##########     
        #|####################   WoodMach.    Insu  HealthService  #######     
    0.3 +|+####################  Eng   Clerks  ficeMachine   ###  Secretaries  
        #|##########  Extractive     Mail   .Sc  Records  ################     
        #|########  Firefighting  Guards  rts/Ath  HealthTechs  ##########     
    0.2 +|+#######  Mechanics  t    ########  Therapists  ################     
        #|##############  PlantOperator      #############################     
    0.1 +|+#####################################  Librarians  ############     
        #|################################################################     
        +|-------------------------------------------------------------------  
      0 +-+########+##########+###########+##########+##########+######### +   
       -6         -4         -2           0          2          4          6   
                         RELATIVE PROPENSITY, P(WW)/P(WM)                      
                                                                               
 
                   RelP     Gap
-------------------------------
Home             4.9291     NaN
Managers         0.3891  0.4189
MgmtRelated      0.6832  0.3509
Architects       0.1215  0.2424
Engineers        0.0556  0.2281
Math/CompSci     0.3874  0.2075
Science          0.2552  0.1604
Doctors          0.1608  0.5018
Nurses           5.8762  0.2843
Therapists       1.6806  0.1767
Professors       0.6249  0.2032
Teachers         1.9044  0.2208
Librarians       3.0856  0.0947
Soc.Scientists   0.6035  0.2616
SocialWork       0.7799  0.0193
Lawyers          0.2144  0.2696
Arts/Athletes    0.6142  0.2336
HealthTechs      3.9301  0.2378
Eng.Techs        0.1645  0.3049
ScienceTechs     0.3772  0.2835
OtherTechs       0.4364  0.2798
Sales            0.5159  0.5422
Secretaries     65.8918  0.2930
Info.Clerks      4.5437  0.4329
Records          2.7173  0.2724
FinancialClerk   6.7493  0.4048
OfficeMachine    1.4168  0.2974
ComputerTech     1.4522  0.3940
Mail             0.3215  0.2529
Clerks           0.4648  0.2982
Insurance        1.4360  0.3179
Misc.Admin       4.3349  0.3775
PrivateHshld     2.8096  0.4859
Firefighting     0.0154  0.2079
Police           0.0624  0.1939
Guards           0.1942  0.2294
FoodPrep         1.7616  0.4392
HealthService    4.9972  0.3175
Cleaning         0.1889  0.3782
PersonalService  4.0254  0.5110
FarmMgrs         0.0787  0.6622
FarmWork         0.2162  0.3956
Agriculture      0.2094  0.4124
Forest           0.0400  0.2023
Mechanics        0.0160  0.1781
Elec.Repairer    0.0680  0.1417
Misc.Repairer    0.0514  0.4460
Construction     0.0189  0.3898
Extractive       0.0200  0.2600
Supervisor(P)    0.1420  0.4530
MetalWork        0.0429  0.3997
WoodWork         0.1229  0.3204
Textiles         0.8850  0.4096
Other            0.3932  0.4063
Food             0.1906  0.5603
PlantOperator    0.0418  0.1486
MetalMach.       0.1869  0.4120
MetalProc.       0.2802  0.4032
WoodMach.        0.1665  0.3318
TextileMach.     0.3470  0.4456
PrintMach.       3.5901  0.3800
OtherMach.       0.3153  0.4775
Fabricators      0.4077  0.4504
Prod.Inspectors  0.6749  0.4847
MotorVehicle     0.0698  0.4498
OtherVehicle     0.0453  0.4922
Freight          0.2931  0.4038
Missing values encountered
=============================================================================
 
 
         ------------------------------------------------------------
                   ols: Levels
         ------------------------------------------------------------
 
       NOBS:  66                Dependent Variable: logwagegap
   RHS Vars:  2
     D of F:  64
 
  R-Squared:  0.0010312                        S.E.E.:  0.12498
     RBar^2:  -0.014578                   Residual SS:  0.9997
 
                             Standard              Robust     Robust
Variable          Beta         Error    t-stat      Error     t-stat
--------          ----       --------   ------     ------     ------
 
Constant          0.337703     0.017618    19.17     0.016122    20.95
logRelProp        0.002330     0.009066     0.26     0.008454     0.28
 
 
=============================================================================
         |                                                                     
    0.7 +|+                                                                    
         |                   FarmMgrs                                          
        #|################################################################     
    0.6 +|+###############################################################     
        #|######################  Food  Sales  ###########################     
    0.5 +|+####################  Doctors  #######  PersonalService  ######     
        #|##############  OtherVehicle   Prod.Inspectors  hld  ###########     
        #|###############    MotorVehicle  cators   rep  Clerks  #########     
    0.4 +|+########  Con  MetalW     Freight    les  rTech  ialClerk  ####     
        #|######################  Cleaning  tRela  PrintMach.   ##########     
        #|####################   WoodMach.    Insu  HealthService  #######     
    0.3 +|+####################  Eng   Clerks  ficeMachine   ###  Secretaries  
        #|##########  Extractive     Mail   .Sc  Records  ################     
        #|########  Firefighting  Guards  rts/Ath  HealthTechs  ##########     
    0.2 +|+#######  Mechanics  t    ########  Therapists  ################     
        #|##############  PlantOperator      #############################     
    0.1 +|+#####################################  Librarians  ############     
        #|################################################################     
        #|-------------------------------------------------------------------  
      0 +-+#######+#######+#######+#######+######+#######+#######+########     
                1/64    1/16     1/4       1      4      16      64            
                         RELATIVE PROPENSITY, P(WW)/P(WM)                      
                                                                               
 
                DlnRelP  DlnGap
-------------------------------
Home            -1.4284     NaN
Managers         2.2019 -0.3556
MgmtRelated      2.4232 -0.1613
Architects       2.6518 -0.4660
Engineers        3.3072 -0.1073
Math/CompSci     0.6822 -0.1859
Science          2.8622 -0.1117
Doctors          3.2749 -0.3621
Nurses           0.5174 -0.3889
Therapists       1.6316 -0.2389
Professors       2.0714 -0.3872
Teachers         1.2897 -0.1654
Librarians      -0.2711 -0.2691
Soc.Scientists   2.0699 -0.1413
SocialWork       2.1428  0.0281
Lawyers          3.5047 -0.5465
Arts/Athletes    1.0214 -0.2097
HealthTechs      0.3111 -0.3407
Eng.Techs        2.2479 -0.1560
ScienceTechs     1.7753 -0.1954
OtherTechs       1.9940 -0.1518
Sales            1.1219 -0.4852
Secretaries     -0.5550 -0.1677
Info.Clerks      0.9431 -0.2843
Records          1.1225 -0.4380
FinancialClerk   0.4551 -0.1999
OfficeMachine   -0.1543 -0.3599
ComputerTech    -2.1718 -0.2948
Mail             2.3619 -0.2899
Clerks           1.8444 -0.4199
Insurance        3.7209 -0.3082
Misc.Admin       1.2234 -0.2625
PrivateHshld     1.2831 -0.6766
Firefighting        Inf     NaN
Police           2.4456 -0.0116
Guards           4.2119 -0.1435
FoodPrep        -0.8267 -0.5915
HealthService    0.9154 -0.1641
Cleaning         1.1542 -0.0376
PersonalService  1.2618 -0.4040
FarmMgrs         2.2470 -0.2599
FarmWork         0.5180 -0.1734
Agriculture      0.7249 -0.3691
Forest           2.1320     NaN
Mechanics        1.8528 -0.2011
Elec.Repairer    1.7063 -0.2952
Misc.Repairer    1.9371  0.0305
Construction     1.4295 -0.1951
Extractive       1.5821  0.2899
Supervisor(P)    1.2227 -0.3978
MetalWork        1.3824 -0.0755
WoodWork         2.3013 -0.1692
Textiles        -1.6770 -0.2997
Other            3.2615 -0.5751
Food             2.8316 -0.2699
PlantOperator    1.4577 -0.7079
MetalMach.       1.5196 -0.3508
MetalProc.       1.7865  0.1328
WoodMach.        1.7356  0.5313
TextileMach.     1.5946 -0.1080
PrintMach.      -0.0239 -0.2056
OtherMach.      -0.1533 -0.1554
Fabricators     -0.4031 -0.0509
Prod.Inspectors -0.2665 -0.2304
MotorVehicle     2.6148 -0.1216
OtherVehicle     1.7023 -0.1341
Freight          1.9386 -0.1153
Missing values encountered
=============================================================================
 
 
         ------------------------------------------------------------
                   ols: Changes
         ------------------------------------------------------------
 
       NOBS:  64                Dependent Variable: Dlogwagegap
   RHS Vars:  2
     D of F:  62
 
  R-Squared:  0.0046597                        S.E.E.:  0.20475
     RBar^2:  -0.011394                   Residual SS:  2.5991
 
                             Standard              Robust     Robust
Variable          Beta         Error    t-stat      Error     t-stat
--------          ----       --------   ------     ------     ------
 
Constant          -0.249502     0.039557    -6.31     0.030208    -8.26
DlogRelProp        0.011196     0.020781     0.54     0.015955     0.70
 
 
=============================================================================
 
 
Computing tauhat for *all* c,t:   tauhat=relp.^(-(1-dlta)/theta) .* wagegap.^(-(1-eta));
just to see what they look like. We only use the Young (c,c) version.
This version ignores the Tbar/gamma stuff. But for baseline case and Young = correct.
 
                                                                               
                                                                               
          |                        Home: White Men                             
     1.1 +|+                                                                   
          |                                                                    
         #|###############################################################     
         #|###############################################################     
    1.05 +|+##############################################################     
         #|###############################################################     
         #|###############################################################     
         #|###############################################################     
         #|###############################################################     
       1 *|&&&&&&&&&&&&%%%%%%%%%%%%%##############*************&&&&&&&&&&&&&   
         #|###############################################################     
         #|###############################################################     
         #|###############################################################     
    0.95 +|+##############################################################     
         #|###############################################################     
         #|###############################################################     
         +|------------------------------------------------------------------  
     0.9 +-+##########+############+#############+############+########### +   
       1960         1970         1980          1990         2000         2010  
                                                                               
                                                                               
                                                                               
                                                                               
          |                       Home: White Women                            
     1.1 +|+                                                                   
          |                                                                    
         #|###############################################################     
         #|###############################################################     
    1.05 +|+##############################################################     
         #|###############################################################     
         #|###############################################################     
         #|###############################################################     
         #|###############################################################     
       1 *|&&&&&&&&&&&&%%%%%%%%%%%%%##############*************&&&&&&&&&&&&&   
         #|###############################################################     
         #|###############################################################     
         #|###############################################################     
    0.95 +|+##############################################################     
         #|###############################################################     
         #|###############################################################     
         +|------------------------------------------------------------------  
     0.9 +-+##########+############+#############+############+########### +   
       1960         1970         1980          1990         2000         2010  
                                                                               
                                                                               
                                                                               
                                                                               
          |                        Home: Black Men                             
     1.1 +|+                                                                   
          |                                                                    
         #|###############################################################     
         #|###############################################################     
    1.05 +|+##############################################################     
         #|###############################################################     
         #|###############################################################     
         #|###############################################################     
         #|###############################################################     
       1 *|&&&&&&&&&&&&%%%%%%%%%%%%%##############*************&&&&&&&&&&&&&   
         #|###############################################################     
         #|###############################################################     
         #|###############################################################     
    0.95 +|+##############################################################     
         #|###############################################################     
         #|###############################################################     
         +|------------------------------------------------------------------  
     0.9 +-+##########+############+#############+############+########### +   
       1960         1970         1980          1990         2000         2010  
                                                                               
                                                                               
                                                                               
                                                                               
          |                       Home: Black Women                            
     1.1 +|+                                                                   
          |                                                                    
         #|###############################################################     
         #|###############################################################     
    1.05 +|+##############################################################     
         #|###############################################################     
         #|###############################################################     
         #|###############################################################     
         #|###############################################################     
       1 *|&&&&&&&&&&&&%%%%%%%%%%%%%##############*************&&&&&&&&&&&&&   
         #|###############################################################     
         #|###############################################################     
         #|###############################################################     
    0.95 +|+##############################################################     
         #|###############################################################     
         #|###############################################################     
         +|------------------------------------------------------------------  
     0.9 +-+##########+############+#############+############+########### +   
       1960         1970         1980          1990         2000         2010  
                                                                               
                                                                               
                                                                               
                                                                               
          |                      Doctors: White Men                            
     1.1 +|+                                                                   
          |                                                                    
         #|###############################################################     
         #|###############################################################     
    1.05 +|+##############################################################     
         #|###############################################################     
         #|###############################################################     
         #|###############################################################     
         #|###############################################################     
       1 *|&&&&&&&&&&&&%%%%%%%%%%%%%##############*************&&&&&&&&&&&&&   
         #|###############################################################     
         #|###############################################################     
         #|###############################################################     
    0.95 +|+##############################################################     
         #|###############################################################     
         #|###############################################################     
         +|------------------------------------------------------------------  
     0.9 +-+##########+############+#############+############+########### +   
       1960         1970         1980          1990         2000         2010  
                                                                               
                                                                               
                                                                               
                                                                               
       |                      Doctors: White Women                             
    5 +|+                                                                      
       |                                                                       
      &|&&&&&#############################################################     
      #|#####&&&&&&&&#####################################################     
    4 +|+#################################################################     
      #|##################################################################     
      %|%%################################################################     
      #|##%%%%%%%#########################################################     
    3 *|+########%%%%%%%%%%%%%%%%%%#######################################     
      #|##################################################################     
      #|##################################################################     
      #|##########################****************************############     
      #|##################################################################     
    2 +|+#############################################&&&&&&&&&&&&&&&&&&&&&&   
      #|#######################################&&&&&&&####################     
      #|#####################################################%%%%%%%%%%%%%%%   
      +|---------------------------------------------------------------------  
    1 +-+###########+#############+############+#############+############ +   
    1960          1970          1980         1990          2000          2010  
                                                                               
                                                                               
                                                                               
                                                                               
         |                      Doctors: Black Men                             
    3.5 +|+                                                                    
         |                                                                     
        #|################################################################     
      3 &|+###############################################################     
        #|&###############################################################     
        #|#&&#############################################################     
        #|###&&###########################################################     
    2.5 +|+####&&#########################################################     
        #|#######&&%%%%###################################################     
        *|##%%%%%%#&&##%%#################################################     
      2 %|%%#########&###%%###############################################     
        #|#################%%%############################################     
        #|####################%%##########################################     
        #|######################%%########*********************&&&&&&#####     
    1.5 +|+#######################%%############&&&&&&&#######%%%%%%%&&&&&&&   
        #|###########################################################%%%%%%%   
        +|-------------------------------------------------------------------  
      1 +-+##########+#############+############+#############+########### +   
      1960         1970          1980         1990          2000         2010  
                                                                               
                                                                               
                                                                               
                                                                               
        |                      Doctors: Black Women                            
    25 &|+                                                                     
        |                                                                      
       #|&&###############################################################     
    20 +|+#&##############################################################     
       #|###&#############################################################     
       #|####&############################################################     
       #|#####&&##########################################################     
    15 +|+######&#########################################################     
       #|########&########################################################     
       #|#########&&######################################################     
    10 *|+##########&#####################################################     
       #|############&####################################################     
       #|######################%%%%#######################################     
       %|%%%%%###########%%%%%%###########################################     
     5 +|+####%%%%%%%%%%%#################################################     
       #|#########################*******########*************############     
       +|--------------------------------------------------------------------  
     0 +-+###########+############+#############+############+############ +   
     1960          1970         1980          1990         2000          2010  
                                                                               
                                                                               
                                                                               
                                                                               
          |                      Teachers: White Men                           
     1.1 +|+                                                                   
          |                                                                    
         #|###############################################################     
         #|###############################################################     
    1.05 +|+##############################################################     
         #|###############################################################     
         #|###############################################################     
         #|###############################################################     
         #|###############################################################     
       1 *|&&&&&&&&&&&&%%%%%%%%%%%%%##############*************&&&&&&&&&&&&&   
         #|###############################################################     
         #|###############################################################     
         #|###############################################################     
    0.95 +|+##############################################################     
         #|###############################################################     
         #|###############################################################     
         +|------------------------------------------------------------------  
     0.9 +-+##########+############+#############+############+########### +   
       1960         1970         1980          1990         2000         2010  
                                                                               
                                                                               
                                                                               
                                                                               
         |                     Teachers: White Women                           
    1.4 +|+                                                                    
        &|     %%%%%%%%                                                        
        %|&%%%%########%%%%###############################################     
    1.3 +|+&&##############%%%############################################     
        #|###&&###############%%%%########################################     
        #|#####&&#################%%######################################     
    1.2 +|+######&&#######################################################     
        #|#########&&#####################################################     
    1.1 +|+##########&####################################################     
        #|################################################################     
        #|#########################*******################################     
      1 *|+###############################*************###################     
        #|#############################################********######&&&&&&&   
        #|#############################################&&&&&&&&&&&&&&###%%%%   
    0.9 +|+#####################################&&&&&&&###########%%%%%%##     
        #|####################################################%%%%########     
        +|-------------------------------------------------------------------  
    0.8 +-+##########+#############+############+#############+########### +   
      1960         1970          1980         1990          2000         2010  
                                                                               
                                                                               
                                                                               
                                                                               
         |                      Teachers: Black Men                            
    1.5 +|+                                                                    
         |                                                                     
        #|##########&&####################################################     
    1.4 +|+#######&&######################################################     
        %|######&&########################################################     
        #|%%##&&##########################################################     
        #|##&&############################################################     
    1.3 +|&&##%%##########################################################     
        *|######%%#####################***#############********###########     
        #|########%%########%%%%%%%%#########**********###################     
    1.2 +|+#########%%%%%%%%##############################################%%   
        #|###########################################################&&&&&&&   
        #|######################################&&&&&&&&&&&&&&&&&&&&&%%###     
        #|######################################################%%%#######     
    1.1 +|+###################################################%%##########     
        #|################################################################     
        +|-------------------------------------------------------------------  
      1 +-+##########+#############+############+#############+########### +   
      1960         1970          1980         1990          2000         2010  
                                                                               
                                                                               
                                                                               
                                                                               
         |                     Teachers: Black Women                           
    1.5 *|+                                                                    
         |                                                                     
        #|################################################################     
    1.4 +|+###############################################################     
        #|################################################################     
        #|################################################################     
        #|########&&&&####################################################     
    1.3 %|%%&&&&&&########################################################     
        &|&&###%%%%%%%%%%%%%##############################################     
        #|##################%%%%%%%%######################################     
    1.2 +|+###############################################################     
        #|################################################################     
        #|#########################****#################################&&&&   
        #|#############################******#####################&&&&&&#%%%   
    1.1 +|+##################################******************&&&###%%%%#     
        #|#######################################################%%%%#####     
        +|-------------------------------------------------------------------  
      1 +-+##########+#############+############+#############+########### +   
      1960         1970          1980         1990          2000         2010  
                                                                               
                                                                               
                                                                               
                                                                               
          |                      Lawyers: White Men                            
     1.1 +|+                                                                   
          |                                                                    
         #|###############################################################     
         #|###############################################################     
    1.05 +|+##############################################################     
         #|###############################################################     
         #|###############################################################     
         #|###############################################################     
         #|###############################################################     
       1 *|&&&&&&&&&&&&%%%%%%%%%%%%%##############*************&&&&&&&&&&&&&   
         #|###############################################################     
         #|###############################################################     
         #|###############################################################     
    0.95 +|+##############################################################     
         #|###############################################################     
         #|###############################################################     
         +|------------------------------------------------------------------  
     0.9 +-+##########+############+#############+############+########### +   
       1960         1970         1980          1990         2000         2010  
                                                                               
                                                                               
                                                                               
                                                                               
       |                      Lawyers: White Women                             
    7 +|+                                                                      
       |                                                                       
      *|##################################################################     
    6 +|+#################################################################     
      #|##################################################################     
      &|&#################################################################     
    5 +|+&&&&#############################################################     
      %|%%###&&&&&########################################################     
    4 +|+#%%%%%%%#&&&######%%%%%%%%#######################################     
      #|#########%%%%%%%%%%###############################################     
      #|##################################################################     
    3 +|+#################################################################     
      #|##################################################################     
      #|##################################################################     
    2 +|+################################*********************############     
      #|##########################*******#############&&&&&&&&&&&&&&&&&&&&&&   
      +|---------------------------------------------------------------------  
    1 +-+###########+#############+############+#############+############ +   
    1960          1970          1980         1990          2000          2010  
                                                                               
                                                                               
                                                                               
                                                                               
         |                      Lawyers: Black Men                             
    4.5 +|+                                                                    
         |           #                                                         
      4 +|+###############################################################     
        #|################################################################     
        #|################################################################     
    3.5 &|+###############################################################     
        #|&&##############################################################     
      3 %|+#&&&###########################################################     
        #|%%###&&&########################################################     
        #|##%%%###&&######################################################     
    2.5 *|+####%%%##&&####################################################     
        #|########%%######################################################     
      2 +|+#########%%%%%%%%###########################&&&&&&&&&&&&&&&&&&&&&   
        #|##################%%%%%%%%######*********************###########     
        #|#########################*******####################%%%%%%%##### #   
    1.5 +|+##########################################################%%%%%%%   
        +|-------------------------------------------------------------------  
      1 +-+##########+#############+############+#############+########### +   
      1960         1970          1980         1990          2000         2010  
                                                                               
                                                                               
                                                                               
                                                                               
         |                     Lawyers: Black Women                            
      5 +|+                       %%                                           
         |           &          %%                                             
    4.5 %|+###################%%##########################################     
        #|%%%##############%%%############################################     
        #|###%%%%########%%###############################################     
      4 +|+######%%%###%%#################################################     
        #|##########%%%###################################################     
    3.5 +|+###############################################################     
        #|################################################################     
        #|################################################################     
      3 +|+###############################################################     
        #|#############################################********###########     
    2.5 +|+##################################**********###################     
        #|#############################******##############&&&&&&&&&&#####     
        #|#########################****#############&&&&&&&##########&&&&&&&   
      2 +|+#####################################&&&&####################%%%%   
        +|-------------------------------------------------------------------  
    1.5 +-+##########+#############+############+#############%%%%######## +   
      1960         1970          1980         1990          2000         2010  
                                                                               
                                                                               
                                                                               
                                                                               
          |                    Secretaries: White Men                          
     1.1 +|+                                                                   
          |                                                                    
         #|###############################################################     
         #|###############################################################     
    1.05 +|+##############################################################     
         #|###############################################################     
         #|###############################################################     
         #|###############################################################     
         #|###############################################################     
       1 *|&&&&&&&&&&&&%%%%%%%%%%%%%##############*************&&&&&&&&&&&&&   
         #|###############################################################     
         #|###############################################################     
         #|###############################################################     
    0.95 +|+##############################################################     
         #|###############################################################     
         #|###############################################################     
         +|------------------------------------------------------------------  
     0.9 +-+##########+############+#############+############+########### +   
       1960         1970         1980          1990         2000         2010  
                                                                               
                                                                               
                                                                               
                                                                               
         |                   Secretaries: White Women                          
    0.8 +|+                                                                    
         |        &&&&                                                         
        #|##&&&&&&########################################################     
        &|&&########%%%###################################################     
    0.7 +|+#######%%###%%%################################################     
        #|#####%%%########%%##############################################     
        *|##%%%#############%%%###########################################     
        #|%%###################%%%########################################     
        %|########################%%###################################### #   
    0.6 +|+###################################################%%%%%%%%%%%%%%   
        #|##################################################***&&&&&&&&&&&&&   
        #|#############################################*****&#############     
        #|#########################################****##&&###############     
    0.5 +|+##################################******###&&&#################     
        #|#############################******#######&&####################     
        #|#########################****###########&&######################     
        +|-------------------------------------------------------------------  
    0.4 +-+##########+#############+############+#############+########### +   
      1960         1970          1980         1990          2000         2010  
                                                                               
                                                                               
                                                                               
                                                                               
         |                    Secretaries: Black Men                           
    2.2 +|+                                                                    
        &|                                                                     
      2 +|&&##############################################################     
        #|##&&&###########################################################     
        #|#####&&&########################################################     
    1.8 +|+#######&&######################################################     
        #|##########&&####################################################     
    1.6 +|+#######################%%######################################     
        *|#####################%%%########################################     
        #|##################%%%###########################################     
    1.4 %|%%##############%%##############################################     
        #|##%%%%%%#####%%%##################################***###########     
    1.2 +|+#######%%%%%############***#################*****##############     
        #|#############################***#########****##############%%%%%%%   
        #|###################################*###**########&&&&&&&&&&##### #   
      1 +|+#########################################&&&&&&&##########&&&&&&&   
        +|-------------------------------------------------------------------  
    0.8 +-+##########+#############+############+#############+########### +   
      1960         1970          1980         1990          2000         2010  
                                                                               
                                                                               
                                                                               
                                                                               
         |                   Secretaries: Black Women                          
    1.4 +|+                                                                    
         |                                                                     
        #|################################################################     
    1.2 *|+###############################################################     
        &|&&&&&###########################################################     
        #|#####&&&&&&&####################################################     
        #|################################################################     
      1 +|+#######%%%%%%##################################################     
        #|##%%%%%%######%%%%##############################################     
        %|%%################%%%%%#########################################     
    0.8 +|+######################%%%######################################     
        #|################################################################     
        #|################################################################     
        #|###########################################################%%%%%%%   
    0.6 +|+################################################****&&&&&&&&&&&&&   
        #|##########################################*******&##############     
        +|-------------------------------------------------------------------  
    0.4 +-+##########+#############+############&&&###########+########### +   
      1960         1970          1980         1990          2000         2010  
                                                                               
                                                                               
 
===========================================================
Fixing tauhat missing values --> tauhat_y_cleaned (just for robustness cases)
 -- Use first non-missing value
 
===========================================================
 
*********************
White Women
*********************
 
tauhat_y_cleaned Firefighting     NaN  3.4435  3.4204  2.6785  2.4844  2.3832
tauhat_y_cleaned Firefighting  3.4435  3.4435  3.4204  2.6785  2.4844  2.3832
tauhat_y_cleaned Forest     NaN  5.1285  2.6810  2.2150  2.4112  1.9021
tauhat_y_cleaned Forest  5.1285  5.1285  2.6810  2.2150  2.4112  1.9021
 
*********************
Black Men
*********************
 
tauhat_y_cleaned Architects     NaN  1.5956  1.7173  1.4474  1.5427  1.5190
tauhat_y_cleaned Architects  1.5956  1.5956  1.7173  1.4474  1.5427  1.5190
tauhat_y_cleaned Librarians     NaN  1.2985  1.0590  1.1060  1.3780  1.1307
tauhat_y_cleaned Librarians  1.2985  1.2985  1.0590  1.1060  1.3780  1.1307
 
*********************
Black Women
*********************
 
tauhat_y_cleaned Architects     NaN     NaN  1.7539  2.4709  2.1704  1.3154
tauhat_y_cleaned Architects  1.7539  1.7539  1.7539  2.4709  2.1704  1.3154
tauhat_y_cleaned Engineers     NaN     NaN  2.8037  2.1781  1.8477  1.8959
tauhat_y_cleaned Engineers  2.8037  2.8037  2.8037  2.1781  1.8477  1.8959
tauhat_y_cleaned Math/CompSci     NaN  2.6425  1.7387  1.6061  1.5998  1.5478
tauhat_y_cleaned Math/CompSci  2.6425  2.6425  1.7387  1.6061  1.5998  1.5478
tauhat_y_cleaned Science     NaN  2.4017  2.1411  1.6176  1.5583  1.3622
tauhat_y_cleaned Science  2.4017  2.4017  2.1411  1.6176  1.5583  1.3622
tauhat_y_cleaned Eng.Techs     NaN  3.3459  2.0905  2.1213  1.7202  1.7265
tauhat_y_cleaned Eng.Techs  3.3459  3.3459  2.0905  2.1213  1.7202  1.7265
tauhat_y_cleaned OtherTechs     NaN  2.2461  1.6946  1.5722  1.6741  1.7985
tauhat_y_cleaned OtherTechs  2.2461  2.2461  1.6946  1.5722  1.6741  1.7985
tauhat_y_cleaned Firefighting     NaN     NaN  3.5497  3.4386  2.8275  3.8819
tauhat_y_cleaned Firefighting  3.5497  3.5497  3.5497  3.4386  2.8275  3.8819
tauhat_y_cleaned Police     NaN  3.3039  2.2093  1.4039  1.4760  1.5079
tauhat_y_cleaned Police  3.3039  3.3039  2.2093  1.4039  1.4760  1.5079
tauhat_y_cleaned FarmMgrs 15.5635  4.5602  7.8290  5.7141     NaN  4.3389
tauhat_y_cleaned FarmMgrs 15.5635  4.5602  7.8290  5.7141  5.0265  4.3389
tauhat_y_cleaned Agriculture     NaN  3.7589  2.8355  2.6803  2.4016  2.2294
tauhat_y_cleaned Agriculture  3.7589  3.7589  2.8355  2.6803  2.4016  2.2294
tauhat_y_cleaned Forest     NaN  2.3811  3.1106  2.7047  1.9819     NaN
tauhat_y_cleaned Forest  2.3811  2.3811  3.1106  2.7047  1.9819  1.9819
tauhat_y_cleaned Mechanics     NaN  7.0635  3.2587  2.7629  2.7752  2.7759
tauhat_y_cleaned Mechanics  7.0635  7.0635  3.2587  2.7629  2.7752  2.7759
tauhat_y_cleaned Elec.Repairer     NaN  7.1372  2.2756  1.8983  1.7838  2.2676
tauhat_y_cleaned Elec.Repairer  7.1372  7.1372  2.2756  1.8983  1.7838  2.2676
tauhat_y_cleaned Extractive     NaN  3.6790  6.0407  2.8361     NaN  4.8749
tauhat_y_cleaned Extractive  3.6790  3.6790  6.0407  2.8361  3.8555  4.8749
tauhat_y_cleaned MetalWork     NaN  3.7903  3.0930  2.8122  2.3656  3.0697
tauhat_y_cleaned MetalWork  3.7903  3.7903  3.0930  2.8122  2.3656  3.0697
tauhat_y_cleaned WoodWork     NaN  2.6640  2.9541  3.0136  2.9037  3.1629
tauhat_y_cleaned WoodWork  2.6640  2.6640  2.9541  3.0136  2.9037  3.1629
tauhat_y_cleaned PlantOperator     NaN     NaN  2.6565  3.2219  3.4122  2.8920
tauhat_y_cleaned PlantOperator  2.6565  2.6565  2.6565  3.2219  3.4122  2.8920
tauhat_y_cleaned MetalMach.     NaN  2.2837  2.0604  2.2658  1.9247  2.8221
tauhat_y_cleaned MetalMach.  2.2837  2.2837  2.0604  2.2658  1.9247  2.8221
tauhat_y_cleaned MetalProc.     NaN  3.9898  2.0511  2.2501  1.9750  1.8976
tauhat_y_cleaned MetalProc.  3.9898  3.9898  2.0511  2.2501  1.9750  1.8976
tauhat_y_cleaned WoodMach.     NaN  3.6781  2.0092  2.2036  1.6286  1.7295
tauhat_y_cleaned WoodMach.  3.6781  3.6781  2.0092  2.2036  1.6286  1.7295
tauhat_y_cleaned TextileMach.     NaN  2.7375  2.4079  2.0113  2.0876  1.7774
tauhat_y_cleaned TextileMach.  2.7375  2.7375  2.4079  2.0113  2.0876  1.7774
White Women
 
                1960    1970    1980    1990    2000    2010
------------------------------------------------------------
Doctors        3.509   2.411   2.477   1.684   1.358   1.118
Lawyers        4.632   2.614   1.871   1.381   1.232   1.181
Secretaries    0.619   0.614   0.456   0.414   0.586   0.612
Construction   5.346   3.523   3.827   3.042   3.082   3.139
Teachers       1.328   1.209   1.038   0.916   0.871   0.829
                                                                               
                                                                               
         |                   Secretaries: Black Women                          
    1.4 +|+                                                                    
         |                                                                     
        #|################################################################     
    1.2 *|+###############################################################     
        &|&&&&&###########################################################     
        #|#####&&&&&&&####################################################     
        #|################################################################     
      1 +|+#######%%%%%%##################################################     
        #|##%%%%%%######%%%%##############################################     
        %|%%################%%%%%#########################################     
    0.8 +|+######################%%%######################################     
        #|################################################################     
        #|################################################################     
        #|###########################################################%%%%%%%   
    0.6 +|+################################################****&&&&&&&&&&&&&   
        #|##########################################*******&##############     
        +|-------------------------------------------------------------------  
    0.4 +-+##########+#############+############&&&###########+########### +   
      1960         1970          1980         1990          2000         2010  
                                                                               
                                                                               
Black Men
 
                1960    1970    1980    1990    2000    2010
------------------------------------------------------------
Doctors        2.065   2.343   1.694   1.461   1.437   1.382
Lawyers        3.101   4.275   1.565   1.750   1.577   1.612
Secretaries    1.407   1.168   1.221   0.877   1.076   1.046
Construction   1.761   1.492   1.459   1.470   1.455   1.474
Teachers       1.392   1.231   1.250   1.153   1.094   1.166
Black Women
 
                1960    1970    1980    1990    2000    2010
------------------------------------------------------------
Doctors        6.528   4.982   2.726   1.946   1.704   1.430
Lawyers        4.638   1.875   2.106   1.865   1.592   1.606
Secretaries    0.880   0.718   0.466   0.415   0.600   0.643
Construction   4.420  10.401   3.784   3.164   3.152   3.169
Teachers       1.294   1.209   1.138   1.076   1.037   1.025
FS2 = 20
         |                                                                     
      4 +|+                                                                    
         |                                                                     
        #|################################################################     
    3.5 $|$###############################################################     
        #|#$$$$###########################################################     
        #|#####$$$$#######################################################     
      3 +|+########$$$$###################################################     
        *|*############$$#################################################     
        #|#****##########$$###############################################     
    2.5 +|+####****########$$$############################################     
        #|#########*****######$$##########################################     
        #|##############****####$$########################################     
        #|##################*****#$$$$$###################################     
      2 #|#######################******$$$$$$#############################     
        #|#############################******$$$$$$$$$$###################     
        #|###################################**********$$$$$$$$$$$$$$$$$$$$$   
    1.5 +|+############################################*********************   
        #|##################################################################   
        +|-------------------------------------------------------------------  
      1 +-+##########+#############+############+#############+########### +   
      1960         1970          1980         1990          2000         2010  
                                                                               
                                                                               
                                                                               
                                                                               
         |                   Mean of Composite TauHat                          
      4 +|+ White                                                              
         |     women                                                           
        $|################################################################     
    3.5 +|$$$#############################################################     
        #|###$$$$#########################################################     
        #|#######$$$######################################################     
      3 *|*#########$$$###################################################     
        #|#****########$$$################################################     
    2.5 +|+####****#######$$##############################################     
        #|#########*****####$$$###########################################     
        #|##############Black men$########################################     
      2 +|+#################*****#$$$$$$$$################################     
        #|#######################******###$$$$$$$$$$$$$###################     
        #|#############################******##########$$$$$$$$$$$$$$$$$$$$$   
    1.5 +|+##################################*******************************   
        #|##################################################################   
        +|-------------------------------------------------------------------  
      1 +-+##########+#############+############+#############+########### +   
      1960         1970          1980         1990          2000         2010  
                                                                               
                                                                               
 
Stdev of log(relp) across occupations
 
  Year      WM      WW      BM      BW
--------------------------------------
  1960   0.000   2.041   1.229   2.398
  1970   0.000   1.796   0.861   2.081
  1980   0.000   1.670   0.642   1.710
  1990   0.000   1.606   0.628   1.681
  2000   0.000   1.521   0.620   1.605
  2010   0.000   1.548   0.578   1.602
 
Stdev of log(Wage Gap) across occupations
 
  Year      WM      WW      BM      BW
--------------------------------------
  1960   0.000   0.185   0.185   0.369
  1970   0.000   0.176   0.172   0.264
  1980   0.000   0.108   0.089   0.140
  1990   0.000   0.105   0.095   0.166
  2000   0.000   0.100   0.108   0.180
  2010   0.000   0.095   0.106   0.191
EstimateTauZ_Theta4                 05-Oct-2026 
 
'EstimateTauZ' is a script from the file /workspace/output/replication/codebase/EstimateTauZ.m

 %%%%%%%%%%%%%%%%%%%%%%%%%%%%%%%%%%%%%%%%%%%%%%%%%%%%%%%%%%%%%
   EstimateTauZ.m   

   Main program to estimate TauW, TauH, and Z
   See the Note on Estimation for more information on how this program works.
     
 %%%%%%%%%%%%%%%%%%%%%%%%%%%%%%%%%%%%%%%%%%%%%%%%%%%%%%%%%%%%%


Additional help for built-in functions and operators is
available in the online version of the manual.  Use the command
'doc <topic>' to search the manual index.

Help and information about Octave is also available on the WWW
at https://www.octave.org and via the help@octave.org
mailing list.
 
=============================================================
KEY PARAMETER VALUES:    CaseName = Theta4
                   theta =  4.0000
                     eta =  0.1030
            theta*(1-eta)=  3.5880
                    dlta =  0.0000
                      mu =  0.2787
                   sigma =  3.0000
           EstimateDelta =  0.0000
           ConstrainTauH = -0.8000
PurgeWageGrowthSelection =     0
      AlphaSplitTauW1960 =  0.5000
   OccupationforWageHome = 23 Secretaries                               
   Alpha0FixedSplit =  0.5000
=============================================================
 
 
 
-------------------------------------------------------------
Estimating w and Z from YWM:   1960
-------------------------------------------------------------
 
                                                 s     phi         w     zWM
----------------------------------------------------------------------------
Home                                         0.496   1.273   13258.5   1.000
Executives, Administrative, and Managerial   0.525   1.431   16081.3   0.915
Management Related                           0.596   1.911   13560.2   1.090
Architects                                   0.691   2.900    6674.1   1.282
Engineers                                    0.627   2.178   16356.8   1.030
Math and Computer Science                    0.654   2.448    6545.5   1.149
Natural Science                              0.658   2.489   10158.8   1.226
Doctors                                      0.751   3.907   12395.8   1.614
Health Assessment                            0.667   2.587    8156.2   1.251
Therapists                                   0.695   2.956    4280.9   1.633
Professors                                   0.819   5.850    9624.0   2.346
Teachers          Non-Postsecondary          0.694   2.937   11141.6   1.613
Librarians  and Curators                     0.715   3.247    3446.9   1.771
Social Scientists and Urban Planners         0.703   3.057    7349.2   1.373
Social Work                                  0.700   3.025    6676.3   2.044
Lawyers       and Judges                     0.755   3.986   12449.0   1.498
Arts and Athletes                            0.610   2.023   10731.2   1.142
Health Technicians                           0.524   1.426    5053.1   1.088
Engineering Technicians                      0.514   1.369    9878.4   0.941
Science Technicians                          0.521   1.408    7761.1   0.986
Technicians, Other                           0.542   1.531    6831.6   1.011
Sales, all                                   0.532   1.470   14885.3   0.989
Secretaries                                  0.520   1.402    5241.5   1.050
Info. Clerks                                 0.503   1.310    4965.0   1.004
Records Processing, Non-Financial            0.616   2.077    6939.3   1.186
Financial Records Processing                 0.525   1.430    6279.0   1.112
Office Machine Operator                      0.500   1.296    5806.9   1.008
Computer/Communications Equip. Operator      0.469   1.143    4395.4   0.871
Mail Distribution                            0.489   1.239    7204.5   0.980
Scheduling and Distributing Clerks           0.441   1.023    7320.3   0.967
Adjusters and Investigators                  0.574   1.746    6497.3   1.151
Misc. Admin Support                          0.512   1.360   10336.7   1.040
Private Household Occupations                0.418   0.929    3624.1   0.939
Firefighting                                 0.458   1.094    6248.4   0.923
Police                                       0.474   1.166    7571.4   0.963
Guards                                       0.446   1.043    4905.6   0.960
Food Prep    and Service                     0.418   0.930    5067.2   1.068
Health Service                               0.439   1.011    3107.3   1.238
Cleaning and Building Service                0.403   0.875    3840.0   1.080
Personal Service                             0.438   1.010    5667.9   1.025
Farm Managers                                0.434   0.992    5624.9   1.366
Farm Work                                    0.338   0.660    3417.9   1.353
Related Agriculture                          0.401   0.867    3767.9   0.977
Forest, Logging, Fishers and Hunter          0.379   0.790    3258.5   1.102
Mechanics                                    0.418   0.929    8130.6   0.928
Elec. Repairer                               0.465   1.126    9268.9   0.899
Misc. Repairer                               0.432   0.985    9419.4   0.900
Construction Trade                           0.428   0.970   11240.9   0.856
Extractive                                   0.402   0.872    6590.6   0.837
Supervisor(P)                                0.462   1.113   10677.7   0.826
Precision Metal                              0.434   0.992    9672.9   0.829
Precision Wood                               0.416   0.922    3894.3   0.932
Precision, Textile                           0.385   0.809    3982.1   0.919
Precision, Other                             0.434   0.992    5821.6   0.861
Precision, Food                              0.420   0.938    5897.4   0.913
Plant Operator                               0.533   1.478    9158.6   0.906
Metal and Plastic Machine Operator           0.399   0.860    6112.4   0.811
Metal and Plastic Processing Operator        0.408   0.893    3999.7   0.897
Woodworking Machine Operator                 0.372   0.766    3228.1   0.992
Textile Machine Operator                     0.453   1.072    7615.3   0.851
Print Machine Operator                       0.387   0.817    3965.4   1.010
Machine Operator, Other                      0.405   0.879   11128.9   0.901
Fabricators                                  0.409   0.897    7958.8   0.869
Production Inspectors                        0.444   1.034    6818.8   0.903
Motor Vehicle Operator                       0.405   0.880   10044.1   0.898
Non Motor Vehicle Operator                   0.422   0.946    8522.5   0.820
Freight, Stock, Material Handler             0.395   0.845    8324.1   0.971

  MWM = 23510705546128460.000
 
 
-------------------------------------------------------------
Estimating w and Z from YWM:   1970
-------------------------------------------------------------
 
                                                 s     phi         w     zWM
----------------------------------------------------------------------------
Home                                         0.555   1.614   16880.6   1.000
Executives, Administrative, and Managerial   0.557   1.627   21272.4   0.846
Management Related                           0.598   1.928   15005.0   0.935
Architects                                   0.725   3.421    8892.7   1.266
Engineers                                    0.640   2.302   19148.9   0.950
Math and Computer Science                    0.628   2.188   12277.8   0.943
Natural Science                              0.667   2.590   11817.7   1.125
Doctors                                      0.759   4.084   17857.1   1.247
Health Assessment                            0.686   2.833    9841.0   1.163
Therapists                                   0.669   2.616    6064.9   1.271
Professors                                   0.814   5.679   14260.2   2.017
Teachers          Non-Postsecondary          0.715   3.245   15320.2   1.457
Librarians  and Curators                     0.720   3.328    5484.3   1.511
Social Scientists and Urban Planners         0.698   2.987   11122.6   1.139
Social Work                                  0.688   2.857    8608.7   1.581
Lawyers       and Judges                     0.763   4.174   17514.9   1.257
Arts and Athletes                            0.598   1.922   12113.2   0.977
Health Technicians                           0.597   1.918    7032.7   1.063
Engineering Technicians                      0.528   1.446   12341.0   0.873
Science Technicians                          0.583   1.812    7031.0   1.018
Technicians, Other                           0.586   1.834   12442.1   0.897
Sales, all                                   0.543   1.537   17915.0   0.864
Secretaries                                  0.536   1.495    6317.3   0.959
Info. Clerks                                 0.536   1.497    6843.0   0.932
Records Processing, Non-Financial            0.611   2.029   10653.5   0.990
Financial Records Processing                 0.533   1.478    8458.3   0.952
Office Machine Operator                      0.502   1.304    4453.4   0.993
Computer/Communications Equip. Operator      0.509   1.341    7429.2   0.866
Mail Distribution                            0.501   1.299    7555.0   0.922
Scheduling and Distributing Clerks           0.483   1.209    9744.8   0.888
Adjusters and Investigators                  0.573   1.736    9908.0   0.959
Misc. Admin Support                          0.528   1.446   10222.4   0.925
Private Household Occupations                0.431   0.982    4160.6   0.928
Firefighting                                 0.483   1.209    8371.8   0.796
Police                                       0.499   1.288   10544.9   0.827
Guards                                       0.493   1.258    6002.3   0.928
Food Prep    and Service                     0.455   1.079    6229.7   0.982
Health Service                               0.520   1.401    4164.3   1.181
Cleaning and Building Service                0.436   1.001    6393.8   0.931
Personal Service                             0.439   1.015    7390.0   0.876
Farm Managers                                0.475   1.173    7562.5   1.048
Farm Work                                    0.399   0.861    4469.4   1.143
Related Agriculture                          0.431   0.979    5184.0   0.918
Forest, Logging, Fishers and Hunter          0.444   1.035    4386.4   0.975
Mechanics                                    0.444   1.034   11646.2   0.813
Elec. Repairer                               0.481   1.199   10968.5   0.819
Misc. Repairer                               0.444   1.035   10605.6   0.790
Construction Trade                           0.451   1.062   14299.4   0.784
Extractive                                   0.429   0.972    6174.0   0.804
Supervisor(P)                                0.484   1.215   13342.1   0.767
Precision Metal                              0.465   1.127   10933.1   0.773
Precision Wood                               0.439   1.012    4506.0   0.875
Precision, Textile                           0.405   0.880    4561.5   0.865
Precision, Other                             0.479   1.189    5852.8   0.808
Precision, Food                              0.443   1.030    7314.0   0.827
Plant Operator                               0.475   1.171    6879.1   0.782
Metal and Plastic Machine Operator           0.443   1.030    9264.2   0.804
Metal and Plastic Processing Operator        0.417   0.925    5419.7   0.769
Woodworking Machine Operator                 0.397   0.851    3787.2   0.910
Textile Machine Operator                     0.472   1.156    8833.0   0.788
Print Machine Operator                       0.409   0.896    5732.5   0.911
Machine Operator, Other                      0.433   0.989   12059.2   0.827
Fabricators                                  0.440   1.015    9800.5   0.825
Production Inspectors                        0.482   1.205    8726.8   0.861
Motor Vehicle Operator                       0.437   1.006   11873.8   0.820
Non Motor Vehicle Operator                   0.439   1.014    9499.9   0.775
Freight, Stock, Material Handler             0.440   1.019    9353.3   0.909

  MWM = 22620468049936552.000
 
 
-------------------------------------------------------------
Estimating w and Z from YWM:   1980
-------------------------------------------------------------
 
                                                 s     phi         w     zWM
----------------------------------------------------------------------------
Home                                         0.565   1.684   14702.1   1.000
Executives, Administrative, and Managerial   0.602   1.962   20611.1   0.854
Management Related                           0.631   2.210   16478.2   0.951
Architects                                   0.703   3.064    8264.2   1.216
Engineers                                    0.648   2.388   17382.0   0.889
Math and Computer Science                    0.652   2.420   11985.9   0.908
Natural Science                              0.702   3.046   10514.1   1.207
Doctors                                      0.758   4.060   18696.6   1.097
Health Assessment                            0.712   3.193    9933.5   1.214
Therapists                                   0.635   2.255    6827.7   1.106
Professors                                   0.811   5.545   10074.1   2.063
Teachers          Non-Postsecondary          0.709   3.156   12869.5   1.434
Librarians  and Curators                     0.724   3.400    4936.5   1.586
Social Scientists and Urban Planners         0.727   3.442   10241.4   1.229
Social Work                                  0.690   2.876    8031.4   1.520
Lawyers       and Judges                     0.769   4.300   17298.9   1.251
Arts and Athletes                            0.633   2.235   10388.1   1.133
Health Technicians                           0.621   2.125    7166.3   1.112
Engineering Technicians                      0.558   1.636   11133.8   0.873
Science Technicians                          0.584   1.815    7062.2   0.927
Technicians, Other                           0.631   2.213   12281.3   0.988
Sales, all                                   0.577   1.765   17678.5   0.879
Secretaries                                  0.594   1.898    4884.2   1.072
Info. Clerks                                 0.604   1.976    6193.7   1.048
Records Processing, Non-Financial            0.568   1.701    6381.3   0.998
Financial Records Processing                 0.586   1.832    7270.4   0.995
Office Machine Operator                      0.534   1.484    2921.1   1.021
Computer/Communications Equip. Operator      0.559   1.643    8605.2   0.856
Mail Distribution                            0.535   1.491    9010.1   0.807
Scheduling and Distributing Clerks           0.525   1.428    9905.1   0.878
Adjusters and Investigators                  0.608   2.009    7959.8   1.007
Misc. Admin Support                          0.589   1.855    8402.9   1.025
Private Household Occupations                0.469   1.144    3326.2   1.037
Firefighting                                 0.529   1.453    8335.9   0.797
Police                                       0.556   1.621   11040.1   0.844
Guards                                       0.537   1.504    6620.9   0.962
Food Prep    and Service                     0.520   1.401    6131.1   1.152
Health Service                               0.575   1.752    5124.2   1.188
Cleaning and Building Service                0.488   1.233    7379.4   0.948
Personal Service                             0.559   1.641    6105.5   1.075
Farm Managers                                0.526   1.439    7569.3   1.033
Farm Work                                    0.437   1.006    5086.4   0.989
Related Agriculture                          0.494   1.263    5298.8   1.005
Forest, Logging, Fishers and Hunter          0.489   1.240    5340.4   0.890
Mechanics                                    0.482   1.202   11763.4   0.791
Elec. Repairer                               0.509   1.344   11037.9   0.745
Misc. Repairer                               0.495   1.267    9705.4   0.770
Construction Trade                           0.495   1.271   15134.8   0.785
Extractive                                   0.468   1.138    7979.0   0.676
Supervisor(P)                                0.525   1.433   13274.1   0.750
Precision Metal                              0.490   1.243   10282.7   0.744
Precision Wood                               0.502   1.307    4172.4   0.999
Precision, Textile                           0.448   1.049    3593.1   0.919
Precision, Other                             0.504   1.316    5903.4   0.864
Precision, Food                              0.473   1.164    6953.0   0.769
Plant Operator                               0.520   1.401    7918.3   0.759
Metal and Plastic Machine Operator           0.469   1.142    8407.3   0.753
Metal and Plastic Processing Operator        0.463   1.116    5703.9   0.772
Woodworking Machine Operator                 0.465   1.124    4302.6   0.908
Textile Machine Operator                     0.504   1.316    7296.6   0.811
Print Machine Operator                       0.435   0.996    4446.0   0.916
Machine Operator, Other                      0.472   1.155   11178.6   0.776
Fabricators                                  0.469   1.145   10429.4   0.779
Production Inspectors                        0.503   1.309    8380.5   0.784
Motor Vehicle Operator                       0.478   1.187   12519.8   0.777
Non Motor Vehicle Operator                   0.483   1.207   10934.9   0.708
Freight, Stock, Material Handler             0.478   1.183    9771.0   0.853

  MWM = 11641079529709250.000
 
 
-------------------------------------------------------------
Estimating w and Z from YWM:   1990
-------------------------------------------------------------
 
                                                 s     phi         w     zWM
----------------------------------------------------------------------------
Home                                         0.555   1.611   14637.4   1.000
Executives, Administrative, and Managerial   0.582   1.800   21912.4   0.760
Management Related                           0.620   2.108   17722.7   0.860
Architects                                   0.649   2.398    9159.5   0.929
Engineers                                    0.638   2.279   20226.0   0.792
Math and Computer Science                    0.636   2.260   15326.6   0.799
Natural Science                              0.674   2.676   10665.8   1.059
Doctors                                      0.762   4.147   20576.2   1.020
Health Assessment                            0.650   2.405   11089.7   0.864
Therapists                                   0.633   2.236    7714.6   0.953
Professors                                   0.814   5.670    9295.3   2.102
Teachers          Non-Postsecondary          0.669   2.613   10964.4   1.224
Librarians  and Curators                     0.714   3.232    4729.9   1.490
Social Scientists and Urban Planners         0.697   2.974    9914.1   1.064
Social Work                                  0.660   2.514    7746.1   1.316
Lawyers       and Judges                     0.765   4.211   21664.0   0.999
Arts and Athletes                            0.611   2.034   11893.0   0.982
Health Technicians                           0.585   1.824    8013.1   0.960
Engineering Technicians                      0.559   1.640   12152.0   0.825
Science Technicians                          0.569   1.708    7227.1   0.863
Technicians, Other                           0.603   1.968   14585.5   0.856
Sales, all                                   0.561   1.651   20050.8   0.799
Secretaries                                  0.578   1.771    4724.3   1.055
Info. Clerks                                 0.581   1.794    6273.6   1.014
Records Processing, Non-Financial            0.575   1.752    5952.4   0.998
Financial Records Processing                 0.568   1.700    6575.6   0.984
Office Machine Operator                      0.519   1.399    3136.5   0.993
Computer/Communications Equip. Operator      0.557   1.627    8369.8   0.868
Mail Distribution                            0.529   1.453    9122.6   0.787
Scheduling and Distributing Clerks           0.518   1.391    9904.4   0.878
Adjusters and Investigators                  0.586   1.829    8511.7   0.945
Misc. Admin Support                          0.579   1.782    8683.2   0.978
Private Household Occupations                0.484   1.213    3375.5   1.065
Firefighting                                 0.532   1.469    9542.4   0.717
Police                                       0.541   1.527   11953.8   0.763
Guards                                       0.533   1.476    7121.1   0.956
Food Prep    and Service                     0.518   1.390    7237.6   1.124
Health Service                               0.557   1.630    5568.6   1.087
Cleaning and Building Service                0.493   1.261    7865.6   0.955
Personal Service                             0.545   1.553    5934.5   1.046
Farm Managers                                0.510   1.349    7062.0   0.994
Farm Work                                    0.447   1.047    5011.7   0.994
Related Agriculture                          0.485   1.217    6552.2   0.964
Forest, Logging, Fishers and Hunter          0.476   1.177    5231.7   0.876
Mechanics                                    0.493   1.257   12476.8   0.795
Elec. Repairer                               0.517   1.385   10179.6   0.786
Misc. Repairer                               0.501   1.301    9709.1   0.799
Construction Trade                           0.489   1.239   15529.3   0.790
Extractive                                   0.476   1.176    6790.1   0.710
Supervisor(P)                                0.511   1.353   12012.3   0.718
Precision Metal                              0.496   1.274   10622.5   0.746
Precision Wood                               0.492   1.252    4789.0   0.882
Precision, Textile                           0.471   1.151    3891.9   0.936
Precision, Other                             0.498   1.285    6347.9   0.826
Precision, Food                              0.481   1.200    6262.8   0.852
Plant Operator                               0.517   1.384    9196.6   0.708
Metal and Plastic Machine Operator           0.475   1.173    6604.8   0.806
Metal and Plastic Processing Operator        0.480   1.197    5503.7   0.792
Woodworking Machine Operator                 0.471   1.154    4341.8   0.941
Textile Machine Operator                     0.500   1.293    8092.7   0.794
Print Machine Operator                       0.465   1.124    5270.3   0.908
Machine Operator, Other                      0.482   1.205   10667.9   0.802
Fabricators                                  0.481   1.200   10052.7   0.821
Production Inspectors                        0.512   1.356    8463.8   0.795
Motor Vehicle Operator                       0.488   1.233   12528.2   0.811
Non Motor Vehicle Operator                   0.484   1.216    9456.5   0.734
Freight, Stock, Material Handler             0.489   1.239    9506.9   0.915

  MWM = 12437264203222872.000
 
 
-------------------------------------------------------------
Estimating w and Z from YWM:   2000
-------------------------------------------------------------
 
                                                 s     phi         w     zWM
----------------------------------------------------------------------------
Home                                         0.528   1.448   18874.3   1.000
Executives, Administrative, and Managerial   0.595   1.898   25512.0   0.856
Management Related                           0.619   2.100   20733.1   0.962
Architects                                   0.664   2.561    9806.8   1.132
Engineers                                    0.641   2.313   20179.7   0.936
Math and Computer Science                    0.605   1.982   18041.8   0.916
Natural Science                              0.701   3.042   11356.9   1.412
Doctors                                      0.762   4.136   20302.5   1.203
Health Assessment                            0.643   2.336   12290.7   0.986
Therapists                                   0.659   2.500   10100.3   1.133
Professors                                   0.792   4.922   10031.7   2.327
Teachers          Non-Postsecondary          0.672   2.646   12928.3   1.444
Librarians  and Curators                     0.710   3.168    4798.2   1.722
Social Scientists and Urban Planners         0.699   3.004    9716.4   1.268
Social Work                                  0.653   2.432    8547.5   1.468
Lawyers       and Judges                     0.763   4.175   21776.6   1.193
Arts and Athletes                            0.618   2.097   13587.2   1.141
Health Technicians                           0.576   1.761    9259.0   1.071
Engineering Technicians                      0.551   1.588   10622.4   0.989
Science Technicians                          0.563   1.669    6450.1   1.018
Technicians, Other                           0.627   2.172   19985.9   0.903
Sales, all                                   0.564   1.673   21345.8   0.924
Secretaries                                  0.585   1.828    6698.3   1.139
Info. Clerks                                 0.576   1.758    6361.6   1.225
Records Processing, Non-Financial            0.572   1.732    5627.6   1.229
Financial Records Processing                 0.567   1.695    6912.6   1.138
Office Machine Operator                      0.519   1.397    4709.9   0.983
Computer/Communications Equip. Operator      0.563   1.671    6847.5   1.043
Mail Distribution                            0.527   1.444    7500.5   1.011
Scheduling and Distributing Clerks           0.516   1.382   10162.0   1.064
Adjusters and Investigators                  0.571   1.725   10921.3   1.080
Misc. Admin Support                          0.582   1.802    8193.6   1.191
Private Household Occupations                0.491   1.249    3144.0   1.305
Firefighting                                 0.533   1.477   10391.3   0.846
Police                                       0.551   1.588   14144.3   0.917
Guards                                       0.531   1.463    7082.5   1.136
Food Prep    and Service                     0.515   1.377    8357.0   1.293
Health Service                               0.554   1.607    5493.3   1.321
Cleaning and Building Service                0.490   1.242    7526.1   1.112
Personal Service                             0.567   1.698    7711.6   1.219
Farm Managers                                0.519   1.399    6712.6   1.122
Farm Work                                    0.429   0.974    4952.7   1.127
Related Agriculture                          0.476   1.176    7406.7   1.103
Forest, Logging, Fishers and Hunter          0.473   1.163    5349.9   1.034
Mechanics                                    0.493   1.256   13104.0   0.921
Elec. Repairer                               0.513   1.361   11168.8   0.933
Misc. Repairer                               0.498   1.285    9373.9   0.948
Construction Trade                           0.480   1.193   15716.3   0.928
Extractive                                   0.477   1.183    6016.2   0.846
Supervisor(P)                                0.512   1.360   11652.5   0.865
Precision Metal                              0.497   1.277    9480.1   0.886
Precision Wood                               0.487   1.230    4804.9   1.037
Precision, Textile                           0.472   1.157    4021.6   1.004
Precision, Other                             0.531   1.465    5875.3   1.104
Precision, Food                              0.467   1.135    5605.3   1.046
Plant Operator                               0.508   1.334    7640.1   0.858
Metal and Plastic Machine Operator           0.476   1.175    6110.7   0.963
Metal and Plastic Processing Operator        0.485   1.217    5605.7   0.933
Woodworking Machine Operator                 0.477   1.179    7586.3   0.975
Textile Machine Operator                     0.498   1.286    7377.8   0.941
Print Machine Operator                       0.458   1.094    5132.0   1.067
Machine Operator, Other                      0.480   1.194   10234.1   0.956
Fabricators                                  0.483   1.208   10138.7   0.962
Production Inspectors                        0.519   1.397    8489.8   0.966
Motor Vehicle Operator                       0.488   1.234   12983.3   0.954
Non Motor Vehicle Operator                   0.483   1.209    9454.5   0.863
Freight, Stock, Material Handler             0.487   1.227    9021.7   1.079

  MWM = 35973064861277400.000
 
 
-------------------------------------------------------------
Estimating w and Z from YWM:   2010
-------------------------------------------------------------
 
                                                 s     phi         w     zWM
----------------------------------------------------------------------------
Home                                         0.582   1.800   18682.3   1.000
Executives, Administrative, and Managerial   0.601   1.948   24275.7   0.756
Management Related                           0.633   2.230   22018.3   0.804
Architects                                   0.671   2.642    9320.4   0.944
Engineers                                    0.651   2.415   21448.2   0.753
Math and Computer Science                    0.606   1.991   17901.6   0.783
Natural Science                              0.705   3.096   12528.1   1.101
Doctors                                      0.762   4.155   20302.9   0.990
Health Assessment                            0.671   2.644   15059.3   0.808
Therapists                                   0.692   2.912   11562.4   0.981
Professors                                   0.804   5.314   10714.7   2.093
Teachers          Non-Postsecondary          0.687   2.835   15025.0   1.188
Librarians  and Curators                     0.737   3.631    4742.4   1.598
Social Scientists and Urban Planners         0.678   2.728   11388.3   0.941
Social Work                                  0.658   2.493    9281.2   1.223
Lawyers       and Judges                     0.764   4.180   24659.1   0.896
Arts and Athletes                            0.636   2.259   13997.9   0.989
Health Technicians                           0.578   1.775   10131.3   0.876
Engineering Technicians                      0.570   1.713   10906.9   0.825
Science Technicians                          0.581   1.798    6933.4   0.856
Technicians, Other                           0.631   2.213   20234.3   0.745
Sales, all                                   0.574   1.743   19292.2   0.860
Secretaries                                  0.608   2.006    6790.7   1.067
Info. Clerks                                 0.578   1.771    6338.6   1.099
Records Processing, Non-Financial            0.600   1.943    6106.6   1.098
Financial Records Processing                 0.576   1.761    7190.2   0.968
Office Machine Operator                      0.573   1.738    3134.9   1.112
Computer/Communications Equip. Operator      0.567   1.695    5441.9   0.939
Mail Distribution                            0.539   1.515    7364.7   0.865
Scheduling and Distributing Clerks           0.535   1.491    9478.0   1.005
Adjusters and Investigators                  0.574   1.746   10460.2   0.986
Misc. Admin Support                          0.593   1.884    8406.1   1.053
Private Household Occupations                0.484   1.214    2930.6   1.196
Firefighting                                 0.550   1.584   12057.8   0.681
Police                                       0.560   1.644   14978.4   0.737
Guards                                       0.552   1.597    8248.3   0.986
Food Prep    and Service                     0.536   1.496    8717.8   1.240
Health Service                               0.564   1.677    6368.2   1.153
Cleaning and Building Service                0.507   1.330    7481.9   1.018
Personal Service                             0.579   1.784    7660.8   1.124
Farm Managers                                0.523   1.417    7693.9   0.845
Farm Work                                    0.418   0.929    5545.9   0.938
Related Agriculture                          0.475   1.173    7209.1   1.023
Forest, Logging, Fishers and Hunter          0.491   1.248    5245.2   0.864
Mechanics                                    0.504   1.316   12341.8   0.799
Elec. Repairer                               0.522   1.412   10886.7   0.809
Misc. Repairer                               0.508   1.335    9499.2   0.800
Construction Trade                           0.483   1.209   14749.3   0.819
Extractive                                   0.485   1.221    9724.3   0.625
Supervisor(P)                                0.519   1.394    9798.1   0.743
Precision Metal                              0.502   1.305    7564.9   0.785
Precision Wood                               0.491   1.248    3753.2   0.952
Precision, Textile                           0.479   1.192    2831.3   1.009
Precision, Other                             0.547   1.565    6324.5   0.961
Precision, Food                              0.474   1.165    5162.5   0.972
Plant Operator                               0.530   1.460    8750.3   0.692
Metal and Plastic Machine Operator           0.474   1.168    5184.1   0.836
Metal and Plastic Processing Operator        0.497   1.279    3968.6   0.866
Woodworking Machine Operator                 0.480   1.196    6372.2   0.856
Textile Machine Operator                     0.505   1.321    5372.5   0.897
Print Machine Operator                       0.464   1.121    3954.9   0.991
Machine Operator, Other                      0.489   1.237    9346.2   0.862
Fabricators                                  0.485   1.220    9225.8   0.844
Production Inspectors                        0.528   1.446    8492.0   0.819
Motor Vehicle Operator                       0.501   1.301   11339.6   0.880
Non Motor Vehicle Operator                   0.495   1.271   10341.0   0.699
Freight, Stock, Material Handler             0.503   1.311    8681.8   1.015

  MWM = 14556938643033522.000
 
 
=============================================================================
 Summary of Results for w, phi, s, Z from Young WM... (solveWMfor_w_phi.m)
=============================================================================
 
Values for w(i,t) --- wage per unit of human capital
 
                                              1960    1970    1980    1990    2000    2010
------------------------------------------------------------------------------------------
Home                                         13259   16881   14702   14637   18874   18682
Executives, Administrative, and Managerial   16081   21272   20611   21912   25512   24276
Management Related                           13560   15005   16478   17723   20733   22018
Architects                                    6674    8893    8264    9159    9807    9320
Engineers                                    16357   19149   17382   20226   20180   21448
Math and Computer Science                     6545   12278   11986   15327   18042   17902
Natural Science                              10159   11818   10514   10666   11357   12528
Doctors                                      12396   17857   18697   20576   20303   20303
Health Assessment                             8156    9841    9933   11090   12291   15059
Therapists                                    4281    6065    6828    7715   10100   11562
Professors                                    9624   14260   10074    9295   10032   10715
Teachers          Non-Postsecondary          11142   15320   12869   10964   12928   15025
Librarians  and Curators                      3447    5484    4937    4730    4798    4742
Social Scientists and Urban Planners          7349   11123   10241    9914    9716   11388
Social Work                                   6676    8609    8031    7746    8547    9281
Lawyers       and Judges                     12449   17515   17299   21664   21777   24659
Arts and Athletes                            10731   12113   10388   11893   13587   13998
Health Technicians                            5053    7033    7166    8013    9259   10131
Engineering Technicians                       9878   12341   11134   12152   10622   10907
Science Technicians                           7761    7031    7062    7227    6450    6933
Technicians, Other                            6832   12442   12281   14586   19986   20234
Sales, all                                   14885   17915   17679   20051   21346   19292
Secretaries                                   5242    6317    4884    4724    6698    6791
Info. Clerks                                  4965    6843    6194    6274    6362    6339
Records Processing, Non-Financial             6939   10653    6381    5952    5628    6107
Financial Records Processing                  6279    8458    7270    6576    6913    7190
Office Machine Operator                       5807    4453    2921    3136    4710    3135
Computer/Communications Equip. Operator       4395    7429    8605    8370    6848    5442
Mail Distribution                             7205    7555    9010    9123    7500    7365
Scheduling and Distributing Clerks            7320    9745    9905    9904   10162    9478
Adjusters and Investigators                   6497    9908    7960    8512   10921   10460
Misc. Admin Support                          10337   10222    8403    8683    8194    8406
Private Household Occupations                 3624    4161    3326    3376    3144    2931
Firefighting                                  6248    8372    8336    9542   10391   12058
Police                                        7571   10545   11040   11954   14144   14978
Guards                                        4906    6002    6621    7121    7083    8248
Food Prep    and Service                      5067    6230    6131    7238    8357    8718
Health Service                                3107    4164    5124    5569    5493    6368
Cleaning and Building Service                 3840    6394    7379    7866    7526    7482
Personal Service                              5668    7390    6106    5934    7712    7661
Farm Managers                                 5625    7563    7569    7062    6713    7694
Farm Work                                     3418    4469    5086    5012    4953    5546
Related Agriculture                           3768    5184    5299    6552    7407    7209
Forest, Logging, Fishers and Hunter           3258    4386    5340    5232    5350    5245
Mechanics                                     8131   11646   11763   12477   13104   12342
Elec. Repairer                                9269   10968   11038   10180   11169   10887
Misc. Repairer                                9419   10606    9705    9709    9374    9499
Construction Trade                           11241   14299   15135   15529   15716   14749
Extractive                                    6591    6174    7979    6790    6016    9724
Supervisor(P)                                10678   13342   13274   12012   11653    9798
Precision Metal                               9673   10933   10283   10622    9480    7565
Precision Wood                                3894    4506    4172    4789    4805    3753
Precision, Textile                            3982    4561    3593    3892    4022    2831
Precision, Other                              5822    5853    5903    6348    5875    6324
Precision, Food                               5897    7314    6953    6263    5605    5163
Plant Operator                                9159    6879    7918    9197    7640    8750
Metal and Plastic Machine Operator            6112    9264    8407    6605    6111    5184
Metal and Plastic Processing Operator         4000    5420    5704    5504    5606    3969
Woodworking Machine Operator                  3228    3787    4303    4342    7586    6372
Textile Machine Operator                      7615    8833    7297    8093    7378    5372
Print Machine Operator                        3965    5733    4446    5270    5132    3955
Machine Operator, Other                      11129   12059   11179   10668   10234    9346
Fabricators                                   7959    9801   10429   10053   10139    9226
Production Inspectors                         6819    8727    8380    8464    8490    8492
Motor Vehicle Operator                       10044   11874   12520   12528   12983   11340
Non Motor Vehicle Operator                    8523    9500   10935    9457    9454   10341
Freight, Stock, Material Handler              8324    9353    9771    9507    9022    8682
 
 
Values for phi(i,t)
 
                                              1960    1970    1980    1990    2000    2010
------------------------------------------------------------------------------------------
Home                                         1.273   1.614   1.684   1.611   1.448   1.800
Executives, Administrative, and Managerial   1.431   1.627   1.962   1.800   1.898   1.948
Management Related                           1.911   1.928   2.210   2.108   2.100   2.230
Architects                                   2.900   3.421   3.064   2.398   2.561   2.642
Engineers                                    2.178   2.302   2.388   2.279   2.313   2.415
Math and Computer Science                    2.448   2.188   2.420   2.260   1.982   1.991
Natural Science                              2.489   2.590   3.046   2.676   3.042   3.096
Doctors                                      3.907   4.084   4.060   4.147   4.136   4.155
Health Assessment                            2.587   2.833   3.193   2.405   2.336   2.644
Therapists                                   2.956   2.616   2.255   2.236   2.500   2.912
Professors                                   5.850   5.679   5.545   5.670   4.922   5.314
Teachers          Non-Postsecondary          2.937   3.245   3.156   2.613   2.646   2.835
Librarians  and Curators                     3.247   3.328   3.400   3.232   3.168   3.631
Social Scientists and Urban Planners         3.057   2.987   3.442   2.974   3.004   2.728
Social Work                                  3.025   2.857   2.876   2.514   2.432   2.493
Lawyers       and Judges                     3.986   4.174   4.300   4.211   4.175   4.180
Arts and Athletes                            2.023   1.922   2.235   2.034   2.097   2.259
Health Technicians                           1.426   1.918   2.125   1.824   1.761   1.775
Engineering Technicians                      1.369   1.446   1.636   1.640   1.588   1.713
Science Technicians                          1.408   1.812   1.815   1.708   1.669   1.798
Technicians, Other                           1.531   1.834   2.213   1.968   2.172   2.213
Sales, all                                   1.470   1.537   1.765   1.651   1.673   1.743
Secretaries                                  1.402   1.495   1.898   1.771   1.828   2.006
Info. Clerks                                 1.310   1.497   1.976   1.794   1.758   1.771
Records Processing, Non-Financial            2.077   2.029   1.701   1.752   1.732   1.943
Financial Records Processing                 1.430   1.478   1.832   1.700   1.695   1.761
Office Machine Operator                      1.296   1.304   1.484   1.399   1.397   1.738
Computer/Communications Equip. Operator      1.143   1.341   1.643   1.627   1.671   1.695
Mail Distribution                            1.239   1.299   1.491   1.453   1.444   1.515
Scheduling and Distributing Clerks           1.023   1.209   1.428   1.391   1.382   1.491
Adjusters and Investigators                  1.746   1.736   2.009   1.829   1.725   1.746
Misc. Admin Support                          1.360   1.446   1.855   1.782   1.802   1.884
Private Household Occupations                0.929   0.982   1.144   1.213   1.249   1.214
Firefighting                                 1.094   1.209   1.453   1.469   1.477   1.584
Police                                       1.166   1.288   1.621   1.527   1.588   1.644
Guards                                       1.043   1.258   1.504   1.476   1.463   1.597
Food Prep    and Service                     0.930   1.079   1.401   1.390   1.377   1.496
Health Service                               1.011   1.401   1.752   1.630   1.607   1.677
Cleaning and Building Service                0.875   1.001   1.233   1.261   1.242   1.330
Personal Service                             1.010   1.015   1.641   1.553   1.698   1.784
Farm Managers                                0.992   1.173   1.439   1.349   1.399   1.417
Farm Work                                    0.660   0.861   1.006   1.047   0.974   0.929
Related Agriculture                          0.867   0.979   1.263   1.217   1.176   1.173
Forest, Logging, Fishers and Hunter          0.790   1.035   1.240   1.177   1.163   1.248
Mechanics                                    0.929   1.034   1.202   1.257   1.256   1.316
Elec. Repairer                               1.126   1.199   1.344   1.385   1.361   1.412
Misc. Repairer                               0.985   1.035   1.267   1.301   1.285   1.335
Construction Trade                           0.970   1.062   1.271   1.239   1.193   1.209
Extractive                                   0.872   0.972   1.138   1.176   1.183   1.221
Supervisor(P)                                1.113   1.215   1.433   1.353   1.360   1.394
Precision Metal                              0.992   1.127   1.243   1.274   1.277   1.305
Precision Wood                               0.922   1.012   1.307   1.252   1.230   1.248
Precision, Textile                           0.809   0.880   1.049   1.151   1.157   1.192
Precision, Other                             0.992   1.189   1.316   1.285   1.465   1.565
Precision, Food                              0.938   1.030   1.164   1.200   1.135   1.165
Plant Operator                               1.478   1.171   1.401   1.384   1.334   1.460
Metal and Plastic Machine Operator           0.860   1.030   1.142   1.173   1.175   1.168
Metal and Plastic Processing Operator        0.893   0.925   1.116   1.197   1.217   1.279
Woodworking Machine Operator                 0.766   0.851   1.124   1.154   1.179   1.196
Textile Machine Operator                     1.072   1.156   1.316   1.293   1.286   1.321
Print Machine Operator                       0.817   0.896   0.996   1.124   1.094   1.121
Machine Operator, Other                      0.879   0.989   1.155   1.205   1.194   1.237
Fabricators                                  0.897   1.015   1.145   1.200   1.208   1.220
Production Inspectors                        1.034   1.205   1.309   1.356   1.397   1.446
Motor Vehicle Operator                       0.880   1.006   1.187   1.233   1.234   1.301
Non Motor Vehicle Operator                   0.946   1.014   1.207   1.216   1.209   1.271
Freight, Stock, Material Handler             0.845   1.019   1.183   1.239   1.227   1.311
 
 
Values for s(i,t)
 
                                              1960    1970    1980    1990    2000    2010
------------------------------------------------------------------------------------------
Home                                         0.496   0.555   0.565   0.555   0.528   0.582
Executives, Administrative, and Managerial   0.525   0.557   0.602   0.582   0.595   0.601
Management Related                           0.596   0.598   0.631   0.620   0.619   0.633
Architects                                   0.691   0.725   0.703   0.649   0.664   0.671
Engineers                                    0.627   0.640   0.648   0.638   0.641   0.651
Math and Computer Science                    0.654   0.628   0.652   0.636   0.605   0.606
Natural Science                              0.658   0.667   0.702   0.674   0.701   0.705
Doctors                                      0.751   0.759   0.758   0.762   0.762   0.762
Health Assessment                            0.667   0.686   0.712   0.650   0.643   0.671
Therapists                                   0.695   0.669   0.635   0.633   0.659   0.692
Professors                                   0.819   0.814   0.811   0.814   0.792   0.804
Teachers          Non-Postsecondary          0.694   0.715   0.709   0.669   0.672   0.687
Librarians  and Curators                     0.715   0.720   0.724   0.714   0.710   0.737
Social Scientists and Urban Planners         0.703   0.698   0.727   0.697   0.699   0.678
Social Work                                  0.700   0.688   0.690   0.660   0.653   0.658
Lawyers       and Judges                     0.755   0.763   0.769   0.765   0.763   0.764
Arts and Athletes                            0.610   0.598   0.633   0.611   0.618   0.636
Health Technicians                           0.524   0.597   0.621   0.585   0.576   0.578
Engineering Technicians                      0.514   0.528   0.558   0.559   0.551   0.570
Science Technicians                          0.521   0.583   0.584   0.569   0.563   0.581
Technicians, Other                           0.542   0.586   0.631   0.603   0.627   0.631
Sales, all                                   0.532   0.543   0.577   0.561   0.564   0.574
Secretaries                                  0.520   0.536   0.594   0.578   0.585   0.608
Info. Clerks                                 0.503   0.536   0.604   0.581   0.576   0.578
Records Processing, Non-Financial            0.616   0.611   0.568   0.575   0.572   0.600
Financial Records Processing                 0.525   0.533   0.586   0.568   0.567   0.576
Office Machine Operator                      0.500   0.502   0.534   0.519   0.519   0.573
Computer/Communications Equip. Operator      0.469   0.509   0.559   0.557   0.563   0.567
Mail Distribution                            0.489   0.501   0.535   0.529   0.527   0.539
Scheduling and Distributing Clerks           0.441   0.483   0.525   0.518   0.516   0.535
Adjusters and Investigators                  0.574   0.573   0.608   0.586   0.571   0.574
Misc. Admin Support                          0.512   0.528   0.589   0.579   0.582   0.593
Private Household Occupations                0.418   0.431   0.469   0.484   0.491   0.484
Firefighting                                 0.458   0.483   0.529   0.532   0.533   0.550
Police                                       0.474   0.499   0.556   0.541   0.551   0.560
Guards                                       0.446   0.493   0.537   0.533   0.531   0.552
Food Prep    and Service                     0.418   0.455   0.520   0.518   0.515   0.536
Health Service                               0.439   0.520   0.575   0.557   0.554   0.564
Cleaning and Building Service                0.403   0.436   0.488   0.493   0.490   0.507
Personal Service                             0.438   0.439   0.559   0.545   0.567   0.579
Farm Managers                                0.434   0.475   0.526   0.510   0.519   0.523
Farm Work                                    0.338   0.399   0.437   0.447   0.429   0.418
Related Agriculture                          0.401   0.431   0.494   0.485   0.476   0.475
Forest, Logging, Fishers and Hunter          0.379   0.444   0.489   0.476   0.473   0.491
Mechanics                                    0.418   0.444   0.482   0.493   0.493   0.504
Elec. Repairer                               0.465   0.481   0.509   0.517   0.513   0.522
Misc. Repairer                               0.432   0.444   0.495   0.501   0.498   0.508
Construction Trade                           0.428   0.451   0.495   0.489   0.480   0.483
Extractive                                   0.402   0.429   0.468   0.476   0.477   0.485
Supervisor(P)                                0.462   0.484   0.525   0.511   0.512   0.519
Precision Metal                              0.434   0.465   0.490   0.496   0.497   0.502
Precision Wood                               0.416   0.439   0.502   0.492   0.487   0.491
Precision, Textile                           0.385   0.405   0.448   0.471   0.472   0.479
Precision, Other                             0.434   0.479   0.504   0.498   0.531   0.547
Precision, Food                              0.420   0.443   0.473   0.481   0.467   0.474
Plant Operator                               0.533   0.475   0.520   0.517   0.508   0.530
Metal and Plastic Machine Operator           0.399   0.443   0.469   0.475   0.476   0.474
Metal and Plastic Processing Operator        0.408   0.417   0.463   0.480   0.485   0.497
Woodworking Machine Operator                 0.372   0.397   0.465   0.471   0.477   0.480
Textile Machine Operator                     0.453   0.472   0.504   0.500   0.498   0.505
Print Machine Operator                       0.387   0.409   0.435   0.465   0.458   0.464
Machine Operator, Other                      0.405   0.433   0.472   0.482   0.480   0.489
Fabricators                                  0.409   0.440   0.469   0.481   0.483   0.485
Production Inspectors                        0.444   0.482   0.503   0.512   0.519   0.528
Motor Vehicle Operator                       0.405   0.437   0.478   0.488   0.488   0.501
Non Motor Vehicle Operator                   0.422   0.439   0.483   0.484   0.483   0.495
Freight, Stock, Material Handler             0.395   0.440   0.478   0.489   0.487   0.503
 
 
Values for ZWM(i,t)
 
                                              1960    1970    1980    1990    2000    2010
------------------------------------------------------------------------------------------
Home                                         1.000   1.000   1.000   1.000   1.000   1.000
Executives, Administrative, and Managerial   0.915   0.846   0.854   0.760   0.856   0.756
Management Related                           1.090   0.935   0.951   0.860   0.962   0.804
Architects                                   1.282   1.266   1.216   0.929   1.132   0.944
Engineers                                    1.030   0.950   0.889   0.792   0.936   0.753
Math and Computer Science                    1.149   0.943   0.908   0.799   0.916   0.783
Natural Science                              1.226   1.125   1.207   1.059   1.412   1.101
Doctors                                      1.614   1.247   1.097   1.020   1.203   0.990
Health Assessment                            1.251   1.163   1.214   0.864   0.986   0.808
Therapists                                   1.633   1.271   1.106   0.953   1.133   0.981
Professors                                   2.346   2.017   2.063   2.102   2.327   2.093
Teachers          Non-Postsecondary          1.613   1.457   1.434   1.224   1.444   1.188
Librarians  and Curators                     1.771   1.511   1.586   1.490   1.722   1.598
Social Scientists and Urban Planners         1.373   1.139   1.229   1.064   1.268   0.941
Social Work                                  2.044   1.581   1.520   1.316   1.468   1.223
Lawyers       and Judges                     1.498   1.257   1.251   0.999   1.193   0.896
Arts and Athletes                            1.142   0.977   1.133   0.982   1.141   0.989
Health Technicians                           1.088   1.063   1.112   0.960   1.071   0.876
Engineering Technicians                      0.941   0.873   0.873   0.825   0.989   0.825
Science Technicians                          0.986   1.018   0.927   0.863   1.018   0.856
Technicians, Other                           1.011   0.897   0.988   0.856   0.903   0.745
Sales, all                                   0.989   0.864   0.879   0.799   0.924   0.860
Secretaries                                  1.050   0.959   1.072   1.055   1.139   1.067
Info. Clerks                                 1.004   0.932   1.048   1.014   1.225   1.099
Records Processing, Non-Financial            1.186   0.990   0.998   0.998   1.229   1.098
Financial Records Processing                 1.112   0.952   0.995   0.984   1.138   0.968
Office Machine Operator                      1.008   0.993   1.021   0.993   0.983   1.112
Computer/Communications Equip. Operator      0.871   0.866   0.856   0.868   1.043   0.939
Mail Distribution                            0.980   0.922   0.807   0.787   1.011   0.865
Scheduling and Distributing Clerks           0.967   0.888   0.878   0.878   1.064   1.005
Adjusters and Investigators                  1.151   0.959   1.007   0.945   1.080   0.986
Misc. Admin Support                          1.040   0.925   1.025   0.978   1.191   1.053
Private Household Occupations                0.939   0.928   1.037   1.065   1.305   1.196
Firefighting                                 0.923   0.796   0.797   0.717   0.846   0.681
Police                                       0.963   0.827   0.844   0.763   0.917   0.737
Guards                                       0.960   0.928   0.962   0.956   1.136   0.986
Food Prep    and Service                     1.068   0.982   1.152   1.124   1.293   1.240
Health Service                               1.238   1.181   1.188   1.087   1.321   1.153
Cleaning and Building Service                1.080   0.931   0.948   0.955   1.112   1.018
Personal Service                             1.025   0.876   1.075   1.046   1.219   1.124
Farm Managers                                1.366   1.048   1.033   0.994   1.122   0.845
Farm Work                                    1.353   1.143   0.989   0.994   1.127   0.938
Related Agriculture                          0.977   0.918   1.005   0.964   1.103   1.023
Forest, Logging, Fishers and Hunter          1.102   0.975   0.890   0.876   1.034   0.864
Mechanics                                    0.928   0.813   0.791   0.795   0.921   0.799
Elec. Repairer                               0.899   0.819   0.745   0.786   0.933   0.809
Misc. Repairer                               0.900   0.790   0.770   0.799   0.948   0.800
Construction Trade                           0.856   0.784   0.785   0.790   0.928   0.819
Extractive                                   0.837   0.804   0.676   0.710   0.846   0.625
Supervisor(P)                                0.826   0.767   0.750   0.718   0.865   0.743
Precision Metal                              0.829   0.773   0.744   0.746   0.886   0.785
Precision Wood                               0.932   0.875   0.999   0.882   1.037   0.952
Precision, Textile                           0.919   0.865   0.919   0.936   1.004   1.009
Precision, Other                             0.861   0.808   0.864   0.826   1.104   0.961
Precision, Food                              0.913   0.827   0.769   0.852   1.046   0.972
Plant Operator                               0.906   0.782   0.759   0.708   0.858   0.692
Metal and Plastic Machine Operator           0.811   0.804   0.753   0.806   0.963   0.836
Metal and Plastic Processing Operator        0.897   0.769   0.772   0.792   0.933   0.866
Woodworking Machine Operator                 0.992   0.910   0.908   0.941   0.975   0.856
Textile Machine Operator                     0.851   0.788   0.811   0.794   0.941   0.897
Print Machine Operator                       1.010   0.911   0.916   0.908   1.067   0.991
Machine Operator, Other                      0.901   0.827   0.776   0.802   0.956   0.862
Fabricators                                  0.869   0.825   0.779   0.821   0.962   0.844
Production Inspectors                        0.903   0.861   0.784   0.795   0.966   0.819
Motor Vehicle Operator                       0.898   0.820   0.777   0.811   0.954   0.880
Non Motor Vehicle Operator                   0.820   0.775   0.708   0.734   0.863   0.699
Freight, Stock, Material Handler             0.971   0.909   0.853   0.915   1.079   1.015
 
 
WageBarHomeY(g,t):
 
               1960    1970    1980    1990    2000    2010
-----------------------------------------------------------
White Men     29602   35068   30147   29637   36650   33905
White Women   16273   20652   19327   21045   28975   27753
Black Men     23359   29289   22832   21977   28430   27098
Black Women   16925   22291   20271   20921   29086   28506
 
 
 
===========================================================
GetTExperience.m:
Fixing tauhat_y missing values --> tauhat_y_cleaned (just for robustness cases)
 -- Use first non-missing value
 
===========================================================
 
*********************
White Women
*********************
 
tauhat_y_cleaned Firefighting     NaN  3.4435  3.4204  2.6785  2.4844  2.3832
tauhat_y_cleaned Firefighting  3.4435  3.4435  3.4204  2.6785  2.4844  2.3832
tauhat_y_cleaned Forest     NaN  5.1285  2.6810  2.2150  2.4112  1.9021
tauhat_y_cleaned Forest  5.1285  5.1285  2.6810  2.2150  2.4112  1.9021
 
*********************
Black Men
*********************
 
tauhat_y_cleaned Architects     NaN  1.5956  1.7173  1.4474  1.5427  1.5190
tauhat_y_cleaned Architects  1.5956  1.5956  1.7173  1.4474  1.5427  1.5190
tauhat_y_cleaned Librarians     NaN  1.2985  1.0590  1.1060  1.3780  1.1307
tauhat_y_cleaned Librarians  1.2985  1.2985  1.0590  1.1060  1.3780  1.1307
 
*********************
Black Women
*********************
 
tauhat_y_cleaned Architects     NaN     NaN  1.7539  2.4709  2.1704  1.3154
tauhat_y_cleaned Architects  1.7539  1.7539  1.7539  2.4709  2.1704  1.3154
tauhat_y_cleaned Engineers     NaN     NaN  2.8037  2.1781  1.8477  1.8959
tauhat_y_cleaned Engineers  2.8037  2.8037  2.8037  2.1781  1.8477  1.8959
tauhat_y_cleaned Math/CompSci     NaN  2.6425  1.7387  1.6061  1.5998  1.5478
tauhat_y_cleaned Math/CompSci  2.6425  2.6425  1.7387  1.6061  1.5998  1.5478
tauhat_y_cleaned Science     NaN  2.4017  2.1411  1.6176  1.5583  1.3622
tauhat_y_cleaned Science  2.4017  2.4017  2.1411  1.6176  1.5583  1.3622
tauhat_y_cleaned Eng.Techs     NaN  3.3459  2.0905  2.1213  1.7202  1.7265
tauhat_y_cleaned Eng.Techs  3.3459  3.3459  2.0905  2.1213  1.7202  1.7265
tauhat_y_cleaned OtherTechs     NaN  2.2461  1.6946  1.5722  1.6741  1.7985
tauhat_y_cleaned OtherTechs  2.2461  2.2461  1.6946  1.5722  1.6741  1.7985
tauhat_y_cleaned Firefighting     NaN     NaN  3.5497  3.4386  2.8275  3.8819
tauhat_y_cleaned Firefighting  3.5497  3.5497  3.5497  3.4386  2.8275  3.8819
tauhat_y_cleaned Police     NaN  3.3039  2.2093  1.4039  1.4760  1.5079
tauhat_y_cleaned Police  3.3039  3.3039  2.2093  1.4039  1.4760  1.5079
tauhat_y_cleaned FarmMgrs 15.5635  4.5602  7.8290  5.7141     NaN  4.3389
tauhat_y_cleaned FarmMgrs 15.5635  4.5602  7.8290  5.7141  5.0265  4.3389
tauhat_y_cleaned Agriculture     NaN  3.7589  2.8355  2.6803  2.4016  2.2294
tauhat_y_cleaned Agriculture  3.7589  3.7589  2.8355  2.6803  2.4016  2.2294
tauhat_y_cleaned Forest     NaN  2.3811  3.1106  2.7047  1.9819     NaN
tauhat_y_cleaned Forest  2.3811  2.3811  3.1106  2.7047  1.9819  1.9819
tauhat_y_cleaned Mechanics     NaN  7.0635  3.2587  2.7629  2.7752  2.7759
tauhat_y_cleaned Mechanics  7.0635  7.0635  3.2587  2.7629  2.7752  2.7759
tauhat_y_cleaned Elec.Repairer     NaN  7.1372  2.2756  1.8983  1.7838  2.2676
tauhat_y_cleaned Elec.Repairer  7.1372  7.1372  2.2756  1.8983  1.7838  2.2676
tauhat_y_cleaned Extractive     NaN  3.6790  6.0407  2.8361     NaN  4.8749
tauhat_y_cleaned Extractive  3.6790  3.6790  6.0407  2.8361  3.8555  4.8749
tauhat_y_cleaned MetalWork     NaN  3.7903  3.0930  2.8122  2.3656  3.0697
tauhat_y_cleaned MetalWork  3.7903  3.7903  3.0930  2.8122  2.3656  3.0697
tauhat_y_cleaned WoodWork     NaN  2.6640  2.9541  3.0136  2.9037  3.1629
tauhat_y_cleaned WoodWork  2.6640  2.6640  2.9541  3.0136  2.9037  3.1629
tauhat_y_cleaned PlantOperator     NaN     NaN  2.6565  3.2219  3.4122  2.8920
tauhat_y_cleaned PlantOperator  2.6565  2.6565  2.6565  3.2219  3.4122  2.8920
tauhat_y_cleaned MetalMach.     NaN  2.2837  2.0604  2.2658  1.9247  2.8221
tauhat_y_cleaned MetalMach.  2.2837  2.2837  2.0604  2.2658  1.9247  2.8221
tauhat_y_cleaned MetalProc.     NaN  3.9898  2.0511  2.2501  1.9750  1.8976
tauhat_y_cleaned MetalProc.  3.9898  3.9898  2.0511  2.2501  1.9750  1.8976
tauhat_y_cleaned WoodMach.     NaN  3.6781  2.0092  2.2036  1.6286  1.7295
tauhat_y_cleaned WoodMach.  3.6781  3.6781  2.0092  2.2036  1.6286  1.7295
tauhat_y_cleaned TextileMach.     NaN  2.7375  2.4079  2.0113  2.0876  1.7774
tauhat_y_cleaned TextileMach.  2.7375  2.7375  2.4079  2.0113  2.0876  1.7774
 
GetTExperience.m:
                     TigYMO for               --- 1960 ---      and    --- 1990 ---
Home                                         1.00   1.30   1.68        1.00   1.41   1.69
Executives, Administrative, and Managerial   1.00   1.30   1.68        1.00   1.41   1.69
Management Related                           1.00   1.30   1.68        1.00   1.41   1.69
Architects                                   1.00   1.30   1.68        1.00   1.41   1.69
Engineers                                    1.00   1.30   1.68        1.00   1.41   1.69
Math and Computer Science                    1.00   1.30   1.68        1.00   1.41   1.69
Natural Science                              1.00   1.30   1.68        1.00   1.41   1.69
Doctors                                      1.00   1.30   1.68        1.00   1.41   1.69
Health Assessment                            1.00   1.30   1.68        1.00   1.41   1.69
Therapists                                   1.00   1.30   1.68        1.00   1.41   1.69
Professors                                   1.00   1.30   1.68        1.00   1.41   1.69
Teachers          Non-Postsecondary          1.00   1.30   1.68        1.00   1.41   1.69
Librarians  and Curators                     1.00   1.30   1.68        1.00   1.41   1.69
Social Scientists and Urban Planners         1.00   1.30   1.68        1.00   1.41   1.69
Social Work                                  1.00   1.30   1.68        1.00   1.41   1.69
Lawyers       and Judges                     1.00   1.30   1.68        1.00   1.41   1.69
Arts and Athletes                            1.00   1.30   1.68        1.00   1.41   1.69
Health Technicians                           1.00   1.30   1.68        1.00   1.41   1.69
Engineering Technicians                      1.00   1.30   1.68        1.00   1.41   1.69
Science Technicians                          1.00   1.30   1.68        1.00   1.41   1.69
Technicians, Other                           1.00   1.30   1.68        1.00   1.41   1.69
Sales, all                                   1.00   1.30   1.68        1.00   1.41   1.69
Secretaries                                  1.00   1.30   1.68        1.00   1.41   1.69
Info. Clerks                                 1.00   1.30   1.68        1.00   1.41   1.69
Records Processing, Non-Financial            1.00   1.30   1.68        1.00   1.41   1.69
Financial Records Processing                 1.00   1.30   1.68        1.00   1.41   1.69
Office Machine Operator                      1.00   1.30   1.68        1.00   1.41   1.69
Computer/Communications Equip. Operator      1.00   1.30   1.68        1.00   1.41   1.69
Mail Distribution                            1.00   1.30   1.68        1.00   1.41   1.69
Scheduling and Distributing Clerks           1.00   1.30   1.68        1.00   1.41   1.69
Adjusters and Investigators                  1.00   1.30   1.68        1.00   1.41   1.69
Misc. Admin Support                          1.00   1.30   1.68        1.00   1.41   1.69
Private Household Occupations                1.00   1.30   1.68        1.00   1.41   1.69
Firefighting                                 1.00   1.30   1.68        1.00   1.41   1.69
Police                                       1.00   1.30   1.68        1.00   1.41   1.69
Guards                                       1.00   1.30   1.68        1.00   1.41   1.69
Food Prep    and Service                     1.00   1.30   1.68        1.00   1.41   1.69
Health Service                               1.00   1.30   1.68        1.00   1.41   1.69
Cleaning and Building Service                1.00   1.30   1.68        1.00   1.41   1.69
Personal Service                             1.00   1.30   1.68        1.00   1.41   1.69
Farm Managers                                1.00   1.30   1.68        1.00   1.41   1.69
Farm Work                                    1.00   1.30   1.68        1.00   1.41   1.69
Related Agriculture                          1.00   1.30   1.68        1.00   1.41   1.69
Forest, Logging, Fishers and Hunter          1.00   1.30   1.68        1.00   1.41   1.69
Mechanics                                    1.00   1.30   1.68        1.00   1.41   1.69
Elec. Repairer                               1.00   1.30   1.68        1.00   1.41   1.69
Misc. Repairer                               1.00   1.30   1.68        1.00   1.41   1.69
Construction Trade                           1.00   1.30   1.68        1.00   1.41   1.69
Extractive                                   1.00   1.30   1.68        1.00   1.41   1.69
Supervisor(P)                                1.00   1.30   1.68        1.00   1.41   1.69
Precision Metal                              1.00   1.30   1.68        1.00   1.41   1.69
Precision Wood                               1.00   1.30   1.68        1.00   1.41   1.69
Precision, Textile                           1.00   1.30   1.68        1.00   1.41   1.69
Precision, Other                             1.00   1.30   1.68        1.00   1.41   1.69
Precision, Food                              1.00   1.30   1.68        1.00   1.41   1.69
Plant Operator                               1.00   1.30   1.68        1.00   1.41   1.69
Metal and Plastic Machine Operator           1.00   1.30   1.68        1.00   1.41   1.69
Metal and Plastic Processing Operator        1.00   1.30   1.68        1.00   1.41   1.69
Woodworking Machine Operator                 1.00   1.30   1.68        1.00   1.41   1.69
Textile Machine Operator                     1.00   1.30   1.68        1.00   1.41   1.69
Print Machine Operator                       1.00   1.30   1.68        1.00   1.41   1.69
Machine Operator, Other                      1.00   1.30   1.68        1.00   1.41   1.69
Fabricators                                  1.00   1.30   1.68        1.00   1.41   1.69
Production Inspectors                        1.00   1.30   1.68        1.00   1.41   1.69
Motor Vehicle Operator                       1.00   1.30   1.68        1.00   1.41   1.69
Non Motor Vehicle Operator                   1.00   1.30   1.68        1.00   1.41   1.69
Freight, Stock, Material Handler             1.00   1.30   1.68        1.00   1.41   1.69
 
Values for occupation 8:
ans =

   1.0000   1.3040   1.6850
   1.0000   1.4665   1.6612
   1.0000   1.3096   1.5215
   1.0000   1.4140   1.6876
   1.0000   1.4624        0
   1.0000   1.0000   1.0000

 
Tbar and TbarHat by Group and Years for Doctors
ans =

   3.9890   4.1277   3.8311   4.1016   4.2077   4.2077
   3.9890   4.1277   3.8311   4.1016   4.2077   4.2077
   3.9890   4.1277   3.8311   4.1016   4.2077   4.2077
   3.9890   4.1277   3.8311   4.1016   4.2077   4.2077

ans =

   1   1   1   1   1   1
   1   1   1   1   1   1
   1   1   1   1   1   1
   1   1   1   1   1   1

 
Tbar and TbarHat by Group and Years for Secretaries
ans =

   3.9890   4.1277   3.8311   4.1016   4.2077   4.2077
   3.9890   4.1277   3.8311   4.1016   4.2077   4.2077
   3.9890   4.1277   3.8311   4.1016   4.2077   4.2077
   3.9890   4.1277   3.8311   4.1016   4.2077   4.2077

ans =

   1   1   1   1   1   1
   1   1   1   1   1   1
   1   1   1   1   1   1
   1   1   1   1   1   1

 
Tbar and TbarHat by Group and Years for Farm
ans =

   3.9890   4.1277   3.8311   4.1016   4.2077   4.2077
   3.9890   4.1277   3.8311   4.1016   4.2077   4.2077
   3.9890   4.1277   3.8311   4.1016   4.2077   4.2077
   3.9890   4.1277   3.8311   4.1016   4.2077   4.2077

ans =

   1   1   1   1   1   1
   1   1   1   1   1   1
   1   1   1   1   1   1
   1   1   1   1   1   1

>>> Starting maxdiff/s_counter loop in EstimateTauZ.m
 
 
-------------------------------------------------------------
Estimating w and Z from YWM:   1960
-------------------------------------------------------------
 
                                                 s     phi         w     zWM
----------------------------------------------------------------------------
Home                                         0.496   1.273   12875.1   1.000
Executives, Administrative, and Managerial   0.525   1.431   15616.2   0.915
Management Related                           0.596   1.911   13168.0   1.090
Architects                                   0.691   2.900    6481.1   1.282
Engineers                                    0.627   2.178   15883.7   1.030
Math and Computer Science                    0.654   2.448    6356.2   1.149
Natural Science                              0.658   2.489    9865.0   1.226
Doctors                                      0.751   3.907   12037.3   1.614
Health Assessment                            0.667   2.587    7920.3   1.251
Therapists                                   0.695   2.956    4157.1   1.633
Professors                                   0.819   5.850    9345.7   2.346
Teachers          Non-Postsecondary          0.694   2.937   10819.4   1.613
Librarians  and Curators                     0.715   3.247    3347.2   1.771
Social Scientists and Urban Planners         0.703   3.057    7136.6   1.373
Social Work                                  0.700   3.025    6483.2   2.044
Lawyers       and Judges                     0.755   3.986   12089.0   1.498
Arts and Athletes                            0.610   2.023   10420.9   1.142
Health Technicians                           0.524   1.426    4906.9   1.088
Engineering Technicians                      0.514   1.369    9592.7   0.941
Science Technicians                          0.521   1.408    7536.6   0.986
Technicians, Other                           0.542   1.531    6634.0   1.011
Sales, all                                   0.532   1.470   14454.8   0.989
Secretaries                                  0.520   1.402    5089.9   1.050
Info. Clerks                                 0.503   1.310    4821.4   1.004
Records Processing, Non-Financial            0.616   2.077    6738.6   1.186
Financial Records Processing                 0.525   1.430    6097.4   1.112
Office Machine Operator                      0.500   1.296    5638.9   1.008
Computer/Communications Equip. Operator      0.469   1.143    4268.2   0.871
Mail Distribution                            0.489   1.239    6996.1   0.980
Scheduling and Distributing Clerks           0.441   1.023    7108.6   0.967
Adjusters and Investigators                  0.574   1.746    6309.4   1.151
Misc. Admin Support                          0.512   1.360   10037.8   1.040
Private Household Occupations                0.418   0.929    3519.3   0.939
Firefighting                                 0.458   1.094    6067.7   0.923
Police                                       0.474   1.166    7352.4   0.963
Guards                                       0.446   1.043    4763.7   0.960
Food Prep    and Service                     0.418   0.930    4920.7   1.068
Health Service                               0.439   1.011    3017.4   1.238
Cleaning and Building Service                0.403   0.875    3729.0   1.080
Personal Service                             0.438   1.010    5504.0   1.025
Farm Managers                                0.434   0.992    5462.2   1.366
Farm Work                                    0.338   0.660    3319.0   1.353
Related Agriculture                          0.401   0.867    3658.9   0.977
Forest, Logging, Fishers and Hunter          0.379   0.790    3164.2   1.102
Mechanics                                    0.418   0.929    7895.5   0.928
Elec. Repairer                               0.465   1.126    9000.8   0.899
Misc. Repairer                               0.432   0.985    9147.0   0.900
Construction Trade                           0.428   0.970   10915.8   0.856
Extractive                                   0.402   0.872    6400.0   0.837
Supervisor(P)                                0.462   1.113   10368.8   0.826
Precision Metal                              0.434   0.992    9393.1   0.829
Precision Wood                               0.416   0.922    3781.7   0.932
Precision, Textile                           0.385   0.809    3867.0   0.919
Precision, Other                             0.434   0.992    5653.3   0.861
Precision, Food                              0.420   0.938    5726.8   0.913
Plant Operator                               0.533   1.478    8893.7   0.906
Metal and Plastic Machine Operator           0.399   0.860    5935.7   0.811
Metal and Plastic Processing Operator        0.408   0.893    3884.0   0.897
Woodworking Machine Operator                 0.372   0.766    3134.8   0.992
Textile Machine Operator                     0.453   1.072    7395.0   0.851
Print Machine Operator                       0.387   0.817    3850.8   1.010
Machine Operator, Other                      0.405   0.879   10807.0   0.901
Fabricators                                  0.409   0.897    7728.6   0.869
Production Inspectors                        0.444   1.034    6621.6   0.903
Motor Vehicle Operator                       0.405   0.880    9753.6   0.898
Non Motor Vehicle Operator                   0.422   0.946    8276.0   0.820
Freight, Stock, Material Handler             0.395   0.845    8083.3   0.971

  MWM = 65352200583657704.000
 
 
-------------------------------------------------------------
Estimating w and Z from YWM:   1970
-------------------------------------------------------------
 
                                                 s     phi         w     zWM
----------------------------------------------------------------------------
Home                                         0.555   1.614   16334.8   1.000
Executives, Administrative, and Managerial   0.557   1.627   20584.5   0.846
Management Related                           0.598   1.928   14519.8   0.935
Architects                                   0.725   3.421    8605.2   1.266
Engineers                                    0.640   2.302   18529.7   0.950
Math and Computer Science                    0.628   2.188   11880.8   0.943
Natural Science                              0.667   2.590   11435.6   1.125
Doctors                                      0.759   4.084   17279.7   1.247
Health Assessment                            0.686   2.833    9522.8   1.163
Therapists                                   0.669   2.616    5868.8   1.271
Professors                                   0.814   5.679   13799.1   2.017
Teachers          Non-Postsecondary          0.715   3.245   14824.8   1.457
Librarians  and Curators                     0.720   3.328    5306.9   1.511
Social Scientists and Urban Planners         0.698   2.987   10763.0   1.139
Social Work                                  0.688   2.857    8330.4   1.581
Lawyers       and Judges                     0.763   4.174   16948.5   1.257
Arts and Athletes                            0.598   1.922   11721.5   0.977
Health Technicians                           0.597   1.918    6805.3   1.063
Engineering Technicians                      0.528   1.446   11941.9   0.873
Science Technicians                          0.583   1.812    6803.6   1.018
Technicians, Other                           0.586   1.834   12039.8   0.897
Sales, all                                   0.543   1.537   17335.7   0.864
Secretaries                                  0.536   1.495    6113.0   0.959
Info. Clerks                                 0.536   1.497    6621.7   0.932
Records Processing, Non-Financial            0.611   2.029   10309.0   0.990
Financial Records Processing                 0.533   1.478    8184.8   0.952
Office Machine Operator                      0.502   1.304    4309.4   0.993
Computer/Communications Equip. Operator      0.509   1.341    7189.0   0.866
Mail Distribution                            0.501   1.299    7310.7   0.922
Scheduling and Distributing Clerks           0.483   1.209    9429.7   0.888
Adjusters and Investigators                  0.573   1.736    9587.7   0.959
Misc. Admin Support                          0.528   1.446    9891.8   0.925
Private Household Occupations                0.431   0.982    4026.1   0.928
Firefighting                                 0.483   1.209    8101.1   0.796
Police                                       0.499   1.288   10204.0   0.827
Guards                                       0.493   1.258    5808.3   0.928
Food Prep    and Service                     0.455   1.079    6028.2   0.982
Health Service                               0.520   1.401    4029.6   1.181
Cleaning and Building Service                0.436   1.001    6187.0   0.931
Personal Service                             0.439   1.015    7151.1   0.876
Farm Managers                                0.475   1.173    7318.0   1.048
Farm Work                                    0.399   0.861    4324.9   1.143
Related Agriculture                          0.431   0.979    5016.4   0.918
Forest, Logging, Fishers and Hunter          0.444   1.035    4244.5   0.975
Mechanics                                    0.444   1.034   11269.6   0.813
Elec. Repairer                               0.481   1.199   10613.8   0.819
Misc. Repairer                               0.444   1.035   10262.6   0.790
Construction Trade                           0.451   1.062   13837.0   0.784
Extractive                                   0.429   0.972    5974.4   0.804
Supervisor(P)                                0.484   1.215   12910.7   0.767
Precision Metal                              0.465   1.127   10579.6   0.773
Precision Wood                               0.439   1.012    4360.3   0.875
Precision, Textile                           0.405   0.880    4414.0   0.865
Precision, Other                             0.479   1.189    5663.5   0.808
Precision, Food                              0.443   1.030    7077.5   0.827
Plant Operator                               0.475   1.171    6656.7   0.782
Metal and Plastic Machine Operator           0.443   1.030    8964.6   0.804
Metal and Plastic Processing Operator        0.417   0.925    5244.5   0.769
Woodworking Machine Operator                 0.397   0.851    3664.7   0.910
Textile Machine Operator                     0.472   1.156    8547.4   0.788
Print Machine Operator                       0.409   0.896    5547.2   0.911
Machine Operator, Other                      0.433   0.989   11669.2   0.827
Fabricators                                  0.440   1.015    9483.6   0.825
Production Inspectors                        0.482   1.205    8444.6   0.861
Motor Vehicle Operator                       0.437   1.006   11489.9   0.820
Non Motor Vehicle Operator                   0.439   1.014    9192.8   0.775
Freight, Stock, Material Handler             0.440   1.019    9050.9   0.909

  MWM = 71083641078847456.000
 
 
-------------------------------------------------------------
Estimating w and Z from YWM:   1980
-------------------------------------------------------------
 
                                                 s     phi         w     zWM
----------------------------------------------------------------------------
Home                                         0.565   1.684   14336.4   1.000
Executives, Administrative, and Managerial   0.602   1.962   20098.4   0.854
Management Related                           0.631   2.210   16068.3   0.951
Architects                                   0.703   3.064    8058.6   1.216
Engineers                                    0.648   2.388   16949.6   0.889
Math and Computer Science                    0.652   2.420   11687.8   0.908
Natural Science                              0.702   3.046   10252.5   1.207
Doctors                                      0.758   4.060   18231.5   1.097
Health Assessment                            0.712   3.193    9686.4   1.214
Therapists                                   0.635   2.255    6657.8   1.106
Professors                                   0.811   5.545    9823.5   2.063
Teachers          Non-Postsecondary          0.709   3.156   12549.4   1.434
Librarians  and Curators                     0.724   3.400    4813.8   1.586
Social Scientists and Urban Planners         0.727   3.442    9986.6   1.229
Social Work                                  0.690   2.876    7831.6   1.520
Lawyers       and Judges                     0.769   4.300   16868.6   1.251
Arts and Athletes                            0.633   2.235   10129.7   1.133
Health Technicians                           0.621   2.125    6988.1   1.112
Engineering Technicians                      0.558   1.636   10856.9   0.873
Science Technicians                          0.584   1.815    6886.5   0.927
Technicians, Other                           0.631   2.213   11975.8   0.988
Sales, all                                   0.577   1.765   17238.8   0.879
Secretaries                                  0.594   1.898    4762.7   1.072
Info. Clerks                                 0.604   1.976    6039.6   1.048
Records Processing, Non-Financial            0.568   1.701    6222.6   0.998
Financial Records Processing                 0.586   1.832    7089.6   0.995
Office Machine Operator                      0.534   1.484    2848.4   1.021
Computer/Communications Equip. Operator      0.559   1.643    8391.1   0.856
Mail Distribution                            0.535   1.491    8786.0   0.807
Scheduling and Distributing Clerks           0.525   1.428    9658.7   0.878
Adjusters and Investigators                  0.608   2.009    7761.8   1.007
Misc. Admin Support                          0.589   1.855    8193.9   1.025
Private Household Occupations                0.469   1.144    3243.5   1.037
Firefighting                                 0.529   1.453    8128.6   0.797
Police                                       0.556   1.621   10765.5   0.844
Guards                                       0.537   1.504    6456.2   0.962
Food Prep    and Service                     0.520   1.401    5978.6   1.152
Health Service                               0.575   1.752    4996.7   1.188
Cleaning and Building Service                0.488   1.233    7195.8   0.948
Personal Service                             0.559   1.641    5953.6   1.075
Farm Managers                                0.526   1.439    7381.1   1.033
Farm Work                                    0.437   1.006    4959.8   0.989
Related Agriculture                          0.494   1.263    5167.0   1.005
Forest, Logging, Fishers and Hunter          0.489   1.240    5207.5   0.890
Mechanics                                    0.482   1.202   11470.8   0.791
Elec. Repairer                               0.509   1.344   10763.3   0.745
Misc. Repairer                               0.495   1.267    9464.0   0.770
Construction Trade                           0.495   1.271   14758.3   0.785
Extractive                                   0.468   1.138    7780.5   0.676
Supervisor(P)                                0.525   1.433   12943.9   0.750
Precision Metal                              0.490   1.243   10026.9   0.744
Precision Wood                               0.502   1.307    4068.6   0.999
Precision, Textile                           0.448   1.049    3503.7   0.919
Precision, Other                             0.504   1.316    5756.6   0.864
Precision, Food                              0.473   1.164    6780.0   0.769
Plant Operator                               0.520   1.401    7721.4   0.759
Metal and Plastic Machine Operator           0.469   1.142    8198.2   0.753
Metal and Plastic Processing Operator        0.463   1.116    5562.0   0.772
Woodworking Machine Operator                 0.465   1.124    4195.5   0.908
Textile Machine Operator                     0.504   1.316    7115.1   0.811
Print Machine Operator                       0.435   0.996    4335.4   0.916
Machine Operator, Other                      0.472   1.155   10900.6   0.776
Fabricators                                  0.469   1.145   10170.0   0.779
Production Inspectors                        0.503   1.309    8172.0   0.784
Motor Vehicle Operator                       0.478   1.187   12208.4   0.777
Non Motor Vehicle Operator                   0.483   1.207   10662.9   0.708
Freight, Stock, Material Handler             0.478   1.183    9527.9   0.853

  MWM = 27994056221063576.000
 
 
-------------------------------------------------------------
Estimating w and Z from YWM:   1990
-------------------------------------------------------------
 
                                                 s     phi         w     zWM
----------------------------------------------------------------------------
Home                                         0.555   1.611   14173.4   1.000
Executives, Administrative, and Managerial   0.582   1.800   21217.7   0.760
Management Related                           0.620   2.108   17160.9   0.860
Architects                                   0.649   2.398    8869.1   0.929
Engineers                                    0.638   2.279   19584.8   0.792
Math and Computer Science                    0.636   2.260   14840.8   0.799
Natural Science                              0.674   2.676   10327.7   1.059
Doctors                                      0.762   4.147   19923.9   1.020
Health Assessment                            0.650   2.405   10738.2   0.864
Therapists                                   0.633   2.236    7470.0   0.953
Professors                                   0.814   5.670    9000.6   2.102
Teachers          Non-Postsecondary          0.669   2.613   10616.8   1.224
Librarians  and Curators                     0.714   3.232    4580.0   1.490
Social Scientists and Urban Planners         0.697   2.974    9599.8   1.064
Social Work                                  0.660   2.514    7500.5   1.316
Lawyers       and Judges                     0.765   4.211   20977.2   0.999
Arts and Athletes                            0.611   2.034   11515.9   0.982
Health Technicians                           0.585   1.824    7759.1   0.960
Engineering Technicians                      0.559   1.640   11766.7   0.825
Science Technicians                          0.569   1.708    6998.0   0.863
Technicians, Other                           0.603   1.968   14123.2   0.856
Sales, all                                   0.561   1.651   19415.2   0.799
Secretaries                                  0.578   1.771    4574.5   1.055
Info. Clerks                                 0.581   1.794    6074.8   1.014
Records Processing, Non-Financial            0.575   1.752    5763.7   0.998
Financial Records Processing                 0.568   1.700    6367.1   0.984
Office Machine Operator                      0.519   1.399    3037.0   0.993
Computer/Communications Equip. Operator      0.557   1.627    8104.5   0.868
Mail Distribution                            0.529   1.453    8833.4   0.787
Scheduling and Distributing Clerks           0.518   1.391    9590.4   0.878
Adjusters and Investigators                  0.586   1.829    8241.8   0.945
Misc. Admin Support                          0.579   1.782    8408.0   0.978
Private Household Occupations                0.484   1.213    3268.5   1.065
Firefighting                                 0.532   1.469    9239.9   0.717
Police                                       0.541   1.527   11574.8   0.763
Guards                                       0.533   1.476    6895.4   0.956
Food Prep    and Service                     0.518   1.390    7008.2   1.124
Health Service                               0.557   1.630    5392.1   1.087
Cleaning and Building Service                0.493   1.261    7616.2   0.955
Personal Service                             0.545   1.553    5746.3   1.046
Farm Managers                                0.510   1.349    6838.2   0.994
Farm Work                                    0.447   1.047    4852.9   0.994
Related Agriculture                          0.485   1.217    6344.5   0.964
Forest, Logging, Fishers and Hunter          0.476   1.177    5065.9   0.876
Mechanics                                    0.493   1.257   12081.3   0.795
Elec. Repairer                               0.517   1.385    9856.9   0.786
Misc. Repairer                               0.501   1.301    9401.3   0.799
Construction Trade                           0.489   1.239   15037.0   0.790
Extractive                                   0.476   1.176    6574.8   0.710
Supervisor(P)                                0.511   1.353   11631.5   0.718
Precision Metal                              0.496   1.274   10285.7   0.746
Precision Wood                               0.492   1.252    4637.1   0.882
Precision, Textile                           0.471   1.151    3768.5   0.936
Precision, Other                             0.498   1.285    6146.7   0.826
Precision, Food                              0.481   1.200    6064.3   0.852
Plant Operator                               0.517   1.384    8905.0   0.708
Metal and Plastic Machine Operator           0.475   1.173    6395.4   0.806
Metal and Plastic Processing Operator        0.480   1.197    5329.2   0.792
Woodworking Machine Operator                 0.471   1.154    4204.1   0.941
Textile Machine Operator                     0.500   1.293    7836.1   0.794
Print Machine Operator                       0.465   1.124    5103.2   0.908
Machine Operator, Other                      0.482   1.205   10329.7   0.802
Fabricators                                  0.481   1.200    9734.0   0.821
Production Inspectors                        0.512   1.356    8195.5   0.795
Motor Vehicle Operator                       0.488   1.233   12131.0   0.811
Non Motor Vehicle Operator                   0.484   1.216    9156.8   0.734
Freight, Stock, Material Handler             0.489   1.239    9205.5   0.915

  MWM = 38202051749533720.000
 
 
-------------------------------------------------------------
Estimating w and Z from YWM:   2000
-------------------------------------------------------------
 
                                                 s     phi         w     zWM
----------------------------------------------------------------------------
Home                                         0.528   1.448   18227.9   1.000
Executives, Administrative, and Managerial   0.595   1.898   24638.3   0.856
Management Related                           0.619   2.100   20023.1   0.962
Architects                                   0.664   2.561    9470.9   1.132
Engineers                                    0.641   2.313   19488.7   0.936
Math and Computer Science                    0.605   1.982   17424.0   0.916
Natural Science                              0.701   3.042   10968.0   1.412
Doctors                                      0.762   4.136   19607.2   1.203
Health Assessment                            0.643   2.336   11869.8   0.986
Therapists                                   0.659   2.500    9754.4   1.133
Professors                                   0.792   4.922    9688.2   2.327
Teachers          Non-Postsecondary          0.672   2.646   12485.5   1.444
Librarians  and Curators                     0.710   3.168    4633.9   1.722
Social Scientists and Urban Planners         0.699   3.004    9383.7   1.268
Social Work                                  0.653   2.432    8254.8   1.468
Lawyers       and Judges                     0.763   4.175   21030.8   1.193
Arts and Athletes                            0.618   2.097   13121.9   1.141
Health Technicians                           0.576   1.761    8941.9   1.071
Engineering Technicians                      0.551   1.588   10258.6   0.989
Science Technicians                          0.563   1.669    6229.2   1.018
Technicians, Other                           0.627   2.172   19301.4   0.903
Sales, all                                   0.564   1.673   20614.8   0.924
Secretaries                                  0.585   1.828    6468.9   1.139
Info. Clerks                                 0.576   1.758    6143.8   1.225
Records Processing, Non-Financial            0.572   1.732    5434.8   1.229
Financial Records Processing                 0.567   1.695    6675.9   1.138
Office Machine Operator                      0.519   1.397    4548.6   0.983
Computer/Communications Equip. Operator      0.563   1.671    6613.0   1.043
Mail Distribution                            0.527   1.444    7243.6   1.011
Scheduling and Distributing Clerks           0.516   1.382    9814.0   1.064
Adjusters and Investigators                  0.571   1.725   10547.3   1.080
Misc. Admin Support                          0.582   1.802    7913.0   1.191
Private Household Occupations                0.491   1.249    3036.4   1.305
Firefighting                                 0.533   1.477   10035.5   0.846
Police                                       0.551   1.588   13659.9   0.917
Guards                                       0.531   1.463    6840.0   1.136
Food Prep    and Service                     0.515   1.377    8070.8   1.293
Health Service                               0.554   1.607    5305.2   1.321
Cleaning and Building Service                0.490   1.242    7268.3   1.112
Personal Service                             0.567   1.698    7447.5   1.219
Farm Managers                                0.519   1.399    6482.7   1.122
Farm Work                                    0.429   0.974    4783.1   1.127
Related Agriculture                          0.476   1.176    7153.0   1.103
Forest, Logging, Fishers and Hunter          0.473   1.163    5166.6   1.034
Mechanics                                    0.493   1.256   12655.2   0.921
Elec. Repairer                               0.513   1.361   10786.3   0.933
Misc. Repairer                               0.498   1.285    9052.9   0.948
Construction Trade                           0.480   1.193   15178.1   0.928
Extractive                                   0.477   1.183    5810.2   0.846
Supervisor(P)                                0.512   1.360   11253.5   0.865
Precision Metal                              0.497   1.277    9155.4   0.886
Precision Wood                               0.487   1.230    4640.4   1.037
Precision, Textile                           0.472   1.157    3883.9   1.004
Precision, Other                             0.531   1.465    5674.1   1.104
Precision, Food                              0.467   1.135    5413.3   1.046
Plant Operator                               0.508   1.334    7378.5   0.858
Metal and Plastic Machine Operator           0.476   1.175    5901.4   0.963
Metal and Plastic Processing Operator        0.485   1.217    5413.7   0.933
Woodworking Machine Operator                 0.477   1.179    7326.5   0.975
Textile Machine Operator                     0.498   1.286    7125.1   0.941
Print Machine Operator                       0.458   1.094    4956.3   1.067
Machine Operator, Other                      0.480   1.194    9883.6   0.956
Fabricators                                  0.483   1.208    9791.5   0.962
Production Inspectors                        0.519   1.397    8199.1   0.966
Motor Vehicle Operator                       0.488   1.234   12538.7   0.954
Non Motor Vehicle Operator                   0.483   1.209    9130.7   0.863
Freight, Stock, Material Handler             0.487   1.227    8712.8   1.079

  MWM = 121100929458545872.000
 
 
-------------------------------------------------------------
Estimating w and Z from YWM:   2010
-------------------------------------------------------------
 
                                                 s     phi         w     zWM
----------------------------------------------------------------------------
Home                                         0.582   1.800   18042.5   1.000
Executives, Administrative, and Managerial   0.601   1.948   23444.4   0.756
Management Related                           0.633   2.230   21264.3   0.804
Architects                                   0.671   2.642    9001.3   0.944
Engineers                                    0.651   2.415   20713.7   0.753
Math and Computer Science                    0.606   1.991   17288.6   0.783
Natural Science                              0.705   3.096   12099.0   1.101
Doctors                                      0.762   4.155   19607.6   0.990
Health Assessment                            0.671   2.644   14543.6   0.808
Therapists                                   0.692   2.912   11166.5   0.981
Professors                                   0.804   5.314   10347.8   2.093
Teachers          Non-Postsecondary          0.687   2.835   14510.4   1.188
Librarians  and Curators                     0.737   3.631    4580.0   1.598
Social Scientists and Urban Planners         0.678   2.728   10998.3   0.941
Social Work                                  0.658   2.493    8963.4   1.223
Lawyers       and Judges                     0.764   4.180   23814.6   0.896
Arts and Athletes                            0.636   2.259   13518.5   0.989
Health Technicians                           0.578   1.775    9784.3   0.876
Engineering Technicians                      0.570   1.713   10533.3   0.825
Science Technicians                          0.581   1.798    6695.9   0.856
Technicians, Other                           0.631   2.213   19541.4   0.745
Sales, all                                   0.574   1.743   18631.5   0.860
Secretaries                                  0.608   2.006    6558.1   1.067
Info. Clerks                                 0.578   1.771    6121.6   1.099
Records Processing, Non-Financial            0.600   1.943    5897.5   1.098
Financial Records Processing                 0.576   1.761    6944.0   0.968
Office Machine Operator                      0.573   1.738    3027.6   1.112
Computer/Communications Equip. Operator      0.567   1.695    5255.5   0.939
Mail Distribution                            0.539   1.515    7112.5   0.865
Scheduling and Distributing Clerks           0.535   1.491    9153.4   1.005
Adjusters and Investigators                  0.574   1.746   10101.9   0.986
Misc. Admin Support                          0.593   1.884    8118.2   1.053
Private Household Occupations                0.484   1.214    2830.3   1.196
Firefighting                                 0.550   1.584   11644.9   0.681
Police                                       0.560   1.644   14465.4   0.737
Guards                                       0.552   1.597    7965.9   0.986
Food Prep    and Service                     0.536   1.496    8419.3   1.240
Health Service                               0.564   1.677    6150.1   1.153
Cleaning and Building Service                0.507   1.330    7225.6   1.018
Personal Service                             0.579   1.784    7398.5   1.124
Farm Managers                                0.523   1.417    7430.4   0.845
Farm Work                                    0.418   0.929    5356.0   0.938
Related Agriculture                          0.475   1.173    6962.2   1.023
Forest, Logging, Fishers and Hunter          0.491   1.248    5065.6   0.864
Mechanics                                    0.504   1.316   11919.2   0.799
Elec. Repairer                               0.522   1.412   10513.9   0.809
Misc. Repairer                               0.508   1.335    9173.9   0.800
Construction Trade                           0.483   1.209   14244.2   0.819
Extractive                                   0.485   1.221    9391.3   0.625
Supervisor(P)                                0.519   1.394    9462.5   0.743
Precision Metal                              0.502   1.305    7305.8   0.785
Precision Wood                               0.491   1.248    3624.7   0.952
Precision, Textile                           0.479   1.192    2734.4   1.009
Precision, Other                             0.547   1.565    6107.9   0.961
Precision, Food                              0.474   1.165    4985.8   0.972
Plant Operator                               0.530   1.460    8450.7   0.692
Metal and Plastic Machine Operator           0.474   1.168    5006.5   0.836
Metal and Plastic Processing Operator        0.497   1.279    3832.7   0.866
Woodworking Machine Operator                 0.480   1.196    6154.0   0.856
Textile Machine Operator                     0.505   1.321    5188.5   0.897
Print Machine Operator                       0.464   1.121    3819.4   0.991
Machine Operator, Other                      0.489   1.237    9026.1   0.862
Fabricators                                  0.485   1.220    8909.8   0.844
Production Inspectors                        0.528   1.446    8201.1   0.819
Motor Vehicle Operator                       0.501   1.301   10951.3   0.880
Non Motor Vehicle Operator                   0.495   1.271    9986.9   0.699
Freight, Stock, Material Handler             0.503   1.311    8384.5   1.015

  MWM = 49004965424560808.000
 
 
=============================================================================
 Summary of Results for w, phi, s, Z from Young WM... (solveWMfor_w_phi.m)
=============================================================================
 
Values for w(i,t) --- wage per unit of human capital
 
                                              1960    1970    1980    1990    2000    2010
------------------------------------------------------------------------------------------
Home                                         12875   16335   14336   14173   18228   18042
Executives, Administrative, and Managerial   15616   20585   20098   21218   24638   23444
Management Related                           13168   14520   16068   17161   20023   21264
Architects                                    6481    8605    8059    8869    9471    9001
Engineers                                    15884   18530   16950   19585   19489   20714
Math and Computer Science                     6356   11881   11688   14841   17424   17289
Natural Science                               9865   11436   10253   10328   10968   12099
Doctors                                      12037   17280   18232   19924   19607   19608
Health Assessment                             7920    9523    9686   10738   11870   14544
Therapists                                    4157    5869    6658    7470    9754   11166
Professors                                    9346   13799    9824    9001    9688   10348
Teachers          Non-Postsecondary          10819   14825   12549   10617   12486   14510
Librarians  and Curators                      3347    5307    4814    4580    4634    4580
Social Scientists and Urban Planners          7137   10763    9987    9600    9384   10998
Social Work                                   6483    8330    7832    7501    8255    8963
Lawyers       and Judges                     12089   16949   16869   20977   21031   23815
Arts and Athletes                            10421   11722   10130   11516   13122   13518
Health Technicians                            4907    6805    6988    7759    8942    9784
Engineering Technicians                       9593   11942   10857   11767   10259   10533
Science Technicians                           7537    6804    6887    6998    6229    6696
Technicians, Other                            6634   12040   11976   14123   19301   19541
Sales, all                                   14455   17336   17239   19415   20615   18631
Secretaries                                   5090    6113    4763    4575    6469    6558
Info. Clerks                                  4821    6622    6040    6075    6144    6122
Records Processing, Non-Financial             6739   10309    6223    5764    5435    5897
Financial Records Processing                  6097    8185    7090    6367    6676    6944
Office Machine Operator                       5639    4309    2848    3037    4549    3028
Computer/Communications Equip. Operator       4268    7189    8391    8104    6613    5256
Mail Distribution                             6996    7311    8786    8833    7244    7113
Scheduling and Distributing Clerks            7109    9430    9659    9590    9814    9153
Adjusters and Investigators                   6309    9588    7762    8242   10547   10102
Misc. Admin Support                          10038    9892    8194    8408    7913    8118
Private Household Occupations                 3519    4026    3243    3269    3036    2830
Firefighting                                  6068    8101    8129    9240   10035   11645
Police                                        7352   10204   10766   11575   13660   14465
Guards                                        4764    5808    6456    6895    6840    7966
Food Prep    and Service                      4921    6028    5979    7008    8071    8419
Health Service                                3017    4030    4997    5392    5305    6150
Cleaning and Building Service                 3729    6187    7196    7616    7268    7226
Personal Service                              5504    7151    5954    5746    7448    7398
Farm Managers                                 5462    7318    7381    6838    6483    7430
Farm Work                                     3319    4325    4960    4853    4783    5356
Related Agriculture                           3659    5016    5167    6344    7153    6962
Forest, Logging, Fishers and Hunter           3164    4245    5208    5066    5167    5066
Mechanics                                     7895   11270   11471   12081   12655   11919
Elec. Repairer                                9001   10614   10763    9857   10786   10514
Misc. Repairer                                9147   10263    9464    9401    9053    9174
Construction Trade                           10916   13837   14758   15037   15178   14244
Extractive                                    6400    5974    7781    6575    5810    9391
Supervisor(P)                                10369   12911   12944   11631   11253    9463
Precision Metal                               9393   10580   10027   10286    9155    7306
Precision Wood                                3782    4360    4069    4637    4640    3625
Precision, Textile                            3867    4414    3504    3769    3884    2734
Precision, Other                              5653    5664    5757    6147    5674    6108
Precision, Food                               5727    7077    6780    6064    5413    4986
Plant Operator                                8894    6657    7721    8905    7378    8451
Metal and Plastic Machine Operator            5936    8965    8198    6395    5901    5007
Metal and Plastic Processing Operator         3884    5244    5562    5329    5414    3833
Woodworking Machine Operator                  3135    3665    4196    4204    7327    6154
Textile Machine Operator                      7395    8547    7115    7836    7125    5188
Print Machine Operator                        3851    5547    4335    5103    4956    3819
Machine Operator, Other                      10807   11669   10901   10330    9884    9026
Fabricators                                   7729    9484   10170    9734    9791    8910
Production Inspectors                         6622    8445    8172    8195    8199    8201
Motor Vehicle Operator                        9754   11490   12208   12131   12539   10951
Non Motor Vehicle Operator                    8276    9193   10663    9157    9131    9987
Freight, Stock, Material Handler              8083    9051    9528    9205    8713    8384
 
 
Values for phi(i,t)
 
                                              1960    1970    1980    1990    2000    2010
------------------------------------------------------------------------------------------
Home                                         1.273   1.614   1.684   1.611   1.448   1.800
Executives, Administrative, and Managerial   1.431   1.627   1.962   1.800   1.898   1.948
Management Related                           1.911   1.928   2.210   2.108   2.100   2.230
Architects                                   2.900   3.421   3.064   2.398   2.561   2.642
Engineers                                    2.178   2.302   2.388   2.279   2.313   2.415
Math and Computer Science                    2.448   2.188   2.420   2.260   1.982   1.991
Natural Science                              2.489   2.590   3.046   2.676   3.042   3.096
Doctors                                      3.907   4.084   4.060   4.147   4.136   4.155
Health Assessment                            2.587   2.833   3.193   2.405   2.336   2.644
Therapists                                   2.956   2.616   2.255   2.236   2.500   2.912
Professors                                   5.850   5.679   5.545   5.670   4.922   5.314
Teachers          Non-Postsecondary          2.937   3.245   3.156   2.613   2.646   2.835
Librarians  and Curators                     3.247   3.328   3.400   3.232   3.168   3.631
Social Scientists and Urban Planners         3.057   2.987   3.442   2.974   3.004   2.728
Social Work                                  3.025   2.857   2.876   2.514   2.432   2.493
Lawyers       and Judges                     3.986   4.174   4.300   4.211   4.175   4.180
Arts and Athletes                            2.023   1.922   2.235   2.034   2.097   2.259
Health Technicians                           1.426   1.918   2.125   1.824   1.761   1.775
Engineering Technicians                      1.369   1.446   1.636   1.640   1.588   1.713
Science Technicians                          1.408   1.812   1.815   1.708   1.669   1.798
Technicians, Other                           1.531   1.834   2.213   1.968   2.172   2.213
Sales, all                                   1.470   1.537   1.765   1.651   1.673   1.743
Secretaries                                  1.402   1.495   1.898   1.771   1.828   2.006
Info. Clerks                                 1.310   1.497   1.976   1.794   1.758   1.771
Records Processing, Non-Financial            2.077   2.029   1.701   1.752   1.732   1.943
Financial Records Processing                 1.430   1.478   1.832   1.700   1.695   1.761
Office Machine Operator                      1.296   1.304   1.484   1.399   1.397   1.738
Computer/Communications Equip. Operator      1.143   1.341   1.643   1.627   1.671   1.695
Mail Distribution                            1.239   1.299   1.491   1.453   1.444   1.515
Scheduling and Distributing Clerks           1.023   1.209   1.428   1.391   1.382   1.491
Adjusters and Investigators                  1.746   1.736   2.009   1.829   1.725   1.746
Misc. Admin Support                          1.360   1.446   1.855   1.782   1.802   1.884
Private Household Occupations                0.929   0.982   1.144   1.213   1.249   1.214
Firefighting                                 1.094   1.209   1.453   1.469   1.477   1.584
Police                                       1.166   1.288   1.621   1.527   1.588   1.644
Guards                                       1.043   1.258   1.504   1.476   1.463   1.597
Food Prep    and Service                     0.930   1.079   1.401   1.390   1.377   1.496
Health Service                               1.011   1.401   1.752   1.630   1.607   1.677
Cleaning and Building Service                0.875   1.001   1.233   1.261   1.242   1.330
Personal Service                             1.010   1.015   1.641   1.553   1.698   1.784
Farm Managers                                0.992   1.173   1.439   1.349   1.399   1.417
Farm Work                                    0.660   0.861   1.006   1.047   0.974   0.929
Related Agriculture                          0.867   0.979   1.263   1.217   1.176   1.173
Forest, Logging, Fishers and Hunter          0.790   1.035   1.240   1.177   1.163   1.248
Mechanics                                    0.929   1.034   1.202   1.257   1.256   1.316
Elec. Repairer                               1.126   1.199   1.344   1.385   1.361   1.412
Misc. Repairer                               0.985   1.035   1.267   1.301   1.285   1.335
Construction Trade                           0.970   1.062   1.271   1.239   1.193   1.209
Extractive                                   0.872   0.972   1.138   1.176   1.183   1.221
Supervisor(P)                                1.113   1.215   1.433   1.353   1.360   1.394
Precision Metal                              0.992   1.127   1.243   1.274   1.277   1.305
Precision Wood                               0.922   1.012   1.307   1.252   1.230   1.248
Precision, Textile                           0.809   0.880   1.049   1.151   1.157   1.192
Precision, Other                             0.992   1.189   1.316   1.285   1.465   1.565
Precision, Food                              0.938   1.030   1.164   1.200   1.135   1.165
Plant Operator                               1.478   1.171   1.401   1.384   1.334   1.460
Metal and Plastic Machine Operator           0.860   1.030   1.142   1.173   1.175   1.168
Metal and Plastic Processing Operator        0.893   0.925   1.116   1.197   1.217   1.279
Woodworking Machine Operator                 0.766   0.851   1.124   1.154   1.179   1.196
Textile Machine Operator                     1.072   1.156   1.316   1.293   1.286   1.321
Print Machine Operator                       0.817   0.896   0.996   1.124   1.094   1.121
Machine Operator, Other                      0.879   0.989   1.155   1.205   1.194   1.237
Fabricators                                  0.897   1.015   1.145   1.200   1.208   1.220
Production Inspectors                        1.034   1.205   1.309   1.356   1.397   1.446
Motor Vehicle Operator                       0.880   1.006   1.187   1.233   1.234   1.301
Non Motor Vehicle Operator                   0.946   1.014   1.207   1.216   1.209   1.271
Freight, Stock, Material Handler             0.845   1.019   1.183   1.239   1.227   1.311
 
 
Values for s(i,t)
 
                                              1960    1970    1980    1990    2000    2010
------------------------------------------------------------------------------------------
Home                                         0.496   0.555   0.565   0.555   0.528   0.582
Executives, Administrative, and Managerial   0.525   0.557   0.602   0.582   0.595   0.601
Management Related                           0.596   0.598   0.631   0.620   0.619   0.633
Architects                                   0.691   0.725   0.703   0.649   0.664   0.671
Engineers                                    0.627   0.640   0.648   0.638   0.641   0.651
Math and Computer Science                    0.654   0.628   0.652   0.636   0.605   0.606
Natural Science                              0.658   0.667   0.702   0.674   0.701   0.705
Doctors                                      0.751   0.759   0.758   0.762   0.762   0.762
Health Assessment                            0.667   0.686   0.712   0.650   0.643   0.671
Therapists                                   0.695   0.669   0.635   0.633   0.659   0.692
Professors                                   0.819   0.814   0.811   0.814   0.792   0.804
Teachers          Non-Postsecondary          0.694   0.715   0.709   0.669   0.672   0.687
Librarians  and Curators                     0.715   0.720   0.724   0.714   0.710   0.737
Social Scientists and Urban Planners         0.703   0.698   0.727   0.697   0.699   0.678
Social Work                                  0.700   0.688   0.690   0.660   0.653   0.658
Lawyers       and Judges                     0.755   0.763   0.769   0.765   0.763   0.764
Arts and Athletes                            0.610   0.598   0.633   0.611   0.618   0.636
Health Technicians                           0.524   0.597   0.621   0.585   0.576   0.578
Engineering Technicians                      0.514   0.528   0.558   0.559   0.551   0.570
Science Technicians                          0.521   0.583   0.584   0.569   0.563   0.581
Technicians, Other                           0.542   0.586   0.631   0.603   0.627   0.631
Sales, all                                   0.532   0.543   0.577   0.561   0.564   0.574
Secretaries                                  0.520   0.536   0.594   0.578   0.585   0.608
Info. Clerks                                 0.503   0.536   0.604   0.581   0.576   0.578
Records Processing, Non-Financial            0.616   0.611   0.568   0.575   0.572   0.600
Financial Records Processing                 0.525   0.533   0.586   0.568   0.567   0.576
Office Machine Operator                      0.500   0.502   0.534   0.519   0.519   0.573
Computer/Communications Equip. Operator      0.469   0.509   0.559   0.557   0.563   0.567
Mail Distribution                            0.489   0.501   0.535   0.529   0.527   0.539
Scheduling and Distributing Clerks           0.441   0.483   0.525   0.518   0.516   0.535
Adjusters and Investigators                  0.574   0.573   0.608   0.586   0.571   0.574
Misc. Admin Support                          0.512   0.528   0.589   0.579   0.582   0.593
Private Household Occupations                0.418   0.431   0.469   0.484   0.491   0.484
Firefighting                                 0.458   0.483   0.529   0.532   0.533   0.550
Police                                       0.474   0.499   0.556   0.541   0.551   0.560
Guards                                       0.446   0.493   0.537   0.533   0.531   0.552
Food Prep    and Service                     0.418   0.455   0.520   0.518   0.515   0.536
Health Service                               0.439   0.520   0.575   0.557   0.554   0.564
Cleaning and Building Service                0.403   0.436   0.488   0.493   0.490   0.507
Personal Service                             0.438   0.439   0.559   0.545   0.567   0.579
Farm Managers                                0.434   0.475   0.526   0.510   0.519   0.523
Farm Work                                    0.338   0.399   0.437   0.447   0.429   0.418
Related Agriculture                          0.401   0.431   0.494   0.485   0.476   0.475
Forest, Logging, Fishers and Hunter          0.379   0.444   0.489   0.476   0.473   0.491
Mechanics                                    0.418   0.444   0.482   0.493   0.493   0.504
Elec. Repairer                               0.465   0.481   0.509   0.517   0.513   0.522
Misc. Repairer                               0.432   0.444   0.495   0.501   0.498   0.508
Construction Trade                           0.428   0.451   0.495   0.489   0.480   0.483
Extractive                                   0.402   0.429   0.468   0.476   0.477   0.485
Supervisor(P)                                0.462   0.484   0.525   0.511   0.512   0.519
Precision Metal                              0.434   0.465   0.490   0.496   0.497   0.502
Precision Wood                               0.416   0.439   0.502   0.492   0.487   0.491
Precision, Textile                           0.385   0.405   0.448   0.471   0.472   0.479
Precision, Other                             0.434   0.479   0.504   0.498   0.531   0.547
Precision, Food                              0.420   0.443   0.473   0.481   0.467   0.474
Plant Operator                               0.533   0.475   0.520   0.517   0.508   0.530
Metal and Plastic Machine Operator           0.399   0.443   0.469   0.475   0.476   0.474
Metal and Plastic Processing Operator        0.408   0.417   0.463   0.480   0.485   0.497
Woodworking Machine Operator                 0.372   0.397   0.465   0.471   0.477   0.480
Textile Machine Operator                     0.453   0.472   0.504   0.500   0.498   0.505
Print Machine Operator                       0.387   0.409   0.435   0.465   0.458   0.464
Machine Operator, Other                      0.405   0.433   0.472   0.482   0.480   0.489
Fabricators                                  0.409   0.440   0.469   0.481   0.483   0.485
Production Inspectors                        0.444   0.482   0.503   0.512   0.519   0.528
Motor Vehicle Operator                       0.405   0.437   0.478   0.488   0.488   0.501
Non Motor Vehicle Operator                   0.422   0.439   0.483   0.484   0.483   0.495
Freight, Stock, Material Handler             0.395   0.440   0.478   0.489   0.487   0.503
 
 
Values for ZWM(i,t)
 
                                              1960    1970    1980    1990    2000    2010
------------------------------------------------------------------------------------------
Home                                         1.000   1.000   1.000   1.000   1.000   1.000
Executives, Administrative, and Managerial   0.915   0.846   0.854   0.760   0.856   0.756
Management Related                           1.090   0.935   0.951   0.860   0.962   0.804
Architects                                   1.282   1.266   1.216   0.929   1.132   0.944
Engineers                                    1.030   0.950   0.889   0.792   0.936   0.753
Math and Computer Science                    1.149   0.943   0.908   0.799   0.916   0.783
Natural Science                              1.226   1.125   1.207   1.059   1.412   1.101
Doctors                                      1.614   1.247   1.097   1.020   1.203   0.990
Health Assessment                            1.251   1.163   1.214   0.864   0.986   0.808
Therapists                                   1.633   1.271   1.106   0.953   1.133   0.981
Professors                                   2.346   2.017   2.063   2.102   2.327   2.093
Teachers          Non-Postsecondary          1.613   1.457   1.434   1.224   1.444   1.188
Librarians  and Curators                     1.771   1.511   1.586   1.490   1.722   1.598
Social Scientists and Urban Planners         1.373   1.139   1.229   1.064   1.268   0.941
Social Work                                  2.044   1.581   1.520   1.316   1.468   1.223
Lawyers       and Judges                     1.498   1.257   1.251   0.999   1.193   0.896
Arts and Athletes                            1.142   0.977   1.133   0.982   1.141   0.989
Health Technicians                           1.088   1.063   1.112   0.960   1.071   0.876
Engineering Technicians                      0.941   0.873   0.873   0.825   0.989   0.825
Science Technicians                          0.986   1.018   0.927   0.863   1.018   0.856
Technicians, Other                           1.011   0.897   0.988   0.856   0.903   0.745
Sales, all                                   0.989   0.864   0.879   0.799   0.924   0.860
Secretaries                                  1.050   0.959   1.072   1.055   1.139   1.067
Info. Clerks                                 1.004   0.932   1.048   1.014   1.225   1.099
Records Processing, Non-Financial            1.186   0.990   0.998   0.998   1.229   1.098
Financial Records Processing                 1.112   0.952   0.995   0.984   1.138   0.968
Office Machine Operator                      1.008   0.993   1.021   0.993   0.983   1.112
Computer/Communications Equip. Operator      0.871   0.866   0.856   0.868   1.043   0.939
Mail Distribution                            0.980   0.922   0.807   0.787   1.011   0.865
Scheduling and Distributing Clerks           0.967   0.888   0.878   0.878   1.064   1.005
Adjusters and Investigators                  1.151   0.959   1.007   0.945   1.080   0.986
Misc. Admin Support                          1.040   0.925   1.025   0.978   1.191   1.053
Private Household Occupations                0.939   0.928   1.037   1.065   1.305   1.196
Firefighting                                 0.923   0.796   0.797   0.717   0.846   0.681
Police                                       0.963   0.827   0.844   0.763   0.917   0.737
Guards                                       0.960   0.928   0.962   0.956   1.136   0.986
Food Prep    and Service                     1.068   0.982   1.152   1.124   1.293   1.240
Health Service                               1.238   1.181   1.188   1.087   1.321   1.153
Cleaning and Building Service                1.080   0.931   0.948   0.955   1.112   1.018
Personal Service                             1.025   0.876   1.075   1.046   1.219   1.124
Farm Managers                                1.366   1.048   1.033   0.994   1.122   0.845
Farm Work                                    1.353   1.143   0.989   0.994   1.127   0.938
Related Agriculture                          0.977   0.918   1.005   0.964   1.103   1.023
Forest, Logging, Fishers and Hunter          1.102   0.975   0.890   0.876   1.034   0.864
Mechanics                                    0.928   0.813   0.791   0.795   0.921   0.799
Elec. Repairer                               0.899   0.819   0.745   0.786   0.933   0.809
Misc. Repairer                               0.900   0.790   0.770   0.799   0.948   0.800
Construction Trade                           0.856   0.784   0.785   0.790   0.928   0.819
Extractive                                   0.837   0.804   0.676   0.710   0.846   0.625
Supervisor(P)                                0.826   0.767   0.750   0.718   0.865   0.743
Precision Metal                              0.829   0.773   0.744   0.746   0.886   0.785
Precision Wood                               0.932   0.875   0.999   0.882   1.037   0.952
Precision, Textile                           0.919   0.865   0.919   0.936   1.004   1.009
Precision, Other                             0.861   0.808   0.864   0.826   1.104   0.961
Precision, Food                              0.913   0.827   0.769   0.852   1.046   0.972
Plant Operator                               0.906   0.782   0.759   0.708   0.858   0.692
Metal and Plastic Machine Operator           0.811   0.804   0.753   0.806   0.963   0.836
Metal and Plastic Processing Operator        0.897   0.769   0.772   0.792   0.933   0.866
Woodworking Machine Operator                 0.992   0.910   0.908   0.941   0.975   0.856
Textile Machine Operator                     0.851   0.788   0.811   0.794   0.941   0.897
Print Machine Operator                       1.010   0.911   0.916   0.908   1.067   0.991
Machine Operator, Other                      0.901   0.827   0.776   0.802   0.956   0.862
Fabricators                                  0.869   0.825   0.779   0.821   0.962   0.844
Production Inspectors                        0.903   0.861   0.784   0.795   0.966   0.819
Motor Vehicle Operator                       0.898   0.820   0.777   0.811   0.954   0.880
Non Motor Vehicle Operator                   0.820   0.775   0.708   0.734   0.863   0.699
Freight, Stock, Material Handler             0.971   0.909   0.853   0.915   1.079   1.015
 
 
WageBarHomeY(g,t):
 
               1960    1970    1980    1990    2000    2010
-----------------------------------------------------------
White Men     29602   35068   30147   29637   36650   33905
White Women   16273   20652   19327   21045   28975   27753
Black Men     23359   29289   22832   21977   28430   27098
Black Women   16925   22291   20271   20921   29086   28506
 
 
 
>>> Calling GetTExperience: Loop = 1
 
 
===========================================================
GetTExperience.m:
Fixing tauhat_y missing values --> tauhat_y_cleaned (just for robustness cases)
 -- Use first non-missing value
 
===========================================================
 
*********************
White Women
*********************
 
tauhat_y_cleaned Firefighting     NaN  3.4435  3.4204  2.6785  2.4844  2.3832
tauhat_y_cleaned Firefighting  3.4435  3.4435  3.4204  2.6785  2.4844  2.3832
tauhat_y_cleaned Forest     NaN  5.1285  2.6810  2.2150  2.4112  1.9021
tauhat_y_cleaned Forest  5.1285  5.1285  2.6810  2.2150  2.4112  1.9021
 
*********************
Black Men
*********************
 
tauhat_y_cleaned Architects     NaN  1.5956  1.7173  1.4474  1.5427  1.5190
tauhat_y_cleaned Architects  1.5956  1.5956  1.7173  1.4474  1.5427  1.5190
tauhat_y_cleaned Librarians     NaN  1.2985  1.0590  1.1060  1.3780  1.1307
tauhat_y_cleaned Librarians  1.2985  1.2985  1.0590  1.1060  1.3780  1.1307
 
*********************
Black Women
*********************
 
tauhat_y_cleaned Architects     NaN     NaN  1.7539  2.4709  2.1704  1.3154
tauhat_y_cleaned Architects  1.7539  1.7539  1.7539  2.4709  2.1704  1.3154
tauhat_y_cleaned Engineers     NaN     NaN  2.8037  2.1781  1.8477  1.8959
tauhat_y_cleaned Engineers  2.8037  2.8037  2.8037  2.1781  1.8477  1.8959
tauhat_y_cleaned Math/CompSci     NaN  2.6425  1.7387  1.6061  1.5998  1.5478
tauhat_y_cleaned Math/CompSci  2.6425  2.6425  1.7387  1.6061  1.5998  1.5478
tauhat_y_cleaned Science     NaN  2.4017  2.1411  1.6176  1.5583  1.3622
tauhat_y_cleaned Science  2.4017  2.4017  2.1411  1.6176  1.5583  1.3622
tauhat_y_cleaned Eng.Techs     NaN  3.3459  2.0905  2.1213  1.7202  1.7265
tauhat_y_cleaned Eng.Techs  3.3459  3.3459  2.0905  2.1213  1.7202  1.7265
tauhat_y_cleaned OtherTechs     NaN  2.2461  1.6946  1.5722  1.6741  1.7985
tauhat_y_cleaned OtherTechs  2.2461  2.2461  1.6946  1.5722  1.6741  1.7985
tauhat_y_cleaned Firefighting     NaN     NaN  3.5497  3.4386  2.8275  3.8819
tauhat_y_cleaned Firefighting  3.5497  3.5497  3.5497  3.4386  2.8275  3.8819
tauhat_y_cleaned Police     NaN  3.3039  2.2093  1.4039  1.4760  1.5079
tauhat_y_cleaned Police  3.3039  3.3039  2.2093  1.4039  1.4760  1.5079
tauhat_y_cleaned FarmMgrs 15.5635  4.5602  7.8290  5.7141     NaN  4.3389
tauhat_y_cleaned FarmMgrs 15.5635  4.5602  7.8290  5.7141  5.0265  4.3389
tauhat_y_cleaned Agriculture     NaN  3.7589  2.8355  2.6803  2.4016  2.2294
tauhat_y_cleaned Agriculture  3.7589  3.7589  2.8355  2.6803  2.4016  2.2294
tauhat_y_cleaned Forest     NaN  2.3811  3.1106  2.7047  1.9819     NaN
tauhat_y_cleaned Forest  2.3811  2.3811  3.1106  2.7047  1.9819  1.9819
tauhat_y_cleaned Mechanics     NaN  7.0635  3.2587  2.7629  2.7752  2.7759
tauhat_y_cleaned Mechanics  7.0635  7.0635  3.2587  2.7629  2.7752  2.7759
tauhat_y_cleaned Elec.Repairer     NaN  7.1372  2.2756  1.8983  1.7838  2.2676
tauhat_y_cleaned Elec.Repairer  7.1372  7.1372  2.2756  1.8983  1.7838  2.2676
tauhat_y_cleaned Extractive     NaN  3.6790  6.0407  2.8361     NaN  4.8749
tauhat_y_cleaned Extractive  3.6790  3.6790  6.0407  2.8361  3.8555  4.8749
tauhat_y_cleaned MetalWork     NaN  3.7903  3.0930  2.8122  2.3656  3.0697
tauhat_y_cleaned MetalWork  3.7903  3.7903  3.0930  2.8122  2.3656  3.0697
tauhat_y_cleaned WoodWork     NaN  2.6640  2.9541  3.0136  2.9037  3.1629
tauhat_y_cleaned WoodWork  2.6640  2.6640  2.9541  3.0136  2.9037  3.1629
tauhat_y_cleaned PlantOperator     NaN     NaN  2.6565  3.2219  3.4122  2.8920
tauhat_y_cleaned PlantOperator  2.6565  2.6565  2.6565  3.2219  3.4122  2.8920
tauhat_y_cleaned MetalMach.     NaN  2.2837  2.0604  2.2658  1.9247  2.8221
tauhat_y_cleaned MetalMach.  2.2837  2.2837  2.0604  2.2658  1.9247  2.8221
tauhat_y_cleaned MetalProc.     NaN  3.9898  2.0511  2.2501  1.9750  1.8976
tauhat_y_cleaned MetalProc.  3.9898  3.9898  2.0511  2.2501  1.9750  1.8976
tauhat_y_cleaned WoodMach.     NaN  3.6781  2.0092  2.2036  1.6286  1.7295
tauhat_y_cleaned WoodMach.  3.6781  3.6781  2.0092  2.2036  1.6286  1.7295
tauhat_y_cleaned TextileMach.     NaN  2.7375  2.4079  2.0113  2.0876  1.7774
tauhat_y_cleaned TextileMach.  2.7375  2.7375  2.4079  2.0113  2.0876  1.7774
 
GetTExperience.m:
                     TigYMO for               --- 1960 ---      and    --- 1990 ---
Home                                         1.00   1.31   1.68        1.00   1.42   1.69
Executives, Administrative, and Managerial   1.00   1.31   1.68        1.00   1.42   1.69
Management Related                           1.00   1.31   1.68        1.00   1.42   1.69
Architects                                   1.00   1.31   1.68        1.00   1.42   1.69
Engineers                                    1.00   1.31   1.68        1.00   1.42   1.69
Math and Computer Science                    1.00   1.31   1.68        1.00   1.42   1.69
Natural Science                              1.00   1.31   1.68        1.00   1.42   1.69
Doctors                                      1.00   1.31   1.68        1.00   1.42   1.69
Health Assessment                            1.00   1.31   1.68        1.00   1.42   1.69
Therapists                                   1.00   1.31   1.68        1.00   1.42   1.69
Professors                                   1.00   1.31   1.68        1.00   1.42   1.69
Teachers          Non-Postsecondary          1.00   1.31   1.68        1.00   1.42   1.69
Librarians  and Curators                     1.00   1.31   1.68        1.00   1.42   1.69
Social Scientists and Urban Planners         1.00   1.31   1.68        1.00   1.42   1.69
Social Work                                  1.00   1.31   1.68        1.00   1.42   1.69
Lawyers       and Judges                     1.00   1.31   1.68        1.00   1.42   1.69
Arts and Athletes                            1.00   1.31   1.68        1.00   1.42   1.69
Health Technicians                           1.00   1.31   1.68        1.00   1.42   1.69
Engineering Technicians                      1.00   1.31   1.68        1.00   1.42   1.69
Science Technicians                          1.00   1.31   1.68        1.00   1.42   1.69
Technicians, Other                           1.00   1.31   1.68        1.00   1.42   1.69
Sales, all                                   1.00   1.31   1.68        1.00   1.42   1.69
Secretaries                                  1.00   1.31   1.68        1.00   1.42   1.69
Info. Clerks                                 1.00   1.31   1.68        1.00   1.42   1.69
Records Processing, Non-Financial            1.00   1.31   1.68        1.00   1.42   1.69
Financial Records Processing                 1.00   1.31   1.68        1.00   1.42   1.69
Office Machine Operator                      1.00   1.31   1.68        1.00   1.42   1.69
Computer/Communications Equip. Operator      1.00   1.31   1.68        1.00   1.42   1.69
Mail Distribution                            1.00   1.31   1.68        1.00   1.42   1.69
Scheduling and Distributing Clerks           1.00   1.31   1.68        1.00   1.42   1.69
Adjusters and Investigators                  1.00   1.31   1.68        1.00   1.42   1.69
Misc. Admin Support                          1.00   1.31   1.68        1.00   1.42   1.69
Private Household Occupations                1.00   1.31   1.68        1.00   1.42   1.69
Firefighting                                 1.00   1.31   1.68        1.00   1.42   1.69
Police                                       1.00   1.31   1.68        1.00   1.42   1.69
Guards                                       1.00   1.31   1.68        1.00   1.42   1.69
Food Prep    and Service                     1.00   1.31   1.68        1.00   1.42   1.69
Health Service                               1.00   1.31   1.68        1.00   1.42   1.69
Cleaning and Building Service                1.00   1.31   1.68        1.00   1.42   1.69
Personal Service                             1.00   1.31   1.68        1.00   1.42   1.69
Farm Managers                                1.00   1.31   1.68        1.00   1.42   1.69
Farm Work                                    1.00   1.31   1.68        1.00   1.42   1.69
Related Agriculture                          1.00   1.31   1.68        1.00   1.42   1.69
Forest, Logging, Fishers and Hunter          1.00   1.31   1.68        1.00   1.42   1.69
Mechanics                                    1.00   1.31   1.68        1.00   1.42   1.69
Elec. Repairer                               1.00   1.31   1.68        1.00   1.42   1.69
Misc. Repairer                               1.00   1.31   1.68        1.00   1.42   1.69
Construction Trade                           1.00   1.31   1.68        1.00   1.42   1.69
Extractive                                   1.00   1.31   1.68        1.00   1.42   1.69
Supervisor(P)                                1.00   1.31   1.68        1.00   1.42   1.69
Precision Metal                              1.00   1.31   1.68        1.00   1.42   1.69
Precision Wood                               1.00   1.31   1.68        1.00   1.42   1.69
Precision, Textile                           1.00   1.31   1.68        1.00   1.42   1.69
Precision, Other                             1.00   1.31   1.68        1.00   1.42   1.69
Precision, Food                              1.00   1.31   1.68        1.00   1.42   1.69
Plant Operator                               1.00   1.31   1.68        1.00   1.42   1.69
Metal and Plastic Machine Operator           1.00   1.31   1.68        1.00   1.42   1.69
Metal and Plastic Processing Operator        1.00   1.31   1.68        1.00   1.42   1.69
Woodworking Machine Operator                 1.00   1.31   1.68        1.00   1.42   1.69
Textile Machine Operator                     1.00   1.31   1.68        1.00   1.42   1.69
Print Machine Operator                       1.00   1.31   1.68        1.00   1.42   1.69
Machine Operator, Other                      1.00   1.31   1.68        1.00   1.42   1.69
Fabricators                                  1.00   1.31   1.68        1.00   1.42   1.69
Production Inspectors                        1.00   1.31   1.68        1.00   1.42   1.69
Motor Vehicle Operator                       1.00   1.31   1.68        1.00   1.42   1.69
Non Motor Vehicle Operator                   1.00   1.31   1.68        1.00   1.42   1.69
Freight, Stock, Material Handler             1.00   1.31   1.68        1.00   1.42   1.69
 
Values for occupation 8:
ans =

   1.0000   1.3085   1.6783
   1.0000   1.4553   1.6596
   1.0000   1.3189   1.5361
   1.0000   1.4177   1.6920
   1.0000   1.4624        0
   1.0000   1.0000   1.0000

 
Tbar and TbarHat by Group and Years for Doctors
ans =

   3.9868   4.1149   3.8550   4.1098   4.2077   4.2077
   3.9868   4.1149   3.8550   4.1098   4.2077   4.2077
   3.9868   4.1149   3.8550   4.1098   4.2077   4.2077
   3.9868   4.1149   3.8550   4.1098   4.2077   4.2077

ans =

   1   1   1   1   1   1
   1   1   1   1   1   1
   1   1   1   1   1   1
   1   1   1   1   1   1

 
Tbar and TbarHat by Group and Years for Secretaries
ans =

   3.9868   4.1149   3.8550   4.1098   4.2077   4.2077
   3.9868   4.1149   3.8550   4.1098   4.2077   4.2077
   3.9868   4.1149   3.8550   4.1098   4.2077   4.2077
   3.9868   4.1149   3.8550   4.1098   4.2077   4.2077

ans =

   1   1   1   1   1   1
   1   1   1   1   1   1
   1   1   1   1   1   1
   1   1   1   1   1   1

 
Tbar and TbarHat by Group and Years for Farm
ans =

   3.9868   4.1149   3.8550   4.1098   4.2077   4.2077
   3.9868   4.1149   3.8550   4.1098   4.2077   4.2077
   3.9868   4.1149   3.8550   4.1098   4.2077   4.2077
   3.9868   4.1149   3.8550   4.1098   4.2077   4.2077

ans =

   1   1   1   1   1   1
   1   1   1   1   1   1
   1   1   1   1   1   1
   1   1   1   1   1   1

 
 
-------------------------------------------------------------
Estimating w and Z from YWM:   1960
-------------------------------------------------------------
 
                                                 s     phi         w     zWM
----------------------------------------------------------------------------
Home                                         0.496   1.273   12875.8   1.000
Executives, Administrative, and Managerial   0.525   1.431   15617.1   0.915
Management Related                           0.596   1.911   13168.8   1.090
Architects                                   0.691   2.900    6481.5   1.282
Engineers                                    0.627   2.178   15884.7   1.030
Math and Computer Science                    0.654   2.448    6356.5   1.149
Natural Science                              0.658   2.489    9865.6   1.226
Doctors                                      0.751   3.907   12038.0   1.614
Health Assessment                            0.667   2.587    7920.8   1.251
Therapists                                   0.695   2.956    4157.4   1.633
Professors                                   0.819   5.850    9346.2   2.346
Teachers          Non-Postsecondary          0.694   2.937   10820.0   1.613
Librarians  and Curators                     0.715   3.247    3347.4   1.771
Social Scientists and Urban Planners         0.703   3.057    7137.0   1.373
Social Work                                  0.700   3.025    6483.5   2.044
Lawyers       and Judges                     0.755   3.986   12089.7   1.498
Arts and Athletes                            0.610   2.023   10421.5   1.142
Health Technicians                           0.524   1.426    4907.2   1.088
Engineering Technicians                      0.514   1.369    9593.3   0.941
Science Technicians                          0.521   1.408    7537.0   0.986
Technicians, Other                           0.542   1.531    6634.4   1.011
Sales, all                                   0.532   1.470   14455.6   0.989
Secretaries                                  0.520   1.402    5090.2   1.050
Info. Clerks                                 0.503   1.310    4821.7   1.004
Records Processing, Non-Financial            0.616   2.077    6739.0   1.186
Financial Records Processing                 0.525   1.430    6097.8   1.112
Office Machine Operator                      0.500   1.296    5639.2   1.008
Computer/Communications Equip. Operator      0.469   1.143    4268.5   0.871
Mail Distribution                            0.489   1.239    6996.6   0.980
Scheduling and Distributing Clerks           0.441   1.023    7109.0   0.967
Adjusters and Investigators                  0.574   1.746    6309.7   1.151
Misc. Admin Support                          0.512   1.360   10038.4   1.040
Private Household Occupations                0.418   0.929    3519.5   0.939
Firefighting                                 0.458   1.094    6068.0   0.923
Police                                       0.474   1.166    7352.8   0.963
Guards                                       0.446   1.043    4764.0   0.960
Food Prep    and Service                     0.418   0.930    4921.0   1.068
Health Service                               0.439   1.011    3017.6   1.238
Cleaning and Building Service                0.403   0.875    3729.2   1.080
Personal Service                             0.438   1.010    5504.3   1.025
Farm Managers                                0.434   0.992    5462.5   1.366
Farm Work                                    0.338   0.660    3319.2   1.353
Related Agriculture                          0.401   0.867    3659.1   0.977
Forest, Logging, Fishers and Hunter          0.379   0.790    3164.4   1.102
Mechanics                                    0.418   0.929    7895.9   0.928
Elec. Repairer                               0.465   1.126    9001.3   0.899
Misc. Repairer                               0.432   0.985    9147.5   0.900
Construction Trade                           0.428   0.970   10916.4   0.856
Extractive                                   0.402   0.872    6400.3   0.837
Supervisor(P)                                0.462   1.113   10369.4   0.826
Precision Metal                              0.434   0.992    9393.7   0.829
Precision Wood                               0.416   0.922    3781.9   0.932
Precision, Textile                           0.385   0.809    3867.2   0.919
Precision, Other                             0.434   0.992    5653.6   0.861
Precision, Food                              0.420   0.938    5727.2   0.913
Plant Operator                               0.533   1.478    8894.2   0.906
Metal and Plastic Machine Operator           0.399   0.860    5936.0   0.811
Metal and Plastic Processing Operator        0.408   0.893    3884.2   0.897
Woodworking Machine Operator                 0.372   0.766    3134.9   0.992
Textile Machine Operator                     0.453   1.072    7395.5   0.851
Print Machine Operator                       0.387   0.817    3851.0   1.010
Machine Operator, Other                      0.405   0.879   10807.7   0.901
Fabricators                                  0.409   0.897    7729.0   0.869
Production Inspectors                        0.444   1.034    6621.9   0.903
Motor Vehicle Operator                       0.405   0.880    9754.2   0.898
Non Motor Vehicle Operator                   0.422   0.946    8276.5   0.820
Freight, Stock, Material Handler             0.395   0.845    8083.8   0.971

  MWM = 65219606957256400.000
 
 
-------------------------------------------------------------
Estimating w and Z from YWM:   1970
-------------------------------------------------------------
 
                                                 s     phi         w     zWM
----------------------------------------------------------------------------
Home                                         0.555   1.614   16340.0   1.000
Executives, Administrative, and Managerial   0.557   1.627   20591.2   0.846
Management Related                           0.598   1.928   14524.5   0.935
Architects                                   0.725   3.421    8608.0   1.266
Engineers                                    0.640   2.302   18535.7   0.950
Math and Computer Science                    0.628   2.188   11884.6   0.943
Natural Science                              0.667   2.590   11439.3   1.125
Doctors                                      0.759   4.084   17285.3   1.247
Health Assessment                            0.686   2.833    9525.8   1.163
Therapists                                   0.669   2.616    5870.7   1.271
Professors                                   0.814   5.679   13803.6   2.017
Teachers          Non-Postsecondary          0.715   3.245   14829.6   1.457
Librarians  and Curators                     0.720   3.328    5308.6   1.511
Social Scientists and Urban Planners         0.698   2.987   10766.4   1.139
Social Work                                  0.688   2.857    8333.0   1.581
Lawyers       and Judges                     0.763   4.174   16954.0   1.257
Arts and Athletes                            0.598   1.922   11725.3   0.977
Health Technicians                           0.597   1.918    6807.5   1.063
Engineering Technicians                      0.528   1.446   11945.8   0.873
Science Technicians                          0.583   1.812    6805.8   1.018
Technicians, Other                           0.586   1.834   12043.7   0.897
Sales, all                                   0.543   1.537   17341.3   0.864
Secretaries                                  0.536   1.495    6115.0   0.959
Info. Clerks                                 0.536   1.497    6623.9   0.932
Records Processing, Non-Financial            0.611   2.029   10312.3   0.990
Financial Records Processing                 0.533   1.478    8187.4   0.952
Office Machine Operator                      0.502   1.304    4310.8   0.993
Computer/Communications Equip. Operator      0.509   1.341    7191.3   0.866
Mail Distribution                            0.501   1.299    7313.1   0.922
Scheduling and Distributing Clerks           0.483   1.209    9432.8   0.888
Adjusters and Investigators                  0.573   1.736    9590.7   0.959
Misc. Admin Support                          0.528   1.446    9895.0   0.925
Private Household Occupations                0.431   0.982    4027.4   0.928
Firefighting                                 0.483   1.209    8103.7   0.796
Police                                       0.499   1.288   10207.2   0.827
Guards                                       0.493   1.258    5810.1   0.928
Food Prep    and Service                     0.455   1.079    6030.2   0.982
Health Service                               0.520   1.401    4030.9   1.181
Cleaning and Building Service                0.436   1.001    6189.0   0.931
Personal Service                             0.439   1.015    7153.4   0.876
Farm Managers                                0.475   1.173    7320.3   1.048
Farm Work                                    0.399   0.861    4326.3   1.143
Related Agriculture                          0.431   0.979    5018.0   0.918
Forest, Logging, Fishers and Hunter          0.444   1.035    4245.9   0.975
Mechanics                                    0.444   1.034   11273.3   0.813
Elec. Repairer                               0.481   1.199   10617.2   0.819
Misc. Repairer                               0.444   1.035   10265.9   0.790
Construction Trade                           0.451   1.062   13841.4   0.784
Extractive                                   0.429   0.972    5976.3   0.804
Supervisor(P)                                0.484   1.215   12914.9   0.767
Precision Metal                              0.465   1.127   10583.0   0.773
Precision Wood                               0.439   1.012    4361.7   0.875
Precision, Textile                           0.405   0.880    4415.4   0.865
Precision, Other                             0.479   1.189    5665.4   0.808
Precision, Food                              0.443   1.030    7079.8   0.827
Plant Operator                               0.475   1.171    6658.8   0.782
Metal and Plastic Machine Operator           0.443   1.030    8967.5   0.804
Metal and Plastic Processing Operator        0.417   0.925    5246.1   0.769
Woodworking Machine Operator                 0.397   0.851    3665.9   0.910
Textile Machine Operator                     0.472   1.156    8550.1   0.788
Print Machine Operator                       0.409   0.896    5549.0   0.911
Machine Operator, Other                      0.433   0.989   11673.0   0.827
Fabricators                                  0.440   1.015    9486.7   0.825
Production Inspectors                        0.482   1.205    8447.4   0.861
Motor Vehicle Operator                       0.437   1.006   11493.6   0.820
Non Motor Vehicle Operator                   0.439   1.014    9195.7   0.775
Freight, Stock, Material Handler             0.440   1.019    9053.8   0.909

  MWM = 70290473590030320.000
 
 
-------------------------------------------------------------
Estimating w and Z from YWM:   1980
-------------------------------------------------------------
 
                                                 s     phi         w     zWM
----------------------------------------------------------------------------
Home                                         0.565   1.684   14327.3   1.000
Executives, Administrative, and Managerial   0.602   1.962   20085.6   0.854
Management Related                           0.631   2.210   16058.1   0.951
Architects                                   0.703   3.064    8053.5   1.216
Engineers                                    0.648   2.388   16938.8   0.889
Math and Computer Science                    0.652   2.420   11680.3   0.908
Natural Science                              0.702   3.046   10246.0   1.207
Doctors                                      0.758   4.060   18219.9   1.097
Health Assessment                            0.712   3.193    9680.2   1.214
Therapists                                   0.635   2.255    6653.6   1.106
Professors                                   0.811   5.545    9817.2   2.063
Teachers          Non-Postsecondary          0.709   3.156   12541.4   1.434
Librarians  and Curators                     0.724   3.400    4810.7   1.586
Social Scientists and Urban Planners         0.727   3.442    9980.3   1.229
Social Work                                  0.690   2.876    7826.6   1.520
Lawyers       and Judges                     0.769   4.300   16857.8   1.251
Arts and Athletes                            0.633   2.235   10123.3   1.133
Health Technicians                           0.621   2.125    6983.6   1.112
Engineering Technicians                      0.558   1.636   10850.0   0.873
Science Technicians                          0.584   1.815    6882.1   0.927
Technicians, Other                           0.631   2.213   11968.1   0.988
Sales, all                                   0.577   1.765   17227.8   0.879
Secretaries                                  0.594   1.898    4759.7   1.072
Info. Clerks                                 0.604   1.976    6035.7   1.048
Records Processing, Non-Financial            0.568   1.701    6218.6   0.998
Financial Records Processing                 0.586   1.832    7085.1   0.995
Office Machine Operator                      0.534   1.484    2846.6   1.021
Computer/Communications Equip. Operator      0.559   1.643    8385.8   0.856
Mail Distribution                            0.535   1.491    8780.4   0.807
Scheduling and Distributing Clerks           0.525   1.428    9652.5   0.878
Adjusters and Investigators                  0.608   2.009    7756.8   1.007
Misc. Admin Support                          0.589   1.855    8188.6   1.025
Private Household Occupations                0.469   1.144    3241.4   1.037
Firefighting                                 0.529   1.453    8123.4   0.797
Police                                       0.556   1.621   10758.7   0.844
Guards                                       0.537   1.504    6452.1   0.962
Food Prep    and Service                     0.520   1.401    5974.8   1.152
Health Service                               0.575   1.752    4993.6   1.188
Cleaning and Building Service                0.488   1.233    7191.2   0.948
Personal Service                             0.559   1.641    5949.8   1.075
Farm Managers                                0.526   1.439    7376.3   1.033
Farm Work                                    0.437   1.006    4956.7   0.989
Related Agriculture                          0.494   1.263    5163.7   1.005
Forest, Logging, Fishers and Hunter          0.489   1.240    5204.2   0.890
Mechanics                                    0.482   1.202   11463.5   0.791
Elec. Repairer                               0.509   1.344   10756.5   0.745
Misc. Repairer                               0.495   1.267    9457.9   0.770
Construction Trade                           0.495   1.271   14748.9   0.785
Extractive                                   0.468   1.138    7775.6   0.676
Supervisor(P)                                0.525   1.433   12935.6   0.750
Precision Metal                              0.490   1.243   10020.5   0.744
Precision Wood                               0.502   1.307    4066.0   0.999
Precision, Textile                           0.448   1.049    3501.5   0.919
Precision, Other                             0.504   1.316    5752.9   0.864
Precision, Food                              0.473   1.164    6775.7   0.769
Plant Operator                               0.520   1.401    7716.4   0.759
Metal and Plastic Machine Operator           0.469   1.142    8193.0   0.753
Metal and Plastic Processing Operator        0.463   1.116    5558.4   0.772
Woodworking Machine Operator                 0.465   1.124    4192.9   0.908
Textile Machine Operator                     0.504   1.316    7110.5   0.811
Print Machine Operator                       0.435   0.996    4332.6   0.916
Machine Operator, Other                      0.472   1.155   10893.6   0.776
Fabricators                                  0.469   1.145   10163.5   0.779
Production Inspectors                        0.503   1.309    8166.8   0.784
Motor Vehicle Operator                       0.478   1.187   12200.6   0.777
Non Motor Vehicle Operator                   0.483   1.207   10656.1   0.708
Freight, Stock, Material Handler             0.478   1.183    9521.9   0.853

  MWM = 28623384165327008.000
 
 
-------------------------------------------------------------
Estimating w and Z from YWM:   1990
-------------------------------------------------------------
 
                                                 s     phi         w     zWM
----------------------------------------------------------------------------
Home                                         0.555   1.611   14170.5   1.000
Executives, Administrative, and Managerial   0.582   1.800   21213.4   0.760
Management Related                           0.620   2.108   17157.3   0.860
Architects                                   0.649   2.398    8867.3   0.929
Engineers                                    0.638   2.279   19580.8   0.792
Math and Computer Science                    0.636   2.260   14837.7   0.799
Natural Science                              0.674   2.676   10325.6   1.059
Doctors                                      0.762   4.147   19919.8   1.020
Health Assessment                            0.650   2.405   10736.0   0.864
Therapists                                   0.633   2.236    7468.5   0.953
Professors                                   0.814   5.670    8998.7   2.102
Teachers          Non-Postsecondary          0.669   2.613   10614.6   1.224
Librarians  and Curators                     0.714   3.232    4579.0   1.490
Social Scientists and Urban Planners         0.697   2.974    9597.8   1.064
Social Work                                  0.660   2.514    7499.0   1.316
Lawyers       and Judges                     0.765   4.211   20972.9   0.999
Arts and Athletes                            0.611   2.034   11513.6   0.982
Health Technicians                           0.585   1.824    7757.5   0.960
Engineering Technicians                      0.559   1.640   11764.3   0.825
Science Technicians                          0.569   1.708    6996.5   0.863
Technicians, Other                           0.603   1.968   14120.3   0.856
Sales, all                                   0.561   1.651   19411.2   0.799
Secretaries                                  0.578   1.771    4573.6   1.055
Info. Clerks                                 0.581   1.794    6073.5   1.014
Records Processing, Non-Financial            0.575   1.752    5762.5   0.998
Financial Records Processing                 0.568   1.700    6365.8   0.984
Office Machine Operator                      0.519   1.399    3036.4   0.993
Computer/Communications Equip. Operator      0.557   1.627    8102.8   0.868
Mail Distribution                            0.529   1.453    8831.6   0.787
Scheduling and Distributing Clerks           0.518   1.391    9588.4   0.878
Adjusters and Investigators                  0.586   1.829    8240.1   0.945
Misc. Admin Support                          0.579   1.782    8406.2   0.978
Private Household Occupations                0.484   1.213    3267.8   1.065
Firefighting                                 0.532   1.469    9238.0   0.717
Police                                       0.541   1.527   11572.5   0.763
Guards                                       0.533   1.476    6894.0   0.956
Food Prep    and Service                     0.518   1.390    7006.7   1.124
Health Service                               0.557   1.630    5391.0   1.087
Cleaning and Building Service                0.493   1.261    7614.7   0.955
Personal Service                             0.545   1.553    5745.2   1.046
Farm Managers                                0.510   1.349    6836.8   0.994
Farm Work                                    0.447   1.047    4851.9   0.994
Related Agriculture                          0.485   1.217    6343.2   0.964
Forest, Logging, Fishers and Hunter          0.476   1.177    5064.8   0.876
Mechanics                                    0.493   1.257   12078.8   0.795
Elec. Repairer                               0.517   1.385    9854.9   0.786
Misc. Repairer                               0.501   1.301    9399.4   0.799
Construction Trade                           0.489   1.239   15034.0   0.790
Extractive                                   0.476   1.176    6573.5   0.710
Supervisor(P)                                0.511   1.353   11629.1   0.718
Precision Metal                              0.496   1.274   10283.6   0.746
Precision Wood                               0.492   1.252    4636.2   0.882
Precision, Textile                           0.471   1.151    3767.7   0.936
Precision, Other                             0.498   1.285    6145.4   0.826
Precision, Food                              0.481   1.200    6063.0   0.852
Plant Operator                               0.517   1.384    8903.2   0.708
Metal and Plastic Machine Operator           0.475   1.173    6394.1   0.806
Metal and Plastic Processing Operator        0.480   1.197    5328.1   0.792
Woodworking Machine Operator                 0.471   1.154    4203.3   0.941
Textile Machine Operator                     0.500   1.293    7834.5   0.794
Print Machine Operator                       0.465   1.124    5102.2   0.908
Machine Operator, Other                      0.482   1.205   10327.6   0.802
Fabricators                                  0.481   1.200    9732.0   0.821
Production Inspectors                        0.512   1.356    8193.8   0.795
Motor Vehicle Operator                       0.488   1.233   12128.5   0.811
Non Motor Vehicle Operator                   0.484   1.216    9154.9   0.734
Freight, Stock, Material Handler             0.489   1.239    9203.6   0.915

  MWM = 38475785751588488.000
 
 
-------------------------------------------------------------
Estimating w and Z from YWM:   2000
-------------------------------------------------------------
 
                                                 s     phi         w     zWM
----------------------------------------------------------------------------
Home                                         0.528   1.448   18227.9   1.000
Executives, Administrative, and Managerial   0.595   1.898   24638.3   0.856
Management Related                           0.619   2.100   20023.1   0.962
Architects                                   0.664   2.561    9470.9   1.132
Engineers                                    0.641   2.313   19488.7   0.936
Math and Computer Science                    0.605   1.982   17424.0   0.916
Natural Science                              0.701   3.042   10968.0   1.412
Doctors                                      0.762   4.136   19607.2   1.203
Health Assessment                            0.643   2.336   11869.8   0.986
Therapists                                   0.659   2.500    9754.4   1.133
Professors                                   0.792   4.922    9688.2   2.327
Teachers          Non-Postsecondary          0.672   2.646   12485.5   1.444
Librarians  and Curators                     0.710   3.168    4633.9   1.722
Social Scientists and Urban Planners         0.699   3.004    9383.7   1.268
Social Work                                  0.653   2.432    8254.8   1.468
Lawyers       and Judges                     0.763   4.175   21030.8   1.193
Arts and Athletes                            0.618   2.097   13121.9   1.141
Health Technicians                           0.576   1.761    8941.9   1.071
Engineering Technicians                      0.551   1.588   10258.6   0.989
Science Technicians                          0.563   1.669    6229.2   1.018
Technicians, Other                           0.627   2.172   19301.4   0.903
Sales, all                                   0.564   1.673   20614.8   0.924
Secretaries                                  0.585   1.828    6468.9   1.139
Info. Clerks                                 0.576   1.758    6143.8   1.225
Records Processing, Non-Financial            0.572   1.732    5434.8   1.229
Financial Records Processing                 0.567   1.695    6675.9   1.138
Office Machine Operator                      0.519   1.397    4548.6   0.983
Computer/Communications Equip. Operator      0.563   1.671    6613.0   1.043
Mail Distribution                            0.527   1.444    7243.6   1.011
Scheduling and Distributing Clerks           0.516   1.382    9814.0   1.064
Adjusters and Investigators                  0.571   1.725   10547.3   1.080
Misc. Admin Support                          0.582   1.802    7913.0   1.191
Private Household Occupations                0.491   1.249    3036.4   1.305
Firefighting                                 0.533   1.477   10035.5   0.846
Police                                       0.551   1.588   13659.9   0.917
Guards                                       0.531   1.463    6840.0   1.136
Food Prep    and Service                     0.515   1.377    8070.8   1.293
Health Service                               0.554   1.607    5305.2   1.321
Cleaning and Building Service                0.490   1.242    7268.3   1.112
Personal Service                             0.567   1.698    7447.5   1.219
Farm Managers                                0.519   1.399    6482.7   1.122
Farm Work                                    0.429   0.974    4783.1   1.127
Related Agriculture                          0.476   1.176    7153.0   1.103
Forest, Logging, Fishers and Hunter          0.473   1.163    5166.6   1.034
Mechanics                                    0.493   1.256   12655.2   0.921
Elec. Repairer                               0.513   1.361   10786.3   0.933
Misc. Repairer                               0.498   1.285    9052.9   0.948
Construction Trade                           0.480   1.193   15178.1   0.928
Extractive                                   0.477   1.183    5810.2   0.846
Supervisor(P)                                0.512   1.360   11253.5   0.865
Precision Metal                              0.497   1.277    9155.4   0.886
Precision Wood                               0.487   1.230    4640.4   1.037
Precision, Textile                           0.472   1.157    3883.9   1.004
Precision, Other                             0.531   1.465    5674.1   1.104
Precision, Food                              0.467   1.135    5413.3   1.046
Plant Operator                               0.508   1.334    7378.5   0.858
Metal and Plastic Machine Operator           0.476   1.175    5901.4   0.963
Metal and Plastic Processing Operator        0.485   1.217    5413.7   0.933
Woodworking Machine Operator                 0.477   1.179    7326.5   0.975
Textile Machine Operator                     0.498   1.286    7125.1   0.941
Print Machine Operator                       0.458   1.094    4956.3   1.067
Machine Operator, Other                      0.480   1.194    9883.6   0.956
Fabricators                                  0.483   1.208    9791.5   0.962
Production Inspectors                        0.519   1.397    8199.1   0.966
Motor Vehicle Operator                       0.488   1.234   12538.7   0.954
Non Motor Vehicle Operator                   0.483   1.209    9130.7   0.863
Freight, Stock, Material Handler             0.487   1.227    8712.8   1.079

  MWM = 121101183690499680.000
 
 
-------------------------------------------------------------
Estimating w and Z from YWM:   2010
-------------------------------------------------------------
 
                                                 s     phi         w     zWM
----------------------------------------------------------------------------
Home                                         0.582   1.800   18042.5   1.000
Executives, Administrative, and Managerial   0.601   1.948   23444.4   0.756
Management Related                           0.633   2.230   21264.3   0.804
Architects                                   0.671   2.642    9001.3   0.944
Engineers                                    0.651   2.415   20713.7   0.753
Math and Computer Science                    0.606   1.991   17288.6   0.783
Natural Science                              0.705   3.096   12099.0   1.101
Doctors                                      0.762   4.155   19607.6   0.990
Health Assessment                            0.671   2.644   14543.6   0.808
Therapists                                   0.692   2.912   11166.5   0.981
Professors                                   0.804   5.314   10347.8   2.093
Teachers          Non-Postsecondary          0.687   2.835   14510.4   1.188
Librarians  and Curators                     0.737   3.631    4580.0   1.598
Social Scientists and Urban Planners         0.678   2.728   10998.3   0.941
Social Work                                  0.658   2.493    8963.4   1.223
Lawyers       and Judges                     0.764   4.180   23814.6   0.896
Arts and Athletes                            0.636   2.259   13518.5   0.989
Health Technicians                           0.578   1.775    9784.3   0.876
Engineering Technicians                      0.570   1.713   10533.3   0.825
Science Technicians                          0.581   1.798    6695.9   0.856
Technicians, Other                           0.631   2.213   19541.4   0.745
Sales, all                                   0.574   1.743   18631.5   0.860
Secretaries                                  0.608   2.006    6558.1   1.067
Info. Clerks                                 0.578   1.771    6121.6   1.099
Records Processing, Non-Financial            0.600   1.943    5897.5   1.098
Financial Records Processing                 0.576   1.761    6944.0   0.968
Office Machine Operator                      0.573   1.738    3027.6   1.112
Computer/Communications Equip. Operator      0.567   1.695    5255.5   0.939
Mail Distribution                            0.539   1.515    7112.5   0.865
Scheduling and Distributing Clerks           0.535   1.491    9153.4   1.005
Adjusters and Investigators                  0.574   1.746   10101.9   0.986
Misc. Admin Support                          0.593   1.884    8118.2   1.053
Private Household Occupations                0.484   1.214    2830.3   1.196
Firefighting                                 0.550   1.584   11644.9   0.681
Police                                       0.560   1.644   14465.4   0.737
Guards                                       0.552   1.597    7965.9   0.986
Food Prep    and Service                     0.536   1.496    8419.3   1.240
Health Service                               0.564   1.677    6150.1   1.153
Cleaning and Building Service                0.507   1.330    7225.6   1.018
Personal Service                             0.579   1.784    7398.5   1.124
Farm Managers                                0.523   1.417    7430.4   0.845
Farm Work                                    0.418   0.929    5356.0   0.938
Related Agriculture                          0.475   1.173    6962.2   1.023
Forest, Logging, Fishers and Hunter          0.491   1.248    5065.6   0.864
Mechanics                                    0.504   1.316   11919.2   0.799
Elec. Repairer                               0.522   1.412   10513.9   0.809
Misc. Repairer                               0.508   1.335    9173.9   0.800
Construction Trade                           0.483   1.209   14244.2   0.819
Extractive                                   0.485   1.221    9391.3   0.625
Supervisor(P)                                0.519   1.394    9462.5   0.743
Precision Metal                              0.502   1.305    7305.8   0.785
Precision Wood                               0.491   1.248    3624.7   0.952
Precision, Textile                           0.479   1.192    2734.4   1.009
Precision, Other                             0.547   1.565    6107.9   0.961
Precision, Food                              0.474   1.165    4985.8   0.972
Plant Operator                               0.530   1.460    8450.7   0.692
Metal and Plastic Machine Operator           0.474   1.168    5006.5   0.836
Metal and Plastic Processing Operator        0.497   1.279    3832.7   0.866
Woodworking Machine Operator                 0.480   1.196    6154.0   0.856
Textile Machine Operator                     0.505   1.321    5188.5   0.897
Print Machine Operator                       0.464   1.121    3819.4   0.991
Machine Operator, Other                      0.489   1.237    9026.1   0.862
Fabricators                                  0.485   1.220    8909.8   0.844
Production Inspectors                        0.528   1.446    8201.1   0.819
Motor Vehicle Operator                       0.501   1.301   10951.3   0.880
Non Motor Vehicle Operator                   0.495   1.271    9986.9   0.699
Freight, Stock, Material Handler             0.503   1.311    8384.5   1.015

  MWM = 49005068302616040.000
 
 
=============================================================================
 Summary of Results for w, phi, s, Z from Young WM... (solveWMfor_w_phi.m)
=============================================================================
 
Values for w(i,t) --- wage per unit of human capital
 
                                              1960    1970    1980    1990    2000    2010
------------------------------------------------------------------------------------------
Home                                         12876   16340   14327   14171   18228   18042
Executives, Administrative, and Managerial   15617   20591   20086   21213   24638   23444
Management Related                           13169   14524   16058   17157   20023   21264
Architects                                    6481    8608    8053    8867    9471    9001
Engineers                                    15885   18536   16939   19581   19489   20714
Math and Computer Science                     6357   11885   11680   14838   17424   17289
Natural Science                               9866   11439   10246   10326   10968   12099
Doctors                                      12038   17285   18220   19920   19607   19608
Health Assessment                             7921    9526    9680   10736   11870   14544
Therapists                                    4157    5871    6654    7468    9754   11166
Professors                                    9346   13804    9817    8999    9688   10348
Teachers          Non-Postsecondary          10820   14830   12541   10615   12486   14510
Librarians  and Curators                      3347    5309    4811    4579    4634    4580
Social Scientists and Urban Planners          7137   10766    9980    9598    9384   10998
Social Work                                   6484    8333    7827    7499    8255    8963
Lawyers       and Judges                     12090   16954   16858   20973   21031   23815
Arts and Athletes                            10421   11725   10123   11514   13122   13518
Health Technicians                            4907    6808    6984    7757    8942    9784
Engineering Technicians                       9593   11946   10850   11764   10259   10533
Science Technicians                           7537    6806    6882    6997    6229    6696
Technicians, Other                            6634   12044   11968   14120   19301   19541
Sales, all                                   14456   17341   17228   19411   20615   18631
Secretaries                                   5090    6115    4760    4574    6469    6558
Info. Clerks                                  4822    6624    6036    6074    6144    6122
Records Processing, Non-Financial             6739   10312    6219    5762    5435    5897
Financial Records Processing                  6098    8187    7085    6366    6676    6944
Office Machine Operator                       5639    4311    2847    3036    4549    3028
Computer/Communications Equip. Operator       4268    7191    8386    8103    6613    5256
Mail Distribution                             6997    7313    8780    8832    7244    7113
Scheduling and Distributing Clerks            7109    9433    9653    9588    9814    9153
Adjusters and Investigators                   6310    9591    7757    8240   10547   10102
Misc. Admin Support                          10038    9895    8189    8406    7913    8118
Private Household Occupations                 3519    4027    3241    3268    3036    2830
Firefighting                                  6068    8104    8123    9238   10035   11645
Police                                        7353   10207   10759   11572   13660   14465
Guards                                        4764    5810    6452    6894    6840    7966
Food Prep    and Service                      4921    6030    5975    7007    8071    8419
Health Service                                3018    4031    4994    5391    5305    6150
Cleaning and Building Service                 3729    6189    7191    7615    7268    7226
Personal Service                              5504    7153    5950    5745    7448    7398
Farm Managers                                 5463    7320    7376    6837    6483    7430
Farm Work                                     3319    4326    4957    4852    4783    5356
Related Agriculture                           3659    5018    5164    6343    7153    6962
Forest, Logging, Fishers and Hunter           3164    4246    5204    5065    5167    5066
Mechanics                                     7896   11273   11463   12079   12655   11919
Elec. Repairer                                9001   10617   10756    9855   10786   10514
Misc. Repairer                                9147   10266    9458    9399    9053    9174
Construction Trade                           10916   13841   14749   15034   15178   14244
Extractive                                    6400    5976    7776    6573    5810    9391
Supervisor(P)                                10369   12915   12936   11629   11253    9463
Precision Metal                               9394   10583   10021   10284    9155    7306
Precision Wood                                3782    4362    4066    4636    4640    3625
Precision, Textile                            3867    4415    3501    3768    3884    2734
Precision, Other                              5654    5665    5753    6145    5674    6108
Precision, Food                               5727    7080    6776    6063    5413    4986
Plant Operator                                8894    6659    7716    8903    7378    8451
Metal and Plastic Machine Operator            5936    8968    8193    6394    5901    5007
Metal and Plastic Processing Operator         3884    5246    5558    5328    5414    3833
Woodworking Machine Operator                  3135    3666    4193    4203    7327    6154
Textile Machine Operator                      7395    8550    7111    7835    7125    5188
Print Machine Operator                        3851    5549    4333    5102    4956    3819
Machine Operator, Other                      10808   11673   10894   10328    9884    9026
Fabricators                                   7729    9487   10164    9732    9791    8910
Production Inspectors                         6622    8447    8167    8194    8199    8201
Motor Vehicle Operator                        9754   11494   12201   12129   12539   10951
Non Motor Vehicle Operator                    8277    9196   10656    9155    9131    9987
Freight, Stock, Material Handler              8084    9054    9522    9204    8713    8384
 
 
Values for phi(i,t)
 
                                              1960    1970    1980    1990    2000    2010
------------------------------------------------------------------------------------------
Home                                         1.273   1.614   1.684   1.611   1.448   1.800
Executives, Administrative, and Managerial   1.431   1.627   1.962   1.800   1.898   1.948
Management Related                           1.911   1.928   2.210   2.108   2.100   2.230
Architects                                   2.900   3.421   3.064   2.398   2.561   2.642
Engineers                                    2.178   2.302   2.388   2.279   2.313   2.415
Math and Computer Science                    2.448   2.188   2.420   2.260   1.982   1.991
Natural Science                              2.489   2.590   3.046   2.676   3.042   3.096
Doctors                                      3.907   4.084   4.060   4.147   4.136   4.155
Health Assessment                            2.587   2.833   3.193   2.405   2.336   2.644
Therapists                                   2.956   2.616   2.255   2.236   2.500   2.912
Professors                                   5.850   5.679   5.545   5.670   4.922   5.314
Teachers          Non-Postsecondary          2.937   3.245   3.156   2.613   2.646   2.835
Librarians  and Curators                     3.247   3.328   3.400   3.232   3.168   3.631
Social Scientists and Urban Planners         3.057   2.987   3.442   2.974   3.004   2.728
Social Work                                  3.025   2.857   2.876   2.514   2.432   2.493
Lawyers       and Judges                     3.986   4.174   4.300   4.211   4.175   4.180
Arts and Athletes                            2.023   1.922   2.235   2.034   2.097   2.259
Health Technicians                           1.426   1.918   2.125   1.824   1.761   1.775
Engineering Technicians                      1.369   1.446   1.636   1.640   1.588   1.713
Science Technicians                          1.408   1.812   1.815   1.708   1.669   1.798
Technicians, Other                           1.531   1.834   2.213   1.968   2.172   2.213
Sales, all                                   1.470   1.537   1.765   1.651   1.673   1.743
Secretaries                                  1.402   1.495   1.898   1.771   1.828   2.006
Info. Clerks                                 1.310   1.497   1.976   1.794   1.758   1.771
Records Processing, Non-Financial            2.077   2.029   1.701   1.752   1.732   1.943
Financial Records Processing                 1.430   1.478   1.832   1.700   1.695   1.761
Office Machine Operator                      1.296   1.304   1.484   1.399   1.397   1.738
Computer/Communications Equip. Operator      1.143   1.341   1.643   1.627   1.671   1.695
Mail Distribution                            1.239   1.299   1.491   1.453   1.444   1.515
Scheduling and Distributing Clerks           1.023   1.209   1.428   1.391   1.382   1.491
Adjusters and Investigators                  1.746   1.736   2.009   1.829   1.725   1.746
Misc. Admin Support                          1.360   1.446   1.855   1.782   1.802   1.884
Private Household Occupations                0.929   0.982   1.144   1.213   1.249   1.214
Firefighting                                 1.094   1.209   1.453   1.469   1.477   1.584
Police                                       1.166   1.288   1.621   1.527   1.588   1.644
Guards                                       1.043   1.258   1.504   1.476   1.463   1.597
Food Prep    and Service                     0.930   1.079   1.401   1.390   1.377   1.496
Health Service                               1.011   1.401   1.752   1.630   1.607   1.677
Cleaning and Building Service                0.875   1.001   1.233   1.261   1.242   1.330
Personal Service                             1.010   1.015   1.641   1.553   1.698   1.784
Farm Managers                                0.992   1.173   1.439   1.349   1.399   1.417
Farm Work                                    0.660   0.861   1.006   1.047   0.974   0.929
Related Agriculture                          0.867   0.979   1.263   1.217   1.176   1.173
Forest, Logging, Fishers and Hunter          0.790   1.035   1.240   1.177   1.163   1.248
Mechanics                                    0.929   1.034   1.202   1.257   1.256   1.316
Elec. Repairer                               1.126   1.199   1.344   1.385   1.361   1.412
Misc. Repairer                               0.985   1.035   1.267   1.301   1.285   1.335
Construction Trade                           0.970   1.062   1.271   1.239   1.193   1.209
Extractive                                   0.872   0.972   1.138   1.176   1.183   1.221
Supervisor(P)                                1.113   1.215   1.433   1.353   1.360   1.394
Precision Metal                              0.992   1.127   1.243   1.274   1.277   1.305
Precision Wood                               0.922   1.012   1.307   1.252   1.230   1.248
Precision, Textile                           0.809   0.880   1.049   1.151   1.157   1.192
Precision, Other                             0.992   1.189   1.316   1.285   1.465   1.565
Precision, Food                              0.938   1.030   1.164   1.200   1.135   1.165
Plant Operator                               1.478   1.171   1.401   1.384   1.334   1.460
Metal and Plastic Machine Operator           0.860   1.030   1.142   1.173   1.175   1.168
Metal and Plastic Processing Operator        0.893   0.925   1.116   1.197   1.217   1.279
Woodworking Machine Operator                 0.766   0.851   1.124   1.154   1.179   1.196
Textile Machine Operator                     1.072   1.156   1.316   1.293   1.286   1.321
Print Machine Operator                       0.817   0.896   0.996   1.124   1.094   1.121
Machine Operator, Other                      0.879   0.989   1.155   1.205   1.194   1.237
Fabricators                                  0.897   1.015   1.145   1.200   1.208   1.220
Production Inspectors                        1.034   1.205   1.309   1.356   1.397   1.446
Motor Vehicle Operator                       0.880   1.006   1.187   1.233   1.234   1.301
Non Motor Vehicle Operator                   0.946   1.014   1.207   1.216   1.209   1.271
Freight, Stock, Material Handler             0.845   1.019   1.183   1.239   1.227   1.311
 
 
Values for s(i,t)
 
                                              1960    1970    1980    1990    2000    2010
------------------------------------------------------------------------------------------
Home                                         0.496   0.555   0.565   0.555   0.528   0.582
Executives, Administrative, and Managerial   0.525   0.557   0.602   0.582   0.595   0.601
Management Related                           0.596   0.598   0.631   0.620   0.619   0.633
Architects                                   0.691   0.725   0.703   0.649   0.664   0.671
Engineers                                    0.627   0.640   0.648   0.638   0.641   0.651
Math and Computer Science                    0.654   0.628   0.652   0.636   0.605   0.606
Natural Science                              0.658   0.667   0.702   0.674   0.701   0.705
Doctors                                      0.751   0.759   0.758   0.762   0.762   0.762
Health Assessment                            0.667   0.686   0.712   0.650   0.643   0.671
Therapists                                   0.695   0.669   0.635   0.633   0.659   0.692
Professors                                   0.819   0.814   0.811   0.814   0.792   0.804
Teachers          Non-Postsecondary          0.694   0.715   0.709   0.669   0.672   0.687
Librarians  and Curators                     0.715   0.720   0.724   0.714   0.710   0.737
Social Scientists and Urban Planners         0.703   0.698   0.727   0.697   0.699   0.678
Social Work                                  0.700   0.688   0.690   0.660   0.653   0.658
Lawyers       and Judges                     0.755   0.763   0.769   0.765   0.763   0.764
Arts and Athletes                            0.610   0.598   0.633   0.611   0.618   0.636
Health Technicians                           0.524   0.597   0.621   0.585   0.576   0.578
Engineering Technicians                      0.514   0.528   0.558   0.559   0.551   0.570
Science Technicians                          0.521   0.583   0.584   0.569   0.563   0.581
Technicians, Other                           0.542   0.586   0.631   0.603   0.627   0.631
Sales, all                                   0.532   0.543   0.577   0.561   0.564   0.574
Secretaries                                  0.520   0.536   0.594   0.578   0.585   0.608
Info. Clerks                                 0.503   0.536   0.604   0.581   0.576   0.578
Records Processing, Non-Financial            0.616   0.611   0.568   0.575   0.572   0.600
Financial Records Processing                 0.525   0.533   0.586   0.568   0.567   0.576
Office Machine Operator                      0.500   0.502   0.534   0.519   0.519   0.573
Computer/Communications Equip. Operator      0.469   0.509   0.559   0.557   0.563   0.567
Mail Distribution                            0.489   0.501   0.535   0.529   0.527   0.539
Scheduling and Distributing Clerks           0.441   0.483   0.525   0.518   0.516   0.535
Adjusters and Investigators                  0.574   0.573   0.608   0.586   0.571   0.574
Misc. Admin Support                          0.512   0.528   0.589   0.579   0.582   0.593
Private Household Occupations                0.418   0.431   0.469   0.484   0.491   0.484
Firefighting                                 0.458   0.483   0.529   0.532   0.533   0.550
Police                                       0.474   0.499   0.556   0.541   0.551   0.560
Guards                                       0.446   0.493   0.537   0.533   0.531   0.552
Food Prep    and Service                     0.418   0.455   0.520   0.518   0.515   0.536
Health Service                               0.439   0.520   0.575   0.557   0.554   0.564
Cleaning and Building Service                0.403   0.436   0.488   0.493   0.490   0.507
Personal Service                             0.438   0.439   0.559   0.545   0.567   0.579
Farm Managers                                0.434   0.475   0.526   0.510   0.519   0.523
Farm Work                                    0.338   0.399   0.437   0.447   0.429   0.418
Related Agriculture                          0.401   0.431   0.494   0.485   0.476   0.475
Forest, Logging, Fishers and Hunter          0.379   0.444   0.489   0.476   0.473   0.491
Mechanics                                    0.418   0.444   0.482   0.493   0.493   0.504
Elec. Repairer                               0.465   0.481   0.509   0.517   0.513   0.522
Misc. Repairer                               0.432   0.444   0.495   0.501   0.498   0.508
Construction Trade                           0.428   0.451   0.495   0.489   0.480   0.483
Extractive                                   0.402   0.429   0.468   0.476   0.477   0.485
Supervisor(P)                                0.462   0.484   0.525   0.511   0.512   0.519
Precision Metal                              0.434   0.465   0.490   0.496   0.497   0.502
Precision Wood                               0.416   0.439   0.502   0.492   0.487   0.491
Precision, Textile                           0.385   0.405   0.448   0.471   0.472   0.479
Precision, Other                             0.434   0.479   0.504   0.498   0.531   0.547
Precision, Food                              0.420   0.443   0.473   0.481   0.467   0.474
Plant Operator                               0.533   0.475   0.520   0.517   0.508   0.530
Metal and Plastic Machine Operator           0.399   0.443   0.469   0.475   0.476   0.474
Metal and Plastic Processing Operator        0.408   0.417   0.463   0.480   0.485   0.497
Woodworking Machine Operator                 0.372   0.397   0.465   0.471   0.477   0.480
Textile Machine Operator                     0.453   0.472   0.504   0.500   0.498   0.505
Print Machine Operator                       0.387   0.409   0.435   0.465   0.458   0.464
Machine Operator, Other                      0.405   0.433   0.472   0.482   0.480   0.489
Fabricators                                  0.409   0.440   0.469   0.481   0.483   0.485
Production Inspectors                        0.444   0.482   0.503   0.512   0.519   0.528
Motor Vehicle Operator                       0.405   0.437   0.478   0.488   0.488   0.501
Non Motor Vehicle Operator                   0.422   0.439   0.483   0.484   0.483   0.495
Freight, Stock, Material Handler             0.395   0.440   0.478   0.489   0.487   0.503
 
 
Values for ZWM(i,t)
 
                                              1960    1970    1980    1990    2000    2010
------------------------------------------------------------------------------------------
Home                                         1.000   1.000   1.000   1.000   1.000   1.000
Executives, Administrative, and Managerial   0.915   0.846   0.854   0.760   0.856   0.756
Management Related                           1.090   0.935   0.951   0.860   0.962   0.804
Architects                                   1.282   1.266   1.216   0.929   1.132   0.944
Engineers                                    1.030   0.950   0.889   0.792   0.936   0.753
Math and Computer Science                    1.149   0.943   0.908   0.799   0.916   0.783
Natural Science                              1.226   1.125   1.207   1.059   1.412   1.101
Doctors                                      1.614   1.247   1.097   1.020   1.203   0.990
Health Assessment                            1.251   1.163   1.214   0.864   0.986   0.808
Therapists                                   1.633   1.271   1.106   0.953   1.133   0.981
Professors                                   2.346   2.017   2.063   2.102   2.327   2.093
Teachers          Non-Postsecondary          1.613   1.457   1.434   1.224   1.444   1.188
Librarians  and Curators                     1.771   1.511   1.586   1.490   1.722   1.598
Social Scientists and Urban Planners         1.373   1.139   1.229   1.064   1.268   0.941
Social Work                                  2.044   1.581   1.520   1.316   1.468   1.223
Lawyers       and Judges                     1.498   1.257   1.251   0.999   1.193   0.896
Arts and Athletes                            1.142   0.977   1.133   0.982   1.141   0.989
Health Technicians                           1.088   1.063   1.112   0.960   1.071   0.876
Engineering Technicians                      0.941   0.873   0.873   0.825   0.989   0.825
Science Technicians                          0.986   1.018   0.927   0.863   1.018   0.856
Technicians, Other                           1.011   0.897   0.988   0.856   0.903   0.745
Sales, all                                   0.989   0.864   0.879   0.799   0.924   0.860
Secretaries                                  1.050   0.959   1.072   1.055   1.139   1.067
Info. Clerks                                 1.004   0.932   1.048   1.014   1.225   1.099
Records Processing, Non-Financial            1.186   0.990   0.998   0.998   1.229   1.098
Financial Records Processing                 1.112   0.952   0.995   0.984   1.138   0.968
Office Machine Operator                      1.008   0.993   1.021   0.993   0.983   1.112
Computer/Communications Equip. Operator      0.871   0.866   0.856   0.868   1.043   0.939
Mail Distribution                            0.980   0.922   0.807   0.787   1.011   0.865
Scheduling and Distributing Clerks           0.967   0.888   0.878   0.878   1.064   1.005
Adjusters and Investigators                  1.151   0.959   1.007   0.945   1.080   0.986
Misc. Admin Support                          1.040   0.925   1.025   0.978   1.191   1.053
Private Household Occupations                0.939   0.928   1.037   1.065   1.305   1.196
Firefighting                                 0.923   0.796   0.797   0.717   0.846   0.681
Police                                       0.963   0.827   0.844   0.763   0.917   0.737
Guards                                       0.960   0.928   0.962   0.956   1.136   0.986
Food Prep    and Service                     1.068   0.982   1.152   1.124   1.293   1.240
Health Service                               1.238   1.181   1.188   1.087   1.321   1.153
Cleaning and Building Service                1.080   0.931   0.948   0.955   1.112   1.018
Personal Service                             1.025   0.876   1.075   1.046   1.219   1.124
Farm Managers                                1.366   1.048   1.033   0.994   1.122   0.845
Farm Work                                    1.353   1.143   0.989   0.994   1.127   0.938
Related Agriculture                          0.977   0.918   1.005   0.964   1.103   1.023
Forest, Logging, Fishers and Hunter          1.102   0.975   0.890   0.876   1.034   0.864
Mechanics                                    0.928   0.813   0.791   0.795   0.921   0.799
Elec. Repairer                               0.899   0.819   0.745   0.786   0.933   0.809
Misc. Repairer                               0.900   0.790   0.770   0.799   0.948   0.800
Construction Trade                           0.856   0.784   0.785   0.790   0.928   0.819
Extractive                                   0.837   0.804   0.676   0.710   0.846   0.625
Supervisor(P)                                0.826   0.767   0.750   0.718   0.865   0.743
Precision Metal                              0.829   0.773   0.744   0.746   0.886   0.785
Precision Wood                               0.932   0.875   0.999   0.882   1.037   0.952
Precision, Textile                           0.919   0.865   0.919   0.936   1.004   1.009
Precision, Other                             0.861   0.808   0.864   0.826   1.104   0.961
Precision, Food                              0.913   0.827   0.769   0.852   1.046   0.972
Plant Operator                               0.906   0.782   0.759   0.708   0.858   0.692
Metal and Plastic Machine Operator           0.811   0.804   0.753   0.806   0.963   0.836
Metal and Plastic Processing Operator        0.897   0.769   0.772   0.792   0.933   0.866
Woodworking Machine Operator                 0.992   0.910   0.908   0.941   0.975   0.856
Textile Machine Operator                     0.851   0.788   0.811   0.794   0.941   0.897
Print Machine Operator                       1.010   0.911   0.916   0.908   1.067   0.991
Machine Operator, Other                      0.901   0.827   0.776   0.802   0.956   0.862
Fabricators                                  0.869   0.825   0.779   0.821   0.962   0.844
Production Inspectors                        0.903   0.861   0.784   0.795   0.966   0.819
Motor Vehicle Operator                       0.898   0.820   0.777   0.811   0.954   0.880
Non Motor Vehicle Operator                   0.820   0.775   0.708   0.734   0.863   0.699
Freight, Stock, Material Handler             0.971   0.909   0.853   0.915   1.079   1.015
 
 
WageBarHomeY(g,t):
 
               1960    1970    1980    1990    2000    2010
-----------------------------------------------------------
White Men     29602   35068   30147   29637   36650   33905
White Women   16273   20652   19327   21045   28975   27753
Black Men     23359   29289   22832   21977   28430   27098
Black Women   16925   22291   20271   20921   29086   28506
 
 
 
>>> Calling GetTExperience: Loop = 2
 
 
===========================================================
GetTExperience.m:
Fixing tauhat_y missing values --> tauhat_y_cleaned (just for robustness cases)
 -- Use first non-missing value
 
===========================================================
 
*********************
White Women
*********************
 
tauhat_y_cleaned Firefighting     NaN  3.4435  3.4204  2.6785  2.4844  2.3832
tauhat_y_cleaned Firefighting  3.4435  3.4435  3.4204  2.6785  2.4844  2.3832
tauhat_y_cleaned Forest     NaN  5.1285  2.6810  2.2150  2.4112  1.9021
tauhat_y_cleaned Forest  5.1285  5.1285  2.6810  2.2150  2.4112  1.9021
 
*********************
Black Men
*********************
 
tauhat_y_cleaned Architects     NaN  1.5956  1.7173  1.4474  1.5427  1.5190
tauhat_y_cleaned Architects  1.5956  1.5956  1.7173  1.4474  1.5427  1.5190
tauhat_y_cleaned Librarians     NaN  1.2985  1.0590  1.1060  1.3780  1.1307
tauhat_y_cleaned Librarians  1.2985  1.2985  1.0590  1.1060  1.3780  1.1307
 
*********************
Black Women
*********************
 
tauhat_y_cleaned Architects     NaN     NaN  1.7539  2.4709  2.1704  1.3154
tauhat_y_cleaned Architects  1.7539  1.7539  1.7539  2.4709  2.1704  1.3154
tauhat_y_cleaned Engineers     NaN     NaN  2.8037  2.1781  1.8477  1.8959
tauhat_y_cleaned Engineers  2.8037  2.8037  2.8037  2.1781  1.8477  1.8959
tauhat_y_cleaned Math/CompSci     NaN  2.6425  1.7387  1.6061  1.5998  1.5478
tauhat_y_cleaned Math/CompSci  2.6425  2.6425  1.7387  1.6061  1.5998  1.5478
tauhat_y_cleaned Science     NaN  2.4017  2.1411  1.6176  1.5583  1.3622
tauhat_y_cleaned Science  2.4017  2.4017  2.1411  1.6176  1.5583  1.3622
tauhat_y_cleaned Eng.Techs     NaN  3.3459  2.0905  2.1213  1.7202  1.7265
tauhat_y_cleaned Eng.Techs  3.3459  3.3459  2.0905  2.1213  1.7202  1.7265
tauhat_y_cleaned OtherTechs     NaN  2.2461  1.6946  1.5722  1.6741  1.7985
tauhat_y_cleaned OtherTechs  2.2461  2.2461  1.6946  1.5722  1.6741  1.7985
tauhat_y_cleaned Firefighting     NaN     NaN  3.5497  3.4386  2.8275  3.8819
tauhat_y_cleaned Firefighting  3.5497  3.5497  3.5497  3.4386  2.8275  3.8819
tauhat_y_cleaned Police     NaN  3.3039  2.2093  1.4039  1.4760  1.5079
tauhat_y_cleaned Police  3.3039  3.3039  2.2093  1.4039  1.4760  1.5079
tauhat_y_cleaned FarmMgrs 15.5635  4.5602  7.8290  5.7141     NaN  4.3389
tauhat_y_cleaned FarmMgrs 15.5635  4.5602  7.8290  5.7141  5.0265  4.3389
tauhat_y_cleaned Agriculture     NaN  3.7589  2.8355  2.6803  2.4016  2.2294
tauhat_y_cleaned Agriculture  3.7589  3.7589  2.8355  2.6803  2.4016  2.2294
tauhat_y_cleaned Forest     NaN  2.3811  3.1106  2.7047  1.9819     NaN
tauhat_y_cleaned Forest  2.3811  2.3811  3.1106  2.7047  1.9819  1.9819
tauhat_y_cleaned Mechanics     NaN  7.0635  3.2587  2.7629  2.7752  2.7759
tauhat_y_cleaned Mechanics  7.0635  7.0635  3.2587  2.7629  2.7752  2.7759
tauhat_y_cleaned Elec.Repairer     NaN  7.1372  2.2756  1.8983  1.7838  2.2676
tauhat_y_cleaned Elec.Repairer  7.1372  7.1372  2.2756  1.8983  1.7838  2.2676
tauhat_y_cleaned Extractive     NaN  3.6790  6.0407  2.8361     NaN  4.8749
tauhat_y_cleaned Extractive  3.6790  3.6790  6.0407  2.8361  3.8555  4.8749
tauhat_y_cleaned MetalWork     NaN  3.7903  3.0930  2.8122  2.3656  3.0697
tauhat_y_cleaned MetalWork  3.7903  3.7903  3.0930  2.8122  2.3656  3.0697
tauhat_y_cleaned WoodWork     NaN  2.6640  2.9541  3.0136  2.9037  3.1629
tauhat_y_cleaned WoodWork  2.6640  2.6640  2.9541  3.0136  2.9037  3.1629
tauhat_y_cleaned PlantOperator     NaN     NaN  2.6565  3.2219  3.4122  2.8920
tauhat_y_cleaned PlantOperator  2.6565  2.6565  2.6565  3.2219  3.4122  2.8920
tauhat_y_cleaned MetalMach.     NaN  2.2837  2.0604  2.2658  1.9247  2.8221
tauhat_y_cleaned MetalMach.  2.2837  2.2837  2.0604  2.2658  1.9247  2.8221
tauhat_y_cleaned MetalProc.     NaN  3.9898  2.0511  2.2501  1.9750  1.8976
tauhat_y_cleaned MetalProc.  3.9898  3.9898  2.0511  2.2501  1.9750  1.8976
tauhat_y_cleaned WoodMach.     NaN  3.6781  2.0092  2.2036  1.6286  1.7295
tauhat_y_cleaned WoodMach.  3.6781  3.6781  2.0092  2.2036  1.6286  1.7295
tauhat_y_cleaned TextileMach.     NaN  2.7375  2.4079  2.0113  2.0876  1.7774
tauhat_y_cleaned TextileMach.  2.7375  2.7375  2.4079  2.0113  2.0876  1.7774
 
GetTExperience.m:
                     TigYMO for               --- 1960 ---      and    --- 1990 ---
Home                                         1.00   1.31   1.68        1.00   1.42   1.69
Executives, Administrative, and Managerial   1.00   1.31   1.68        1.00   1.42   1.69
Management Related                           1.00   1.31   1.68        1.00   1.42   1.69
Architects                                   1.00   1.31   1.68        1.00   1.42   1.69
Engineers                                    1.00   1.31   1.68        1.00   1.42   1.69
Math and Computer Science                    1.00   1.31   1.68        1.00   1.42   1.69
Natural Science                              1.00   1.31   1.68        1.00   1.42   1.69
Doctors                                      1.00   1.31   1.68        1.00   1.42   1.69
Health Assessment                            1.00   1.31   1.68        1.00   1.42   1.69
Therapists                                   1.00   1.31   1.68        1.00   1.42   1.69
Professors                                   1.00   1.31   1.68        1.00   1.42   1.69
Teachers          Non-Postsecondary          1.00   1.31   1.68        1.00   1.42   1.69
Librarians  and Curators                     1.00   1.31   1.68        1.00   1.42   1.69
Social Scientists and Urban Planners         1.00   1.31   1.68        1.00   1.42   1.69
Social Work                                  1.00   1.31   1.68        1.00   1.42   1.69
Lawyers       and Judges                     1.00   1.31   1.68        1.00   1.42   1.69
Arts and Athletes                            1.00   1.31   1.68        1.00   1.42   1.69
Health Technicians                           1.00   1.31   1.68        1.00   1.42   1.69
Engineering Technicians                      1.00   1.31   1.68        1.00   1.42   1.69
Science Technicians                          1.00   1.31   1.68        1.00   1.42   1.69
Technicians, Other                           1.00   1.31   1.68        1.00   1.42   1.69
Sales, all                                   1.00   1.31   1.68        1.00   1.42   1.69
Secretaries                                  1.00   1.31   1.68        1.00   1.42   1.69
Info. Clerks                                 1.00   1.31   1.68        1.00   1.42   1.69
Records Processing, Non-Financial            1.00   1.31   1.68        1.00   1.42   1.69
Financial Records Processing                 1.00   1.31   1.68        1.00   1.42   1.69
Office Machine Operator                      1.00   1.31   1.68        1.00   1.42   1.69
Computer/Communications Equip. Operator      1.00   1.31   1.68        1.00   1.42   1.69
Mail Distribution                            1.00   1.31   1.68        1.00   1.42   1.69
Scheduling and Distributing Clerks           1.00   1.31   1.68        1.00   1.42   1.69
Adjusters and Investigators                  1.00   1.31   1.68        1.00   1.42   1.69
Misc. Admin Support                          1.00   1.31   1.68        1.00   1.42   1.69
Private Household Occupations                1.00   1.31   1.68        1.00   1.42   1.69
Firefighting                                 1.00   1.31   1.68        1.00   1.42   1.69
Police                                       1.00   1.31   1.68        1.00   1.42   1.69
Guards                                       1.00   1.31   1.68        1.00   1.42   1.69
Food Prep    and Service                     1.00   1.31   1.68        1.00   1.42   1.69
Health Service                               1.00   1.31   1.68        1.00   1.42   1.69
Cleaning and Building Service                1.00   1.31   1.68        1.00   1.42   1.69
Personal Service                             1.00   1.31   1.68        1.00   1.42   1.69
Farm Managers                                1.00   1.31   1.68        1.00   1.42   1.69
Farm Work                                    1.00   1.31   1.68        1.00   1.42   1.69
Related Agriculture                          1.00   1.31   1.68        1.00   1.42   1.69
Forest, Logging, Fishers and Hunter          1.00   1.31   1.68        1.00   1.42   1.69
Mechanics                                    1.00   1.31   1.68        1.00   1.42   1.69
Elec. Repairer                               1.00   1.31   1.68        1.00   1.42   1.69
Misc. Repairer                               1.00   1.31   1.68        1.00   1.42   1.69
Construction Trade                           1.00   1.31   1.68        1.00   1.42   1.69
Extractive                                   1.00   1.31   1.68        1.00   1.42   1.69
Supervisor(P)                                1.00   1.31   1.68        1.00   1.42   1.69
Precision Metal                              1.00   1.31   1.68        1.00   1.42   1.69
Precision Wood                               1.00   1.31   1.68        1.00   1.42   1.69
Precision, Textile                           1.00   1.31   1.68        1.00   1.42   1.69
Precision, Other                             1.00   1.31   1.68        1.00   1.42   1.69
Precision, Food                              1.00   1.31   1.68        1.00   1.42   1.69
Plant Operator                               1.00   1.31   1.68        1.00   1.42   1.69
Metal and Plastic Machine Operator           1.00   1.31   1.68        1.00   1.42   1.69
Metal and Plastic Processing Operator        1.00   1.31   1.68        1.00   1.42   1.69
Woodworking Machine Operator                 1.00   1.31   1.68        1.00   1.42   1.69
Textile Machine Operator                     1.00   1.31   1.68        1.00   1.42   1.69
Print Machine Operator                       1.00   1.31   1.68        1.00   1.42   1.69
Machine Operator, Other                      1.00   1.31   1.68        1.00   1.42   1.69
Fabricators                                  1.00   1.31   1.68        1.00   1.42   1.69
Production Inspectors                        1.00   1.31   1.68        1.00   1.42   1.69
Motor Vehicle Operator                       1.00   1.31   1.68        1.00   1.42   1.69
Non Motor Vehicle Operator                   1.00   1.31   1.68        1.00   1.42   1.69
Freight, Stock, Material Handler             1.00   1.31   1.68        1.00   1.42   1.69
 
Values for occupation 8:
ans =

   1.0000   1.3082   1.6794
   1.0000   1.4567   1.6605
   1.0000   1.3183   1.5351
   1.0000   1.4174   1.6917
   1.0000   1.4624        0
   1.0000   1.0000   1.0000

 
Tbar and TbarHat by Group and Years for Doctors
ans =

   3.9876   4.1172   3.8534   4.1091   4.2077   4.2077
   3.9876   4.1172   3.8534   4.1091   4.2077   4.2077
   3.9876   4.1172   3.8534   4.1091   4.2077   4.2077
   3.9876   4.1172   3.8534   4.1091   4.2077   4.2077

ans =

   1   1   1   1   1   1
   1   1   1   1   1   1
   1   1   1   1   1   1
   1   1   1   1   1   1

 
Tbar and TbarHat by Group and Years for Secretaries
ans =

   3.9876   4.1172   3.8534   4.1091   4.2077   4.2077
   3.9876   4.1172   3.8534   4.1091   4.2077   4.2077
   3.9876   4.1172   3.8534   4.1091   4.2077   4.2077
   3.9876   4.1172   3.8534   4.1091   4.2077   4.2077

ans =

   1   1   1   1   1   1
   1   1   1   1   1   1
   1   1   1   1   1   1
   1   1   1   1   1   1

 
Tbar and TbarHat by Group and Years for Farm
ans =

   3.9876   4.1172   3.8534   4.1091   4.2077   4.2077
   3.9876   4.1172   3.8534   4.1091   4.2077   4.2077
   3.9876   4.1172   3.8534   4.1091   4.2077   4.2077
   3.9876   4.1172   3.8534   4.1091   4.2077   4.2077

ans =

   1   1   1   1   1   1
   1   1   1   1   1   1
   1   1   1   1   1   1
   1   1   1   1   1   1

 
 
-------------------------------------------------------------
Estimating w and Z from YWM:   1960
-------------------------------------------------------------
 
                                                 s     phi         w     zWM
----------------------------------------------------------------------------
Home                                         0.496   1.273   12875.6   1.000
Executives, Administrative, and Managerial   0.525   1.431   15616.8   0.915
Management Related                           0.596   1.911   13168.5   1.090
Architects                                   0.691   2.900    6481.3   1.282
Engineers                                    0.627   2.178   15884.3   1.030
Math and Computer Science                    0.654   2.448    6356.4   1.149
Natural Science                              0.658   2.489    9865.4   1.226
Doctors                                      0.751   3.907   12037.7   1.614
Health Assessment                            0.667   2.587    7920.6   1.251
Therapists                                   0.695   2.956    4157.3   1.633
Professors                                   0.819   5.850    9346.1   2.346
Teachers          Non-Postsecondary          0.694   2.937   10819.8   1.613
Librarians  and Curators                     0.715   3.247    3347.3   1.771
Social Scientists and Urban Planners         0.703   3.057    7136.9   1.373
Social Work                                  0.700   3.025    6483.4   2.044
Lawyers       and Judges                     0.755   3.986   12089.4   1.498
Arts and Athletes                            0.610   2.023   10421.3   1.142
Health Technicians                           0.524   1.426    4907.1   1.088
Engineering Technicians                      0.514   1.369    9593.1   0.941
Science Technicians                          0.521   1.408    7536.9   0.986
Technicians, Other                           0.542   1.531    6634.2   1.011
Sales, all                                   0.532   1.470   14455.3   0.989
Secretaries                                  0.520   1.402    5090.1   1.050
Info. Clerks                                 0.503   1.310    4821.6   1.004
Records Processing, Non-Financial            0.616   2.077    6738.8   1.186
Financial Records Processing                 0.525   1.430    6097.7   1.112
Office Machine Operator                      0.500   1.296    5639.1   1.008
Computer/Communications Equip. Operator      0.469   1.143    4268.4   0.871
Mail Distribution                            0.489   1.239    6996.4   0.980
Scheduling and Distributing Clerks           0.441   1.023    7108.9   0.967
Adjusters and Investigators                  0.574   1.746    6309.6   1.151
Misc. Admin Support                          0.512   1.360   10038.2   1.040
Private Household Occupations                0.418   0.929    3519.4   0.939
Firefighting                                 0.458   1.094    6067.9   0.923
Police                                       0.474   1.166    7352.7   0.963
Guards                                       0.446   1.043    4763.9   0.960
Food Prep    and Service                     0.418   0.930    4920.9   1.068
Health Service                               0.439   1.011    3017.6   1.238
Cleaning and Building Service                0.403   0.875    3729.1   1.080
Personal Service                             0.438   1.010    5504.2   1.025
Farm Managers                                0.434   0.992    5462.4   1.366
Farm Work                                    0.338   0.660    3319.2   1.353
Related Agriculture                          0.401   0.867    3659.0   0.977
Forest, Logging, Fishers and Hunter          0.379   0.790    3164.3   1.102
Mechanics                                    0.418   0.929    7895.8   0.928
Elec. Repairer                               0.465   1.126    9001.1   0.899
Misc. Repairer                               0.432   0.985    9147.3   0.900
Construction Trade                           0.428   0.970   10916.2   0.856
Extractive                                   0.402   0.872    6400.2   0.837
Supervisor(P)                                0.462   1.113   10369.2   0.826
Precision Metal                              0.434   0.992    9393.5   0.829
Precision Wood                               0.416   0.922    3781.8   0.932
Precision, Textile                           0.385   0.809    3867.1   0.919
Precision, Other                             0.434   0.992    5653.5   0.861
Precision, Food                              0.420   0.938    5727.0   0.913
Plant Operator                               0.533   1.478    8894.1   0.906
Metal and Plastic Machine Operator           0.399   0.860    5935.9   0.811
Metal and Plastic Processing Operator        0.408   0.893    3884.1   0.897
Woodworking Machine Operator                 0.372   0.766    3134.9   0.992
Textile Machine Operator                     0.453   1.072    7395.3   0.851
Print Machine Operator                       0.387   0.817    3850.9   1.010
Machine Operator, Other                      0.405   0.879   10807.4   0.901
Fabricators                                  0.409   0.897    7728.9   0.869
Production Inspectors                        0.444   1.034    6621.8   0.903
Motor Vehicle Operator                       0.405   0.880    9754.0   0.898
Non Motor Vehicle Operator                   0.422   0.946    8276.3   0.820
Freight, Stock, Material Handler             0.395   0.845    8083.6   0.971

  MWM = 65266600550376096.000
 
 
-------------------------------------------------------------
Estimating w and Z from YWM:   1970
-------------------------------------------------------------
 
                                                 s     phi         w     zWM
----------------------------------------------------------------------------
Home                                         0.555   1.614   16339.1   1.000
Executives, Administrative, and Managerial   0.557   1.627   20590.0   0.846
Management Related                           0.598   1.928   14523.7   0.935
Architects                                   0.725   3.421    8607.5   1.266
Engineers                                    0.640   2.302   18534.7   0.950
Math and Computer Science                    0.628   2.188   11884.0   0.943
Natural Science                              0.667   2.590   11438.6   1.125
Doctors                                      0.759   4.084   17284.3   1.247
Health Assessment                            0.686   2.833    9525.3   1.163
Therapists                                   0.669   2.616    5870.3   1.271
Professors                                   0.814   5.679   13802.8   2.017
Teachers          Non-Postsecondary          0.715   3.245   14828.7   1.457
Librarians  and Curators                     0.720   3.328    5308.3   1.511
Social Scientists and Urban Planners         0.698   2.987   10765.8   1.139
Social Work                                  0.688   2.857    8332.6   1.581
Lawyers       and Judges                     0.763   4.174   16953.0   1.257
Arts and Athletes                            0.598   1.922   11724.6   0.977
Health Technicians                           0.597   1.918    6807.1   1.063
Engineering Technicians                      0.528   1.446   11945.1   0.873
Science Technicians                          0.583   1.812    6805.4   1.018
Technicians, Other                           0.586   1.834   12043.0   0.897
Sales, all                                   0.543   1.537   17340.3   0.864
Secretaries                                  0.536   1.495    6114.7   0.959
Info. Clerks                                 0.536   1.497    6623.5   0.932
Records Processing, Non-Financial            0.611   2.029   10311.7   0.990
Financial Records Processing                 0.533   1.478    8186.9   0.952
Office Machine Operator                      0.502   1.304    4310.5   0.993
Computer/Communications Equip. Operator      0.509   1.341    7190.9   0.866
Mail Distribution                            0.501   1.299    7312.6   0.922
Scheduling and Distributing Clerks           0.483   1.209    9432.2   0.888
Adjusters and Investigators                  0.573   1.736    9590.2   0.959
Misc. Admin Support                          0.528   1.446    9894.5   0.925
Private Household Occupations                0.431   0.982    4027.1   0.928
Firefighting                                 0.483   1.209    8103.2   0.796
Police                                       0.499   1.288   10206.7   0.827
Guards                                       0.493   1.258    5809.8   0.928
Food Prep    and Service                     0.455   1.079    6029.8   0.982
Health Service                               0.520   1.401    4030.7   1.181
Cleaning and Building Service                0.436   1.001    6188.7   0.931
Personal Service                             0.439   1.015    7153.0   0.876
Farm Managers                                0.475   1.173    7319.9   1.048
Farm Work                                    0.399   0.861    4326.0   1.143
Related Agriculture                          0.431   0.979    5017.7   0.918
Forest, Logging, Fishers and Hunter          0.444   1.035    4245.7   0.975
Mechanics                                    0.444   1.034   11272.6   0.813
Elec. Repairer                               0.481   1.199   10616.6   0.819
Misc. Repairer                               0.444   1.035   10265.3   0.790
Construction Trade                           0.451   1.062   13840.6   0.784
Extractive                                   0.429   0.972    5976.0   0.804
Supervisor(P)                                0.484   1.215   12914.1   0.767
Precision Metal                              0.465   1.127   10582.4   0.773
Precision Wood                               0.439   1.012    4361.4   0.875
Precision, Textile                           0.405   0.880    4415.1   0.865
Precision, Other                             0.479   1.189    5665.0   0.808
Precision, Food                              0.443   1.030    7079.4   0.827
Plant Operator                               0.475   1.171    6658.5   0.782
Metal and Plastic Machine Operator           0.443   1.030    8967.0   0.804
Metal and Plastic Processing Operator        0.417   0.925    5245.8   0.769
Woodworking Machine Operator                 0.397   0.851    3665.7   0.910
Textile Machine Operator                     0.472   1.156    8549.6   0.788
Print Machine Operator                       0.409   0.896    5548.6   0.911
Machine Operator, Other                      0.433   0.989   11672.3   0.827
Fabricators                                  0.440   1.015    9486.1   0.825
Production Inspectors                        0.482   1.205    8446.9   0.861
Motor Vehicle Operator                       0.437   1.006   11492.9   0.820
Non Motor Vehicle Operator                   0.439   1.014    9195.2   0.775
Freight, Stock, Material Handler             0.440   1.019    9053.3   0.909

  MWM = 70431523904481376.000
 
 
-------------------------------------------------------------
Estimating w and Z from YWM:   1980
-------------------------------------------------------------
 
                                                 s     phi         w     zWM
----------------------------------------------------------------------------
Home                                         0.565   1.684   14327.9   1.000
Executives, Administrative, and Managerial   0.602   1.962   20086.4   0.854
Management Related                           0.631   2.210   16058.8   0.951
Architects                                   0.703   3.064    8053.8   1.216
Engineers                                    0.648   2.388   16939.5   0.889
Math and Computer Science                    0.652   2.420   11680.8   0.908
Natural Science                              0.702   3.046   10246.4   1.207
Doctors                                      0.758   4.060   18220.6   1.097
Health Assessment                            0.712   3.193    9680.6   1.214
Therapists                                   0.635   2.255    6653.9   1.106
Professors                                   0.811   5.545    9817.6   2.063
Teachers          Non-Postsecondary          0.709   3.156   12541.9   1.434
Librarians  and Curators                     0.724   3.400    4810.9   1.586
Social Scientists and Urban Planners         0.727   3.442    9980.7   1.229
Social Work                                  0.690   2.876    7826.9   1.520
Lawyers       and Judges                     0.769   4.300   16858.5   1.251
Arts and Athletes                            0.633   2.235   10123.7   1.133
Health Technicians                           0.621   2.125    6983.9   1.112
Engineering Technicians                      0.558   1.636   10850.4   0.873
Science Technicians                          0.584   1.815    6882.4   0.927
Technicians, Other                           0.631   2.213   11968.6   0.988
Sales, all                                   0.577   1.765   17228.5   0.879
Secretaries                                  0.594   1.898    4759.9   1.072
Info. Clerks                                 0.604   1.976    6036.0   1.048
Records Processing, Non-Financial            0.568   1.701    6218.9   0.998
Financial Records Processing                 0.586   1.832    7085.4   0.995
Office Machine Operator                      0.534   1.484    2846.7   1.021
Computer/Communications Equip. Operator      0.559   1.643    8386.1   0.856
Mail Distribution                            0.535   1.491    8780.7   0.807
Scheduling and Distributing Clerks           0.525   1.428    9652.9   0.878
Adjusters and Investigators                  0.608   2.009    7757.1   1.007
Misc. Admin Support                          0.589   1.855    8189.0   1.025
Private Household Occupations                0.469   1.144    3241.5   1.037
Firefighting                                 0.529   1.453    8123.7   0.797
Police                                       0.556   1.621   10759.1   0.844
Guards                                       0.537   1.504    6452.3   0.962
Food Prep    and Service                     0.520   1.401    5975.0   1.152
Health Service                               0.575   1.752    4993.8   1.188
Cleaning and Building Service                0.488   1.233    7191.5   0.948
Personal Service                             0.559   1.641    5950.1   1.075
Farm Managers                                0.526   1.439    7376.6   1.033
Farm Work                                    0.437   1.006    4956.9   0.989
Related Agriculture                          0.494   1.263    5163.9   1.005
Forest, Logging, Fishers and Hunter          0.489   1.240    5204.4   0.890
Mechanics                                    0.482   1.202   11464.0   0.791
Elec. Repairer                               0.509   1.344   10756.9   0.745
Misc. Repairer                               0.495   1.267    9458.3   0.770
Construction Trade                           0.495   1.271   14749.5   0.785
Extractive                                   0.468   1.138    7775.9   0.676
Supervisor(P)                                0.525   1.433   12936.2   0.750
Precision Metal                              0.490   1.243   10020.9   0.744
Precision Wood                               0.502   1.307    4066.1   0.999
Precision, Textile                           0.448   1.049    3501.6   0.919
Precision, Other                             0.504   1.316    5753.2   0.864
Precision, Food                              0.473   1.164    6776.0   0.769
Plant Operator                               0.520   1.401    7716.8   0.759
Metal and Plastic Machine Operator           0.469   1.142    8193.3   0.753
Metal and Plastic Processing Operator        0.463   1.116    5558.7   0.772
Woodworking Machine Operator                 0.465   1.124    4193.0   0.908
Textile Machine Operator                     0.504   1.316    7110.8   0.811
Print Machine Operator                       0.435   0.996    4332.8   0.916
Machine Operator, Other                      0.472   1.155   10894.1   0.776
Fabricators                                  0.469   1.145   10163.9   0.779
Production Inspectors                        0.503   1.309    8167.1   0.784
Motor Vehicle Operator                       0.478   1.187   12201.1   0.777
Non Motor Vehicle Operator                   0.483   1.207   10656.5   0.708
Freight, Stock, Material Handler             0.478   1.183    9522.3   0.853

  MWM = 28582449684361528.000
 
 
-------------------------------------------------------------
Estimating w and Z from YWM:   1990
-------------------------------------------------------------
 
                                                 s     phi         w     zWM
----------------------------------------------------------------------------
Home                                         0.555   1.611   14170.7   1.000
Executives, Administrative, and Managerial   0.582   1.800   21213.7   0.760
Management Related                           0.620   2.108   17157.6   0.860
Architects                                   0.649   2.398    8867.4   0.929
Engineers                                    0.638   2.279   19581.1   0.792
Math and Computer Science                    0.636   2.260   14837.9   0.799
Natural Science                              0.674   2.676   10325.7   1.059
Doctors                                      0.762   4.147   19920.1   1.020
Health Assessment                            0.650   2.405   10736.1   0.864
Therapists                                   0.633   2.236    7468.6   0.953
Professors                                   0.814   5.670    8998.9   2.102
Teachers          Non-Postsecondary          0.669   2.613   10614.8   1.224
Librarians  and Curators                     0.714   3.232    4579.1   1.490
Social Scientists and Urban Planners         0.697   2.974    9598.0   1.064
Social Work                                  0.660   2.514    7499.1   1.316
Lawyers       and Judges                     0.765   4.211   20973.2   0.999
Arts and Athletes                            0.611   2.034   11513.8   0.982
Health Technicians                           0.585   1.824    7757.6   0.960
Engineering Technicians                      0.559   1.640   11764.5   0.825
Science Technicians                          0.569   1.708    6996.6   0.863
Technicians, Other                           0.603   1.968   14120.5   0.856
Sales, all                                   0.561   1.651   19411.5   0.799
Secretaries                                  0.578   1.771    4573.7   1.055
Info. Clerks                                 0.581   1.794    6073.6   1.014
Records Processing, Non-Financial            0.575   1.752    5762.6   0.998
Financial Records Processing                 0.568   1.700    6365.9   0.984
Office Machine Operator                      0.519   1.399    3036.5   0.993
Computer/Communications Equip. Operator      0.557   1.627    8102.9   0.868
Mail Distribution                            0.529   1.453    8831.7   0.787
Scheduling and Distributing Clerks           0.518   1.391    9588.6   0.878
Adjusters and Investigators                  0.586   1.829    8240.3   0.945
Misc. Admin Support                          0.579   1.782    8406.4   0.978
Private Household Occupations                0.484   1.213    3267.9   1.065
Firefighting                                 0.532   1.469    9238.1   0.717
Police                                       0.541   1.527   11572.7   0.763
Guards                                       0.533   1.476    6894.1   0.956
Food Prep    and Service                     0.518   1.390    7006.9   1.124
Health Service                               0.557   1.630    5391.1   1.087
Cleaning and Building Service                0.493   1.261    7614.8   0.955
Personal Service                             0.545   1.553    5745.2   1.046
Farm Managers                                0.510   1.349    6836.9   0.994
Farm Work                                    0.447   1.047    4852.0   0.994
Related Agriculture                          0.485   1.217    6343.3   0.964
Forest, Logging, Fishers and Hunter          0.476   1.177    5064.9   0.876
Mechanics                                    0.493   1.257   12079.0   0.795
Elec. Repairer                               0.517   1.385    9855.1   0.786
Misc. Repairer                               0.501   1.301    9399.5   0.799
Construction Trade                           0.489   1.239   15034.2   0.790
Extractive                                   0.476   1.176    6573.6   0.710
Supervisor(P)                                0.511   1.353   11629.3   0.718
Precision Metal                              0.496   1.274   10283.8   0.746
Precision Wood                               0.492   1.252    4636.3   0.882
Precision, Textile                           0.471   1.151    3767.8   0.936
Precision, Other                             0.498   1.285    6145.5   0.826
Precision, Food                              0.481   1.200    6063.1   0.852
Plant Operator                               0.517   1.384    8903.4   0.708
Metal and Plastic Machine Operator           0.475   1.173    6394.2   0.806
Metal and Plastic Processing Operator        0.480   1.197    5328.2   0.792
Woodworking Machine Operator                 0.471   1.154    4203.3   0.941
Textile Machine Operator                     0.500   1.293    7834.7   0.794
Print Machine Operator                       0.465   1.124    5102.2   0.908
Machine Operator, Other                      0.482   1.205   10327.7   0.802
Fabricators                                  0.481   1.200    9732.1   0.821
Production Inspectors                        0.512   1.356    8193.9   0.795
Motor Vehicle Operator                       0.488   1.233   12128.7   0.811
Non Motor Vehicle Operator                   0.484   1.216    9155.0   0.734
Freight, Stock, Material Handler             0.489   1.239    9203.8   0.915

  MWM = 38454393299741112.000
 
 
-------------------------------------------------------------
Estimating w and Z from YWM:   2000
-------------------------------------------------------------
 
                                                 s     phi         w     zWM
----------------------------------------------------------------------------
Home                                         0.528   1.448   18227.9   1.000
Executives, Administrative, and Managerial   0.595   1.898   24638.3   0.856
Management Related                           0.619   2.100   20023.1   0.962
Architects                                   0.664   2.561    9470.9   1.132
Engineers                                    0.641   2.313   19488.7   0.936
Math and Computer Science                    0.605   1.982   17424.0   0.916
Natural Science                              0.701   3.042   10968.0   1.412
Doctors                                      0.762   4.136   19607.2   1.203
Health Assessment                            0.643   2.336   11869.8   0.986
Therapists                                   0.659   2.500    9754.4   1.133
Professors                                   0.792   4.922    9688.2   2.327
Teachers          Non-Postsecondary          0.672   2.646   12485.5   1.444
Librarians  and Curators                     0.710   3.168    4633.9   1.722
Social Scientists and Urban Planners         0.699   3.004    9383.7   1.268
Social Work                                  0.653   2.432    8254.8   1.468
Lawyers       and Judges                     0.763   4.175   21030.8   1.193
Arts and Athletes                            0.618   2.097   13121.9   1.141
Health Technicians                           0.576   1.761    8941.9   1.071
Engineering Technicians                      0.551   1.588   10258.6   0.989
Science Technicians                          0.563   1.669    6229.2   1.018
Technicians, Other                           0.627   2.172   19301.4   0.903
Sales, all                                   0.564   1.673   20614.8   0.924
Secretaries                                  0.585   1.828    6468.9   1.139
Info. Clerks                                 0.576   1.758    6143.8   1.225
Records Processing, Non-Financial            0.572   1.732    5434.8   1.229
Financial Records Processing                 0.567   1.695    6675.9   1.138
Office Machine Operator                      0.519   1.397    4548.6   0.983
Computer/Communications Equip. Operator      0.563   1.671    6613.0   1.043
Mail Distribution                            0.527   1.444    7243.6   1.011
Scheduling and Distributing Clerks           0.516   1.382    9814.0   1.064
Adjusters and Investigators                  0.571   1.725   10547.3   1.080
Misc. Admin Support                          0.582   1.802    7913.0   1.191
Private Household Occupations                0.491   1.249    3036.4   1.305
Firefighting                                 0.533   1.477   10035.5   0.846
Police                                       0.551   1.588   13659.9   0.917
Guards                                       0.531   1.463    6840.0   1.136
Food Prep    and Service                     0.515   1.377    8070.8   1.293
Health Service                               0.554   1.607    5305.2   1.321
Cleaning and Building Service                0.490   1.242    7268.3   1.112
Personal Service                             0.567   1.698    7447.5   1.219
Farm Managers                                0.519   1.399    6482.7   1.122
Farm Work                                    0.429   0.974    4783.1   1.127
Related Agriculture                          0.476   1.176    7153.0   1.103
Forest, Logging, Fishers and Hunter          0.473   1.163    5166.6   1.034
Mechanics                                    0.493   1.256   12655.2   0.921
Elec. Repairer                               0.513   1.361   10786.3   0.933
Misc. Repairer                               0.498   1.285    9052.9   0.948
Construction Trade                           0.480   1.193   15178.1   0.928
Extractive                                   0.477   1.183    5810.2   0.846
Supervisor(P)                                0.512   1.360   11253.5   0.865
Precision Metal                              0.497   1.277    9155.4   0.886
Precision Wood                               0.487   1.230    4640.4   1.037
Precision, Textile                           0.472   1.157    3883.9   1.004
Precision, Other                             0.531   1.465    5674.1   1.104
Precision, Food                              0.467   1.135    5413.3   1.046
Plant Operator                               0.508   1.334    7378.5   0.858
Metal and Plastic Machine Operator           0.476   1.175    5901.4   0.963
Metal and Plastic Processing Operator        0.485   1.217    5413.7   0.933
Woodworking Machine Operator                 0.477   1.179    7326.5   0.975
Textile Machine Operator                     0.498   1.286    7125.1   0.941
Print Machine Operator                       0.458   1.094    4956.3   1.067
Machine Operator, Other                      0.480   1.194    9883.6   0.956
Fabricators                                  0.483   1.208    9791.5   0.962
Production Inspectors                        0.519   1.397    8199.1   0.966
Motor Vehicle Operator                       0.488   1.234   12538.7   0.954
Non Motor Vehicle Operator                   0.483   1.209    9130.7   0.863
Freight, Stock, Material Handler             0.487   1.227    8712.8   1.079

  MWM = 121101163917220672.000
 
 
-------------------------------------------------------------
Estimating w and Z from YWM:   2010
-------------------------------------------------------------
 
                                                 s     phi         w     zWM
----------------------------------------------------------------------------
Home                                         0.582   1.800   18042.5   1.000
Executives, Administrative, and Managerial   0.601   1.948   23444.4   0.756
Management Related                           0.633   2.230   21264.3   0.804
Architects                                   0.671   2.642    9001.3   0.944
Engineers                                    0.651   2.415   20713.7   0.753
Math and Computer Science                    0.606   1.991   17288.6   0.783
Natural Science                              0.705   3.096   12099.0   1.101
Doctors                                      0.762   4.155   19607.6   0.990
Health Assessment                            0.671   2.644   14543.6   0.808
Therapists                                   0.692   2.912   11166.5   0.981
Professors                                   0.804   5.314   10347.8   2.093
Teachers          Non-Postsecondary          0.687   2.835   14510.4   1.188
Librarians  and Curators                     0.737   3.631    4580.0   1.598
Social Scientists and Urban Planners         0.678   2.728   10998.3   0.941
Social Work                                  0.658   2.493    8963.4   1.223
Lawyers       and Judges                     0.764   4.180   23814.6   0.896
Arts and Athletes                            0.636   2.259   13518.5   0.989
Health Technicians                           0.578   1.775    9784.3   0.876
Engineering Technicians                      0.570   1.713   10533.3   0.825
Science Technicians                          0.581   1.798    6695.9   0.856
Technicians, Other                           0.631   2.213   19541.4   0.745
Sales, all                                   0.574   1.743   18631.5   0.860
Secretaries                                  0.608   2.006    6558.1   1.067
Info. Clerks                                 0.578   1.771    6121.6   1.099
Records Processing, Non-Financial            0.600   1.943    5897.5   1.098
Financial Records Processing                 0.576   1.761    6944.0   0.968
Office Machine Operator                      0.573   1.738    3027.6   1.112
Computer/Communications Equip. Operator      0.567   1.695    5255.5   0.939
Mail Distribution                            0.539   1.515    7112.5   0.865
Scheduling and Distributing Clerks           0.535   1.491    9153.4   1.005
Adjusters and Investigators                  0.574   1.746   10101.9   0.986
Misc. Admin Support                          0.593   1.884    8118.2   1.053
Private Household Occupations                0.484   1.214    2830.3   1.196
Firefighting                                 0.550   1.584   11644.9   0.681
Police                                       0.560   1.644   14465.4   0.737
Guards                                       0.552   1.597    7965.9   0.986
Food Prep    and Service                     0.536   1.496    8419.3   1.240
Health Service                               0.564   1.677    6150.1   1.153
Cleaning and Building Service                0.507   1.330    7225.6   1.018
Personal Service                             0.579   1.784    7398.5   1.124
Farm Managers                                0.523   1.417    7430.4   0.845
Farm Work                                    0.418   0.929    5356.0   0.938
Related Agriculture                          0.475   1.173    6962.2   1.023
Forest, Logging, Fishers and Hunter          0.491   1.248    5065.6   0.864
Mechanics                                    0.504   1.316   11919.2   0.799
Elec. Repairer                               0.522   1.412   10513.9   0.809
Misc. Repairer                               0.508   1.335    9173.9   0.800
Construction Trade                           0.483   1.209   14244.2   0.819
Extractive                                   0.485   1.221    9391.3   0.625
Supervisor(P)                                0.519   1.394    9462.5   0.743
Precision Metal                              0.502   1.305    7305.8   0.785
Precision Wood                               0.491   1.248    3624.7   0.952
Precision, Textile                           0.479   1.192    2734.4   1.009
Precision, Other                             0.547   1.565    6107.9   0.961
Precision, Food                              0.474   1.165    4985.8   0.972
Plant Operator                               0.530   1.460    8450.7   0.692
Metal and Plastic Machine Operator           0.474   1.168    5006.5   0.836
Metal and Plastic Processing Operator        0.497   1.279    3832.7   0.866
Woodworking Machine Operator                 0.480   1.196    6154.0   0.856
Textile Machine Operator                     0.505   1.321    5188.5   0.897
Print Machine Operator                       0.464   1.121    3819.4   0.991
Machine Operator, Other                      0.489   1.237    9026.1   0.862
Fabricators                                  0.485   1.220    8909.8   0.844
Production Inspectors                        0.528   1.446    8201.1   0.819
Motor Vehicle Operator                       0.501   1.301   10951.3   0.880
Non Motor Vehicle Operator                   0.495   1.271    9986.9   0.699
Freight, Stock, Material Handler             0.503   1.311    8384.5   1.015

  MWM = 49005060301117952.000
 
 
=============================================================================
 Summary of Results for w, phi, s, Z from Young WM... (solveWMfor_w_phi.m)
=============================================================================
 
Values for w(i,t) --- wage per unit of human capital
 
                                              1960    1970    1980    1990    2000    2010
------------------------------------------------------------------------------------------
Home                                         12876   16339   14328   14171   18228   18042
Executives, Administrative, and Managerial   15617   20590   20086   21214   24638   23444
Management Related                           13168   14524   16059   17158   20023   21264
Architects                                    6481    8607    8054    8867    9471    9001
Engineers                                    15884   18535   16939   19581   19489   20714
Math and Computer Science                     6356   11884   11681   14838   17424   17289
Natural Science                               9865   11439   10246   10326   10968   12099
Doctors                                      12038   17284   18221   19920   19607   19608
Health Assessment                             7921    9525    9681   10736   11870   14544
Therapists                                    4157    5870    6654    7469    9754   11166
Professors                                    9346   13803    9818    8999    9688   10348
Teachers          Non-Postsecondary          10820   14829   12542   10615   12486   14510
Librarians  and Curators                      3347    5308    4811    4579    4634    4580
Social Scientists and Urban Planners          7137   10766    9981    9598    9384   10998
Social Work                                   6483    8333    7827    7499    8255    8963
Lawyers       and Judges                     12089   16953   16859   20973   21031   23815
Arts and Athletes                            10421   11725   10124   11514   13122   13518
Health Technicians                            4907    6807    6984    7758    8942    9784
Engineering Technicians                       9593   11945   10850   11765   10259   10533
Science Technicians                           7537    6805    6882    6997    6229    6696
Technicians, Other                            6634   12043   11969   14120   19301   19541
Sales, all                                   14455   17340   17228   19411   20615   18631
Secretaries                                   5090    6115    4760    4574    6469    6558
Info. Clerks                                  4822    6623    6036    6074    6144    6122
Records Processing, Non-Financial             6739   10312    6219    5763    5435    5897
Financial Records Processing                  6098    8187    7085    6366    6676    6944
Office Machine Operator                       5639    4311    2847    3036    4549    3028
Computer/Communications Equip. Operator       4268    7191    8386    8103    6613    5256
Mail Distribution                             6996    7313    8781    8832    7244    7113
Scheduling and Distributing Clerks            7109    9432    9653    9589    9814    9153
Adjusters and Investigators                   6310    9590    7757    8240   10547   10102
Misc. Admin Support                          10038    9894    8189    8406    7913    8118
Private Household Occupations                 3519    4027    3242    3268    3036    2830
Firefighting                                  6068    8103    8124    9238   10035   11645
Police                                        7353   10207   10759   11573   13660   14465
Guards                                        4764    5810    6452    6894    6840    7966
Food Prep    and Service                      4921    6030    5975    7007    8071    8419
Health Service                                3018    4031    4994    5391    5305    6150
Cleaning and Building Service                 3729    6189    7192    7615    7268    7226
Personal Service                              5504    7153    5950    5745    7448    7398
Farm Managers                                 5462    7320    7377    6837    6483    7430
Farm Work                                     3319    4326    4957    4852    4783    5356
Related Agriculture                           3659    5018    5164    6343    7153    6962
Forest, Logging, Fishers and Hunter           3164    4246    5204    5065    5167    5066
Mechanics                                     7896   11273   11464   12079   12655   11919
Elec. Repairer                                9001   10617   10757    9855   10786   10514
Misc. Repairer                                9147   10265    9458    9400    9053    9174
Construction Trade                           10916   13841   14750   15034   15178   14244
Extractive                                    6400    5976    7776    6574    5810    9391
Supervisor(P)                                10369   12914   12936   11629   11253    9463
Precision Metal                               9393   10582   10021   10284    9155    7306
Precision Wood                                3782    4361    4066    4636    4640    3625
Precision, Textile                            3867    4415    3502    3768    3884    2734
Precision, Other                              5653    5665    5753    6146    5674    6108
Precision, Food                               5727    7079    6776    6063    5413    4986
Plant Operator                                8894    6658    7717    8903    7378    8451
Metal and Plastic Machine Operator            5936    8967    8193    6394    5901    5007
Metal and Plastic Processing Operator         3884    5246    5559    5328    5414    3833
Woodworking Machine Operator                  3135    3666    4193    4203    7327    6154
Textile Machine Operator                      7395    8550    7111    7835    7125    5188
Print Machine Operator                        3851    5549    4333    5102    4956    3819
Machine Operator, Other                      10807   11672   10894   10328    9884    9026
Fabricators                                   7729    9486   10164    9732    9791    8910
Production Inspectors                         6622    8447    8167    8194    8199    8201
Motor Vehicle Operator                        9754   11493   12201   12129   12539   10951
Non Motor Vehicle Operator                    8276    9195   10657    9155    9131    9987
Freight, Stock, Material Handler              8084    9053    9522    9204    8713    8384
 
 
Values for phi(i,t)
 
                                              1960    1970    1980    1990    2000    2010
------------------------------------------------------------------------------------------
Home                                         1.273   1.614   1.684   1.611   1.448   1.800
Executives, Administrative, and Managerial   1.431   1.627   1.962   1.800   1.898   1.948
Management Related                           1.911   1.928   2.210   2.108   2.100   2.230
Architects                                   2.900   3.421   3.064   2.398   2.561   2.642
Engineers                                    2.178   2.302   2.388   2.279   2.313   2.415
Math and Computer Science                    2.448   2.188   2.420   2.260   1.982   1.991
Natural Science                              2.489   2.590   3.046   2.676   3.042   3.096
Doctors                                      3.907   4.084   4.060   4.147   4.136   4.155
Health Assessment                            2.587   2.833   3.193   2.405   2.336   2.644
Therapists                                   2.956   2.616   2.255   2.236   2.500   2.912
Professors                                   5.850   5.679   5.545   5.670   4.922   5.314
Teachers          Non-Postsecondary          2.937   3.245   3.156   2.613   2.646   2.835
Librarians  and Curators                     3.247   3.328   3.400   3.232   3.168   3.631
Social Scientists and Urban Planners         3.057   2.987   3.442   2.974   3.004   2.728
Social Work                                  3.025   2.857   2.876   2.514   2.432   2.493
Lawyers       and Judges                     3.986   4.174   4.300   4.211   4.175   4.180
Arts and Athletes                            2.023   1.922   2.235   2.034   2.097   2.259
Health Technicians                           1.426   1.918   2.125   1.824   1.761   1.775
Engineering Technicians                      1.369   1.446   1.636   1.640   1.588   1.713
Science Technicians                          1.408   1.812   1.815   1.708   1.669   1.798
Technicians, Other                           1.531   1.834   2.213   1.968   2.172   2.213
Sales, all                                   1.470   1.537   1.765   1.651   1.673   1.743
Secretaries                                  1.402   1.495   1.898   1.771   1.828   2.006
Info. Clerks                                 1.310   1.497   1.976   1.794   1.758   1.771
Records Processing, Non-Financial            2.077   2.029   1.701   1.752   1.732   1.943
Financial Records Processing                 1.430   1.478   1.832   1.700   1.695   1.761
Office Machine Operator                      1.296   1.304   1.484   1.399   1.397   1.738
Computer/Communications Equip. Operator      1.143   1.341   1.643   1.627   1.671   1.695
Mail Distribution                            1.239   1.299   1.491   1.453   1.444   1.515
Scheduling and Distributing Clerks           1.023   1.209   1.428   1.391   1.382   1.491
Adjusters and Investigators                  1.746   1.736   2.009   1.829   1.725   1.746
Misc. Admin Support                          1.360   1.446   1.855   1.782   1.802   1.884
Private Household Occupations                0.929   0.982   1.144   1.213   1.249   1.214
Firefighting                                 1.094   1.209   1.453   1.469   1.477   1.584
Police                                       1.166   1.288   1.621   1.527   1.588   1.644
Guards                                       1.043   1.258   1.504   1.476   1.463   1.597
Food Prep    and Service                     0.930   1.079   1.401   1.390   1.377   1.496
Health Service                               1.011   1.401   1.752   1.630   1.607   1.677
Cleaning and Building Service                0.875   1.001   1.233   1.261   1.242   1.330
Personal Service                             1.010   1.015   1.641   1.553   1.698   1.784
Farm Managers                                0.992   1.173   1.439   1.349   1.399   1.417
Farm Work                                    0.660   0.861   1.006   1.047   0.974   0.929
Related Agriculture                          0.867   0.979   1.263   1.217   1.176   1.173
Forest, Logging, Fishers and Hunter          0.790   1.035   1.240   1.177   1.163   1.248
Mechanics                                    0.929   1.034   1.202   1.257   1.256   1.316
Elec. Repairer                               1.126   1.199   1.344   1.385   1.361   1.412
Misc. Repairer                               0.985   1.035   1.267   1.301   1.285   1.335
Construction Trade                           0.970   1.062   1.271   1.239   1.193   1.209
Extractive                                   0.872   0.972   1.138   1.176   1.183   1.221
Supervisor(P)                                1.113   1.215   1.433   1.353   1.360   1.394
Precision Metal                              0.992   1.127   1.243   1.274   1.277   1.305
Precision Wood                               0.922   1.012   1.307   1.252   1.230   1.248
Precision, Textile                           0.809   0.880   1.049   1.151   1.157   1.192
Precision, Other                             0.992   1.189   1.316   1.285   1.465   1.565
Precision, Food                              0.938   1.030   1.164   1.200   1.135   1.165
Plant Operator                               1.478   1.171   1.401   1.384   1.334   1.460
Metal and Plastic Machine Operator           0.860   1.030   1.142   1.173   1.175   1.168
Metal and Plastic Processing Operator        0.893   0.925   1.116   1.197   1.217   1.279
Woodworking Machine Operator                 0.766   0.851   1.124   1.154   1.179   1.196
Textile Machine Operator                     1.072   1.156   1.316   1.293   1.286   1.321
Print Machine Operator                       0.817   0.896   0.996   1.124   1.094   1.121
Machine Operator, Other                      0.879   0.989   1.155   1.205   1.194   1.237
Fabricators                                  0.897   1.015   1.145   1.200   1.208   1.220
Production Inspectors                        1.034   1.205   1.309   1.356   1.397   1.446
Motor Vehicle Operator                       0.880   1.006   1.187   1.233   1.234   1.301
Non Motor Vehicle Operator                   0.946   1.014   1.207   1.216   1.209   1.271
Freight, Stock, Material Handler             0.845   1.019   1.183   1.239   1.227   1.311
 
 
Values for s(i,t)
 
                                              1960    1970    1980    1990    2000    2010
------------------------------------------------------------------------------------------
Home                                         0.496   0.555   0.565   0.555   0.528   0.582
Executives, Administrative, and Managerial   0.525   0.557   0.602   0.582   0.595   0.601
Management Related                           0.596   0.598   0.631   0.620   0.619   0.633
Architects                                   0.691   0.725   0.703   0.649   0.664   0.671
Engineers                                    0.627   0.640   0.648   0.638   0.641   0.651
Math and Computer Science                    0.654   0.628   0.652   0.636   0.605   0.606
Natural Science                              0.658   0.667   0.702   0.674   0.701   0.705
Doctors                                      0.751   0.759   0.758   0.762   0.762   0.762
Health Assessment                            0.667   0.686   0.712   0.650   0.643   0.671
Therapists                                   0.695   0.669   0.635   0.633   0.659   0.692
Professors                                   0.819   0.814   0.811   0.814   0.792   0.804
Teachers          Non-Postsecondary          0.694   0.715   0.709   0.669   0.672   0.687
Librarians  and Curators                     0.715   0.720   0.724   0.714   0.710   0.737
Social Scientists and Urban Planners         0.703   0.698   0.727   0.697   0.699   0.678
Social Work                                  0.700   0.688   0.690   0.660   0.653   0.658
Lawyers       and Judges                     0.755   0.763   0.769   0.765   0.763   0.764
Arts and Athletes                            0.610   0.598   0.633   0.611   0.618   0.636
Health Technicians                           0.524   0.597   0.621   0.585   0.576   0.578
Engineering Technicians                      0.514   0.528   0.558   0.559   0.551   0.570
Science Technicians                          0.521   0.583   0.584   0.569   0.563   0.581
Technicians, Other                           0.542   0.586   0.631   0.603   0.627   0.631
Sales, all                                   0.532   0.543   0.577   0.561   0.564   0.574
Secretaries                                  0.520   0.536   0.594   0.578   0.585   0.608
Info. Clerks                                 0.503   0.536   0.604   0.581   0.576   0.578
Records Processing, Non-Financial            0.616   0.611   0.568   0.575   0.572   0.600
Financial Records Processing                 0.525   0.533   0.586   0.568   0.567   0.576
Office Machine Operator                      0.500   0.502   0.534   0.519   0.519   0.573
Computer/Communications Equip. Operator      0.469   0.509   0.559   0.557   0.563   0.567
Mail Distribution                            0.489   0.501   0.535   0.529   0.527   0.539
Scheduling and Distributing Clerks           0.441   0.483   0.525   0.518   0.516   0.535
Adjusters and Investigators                  0.574   0.573   0.608   0.586   0.571   0.574
Misc. Admin Support                          0.512   0.528   0.589   0.579   0.582   0.593
Private Household Occupations                0.418   0.431   0.469   0.484   0.491   0.484
Firefighting                                 0.458   0.483   0.529   0.532   0.533   0.550
Police                                       0.474   0.499   0.556   0.541   0.551   0.560
Guards                                       0.446   0.493   0.537   0.533   0.531   0.552
Food Prep    and Service                     0.418   0.455   0.520   0.518   0.515   0.536
Health Service                               0.439   0.520   0.575   0.557   0.554   0.564
Cleaning and Building Service                0.403   0.436   0.488   0.493   0.490   0.507
Personal Service                             0.438   0.439   0.559   0.545   0.567   0.579
Farm Managers                                0.434   0.475   0.526   0.510   0.519   0.523
Farm Work                                    0.338   0.399   0.437   0.447   0.429   0.418
Related Agriculture                          0.401   0.431   0.494   0.485   0.476   0.475
Forest, Logging, Fishers and Hunter          0.379   0.444   0.489   0.476   0.473   0.491
Mechanics                                    0.418   0.444   0.482   0.493   0.493   0.504
Elec. Repairer                               0.465   0.481   0.509   0.517   0.513   0.522
Misc. Repairer                               0.432   0.444   0.495   0.501   0.498   0.508
Construction Trade                           0.428   0.451   0.495   0.489   0.480   0.483
Extractive                                   0.402   0.429   0.468   0.476   0.477   0.485
Supervisor(P)                                0.462   0.484   0.525   0.511   0.512   0.519
Precision Metal                              0.434   0.465   0.490   0.496   0.497   0.502
Precision Wood                               0.416   0.439   0.502   0.492   0.487   0.491
Precision, Textile                           0.385   0.405   0.448   0.471   0.472   0.479
Precision, Other                             0.434   0.479   0.504   0.498   0.531   0.547
Precision, Food                              0.420   0.443   0.473   0.481   0.467   0.474
Plant Operator                               0.533   0.475   0.520   0.517   0.508   0.530
Metal and Plastic Machine Operator           0.399   0.443   0.469   0.475   0.476   0.474
Metal and Plastic Processing Operator        0.408   0.417   0.463   0.480   0.485   0.497
Woodworking Machine Operator                 0.372   0.397   0.465   0.471   0.477   0.480
Textile Machine Operator                     0.453   0.472   0.504   0.500   0.498   0.505
Print Machine Operator                       0.387   0.409   0.435   0.465   0.458   0.464
Machine Operator, Other                      0.405   0.433   0.472   0.482   0.480   0.489
Fabricators                                  0.409   0.440   0.469   0.481   0.483   0.485
Production Inspectors                        0.444   0.482   0.503   0.512   0.519   0.528
Motor Vehicle Operator                       0.405   0.437   0.478   0.488   0.488   0.501
Non Motor Vehicle Operator                   0.422   0.439   0.483   0.484   0.483   0.495
Freight, Stock, Material Handler             0.395   0.440   0.478   0.489   0.487   0.503
 
 
Values for ZWM(i,t)
 
                                              1960    1970    1980    1990    2000    2010
------------------------------------------------------------------------------------------
Home                                         1.000   1.000   1.000   1.000   1.000   1.000
Executives, Administrative, and Managerial   0.915   0.846   0.854   0.760   0.856   0.756
Management Related                           1.090   0.935   0.951   0.860   0.962   0.804
Architects                                   1.282   1.266   1.216   0.929   1.132   0.944
Engineers                                    1.030   0.950   0.889   0.792   0.936   0.753
Math and Computer Science                    1.149   0.943   0.908   0.799   0.916   0.783
Natural Science                              1.226   1.125   1.207   1.059   1.412   1.101
Doctors                                      1.614   1.247   1.097   1.020   1.203   0.990
Health Assessment                            1.251   1.163   1.214   0.864   0.986   0.808
Therapists                                   1.633   1.271   1.106   0.953   1.133   0.981
Professors                                   2.346   2.017   2.063   2.102   2.327   2.093
Teachers          Non-Postsecondary          1.613   1.457   1.434   1.224   1.444   1.188
Librarians  and Curators                     1.771   1.511   1.586   1.490   1.722   1.598
Social Scientists and Urban Planners         1.373   1.139   1.229   1.064   1.268   0.941
Social Work                                  2.044   1.581   1.520   1.316   1.468   1.223
Lawyers       and Judges                     1.498   1.257   1.251   0.999   1.193   0.896
Arts and Athletes                            1.142   0.977   1.133   0.982   1.141   0.989
Health Technicians                           1.088   1.063   1.112   0.960   1.071   0.876
Engineering Technicians                      0.941   0.873   0.873   0.825   0.989   0.825
Science Technicians                          0.986   1.018   0.927   0.863   1.018   0.856
Technicians, Other                           1.011   0.897   0.988   0.856   0.903   0.745
Sales, all                                   0.989   0.864   0.879   0.799   0.924   0.860
Secretaries                                  1.050   0.959   1.072   1.055   1.139   1.067
Info. Clerks                                 1.004   0.932   1.048   1.014   1.225   1.099
Records Processing, Non-Financial            1.186   0.990   0.998   0.998   1.229   1.098
Financial Records Processing                 1.112   0.952   0.995   0.984   1.138   0.968
Office Machine Operator                      1.008   0.993   1.021   0.993   0.983   1.112
Computer/Communications Equip. Operator      0.871   0.866   0.856   0.868   1.043   0.939
Mail Distribution                            0.980   0.922   0.807   0.787   1.011   0.865
Scheduling and Distributing Clerks           0.967   0.888   0.878   0.878   1.064   1.005
Adjusters and Investigators                  1.151   0.959   1.007   0.945   1.080   0.986
Misc. Admin Support                          1.040   0.925   1.025   0.978   1.191   1.053
Private Household Occupations                0.939   0.928   1.037   1.065   1.305   1.196
Firefighting                                 0.923   0.796   0.797   0.717   0.846   0.681
Police                                       0.963   0.827   0.844   0.763   0.917   0.737
Guards                                       0.960   0.928   0.962   0.956   1.136   0.986
Food Prep    and Service                     1.068   0.982   1.152   1.124   1.293   1.240
Health Service                               1.238   1.181   1.188   1.087   1.321   1.153
Cleaning and Building Service                1.080   0.931   0.948   0.955   1.112   1.018
Personal Service                             1.025   0.876   1.075   1.046   1.219   1.124
Farm Managers                                1.366   1.048   1.033   0.994   1.122   0.845
Farm Work                                    1.353   1.143   0.989   0.994   1.127   0.938
Related Agriculture                          0.977   0.918   1.005   0.964   1.103   1.023
Forest, Logging, Fishers and Hunter          1.102   0.975   0.890   0.876   1.034   0.864
Mechanics                                    0.928   0.813   0.791   0.795   0.921   0.799
Elec. Repairer                               0.899   0.819   0.745   0.786   0.933   0.809
Misc. Repairer                               0.900   0.790   0.770   0.799   0.948   0.800
Construction Trade                           0.856   0.784   0.785   0.790   0.928   0.819
Extractive                                   0.837   0.804   0.676   0.710   0.846   0.625
Supervisor(P)                                0.826   0.767   0.750   0.718   0.865   0.743
Precision Metal                              0.829   0.773   0.744   0.746   0.886   0.785
Precision Wood                               0.932   0.875   0.999   0.882   1.037   0.952
Precision, Textile                           0.919   0.865   0.919   0.936   1.004   1.009
Precision, Other                             0.861   0.808   0.864   0.826   1.104   0.961
Precision, Food                              0.913   0.827   0.769   0.852   1.046   0.972
Plant Operator                               0.906   0.782   0.759   0.708   0.858   0.692
Metal and Plastic Machine Operator           0.811   0.804   0.753   0.806   0.963   0.836
Metal and Plastic Processing Operator        0.897   0.769   0.772   0.792   0.933   0.866
Woodworking Machine Operator                 0.992   0.910   0.908   0.941   0.975   0.856
Textile Machine Operator                     0.851   0.788   0.811   0.794   0.941   0.897
Print Machine Operator                       1.010   0.911   0.916   0.908   1.067   0.991
Machine Operator, Other                      0.901   0.827   0.776   0.802   0.956   0.862
Fabricators                                  0.869   0.825   0.779   0.821   0.962   0.844
Production Inspectors                        0.903   0.861   0.784   0.795   0.966   0.819
Motor Vehicle Operator                       0.898   0.820   0.777   0.811   0.954   0.880
Non Motor Vehicle Operator                   0.820   0.775   0.708   0.734   0.863   0.699
Freight, Stock, Material Handler             0.971   0.909   0.853   0.915   1.079   1.015
 
 
WageBarHomeY(g,t):
 
               1960    1970    1980    1990    2000    2010
-----------------------------------------------------------
White Men     29602   35068   30147   29637   36650   33905
White Women   16273   20652   19327   21045   28975   27753
Black Men     23359   29289   22832   21977   28430   27098
Black Women   16925   22291   20271   20921   29086   28506
 
 
 
>>> Calling GetTExperience: Loop = 3
 
 
===========================================================
GetTExperience.m:
Fixing tauhat_y missing values --> tauhat_y_cleaned (just for robustness cases)
 -- Use first non-missing value
 
===========================================================
 
*********************
White Women
*********************
 
tauhat_y_cleaned Firefighting     NaN  3.4435  3.4204  2.6785  2.4844  2.3832
tauhat_y_cleaned Firefighting  3.4435  3.4435  3.4204  2.6785  2.4844  2.3832
tauhat_y_cleaned Forest     NaN  5.1285  2.6810  2.2150  2.4112  1.9021
tauhat_y_cleaned Forest  5.1285  5.1285  2.6810  2.2150  2.4112  1.9021
 
*********************
Black Men
*********************
 
tauhat_y_cleaned Architects     NaN  1.5956  1.7173  1.4474  1.5427  1.5190
tauhat_y_cleaned Architects  1.5956  1.5956  1.7173  1.4474  1.5427  1.5190
tauhat_y_cleaned Librarians     NaN  1.2985  1.0590  1.1060  1.3780  1.1307
tauhat_y_cleaned Librarians  1.2985  1.2985  1.0590  1.1060  1.3780  1.1307
 
*********************
Black Women
*********************
 
tauhat_y_cleaned Architects     NaN     NaN  1.7539  2.4709  2.1704  1.3154
tauhat_y_cleaned Architects  1.7539  1.7539  1.7539  2.4709  2.1704  1.3154
tauhat_y_cleaned Engineers     NaN     NaN  2.8037  2.1781  1.8477  1.8959
tauhat_y_cleaned Engineers  2.8037  2.8037  2.8037  2.1781  1.8477  1.8959
tauhat_y_cleaned Math/CompSci     NaN  2.6425  1.7387  1.6061  1.5998  1.5478
tauhat_y_cleaned Math/CompSci  2.6425  2.6425  1.7387  1.6061  1.5998  1.5478
tauhat_y_cleaned Science     NaN  2.4017  2.1411  1.6176  1.5583  1.3622
tauhat_y_cleaned Science  2.4017  2.4017  2.1411  1.6176  1.5583  1.3622
tauhat_y_cleaned Eng.Techs     NaN  3.3459  2.0905  2.1213  1.7202  1.7265
tauhat_y_cleaned Eng.Techs  3.3459  3.3459  2.0905  2.1213  1.7202  1.7265
tauhat_y_cleaned OtherTechs     NaN  2.2461  1.6946  1.5722  1.6741  1.7985
tauhat_y_cleaned OtherTechs  2.2461  2.2461  1.6946  1.5722  1.6741  1.7985
tauhat_y_cleaned Firefighting     NaN     NaN  3.5497  3.4386  2.8275  3.8819
tauhat_y_cleaned Firefighting  3.5497  3.5497  3.5497  3.4386  2.8275  3.8819
tauhat_y_cleaned Police     NaN  3.3039  2.2093  1.4039  1.4760  1.5079
tauhat_y_cleaned Police  3.3039  3.3039  2.2093  1.4039  1.4760  1.5079
tauhat_y_cleaned FarmMgrs 15.5635  4.5602  7.8290  5.7141     NaN  4.3389
tauhat_y_cleaned FarmMgrs 15.5635  4.5602  7.8290  5.7141  5.0265  4.3389
tauhat_y_cleaned Agriculture     NaN  3.7589  2.8355  2.6803  2.4016  2.2294
tauhat_y_cleaned Agriculture  3.7589  3.7589  2.8355  2.6803  2.4016  2.2294
tauhat_y_cleaned Forest     NaN  2.3811  3.1106  2.7047  1.9819     NaN
tauhat_y_cleaned Forest  2.3811  2.3811  3.1106  2.7047  1.9819  1.9819
tauhat_y_cleaned Mechanics     NaN  7.0635  3.2587  2.7629  2.7752  2.7759
tauhat_y_cleaned Mechanics  7.0635  7.0635  3.2587  2.7629  2.7752  2.7759
tauhat_y_cleaned Elec.Repairer     NaN  7.1372  2.2756  1.8983  1.7838  2.2676
tauhat_y_cleaned Elec.Repairer  7.1372  7.1372  2.2756  1.8983  1.7838  2.2676
tauhat_y_cleaned Extractive     NaN  3.6790  6.0407  2.8361     NaN  4.8749
tauhat_y_cleaned Extractive  3.6790  3.6790  6.0407  2.8361  3.8555  4.8749
tauhat_y_cleaned MetalWork     NaN  3.7903  3.0930  2.8122  2.3656  3.0697
tauhat_y_cleaned MetalWork  3.7903  3.7903  3.0930  2.8122  2.3656  3.0697
tauhat_y_cleaned WoodWork     NaN  2.6640  2.9541  3.0136  2.9037  3.1629
tauhat_y_cleaned WoodWork  2.6640  2.6640  2.9541  3.0136  2.9037  3.1629
tauhat_y_cleaned PlantOperator     NaN     NaN  2.6565  3.2219  3.4122  2.8920
tauhat_y_cleaned PlantOperator  2.6565  2.6565  2.6565  3.2219  3.4122  2.8920
tauhat_y_cleaned MetalMach.     NaN  2.2837  2.0604  2.2658  1.9247  2.8221
tauhat_y_cleaned MetalMach.  2.2837  2.2837  2.0604  2.2658  1.9247  2.8221
tauhat_y_cleaned MetalProc.     NaN  3.9898  2.0511  2.2501  1.9750  1.8976
tauhat_y_cleaned MetalProc.  3.9898  3.9898  2.0511  2.2501  1.9750  1.8976
tauhat_y_cleaned WoodMach.     NaN  3.6781  2.0092  2.2036  1.6286  1.7295
tauhat_y_cleaned WoodMach.  3.6781  3.6781  2.0092  2.2036  1.6286  1.7295
tauhat_y_cleaned TextileMach.     NaN  2.7375  2.4079  2.0113  2.0876  1.7774
tauhat_y_cleaned TextileMach.  2.7375  2.7375  2.4079  2.0113  2.0876  1.7774
 
GetTExperience.m:
                     TigYMO for               --- 1960 ---      and    --- 1990 ---
Home                                         1.00   1.31   1.68        1.00   1.42   1.69
Executives, Administrative, and Managerial   1.00   1.31   1.68        1.00   1.42   1.69
Management Related                           1.00   1.31   1.68        1.00   1.42   1.69
Architects                                   1.00   1.31   1.68        1.00   1.42   1.69
Engineers                                    1.00   1.31   1.68        1.00   1.42   1.69
Math and Computer Science                    1.00   1.31   1.68        1.00   1.42   1.69
Natural Science                              1.00   1.31   1.68        1.00   1.42   1.69
Doctors                                      1.00   1.31   1.68        1.00   1.42   1.69
Health Assessment                            1.00   1.31   1.68        1.00   1.42   1.69
Therapists                                   1.00   1.31   1.68        1.00   1.42   1.69
Professors                                   1.00   1.31   1.68        1.00   1.42   1.69
Teachers          Non-Postsecondary          1.00   1.31   1.68        1.00   1.42   1.69
Librarians  and Curators                     1.00   1.31   1.68        1.00   1.42   1.69
Social Scientists and Urban Planners         1.00   1.31   1.68        1.00   1.42   1.69
Social Work                                  1.00   1.31   1.68        1.00   1.42   1.69
Lawyers       and Judges                     1.00   1.31   1.68        1.00   1.42   1.69
Arts and Athletes                            1.00   1.31   1.68        1.00   1.42   1.69
Health Technicians                           1.00   1.31   1.68        1.00   1.42   1.69
Engineering Technicians                      1.00   1.31   1.68        1.00   1.42   1.69
Science Technicians                          1.00   1.31   1.68        1.00   1.42   1.69
Technicians, Other                           1.00   1.31   1.68        1.00   1.42   1.69
Sales, all                                   1.00   1.31   1.68        1.00   1.42   1.69
Secretaries                                  1.00   1.31   1.68        1.00   1.42   1.69
Info. Clerks                                 1.00   1.31   1.68        1.00   1.42   1.69
Records Processing, Non-Financial            1.00   1.31   1.68        1.00   1.42   1.69
Financial Records Processing                 1.00   1.31   1.68        1.00   1.42   1.69
Office Machine Operator                      1.00   1.31   1.68        1.00   1.42   1.69
Computer/Communications Equip. Operator      1.00   1.31   1.68        1.00   1.42   1.69
Mail Distribution                            1.00   1.31   1.68        1.00   1.42   1.69
Scheduling and Distributing Clerks           1.00   1.31   1.68        1.00   1.42   1.69
Adjusters and Investigators                  1.00   1.31   1.68        1.00   1.42   1.69
Misc. Admin Support                          1.00   1.31   1.68        1.00   1.42   1.69
Private Household Occupations                1.00   1.31   1.68        1.00   1.42   1.69
Firefighting                                 1.00   1.31   1.68        1.00   1.42   1.69
Police                                       1.00   1.31   1.68        1.00   1.42   1.69
Guards                                       1.00   1.31   1.68        1.00   1.42   1.69
Food Prep    and Service                     1.00   1.31   1.68        1.00   1.42   1.69
Health Service                               1.00   1.31   1.68        1.00   1.42   1.69
Cleaning and Building Service                1.00   1.31   1.68        1.00   1.42   1.69
Personal Service                             1.00   1.31   1.68        1.00   1.42   1.69
Farm Managers                                1.00   1.31   1.68        1.00   1.42   1.69
Farm Work                                    1.00   1.31   1.68        1.00   1.42   1.69
Related Agriculture                          1.00   1.31   1.68        1.00   1.42   1.69
Forest, Logging, Fishers and Hunter          1.00   1.31   1.68        1.00   1.42   1.69
Mechanics                                    1.00   1.31   1.68        1.00   1.42   1.69
Elec. Repairer                               1.00   1.31   1.68        1.00   1.42   1.69
Misc. Repairer                               1.00   1.31   1.68        1.00   1.42   1.69
Construction Trade                           1.00   1.31   1.68        1.00   1.42   1.69
Extractive                                   1.00   1.31   1.68        1.00   1.42   1.69
Supervisor(P)                                1.00   1.31   1.68        1.00   1.42   1.69
Precision Metal                              1.00   1.31   1.68        1.00   1.42   1.69
Precision Wood                               1.00   1.31   1.68        1.00   1.42   1.69
Precision, Textile                           1.00   1.31   1.68        1.00   1.42   1.69
Precision, Other                             1.00   1.31   1.68        1.00   1.42   1.69
Precision, Food                              1.00   1.31   1.68        1.00   1.42   1.69
Plant Operator                               1.00   1.31   1.68        1.00   1.42   1.69
Metal and Plastic Machine Operator           1.00   1.31   1.68        1.00   1.42   1.69
Metal and Plastic Processing Operator        1.00   1.31   1.68        1.00   1.42   1.69
Woodworking Machine Operator                 1.00   1.31   1.68        1.00   1.42   1.69
Textile Machine Operator                     1.00   1.31   1.68        1.00   1.42   1.69
Print Machine Operator                       1.00   1.31   1.68        1.00   1.42   1.69
Machine Operator, Other                      1.00   1.31   1.68        1.00   1.42   1.69
Fabricators                                  1.00   1.31   1.68        1.00   1.42   1.69
Production Inspectors                        1.00   1.31   1.68        1.00   1.42   1.69
Motor Vehicle Operator                       1.00   1.31   1.68        1.00   1.42   1.69
Non Motor Vehicle Operator                   1.00   1.31   1.68        1.00   1.42   1.69
Freight, Stock, Material Handler             1.00   1.31   1.68        1.00   1.42   1.69
 
Values for occupation 8:
ans =

   1.0000   1.3082   1.6793
   1.0000   1.4566   1.6603
   1.0000   1.3183   1.5352
   1.0000   1.4175   1.6917
   1.0000   1.4624        0
   1.0000   1.0000   1.0000

 
Tbar and TbarHat by Group and Years for Doctors
ans =

   3.9875   4.1169   3.8535   4.1092   4.2077   4.2077
   3.9875   4.1169   3.8535   4.1092   4.2077   4.2077
   3.9875   4.1169   3.8535   4.1092   4.2077   4.2077
   3.9875   4.1169   3.8535   4.1092   4.2077   4.2077

ans =

   1   1   1   1   1   1
   1   1   1   1   1   1
   1   1   1   1   1   1
   1   1   1   1   1   1

 
Tbar and TbarHat by Group and Years for Secretaries
ans =

   3.9875   4.1169   3.8535   4.1092   4.2077   4.2077
   3.9875   4.1169   3.8535   4.1092   4.2077   4.2077
   3.9875   4.1169   3.8535   4.1092   4.2077   4.2077
   3.9875   4.1169   3.8535   4.1092   4.2077   4.2077

ans =

   1   1   1   1   1   1
   1   1   1   1   1   1
   1   1   1   1   1   1
   1   1   1   1   1   1

 
Tbar and TbarHat by Group and Years for Farm
ans =

   3.9875   4.1169   3.8535   4.1092   4.2077   4.2077
   3.9875   4.1169   3.8535   4.1092   4.2077   4.2077
   3.9875   4.1169   3.8535   4.1092   4.2077   4.2077
   3.9875   4.1169   3.8535   4.1092   4.2077   4.2077

ans =

   1   1   1   1   1   1
   1   1   1   1   1   1
   1   1   1   1   1   1
   1   1   1   1   1   1

 
Done with iteration to get Tbar convergence. MaxDiff=0.0003  s_counter= 4
 
 
Iteration to get Tbar ended after  3 iterations 
Markup of geometric mean over arithmetic mean is   0.8785
pterm = 1.0000
GeoArith_model =   0.9281
GeoArith_markup =   0.8785
GeoArith_adjust =   1.0565
Using WageforTauW=WageBar to get WageGrowth for estimating TauW...
 
 
--------------------------------------------------------------------------------------------------
                          >>>>> White Men <<<<<
--------------------------------------------------------------------------------------------------
 
======================================
 YEAR = 1960
======================================
  Note: tauh* := (1+tauh)^eta - 1 
 
                       pY     pfitY         Z    TauHat      TauH     tauh*     TauW0     TauW1  wagegrth  wagegrWM ExpFactor     alpha
---------------------------------------------------------------------------------------------------------------------------------------
Home                0.086       NaN     1.000       NaN     0.000     0.000     0.000     0.000       NaN       NaN     1.000       NaN
Managers            0.077     0.077     0.915     1.000     0.000     0.000     0.000     0.000     1.446     1.446     1.000       NaN
MgmtRelated         0.032     0.032     1.090     1.000     0.000     0.000     0.000     0.000     1.344     1.344     1.000       NaN
Architects          0.001     0.001     1.282     1.000     0.000     0.000     0.000     0.000     1.437     1.437     1.000       NaN
Engineers           0.030     0.030     1.030     1.000     0.000     0.000     0.000     0.000     1.364     1.364     1.000       NaN
Math/CompSci        0.001     0.001     1.149     1.000     0.000     0.000     0.000     0.000     1.385     1.385     1.000       NaN
Science             0.006     0.006     1.226     1.000     0.000     0.000     0.000     0.000     1.320     1.320     1.000       NaN
Doctors             0.008     0.008     1.614     1.000     0.000     0.000     0.000     0.000     2.008     2.008     1.000       NaN
Nurses              0.002     0.002     1.251     1.000     0.000     0.000     0.000     0.000     1.353     1.353     1.000       NaN
Therapists          0.000     0.000     1.633     1.000     0.000     0.000     0.000     0.000     1.344     1.344     1.000       NaN
Professors          0.003     0.003     2.346     1.000     0.000     0.000     0.000     0.000     1.564     1.564     1.000       NaN
Teachers            0.019     0.019     1.613     1.000     0.000     0.000     0.000     0.000     1.398     1.398     1.000       NaN
Librarians          0.000     0.000     1.771     1.000     0.000     0.000     0.000     0.000     1.411     1.411     1.000       NaN
Soc.Scientists      0.001     0.001     1.373     1.000     0.000     0.000     0.000     0.000     1.584     1.584     1.000       NaN
SocialWork          0.007     0.007     2.044     1.000     0.000     0.000     0.000     0.000     1.343     1.343     1.000       NaN
Lawyers             0.005     0.005     1.498     1.000     0.000     0.000     0.000     0.000     1.707     1.707     1.000       NaN
Arts/Athletes       0.013     0.013     1.142     1.000     0.000     0.000     0.000     0.000     1.326     1.326     1.000       NaN
HealthTechs         0.002     0.002     1.088     1.000     0.000     0.000     0.000     0.000     1.434     1.434     1.000       NaN
Eng.Techs           0.015     0.015     0.941     1.000     0.000     0.000     0.000     0.000     1.295     1.295     1.000       NaN
ScienceTechs        0.007     0.007     0.986     1.000     0.000     0.000     0.000     0.000     1.262     1.262     1.000       NaN
OtherTechs          0.003     0.003     1.011     1.000     0.000     0.000     0.000     0.000     1.523     1.523     1.000       NaN
Sales               0.077     0.077     0.989     1.000     0.000     0.000     0.000     0.000     1.374     1.374     1.000       NaN
Secretaries         0.002     0.002     1.050     1.000     0.000     0.000     0.000     0.000     1.306     1.306     1.000       NaN
Info.Clerks         0.002     0.002     1.004     1.000     0.000     0.000     0.000     0.000     1.244     1.244     1.000       NaN
Records             0.002     0.002     1.186     1.000     0.000     0.000     0.000     0.000     1.417     1.417     1.000       NaN
FinancialClerk      0.005     0.005     1.112     1.000     0.000     0.000     0.000     0.000     1.402     1.402     1.000       NaN
OfficeMachine       0.003     0.003     1.008     1.000     0.000     0.000     0.000     0.000     1.181     1.181     1.000       NaN
ComputerTech        0.001     0.001     0.871     1.000     0.000     0.000     0.000     0.000     1.292     1.292     1.000       NaN
Mail                0.007     0.007     0.980     1.000     0.000     0.000     0.000     0.000     1.237     1.237     1.000       NaN
Clerks              0.014     0.014     0.967     1.000     0.000     0.000     0.000     0.000     1.290     1.290     1.000       NaN
Insurance           0.003     0.003     1.151     1.000     0.000     0.000     0.000     0.000     1.493     1.493     1.000       NaN
Misc.Admin          0.031     0.031     1.040     1.000     0.000     0.000     0.000     0.000     1.275     1.275     1.000       NaN
PrivateHshld        0.001     0.001     0.939     1.000     0.000     0.000     0.000     0.000     0.998     0.998     1.000       NaN
Firefighting        0.005     0.005     0.923     1.000     0.000     0.000     0.000     0.000     1.390     1.390     1.000       NaN
Police              0.010     0.010     0.963     1.000     0.000     0.000     0.000     0.000     1.367     1.367     1.000       NaN
Guards              0.003     0.003     0.960     1.000     0.000     0.000     0.000     0.000     1.205     1.205     1.000       NaN
FoodPrep            0.008     0.008     1.068     1.000     0.000     0.000     0.000     0.000     1.248     1.248     1.000       NaN
HealthService       0.002     0.002     1.238     1.000     0.000     0.000     0.000     0.000     1.380     1.380     1.000       NaN
Cleaning            0.003     0.003     1.080     1.000     0.000     0.000     0.000     0.000     1.300     1.300     1.000       NaN
PersonalService     0.007     0.007     1.025     1.000     0.000     0.000     0.000     0.000     1.246     1.246     1.000       NaN
FarmMgrs            0.033     0.033     1.366     1.000     0.000     0.000     0.000     0.000     1.626     1.626     1.000       NaN
FarmWork            0.015     0.015     1.353     1.000     0.000     0.000     0.000     0.000     1.357     1.357     1.000       NaN
Agriculture         0.002     0.002     0.977     1.000     0.000     0.000     0.000     0.000     1.199     1.199     1.000       NaN
Forest              0.003     0.003     1.102     1.000     0.000     0.000     0.000     0.000     1.359     1.359     1.000       NaN
Mechanics           0.024     0.024     0.928     1.000     0.000     0.000     0.000     0.000     1.309     1.309     1.000       NaN
Elec.Repairer       0.018     0.018     0.899     1.000     0.000     0.000     0.000     0.000     1.221     1.221     1.000       NaN
Misc.Repairer       0.031     0.031     0.900     1.000     0.000     0.000     0.000     0.000     1.288     1.288     1.000       NaN
Construction        0.051     0.051     0.856     1.000     0.000     0.000     0.000     0.000     1.202     1.202     1.000       NaN
Extractive          0.008     0.008     0.837     1.000     0.000     0.000     0.000     0.000     1.188     1.188     1.000       NaN
Supervisor(P)       0.022     0.022     0.826     1.000     0.000     0.000     0.000     0.000     1.225     1.225     1.000       NaN
MetalWork           0.022     0.022     0.829     1.000     0.000     0.000     0.000     0.000     1.240     1.240     1.000       NaN
WoodWork            0.001     0.001     0.932     1.000     0.000     0.000     0.000     0.000     1.166     1.166     1.000       NaN
Textiles            0.002     0.002     0.919     1.000     0.000     0.000     0.000     0.000     1.285     1.285     1.000       NaN
Other               0.003     0.003     0.861     1.000     0.000     0.000     0.000     0.000     1.210     1.210     1.000       NaN
Food                0.006     0.006     0.913     1.000     0.000     0.000     0.000     0.000     1.244     1.244     1.000       NaN
PlantOperator       0.007     0.007     0.906     1.000     0.000     0.000     0.000     0.000     1.045     1.045     1.000       NaN
MetalMach.          0.005     0.005     0.811     1.000     0.000     0.000     0.000     0.000     1.153     1.153     1.000       NaN
MetalProc.          0.001     0.001     0.897     1.000     0.000     0.000     0.000     0.000     1.200     1.200     1.000       NaN
WoodMach.           0.002     0.002     0.992     1.000     0.000     0.000     0.000     0.000     1.244     1.244     1.000       NaN
TextileMach.        0.007     0.007     0.851     1.000     0.000     0.000     0.000     0.000     1.224     1.224     1.000       NaN
PrintMach.          0.003     0.003     1.010     1.000     0.000     0.000     0.000     0.000     1.218     1.218     1.000       NaN
OtherMach.          0.087     0.087     0.901     1.000     0.000     0.000     0.000     0.000     1.237     1.237     1.000       NaN
Fabricators         0.018     0.018     0.869     1.000     0.000     0.000     0.000     0.000     1.175     1.175     1.000       NaN
Prod.Inspectors     0.007     0.007     0.903     1.000     0.000     0.000     0.000     0.000     1.239     1.239     1.000       NaN
MotorVehicle        0.057     0.057     0.898     1.000     0.000     0.000     0.000     0.000     1.254     1.254     1.000       NaN
OtherVehicle        0.015     0.015     0.820     1.000     0.000     0.000     0.000     0.000     1.158     1.158     1.000       NaN
Freight             0.046     0.046     0.971     1.000     0.000     0.000     0.000     0.000     1.252     1.252     1.000       NaN
 
======================================
 YEAR = 1970
======================================
  Note: tauh* := (1+tauh)^eta - 1 
 
                       pY     pfitY         Z    TauHat      TauH     tauh*     TauW0     TauW1  wagegrth  wagegrWM ExpFactor     alpha
---------------------------------------------------------------------------------------------------------------------------------------
Home                0.098       NaN     1.000       NaN     0.000     0.000     0.000     0.000       NaN       NaN     1.000       NaN
Managers            0.101     0.101     0.846     1.000     0.000     0.000     0.000     0.000     1.204     1.204     1.000       NaN
MgmtRelated         0.022     0.022     0.935     1.000     0.000     0.000     0.000     0.000     1.111     1.111     1.000       NaN
Architects          0.001     0.001     1.266     1.000     0.000     0.000     0.000     0.000     1.071     1.071     1.000       NaN
Engineers           0.031     0.031     0.950     1.000     0.000     0.000     0.000     0.000     1.092     1.092     1.000       NaN
Math/CompSci        0.006     0.006     0.943     1.000     0.000     0.000     0.000     0.000     1.124     1.124     1.000       NaN
Science             0.007     0.007     1.125     1.000     0.000     0.000     0.000     0.000     1.246     1.246     1.000       NaN
Doctors             0.008     0.008     1.247     1.000     0.000     0.000     0.000     0.000     1.420     1.420     1.000       NaN
Nurses              0.003     0.003     1.163     1.000     0.000     0.000     0.000     0.000     1.007     1.007     1.000       NaN
Therapists          0.001     0.001     1.271     1.000     0.000     0.000     0.000     0.000     1.030     1.030     1.000       NaN
Professors          0.009     0.009     2.017     1.000     0.000     0.000     0.000     0.000     1.097     1.097     1.000       NaN
Teachers            0.027     0.027     1.457     1.000     0.000     0.000     0.000     0.000     1.048     1.048     1.000       NaN
Librarians          0.000     0.000     1.511     1.000     0.000     0.000     0.000     0.000     1.043     1.043     1.000       NaN
Soc.Scientists      0.003     0.003     1.139     1.000     0.000     0.000     0.000     0.000     1.141     1.141     1.000       NaN
SocialWork          0.007     0.007     1.581     1.000     0.000     0.000     0.000     0.000     0.978     0.978     1.000       NaN
Lawyers             0.007     0.007     1.257     1.000     0.000     0.000     0.000     0.000     1.153     1.153     1.000       NaN
Arts/Athletes       0.012     0.012     0.977     1.000     0.000     0.000     0.000     0.000     0.993     0.993     1.000       NaN
HealthTechs         0.002     0.002     1.063     1.000     0.000     0.000     0.000     0.000     1.010     1.010     1.000       NaN
Eng.Techs           0.021     0.021     0.873     1.000     0.000     0.000     0.000     0.000     1.094     1.094     1.000       NaN
ScienceTechs        0.002     0.002     1.018     1.000     0.000     0.000     0.000     0.000     1.154     1.154     1.000       NaN
OtherTechs          0.010     0.010     0.897     1.000     0.000     0.000     0.000     0.000     1.086     1.086     1.000       NaN
Sales               0.070     0.070     0.864     1.000     0.000     0.000     0.000     0.000     1.040     1.040     1.000       NaN
Secretaries         0.002     0.002     0.959     1.000     0.000     0.000     0.000     0.000     1.120     1.120     1.000       NaN
Info.Clerks         0.002     0.002     0.932     1.000     0.000     0.000     0.000     0.000     1.118     1.118     1.000       NaN
Records             0.006     0.006     0.990     1.000     0.000     0.000     0.000     0.000     0.813     0.813     1.000       NaN
FinancialClerk      0.007     0.007     0.952     1.000     0.000     0.000     0.000     0.000     1.056     1.056     1.000       NaN
OfficeMachine       0.001     0.001     0.993     1.000     0.000     0.000     0.000     0.000     1.059     1.059     1.000       NaN
ComputerTech        0.003     0.003     0.866     1.000     0.000     0.000     0.000     0.000     1.245     1.245     1.000       NaN
Mail                0.006     0.006     0.922     1.000     0.000     0.000     0.000     0.000     1.177     1.177     1.000       NaN
Clerks              0.017     0.017     0.888     1.000     0.000     0.000     0.000     0.000     1.110     1.110     1.000       NaN
Insurance           0.007     0.007     0.959     1.000     0.000     0.000     0.000     0.000     1.025     1.025     1.000       NaN
Misc.Admin          0.013     0.013     0.925     1.000     0.000     0.000     0.000     0.000     1.075     1.075     1.000       NaN
PrivateHshld        0.001     0.001     0.928     1.000     0.000     0.000     0.000     0.000     0.828     0.828     1.000       NaN
Firefighting        0.005     0.005     0.796     1.000     0.000     0.000     0.000     0.000     1.075     1.075     1.000       NaN
Police              0.013     0.013     0.827     1.000     0.000     0.000     0.000     0.000     1.067     1.067     1.000       NaN
Guards              0.003     0.003     0.928     1.000     0.000     0.000     0.000     0.000     0.979     0.979     1.000       NaN
FoodPrep            0.007     0.007     0.982     1.000     0.000     0.000     0.000     0.000     0.875     0.875     1.000       NaN
HealthService       0.001     0.001     1.181     1.000     0.000     0.000     0.000     0.000     1.094     1.094     1.000       NaN
Cleaning            0.008     0.008     0.931     1.000     0.000     0.000     0.000     0.000     1.009     1.009     1.000       NaN
PersonalService     0.010     0.010     0.876     1.000     0.000     0.000     0.000     0.000     0.951     0.951     1.000       NaN
FarmMgrs            0.016     0.016     1.048     1.000     0.000     0.000     0.000     0.000     1.100     1.100     1.000       NaN
FarmWork            0.009     0.009     1.143     1.000     0.000     0.000     0.000     0.000     1.190     1.190     1.000       NaN
Agriculture         0.003     0.003     0.918     1.000     0.000     0.000     0.000     0.000     0.966     0.966     1.000       NaN
Forest              0.002     0.002     0.975     1.000     0.000     0.000     0.000     0.000     1.092     1.092     1.000       NaN
Mechanics           0.037     0.037     0.813     1.000     0.000     0.000     0.000     0.000     1.069     1.069     1.000       NaN
Elec.Repairer       0.018     0.018     0.819     1.000     0.000     0.000     0.000     0.000     1.077     1.077     1.000       NaN
Misc.Repairer       0.022     0.022     0.790     1.000     0.000     0.000     0.000     0.000     1.082     1.082     1.000       NaN
Construction        0.065     0.065     0.784     1.000     0.000     0.000     0.000     0.000     1.074     1.074     1.000       NaN
Extractive          0.003     0.003     0.804     1.000     0.000     0.000     0.000     0.000     1.200     1.200     1.000       NaN
Supervisor(P)       0.027     0.027     0.767     1.000     0.000     0.000     0.000     0.000     1.115     1.115     1.000       NaN
MetalWork           0.017     0.017     0.773     1.000     0.000     0.000     0.000     0.000     1.054     1.054     1.000       NaN
WoodWork            0.001     0.001     0.875     1.000     0.000     0.000     0.000     0.000     0.882     0.882     1.000       NaN
Textiles            0.002     0.002     0.865     1.000     0.000     0.000     0.000     0.000     0.885     0.885     1.000       NaN
Other               0.001     0.001     0.808     1.000     0.000     0.000     0.000     0.000     0.932     0.932     1.000       NaN
Food                0.006     0.006     0.827     1.000     0.000     0.000     0.000     0.000     1.053     1.053     1.000       NaN
PlantOperator       0.002     0.002     0.782     1.000     0.000     0.000     0.000     0.000     1.127     1.127     1.000       NaN
MetalMach.          0.014     0.014     0.804     1.000     0.000     0.000     0.000     0.000     1.067     1.067     1.000       NaN
MetalProc.          0.002     0.002     0.769     1.000     0.000     0.000     0.000     0.000     1.080     1.080     1.000       NaN
WoodMach.           0.001     0.001     0.910     1.000     0.000     0.000     0.000     0.000     1.013     1.013     1.000       NaN
TextileMach.        0.007     0.007     0.788     1.000     0.000     0.000     0.000     0.000     0.980     0.980     1.000       NaN
PrintMach.          0.006     0.006     0.911     1.000     0.000     0.000     0.000     0.000     0.958     0.958     1.000       NaN
OtherMach.          0.055     0.055     0.827     1.000     0.000     0.000     0.000     0.000     1.081     1.081     1.000       NaN
Fabricators         0.022     0.022     0.825     1.000     0.000     0.000     0.000     0.000     1.054     1.054     1.000       NaN
Prod.Inspectors     0.009     0.009     0.861     1.000     0.000     0.000     0.000     0.000     1.099     1.099     1.000       NaN
MotorVehicle        0.047     0.047     0.820     1.000     0.000     0.000     0.000     0.000     1.113     1.113     1.000       NaN
OtherVehicle        0.014     0.014     0.775     1.000     0.000     0.000     0.000     0.000     1.152     1.152     1.000       NaN
Freight             0.029     0.029     0.909     1.000     0.000     0.000     0.000     0.000     1.077     1.077     1.000       NaN
 
======================================
 YEAR = 1980
======================================
  Note: tauh* := (1+tauh)^eta - 1 
 
                       pY     pfitY         Z    TauHat      TauH     tauh*     TauW0     TauW1  wagegrth  wagegrWM ExpFactor     alpha
---------------------------------------------------------------------------------------------------------------------------------------
Home                0.093       NaN     1.000       NaN     0.000     0.000     0.000     0.000       NaN       NaN     1.000       NaN
Managers            0.088     0.088     0.854     1.000     0.000     0.000     0.000     0.000     1.434     1.434     1.000       NaN
MgmtRelated         0.039     0.039     0.951     1.000     0.000     0.000     0.000     0.000     1.342     1.342     1.000       NaN
Architects          0.002     0.002     1.216     1.000     0.000     0.000     0.000     0.000     1.445     1.445     1.000       NaN
Engineers           0.025     0.025     0.889     1.000     0.000     0.000     0.000     0.000     1.318     1.318     1.000       NaN
Math/CompSci        0.006     0.006     0.908     1.000     0.000     0.000     0.000     0.000     1.298     1.298     1.000       NaN
Science             0.006     0.006     1.207     1.000     0.000     0.000     0.000     0.000     1.351     1.351     1.000       NaN
Doctors             0.010     0.010     1.097     1.000     0.000     0.000     0.000     0.000     1.791     1.791     1.000       NaN
Nurses              0.004     0.004     1.214     1.000     0.000     0.000     0.000     0.000     1.366     1.366     1.000       NaN
Therapists          0.002     0.002     1.106     1.000     0.000     0.000     0.000     0.000     1.418     1.418     1.000       NaN
Professors          0.005     0.005     2.063     1.000     0.000     0.000     0.000     0.000     1.505     1.505     1.000       NaN
Teachers            0.027     0.027     1.434     1.000     0.000     0.000     0.000     0.000     1.377     1.377     1.000       NaN
Librarians          0.001     0.001     1.586     1.000     0.000     0.000     0.000     0.000     1.373     1.373     1.000       NaN
Soc.Scientists      0.003     0.003     1.229     1.000     0.000     0.000     0.000     0.000     1.366     1.366     1.000       NaN
SocialWork          0.008     0.008     1.520     1.000     0.000     0.000     0.000     0.000     1.291     1.291     1.000       NaN
Lawyers             0.011     0.011     1.251     1.000     0.000     0.000     0.000     0.000     1.722     1.722     1.000       NaN
Arts/Athletes       0.014     0.014     1.133     1.000     0.000     0.000     0.000     0.000     1.331     1.331     1.000       NaN
HealthTechs         0.004     0.004     1.112     1.000     0.000     0.000     0.000     0.000     1.332     1.332     1.000       NaN
Eng.Techs           0.017     0.017     0.873     1.000     0.000     0.000     0.000     0.000     1.265     1.265     1.000       NaN
ScienceTechs        0.003     0.003     0.927     1.000     0.000     0.000     0.000     0.000     1.292     1.292     1.000       NaN
OtherTechs          0.014     0.014     0.988     1.000     0.000     0.000     0.000     0.000     1.321     1.321     1.000       NaN
Sales               0.084     0.084     0.879     1.000     0.000     0.000     0.000     0.000     1.285     1.285     1.000       NaN
Secretaries         0.001     0.001     1.072     1.000     0.000     0.000     0.000     0.000     1.202     1.202     1.000       NaN
Info.Clerks         0.002     0.002     1.048     1.000     0.000     0.000     0.000     0.000     1.158     1.158     1.000       NaN
Records             0.003     0.003     0.998     1.000     0.000     0.000     0.000     0.000     1.253     1.253     1.000       NaN
FinancialClerk      0.004     0.004     0.995     1.000     0.000     0.000     0.000     0.000     1.131     1.131     1.000       NaN
OfficeMachine       0.000     0.000     1.021     1.000     0.000     0.000     0.000     0.000     1.166     1.166     1.000       NaN
ComputerTech        0.005     0.005     0.856     1.000     0.000     0.000     0.000     0.000     1.188     1.188     1.000       NaN
Mail                0.007     0.007     0.807     1.000     0.000     0.000     0.000     0.000     1.144     1.144     1.000       NaN
Clerks              0.018     0.018     0.878     1.000     0.000     0.000     0.000     0.000     1.191     1.191     1.000       NaN
Insurance           0.004     0.004     1.007     1.000     0.000     0.000     0.000     0.000     1.255     1.255     1.000       NaN
Misc.Admin          0.008     0.008     1.025     1.000     0.000     0.000     0.000     0.000     1.274     1.274     1.000       NaN
PrivateHshld        0.001     0.001     1.037     1.000     0.000     0.000     0.000     0.000     1.150     1.150     1.000       NaN
Firefighting        0.005     0.005     0.797     1.000     0.000     0.000     0.000     0.000     1.336     1.336     1.000       NaN
Police              0.014     0.014     0.844     1.000     0.000     0.000     0.000     0.000     1.254     1.254     1.000       NaN
Guards              0.005     0.005     0.962     1.000     0.000     0.000     0.000     0.000     1.133     1.133     1.000       NaN
FoodPrep            0.012     0.012     1.152     1.000     0.000     0.000     0.000     0.000     1.136     1.136     1.000       NaN
HealthService       0.003     0.003     1.188     1.000     0.000     0.000     0.000     0.000     1.326     1.326     1.000       NaN
Cleaning            0.014     0.014     0.948     1.000     0.000     0.000     0.000     0.000     1.130     1.130     1.000       NaN
PersonalService     0.004     0.004     1.075     1.000     0.000     0.000     0.000     0.000     1.120     1.120     1.000       NaN
FarmMgrs            0.014     0.014     1.033     1.000     0.000     0.000     0.000     0.000     1.084     1.084     1.000       NaN
FarmWork            0.008     0.008     0.989     1.000     0.000     0.000     0.000     0.000     1.145     1.145     1.000       NaN
Agriculture         0.005     0.005     1.005     1.000     0.000     0.000     0.000     0.000     1.115     1.115     1.000       NaN
Forest              0.003     0.003     0.890     1.000     0.000     0.000     0.000     0.000     1.102     1.102     1.000       NaN
Mechanics           0.039     0.039     0.791     1.000     0.000     0.000     0.000     0.000     1.160     1.160     1.000       NaN
Elec.Repairer       0.015     0.015     0.745     1.000     0.000     0.000     0.000     0.000     1.153     1.153     1.000       NaN
Misc.Repairer       0.013     0.013     0.770     1.000     0.000     0.000     0.000     0.000     1.102     1.102     1.000       NaN
Construction        0.085     0.085     0.785     1.000     0.000     0.000     0.000     0.000     1.118     1.118     1.000       NaN
Extractive          0.004     0.004     0.676     1.000     0.000     0.000     0.000     0.000     1.132     1.132     1.000       NaN
Supervisor(P)       0.026     0.026     0.750     1.000     0.000     0.000     0.000     0.000     1.237     1.237     1.000       NaN
MetalWork           0.015     0.015     0.744     1.000     0.000     0.000     0.000     0.000     1.171     1.171     1.000       NaN
WoodWork            0.002     0.002     0.999     1.000     0.000     0.000     0.000     0.000     1.156     1.156     1.000       NaN
Textiles            0.001     0.001     0.919     1.000     0.000     0.000     0.000     0.000     1.131     1.131     1.000       NaN
Other               0.003     0.003     0.864     1.000     0.000     0.000     0.000     0.000     1.216     1.216     1.000       NaN
Food                0.005     0.005     0.769     1.000     0.000     0.000     0.000     0.000     1.054     1.054     1.000       NaN
PlantOperator       0.004     0.004     0.759     1.000     0.000     0.000     0.000     0.000     1.219     1.219     1.000       NaN
MetalMach.          0.010     0.010     0.753     1.000     0.000     0.000     0.000     0.000     1.135     1.135     1.000       NaN
MetalProc.          0.002     0.002     0.772     1.000     0.000     0.000     0.000     0.000     1.205     1.205     1.000       NaN
WoodMach.           0.002     0.002     0.908     1.000     0.000     0.000     0.000     0.000     1.061     1.061     1.000       NaN
TextileMach.        0.005     0.005     0.811     1.000     0.000     0.000     0.000     0.000     1.172     1.172     1.000       NaN
PrintMach.          0.003     0.003     0.916     1.000     0.000     0.000     0.000     0.000     1.222     1.222     1.000       NaN
OtherMach.          0.033     0.033     0.776     1.000     0.000     0.000     0.000     0.000     1.160     1.160     1.000       NaN
Fabricators         0.027     0.027     0.779     1.000     0.000     0.000     0.000     0.000     1.128     1.128     1.000       NaN
Prod.Inspectors     0.007     0.007     0.784     1.000     0.000     0.000     0.000     0.000     1.195     1.195     1.000       NaN
MotorVehicle        0.048     0.048     0.777     1.000     0.000     0.000     0.000     0.000     1.078     1.078     1.000       NaN
OtherVehicle        0.016     0.016     0.708     1.000     0.000     0.000     0.000     0.000     1.149     1.149     1.000       NaN
Freight             0.029     0.029     0.853     1.000     0.000     0.000     0.000     0.000     1.105     1.105     1.000       NaN
 
======================================
 YEAR = 1990
======================================
  Note: tauh* := (1+tauh)^eta - 1 
 
                       pY     pfitY         Z    TauHat      TauH     tauh*     TauW0     TauW1  wagegrth  wagegrWM ExpFactor     alpha
---------------------------------------------------------------------------------------------------------------------------------------
Home                0.102       NaN     1.000       NaN     0.000     0.000     0.000     0.000       NaN       NaN     1.000       NaN
Managers            0.080     0.080     0.760     1.000     0.000     0.000     0.000     0.000     1.469     1.469     1.000       NaN
MgmtRelated         0.035     0.035     0.860     1.000     0.000     0.000     0.000     0.000     1.340     1.340     1.000       NaN
Architects          0.002     0.002     0.929     1.000     0.000     0.000     0.000     0.000     1.360     1.360     1.000       NaN
Engineers           0.028     0.028     0.792     1.000     0.000     0.000     0.000     0.000     1.279     1.279     1.000       NaN
Math/CompSci        0.010     0.010     0.799     1.000     0.000     0.000     0.000     0.000     1.178     1.178     1.000       NaN
Science             0.005     0.005     1.059     1.000     0.000     0.000     0.000     0.000     1.426     1.426     1.000       NaN
Doctors             0.008     0.008     1.020     1.000     0.000     0.000     0.000     0.000     1.778     1.778     1.000       NaN
Nurses              0.003     0.003     0.864     1.000     0.000     0.000     0.000     0.000     1.243     1.243     1.000       NaN
Therapists          0.002     0.002     0.953     1.000     0.000     0.000     0.000     0.000     1.329     1.329     1.000       NaN
Professors          0.004     0.004     2.102     1.000     0.000     0.000     0.000     0.000     1.440     1.440     1.000       NaN
Teachers            0.013     0.013     1.224     1.000     0.000     0.000     0.000     0.000     1.238     1.238     1.000       NaN
Librarians          0.001     0.001     1.490     1.000     0.000     0.000     0.000     0.000     1.286     1.286     1.000       NaN
Soc.Scientists      0.002     0.002     1.064     1.000     0.000     0.000     0.000     0.000     1.389     1.389     1.000       NaN
SocialWork          0.006     0.006     1.316     1.000     0.000     0.000     0.000     0.000     1.251     1.251     1.000       NaN
Lawyers             0.009     0.009     0.999     1.000     0.000     0.000     0.000     0.000     1.391     1.391     1.000       NaN
Arts/Athletes       0.016     0.016     0.982     1.000     0.000     0.000     0.000     0.000     1.311     1.311     1.000       NaN
HealthTechs         0.005     0.005     0.960     1.000     0.000     0.000     0.000     0.000     1.295     1.295     1.000       NaN
Eng.Techs           0.017     0.017     0.825     1.000     0.000     0.000     0.000     0.000     1.191     1.191     1.000       NaN
ScienceTechs        0.002     0.002     0.863     1.000     0.000     0.000     0.000     0.000     1.216     1.216     1.000       NaN
OtherTechs          0.021     0.021     0.856     1.000     0.000     0.000     0.000     0.000     1.580     1.580     1.000       NaN
Sales               0.102     0.102     0.799     1.000     0.000     0.000     0.000     0.000     1.266     1.266     1.000       NaN
Secretaries         0.001     0.001     1.055     1.000     0.000     0.000     0.000     0.000     1.291     1.291     1.000       NaN
Info.Clerks         0.002     0.002     1.014     1.000     0.000     0.000     0.000     0.000     1.188     1.188     1.000       NaN
Records             0.002     0.002     0.998     1.000     0.000     0.000     0.000     0.000     1.061     1.061     1.000       NaN
FinancialClerk      0.003     0.003     0.984     1.000     0.000     0.000     0.000     0.000     1.208     1.208     1.000       NaN
OfficeMachine       0.000     0.000     0.993     1.000     0.000     0.000     0.000     0.000     1.547     1.547     1.000       NaN
ComputerTech        0.005     0.005     0.868     1.000     0.000     0.000     0.000     0.000     1.160     1.160     1.000       NaN
Mail                0.007     0.007     0.787     1.000     0.000     0.000     0.000     0.000     1.105     1.105     1.000       NaN
Clerks              0.019     0.019     0.878     1.000     0.000     0.000     0.000     0.000     1.175     1.175     1.000       NaN
Insurance           0.005     0.005     0.945     1.000     0.000     0.000     0.000     0.000     1.239     1.239     1.000       NaN
Misc.Admin          0.008     0.008     0.978     1.000     0.000     0.000     0.000     0.000     1.190     1.190     1.000       NaN
PrivateHshld        0.001     0.001     1.065     1.000     0.000     0.000     0.000     0.000     1.005     1.005     1.000       NaN
Firefighting        0.005     0.005     0.717     1.000     0.000     0.000     0.000     0.000     1.267     1.267     1.000       NaN
Police              0.014     0.014     0.763     1.000     0.000     0.000     0.000     0.000     1.235     1.235     1.000       NaN
Guards              0.006     0.006     0.956     1.000     0.000     0.000     0.000     0.000     1.164     1.164     1.000       NaN
FoodPrep            0.019     0.019     1.124     1.000     0.000     0.000     0.000     0.000     1.210     1.210     1.000       NaN
HealthService       0.003     0.003     1.087     1.000     0.000     0.000     0.000     0.000     1.124     1.124     1.000       NaN
Cleaning            0.017     0.017     0.955     1.000     0.000     0.000     0.000     0.000     1.137     1.137     1.000       NaN
PersonalService     0.004     0.004     1.046     1.000     0.000     0.000     0.000     0.000     1.359     1.359     1.000       NaN
FarmMgrs            0.010     0.010     0.994     1.000     0.000     0.000     0.000     0.000     1.211     1.211     1.000       NaN
FarmWork            0.006     0.006     0.994     1.000     0.000     0.000     0.000     0.000     1.112     1.112     1.000       NaN
Agriculture         0.009     0.009     0.964     1.000     0.000     0.000     0.000     0.000     1.186     1.186     1.000       NaN
Forest              0.003     0.003     0.876     1.000     0.000     0.000     0.000     0.000     1.182     1.182     1.000       NaN
Mechanics           0.041     0.041     0.795     1.000     0.000     0.000     0.000     0.000     1.206     1.206     1.000       NaN
Elec.Repairer       0.012     0.012     0.786     1.000     0.000     0.000     0.000     0.000     1.164     1.164     1.000       NaN
Misc.Repairer       0.014     0.014     0.799     1.000     0.000     0.000     0.000     0.000     1.152     1.152     1.000       NaN
Construction        0.100     0.100     0.790     1.000     0.000     0.000     0.000     0.000     1.167     1.167     1.000       NaN
Extractive          0.003     0.003     0.710     1.000     0.000     0.000     0.000     0.000     1.140     1.140     1.000       NaN
Supervisor(P)       0.016     0.016     0.718     1.000     0.000     0.000     0.000     0.000     1.170     1.170     1.000       NaN
MetalWork           0.015     0.015     0.746     1.000     0.000     0.000     0.000     0.000     1.142     1.142     1.000       NaN
WoodWork            0.002     0.002     0.882     1.000     0.000     0.000     0.000     0.000     1.155     1.155     1.000       NaN
Textiles            0.001     0.001     0.936     1.000     0.000     0.000     0.000     0.000     1.141     1.141     1.000       NaN
Other               0.003     0.003     0.826     1.000     0.000     0.000     0.000     0.000     1.150     1.150     1.000       NaN
Food                0.004     0.004     0.852     1.000     0.000     0.000     0.000     0.000     1.098     1.098     1.000       NaN
PlantOperator       0.005     0.005     0.708     1.000     0.000     0.000     0.000     0.000     1.146     1.146     1.000       NaN
MetalMach.          0.004     0.004     0.806     1.000     0.000     0.000     0.000     0.000     1.116     1.116     1.000       NaN
MetalProc.          0.002     0.002     0.792     1.000     0.000     0.000     0.000     0.000     1.157     1.157     1.000       NaN
WoodMach.           0.002     0.002     0.941     1.000     0.000     0.000     0.000     0.000     1.448     1.448     1.000       NaN
TextileMach.        0.006     0.006     0.794     1.000     0.000     0.000     0.000     0.000     1.127     1.127     1.000       NaN
PrintMach.          0.004     0.004     0.908     1.000     0.000     0.000     0.000     0.000     1.134     1.134     1.000       NaN
OtherMach.          0.027     0.027     0.802     1.000     0.000     0.000     0.000     0.000     1.140     1.140     1.000       NaN
Fabricators         0.024     0.024     0.821     1.000     0.000     0.000     0.000     0.000     1.165     1.165     1.000       NaN
Prod.Inspectors     0.007     0.007     0.795     1.000     0.000     0.000     0.000     0.000     1.193     1.193     1.000       NaN
MotorVehicle        0.049     0.049     0.811     1.000     0.000     0.000     0.000     0.000     1.166     1.166     1.000       NaN
OtherVehicle        0.010     0.010     0.734     1.000     0.000     0.000     0.000     0.000     1.150     1.150     1.000       NaN
Freight             0.030     0.030     0.915     1.000     0.000     0.000     0.000     0.000     1.152     1.152     1.000       NaN
 
======================================
 YEAR = 2000
======================================
  Note: tauh* := (1+tauh)^eta - 1 
 
                       pY     pfitY         Z    TauHat      TauH     tauh*     TauW0     TauW1  wagegrth  wagegrWM ExpFactor     alpha
---------------------------------------------------------------------------------------------------------------------------------------
Home                0.145       NaN     1.000       NaN     0.000     0.000     0.000     0.000       NaN       NaN     1.000       NaN
Managers            0.077     0.077     0.856     1.000     0.000     0.000     0.000     0.000     1.282     1.282     1.000       NaN
MgmtRelated         0.041     0.041     0.962     1.000     0.000     0.000     0.000     0.000     1.335     1.335     1.000       NaN
Architects          0.002     0.002     1.132     1.000     0.000     0.000     0.000     0.000     1.349     1.349     1.000       NaN
Engineers           0.022     0.022     0.936     1.000     0.000     0.000     0.000     0.000     1.316     1.316     1.000       NaN
Math/CompSci        0.023     0.023     0.916     1.000     0.000     0.000     0.000     0.000     1.229     1.229     1.000       NaN
Science             0.006     0.006     1.412     1.000     0.000     0.000     0.000     0.000     1.548     1.548     1.000       NaN
Doctors             0.007     0.007     1.203     1.000     0.000     0.000     0.000     0.000     1.761     1.761     1.000       NaN
Nurses              0.004     0.004     0.986     1.000     0.000     0.000     0.000     0.000     1.357     1.357     1.000       NaN
Therapists          0.003     0.003     1.133     1.000     0.000     0.000     0.000     0.000     1.396     1.396     1.000       NaN
Professors          0.005     0.005     2.327     1.000     0.000     0.000     0.000     0.000     1.540     1.540     1.000       NaN
Teachers            0.020     0.020     1.444     1.000     0.000     0.000     0.000     0.000     1.351     1.351     1.000       NaN
Librarians          0.000     0.000     1.722     1.000     0.000     0.000     0.000     0.000     1.431     1.431     1.000       NaN
Soc.Scientists      0.002     0.002     1.268     1.000     0.000     0.000     0.000     0.000     1.510     1.510     1.000       NaN
SocialWork          0.006     0.006     1.468     1.000     0.000     0.000     0.000     0.000     1.250     1.250     1.000       NaN
Lawyers             0.008     0.008     1.193     1.000     0.000     0.000     0.000     0.000     1.525     1.525     1.000       NaN
Arts/Athletes       0.018     0.018     1.141     1.000     0.000     0.000     0.000     0.000     1.226     1.226     1.000       NaN
HealthTechs         0.006     0.006     1.071     1.000     0.000     0.000     0.000     0.000     1.295     1.295     1.000       NaN
Eng.Techs           0.010     0.010     0.989     1.000     0.000     0.000     0.000     0.000     1.242     1.242     1.000       NaN
ScienceTechs        0.001     0.001     1.018     1.000     0.000     0.000     0.000     0.000     1.251     1.251     1.000       NaN
OtherTechs          0.022     0.022     0.903     1.000     0.000     0.000     0.000     0.000     1.287     1.287     1.000       NaN
Sales               0.092     0.092     0.924     1.000     0.000     0.000     0.000     0.000     1.154     1.154     1.000       NaN
Secretaries         0.002     0.002     1.139     1.000     0.000     0.000     0.000     0.000     1.136     1.136     1.000       NaN
Info.Clerks         0.003     0.003     1.225     1.000     0.000     0.000     0.000     0.000     1.156     1.156     1.000       NaN
Records             0.002     0.002     1.229     1.000     0.000     0.000     0.000     0.000     1.179     1.179     1.000       NaN
FinancialClerk      0.003     0.003     1.138     1.000     0.000     0.000     0.000     0.000     1.251     1.251     1.000       NaN
OfficeMachine       0.001     0.001     0.983     1.000     0.000     0.000     0.000     0.000     1.070     1.070     1.000       NaN
ComputerTech        0.002     0.002     1.043     1.000     0.000     0.000     0.000     0.000     1.264     1.264     1.000       NaN
Mail                0.004     0.004     1.011     1.000     0.000     0.000     0.000     0.000     1.199     1.199     1.000       NaN
Clerks              0.020     0.020     1.064     1.000     0.000     0.000     0.000     0.000     1.080     1.080     1.000       NaN
Insurance           0.012     0.012     1.080     1.000     0.000     0.000     0.000     0.000     1.118     1.118     1.000       NaN
Misc.Admin          0.006     0.006     1.191     1.000     0.000     0.000     0.000     0.000     1.220     1.220     1.000       NaN
PrivateHshld        0.001     0.001     1.305     1.000     0.000     0.000     0.000     0.000     1.036     1.036     1.000       NaN
Firefighting        0.005     0.005     0.846     1.000     0.000     0.000     0.000     0.000     1.315     1.315     1.000       NaN
Police              0.021     0.021     0.917     1.000     0.000     0.000     0.000     0.000     1.285     1.285     1.000       NaN
Guards              0.005     0.005     1.136     1.000     0.000     0.000     0.000     0.000     1.158     1.158     1.000       NaN
FoodPrep            0.025     0.025     1.293     1.000     0.000     0.000     0.000     0.000     1.000     1.000     1.000       NaN
HealthService       0.003     0.003     1.321     1.000     0.000     0.000     0.000     0.000     1.158     1.158     1.000       NaN
Cleaning            0.011     0.011     1.112     1.000     0.000     0.000     0.000     0.000     1.075     1.075     1.000       NaN
PersonalService     0.006     0.006     1.219     1.000     0.000     0.000     0.000     0.000     1.087     1.087     1.000       NaN
FarmMgrs            0.005     0.005     1.122     1.000     0.000     0.000     0.000     0.000     1.308     1.308     1.000       NaN
FarmWork            0.005     0.005     1.127     1.000     0.000     0.000     0.000     0.000     1.046     1.046     1.000       NaN
Agriculture         0.012     0.012     1.103     1.000     0.000     0.000     0.000     0.000     0.982     0.982     1.000       NaN
Forest              0.002     0.002     1.034     1.000     0.000     0.000     0.000     0.000     1.122     1.122     1.000       NaN
Mechanics           0.037     0.037     0.921     1.000     0.000     0.000     0.000     0.000     1.090     1.090     1.000       NaN
Elec.Repairer       0.016     0.016     0.933     1.000     0.000     0.000     0.000     0.000     1.138     1.138     1.000       NaN
Misc.Repairer       0.010     0.010     0.948     1.000     0.000     0.000     0.000     0.000     1.103     1.103     1.000       NaN
Construction        0.095     0.095     0.928     1.000     0.000     0.000     0.000     0.000     1.068     1.068     1.000       NaN
Extractive          0.001     0.001     0.846     1.000     0.000     0.000     0.000     0.000     1.282     1.282     1.000       NaN
Supervisor(P)       0.012     0.012     0.865     1.000     0.000     0.000     0.000     0.000     1.177     1.177     1.000       NaN
MetalWork           0.008     0.008     0.886     1.000     0.000     0.000     0.000     0.000     1.076     1.076     1.000       NaN
WoodWork            0.001     0.001     1.037     1.000     0.000     0.000     0.000     0.000     1.043     1.043     1.000       NaN
Textiles            0.001     0.001     1.004     1.000     0.000     0.000     0.000     0.000     0.989     0.989     1.000       NaN
Other               0.002     0.002     1.104     1.000     0.000     0.000     0.000     0.000     1.107     1.107     1.000       NaN
Food                0.003     0.003     1.046     1.000     0.000     0.000     0.000     0.000     1.001     1.001     1.000       NaN
PlantOperator       0.002     0.002     0.858     1.000     0.000     0.000     0.000     0.000     1.181     1.181     1.000       NaN
MetalMach.          0.003     0.003     0.963     1.000     0.000     0.000     0.000     0.000     0.990     0.990     1.000       NaN
MetalProc.          0.001     0.001     0.933     1.000     0.000     0.000     0.000     0.000     1.009     1.009     1.000       NaN
WoodMach.           0.007     0.007     0.975     1.000     0.000     0.000     0.000     0.000     1.030     1.030     1.000       NaN
TextileMach.        0.004     0.004     0.941     1.000     0.000     0.000     0.000     0.000     1.022     1.022     1.000       NaN
PrintMach.          0.003     0.003     1.067     1.000     0.000     0.000     0.000     0.000     0.981     0.981     1.000       NaN
OtherMach.          0.020     0.020     0.956     1.000     0.000     0.000     0.000     0.000     1.058     1.058     1.000       NaN
Fabricators         0.019     0.019     0.962     1.000     0.000     0.000     0.000     0.000     1.053     1.053     1.000       NaN
Prod.Inspectors     0.006     0.006     0.966     1.000     0.000     0.000     0.000     0.000     1.154     1.154     1.000       NaN
MotorVehicle        0.045     0.045     0.954     1.000     0.000     0.000     0.000     0.000     1.043     1.043     1.000       NaN
OtherVehicle        0.008     0.008     0.863     1.000     0.000     0.000     0.000     0.000     1.155     1.155     1.000       NaN
Freight             0.020     0.020     1.079     1.000     0.000     0.000     0.000     0.000     1.022     1.022     1.000       NaN
 
======================================
 YEAR = 2010
======================================
  Note: tauh* := (1+tauh)^eta - 1 
 
                       pY     pfitY         Z    TauHat      TauH     tauh*     TauW0     TauW1  wagegrth  wagegrWM ExpFactor     alpha
---------------------------------------------------------------------------------------------------------------------------------------
Home                0.151       NaN     1.000       NaN     0.000     0.000     0.000       NaN     0.000     0.000     0.000       NaN
Managers            0.074     0.074     0.756     1.000     0.000     0.000     0.000       NaN     0.000     0.000     0.000       NaN
MgmtRelated         0.040     0.040     0.804     1.000     0.000     0.000     0.000       NaN     0.000     0.000     0.000       NaN
Architects          0.001     0.001     0.944     1.000     0.000     0.000     0.000       NaN     0.000     0.000     0.000       NaN
Engineers           0.018     0.018     0.753     1.000     0.000     0.000     0.000       NaN     0.000     0.000     0.000       NaN
Math/CompSci        0.024     0.024     0.783     1.000     0.000     0.000     0.000       NaN     0.000     0.000     0.000       NaN
Science             0.005     0.005     1.101     1.000     0.000     0.000     0.000       NaN     0.000     0.000     0.000       NaN
Doctors             0.006     0.006     0.990     1.000     0.000     0.000     0.000       NaN     0.000     0.000     0.000       NaN
Nurses              0.004     0.004     0.808     1.000     0.000     0.000     0.000       NaN     0.000     0.000     0.000       NaN
Therapists          0.003     0.003     0.981     1.000     0.000     0.000     0.000       NaN     0.000     0.000     0.000       NaN
Professors          0.007     0.007     2.093     1.000     0.000     0.000     0.000       NaN     0.000     0.000     0.000       NaN
Teachers            0.024     0.024     1.188     1.000     0.000     0.000     0.000       NaN     0.000     0.000     0.000       NaN
Librarians          0.000     0.000     1.598     1.000     0.000     0.000     0.000       NaN     0.000     0.000     0.000       NaN
Soc.Scientists      0.003     0.003     0.941     1.000     0.000     0.000     0.000       NaN     0.000     0.000     0.000       NaN
SocialWork          0.007     0.007     1.223     1.000     0.000     0.000     0.000       NaN     0.000     0.000     0.000       NaN
Lawyers             0.007     0.007     0.896     1.000     0.000     0.000     0.000       NaN     0.000     0.000     0.000       NaN
Arts/Athletes       0.018     0.018     0.989     1.000     0.000     0.000     0.000       NaN     0.000     0.000     0.000       NaN
HealthTechs         0.007     0.007     0.876     1.000     0.000     0.000     0.000       NaN     0.000     0.000     0.000       NaN
Eng.Techs           0.008     0.008     0.825     1.000     0.000     0.000     0.000       NaN     0.000     0.000     0.000       NaN
ScienceTechs        0.001     0.001     0.856     1.000     0.000     0.000     0.000       NaN     0.000     0.000     0.000       NaN
OtherTechs          0.020     0.020     0.745     1.000     0.000     0.000     0.000       NaN     0.000     0.000     0.000       NaN
Sales               0.089     0.089     0.860     1.000     0.000     0.000     0.000       NaN     0.000     0.000     0.000       NaN
Secretaries         0.002     0.002     1.067     1.000     0.000     0.000     0.000       NaN     0.000     0.000     0.000       NaN
Info.Clerks         0.003     0.003     1.099     1.000     0.000     0.000     0.000       NaN     0.000     0.000     0.000       NaN
Records             0.002     0.002     1.098     1.000     0.000     0.000     0.000       NaN     0.000     0.000     0.000       NaN
FinancialClerk      0.003     0.003     0.968     1.000     0.000     0.000     0.000       NaN     0.000     0.000     0.000       NaN
OfficeMachine       0.000     0.000     1.112     1.000     0.000     0.000     0.000       NaN     0.000     0.000     0.000       NaN
ComputerTech        0.001     0.001     0.939     1.000     0.000     0.000     0.000       NaN     0.000     0.000     0.000       NaN
Mail                0.003     0.003     0.865     1.000     0.000     0.000     0.000       NaN     0.000     0.000     0.000       NaN
Clerks              0.021     0.021     1.005     1.000     0.000     0.000     0.000       NaN     0.000     0.000     0.000       NaN
Insurance           0.015     0.015     0.986     1.000     0.000     0.000     0.000       NaN     0.000     0.000     0.000       NaN
Misc.Admin          0.007     0.007     1.053     1.000     0.000     0.000     0.000       NaN     0.000     0.000     0.000       NaN
PrivateHshld        0.001     0.001     1.196     1.000     0.000     0.000     0.000       NaN     0.000     0.000     0.000       NaN
Firefighting        0.006     0.006     0.681     1.000     0.000     0.000     0.000       NaN     0.000     0.000     0.000       NaN
Police              0.018     0.018     0.737     1.000     0.000     0.000     0.000       NaN     0.000     0.000     0.000       NaN
Guards              0.008     0.008     0.986     1.000     0.000     0.000     0.000       NaN     0.000     0.000     0.000       NaN
FoodPrep            0.044     0.044     1.240     1.000     0.000     0.000     0.000       NaN     0.000     0.000     0.000       NaN
HealthService       0.006     0.006     1.153     1.000     0.000     0.000     0.000       NaN     0.000     0.000     0.000       NaN
Cleaning            0.013     0.013     1.018     1.000     0.000     0.000     0.000       NaN     0.000     0.000     0.000       NaN
PersonalService     0.008     0.008     1.124     1.000     0.000     0.000     0.000       NaN     0.000     0.000     0.000       NaN
FarmMgrs            0.004     0.004     0.845     1.000     0.000     0.000     0.000       NaN     0.000     0.000     0.000       NaN
FarmWork            0.009     0.009     0.938     1.000     0.000     0.000     0.000       NaN     0.000     0.000     0.000       NaN
Agriculture         0.018     0.018     1.023     1.000     0.000     0.000     0.000       NaN     0.000     0.000     0.000       NaN
Forest              0.002     0.002     0.864     1.000     0.000     0.000     0.000       NaN     0.000     0.000     0.000       NaN
Mechanics           0.029     0.029     0.799     1.000     0.000     0.000     0.000       NaN     0.000     0.000     0.000       NaN
Elec.Repairer       0.015     0.015     0.809     1.000     0.000     0.000     0.000       NaN     0.000     0.000     0.000       NaN
Misc.Repairer       0.010     0.010     0.800     1.000     0.000     0.000     0.000       NaN     0.000     0.000     0.000       NaN
Construction        0.091     0.091     0.819     1.000     0.000     0.000     0.000       NaN     0.000     0.000     0.000       NaN
Extractive          0.004     0.004     0.625     1.000     0.000     0.000     0.000       NaN     0.000     0.000     0.000       NaN
Supervisor(P)       0.006     0.006     0.743     1.000     0.000     0.000     0.000       NaN     0.000     0.000     0.000       NaN
MetalWork           0.004     0.004     0.785     1.000     0.000     0.000     0.000       NaN     0.000     0.000     0.000       NaN
WoodWork            0.001     0.001     0.952     1.000     0.000     0.000     0.000       NaN     0.000     0.000     0.000       NaN
Textiles            0.000     0.000     1.009     1.000     0.000     0.000     0.000       NaN     0.000     0.000     0.000       NaN
Other               0.003     0.003     0.961     1.000     0.000     0.000     0.000       NaN     0.000     0.000     0.000       NaN
Food                0.004     0.004     0.972     1.000     0.000     0.000     0.000       NaN     0.000     0.000     0.000       NaN
PlantOperator       0.002     0.002     0.692     1.000     0.000     0.000     0.000       NaN     0.000     0.000     0.000       NaN
MetalMach.          0.002     0.002     0.836     1.000     0.000     0.000     0.000       NaN     0.000     0.000     0.000       NaN
MetalProc.          0.001     0.001     0.866     1.000     0.000     0.000     0.000       NaN     0.000     0.000     0.000       NaN
WoodMach.           0.004     0.004     0.856     1.000     0.000     0.000     0.000       NaN     0.000     0.000     0.000       NaN
TextileMach.        0.002     0.002     0.897     1.000     0.000     0.000     0.000       NaN     0.000     0.000     0.000       NaN
PrintMach.          0.002     0.002     0.991     1.000     0.000     0.000     0.000       NaN     0.000     0.000     0.000       NaN
OtherMach.          0.018     0.018     0.862     1.000     0.000     0.000     0.000       NaN     0.000     0.000     0.000       NaN
Fabricators         0.016     0.016     0.844     1.000     0.000     0.000     0.000       NaN     0.000     0.000     0.000       NaN
Prod.Inspectors     0.005     0.005     0.819     1.000     0.000     0.000     0.000       NaN     0.000     0.000     0.000       NaN
MotorVehicle        0.036     0.036     0.880     1.000     0.000     0.000     0.000       NaN     0.000     0.000     0.000       NaN
OtherVehicle        0.008     0.008     0.699     1.000     0.000     0.000     0.000       NaN     0.000     0.000     0.000       NaN
Freight             0.025     0.025     1.015     1.000     0.000     0.000     0.000       NaN     0.000     0.000     0.000       NaN
 
mg(g,t):
mg =

   6.5263e+16   7.0415e+16   2.8585e+16   3.8456e+16   1.2110e+17   4.9005e+16
            0            0            0            0            0            0
            0            0            0            0            0            0
            0            0            0            0            0            0

 
 
 
 
--------------------------------------------------------------------------------------------------
                          >>>>> White Women <<<<<
--------------------------------------------------------------------------------------------------
 
======================================
 YEAR = 1960
======================================
  Note: tauh* := (1+tauh)^eta - 1 
 
                       pY     pfitY         Z    TauHat      TauH     tauh*     TauW0     TauW1  wagegrth  wagegrWM ExpFactor     alpha
---------------------------------------------------------------------------------------------------------------------------------------
Home                0.739       NaN     1.000       NaN     0.000     0.000     0.000     0.000       NaN       NaN     1.000       NaN
Managers            0.007     0.007     0.893     3.045   221.572     0.745     0.427     0.407     1.498     1.446     1.119     0.500
MgmtRelated         0.003     0.003     0.935     2.470    79.539     0.572     0.364     0.306     1.466     1.344     1.164     0.500
Architects          0.000     0.000     1.229     3.647   533.208     0.910     0.476    -0.921     5.274     1.437     1.000     0.500
Engineers           0.000     0.000     0.760     4.101   944.017     1.025     0.506     0.497     1.389     1.364     1.091     0.500
Math/CompSci        0.000     0.000     0.915     2.019    29.318     0.421     0.296     0.421     1.139     1.385     1.000     0.500
Science             0.000     0.000     0.895     2.420    71.967     0.556     0.357     0.285     1.467     1.320     1.072     0.500
Doctors             0.000     0.000     1.499     3.509   442.379     0.873     0.466     0.421     2.177     2.008     1.109     0.500
Nurses              0.011     0.011     1.253     1.182     1.254     0.087     0.080    -0.006     1.480     1.353     1.023     0.500
Therapists          0.000     0.000     1.331     1.365     3.525     0.168     0.144     0.111     1.395     1.344     1.049     0.500
Professors          0.000     0.000     2.053     2.428    73.105     0.558     0.358     0.313     1.674     1.564     1.118     0.500
Teachers            0.017     0.017     1.296     1.328     2.962     0.152     0.132     0.054     1.524     1.398     1.090     0.500
Librarians          0.001     0.001     1.331     0.809    -0.642    -0.100    -0.112    -0.069     1.357     1.411     1.000     0.500
Soc.Scientists      0.000     0.000     1.070     1.789    15.860     0.338     0.252     0.412     1.245     1.584     1.000     0.500
SocialWork          0.001     0.001     1.312     1.441     4.896     0.201     0.167     0.132     1.400     1.343     1.025     0.500
Lawyers             0.000     0.000     1.588     4.632  1704.973     1.152     0.535     0.425     2.114     1.707     1.044     0.500
Arts/Athletes       0.004     0.004     0.943     1.791    15.933     0.338     0.253     0.330     1.189     1.326     1.000     0.500
HealthTechs         0.004     0.004     0.972     1.262     2.089     0.123     0.110     0.066     1.505     1.434     1.114     0.500
Eng.Techs           0.000     0.000     0.770     3.124   250.944     0.767     0.434     0.422     1.324     1.295     1.182     0.500
ScienceTechs        0.001     0.001     0.797     2.350    62.316     0.533     0.348     0.296     1.362     1.262     1.146     0.500
OtherTechs          0.000     0.000     0.959     3.244   301.663     0.801     0.445     0.297     1.928     1.523     1.149     0.500
Sales               0.020     0.020     1.128     2.850   160.536     0.688     0.408     0.414     1.361     1.374     1.138     0.500
Secretaries         0.041     0.041     0.867     0.619    -0.800    -0.153    -0.368    -0.380     1.156     1.306     1.032     0.654
Info.Clerks         0.003     0.003     0.901     1.295     2.513     0.138     0.121     0.019     1.388     1.244     1.126     0.500
Records             0.002     0.002     1.127     1.694    11.933     0.302     0.232     0.273     1.341     1.417     1.039     0.500
FinancialClerk      0.015     0.015     0.937     1.040     0.210     0.020     0.019     0.115     1.265     1.402     1.096     0.500
OfficeMachine       0.005     0.005     0.846     1.214     1.561     0.102     0.092     0.213     1.024     1.181     1.000     0.500
ComputerTech        0.007     0.007     0.820     0.909    -0.371    -0.047    -0.049     0.023     1.203     1.292     1.000     0.500
Mail                0.000     0.000     0.866     3.361   358.539     0.833     0.455     0.260     1.678     1.237     1.209     0.500
Clerks              0.001     0.001     0.869     2.792   145.056     0.671     0.402     0.246     1.625     1.290     1.183     0.500
Insurance           0.000     0.000     1.022     3.223   292.393     0.795     0.443     0.394     1.623     1.493     1.261     0.500
Misc.Admin          0.030     0.030     0.905     1.444     4.955     0.202     0.168     0.099     1.381     1.275     1.177     0.500
PrivateHshld        0.002     0.002     1.142     1.826    17.574     0.351     0.260     0.111     1.199     0.998     1.072     0.500
Firefighting        0.000       NaN       NaN       NaN       NaN       NaN       NaN     0.461       NaN     1.390     1.308       NaN
Police              0.000     0.000     0.701     3.084   235.648     0.756     0.431     0.427     1.374     1.367     1.120     0.500
Guards              0.000     0.000     0.706     4.616  1676.299     1.148     0.535     0.335     1.722     1.205     1.292     0.500
FoodPrep            0.016     0.016     1.168     1.584     8.336     0.259     0.206     0.154     1.329     1.248     1.068     0.500
HealthService       0.004     0.004     0.993     1.019     0.095     0.009     0.009    -0.079     1.504     1.380     1.181     0.500
Cleaning            0.000     0.000     0.924     2.460    78.081     0.569     0.362     0.391     1.241     1.300     1.060     0.500
PersonalService     0.008     0.008     1.075     1.797    16.224     0.341     0.254     0.262     1.232     1.246     1.088     0.500
FarmMgrs            0.000     0.000     1.477     5.527  4018.189     1.351     0.575     0.362     2.439     1.626     1.183     0.500
FarmWork            0.002     0.002     1.164     2.291    54.990     0.514     0.339     0.137     1.772     1.357     1.098     0.500
Agriculture         0.000     0.000     0.900     2.886   170.691     0.699     0.411     0.355     1.315     1.199     1.037     0.500
Forest              0.000       NaN       NaN       NaN       NaN       NaN       NaN     0.558       NaN     1.359     1.208       NaN
Mechanics           0.000     0.000     0.744     4.998  2465.672     1.236     0.553     0.409     1.728     1.309     1.205     0.500
Elec.Repairer       0.000     0.000     0.780     4.570  1596.422     1.138     0.532     0.439     1.464     1.221     1.137     0.500
Misc.Repairer       0.000     0.000     0.698     4.135   982.466     1.034     0.508     0.481     1.360     1.288     1.229     0.500
Construction        0.000     0.000     0.727     5.346  3419.740     1.312     0.568     0.437     1.564     1.202     1.187     0.500
Extractive          0.000     0.000     0.566     4.530  1530.035     1.128     0.530     0.503       NaN     1.188     1.217     0.500
Supervisor(P)       0.001     0.001     0.830     3.512   443.850     0.874     0.466     0.389     1.403     1.225     1.042     0.500
MetalWork           0.000     0.000     0.728     4.599  1647.203     1.145     0.534     0.450     1.464     1.240     1.185     0.500
WoodWork            0.000     0.000     0.815     4.884  2205.542     1.210     0.548     0.441       NaN     1.166     1.256     0.500
Textiles            0.008     0.008     0.912     1.188     1.309     0.090     0.083     0.163     1.173     1.285     1.000     0.500
Other               0.000     0.000     0.928     3.270   313.762     0.808     0.447     0.262     1.615     1.210     1.210     0.500
Food                0.000     0.000     0.844     3.700   572.143     0.924     0.480     0.337     1.587     1.244     1.228     0.500
PlantOperator       0.000     0.000     0.904     5.349  3430.033     1.313     0.568     0.372     1.518     1.045     1.000     0.500
MetalMach.          0.000     0.000     0.863     4.391  1315.045     1.095     0.523     0.352     1.565     1.153     1.244     0.500
MetalProc.          0.000     0.000     0.691     3.150   261.267     0.775     0.437     0.338     1.409     1.200     1.206     0.500
WoodMach.           0.000     0.000     0.571     2.081    34.058     0.442     0.307     0.323       NaN     1.244     1.243     0.500
TextileMach.        0.000     0.000     0.708     2.894   172.973     0.701     0.412     0.420     1.208     1.224     1.124     0.500
PrintMach.          0.004     0.004     0.934     1.487     5.865     0.219     0.180    -0.067     1.585     1.218     1.196     0.500
OtherMach.          0.026     0.026     0.819     2.044    31.162     0.430     0.301     0.297     1.244     1.237     1.097     0.500
Fabricators         0.005     0.005     0.743     1.880    20.405     0.371     0.271     0.249     1.209     1.175     1.112     0.500
Prod.Inspectors     0.004     0.004     0.838     1.790    15.872     0.338     0.253     0.287     1.181     1.239     1.068     0.500
MotorVehicle        0.000     0.000     0.780     5.071  2646.184     1.252     0.556     0.403     1.687     1.254     1.249     0.500
OtherVehicle        0.000     0.000     0.663     5.009  2493.842     1.238     0.553    -0.958     5.075     1.158     1.218     0.500
Freight             0.001     0.001     0.815     3.263   310.450     0.806     0.446     0.285     1.617     1.252     1.247     0.500
 
======================================
 YEAR = 1970
======================================
  Note: tauh* := (1+tauh)^eta - 1 
 
                       pY     pfitY         Z    TauHat      TauH     tauh*     TauW0     TauW1  wagegrth  wagegrWM ExpFactor     alpha
---------------------------------------------------------------------------------------------------------------------------------------
Home                0.656       NaN     1.000       NaN     0.000     0.000     0.000     0.000       NaN       NaN     1.000       NaN
Managers            0.016     0.016     0.809     2.425    33.299     0.439     0.407     0.375     1.268     1.204     1.175     0.589
MgmtRelated         0.004     0.004     0.890     2.309    96.455     0.603     0.306     0.191     1.295     1.111     1.271     0.436
Architects          0.000     0.000     0.953     2.2191300125.852     3.263    -0.921    -0.750     0.976     1.071     1.000    -0.819
Engineers           0.000     0.000     0.756     4.078  1064.966     1.050     0.497     0.430     1.238     1.092     1.304     0.489
Math/CompSci        0.001     0.001     0.779     2.119     6.256     0.226     0.421     0.352     1.259     1.124     1.122     0.728
Science             0.001     0.001     0.875     2.145    62.581     0.534     0.285     0.340     1.151     1.246     1.161     0.440
Doctors             0.001     0.001     1.035     2.411    24.343     0.395     0.421     0.530     1.153     1.420     1.000     0.622
Nurses              0.012     0.012     1.083     0.991    -0.027    -0.003    -0.006    -0.164     1.165     1.007     1.078     0.685
Therapists          0.001     0.001     1.031     1.181     0.604     0.050     0.111    -0.049     1.217     1.030     1.122     0.708
Professors          0.002     0.002     1.740     1.841     8.778     0.265     0.313     0.255     1.190     1.097     1.098     0.615
Teachers            0.032     0.032     1.213     1.209     2.682     0.144     0.054    -0.012     1.122     1.048     1.092     0.293
Librarians          0.001     0.001     1.195     0.935    -0.005    -0.001    -0.069    -0.091     1.064     1.043     1.064     0.992
Soc.Scientists      0.001     0.001     0.960     1.876     1.577     0.102     0.412     0.365     1.232     1.141     1.153     0.845
SocialWork          0.003     0.003     1.112     1.268     1.540     0.101     0.132    -0.010     1.138     0.978     1.082     0.596
Lawyers             0.000     0.000     1.003     2.614    51.492     0.504     0.425     0.521     0.960     1.153     1.180     0.575
Arts/Athletes       0.004     0.004     0.894     1.938    11.557     0.298     0.330     0.318     1.012     0.993     1.155     0.606
HealthTechs         0.005     0.005     0.965     1.120     0.562     0.047     0.066    -0.111     1.201     1.010     1.162     0.596
Eng.Techs           0.001     0.001     0.771     2.901   151.388     0.678     0.422     0.356     1.218     1.094     1.251     0.514
ScienceTechs        0.000     0.000     0.881     2.177    61.895     0.532     0.296     0.291     1.163     1.154     1.170     0.452
OtherTechs          0.001     0.001     0.723     2.002    26.514     0.407     0.297     0.321     1.049     1.086     1.192     0.508
Sales               0.023     0.023     1.027     2.664    75.174     0.563     0.414     0.316     1.213     1.040     1.148     0.545
Secretaries         0.058     0.058     0.868     0.614    -0.800    -0.153    -0.380    -0.856     1.227     1.120     1.225     0.660
Info.Clerks         0.005     0.005     0.916     1.308    10.227     0.283     0.019    -0.022     1.166     1.118     1.231     0.073
Records             0.004     0.004     0.963     1.692     6.496     0.231     0.273    -0.103     1.232     0.813     1.333     0.605
FinancialClerk      0.020     0.020     0.909     1.144     0.123     0.012     0.115    -0.029     1.228     1.056     1.256     0.911
OfficeMachine       0.001     0.001     0.912     1.583     7.430     0.246     0.213    -0.038     1.397     1.059     1.255     0.522
ComputerTech        0.005     0.005     0.846     1.462    30.799     0.428     0.023     0.156     1.076     1.245     1.009     0.061
Mail                0.001     0.001     0.754     1.967    37.063     0.455     0.260     0.139     1.370     1.177     1.192     0.446
Clerks              0.003     0.003     0.814     2.284   194.931     0.722     0.246     0.117     1.299     1.110     1.272     0.342
Insurance           0.002     0.002     0.929     2.096     9.161     0.270     0.394     0.180     1.387     1.025     1.317     0.677
Misc.Admin          0.031     0.031     0.909     1.277     2.919     0.151     0.099    -0.019     1.215     1.075     1.208     0.425
PrivateHshld        0.004     0.004     1.062     1.516    17.085     0.347     0.111    -0.277     1.189     0.828     1.175     0.283
Firefighting        0.000     0.000     0.521     3.443   403.373     0.856     0.461     0.607     0.783     1.075     1.019     0.500
Police              0.000     0.000     0.713     3.452   746.387     0.977     0.427     0.369     1.176     1.067     1.187     0.450
Guards              0.000     0.000     1.000     3.570  4441.966     1.375     0.335     0.063     1.379     0.979     1.280     0.320
FoodPrep            0.015     0.015     1.130     1.589    16.713     0.345     0.154    -0.134     1.173     0.875     1.113     0.361
HealthService       0.007     0.007     1.061     0.931     0.042     0.004    -0.079    -0.191     1.207     1.094     1.171     1.059
Cleaning            0.001     0.001     0.902     2.814   184.904     0.713     0.391     0.227     1.282     1.009     1.259     0.480
PersonalService     0.016     0.016     0.974     1.631     5.017     0.203     0.262     0.097     1.164     0.951     1.184     0.622
FarmMgrs            0.001     0.001     0.926     3.082   707.550     0.966     0.362     0.479     0.898     1.100     1.247     0.399
FarmWork            0.001     0.001     1.177     2.714  3865.839     1.342     0.137    -0.143     1.577     1.190     1.222     0.148
Agriculture         0.000     0.000     0.874     2.762   273.122     0.783     0.355     0.201     1.196     0.966     1.228     0.431
Forest              0.000     0.000     0.851     5.129  2795.213     1.265     0.558     0.469     1.312     1.092     1.384     0.500
Mechanics           0.000     0.000     0.615     3.570  1398.269     1.109     0.409     0.474     0.951     1.069     1.112     0.414
Elec.Repairer       0.000     0.000     0.670     3.408   539.814     0.912     0.439     0.257     1.426     1.077     1.266     0.471
Misc.Repairer       0.001     0.001     0.823     4.193  1903.480     1.177     0.481     0.380     1.292     1.082     1.152     0.457
Construction        0.001     0.001     0.618     3.523   769.649     0.983     0.437     0.507     0.942     1.074     1.086     0.456
Extractive          0.000     0.000     0.684     4.051   889.381     1.013     0.503     0.461     1.302     1.200     1.200     0.500
Supervisor(P)       0.002     0.002     0.751     3.208   689.134     0.961     0.389     0.317     1.245     1.115     1.234     0.422
MetalWork           0.000     0.000     0.635     3.205   245.861     0.764     0.450     0.512     0.934     1.054     1.183     0.513
WoodWork            0.000     0.000     0.906     3.195   280.081     0.787     0.441     0.144     1.351     0.882     1.208     0.500
Textiles            0.001     0.001     0.824     1.885    82.942     0.578     0.163    -0.080     1.142     0.885     1.219     0.280
Other               0.000     0.000     0.837     2.353   212.108     0.737     0.262     0.141     1.085     0.932     1.168     0.355
Food                0.000     0.000     0.909     3.456  3125.159     1.291     0.337     0.227     1.228     1.053     1.267     0.332
PlantOperator       0.000     0.000     0.744     4.614 30649.308     1.898     0.372     0.330     1.202     1.127     1.286     0.304
MetalMach.          0.002     0.002     0.771     2.618   167.490     0.696     0.352     0.251     1.235     1.067     1.192     0.451
MetalProc.          0.000     0.000     0.706     2.647   228.867     0.751     0.338     0.199     1.308     1.080     1.320     0.425
WoodMach.           0.000     0.000     0.744     2.179    42.871     0.476     0.323     0.228     1.155     1.013     1.202     0.500
TextileMach.        0.001     0.001     0.775     2.823   118.630     0.637     0.420     0.293     1.195     0.980     1.262     0.525
PrintMach.          0.016     0.016     0.865     1.186     8.825     0.265    -0.067    -0.244     1.117     0.958     1.173    -0.382
OtherMach.          0.018     0.018     0.825     2.111    45.429     0.485     0.297     0.263     1.132     1.081     1.076     0.471
Fabricators         0.007     0.007     0.769     1.922    34.271     0.443     0.249     0.188     1.141     1.054     1.149     0.438
Prod.Inspectors     0.005     0.005     0.855     1.881    16.219     0.341     0.287     0.246     1.162     1.099     1.142     0.536
MotorVehicle        0.001     0.001     0.656     3.043   329.199     0.817     0.403     0.476     0.977     1.113     1.298     0.463
OtherVehicle        0.000     0.000     0.676     3.732243285958.351     6.308    -0.958    -1.281     1.342     1.152     1.243    -0.510
Freight             0.003     0.003     0.862     2.637   470.595     0.885     0.285     0.045     1.438     1.077     1.321     0.346
 
======================================
 YEAR = 1980
======================================
  Note: tauh* := (1+tauh)^eta - 1 
 
                       pY     pfitY         Z    TauHat      TauH     tauh*     TauW0     TauW1  wagegrth  wagegrWM ExpFactor     alpha
---------------------------------------------------------------------------------------------------------------------------------------
Home                0.461       NaN     1.000       NaN     0.000     0.000     0.000     0.000       NaN       NaN     1.000       NaN
Managers            0.034     0.034     0.839     1.844     2.960     0.152     0.375     0.326     1.547     1.434     1.073     0.768
MgmtRelated         0.026     0.026     0.891     1.507     5.814     0.219     0.191     0.153     1.406     1.342     1.081     0.518
Architects          0.000     0.000     1.057     2.105314735.148     2.684    -0.750    -0.551     1.281     1.445     1.010    -0.752
Engineers           0.001     0.001     0.765     2.527    33.717     0.441     0.430     0.344     1.516     1.318     1.087     0.606
Math/CompSci        0.002     0.002     0.771     1.527    -0.095    -0.010     0.352     0.271     1.461     1.298     1.059     1.024
Science             0.001     0.001     0.991     1.625     0.978     0.073     0.340     0.315     1.402     1.351     1.005     0.855
Doctors             0.002     0.002     1.141     2.477     3.361     0.164     0.530     0.497     1.900     1.791     1.054     0.833
Nurses              0.023     0.023     1.087     0.829    -0.295    -0.035    -0.164    -0.230     1.443     1.366     1.026     0.808
Therapists          0.004     0.004     0.919     1.029     1.111     0.080    -0.049    -0.163     1.571     1.418     1.068    -1.683
Professors          0.003     0.003     1.745     1.350     0.060     0.006     0.255     0.272     1.470     1.505     1.036     0.980
Teachers            0.051     0.051     1.228     1.038     0.608     0.050    -0.012    -0.059     1.441     1.377     1.071    -0.321
Librarians          0.002     0.002     1.244     0.821    -0.656    -0.104    -0.091    -0.038     1.306     1.373     1.024     0.441
Soc.Scientists      0.002     0.002     1.082     1.435    -0.598    -0.089     0.365     0.236     1.527     1.366     1.070     1.260
SocialWork          0.006     0.006     1.132     1.083     1.387     0.094    -0.010    -0.036     1.324     1.291     1.021    -0.128
Lawyers             0.002     0.002     1.108     1.871    -0.653    -0.103     0.521     0.387     1.926     1.722     1.048     1.174
Arts/Athletes       0.009     0.009     0.979     1.393    -0.389    -0.049     0.318     0.302     1.331     1.331     1.046     1.153
HealthTechs         0.014     0.014     0.963     0.879    -0.202    -0.023    -0.111    -0.085     1.301     1.332     1.017     0.820
Eng.Techs           0.003     0.003     0.792     2.064    14.820     0.329     0.356     0.274     1.426     1.265     1.045     0.608
ScienceTechs        0.001     0.001     0.829     1.646     3.494     0.167     0.291     0.240     1.384     1.292     1.000     0.689
OtherTechs          0.006     0.006     0.882     1.581     1.000     0.074     0.321     0.282     1.395     1.321     1.028     0.844
Sales               0.043     0.043     0.941     1.919    13.119     0.313     0.316     0.303     1.307     1.285     1.035     0.582
Secretaries         0.067     0.067     0.965     0.456    -0.800    -0.153    -0.856    -1.047     1.243     1.202     1.011     0.789
Info.Clerks         0.009     0.009     1.039     1.010     0.366     0.033    -0.022    -0.068     1.210     1.158     1.052    -2.251
Records             0.009     0.009     0.886     0.994     1.446     0.096    -0.103    -0.129     1.283     1.253     1.087    17.521
FinancialClerk      0.027     0.027     0.968     0.892    -0.565    -0.082    -0.029    -0.165     1.281     1.131     1.085     0.249
OfficeMachine       0.000     0.000     0.922     1.197     7.217     0.242    -0.038    -0.008     1.132     1.166     1.012    -0.207
ComputerTech        0.008     0.008     0.827     1.297     1.406     0.095     0.156     0.093     1.276     1.188     1.037     0.652
Mail                0.002     0.002     0.707     1.666    32.353     0.435     0.139     0.031     1.287     1.144     1.085     0.292
Clerks              0.008     0.008     0.793     1.583    24.725     0.397     0.117     0.080     1.242     1.191     1.083     0.271
Insurance           0.006     0.006     0.922     1.215    -0.037    -0.004     0.180     0.128     1.335     1.255     1.120     1.020
Misc.Admin          0.034     0.034     0.978     0.972    -0.088    -0.009    -0.019     0.054     1.183     1.274     1.048     0.661
PrivateHshld        0.003     0.003     1.067     1.194    59.054     0.525    -0.277    -0.466     1.321     1.150     1.127    -1.375
Firefighting        0.000     0.000     0.676     3.420    16.516     0.343     0.607     0.600     1.362     1.336     1.053     0.760
Police              0.001     0.001     0.710     2.381    50.894     0.502     0.369     0.272     1.447     1.254     1.146     0.531
Guards              0.001     0.001     0.829     1.851   208.873     0.734     0.063    -0.028     1.243     1.133     1.055     0.105
FoodPrep            0.021     0.021     1.147     1.287    38.320     0.460    -0.134    -0.223     1.225     1.136     1.065    -0.498
HealthService       0.014     0.014     1.088     0.889     0.747     0.059    -0.191    -0.100     1.225     1.326     1.050     1.490
Cleaning            0.003     0.003     0.906     2.130   125.145     0.646     0.227     0.165     1.221     1.130     1.127     0.341
PersonalService     0.018     0.018     1.126     1.117     0.080     0.008     0.097     0.114     1.100     1.120     1.056     0.928
FarmMgrs            0.001     0.001     1.201     3.420   269.002     0.780     0.479     0.355     1.343     1.084     1.130     0.531
FarmWork            0.002     0.002     0.956     2.091  4741.135     1.391    -0.143    -0.257     1.258     1.145     1.060    -0.182
Agriculture         0.001     0.001     0.982     2.140   182.716     0.711     0.201     0.122     1.224     1.115     1.036     0.294
Forest              0.000     0.000     0.753     2.681    29.618     0.423     0.469     0.368     1.313     1.102     1.057     0.643
Mechanics           0.001     0.001     0.657     3.300   209.243     0.735     0.474     0.239     1.679     1.160     1.137     0.539
Elec.Repairer       0.001     0.001     0.604     2.224   130.659     0.653     0.257     0.165     1.296     1.153     1.055     0.371
Misc.Repairer       0.001     0.001     0.771     3.134   629.089     0.942     0.380     0.322     1.205     1.102     1.028     0.419
Construction        0.002     0.002     0.756     3.827   477.766     0.888     0.507     0.409     1.338     1.118     1.084     0.526
Extractive          0.000     0.000     0.595     3.357   316.326     0.810     0.461     0.382     1.298     1.132     1.057     0.510
Supervisor(P)       0.004     0.004     0.754     2.446   143.744     0.669     0.317     0.254     1.352     1.237     1.064     0.427
MetalWork           0.001     0.001     0.722     3.144    62.466     0.533     0.512     0.461     1.294     1.171     1.027     0.627
WoodWork            0.000     0.000     0.917     2.252   585.889     0.928     0.144     0.225     1.046     1.156     1.049     0.191
Textiles            0.001     0.001     0.897     1.489    99.818     0.608    -0.080    -0.120     1.173     1.131     1.094    -0.194
Other               0.001     0.001     0.842     1.818    74.943     0.562     0.141     0.125     1.239     1.216     1.079     0.254
Food                0.001     0.001     0.833     2.502   606.227     0.935     0.227     0.068     1.270     1.054     1.149     0.280
PlantOperator       0.000     0.000     0.618     2.527   165.776     0.694     0.330     0.315     1.246     1.219     1.037     0.432
MetalMach.          0.002     0.002     0.737     2.201   127.642     0.649     0.251     0.236     1.158     1.135     1.052     0.366
MetalProc.          0.001     0.001     0.750     1.973    84.496     0.581     0.199     0.255     1.121     1.205     1.000     0.326
WoodMach.           0.000     0.000     0.840     2.108   112.683     0.628     0.228     0.144     1.176     1.061     1.072     0.346
TextileMach.        0.002     0.002     0.812     1.943    20.877     0.374     0.293     0.217     1.297     1.172     1.052     0.522
PrintMach.          0.012     0.012     0.876     1.022     9.247     0.271    -0.244    -0.116     1.096     1.222     1.000   -10.242
OtherMach.          0.011     0.011     0.794     2.048    53.259     0.509     0.263     0.222     1.225     1.160     1.046     0.426
Fabricators         0.011     0.011     0.782     1.874    58.283     0.523     0.188     0.123     1.218     1.128     1.037     0.331
Prod.Inspectors     0.005     0.005     0.806     1.704    10.348     0.284     0.246     0.246     1.196     1.195     1.026     0.531
MotorVehicle        0.003     0.003     0.780     2.912    59.673     0.526     0.476     0.366     1.303     1.078     1.109     0.604
OtherVehicle        0.001     0.001     0.732     3.370398267229.794     6.688    -1.281    -1.656     1.337     1.149     1.000    -0.679
Freight             0.009     0.009     0.829     1.952   421.771     0.864     0.045     0.003     1.154     1.105     1.072     0.069
 
======================================
 YEAR = 1990
======================================
  Note: tauh* := (1+tauh)^eta - 1 
 
                       pY     pfitY         Z    TauHat      TauH     tauh*     TauW0     TauW1  wagegrth  wagegrWM ExpFactor     alpha
---------------------------------------------------------------------------------------------------------------------------------------
Home                0.347       NaN     1.000       NaN     0.000     0.000     0.000     0.000       NaN       NaN     1.000       NaN
Managers            0.058     0.058     0.752     1.455    -0.165    -0.018     0.326     0.342     1.433     1.469     1.000     1.050
MgmtRelated         0.046     0.046     0.827     1.209     0.271     0.025     0.153     0.200     1.266     1.340     1.016     0.870
Architects          0.001     0.001     0.823     1.604  6969.407     1.488    -0.551    -0.414     1.239     1.360     1.000    -0.930
Engineers           0.004     0.004     0.676     1.811     4.338     0.188     0.344     0.386     1.197     1.279     1.000     0.710
Math/CompSci        0.006     0.006     0.710     1.326    -0.274    -0.032     0.271     0.270     1.178     1.178     1.000     1.117
Science             0.002     0.002     0.893     1.303    -0.666    -0.107     0.315     0.295     1.376     1.426     1.000     1.426
Doctors             0.003     0.003     1.004     1.684    -0.800    -0.153     0.497     0.376     1.648     1.778     1.001     1.318
Nurses              0.028     0.028     0.793     0.709    -0.736    -0.128    -0.230    -0.213     1.226     1.243     1.000     0.601
Therapists          0.006     0.006     0.806     0.800    -0.507    -0.070    -0.163    -0.101     1.259     1.329     1.000     0.674
Professors          0.003     0.003     1.876     1.243    -0.624    -0.096     0.272     0.231     1.507     1.440     1.034     1.464
Teachers            0.037     0.037     1.101     0.916    -0.259    -0.030    -0.059    -0.073     1.254     1.238     1.076     0.651
Librarians          0.001     0.001     1.243     0.888    -0.546    -0.078    -0.038    -0.129     1.400     1.286     1.124     0.313
Soc.Scientists      0.003     0.003     0.952     1.108    -0.800    -0.153     0.236     0.154     1.334     1.389     1.000     2.612
SocialWork          0.006     0.006     1.060     0.990     0.284     0.026    -0.036    -0.007     1.216     1.251     1.013     3.657
Lawyers             0.005     0.005     0.892     1.381    -0.800    -0.153     0.387     0.312     1.290     1.391     1.000     1.513
Arts/Athletes       0.014     0.014     0.874     1.214    -0.800    -0.153     0.302     0.259     1.226     1.311     1.000     1.856
HealthTechs         0.018     0.018     0.854     0.829    -0.640    -0.100    -0.085    -0.034     1.233     1.295     1.000     0.438
Eng.Techs           0.004     0.004     0.741     1.741     8.692     0.264     0.274     0.275     1.189     1.191     1.049     0.578
ScienceTechs        0.001     0.001     0.761     1.395     0.759     0.060     0.240     0.174     1.323     1.216     1.021     0.825
OtherTechs          0.011     0.011     0.757     1.340    -0.316    -0.038     0.282     0.378     1.370     1.580     1.000     1.134
Sales               0.070     0.070     0.846     1.611     2.056     0.122     0.303     0.323     1.231     1.266     1.010     0.759
Secretaries         0.055     0.055     0.913     0.414    -0.800    -0.153    -1.047    -0.891     1.193     1.291     1.000     0.812
Info.Clerks         0.014     0.014     1.007     0.876    -0.475    -0.064    -0.068    -0.085     1.207     1.188     1.030     0.498
Records             0.006     0.006     0.905     0.898     0.145     0.014    -0.129    -0.197     1.125     1.061     1.073     1.130
FinancialClerk      0.026     0.026     0.923     0.733    -0.783    -0.146    -0.165    -0.248     1.295     1.208     1.088     0.493
OfficeMachine       0.000     0.000     0.907     1.200     5.325     0.209    -0.008    -0.070     1.642     1.547     1.014    -0.042
ComputerTech        0.008     0.008     0.849     1.189     1.070     0.078     0.093     0.106     1.144     1.160     1.013     0.567
Mail                0.004     0.004     0.682     1.253     5.556     0.214     0.031     0.050     1.084     1.105     1.029     0.140
Clerks              0.013     0.013     0.801     1.326     5.932     0.221     0.080     0.102     1.146     1.175     1.024     0.294
Insurance           0.014     0.014     0.882     0.976    -0.790    -0.148     0.128     0.137     1.191     1.239     1.005    -5.715
Misc.Admin          0.036     0.036     0.981     0.925    -0.725    -0.125     0.054    -0.011     1.272     1.190     1.067    -0.709
PrivateHshld        0.005     0.005     1.108     1.002    40.698     0.468    -0.466    -0.946     1.334     1.005     1.191  -215.409
Firefighting        0.000     0.000     0.648     2.678     0.965     0.072     0.600     0.572     1.356     1.267     1.007     0.929
Police              0.002     0.002     0.668     1.812    13.658     0.319     0.272     0.226     1.313     1.235     1.054     0.535
Guards              0.002     0.002     0.805     1.555    94.188     0.599    -0.028    -0.145     1.296     1.164     1.126    -0.063
FoodPrep            0.029     0.029     1.104     1.203    41.367     0.471    -0.223    -0.243     1.230     1.210     1.077    -1.087
HealthService       0.017     0.017     1.041     0.838    -0.543    -0.077    -0.100    -0.280     1.307     1.124     1.112     0.543
Cleaning            0.005     0.005     0.984     1.929   101.871     0.612     0.165     0.083     1.248     1.137     1.070     0.274
PersonalService     0.021     0.021     1.194     1.064    -0.436    -0.057     0.114     0.144     1.312     1.359     1.000     1.954
FarmMgrs            0.001     0.001     1.167     2.807   317.559     0.811     0.355     0.238     1.430     1.211     1.052     0.425
FarmWork            0.001     0.001     0.955     1.891  4464.024     1.376    -0.257    -0.531     1.354     1.112     1.159    -0.358
Agriculture         0.002     0.002     0.953     1.964   197.075     0.724     0.122     0.046     1.288     1.186     1.000     0.193
Forest              0.000     0.000     0.735     2.215    25.208     0.400     0.368     0.318     1.275     1.182     1.099     0.577
Mechanics           0.001     0.001     0.662     2.727  1194.756     1.075     0.239     0.215     1.243     1.206     1.058     0.272
Elec.Repairer       0.001     0.001     0.641     1.979   130.846     0.653     0.165     0.156     1.176     1.164     1.029     0.264
Misc.Repairer       0.001     0.001     0.728     2.368    98.244     0.606     0.322     0.308     1.176     1.152     1.000     0.451
Construction        0.003     0.003     0.726     3.042   293.714     0.796     0.409     0.393     1.200     1.167     1.057     0.474
Extractive          0.000     0.000     0.580     2.827   224.862     0.748     0.382     0.475     0.969     1.140     1.133     0.463
Supervisor(P)       0.003     0.003     0.695     1.977    42.434     0.475     0.254     0.220     1.224     1.170     1.061     0.430
MetalWork           0.001     0.001     0.753     2.957    90.952     0.593     0.461     0.443     1.181     1.142     1.039     0.570
WoodWork            0.000     0.000     0.910     2.435   473.422     0.886     0.225     0.180     1.223     1.155     1.000     0.287
Textiles            0.001     0.001     0.947     1.465   122.222     0.642    -0.120    -0.200     1.222     1.141     1.079    -0.297
Other               0.002     0.002     0.825     1.552    18.418     0.357     0.125    -0.149     1.510     1.150     1.277     0.304
Food                0.002     0.002     0.880     1.808   158.080     0.686     0.068    -0.029     1.212     1.098     1.113     0.118
PlantOperator       0.000     0.000     0.604     2.209    54.673     0.513     0.315     0.325     1.130     1.146     1.000     0.478
MetalMach.          0.001     0.001     0.806     2.054    78.399     0.569     0.236     0.146     1.248     1.116     1.108     0.374
MetalProc.          0.000     0.000     0.808     2.132    88.912     0.589     0.255     0.215     1.219     1.157     1.077     0.388
WoodMach.           0.000     0.000     0.838     1.878    99.589     0.608     0.144     0.074     1.566     1.448     1.198     0.246
TextileMach.        0.003     0.003     0.796     1.724    17.381     0.350     0.217     0.220     1.122     1.127     1.000     0.450
PrintMach.          0.009     0.009     0.947     1.168    12.024     0.303    -0.116    -0.163     1.182     1.134     1.000    -0.706
OtherMach.          0.009     0.009     0.816     1.816    27.694     0.413     0.222     0.147     1.250     1.140     1.073     0.420
Fabricators         0.010     0.010     0.829     1.733    57.021     0.519     0.123     0.081     1.221     1.165     1.036     0.239
Prod.Inspectors     0.004     0.004     0.832     1.584     4.634     0.195     0.246     0.237     1.207     1.193     1.002     0.613
MotorVehicle        0.005     0.005     0.798     2.383    53.824     0.510     0.366     0.344     1.207     1.166     1.094     0.525
OtherVehicle        0.000     0.000     0.672     2.813301991221.156     6.472    -1.656    -1.647     1.146     1.150     1.005    -0.945
Freight             0.009     0.009     0.883     1.736   204.790     0.731     0.003    -0.019     1.177     1.152     1.058     0.005
 
======================================
 YEAR = 2000
======================================
  Note: tauh* := (1+tauh)^eta - 1 
 
                       pY     pfitY         Z    TauHat      TauH     tauh*     TauW0     TauW1  wagegrth  wagegrWM ExpFactor     alpha
---------------------------------------------------------------------------------------------------------------------------------------
Home                0.337       NaN     1.000       NaN     0.000     0.000     0.000     0.000       NaN       NaN     1.036       NaN
Managers            0.058     0.058     0.878     1.371    -0.634    -0.098     0.342     0.332     1.301     1.282     1.000     1.328
MgmtRelated         0.055     0.055     0.987     1.184    -0.406    -0.052     0.200     0.239     1.270     1.335     1.000     1.318
Architects          0.001     0.001     1.078     1.486  1354.365     1.102    -0.414    -0.391     1.327     1.349     1.000    -0.874
Engineers           0.003     0.003     0.847     1.734     0.831     0.064     0.386     0.379     1.332     1.316     1.000     0.887
Math/CompSci        0.009     0.009     0.845     1.389     0.138     0.013     0.270     0.286     1.202     1.229     1.000     0.959
Science             0.004     0.004     1.262     1.202    -0.800    -0.153     0.295     0.208     1.506     1.548     1.000     1.900
Doctors             0.004     0.004     1.177     1.358    -0.800    -0.153     0.376     0.243     1.663     1.761     1.017     1.542
Nurses              0.024     0.024     0.973     0.760    -0.547    -0.078    -0.213    -0.159     1.296     1.357     1.000     0.703
Therapists          0.009     0.009     1.045     0.814    -0.653    -0.103    -0.101    -0.156     1.239     1.396     1.000     0.470
Professors          0.005     0.005     2.112     1.102    -0.800    -0.153     0.231     0.171     1.520     1.540     1.010     2.708
Teachers            0.060     0.060     1.371     0.871    -0.482    -0.065    -0.073    -0.022     1.274     1.351     1.012     0.509
Librarians          0.001     0.001     1.453     0.770    -0.744    -0.131    -0.129    -0.245     1.308     1.431     1.018     0.464
Soc.Scientists      0.003     0.003     1.157     1.002    -0.800    -0.153     0.154     0.098     1.411     1.510     1.000    82.762
SocialWork          0.010     0.010     1.280     0.910    -0.567    -0.083    -0.007     0.012     1.225     1.250     1.000     0.080
Lawyers             0.005     0.005     1.104     1.232    -0.800    -0.153     0.312     0.283     1.409     1.525     1.000     1.794
Arts/Athletes       0.015     0.015     1.038     1.143    -0.800    -0.153     0.259     0.263     1.123     1.226     1.000     2.237
HealthTechs         0.015     0.015     1.009     0.902    -0.490    -0.067    -0.034     0.012     1.237     1.295     1.038     0.325
Eng.Techs           0.003     0.003     0.945     1.633     4.144     0.184     0.275     0.290     1.217     1.242     1.000     0.656
ScienceTechs        0.001     0.001     0.920     1.290     0.862     0.066     0.174     0.206     1.202     1.251     1.000     0.749
OtherTechs          0.012     0.012     0.957     1.566    -0.221    -0.025     0.378     0.423     1.194     1.287     1.000     1.057
Sales               0.070     0.070     1.016     1.495     0.124     0.012     0.323     0.359     1.092     1.154     1.000     0.970
Secretaries         0.038     0.038     1.148     0.586     1.729     0.109    -0.891    -0.901     1.142     1.136     1.013     1.194
Info.Clerks         0.015     0.015     1.239     0.810    -0.717    -0.122    -0.085    -0.068     1.117     1.156     1.000     0.384
Records             0.004     0.004     1.171     0.912     1.357     0.092    -0.197    -0.293     1.273     1.179     1.107     1.963
FinancialClerk      0.022     0.022     1.114     0.715    -0.669    -0.108    -0.248    -0.188     1.190     1.251     1.025     0.661
OfficeMachine       0.001     0.001     0.959     1.164     7.404     0.245    -0.070    -0.166     1.167     1.070     1.000    -0.443
ComputerTech        0.002     0.002     1.140     1.297     3.189     0.159     0.106     0.198     1.134     1.264     1.008     0.433
Mail                0.002     0.002     0.971     1.349    10.160     0.282     0.050     0.032     1.222     1.199     1.000     0.171
Clerks              0.012     0.012     1.012     1.308     3.770     0.175     0.102     0.063     1.126     1.080     1.036     0.400
Insurance           0.028     0.028     1.056     0.982    -0.800    -0.153     0.137     0.121     1.104     1.118     1.004    -7.890
Misc.Admin          0.024     0.024     1.196     0.865    -0.727    -0.125    -0.011    -0.008     1.201     1.220     1.023     0.075
PrivateHshld        0.006     0.006     1.393     0.815    86.432     0.585    -0.946    -1.065     1.100     1.036     1.064     3.246
Firefighting        0.000     0.000     0.797     2.484     0.822     0.064     0.572     0.549     1.385     1.315     1.000     0.932
Police              0.004     0.004     0.860     1.757    18.749     0.360     0.226     0.250     1.246     1.285     1.019     0.455
Guards              0.001     0.001     1.018     1.477   163.527     0.692    -0.145    -0.112     1.125     1.158     1.023    -0.347
FoodPrep            0.028     0.028     1.319     1.234    62.553     0.534    -0.243    -0.235     0.995     1.000     1.017    -1.032
HealthService       0.022     0.022     1.249     0.693    -0.687    -0.113    -0.280    -0.211     1.078     1.158     1.009     0.674
Cleaning            0.003     0.003     1.202     1.835   155.222     0.683     0.083     0.074     1.086     1.075     1.087     0.143
PersonalService     0.028     0.028     1.393     1.004    -0.771    -0.141     0.144     0.072     1.111     1.087     1.000    38.730
FarmMgrs            0.001     0.001     1.213     2.301   231.452     0.753     0.238     0.279     1.237     1.308     1.046     0.326
FarmWork            0.001     0.001     1.108     1.670  9060.063     1.556    -0.531    -0.488     1.016     1.046     1.000    -0.831
Agriculture         0.002     0.002     1.095     1.926   365.597     0.837     0.046    -0.013     1.044     0.982     1.002     0.073
Forest              0.000     0.000     1.003     2.411   123.763     0.644     0.318     0.282     1.181     1.122     1.142     0.435
Mechanics           0.001     0.001     0.837     2.645  1198.380     1.076     0.215     0.151     1.180     1.090     1.000     0.249
Elec.Repairer       0.001     0.001     0.834     2.113   273.247     0.783     0.156     0.151     1.145     1.138     1.000     0.227
Misc.Repairer       0.001     0.001     0.929     2.439   159.810     0.688     0.308     0.325     1.076     1.103     1.000     0.413
Construction        0.003     0.003     0.932     3.082   437.255     0.871     0.393     0.362     1.121     1.068     1.000     0.443
Extractive          0.000     0.000     0.945     4.050  1526.467     1.128     0.475     0.365     1.549     1.282     1.179     0.460
Supervisor(P)       0.003     0.003     0.865     1.804    26.527     0.407     0.220     0.232     1.160     1.177     1.000     0.421
MetalWork           0.000     0.000     0.950     2.836    83.698     0.580     0.443     0.475     1.015     1.076     1.000     0.561
WoodWork            0.000     0.000     1.190     2.662  1955.873     1.183     0.180    -0.063     1.352     1.043     1.000     0.203
Textiles            0.000     0.000     1.086     1.560   438.950     0.872    -0.200    -0.282     1.056     0.989     1.083    -0.410
Other               0.005     0.005     1.092     0.996     2.682     0.144    -0.149    -0.282     1.235     1.107     1.048    32.612
Food                0.002     0.002     1.071     1.510    71.353     0.554    -0.029    -0.105     1.075     1.001     1.089    -0.070
PlantOperator       0.000     0.000     0.764     2.175    40.946     0.469     0.325     0.410     1.031     1.181     1.000     0.505
MetalMach.          0.001     0.001     0.987     1.820    71.646     0.555     0.146     0.134     1.004     0.990     1.000     0.263
MetalProc.          0.000     0.000     1.016     2.120   139.673     0.664     0.215     0.182     1.051     1.009     1.027     0.322
WoodMach.           0.002     0.002     0.982     1.735    98.979     0.607     0.074     0.070     1.034     1.030     1.000     0.139
TextileMach.        0.001     0.001     1.031     1.916    48.144     0.494     0.220     0.204     1.044     1.022     1.000     0.383
PrintMach.          0.004     0.004     1.132     1.247    35.903     0.450    -0.163    -0.195     1.007     0.981     1.060    -0.686
OtherMach.          0.007     0.007     1.026     1.737    44.427     0.482     0.147     0.173     1.025     1.058     1.000     0.288
Fabricators         0.006     0.006     1.012     1.723    85.240     0.583     0.081     0.104     1.028     1.053     1.000     0.156
Prod.Inspectors     0.004     0.004     1.028     1.505     2.845     0.149     0.237     0.284     1.083     1.154     1.000     0.661
MotorVehicle        0.005     0.005     1.030     2.405    82.762     0.578     0.344     0.316     1.088     1.043     1.027     0.480
OtherVehicle        0.000     0.000     0.798     2.716207604476.829     6.189    -1.647    -1.806     1.224     1.155     1.000    -0.974
Freight             0.006     0.006     1.117     1.777   316.839     0.810    -0.019    -0.034     1.038     1.022     1.057    -0.032
 
======================================
 YEAR = 2010
======================================
  Note: tauh* := (1+tauh)^eta - 1 
 
                       pY     pfitY         Z    TauHat      TauH     tauh*     TauW0     TauW1  wagegrth  wagegrWM ExpFactor     alpha
---------------------------------------------------------------------------------------------------------------------------------------
Home                0.309       NaN     1.000       NaN     0.000     0.000     0.000       NaN     0.000     0.000     0.000       NaN
Managers            0.059     0.059     0.760     1.276    -0.788    -0.148     0.332       NaN     0.000     0.000     0.000     1.655
MgmtRelated         0.047     0.047     0.812     1.166    -0.685    -0.112     0.239       NaN     0.000     0.000     0.000     1.775
Architects          0.001     0.001     0.863     1.237   193.644     0.721    -0.391       NaN     0.000     0.000     0.000    -1.550
Engineers           0.003     0.003     0.680     1.630     0.129     0.013     0.379       NaN     0.000     0.000     0.000     0.974
Math/CompSci        0.007     0.007     0.722     1.441     0.318     0.029     0.286       NaN     0.000     0.000     0.000     0.922
Science             0.005     0.005     0.980     1.070    -0.800    -0.153     0.208       NaN     0.000     0.000     0.000     3.440
Doctors             0.006     0.006     0.943     1.118    -0.800    -0.153     0.243       NaN     0.000     0.000     0.000     2.481
Nurses              0.033     0.033     0.815     0.733    -0.796    -0.151    -0.159       NaN     0.000     0.000     0.000     0.474
Therapists          0.012     0.012     0.893     0.733    -0.800    -0.153    -0.156       NaN     0.000     0.000     0.000     0.467
Professors          0.007     0.007     1.846     1.022    -0.800    -0.153     0.171       NaN     0.000     0.000     0.000     8.604
Teachers            0.077     0.077     1.122     0.829    -0.800    -0.153    -0.022       NaN     0.000     0.000     0.000     0.114
Librarians          0.001     0.001     1.313     0.680    -0.800    -0.153    -0.245       NaN     0.000     0.000     0.000     0.570
Soc.Scientists      0.005     0.005     0.877     0.940    -0.800    -0.153     0.098       NaN     0.000     0.000     0.000    -1.661
SocialWork          0.012     0.012     1.054     0.865    -0.783    -0.146     0.012       NaN     0.000     0.000     0.000    -0.085
Lawyers             0.006     0.006     0.858     1.181    -0.800    -0.153     0.283       NaN     0.000     0.000     0.000     1.995
Arts/Athletes       0.015     0.015     0.931     1.150    -0.800    -0.153     0.263       NaN     0.000     0.000     0.000     2.190
HealthTechs         0.018     0.018     0.814     0.860    -0.795    -0.151     0.012       NaN     0.000     0.000     0.000    -0.082
Eng.Techs           0.002     0.002     0.798     1.548     1.501     0.099     0.290       NaN     0.000     0.000     0.000     0.784
ScienceTechs        0.001     0.001     0.796     1.265     0.045     0.005     0.206       NaN     0.000     0.000     0.000     0.981
OtherTechs          0.009     0.009     0.837     1.720    -0.071    -0.008     0.423       NaN     0.000     0.000     0.000     1.014
Sales               0.070     0.070     0.924     1.393    -0.667    -0.107     0.359       NaN     0.000     0.000     0.000     1.341
Secretaries         0.030     0.030     1.033     0.612     3.349     0.163    -0.901       NaN     0.000     0.000     0.000     1.309
Info.Clerks         0.015     0.015     1.067     0.793    -0.800    -0.153    -0.068       NaN     0.000     0.000     0.000     0.285
Records             0.005     0.005     1.015     0.864     1.925     0.117    -0.293       NaN     0.000     0.000     0.000     1.756
FinancialClerk      0.014     0.014     0.936     0.776    -0.548    -0.078    -0.188       NaN     0.000     0.000     0.000     0.678
OfficeMachine       0.000     0.000     0.957     0.913     0.843     0.065    -0.166       NaN     0.000     0.000     0.000     1.696
ComputerTech        0.001     0.001     0.950     1.201    -0.308    -0.037     0.198       NaN     0.000     0.000     0.000     1.207
Mail                0.001     0.001     0.823     1.436    23.442     0.390     0.032       NaN     0.000     0.000     0.000     0.090
Clerks              0.011     0.011     0.890     1.208     2.316     0.131     0.063       NaN     0.000     0.000     0.000     0.347
Insurance           0.027     0.027     0.932     0.964    -0.800    -0.153     0.121       NaN     0.000     0.000     0.000    -3.571
Misc.Admin          0.022     0.022     1.007     0.841    -0.800    -0.153    -0.008       NaN     0.000     0.000     0.000     0.046
PrivateHshld        0.008     0.008     1.199     0.722    47.222     0.491    -1.065       NaN     0.000     0.000     0.000     2.225
Firefighting        0.000     0.000     0.635     2.383     1.010     0.075     0.549       NaN     0.000     0.000     0.000     0.917
Police              0.004     0.004     0.701     1.656     7.212     0.242     0.250       NaN     0.000     0.000     0.000     0.570
Guards              0.002     0.002     0.865     1.416    81.102     0.575    -0.112       NaN     0.000     0.000     0.000    -0.305
FoodPrep            0.042     0.042     1.186     1.146    28.230     0.416    -0.235       NaN     0.000     0.000     0.000    -1.551
HealthService       0.035     0.035     1.087     0.699    -0.800    -0.153    -0.211       NaN     0.000     0.000     0.000     0.536
Cleaning            0.004     0.004     1.118     1.783   129.324     0.651     0.074       NaN     0.000     0.000     0.000     0.132
PersonalService     0.030     0.030     1.174     0.913    -0.800    -0.153     0.072       NaN     0.000     0.000     0.000    -0.811
FarmMgrs            0.001     0.001     1.005     2.496   297.729     0.799     0.279       NaN     0.000     0.000     0.000     0.358
FarmWork            0.002     0.002     0.943     1.723  9332.391     1.564    -0.488       NaN     0.000     0.000     0.000    -0.730
Agriculture         0.003     0.003     0.961     1.729   231.085     0.753    -0.013       NaN     0.000     0.000     0.000    -0.024
Forest              0.000     0.000     0.734     1.902    19.624     0.366     0.282       NaN     0.000     0.000     0.000     0.515
Mechanics           0.001     0.001     0.735     2.626  2408.978     1.230     0.151       NaN     0.000     0.000     0.000     0.169
Elec.Repairer       0.001     0.001     0.754     2.289   630.225     0.943     0.151       NaN     0.000     0.000     0.000     0.198
Misc.Repairer       0.001     0.001     0.835     2.619   249.704     0.766     0.325       NaN     0.000     0.000     0.000     0.409
Construction        0.002     0.002     0.800     3.139   842.360     1.002     0.362       NaN     0.000     0.000     0.000     0.393
Extractive          0.000     0.000     0.681     3.956  7625.160     1.511     0.365       NaN     0.000     0.000     0.000     0.331
Supervisor(P)       0.001     0.001     0.747     1.810    23.626     0.391     0.232       NaN     0.000     0.000     0.000     0.444
MetalWork           0.000     0.000     0.861     3.042    93.950     0.598     0.475       NaN     0.000     0.000     0.000     0.578
WoodWork            0.000     0.000     0.975     2.361  7600.209     1.510    -0.063       NaN     0.000     0.000     0.000    -0.072
Textiles            0.000     0.000     1.071     1.381   254.401     0.770    -0.282       NaN     0.000     0.000     0.000    -0.769
Other               0.008     0.008     0.916     0.864     1.699     0.108    -0.282       NaN     0.000     0.000     0.000     1.699
Food                0.002     0.002     0.983     1.431    84.627     0.581    -0.105       NaN     0.000     0.000     0.000    -0.279
PlantOperator       0.000     0.000     0.557     1.969     3.257     0.161     0.410       NaN     0.000     0.000     0.000     0.780
MetalMach.          0.000     0.000     0.920     2.192   506.763     0.900     0.134       NaN     0.000     0.000     0.000     0.183
MetalProc.          0.000     0.000     0.963     2.270   404.573     0.856     0.182       NaN     0.000     0.000     0.000     0.245
WoodMach.           0.001     0.001     0.937     2.171   920.334     1.020     0.070       NaN     0.000     0.000     0.000     0.093
TextileMach.        0.000     0.000     0.912     1.763    25.878     0.404     0.204       NaN     0.000     0.000     0.000     0.402
PrintMach.          0.002     0.002     1.047     1.244    45.847     0.486    -0.195       NaN     0.000     0.000     0.000    -0.814
OtherMach.          0.005     0.005     0.927     1.848    60.081     0.527     0.173       NaN     0.000     0.000     0.000     0.310
Fabricators         0.003     0.003     0.919     1.986   268.481     0.780     0.104       NaN     0.000     0.000     0.000     0.160
Prod.Inspectors     0.002     0.002     0.854     1.556     1.871     0.115     0.284       NaN     0.000     0.000     0.000     0.754
MotorVehicle        0.003     0.003     0.926     2.365   106.313     0.619     0.316       NaN     0.000     0.000     0.000     0.440
OtherVehicle        0.000     0.000     0.678     2.902697469231.139     7.145    -1.806       NaN     0.000     0.000     0.000    -0.968
Freight             0.005     0.005     1.035     1.812   445.478     0.875    -0.034       NaN     0.000     0.000     0.000    -0.057
 
mg(g,t):
mg =

   6.5263e+16   7.0415e+16   2.8585e+16   3.8456e+16   1.2110e+17   4.9005e+16
   7.6265e+15   1.0536e+16   5.7993e+15   1.1258e+16   5.2114e+16   2.3891e+16
            0            0            0            0            0            0
            0            0            0            0            0            0

 
 
 
 
--------------------------------------------------------------------------------------------------
                          >>>>> Black Men <<<<<
--------------------------------------------------------------------------------------------------
 
======================================
 YEAR = 1960
======================================
  Note: tauh* := (1+tauh)^eta - 1 
 
                       pY     pfitY         Z    TauHat      TauH     tauh*     TauW0     TauW1  wagegrth  wagegrWM ExpFactor     alpha
---------------------------------------------------------------------------------------------------------------------------------------
Home                0.202       NaN     1.000       NaN     0.000     0.000     0.000     0.000       NaN       NaN     1.000       NaN
Managers            0.009     0.009     1.137     2.793   145.411     0.671     0.402     0.167     2.014     1.446     1.137     0.500
MgmtRelated         0.004     0.004     1.084     2.112    36.705     0.453     0.312     0.235     1.495     1.344     1.148     0.500
Architects          0.000       NaN       NaN       NaN       NaN       NaN       NaN     0.208       NaN     1.437     1.308       NaN
Engineers           0.001     0.001     0.984     2.597   101.723     0.611     0.379     0.308     1.520     1.364     1.192     0.500
Math/CompSci        0.000     0.000     1.153     2.059    32.340     0.435     0.303    -0.069     2.124     1.385     1.032     0.500
Science             0.001     0.001     1.215     1.971    25.958     0.404     0.288     0.221     1.443     1.320     1.093     0.500
Doctors             0.001     0.001     1.625     2.065    32.764     0.437     0.304     0.260     2.136     2.008     1.131     0.500
Nurses              0.001     0.001     1.661     2.048    31.419     0.431     0.301     0.265     1.422     1.353     1.027     0.500
Therapists          0.000     0.000     1.680     1.271     2.199     0.127     0.113    -0.052     1.594     1.344     1.072     0.500
Professors          0.000     0.000     2.317     1.951    24.645     0.397     0.284     0.394     1.324     1.564     1.092     0.500
Teachers            0.014     0.014     1.667     1.392     3.987     0.180     0.153     0.119     1.454     1.398     1.023     0.500
Librarians          0.000       NaN       NaN       NaN       NaN       NaN       NaN     0.122       NaN     1.411     1.308       NaN
Soc.Scientists      0.000     0.000     1.782     3.208   285.762     0.791     0.442     0.101     2.551     1.584     1.163     0.500
SocialWork          0.004     0.004     1.720     1.143     0.914     0.069     0.065    -0.044     1.499     1.343     1.071     0.500
Lawyers             0.001     0.001     2.105     3.101   242.214     0.761     0.432     0.126     2.628     1.707     1.000     0.500
Arts/Athletes       0.005     0.005     1.241     1.751    14.175     0.323     0.244     0.103     1.574     1.326     1.000     0.500
HealthTechs         0.002     0.002     1.084     1.214     1.563     0.102     0.092    -0.038     1.640     1.434     1.131     0.500
Eng.Techs           0.002     0.002     0.874     1.769    14.942     0.330     0.248     0.275     1.249     1.295     1.137     0.500
ScienceTechs        0.001     0.001     0.975     1.902    21.692     0.379     0.275     0.232     1.336     1.262     1.169     0.500
OtherTechs          0.001     0.001     1.103     1.818    17.204     0.348     0.258     0.211     1.620     1.523     1.006     0.500
Sales               0.012     0.012     1.120     2.304    56.533     0.518     0.341     0.249     1.566     1.374     1.089     0.500
Secretaries         0.002     0.002     1.113     1.407     4.244     0.186     0.157    -0.070     1.658     1.306     1.000     0.500
Info.Clerks         0.000     0.000     1.069     1.840    18.301     0.356     0.263    -0.466     2.473     1.244     1.233     0.500
Records             0.002     0.002     1.370     1.656    10.558     0.287     0.223     0.126     1.594     1.417     1.000     0.500
FinancialClerk      0.001     0.001     0.967     1.587     8.419     0.260     0.206     0.181     1.446     1.402     1.159     0.500
OfficeMachine       0.001     0.001     1.058     1.777    15.314     0.333     0.250    -0.061     1.244     1.181     1.257     0.500
ComputerTech        0.000     0.000     0.963     1.912    22.231     0.383     0.277    -0.167     2.085     1.292     1.181     0.500
Mail                0.020     0.020     0.887     0.849    -0.548    -0.078    -0.085    -0.114     1.270     1.237     1.000     0.500
Clerks              0.020     0.020     1.028     1.236     1.800     0.112     0.101     0.045     1.370     1.290     1.000     0.500
Insurance           0.000     0.000     1.374     3.603   502.700     0.898     0.473     0.333     1.665     1.493     1.245     0.500
Misc.Admin          0.015     0.015     1.008     1.433     4.727     0.197     0.165     0.124     1.337     1.275     1.144     0.500
PrivateHshld        0.004     0.004     1.012     0.991    -0.042    -0.004    -0.004    -0.288     1.280     0.998     1.136     0.500
Firefighting        0.001     0.001     0.779     1.469     5.471     0.212     0.175    -0.070     1.803     1.390     1.000     0.500
Police              0.005     0.005     0.832     1.234     1.780     0.111     0.100     0.178     1.248     1.367     1.000     0.500
Guards              0.003     0.003     0.876     1.054     0.291     0.027     0.026    -0.030     1.274     1.205     1.089     0.500
FoodPrep            0.025     0.025     1.137     0.995    -0.024    -0.003    -0.003    -0.053     1.311     1.248     1.000     0.500
HealthService       0.011     0.011     1.031     0.621    -0.800    -0.153    -0.365    -0.263     1.277     1.380     1.000     0.652
Cleaning            0.029     0.029     1.098     0.728    -0.785    -0.147    -0.172    -0.171     1.298     1.300     1.000     0.500
PersonalService     0.036     0.036     1.223     1.041     0.218     0.021     0.020    -0.155     1.468     1.246     1.000     0.500
FarmMgrs            0.015     0.015     2.552     3.406   382.237     0.845     0.458     0.375     1.876     1.626     1.000     0.500
FarmWork            0.043     0.043     1.703     1.285     2.379     0.134     0.118    -0.025     1.577     1.357     1.006     0.500
Agriculture         0.006     0.006     1.214     1.228     1.711     0.108     0.098    -0.004     1.334     1.199     1.000     0.500
Forest              0.008     0.008     1.614     1.544     7.232     0.242     0.195    -0.016     1.715     1.359     1.000     0.500
Mechanics           0.014     0.014     1.012     1.578     8.147     0.256     0.204     0.130     1.430     1.309     1.049     0.500
Elec.Repairer       0.003     0.003     1.113     2.558    94.457     0.599     0.375     0.127     1.705     1.221     1.133     0.500
Misc.Repairer       0.016     0.016     1.009     1.699    12.087     0.303     0.233     0.138     1.447     1.288     1.142     0.500
Construction        0.030     0.030     1.017     1.761    14.583     0.327     0.246     0.070     1.483     1.202     1.131     0.500
Extractive          0.002     0.002     1.092     2.453    76.998     0.566     0.362    -0.034     1.925     1.188     1.139     0.500
Supervisor(P)       0.004     0.004     0.929     2.156    40.666     0.468     0.319     0.129     1.567     1.225     1.144     0.500
MetalWork           0.006     0.006     0.857     1.792    15.997     0.339     0.253     0.184     1.356     1.240     1.074     0.500
WoodWork            0.000     0.000     0.962     2.024    29.679     0.423     0.297     0.201     1.324     1.166     1.218     0.500
Textiles            0.003     0.003     0.897     1.131     0.821     0.064     0.060     0.098     1.233     1.285     1.000     0.500
Other               0.002     0.002     0.900     1.461     5.306     0.209     0.173     0.156     1.235     1.210     1.000     0.500
Food                0.004     0.004     1.007     1.550     7.397     0.245     0.197     0.035     1.495     1.244     1.090     0.500
PlantOperator       0.001     0.001     0.981     2.365    64.336     0.538     0.350     0.114     1.423     1.045     1.251     0.500
MetalMach.          0.004     0.004     0.834     1.397     4.062     0.182     0.154     0.067     1.272     1.153     1.073     0.500
MetalProc.          0.003     0.003     0.805     0.891    -0.428    -0.056    -0.059    -0.029     1.166     1.200     1.000     0.500
WoodMach.           0.003     0.003     1.224     1.351     3.309     0.162     0.140     0.052     1.370     1.244     1.000     0.500
TextileMach.        0.002     0.002     0.897     1.828    17.686     0.352     0.260    -0.002     1.658     1.224     1.083     0.500
PrintMach.          0.010     0.010     1.120     1.070     0.392     0.035     0.033    -0.139     1.435     1.218     1.000     0.500
OtherMach.          0.113     0.113     0.933     1.211     1.532     0.100     0.091     0.002     1.359     1.237     1.065     0.500
Fabricators         0.012     0.012     0.786     1.192     1.347     0.092     0.084     0.010     1.270     1.175     1.118     0.500
Prod.Inspectors     0.002     0.002     0.854     1.543     7.217     0.242     0.195     0.255     1.147     1.239     1.138     0.500
MotorVehicle        0.090     0.090     1.088     1.411     4.313     0.188     0.158    -0.038     1.546     1.254     1.033     0.500
OtherVehicle        0.008     0.008     0.900     1.613     9.197     0.270     0.213    -0.054     1.551     1.158     1.143     0.500
Freight             0.160     0.160     1.035     0.981    -0.089    -0.010    -0.010    -0.044     1.294     1.252     1.000     0.500
 
======================================
 YEAR = 1970
======================================
  Note: tauh* := (1+tauh)^eta - 1 
 
                       pY     pfitY         Z    TauHat      TauH     tauh*     TauW0     TauW1  wagegrth  wagegrWM ExpFactor     alpha
---------------------------------------------------------------------------------------------------------------------------------------
Home                0.187       NaN     1.000       NaN     0.000     0.000     0.000     0.000       NaN       NaN     1.105       NaN
Managers            0.031     0.031     0.886     1.671    23.923     0.393     0.167     0.129     1.259     1.204     1.048     0.355
MgmtRelated         0.005     0.005     0.944     1.698    11.690     0.299     0.235     0.086     1.327     1.111     1.220     0.506
Architects          0.000     0.000     1.217     1.596     8.662     0.263     0.208     0.304     0.941     1.071     1.030     0.500
Engineers           0.003     0.003     0.933     1.982    20.334     0.371     0.308     0.234     1.209     1.092     1.194     0.539
Math/CompSci        0.001     0.001     0.931     1.700   328.798     0.817    -0.069    -0.178     1.238     1.124     1.181    -0.125
Science             0.002     0.002     1.043     1.392     1.197     0.084     0.221     0.266     1.173     1.246     1.000     0.755
Doctors             0.001     0.001     1.519     2.343   207.943     0.734     0.260    -0.148     2.203     1.420     1.104     0.354
Nurses              0.001     0.001     1.283     1.563     2.844     0.149     0.265    -0.056     1.447     1.007     1.074     0.690
Therapists          0.001     0.001     1.257     1.049     1.613     0.104    -0.052    -0.031     1.010     1.030     1.000    -1.062
Professors          0.002     0.002     1.780     1.516    -0.563    -0.082     0.394     0.324     1.224     1.097     1.156     1.205
Teachers            0.018     0.018     1.397     1.231     1.206     0.085     0.119     0.144     1.018     1.048     1.000     0.608
Librarians          0.000     0.000     1.558     1.298     2.553     0.140     0.122     0.200     0.861     1.043     1.000     0.500
Soc.Scientists      0.001     0.001     1.140     1.572    27.795     0.414     0.101     0.096     1.146     1.141     1.037     0.235
SocialWork          0.007     0.007     1.335     0.959     0.013     0.001    -0.044    -0.064     0.996     0.978     1.000     1.033
Lawyers             0.001     0.001     2.265     4.275361591.945     2.737     0.126    -0.464     1.930     1.153     1.105     0.093
Arts/Athletes       0.005     0.005     1.013     1.546    22.787     0.386     0.103     0.073     1.027     0.993     1.008     0.251
HealthTechs         0.003     0.003     1.186     1.223     9.175     0.270    -0.038    -0.232     1.198     1.010     1.064    -0.187
Eng.Techs           0.006     0.006     0.886     1.667     5.310     0.209     0.275     0.241     1.146     1.094     1.137     0.629
ScienceTechs        0.001     0.001     0.861     1.115    -0.779    -0.144     0.232     0.225     1.066     1.154     1.057     2.426
OtherTechs          0.003     0.003     0.854     1.559     6.452     0.230     0.211     0.169     1.143     1.086     1.132     0.534
Sales               0.023     0.023     1.004     1.886    28.241     0.416     0.249     0.206     1.099     1.040     1.006     0.452
Secretaries         0.003     0.003     1.012     1.168     7.748     0.250    -0.070     0.073     0.970     1.120     1.000    -0.439
Info.Clerks         0.001     0.001     0.879     1.323   620.411     0.940    -0.466    -0.484     1.132     1.118     1.215    -1.364
Records             0.006     0.006     0.972     1.172     0.264     0.024     0.126    -0.052     0.978     0.813     1.135     0.848
FinancialClerk      0.003     0.003     1.021     1.561     9.825     0.278     0.181     0.088     1.175     1.056     1.148     0.449
OfficeMachine       0.003     0.003     0.911     0.799    -0.800    -0.153    -0.061    -0.327     1.324     1.059     1.000     0.263
ComputerTech        0.003     0.003     0.866     1.194    24.020     0.393    -0.167    -0.044     1.114     1.245     1.000    -0.873
Mail                0.014     0.014     0.842     0.835    -0.507    -0.070    -0.114    -0.101     1.163     1.177     1.000     0.596
Clerks              0.022     0.022     0.900     1.119     0.919     0.069     0.045    -0.021     1.186     1.110     1.029     0.405
Insurance           0.002     0.002     0.775     1.271    -0.800    -0.153     0.333     0.212     1.211     1.025     1.229     1.692
Misc.Admin          0.016     0.016     0.936     1.135    -0.053    -0.006     0.124     0.154     1.038     1.075     1.000     1.044
PrivateHshld        0.011     0.011     1.023     0.802     0.371     0.033    -0.288    -0.607     1.033     0.828     1.000     1.147
Firefighting        0.002     0.002     0.695     1.278    19.902     0.368    -0.070    -0.209     1.215     1.075     1.002    -0.275
Police              0.007     0.007     0.765     1.245     0.253     0.023     0.178     0.007     1.289     1.067     1.151     0.894
Guards              0.005     0.005     0.864     0.932    -0.330    -0.040    -0.030    -0.025     0.975     0.979     1.095     0.417
FoodPrep            0.015     0.015     1.089     1.120     3.973     0.180    -0.053    -0.278     1.062     0.875     1.000    -0.460
HealthService       0.005     0.005     1.096     0.789    -0.041    -0.004    -0.263    -0.284     1.112     1.094     1.105     0.982
Cleaning            0.029     0.029     0.967     0.886     0.426     0.037    -0.171    -0.181     1.019     1.009     1.000     1.302
PersonalService     0.022     0.022     0.978     1.107     9.797     0.278    -0.155    -0.212     0.999     0.951     1.000    -1.421
FarmMgrs            0.004     0.004     2.128     4.201 11746.602     1.625     0.375     0.040     1.690     1.100     1.000     0.327
FarmWork            0.019     0.019     1.451     1.316    17.324     0.349    -0.025    -0.126     1.306     1.190     1.000    -0.092
Agriculture         0.007     0.007     0.989     1.086     1.310     0.090    -0.004    -0.119     1.076     0.966     1.000    -0.051
Forest              0.005     0.005     1.305     1.349    20.421     0.371    -0.016    -0.012     1.088     1.092     1.000    -0.054
Mechanics           0.022     0.022     0.861     1.441     7.948     0.253     0.130     0.054     1.163     1.069     1.060     0.382
Elec.Repairer       0.008     0.008     0.943     1.729    53.573     0.510     0.127    -0.062     1.309     1.077     1.073     0.248
Misc.Repairer       0.023     0.023     0.886     1.356     3.543     0.169     0.138     0.043     1.202     1.082     1.000     0.489
Construction        0.058     0.058     0.925     1.492    23.107     0.388     0.070     0.020     1.132     1.074     1.000     0.181
Extractive          0.001     0.001     0.878     1.874   617.276     0.939    -0.034    -0.213     1.407     1.200     1.180    -0.054
Supervisor(P)       0.012     0.012     0.827     1.612    25.973     0.404     0.129    -0.018     1.303     1.115     1.142     0.289
MetalWork           0.007     0.007     0.878     1.705    23.756     0.392     0.184    -0.001     1.292     1.054     1.119     0.380
WoodWork            0.001     0.001     0.925     1.415     2.278     0.130     0.201     0.057     1.042     0.882     1.079     0.648
Textiles            0.003     0.003     0.933     1.206     1.263     0.088     0.098    -0.009     0.991     0.885     1.000     0.552
Other               0.000     0.000     0.962     1.950   125.901     0.647     0.156    -0.287     1.420     0.932     1.283     0.253
Food                0.009     0.009     0.863     1.131     1.332     0.091     0.035     0.008     1.082     1.053     1.000     0.290
PlantOperator       0.001     0.001     0.853     1.539    19.235     0.363     0.114    -0.045     1.330     1.127     1.148     0.281
MetalMach.          0.013     0.013     0.820     1.225     2.671     0.143     0.067     0.011     1.131     1.067     1.017     0.341
MetalProc.          0.003     0.003     0.765     1.032     0.789     0.062    -0.029    -0.004     1.054     1.080     1.000    -0.927
WoodMach.           0.002     0.002     1.022     1.200     2.500     0.138     0.052    -0.023     1.093     1.013     1.024     0.294
TextileMach.        0.004     0.004     0.812     1.408    27.270     0.411    -0.002    -0.102     1.078     0.980     1.076    -0.005
PrintMach.          0.016     0.016     0.965     1.010     2.895     0.150    -0.139    -0.142     0.961     0.958     1.000   -12.598
OtherMach.          0.102     0.102     0.840     1.026     0.266     0.025     0.002    -0.037     1.123     1.081     1.012     0.069
Fabricators         0.030     0.030     0.821     1.073     0.793     0.062     0.010    -0.019     1.085     1.054     1.024     0.147
Prod.Inspectors     0.009     0.009     0.864     1.198    -0.668    -0.107     0.255     0.060     1.386     1.099     1.052     1.628
MotorVehicle        0.071     0.071     0.896     1.184     6.414     0.229    -0.038    -0.111     1.191     1.113     1.047    -0.220
OtherVehicle        0.018     0.018     0.807     1.165     6.345     0.228    -0.054    -0.046     1.142     1.152     1.000    -0.348
Freight             0.079     0.079     0.969     0.995     0.440     0.038    -0.044    -0.104     1.139     1.077     1.000     8.383
 
======================================
 YEAR = 1980
======================================
  Note: tauh* := (1+tauh)^eta - 1 
 
                       pY     pfitY         Z    TauHat      TauH     tauh*     TauW0     TauW1  wagegrth  wagegrWM ExpFactor     alpha
---------------------------------------------------------------------------------------------------------------------------------------
Home                0.253       NaN     1.000       NaN     0.000     0.000     0.000     0.000       NaN       NaN     1.013       NaN
Managers            0.032     0.032     0.826     1.579    21.218     0.376     0.129     0.151     1.396     1.434     1.009     0.301
MgmtRelated         0.021     0.021     0.892     1.371     7.940     0.253     0.086     0.095     1.328     1.342     1.024     0.286
Architects          0.000     0.000     1.102     1.717     4.632     0.195     0.304     0.375     1.299     1.445     1.026     0.671
Engineers           0.007     0.007     0.792     1.493     2.677     0.144     0.234     0.209     1.361     1.318     1.021     0.665
Math/CompSci        0.003     0.003     0.804     1.337    80.692     0.574    -0.178    -0.156     1.275     1.298     1.013    -0.563
Science             0.002     0.002     1.038     1.438     0.679     0.055     0.266     0.246     1.388     1.351     1.020     0.853
Doctors             0.002     0.002     1.019     1.694   639.053     0.946    -0.148    -0.142     1.781     1.791     1.035    -0.263
Nurses              0.002     0.002     1.194     1.467    68.955     0.549    -0.056    -0.074     1.389     1.366     1.032    -0.141
Therapists          0.002     0.002     1.099     1.331    20.620     0.372    -0.031    -0.076     1.479     1.418     1.028    -0.108
Professors          0.002     0.002     1.782     1.362    -0.551    -0.079     0.324     0.301     1.509     1.505     1.060     1.267
Teachers            0.016     0.016     1.271     1.250     0.927     0.070     0.144     0.111     1.431     1.377     1.042     0.698
Librarians          0.001     0.001     1.308     1.059    -0.800    -0.153     0.200     0.234     1.302     1.373     1.000     3.893
Soc.Scientists      0.001     0.001     1.114     1.399     8.772     0.265     0.096     0.160     1.270     1.366     1.060     0.301
SocialWork          0.007     0.007     1.268     1.042     1.727     0.109    -0.064    -0.104     1.339     1.291     1.040    -1.504
Lawyers             0.002     0.002     1.095     1.565  3115.623     1.290    -0.464    -0.324     1.558     1.722     1.035    -0.851
Arts/Athletes       0.007     0.007     0.977     1.286     4.541     0.193     0.073     0.107     1.281     1.331     1.000     0.300
HealthTechs         0.004     0.004     1.043     1.157    30.216     0.425    -0.232    -0.296     1.401     1.332     1.052    -1.436
Eng.Techs           0.009     0.009     0.783     1.320     0.027     0.003     0.241     0.203     1.327     1.265     1.051     0.990
ScienceTechs        0.002     0.002     0.800     1.093    -0.800    -0.153     0.225     0.213     1.312     1.292     1.000     2.860
OtherTechs          0.007     0.007     0.862     1.270     0.677     0.055     0.169     0.198     1.275     1.321     1.039     0.777
Sales               0.033     0.033     0.871     1.598     9.060     0.268     0.206     0.204     1.288     1.285     1.000     0.493
Secretaries         0.002     0.002     1.130     1.221     2.337     0.132     0.073    -0.140     1.478     1.202     1.005     0.378
Info.Clerks         0.003     0.003     0.914     1.016    52.854     0.508    -0.484    -0.385     1.081     1.158     1.000   -24.617
Records             0.005     0.005     0.911     1.033     1.223     0.086    -0.052    -0.076     1.283     1.253     1.000    -1.573
FinancialClerk      0.004     0.004     0.954     1.232     2.091     0.123     0.088    -0.020     1.266     1.131     1.026     0.443
OfficeMachine       0.000     0.000     0.857     0.896     4.340     0.188    -0.327    -0.480     1.301     1.166     1.074     2.565
ComputerTech        0.007     0.007     0.771     1.057     1.603     0.104    -0.044    -0.132     1.288     1.188     1.015    -0.774
Mail                0.014     0.014     0.727     0.936     0.336     0.030    -0.101    -0.168     1.215     1.144     1.000     1.451
Clerks              0.024     0.024     0.833     1.124     2.832     0.148    -0.021    -0.095     1.277     1.191     1.000    -0.181
Insurance           0.004     0.004     0.899     1.150    -0.616    -0.094     0.212     0.229     1.193     1.255     1.036     1.706
Misc.Admin          0.012     0.012     0.979     1.087    -0.561    -0.081     0.154     0.140     1.295     1.274     1.000     2.020
PrivateHshld        0.006     0.006     0.956     0.783     8.257     0.258    -0.607    -0.659     1.187     1.150     1.000     1.935
Firefighting        0.004     0.004     0.731     1.243    51.439     0.504    -0.209    -0.307     1.444     1.336     1.038    -0.872
Police              0.012     0.012     0.740     1.120     1.801     0.112     0.007    -0.052     1.329     1.254     1.042     0.061
Guards              0.012     0.012     0.882     0.919    -0.439    -0.058    -0.025    -0.073     1.186     1.133     1.000     0.295
FoodPrep            0.015     0.015     1.059     1.089    23.705     0.391    -0.278    -0.411     1.254     1.136     1.080    -2.881
HealthService       0.009     0.009     1.084     0.865     1.770     0.111    -0.284    -0.215     1.256     1.326     1.035     1.726
Cleaning            0.032     0.032     0.921     1.012     4.630     0.195    -0.181    -0.255     1.201     1.130     1.000   -14.557
PersonalService     0.006     0.006     1.064     1.187    33.234     0.439    -0.212    -0.535     1.419     1.120     1.057    -1.120
FarmMgrs            0.002     0.002     1.337     2.872 18825.072     1.756     0.040    -0.101     1.243     1.084     1.000     0.039
FarmWork            0.007     0.007     1.110     1.517   180.188     0.708    -0.126    -0.178     1.197     1.145     1.042    -0.285
Agriculture         0.005     0.005     0.976     1.240    23.016     0.387    -0.119    -0.174     1.169     1.115     1.057    -0.523
Forest              0.002     0.002     1.118     1.823   381.478     0.845    -0.012    -0.220     1.329     1.102     1.002    -0.020
Mechanics           0.022     0.022     0.735     1.357    10.254     0.283     0.054    -0.058     1.297     1.160     1.046     0.183
Elec.Repairer       0.009     0.009     0.644     1.219    11.233     0.294    -0.062    -0.168     1.269     1.153     1.021    -0.302
Misc.Repairer       0.009     0.009     0.723     1.301     7.389     0.245     0.043    -0.050     1.210     1.102     1.000     0.168
Construction        0.057     0.057     0.803     1.459    31.094     0.429     0.020    -0.102     1.258     1.118     1.031     0.054
Extractive          0.002     0.002     0.659     1.499   330.913     0.818    -0.213    -0.330     1.241     1.132     1.002    -0.478
Supervisor(P)       0.015     0.015     0.702     1.337    18.901     0.361    -0.018    -0.077     1.310     1.237     1.038    -0.061
MetalWork           0.010     0.010     0.680     1.263     8.705     0.264    -0.001    -0.067     1.249     1.171     1.000    -0.004
WoodWork            0.001     0.001     0.872     1.318     7.250     0.243     0.057     0.073     1.136     1.156     1.000     0.212
Textiles            0.001     0.001     0.931     1.281    11.090     0.293    -0.009    -0.273     1.427     1.131     1.062    -0.037
Other               0.002     0.002     0.854     1.324   175.725     0.704    -0.287    -0.280     1.210     1.216     1.000    -0.898
Food                0.004     0.004     0.754     1.298    10.680     0.288     0.008    -0.142     1.213     1.054     1.040     0.030
PlantOperator       0.003     0.003     0.670     1.119     3.570     0.169    -0.045    -0.012     1.180     1.219     1.000    -0.397
MetalMach.          0.009     0.009     0.679     1.138     2.152     0.126     0.011    -0.154     1.324     1.135     1.025     0.084
MetalProc.          0.003     0.003     0.725     1.105     1.749     0.110    -0.004    -0.058     1.270     1.205     1.000    -0.043
WoodMach.           0.002     0.002     0.919     1.222     7.738     0.250    -0.023    -0.150     1.192     1.061     1.000    -0.113
TextileMach.        0.004     0.004     0.744     1.175    11.281     0.295    -0.102    -0.188     1.264     1.172     1.000    -0.602
PrintMach.          0.009     0.009     0.816     0.857    -0.187    -0.021    -0.142    -0.156     1.237     1.222     1.000     0.862
OtherMach.          0.055     0.055     0.728     1.041     1.104     0.080    -0.037    -0.103     1.233     1.160     1.000    -0.919
Fabricators         0.035     0.035     0.713     1.067     1.248     0.087    -0.019    -0.137     1.259     1.128     1.007    -0.282
Prod.Inspectors     0.009     0.009     0.717     1.082     0.174     0.017     0.060     0.023     1.242     1.195     1.000     0.789
MotorVehicle        0.067     0.067     0.766     1.160    10.749     0.289    -0.111    -0.292     1.253     1.078     1.038    -0.707
OtherVehicle        0.015     0.015     0.690     1.267    14.353     0.325    -0.046    -0.152     1.266     1.149     1.000    -0.190
Freight             0.054     0.054     0.820     1.044     2.972     0.153    -0.104    -0.183     1.185     1.105     1.009    -2.281
 
======================================
 YEAR = 1990
======================================
  Note: tauh* := (1+tauh)^eta - 1 
 
                       pY     pfitY         Z    TauHat      TauH     tauh*     TauW0     TauW1  wagegrth  wagegrWM ExpFactor     alpha
---------------------------------------------------------------------------------------------------------------------------------------
Home                0.297       NaN     1.000       NaN     0.000     0.000     0.000     0.000       NaN       NaN     1.000       NaN
Managers            0.033     0.033     0.753     1.612    19.937     0.368     0.151     0.163     1.450     1.469     1.000     0.344
MgmtRelated         0.021     0.021     0.824     1.397     8.723     0.264     0.095     0.143     1.271     1.340     1.032     0.300
Architects          0.001     0.001     0.806     1.447    -0.621    -0.095     0.375     0.386     1.336     1.360     1.000     1.270
Engineers           0.008     0.008     0.681     1.458     2.999     0.153     0.209     0.261     1.195     1.279     1.000     0.622
Math/CompSci        0.004     0.004     0.710     1.394   101.793     0.612    -0.156    -0.227     1.250     1.178     1.114    -0.437
Science             0.001     0.001     0.885     1.433     1.118     0.080     0.246     0.323     1.280     1.426     1.003     0.785
Doctors             0.002     0.002     0.840     1.461   142.909     0.668    -0.142    -0.121     1.746     1.778     1.057    -0.350
Nurses              0.002     0.002     0.955     1.646   250.906     0.767    -0.074    -0.413     1.636     1.243     1.013    -0.142
Therapists          0.001     0.001     0.852     1.175     8.687     0.264    -0.076     0.004     1.230     1.329     1.000    -0.453
Professors          0.001     0.001     1.680     1.213    -0.800    -0.153     0.301     0.316     1.288     1.440     1.032     1.860
Teachers            0.010     0.010     1.053     1.153     0.273     0.025     0.111     0.113     1.235     1.238     1.066     0.825
Librarians          0.000     0.000     1.221     1.106    -0.800    -0.153     0.234     0.319     1.144     1.286     1.000     2.645
Soc.Scientists      0.001     0.001     1.009     1.490     7.852     0.252     0.160     0.137     1.426     1.389     1.000     0.437
SocialWork          0.007     0.007     1.044     0.915     0.097     0.010    -0.104    -0.036     1.174     1.251     1.000     1.106
Lawyers             0.002     0.002     0.965     1.750  3500.072     1.318    -0.324    -0.280     1.344     1.391     1.000    -0.502
Arts/Athletes       0.008     0.008     0.827     1.254     1.988     0.119     0.107     0.181     1.202     1.311     1.000     0.501
HealthTechs         0.005     0.005     0.884     1.126    38.264     0.459    -0.296    -0.347     1.346     1.295     1.000    -2.182
Eng.Techs           0.008     0.008     0.716     1.313     0.560     0.047     0.203     0.167     1.245     1.191     1.043     0.832
ScienceTechs        0.002     0.002     0.750     1.178    -0.522    -0.073     0.213     0.113     1.370     1.216     1.007     1.464
OtherTechs          0.010     0.010     0.768     1.354     1.217     0.085     0.198     0.231     1.514     1.580     1.000     0.729
Sales               0.044     0.044     0.793     1.600     9.413     0.273     0.204     0.247     1.198     1.266     1.000     0.487
Secretaries         0.002     0.002     0.889     0.877    -0.011    -0.001    -0.140    -0.116     1.265     1.291     1.000     0.992
Info.Clerks         0.003     0.003     0.917     1.072    45.526     0.485    -0.385    -0.417     1.216     1.188     1.042    -4.678
Records             0.004     0.004     0.897     0.975     0.602     0.050    -0.076    -0.153     1.137     1.061     1.000     2.955
FinancialClerk      0.004     0.004     0.837     0.998     0.187     0.018    -0.020    -0.059     1.255     1.208     1.041     9.085
OfficeMachine       0.001     0.001     0.804     0.851     8.418     0.260    -0.480    -0.600     1.672     1.547     1.129     2.435
ComputerTech        0.008     0.008     0.764     0.991     2.041     0.121    -0.132    -0.163     1.193     1.160     1.000    13.634
Mail                0.015     0.015     0.699     0.910     0.818     0.063    -0.168    -0.215     1.150     1.105     1.000     1.654
Clerks              0.023     0.023     0.811     1.122     6.385     0.229    -0.095    -0.074     1.151     1.175     1.011    -0.794
Insurance           0.006     0.006     0.833     1.099    -0.800    -0.153     0.229     0.234     1.198     1.239     1.007     2.763
Misc.Admin          0.013     0.013     0.912     1.052    -0.622    -0.095     0.140     0.130     1.205     1.190     1.000     2.962
PrivateHshld        0.006     0.006     0.947     0.741     6.376     0.229    -0.659    -0.952     1.183     1.005     1.000     1.686
Firefighting        0.003     0.003     0.634     1.201    78.505     0.569    -0.307    -0.373     1.332     1.267     1.000    -1.463
Police              0.017     0.017     0.662     1.034     1.267     0.088    -0.052    -0.043     1.224     1.235     1.000    -1.521
Guards              0.017     0.017     0.854     0.876    -0.450    -0.060    -0.073    -0.106     1.200     1.164     1.054     0.535
FoodPrep            0.032     0.032     1.043     1.043    41.474     0.471    -0.411    -0.440     1.235     1.210     1.035    -8.159
HealthService       0.010     0.010     0.996     0.867     0.658     0.053    -0.215    -0.409     1.303     1.124     1.048     1.364
Cleaning            0.033     0.033     0.900     1.017     9.671     0.276    -0.255    -0.317     1.194     1.137     1.000   -13.554
PersonalService     0.007     0.007     0.936     0.998    61.883     0.532    -0.535    -0.516     1.342     1.359     1.001   236.232
FarmMgrs            0.001     0.001     1.025     2.295  8084.705     1.526    -0.101    -0.227     1.349     1.211     1.000    -0.116
FarmWork            0.004     0.004     1.025     1.508   263.257     0.776    -0.178    -0.329     1.254     1.112     1.000    -0.399
Agriculture         0.009     0.009     0.938     1.294    56.707     0.518    -0.174    -0.151     1.164     1.186     1.000    -0.621
Forest              0.002     0.002     0.853     1.427   217.711     0.742    -0.220    -0.163     1.126     1.182     1.013    -0.560
Mechanics           0.019     0.019     0.731     1.425    52.664     0.507    -0.058    -0.151     1.312     1.206     1.042    -0.158
Elec.Repairer       0.007     0.007     0.671     1.216    29.339     0.421    -0.168    -0.203     1.199     1.164     1.059    -0.794
Misc.Repairer       0.008     0.008     0.728     1.336    25.854     0.403    -0.050    -0.053     1.155     1.152     1.040    -0.170
Construction        0.055     0.055     0.771     1.470   107.266     0.620    -0.102    -0.129     1.196     1.167     1.000    -0.253
Extractive          0.001     0.001     0.636     1.500   815.653     0.995    -0.330    -0.361     1.167     1.140     1.039    -0.702
Supervisor(P)       0.009     0.009     0.665     1.382    46.568     0.489    -0.077    -0.127     1.224     1.170     1.060    -0.230
MetalWork           0.006     0.006     0.672     1.434    61.108     0.530    -0.067    -0.088     1.165     1.142     1.000    -0.180
WoodWork            0.001     0.001     0.816     1.491    22.132     0.382     0.073     0.104     1.117     1.155     1.000     0.191
Textiles            0.001     0.001     0.857     1.183    52.547     0.507    -0.273    -0.540     1.380     1.141     1.000    -1.437
Other               0.002     0.002     0.799     1.372   235.303     0.756    -0.280    -0.472     1.322     1.150     1.112    -0.780
Food                0.004     0.004     0.823     1.293    43.136     0.477    -0.142    -0.263     1.213     1.098     1.061    -0.518
PlantOperator       0.003     0.003     0.650     1.340    18.092     0.355    -0.012    -0.072     1.215     1.146     1.085    -0.039
MetalMach.          0.003     0.003     0.714     1.236    30.373     0.426    -0.154    -0.321     1.278     1.116     1.127    -0.675
MetalProc.          0.001     0.001     0.775     1.370    35.693     0.449    -0.058    -0.103     1.206     1.157     1.014    -0.179
WoodMach.           0.002     0.002     0.896     1.279    41.148     0.470    -0.150    -0.333     1.678     1.448     1.040    -0.567
TextileMach.        0.004     0.004     0.727     1.329    83.644     0.580    -0.188    -0.275     1.209     1.127     1.035    -0.606
PrintMach.          0.008     0.008     0.833     0.966     1.932     0.117    -0.156    -0.266     1.241     1.134     1.000     4.203
OtherMach.          0.032     0.032     0.731     1.107     5.933     0.221    -0.103    -0.181     1.221     1.140     1.028    -0.964
Fabricators         0.024     0.024     0.759     1.176    15.807     0.337    -0.137    -0.243     1.274     1.165     1.000    -0.790
Prod.Inspectors     0.006     0.006     0.743     1.243     5.569     0.214     0.023    -0.004     1.226     1.193     1.000     0.109
MotorVehicle        0.061     0.061     0.741     1.101    29.578     0.422    -0.292    -0.395     1.259     1.166     1.031    -2.652
OtherVehicle        0.006     0.006     0.688     1.345    69.506     0.550    -0.152    -0.253     1.250     1.150     1.004    -0.479
Freight             0.048     0.048     0.843     1.046     6.910     0.237    -0.183    -0.328     1.294     1.152     1.041    -3.729
 
======================================
 YEAR = 2000
======================================
  Note: tauh* := (1+tauh)^eta - 1 
 
                       pY     pfitY         Z    TauHat      TauH     tauh*     TauW0     TauW1  wagegrth  wagegrWM ExpFactor     alpha
---------------------------------------------------------------------------------------------------------------------------------------
Home                0.361       NaN     1.000       NaN     0.000     0.000     0.000     0.000       NaN       NaN     1.000       NaN
Managers            0.032     0.032     0.847     1.538    10.635     0.288     0.163     0.117     1.352     1.282     1.041     0.413
MgmtRelated         0.027     0.027     0.965     1.400     4.896     0.201     0.143     0.167     1.296     1.335     1.041     0.457
Architects          0.001     0.001     1.046     1.543    -0.405    -0.052     0.386     0.297     1.543     1.349     1.015     1.123
Engineers           0.008     0.008     0.844     1.421     0.602     0.050     0.261     0.223     1.383     1.316     1.034     0.862
Math/CompSci        0.013     0.013     0.811     1.234    55.264     0.515    -0.227    -0.327     1.328     1.229     1.077    -0.972
Science             0.001     0.001     1.184     1.452    -0.156    -0.017     0.323     0.372     1.437     1.548     1.051     1.047
Doctors             0.002     0.002     1.069     1.437   101.519     0.611    -0.121    -0.265     1.987     1.761     1.041    -0.316
Nurses              0.002     0.002     0.932     1.322   432.801     0.869    -0.413    -0.516     1.455     1.357     1.073    -1.238
Therapists          0.001     0.001     1.091     1.383    21.336     0.377     0.004    -0.164     1.633     1.396     1.061     0.013
Professors          0.002     0.002     1.909     1.239    -0.800    -0.153     0.316     0.295     1.589     1.540     1.094     1.773
Teachers            0.018     0.018     1.278     1.094    -0.251    -0.029     0.113     0.172     1.261     1.351     1.000     1.330
Librarians          0.000     0.000     1.420     1.378    -0.460    -0.062     0.319     0.251     1.434     1.431     1.048     1.198
Soc.Scientists      0.001     0.001     1.205     1.552    16.029     0.339     0.137     0.031     1.697     1.510     1.136     0.336
SocialWork          0.006     0.006     1.226     1.000     0.410     0.036    -0.036    -0.068     1.287     1.250     1.081   121.118
Lawyers             0.002     0.002     1.099     1.577   914.639     1.019    -0.280    -0.322     1.576     1.525     1.092    -0.542
Arts/Athletes       0.008     0.008     1.008     1.299     0.833     0.064     0.181     0.205     1.191     1.226     1.059     0.762
HealthTechs         0.004     0.004     0.948     1.139    63.097     0.535    -0.347    -0.453     1.396     1.295     1.095    -2.283
Eng.Techs           0.004     0.004     0.841     1.249     0.475     0.041     0.167     0.134     1.291     1.242     1.081     0.820
ScienceTechs        0.001     0.001     0.859     1.020    -0.622    -0.095     0.113     0.127     1.232     1.251     1.000     5.939
OtherTechs          0.010     0.010     0.836     1.401     1.058     0.077     0.231     0.211     1.322     1.287     1.021     0.780
Sales               0.050     0.050     0.935     1.483     1.912     0.116     0.247     0.286     1.094     1.154     1.000     0.721
Secretaries         0.002     0.002     1.037     1.076     4.912     0.201    -0.116    -0.169     1.190     1.136     1.049    -1.502
Info.Clerks         0.003     0.003     1.076     0.992    26.404     0.406    -0.417    -0.273     1.038     1.156     1.000    44.220
Records             0.003     0.003     1.141     0.992     2.696     0.144    -0.153    -0.181     1.207     1.179     1.000    18.377
FinancialClerk      0.004     0.004     0.998     0.955     0.117     0.011    -0.059     0.007     1.173     1.251     1.000     1.246
OfficeMachine       0.002     0.002     0.834     0.800     9.919     0.279    -0.600    -0.752     1.172     1.070     1.050     2.101
ComputerTech        0.003     0.003     0.930     0.986     2.770     0.146    -0.163    -0.031     1.121     1.264     1.000    10.612
Mail                0.008     0.008     0.921     0.930     2.293     0.131    -0.215    -0.213     1.197     1.199     1.008     2.700
Clerks              0.026     0.026     0.980     1.059     2.490     0.137    -0.074    -0.089     1.095     1.080     1.005    -1.243
Insurance           0.015     0.015     1.018     1.106    -0.800    -0.153     0.234     0.195     1.104     1.118     1.026     2.641
Misc.Admin          0.007     0.007     1.100     1.054    -0.567    -0.083     0.130     0.111     1.247     1.220     1.000     2.632
PrivateHshld        0.003     0.003     1.090     0.723    27.130     0.410    -0.952    -0.958     1.039     1.036     1.000     2.058
Firefighting        0.002     0.002     0.752     1.297   270.001     0.781    -0.373    -0.365     1.307     1.315     1.027    -1.221
Police              0.019     0.019     0.806     1.082     2.231     0.128    -0.043     0.024     1.203     1.285     1.008    -0.536
Guards              0.013     0.013     1.021     0.870    -0.313    -0.038    -0.106    -0.174     1.230     1.158     1.056     0.722
FoodPrep            0.030     0.030     1.170     1.055    57.027     0.519    -0.440    -0.511     1.050     1.000     1.033    -6.817
HealthService       0.009     0.009     1.152     0.802     2.272     0.130    -0.409    -0.342     1.103     1.158     1.085     1.552
Cleaning            0.017     0.017     1.024     1.016    15.957     0.339    -0.317    -0.301     1.062     1.075     1.000   -17.226
PersonalService     0.012     0.012     1.103     0.936    29.077     0.420    -0.516    -0.553     1.113     1.087     1.045     6.333
FarmMgrs            0.000     0.000     0.928     2.152 12390.322     1.640    -0.227    -0.612     1.719     1.308     1.197    -0.267
FarmWork            0.001     0.001     1.090     1.659  2157.625     1.205    -0.329    -0.562     1.229     1.046     1.016    -0.562
Agriculture         0.007     0.007     1.029     1.321    57.556     0.521    -0.151    -0.174     1.002     0.982     1.021    -0.507
Forest              0.001     0.001     0.988     1.543   292.434     0.795    -0.163    -0.211     1.168     1.122     1.027    -0.349
Mechanics           0.018     0.018     0.838     1.334    63.439     0.536    -0.151    -0.230     1.165     1.090     1.049    -0.487
Elec.Repairer       0.011     0.011     0.808     1.139    20.262     0.370    -0.203    -0.242     1.174     1.138     1.017    -1.427
Misc.Repairer       0.006     0.006     0.863     1.263    14.911     0.330    -0.053    -0.157     1.212     1.103     1.054    -0.221
Construction        0.040     0.040     0.878     1.455   122.717     0.643    -0.129    -0.242     1.175     1.068     1.029    -0.324
Extractive          0.000     0.000     0.806     1.641  2443.144     1.233    -0.361    -0.416     1.334     1.282     1.172    -0.623
Supervisor(P)       0.008     0.008     0.791     1.260    29.170     0.420    -0.127    -0.158     1.210     1.177     1.034    -0.517
MetalWork           0.002     0.002     0.831     1.544   152.814     0.680    -0.088    -0.120     1.108     1.076     1.127    -0.194
WoodWork            0.000     0.000     1.065     1.812   109.291     0.623     0.104     0.046     1.111     1.043     1.000     0.185
Textiles            0.001     0.001     0.893     1.096   159.944     0.688    -0.540    -0.289     0.828     0.989     1.000    -4.718
Other               0.002     0.002     0.926     1.026    53.600     0.510    -0.472    -0.672     1.257     1.107     1.098   -15.085
Food                0.003     0.003     0.925     1.070    17.591     0.351    -0.263    -0.458     1.156     1.001     1.072    -3.451
PlantOperator       0.002     0.002     0.802     1.289    22.039     0.381    -0.072    -0.176     1.296     1.181     1.097    -0.275
MetalMach.          0.002     0.002     0.815     1.065    26.500     0.407    -0.321    -0.330     0.997     0.990     1.012    -4.442
MetalProc.          0.001     0.001     0.844     1.200    14.145     0.323    -0.103    -0.250     1.144     1.009     1.164    -0.537
WoodMach.           0.006     0.006     0.854     1.081    33.754     0.441    -0.333    -0.363     1.053     1.030     1.054    -3.674
TextileMach.        0.003     0.003     0.880     1.245    87.634     0.587    -0.275    -0.385     1.111     1.022     1.000    -1.109
PrintMach.          0.005     0.005     0.942     0.959     5.553     0.214    -0.266    -0.335     1.035     0.981     1.026     5.599
OtherMach.          0.024     0.024     0.863     1.055     7.431     0.246    -0.181    -0.226     1.098     1.058     1.034    -3.101
Fabricators         0.017     0.017     0.847     1.093    18.616     0.359    -0.243    -0.241     1.052     1.053     1.015    -2.448
Prod.Inspectors     0.005     0.005     0.887     1.149     2.977     0.153    -0.004     0.009     1.140     1.154     1.000    -0.026
MotorVehicle        0.062     0.062     0.850     1.000    24.287     0.395    -0.395    -0.498     1.120     1.043     1.065   896.687
OtherVehicle        0.004     0.004     0.790     1.318   128.781     0.651    -0.253    -0.336     1.232     1.155     1.124    -0.816
Freight             0.034     0.034     0.968     0.963     9.858     0.278    -0.328    -0.343     1.034     1.022     1.026     7.433
 
======================================
 YEAR = 2010
======================================
  Note: tauh* := (1+tauh)^eta - 1 
 
                       pY     pfitY         Z    TauHat      TauH     tauh*     TauW0     TauW1  wagegrth  wagegrWM ExpFactor     alpha
---------------------------------------------------------------------------------------------------------------------------------------
Home                0.336       NaN     1.000       NaN     0.000     0.000     0.000       NaN     0.000     0.000     0.000       NaN
Managers            0.036     0.036     0.753     1.458    10.652     0.288     0.117       NaN     0.000     0.000     0.000     0.329
MgmtRelated         0.026     0.026     0.812     1.374     2.707     0.144     0.167       NaN     0.000     0.000     0.000     0.576
Architects          0.000     0.000     0.901     1.519     0.889     0.068     0.297       NaN     0.000     0.000     0.000     0.843
Engineers           0.007     0.007     0.686     1.401     1.269     0.088     0.223       NaN     0.000     0.000     0.000     0.750
Math/CompSci        0.017     0.017     0.714     1.186    80.539     0.574    -0.327       NaN     0.000     0.000     0.000    -1.656
Science             0.001     0.001     0.988     1.470    -0.537    -0.076     0.372       NaN     0.000     0.000     0.000     1.206
Doctors             0.002     0.002     0.886     1.382   225.924     0.748    -0.265       NaN     0.000     0.000     0.000    -0.726
Nurses              0.004     0.004     0.806     1.268   567.876     0.922    -0.516       NaN     0.000     0.000     0.000    -1.750
Therapists          0.002     0.002     1.019     1.423   133.847     0.657    -0.164       NaN     0.000     0.000     0.000    -0.431
Professors          0.003     0.003     1.727     1.215    -0.777    -0.143     0.295       NaN     0.000     0.000     0.000     1.795
Teachers            0.021     0.021     1.119     1.166    -0.291    -0.035     0.172       NaN     0.000     0.000     0.000     1.230
Librarians          0.000     0.000     1.358     1.131    -0.800    -0.153     0.251       NaN     0.000     0.000     0.000     2.350
Soc.Scientists      0.001     0.001     0.891     1.336    11.317     0.295     0.031       NaN     0.000     0.000     0.000     0.108
SocialWork          0.007     0.007     1.064     1.022     1.336     0.091    -0.068       NaN     0.000     0.000     0.000    -2.969
Lawyers             0.002     0.002     0.839     1.612  1552.890     1.132    -0.322       NaN     0.000     0.000     0.000    -0.586
Arts/Athletes       0.010     0.010     0.944     1.350     0.999     0.074     0.205       NaN     0.000     0.000     0.000     0.762
HealthTechs         0.007     0.007     0.813     1.124   115.485     0.632    -0.453       NaN     0.000     0.000     0.000    -3.197
Eng.Techs           0.004     0.004     0.703     1.164     0.086     0.009     0.134       NaN     0.000     0.000     0.000     0.944
ScienceTechs        0.001     0.001     0.691     1.051    -0.565    -0.082     0.127       NaN     0.000     0.000     0.000     2.709
OtherTechs          0.009     0.009     0.684     1.338     0.702     0.056     0.211       NaN     0.000     0.000     0.000     0.812
Sales               0.060     0.060     0.887     1.403     0.017     0.002     0.286       NaN     0.000     0.000     0.000     0.995
Secretaries         0.002     0.002     0.953     1.046     6.026     0.222    -0.169       NaN     0.000     0.000     0.000    -3.510
Info.Clerks         0.004     0.004     0.915     0.944     4.936     0.201    -0.273       NaN     0.000     0.000     0.000     4.155
Records             0.003     0.003     0.883     0.847     0.004     0.000    -0.181       NaN     0.000     0.000     0.000     1.003
FinancialClerk      0.004     0.004     0.901     1.016     0.096     0.010     0.007       NaN     0.000     0.000     0.000     0.410
OfficeMachine       0.000     0.000     0.871     0.741    11.583     0.298    -0.752       NaN     0.000     0.000     0.000     1.870
ComputerTech        0.001     0.001     0.850     1.063     1.447     0.097    -0.031       NaN     0.000     0.000     0.000    -0.502
Mail                0.006     0.006     0.776     0.919     1.872     0.115    -0.213       NaN     0.000     0.000     0.000     2.290
Clerks              0.030     0.030     0.932     1.017     1.705     0.108    -0.089       NaN     0.000     0.000     0.000    -5.008
Insurance           0.021     0.021     0.931     1.053    -0.800    -0.153     0.195       NaN     0.000     0.000     0.000     4.238
Misc.Admin          0.008     0.008     0.956     1.024    -0.598    -0.090     0.111       NaN     0.000     0.000     0.000     5.002
PrivateHshld        0.003     0.003     0.973     0.699    20.012     0.368    -0.958       NaN     0.000     0.000     0.000     1.875
Firefighting        0.003     0.003     0.631     1.331   328.107     0.817    -0.365       NaN     0.000     0.000     0.000    -1.087
Police              0.014     0.014     0.709     1.247     5.738     0.217     0.024       NaN     0.000     0.000     0.000     0.109
Guards              0.022     0.022     0.925     0.887     0.480     0.041    -0.174       NaN     0.000     0.000     0.000     1.336
FoodPrep            0.045     0.045     1.170     1.129   177.855     0.706    -0.511       NaN     0.000     0.000     0.000    -3.406
HealthService       0.016     0.016     1.019     0.802     1.032     0.076    -0.342       NaN     0.000     0.000     0.000     1.331
Cleaning            0.020     0.020     0.971     1.040    17.746     0.352    -0.301       NaN     0.000     0.000     0.000    -6.715
PersonalService     0.015     0.015     1.049     0.966    50.196     0.500    -0.553       NaN     0.000     0.000     0.000    12.713
FarmMgrs            0.000     0.000     0.936     2.8372573031.237     3.574    -0.612       NaN     0.000     0.000     0.000    -0.458
FarmWork            0.002     0.002     0.925     1.780 20553.092     1.781    -0.562       NaN     0.000     0.000     0.000    -0.774
Agriculture         0.009     0.009     0.996     1.417   139.272     0.664    -0.174       NaN     0.000     0.000     0.000    -0.462
Forest              0.000     0.000     1.069     2.659 84956.763     2.219    -0.211       NaN     0.000     0.000     0.000    -0.196
Mechanics           0.013     0.013     0.731     1.324   112.222     0.628    -0.230       NaN     0.000     0.000     0.000    -0.738
Elec.Repairer       0.010     0.010     0.757     1.235    62.382     0.533    -0.242       NaN     0.000     0.000     0.000    -1.026
Misc.Repairer       0.005     0.005     0.768     1.351    75.439     0.563    -0.157       NaN     0.000     0.000     0.000    -0.485
Construction        0.032     0.032     0.774     1.474   355.685     0.832    -0.242       NaN     0.000     0.000     0.000    -0.559
Extractive          0.001     0.001     0.622     1.751  6733.944     1.479    -0.416       NaN     0.000     0.000     0.000    -0.620
Supervisor(P)       0.003     0.003     0.685     1.286    46.908     0.490    -0.158       NaN     0.000     0.000     0.000    -0.582
MetalWork           0.002     0.002     0.770     1.451   110.891     0.626    -0.120       NaN     0.000     0.000     0.000    -0.305
WoodWork            0.000     0.000     0.978     1.770   161.303     0.689     0.046       NaN     0.000     0.000     0.000     0.082
Textiles            0.000     0.000     0.738     1.010    11.902     0.301    -0.289       NaN     0.000     0.000     0.000   -25.986
Other               0.003     0.003     0.850     1.039   212.450     0.737    -0.672       NaN     0.000     0.000     0.000   -13.321
Food                0.004     0.004     0.916     1.106   102.560     0.613    -0.458       NaN     0.000     0.000     0.000    -3.740
PlantOperator       0.002     0.002     0.656     1.258    43.689     0.479    -0.176       NaN     0.000     0.000     0.000    -0.706
MetalMach.          0.001     0.001     0.817     1.285   180.754     0.709    -0.330       NaN     0.000     0.000     0.000    -1.140
MetalProc.          0.001     0.001     0.798     1.005     8.161     0.256    -0.250       NaN     0.000     0.000     0.000   -43.111
WoodMach.           0.003     0.003     0.838     1.309   274.244     0.784    -0.363       NaN     0.000     0.000     0.000    -1.151
TextileMach.        0.001     0.001     0.913     1.446   845.426     1.002    -0.385       NaN     0.000     0.000     0.000    -0.883
PrintMach.          0.003     0.003     0.897     0.936     7.690     0.249    -0.335       NaN     0.000     0.000     0.000     4.365
OtherMach.          0.018     0.018     0.822     1.150    27.086     0.410    -0.226       NaN     0.000     0.000     0.000    -1.453
Fabricators         0.014     0.014     0.783     1.141    28.485     0.417    -0.241       NaN     0.000     0.000     0.000    -1.635
Prod.Inspectors     0.004     0.004     0.834     1.330    13.621     0.318     0.009       NaN     0.000     0.000     0.000     0.032
MotorVehicle        0.052     0.052     0.789     0.964    34.321     0.444    -0.498       NaN     0.000     0.000     0.000    10.943
OtherVehicle        0.004     0.004     0.687     1.430   534.839     0.910    -0.336       NaN     0.000     0.000     0.000    -0.811
Freight             0.040     0.040     0.911     0.944     9.078     0.269    -0.343       NaN     0.000     0.000     0.000     5.159
 
mg(g,t):
mg =

   6.5263e+16   7.0415e+16   2.8585e+16   3.8456e+16   1.2110e+17   4.9005e+16
   7.6265e+15   1.0536e+16   5.7993e+15   1.1258e+16   5.2114e+16   2.3891e+16
   2.7898e+16   3.6906e+16   1.0545e+16   1.3153e+16   4.8683e+16   2.1930e+16
            0            0            0            0            0            0

 
 
 
 
--------------------------------------------------------------------------------------------------
                          >>>>> Black Women <<<<<
--------------------------------------------------------------------------------------------------
 
======================================
 YEAR = 1960
======================================
  Note: tauh* := (1+tauh)^eta - 1 
 
                       pY     pfitY         Z    TauHat      TauH     tauh*     TauW0     TauW1  wagegrth  wagegrWM ExpFactor     alpha
---------------------------------------------------------------------------------------------------------------------------------------
Home                0.642       NaN     1.000       NaN     0.000     0.000     0.000     0.000       NaN       NaN     1.000       NaN
Managers            0.003     0.003     1.151     5.162  2884.746     1.272     0.560     0.349     2.139     1.446     1.183     0.500
MgmtRelated         0.001     0.001     0.956     3.041   220.295     0.744     0.427     0.287     1.671     1.344     1.158     0.500
Architects          0.000       NaN       NaN       NaN       NaN       NaN       NaN       NaN       NaN     1.437       NaN       NaN
Engineers           0.000       NaN       NaN       NaN       NaN       NaN       NaN       NaN       NaN     1.364       NaN       NaN
Math/CompSci        0.000       NaN       NaN       NaN       NaN       NaN       NaN     0.385       NaN     1.385     1.308       NaN
Science             0.000       NaN       NaN       NaN       NaN       NaN       NaN     0.355       NaN     1.320     1.308       NaN
Doctors             0.000     0.000     2.368     6.528  9020.395     1.555     0.609     0.182     4.196     2.008     1.022     0.500
Nurses              0.010     0.010     1.539     1.516     6.548     0.231     0.188     0.028     1.619     1.353     1.018     0.500
Therapists          0.000     0.000     1.132     1.302     2.602     0.141     0.124     0.143     1.315     1.344     1.177     0.500
Professors          0.000     0.000     2.317     2.666   115.812     0.633     0.388     0.452     1.399     1.564     1.084     0.500
Teachers            0.024     0.024     1.403     1.294     2.490     0.137     0.121     0.131     1.381     1.398     1.082     0.500
Librarians          0.001     0.001     1.663     1.041     0.215     0.020     0.020    -0.306     1.880     1.411     1.000     0.500
Soc.Scientists      0.000     0.000     1.354     2.287    54.413     0.512     0.339     0.421       NaN     1.584     1.000     0.500
SocialWork          0.002     0.002     1.261     1.204     1.462     0.097     0.089     0.022     1.441     1.343     1.148     0.500
Lawyers             0.000     0.000     1.709     4.638  1715.787     1.154     0.536     0.270       NaN     1.707     1.040     0.500
Arts/Athletes       0.001     0.001     0.913     2.193    44.289     0.481     0.325     0.518     0.946     1.326     1.000     0.500
HealthTechs         0.008     0.008     1.137     1.227     1.695     0.108     0.097    -0.124     1.785     1.434     1.166     0.500
Eng.Techs           0.000       NaN       NaN       NaN       NaN       NaN       NaN     0.453       NaN     1.295     1.272       NaN
ScienceTechs        0.000     0.000     0.906     3.712   581.116     0.927     0.481     0.395       NaN     1.262     1.211     0.500
OtherTechs          0.000       NaN       NaN       NaN       NaN       NaN       NaN     0.333       NaN     1.523     1.052       NaN
Sales               0.009     0.009     1.292     4.014   850.336     1.004     0.501     0.474     1.449     1.374     1.160     0.500
Secretaries         0.015     0.015     0.964     0.880    -0.462    -0.062    -0.066    -0.179     1.326     1.306     1.015     0.500
Info.Clerks         0.001     0.001     1.154     2.262    51.545     0.504     0.335     0.049     1.780     1.244     1.195     0.500
Records             0.001     0.001     1.181     1.856    19.151     0.363     0.266     0.345     1.265     1.417     1.112     0.500
FinancialClerk      0.002     0.002     0.898     1.589     8.482     0.261     0.207     0.184     1.443     1.402     1.181     0.500
OfficeMachine       0.002     0.002     0.894     1.515     6.515     0.231     0.188     0.246     0.906     1.181     1.110     0.500
ComputerTech        0.002     0.002     0.963     1.404     4.185     0.185     0.156     0.102     1.374     1.292     1.000     0.500
Mail                0.001     0.001     0.713     1.639     9.999     0.280     0.219     0.001     1.583     1.237     1.170     0.500
Clerks              0.004     0.004     0.974     2.372    65.181     0.540     0.351     0.210     1.570     1.290     1.058     0.500
Insurance           0.000     0.000     1.176     3.551   468.514     0.884     0.469     0.545     1.280     1.493     1.223     0.500
Misc.Admin          0.015     0.015     0.991     1.846    18.599     0.359     0.264     0.111     1.540     1.275     1.233     0.500
PrivateHshld        0.023     0.023     1.392     1.260     2.076     0.123     0.109    -0.020     1.143     0.998     1.122     0.500
Firefighting        0.000       NaN       NaN       NaN       NaN       NaN       NaN       NaN       NaN     1.390       NaN       NaN
Police              0.000       NaN       NaN       NaN       NaN       NaN       NaN     0.450       NaN     1.367     1.186       NaN
Guards              0.000     0.000     0.926     3.733   597.419     0.932     0.482     0.238     1.775     1.205     1.267     0.500
FoodPrep            0.036     0.036     1.369     1.543     7.213     0.242     0.195     0.120     1.363     1.248     1.040     0.500
HealthService       0.017     0.017     1.089     0.790    -0.681    -0.111    -0.125    -0.326     1.627     1.380     1.173     0.500
Cleaning            0.004     0.004     0.982     1.380     3.775     0.175     0.149     0.163     1.277     1.300     1.000     0.500
PersonalService     0.096     0.096     1.766     1.754    14.287     0.324     0.245    -0.050     1.731     1.246     1.000     0.500
FarmMgrs            0.000     0.000     3.315    15.563612243.041     2.945     0.747     0.023     6.271     1.626     1.188     0.500
FarmWork            0.007     0.007     1.876     3.102   242.687     0.761     0.432     0.364     1.520     1.357     1.051     0.500
Agriculture         0.000       NaN       NaN       NaN       NaN       NaN       NaN     0.484       NaN     1.199     1.000       NaN
Forest              0.000       NaN       NaN       NaN       NaN       NaN       NaN     0.352       NaN     1.359     1.308       NaN
Mechanics           0.000       NaN       NaN       NaN       NaN       NaN       NaN     0.624       NaN     1.309     1.308       NaN
Elec.Repairer       0.000       NaN       NaN       NaN       NaN       NaN       NaN     0.626       NaN     1.221     1.308       NaN
Misc.Repairer       0.001     0.001     0.893     4.343  1246.798     1.084     0.520     0.618     1.025     1.288     1.164     0.500
Construction        0.000     0.000     0.655     4.420  1358.205     1.102     0.524     0.690       NaN     1.202     1.215     0.500
Extractive          0.000       NaN       NaN       NaN       NaN       NaN       NaN     0.479       NaN     1.188       NaN       NaN
Supervisor(P)       0.000     0.000     0.817     5.205  3003.675     1.281     0.562     0.597     1.126     1.225     1.211     0.500
MetalWork           0.000       NaN       NaN       NaN       NaN       NaN       NaN     0.486       NaN     1.240     1.308       NaN
WoodWork            0.000       NaN       NaN       NaN       NaN       NaN       NaN     0.387       NaN     1.166     1.308       NaN
Textiles            0.006     0.006     0.923     1.261     2.087     0.123     0.110     0.141     1.239     1.285     1.000     0.500
Other               0.000     0.000     0.870     2.784   142.974     0.668     0.401     0.037     1.944     1.210     1.172     0.500
Food                0.000     0.000     1.413     5.817  5154.954     1.412     0.585     0.332     2.005     1.244     1.240     0.500
PlantOperator       0.000       NaN       NaN       NaN       NaN       NaN       NaN       NaN       NaN     1.045     1.308       NaN
MetalMach.          0.000       NaN       NaN       NaN       NaN       NaN       NaN     0.338       NaN     1.153     1.264       NaN
MetalProc.          0.000       NaN       NaN       NaN       NaN       NaN       NaN     0.499       NaN     1.200     1.308       NaN
WoodMach.           0.000       NaN       NaN       NaN       NaN       NaN       NaN     0.479       NaN     1.244     1.308       NaN
TextileMach.        0.000       NaN       NaN       NaN       NaN       NaN       NaN     0.396       NaN     1.224     1.284       NaN
PrintMach.          0.020     0.020     1.239     1.352     3.326     0.163     0.140    -0.079     1.528     1.218     1.000     0.500
OtherMach.          0.030     0.030     0.929     2.245    49.647     0.498     0.333     0.300     1.297     1.237     1.142     0.500
Fabricators         0.004     0.004     0.861     2.328    59.415     0.526     0.345     0.251     1.343     1.175     1.168     0.500
Prod.Inspectors     0.002     0.002     0.951     2.530    89.582     0.591     0.371     0.384     1.214     1.239     1.158     0.500
MotorVehicle        0.000     0.000     0.595     3.241   300.423     0.800     0.445     0.498     1.133     1.254     1.213     0.500
OtherVehicle        0.000     0.000     0.748     4.059   897.879     1.015     0.504     0.541       NaN     1.158     1.112     0.500
Freight             0.004     0.004     1.002     3.090   237.906     0.758     0.431     0.368     1.389     1.252     1.179     0.500
 
======================================
 YEAR = 1970
======================================
  Note: tauh* := (1+tauh)^eta - 1 
 
                       pY     pfitY         Z    TauHat      TauH     tauh*     TauW0     TauW1  wagegrth  wagegrWM ExpFactor     alpha
---------------------------------------------------------------------------------------------------------------------------------------
Home                0.499       NaN     1.000       NaN     0.000     0.000     0.000     0.000       NaN       NaN     1.002       NaN
Managers            0.013     0.013     0.869     2.596   161.542     0.689     0.349     0.280     1.332     1.204     1.096     0.450
MgmtRelated         0.003     0.003     0.955     2.555   334.812     0.820     0.287     0.135     1.348     1.111     1.300     0.361
Architects          0.000       NaN       NaN       NaN       NaN       NaN       NaN     0.245       NaN     1.071     1.457       NaN
Engineers           0.000       NaN       NaN       NaN       NaN       NaN       NaN     0.403       NaN     1.092     1.457       NaN
Math/CompSci        0.000     0.000     0.845     2.643   110.855     0.626     0.385     0.269     1.336     1.124     1.228     0.500
Science             0.001     0.001     0.987     2.402    69.343     0.550     0.355     0.465     1.034     1.246     1.122     0.500
Doctors             0.000     0.000     1.734     4.982836043.309     3.074     0.182     0.185     1.415     1.420     1.010     0.125
Nurses              0.011     0.011     1.274     1.173     2.555     0.140     0.028    -0.224     1.269     1.007     1.121     0.180
Therapists          0.001     0.001     1.259     1.616    22.740     0.386     0.143    -0.012     1.216     1.030     1.264     0.321
Professors          0.001     0.001     1.834     2.176     4.496     0.192     0.452     0.380     1.241     1.097     1.163     0.774
Teachers            0.034     0.034     1.294     1.209     0.610     0.050     0.131     0.122     1.060     1.048     1.106     0.742
Librarians          0.001     0.001     1.693     1.496   665.963     0.954    -0.306    -0.661     1.326     1.043     1.066    -0.663
Soc.Scientists      0.000     0.000     1.080     2.984   200.604     0.727     0.421     0.392     1.198     1.141     1.344     0.500
SocialWork          0.005     0.005     1.232     1.188     3.271     0.161     0.022    -0.070     1.070     0.978     1.146     0.131
Lawyers             0.000     0.000     0.706     1.875    20.124     0.369     0.270     0.598     0.620     1.153     1.208     0.500
Arts/Athletes       0.001     0.001     0.841     2.098     0.112     0.011     0.518     0.524     0.875     0.993     1.087     0.985
HealthTechs         0.013     0.013     1.156     1.053     4.118     0.183    -0.124    -0.385     1.244     1.010     1.137    -2.273
Eng.Techs           0.001     0.001     0.846     3.346   350.706     0.829     0.453     0.370     1.261     1.094     1.281     0.500
ScienceTechs        0.000     0.000     1.045     2.730   129.965     0.652     0.395     0.211     1.504     1.154     1.278     0.500
OtherTechs          0.001     0.001     0.750     2.246    49.808     0.499     0.333     0.429     0.929     1.086     1.288     0.500
Sales               0.021     0.021     1.144     2.914    62.658     0.534     0.474     0.419     1.148     1.040     1.000     0.600
Secretaries         0.036     0.036     0.940     0.718    -0.800    -0.153    -0.179    -0.818     1.269     1.120     1.184     0.499
Info.Clerks         0.005     0.005     0.958     1.321     8.201     0.257     0.049    -0.062     1.248     1.118     1.194     0.179
Records             0.008     0.008     1.128     1.649     1.124     0.081     0.345    -0.001     1.242     0.813     1.258     0.845
FinancialClerk      0.010     0.010     0.937     1.338     1.357     0.092     0.184    -0.010     1.306     1.056     1.253     0.697
OfficeMachine       0.002     0.002     0.870     1.123    -0.800    -0.153     0.246    -0.090     1.529     1.059     1.113     2.429
ComputerTech        0.009     0.009     0.991     1.425     9.867     0.279     0.102     0.096     1.254     1.245     1.000     0.306
Mail                0.007     0.007     0.777     1.136     2.418     0.135     0.001    -0.042     1.227     1.177     1.000     0.005
Clerks              0.004     0.004     0.956     2.374   450.137     0.877     0.210     0.033     1.358     1.110     1.223     0.272
Insurance           0.003     0.003     1.009     1.988    -0.621    -0.095     0.545     0.220     1.688     1.025     1.294     1.145
Misc.Admin          0.039     0.039     0.978     1.229     1.367     0.093     0.111    -0.060     1.282     1.075     1.188     0.570
PrivateHshld        0.045     0.045     1.479     1.163     4.237     0.186    -0.020    -0.722     1.398     0.828     1.000    -0.131
Firefighting        0.000       NaN       NaN       NaN       NaN       NaN       NaN     0.469       NaN     1.075     1.457       NaN
Police              0.000     0.000     0.748     3.304   329.772     0.818     0.450    -0.032     2.001     1.067     1.324     0.500
Guards              0.001     0.001     1.099     2.737  1260.290     1.086     0.238    -0.055     1.354     0.979     1.176     0.270
FoodPrep            0.031     0.031     1.259     1.434     8.500     0.261     0.120    -0.225     1.219     0.875     1.004     0.356
HealthService       0.030     0.030     1.187     0.709    -0.452    -0.060    -0.326    -0.579     1.303     1.094     1.146     0.820
Cleaning            0.004     0.004     1.192     2.507  1327.883     1.098     0.163    -0.234     1.489     1.009     1.214     0.194
PersonalService     0.040     0.040     1.328     1.800   480.630     0.889    -0.050    -0.523     1.381     0.951     1.000    -0.082
FarmMgrs            0.001     0.001     1.267     4.5602001318.532     3.457     0.023     0.116     0.995     1.100     1.000     0.015
FarmWork            0.004     0.004     1.286     2.180    22.885     0.387     0.364     0.097     1.690     1.190     1.000     0.581
Agriculture         0.000     0.000     0.891     3.759   617.810     0.939     0.484     0.406       NaN     0.966     1.349     0.500
Forest              0.000     0.000     0.913     2.381    66.453     0.543     0.352     0.495     0.851     1.092     1.000     0.500
Mechanics           0.000     0.000     0.994     7.063 13225.397     1.658     0.624     0.383     1.754     1.069     1.288     0.500
Elec.Repairer       0.000     0.000     1.071     7.137 13909.329     1.672     0.626     0.364     1.828     1.077     1.383     0.500
Misc.Repairer       0.001     0.001     0.810     3.526    16.943     0.346     0.618     0.618     1.083     1.082     1.141     0.764
Construction        0.001     0.001     1.496    10.401 86557.345     2.225     0.690     0.486     1.782     1.074     1.177     0.500
Extractive          0.000     0.000     0.762     3.679   556.495     0.918     0.479     0.593       NaN     1.200     1.032     0.500
Supervisor(P)       0.002     0.002     0.939     3.854    70.417     0.552     0.597     0.415     1.621     1.115     1.208     0.674
MetalWork           0.000     0.000     0.683     3.790   643.319     0.947     0.486     0.513     1.000     1.054     1.323     0.500
WoodWork            0.000     0.000     0.889     2.664   115.333     0.632     0.387     0.125     1.260     0.882     1.182     0.500
Textiles            0.001     0.001     1.008     2.098   301.946     0.801     0.141    -0.062     1.095     0.885     1.160     0.206
Other               0.000     0.000     0.893     2.304  2285.288     1.218     0.037     0.076     0.894     0.932     1.112     0.045
Food                0.002     0.002     1.175     3.206  1624.078     1.142     0.332     0.284     1.128     1.053     1.038     0.346
PlantOperator       0.000       NaN       NaN       NaN       NaN       NaN       NaN     0.386       NaN     1.127     1.457       NaN
MetalMach.          0.002     0.002     0.769     2.284    54.076     0.511     0.338     0.182     1.320     1.067     1.180     0.500
MetalProc.          0.000     0.000     0.870     3.990   825.538     0.997     0.499     0.306     1.498     1.080     1.412     0.500
WoodMach.           0.000     0.000     1.023     3.678   555.851     0.918     0.479     0.147     1.657     1.013     1.352     0.500
TextileMach.        0.001     0.001     0.818     2.738   131.769     0.655     0.396     0.351     1.052     0.980     1.198     0.500
PrintMach.          0.035     0.035     0.996     1.100     4.276     0.187    -0.079    -0.322     1.174     0.958     1.138    -0.793
OtherMach.          0.039     0.039     0.953     1.959    20.350     0.371     0.300     0.187     1.256     1.081     1.052     0.531
Fabricators         0.015     0.015     0.877     1.782    15.535     0.335     0.251     0.142     1.207     1.054     1.104     0.500
Prod.Inspectors     0.007     0.007     0.994     1.980     5.859     0.219     0.384     0.225     1.382     1.099     1.193     0.710
MotorVehicle        0.002     0.002     0.778     3.055    62.178     0.533     0.498     0.369     1.400     1.113     1.203     0.618
OtherVehicle        0.001     0.001     1.020     4.738  1902.458     1.177     0.541     0.314     1.720     1.152     1.173     0.500
Freight             0.007     0.007     0.994     2.386    52.626     0.507     0.368     0.130     1.484     1.077     1.277     0.528
 
======================================
 YEAR = 1980
======================================
  Note: tauh* := (1+tauh)^eta - 1 
 
                       pY     pfitY         Z    TauHat      TauH     tauh*     TauW0     TauW1  wagegrth  wagegrWM ExpFactor     alpha
---------------------------------------------------------------------------------------------------------------------------------------
Home                0.388       NaN     1.000       NaN     0.000     0.000     0.000     0.000       NaN       NaN     1.000       NaN
Managers            0.020     0.020     0.876     2.133    63.284     0.535     0.280     0.216     1.561     1.434     1.111     0.434
MgmtRelated         0.025     0.025     0.933     1.548    16.001     0.339     0.135     0.083     1.424     1.342     1.084     0.332
Architects          0.000     0.000     0.762     1.754    14.294     0.324     0.245     0.364       NaN     1.445     1.000     0.500
Engineers           0.001     0.001     0.814     2.804   148.099     0.674     0.403     0.379     1.370     1.318     1.089     0.500
Math/CompSci        0.002     0.002     0.848     1.739     9.276     0.271     0.269     0.093     1.610     1.298     1.084     0.566
Science             0.001     0.001     1.072     2.141     2.769     0.146     0.465     0.392     1.533     1.351     1.060     0.820
Doctors             0.001     0.001     1.146     2.726  2315.893     1.221     0.185     0.052     2.084     1.791     1.011     0.204
Nurses              0.014     0.014     1.172     0.979     4.817     0.199    -0.224    -0.345     1.501     1.366     1.077     9.656
Therapists          0.002     0.002     1.037     1.308    14.202     0.324    -0.012    -0.027     1.440     1.418     1.054    -0.045
Professors          0.002     0.002     1.732     1.437    -0.677    -0.110     0.380     0.398     1.462     1.505     1.000     1.321
Teachers            0.043     0.043     1.320     1.138    -0.002    -0.000     0.122     0.061     1.472     1.377     1.073     1.002
Librarians          0.001     0.001     1.321     0.978   109.740     0.624    -0.661    -0.635     1.352     1.373     1.027    22.728
Soc.Scientists      0.001     0.001     1.190     1.729     0.625     0.051     0.392     0.325     1.516     1.366     1.000     0.909
SocialWork          0.011     0.011     1.181     0.955     0.240     0.022    -0.070    -0.169     1.410     1.291     1.042     1.484
Lawyers             0.001     0.001     1.126     2.106    -0.800    -0.153     0.598     0.541     1.966     1.722     1.036     1.223
Arts/Athletes       0.003     0.003     0.984     1.779    -0.800    -0.153     0.524     0.444     1.494     1.331     1.064     1.288
HealthTechs         0.016     0.016     1.059     0.932    10.869     0.290    -0.385    -0.401     1.348     1.332     1.044     4.613
Eng.Techs           0.003     0.003     0.815     2.090    13.456     0.317     0.370     0.257     1.492     1.265     1.081     0.627
ScienceTechs        0.001     0.001     0.838     1.612     9.367     0.272     0.211     0.199     1.312     1.292     1.055     0.496
OtherTechs          0.005     0.005     0.907     1.695    -0.276    -0.033     0.429     0.434     1.310     1.321     1.058     1.063
Sales               0.031     0.031     1.074     2.373    21.589     0.379     0.419     0.409     1.307     1.285     1.000     0.628
Secretaries         0.060     0.060     0.991     0.466    -0.800    -0.153    -0.818    -1.040     1.283     1.202     1.000     0.783
Info.Clerks         0.010     0.010     1.066     0.976     0.422     0.037    -0.062    -0.156     1.261     1.158     1.028     2.524
Records             0.015     0.015     0.930     0.883    -0.697    -0.116    -0.001    -0.120     1.402     1.253     1.081     0.010
FinancialClerk      0.018     0.018     0.979     0.957    -0.285    -0.034    -0.010    -0.143     1.281     1.131     1.057     0.223
OfficeMachine       0.001     0.001     0.950     0.983     0.944     0.071    -0.090    -0.208     1.292     1.166     1.043     4.915
ComputerTech        0.015     0.015     0.861     1.115     0.076     0.008     0.096    -0.030     1.354     1.188     1.020     0.931
Mail                0.008     0.008     0.665     1.075     1.997     0.120    -0.042    -0.056     1.160     1.144     1.010    -0.566
Clerks              0.010     0.010     0.832     1.541    47.420     0.491     0.033    -0.105     1.360     1.191     1.062     0.076
Insurance           0.009     0.009     0.952     1.086    -0.800    -0.153     0.220     0.095     1.268     1.255     1.090     3.012
Misc.Admin          0.055     0.055     1.009     0.859    -0.600    -0.090    -0.060    -0.038     1.247     1.274     1.015     0.381
PrivateHshld        0.015     0.015     1.145     0.868    48.616     0.495    -0.722    -0.916     1.280     1.150     1.090     3.846
Firefighting        0.000     0.000     0.639     3.550   467.603     0.884     0.469     0.427     1.441     1.336     1.242     0.500
Police              0.002     0.002     0.808     2.209  2973.782     1.279    -0.032    -0.272     1.547     1.254     1.151    -0.039
Guards              0.002     0.002     0.922     1.637   199.527     0.726    -0.055    -0.204     1.292     1.133     1.073    -0.108
FoodPrep            0.022     0.022     1.192     1.272    73.088     0.558    -0.225    -0.325     1.229     1.136     1.075    -0.844
HealthService       0.037     0.037     1.162     0.733     3.124     0.157    -0.579    -0.500     1.260     1.326     1.085     1.469
Cleaning            0.008     0.008     0.997     1.748  1744.961     1.157    -0.234    -0.328     1.216     1.130     1.100    -0.376
PersonalService     0.015     0.015     1.170     1.176   286.895     0.792    -0.523    -0.638     1.205     1.120     1.040    -2.595
FarmMgrs            0.000     0.000     1.671     7.829143000421.193     5.918     0.116    -0.536     1.884     1.084     1.061     0.060
FarmWork            0.001     0.001     1.024     2.308  1254.165     1.085     0.097    -0.071     1.357     1.145     1.049     0.121
Agriculture         0.000     0.000     1.086     2.835   156.470     0.684     0.406     0.332     1.254     1.115     1.063     0.500
Forest              0.000     0.000     0.841     3.111    79.804     0.572     0.495     0.412     1.283     1.102     1.055     0.601
Mechanics           0.001     0.001     0.703     3.259   886.731     1.012     0.383    -0.107     2.079     1.160     1.170     0.408
Elec.Repairer       0.002     0.002     0.696     2.276    34.965     0.446     0.364     0.171     1.505     1.153     1.060     0.551
Misc.Repairer       0.001     0.001     0.817     3.036     3.205     0.159     0.618     0.509     1.417     1.102     1.000     0.867
Construction        0.002     0.002     0.795     3.784   641.918     0.946     0.486     0.415     1.272     1.118     1.000     0.500
Extractive          0.000     0.000     1.061     6.041  6188.725     1.458     0.593     0.178     2.287     1.132     1.000     0.500
Supervisor(P)       0.004     0.004     0.784     2.443    31.331     0.431     0.415     0.368     1.336     1.237     1.059     0.599
MetalWork           0.001     0.001     0.817     3.093    52.516     0.507     0.513     0.370     1.514     1.171     1.000     0.637
WoodWork            0.000     0.000     1.212     2.954 10094.548     1.585     0.125     0.051     1.254     1.156     1.038     0.123
Textiles            0.001     0.001     0.896     1.315    24.633     0.397    -0.062    -0.218     1.296     1.131     1.047    -0.222
Other               0.001     0.001     0.881     1.897   230.050     0.752     0.076     0.043     1.260     1.216     1.091     0.124
Food                0.002     0.002     0.949     2.437   222.096     0.745     0.284     0.102     1.321     1.054     1.130     0.375
PlantOperator       0.000     0.000     0.729     2.656   113.741     0.630     0.386     0.279     1.433     1.219     1.000     0.500
MetalMach.          0.003     0.003     0.780     2.060   158.476     0.686     0.182    -0.022     1.417     1.135     1.052     0.277
MetalProc.          0.001     0.001     0.857     2.051    29.997     0.424     0.306     0.236     1.326     1.205     1.000     0.508
WoodMach.           0.000     0.000     0.900     2.009   186.561     0.714     0.147     0.126     1.087     1.061     1.000     0.227
TextileMach.        0.001     0.001     0.944     2.408    74.743     0.562     0.351     0.201     1.444     1.172     1.023     0.493
PrintMach.          0.031     0.031     0.934     0.836     1.632     0.105    -0.322    -0.220     1.128     1.222     1.005     1.556
OtherMach.          0.022     0.022     0.844     1.768    33.052     0.438     0.187     0.101     1.283     1.160     1.041     0.362
Fabricators         0.020     0.020     0.815     1.633    25.294     0.400     0.142    -0.011     1.330     1.128     1.039     0.313
Prod.Inspectors     0.009     0.009     0.846     1.495     3.152     0.158     0.225     0.240     1.173     1.195     1.036     0.635
MotorVehicle        0.005     0.005     0.790     2.581   113.332     0.629     0.369     0.157     1.439     1.078     1.132     0.485
OtherVehicle        0.001     0.001     0.771     3.067  1366.255     1.104     0.314     0.120     1.474     1.149     1.004     0.336
Freight             0.016     0.016     0.894     1.775    67.036     0.544     0.130     0.034     1.227     1.105     1.027     0.242
 
======================================
 YEAR = 1990
======================================
  Note: tauh* := (1+tauh)^eta - 1 
 
                       pY     pfitY         Z    TauHat      TauH     tauh*     TauW0     TauW1  wagegrth  wagegrWM ExpFactor     alpha
---------------------------------------------------------------------------------------------------------------------------------------
Home                0.355       NaN     1.000       NaN     0.000     0.000     0.000     0.000       NaN       NaN     1.000       NaN
Managers            0.033     0.033     0.812     1.852    36.275     0.452     0.216     0.253     1.401     1.469     1.000     0.395
MgmtRelated         0.036     0.036     0.871     1.376     8.636     0.263     0.083     0.114     1.295     1.340     1.045     0.270
Architects          0.000     0.000     0.781     2.471    79.742     0.572     0.364     0.415     1.250     1.360     1.000     0.500
Engineers           0.002     0.002     0.684     2.178    17.763     0.353     0.379     0.441     1.152     1.279     1.000     0.612
Math/CompSci        0.004     0.004     0.758     1.606    37.485     0.456     0.093     0.051     1.233     1.178     1.054     0.207
Science             0.001     0.001     0.891     1.618    -0.155    -0.017     0.392     0.455     1.279     1.426     1.000     1.036
Doctors             0.002     0.002     0.964     1.946   382.830     0.846     0.052     0.155     1.584     1.778     1.065     0.079
Nurses              0.018     0.018     0.856     0.883     4.296     0.187    -0.345    -0.407     1.300     1.243     1.007     2.376
Therapists          0.003     0.003     0.865     1.056     1.208     0.085    -0.027     0.036     1.247     1.329     1.000    -0.495
Professors          0.001     0.001     1.977     1.643    -0.101    -0.011     0.398     0.311     1.586     1.440     1.119     1.022
Teachers            0.029     0.029     1.185     1.076     0.101     0.010     0.061     0.067     1.230     1.238     1.096     0.865
Librarians          0.001     0.001     1.361     1.019   141.445     0.667    -0.635    -0.673     1.316     1.286     1.000   -25.994
Soc.Scientists      0.002     0.002     1.079     1.530     0.367     0.033     0.325     0.310     1.419     1.389     1.000     0.924
SocialWork          0.011     0.011     1.034     0.838    -0.184    -0.021    -0.169    -0.110     1.187     1.251     1.000     0.882
Lawyers             0.002     0.002     0.964     1.865    -0.779    -0.144     0.541     0.468     1.181     1.391     1.006     1.249
Arts/Athletes       0.005     0.005     0.840     1.523    -0.800    -0.153     0.444     0.450     1.267     1.311     1.000     1.394
HealthTechs         0.016     0.016     0.904     0.923    11.163     0.293    -0.401    -0.358     1.254     1.295     1.064     4.223
Eng.Techs           0.002     0.002     0.784     2.121    81.989     0.576     0.257     0.180     1.315     1.191     1.091     0.395
ScienceTechs        0.001     0.001     0.780     1.620    11.596     0.298     0.199     0.144     1.299     1.216     1.123     0.459
OtherTechs          0.008     0.008     0.789     1.572    -0.676    -0.110     0.434     0.479     1.453     1.580     1.009     1.257
Sales               0.052     0.052     0.992     2.137     8.685     0.263     0.409     0.444     1.192     1.266     1.000     0.692
Secretaries         0.052     0.052     0.901     0.415    -0.800    -0.153    -1.040    -0.919     1.214     1.291     1.000     0.811
Info.Clerks         0.014     0.014     0.995     0.866     0.009     0.001    -0.156    -0.168     1.201     1.188     1.037     1.006
Records             0.011     0.011     0.935     0.813    -0.600    -0.090    -0.120    -0.165     1.104     1.061     1.000     0.545
FinancialClerk      0.018     0.018     0.886     0.774    -0.696    -0.116    -0.143    -0.199     1.268     1.208     1.098     0.522
OfficeMachine       0.001     0.001     0.967     1.067    10.696     0.288    -0.208    -0.568     2.009     1.547     1.098    -2.915
ComputerTech        0.012     0.012     0.846     1.056     1.256     0.087    -0.030     0.007     1.119     1.160     1.026    -0.535
Mail                0.011     0.011     0.666     0.974     0.319     0.029    -0.056    -0.009     1.055     1.105     1.000     2.082
Clerks              0.012     0.012     0.830     1.411    73.487     0.559    -0.105    -0.074     1.142     1.175     1.024    -0.289
Insurance           0.018     0.018     0.889     0.936    -0.800    -0.153     0.095     0.077     1.234     1.239     1.041    -1.517
Misc.Admin          0.051     0.051     0.981     0.852    -0.699    -0.116    -0.038    -0.106     1.269     1.190     1.038     0.230
PrivateHshld        0.014     0.014     1.120     0.775    45.451     0.485    -0.916    -1.466     1.294     1.005     1.113     2.552
Firefighting        0.000     0.000     0.752     3.439   716.720     0.969     0.427     0.198     1.775     1.267     1.027     0.452
Police              0.006     0.006     0.669     1.404   278.010     0.786    -0.272    -0.226     1.190     1.235     1.065    -0.710
Guards              0.004     0.004     0.845     1.272    61.303     0.531    -0.204    -0.298     1.256     1.164     1.162    -0.771
FoodPrep            0.027     0.027     1.151     1.301   196.050     0.723    -0.325    -0.425     1.301     1.210     1.114    -1.071
HealthService       0.044     0.044     1.097     0.713     0.920     0.070    -0.500    -0.820     1.364     1.124     1.119     1.199
Cleaning            0.010     0.010     1.020     1.687  2507.924     1.239    -0.328    -0.443     1.236     1.137     1.055    -0.542
PersonalService     0.015     0.015     1.075     1.020   145.583     0.672    -0.638    -0.607     1.333     1.359     1.071   -24.399
FarmMgrs            0.000     0.000     1.183     5.7141438781790.813     7.776    -0.536    -0.136     0.896     1.211     1.000    -0.246
FarmWork            0.001     0.001     0.996     2.288  6007.261     1.450    -0.071    -0.086     1.128     1.112     1.030    -0.083
Agriculture         0.001     0.001     0.965     2.680   284.714     0.790     0.332     0.252     1.328     1.186     1.067     0.409
Forest              0.000     0.000     0.795     2.705    89.839     0.591     0.412     0.333     1.339     1.182     1.107     0.533
Mechanics           0.001     0.001     0.675     2.763 51776.912     2.059    -0.107    -0.167     1.271     1.206     1.093    -0.100
Elec.Repairer       0.001     0.001     0.636     1.898    80.954     0.574     0.171     0.018     1.378     1.164     1.054     0.292
Misc.Repairer       0.001     0.001     0.784     2.722    15.766     0.337     0.509     0.434     1.328     1.152     1.000     0.710
Construction        0.002     0.002     0.730     3.164   393.969     0.851     0.415     0.379     1.238     1.167     1.000     0.465
Extractive          0.000     0.000     0.648     2.836  3687.911     1.330     0.178     0.210     1.096     1.140     1.000     0.188
Supervisor(P)       0.002     0.002     0.788     2.519    90.546     0.592     0.368     0.250     1.389     1.170     1.130     0.496
MetalWork           0.001     0.001     0.748     2.812   256.031     0.771     0.370     0.386     1.114     1.142     1.000     0.447
WoodWork            0.000     0.000     1.053     3.014 27034.253     1.861     0.051    -0.090     1.326     1.155     1.000     0.047
Textiles            0.001     0.001     0.912     1.269    67.564     0.546    -0.218    -0.456     1.365     1.141     1.000    -0.825
Other               0.001     0.001     0.844     1.723   127.061     0.648     0.043    -0.427     1.715     1.150     1.264     0.081
Food                0.003     0.003     0.980     1.859   143.238     0.669     0.102    -0.064     1.302     1.098     1.084     0.174
PlantOperator       0.000     0.000     0.780     3.222  3581.683     1.323     0.279     0.094     1.441     1.146     1.126     0.280
MetalMach.          0.001     0.001     0.860     2.266  3456.540     1.315    -0.022    -0.157     1.264     1.116     1.106    -0.026
MetalProc.          0.000     0.000     0.845     2.250   190.663     0.718     0.236     0.192     1.224     1.157     1.121     0.332
WoodMach.           0.000     0.000     0.933     2.204   581.541     0.927     0.126    -0.244     2.060     1.448     1.271     0.170
TextileMach.        0.001     0.001     0.801     2.011    98.964     0.607     0.201     0.229     1.087     1.127     1.014     0.321
PrintMach.          0.023     0.023     0.969     0.953     3.312     0.162    -0.220    -0.347     1.251     1.134     1.000     4.111
OtherMach.          0.014     0.014     0.880     1.803   108.377     0.622     0.101    -0.008     1.278     1.140     1.087     0.180
Fabricators         0.014     0.014     0.825     1.584    95.763     0.602    -0.011    -0.091     1.258     1.165     1.033    -0.024
Prod.Inspectors     0.007     0.007     0.898     1.560     4.221     0.186     0.240     0.205     1.247     1.193     1.000     0.617
MotorVehicle        0.007     0.007     0.818     2.283   573.893     0.924     0.157     0.053     1.310     1.166     1.110     0.207
OtherVehicle        0.001     0.001     0.691     2.636  3543.121     1.321     0.120    -0.060     1.385     1.150     1.041     0.131
Freight             0.012     0.012     0.913     1.704   125.630     0.646     0.034    -0.095     1.305     1.152     1.092     0.065
 
======================================
 YEAR = 2000
======================================
  Note: tauh* := (1+tauh)^eta - 1 
 
                       pY     pfitY         Z    TauHat      TauH     tauh*     TauW0     TauW1  wagegrth  wagegrWM ExpFactor     alpha
---------------------------------------------------------------------------------------------------------------------------------------
Home                0.333       NaN     1.000       NaN     0.000     0.000     0.000     0.000       NaN       NaN     1.000       NaN
Managers            0.035     0.035     0.983     1.795    16.286     0.341     0.253     0.178     1.409     1.282     1.043     0.498
MgmtRelated         0.046     0.046     1.051     1.340     4.313     0.188     0.114     0.142     1.292     1.335     1.033     0.412
Architects          0.000     0.000     1.011     2.170     9.122     0.269     0.415     0.356     1.299     1.349     1.000     0.692
Engineers           0.003     0.003     0.850     1.848     0.379     0.034     0.441     0.477     1.230     1.316     1.000     0.946
Math/CompSci        0.008     0.008     0.913     1.600    56.812     0.519     0.051     0.013     1.277     1.229     1.064     0.111
Science             0.001     0.001     1.252     1.558    -0.795    -0.150     0.455     0.378     1.732     1.548     1.055     1.368
Doctors             0.002     0.002     1.247     1.704    33.317     0.439     0.155     0.111     1.854     1.761     1.046     0.316
Nurses              0.016     0.016     0.990     0.856     5.056     0.204    -0.407    -0.404     1.355     1.357     1.088     2.192
Therapists          0.003     0.003     1.137     1.161     1.987     0.119     0.036     0.136     1.252     1.396     1.023     0.245
Professors          0.003     0.003     2.009     1.230    -0.800    -0.153     0.311     0.270     1.482     1.540     1.079     1.802
Teachers            0.047     0.047     1.499     1.037    -0.276    -0.033     0.067     0.130     1.261     1.351     1.035     1.912
Librarians          0.000     0.000     1.541     1.039   212.141     0.737    -0.673    -0.736     1.485     1.431     1.046   -13.596
Soc.Scientists      0.001     0.001     1.286     1.345    -0.518    -0.072     0.310     0.317     1.269     1.510     1.000     1.253
SocialWork          0.014     0.014     1.270     0.826    -0.573    -0.084    -0.110    -0.091     1.228     1.250     1.021     0.542
Lawyers             0.003     0.003     1.191     1.592    -0.800    -0.153     0.468     0.472     1.424     1.525     1.040     1.356
Arts/Athletes       0.005     0.005     1.068     1.541    -0.800    -0.153     0.450     0.432     1.212     1.226     1.000     1.383
HealthTechs         0.017     0.017     1.110     0.974    14.041     0.322    -0.358    -0.343     1.281     1.295     1.093    11.512
Eng.Techs           0.002     0.002     0.918     1.720    27.370     0.411     0.180     0.236     1.156     1.242     1.016     0.365
ScienceTechs        0.001     0.001     0.989     1.443     6.768     0.235     0.144     0.132     1.269     1.251     1.003     0.424
OtherTechs          0.009     0.009     0.952     1.674    -0.736    -0.128     0.479     0.517     1.193     1.287     1.008     1.266
Sales               0.061     0.061     1.215     1.940     1.105     0.080     0.444     0.462     1.115     1.154     1.000     0.884
Secretaries         0.031     0.031     1.128     0.600     2.942     0.152    -0.919    -0.903     1.127     1.136     1.000     1.277
Info.Clerks         0.017     0.017     1.229     0.768    -0.650    -0.103    -0.168    -0.159     1.147     1.156     1.035     0.590
Records             0.007     0.007     1.175     0.804    -0.471    -0.063    -0.165    -0.191     1.205     1.179     1.008     0.700
FinancialClerk      0.020     0.020     1.085     0.710    -0.791    -0.149    -0.199    -0.106     1.153     1.251     1.002     0.530
OfficeMachine       0.003     0.003     0.910     0.751     3.887     0.178    -0.568    -0.745     1.191     1.070     1.000     1.570
ComputerTech        0.005     0.005     1.147     1.098     1.307     0.090     0.007     0.136     1.100     1.264     1.000     0.080
Mail                0.006     0.006     0.955     1.039     0.574     0.048    -0.009     0.008     1.180     1.199     1.000    -0.226
Clerks              0.012     0.012     1.058     1.376    43.291     0.478    -0.074    -0.168     1.174     1.080     1.053    -0.223
Insurance           0.045     0.045     1.102     0.918    -0.800    -0.153     0.077     0.058     1.141     1.118     1.027    -0.945
Misc.Admin          0.033     0.033     1.217     0.809    -0.658    -0.105    -0.106    -0.095     1.207     1.220     1.000     0.478
PrivateHshld        0.010     0.010     1.355     0.673   136.052     0.660    -1.466    -1.587     1.087     1.036     1.000     2.280
Firefighting        0.000     0.000     0.892     2.828  2833.287     1.268     0.198    -0.097     1.799     1.315     1.000     0.212
Police              0.010     0.010     0.913     1.476   315.562     0.809    -0.226    -0.171     1.228     1.285     1.039    -0.523
Guards              0.006     0.006     1.157     1.209    78.565     0.570    -0.298    -0.324     1.182     1.158     1.020    -1.373
FoodPrep            0.024     0.024     1.354     1.324   473.159     0.886    -0.425    -0.514     1.063     1.000     1.054    -1.262
HealthService       0.053     0.053     1.293     0.582     0.753     0.060    -0.820    -0.750     1.113     1.158     1.062     1.107
Cleaning            0.005     0.005     1.195     1.614  3684.650     1.330    -0.443    -0.460     1.088     1.075     1.060    -0.766
PersonalService     0.029     0.029     1.291     0.901    35.398     0.448    -0.607    -0.557     1.053     1.087     1.024     4.557
FarmMgrs            0.000       NaN       NaN       NaN       NaN       NaN    -0.136     0.520       NaN     1.308     1.000       NaN
FarmWork            0.001     0.001     1.210     2.385 10304.132     1.590    -0.086     0.026     0.938     1.046     1.000    -0.095
Agriculture         0.001     0.001     1.051     2.402   293.795     0.796     0.252     0.167     1.094     0.982     1.034     0.332
Forest              0.000     0.000     0.888     1.982    13.951     0.321     0.333     0.488     0.861     1.122     1.000     0.593
Mechanics           0.001     0.001     0.864     2.775 90362.138     2.239    -0.167    -0.288     1.203     1.090     1.034    -0.152
Elec.Repairer       0.001     0.001     0.790     1.784   229.567     0.751     0.018    -0.036     1.202     1.138     1.000     0.032
Misc.Repairer       0.001     0.001     0.908     2.294    11.626     0.298     0.434     0.378     1.213     1.103     1.000     0.685
Construction        0.002     0.002     0.869     3.152   672.135     0.956     0.379     0.387     1.055     1.068     1.008     0.416
Extractive          0.000       NaN       NaN       NaN       NaN       NaN     0.210     0.547       NaN     1.282     1.000       NaN
Supervisor(P)       0.003     0.003     0.930     1.960    41.313     0.471     0.250     0.233     1.203     1.177     1.024     0.427
MetalWork           0.001     0.001     0.864     2.366    36.509     0.453     0.386     0.450     0.963     1.076     1.000     0.566
WoodWork            0.000     0.000     1.163     2.904 71898.032     2.164    -0.090    -0.338     1.281     1.043     1.204    -0.081
Textiles            0.000     0.000     1.359     2.308129126.130     2.361    -0.456    -0.968     1.336     0.989     1.000    -0.450
Other               0.004     0.004     1.106     1.069    59.351     0.525    -0.427    -0.652     1.282     1.107     1.096    -5.306
Food                0.002     0.002     1.180     1.562   137.805     0.662    -0.064    -0.157     1.088     1.001     1.042    -0.140
PlantOperator       0.000     0.000     0.862     3.412 57649.521     2.093     0.094    -0.108     1.444     1.181     1.354     0.080
MetalMach.          0.001     0.001     1.044     1.925  2365.235     1.226    -0.157    -0.280     1.096     0.990     1.000    -0.222
MetalProc.          0.000     0.000     1.027     1.975    92.395     0.596     0.192     0.153     1.058     1.009     1.000     0.313
WoodMach.           0.002     0.002     0.988     1.629   947.212     1.026    -0.244    -0.276     1.056     1.030     1.022    -0.448
TextileMach.        0.001     0.001     1.086     2.088   100.475     0.609     0.229     0.144     1.135     1.022     1.014     0.353
PrintMach.          0.007     0.007     1.141     1.081    37.258     0.456    -0.347    -0.340     0.976     0.981     1.000    -3.826
OtherMach.          0.012     0.012     1.046     1.579    90.264     0.592    -0.008    -0.028     1.078     1.058     1.000    -0.018
Fabricators         0.011     0.011     0.983     1.461    91.389     0.594    -0.091    -0.116     1.077     1.053     1.000    -0.230
Prod.Inspectors     0.005     0.005     1.079     1.461     3.284     0.162     0.205     0.234     1.112     1.154     1.000     0.605
MotorVehicle        0.009     0.009     1.005     1.988   462.721     0.882     0.053    -0.057     1.164     1.043     1.103     0.080
OtherVehicle        0.000     0.000     0.757     2.147  2946.140     1.277    -0.060    -0.189     1.295     1.155     1.000    -0.077
Freight             0.009     0.009     1.109     1.552   170.027     0.698    -0.095    -0.142     1.067     1.022     1.000    -0.206
 
======================================
 YEAR = 2010
======================================
  Note: tauh* := (1+tauh)^eta - 1 
 
                       pY     pfitY         Z    TauHat      TauH     tauh*     TauW0     TauW1  wagegrth  wagegrWM ExpFactor     alpha
---------------------------------------------------------------------------------------------------------------------------------------
Home                0.280       NaN     1.000       NaN     0.000     0.000     0.000       NaN     0.000     0.000     0.000       NaN
Managers            0.041     0.041     0.846     1.563    10.330     0.284     0.178       NaN     0.000     0.000     0.000     0.440
MgmtRelated         0.040     0.040     0.897     1.343     2.955     0.152     0.142       NaN     0.000     0.000     0.000     0.520
Architects          0.000     0.000     0.601     1.315    -0.800    -0.153     0.356       NaN     0.000     0.000     0.000     1.605
Engineers           0.002     0.002     0.703     1.896    -0.083    -0.009     0.477       NaN     0.000     0.000     0.000     1.014
Math/CompSci        0.008     0.008     0.788     1.548    59.961     0.527     0.013       NaN     0.000     0.000     0.000     0.031
Science             0.002     0.002     1.038     1.362    -0.800    -0.153     0.378       NaN     0.000     0.000     0.000     1.536
Doctors             0.003     0.003     0.995     1.430     9.314     0.272     0.111       NaN     0.000     0.000     0.000     0.328
Nurses              0.023     0.023     0.870     0.849     4.469     0.191    -0.404       NaN     0.000     0.000     0.000     2.066
Therapists          0.006     0.006     0.985     0.986    -0.788    -0.148     0.136       NaN     0.000     0.000     0.000   -10.149
Professors          0.004     0.004     1.867     1.160    -0.800    -0.153     0.270       NaN     0.000     0.000     0.000     2.114
Teachers            0.057     0.057     1.268     1.025    -0.670    -0.108     0.130       NaN     0.000     0.000     0.000     5.558
Librarians          0.000     0.000     1.400     0.955   134.371     0.658    -0.736       NaN     0.000     0.000     0.000    11.970
Soc.Scientists      0.002     0.002     0.938     1.240    -0.800    -0.153     0.317       NaN     0.000     0.000     0.000     1.772
SocialWork          0.017     0.017     1.102     0.823    -0.650    -0.103    -0.091       NaN     0.000     0.000     0.000     0.445
Lawyers             0.003     0.003     0.967     1.606    -0.800    -0.153     0.472       NaN     0.000     0.000     0.000     1.350
Arts/Athletes       0.005     0.005     0.944     1.491    -0.800    -0.153     0.432       NaN     0.000     0.000     0.000     1.415
HealthTechs         0.022     0.022     0.871     0.873     3.679     0.172    -0.343       NaN     0.000     0.000     0.000     2.166
Eng.Techs           0.001     0.001     0.798     1.726    13.657     0.319     0.236       NaN     0.000     0.000     0.000     0.494
ScienceTechs        0.001     0.001     0.778     1.186     0.329     0.030     0.132       NaN     0.000     0.000     0.000     0.828
OtherTechs          0.007     0.007     0.839     1.798    -0.747    -0.132     0.517       NaN     0.000     0.000     0.000     1.241
Sales               0.077     0.077     1.166     1.795    -0.294    -0.035     0.462       NaN     0.000     0.000     0.000     1.061
Secretaries         0.024     0.024     1.050     0.643     6.065     0.223    -0.903       NaN     0.000     0.000     0.000     1.455
Info.Clerks         0.018     0.018     1.094     0.773    -0.658    -0.105    -0.159       NaN     0.000     0.000     0.000     0.572
Records             0.006     0.006     1.071     0.859     0.252     0.023    -0.191       NaN     0.000     0.000     0.000     1.153
FinancialClerk      0.013     0.013     0.968     0.810    -0.656    -0.104    -0.106       NaN     0.000     0.000     0.000     0.477
OfficeMachine       0.001     0.001     0.978     0.797    23.596     0.391    -0.745       NaN     0.000     0.000     0.000     2.453
ComputerTech        0.002     0.002     0.977     1.074    -0.520    -0.073     0.136       NaN     0.000     0.000     0.000     2.065
Mail                0.003     0.003     0.786     1.055     0.567     0.047     0.008       NaN     0.000     0.000     0.000     0.141
Clerks              0.015     0.015     0.971     1.211    27.964     0.414    -0.168       NaN     0.000     0.000     0.000    -0.811
Insurance           0.048     0.048     1.007     0.906    -0.784    -0.146     0.058       NaN     0.000     0.000     0.000    -0.608
Misc.Admin          0.025     0.025     1.066     0.855    -0.473    -0.064    -0.095       NaN     0.000     0.000     0.000     0.578
PrivateHshld        0.012     0.012     1.154     0.599    69.726     0.551    -1.587       NaN     0.000     0.000     0.000     1.857
Firefighting        0.000     0.000     0.711     3.8821281013.829     3.257    -0.097       NaN     0.000     0.000     0.000    -0.068
Police              0.009     0.009     0.779     1.508   248.828     0.766    -0.171       NaN     0.000     0.000     0.000    -0.385
Guards              0.010     0.010     1.041     1.212    98.042     0.605    -0.324       NaN     0.000     0.000     0.000    -1.461
FoodPrep            0.035     0.035     1.284     1.297   695.973     0.963    -0.514       NaN     0.000     0.000     0.000    -1.597
HealthService       0.086     0.086     1.167     0.598     0.558     0.047    -0.750       NaN     0.000     0.000     0.000     1.089
Cleaning            0.007     0.007     1.104     1.542  2640.907     1.251    -0.460       NaN     0.000     0.000     0.000    -0.873
PersonalService     0.034     0.034     1.228     0.918    31.026     0.429    -0.557       NaN     0.000     0.000     0.000     5.168
FarmMgrs            0.000     0.000     1.144     4.339  1240.916     1.083     0.520       NaN     0.000     0.000     0.000     0.500
FarmWork            0.000     0.000     0.917     2.844 19871.318     1.772     0.026       NaN     0.000     0.000     0.000     0.025
Agriculture         0.001     0.001     0.934     2.229   406.205     0.857     0.167       NaN     0.000     0.000     0.000     0.228
Forest              0.000       NaN       NaN       NaN       NaN       NaN     0.488       NaN     0.000     0.000     0.000       NaN
Mechanics           0.001     0.001     0.777     2.776235745.342     2.576    -0.288       NaN     0.000     0.000     0.000    -0.248
Elec.Repairer       0.001     0.001     0.771     2.268  4007.357     1.350    -0.036       NaN     0.000     0.000     0.000    -0.044
Misc.Repairer       0.000     0.000     0.883     2.851   260.421     0.774     0.378       NaN     0.000     0.000     0.000     0.453
Construction        0.001     0.001     0.766     3.169   634.134     0.944     0.387       NaN     0.000     0.000     0.000     0.424
Extractive          0.000     0.000     0.883     4.875  2184.933     1.208     0.547       NaN     0.000     0.000     0.000     0.500
Supervisor(P)       0.001     0.001     0.835     2.100   100.588     0.610     0.233       NaN     0.000     0.000     0.000     0.358
MetalWork           0.000     0.000     0.917     3.070   159.712     0.687     0.450       NaN     0.000     0.000     0.000     0.534
WoodWork            0.000     0.000     1.150     3.1631212628.598     3.233    -0.338       NaN     0.000     0.000     0.000    -0.253
Textiles            0.000     0.000     0.769     1.546 49059.578     2.042    -0.968       NaN     0.000     0.000     0.000    -1.554
Other               0.008     0.008     0.902     0.831    20.834     0.374    -0.652       NaN     0.000     0.000     0.000     2.720
Food                0.003     0.003     1.007     1.354    77.140     0.567    -0.157       NaN     0.000     0.000     0.000    -0.481
PlantOperator       0.000     0.000     0.716     2.892 81347.418     2.205    -0.108       NaN     0.000     0.000     0.000    -0.097
MetalMach.          0.000     0.000     1.128     2.822260947.118     2.613    -0.280       NaN     0.000     0.000     0.000    -0.238
MetalProc.          0.000     0.000     0.947     1.898    99.228     0.607     0.153       NaN     0.000     0.000     0.000     0.259
WoodMach.           0.001     0.001     0.833     1.729  2170.290     1.206    -0.276       NaN     0.000     0.000     0.000    -0.445
TextileMach.        0.001     0.001     0.984     1.777    57.867     0.522     0.144       NaN     0.000     0.000     0.000     0.270
PrintMach.          0.002     0.002     1.085     1.276   182.341     0.710    -0.340       NaN     0.000     0.000     0.000    -1.201
OtherMach.          0.007     0.007     0.952     1.665   182.922     0.711    -0.028       NaN     0.000     0.000     0.000    -0.054
Fabricators         0.006     0.006     0.926     1.706   516.889     0.904    -0.116       NaN     0.000     0.000     0.000    -0.205
Prod.Inspectors     0.003     0.003     1.066     1.919    41.132     0.470     0.234       NaN     0.000     0.000     0.000     0.409
MotorVehicle        0.009     0.009     0.972     1.871   747.532     0.977    -0.057       NaN     0.000     0.000     0.000    -0.088
OtherVehicle        0.000     0.000     0.792     3.219457182.632     2.828    -0.189       NaN     0.000     0.000     0.000    -0.148
Freight             0.008     0.008     1.036     1.588   322.570     0.814    -0.142       NaN     0.000     0.000     0.000    -0.288
 
mg(g,t):
mg =

   6.5263e+16   7.0415e+16   2.8585e+16   3.8456e+16   1.2110e+17   4.9005e+16
   7.6265e+15   1.0536e+16   5.7993e+15   1.1258e+16   5.2114e+16   2.3891e+16
   2.7898e+16   3.6906e+16   1.0545e+16   1.3153e+16   4.8683e+16   2.1930e+16
   8.7809e+15   1.3856e+16   6.8814e+15   1.1023e+16   5.2840e+16   2.6298e+16

 
 
 
AlphaSplitYoung for WW:
 
                   1960    1970    1980    1990    2000    2010
---------------------------------------------------------------
Home                NaN     NaN     NaN     NaN     NaN     NaN
Managers          0.500   0.589   0.768   1.000   1.000   1.000
MgmtRelated       0.500   0.436   0.518   0.870   1.000   1.000
Architects        0.500   0.000   0.000   0.000   0.000   0.000
Engineers         0.500   0.489   0.606   0.710   0.887   0.974
Math/CompSci      0.500   0.728   1.000   1.000   0.959   0.922
Science           0.500   0.440   0.855   1.000   1.000   1.000
Doctors           0.500   0.622   0.833   1.000   1.000   1.000
Nurses            0.500   0.685   0.808   0.601   0.703   0.474
Therapists        0.500   0.708   0.000   0.674   0.470   0.467
Professors        0.500   0.615   0.980   1.000   1.000   1.000
Teachers          0.500   0.293   0.000   0.651   0.509   0.114
Librarians        0.500   0.992   0.441   0.313   0.464   0.570
Soc.Scientists    0.500   0.845   1.000   1.000   1.000   0.000
SocialWork        0.500   0.596   0.000   1.000   0.080   0.000
Lawyers           0.500   0.575   1.000   1.000   1.000   1.000
Arts/Athletes     0.500   0.606   1.000   1.000   1.000   1.000
HealthTechs       0.500   0.596   0.820   0.438   0.325   0.000
Eng.Techs         0.500   0.514   0.608   0.578   0.656   0.784
ScienceTechs      0.500   0.452   0.689   0.825   0.749   0.981
OtherTechs        0.500   0.508   0.844   1.000   1.000   1.000
Sales             0.500   0.545   0.582   0.759   0.970   1.000
Secretaries       0.654   0.660   0.789   0.812   1.000   1.000
Info.Clerks       0.500   0.073   0.000   0.498   0.384   0.285
Records           0.500   0.605   1.000   1.000   1.000   1.000
FinancialClerk    0.500   0.911   0.249   0.493   0.661   0.678
OfficeMachine     0.500   0.522   0.000   0.000   0.000   1.000
ComputerTech      0.500   0.061   0.652   0.567   0.433   1.000
Mail              0.500   0.446   0.292   0.140   0.171   0.090
Clerks            0.500   0.342   0.271   0.294   0.400   0.347
Insurance         0.500   0.677   1.000   0.000   0.000   0.000
Misc.Admin        0.500   0.425   0.661   0.000   0.075   0.046
PrivateHshld      0.500   0.283   0.000   0.000   1.000   1.000
Firefighting        NaN   0.500   0.760   0.929   0.932   0.917
Police            0.500   0.450   0.531   0.535   0.455   0.570
Guards            0.500   0.320   0.105   0.000   0.000   0.000
FoodPrep          0.500   0.361   0.000   0.000   0.000   0.000
HealthService     0.500   1.000   1.000   0.543   0.674   0.536
Cleaning          0.500   0.480   0.341   0.274   0.143   0.132
PersonalService   0.500   0.622   0.928   1.000   1.000   0.000
FarmMgrs          0.500   0.399   0.531   0.425   0.326   0.358
FarmWork          0.500   0.148   0.000   0.000   0.000   0.000
Agriculture       0.500   0.431   0.294   0.193   0.073   0.000
Forest              NaN   0.500   0.643   0.577   0.435   0.515
Mechanics         0.500   0.414   0.539   0.272   0.249   0.169
Elec.Repairer     0.500   0.471   0.371   0.264   0.227   0.198
Misc.Repairer     0.500   0.457   0.419   0.451   0.413   0.409
Construction      0.500   0.456   0.526   0.474   0.443   0.393
Extractive        0.500   0.500   0.510   0.463   0.460   0.331
Supervisor(P)     0.500   0.422   0.427   0.430   0.421   0.444
MetalWork         0.500   0.513   0.627   0.570   0.561   0.578
WoodWork          0.500   0.500   0.191   0.287   0.203   0.000
Textiles          0.500   0.280   0.000   0.000   0.000   0.000
Other             0.500   0.355   0.254   0.304   1.000   1.000
Food              0.500   0.332   0.280   0.118   0.000   0.000
PlantOperator     0.500   0.304   0.432   0.478   0.505   0.780
MetalMach.        0.500   0.451   0.366   0.374   0.263   0.183
MetalProc.        0.500   0.425   0.326   0.388   0.322   0.245
WoodMach.         0.500   0.500   0.346   0.246   0.139   0.093
TextileMach.      0.500   0.525   0.522   0.450   0.383   0.402
PrintMach.        0.500   0.000   0.000   0.000   0.000   0.000
OtherMach.        0.500   0.471   0.426   0.420   0.288   0.310
Fabricators       0.500   0.438   0.331   0.239   0.156   0.160
Prod.Inspectors   0.500   0.536   0.531   0.613   0.661   0.754
MotorVehicle      0.500   0.463   0.604   0.525   0.480   0.440
OtherVehicle      0.500   0.000   0.000   0.000   0.000   0.000
Freight           0.500   0.346   0.069   0.005   0.000   0.000
 
============================================
SPLIT of tauhat into TauW and TauH (young), earnings weighted
 - For comparison with our 1960 assumption
============================================
 
                 1960      1970      1980      1990      2000      2010
-----------------------------------------------------------------------
White Men       0.000     0.000     0.000     0.000     0.000     0.000
White Women     0.501     0.502     0.562     0.635     0.655     0.621
Black Men       0.500     0.394     0.292     0.342     0.437     0.438
Black Women     0.424     0.469     0.523     0.450     0.497     0.515
-----------------------------------------------------------------------
///Mean///      0.493     0.484     0.522     0.577     0.610     0.585
  And the mean for all years is      0.545
The mean for yearsafter 1960 is      0.556
 
List of AlphaSplitTauW1960 values we tried:
 
    IterAlphaSplit
----------------
       1  0.5000
 
The final value of AlphaSplitTauW1960 =  0.50000
 
 
===========================================================
Fixing TauW / TauH / TgHome / Z missing values
 -- Use first non-missing value
 -- Missing p and WageBar ==> 0
 
===========================================================
 
*********************
White Women
*********************
 
TauW Firefighting     NaN  0.4611  0.6074  0.5998  0.5718  0.5491
TauW Firefighting  0.4611  0.4611  0.6074  0.5998  0.5718  0.5491
TauH Firefighting     NaN403.3729 16.5157  0.9652  0.8215  1.0105
TauH Firefighting403.3729403.3729 16.5157  0.9652  0.8215  1.0105
Z Firefighting     NaN  0.5206  0.6761  0.6477  0.7967  0.6350
Z Firefighting  0.5206  0.5206  0.6761  0.6477  0.7967  0.6350
TauW Forest     NaN  0.5584  0.4694  0.3680  0.3182  0.2820
TauW Forest  0.5584  0.5584  0.4694  0.3680  0.3182  0.2820
TauH Forest     NaN2795.2128 29.6177 25.2082123.7632 19.6243
TauH Forest2795.21282795.2128 29.6177 25.2082123.7632 19.6243
Z Forest     NaN  0.8512  0.7527  0.7350  1.0029  0.7338
Z Forest  0.8512  0.8512  0.7527  0.7350  1.0029  0.7338
 
*********************
Black Men
*********************
 
TauW Architects     NaN  0.2083  0.3042  0.3748  0.3855  0.2971
TauW Architects  0.2083  0.2083  0.3042  0.3748  0.3855  0.2971
TauH Architects     NaN  8.6617  4.6320 -0.6212 -0.4048  0.8895
TauH Architects  8.6617  8.6617  4.6320 -0.6212 -0.4048  0.8895
Z Architects     NaN  1.2173  1.1022  0.8057  1.0460  0.9008
Z Architects  1.2173  1.2173  1.1022  0.8057  1.0460  0.9008
TauW Librarians     NaN  0.1224  0.1999  0.2340  0.3190  0.2507
TauW Librarians  0.1224  0.1224  0.1999  0.2340  0.3190  0.2507
TauH Librarians     NaN  2.5535 -0.8000 -0.8000 -0.4603 -0.8000
TauH Librarians  2.5535  2.5535 -0.8000 -0.8000 -0.4603 -0.8000
Z Librarians     NaN  1.5577  1.3079  1.2206  1.4201  1.3576
Z Librarians  1.5577  1.5577  1.3079  1.2206  1.4201  1.3576
 
*********************
Black Women
*********************
 
TauW Architects     NaN     NaN  0.2449  0.3638  0.4152  0.3559
TauW Architects  0.2449  0.2449  0.2449  0.3638  0.4152  0.3559
TauH Architects     NaN     NaN 14.2936 79.7419  9.1224 -0.8000
TauH Architects 14.2936 14.2936 14.2936 79.7419  9.1224 -0.8000
Z Architects     NaN     NaN  0.7616  0.7809  1.0114  0.6011
Z Architects  0.7616  0.7616  0.7616  0.7809  1.0114  0.6011
TauW Engineers     NaN     NaN  0.4028  0.3790  0.4406  0.4773
TauW Engineers  0.4028  0.4028  0.4028  0.3790  0.4406  0.4773
TauH Engineers     NaN     NaN148.0987 17.7629  0.3788 -0.0833
TauH Engineers148.0987148.0987148.0987 17.7629  0.3788 -0.0833
Z Engineers     NaN     NaN  0.8144  0.6837  0.8497  0.7029
Z Engineers  0.8144  0.8144  0.8144  0.6837  0.8497  0.7029
TauW Math/CompSci     NaN  0.3848  0.2689  0.0932  0.0507  0.0134
TauW Math/CompSci  0.3848  0.3848  0.2689  0.0932  0.0507  0.0134
TauH Math/CompSci     NaN110.8546  9.2761 37.4846 56.8124 59.9615
TauH Math/CompSci110.8546110.8546  9.2761 37.4846 56.8124 59.9615
Z Math/CompSci     NaN  0.8454  0.8478  0.7583  0.9135  0.7878
Z Math/CompSci  0.8454  0.8454  0.8478  0.7583  0.9135  0.7878
TauW Science     NaN  0.3547  0.4645  0.3924  0.4549  0.3780
TauW Science  0.3547  0.3547  0.4645  0.3924  0.4549  0.3780
TauH Science     NaN 69.3425  2.7690 -0.1552 -0.7947 -0.8000
TauH Science 69.3425 69.3425  2.7690 -0.1552 -0.7947 -0.8000
Z Science     NaN  0.9875  1.0723  0.8911  1.2525  1.0384
Z Science  0.9875  0.9875  1.0723  0.8911  1.2525  1.0384
TauW Eng.Techs     NaN  0.4533  0.3701  0.2569  0.1795  0.2363
TauW Eng.Techs  0.4533  0.4533  0.3701  0.2569  0.1795  0.2363
TauH Eng.Techs     NaN350.7058 13.4560 81.9887 27.3703 13.6570
TauH Eng.Techs350.7058350.7058 13.4560 81.9887 27.3703 13.6570
Z Eng.Techs     NaN  0.8464  0.8148  0.7841  0.9176  0.7980
Z Eng.Techs  0.8464  0.8464  0.8148  0.7841  0.9176  0.7980
TauW OtherTechs     NaN  0.3327  0.4292  0.4337  0.4792  0.5173
TauW OtherTechs  0.3327  0.3327  0.4292  0.4337  0.4792  0.5173
TauH OtherTechs     NaN 49.8081 -0.2763 -0.6763 -0.7358 -0.7465
TauH OtherTechs 49.8081 49.8081 -0.2763 -0.6763 -0.7358 -0.7465
Z OtherTechs     NaN  0.7500  0.9074  0.7894  0.9515  0.8388
Z OtherTechs  0.7500  0.7500  0.9074  0.7894  0.9515  0.8388
TauW Firefighting     NaN     NaN  0.4692  0.4275  0.1980 -0.0966
TauW Firefighting  0.4692  0.4692  0.4692  0.4275  0.1980 -0.0966
TauH Firefighting     NaN     NaN467.6035716.72032833.28671281013.8286
TauH Firefighting467.6035467.6035467.6035716.72032833.28671281013.8286
Z Firefighting     NaN     NaN  0.6386  0.7522  0.8920  0.7114
Z Firefighting  0.6386  0.6386  0.6386  0.7522  0.8920  0.7114
TauW Police     NaN  0.4498 -0.0316 -0.2722 -0.2259 -0.1711
TauW Police  0.4498  0.4498 -0.0316 -0.2722 -0.2259 -0.1711
TauH Police     NaN329.77202973.7823278.0096315.5617248.8284
TauH Police329.7720329.77202973.7823278.0096315.5617248.8284
Z Police     NaN  0.7476  0.8082  0.6693  0.9127  0.7787
Z Police  0.7476  0.7476  0.8082  0.6693  0.9127  0.7787
TauH FarmMgrs612243.04102001318.5317143000421.19341438781790.8131     NaN1240.9160
TauH FarmMgrs612243.04102001318.5317143000421.19341438781790.8131719391515.86451240.9160
Z FarmMgrs  3.3148  1.2667  1.6710  1.1831     NaN  1.1440
Z FarmMgrs  3.3148  1.2667  1.6710  1.1831  1.1636  1.1440
TauW Agriculture     NaN  0.4842  0.4061  0.3320  0.2521  0.1670
TauW Agriculture  0.4842  0.4842  0.4061  0.3320  0.2521  0.1670
TauH Agriculture     NaN617.8105156.4696284.7137293.7952406.2046
TauH Agriculture617.8105617.8105156.4696284.7137293.7952406.2046
Z Agriculture     NaN  0.8908  1.0860  0.9653  1.0508  0.9344
Z Agriculture  0.8908  0.8908  1.0860  0.9653  1.0508  0.9344
TauW Forest     NaN  0.3519  0.4946  0.4117  0.3333  0.4882
TauW Forest  0.3519  0.3519  0.4946  0.4117  0.3333  0.4882
TauH Forest     NaN 66.4527 79.8040 89.8392 13.9505     NaN
TauH Forest 66.4527 66.4527 79.8040 89.8392 13.9505 13.9505
Z Forest     NaN  0.9128  0.8407  0.7946  0.8879     NaN
Z Forest  0.9128  0.9128  0.8407  0.7946  0.8879  0.8879
TauW Mechanics     NaN  0.6237  0.3825 -0.1071 -0.1673 -0.2881
TauW Mechanics  0.6237  0.6237  0.3825 -0.1071 -0.1673 -0.2881
TauH Mechanics     NaN13225.3968886.730751776.912390362.1385235745.3415
TauH Mechanics13225.396813225.3968886.730751776.912390362.1385235745.3415
Z Mechanics     NaN  0.9942  0.7031  0.6753  0.8640  0.7773
Z Mechanics  0.9942  0.9942  0.7031  0.6753  0.8640  0.7773
TauW Elec.Repairer     NaN  0.6257  0.3644  0.1706  0.0182 -0.0364
TauW Elec.Repairer  0.6257  0.6257  0.3644  0.1706  0.0182 -0.0364
TauH Elec.Repairer     NaN13909.3293 34.9649 80.9537229.56674007.3568
TauH Elec.Repairer13909.329313909.3293 34.9649 80.9537229.56674007.3568
Z Elec.Repairer     NaN  1.0706  0.6964  0.6356  0.7904  0.7710
Z Elec.Repairer  1.0706  1.0706  0.6964  0.6356  0.7904  0.7710
TauW Extractive     NaN  0.4786  0.5931  0.1784  0.2104  0.5471
TauW Extractive  0.4786  0.4786  0.5931  0.1784  0.2104  0.5471
TauH Extractive     NaN556.49516188.72483687.9108     NaN2184.9335
TauH Extractive556.4951556.49516188.72483687.91082936.42212184.9335
Z Extractive     NaN  0.7624  1.0611  0.6477     NaN  0.8827
Z Extractive  0.7624  0.7624  1.0611  0.6477  0.7652  0.8827
TauW MetalWork     NaN  0.4864  0.5129  0.3702  0.3860  0.4503
TauW MetalWork  0.4864  0.4864  0.5129  0.3702  0.3860  0.4503
TauH MetalWork     NaN643.3188 52.5163256.0309 36.5086159.7122
TauH MetalWork643.3188643.3188 52.5163256.0309 36.5086159.7122
Z MetalWork     NaN  0.6827  0.8175  0.7478  0.8642  0.9172
Z MetalWork  0.6827  0.6827  0.8175  0.7478  0.8642  0.9172
TauW WoodWork     NaN  0.3873  0.1250  0.0507 -0.0897 -0.3382
TauW WoodWork  0.3873  0.3873  0.1250  0.0507 -0.0897 -0.3382
TauH WoodWork     NaN115.332910094.548027034.253171898.03251212628.5981
TauH WoodWork115.3329115.332910094.548027034.253171898.03251212628.5981
Z WoodWork     NaN  0.8888  1.2124  1.0532  1.1626  1.1504
Z WoodWork  0.8888  0.8888  1.2124  1.0532  1.1626  1.1504
TauW PlantOperator     NaN     NaN  0.3865  0.2789  0.0936 -0.1081
TauW PlantOperator  0.3865  0.3865  0.3865  0.2789  0.0936 -0.1081
TauH PlantOperator     NaN     NaN113.74103581.683457649.520881347.4177
TauH PlantOperator113.7410113.7410113.74103581.683457649.520881347.4177
Z PlantOperator     NaN     NaN  0.7290  0.7798  0.8617  0.7157
Z PlantOperator  0.7290  0.7290  0.7290  0.7798  0.8617  0.7157
TauW MetalMach.     NaN  0.3383  0.1817 -0.0216 -0.1565 -0.2803
TauW MetalMach.  0.3383  0.3383  0.1817 -0.0216 -0.1565 -0.2803
TauH MetalMach.     NaN 54.0755158.47553456.54022365.2351260947.1176
TauH MetalMach. 54.0755 54.0755158.47553456.54022365.2351260947.1176
Z MetalMach.     NaN  0.7689  0.7802  0.8595  1.0436  1.1283
Z MetalMach.  0.7689  0.7689  0.7802  0.8595  1.0436  1.1283
TauW MetalProc.     NaN  0.4994  0.3056  0.2364  0.1921  0.1530
TauW MetalProc.  0.4994  0.4994  0.3056  0.2364  0.1921  0.1530
TauH MetalProc.     NaN825.5382 29.9970190.6629 92.3946 99.2281
TauH MetalProc.825.5382825.5382 29.9970190.6629 92.3946 99.2281
Z MetalProc.     NaN  0.8698  0.8573  0.8450  1.0274  0.9471
Z MetalProc.  0.8698  0.8698  0.8573  0.8450  1.0274  0.9471
TauW WoodMach.     NaN  0.4786  0.1467  0.1256 -0.2440 -0.2758
TauW WoodMach.  0.4786  0.4786  0.1467  0.1256 -0.2440 -0.2758
TauH WoodMach.     NaN555.8510186.5605581.5409947.21162170.2901
TauH WoodMach.555.8510555.8510186.5605581.5409947.21162170.2901
Z WoodMach.     NaN  1.0233  0.8995  0.9335  0.9879  0.8334
Z WoodMach.  1.0233  1.0233  0.8995  0.9335  0.9879  0.8334
TauW TextileMach.     NaN  0.3956  0.3515  0.2011  0.2291  0.1439
TauW TextileMach.  0.3956  0.3956  0.3515  0.2011  0.2291  0.1439
TauH TextileMach.     NaN131.7691 74.7434 98.9639100.4745 57.8666
TauH TextileMach.131.7691131.7691 74.7434 98.9639100.4745 57.8666
Z TextileMach.     NaN  0.8185  0.9436  0.8010  1.0858  0.9841
Z TextileMach.  0.8185  0.8185  0.9436  0.8010  1.0858  0.9841
mgEstimated =

   6.5263e+16   7.0415e+16   2.8585e+16   3.8456e+16   1.2110e+17   4.9005e+16
   7.6265e+15   1.0536e+16   5.7993e+15   1.1258e+16   5.2114e+16   2.3891e+16
   2.7898e+16   3.6906e+16   1.0545e+16   1.3153e+16   4.8683e+16   2.1930e+16
   8.7809e+15   1.3856e+16   6.8814e+15   1.1023e+16   5.2840e+16   2.6298e+16

CleanandShowTauAZ_Theta4                 05-Oct-2026 
 
'CleanandShowTauAZ' is a script from the file /workspace/output/replication/codebase/CleanandShowTauAZ.m

 CleanandShowTauAZ  

 After running EstimateTauZ.m to get the TauH, TauW, Z etc
 this program cleans the data up and shows/plots it.

 Also does the following:

  - shows output w*H in each occupation and labor earnings (1-tauw)*w*H.
  - computes GDP and growth rates
  - computes revenue from TauW and TauH

 Also recovers the A(i,t) from the wages, Hit, and production function.
 Specifically, from the labor demand FOC from firms:

    A(i,t) = [ w(i,t)^sigma H(i,t) / Y(t) ]^(1/(sigma-1))

 Creates the "TalentData" data set used in later programs.


Additional help for built-in functions and operators is
available in the online version of the manual.  Use the command
'doc <topic>' to search the manual index.

Help and information about Octave is also available on the WWW
at https://www.octave.org and via the help@octave.org
mailing list.
 
=============================================================
KEY PARAMETER VALUES:    CaseName = Theta4
                   theta =  4.0000
                     eta =  0.1030
            theta*(1-eta)=  3.5880
                    dlta =  0.0000
                      mu =  0.2787
                   sigma =  3.0000
           EstimateDelta =  0.0000
           ConstrainTauH = -0.8000
PurgeWageGrowthSelection =     0
      AlphaSplitTauW1960 =  0.5000
   OccupationforWageHome = 23 Secretaries                               
   Alpha0FixedSplit =  0.5000
=============================================================
 
 
 
--------------------------------------------------------------------------------------------------
                          >>>>> White Men <<<<<
--------------------------------------------------------------------------------------------------
 
--------------
    TauHat      
--------------
 
                   1960    1970    1980    1990    2000    2010
---------------------------------------------------------------
Home                NaN     NaN     NaN     NaN     NaN     NaN
Managers          1.000   1.000   1.000   1.000   1.000   1.000
MgmtRelated       1.000   1.000   1.000   1.000   1.000   1.000
Architects        1.000   1.000   1.000   1.000   1.000   1.000
Engineers         1.000   1.000   1.000   1.000   1.000   1.000
Math/CompSci      1.000   1.000   1.000   1.000   1.000   1.000
Science           1.000   1.000   1.000   1.000   1.000   1.000
Doctors           1.000   1.000   1.000   1.000   1.000   1.000
Nurses            1.000   1.000   1.000   1.000   1.000   1.000
Therapists        1.000   1.000   1.000   1.000   1.000   1.000
Professors        1.000   1.000   1.000   1.000   1.000   1.000
Teachers          1.000   1.000   1.000   1.000   1.000   1.000
Librarians        1.000   1.000   1.000   1.000   1.000   1.000
Soc.Scientists    1.000   1.000   1.000   1.000   1.000   1.000
SocialWork        1.000   1.000   1.000   1.000   1.000   1.000
Lawyers           1.000   1.000   1.000   1.000   1.000   1.000
Arts/Athletes     1.000   1.000   1.000   1.000   1.000   1.000
HealthTechs       1.000   1.000   1.000   1.000   1.000   1.000
Eng.Techs         1.000   1.000   1.000   1.000   1.000   1.000
ScienceTechs      1.000   1.000   1.000   1.000   1.000   1.000
OtherTechs        1.000   1.000   1.000   1.000   1.000   1.000
Sales             1.000   1.000   1.000   1.000   1.000   1.000
Secretaries       1.000   1.000   1.000   1.000   1.000   1.000
Info.Clerks       1.000   1.000   1.000   1.000   1.000   1.000
Records           1.000   1.000   1.000   1.000   1.000   1.000
FinancialClerk    1.000   1.000   1.000   1.000   1.000   1.000
OfficeMachine     1.000   1.000   1.000   1.000   1.000   1.000
ComputerTech      1.000   1.000   1.000   1.000   1.000   1.000
Mail              1.000   1.000   1.000   1.000   1.000   1.000
Clerks            1.000   1.000   1.000   1.000   1.000   1.000
Insurance         1.000   1.000   1.000   1.000   1.000   1.000
Misc.Admin        1.000   1.000   1.000   1.000   1.000   1.000
PrivateHshld      1.000   1.000   1.000   1.000   1.000   1.000
Firefighting      1.000   1.000   1.000   1.000   1.000   1.000
Police            1.000   1.000   1.000   1.000   1.000   1.000
Guards            1.000   1.000   1.000   1.000   1.000   1.000
FoodPrep          1.000   1.000   1.000   1.000   1.000   1.000
HealthService     1.000   1.000   1.000   1.000   1.000   1.000
Cleaning          1.000   1.000   1.000   1.000   1.000   1.000
PersonalService   1.000   1.000   1.000   1.000   1.000   1.000
FarmMgrs          1.000   1.000   1.000   1.000   1.000   1.000
FarmWork          1.000   1.000   1.000   1.000   1.000   1.000
Agriculture       1.000   1.000   1.000   1.000   1.000   1.000
Forest            1.000   1.000   1.000   1.000   1.000   1.000
Mechanics         1.000   1.000   1.000   1.000   1.000   1.000
Elec.Repairer     1.000   1.000   1.000   1.000   1.000   1.000
Misc.Repairer     1.000   1.000   1.000   1.000   1.000   1.000
Construction      1.000   1.000   1.000   1.000   1.000   1.000
Extractive        1.000   1.000   1.000   1.000   1.000   1.000
Supervisor(P)     1.000   1.000   1.000   1.000   1.000   1.000
MetalWork         1.000   1.000   1.000   1.000   1.000   1.000
WoodWork          1.000   1.000   1.000   1.000   1.000   1.000
Textiles          1.000   1.000   1.000   1.000   1.000   1.000
Other             1.000   1.000   1.000   1.000   1.000   1.000
Food              1.000   1.000   1.000   1.000   1.000   1.000
PlantOperator     1.000   1.000   1.000   1.000   1.000   1.000
MetalMach.        1.000   1.000   1.000   1.000   1.000   1.000
MetalProc.        1.000   1.000   1.000   1.000   1.000   1.000
WoodMach.         1.000   1.000   1.000   1.000   1.000   1.000
TextileMach.      1.000   1.000   1.000   1.000   1.000   1.000
PrintMach.        1.000   1.000   1.000   1.000   1.000   1.000
OtherMach.        1.000   1.000   1.000   1.000   1.000   1.000
Fabricators       1.000   1.000   1.000   1.000   1.000   1.000
Prod.Inspectors   1.000   1.000   1.000   1.000   1.000   1.000
MotorVehicle      1.000   1.000   1.000   1.000   1.000   1.000
OtherVehicle      1.000   1.000   1.000   1.000   1.000   1.000
Freight           1.000   1.000   1.000   1.000   1.000   1.000
 
Mean             1.000   1.000   1.000   1.000   1.000   1.000
Std Dev          0.000   0.000   0.000   0.000   0.000   0.000
Mean(weighted)   1.000   1.000   1.000   1.000   1.000   1.000
Std Dev(wghtd)   0.000   0.000   0.000   0.000   0.000   0.000
 
--------------
    TauW      
--------------
 
                   1960    1970    1980    1990    2000    2010
---------------------------------------------------------------
Home              0.000   0.000   0.000   0.000   0.000   0.000
Managers          0.000   0.000   0.000   0.000   0.000   0.000
MgmtRelated       0.000   0.000   0.000   0.000   0.000   0.000
Architects        0.000   0.000   0.000   0.000   0.000   0.000
Engineers         0.000   0.000   0.000   0.000   0.000   0.000
Math/CompSci      0.000   0.000   0.000   0.000   0.000   0.000
Science           0.000   0.000   0.000   0.000   0.000   0.000
Doctors           0.000   0.000   0.000   0.000   0.000   0.000
Nurses            0.000   0.000   0.000   0.000   0.000   0.000
Therapists        0.000   0.000   0.000   0.000   0.000   0.000
Professors        0.000   0.000   0.000   0.000   0.000   0.000
Teachers          0.000   0.000   0.000   0.000   0.000   0.000
Librarians        0.000   0.000   0.000   0.000   0.000   0.000
Soc.Scientists    0.000   0.000   0.000   0.000   0.000   0.000
SocialWork        0.000   0.000   0.000   0.000   0.000   0.000
Lawyers           0.000   0.000   0.000   0.000   0.000   0.000
Arts/Athletes     0.000   0.000   0.000   0.000   0.000   0.000
HealthTechs       0.000   0.000   0.000   0.000   0.000   0.000
Eng.Techs         0.000   0.000   0.000   0.000   0.000   0.000
ScienceTechs      0.000   0.000   0.000   0.000   0.000   0.000
OtherTechs        0.000   0.000   0.000   0.000   0.000   0.000
Sales             0.000   0.000   0.000   0.000   0.000   0.000
Secretaries       0.000   0.000   0.000   0.000   0.000   0.000
Info.Clerks       0.000   0.000   0.000   0.000   0.000   0.000
Records           0.000   0.000   0.000   0.000   0.000   0.000
FinancialClerk    0.000   0.000   0.000   0.000   0.000   0.000
OfficeMachine     0.000   0.000   0.000   0.000   0.000   0.000
ComputerTech      0.000   0.000   0.000   0.000   0.000   0.000
Mail              0.000   0.000   0.000   0.000   0.000   0.000
Clerks            0.000   0.000   0.000   0.000   0.000   0.000
Insurance         0.000   0.000   0.000   0.000   0.000   0.000
Misc.Admin        0.000   0.000   0.000   0.000   0.000   0.000
PrivateHshld      0.000   0.000   0.000   0.000   0.000   0.000
Firefighting      0.000   0.000   0.000   0.000   0.000   0.000
Police            0.000   0.000   0.000   0.000   0.000   0.000
Guards            0.000   0.000   0.000   0.000   0.000   0.000
FoodPrep          0.000   0.000   0.000   0.000   0.000   0.000
HealthService     0.000   0.000   0.000   0.000   0.000   0.000
Cleaning          0.000   0.000   0.000   0.000   0.000   0.000
PersonalService   0.000   0.000   0.000   0.000   0.000   0.000
FarmMgrs          0.000   0.000   0.000   0.000   0.000   0.000
FarmWork          0.000   0.000   0.000   0.000   0.000   0.000
Agriculture       0.000   0.000   0.000   0.000   0.000   0.000
Forest            0.000   0.000   0.000   0.000   0.000   0.000
Mechanics         0.000   0.000   0.000   0.000   0.000   0.000
Elec.Repairer     0.000   0.000   0.000   0.000   0.000   0.000
Misc.Repairer     0.000   0.000   0.000   0.000   0.000   0.000
Construction      0.000   0.000   0.000   0.000   0.000   0.000
Extractive        0.000   0.000   0.000   0.000   0.000   0.000
Supervisor(P)     0.000   0.000   0.000   0.000   0.000   0.000
MetalWork         0.000   0.000   0.000   0.000   0.000   0.000
WoodWork          0.000   0.000   0.000   0.000   0.000   0.000
Textiles          0.000   0.000   0.000   0.000   0.000   0.000
Other             0.000   0.000   0.000   0.000   0.000   0.000
Food              0.000   0.000   0.000   0.000   0.000   0.000
PlantOperator     0.000   0.000   0.000   0.000   0.000   0.000
MetalMach.        0.000   0.000   0.000   0.000   0.000   0.000
MetalProc.        0.000   0.000   0.000   0.000   0.000   0.000
WoodMach.         0.000   0.000   0.000   0.000   0.000   0.000
TextileMach.      0.000   0.000   0.000   0.000   0.000   0.000
PrintMach.        0.000   0.000   0.000   0.000   0.000   0.000
OtherMach.        0.000   0.000   0.000   0.000   0.000   0.000
Fabricators       0.000   0.000   0.000   0.000   0.000   0.000
Prod.Inspectors   0.000   0.000   0.000   0.000   0.000   0.000
MotorVehicle      0.000   0.000   0.000   0.000   0.000   0.000
OtherVehicle      0.000   0.000   0.000   0.000   0.000   0.000
Freight           0.000   0.000   0.000   0.000   0.000   0.000
 
Mean             0.000   0.000   0.000   0.000   0.000   0.000
Std Dev          0.000   0.000   0.000   0.000   0.000   0.000
Mean(weighted)   0.000   0.000   0.000   0.000   0.000   0.000
Std Dev(wghtd)   0.000   0.000   0.000   0.000   0.000   0.000
 
-------------------------
    WageGrowthRelative      
-------------------------
 
                   1960    1970    1980    1990    2000    2010
---------------------------------------------------------------
Home                NaN     NaN     NaN     NaN     NaN     NaN
Managers          1.000   1.000   1.000   1.000   1.000     NaN
MgmtRelated       1.000   1.000   1.000   1.000   1.000     NaN
Architects        1.000   1.000   1.000   1.000   1.000     NaN
Engineers         1.000   1.000   1.000   1.000   1.000     NaN
Math/CompSci      1.000   1.000   1.000   1.000   1.000     NaN
Science           1.000   1.000   1.000   1.000   1.000     NaN
Doctors           1.000   1.000   1.000   1.000   1.000     NaN
Nurses            1.000   1.000   1.000   1.000   1.000     NaN
Therapists        1.000   1.000   1.000   1.000   1.000     NaN
Professors        1.000   1.000   1.000   1.000   1.000     NaN
Teachers          1.000   1.000   1.000   1.000   1.000     NaN
Librarians        1.000   1.000   1.000   1.000   1.000     NaN
Soc.Scientists    1.000   1.000   1.000   1.000   1.000     NaN
SocialWork        1.000   1.000   1.000   1.000   1.000     NaN
Lawyers           1.000   1.000   1.000   1.000   1.000     NaN
Arts/Athletes     1.000   1.000   1.000   1.000   1.000     NaN
HealthTechs       1.000   1.000   1.000   1.000   1.000     NaN
Eng.Techs         1.000   1.000   1.000   1.000   1.000     NaN
ScienceTechs      1.000   1.000   1.000   1.000   1.000     NaN
OtherTechs        1.000   1.000   1.000   1.000   1.000     NaN
Sales             1.000   1.000   1.000   1.000   1.000     NaN
Secretaries       1.000   1.000   1.000   1.000   1.000     NaN
Info.Clerks       1.000   1.000   1.000   1.000   1.000     NaN
Records           1.000   1.000   1.000   1.000   1.000     NaN
FinancialClerk    1.000   1.000   1.000   1.000   1.000     NaN
OfficeMachine     1.000   1.000   1.000   1.000   1.000     NaN
ComputerTech      1.000   1.000   1.000   1.000   1.000     NaN
Mail              1.000   1.000   1.000   1.000   1.000     NaN
Clerks            1.000   1.000   1.000   1.000   1.000     NaN
Insurance         1.000   1.000   1.000   1.000   1.000     NaN
Misc.Admin        1.000   1.000   1.000   1.000   1.000     NaN
PrivateHshld      1.000   1.000   1.000   1.000   1.000     NaN
Firefighting      1.000   1.000   1.000   1.000   1.000     NaN
Police            1.000   1.000   1.000   1.000   1.000     NaN
Guards            1.000   1.000   1.000   1.000   1.000     NaN
FoodPrep          1.000   1.000   1.000   1.000   1.000     NaN
HealthService     1.000   1.000   1.000   1.000   1.000     NaN
Cleaning          1.000   1.000   1.000   1.000   1.000     NaN
PersonalService   1.000   1.000   1.000   1.000   1.000     NaN
FarmMgrs          1.000   1.000   1.000   1.000   1.000     NaN
FarmWork          1.000   1.000   1.000   1.000   1.000     NaN
Agriculture       1.000   1.000   1.000   1.000   1.000     NaN
Forest            1.000   1.000   1.000   1.000   1.000     NaN
Mechanics         1.000   1.000   1.000   1.000   1.000     NaN
Elec.Repairer     1.000   1.000   1.000   1.000   1.000     NaN
Misc.Repairer     1.000   1.000   1.000   1.000   1.000     NaN
Construction      1.000   1.000   1.000   1.000   1.000     NaN
Extractive        1.000   1.000   1.000   1.000   1.000     NaN
Supervisor(P)     1.000   1.000   1.000   1.000   1.000     NaN
MetalWork         1.000   1.000   1.000   1.000   1.000     NaN
WoodWork          1.000   1.000   1.000   1.000   1.000     NaN
Textiles          1.000   1.000   1.000   1.000   1.000     NaN
Other             1.000   1.000   1.000   1.000   1.000     NaN
Food              1.000   1.000   1.000   1.000   1.000     NaN
PlantOperator     1.000   1.000   1.000   1.000   1.000     NaN
MetalMach.        1.000   1.000   1.000   1.000   1.000     NaN
MetalProc.        1.000   1.000   1.000   1.000   1.000     NaN
WoodMach.         1.000   1.000   1.000   1.000   1.000     NaN
TextileMach.      1.000   1.000   1.000   1.000   1.000     NaN
PrintMach.        1.000   1.000   1.000   1.000   1.000     NaN
OtherMach.        1.000   1.000   1.000   1.000   1.000     NaN
Fabricators       1.000   1.000   1.000   1.000   1.000     NaN
Prod.Inspectors   1.000   1.000   1.000   1.000   1.000     NaN
MotorVehicle      1.000   1.000   1.000   1.000   1.000     NaN
OtherVehicle      1.000   1.000   1.000   1.000   1.000     NaN
Freight           1.000   1.000   1.000   1.000   1.000     NaN
 
Mean             1.000   1.000   1.000   1.000   1.000     NaN
Std Dev          0.000   0.000   0.000   0.000   0.000   0.000
Mean(weighted)   1.000   1.000   1.000   1.000   1.000   0.000
Std Dev(wghtd)   0.000   0.000   0.000   0.000   0.000     NaN
 
--------------
    TauH      
--------------
 
                   1940    1950    1960    1970    1980    1990    2000    2010
-------------------------------------------------------------------------------
Home              0.000   0.000   0.000   0.000   0.000   0.000   0.000   0.000
Managers          0.000   0.000   0.000   0.000   0.000   0.000   0.000   0.000
MgmtRelated       0.000   0.000   0.000   0.000   0.000   0.000   0.000   0.000
Architects        0.000   0.000   0.000   0.000   0.000   0.000   0.000   0.000
Engineers         0.000   0.000   0.000   0.000   0.000   0.000   0.000   0.000
Math/CompSci      0.000   0.000   0.000   0.000   0.000   0.000   0.000   0.000
Science           0.000   0.000   0.000   0.000   0.000   0.000   0.000   0.000
Doctors           0.000   0.000   0.000   0.000   0.000   0.000   0.000   0.000
Nurses            0.000   0.000   0.000   0.000   0.000   0.000   0.000   0.000
Therapists        0.000   0.000   0.000   0.000   0.000   0.000   0.000   0.000
Professors        0.000   0.000   0.000   0.000   0.000   0.000   0.000   0.000
Teachers          0.000   0.000   0.000   0.000   0.000   0.000   0.000   0.000
Librarians        0.000   0.000   0.000   0.000   0.000   0.000   0.000   0.000
Soc.Scientists    0.000   0.000   0.000   0.000   0.000   0.000   0.000   0.000
SocialWork        0.000   0.000   0.000   0.000   0.000   0.000   0.000   0.000
Lawyers           0.000   0.000   0.000   0.000   0.000   0.000   0.000   0.000
Arts/Athletes     0.000   0.000   0.000   0.000   0.000   0.000   0.000   0.000
HealthTechs       0.000   0.000   0.000   0.000   0.000   0.000   0.000   0.000
Eng.Techs         0.000   0.000   0.000   0.000   0.000   0.000   0.000   0.000
ScienceTechs      0.000   0.000   0.000   0.000   0.000   0.000   0.000   0.000
OtherTechs        0.000   0.000   0.000   0.000   0.000   0.000   0.000   0.000
Sales             0.000   0.000   0.000   0.000   0.000   0.000   0.000   0.000
Secretaries       0.000   0.000   0.000   0.000   0.000   0.000   0.000   0.000
Info.Clerks       0.000   0.000   0.000   0.000   0.000   0.000   0.000   0.000
Records           0.000   0.000   0.000   0.000   0.000   0.000   0.000   0.000
FinancialClerk    0.000   0.000   0.000   0.000   0.000   0.000   0.000   0.000
OfficeMachine     0.000   0.000   0.000   0.000   0.000   0.000   0.000   0.000
ComputerTech      0.000   0.000   0.000   0.000   0.000   0.000   0.000   0.000
Mail              0.000   0.000   0.000   0.000   0.000   0.000   0.000   0.000
Clerks            0.000   0.000   0.000   0.000   0.000   0.000   0.000   0.000
Insurance         0.000   0.000   0.000   0.000   0.000   0.000   0.000   0.000
Misc.Admin        0.000   0.000   0.000   0.000   0.000   0.000   0.000   0.000
PrivateHshld      0.000   0.000   0.000   0.000   0.000   0.000   0.000   0.000
Firefighting      0.000   0.000   0.000   0.000   0.000   0.000   0.000   0.000
Police            0.000   0.000   0.000   0.000   0.000   0.000   0.000   0.000
Guards            0.000   0.000   0.000   0.000   0.000   0.000   0.000   0.000
FoodPrep          0.000   0.000   0.000   0.000   0.000   0.000   0.000   0.000
HealthService     0.000   0.000   0.000   0.000   0.000   0.000   0.000   0.000
Cleaning          0.000   0.000   0.000   0.000   0.000   0.000   0.000   0.000
PersonalService   0.000   0.000   0.000   0.000   0.000   0.000   0.000   0.000
FarmMgrs          0.000   0.000   0.000   0.000   0.000   0.000   0.000   0.000
FarmWork          0.000   0.000   0.000   0.000   0.000   0.000   0.000   0.000
Agriculture       0.000   0.000   0.000   0.000   0.000   0.000   0.000   0.000
Forest            0.000   0.000   0.000   0.000   0.000   0.000   0.000   0.000
Mechanics         0.000   0.000   0.000   0.000   0.000   0.000   0.000   0.000
Elec.Repairer     0.000   0.000   0.000   0.000   0.000   0.000   0.000   0.000
Misc.Repairer     0.000   0.000   0.000   0.000   0.000   0.000   0.000   0.000
Construction      0.000   0.000   0.000   0.000   0.000   0.000   0.000   0.000
Extractive        0.000   0.000   0.000   0.000   0.000   0.000   0.000   0.000
Supervisor(P)     0.000   0.000   0.000   0.000   0.000   0.000   0.000   0.000
MetalWork         0.000   0.000   0.000   0.000   0.000   0.000   0.000   0.000
WoodWork          0.000   0.000   0.000   0.000   0.000   0.000   0.000   0.000
Textiles          0.000   0.000   0.000   0.000   0.000   0.000   0.000   0.000
Other             0.000   0.000   0.000   0.000   0.000   0.000   0.000   0.000
Food              0.000   0.000   0.000   0.000   0.000   0.000   0.000   0.000
PlantOperator     0.000   0.000   0.000   0.000   0.000   0.000   0.000   0.000
MetalMach.        0.000   0.000   0.000   0.000   0.000   0.000   0.000   0.000
MetalProc.        0.000   0.000   0.000   0.000   0.000   0.000   0.000   0.000
WoodMach.         0.000   0.000   0.000   0.000   0.000   0.000   0.000   0.000
TextileMach.      0.000   0.000   0.000   0.000   0.000   0.000   0.000   0.000
PrintMach.        0.000   0.000   0.000   0.000   0.000   0.000   0.000   0.000
OtherMach.        0.000   0.000   0.000   0.000   0.000   0.000   0.000   0.000
Fabricators       0.000   0.000   0.000   0.000   0.000   0.000   0.000   0.000
Prod.Inspectors   0.000   0.000   0.000   0.000   0.000   0.000   0.000   0.000
MotorVehicle      0.000   0.000   0.000   0.000   0.000   0.000   0.000   0.000
OtherVehicle      0.000   0.000   0.000   0.000   0.000   0.000   0.000   0.000
Freight           0.000   0.000   0.000   0.000   0.000   0.000   0.000   0.000
 
Mean             0.000   0.000   0.000   0.000   0.000   0.000   0.000   0.000
Std Dev          0.000   0.000   0.000   0.000   0.000   0.000   0.000   0.000
Mean(weighted)     NaN     NaN   0.000   0.000   0.000   0.000   0.000   0.000
Std Dev(wghtd)     NaN     NaN   0.000   0.000   0.000   0.000   0.000   0.000
 
--------------------
    1/(1-TauW)      
--------------------
 
                   1960    1970    1980    1990    2000    2010
---------------------------------------------------------------
Home              1.000   1.000   1.000   1.000   1.000   1.000
Managers          1.000   1.000   1.000   1.000   1.000   1.000
MgmtRelated       1.000   1.000   1.000   1.000   1.000   1.000
Architects        1.000   1.000   1.000   1.000   1.000   1.000
Engineers         1.000   1.000   1.000   1.000   1.000   1.000
Math/CompSci      1.000   1.000   1.000   1.000   1.000   1.000
Science           1.000   1.000   1.000   1.000   1.000   1.000
Doctors           1.000   1.000   1.000   1.000   1.000   1.000
Nurses            1.000   1.000   1.000   1.000   1.000   1.000
Therapists        1.000   1.000   1.000   1.000   1.000   1.000
Professors        1.000   1.000   1.000   1.000   1.000   1.000
Teachers          1.000   1.000   1.000   1.000   1.000   1.000
Librarians        1.000   1.000   1.000   1.000   1.000   1.000
Soc.Scientists    1.000   1.000   1.000   1.000   1.000   1.000
SocialWork        1.000   1.000   1.000   1.000   1.000   1.000
Lawyers           1.000   1.000   1.000   1.000   1.000   1.000
Arts/Athletes     1.000   1.000   1.000   1.000   1.000   1.000
HealthTechs       1.000   1.000   1.000   1.000   1.000   1.000
Eng.Techs         1.000   1.000   1.000   1.000   1.000   1.000
ScienceTechs      1.000   1.000   1.000   1.000   1.000   1.000
OtherTechs        1.000   1.000   1.000   1.000   1.000   1.000
Sales             1.000   1.000   1.000   1.000   1.000   1.000
Secretaries       1.000   1.000   1.000   1.000   1.000   1.000
Info.Clerks       1.000   1.000   1.000   1.000   1.000   1.000
Records           1.000   1.000   1.000   1.000   1.000   1.000
FinancialClerk    1.000   1.000   1.000   1.000   1.000   1.000
OfficeMachine     1.000   1.000   1.000   1.000   1.000   1.000
ComputerTech      1.000   1.000   1.000   1.000   1.000   1.000
Mail              1.000   1.000   1.000   1.000   1.000   1.000
Clerks            1.000   1.000   1.000   1.000   1.000   1.000
Insurance         1.000   1.000   1.000   1.000   1.000   1.000
Misc.Admin        1.000   1.000   1.000   1.000   1.000   1.000
PrivateHshld      1.000   1.000   1.000   1.000   1.000   1.000
Firefighting      1.000   1.000   1.000   1.000   1.000   1.000
Police            1.000   1.000   1.000   1.000   1.000   1.000
Guards            1.000   1.000   1.000   1.000   1.000   1.000
FoodPrep          1.000   1.000   1.000   1.000   1.000   1.000
HealthService     1.000   1.000   1.000   1.000   1.000   1.000
Cleaning          1.000   1.000   1.000   1.000   1.000   1.000
PersonalService   1.000   1.000   1.000   1.000   1.000   1.000
FarmMgrs          1.000   1.000   1.000   1.000   1.000   1.000
FarmWork          1.000   1.000   1.000   1.000   1.000   1.000
Agriculture       1.000   1.000   1.000   1.000   1.000   1.000
Forest            1.000   1.000   1.000   1.000   1.000   1.000
Mechanics         1.000   1.000   1.000   1.000   1.000   1.000
Elec.Repairer     1.000   1.000   1.000   1.000   1.000   1.000
Misc.Repairer     1.000   1.000   1.000   1.000   1.000   1.000
Construction      1.000   1.000   1.000   1.000   1.000   1.000
Extractive        1.000   1.000   1.000   1.000   1.000   1.000
Supervisor(P)     1.000   1.000   1.000   1.000   1.000   1.000
MetalWork         1.000   1.000   1.000   1.000   1.000   1.000
WoodWork          1.000   1.000   1.000   1.000   1.000   1.000
Textiles          1.000   1.000   1.000   1.000   1.000   1.000
Other             1.000   1.000   1.000   1.000   1.000   1.000
Food              1.000   1.000   1.000   1.000   1.000   1.000
PlantOperator     1.000   1.000   1.000   1.000   1.000   1.000
MetalMach.        1.000   1.000   1.000   1.000   1.000   1.000
MetalProc.        1.000   1.000   1.000   1.000   1.000   1.000
WoodMach.         1.000   1.000   1.000   1.000   1.000   1.000
TextileMach.      1.000   1.000   1.000   1.000   1.000   1.000
PrintMach.        1.000   1.000   1.000   1.000   1.000   1.000
OtherMach.        1.000   1.000   1.000   1.000   1.000   1.000
Fabricators       1.000   1.000   1.000   1.000   1.000   1.000
Prod.Inspectors   1.000   1.000   1.000   1.000   1.000   1.000
MotorVehicle      1.000   1.000   1.000   1.000   1.000   1.000
OtherVehicle      1.000   1.000   1.000   1.000   1.000   1.000
Freight           1.000   1.000   1.000   1.000   1.000   1.000
 
Mean             1.000   1.000   1.000   1.000   1.000   1.000
Std Dev          0.000   0.000   0.000   0.000   0.000   0.000
Mean(weighted)   1.000   1.000   1.000   1.000   1.000   1.000
Std Dev(wghtd)   0.000   0.000   0.000   0.000   0.000   0.000
eta = 0.1030
 
----------------------
    (1+tauh)^eta      
----------------------
 
                   1940    1950    1960    1970    1980    1990    2000    2010
-------------------------------------------------------------------------------
Home              1.000   1.000   1.000   1.000   1.000   1.000   1.000   1.000
Managers          1.000   1.000   1.000   1.000   1.000   1.000   1.000   1.000
MgmtRelated       1.000   1.000   1.000   1.000   1.000   1.000   1.000   1.000
Architects        1.000   1.000   1.000   1.000   1.000   1.000   1.000   1.000
Engineers         1.000   1.000   1.000   1.000   1.000   1.000   1.000   1.000
Math/CompSci      1.000   1.000   1.000   1.000   1.000   1.000   1.000   1.000
Science           1.000   1.000   1.000   1.000   1.000   1.000   1.000   1.000
Doctors           1.000   1.000   1.000   1.000   1.000   1.000   1.000   1.000
Nurses            1.000   1.000   1.000   1.000   1.000   1.000   1.000   1.000
Therapists        1.000   1.000   1.000   1.000   1.000   1.000   1.000   1.000
Professors        1.000   1.000   1.000   1.000   1.000   1.000   1.000   1.000
Teachers          1.000   1.000   1.000   1.000   1.000   1.000   1.000   1.000
Librarians        1.000   1.000   1.000   1.000   1.000   1.000   1.000   1.000
Soc.Scientists    1.000   1.000   1.000   1.000   1.000   1.000   1.000   1.000
SocialWork        1.000   1.000   1.000   1.000   1.000   1.000   1.000   1.000
Lawyers           1.000   1.000   1.000   1.000   1.000   1.000   1.000   1.000
Arts/Athletes     1.000   1.000   1.000   1.000   1.000   1.000   1.000   1.000
HealthTechs       1.000   1.000   1.000   1.000   1.000   1.000   1.000   1.000
Eng.Techs         1.000   1.000   1.000   1.000   1.000   1.000   1.000   1.000
ScienceTechs      1.000   1.000   1.000   1.000   1.000   1.000   1.000   1.000
OtherTechs        1.000   1.000   1.000   1.000   1.000   1.000   1.000   1.000
Sales             1.000   1.000   1.000   1.000   1.000   1.000   1.000   1.000
Secretaries       1.000   1.000   1.000   1.000   1.000   1.000   1.000   1.000
Info.Clerks       1.000   1.000   1.000   1.000   1.000   1.000   1.000   1.000
Records           1.000   1.000   1.000   1.000   1.000   1.000   1.000   1.000
FinancialClerk    1.000   1.000   1.000   1.000   1.000   1.000   1.000   1.000
OfficeMachine     1.000   1.000   1.000   1.000   1.000   1.000   1.000   1.000
ComputerTech      1.000   1.000   1.000   1.000   1.000   1.000   1.000   1.000
Mail              1.000   1.000   1.000   1.000   1.000   1.000   1.000   1.000
Clerks            1.000   1.000   1.000   1.000   1.000   1.000   1.000   1.000
Insurance         1.000   1.000   1.000   1.000   1.000   1.000   1.000   1.000
Misc.Admin        1.000   1.000   1.000   1.000   1.000   1.000   1.000   1.000
PrivateHshld      1.000   1.000   1.000   1.000   1.000   1.000   1.000   1.000
Firefighting      1.000   1.000   1.000   1.000   1.000   1.000   1.000   1.000
Police            1.000   1.000   1.000   1.000   1.000   1.000   1.000   1.000
Guards            1.000   1.000   1.000   1.000   1.000   1.000   1.000   1.000
FoodPrep          1.000   1.000   1.000   1.000   1.000   1.000   1.000   1.000
HealthService     1.000   1.000   1.000   1.000   1.000   1.000   1.000   1.000
Cleaning          1.000   1.000   1.000   1.000   1.000   1.000   1.000   1.000
PersonalService   1.000   1.000   1.000   1.000   1.000   1.000   1.000   1.000
FarmMgrs          1.000   1.000   1.000   1.000   1.000   1.000   1.000   1.000
FarmWork          1.000   1.000   1.000   1.000   1.000   1.000   1.000   1.000
Agriculture       1.000   1.000   1.000   1.000   1.000   1.000   1.000   1.000
Forest            1.000   1.000   1.000   1.000   1.000   1.000   1.000   1.000
Mechanics         1.000   1.000   1.000   1.000   1.000   1.000   1.000   1.000
Elec.Repairer     1.000   1.000   1.000   1.000   1.000   1.000   1.000   1.000
Misc.Repairer     1.000   1.000   1.000   1.000   1.000   1.000   1.000   1.000
Construction      1.000   1.000   1.000   1.000   1.000   1.000   1.000   1.000
Extractive        1.000   1.000   1.000   1.000   1.000   1.000   1.000   1.000
Supervisor(P)     1.000   1.000   1.000   1.000   1.000   1.000   1.000   1.000
MetalWork         1.000   1.000   1.000   1.000   1.000   1.000   1.000   1.000
WoodWork          1.000   1.000   1.000   1.000   1.000   1.000   1.000   1.000
Textiles          1.000   1.000   1.000   1.000   1.000   1.000   1.000   1.000
Other             1.000   1.000   1.000   1.000   1.000   1.000   1.000   1.000
Food              1.000   1.000   1.000   1.000   1.000   1.000   1.000   1.000
PlantOperator     1.000   1.000   1.000   1.000   1.000   1.000   1.000   1.000
MetalMach.        1.000   1.000   1.000   1.000   1.000   1.000   1.000   1.000
MetalProc.        1.000   1.000   1.000   1.000   1.000   1.000   1.000   1.000
WoodMach.         1.000   1.000   1.000   1.000   1.000   1.000   1.000   1.000
TextileMach.      1.000   1.000   1.000   1.000   1.000   1.000   1.000   1.000
PrintMach.        1.000   1.000   1.000   1.000   1.000   1.000   1.000   1.000
OtherMach.        1.000   1.000   1.000   1.000   1.000   1.000   1.000   1.000
Fabricators       1.000   1.000   1.000   1.000   1.000   1.000   1.000   1.000
Prod.Inspectors   1.000   1.000   1.000   1.000   1.000   1.000   1.000   1.000
MotorVehicle      1.000   1.000   1.000   1.000   1.000   1.000   1.000   1.000
OtherVehicle      1.000   1.000   1.000   1.000   1.000   1.000   1.000   1.000
Freight           1.000   1.000   1.000   1.000   1.000   1.000   1.000   1.000
 
Mean             1.000   1.000   1.000   1.000   1.000   1.000   1.000   1.000
Std Dev          0.000   0.000   0.000   0.000   0.000   0.000   0.000   0.000
Mean(weighted)     NaN     NaN   1.000   1.000   1.000   1.000   1.000   1.000
Std Dev(wghtd)     NaN     NaN   0.000   0.000   0.000   0.000   0.000   0.000
 
--------------------------------------------------
    z -- preference shock by Cohort of birth      
--------------------------------------------------
 
                   1940    1950    1960    1970    1980    1990    2000    2010
-------------------------------------------------------------------------------
Home              0.000   0.000   1.000   1.000   1.000   1.000   1.000   1.000
Managers          0.000   0.000   0.915   0.846   0.854   0.760   0.856   0.756
MgmtRelated       0.000   0.000   1.090   0.935   0.951   0.860   0.962   0.804
Architects        0.000   0.000   1.282   1.266   1.216   0.929   1.132   0.944
Engineers         0.000   0.000   1.030   0.950   0.889   0.792   0.936   0.753
Math/CompSci      0.000   0.000   1.149   0.943   0.908   0.799   0.916   0.783
Science           0.000   0.000   1.226   1.125   1.207   1.059   1.412   1.101
Doctors           0.000   0.000   1.614   1.247   1.097   1.020   1.203   0.990
Nurses            0.000   0.000   1.251   1.163   1.214   0.864   0.986   0.808
Therapists        0.000   0.000   1.633   1.271   1.106   0.953   1.133   0.981
Professors        0.000   0.000   2.346   2.017   2.063   2.102   2.327   2.093
Teachers          0.000   0.000   1.613   1.457   1.434   1.224   1.444   1.188
Librarians        0.000   0.000   1.771   1.511   1.586   1.490   1.722   1.598
Soc.Scientists    0.000   0.000   1.373   1.139   1.229   1.064   1.268   0.941
SocialWork        0.000   0.000   2.044   1.581   1.520   1.316   1.468   1.223
Lawyers           0.000   0.000   1.498   1.257   1.251   0.999   1.193   0.896
Arts/Athletes     0.000   0.000   1.142   0.977   1.133   0.982   1.141   0.989
HealthTechs       0.000   0.000   1.088   1.063   1.112   0.960   1.071   0.876
Eng.Techs         0.000   0.000   0.941   0.873   0.873   0.825   0.989   0.825
ScienceTechs      0.000   0.000   0.986   1.018   0.927   0.863   1.018   0.856
OtherTechs        0.000   0.000   1.011   0.897   0.988   0.856   0.903   0.745
Sales             0.000   0.000   0.989   0.864   0.879   0.799   0.924   0.860
Secretaries       0.000   0.000   1.050   0.959   1.072   1.055   1.139   1.067
Info.Clerks       0.000   0.000   1.004   0.932   1.048   1.014   1.225   1.099
Records           0.000   0.000   1.186   0.990   0.998   0.998   1.229   1.098
FinancialClerk    0.000   0.000   1.112   0.952   0.995   0.984   1.138   0.968
OfficeMachine     0.000   0.000   1.008   0.993   1.021   0.993   0.983   1.112
ComputerTech      0.000   0.000   0.871   0.866   0.856   0.868   1.043   0.939
Mail              0.000   0.000   0.980   0.922   0.807   0.787   1.011   0.865
Clerks            0.000   0.000   0.967   0.888   0.878   0.878   1.064   1.005
Insurance         0.000   0.000   1.151   0.959   1.007   0.945   1.080   0.986
Misc.Admin        0.000   0.000   1.040   0.925   1.025   0.978   1.191   1.053
PrivateHshld      0.000   0.000   0.939   0.928   1.037   1.065   1.305   1.196
Firefighting      0.000   0.000   0.923   0.796   0.797   0.717   0.846   0.681
Police            0.000   0.000   0.963   0.827   0.844   0.763   0.917   0.737
Guards            0.000   0.000   0.960   0.928   0.962   0.956   1.136   0.986
FoodPrep          0.000   0.000   1.068   0.982   1.152   1.124   1.293   1.240
HealthService     0.000   0.000   1.238   1.181   1.188   1.087   1.321   1.153
Cleaning          0.000   0.000   1.080   0.931   0.948   0.955   1.112   1.018
PersonalService   0.000   0.000   1.025   0.876   1.075   1.046   1.219   1.124
FarmMgrs          0.000   0.000   1.366   1.048   1.033   0.994   1.122   0.845
FarmWork          0.000   0.000   1.353   1.143   0.989   0.994   1.127   0.938
Agriculture       0.000   0.000   0.977   0.918   1.005   0.964   1.103   1.023
Forest            0.000   0.000   1.102   0.975   0.890   0.876   1.034   0.864
Mechanics         0.000   0.000   0.928   0.813   0.791   0.795   0.921   0.799
Elec.Repairer     0.000   0.000   0.899   0.819   0.745   0.786   0.933   0.809
Misc.Repairer     0.000   0.000   0.900   0.790   0.770   0.799   0.948   0.800
Construction      0.000   0.000   0.856   0.784   0.785   0.790   0.928   0.819
Extractive        0.000   0.000   0.837   0.804   0.676   0.710   0.846   0.625
Supervisor(P)     0.000   0.000   0.826   0.767   0.750   0.718   0.865   0.743
MetalWork         0.000   0.000   0.829   0.773   0.744   0.746   0.886   0.785
WoodWork          0.000   0.000   0.932   0.875   0.999   0.882   1.037   0.952
Textiles          0.000   0.000   0.919   0.865   0.919   0.936   1.004   1.009
Other             0.000   0.000   0.861   0.808   0.864   0.826   1.104   0.961
Food              0.000   0.000   0.913   0.827   0.769   0.852   1.046   0.972
PlantOperator     0.000   0.000   0.906   0.782   0.759   0.708   0.858   0.692
MetalMach.        0.000   0.000   0.811   0.804   0.753   0.806   0.963   0.836
MetalProc.        0.000   0.000   0.897   0.769   0.772   0.792   0.933   0.866
WoodMach.         0.000   0.000   0.992   0.910   0.908   0.941   0.975   0.856
TextileMach.      0.000   0.000   0.851   0.788   0.811   0.794   0.941   0.897
PrintMach.        0.000   0.000   1.010   0.911   0.916   0.908   1.067   0.991
OtherMach.        0.000   0.000   0.901   0.827   0.776   0.802   0.956   0.862
Fabricators       0.000   0.000   0.869   0.825   0.779   0.821   0.962   0.844
Prod.Inspectors   0.000   0.000   0.903   0.861   0.784   0.795   0.966   0.819
MotorVehicle      0.000   0.000   0.898   0.820   0.777   0.811   0.954   0.880
OtherVehicle      0.000   0.000   0.820   0.775   0.708   0.734   0.863   0.699
Freight           0.000   0.000   0.971   0.909   0.853   0.915   1.079   1.015
 
Mean             0.000   0.000   1.088   0.973   0.977   0.929   1.085   0.948
Std Dev          0.000   0.000   0.290   0.220   0.232   0.205   0.228   0.215
Mean(weighted)     NaN     NaN   1.056   0.941   0.945   0.881   1.024   0.893
Std Dev(wghtd)     NaN     NaN   0.251   0.195   0.202   0.172   0.198   0.175
 
 
--------------------------------------------------------------------------------------------------
                          >>>>> White Women <<<<<
--------------------------------------------------------------------------------------------------
 
--------------
    TauHat      
--------------
 
                   1960    1970    1980    1990    2000    2010
---------------------------------------------------------------
Home                NaN     NaN     NaN     NaN     NaN     NaN
Managers          3.045   2.425   1.844   1.455   1.371   1.276
MgmtRelated       2.470   2.309   1.507   1.209   1.184   1.166
Architects        3.647   2.219   2.105   1.604   1.486   1.237
Engineers         4.101   4.078   2.527   1.811   1.734   1.630
Math/CompSci      2.019   2.119   1.527   1.326   1.389   1.441
Science           2.420   2.145   1.625   1.303   1.202   1.070
Doctors           3.509   2.411   2.477   1.684   1.358   1.118
Nurses            1.182   0.991   0.829   0.709   0.760   0.733
Therapists        1.365   1.181   1.029   0.800   0.814   0.733
Professors        2.428   1.841   1.350   1.243   1.102   1.022
Teachers          1.328   1.209   1.038   0.916   0.871   0.829
Librarians        0.809   0.935   0.821   0.888   0.770   0.680
Soc.Scientists    1.789   1.876   1.435   1.108   1.002   0.940
SocialWork        1.441   1.268   1.083   0.990   0.910   0.865
Lawyers           4.632   2.614   1.871   1.381   1.232   1.181
Arts/Athletes     1.791   1.938   1.393   1.214   1.143   1.150
HealthTechs       1.262   1.120   0.879   0.829   0.902   0.860
Eng.Techs         3.124   2.901   2.064   1.741   1.633   1.548
ScienceTechs      2.350   2.177   1.646   1.395   1.290   1.265
OtherTechs        3.244   2.002   1.581   1.340   1.566   1.720
Sales             2.850   2.664   1.919   1.611   1.495   1.393
Secretaries       0.619   0.614   0.456   0.414   0.586   0.612
Info.Clerks       1.295   1.308   1.010   0.876   0.810   0.793
Records           1.694   1.692   0.994   0.898   0.912   0.864
FinancialClerk    1.040   1.144   0.892   0.733   0.715   0.776
OfficeMachine     1.214   1.583   1.197   1.200   1.164   0.913
ComputerTech      0.909   1.462   1.297   1.189   1.297   1.201
Mail              3.361   1.967   1.666   1.253   1.349   1.436
Clerks            2.792   2.284   1.583   1.326   1.308   1.208
Insurance         3.223   2.096   1.215   0.976   0.982   0.964
Misc.Admin        1.444   1.277   0.972   0.925   0.865   0.841
PrivateHshld      1.826   1.516   1.194   1.002   0.815   0.722
Firefighting        NaN   3.443   3.420   2.678   2.484   2.383
Police            3.084   3.452   2.381   1.812   1.757   1.656
Guards            4.616   3.570   1.851   1.555   1.477   1.416
FoodPrep          1.584   1.589   1.287   1.203   1.234   1.146
HealthService     1.019   0.931   0.889   0.838   0.693   0.699
Cleaning          2.460   2.814   2.130   1.929   1.835   1.783
PersonalService   1.797   1.631   1.117   1.064   1.004   0.913
FarmMgrs          5.527   3.082   3.420   2.807   2.301   2.496
FarmWork          2.291   2.714   2.091   1.891   1.670   1.723
Agriculture       2.886   2.762   2.140   1.964   1.926   1.729
Forest              NaN   5.129   2.681   2.215   2.411   1.902
Mechanics         4.998   3.570   3.300   2.727   2.645   2.626
Elec.Repairer     4.570   3.408   2.224   1.979   2.113   2.289
Misc.Repairer     4.135   4.193   3.134   2.368   2.439   2.619
Construction      5.346   3.523   3.827   3.042   3.082   3.139
Extractive        4.530   4.051   3.357   2.827   4.050   3.956
Supervisor(P)     3.512   3.208   2.446   1.977   1.804   1.810
MetalWork         4.599   3.205   3.144   2.957   2.836   3.042
WoodWork          4.884   3.195   2.252   2.435   2.662   2.361
Textiles          1.188   1.885   1.489   1.465   1.560   1.381
Other             3.270   2.353   1.818   1.552   0.996   0.864
Food              3.700   3.456   2.502   1.808   1.510   1.431
PlantOperator     5.349   4.614   2.527   2.209   2.175   1.969
MetalMach.        4.391   2.618   2.201   2.054   1.820   2.192
MetalProc.        3.150   2.647   1.973   2.132   2.120   2.270
WoodMach.         2.081   2.179   2.108   1.878   1.735   2.171
TextileMach.      2.894   2.823   1.943   1.724   1.916   1.763
PrintMach.        1.487   1.186   1.022   1.168   1.247   1.244
OtherMach.        2.044   2.111   2.048   1.816   1.737   1.848
Fabricators       1.880   1.922   1.874   1.733   1.723   1.986
Prod.Inspectors   1.790   1.881   1.704   1.584   1.505   1.556
MotorVehicle      5.071   3.043   2.912   2.383   2.405   2.365
OtherVehicle      5.009   3.732   3.370   2.813   2.716   2.902
Freight           3.263   2.637   1.952   1.736   1.777   1.812
 
Mean             2.791   2.393   1.872   1.601   1.566   1.540
Std Dev          1.366   0.980   0.777   0.625   0.674   0.705
Mean(weighted)   2.939   2.418   1.942   1.603   1.551   1.526
Std Dev(wghtd)   1.267   0.831   0.784   0.615   0.615   0.655
 
--------------
    TauW      
--------------
 
                   1960    1970    1980    1990    2000    2010
---------------------------------------------------------------
Home              0.000   0.000   0.000   0.000   0.000   0.000
Managers          0.427   0.407   0.375   0.326   0.342   0.332
MgmtRelated       0.364   0.306   0.191   0.153   0.200   0.239
Architects        0.476  -0.921  -0.750  -0.551  -0.414  -0.391
Engineers         0.506   0.497   0.430   0.344   0.386   0.379
Math/CompSci      0.296   0.421   0.352   0.271   0.270   0.286
Science           0.357   0.285   0.340   0.315   0.295   0.208
Doctors           0.466   0.421   0.530   0.497   0.376   0.243
Nurses            0.080  -0.006  -0.164  -0.230  -0.213  -0.159
Therapists        0.144   0.111  -0.049  -0.163  -0.101  -0.156
Professors        0.358   0.313   0.255   0.272   0.231   0.171
Teachers          0.132   0.054  -0.012  -0.059  -0.073  -0.022
Librarians       -0.112  -0.069  -0.091  -0.038  -0.129  -0.245
Soc.Scientists    0.252   0.412   0.365   0.236   0.154   0.098
SocialWork        0.167   0.132  -0.010  -0.036  -0.007   0.012
Lawyers           0.535   0.425   0.521   0.387   0.312   0.283
Arts/Athletes     0.253   0.330   0.318   0.302   0.259   0.263
HealthTechs       0.110   0.066  -0.111  -0.085  -0.034   0.012
Eng.Techs         0.434   0.422   0.356   0.274   0.275   0.290
ScienceTechs      0.348   0.296   0.291   0.240   0.174   0.206
OtherTechs        0.445   0.297   0.321   0.282   0.378   0.423
Sales             0.408   0.414   0.316   0.303   0.323   0.359
Secretaries      -0.368  -0.380  -0.856  -1.047  -0.891  -0.901
Info.Clerks       0.121   0.019  -0.022  -0.068  -0.085  -0.068
Records           0.232   0.273  -0.103  -0.129  -0.197  -0.293
FinancialClerk    0.019   0.115  -0.029  -0.165  -0.248  -0.188
OfficeMachine     0.092   0.213  -0.038  -0.008  -0.070  -0.166
ComputerTech     -0.049   0.023   0.156   0.093   0.106   0.198
Mail              0.455   0.260   0.139   0.031   0.050   0.032
Clerks            0.402   0.246   0.117   0.080   0.102   0.063
Insurance         0.443   0.394   0.180   0.128   0.137   0.121
Misc.Admin        0.168   0.099  -0.019   0.054  -0.011  -0.008
PrivateHshld      0.260   0.111  -0.277  -0.466  -0.946  -1.065
Firefighting      0.461   0.461   0.607   0.600   0.572   0.549
Police            0.431   0.427   0.369   0.272   0.226   0.250
Guards            0.535   0.335   0.063  -0.028  -0.145  -0.112
FoodPrep          0.206   0.154  -0.134  -0.223  -0.243  -0.235
HealthService     0.009  -0.079  -0.191  -0.100  -0.280  -0.211
Cleaning          0.362   0.391   0.227   0.165   0.083   0.074
PersonalService   0.254   0.262   0.097   0.114   0.144   0.072
FarmMgrs          0.575   0.362   0.479   0.355   0.238   0.279
FarmWork          0.339   0.137  -0.143  -0.257  -0.531  -0.488
Agriculture       0.411   0.355   0.201   0.122   0.046  -0.013
Forest            0.558   0.558   0.469   0.368   0.318   0.282
Mechanics         0.553   0.409   0.474   0.239   0.215   0.151
Elec.Repairer     0.532   0.439   0.257   0.165   0.156   0.151
Misc.Repairer     0.508   0.481   0.380   0.322   0.308   0.325
Construction      0.568   0.437   0.507   0.409   0.393   0.362
Extractive        0.530   0.503   0.461   0.382   0.475   0.365
Supervisor(P)     0.466   0.389   0.317   0.254   0.220   0.232
MetalWork         0.534   0.450   0.512   0.461   0.443   0.475
WoodWork          0.548   0.441   0.144   0.225   0.180  -0.063
Textiles          0.083   0.163  -0.080  -0.120  -0.200  -0.282
Other             0.447   0.262   0.141   0.125  -0.149  -0.282
Food              0.480   0.337   0.227   0.068  -0.029  -0.105
PlantOperator     0.568   0.372   0.330   0.315   0.325   0.410
MetalMach.        0.523   0.352   0.251   0.236   0.146   0.134
MetalProc.        0.437   0.338   0.199   0.255   0.215   0.182
WoodMach.         0.307   0.323   0.228   0.144   0.074   0.070
TextileMach.      0.412   0.420   0.293   0.217   0.220   0.204
PrintMach.        0.180  -0.067  -0.244  -0.116  -0.163  -0.195
OtherMach.        0.301   0.297   0.263   0.222   0.147   0.173
Fabricators       0.271   0.249   0.188   0.123   0.081   0.104
Prod.Inspectors   0.253   0.287   0.246   0.246   0.237   0.284
MotorVehicle      0.556   0.403   0.476   0.366   0.344   0.316
OtherVehicle      0.553  -0.958  -1.281  -1.656  -1.647  -1.806
Freight           0.446   0.285   0.045   0.003  -0.019  -0.034
 
Mean             0.335   0.238   0.140   0.087   0.050   0.032
Std Dev          0.198   0.272   0.326   0.341   0.352   0.369
Mean(weighted)   0.364   0.295   0.222   0.162   0.152   0.151
Std Dev(wghtd)   0.184   0.220   0.302   0.323   0.317   0.325
 
-------------------------
    WageGrowthRelative      
-------------------------
 
                   1960    1970    1980    1990    2000    2010
---------------------------------------------------------------
Home                NaN     NaN     NaN     NaN     NaN     NaN
Managers          1.035   1.053   1.079   0.976   1.015     NaN
MgmtRelated       1.091   1.165   1.048   0.944   0.952     NaN
Architects        3.669   0.911   0.887   0.911   0.984     NaN
Engineers         1.018   1.134   1.150   0.936   1.012     NaN
Math/CompSci      0.822   1.120   1.125   1.000   0.978     NaN
Science           1.112   0.924   1.038   0.965   0.973     NaN
Doctors           1.084   0.812   1.061   0.927   0.944     NaN
Nurses            1.094   1.157   1.057   0.986   0.955     NaN
Therapists        1.038   1.181   1.108   0.947   0.887     NaN
Professors        1.070   1.085   0.976   1.046   0.987     NaN
Teachers          1.090   1.070   1.047   1.013   0.943     NaN
Librarians        0.962   1.020   0.951   1.088   0.915     NaN
Soc.Scientists    0.786   1.080   1.117   0.961   0.934     NaN
SocialWork        1.042   1.164   1.026   0.972   0.980     NaN
Lawyers           1.238   0.833   1.118   0.927   0.924     NaN
Arts/Athletes     0.896   1.019   1.000   0.936   0.916     NaN
HealthTechs       1.050   1.189   0.977   0.953   0.955     NaN
Eng.Techs         1.022   1.113   1.127   0.999   0.979     NaN
ScienceTechs      1.079   1.008   1.071   1.088   0.961     NaN
OtherTechs        1.266   0.966   1.056   0.867   0.927     NaN
Sales             0.990   1.167   1.018   0.972   0.947     NaN
Secretaries       0.885   1.096   1.034   0.924   1.005     NaN
Info.Clerks       1.116   1.043   1.045   1.015   0.967     NaN
Records           0.947   1.516   1.024   1.061   1.080     NaN
FinancialClerk    0.902   1.163   1.132   1.072   0.952     NaN
OfficeMachine     0.867   1.319   0.971   1.061   1.090     NaN
ComputerTech      0.932   0.864   1.074   0.986   0.897     NaN
Mail              1.356   1.164   1.125   0.981   1.019     NaN
Clerks            1.260   1.171   1.042   0.976   1.043     NaN
Insurance         1.088   1.353   1.064   0.961   0.987     NaN
Misc.Admin        1.083   1.130   0.929   1.068   0.984     NaN
PrivateHshld      1.201   1.436   1.148   1.327   1.061     NaN
Firefighting        NaN   0.729   1.019   1.070   1.053     NaN
Police            1.006   1.101   1.154   1.063   0.970     NaN
Guards            1.429   1.409   1.097   1.113   0.971     NaN
FoodPrep          1.065   1.340   1.078   1.016   0.994     NaN
HealthService     1.089   1.104   0.924   1.163   0.931     NaN
Cleaning          0.955   1.270   1.081   1.098   1.010     NaN
PersonalService   0.989   1.224   0.982   0.966   1.022     NaN
FarmMgrs          1.499   0.816   1.239   1.181   0.946     NaN
FarmWork          1.306   1.325   1.099   1.218   0.972     NaN
Agriculture       1.097   1.239   1.098   1.086   1.063     NaN
Forest              NaN   1.202   1.191   1.079   1.053     NaN
Mechanics         1.320   0.890   1.448   1.031   1.082     NaN
Elec.Repairer     1.199   1.325   1.124   1.010   1.006     NaN
Misc.Repairer     1.056   1.194   1.094   1.021   0.975     NaN
Construction      1.301   0.877   1.197   1.028   1.050     NaN
Extractive          NaN   1.085   1.147   0.850   1.208     NaN
Supervisor(P)     1.145   1.117   1.093   1.046   0.985     NaN
MetalWork         1.180   0.886   1.105   1.034   0.943     NaN
WoodWork            NaN   1.531   0.905   1.059   1.297     NaN
Textiles          0.913   1.290   1.037   1.071   1.068     NaN
Other             1.335   1.164   1.018   1.313   1.116     NaN
Food              1.275   1.167   1.206   1.104   1.074     NaN
PlantOperator     1.453   1.067   1.022   0.986   0.873     NaN
MetalMach.        1.357   1.157   1.020   1.118   1.014     NaN
MetalProc.        1.174   1.211   0.930   1.053   1.041     NaN
WoodMach.           NaN   1.140   1.109   1.082   1.004     NaN
TextileMach.      0.987   1.220   1.107   0.996   1.021     NaN
PrintMach.        1.302   1.166   0.897   1.043   1.027     NaN
OtherMach.        1.006   1.047   1.056   1.096   0.969     NaN
Fabricators       1.029   1.082   1.079   1.048   0.975     NaN
Prod.Inspectors   0.953   1.058   1.001   1.012   0.939     NaN
MotorVehicle      1.345   0.878   1.209   1.035   1.043     NaN
OtherVehicle      4.383   1.165   1.164   0.997   1.060     NaN
Freight           1.291   1.336   1.044   1.022   1.015     NaN
 
Mean             1.205   1.125   1.070   1.030   0.999     NaN
Std Dev          0.552   0.167   0.091   0.087   0.070   0.000
Mean(weighted)   1.122   1.084   1.081   1.002   0.988   0.000
Std Dev(wghtd)   0.373   0.135   0.085   0.062   0.045     NaN
 
--------------
    TauH      
--------------
 
                   1940    1950    1960    1970    1980    1990    2000    2010
-------------------------------------------------------------------------------
Home              0.000   0.000   0.000   0.000   0.000   0.000   0.000   0.000
Managers          0.000   0.000 221.572  33.299   2.960  -0.165  -0.634  -0.788
MgmtRelated       0.000   0.000  79.539  96.455   5.814   0.271  -0.406  -0.685
Architects        0.000   0.000 533.2081300125.852314735.1486969.4071354.365 193.644
Engineers         0.000   0.000 944.0171064.966  33.717   4.338   0.831   0.129
Math/CompSci      0.000   0.000  29.318   6.256  -0.095  -0.274   0.138   0.318
Science           0.000   0.000  71.967  62.581   0.978  -0.666  -0.800  -0.800
Doctors           0.000   0.000 442.379  24.343   3.361  -0.800  -0.800  -0.800
Nurses            0.000   0.000   1.254  -0.027  -0.295  -0.736  -0.547  -0.796
Therapists        0.000   0.000   3.525   0.604   1.111  -0.507  -0.653  -0.800
Professors        0.000   0.000  73.105   8.778   0.060  -0.624  -0.800  -0.800
Teachers          0.000   0.000   2.962   2.682   0.608  -0.259  -0.482  -0.800
Librarians        0.000   0.000  -0.642  -0.005  -0.656  -0.546  -0.744  -0.800
Soc.Scientists    0.000   0.000  15.860   1.577  -0.598  -0.800  -0.800  -0.800
SocialWork        0.000   0.000   4.896   1.540   1.387   0.284  -0.567  -0.783
Lawyers           0.000   0.0001704.973  51.492  -0.653  -0.800  -0.800  -0.800
Arts/Athletes     0.000   0.000  15.933  11.557  -0.389  -0.800  -0.800  -0.800
HealthTechs       0.000   0.000   2.089   0.562  -0.202  -0.640  -0.490  -0.795
Eng.Techs         0.000   0.000 250.944 151.388  14.820   8.692   4.144   1.501
ScienceTechs      0.000   0.000  62.316  61.895   3.494   0.759   0.862   0.045
OtherTechs        0.000   0.000 301.663  26.514   1.000  -0.316  -0.221  -0.071
Sales             0.000   0.000 160.536  75.174  13.119   2.056   0.124  -0.667
Secretaries       0.000   0.000  -0.800  -0.800  -0.800  -0.800   1.729   3.349
Info.Clerks       0.000   0.000   2.513  10.227   0.366  -0.475  -0.717  -0.800
Records           0.000   0.000  11.933   6.496   1.446   0.145   1.357   1.925
FinancialClerk    0.000   0.000   0.210   0.123  -0.565  -0.783  -0.669  -0.548
OfficeMachine     0.000   0.000   1.561   7.430   7.217   5.325   7.404   0.843
ComputerTech      0.000   0.000  -0.371  30.799   1.406   1.070   3.189  -0.308
Mail              0.000   0.000 358.539  37.063  32.353   5.556  10.160  23.442
Clerks            0.000   0.000 145.056 194.931  24.725   5.932   3.770   2.316
Insurance         0.000   0.000 292.393   9.161  -0.037  -0.790  -0.800  -0.800
Misc.Admin        0.000   0.000   4.955   2.919  -0.088  -0.725  -0.727  -0.800
PrivateHshld      0.000   0.000  17.574  17.085  59.054  40.698  86.432  47.222
Firefighting      0.000   0.000 403.373 403.373  16.516   0.965   0.822   1.010
Police            0.000   0.000 235.648 746.387  50.894  13.658  18.749   7.212
Guards            0.000   0.0001676.2994441.966 208.873  94.188 163.527  81.102
FoodPrep          0.000   0.000   8.336  16.713  38.320  41.367  62.553  28.230
HealthService     0.000   0.000   0.095   0.042   0.747  -0.543  -0.687  -0.800
Cleaning          0.000   0.000  78.081 184.904 125.145 101.871 155.222 129.324
PersonalService   0.000   0.000  16.224   5.017   0.080  -0.436  -0.771  -0.800
FarmMgrs          0.000   0.0004018.189 707.550 269.002 317.559 231.452 297.729
FarmWork          0.000   0.000  54.9903865.8394741.1354464.0249060.0639332.391
Agriculture       0.000   0.000 170.691 273.122 182.716 197.075 365.597 231.085
Forest            0.000   0.0002795.2132795.213  29.618  25.208 123.763  19.624
Mechanics         0.000   0.0002465.6721398.269 209.2431194.7561198.3802408.978
Elec.Repairer     0.000   0.0001596.422 539.814 130.659 130.846 273.247 630.225
Misc.Repairer     0.000   0.000 982.4661903.480 629.089  98.244 159.810 249.704
Construction      0.000   0.0003419.740 769.649 477.766 293.714 437.255 842.360
Extractive        0.000   0.0001530.035 889.381 316.326 224.8621526.4677625.160
Supervisor(P)     0.000   0.000 443.850 689.134 143.744  42.434  26.527  23.626
MetalWork         0.000   0.0001647.203 245.861  62.466  90.952  83.698  93.950
WoodWork          0.000   0.0002205.542 280.081 585.889 473.4221955.8737600.209
Textiles          0.000   0.000   1.309  82.942  99.818 122.222 438.950 254.401
Other             0.000   0.000 313.762 212.108  74.943  18.418   2.682   1.699
Food              0.000   0.000 572.1433125.159 606.227 158.080  71.353  84.627
PlantOperator     0.000   0.0003430.03330649.308 165.776  54.673  40.946   3.257
MetalMach.        0.000   0.0001315.045 167.490 127.642  78.399  71.646 506.763
MetalProc.        0.000   0.000 261.267 228.867  84.496  88.912 139.673 404.573
WoodMach.         0.000   0.000  34.058  42.871 112.683  99.589  98.979 920.334
TextileMach.      0.000   0.000 172.973 118.630  20.877  17.381  48.144  25.878
PrintMach.        0.000   0.000   5.865   8.825   9.247  12.024  35.903  45.847
OtherMach.        0.000   0.000  31.162  45.429  53.259  27.694  44.427  60.081
Fabricators       0.000   0.000  20.405  34.271  58.283  57.021  85.240 268.481
Prod.Inspectors   0.000   0.000  15.872  16.219  10.348   4.634   2.845   1.871
MotorVehicle      0.000   0.0002646.184 329.199  59.673  53.824  82.762 106.313
OtherVehicle      0.000   0.0002493.842243285958.351398267229.794301991221.156207604476.829697469231.139
Freight           0.000   0.000 310.450 470.595 421.771 204.790 316.839 445.478
 
Mean             0.000   0.000 613.8423651399.5375949138.6994507568.0003098854.63910410480.907
Std Dev          0.000   0.000 994.58929720020.98348655499.63936894070.39225362888.83685209367.376
Mean(weighted)     NaN     NaN 632.5422415298.4043949829.5872994566.0602058673.3666916135.019
Std Dev(wghtd)     NaN     NaN1031.03424105280.15939461447.51029922189.76620570064.69469107330.911
 
--------------------
    1/(1-TauW)      
--------------------
 
                   1960    1970    1980    1990    2000    2010
---------------------------------------------------------------
Home              1.000   1.000   1.000   1.000   1.000   1.000
Managers          1.745   1.685   1.600   1.483   1.520   1.498
MgmtRelated       1.572   1.441   1.237   1.180   1.250   1.313
Architects        1.910   0.521   0.571   0.645   0.707   0.719
Engineers         2.025   1.989   1.753   1.524   1.629   1.609
Math/CompSci      1.421   1.728   1.543   1.371   1.371   1.401
Science           1.556   1.399   1.514   1.459   1.419   1.263
Doctors           1.873   1.728   2.128   1.988   1.602   1.320
Nurses            1.087   0.994   0.859   0.813   0.824   0.863
Therapists        1.168   1.125   0.953   0.860   0.908   0.865
Professors        1.558   1.456   1.342   1.374   1.301   1.206
Teachers          1.152   1.057   0.988   0.944   0.932   0.979
Librarians        0.900   0.935   0.917   0.964   0.886   0.803
Soc.Scientists    1.338   1.702   1.576   1.308   1.183   1.109
SocialWork        1.201   1.152   0.990   0.965   0.993   1.012
Lawyers           2.152   1.738   2.087   1.630   1.454   1.394
Arts/Athletes     1.338   1.493   1.465   1.433   1.350   1.357
HealthTechs       1.123   1.070   0.900   0.921   0.967   1.012
Eng.Techs         1.767   1.729   1.553   1.378   1.380   1.409
ScienceTechs      1.533   1.421   1.410   1.316   1.210   1.260
OtherTechs        1.801   1.423   1.472   1.394   1.607   1.733
Sales             1.688   1.705   1.461   1.436   1.477   1.560
Secretaries       0.731   0.725   0.539   0.489   0.529   0.526
Info.Clerks       1.138   1.020   0.978   0.936   0.922   0.936
Records           1.302   1.375   0.907   0.886   0.835   0.774
FinancialClerk    1.020   1.130   0.972   0.858   0.801   0.842
OfficeMachine     1.102   1.271   0.963   0.992   0.935   0.858
ComputerTech      0.953   1.023   1.185   1.103   1.119   1.247
Mail              1.833   1.352   1.161   1.032   1.053   1.033
Clerks            1.671   1.326   1.133   1.086   1.113   1.068
Insurance         1.795   1.651   1.220   1.147   1.158   1.138
Misc.Admin        1.202   1.109   0.982   1.057   0.989   0.992
PrivateHshld      1.351   1.125   0.783   0.682   0.514   0.484
Firefighting      1.856   1.856   2.547   2.498   2.336   2.218
Police            1.756   1.746   1.585   1.374   1.292   1.333
Guards            2.148   1.503   1.067   0.972   0.873   0.899
FoodPrep          1.259   1.182   0.882   0.818   0.805   0.809
HealthService     1.009   0.927   0.840   0.909   0.781   0.826
Cleaning          1.569   1.643   1.294   1.197   1.091   1.079
PersonalService   1.341   1.356   1.108   1.128   1.169   1.077
FarmMgrs          2.351   1.568   1.921   1.550   1.313   1.388
FarmWork          1.514   1.159   0.875   0.796   0.653   0.672
Agriculture       1.699   1.549   1.251   1.139   1.049   0.987
Forest            2.265   2.265   1.885   1.582   1.467   1.393
Mechanics         2.236   1.693   1.902   1.314   1.274   1.177
Elec.Repairer     2.138   1.782   1.345   1.197   1.185   1.178
Misc.Repairer     2.034   1.926   1.613   1.475   1.445   1.482
Construction      2.312   1.777   2.027   1.693   1.647   1.568
Extractive        2.128   2.013   1.855   1.617   1.903   1.575
Supervisor(P)     1.874   1.636   1.465   1.341   1.282   1.302
MetalWork         2.145   1.817   2.051   1.856   1.795   1.903
WoodWork          2.210   1.787   1.168   1.291   1.219   0.940
Textiles          1.090   1.194   0.926   0.893   0.833   0.780
Other             1.808   1.355   1.164   1.143   0.871   0.780
Food              1.924   1.508   1.293   1.072   0.971   0.905
PlantOperator     2.313   1.592   1.492   1.460   1.480   1.696
MetalMach.        2.095   1.544   1.335   1.309   1.171   1.154
MetalProc.        1.775   1.512   1.248   1.341   1.274   1.223
WoodMach.         1.442   1.476   1.295   1.168   1.080   1.075
TextileMach.      1.701   1.725   1.414   1.278   1.283   1.256
PrintMach.        1.219   0.937   0.804   0.896   0.860   0.837
OtherMach.        1.430   1.422   1.357   1.285   1.172   1.210
Fabricators       1.371   1.332   1.231   1.141   1.089   1.116
Prod.Inspectors   1.338   1.403   1.327   1.326   1.310   1.396
MotorVehicle      2.252   1.675   1.908   1.578   1.524   1.461
OtherVehicle      2.238   0.511   0.438   0.376   0.378   0.356
Freight           1.806   1.399   1.047   1.003   0.982   0.967
 
Mean             1.622   1.423   1.300   1.204   1.161   1.143
Std Dev          0.425   0.349   0.417   0.347   0.341   0.337
Mean(weighted)   1.676   1.507   1.421   1.301   1.283   1.281
Std Dev(wghtd)   0.385   0.304   0.391   0.317   0.308   0.304
eta = 0.1030
 
----------------------
    (1+tauh)^eta      
----------------------
 
                   1940    1950    1960    1970    1980    1990    2000    2010
-------------------------------------------------------------------------------
Home              1.000   1.000   1.000   1.000   1.000   1.000   1.000   1.000
Managers          1.000   1.000   1.745   1.439   1.152   0.982   0.902   0.852
MgmtRelated       1.000   1.000   1.572   1.603   1.219   1.025   0.948   0.888
Architects        1.000   1.000   1.910   4.263   3.684   2.488   2.102   1.721
Engineers         1.000   1.000   2.025   2.050   1.441   1.188   1.064   1.013
Math/CompSci      1.000   1.000   1.421   1.226   0.990   0.968   1.013   1.029
Science           1.000   1.000   1.556   1.534   1.073   0.893   0.847   0.847
Doctors           1.000   1.000   1.873   1.395   1.164   0.847   0.847   0.847
Nurses            1.000   1.000   1.087   0.997   0.965   0.872   0.922   0.849
Therapists        1.000   1.000   1.168   1.050   1.080   0.930   0.897   0.847
Professors        1.000   1.000   1.558   1.265   1.006   0.904   0.847   0.847
Teachers          1.000   1.000   1.152   1.144   1.050   0.970   0.935   0.847
Librarians        1.000   1.000   0.900   0.999   0.896   0.922   0.869   0.847
Soc.Scientists    1.000   1.000   1.338   1.102   0.911   0.847   0.847   0.847
SocialWork        1.000   1.000   1.201   1.101   1.094   1.026   0.917   0.854
Lawyers           1.000   1.000   2.152   1.504   0.897   0.847   0.847   0.847
Arts/Athletes     1.000   1.000   1.338   1.298   0.951   0.847   0.847   0.847
HealthTechs       1.000   1.000   1.123   1.047   0.977   0.900   0.933   0.849
Eng.Techs         1.000   1.000   1.767   1.678   1.329   1.264   1.184   1.099
ScienceTechs      1.000   1.000   1.533   1.532   1.167   1.060   1.066   1.005
OtherTechs        1.000   1.000   1.801   1.407   1.074   0.962   0.975   0.992
Sales             1.000   1.000   1.688   1.563   1.313   1.122   1.012   0.893
Secretaries       1.000   1.000   0.847   0.847   0.847   0.847   1.109   1.163
Info.Clerks       1.000   1.000   1.138   1.283   1.033   0.936   0.878   0.847
Records           1.000   1.000   1.302   1.231   1.096   1.014   1.092   1.117
FinancialClerk    1.000   1.000   1.020   1.012   0.918   0.854   0.892   0.922
OfficeMachine     1.000   1.000   1.102   1.246   1.242   1.209   1.245   1.065
ComputerTech      1.000   1.000   0.953   1.428   1.095   1.078   1.159   0.963
Mail              1.000   1.000   1.833   1.455   1.435   1.214   1.282   1.390
Clerks            1.000   1.000   1.671   1.722   1.397   1.221   1.175   1.131
Insurance         1.000   1.000   1.795   1.270   0.996   0.852   0.847   0.847
Misc.Admin        1.000   1.000   1.202   1.151   0.991   0.875   0.875   0.847
PrivateHshld      1.000   1.000   1.351   1.347   1.525   1.468   1.585   1.491
Firefighting      1.000   1.000   1.856   1.856   1.343   1.072   1.064   1.075
Police            1.000   1.000   1.756   1.977   1.502   1.319   1.360   1.242
Guards            1.000   1.000   2.148   2.375   1.734   1.599   1.692   1.575
FoodPrep          1.000   1.000   1.259   1.345   1.460   1.471   1.534   1.416
HealthService     1.000   1.000   1.009   1.004   1.059   0.923   0.887   0.847
Cleaning          1.000   1.000   1.569   1.713   1.646   1.612   1.683   1.651
PersonalService   1.000   1.000   1.341   1.203   1.008   0.943   0.859   0.847
FarmMgrs          1.000   1.000   2.351   1.966   1.780   1.811   1.753   1.799
FarmWork          1.000   1.000   1.514   2.342   2.391   2.376   2.556   2.564
Agriculture       1.000   1.000   1.699   1.783   1.711   1.724   1.837   1.753
Forest            1.000   1.000   2.265   2.265   1.423   1.400   1.644   1.366
Mechanics         1.000   1.000   2.236   2.109   1.735   2.075   2.076   2.230
Elec.Repairer     1.000   1.000   2.138   1.912   1.653   1.653   1.783   1.943
Misc.Repairer     1.000   1.000   2.034   2.177   1.942   1.606   1.688   1.766
Construction      1.000   1.000   2.312   1.983   1.888   1.796   1.871   2.002
Extractive        1.000   1.000   2.128   2.013   1.810   1.748   2.128   2.511
Supervisor(P)     1.000   1.000   1.874   1.961   1.669   1.475   1.407   1.391
MetalWork         1.000   1.000   2.145   1.764   1.533   1.593   1.580   1.598
WoodWork          1.000   1.000   2.210   1.787   1.928   1.886   2.183   2.510
Textiles          1.000   1.000   1.090   1.578   1.608   1.642   1.872   1.770
Other             1.000   1.000   1.808   1.737   1.562   1.357   1.144   1.108
Food              1.000   1.000   1.924   2.291   1.935   1.686   1.554   1.581
PlantOperator     1.000   1.000   2.313   2.898   1.694   1.513   1.469   1.161
MetalMach.        1.000   1.000   2.095   1.696   1.649   1.569   1.555   1.900
MetalProc.        1.000   1.000   1.775   1.751   1.581   1.589   1.664   1.856
WoodMach.         1.000   1.000   1.442   1.476   1.628   1.608   1.607   2.020
TextileMach.      1.000   1.000   1.701   1.637   1.374   1.350   1.494   1.404
PrintMach.        1.000   1.000   1.219   1.265   1.271   1.303   1.450   1.486
OtherMach.        1.000   1.000   1.430   1.485   1.509   1.413   1.482   1.527
Fabricators       1.000   1.000   1.371   1.443   1.523   1.519   1.583   1.780
Prod.Inspectors   1.000   1.000   1.338   1.341   1.284   1.195   1.149   1.115
MotorVehicle      1.000   1.000   2.252   1.817   1.526   1.510   1.578   1.619
OtherVehicle      1.000   1.000   2.238   7.308   7.688   7.472   7.189   8.145
Freight           1.000   1.000   1.806   1.885   1.864   1.731   1.810   1.875
 
Mean             1.000   1.000   1.623   1.691   1.491   1.388   1.405   1.416
Std Dev          0.000   0.000   0.422   0.872   0.886   0.847   0.830   0.959
Mean(weighted)     NaN     NaN   1.679   1.604   1.384   1.265   1.252   1.247
Std Dev(wghtd)     NaN     NaN   0.379   0.671   0.705   0.704   0.699   0.811
 
--------------------------------------------------
    z -- preference shock by Cohort of birth      
--------------------------------------------------
 
                   1940    1950    1960    1970    1980    1990    2000    2010
-------------------------------------------------------------------------------
Home              0.000   0.000   1.000   1.000   1.000   1.000   1.000   1.000
Managers          0.000   0.000   0.893   0.809   0.839   0.752   0.878   0.760
MgmtRelated       0.000   0.000   0.935   0.890   0.891   0.827   0.987   0.812
Architects        0.000   0.000   1.229   0.953   1.057   0.823   1.078   0.863
Engineers         0.000   0.000   0.760   0.756   0.765   0.676   0.847   0.680
Math/CompSci      0.000   0.000   0.915   0.779   0.771   0.710   0.845   0.722
Science           0.000   0.000   0.895   0.875   0.991   0.893   1.262   0.980
Doctors           0.000   0.000   1.499   1.035   1.141   1.004   1.177   0.943
Nurses            0.000   0.000   1.253   1.083   1.087   0.793   0.973   0.815
Therapists        0.000   0.000   1.331   1.031   0.919   0.806   1.045   0.893
Professors        0.000   0.000   2.053   1.740   1.745   1.876   2.112   1.846
Teachers          0.000   0.000   1.296   1.213   1.228   1.101   1.371   1.122
Librarians        0.000   0.000   1.331   1.195   1.244   1.243   1.453   1.313
Soc.Scientists    0.000   0.000   1.070   0.960   1.082   0.952   1.157   0.877
SocialWork        0.000   0.000   1.312   1.112   1.132   1.060   1.280   1.054
Lawyers           0.000   0.000   1.588   1.003   1.108   0.892   1.104   0.858
Arts/Athletes     0.000   0.000   0.943   0.894   0.979   0.874   1.038   0.931
HealthTechs       0.000   0.000   0.972   0.965   0.963   0.854   1.009   0.814
Eng.Techs         0.000   0.000   0.770   0.771   0.792   0.741   0.945   0.798
ScienceTechs      0.000   0.000   0.797   0.881   0.829   0.761   0.920   0.796
OtherTechs        0.000   0.000   0.959   0.723   0.882   0.757   0.957   0.837
Sales             0.000   0.000   1.128   1.027   0.941   0.846   1.016   0.924
Secretaries       0.000   0.000   0.867   0.868   0.965   0.913   1.148   1.033
Info.Clerks       0.000   0.000   0.901   0.916   1.039   1.007   1.239   1.067
Records           0.000   0.000   1.127   0.963   0.886   0.905   1.171   1.015
FinancialClerk    0.000   0.000   0.937   0.909   0.968   0.923   1.114   0.936
OfficeMachine     0.000   0.000   0.846   0.912   0.922   0.907   0.959   0.957
ComputerTech      0.000   0.000   0.820   0.846   0.827   0.849   1.140   0.950
Mail              0.000   0.000   0.866   0.754   0.707   0.682   0.971   0.823
Clerks            0.000   0.000   0.869   0.814   0.793   0.801   1.012   0.890
Insurance         0.000   0.000   1.022   0.929   0.922   0.882   1.056   0.932
Misc.Admin        0.000   0.000   0.905   0.909   0.978   0.981   1.196   1.007
PrivateHshld      0.000   0.000   1.142   1.062   1.067   1.108   1.393   1.199
Firefighting      0.000   0.000   0.521   0.521   0.676   0.648   0.797   0.635
Police            0.000   0.000   0.701   0.713   0.710   0.668   0.860   0.701
Guards            0.000   0.000   0.706   1.000   0.829   0.805   1.018   0.865
FoodPrep          0.000   0.000   1.168   1.130   1.147   1.104   1.319   1.186
HealthService     0.000   0.000   0.993   1.061   1.088   1.041   1.249   1.087
Cleaning          0.000   0.000   0.924   0.902   0.906   0.984   1.202   1.118
PersonalService   0.000   0.000   1.075   0.974   1.126   1.194   1.393   1.174
FarmMgrs          0.000   0.000   1.477   0.926   1.201   1.167   1.213   1.005
FarmWork          0.000   0.000   1.164   1.177   0.956   0.955   1.108   0.943
Agriculture       0.000   0.000   0.900   0.874   0.982   0.953   1.095   0.961
Forest            0.000   0.000   0.851   0.851   0.753   0.735   1.003   0.734
Mechanics         0.000   0.000   0.744   0.615   0.657   0.662   0.837   0.735
Elec.Repairer     0.000   0.000   0.780   0.670   0.604   0.641   0.834   0.754
Misc.Repairer     0.000   0.000   0.698   0.823   0.771   0.728   0.929   0.835
Construction      0.000   0.000   0.727   0.618   0.756   0.726   0.932   0.800
Extractive        0.000   0.000   0.566   0.684   0.595   0.580   0.945   0.681
Supervisor(P)     0.000   0.000   0.830   0.751   0.754   0.695   0.865   0.747
MetalWork         0.000   0.000   0.728   0.635   0.722   0.753   0.950   0.861
WoodWork          0.000   0.000   0.815   0.906   0.917   0.910   1.190   0.975
Textiles          0.000   0.000   0.912   0.824   0.897   0.947   1.086   1.071
Other             0.000   0.000   0.928   0.837   0.842   0.825   1.092   0.916
Food              0.000   0.000   0.844   0.909   0.833   0.880   1.071   0.983
PlantOperator     0.000   0.000   0.904   0.744   0.618   0.604   0.764   0.557
MetalMach.        0.000   0.000   0.863   0.771   0.737   0.806   0.987   0.920
MetalProc.        0.000   0.000   0.691   0.706   0.750   0.808   1.016   0.963
WoodMach.         0.000   0.000   0.571   0.744   0.840   0.838   0.982   0.937
TextileMach.      0.000   0.000   0.708   0.775   0.812   0.796   1.031   0.912
PrintMach.        0.000   0.000   0.934   0.865   0.876   0.947   1.132   1.047
OtherMach.        0.000   0.000   0.819   0.825   0.794   0.816   1.026   0.927
Fabricators       0.000   0.000   0.743   0.769   0.782   0.829   1.012   0.919
Prod.Inspectors   0.000   0.000   0.838   0.855   0.806   0.832   1.028   0.854
MotorVehicle      0.000   0.000   0.780   0.656   0.780   0.798   1.030   0.926
OtherVehicle      0.000   0.000   0.663   0.676   0.732   0.672   0.798   0.678
Freight           0.000   0.000   0.815   0.862   0.829   0.883   1.117   1.035
 
Mean             0.000   0.000   0.949   0.884   0.904   0.872   1.071   0.924
Std Dev          0.000   0.000   0.262   0.181   0.187   0.190   0.200   0.184
Mean(weighted)     NaN     NaN   0.962   0.873   0.898   0.842   1.028   0.888
Std Dev(wghtd)     NaN     NaN   0.233   0.170   0.162   0.157   0.176   0.154
 
 
--------------------------------------------------------------------------------------------------
                          >>>>> Black Men <<<<<
--------------------------------------------------------------------------------------------------
 
--------------
    TauHat      
--------------
 
                   1960    1970    1980    1990    2000    2010
---------------------------------------------------------------
Home                NaN     NaN     NaN     NaN     NaN     NaN
Managers          2.793   1.671   1.579   1.612   1.538   1.458
MgmtRelated       2.112   1.698   1.371   1.397   1.400   1.374
Architects          NaN   1.596   1.717   1.447   1.543   1.519
Engineers         2.597   1.982   1.493   1.458   1.421   1.401
Math/CompSci      2.059   1.700   1.337   1.394   1.234   1.186
Science           1.971   1.392   1.438   1.433   1.452   1.470
Doctors           2.065   2.343   1.694   1.461   1.437   1.382
Nurses            2.048   1.563   1.467   1.646   1.322   1.268
Therapists        1.271   1.049   1.331   1.175   1.383   1.423
Professors        1.951   1.516   1.362   1.213   1.239   1.215
Teachers          1.392   1.231   1.250   1.153   1.094   1.166
Librarians          NaN   1.298   1.059   1.106   1.378   1.131
Soc.Scientists    3.208   1.572   1.399   1.490   1.552   1.336
SocialWork        1.143   0.959   1.042   0.915   1.000   1.022
Lawyers           3.101   4.275   1.565   1.750   1.577   1.612
Arts/Athletes     1.751   1.546   1.286   1.254   1.299   1.350
HealthTechs       1.214   1.223   1.157   1.126   1.139   1.124
Eng.Techs         1.769   1.667   1.320   1.313   1.249   1.164
ScienceTechs      1.902   1.115   1.093   1.178   1.020   1.051
OtherTechs        1.818   1.559   1.270   1.354   1.401   1.338
Sales             2.304   1.886   1.598   1.600   1.483   1.403
Secretaries       1.407   1.168   1.221   0.877   1.076   1.046
Info.Clerks       1.840   1.323   1.016   1.072   0.992   0.944
Records           1.656   1.172   1.033   0.975   0.992   0.847
FinancialClerk    1.587   1.561   1.232   0.998   0.955   1.016
OfficeMachine     1.777   0.799   0.896   0.851   0.800   0.741
ComputerTech      1.912   1.194   1.057   0.991   0.986   1.063
Mail              0.849   0.835   0.936   0.910   0.930   0.919
Clerks            1.236   1.119   1.124   1.122   1.059   1.017
Insurance         3.603   1.271   1.150   1.099   1.106   1.053
Misc.Admin        1.433   1.135   1.087   1.052   1.054   1.024
PrivateHshld      0.991   0.802   0.783   0.741   0.723   0.699
Firefighting      1.469   1.278   1.243   1.201   1.297   1.331
Police            1.234   1.245   1.120   1.034   1.082   1.247
Guards            1.054   0.932   0.919   0.876   0.870   0.887
FoodPrep          0.995   1.120   1.089   1.043   1.055   1.129
HealthService     0.621   0.789   0.865   0.867   0.802   0.802
Cleaning          0.728   0.886   1.012   1.017   1.016   1.040
PersonalService   1.041   1.107   1.187   0.998   0.936   0.966
FarmMgrs          3.406   4.201   2.872   2.295   2.152   2.837
FarmWork          1.285   1.316   1.517   1.508   1.659   1.780
Agriculture       1.228   1.086   1.240   1.294   1.321   1.417
Forest            1.544   1.349   1.823   1.427   1.543   2.659
Mechanics         1.578   1.441   1.357   1.425   1.334   1.324
Elec.Repairer     2.558   1.729   1.219   1.216   1.139   1.235
Misc.Repairer     1.699   1.356   1.301   1.336   1.263   1.351
Construction      1.761   1.492   1.459   1.470   1.455   1.474
Extractive        2.453   1.874   1.499   1.500   1.641   1.751
Supervisor(P)     2.156   1.612   1.337   1.382   1.260   1.286
MetalWork         1.792   1.705   1.263   1.434   1.544   1.451
WoodWork          2.024   1.415   1.318   1.491   1.812   1.770
Textiles          1.131   1.206   1.281   1.183   1.096   1.010
Other             1.461   1.950   1.324   1.372   1.026   1.039
Food              1.550   1.131   1.298   1.293   1.070   1.106
PlantOperator     2.365   1.539   1.119   1.340   1.289   1.258
MetalMach.        1.397   1.225   1.138   1.236   1.065   1.285
MetalProc.        0.891   1.032   1.105   1.370   1.200   1.005
WoodMach.         1.351   1.200   1.222   1.279   1.081   1.309
TextileMach.      1.828   1.408   1.175   1.329   1.245   1.446
PrintMach.        1.070   1.010   0.857   0.966   0.959   0.936
OtherMach.        1.211   1.026   1.041   1.107   1.055   1.150
Fabricators       1.192   1.073   1.067   1.176   1.093   1.141
Prod.Inspectors   1.543   1.198   1.082   1.243   1.149   1.330
MotorVehicle      1.411   1.184   1.160   1.101   1.000   0.964
OtherVehicle      1.613   1.165   1.267   1.345   1.318   1.430
Freight           0.981   0.995   1.044   1.046   0.963   0.944
 
Mean             1.694   1.417   1.260   1.248   1.222   1.255
Std Dev          0.635   0.593   0.293   0.256   0.262   0.356
Mean(weighted)   1.932   1.559   1.361   1.350   1.299   1.296
Std Dev(wghtd)   0.647   0.565   0.268   0.261   0.235   0.260
 
--------------
    TauW      
--------------
 
                   1960    1970    1980    1990    2000    2010
---------------------------------------------------------------
Home              0.000   0.000   0.000   0.000   0.000   0.000
Managers          0.402   0.167   0.129   0.151   0.163   0.117
MgmtRelated       0.312   0.235   0.086   0.095   0.143   0.167
Architects        0.208   0.208   0.304   0.375   0.386   0.297
Engineers         0.379   0.308   0.234   0.209   0.261   0.223
Math/CompSci      0.303  -0.069  -0.178  -0.156  -0.227  -0.327
Science           0.288   0.221   0.266   0.246   0.323   0.372
Doctors           0.304   0.260  -0.148  -0.142  -0.121  -0.265
Nurses            0.301   0.265  -0.056  -0.074  -0.413  -0.516
Therapists        0.113  -0.052  -0.031  -0.076   0.004  -0.164
Professors        0.284   0.394   0.324   0.301   0.316   0.295
Teachers          0.153   0.119   0.144   0.111   0.113   0.172
Librarians        0.122   0.122   0.200   0.234   0.319   0.251
Soc.Scientists    0.442   0.101   0.096   0.160   0.137   0.031
SocialWork        0.065  -0.044  -0.064  -0.104  -0.036  -0.068
Lawyers           0.432   0.126  -0.464  -0.324  -0.280  -0.322
Arts/Athletes     0.244   0.103   0.073   0.107   0.181   0.205
HealthTechs       0.092  -0.038  -0.232  -0.296  -0.347  -0.453
Eng.Techs         0.248   0.275   0.241   0.203   0.167   0.134
ScienceTechs      0.275   0.232   0.225   0.213   0.113   0.127
OtherTechs        0.258   0.211   0.169   0.198   0.231   0.211
Sales             0.341   0.249   0.206   0.204   0.247   0.286
Secretaries       0.157  -0.070   0.073  -0.140  -0.116  -0.169
Info.Clerks       0.263  -0.466  -0.484  -0.385  -0.417  -0.273
Records           0.223   0.126  -0.052  -0.076  -0.153  -0.181
FinancialClerk    0.206   0.181   0.088  -0.020  -0.059   0.007
OfficeMachine     0.250  -0.061  -0.327  -0.480  -0.600  -0.752
ComputerTech      0.277  -0.167  -0.044  -0.132  -0.163  -0.031
Mail             -0.085  -0.114  -0.101  -0.168  -0.215  -0.213
Clerks            0.101   0.045  -0.021  -0.095  -0.074  -0.089
Insurance         0.473   0.333   0.212   0.229   0.234   0.195
Misc.Admin        0.165   0.124   0.154   0.140   0.130   0.111
PrivateHshld     -0.004  -0.288  -0.607  -0.659  -0.952  -0.958
Firefighting      0.175  -0.070  -0.209  -0.307  -0.373  -0.365
Police            0.100   0.178   0.007  -0.052  -0.043   0.024
Guards            0.026  -0.030  -0.025  -0.073  -0.106  -0.174
FoodPrep         -0.003  -0.053  -0.278  -0.411  -0.440  -0.511
HealthService    -0.365  -0.263  -0.284  -0.215  -0.409  -0.342
Cleaning         -0.172  -0.171  -0.181  -0.255  -0.317  -0.301
PersonalService   0.020  -0.155  -0.212  -0.535  -0.516  -0.553
FarmMgrs          0.458   0.375   0.040  -0.101  -0.227  -0.612
FarmWork          0.118  -0.025  -0.126  -0.178  -0.329  -0.562
Agriculture       0.098  -0.004  -0.119  -0.174  -0.151  -0.174
Forest            0.195  -0.016  -0.012  -0.220  -0.163  -0.211
Mechanics         0.204   0.130   0.054  -0.058  -0.151  -0.230
Elec.Repairer     0.375   0.127  -0.062  -0.168  -0.203  -0.242
Misc.Repairer     0.233   0.138   0.043  -0.050  -0.053  -0.157
Construction      0.246   0.070   0.020  -0.102  -0.129  -0.242
Extractive        0.362  -0.034  -0.213  -0.330  -0.361  -0.416
Supervisor(P)     0.319   0.129  -0.018  -0.077  -0.127  -0.158
MetalWork         0.253   0.184  -0.001  -0.067  -0.088  -0.120
WoodWork          0.297   0.201   0.057   0.073   0.104   0.046
Textiles          0.060   0.098  -0.009  -0.273  -0.540  -0.289
Other             0.173   0.156  -0.287  -0.280  -0.472  -0.672
Food              0.197   0.035   0.008  -0.142  -0.263  -0.458
PlantOperator     0.350   0.114  -0.045  -0.012  -0.072  -0.176
MetalMach.        0.154   0.067   0.011  -0.154  -0.321  -0.330
MetalProc.       -0.059  -0.029  -0.004  -0.058  -0.103  -0.250
WoodMach.         0.140   0.052  -0.023  -0.150  -0.333  -0.363
TextileMach.      0.260  -0.002  -0.102  -0.188  -0.275  -0.385
PrintMach.        0.033  -0.139  -0.142  -0.156  -0.266  -0.335
OtherMach.        0.091   0.002  -0.037  -0.103  -0.181  -0.226
Fabricators       0.084   0.010  -0.019  -0.137  -0.243  -0.241
Prod.Inspectors   0.195   0.255   0.060   0.023  -0.004   0.009
MotorVehicle      0.158  -0.038  -0.111  -0.292  -0.395  -0.498
OtherVehicle      0.213  -0.054  -0.046  -0.152  -0.253  -0.336
Freight          -0.010  -0.044  -0.104  -0.183  -0.328  -0.343
 
Mean             0.188   0.063  -0.029  -0.085  -0.132  -0.176
Std Dev          0.153   0.162   0.183   0.206   0.258   0.280
Mean(weighted)   0.247   0.118   0.035  -0.008  -0.029  -0.063
Std Dev(wghtd)   0.143   0.137   0.155   0.185   0.233   0.266
 
-------------------------
    WageGrowthRelative      
-------------------------
 
                   1960    1970    1980    1990    2000    2010
---------------------------------------------------------------
Home                NaN     NaN     NaN     NaN     NaN     NaN
Managers          1.393   1.046   0.974   0.987   1.055     NaN
MgmtRelated       1.112   1.194   0.990   0.948   0.971     NaN
Architects          NaN   0.879   0.899   0.983   1.144     NaN
Engineers         1.114   1.107   1.033   0.934   1.051     NaN
Math/CompSci      1.534   1.102   0.982   1.061   1.081     NaN
Science           1.094   0.942   1.027   0.898   0.928     NaN
Doctors           1.063   1.552   0.994   0.982   1.128     NaN
Nurses            1.051   1.437   1.017   1.317   1.072     NaN
Therapists        1.186   0.980   1.043   0.926   1.169     NaN
Professors        0.846   1.116   1.003   0.895   1.032     NaN
Teachers          1.040   0.971   1.039   0.997   0.933     NaN
Librarians          NaN   0.825   0.949   0.889   1.003     NaN
Soc.Scientists    1.610   1.005   0.930   1.027   1.124     NaN
SocialWork        1.116   1.019   1.037   0.939   1.030     NaN
Lawyers           1.539   1.674   0.905   0.966   1.033     NaN
Arts/Athletes     1.186   1.034   0.963   0.917   0.971     NaN
HealthTechs       1.144   1.187   1.052   1.040   1.078     NaN
Eng.Techs         0.965   1.047   1.050   1.046   1.039     NaN
ScienceTechs      1.059   0.924   1.015   1.127   0.985     NaN
OtherTechs        1.063   1.053   0.965   0.958   1.027     NaN
Sales             1.140   1.057   1.003   0.946   0.948     NaN
Secretaries       1.270   0.866   1.229   0.979   1.048     NaN
Info.Clerks       1.988   1.012   0.934   1.023   0.898     NaN
Records           1.125   1.203   1.023   1.071   1.024     NaN
FinancialClerk    1.031   1.114   1.119   1.038   0.938     NaN
OfficeMachine     1.053   1.251   1.115   1.081   1.095     NaN
ComputerTech      1.614   0.894   1.084   1.028   0.887     NaN
Mail              1.026   0.988   1.062   1.040   0.998     NaN
Clerks            1.062   1.069   1.072   0.980   1.014     NaN
Insurance         1.116   1.182   0.950   0.966   0.988     NaN
Misc.Admin        1.049   0.965   1.017   1.012   1.022     NaN
PrivateHshld      1.282   1.248   1.032   1.177   1.003     NaN
Firefighting      1.297   1.130   1.081   1.051   0.994     NaN
Police            0.914   1.208   1.060   0.991   0.936     NaN
Guards            1.057   0.996   1.047   1.030   1.062     NaN
FoodPrep          1.051   1.213   1.104   1.021   1.049     NaN
HealthService     0.925   1.017   0.947   1.159   0.952     NaN
Cleaning          0.999   1.009   1.062   1.050   0.987     NaN
PersonalService   1.178   1.050   1.266   0.988   1.024     NaN
FarmMgrs          1.153   1.536   1.147   1.114   1.314     NaN
FarmWork          1.162   1.098   1.046   1.128   1.175     NaN
Agriculture       1.113   1.114   1.049   0.981   1.020     NaN
Forest            1.263   0.996   1.206   0.953   1.041     NaN
Mechanics         1.092   1.088   1.118   1.088   1.068     NaN
Elec.Repairer     1.396   1.216   1.100   1.030   1.032     NaN
Misc.Repairer     1.123   1.110   1.098   1.002   1.099     NaN
Construction      1.234   1.054   1.125   1.025   1.100     NaN
Extractive        1.620   1.173   1.096   1.024   1.040     NaN
Supervisor(P)     1.279   1.168   1.058   1.046   1.027     NaN
MetalWork         1.093   1.226   1.066   1.020   1.030     NaN
WoodWork          1.136   1.181   0.982   0.967   1.065     NaN
Textiles          0.959   1.119   1.262   1.209   0.837     NaN
Other             1.021   1.524   0.995   1.150   1.136     NaN
Food              1.201   1.028   1.151   1.105   1.155     NaN
PlantOperator     1.363   1.180   0.968   1.060   1.097     NaN
MetalMach.        1.103   1.060   1.166   1.145   1.007     NaN
MetalProc.        0.972   0.976   1.053   1.042   1.133     NaN
WoodMach.         1.102   1.079   1.124   1.159   1.023     NaN
TextileMach.      1.354   1.100   1.078   1.073   1.086     NaN
PrintMach.        1.178   1.003   1.012   1.095   1.055     NaN
OtherMach.        1.098   1.039   1.063   1.071   1.038     NaN
Fabricators       1.081   1.029   1.116   1.093   0.999     NaN
Prod.Inspectors   0.926   1.261   1.039   1.028   0.987     NaN
MotorVehicle      1.233   1.070   1.163   1.080   1.074     NaN
OtherVehicle      1.339   0.992   1.102   1.087   1.067     NaN
Freight           1.034   1.058   1.072   1.123   1.011     NaN
 
Mean             1.171   1.107   1.053   1.036   1.037     NaN
Std Dev          0.200   0.160   0.078   0.080   0.076   0.000
Mean(weighted)   1.182   1.102   1.041   1.013   1.029   0.000
Std Dev(wghtd)   0.162   0.148   0.072   0.071   0.064     NaN
 
--------------
    TauH      
--------------
 
                   1940    1950    1960    1970    1980    1990    2000    2010
-------------------------------------------------------------------------------
Home              0.000   0.000   0.000   0.000   0.000   0.000   0.000   0.000
Managers          0.000   0.000 145.411  23.923  21.218  19.937  10.635  10.652
MgmtRelated       0.000   0.000  36.705  11.690   7.940   8.723   4.896   2.707
Architects        0.000   0.000   8.662   8.662   4.632  -0.621  -0.405   0.889
Engineers         0.000   0.000 101.723  20.334   2.677   2.999   0.602   1.269
Math/CompSci      0.000   0.000  32.340 328.798  80.692 101.793  55.264  80.539
Science           0.000   0.000  25.958   1.197   0.679   1.118  -0.156  -0.537
Doctors           0.000   0.000  32.764 207.943 639.053 142.909 101.519 225.924
Nurses            0.000   0.000  31.419   2.844  68.955 250.906 432.801 567.876
Therapists        0.000   0.000   2.199   1.613  20.620   8.687  21.336 133.847
Professors        0.000   0.000  24.645  -0.563  -0.551  -0.800  -0.800  -0.777
Teachers          0.000   0.000   3.987   1.206   0.927   0.273  -0.251  -0.291
Librarians        0.000   0.000   2.553   2.553  -0.800  -0.800  -0.460  -0.800
Soc.Scientists    0.000   0.000 285.762  27.795   8.772   7.852  16.029  11.317
SocialWork        0.000   0.000   0.914   0.013   1.727   0.097   0.410   1.336
Lawyers           0.000   0.000 242.214361591.9453115.6233500.072 914.6391552.890
Arts/Athletes     0.000   0.000  14.175  22.787   4.541   1.988   0.833   0.999
HealthTechs       0.000   0.000   1.563   9.175  30.216  38.264  63.097 115.485
Eng.Techs         0.000   0.000  14.942   5.310   0.027   0.560   0.475   0.086
ScienceTechs      0.000   0.000  21.692  -0.779  -0.800  -0.522  -0.622  -0.565
OtherTechs        0.000   0.000  17.204   6.452   0.677   1.217   1.058   0.702
Sales             0.000   0.000  56.533  28.241   9.060   9.413   1.912   0.017
Secretaries       0.000   0.000   4.244   7.748   2.337  -0.011   4.912   6.026
Info.Clerks       0.000   0.000  18.301 620.411  52.854  45.526  26.404   4.936
Records           0.000   0.000  10.558   0.264   1.223   0.602   2.696   0.004
FinancialClerk    0.000   0.000   8.419   9.825   2.091   0.187   0.117   0.096
OfficeMachine     0.000   0.000  15.314  -0.800   4.340   8.418   9.919  11.583
ComputerTech      0.000   0.000  22.231  24.020   1.603   2.041   2.770   1.447
Mail              0.000   0.000  -0.548  -0.507   0.336   0.818   2.293   1.872
Clerks            0.000   0.000   1.800   0.919   2.832   6.385   2.490   1.705
Insurance         0.000   0.000 502.700  -0.800  -0.616  -0.800  -0.800  -0.800
Misc.Admin        0.000   0.000   4.727  -0.053  -0.561  -0.622  -0.567  -0.598
PrivateHshld      0.000   0.000  -0.042   0.371   8.257   6.376  27.130  20.012
Firefighting      0.000   0.000   5.471  19.902  51.439  78.505 270.001 328.107
Police            0.000   0.000   1.780   0.253   1.801   1.267   2.231   5.738
Guards            0.000   0.000   0.291  -0.330  -0.439  -0.450  -0.313   0.480
FoodPrep          0.000   0.000  -0.024   3.973  23.705  41.474  57.027 177.855
HealthService     0.000   0.000  -0.800  -0.041   1.770   0.658   2.272   1.032
Cleaning          0.000   0.000  -0.785   0.426   4.630   9.671  15.957  17.746
PersonalService   0.000   0.000   0.218   9.797  33.234  61.883  29.077  50.196
FarmMgrs          0.000   0.000 382.23711746.60218825.0728084.70512390.3222573031.237
FarmWork          0.000   0.000   2.379  17.324 180.188 263.2572157.62520553.092
Agriculture       0.000   0.000   1.711   1.310  23.016  56.707  57.556 139.272
Forest            0.000   0.000   7.232  20.421 381.478 217.711 292.43484956.763
Mechanics         0.000   0.000   8.147   7.948  10.254  52.664  63.439 112.222
Elec.Repairer     0.000   0.000  94.457  53.573  11.233  29.339  20.262  62.382
Misc.Repairer     0.000   0.000  12.087   3.543   7.389  25.854  14.911  75.439
Construction      0.000   0.000  14.583  23.107  31.094 107.266 122.717 355.685
Extractive        0.000   0.000  76.998 617.276 330.913 815.6532443.1446733.944
Supervisor(P)     0.000   0.000  40.666  25.973  18.901  46.568  29.170  46.908
MetalWork         0.000   0.000  15.997  23.756   8.705  61.108 152.814 110.891
WoodWork          0.000   0.000  29.679   2.278   7.250  22.132 109.291 161.303
Textiles          0.000   0.000   0.821   1.263  11.090  52.547 159.944  11.902
Other             0.000   0.000   5.306 125.901 175.725 235.303  53.600 212.450
Food              0.000   0.000   7.397   1.332  10.680  43.136  17.591 102.560
PlantOperator     0.000   0.000  64.336  19.235   3.570  18.092  22.039  43.689
MetalMach.        0.000   0.000   4.062   2.671   2.152  30.373  26.500 180.754
MetalProc.        0.000   0.000  -0.428   0.789   1.749  35.693  14.145   8.161
WoodMach.         0.000   0.000   3.309   2.500   7.738  41.148  33.754 274.244
TextileMach.      0.000   0.000  17.686  27.270  11.281  83.644  87.634 845.426
PrintMach.        0.000   0.000   0.392   2.895  -0.187   1.932   5.553   7.690
OtherMach.        0.000   0.000   1.532   0.266   1.104   5.933   7.431  27.086
Fabricators       0.000   0.000   1.347   0.793   1.248  15.807  18.616  28.485
Prod.Inspectors   0.000   0.000   7.217  -0.668   0.174   5.569   2.977  13.621
MotorVehicle      0.000   0.000   4.313   6.414  10.749  29.578  24.287  34.321
OtherVehicle      0.000   0.000   9.197   6.345  14.353  69.506 128.781 534.839
Freight           0.000   0.000  -0.089   0.440   2.972   6.910   9.858   9.078
 
Mean             0.000   0.000  37.4605608.016 362.636 221.106 306.60940179.171
Std Dev          0.000   0.000  87.99344172.6162322.5831068.3611552.945314305.801
Mean(weighted)     NaN     NaN  54.9176331.594 301.074 185.844 204.56230131.255
Std Dev(wghtd)     NaN     NaN  81.39446821.2752048.170 968.1541337.708275451.682
 
--------------------
    1/(1-TauW)      
--------------------
 
                   1960    1970    1980    1990    2000    2010
---------------------------------------------------------------
Home              1.000   1.000   1.000   1.000   1.000   1.000
Managers          1.671   1.200   1.148   1.179   1.194   1.132
MgmtRelated       1.453   1.307   1.094   1.106   1.166   1.201
Architects        1.263   1.263   1.437   1.600   1.627   1.423
Engineers         1.611   1.446   1.306   1.264   1.353   1.288
Math/CompSci      1.435   0.936   0.849   0.865   0.815   0.754
Science           1.404   1.284   1.363   1.327   1.477   1.592
Doctors           1.437   1.351   0.871   0.876   0.892   0.791
Nurses            1.431   1.361   0.947   0.932   0.707   0.660
Therapists        1.127   0.950   0.970   0.930   1.004   0.859
Professors        1.397   1.650   1.479   1.431   1.462   1.418
Teachers          1.180   1.135   1.169   1.124   1.127   1.208
Librarians        1.140   1.140   1.250   1.305   1.468   1.335
Soc.Scientists    1.791   1.112   1.107   1.190   1.159   1.032
SocialWork        1.069   0.958   0.940   0.906   0.965   0.937
Lawyers           1.761   1.144   0.683   0.755   0.781   0.756
Arts/Athletes     1.323   1.115   1.078   1.120   1.221   1.257
HealthTechs       1.102   0.963   0.811   0.772   0.742   0.688
Eng.Techs         1.330   1.379   1.317   1.255   1.200   1.154
ScienceTechs      1.379   1.303   1.290   1.271   1.128   1.145
OtherTechs        1.348   1.268   1.204   1.247   1.301   1.267
Sales             1.518   1.332   1.260   1.257   1.329   1.401
Secretaries       1.186   0.934   1.079   0.878   0.896   0.855
Info.Clerks       1.356   0.682   0.674   0.722   0.705   0.785
Records           1.287   1.144   0.951   0.929   0.867   0.847
FinancialClerk    1.260   1.221   1.097   0.980   0.944   1.007
OfficeMachine     1.333   0.943   0.754   0.676   0.625   0.571
ComputerTech      1.383   0.857   0.958   0.884   0.860   0.970
Mail              0.922   0.898   0.909   0.856   0.823   0.825
Clerks            1.112   1.047   0.979   0.913   0.931   0.918
Insurance         1.898   1.500   1.269   1.297   1.306   1.242
Misc.Admin        1.197   1.141   1.183   1.163   1.149   1.125
PrivateHshld      0.996   0.777   0.622   0.603   0.512   0.511
Firefighting      1.212   0.935   0.827   0.765   0.728   0.733
Police            1.111   1.216   1.007   0.950   0.959   1.024
Guards            1.027   0.971   0.975   0.932   0.904   0.852
FoodPrep          0.997   0.949   0.783   0.709   0.694   0.662
HealthService     0.733   0.792   0.779   0.823   0.710   0.745
Cleaning          0.853   0.854   0.847   0.797   0.759   0.769
PersonalService   1.021   0.866   0.825   0.652   0.659   0.644
FarmMgrs          1.845   1.600   1.042   0.908   0.815   0.620
FarmWork          1.134   0.975   0.888   0.849   0.752   0.640
Agriculture       1.108   0.996   0.894   0.852   0.868   0.851
Forest            1.242   0.984   0.988   0.819   0.860   0.826
Mechanics         1.256   1.150   1.057   0.945   0.869   0.813
Elec.Repairer     1.599   1.145   0.942   0.856   0.831   0.805
Misc.Repairer     1.303   1.161   1.045   0.952   0.950   0.864
Construction      1.327   1.075   1.021   0.907   0.886   0.805
Extractive        1.566   0.967   0.824   0.752   0.735   0.706
Supervisor(P)     1.468   1.148   0.983   0.928   0.887   0.864
MetalWork         1.339   1.225   0.999   0.937   0.919   0.893
WoodWork          1.423   1.252   1.060   1.079   1.116   1.048
Textiles          1.064   1.109   0.991   0.785   0.649   0.776
Other             1.209   1.184   0.777   0.781   0.680   0.598
Food              1.245   1.036   1.008   0.875   0.792   0.686
PlantOperator     1.538   1.129   0.957   0.989   0.933   0.850
MetalMach.        1.182   1.072   1.011   0.867   0.757   0.752
MetalProc.        0.944   0.972   0.996   0.945   0.907   0.800
WoodMach.         1.162   1.055   0.978   0.870   0.750   0.734
TextileMach.      1.352   0.998   0.907   0.842   0.784   0.722
PrintMach.        1.035   0.878   0.875   0.865   0.790   0.749
OtherMach.        1.100   1.002   0.964   0.907   0.847   0.816
Fabricators       1.092   1.010   0.982   0.880   0.804   0.806
Prod.Inspectors   1.242   1.342   1.064   1.024   0.996   1.009
MotorVehicle      1.188   0.963   0.900   0.774   0.717   0.668
OtherVehicle      1.270   0.948   0.956   0.868   0.798   0.748
Freight           0.990   0.958   0.906   0.845   0.753   0.744
 
Mean             1.273   1.099   1.002   0.957   0.934   0.904
Std Dev          0.235   0.193   0.177   0.198   0.236   0.238
Mean(weighted)   1.371   1.160   1.060   1.025   1.021   1.000
Std Dev(wghtd)   0.237   0.171   0.156   0.181   0.223   0.246
eta = 0.1030
 
----------------------
    (1+tauh)^eta      
----------------------
 
                   1940    1950    1960    1970    1980    1990    2000    2010
-------------------------------------------------------------------------------
Home              1.000   1.000   1.000   1.000   1.000   1.000   1.000   1.000
Managers          1.000   1.000   1.671   1.393   1.376   1.368   1.288   1.288
MgmtRelated       1.000   1.000   1.453   1.299   1.253   1.264   1.201   1.144
Architects        1.000   1.000   1.263   1.263   1.195   0.905   0.948   1.068
Engineers         1.000   1.000   1.611   1.371   1.144   1.153   1.050   1.088
Math/CompSci      1.000   1.000   1.435   1.817   1.574   1.612   1.515   1.574
Science           1.000   1.000   1.404   1.084   1.055   1.080   0.983   0.924
Doctors           1.000   1.000   1.437   1.734   1.946   1.668   1.611   1.748
Nurses            1.000   1.000   1.431   1.149   1.549   1.767   1.869   1.922
Therapists        1.000   1.000   1.127   1.104   1.372   1.264   1.377   1.657
Professors        1.000   1.000   1.397   0.918   0.921   0.847   0.847   0.857
Teachers          1.000   1.000   1.180   1.085   1.070   1.025   0.971   0.965
Librarians        1.000   1.000   1.140   1.140   0.847   0.847   0.938   0.847
Soc.Scientists    1.000   1.000   1.791   1.414   1.265   1.252   1.339   1.295
SocialWork        1.000   1.000   1.069   1.001   1.109   1.010   1.036   1.091
Lawyers           1.000   1.000   1.761   3.737   2.290   2.318   2.019   2.132
Arts/Athletes     1.000   1.000   1.323   1.386   1.193   1.119   1.064   1.074
HealthTechs       1.000   1.000   1.102   1.270   1.425   1.459   1.535   1.632
Eng.Techs         1.000   1.000   1.330   1.209   1.003   1.047   1.041   1.009
ScienceTechs      1.000   1.000   1.379   0.856   0.847   0.927   0.905   0.918
OtherTechs        1.000   1.000   1.348   1.230   1.055   1.085   1.077   1.056
Sales             1.000   1.000   1.518   1.416   1.268   1.273   1.116   1.002
Secretaries       1.000   1.000   1.186   1.250   1.132   0.999   1.201   1.222
Info.Clerks       1.000   1.000   1.356   1.940   1.508   1.485   1.406   1.201
Records           1.000   1.000   1.287   1.024   1.086   1.050   1.144   1.000
FinancialClerk    1.000   1.000   1.260   1.278   1.123   1.018   1.011   1.010
OfficeMachine     1.000   1.000   1.333   0.847   1.188   1.260   1.279   1.298
ComputerTech      1.000   1.000   1.383   1.393   1.104   1.121   1.146   1.097
Mail              1.000   1.000   0.922   0.930   1.030   1.063   1.131   1.115
Clerks            1.000   1.000   1.112   1.069   1.148   1.229   1.137   1.108
Insurance         1.000   1.000   1.898   0.847   0.906   0.847   0.847   0.847
Misc.Admin        1.000   1.000   1.197   0.994   0.919   0.905   0.917   0.910
PrivateHshld      1.000   1.000   0.996   1.033   1.258   1.229   1.410   1.368
Firefighting      1.000   1.000   1.212   1.368   1.504   1.569   1.781   1.817
Police            1.000   1.000   1.111   1.023   1.112   1.088   1.128   1.217
Guards            1.000   1.000   1.027   0.960   0.942   0.940   0.962   1.041
FoodPrep          1.000   1.000   0.997   1.180   1.391   1.471   1.519   1.706
HealthService     1.000   1.000   0.847   0.996   1.111   1.053   1.130   1.076
Cleaning          1.000   1.000   0.853   1.037   1.195   1.276   1.339   1.352
PersonalService   1.000   1.000   1.021   1.278   1.439   1.532   1.420   1.500
FarmMgrs          1.000   1.000   1.845   2.625   2.756   2.526   2.640   4.574
FarmWork          1.000   1.000   1.134   1.349   1.708   1.776   2.205   2.781
Agriculture       1.000   1.000   1.108   1.090   1.387   1.518   1.521   1.664
Forest            1.000   1.000   1.242   1.371   1.845   1.742   1.795   3.219
Mechanics         1.000   1.000   1.256   1.253   1.283   1.507   1.536   1.628
Elec.Repairer     1.000   1.000   1.599   1.510   1.294   1.421   1.370   1.533
Misc.Repairer     1.000   1.000   1.303   1.169   1.245   1.403   1.330   1.563
Construction      1.000   1.000   1.327   1.388   1.429   1.620   1.643   1.832
Extractive        1.000   1.000   1.566   1.939   1.818   1.995   2.233   2.479
Supervisor(P)     1.000   1.000   1.468   1.404   1.361   1.489   1.420   1.490
MetalWork         1.000   1.000   1.339   1.392   1.264   1.530   1.680   1.626
WoodWork          1.000   1.000   1.423   1.130   1.243   1.382   1.623   1.689
Textiles          1.000   1.000   1.064   1.088   1.293   1.507   1.688   1.301
Other             1.000   1.000   1.209   1.647   1.704   1.756   1.510   1.737
Food              1.000   1.000   1.245   1.091   1.288   1.477   1.351   1.613
PlantOperator     1.000   1.000   1.538   1.363   1.169   1.355   1.381   1.479
MetalMach.        1.000   1.000   1.182   1.143   1.126   1.426   1.407   1.709
MetalProc.        1.000   1.000   0.944   1.062   1.110   1.449   1.323   1.256
WoodMach.         1.000   1.000   1.162   1.138   1.250   1.470   1.441   1.784
TextileMach.      1.000   1.000   1.352   1.411   1.295   1.580   1.587   2.002
PrintMach.        1.000   1.000   1.035   1.150   0.979   1.117   1.214   1.249
OtherMach.        1.000   1.000   1.100   1.025   1.080   1.221   1.246   1.410
Fabricators       1.000   1.000   1.092   1.062   1.087   1.337   1.359   1.417
Prod.Inspectors   1.000   1.000   1.242   0.893   1.017   1.214   1.153   1.318
MotorVehicle      1.000   1.000   1.188   1.229   1.289   1.422   1.395   1.444
OtherVehicle      1.000   1.000   1.270   1.228   1.325   1.550   1.651   1.910
Freight           1.000   1.000   0.990   1.038   1.153   1.237   1.278   1.269
 
Mean             1.000   1.000   1.275   1.276   1.278   1.335   1.353   1.465
Std Dev          0.000   0.000   0.232   0.423   0.322   0.326   0.345   0.590
Mean(weighted)     NaN     NaN   1.372   1.334   1.300   1.339   1.309   1.367
Std Dev(wghtd)     NaN     NaN   0.234   0.397   0.280   0.279   0.287   0.476
 
--------------------------------------------------
    z -- preference shock by Cohort of birth      
--------------------------------------------------
 
                   1940    1950    1960    1970    1980    1990    2000    2010
-------------------------------------------------------------------------------
Home              0.000   0.000   1.000   1.000   1.000   1.000   1.000   1.000
Managers          0.000   0.000   1.137   0.886   0.826   0.753   0.847   0.753
MgmtRelated       0.000   0.000   1.084   0.944   0.892   0.824   0.965   0.812
Architects        0.000   0.000   1.217   1.217   1.102   0.806   1.046   0.901
Engineers         0.000   0.000   0.984   0.933   0.792   0.681   0.844   0.686
Math/CompSci      0.000   0.000   1.153   0.931   0.804   0.710   0.811   0.714
Science           0.000   0.000   1.215   1.043   1.038   0.885   1.184   0.988
Doctors           0.000   0.000   1.625   1.519   1.019   0.840   1.069   0.886
Nurses            0.000   0.000   1.661   1.283   1.194   0.955   0.932   0.806
Therapists        0.000   0.000   1.680   1.257   1.099   0.852   1.091   1.019
Professors        0.000   0.000   2.317   1.780   1.782   1.680   1.909   1.727
Teachers          0.000   0.000   1.667   1.397   1.271   1.053   1.278   1.119
Librarians        0.000   0.000   1.558   1.558   1.308   1.221   1.420   1.358
Soc.Scientists    0.000   0.000   1.782   1.140   1.114   1.009   1.205   0.891
SocialWork        0.000   0.000   1.720   1.335   1.268   1.044   1.226   1.064
Lawyers           0.000   0.000   2.105   2.265   1.095   0.965   1.099   0.839
Arts/Athletes     0.000   0.000   1.241   1.013   0.977   0.827   1.008   0.944
HealthTechs       0.000   0.000   1.084   1.186   1.043   0.884   0.948   0.813
Eng.Techs         0.000   0.000   0.874   0.886   0.783   0.716   0.841   0.703
ScienceTechs      0.000   0.000   0.975   0.861   0.800   0.750   0.859   0.691
OtherTechs        0.000   0.000   1.103   0.854   0.862   0.768   0.836   0.684
Sales             0.000   0.000   1.120   1.004   0.871   0.793   0.935   0.887
Secretaries       0.000   0.000   1.113   1.012   1.130   0.889   1.037   0.953
Info.Clerks       0.000   0.000   1.069   0.879   0.914   0.917   1.076   0.915
Records           0.000   0.000   1.370   0.972   0.911   0.897   1.141   0.883
FinancialClerk    0.000   0.000   0.967   1.021   0.954   0.837   0.998   0.901
OfficeMachine     0.000   0.000   1.058   0.911   0.857   0.804   0.834   0.871
ComputerTech      0.000   0.000   0.963   0.866   0.771   0.764   0.930   0.850
Mail              0.000   0.000   0.887   0.842   0.727   0.699   0.921   0.776
Clerks            0.000   0.000   1.028   0.900   0.833   0.811   0.980   0.932
Insurance         0.000   0.000   1.374   0.775   0.899   0.833   1.018   0.931
Misc.Admin        0.000   0.000   1.008   0.936   0.979   0.912   1.100   0.956
PrivateHshld      0.000   0.000   1.012   1.023   0.956   0.947   1.090   0.973
Firefighting      0.000   0.000   0.779   0.695   0.731   0.634   0.752   0.631
Police            0.000   0.000   0.832   0.765   0.740   0.662   0.806   0.709
Guards            0.000   0.000   0.876   0.864   0.882   0.854   1.021   0.925
FoodPrep          0.000   0.000   1.137   1.089   1.059   1.043   1.170   1.170
HealthService     0.000   0.000   1.031   1.096   1.084   0.996   1.152   1.019
Cleaning          0.000   0.000   1.098   0.967   0.921   0.900   1.024   0.971
PersonalService   0.000   0.000   1.223   0.978   1.064   0.936   1.103   1.049
FarmMgrs          0.000   0.000   2.552   2.128   1.337   1.025   0.928   0.936
FarmWork          0.000   0.000   1.703   1.451   1.110   1.025   1.090   0.925
Agriculture       0.000   0.000   1.214   0.989   0.976   0.938   1.029   0.996
Forest            0.000   0.000   1.614   1.305   1.118   0.853   0.988   1.069
Mechanics         0.000   0.000   1.012   0.861   0.735   0.731   0.838   0.731
Elec.Repairer     0.000   0.000   1.113   0.943   0.644   0.671   0.808   0.757
Misc.Repairer     0.000   0.000   1.009   0.886   0.723   0.728   0.863   0.768
Construction      0.000   0.000   1.017   0.925   0.803   0.771   0.878   0.774
Extractive        0.000   0.000   1.092   0.878   0.659   0.636   0.806   0.622
Supervisor(P)     0.000   0.000   0.929   0.827   0.702   0.665   0.791   0.685
MetalWork         0.000   0.000   0.857   0.878   0.680   0.672   0.831   0.770
WoodWork          0.000   0.000   0.962   0.925   0.872   0.816   1.065   0.978
Textiles          0.000   0.000   0.897   0.933   0.931   0.857   0.893   0.738
Other             0.000   0.000   0.900   0.962   0.854   0.799   0.926   0.850
Food              0.000   0.000   1.007   0.863   0.754   0.823   0.925   0.916
PlantOperator     0.000   0.000   0.981   0.853   0.670   0.650   0.802   0.656
MetalMach.        0.000   0.000   0.834   0.820   0.679   0.714   0.815   0.817
MetalProc.        0.000   0.000   0.805   0.765   0.725   0.775   0.844   0.798
WoodMach.         0.000   0.000   1.224   1.022   0.919   0.896   0.854   0.838
TextileMach.      0.000   0.000   0.897   0.812   0.744   0.727   0.880   0.913
PrintMach.        0.000   0.000   1.120   0.965   0.816   0.833   0.942   0.897
OtherMach.        0.000   0.000   0.933   0.840   0.728   0.731   0.863   0.822
Fabricators       0.000   0.000   0.786   0.821   0.713   0.759   0.847   0.783
Prod.Inspectors   0.000   0.000   0.854   0.864   0.717   0.743   0.887   0.834
MotorVehicle      0.000   0.000   1.088   0.896   0.766   0.741   0.850   0.789
OtherVehicle      0.000   0.000   0.900   0.807   0.690   0.688   0.790   0.687
Freight           0.000   0.000   1.035   0.969   0.820   0.843   0.968   0.911
 
Mean             0.000   0.000   1.171   1.031   0.914   0.843   0.978   0.880
Std Dev          0.000   0.000   0.360   0.292   0.204   0.160   0.179   0.172
Mean(weighted)     NaN     NaN   1.168   1.015   0.895   0.816   0.948   0.848
Std Dev(wghtd)     NaN     NaN   0.307   0.271   0.176   0.129   0.151   0.141
 
 
--------------------------------------------------------------------------------------------------
                          >>>>> Black Women <<<<<
--------------------------------------------------------------------------------------------------
 
--------------
    TauHat      
--------------
 
                   1960    1970    1980    1990    2000    2010
---------------------------------------------------------------
Home                NaN     NaN     NaN     NaN     NaN     NaN
Managers          5.162   2.596   2.133   1.852   1.795   1.563
MgmtRelated       3.041   2.555   1.548   1.376   1.340   1.343
Architects          NaN     NaN   1.754   2.471   2.170   1.315
Engineers           NaN     NaN   2.804   2.178   1.848   1.896
Math/CompSci        NaN   2.643   1.739   1.606   1.600   1.548
Science             NaN   2.402   2.141   1.618   1.558   1.362
Doctors           6.528   4.982   2.726   1.946   1.704   1.430
Nurses            1.516   1.173   0.979   0.883   0.856   0.849
Therapists        1.302   1.616   1.308   1.056   1.161   0.986
Professors        2.666   2.176   1.437   1.643   1.230   1.160
Teachers          1.294   1.209   1.138   1.076   1.037   1.025
Librarians        1.041   1.496   0.978   1.019   1.039   0.955
Soc.Scientists    2.287   2.984   1.729   1.530   1.345   1.240
SocialWork        1.204   1.188   0.955   0.838   0.826   0.823
Lawyers           4.638   1.875   2.106   1.865   1.592   1.606
Arts/Athletes     2.193   2.098   1.779   1.523   1.541   1.491
HealthTechs       1.227   1.053   0.932   0.923   0.974   0.873
Eng.Techs           NaN   3.346   2.090   2.121   1.720   1.726
ScienceTechs      3.712   2.730   1.612   1.620   1.443   1.186
OtherTechs          NaN   2.246   1.695   1.572   1.674   1.798
Sales             4.014   2.914   2.373   2.137   1.940   1.795
Secretaries       0.880   0.718   0.466   0.415   0.600   0.643
Info.Clerks       2.262   1.321   0.976   0.866   0.768   0.773
Records           1.856   1.649   0.883   0.813   0.804   0.859
FinancialClerk    1.589   1.338   0.957   0.774   0.710   0.810
OfficeMachine     1.515   1.123   0.983   1.067   0.751   0.797
ComputerTech      1.404   1.425   1.115   1.056   1.098   1.074
Mail              1.639   1.136   1.075   0.974   1.039   1.055
Clerks            2.372   2.374   1.541   1.411   1.376   1.211
Insurance         3.551   1.988   1.086   0.936   0.918   0.906
Misc.Admin        1.846   1.229   0.859   0.852   0.809   0.855
PrivateHshld      1.260   1.163   0.868   0.775   0.673   0.599
Firefighting        NaN     NaN   3.550   3.439   2.828   3.882
Police              NaN   3.304   2.209   1.404   1.476   1.508
Guards            3.733   2.737   1.637   1.272   1.209   1.212
FoodPrep          1.543   1.434   1.272   1.301   1.324   1.297
HealthService     0.790   0.709   0.733   0.713   0.582   0.598
Cleaning          1.380   2.507   1.748   1.687   1.614   1.542
PersonalService   1.754   1.800   1.176   1.020   0.901   0.918
FarmMgrs         15.563   4.560   7.829   5.714     NaN   4.339
FarmWork          3.102   2.180   2.308   2.288   2.385   2.844
Agriculture         NaN   3.759   2.835   2.680   2.402   2.229
Forest              NaN   2.381   3.111   2.705   1.982     NaN
Mechanics           NaN   7.063   3.259   2.763   2.775   2.776
Elec.Repairer       NaN   7.137   2.276   1.898   1.784   2.268
Misc.Repairer     4.343   3.526   3.036   2.722   2.294   2.851
Construction      4.420  10.401   3.784   3.164   3.152   3.169
Extractive          NaN   3.679   6.041   2.836     NaN   4.875
Supervisor(P)     5.205   3.854   2.443   2.519   1.960   2.100
MetalWork           NaN   3.790   3.093   2.812   2.366   3.070
WoodWork            NaN   2.664   2.954   3.014   2.904   3.163
Textiles          1.261   2.098   1.315   1.269   2.308   1.546
Other             2.784   2.304   1.897   1.723   1.069   0.831
Food              5.817   3.206   2.437   1.859   1.562   1.354
PlantOperator       NaN     NaN   2.656   3.222   3.412   2.892
MetalMach.          NaN   2.284   2.060   2.266   1.925   2.822
MetalProc.          NaN   3.990   2.051   2.250   1.975   1.898
WoodMach.           NaN   3.678   2.009   2.204   1.629   1.729
TextileMach.        NaN   2.738   2.408   2.011   2.088   1.777
PrintMach.        1.352   1.100   0.836   0.953   1.081   1.276
OtherMach.        2.245   1.959   1.768   1.803   1.579   1.665
Fabricators       2.328   1.782   1.633   1.584   1.461   1.706
Prod.Inspectors   2.530   1.980   1.495   1.560   1.461   1.919
MotorVehicle      3.241   3.055   2.581   2.283   1.988   1.871
OtherVehicle      4.059   4.738   3.067   2.636   2.147   3.219
Freight           3.090   2.386   1.775   1.704   1.552   1.588
 
Mean             2.881   2.638   2.001   1.789   1.580   1.697
Std Dev          2.379   1.651   1.180   0.875   0.647   0.919
Mean(weighted)   3.000   2.889   2.083   1.832   1.643   1.687
Std Dev(wghtd)   2.073   2.126   1.007   0.770   0.589   0.718
 
--------------
    TauW      
--------------
 
                   1960    1970    1980    1990    2000    2010
---------------------------------------------------------------
Home              0.000   0.000   0.000   0.000   0.000   0.000
Managers          0.560   0.349   0.280   0.216   0.253   0.178
MgmtRelated       0.427   0.287   0.135   0.083   0.114   0.142
Architects        0.245   0.245   0.245   0.364   0.415   0.356
Engineers         0.403   0.403   0.403   0.379   0.441   0.477
Math/CompSci      0.385   0.385   0.269   0.093   0.051   0.013
Science           0.355   0.355   0.465   0.392   0.455   0.378
Doctors           0.609   0.182   0.185   0.052   0.155   0.111
Nurses            0.188   0.028  -0.224  -0.345  -0.407  -0.404
Therapists        0.124   0.143  -0.012  -0.027   0.036   0.136
Professors        0.388   0.452   0.380   0.398   0.311   0.270
Teachers          0.121   0.131   0.122   0.061   0.067   0.130
Librarians        0.020  -0.306  -0.661  -0.635  -0.673  -0.736
Soc.Scientists    0.339   0.421   0.392   0.325   0.310   0.317
SocialWork        0.089   0.022  -0.070  -0.169  -0.110  -0.091
Lawyers           0.536   0.270   0.598   0.541   0.468   0.472
Arts/Athletes     0.325   0.518   0.524   0.444   0.450   0.432
HealthTechs       0.097  -0.124  -0.385  -0.401  -0.358  -0.343
Eng.Techs         0.453   0.453   0.370   0.257   0.180   0.236
ScienceTechs      0.481   0.395   0.211   0.199   0.144   0.132
OtherTechs        0.333   0.333   0.429   0.434   0.479   0.517
Sales             0.501   0.474   0.419   0.409   0.444   0.462
Secretaries      -0.066  -0.179  -0.818  -1.040  -0.919  -0.903
Info.Clerks       0.335   0.049  -0.062  -0.156  -0.168  -0.159
Records           0.266   0.345  -0.001  -0.120  -0.165  -0.191
FinancialClerk    0.207   0.184  -0.010  -0.143  -0.199  -0.106
OfficeMachine     0.188   0.246  -0.090  -0.208  -0.568  -0.745
ComputerTech      0.156   0.102   0.096  -0.030   0.007   0.136
Mail              0.219   0.001  -0.042  -0.056  -0.009   0.008
Clerks            0.351   0.210   0.033  -0.105  -0.074  -0.168
Insurance         0.469   0.545   0.220   0.095   0.077   0.058
Misc.Admin        0.264   0.111  -0.060  -0.038  -0.106  -0.095
PrivateHshld      0.109  -0.020  -0.722  -0.916  -1.466  -1.587
Firefighting      0.469   0.469   0.469   0.427   0.198  -0.097
Police            0.450   0.450  -0.032  -0.272  -0.226  -0.171
Guards            0.482   0.238  -0.055  -0.204  -0.298  -0.324
FoodPrep          0.195   0.120  -0.225  -0.325  -0.425  -0.514
HealthService    -0.125  -0.326  -0.579  -0.500  -0.820  -0.750
Cleaning          0.149   0.163  -0.234  -0.328  -0.443  -0.460
PersonalService   0.245  -0.050  -0.523  -0.638  -0.607  -0.557
FarmMgrs          0.747   0.023   0.116  -0.536  -0.136   0.520
FarmWork          0.432   0.364   0.097  -0.071  -0.086   0.026
Agriculture       0.484   0.484   0.406   0.332   0.252   0.167
Forest            0.352   0.352   0.495   0.412   0.333   0.488
Mechanics         0.624   0.624   0.383  -0.107  -0.167  -0.288
Elec.Repairer     0.626   0.626   0.364   0.171   0.018  -0.036
Misc.Repairer     0.520   0.618   0.618   0.509   0.434   0.378
Construction      0.524   0.690   0.486   0.415   0.379   0.387
Extractive        0.479   0.479   0.593   0.178   0.210   0.547
Supervisor(P)     0.562   0.597   0.415   0.368   0.250   0.233
MetalWork         0.486   0.486   0.513   0.370   0.386   0.450
WoodWork          0.387   0.387   0.125   0.051  -0.090  -0.338
Textiles          0.110   0.141  -0.062  -0.218  -0.456  -0.968
Other             0.401   0.037   0.076   0.043  -0.427  -0.652
Food              0.585   0.332   0.284   0.102  -0.064  -0.157
PlantOperator     0.386   0.386   0.386   0.279   0.094  -0.108
MetalMach.        0.338   0.338   0.182  -0.022  -0.157  -0.280
MetalProc.        0.499   0.499   0.306   0.236   0.192   0.153
WoodMach.         0.479   0.479   0.147   0.126  -0.244  -0.276
TextileMach.      0.396   0.396   0.351   0.201   0.229   0.144
PrintMach.        0.140  -0.079  -0.322  -0.220  -0.347  -0.340
OtherMach.        0.333   0.300   0.187   0.101  -0.008  -0.028
Fabricators       0.345   0.251   0.142  -0.011  -0.091  -0.116
Prod.Inspectors   0.371   0.384   0.225   0.240   0.205   0.234
MotorVehicle      0.445   0.498   0.369   0.157   0.053  -0.057
OtherVehicle      0.504   0.541   0.314   0.120  -0.060  -0.189
Freight           0.431   0.368   0.130   0.034  -0.095  -0.142
 
Mean             0.348   0.279   0.131   0.026  -0.036  -0.055
Std Dev          0.180   0.229   0.324   0.334   0.371   0.414
Mean(weighted)   0.409   0.330   0.202   0.107   0.092   0.081
Std Dev(wghtd)   0.172   0.208   0.289   0.318   0.328   0.341
 
-------------------------
    WageGrowthRelative      
-------------------------
 
                   1960    1970    1980    1990    2000    2010
---------------------------------------------------------------
Home                NaN     NaN     NaN     NaN     NaN     NaN
Managers          1.479   1.106   1.088   0.953   1.100     NaN
MgmtRelated       1.243   1.213   1.061   0.966   0.968     NaN
Architects          NaN     NaN     NaN   0.919   0.964     NaN
Engineers           NaN     NaN   1.040   0.901   0.934     NaN
Math/CompSci        NaN   1.188   1.240   1.047   1.039     NaN
Science             NaN   0.830   1.135   0.897   1.119     NaN
Doctors           2.089   0.997   1.164   0.891   1.052     NaN
Nurses            1.197   1.260   1.099   1.046   0.998     NaN
Therapists        0.978   1.180   1.015   0.938   0.897     NaN
Professors        0.894   1.131   0.971   1.101   0.962     NaN
Teachers          0.988   1.011   1.069   0.993   0.933     NaN
Librarians        1.333   1.271   0.985   1.023   1.038     NaN
Soc.Scientists      NaN   1.051   1.109   1.022   0.841     NaN
SocialWork        1.073   1.095   1.092   0.949   0.983     NaN
Lawyers             NaN   0.538   1.141   0.849   0.933     NaN
Arts/Athletes     0.714   0.882   1.123   0.967   0.989     NaN
HealthTechs       1.245   1.232   1.012   0.969   0.989     NaN
Eng.Techs           NaN   1.152   1.180   1.104   0.931     NaN
ScienceTechs        NaN   1.304   1.015   1.069   1.014     NaN
OtherTechs          NaN   0.855   0.992   0.920   0.927     NaN
Sales             1.055   1.104   1.017   0.941   0.966     NaN
Secretaries       1.015   1.133   1.067   0.941   0.992     NaN
Info.Clerks       1.431   1.116   1.089   1.010   0.992     NaN
Records           0.893   1.528   1.118   1.041   1.022     NaN
FinancialClerk    1.029   1.237   1.132   1.049   0.922     NaN
OfficeMachine     0.767   1.444   1.108   1.299   1.113     NaN
ComputerTech      1.063   1.007   1.139   0.964   0.870     NaN
Mail              1.279   1.042   1.014   0.955   0.984     NaN
Clerks            1.217   1.224   1.142   0.972   1.088     NaN
Insurance         0.858   1.647   1.010   0.996   1.021     NaN
Misc.Admin        1.208   1.192   0.979   1.066   0.989     NaN
PrivateHshld      1.145   1.688   1.113   1.287   1.049     NaN
Firefighting        NaN     NaN   1.079   1.401   1.367     NaN
Police              NaN   1.875   1.233   0.964   0.955     NaN
Guards            1.473   1.383   1.141   1.079   1.020     NaN
FoodPrep          1.093   1.393   1.082   1.075   1.062     NaN
HealthService     1.179   1.191   0.950   1.214   0.961     NaN
Cleaning          0.983   1.475   1.076   1.087   1.012     NaN
PersonalService   1.390   1.452   1.075   0.981   0.969     NaN
FarmMgrs          3.856   0.904   1.738   0.740     NaN     NaN
FarmWork          1.120   1.420   1.185   1.014   0.897     NaN
Agriculture         NaN     NaN   1.125   1.120   1.114     NaN
Forest              NaN   0.780   1.164   1.133   0.768     NaN
Mechanics           NaN   1.641   1.793   1.054   1.104     NaN
Elec.Repairer       NaN   1.698   1.305   1.184   1.056     NaN
Misc.Repairer     0.796   1.000   1.286   1.152   1.099     NaN
Construction        NaN   1.659   1.137   1.061   0.989     NaN
Extractive          NaN     NaN   2.019   0.961     NaN     NaN
Supervisor(P)     0.919   1.454   1.080   1.187   1.022     NaN
MetalWork           NaN   0.948   1.293   0.975   0.895     NaN
WoodWork            NaN   1.428   1.085   1.148   1.228     NaN
Textiles          0.964   1.238   1.146   1.196   1.351     NaN
Other             1.606   0.959   1.036   1.491   1.158     NaN
Food              1.611   1.072   1.253   1.186   1.087     NaN
PlantOperator       NaN     NaN   1.175   1.257   1.222     NaN
MetalMach.          NaN   1.237   1.248   1.132   1.107     NaN
MetalProc.          NaN   1.387   1.100   1.058   1.048     NaN
WoodMach.           NaN   1.637   1.025   1.423   1.026     NaN
TextileMach.        NaN   1.073   1.232   0.965   1.110     NaN
PrintMach.        1.254   1.225   0.923   1.104   0.995     NaN
OtherMach.        1.048   1.163   1.106   1.121   1.019     NaN
Fabricators       1.143   1.145   1.179   1.079   1.023     NaN
Prod.Inspectors   0.980   1.257   0.981   1.046   0.963     NaN
MotorVehicle      0.903   1.259   1.335   1.123   1.116     NaN
OtherVehicle        NaN   1.493   1.283   1.204   1.122     NaN
Freight           1.110   1.378   1.110   1.133   1.044     NaN
 
Mean             1.210   1.231   1.145   1.062   1.024     NaN
Std Dev          0.498   0.256   0.183   0.135   0.104   0.000
Mean(weighted)   0.940   1.151   1.124   1.012   1.003   0.000
Std Dev(wghtd)   0.420   0.231   0.153   0.099   0.073     NaN
 
--------------
    TauH      
--------------
 
                   1940    1950    1960    1970    1980    1990    2000    2010
-------------------------------------------------------------------------------
Home              0.000   0.000   0.000   0.000   0.000   0.000   0.000   0.000
Managers          0.000   0.0002884.746 161.542  63.284  36.275  16.286  10.330
MgmtRelated       0.000   0.000 220.295 334.812  16.001   8.636   4.313   2.955
Architects        0.000   0.000  14.294  14.294  14.294  79.742   9.122  -0.800
Engineers         0.000   0.000 148.099 148.099 148.099  17.763   0.379  -0.083
Math/CompSci      0.000   0.000 110.855 110.855   9.276  37.485  56.812  59.961
Science           0.000   0.000  69.343  69.343   2.769  -0.155  -0.795  -0.800
Doctors           0.000   0.0009020.395836043.3092315.893 382.830  33.317   9.314
Nurses            0.000   0.000   6.548   2.555   4.817   4.296   5.056   4.469
Therapists        0.000   0.000   2.602  22.740  14.202   1.208   1.987  -0.788
Professors        0.000   0.000 115.812   4.496  -0.677  -0.101  -0.800  -0.800
Teachers          0.000   0.000   2.490   0.610  -0.002   0.101  -0.276  -0.670
Librarians        0.000   0.000   0.215 665.963 109.740 141.445 212.141 134.371
Soc.Scientists    0.000   0.000  54.413 200.604   0.625   0.367  -0.518  -0.800
SocialWork        0.000   0.000   1.462   3.271   0.240  -0.184  -0.573  -0.650
Lawyers           0.000   0.0001715.787  20.124  -0.800  -0.779  -0.800  -0.800
Arts/Athletes     0.000   0.000  44.289   0.112  -0.800  -0.800  -0.800  -0.800
HealthTechs       0.000   0.000   1.695   4.118  10.869  11.163  14.041   3.679
Eng.Techs         0.000   0.000 350.706 350.706  13.456  81.989  27.370  13.657
ScienceTechs      0.000   0.000 581.116 129.965   9.367  11.596   6.768   0.329
OtherTechs        0.000   0.000  49.808  49.808  -0.276  -0.676  -0.736  -0.747
Sales             0.000   0.000 850.336  62.658  21.589   8.685   1.105  -0.294
Secretaries       0.000   0.000  -0.462  -0.800  -0.800  -0.800   2.942   6.065
Info.Clerks       0.000   0.000  51.545   8.201   0.422   0.009  -0.650  -0.658
Records           0.000   0.000  19.151   1.124  -0.697  -0.600  -0.471   0.252
FinancialClerk    0.000   0.000   8.482   1.357  -0.285  -0.696  -0.791  -0.656
OfficeMachine     0.000   0.000   6.515  -0.800   0.944  10.696   3.887  23.596
ComputerTech      0.000   0.000   4.185   9.867   0.076   1.256   1.307  -0.520
Mail              0.000   0.000   9.999   2.418   1.997   0.319   0.574   0.567
Clerks            0.000   0.000  65.181 450.137  47.420  73.487  43.291  27.964
Insurance         0.000   0.000 468.514  -0.621  -0.800  -0.800  -0.800  -0.784
Misc.Admin        0.000   0.000  18.599   1.367  -0.600  -0.699  -0.658  -0.473
PrivateHshld      0.000   0.000   2.076   4.237  48.616  45.451 136.052  69.726
Firefighting      0.000   0.000 467.603 467.603 467.603 716.7202833.2871281013.829
Police            0.000   0.000 329.772 329.7722973.782 278.010 315.562 248.828
Guards            0.000   0.000 597.4191260.290 199.527  61.303  78.565  98.042
FoodPrep          0.000   0.000   7.213   8.500  73.088 196.050 473.159 695.973
HealthService     0.000   0.000  -0.681  -0.452   3.124   0.920   0.753   0.558
Cleaning          0.000   0.000   3.7751327.8831744.9612507.9243684.6502640.907
PersonalService   0.000   0.000  14.287 480.630 286.895 145.583  35.398  31.026
FarmMgrs          0.000   0.000612243.0412001318.532143000421.1931438781790.813719391515.8651240.916
FarmWork          0.000   0.000 242.687  22.8851254.1656007.26110304.13219871.318
Agriculture       0.000   0.000 617.810 617.810 156.470 284.714 293.795 406.205
Forest            0.000   0.000  66.453  66.453  79.804  89.839  13.951  13.951
Mechanics         0.000   0.00013225.39713225.397 886.73151776.91290362.138235745.342
Elec.Repairer     0.000   0.00013909.32913909.329  34.965  80.954 229.5674007.357
Misc.Repairer     0.000   0.0001246.798  16.943   3.205  15.766  11.626 260.421
Construction      0.000   0.0001358.20586557.345 641.918 393.969 672.135 634.134
Extractive        0.000   0.000 556.495 556.4956188.7253687.9112936.4222184.933
Supervisor(P)     0.000   0.0003003.675  70.417  31.331  90.546  41.313 100.588
MetalWork         0.000   0.000 643.319 643.319  52.516 256.031  36.509 159.712
WoodWork          0.000   0.000 115.333 115.33310094.54827034.25371898.0321212628.598
Textiles          0.000   0.000   2.087 301.946  24.633  67.564129126.13049059.578
Other             0.000   0.000 142.9742285.288 230.050 127.061  59.351  20.834
Food              0.000   0.0005154.9541624.078 222.096 143.238 137.805  77.140
PlantOperator     0.000   0.000 113.741 113.741 113.7413581.68357649.52181347.418
MetalMach.        0.000   0.000  54.076  54.076 158.4763456.5402365.235260947.118
MetalProc.        0.000   0.000 825.538 825.538  29.997 190.663  92.395  99.228
WoodMach.         0.000   0.000 555.851 555.851 186.561 581.541 947.2122170.290
TextileMach.      0.000   0.000 131.769 131.769  74.743  98.964 100.475  57.867
PrintMach.        0.000   0.000   3.326   4.276   1.632   3.312  37.258 182.341
OtherMach.        0.000   0.000  49.647  20.350  33.052 108.377  90.264 182.922
Fabricators       0.000   0.000  59.415  15.535  25.294  95.763  91.389 516.889
Prod.Inspectors   0.000   0.000  89.582   5.859   3.152   4.221   3.284  41.132
MotorVehicle      0.000   0.000 300.423  62.178 113.332 573.893 462.721 747.532
OtherVehicle      0.000   0.000 897.8791902.4581366.2553543.1212946.140457182.632
Freight           0.000   0.000 237.906  52.626  67.036 125.630 170.027 322.570
 
Mean             0.000   0.00010062.18244295.9182134792.43121475956.20210742844.54053959.616
Std Dev          0.000   0.00074728.130263446.30017470225.289175774973.50687886962.791222197.200
Mean(weighted)     NaN     NaN8541.52447879.6751658442.14416685222.0288344657.08417429.240
Std Dev(wghtd)     NaN     NaN65445.307247045.12415309283.755154032652.22877016173.046103709.481
 
--------------------
    1/(1-TauW)      
--------------------
 
                   1960    1970    1980    1990    2000    2010
---------------------------------------------------------------
Home              1.000   1.000   1.000   1.000   1.000   1.000
Managers          2.272   1.537   1.389   1.276   1.338   1.217
MgmtRelated       1.744   1.403   1.156   1.090   1.128   1.166
Architects        1.324   1.324   1.324   1.572   1.710   1.553
Engineers         1.674   1.674   1.674   1.610   1.788   1.913
Math/CompSci      1.626   1.626   1.368   1.103   1.053   1.014
Science           1.550   1.550   1.868   1.646   1.834   1.608
Doctors           2.555   1.223   1.227   1.054   1.184   1.125
Nurses            1.231   1.029   0.817   0.743   0.711   0.712
Therapists        1.141   1.166   0.988   0.973   1.037   1.157
Professors        1.633   1.826   1.614   1.661   1.451   1.370
Teachers          1.137   1.151   1.138   1.065   1.072   1.149
Librarians        1.020   0.766   0.602   0.611   0.598   0.576
Soc.Scientists    1.512   1.727   1.644   1.482   1.450   1.463
SocialWork        1.097   1.023   0.934   0.856   0.901   0.917
Lawyers           2.154   1.369   2.486   2.178   1.879   1.895
Arts/Athletes     1.481   2.076   2.099   1.798   1.819   1.760
HealthTechs       1.108   0.890   0.722   0.714   0.737   0.744
Eng.Techs         1.829   1.829   1.588   1.346   1.219   1.309
ScienceTechs      1.927   1.652   1.267   1.248   1.168   1.152
OtherTechs        1.499   1.499   1.752   1.766   1.920   2.072
Sales             2.004   1.900   1.721   1.692   1.797   1.860
Secretaries       0.938   0.848   0.550   0.490   0.521   0.525
Info.Clerks       1.504   1.051   0.942   0.865   0.856   0.863
Records           1.363   1.526   0.999   0.893   0.858   0.840
FinancialClerk    1.261   1.225   0.990   0.875   0.834   0.904
OfficeMachine     1.231   1.326   0.918   0.828   0.638   0.573
ComputerTech      1.185   1.114   1.107   0.971   1.008   1.158
Mail              1.280   1.001   0.960   0.947   0.991   1.008
Clerks            1.540   1.265   1.034   0.905   0.931   0.856
Insurance         1.884   2.197   1.282   1.105   1.084   1.062
Misc.Admin        1.359   1.125   0.944   0.964   0.904   0.914
PrivateHshld      1.123   0.980   0.581   0.522   0.405   0.387
Firefighting      1.884   1.884   1.884   1.747   1.247   0.912
Police            1.818   1.818   0.969   0.786   0.816   0.854
Guards            1.932   1.312   0.948   0.831   0.770   0.755
FoodPrep          1.242   1.137   0.816   0.755   0.702   0.661
HealthService     0.889   0.754   0.633   0.667   0.549   0.572
Cleaning          1.175   1.195   0.810   0.753   0.693   0.685
PersonalService   1.324   0.953   0.656   0.610   0.622   0.642
FarmMgrs          3.945   1.023   1.132   0.651   0.880   2.083
FarmWork          1.761   1.572   1.107   0.934   0.921   1.026
Agriculture       1.939   1.939   1.684   1.497   1.337   1.201
Forest            1.543   1.543   1.979   1.700   1.500   1.954
Mechanics         2.658   2.658   1.619   0.903   0.857   0.776
Elec.Repairer     2.672   2.672   1.573   1.206   1.019   0.965
Misc.Repairer     2.084   2.619   2.618   2.036   1.767   1.607
Construction      2.102   3.225   1.944   1.709   1.612   1.630
Extractive        1.918   1.918   2.458   1.217   1.267   2.208
Supervisor(P)     2.281   2.483   1.708   1.582   1.333   1.305
MetalWork         1.947   1.947   2.053   1.588   1.629   1.819
WoodWork          1.632   1.632   1.143   1.053   0.918   0.747
Textiles          1.123   1.165   0.941   0.821   0.687   0.508
Other             1.668   1.039   1.083   1.045   0.701   0.605
Food              2.412   1.497   1.396   1.114   0.940   0.864
PlantOperator     1.630   1.630   1.630   1.387   1.103   0.902
MetalMach.        1.511   1.511   1.222   0.979   0.865   0.781
MetalProc.        1.997   1.997   1.440   1.310   1.238   1.181
WoodMach.         1.918   1.918   1.172   1.144   0.804   0.784
TextileMach.      1.655   1.655   1.542   1.252   1.297   1.168
PrintMach.        1.163   0.927   0.757   0.820   0.743   0.746
OtherMach.        1.498   1.429   1.229   1.112   0.992   0.973
Fabricators       1.526   1.335   1.166   0.989   0.916   0.896
Prod.Inspectors   1.591   1.623   1.291   1.315   1.258   1.305
MotorVehicle      1.800   1.993   1.584   1.187   1.056   0.946
OtherVehicle      2.015   2.177   1.458   1.136   0.943   0.841
Freight           1.758   1.583   1.149   1.035   0.914   0.875
 
Mean             1.660   1.532   1.306   1.145   1.085   1.098
Std Dev          0.505   0.504   0.467   0.379   0.374   0.437
Mean(weighted)   1.825   1.649   1.390   1.241   1.228   1.229
Std Dev(wghtd)   0.493   0.557   0.417   0.372   0.382   0.417
eta = 0.1030
 
----------------------
    (1+tauh)^eta      
----------------------
 
                   1940    1950    1960    1970    1980    1990    2000    2010
-------------------------------------------------------------------------------
Home              1.000   1.000   1.000   1.000   1.000   1.000   1.000   1.000
Managers          1.000   1.000   2.272   1.689   1.535   1.452   1.341   1.284
MgmtRelated       1.000   1.000   1.744   1.820   1.339   1.263   1.188   1.152
Architects        1.000   1.000   1.324   1.324   1.324   1.572   1.269   0.847
Engineers         1.000   1.000   1.674   1.674   1.674   1.353   1.034   0.991
Math/CompSci      1.000   1.000   1.626   1.626   1.271   1.456   1.519   1.527
Science           1.000   1.000   1.550   1.550   1.146   0.983   0.850   0.847
Doctors           1.000   1.000   2.555   4.074   2.221   1.846   1.439   1.272
Nurses            1.000   1.000   1.231   1.140   1.199   1.187   1.204   1.191
Therapists        1.000   1.000   1.141   1.386   1.324   1.085   1.119   0.852
Professors        1.000   1.000   1.633   1.192   0.890   0.989   0.847   0.847
Teachers          1.000   1.000   1.137   1.050   1.000   1.010   0.967   0.892
Librarians        1.000   1.000   1.020   1.954   1.624   1.667   1.737   1.658
Soc.Scientists    1.000   1.000   1.512   1.727   1.051   1.033   0.928   0.847
SocialWork        1.000   1.000   1.097   1.161   1.022   0.979   0.916   0.897
Lawyers           1.000   1.000   2.154   1.369   0.847   0.856   0.847   0.847
Arts/Athletes     1.000   1.000   1.481   1.011   0.847   0.847   0.847   0.847
HealthTechs       1.000   1.000   1.108   1.183   1.290   1.293   1.322   1.172
Eng.Techs         1.000   1.000   1.829   1.829   1.317   1.576   1.411   1.319
ScienceTechs      1.000   1.000   1.927   1.652   1.272   1.298   1.235   1.030
OtherTechs        1.000   1.000   1.499   1.499   0.967   0.890   0.872   0.868
Sales             1.000   1.000   2.004   1.534   1.379   1.263   1.080   0.965
Secretaries       1.000   1.000   0.938   0.847   0.847   0.847   1.152   1.223
Info.Clerks       1.000   1.000   1.504   1.257   1.037   1.001   0.897   0.895
Records           1.000   1.000   1.363   1.081   0.884   0.910   0.937   1.023
FinancialClerk    1.000   1.000   1.261   1.092   0.966   0.884   0.851   0.896
OfficeMachine     1.000   1.000   1.231   0.847   1.071   1.288   1.178   1.391
ComputerTech      1.000   1.000   1.185   1.279   1.008   1.087   1.090   0.927
Mail              1.000   1.000   1.280   1.135   1.120   1.029   1.048   1.047
Clerks            1.000   1.000   1.540   1.877   1.491   1.559   1.478   1.414
Insurance         1.000   1.000   1.884   0.905   0.847   0.847   0.847   0.854
Misc.Admin        1.000   1.000   1.359   1.093   0.910   0.884   0.895   0.936
PrivateHshld      1.000   1.000   1.123   1.186   1.495   1.485   1.660   1.551
Firefighting      1.000   1.000   1.884   1.884   1.884   1.969   2.268   4.257
Police            1.000   1.000   1.818   1.818   2.279   1.786   1.809   1.766
Guards            1.000   1.000   1.932   2.086   1.726   1.531   1.570   1.605
FoodPrep          1.000   1.000   1.242   1.261   1.558   1.723   1.886   1.963
HealthService     1.000   1.000   0.889   0.940   1.157   1.070   1.060   1.047
Cleaning          1.000   1.000   1.175   2.098   2.157   2.239   2.330   2.251
PersonalService   1.000   1.000   1.324   1.889   1.792   1.672   1.448   1.429
FarmMgrs          1.000   1.000   3.945   4.457   6.918   8.776   8.171   2.083
FarmWork          1.000   1.000   1.761   1.387   2.085   2.450   2.590   2.772
Agriculture       1.000   1.000   1.939   1.939   1.684   1.790   1.796   1.857
Forest            1.000   1.000   1.543   1.543   1.572   1.591   1.321   1.321
Mechanics         1.000   1.000   2.658   2.658   2.012   3.059   3.239   3.576
Elec.Repairer     1.000   1.000   2.672   2.672   1.446   1.574   1.751   2.350
Misc.Repairer     1.000   1.000   2.084   1.346   1.159   1.337   1.298   1.774
Construction      1.000   1.000   2.102   3.225   1.946   1.851   1.956   1.944
Extractive        1.000   1.000   1.918   1.918   2.458   2.330   2.276   2.208
Supervisor(P)     1.000   1.000   2.281   1.552   1.431   1.592   1.471   1.610
MetalWork         1.000   1.000   1.947   1.947   1.507   1.771   1.453   1.687
WoodWork          1.000   1.000   1.632   1.632   2.585   2.861   3.164   4.233
Textiles          1.000   1.000   1.123   1.801   1.397   1.546   3.361   3.042
Other             1.000   1.000   1.668   2.218   1.752   1.648   1.525   1.374
Food              1.000   1.000   2.412   2.142   1.745   1.669   1.662   1.567
PlantOperator     1.000   1.000   1.630   1.630   1.630   2.323   3.093   3.205
MetalMach.        1.000   1.000   1.511   1.511   1.686   2.315   2.226   3.613
MetalProc.        1.000   1.000   1.997   1.997   1.424   1.718   1.596   1.607
WoodMach.         1.000   1.000   1.918   1.918   1.714   1.927   2.026   2.206
TextileMach.      1.000   1.000   1.655   1.655   1.562   1.607   1.609   1.522
PrintMach.        1.000   1.000   1.163   1.187   1.105   1.162   1.456   1.710
OtherMach.        1.000   1.000   1.498   1.371   1.438   1.622   1.592   1.711
Fabricators       1.000   1.000   1.526   1.335   1.400   1.602   1.594   1.904
Prod.Inspectors   1.000   1.000   1.591   1.219   1.158   1.186   1.162   1.470
MotorVehicle      1.000   1.000   1.800   1.533   1.629   1.924   1.882   1.977
OtherVehicle      1.000   1.000   2.015   2.177   2.104   2.321   2.277   3.828
Freight           1.000   1.000   1.758   1.507   1.544   1.646   1.698   1.814
 
Mean             1.000   1.000   1.660   1.649   1.520   1.611   1.621   1.636
Std Dev          0.000   0.000   0.505   0.649   0.787   1.017   1.014   0.845
Mean(weighted)     NaN     NaN   1.825   1.716   1.497   1.530   1.478   1.446
Std Dev(wghtd)     NaN     NaN   0.493   0.697   0.684   0.892   0.867   0.631
 
--------------------------------------------------
    z -- preference shock by Cohort of birth      
--------------------------------------------------
 
                   1940    1950    1960    1970    1980    1990    2000    2010
-------------------------------------------------------------------------------
Home              0.000   0.000   1.000   1.000   1.000   1.000   1.000   1.000
Managers          0.000   0.000   1.151   0.869   0.876   0.812   0.983   0.846
MgmtRelated       0.000   0.000   0.956   0.955   0.933   0.871   1.051   0.897
Architects        0.000   0.000   0.762   0.762   0.762   0.781   1.011   0.601
Engineers         0.000   0.000   0.814   0.814   0.814   0.684   0.850   0.703
Math/CompSci      0.000   0.000   0.845   0.845   0.848   0.758   0.913   0.788
Science           0.000   0.000   0.987   0.987   1.072   0.891   1.252   1.038
Doctors           0.000   0.000   2.368   1.734   1.146   0.964   1.247   0.995
Nurses            0.000   0.000   1.539   1.274   1.172   0.856   0.990   0.870
Therapists        0.000   0.000   1.132   1.259   1.037   0.865   1.137   0.985
Professors        0.000   0.000   2.317   1.834   1.732   1.977   2.009   1.867
Teachers          0.000   0.000   1.403   1.294   1.320   1.185   1.499   1.268
Librarians        0.000   0.000   1.663   1.693   1.321   1.361   1.541   1.400
Soc.Scientists    0.000   0.000   1.354   1.080   1.190   1.079   1.286   0.938
SocialWork        0.000   0.000   1.261   1.232   1.181   1.034   1.270   1.102
Lawyers           0.000   0.000   1.709   0.706   1.126   0.964   1.191   0.967
Arts/Athletes     0.000   0.000   0.913   0.841   0.984   0.840   1.068   0.944
HealthTechs       0.000   0.000   1.137   1.156   1.059   0.904   1.110   0.871
Eng.Techs         0.000   0.000   0.846   0.846   0.815   0.784   0.918   0.798
ScienceTechs      0.000   0.000   0.906   1.045   0.838   0.780   0.989   0.778
OtherTechs        0.000   0.000   0.750   0.750   0.907   0.789   0.952   0.839
Sales             0.000   0.000   1.292   1.144   1.074   0.992   1.215   1.166
Secretaries       0.000   0.000   0.964   0.940   0.991   0.901   1.128   1.050
Info.Clerks       0.000   0.000   1.154   0.958   1.066   0.995   1.229   1.094
Records           0.000   0.000   1.181   1.128   0.930   0.935   1.175   1.071
FinancialClerk    0.000   0.000   0.898   0.937   0.979   0.886   1.085   0.968
OfficeMachine     0.000   0.000   0.894   0.870   0.950   0.967   0.910   0.978
ComputerTech      0.000   0.000   0.963   0.991   0.861   0.846   1.147   0.977
Mail              0.000   0.000   0.713   0.777   0.665   0.666   0.955   0.786
Clerks            0.000   0.000   0.974   0.956   0.832   0.830   1.058   0.971
Insurance         0.000   0.000   1.176   1.009   0.952   0.889   1.102   1.007
Misc.Admin        0.000   0.000   0.991   0.978   1.009   0.981   1.217   1.066
PrivateHshld      0.000   0.000   1.392   1.479   1.145   1.120   1.355   1.154
Firefighting      0.000   0.000   0.639   0.639   0.639   0.752   0.892   0.711
Police            0.000   0.000   0.748   0.748   0.808   0.669   0.913   0.779
Guards            0.000   0.000   0.926   1.099   0.922   0.845   1.157   1.041
FoodPrep          0.000   0.000   1.369   1.259   1.192   1.151   1.354   1.284
HealthService     0.000   0.000   1.089   1.187   1.162   1.097   1.293   1.167
Cleaning          0.000   0.000   0.982   1.192   0.997   1.020   1.195   1.104
PersonalService   0.000   0.000   1.766   1.328   1.170   1.075   1.291   1.228
FarmMgrs          0.000   0.000   3.315   1.267   1.671   1.183   1.164   1.144
FarmWork          0.000   0.000   1.876   1.286   1.024   0.996   1.210   0.917
Agriculture       0.000   0.000   0.891   0.891   1.086   0.965   1.051   0.934
Forest            0.000   0.000   0.913   0.913   0.841   0.795   0.888   0.888
Mechanics         0.000   0.000   0.994   0.994   0.703   0.675   0.864   0.777
Elec.Repairer     0.000   0.000   1.071   1.071   0.696   0.636   0.790   0.771
Misc.Repairer     0.000   0.000   0.893   0.810   0.817   0.784   0.908   0.883
Construction      0.000   0.000   0.655   1.496   0.795   0.730   0.869   0.766
Extractive        0.000   0.000   0.762   0.762   1.061   0.648   0.765   0.883
Supervisor(P)     0.000   0.000   0.817   0.939   0.784   0.788   0.930   0.835
MetalWork         0.000   0.000   0.683   0.683   0.817   0.748   0.864   0.917
WoodWork          0.000   0.000   0.889   0.889   1.212   1.053   1.163   1.150
Textiles          0.000   0.000   0.923   1.008   0.896   0.912   1.359   0.769
Other             0.000   0.000   0.870   0.893   0.881   0.844   1.106   0.902
Food              0.000   0.000   1.413   1.175   0.949   0.980   1.180   1.007
PlantOperator     0.000   0.000   0.729   0.729   0.729   0.780   0.862   0.716
MetalMach.        0.000   0.000   0.769   0.769   0.780   0.860   1.044   1.128
MetalProc.        0.000   0.000   0.870   0.870   0.857   0.845   1.027   0.947
WoodMach.         0.000   0.000   1.023   1.023   0.900   0.933   0.988   0.833
TextileMach.      0.000   0.000   0.818   0.818   0.944   0.801   1.086   0.984
PrintMach.        0.000   0.000   1.239   0.996   0.934   0.969   1.141   1.085
OtherMach.        0.000   0.000   0.929   0.953   0.844   0.880   1.046   0.952
Fabricators       0.000   0.000   0.861   0.877   0.815   0.825   0.983   0.926
Prod.Inspectors   0.000   0.000   0.951   0.994   0.846   0.898   1.079   1.066
MotorVehicle      0.000   0.000   0.595   0.778   0.790   0.818   1.005   0.972
OtherVehicle      0.000   0.000   0.748   1.020   0.771   0.691   0.757   0.792
Freight           0.000   0.000   1.002   0.994   0.894   0.913   1.109   1.036
 
Mean             0.000   0.000   1.096   1.022   0.967   0.907   1.092   0.971
Std Dev          0.000   0.000   0.450   0.248   0.203   0.195   0.203   0.190
Mean(weighted)     NaN     NaN   1.114   1.030   0.957   0.886   1.077   0.963
Std Dev(wghtd)     NaN     NaN   0.419   0.238   0.183   0.163   0.182   0.173
                                                                               
                                                                               
         |                 AvgQuality -- Home: White Men                       
    4.5 +|+                                                                    
         |                                                                     
        #|###################################################**###########     
      4 +|+################################################**#############     
        #|###############################################**###############     
        #|############################################***#####&&&&&&&#####     
        #|##########################################**######&&#######&&&&&&&   
    3.5 +|+#######################################**#######&##############     
        #|#####################################***#######&&###############     
        #|########################%%#########**########&&#################     
      3 +|+###################%%%%#########**#########&###################     
        #|#################%%%###########**#########&&####################     
        *|&&###########%%%%############**##########&####################%%%%   
        %|%%&&&&&&%%%%%##############**##########&&###############%%%%%%##     
    2.5 +|+#######&&&&#############**###########&#############%%%%########     
        #|################################################################ #   
        +|-------------------------------------------------------------------  
      2 +-+##########+#############+############+#############+########### +   
      1960         1970          1980         1990          2000         2010  
                                                                               
                                                                               
                                                                               
                                                                               
         |                AvgQuality -- Home: White Women                      
      3 +|+                                                                    
         |                                                                     
        #|################################################################     
        #|###################################################**&&&&&&#####     
    2.5 +|+###############################################***&#######&&&&&&&   
        #|#############################################***&&##############     
        #|###########################################**#&&################     
        #|########################################***##&#################%%%   
      2 +|+####################################***###&&##############%%%%#     
        #|###################################**####&&############%%%%#####     
        #|################################***####&&###########%%%######### #   
        #|######################%%%%###***######&#########################     
        #|###############%%%%%%%#####**###################################     
    1.5 +|+####%%%%%%%%%%##########**#####################################     
        &|&&&&&###########################################################     
        *|#####&&&&&&&####################################################     
        +|-------------------------------------------------------------------  
      1 +-+##########+#############+############+#############+########### +   
      1960         1970          1980         1990          2000         2010  
                                                                               
                                                                               
                                                                               
                                                                               
         |                 AvgQuality -- Home: Black Men                       
    3.5 +|+                                                                    
         |                                     ##                              
        #|###################################################**###########     
        #|#################################################**#############     
      3 +|+##############################################**###############     
        #|############################################***#################     
        #|##########################################**########&&&&&&&#####     
        #|########################################**########&&#######&&&&&&&   
    2.5 +|+#######################%%###########***#########&##############     
        #|####################%%%%###########**##########&&###############     
        #|#################%%%#############**##########&&#################     
        #|#############%%%%##############**###########&###################     
        &|&&###%%%%%%%%################**###########&&###################%%%   
      2 %|%%&&&&&&###################**############&#################%%%%#     
        *|########&&&&#############**############&&##############%%%%#####     
        #|######################################&#############%%%######### #   
        +|-------------------------------------------------------------------  
    1.5 +-+##########+#############+############+#############+########### +   
      1960         1970          1980         1990          2000         2010  
                                                                               
                                                                               
                                                                               
                                                                               
         |                AvgQuality -- Home: Black Women                      
      3 +|+                                                                    
         |                                                   **                
        #|###############################################****#############     
    2.5 +|+###########################################***####&&&&&&&&&&&&&&&   
        #|########################################****#####&&#############     
        #|#####################################***#######&&###############     
        #|##################################***#######&&&###############%%%%   
      2 +|+#############################****########&&############%%%%%%##     
        #|###########################***##########&&##########%%%%######## #   
        #|######################%%%%*###########&&########################     
    1.5 +|+##############%%%%%%%##########################################     
        #|#####%%%%%%%%%%#################################################     
        %|%%%%%###########################################################     
        &|&&&&&&&&&&&&####################################################     
      1 *|+###############################################################     
        #|################################################################     
        +|-------------------------------------------------------------------  
    0.5 +-+##########+#############+############+#############+########### +   
      1960         1970          1980         1990          2000         2010  
                                                                               
                                                                               
                                                                               
                                                                               
        |                AvgQuality -- Doctors: White Men                      
    14 +|+                                                                     
        |                                                                      
       #|#################################################################     
    12 +|+##############################################################&&&&   
       #|###################################################**###&&&&&&&##     
       #|#################################################**#&&&&######### %   
       #|###############################################**##&############%%    
    10 +|+############################################**###&############%#     
       #|###########################################**###&&############%##     
       *|#########################################**####&############%%###     
     8 &|&&&&&&&&&&&&&#########################***#####&############%#####     
       #|###########%%%%%%%%#################**#######&###########%%######     
       #|########%%%########%%%%%%%########**########&###########%########     
       #|#####%%%########################**########&&###########%#########     
     6 +|+##%%#########################**#########&###########%%##########     
       #|%%%#########################**##########&###########%############ #   
       %|--------------------------------------------------------------------  
     4 +-+###########+############*#############+############+############ +   
     1960          1970         1980          1990         2000          2010  
                                                                               
                                                                               
                                                                               
                                                                               
        |               AvgQuality -- Doctors: White Women                     
    14 +|+                                                                     
        |                                                                      
       #|#################################################################     
    12 +|+#################################################***############     
       #|##############################################****###############     
       #|##########################################****######&&&&&&&&&&&&&&&   
       *|#######################%%%##############**########&&#############%%   
    10 +|+##################%%%%##############**#########&&#############%%     
       #|###############%%%%#################*##########&#############%%##     
       &|&&&&&######%%%%###################**#########&&############%%####     
     8 +|+####&&&&&&&&###################**##########&############%%######     
       #|#######%%######################*##########&&###########%%########     
       #|####%%%######################**#########&&###########%%##########     
       #|##%%########################*##########&############%############     
     6 +|%%########################**##################################### #   
       %|#########################*#######################################     
       +|--------------------------------------------------------------------  
     4 +-+###########+############+#############+############+############ +   
     1960          1970         1980          1990         2000          2010  
                                                                               
                                                                               
                                                                               
                                                                               
        |                AvgQuality -- Doctors: Black Men                      
    10 +|+                                                                     
        |                                                                      
     9 +|+###################################################*############ %   
       #|##################################################**#############%    
       #|################################################**##&&&&&&&&&&&&&&&   
     8 &|&&&&&##########################################*###&###########%#     
       *|#####&&&&&&&&################################**###&###########%##     
     7 +|+###########################################*###&&###########%###     
       #|###########%%%%%%%%#######################**###&###########%%####     
       #|########%%%########%%%%%%%##############**####&###########%######     
     6 +|+####%%%##############################**#####&###########%#######     
       #|###%%###############################**######&###########%########     
     5 +|%%%###############################**######&&###########%#########     
       %|################################**#######&############%##########     
       #|##############################**########&############%###########     
     4 +|+###########################**#########&############%############ #   
       +|--------------------------------------------------------------------  
     3 +-+########################*#############+############+############ +   
     1960          1970         1980          1990         2000          2010  
                                                                               
                                                                               
                                                                               
                                                                               
        |               AvgQuality -- Doctors: Black Women                     
    12 +|+                                                                     
        |                                                                      
       #|#################################################################     
    10 +|+###############################################################&&&   
       #|###########################################################&&&&&#%%   
       #|###################################################**##&&&&####%%     
     8 +|+################################################**&&&&######%%##     
       #|##############################################***&&########%%####     
     6 +|+##########################################***#&&########%%######     
       #|#########################################**##&&########%%########     
       #|##########%%%%%#####################*****##&&########%%##########     
     4 *|+####%%%%%#####%%%%##########*******#####&&#########%############ #   
       #|#%%%%#####&&&######%%%%##****##########&&########################     
       %|%####&&&&&#############%%%#######################################     
     2 +|+&&&&############################################################     
       &|&################################################################     
       +|--------------------------------------------------------------------  
     0 +-+###########+############+#############+############+############ +   
     1960          1970         1980          1990         2000          2010  
                                                                               
                                                                               
                                                                               
                                                                               
         |               AvgQuality -- Teachers: White Men                     
      6 +|+                                                                    
         |                                                                     
    5.5 +|+###############################################################     
        #|################################################################     
        #|################################################################     
      5 +|+###############################################################     
        #|######################################***************###########     
    4.5 +|+####################################*##########################     
        #|###################################**#########################&&&&   
        *|##################################*#####################&&&&&&##     
      4 +|+######################%%%#######*###############&&&&&&&########%%   
        &|&&&&&#############%%%%%########**#########&&&&&&&############%%%     
    3.5 +|+####&&&&&&&##%%%%############*#######&&&&###############%%%%###     
        #|########%%%%%%###############*########################%%%#######     
        #|##%%%%%%###################**#######################%%########## #   
      3 %|%%########################*#####################################     
        +|-------------------------------------------------------------------  
    2.5 +-+##########+#############+############+#############+########### +   
      1960         1970          1980         1990          2000         2010  
                                                                               
                                                                               
                                                                               
                                                                               
         |              AvgQuality -- Teachers: White Women                    
      4 +|+                                                                    
         |                                      #                              
        #|################################################################     
        #|################################################################     
    3.5 +|+#####################################*******###################     
        #|#####################################*#######********###########     
        *|####################################*###########################     
        #|##################################**###########################&&&   
      3 +|+################################*#########################&&&&#%%   
        #|################################*######################&&&&###%%     
        &|&&#####################%%%#####*#############&&&&&&&&&&####%%%##     
        %|%%&&&&&&##########%%%%%#######*#######&&&&&&&###########%%%#####     
        #|##%%%%%%&&&&##%%%%##########**########################%%######## #   
    2.5 +|+#######%%%%%%#############*########################%%##########     
        #|##########################*#####################################     
        #|#########################*######################################     
        +|-------------------------------------------------------------------  
      2 +-+##########+#############+############+#############+########### +   
      1960         1970          1980         1990          2000         2010  
                                                                               
                                                                               
                                                                               
                                                                               
         |               AvgQuality -- Teachers: Black Men                     
      6 +|+                                                                    
         |                                                                     
    5.5 +|+###############################################################     
        #|################################################################     
        #|################################################################     
      5 +|+###############################################################     
        #|######################################*******###################     
    4.5 +|+###################################**#######********##########&&&   
        #|###################################*#######################&&&&#     
        #|#################################**####################&&&&#####     
      4 *|+######################%%%######*################&&&&&&########%%%   
        #|##################%%%%%########*##########&&&&&&&##########%%%%#     
    3.5 &|&&############%%%%###########**#######&&&&#############%%%%#####     
        #|##&&&&&&#%%%%%##############*#######################%%%######### #   
        #|#####%%%&&&&##############**####################################     
      3 +|+%%%%####################*######################################     
        %|-------------------------------------------------------------------  
    2.5 +-+##########+#############+############+#############+########### +   
      1960         1970          1980         1990          2000         2010  
                                                                               
                                                                               
                                                                               
                                                                               
         |              AvgQuality -- Teachers: Black Women                    
    4.5 +|+                                                                    
         |                                      #                              
        #|################################################################     
      4 +|+###############################################################     
        #|######################################*******###################     
        #|#####################################*#######********###########     
        #|###################################**###########################     
    3.5 +|+#################################*#############################     
        #|#################################*############################&&&&   
        #|###############################**#######################&&&&&&%%     
      3 +|+######################%%%####*##############&&&&&&&&&&&###%%%##     
        &|&&################%%%%%######*########&&&&&&&###########%%%#####     
        #|##&&&&&&######%%%%#########**#########################%%######## #   
        #|#####%%%&&&&%%############*#########################%%##########     
    2.5 %|%%%%%####################*######################################     
        *|################################################################     
        +|-------------------------------------------------------------------  
      2 +-+##########+#############+############+#############+########### +   
      1960         1970          1980         1990          2000         2010  
                                                                               
                                                                               
                                                                               
                                                                               
       |                AvgQuality -- Lawyers: White Men                       
    9 +|+                                                                      
       |                                                                       
      #|####################################################**###########&&&   
    8 +|+#################################################**########&&&&&#     
      #|################################################**######&&&&######     
      *|#############################################***#####&&&########## %   
    7 +|+##########################################**######&&############%%    
      #|#####&&&&&&&&%%%%%%%%%%%%%%##############**#######&############%%#     
    6 &|&&&&&###%%%############################**#######&&###########%%###     
      #|#####%%%#############################**#######&&############%#####     
      #|###%%##############################**########&############%%######     
    5 +|%%%##############################**########&&###########%%########     
      %|###############################**#########&###########%%########## #   
      #|#############################**#########&&###########%############     
    4 +|+##########################**##########&##########################     
      #|##########################*#######################################     
      +|---------------------------------------------------------------------  
    3 +-+###########+#############+############+#############+############ +   
    1960          1970          1980         1990          2000          2010  
                                                                               
                                                                               
                                                                               
                                                                               
         |              AvgQuality -- Lawyers: White Women                     
    8.5 +|+                                                                    
         |                                                               &&&   
        #|###################################################**######&&&&#     
      8 +|+################################################**####&&&&##### %   
        #|###############################################**###&&&#########%    
        #|############################################***####&###########%     
    7.5 +|+#########################################**######&###########%#     
        #|########################################**######&&###########%##     
      7 +|+#####################################**#######&############%###     
        #|####################################**########&############%####     
        #|#######################%%%########**#########&#############%####     
    6.5 +|+#################%%%%%#####################&#############%#####     
        *|##############%%%%############**###########&#############%######     
        #|########&&&&%%##############**###########&&#############%#######     
      6 +|+#&&&&&&%#################**############&##############%########     
        &|&&%%%####################*#############&##############%#########     
        %|-------------------------------------------------------------------  
    5.5 +-+##########+#############+############+#############%########### +   
      1960         1970          1980         1990          2000         2010  
                                                                               
                                                                               
                                                                               
                                                                               
       |                AvgQuality -- Lawyers: Black Men                       
    9 +|+                                                                      
      *|                                                                       
    8 +|+#################################################################     
      #|##################################################################     
      #|##################################################################     
    7 +|+#################################################################     
      #|##################################################################     
    6 +|+##########%%#####################################################     
      #|########%%%##%%###################################################     
      #|#####%%%#######%%#################################################     
    5 &|&&#%%############%%################################***############     
      #|%%&&&&&&&##########%%#########################*****###############%%   
    4 %|+########&&&&########%%###################****######&&&&&&&&&&&&&&&&   
      #|#######################%%###############**######&&&&#######%%%####     
      #|#########################%%#########*########&&&#######%%%%#######     
    3 +|+#############################***########&&&&########%%########### #   
      +|---------------------------------------------------------------------  
    2 +-+###########+#############+############+#############+############ +   
    1960          1970          1980         1990          2000          2010  
                                                                               
                                                                               
                                                                               
                                                                               
        |               AvgQuality -- Lawyers: Black Women                     
    10 +|+                                                                     
        |                                                                      
       #|#################################################################     
     8 +|+#####################################********#################&&&&   
       #|#############################**###**##########*******###&&&&&&&%%%%   
       #|#########################**###################&&&&&&&&&&%%%%%%%##     
       #|#######################%%%#############&&&&&&&######%%%%######### #   
     6 +|+##################%%%%##########################################     
       #|###############%%%%##############################################     
       %|%%%%%%%%%%%%%%%##################################################     
     4 +|+################################################################     
       #|###########&&####################################################     
       #|#########&&######################################################     
       #|#######&&########################################################     
     2 +|+###&&&##########################################################     
       #|##&&#############################################################     
       +|--------------------------------------------------------------------  
     0 *&+###########+############+#############+############+############ +   
     1960          1970         1980          1990         2000          2010  
                                                                               
                                                                               
                                                                               
                                                                               
        |              AvgQuality -- Secretaries: White Men                    
    14 +|+                                                                     
        |                                                                      
       #|#################################################################     
    12 +|+################################################################     
       #|#################################################################     
       #|########################%%############***########################     
       #|######################%%############**###***#####################     
    10 +|+##################%%%############**########****#################     
       &|&&&&&&&&&&&&&###%%%############***##############***##############     
       #|##############%%#############**####################**######&&&&&&&&   
     8 *|+#########%%%%#############**#################&&&&&&&&&&&&&####%%%%   
       #|#####%%%%%###############**############&&&&&&&##########%%%%%%%##     
       #|#%%%%###############################################%%%%#########     
       %|%################################################################     
     6 +|+################################################################ #   
       #|#################################################################     
       +|--------------------------------------------------------------------  
     4 +-+###########+############+#############+############+############ +   
     1960          1970         1980          1990         2000          2010  
                                                                               
                                                                               
                                                                               
                                                                               
         |            AvgQuality -- Secretaries: White Women                   
    3.6 +|+                                                                    
         |                                                                     
        #|################################################################     
    3.4 *|&###############################################################     
        #|#&&&&###########################################################     
        %|%%###&&&&#######################################################     
    3.2 +|+#%%%%%%#&&&####################################################     
        #|########%%%%%%#######################****#######################&&   
      3 +|+#############%%%%#################**####****#################&&     
        #|##################%%%%%##########**###&&&####*****#########&&&##     
        #|#######################%%%#####**########&&&&#####***###&&&#####%%   
    2.8 +|+############################**##############&&&&&####&&######%%     
        #|###########################**#####################&&&&#####%%%##     
        #|#########################**#############################%%%#####     
    2.6 +|+#####################################################%%########     
        #|####################################################%%########## #   
        +|-------------------------------------------------------------------  
    2.4 +-+##########+#############+############+#############+########### +   
      1960         1970          1980         1990          2000         2010  
                                                                               
                                                                               
                                                                               
                                                                               
       |              AvgQuality -- Secretaries: Black Men                     
    9 +|+                                                                      
       |                          ##############                               
      #|##################################################################     
    8 +|+#################################################################     
      #|##################################################################     
      #|#########################%%###########***#########################     
      *|######################%%%###########**###**#######################     
    7 +|+##################%%%###########***#######**####################&&&   
      #|#################%%###########***############***############&&&&&#     
      #|##############%%%###########**##################**######&&&&######     
    6 +|+#########%%%%############**##################&&&&**&&&&##########     
      #|#####%%%%%#############################&&&&&&&######**############     
      &|&&&&&&&&&&&&&###################################################%%%%   
      %|%########################################################%%%%%%%##     
    5 +|+####################################################%%%%#########     
      #|################################################################## #   
      +|---------------------------------------------------------------------  
    4 +-+###########+#############+############+#############+############ +   
    1960          1970          1980         1990          2000          2010  
                                                                               
                                                                               
                                                                               
                                                                               
         |            AvgQuality -- Secretaries: Black Women                   
      4 *|+                                                                    
         |     &&&&&&&                                                         
        &|&&&&&###########################################################     
        %|%%%%%%%%%%%%%###################################################     
    3.5 +|+############%%%################################################     
        #|################%%###################****#######################     
        #|##################%%%##############**####****##################&&&   
        #|#####################%%%########***##########*****#########&&&&#     
      3 +|+#######################%%###***##################***##&&&&#####     
        #|###########################**#########&&&&&&&&&&&&&&&&&########%%%   
        #|#########################**################################%%%%#     
        #|#######################################################%%%%#####     
        #|####################################################%%%######### #   
    2.5 +|+###############################################################     
        #|################################################################     
        #|################################################################     
        +|-------------------------------------------------------------------  
      2 +-+##########+#############+############+#############+########### +   
      1960         1970          1980         1990          2000         2010  
                                                                               
                                                                               
                                                                               
                                                                               
         |           AvgQuality rel to WM -- Home: White Women                 
    0.9 +|+                                                                    
         |                                                                     
        #|################################################################     
    0.8 +|+############################################################### #   
        #|####################################################%%%%%%%%%%%%%%   
        #|################################################################     
        #|################################################################     
    0.7 +|+#####################################&&&&&&&&&&&&&&&&&&&&&&&&&&&&   
        #|################################################################     
        #|#########################****************************###########     
    0.6 +|+###############################################################     
        #|################################################################     
        %|%%%%%%%%%%%%%%%%%%%%%%%%%%######################################     
        #|################################################################     
    0.5 &|&&&&&&&&&&&&####################################################     
        *|################################################################     
        +|-------------------------------------------------------------------  
    0.4 +-+##########+#############+############+#############+########### +   
      1960         1970          1980         1990          2000         2010  
                                                                               
                                                                               
                                                                               
                                                                               
          |            AvgQuality rel to WM -- Home: Black Men                 
     0.9 +|+                                                                   
          |                                                                    
         #|###############################################################     
    0.85 +|+##############################################################     
         #|###############################################################     
         #|###############################################################     
         #|###############################################################     
     0.8 +|+##############################################################     
         %|%%%%%%%%%%%%%%%%%%%%%%%%%###################################### #   
         #|########################****************************###########     
    0.75 +|+##################################################%%%%%%%%%%%%%%   
         &|&&&&&&&&&&&&##########################&&&&&&&&&&&&&&&&&&&&&&&&&&&   
         #|###############################################################     
         #|###############################################################     
     0.7 *|+##############################################################     
         #|###############################################################     
         +|------------------------------------------------------------------  
    0.65 +-+##########+############+#############+############+########### +   
       1960         1970         1980          1990         2000         2010  
                                                                               
                                                                               
                                                                               
                                                                               
         |           AvgQuality rel to WM -- Home: Black Women                 
    0.9 +|+                                                                    
         |                                                                     
        #|################################################################ #   
    0.8 +|+###############################################################     
        #|####################################################%%%%%%%%%%%%%%   
        #|################################################################     
    0.7 +|+########################****************************&&&&&&&&&&&&&   
        #|################################################################     
        #|################################################################     
    0.6 +|+###############################################################     
        #|################################################################     
    0.5 %|%%%%%%%%%%%%%%%%%%%%%%%%%%######################################     
        #|################################################################     
        #|################################################################     
    0.4 &|&&&&&&&&&&&&####################################################     
        #|################################################################     
        *|-------------------------------------------------------------------  
    0.3 +-+##########+#############+############+#############+########### +   
      1960         1970          1980         1990          2000         2010  
                                                                               
                                                                               
                                                                               
                                                                               
         |         AvgQuality rel to WM -- Doctors: White Women                
    1.5 +|+                                                                    
         |                                                                     
    1.4 +|+########################%######################################     
        #|#######################%%#############&#########################     
        #|#####################%%################&&#######################     
    1.3 +|+##################%%####################&&#####################     
        *|##################%#########************###&&###################     
    1.2 +|+###############%%######################***##&######%%##########     
        #|##############%%###########################**#&&######%%########     
        #|############%%###############################***&&######%%######     
    1.1 &|&&######%%%%####################################***&######%%#### #   
        #|##&&&&&&###########################################**&######%%##     
      1 %|%%######&&&&##########################################&&&#####%%     
        #|#########################################################&&&&###%%   
        #|#############################################################&&&     
    0.9 +|+###############################################################&&   
        +|-------------------------------------------------------------------  
    0.8 +-+##########+#############+############+#############+########### +   
      1960         1970          1980         1990          2000         2010  
                                                                               
                                                                               
                                                                               
                                                                               
          |          AvgQuality rel to WM -- Doctors: Black Men                
       1 +|+                                                                   
         &|&&&&&                                                               
    0.95 +|%%###&&&&&&&###################################################     
         #|##%%###########################################################     
         #|####%%#########################################################     
     0.9 +|+#####%%#######################################################     
         *|########%%########%%%%%%%######################################     
    0.85 +|+#########%%%%%%%%#############################################     
         #|###############################################################     
         #|#############################################################%%%%   
     0.8 +|+#####################################&&&&&&&&&&&&&&&##%%%%%%##     
         #|################################################****%&&########     
    0.75 +|+#########################################******#######&&&#####     
         #|########################***####***********################&&&## #   
         #|#############################################################&&     
     0.7 +|+##############################################################&&   
         +|------------------------------------------------------------------  
    0.65 +-+##########+############+#############+############+########### +   
       1960         1970         1980          1990         2000         2010  
                                                                               
                                                                               
                                                                               
                                                                               
         |         AvgQuality rel to WM -- Doctors: Black Women                
      1 +|+                                                                    
         |                                                                     
        #|################################################################     
    0.8 +|+##########################################################&&&&&&&   
        #|#########################****#########&&&&&&&&&&&&&&&&&&&&&#####     
        #|#############################******##########********###########     
        #|#####%%%%%%%%######################**********###################     
    0.6 %|%%%%%########%%%%###############################################     
        *|#################%%%############################################     
        #|##########&&########%%%%########################################     
    0.4 +|+#######&&##############%%######################################     
        #|#####&&&########################################################     
        #|##&&&###########################################################     
        #|&&##############################################################     
    0.2 &|+###############################################################     
        #|################################################################     
        +|-------------------------------------------------------------------  
      0 +-+##########+#############+############+#############+########### +   
      1960         1970          1980         1990          2000         2010  
                                                                               
                                                                               
                                                                               
                                                                               
          |         AvgQuality rel to WM -- Teachers: White Women              
    0.95 +|+                                                                   
          |                                                                    
         %|###############################################################     
     0.9 +|+##############################################################     
         #|%############################################################## #   
         #|#%%############################################################     
    0.85 +|+##%###########################################################     
         #|####%##########################################################     
     0.8 *|+####%#########################################################     
         #|######%#################**############&&###########%%%%%%%#####     
         #|#######%%#################****##########&&################%%%%%%%   
    0.75 &|&&&&&####%####################***#########&&&##################     
         #|#####&&&&&&&#####################****########&&&#############&&&&   
         #|###########%%%%%%%###################***************###&&&&&&##     
     0.7 +|+#################%%%%%%%#########################&&&&&########     
         #|###############################################################     
         +|------------------------------------------------------------------  
    0.65 +-+##########+############+#############+############+########### +   
       1960         1970         1980          1990         2000         2010  
                                                                               
                                                                               
                                                                               
                                                                               
          |          AvgQuality rel to WM -- Teachers: Black Men               
     1.1 +|+                                                                   
          |                                                                    
         #|############################################################### #   
    1.05 +|+#######################**#########################%%%#########     
         #|##########################***#########&&##############%%%%#####&&   
         #|#############################**#########&&&###############%%&&&     
         #|###############################***#########&&&&#########&&&&##%%%   
       1 +|+#################%%%%%%%###########*##########&&&###&&&#######     
         #|##########%%%%%%%%#####################**#########&&&##########     
         #|########%%###############################****##################     
    0.95 *|+####%%%#####################################****##############     
         &|&#%%%############################################***###########     
         #|%&&&&##########################################################     
         %|#####&&&&######################################################     
     0.9 +|+########&&&###################################################     
         #|###############################################################     
         +|------------------------------------------------------------------  
    0.85 +-+##########+############+#############+############+########### +   
       1960         1970         1980          1990         2000         2010  
                                                                               
                                                                               
                                                                               
                                                                               
         |         AvgQuality rel to WM -- Teachers: Black Women               
      1 +|+                                                                    
         |                                                                     
        #|################################################################     
    0.9 +|+############################################################### #   
        #|#########################***####################################     
        #|############################****####################%%%%%%%#####     
        #|################################****##&&&##################%%%%%%%   
    0.8 %|%%%%%###############################*****************###########     
        &|&&###%%%%%%%%%%%%%%%%%%%%%###################&&&&&#########&&&&&&&   
        #|##&&&&&&##########################################&&&&&&&&&#####     
    0.7 +|+#######&&&&####################################################     
        #|################################################################     
        #|################################################################     
        #|################################################################     
    0.6 +|+###############################################################     
        *|################################################################     
        +|-------------------------------------------------------------------  
    0.5 +-+##########+#############+############+#############+########### +   
      1960         1970          1980         1990          2000         2010  
                                                                               
                                                                               
                                                                               
                                                                               
         |         AvgQuality rel to WM -- Lawyers: White Women                
    1.6 +|+                                                                    
         |                         *                                           
        #|##########################**####################################     
        #|############################*###################################     
    1.4 +|+############################**#################################     
        #|###############################*################################     
        #|################################*#####&&########################     
        #|#################################**#####&&&#####################     
        %|###################################*#######&&#######%%%%########     
    1.2 +|%%##################################**#######&&&########%%%%%%## #   
        #|##%%##################################***#######&&&###########%%%%   
        #|####%%#################%%%###############****######&&&&&########     
        #|######%%##########%%%%%######################*****######&&&&&&##     
      1 +|+#######%%####%%%%################################***#########&&&&   
        &|&&&&&&&&&&&&%%##################################################     
        #|################################################################     
        *|-------------------------------------------------------------------  
    0.8 +-+##########+#############+############+#############+########### +   
      1960         1970          1980         1990          2000         2010  
                                                                               
                                                                               
                                                                               
                                                                               
         |          AvgQuality rel to WM -- Lawyers: Black Men                 
    1.4 +|+                                                                    
         |                                                                     
        #|################################################################     
    1.2 +|+###############################################################     
        *|################################################################     
        #|################################################################     
        #|################################################################     
      1 +|+###############################################################     
        #|#####%%%%%%%####################################################     
        %|%%%%%#######%%##################################################     
    0.8 +|+#############%%################################################     
        &|&###############%%##############################################     
        #|#&&&&#############%%################################%%%%%%%#####     
        #|#####&&&&###########%%###*******###########################%%%%%%%   
    0.6 +|+########&&&##########%%########*********************###########     
        #|########################%%###################&&&&&&&&&&&&&&&&&&&&&   
        +|-------------------------------------------------------------------  
    0.4 +-+##########+#############+############+#############+########### +   
      1960         1970          1980         1990          2000         2010  
                                                                               
                                                                               
                                                                               
                                                                               
         |         AvgQuality rel to WM -- Lawyers: Black Women                
    2.5 +|+                                                                    
         |                                                                     
        #|################################################################     
      2 +|+###############################################################     
        #|#########################**#####################################     
        #|###########################***##################################     
        #|##############################****####&&########################     
    1.5 +|+#################################***###&&&&########%%%%########     
        #|#####################################****###&&&#########%%%%%%## #   
        #|#########################################****##&&&&###########%%%%   
      1 %|%%####################%%%%###################*****#&&&&&&&&&&&&&&&   
        #|##%%%%%%#######%%%%%%%############################***###########     
        #|########%%%%%%%#################################################     
        #|##########&&####################################################     
    0.5 +|+######&&&######################################################     
        #|###&&&&#########################################################     
        +|-------------------------------------------------------------------  
      0 *&+##########+#############+############+#############+########### +   
      1960         1970          1980         1990          2000         2010  
                                                                               
                                                                               
                                                                               
                                                                               
          |       AvgQuality rel to WM -- Secretaries: White Women             
    0.55 +|+                                                                   
          |                                                                    
         %|###############################################################     
     0.5 +|%##############################################################     
         #|#%%############################################################     
         #|###%%##########################################################     
    0.45 +|+####%%######################################################## #   
         *|#######%%######################################################     
     0.4 +|+########%%###########################&&#######################     
         #|###########%############################&&&####################     
         &|&&##########%%#############################&&&&####%%%%%%%#####     
    0.35 +|+#&&&&&&######%%########**#####################&&&########&&&&&&&   
         #|########&&&&####%#########****####################&&&&&&&&#####     
         #|#################%%###########***###############****###########     
     0.3 +|+##################%#############****#####******###############     
         #|####################%%###############*****#####################     
         +|------------------------------------------------------------------  
    0.25 +-+##########+############%#############+############+########### +   
       1960         1970         1980          1990         2000         2010  
                                                                               
                                                                               
                                                                               
                                                                               
         |        AvgQuality rel to WM -- Secretaries: Black Men               
      1 +|+                                                                    
         |                                                                     
        #|################################################################     
    0.9 *|+###############################################################     
        #|################################################################     
        #|################################################################     
        %|%##############################################################&&&   
    0.8 +|+%%%%#################################&&&&#################&&&&# #   
        #|#####%%%%#################################&&&&&&&######&&&&#####     
        #|#########%%%%%%##################################&&&&&&#########     
    0.7 +|+##############%%%%%%%#################**###########%%%%%%%#####     
        #|######################%%%%###############****##############%%%%%%%   
        #|#############################################*****##############     
        &|&&&&&#############################################***###########     
    0.6 +|+####&&&&&&&####################################################     
        #|################################################################     
        +|-------------------------------------------------------------------  
    0.5 +-+##########+#############+############+#############+########### +   
      1960         1970          1980         1990          2000         2010  
                                                                               
                                                                               
                                                                               
                                                                               
         |       AvgQuality rel to WM -- Secretaries: Black Women              
         |                                                                     
         |                                                                     
    0.6 +|+###############################################################     
        %|################################################################     
        #|%%##############################################################     
        #|##%%%###########################################################     
    0.5 *|+####%%%########################################################     
        #|########%%######################################################     
        #|##########%%####################################################     
        #|############%%################################################## #   
        &|&&&&&&&&&&&&##%%######################&&&#######################     
    0.4 +|+###############%%#######################&&&&#######%%%%%%%#####     
        #|##################%######****################&&&&&#########&&&&&&&   
        #|###################%%########******##########********&&&&&&#####     
        #|#####################%%############**********###################     
    0.3 +|+######################%%#######################################     
        +|-------------------------------------------------------------------  
        +############+#############+############+#############+########### +   
      1960         1970          1980         1990          2000         2010  
                                                                               
                                                                               
 
 
H(i,t) --- Total human capital in each occupation
 
                                              1960    1970    1980    1990    2000    2010
------------------------------------------------------------------------------------------
Home                                        0.5874  0.5502  0.5705  0.5289  0.6776  0.5728
Executives, Administrative, and Managerial  0.1711  0.1986  0.2029  0.2734  0.3037  0.3537
Management Related                          0.0495  0.0455  0.0881  0.1236  0.1624  0.1729
Architects                                  0.0032  0.0051  0.0067  0.0089  0.0106  0.0082
Engineers                                   0.0339  0.0463  0.0443  0.0473  0.0498  0.0474
Math and Computer Science                   0.0021  0.0118  0.0166  0.0295  0.0536  0.0653
Natural Science                             0.0102  0.0132  0.0154  0.0194  0.0256  0.0246
Doctors                                     0.0303  0.0294  0.0323  0.0476  0.0647  0.0634
Health Assessment                           0.0246  0.0298  0.0377  0.0582  0.0660  0.0752
Therapists                                  0.0028  0.0045  0.0090  0.0153  0.0222  0.0306
Professors                                  0.0094  0.0187  0.0276  0.0345  0.0414  0.0414
Teachers          Non-Postsecondary         0.0535  0.0619  0.0935  0.1349  0.1334  0.1430
Librarians  and Curators                    0.0054  0.0061  0.0092  0.0119  0.0116  0.0090
Social Scientists and Urban Planners        0.0040  0.0083  0.0129  0.0228  0.0189  0.0248
Social Work                                 0.0180  0.0206  0.0273  0.0373  0.0395  0.0437
Lawyers       and Judges                    0.0143  0.0160  0.0254  0.0388  0.0482  0.0459
Arts and Athletes                           0.0249  0.0274  0.0394  0.0601  0.0651  0.0650
Health Technicians                          0.0147  0.0164  0.0266  0.0413  0.0447  0.0552
Engineering Technicians                     0.0161  0.0271  0.0321  0.0340  0.0297  0.0267
Science Technicians                         0.0105  0.0057  0.0089  0.0102  0.0080  0.0077
Technicians, Other                          0.0084  0.0144  0.0327  0.0517  0.0630  0.0649
Sales, all                                  0.1238  0.1344  0.1664  0.2356  0.2507  0.2867
Secretaries                                 0.0672  0.0921  0.0936  0.0985  0.0685  0.0621
Info. Clerks                                0.0095  0.0141  0.0218  0.0335  0.0371  0.0387
Records Processing, Non-Financial           0.0128  0.0254  0.0241  0.0228  0.0192  0.0190
Financial Records Processing                0.0380  0.0585  0.0552  0.0596  0.0571  0.0527
Office Machine Operator                     0.0128  0.0076  0.0029  0.0031  0.0090  0.0068
Computer/Communications Equip. Operator     0.0172  0.0161  0.0280  0.0294  0.0151  0.0104
Mail Distribution                           0.0227  0.0287  0.0252  0.0322  0.0312  0.0280
Scheduling and Distributing Clerks          0.0303  0.0383  0.0469  0.0564  0.0633  0.0644
Adjusters and Investigators                 0.0060  0.0193  0.0201  0.0376  0.0721  0.0820
Misc. Admin Support                         0.0818  0.0683  0.0674  0.0833  0.0639  0.0626
Private Household Occupations               0.0215  0.0306  0.0180  0.0171  0.0165  0.0231
Firefighting                                0.0097  0.0119  0.0130  0.0138  0.0152  0.0165
Police                                      0.0163  0.0193  0.0264  0.0341  0.0408  0.0499
Guards                                      0.0116  0.0140  0.0177  0.0229  0.0224  0.0268
Food Prep    and Service                    0.0615  0.0575  0.0498  0.0520  0.0556  0.0709
Health Service                              0.0223  0.0287  0.0350  0.0489  0.0545  0.0787
Cleaning and Building Service               0.0266  0.0356  0.0438  0.0487  0.0438  0.0532
Personal Service                            0.0523  0.0513  0.0401  0.0497  0.0640  0.0694
Farm Managers                               0.0879  0.0560  0.0476  0.0358  0.0281  0.0243
Farm Work                                   0.0408  0.0247  0.0206  0.0160  0.0135  0.0182
Related Agriculture                         0.0077  0.0114  0.0128  0.0199  0.0268  0.0374
Forest, Logging, Fishers and Hunter         0.0103  0.0067  0.0087  0.0091  0.0097  0.0085
Mechanics                                   0.0378  0.0584  0.0618  0.0626  0.0693  0.0602
Elec. Repairer                              0.0208  0.0279  0.0286  0.0299  0.0337  0.0322
Misc. Repairer                              0.0525  0.0429  0.0293  0.0322  0.0314  0.0299
Construction Trade                          0.0752  0.0919  0.1130  0.1209  0.1307  0.1305
Extractive                                  0.0159  0.0095  0.0093  0.0075  0.0057  0.0080
Supervisor(P)                               0.0582  0.0647  0.0671  0.0484  0.0443  0.0352
Precision Metal                             0.0401  0.0325  0.0320  0.0315  0.0240  0.0178
Precision Wood                              0.0053  0.0059  0.0055  0.0051  0.0057  0.0043
Precision, Textile                          0.0348  0.0135  0.0103  0.0087  0.0057  0.0051
Precision, Other                            0.0106  0.0056  0.0104  0.0125  0.0161  0.0190
Precision, Food                             0.0160  0.0173  0.0154  0.0145  0.0144  0.0150
Plant Operator                              0.0161  0.0114  0.0118  0.0143  0.0141  0.0120
Metal and Plastic Machine Operator          0.0167  0.0328  0.0253  0.0156  0.0112  0.0074
Metal and Plastic Processing Operator       0.0065  0.0074  0.0098  0.0069  0.0063  0.0036
Woodworking Machine Operator                0.0061  0.0061  0.0068  0.0062  0.0217  0.0151
Textile Machine Operator                    0.0165  0.0170  0.0170  0.0184  0.0137  0.0107
Print Machine Operator                      0.0283  0.0519  0.0382  0.0301  0.0196  0.0127
Machine Operator, Other                     0.1500  0.1098  0.0731  0.0624  0.0536  0.0495
Fabricators                                 0.0457  0.0511  0.0607  0.0586  0.0480  0.0398
Production Inspectors                       0.0277  0.0364  0.0323  0.0307  0.0290  0.0241
Motor Vehicle Operator                      0.0798  0.0777  0.0883  0.0892  0.0948  0.1003
Non Motor Vehicle Operator                  0.0333  0.0340  0.0327  0.0276  0.0244  0.0219
Freight, Stock, Material Handler            0.0778  0.0598  0.0587  0.0574  0.0466  0.0521
 
 
w(i,t) in each occupation
 
                                              1960    1970    1980    1990    2000    2010
------------------------------------------------------------------------------------------
Home                                         12876   16339   14328   14171   18228   18042
Executives, Administrative, and Managerial   15617   20590   20086   21214   24638   23444
Management Related                           13168   14524   16059   17158   20023   21264
Architects                                    6481    8607    8054    8867    9471    9001
Engineers                                    15884   18535   16939   19581   19489   20714
Math and Computer Science                     6356   11884   11681   14838   17424   17289
Natural Science                               9865   11439   10246   10326   10968   12099
Doctors                                      12038   17284   18221   19920   19607   19608
Health Assessment                             7921    9525    9681   10736   11870   14544
Therapists                                    4157    5870    6654    7469    9754   11166
Professors                                    9346   13803    9818    8999    9688   10348
Teachers          Non-Postsecondary          10820   14829   12542   10615   12486   14510
Librarians  and Curators                      3347    5308    4811    4579    4634    4580
Social Scientists and Urban Planners          7137   10766    9981    9598    9384   10998
Social Work                                   6483    8333    7827    7499    8255    8963
Lawyers       and Judges                     12089   16953   16859   20973   21031   23815
Arts and Athletes                            10421   11725   10124   11514   13122   13518
Health Technicians                            4907    6807    6984    7758    8942    9784
Engineering Technicians                       9593   11945   10850   11765   10259   10533
Science Technicians                           7537    6805    6882    6997    6229    6696
Technicians, Other                            6634   12043   11969   14120   19301   19541
Sales, all                                   14455   17340   17228   19411   20615   18631
Secretaries                                   5090    6115    4760    4574    6469    6558
Info. Clerks                                  4822    6623    6036    6074    6144    6122
Records Processing, Non-Financial             6739   10312    6219    5763    5435    5897
Financial Records Processing                  6098    8187    7085    6366    6676    6944
Office Machine Operator                       5639    4311    2847    3036    4549    3028
Computer/Communications Equip. Operator       4268    7191    8386    8103    6613    5256
Mail Distribution                             6996    7313    8781    8832    7244    7113
Scheduling and Distributing Clerks            7109    9432    9653    9589    9814    9153
Adjusters and Investigators                   6310    9590    7757    8240   10547   10102
Misc. Admin Support                          10038    9894    8189    8406    7913    8118
Private Household Occupations                 3519    4027    3242    3268    3036    2830
Firefighting                                  6068    8103    8124    9238   10035   11645
Police                                        7353   10207   10759   11573   13660   14465
Guards                                        4764    5810    6452    6894    6840    7966
Food Prep    and Service                      4921    6030    5975    7007    8071    8419
Health Service                                3018    4031    4994    5391    5305    6150
Cleaning and Building Service                 3729    6189    7192    7615    7268    7226
Personal Service                              5504    7153    5950    5745    7448    7398
Farm Managers                                 5462    7320    7377    6837    6483    7430
Farm Work                                     3319    4326    4957    4852    4783    5356
Related Agriculture                           3659    5018    5164    6343    7153    6962
Forest, Logging, Fishers and Hunter           3164    4246    5204    5065    5167    5066
Mechanics                                     7896   11273   11464   12079   12655   11919
Elec. Repairer                                9001   10617   10757    9855   10786   10514
Misc. Repairer                                9147   10265    9458    9400    9053    9174
Construction Trade                           10916   13841   14750   15034   15178   14244
Extractive                                    6400    5976    7776    6574    5810    9391
Supervisor(P)                                10369   12914   12936   11629   11253    9463
Precision Metal                               9393   10582   10021   10284    9155    7306
Precision Wood                                3782    4361    4066    4636    4640    3625
Precision, Textile                            3867    4415    3502    3768    3884    2734
Precision, Other                              5653    5665    5753    6146    5674    6108
Precision, Food                               5727    7079    6776    6063    5413    4986
Plant Operator                                8894    6658    7717    8903    7378    8451
Metal and Plastic Machine Operator            5936    8967    8193    6394    5901    5007
Metal and Plastic Processing Operator         3884    5246    5559    5328    5414    3833
Woodworking Machine Operator                  3135    3666    4193    4203    7327    6154
Textile Machine Operator                      7395    8550    7111    7835    7125    5188
Print Machine Operator                        3851    5549    4333    5102    4956    3819
Machine Operator, Other                      10807   11672   10894   10328    9884    9026
Fabricators                                   7729    9486   10164    9732    9791    8910
Production Inspectors                         6622    8447    8167    8194    8199    8201
Motor Vehicle Operator                        9754   11493   12201   12129   12539   10951
Non Motor Vehicle Operator                    8276    9195   10657    9155    9131    9987
Freight, Stock, Material Handler              8084    9053    9522    9204    8713    8384
 
Labor income ignoring taxes: w(i,t)*H(i,t)
 
                   1960    1970    1980    1990    2000    2010
---------------------------------------------------------------
Home               7563    8989    8174    7495   12352   10335
Managers           2672    4089    4076    5800    7483    8292
MgmtRelated         652     661    1414    2120    3251    3677
Architects           21      44      54      79     100      74
Engineers           539     858     750     927     970     983
Math/CompSci         14     140     193     438     933    1129
Science             100     151     157     200     281     298
Doctors             365     508     588     948    1269    1242
Nurses              195     283     365     625     784    1094
Therapists           11      26      60     114     217     342
Professors           88     259     271     310     401     428
Teachers            578     917    1173    1431    1665    2075
Librarians           18      32      44      54      54      41
Soc.Scientists       29      89     129     219     177     273
SocialWork          117     172     214     280     326     391
Lawyers             173     271     429     813    1013    1094
Arts/Athletes       260     322     399     692     855     879
HealthTechs          72     112     186     320     400     540
Eng.Techs           155     323     348     400     305     281
ScienceTechs         79      39      61      71      50      51
OtherTechs           55     173     391     730    1217    1269
Sales              1789    2331    2867    4574    5169    5341
Secretaries         342     563     445     451     443     407
Info.Clerks          46      94     131     204     228     237
Records              86     262     150     132     104     112
FinancialClerk      232     479     391     379     381     366
OfficeMachine        72      33       8      10      41      21
ComputerTech         73     116     235     238     100      55
Mail                159     210     221     285     226     199
Clerks              216     362     453     541     621     589
Insurance            38     185     156     310     760     829
Misc.Admin          821     676     552     701     506     508
PrivateHshld         76     123      58      56      50      65
Firefighting         59      97     106     128     152     192
Police              120     197     284     395     557     722
Guards               55      82     114     158     153     214
FoodPrep            303     347     298     364     449     597
HealthService        67     116     175     264     289     484
Cleaning             99     220     315     371     318     384
PersonalService     288     367     239     286     477     514
FarmMgrs            480     410     351     245     182     181
FarmWork            135     107     102      78      64      98
Agriculture          28      57      66     126     192     261
Forest               33      29      45      46      50      43
Mechanics           299     659     709     757     877     717
Elec.Repairer       187     297     308     295     363     339
Misc.Repairer       480     440     277     302     284     274
Construction        821    1273    1667    1817    1984    1858
Extractive          102      57      72      49      33      75
Supervisor(P)       604     835     868     563     498     333
MetalWork           377     344     321     324     220     130
WoodWork             20      26      22      24      26      15
Textiles            135      60      36      33      22      14
Other                60      32      60      77      91     116
Food                 92     123     104      88      78      75
PlantOperator       143      76      91     127     104     102
MetalMach.           99     294     207     100      66      37
MetalProc.           25      39      55      37      34      14
WoodMach.            19      23      28      26     159      93
TextileMach.        122     145     121     144      98      55
PrintMach.          109     288     165     154      97      49
OtherMach.         1621    1282     796     644     530     447
Fabricators         353     485     617     571     470     355
Prod.Inspectors     183     307     264     251     238     198
MotorVehicle        779     893    1077    1082    1189    1099
OtherVehicle        276     313     349     253     223     219
Freight             629     541     559     528     406     437
---------------------------------------------------------------
TOTAL            26906   34751   36016   42650   53707   54257
 
Total labor income received by workers: (1-TauW)*w(i,t)*H(i,t)
 
                   1960    1970    1980    1990    2000    2010
---------------------------------------------------------------
Home               7563    8989    8174    7495   12352   10335
Managers           2528    3839    3717    5154    6536    7177
MgmtRelated         614     620    1323    1975    2922    3213
Architects           21      44      55      81     102      77
Engineers           534     847     731     885     910     908
Math/CompSci         12     131     177     398     856    1051
Science              97     146     146     180     249     267
Doctors             354     492     555     852    1152    1145
Nurses              182     283     414     749     934    1267
Therapists           11      25      62     126     230     374
Professors           81     237     246     273     350     384
Teachers            529     881    1164    1469    1726    2066
Librarians           20      34      48      57      60      49
Soc.Scientists       27      82     112     194     163     255
SocialWork          111     166     216     289     332     395
Lawyers             170     266     394     728     912     965
Arts/Athletes       242     295     350     591     741     760
HealthTechs          67     110     208     352     424     560
Eng.Techs           149     308     326     375     284     260
ScienceTechs         75      37      56      65      46      47
OtherTechs           52     165     353     646    1023    1044
Sales              1596    2055    2576    4050    4443    4425
Secretaries         455     754     807     901     807     735
Info.Clerks          43      93     135     217     247     254
Records              78     229     159     144     119     135
FinancialClerk      228     436     400     432     460     419
OfficeMachine        67      29       9      10      48      25
ComputerTech         76     114     217     230      96      50
Mail                155     207     219     289     228     203
Clerks              203     345     440     533     606     586
Insurance            36     164     139     282     687     760
Misc.Admin          747     630     559     676     514     514
PrivateHshld         64     122      79      82      93     126
Firefighting         59      96     105     126     150     187
Police              118     192     278     387     546     697
Guards               54      80     114     161     162     230
FoodPrep            265     315     327     417     518     685
HealthService        70     130     217     307     389     625
Cleaning             99     217     316     376     330     396
PersonalService     243     326     232     275     459     525
FarmMgrs            465     402     335     235     177     175
FarmWork            124     104     105      81      70     105
Agriculture          27      56      65     125     192     263
Forest               31      28      44      45      49      42
Mechanics           294     648     699     754     879     724
Elec.Repairer       184     291     303     293     364     342
Misc.Repairer       471     427     270     296     279     271
Construction        807    1254    1644    1801    1967    1857
Extractive          100      56      72      49      33      75
Supervisor(P)       581     808     835     543     480     322
MetalWork           371     336     311     315     213     127
WoodWork             20      25      22      23      26      16
Textiles            126      56      37      35      25      16
Other                56      30      59      75     101     142
Food                 88     117     101      87      80      80
PlantOperator       141      75      90     125     103     101
MetalMach.           95     278     198      97      66      37
MetalProc.           25      38      52      36      33      14
WoodMach.            19      22      27      26     162      95
TextileMach.        118     139     114     137      95      54
PrintMach.           98     303     197     169     110      55
OtherMach.         1475    1172     749     617     522     441
Fabricators         325     448     584     561     472     357
Prod.Inspectors     162     269     237     226     217     178
MotorVehicle        759     881    1047    1071    1192    1127
OtherVehicle        271     315     354     259     229     226
Freight             617     525     558     538     425     460
---------------------------------------------------------------
TOTAL            25945   33634   35262   41448   51770   51876
TOTAL (Mkt)      18383   24645   27088   33953   39419   41541
 
  Year    Earnings       (mkt)
------------------------------
  1960       25945       18383
  1970       33634       24645
  1980       35262       27088
  1990       41448       33953
  2000       51770       39419
  2010       51876       41541
 
Average growth rates of Earnings
---------------------------
  1960 1970   0.0260
  1970 1980   0.0047
  1980 1990   0.0162
  1990 2000   0.0222
  2000 2010   0.0002
  1960 2010   0.0139
 
Average growth rates of Earnings (mkt)
-------------------------------------
  1960 1970   0.0293
  1970 1980   0.0095
  1980 1990   0.0226
  1990 2000   0.0149
  2000 2010   0.0052
  1960 2010   0.0163
 
  Year         GDP    GDP(mkt)
------------------------------
  1960       26906       16401
  1970       34751       22182
  1980       36016       24480
  1990       42650       31917
  2000       53707       36289
  2010       54257       39518
 
Average growth rates of GDP
---------------------------
  1960 1970   0.0256
  1970 1980   0.0036
  1980 1990   0.0169
  1990 2000   0.0231
  2000 2010   0.0010
  1960 2010   0.0140
 
 
Average growth rates of GDP (mkt)
---------------------------------
  1960 1970   0.0302
  1970 1980   0.0099
  1980 1990   0.0265
  1990 2000   0.0128
  2000 2010   0.0085
  1960 2010   0.0176
 
 
GDP of only Young Cohorts (per young person)...
 
  Year    GDPYoung GDPYng(mkt)
------------------------------
  1960       25256       14383
  1970       32605       19688
  1980       32020       22127
  1990       35847       26967
  2000       42507       29276
  2010       42103       30455
 
Average growth rates of GDPYoung
---------------------------
  1960 1970   0.0255
  1970 1980  -0.0018
  1980 1990   0.0113
  1990 2000   0.0170
  2000 2010  -0.0010
  1960 2010   0.0102
 
Average growth rates of GDPYoung (mkt)
--------------------------------------
  1960 1970   0.0314
  1970 1980   0.0117
  1980 1990   0.0198
  1990 2000   0.0082
  2000 2010   0.0039
  1960 2010   0.0150
 
HYoung(i,t) --- Total human capital in each occupation of Young Cohort
 
                                              1960    1970    1980    1990    2000    2010
------------------------------------------------------------------------------------------
Home                                        0.2147  0.2056  0.2042  0.1722  0.1528  0.1429
Executives, Administrative, and Managerial  0.0328  0.0454  0.0595  0.0688  0.0560  0.0575
Management Related                          0.0152  0.0130  0.0350  0.0425  0.0412  0.0405
Architects                                  0.0008  0.0012  0.0024  0.0027  0.0021  0.0018
Engineers                                   0.0125  0.0137  0.0156  0.0182  0.0124  0.0116
Math and Computer Science                   0.0010  0.0049  0.0075  0.0122  0.0169  0.0167
Natural Science                             0.0041  0.0047  0.0063  0.0069  0.0063  0.0071
Doctors                                     0.0060  0.0062  0.0093  0.0106  0.0082  0.0091
Health Assessment                           0.0079  0.0095  0.0173  0.0207  0.0144  0.0198
Therapists                                  0.0010  0.0020  0.0060  0.0072  0.0077  0.0099
Professors                                  0.0024  0.0064  0.0073  0.0059  0.0069  0.0089
Teachers          Non-Postsecondary         0.0167  0.0256  0.0393  0.0286  0.0319  0.0421
Librarians  and Curators                    0.0013  0.0018  0.0035  0.0021  0.0016  0.0017
Social Scientists and Urban Planners        0.0014  0.0030  0.0056  0.0060  0.0040  0.0064
Social Work                                 0.0055  0.0071  0.0119  0.0103  0.0101  0.0126
Lawyers       and Judges                    0.0036  0.0049  0.0106  0.0112  0.0090  0.0099
Arts and Athletes                           0.0092  0.0098  0.0185  0.0233  0.0194  0.0200
Health Technicians                          0.0050  0.0067  0.0143  0.0174  0.0125  0.0163
Engineering Technicians                     0.0084  0.0118  0.0145  0.0140  0.0077  0.0071
Science Technicians                         0.0047  0.0023  0.0042  0.0039  0.0021  0.0022
Technicians, Other                          0.0028  0.0074  0.0156  0.0220  0.0182  0.0160
Sales, all                                  0.0351  0.0382  0.0614  0.0809  0.0666  0.0719
Secretaries                                 0.0239  0.0325  0.0416  0.0349  0.0162  0.0137
Info. Clerks                                0.0036  0.0055  0.0099  0.0132  0.0115  0.0134
Records Processing, Non-Financial           0.0033  0.0077  0.0112  0.0087  0.0051  0.0055
Financial Records Processing                0.0116  0.0162  0.0221  0.0218  0.0151  0.0117
Office Machine Operator                     0.0060  0.0024  0.0013  0.0013  0.0017  0.0008
Computer/Communications Equip. Operator     0.0062  0.0061  0.0126  0.0115  0.0039  0.0024
Mail Distribution                           0.0061  0.0063  0.0095  0.0109  0.0054  0.0044
Scheduling and Distributing Clerks          0.0100  0.0123  0.0195  0.0215  0.0175  0.0182
Adjusters and Investigators                 0.0024  0.0067  0.0102  0.0171  0.0247  0.0272
Misc. Admin Support                         0.0264  0.0237  0.0293  0.0317  0.0179  0.0183
Private Household Occupations               0.0045  0.0077  0.0056  0.0058  0.0041  0.0053
Firefighting                                0.0035  0.0042  0.0051  0.0048  0.0039  0.0044
Police                                      0.0065  0.0083  0.0118  0.0127  0.0133  0.0127
Guards                                      0.0025  0.0029  0.0066  0.0084  0.0060  0.0085
Food Prep    and Service                    0.0162  0.0152  0.0204  0.0259  0.0218  0.0312
Health Service                              0.0073  0.0091  0.0150  0.0186  0.0169  0.0257
Cleaning and Building Service               0.0051  0.0079  0.0148  0.0162  0.0093  0.0107
Personal Service                            0.0149  0.0185  0.0186  0.0198  0.0206  0.0228
Farm Managers                               0.0201  0.0123  0.0139  0.0105  0.0047  0.0046
Farm Work                                   0.0152  0.0086  0.0092  0.0068  0.0045  0.0068
Related Agriculture                         0.0024  0.0038  0.0060  0.0095  0.0087  0.0118
Forest, Logging, Fishers and Hunter         0.0031  0.0025  0.0039  0.0037  0.0025  0.0019
Mechanics                                   0.0132  0.0197  0.0254  0.0240  0.0172  0.0147
Elec. Repairer                              0.0098  0.0109  0.0127  0.0101  0.0095  0.0089
Misc. Repairer                              0.0155  0.0142  0.0116  0.0112  0.0071  0.0068
Construction Trade                          0.0234  0.0308  0.0462  0.0490  0.0366  0.0358
Extractive                                  0.0054  0.0032  0.0050  0.0030  0.0014  0.0034
Supervisor(P)                               0.0120  0.0156  0.0199  0.0136  0.0092  0.0056
Precision Metal                             0.0118  0.0105  0.0127  0.0112  0.0054  0.0033
Precision Wood                              0.0015  0.0018  0.0024  0.0022  0.0014  0.0009
Precision, Textile                          0.0083  0.0033  0.0031  0.0028  0.0012  0.0008
Precision, Other                            0.0034  0.0020  0.0046  0.0050  0.0050  0.0071
Precision, Food                             0.0048  0.0060  0.0060  0.0059  0.0041  0.0045
Plant Operator                              0.0045  0.0024  0.0044  0.0049  0.0023  0.0024
Metal and Plastic Machine Operator          0.0042  0.0108  0.0105  0.0052  0.0030  0.0020
Metal and Plastic Processing Operator       0.0017  0.0025  0.0042  0.0027  0.0018  0.0008
Woodworking Machine Operator                0.0021  0.0021  0.0031  0.0027  0.0061  0.0037
Textile Machine Operator                    0.0054  0.0061  0.0067  0.0079  0.0038  0.0022
Print Machine Operator                      0.0074  0.0160  0.0144  0.0114  0.0053  0.0031
Machine Operator, Other                     0.0476  0.0376  0.0311  0.0238  0.0152  0.0130
Fabricators                                 0.0140  0.0183  0.0271  0.0219  0.0139  0.0113
Production Inspectors                       0.0077  0.0102  0.0116  0.0101  0.0069  0.0060
Motor Vehicle Operator                      0.0278  0.0257  0.0339  0.0321  0.0239  0.0204
Non Motor Vehicle Operator                  0.0091  0.0097  0.0135  0.0086  0.0056  0.0056
Freight, Stock, Material Handler            0.0272  0.0204  0.0267  0.0249  0.0145  0.0162
 
Tax Revenue from TauWabs by occupation and year, summed over groups
 
Home                                             0       0       0       0       0       0
Executives, Administrative, and Managerial     144     250     359     646     947    1116
Management Related                              37      41      91     145     329     464
Architects                                       0      -1      -1      -2      -2      -3
Engineers                                        4      11      20      42      60      75
Math and Computer Science                        1       9      17      40      77      78
Natural Science                                  3       5      11      20      32      31
Doctors                                         11      16      33      96     117      97
Health Assessment                               13       0     -49    -124    -151    -173
Therapists                                       1       1      -2     -12     -13     -32
Professors                                       7      22      25      38      51      45
Teachers          Non-Postsecondary             49      36       9     -37     -61       9
Librarians  and Curators                        -2      -2      -4      -2      -6      -8
Social Scientists and Urban Planners             2       7      17      25      15      18
Social Work                                      5       6      -3     -10      -5      -4
Lawyers       and Judges                         3       6      35      85     101     129
Arts and Athletes                               17      27      49     101     114     119
Health Technicians                               5       2     -22     -31     -24     -20
Engineering Technicians                          5      15      22      24      20      21
Science Technicians                              4       2       5       6       3       4
Technicians, Other                               3       8      38      83     194     225
Sales, all                                     193     276     292     524     726     917
Secretaries                                   -113    -191    -362    -450    -364    -328
Info. Clerks                                     3       1      -4     -14     -19     -17
Records Processing, Non-Financial                9      33      -9     -12     -15     -22
Financial Records Processing                     4      43      -8     -52     -79     -53
Office Machine Operator                          5       3      -0      -1      -6      -5
Computer/Communications Equip. Operator         -3       2      18       8       4       5
Mail Distribution                                4       3       2      -5      -2      -3
Scheduling and Distributing Clerks              12      16      12       8      15       3
Adjusters and Investigators                      2      22      17      28      73      69
Misc. Admin Support                             75      46      -7      25      -8      -6
Private Household Occupations                   12       1     -20     -26     -43     -61
Firefighting                                     0       0       0       1       2       5
Police                                           2       5       6       8      11      25
Guards                                           1       2       0      -4      -9     -16
Food Prep    and Service                        38      32     -29     -53     -69     -87
Health Service                                  -3     -14     -42     -43    -100    -141
Cleaning and Building Service                    0       3      -0      -5     -12     -12
Personal Service                                45      41       7      10      17     -11
Farm Managers                                   15       8      16      10       5       6
Farm Work                                       11       3      -3      -3      -6      -7
Related Agriculture                              2       1       2       1      -0      -2
Forest, Logging, Fishers and Hunter              1       0       1       1       1       1
Mechanics                                        4      11      10       3      -2      -7
Elec. Repairer                                   3       6       5       2      -1      -3
Misc. Repairer                                   9      13       7       6       6       3
Construction Trade                              14      19      23      16      17       2
Extractive                                       2       1       1       0       0      -0
Supervisor(P)                                   22      27      33      21      18      11
Precision Metal                                  6       8      10       8       6       3
Precision Wood                                   0       1       0       1       0      -0
Precision, Textile                               9       3      -1      -2      -2      -2
Precision, Other                                 4       2       1       2     -10     -26
Precision, Food                                  4       5       4       1      -2      -5
Plant Operator                                   2       1       1       2       2       1
Metal and Plastic Machine Operator               4      16       9       2      -0      -0
Metal and Plastic Processing Operator            0       1       3       1       1       0
Woodworking Machine Operator                     1       1       1       0      -3      -2
Textile Machine Operator                         4       6       7       7       3       1
Print Machine Operator                          11     -15     -31     -15     -13      -7
Machine Operator, Other                        146     110      48      27       8       5
Fabricators                                     28      37      33      10      -2      -2
Production Inspectors                           21      38      27      26      21      20
Motor Vehicle Operator                          19      12      30      10      -4     -29
Non Motor Vehicle Operator                       5      -3      -5      -6      -7      -8
Freight, Stock, Material Handler                13      17       1     -10     -19     -23
-----------------------------------------------------------------------------------------
Total Revenue TauW                             961    1117     754    1202    1937    2381
TauW  Revenue Share of GDP                  0.0357  0.0321  0.0209  0.0282  0.0361  0.0439
 
Tax Revenue from TauHabs by occupation and year, summed over groups
 
Home                                             0       0       0       0       0       0
Executives, Administrative, and Managerial      12      45      79      -8    -257    -614
Management Related                               7      10      68      48     -72    -278
Architects                                       0       0       1       1       2       2
Engineers                                        1       2       7      17       7       4
Math and Computer Science                        0       2       1      -4      14      18
Natural Science                                  1       2       2     -15     -38     -60
Doctors                                          1       3       6     -59     -67    -113
Health Assessment                               10       1     -19    -245     -72    -414
Therapists                                       1       1       6     -17     -44    -168
Professors                                       1       5      -2     -14     -50     -74
Teachers          Non-Postsecondary             25      58      44     -28    -114    -745
Librarians  and Curators                        -2       0     -10      -3      -7     -12
Social Scientists and Urban Planners             1       1      -8     -40     -31     -69
Social Work                                      3       5      10       3     -30    -103
Lawyers       and Judges                         0       2     -17    -101    -104    -146
Arts and Athletes                                8       8     -15    -157    -157    -167
Health Technicians                               4       6      -3     -68     -22    -154
Engineering Technicians                          1       3       7      10       5       4
Science Technicians                              1      -0      -1       1       0      -0
Technicians, Other                               0       4       8     -21     -18     -10
Sales, all                                      24      43      95     143      39    -318
Secretaries                                   -243    -428    -559    -528      50      50
Info. Clerks                                     3       9       6     -22     -65    -107
Records Processing, Non-Financial                3       8       1      -3       3       7
Financial Records Processing                     4       5     -63    -200    -102     -41
Office Machine Operator                          5      -3       1       1       2       1
Computer/Communications Equip. Operator         -5       9      11      13       4      -1
Mail Distribution                               -3      -0       8      13       6       4
Scheduling and Distributing Clerks               3       7      23      33      25      23
Adjusters and Investigators                      0       0     -13    -148    -287    -294
Misc. Admin Support                             37      41     -30    -223    -124    -170
Private Household Occupations                    3       8       7       9       9      11
Firefighting                                     0       1       1       2       1       2
Police                                           1       1       5      13      18      18
Guards                                           0      -0       0       1       3       9
Food Prep    and Service                        14      20      30      50      46      65
Health Service                                  -9      -3      16     -28     -62    -199
Cleaning and Building Service                  -11       3      11      16      10      11
Personal Service                                13      25       6     -19    -122    -171
Farm Managers                                    1       1       2       3       1       1
Farm Work                                        4       3       4       3       2       3
Related Agriculture                              0       1       2       5       5       6
Forest, Logging, Fishers and Hunter              0       1       1       1       0       0
Mechanics                                        2       5       7       9       9       7
Elec. Repairer                                   1       2       6       6       7       5
Misc. Repairer                                   2       5       4       5       3       3
Construction Trade                               4      13      18      23      18      14
Extractive                                       0       0       1       0       0       1
Supervisor(P)                                    2       6      14      11      10       5
Precision Metal                                  1       2       4       4       2       1
Precision Wood                                   0       0       0       0       0       0
Precision, Textile                               5       2       2       2       1       0
Precision, Other                                 1       1       3       4       7      12
Precision, Food                                  1       2       3       4       4       4
Plant Operator                                   0       0       1       2       1       1
Metal and Plastic Machine Operator               1       5       6       3       2       1
Metal and Plastic Processing Operator           -0       1       2       1       1       0
Woodworking Machine Operator                     0       0       1       1       5       2
Textile Machine Operator                         1       2       4       7       3       1
Print Machine Operator                           5      24      17      16       7       3
Machine Operator, Other                         42      36      31      28      21      14
Fabricators                                      9      17      29      28      19      11
Production Inspectors                            5       4      10      10       7       5
Motor Vehicle Operator                           9      14      24      30      30      24
Non Motor Vehicle Operator                       1       4       6       3       2       2
Freight, Stock, Material Handler                 0       9      27      30      19      18
-----------------------------------------------------------------------------------------
Total Revenue TauH                              13      65     -50   -1338   -1416   -4051
TauH  Revenue Share of GDP                  0.0005  0.0019 -0.0014 -0.0314 -0.0264 -0.0747
 
Total Revenue TauW+TauH                        974    1182     705    -136     520   -1670
Total Revenue Share of GDP                  0.0362  0.0340  0.0196 -0.0032  0.0097 -0.0308
        |                                                                      
     6 +|+                                                                     
        |                                                                      
       #|#################################################################     
       #|###############################################################****   
     4 +|+#######################################################*******##     
       *|****************##############################**********#########     
       #|###############=******##########**************###################     
       #|###################===**********#################################     
     2 +|+######################====######################################     
       #|###########################====##################################     
       #|###############################===###############====############     
     0 +|+&&&&&&&&&&&&&&&&&&&&&&&&&&&&&&&&&====&&&&&======&&&&==&&&&&&&&&&&&   
       #|######################################=====############==########     
       #|#########################################################==######     
       #|###########################################################==####     
    -2 +|+############################################################==##     
       #|###############################################################==     
       #|#################################################################==   
       +|--------------------------------------------------------------------  
    -4 +-+###########+############+#############+############+############ +   
     1960          1970         1980          1990         2000          2010  
                                                                               
                                                                               
 
 
A(i,t) -- Productivity in each occupation
 
                                              1960    1970    1980    1990    2000    2010
------------------------------------------------------------------------------------------
Home                                          6826    8310    6826    5941    8742    7874
Executives, Administrative, and Managerial    4921    7063    6757    7823    9197    9165
Management Related                            2049    2003    3182    3825    4926    5536
Architects                                     180     305     313     382     409     332
Engineers                                     2247    2912    2445    2887    2620    2788
Math and Computer Science                      143     755     856    1504    2297    2494
Natural Science                                603     753     678     707     793     897
Doctors                                       1402    2090    2329    2969    3015    2967
Health Assessment                              673     860     975    1300    1434    2065
Therapists                                      86     162     272     386     620     886
Professors                                     535    1191     852     768     838     919
Teachers          Non-Postsecondary           1586    2409    2263    1945    2198    2838
Librarians  and Curators                        87     162     169     164     147     127
Social Scientists and Urban Planners           233     546     597     688     539     780
Social Work                                    427     586     603     607     644     761
Lawyers       and Judges                       970    1498    1840    2896    2889    3382
Arts and Athletes                             1024    1128    1065    1467    1655    1721
Health Technicians                             254     386     502     672     772     976
Engineering Technicians                        727    1152    1067    1139     773     758
Science Technicians                            408     228     284     286     189     206
Technicians, Other                             301     850    1247    1847    2905    2988
Sales, all                                    3727    4491    4861    6357    6395    5846
Secretaries                                    574     778     529     470     588     568
Info. Clerks                                   199     344     365     420     400     404
Records Processing, Non-Financial              382     896     401     320     239     268
Financial Records Processing                   566     961     739     600     562     570
Office Machine Operator                        292     132      43      45     126      59
Computer/Communications Equip. Operator        223     415     678     605     285     167
Mail Distribution                              538     569     688     721     470     431
Scheduling and Distributing Clerks             636     962    1082    1080    1055     954
Adjusters and Investigators                    236     700     511     703    1255    1248
Misc. Admin Support                           1754    1380    1014    1077     768     785
Private Household Occupations                  187     240     131     118      93      98
Firefighting                                   284     427     440     505     534     692
Police                                         491     769     956    1113    1391    1669
Guards                                         216     282     363     419     365     500
Food Prep    and Service                       522     602     543     647     738     883
Health Service                                 151     233     348     424     389     581
Cleaning and Building Service                  226     493     673     710     559     608
Personal Service                               569     735     484     470     702     720
Farm Managers                                  730     795     728     518     377     429
Farm Work                                      235     240     264     207     166     227
Related Agriculture                            119     204     221     345     427     483
Forest, Logging, Fishers and Hunter            110     122     185     166     158     143
Mechanics                                      832    1552    1608    1609    1617    1371
Elec. Repairer                                 751     981     995     819     887     831
Misc. Repairer                                1222    1155     829     792     659     652
Construction Trade                            1907    2649    3173    3103    2918    2636
Extractive                                     394     242     348     223     144     349
Supervisor(P)                                 1553    2002    2008    1337    1084     741
Precision Metal                               1112    1053     946     896     585     358
Precision Wood                                 104     119     101     109     103      61
Precision, Textile                             273     183     111     105      79      44
Precision, Other                               266     171     235     261     234     282
Precision, Food                                334     421     365     275     207     185
Plant Operator                                 649     311     388     486     325     366
Metal and Plastic Machine Operator             360     825     621     309     207     131
Metal and Plastic Processing Operator          119     175     217     157     137      61
Woodworking Machine Operator                    83      93     118     104     399     254
Textile Machine Operator                       498     553     412     455     304     166
Print Machine Operator                         245     505     294     306     211     114
Machine Operator, Other                       2653    2242    1620    1269     982     819
Fabricators                                    886    1121    1330    1126     916     721
Production Inspectors                          546     794     699     629     546     495
Motor Vehicle Operator                        1659    1843    2110    1931    1865    1558
Non Motor Vehicle Operator                     838     872    1049     705     588     634
Freight, Stock, Material Handler              1236    1130    1186    1025     758     752
 
 
phi(i,t) in each occupation
 
                                              1960    1970    1980    1990    2000    2010
------------------------------------------------------------------------------------------
Home                                          1.27    1.61    1.68    1.61    1.45    1.80
Executives, Administrative, and Managerial    1.43    1.63    1.96    1.80    1.90    1.95
Management Related                            1.91    1.93    2.21    2.11    2.10    2.23
Architects                                    2.90    3.42    3.06    2.40    2.56    2.64
Engineers                                     2.18    2.30    2.39    2.28    2.31    2.41
Math and Computer Science                     2.45    2.19    2.42    2.26    1.98    1.99
Natural Science                               2.49    2.59    3.05    2.68    3.04    3.10
Doctors                                       3.91    4.08    4.06    4.15    4.14    4.15
Health Assessment                             2.59    2.83    3.19    2.40    2.34    2.64
Therapists                                    2.96    2.62    2.25    2.24    2.50    2.91
Professors                                    5.85    5.68    5.54    5.67    4.92    5.31
Teachers          Non-Postsecondary           2.94    3.24    3.16    2.61    2.65    2.84
Librarians  and Curators                      3.25    3.33    3.40    3.23    3.17    3.63
Social Scientists and Urban Planners          3.06    2.99    3.44    2.97    3.00    2.73
Social Work                                   3.02    2.86    2.88    2.51    2.43    2.49
Lawyers       and Judges                      3.99    4.17    4.30    4.21    4.18    4.18
Arts and Athletes                             2.02    1.92    2.24    2.03    2.10    2.26
Health Technicians                            1.43    1.92    2.12    1.82    1.76    1.77
Engineering Technicians                       1.37    1.45    1.64    1.64    1.59    1.71
Science Technicians                           1.41    1.81    1.82    1.71    1.67    1.80
Technicians, Other                            1.53    1.83    2.21    1.97    2.17    2.21
Sales, all                                    1.47    1.54    1.77    1.65    1.67    1.74
Secretaries                                   1.40    1.50    1.90    1.77    1.83    2.01
Info. Clerks                                  1.31    1.50    1.98    1.79    1.76    1.77
Records Processing, Non-Financial             2.08    2.03    1.70    1.75    1.73    1.94
Financial Records Processing                  1.43    1.48    1.83    1.70    1.70    1.76
Office Machine Operator                       1.30    1.30    1.48    1.40    1.40    1.74
Computer/Communications Equip. Operator       1.14    1.34    1.64    1.63    1.67    1.70
Mail Distribution                             1.24    1.30    1.49    1.45    1.44    1.51
Scheduling and Distributing Clerks            1.02    1.21    1.43    1.39    1.38    1.49
Adjusters and Investigators                   1.75    1.74    2.01    1.83    1.73    1.75
Misc. Admin Support                           1.36    1.45    1.86    1.78    1.80    1.88
Private Household Occupations                 0.93    0.98    1.14    1.21    1.25    1.21
Firefighting                                  1.09    1.21    1.45    1.47    1.48    1.58
Police                                        1.17    1.29    1.62    1.53    1.59    1.64
Guards                                        1.04    1.26    1.50    1.48    1.46    1.60
Food Prep    and Service                      0.93    1.08    1.40    1.39    1.38    1.50
Health Service                                1.01    1.40    1.75    1.63    1.61    1.68
Cleaning and Building Service                 0.88    1.00    1.23    1.26    1.24    1.33
Personal Service                              1.01    1.01    1.64    1.55    1.70    1.78
Farm Managers                                 0.99    1.17    1.44    1.35    1.40    1.42
Farm Work                                     0.66    0.86    1.01    1.05    0.97    0.93
Related Agriculture                           0.87    0.98    1.26    1.22    1.18    1.17
Forest, Logging, Fishers and Hunter           0.79    1.03    1.24    1.18    1.16    1.25
Mechanics                                     0.93    1.03    1.20    1.26    1.26    1.32
Elec. Repairer                                1.13    1.20    1.34    1.38    1.36    1.41
Misc. Repairer                                0.98    1.04    1.27    1.30    1.28    1.34
Construction Trade                            0.97    1.06    1.27    1.24    1.19    1.21
Extractive                                    0.87    0.97    1.14    1.18    1.18    1.22
Supervisor(P)                                 1.11    1.21    1.43    1.35    1.36    1.39
Precision Metal                               0.99    1.13    1.24    1.27    1.28    1.30
Precision Wood                                0.92    1.01    1.31    1.25    1.23    1.25
Precision, Textile                            0.81    0.88    1.05    1.15    1.16    1.19
Precision, Other                              0.99    1.19    1.32    1.28    1.46    1.56
Precision, Food                               0.94    1.03    1.16    1.20    1.13    1.17
Plant Operator                                1.48    1.17    1.40    1.38    1.33    1.46
Metal and Plastic Machine Operator            0.86    1.03    1.14    1.17    1.18    1.17
Metal and Plastic Processing Operator         0.89    0.92    1.12    1.20    1.22    1.28
Woodworking Machine Operator                  0.77    0.85    1.12    1.15    1.18    1.20
Textile Machine Operator                      1.07    1.16    1.32    1.29    1.29    1.32
Print Machine Operator                        0.82    0.90    1.00    1.12    1.09    1.12
Machine Operator, Other                       0.88    0.99    1.15    1.21    1.19    1.24
Fabricators                                   0.90    1.02    1.14    1.20    1.21    1.22
Production Inspectors                         1.03    1.20    1.31    1.36    1.40    1.45
Motor Vehicle Operator                        0.88    1.01    1.19    1.23    1.23    1.30
Non Motor Vehicle Operator                    0.95    1.01    1.21    1.22    1.21    1.27
Freight, Stock, Material Handler              0.85    1.02    1.18    1.24    1.23    1.31
 
---------------------------------------------------------
The extensive margin LS elasticity in our model equals
 
      theta*(1-LFP)= theta*p(Home)
 
---------------------------------------------------------
Benchmark value for theta = 4.0000, so that theta*(1-eta) = 3.5880
 
Labor supply elasticities for White Men by Year and Cohort
 
  Year   Young  Middle     Old
------------------------------
  1960    0.35    0.31    0.44
  1970    0.39    0.34    0.45
  1980    0.37    0.31    0.48
  1990    0.41    0.35    0.47
  2000    0.58    0.53    0.61
  2010    0.60    0.49    0.65
 
Labor supply elasticities for White Women by Year and Cohort
 
  Year   Young  Middle     Old
------------------------------
  1960    2.96    2.68    2.50
  1970    2.62    2.42    2.26
  1980    1.84    1.91    2.04
  1990    1.39    1.35    1.49
  2000    1.35    1.36    1.29
  2010    1.23    1.29    1.26
 
Labor supply elasticities for Black Men by Year and Cohort
 
  Year   Young  Middle     Old
------------------------------
  1960    0.81    0.77    0.88
  1970    0.75    0.72    0.88
  1980    1.01    0.85    1.08
  1990    1.19    1.00    1.05
  2000    1.44    1.37    1.40
  2010    1.35    1.12    1.32
 
Labor supply elasticities for Black Women by Year and Cohort
 
  Year   Young  Middle     Old
------------------------------
  1960    2.57    2.32    2.41
  1970    1.99    2.01    2.12
  1980    1.55    1.59    1.96
  1990    1.42    1.16    1.46
  2000    1.33    1.34    1.47
  2010    1.12    1.00    1.25
 
Mean and Var log (1/1-tauw) and (1+tauh)^eta by Decade and Group:
meanlogtauw:
meanlogtauw =

        0   0.4865   0.3001   0.5648
        0   0.3844   0.1372   0.4489
        0   0.3068   0.0473   0.2811
        0   0.2266   0.0087   0.1671
        0   0.2135  -0.0032   0.1534
        0   0.2124  -0.0303   0.1468

varlogtauw:
varlogtauw =

        0   0.0642   0.0323   0.0758
        0   0.0592   0.0226   0.1004
        0   0.0988   0.0233   0.1029
        0   0.0840   0.0325   0.1026
        0   0.0827   0.0497   0.1096
        0   0.0823   0.0623   0.1223

meanlogtauh:
meanlogtauh =

        0   0.4902   0.3013   0.5648
        0   0.4264   0.2592   0.4767
        0   0.2700   0.2436   0.3476
        0   0.1689   0.2720   0.3491
        0   0.1516   0.2483   0.3088
        0   0.1267   0.2719   0.2962

varlogtauh:
varlogtauh =

        0   0.0588   0.0309   0.0758
        0   0.0748   0.0486   0.1147
        0   0.0815   0.0341   0.0931
        0   0.0992   0.0381   0.1170
        0   0.1124   0.0402   0.1266
        0   0.1427   0.0712   0.1302

 
FS2 = 20
         |                                                                     
    1.7 +|+                                                                    
        #|#                                                                    
        #|*###############################################################     
        #|##**############################################################     
    1.6 +|+###**##########################################################     
        #|######**########################################################     
        #|########**######################################################     
        #|##########***###################################################     
    1.5 +|+############****###############################################     
        #|#################**#############################################     
        #|####################*##*########################################     
    1.4 +|+########################**#####################################     
        #|###########################***##################################     
        #|##############################****##############################     
        #|##################################***###########################     
    1.3 +|+####################################********###################     
        #|#############################################*********************   
        #|##################################################################   
        +|-------------------------------------------------------------------  
    1.2 +-+##########+#############+############+#############+########### +   
      1960         1970          1980         1990          2000         2010  
                                                                               
                                                                               
                                                                               
                                                                               
         |                          White Women                                
    1.7 +|+                                                                    
        #|##                                                                   
        #|**##############################################################     
    1.6 +|+#**############################################################     
        #|####**##########################################################     
        #|######**########################################################     
        #|########**######################################################     
    1.5 +|+#########*****#################################################     
        #|###############****##*##########################################     
        #|#######################****#####################################     
    1.4 +|+##########################**###################################     
        #|#############################***################################     
        #|################################***#############################     
        #|###################################**###########################     
    1.3 +|+####################################*****************************   
        #|##################################################################   
        +|-------------------------------------------------------------------  
    1.2 +-+##########+#############+############+#############+########### +   
      1960         1970          1980         1990          2000         2010  
                                                                               
                                                                               
         |                                                                     
    1.4 +|+                                                                    
        #|##                                                                   
        #|##################################################################   
        #|**##############################################################     
        #|##*#############################################################     
    1.3 +|+##*############################################################     
        #|####**##########################################################     
        #|######*#########################################################     
        #|#######*########################################################     
    1.2 +|+#######**######################################################     
        #|##########*#####################################################     
        #|###########**###################################################     
        #|#############***################################################     
        #|################**##############################################     
    1.1 +|+#################***###########################################     
        #|#####################***########################################     
        #|########################*****###################################     
        #|#############################******#############################     
        +|-------------------------------------------------------------------  
      1 +-+##########+#############+############+#############+######*******   
      1960         1970          1980         1990          2000         2010  
                                                                               
                                                                               
                                                                               
                                                                               
         |                           Black Men                                 
    1.4 +|+                                                                    
        #|##                                                             ###   
        #|*###############################################################     
        #|#*##############################################################     
    1.3 +|+#**############################################################     
        #|####*###########################################################     
        #|#####*##########################################################     
        #|######**########################################################     
    1.2 +|+#######*#######################################################     
        #|#########**#####################################################     
        #|###########**###################################################     
        #|#############****###############################################     
        #|#################***############################################     
    1.1 +|+###################****########################################     
        #|########################*****###################################     
        #|#############################******#############################     
        +|-------------------------------------------------------------------  
      1 +-+##########+#############+############+#############+######*******   
      1960         1970          1980         1990          2000         2010  
                                                                               
                                                                               
         |                                                                     
    1.9 +|+                                                                    
         |                                                                     
        #|################################################################     
    1.8 +|*###############################################################     
        #|##***###########################################################     
    1.7 +|+####***########################################################     
        #|########**######################################################     
        #|##########**####################################################     
    1.6 +|+###########**##################################################     
        #|##############**################################################     
        #|################**##############################################     
    1.5 +|+#################**############################################     
        #|####################**############################################   
        #|######################**########################################     
    1.4 +|+#######################***#####################################     
        #|###########################***##################################     
    1.3 +|+#############################****##############################     
        #|##################################***###########################     
        +|-------------------------------------------------------------------  
    1.2 +-+##########+#############+############+#############+########### +   
      1960         1970          1980         1990          2000         2010  
                                                                               
                                                                               
                                                                               
                                                                               
         |                          Black Women                                
    1.9 +|+                                                                    
         |                                                                     
    1.8 #|################################################################     
        #|**##############################################################     
        #|###****#########################################################     
    1.7 +|+######***######################################################     
        #|##########***###################################################     
    1.6 +|+############**#################################################     
        #|###############**###############################################     
        #|#################***############################################     
    1.5 +|+###################**##########################################     
        #|######################**##########################################   
    1.4 +|+#######################***#####################################     
        #|###########################***##################################     
        #|##############################****##############################     
    1.3 +|+#################################***###########################     
        +|-------------------------------------------------------------------  
    1.2 +-+##########+#############+############+#############+########### +   
      1960         1970          1980         1990          2000         2010  
                                                                               
                                                                               
         |                                                                     
    2.5 +|+                                                                    
         |                                                                     
        #|################################################################     
        #|################################################################     
      2 +|+###############################################################     
        #|################################################################     
        #|################################################################     
        #|################################################################     
    1.5 +|+###############################################################     
        #|################################################################     
        *|*****###########################################################     
      1 %|%%%%%########################################%%%%%%%%%%%%%%#####     
        $|$$$$$%%%%%%%%%%%%%%%%%%%%%%%%%%%%%%%%%%%%%%%%$$$$**********%%%%%%%   
        #|################################$$$$$$$$$$***##############*******   
        #|################################################################     
    0.5 +|+###############################################################     
        #|################################################################     
        #|################################################################     
        +|-------------------------------------------------------------------  
      0 +-+##########+#############+############+#############+########### +   
      1960         1970          1980         1990          2000         2010  
                                                                               
                                                                               
         |                                                                     
    2.5 +|+                                                                    
         |                                                                     
        #|################################################################     
        #|################################################################     
      2 +|+###############################################################     
        #|################################################################     
        #|################################################################     
        #|################################################################     
    1.5 +|+###############################################################     
        #|################################################################     
        *|*****###########################################################     
      1 #|#####*************###########################$$$$$$$$$$$$$$$$$$$$$   
        $|$$$$$$$$$$$$$$$$$$$$$$$$$$$$$$$$$$$$$$$$$$$$$*********************   
        #|################################################################     
        #|################################################################     
    0.5 +|+###############################################################     
        #|################################################################     
        #|################################################################     
        +|-------------------------------------------------------------------  
      0 +-+##########+#############+############+#############+########### +   
      1960         1970          1980         1990          2000         2010  
                                                                               
                                                                               
                                                                               
                                                                               
         |                           Mean of Z                                 
    2.5 +|+                                                                    
         |                                                                     
        #|################################################################     
      2 +|+###############################################################     
        #|################################################################     
        #|################################################################     
        #|################################################################     
    1.5 +|+###############################################################     
        #|################################################################     
        *|*****#############################################################   
      1 #|##############Black men######################Black women$$$$$$$$$$   
        $|$$$$$$$$$$$$$$$$$$$$$$$$$$$$$$$$$$$$$$$$$$$$$*********************   
        #|################################################################     
        #|################################################################     
    0.5 +|+###############################################################     
        #|###########White women##########################################     
        +|-------------------------------------------------------------------  
      0 +-+##########+#############+############+#############+########### +   
      1960         1970          1980         1990          2000         2010  
                                                                               
                                                                               
 
Average Market Wage Gaps
 
  Year       WM       WW       BM       BW
------------------------------------------
  1960    1.000    0.555    0.559    0.347
  1970    1.000    0.527    0.627    0.418
  1980    1.000    0.549    0.714    0.513
  1990    1.000    0.613    0.700    0.555
  2000    1.000    0.647    0.694    0.566
  2010    1.000    0.714    0.710    0.604
 
GDP per person, per worker, Aggregate LFP, Earnings per person, Consumption per person (mkt)
   and Education Spending share of GDP
 
  Year        GDP     GDPmkt     GDPwkr        LFP   Earnings    EarnMkt  ConsYoung  EarnYoung   EduShare
---------------------------------------------------------------------------------------------------------
  1960      26906      16401      27401      0.599      18383      18383      29309      16290      0.125
  1970      34751      22182      34898      0.636      24645      24645      39029      21968      0.132
  1980      36016      24480      34863      0.702      27088      27088      36000      24391      0.148
  1990      42650      31917      41799      0.764      33953      33953      42547      28486      0.168
  2000      53707      36289      48584      0.747      39419      39419      51267      31605      0.127
  2010      54257      39518      52056      0.759      41541      41541      50723      32063      0.175
Edu2 =

   0.1246
   0.1316
   0.1483
   0.1679
   0.1266
   0.1752

 
NOTE: Those education numbers are shares of Total GDP, not GDPYoung.
Years of Education in Data and Model
 (phiFarm is chosen to match this in the benchmark case)
AvgYearsEdDataYWM =

   12.013   12.842   13.816   13.583   13.734   14.003

AvgYearsEdModel =

   12.013   12.842   13.816   13.583   13.734   14.003

 
AlphaSplitYoung for WW:
 
                   1960    1970    1980    1990    2000    2010
---------------------------------------------------------------
Home                NaN     NaN     NaN     NaN     NaN     NaN
Managers          0.500   0.589   0.768   1.000   1.000   1.000
MgmtRelated       0.500   0.436   0.518   0.870   1.000   1.000
Architects        0.500   0.000   0.000   0.000   0.000   0.000
Engineers         0.500   0.489   0.606   0.710   0.887   0.974
Math/CompSci      0.500   0.728   1.000   1.000   0.959   0.922
Science           0.500   0.440   0.855   1.000   1.000   1.000
Doctors           0.500   0.622   0.833   1.000   1.000   1.000
Nurses            0.500   0.685   0.808   0.601   0.703   0.474
Therapists        0.500   0.708   0.000   0.674   0.470   0.467
Professors        0.500   0.615   0.980   1.000   1.000   1.000
Teachers          0.500   0.293   0.000   0.651   0.509   0.114
Librarians        0.500   0.992   0.441   0.313   0.464   0.570
Soc.Scientists    0.500   0.845   1.000   1.000   1.000   0.000
SocialWork        0.500   0.596   0.000   1.000   0.080   0.000
Lawyers           0.500   0.575   1.000   1.000   1.000   1.000
Arts/Athletes     0.500   0.606   1.000   1.000   1.000   1.000
HealthTechs       0.500   0.596   0.820   0.438   0.325   0.000
Eng.Techs         0.500   0.514   0.608   0.578   0.656   0.784
ScienceTechs      0.500   0.452   0.689   0.825   0.749   0.981
OtherTechs        0.500   0.508   0.844   1.000   1.000   1.000
Sales             0.500   0.545   0.582   0.759   0.970   1.000
Secretaries       0.654   0.660   0.789   0.812   1.000   1.000
Info.Clerks       0.500   0.073   0.000   0.498   0.384   0.285
Records           0.500   0.605   1.000   1.000   1.000   1.000
FinancialClerk    0.500   0.911   0.249   0.493   0.661   0.678
OfficeMachine     0.500   0.522   0.000   0.000   0.000   1.000
ComputerTech      0.500   0.061   0.652   0.567   0.433   1.000
Mail              0.500   0.446   0.292   0.140   0.171   0.090
Clerks            0.500   0.342   0.271   0.294   0.400   0.347
Insurance         0.500   0.677   1.000   0.000   0.000   0.000
Misc.Admin        0.500   0.425   0.661   0.000   0.075   0.046
PrivateHshld      0.500   0.283   0.000   0.000   1.000   1.000
Firefighting        NaN   0.500   0.760   0.929   0.932   0.917
Police            0.500   0.450   0.531   0.535   0.455   0.570
Guards            0.500   0.320   0.105   0.000   0.000   0.000
FoodPrep          0.500   0.361   0.000   0.000   0.000   0.000
HealthService     0.500   1.000   1.000   0.543   0.674   0.536
Cleaning          0.500   0.480   0.341   0.274   0.143   0.132
PersonalService   0.500   0.622   0.928   1.000   1.000   0.000
FarmMgrs          0.500   0.399   0.531   0.425   0.326   0.358
FarmWork          0.500   0.148   0.000   0.000   0.000   0.000
Agriculture       0.500   0.431   0.294   0.193   0.073   0.000
Forest              NaN   0.500   0.643   0.577   0.435   0.515
Mechanics         0.500   0.414   0.539   0.272   0.249   0.169
Elec.Repairer     0.500   0.471   0.371   0.264   0.227   0.198
Misc.Repairer     0.500   0.457   0.419   0.451   0.413   0.409
Construction      0.500   0.456   0.526   0.474   0.443   0.393
Extractive        0.500   0.500   0.510   0.463   0.460   0.331
Supervisor(P)     0.500   0.422   0.427   0.430   0.421   0.444
MetalWork         0.500   0.513   0.627   0.570   0.561   0.578
WoodWork          0.500   0.500   0.191   0.287   0.203   0.000
Textiles          0.500   0.280   0.000   0.000   0.000   0.000
Other             0.500   0.355   0.254   0.304   1.000   1.000
Food              0.500   0.332   0.280   0.118   0.000   0.000
PlantOperator     0.500   0.304   0.432   0.478   0.505   0.780
MetalMach.        0.500   0.451   0.366   0.374   0.263   0.183
MetalProc.        0.500   0.425   0.326   0.388   0.322   0.245
WoodMach.         0.500   0.500   0.346   0.246   0.139   0.093
TextileMach.      0.500   0.525   0.522   0.450   0.383   0.402
PrintMach.        0.500   0.000   0.000   0.000   0.000   0.000
OtherMach.        0.500   0.471   0.426   0.420   0.288   0.310
Fabricators       0.500   0.438   0.331   0.239   0.156   0.160
Prod.Inspectors   0.500   0.536   0.531   0.613   0.661   0.754
MotorVehicle      0.500   0.463   0.604   0.525   0.480   0.440
OtherVehicle      0.500   0.000   0.000   0.000   0.000   0.000
Freight           0.500   0.346   0.069   0.005   0.000   0.000
 
============================================
SPLIT of tauhat into TauW and TauH (young), earnings weighted
 - For comparison with our 1960 assumption
============================================
 
                 1960      1970      1980      1990      2000      2010
-----------------------------------------------------------------------
White Men       0.000     0.000     0.000     0.000     0.000     0.000
White Women     0.501     0.502     0.562     0.635     0.655     0.621
Black Men       0.500     0.394     0.292     0.342     0.437     0.438
Black Women     0.424     0.469     0.523     0.450     0.497     0.515
-----------------------------------------------------------------------
///Mean///      0.493     0.484     0.522     0.577     0.610     0.585
  And the mean for all years is      0.545
The mean for yearsafter 1960 is      0.556
 
                 1960      1970      1980      1990      2000      2010
-----------------------------------------------------------------------
White Men       0.000     0.000     0.000     0.000     0.000     0.000
White Women     0.024     0.146     0.273     0.319     0.356     0.393
Black Men       0.014     0.283     0.308     0.360     0.404     0.428
Black Women     0.000     0.199     0.284     0.320     0.362     0.384
-----------------------------------------------------------------------
/// Std///      0.020     0.170     0.278     0.325     0.363     0.397
  And the std for all years is      0.259
The std for yearsafter 1960 is      0.307
SolveEqmBasic_Theta4                 05-Oct-2026 
 
'SolveEqmBasic' is a script from the file /workspace/output/replication/codebase/SolveEqmBasic.m

 SolveEqmBasic.m    

  Takes the TalentData.mat data on Taus, Z's, A(i,t).
  Solves for the equilibrium w(i) and Y

  See 2015-06-02-SolvingGE.pdf notes (old but somewhat useful?)

  Method: For each year,
    1. Guess values for {mgtilde}, Y ==> 5 unknowns
    2. Solve for {wi} from Hi^supply = Hi^demand
    3. Compute mghat, Yhat 
    4. Iterate until converge.


Additional help for built-in functions and operators is
available in the online version of the manual.  Use the command
'doc <topic>' to search the manual index.

Help and information about Octave is also available on the WWW
at https://www.octave.org and via the help@octave.org
mailing list.
 
=============================================================
KEY PARAMETER VALUES:    CaseName = Theta4
                   theta =  4.0000
                     eta =  0.1030
            theta*(1-eta)=  3.5880
                    dlta =  0.0000
                      mu =  0.2787
                   sigma =  3.0000
           EstimateDelta =  0.0000
           ConstrainTauH = -0.8000
PurgeWageGrowthSelection =     0
      AlphaSplitTauW1960 =  0.5000
   OccupationforWageHome = 23 Secretaries                               
   Alpha0FixedSplit =  0.5000
=============================================================
 
...... 
 
                                         Wages                          H(i,t)                 HYoung
 
                 Data60 Model60Data2010   Model      Data60   ModelData2010   Model      Data60   ModelData2010   Model
-----------------------------------------------------------------------------------------------------------------------
Home              12876   12862   18042   18168       0.587   0.597   0.573   0.568       0.215   0.225   0.143   0.146
Managers          15617   15684   23444   25252       0.171   0.171   0.354   0.286       0.033   0.033   0.058   0.071
MgmtRelated       13168   13153   21264   21269       0.049   0.050   0.173   0.175       0.015   0.016   0.040   0.041
Architects         6481    6470    9001    8694       0.003   0.003   0.008   0.009       0.001   0.001   0.002   0.002
Engineers         15884   15813   20714   19722       0.034   0.035   0.047   0.056       0.012   0.013   0.012   0.011
Math/CompSci       6356    6321   17289   17048       0.002   0.002   0.065   0.069       0.001   0.001   0.017   0.017
Science            9865    9828   12099   11736       0.010   0.010   0.025   0.027       0.004   0.004   0.007   0.007
Doctors           12038   12219   19608   21362       0.030   0.029   0.063   0.050       0.006   0.005   0.009   0.011
Nurses             7921    7909   14544   14846       0.025   0.025   0.075   0.072       0.008   0.008   0.020   0.022
Therapists         4157    4175   11166   11324       0.003   0.003   0.031   0.030       0.001   0.001   0.010   0.011
Professors         9346    9349   10348   10907       0.009   0.010   0.041   0.036       0.002   0.003   0.009   0.010
Teachers          10820   10807   14510   14619       0.053   0.054   0.143   0.142       0.017   0.018   0.042   0.045
Librarians         3347    3344    4580    4748       0.005   0.005   0.009   0.008       0.001   0.001   0.002   0.002
Soc.Scientists     7137    7112   10998   10987       0.004   0.004   0.025   0.025       0.001   0.002   0.006   0.007
SocialWork         6483    6493    8963    8813       0.018   0.018   0.044   0.046       0.005   0.006   0.013   0.013
Lawyers           12089   12178   23815   23902       0.014   0.014   0.046   0.046       0.004   0.003   0.010   0.009
Arts/Athletes     10421   10415   13518   12878       0.025   0.025   0.065   0.076       0.009   0.010   0.020   0.017
HealthTechs        4907    4905    9784    9545       0.015   0.015   0.055   0.060       0.005   0.005   0.016   0.016
Eng.Techs          9593    9523   10533    9748       0.016   0.017   0.027   0.034       0.008   0.009   0.007   0.006
ScienceTechs       7537    7491    6696    6120       0.010   0.011   0.008   0.010       0.005   0.005   0.002   0.002
OtherTechs         6634    6619   19541   18880       0.008   0.009   0.065   0.073       0.003   0.003   0.016   0.015
Sales             14455   14490   18631   18697       0.124   0.125   0.287   0.287       0.035   0.036   0.072   0.067
Secretaries        5090    5067    6558    6226       0.067   0.069   0.062   0.073       0.024   0.026   0.014   0.012
Info.Clerks        4822    4798    6122    5671       0.010   0.010   0.039   0.049       0.004   0.004   0.013   0.011
Records            6739    6727    5897    5732       0.013   0.013   0.019   0.021       0.003   0.004   0.006   0.005
FinancialClerk     6098    6078    6944    6610       0.038   0.039   0.053   0.062       0.012   0.012   0.012   0.011
OfficeMachine      5639    5600    3028    3090       0.013   0.013   0.007   0.006       0.006   0.006   0.001   0.001
ComputerTech       4268    4248    5256    4178       0.017   0.018   0.010   0.021       0.006   0.007   0.002   0.001
Mail               6996    6970    7113    6931       0.023   0.023   0.028   0.031       0.006   0.007   0.004   0.004
Clerks             7109    7085    9153    8835       0.030   0.031   0.064   0.072       0.010   0.011   0.018   0.017
Insurance          6310    6273   10102    9602       0.006   0.006   0.082   0.097       0.002   0.003   0.027   0.024
Misc.Admin        10038   10005    8118    7401       0.082   0.084   0.063   0.084       0.026   0.028   0.018   0.014
PrivateHshld       3519    3529    2830    2937       0.022   0.022   0.023   0.021       0.004   0.005   0.005   0.006
Firefighting       6068    6029   11645   11485       0.010   0.010   0.016   0.017       0.004   0.004   0.004   0.005
Police             7353    7303   14465   14333       0.016   0.017   0.050   0.052       0.006   0.007   0.013   0.013
Guards             4764    4760    7966    7826       0.012   0.012   0.027   0.029       0.003   0.003   0.009   0.008
FoodPrep           4921    4934    8419    7954       0.062   0.062   0.071   0.085       0.016   0.017   0.031   0.027
HealthService      3018    3014    6150    6162       0.022   0.023   0.079   0.079       0.007   0.008   0.026   0.027
Cleaning           3729    3734    7226    7452       0.027   0.027   0.053   0.049       0.005   0.005   0.011   0.012
PersonalService    5504    5541    7398    7221       0.052   0.052   0.069   0.076       0.015   0.015   0.023   0.020
FarmMgrs           5462    5551    7430    7625       0.088   0.085   0.024   0.023       0.020   0.017   0.005   0.004
FarmWork           3319    3372    5356    5136       0.041   0.039   0.018   0.021       0.015   0.014   0.007   0.006
Agriculture        3659    3663    6962    6888       0.008   0.008   0.037   0.039       0.002   0.003   0.012   0.011
Forest             3164    3187    5066    4888       0.010   0.010   0.008   0.010       0.003   0.003   0.002   0.002
Mechanics          7896    7879   11919   11303       0.038   0.039   0.060   0.071       0.013   0.014   0.015   0.013
Elec.Repairer      9001    8948   10514   10033       0.021   0.021   0.032   0.038       0.010   0.010   0.009   0.008
Misc.Repairer      9147    9128    9174    8809       0.052   0.054   0.030   0.034       0.016   0.017   0.007   0.006
Construction      10916   10917   14244   13602       0.075   0.076   0.130   0.152       0.023   0.024   0.036   0.031
Extractive         6400    6381    9391    9194       0.016   0.016   0.008   0.009       0.005   0.006   0.003   0.003
Supervisor(P)     10369   10362    9463    9416       0.058   0.059   0.035   0.036       0.012   0.013   0.006   0.006
MetalWork          9393    9365    7306    6466       0.040   0.041   0.018   0.026       0.012   0.013   0.003   0.002
WoodWork           3782    3773    3625    3322       0.005   0.005   0.004   0.006       0.001   0.002   0.001   0.001
Textiles           3867    3861    2734    2492       0.035   0.035   0.005   0.007       0.008   0.009   0.001   0.001
Other              5653    5644    6108    5909       0.011   0.011   0.019   0.021       0.003   0.004   0.007   0.007
Food               5727    5717    4986    4724       0.016   0.016   0.015   0.018       0.005   0.005   0.004   0.004
PlantOperator      8894    8866    8451    8027       0.016   0.016   0.012   0.014       0.004   0.005   0.002   0.002
MetalMach.         5936    5915    5007    4569       0.017   0.017   0.007   0.010       0.004   0.005   0.002   0.002
MetalProc.         3884    3875    3833    3307       0.006   0.007   0.004   0.006       0.002   0.002   0.001   0.001
WoodMach.          3135    3142    6154    5584       0.006   0.006   0.015   0.020       0.002   0.002   0.004   0.003
TextileMach.       7395    7368    5188    4453       0.016   0.017   0.011   0.017       0.005   0.006   0.002   0.001
PrintMach.         3851    3853    3819    3200       0.028   0.029   0.013   0.022       0.007   0.008   0.003   0.002
OtherMach.        10807   10785    9026    8404       0.150   0.153   0.050   0.062       0.048   0.051   0.013   0.011
Fabricators        7729    7707    8910    7996       0.046   0.047   0.040   0.056       0.014   0.015   0.011   0.008
Prod.Inspectors    6622    6604    8201    7708       0.028   0.028   0.024   0.029       0.008   0.008   0.006   0.005
MotorVehicle       9754    9758   10951   10943       0.080   0.081   0.100   0.102       0.028   0.029   0.020   0.020
OtherVehicle       8276    8265    9987    9743       0.033   0.034   0.022   0.024       0.009   0.010   0.006   0.005
Freight            8084    8083    8384    7884       0.078   0.079   0.052   0.063       0.027   0.028   0.016   0.014
 
 
1960 and 2010 quantities
White Men p(:,WM) for        Young Cohort                          Middle-Aged Cohort                      Old-Aged Cohort
 
                     Data60  Model60 Data2010Model2010      Data60  Model60 Data2010Model2010      Data60  Model60 Data2010Model2010
------------------------------------------------------------------------------------------------------------------------------------
Home                 0.0863   0.0859   0.1505   0.1629      0.0769   0.0769   0.1237   0.1658      0.1108   0.1108   0.1621   0.0876
Managers             0.0771   0.0784   0.0740   0.1048      0.1176   0.1176   0.1180   0.1010      0.1264   0.1264   0.1236   0.1047
MgmtRelated          0.0318   0.0317   0.0398   0.0419      0.0296   0.0296   0.0410   0.0440      0.0233   0.0233   0.0407   0.0406
Architects           0.0008   0.0008   0.0015   0.0013      0.0008   0.0008   0.0017   0.0025      0.0007   0.0007   0.0017   0.0022
Engineers            0.0298   0.0293   0.0185   0.0160      0.0251   0.0251   0.0186   0.0205      0.0154   0.0154   0.0219   0.0248
Math/CompSci         0.0008   0.0008   0.0240   0.0239      0.0004   0.0004   0.0236   0.0264      0.0002   0.0002   0.0175   0.0102
Science              0.0063   0.0062   0.0054   0.0050      0.0047   0.0047   0.0048   0.0071      0.0029   0.0029   0.0042   0.0048
Doctors              0.0083   0.0088   0.0058   0.0086      0.0102   0.0102   0.0095   0.0123      0.0082   0.0082   0.0103   0.0139
Nurses               0.0025   0.0025   0.0044   0.0051      0.0022   0.0022   0.0054   0.0035      0.0026   0.0026   0.0044   0.0030
Therapists           0.0004   0.0004   0.0028   0.0031      0.0003   0.0003   0.0033   0.0027      0.0004   0.0004   0.0023   0.0016
Professors           0.0033   0.0033   0.0070   0.0092      0.0033   0.0033   0.0068   0.0078      0.0026   0.0026   0.0062   0.0052
Teachers             0.0188   0.0187   0.0239   0.0259      0.0110   0.0110   0.0229   0.0207      0.0087   0.0087   0.0171   0.0148
Librarians           0.0002   0.0002   0.0004   0.0005      0.0002   0.0002   0.0006   0.0005      0.0002   0.0002   0.0005   0.0007
Soc.Scientists       0.0013   0.0013   0.0028   0.0029      0.0010   0.0010   0.0031   0.0016      0.0006   0.0006   0.0024   0.0031
SocialWork           0.0073   0.0073   0.0070   0.0069      0.0064   0.0064   0.0068   0.0056      0.0058   0.0058   0.0065   0.0060
Lawyers              0.0052   0.0054   0.0073   0.0078      0.0051   0.0051   0.0098   0.0101      0.0055   0.0055   0.0094   0.0112
Arts/Athletes        0.0127   0.0127   0.0180   0.0156      0.0096   0.0096   0.0162   0.0172      0.0070   0.0070   0.0125   0.0182
HealthTechs          0.0019   0.0019   0.0069   0.0066      0.0014   0.0014   0.0058   0.0045      0.0012   0.0012   0.0044   0.0042
Eng.Techs            0.0149   0.0145   0.0078   0.0060      0.0074   0.0074   0.0080   0.0070      0.0037   0.0037   0.0082   0.0139
ScienceTechs         0.0065   0.0064   0.0013   0.0009      0.0040   0.0040   0.0011   0.0008      0.0022   0.0022   0.0011   0.0023
OtherTechs           0.0033   0.0032   0.0197   0.0181      0.0029   0.0029   0.0200   0.0219      0.0016   0.0016   0.0172   0.0200
Sales                0.0767   0.0774   0.0889   0.0948      0.0748   0.0748   0.0912   0.0935      0.0669   0.0669   0.0896   0.1228
Secretaries          0.0019   0.0019   0.0024   0.0020      0.0013   0.0013   0.0017   0.0011      0.0014   0.0014   0.0016   0.0008
Info.Clerks          0.0016   0.0015   0.0035   0.0027      0.0015   0.0015   0.0020   0.0021      0.0009   0.0009   0.0019   0.0025
Records              0.0024   0.0024   0.0021   0.0019      0.0025   0.0025   0.0014   0.0013      0.0024   0.0024   0.0014   0.0014
FinancialClerk       0.0049   0.0049   0.0030   0.0026      0.0037   0.0037   0.0023   0.0022      0.0037   0.0037   0.0022   0.0027
OfficeMachine        0.0031   0.0030   0.0002   0.0003      0.0010   0.0010   0.0004   0.0012      0.0006   0.0006   0.0007   0.0003
ComputerTech         0.0007   0.0007   0.0010   0.0004      0.0005   0.0005   0.0009   0.0007      0.0004   0.0004   0.0010   0.0045
Mail                 0.0075   0.0074   0.0033   0.0031      0.0114   0.0114   0.0048   0.0037      0.0087   0.0087   0.0066   0.0070
Clerks               0.0144   0.0142   0.0210   0.0192      0.0131   0.0131   0.0171   0.0182      0.0132   0.0132   0.0165   0.0182
Insurance            0.0032   0.0031   0.0155   0.0133      0.0019   0.0019   0.0100   0.0145      0.0013   0.0013   0.0081   0.0052
Misc.Admin           0.0308   0.0304   0.0067   0.0049      0.0251   0.0251   0.0043   0.0037      0.0245   0.0245   0.0039   0.0075
PrivateHshld         0.0010   0.0010   0.0010   0.0012      0.0010   0.0010   0.0012   0.0008      0.0013   0.0013   0.0012   0.0010
Firefighting         0.0048   0.0047   0.0058   0.0058      0.0044   0.0044   0.0065   0.0050      0.0029   0.0029   0.0046   0.0044
Police               0.0103   0.0100   0.0181   0.0184      0.0079   0.0079   0.0226   0.0195      0.0060   0.0060   0.0144   0.0133
Guards               0.0026   0.0026   0.0084   0.0083      0.0036   0.0036   0.0062   0.0044      0.0062   0.0062   0.0059   0.0069
FoodPrep             0.0075   0.0076   0.0440   0.0369      0.0087   0.0087   0.0227   0.0189      0.0109   0.0109   0.0127   0.0165
HealthService        0.0017   0.0017   0.0056   0.0059      0.0014   0.0014   0.0038   0.0026      0.0016   0.0016   0.0034   0.0032
Cleaning             0.0032   0.0032   0.0132   0.0158      0.0053   0.0053   0.0160   0.0089      0.0099   0.0099   0.0207   0.0178
PersonalService      0.0073   0.0075   0.0081   0.0077      0.0055   0.0055   0.0068   0.0068      0.0078   0.0078   0.0059   0.0040
FarmMgrs             0.0331   0.0353   0.0045   0.0052      0.0465   0.0465   0.0054   0.0045      0.0606   0.0606   0.0080   0.0108
FarmWork             0.0152   0.0161   0.0090   0.0080      0.0114   0.0114   0.0066   0.0034      0.0128   0.0128   0.0050   0.0050
Agriculture          0.0018   0.0018   0.0183   0.0185      0.0018   0.0018   0.0157   0.0118      0.0024   0.0024   0.0120   0.0095
Forest               0.0025   0.0026   0.0017   0.0016      0.0025   0.0025   0.0023   0.0022      0.0028   0.0028   0.0022   0.0025
Mechanics            0.0243   0.0241   0.0291   0.0248      0.0221   0.0221   0.0317   0.0354      0.0188   0.0188   0.0350   0.0363
Elec.Repairer        0.0183   0.0178   0.0145   0.0127      0.0118   0.0118   0.0142   0.0155      0.0063   0.0063   0.0121   0.0111
Misc.Repairer        0.0308   0.0305   0.0097   0.0087      0.0339   0.0339   0.0113   0.0105      0.0341   0.0341   0.0136   0.0135
Construction         0.0507   0.0507   0.0910   0.0796      0.0542   0.0542   0.0892   0.0821      0.0512   0.0512   0.0801   0.0914
Extractive           0.0075   0.0074   0.0041   0.0040      0.0071   0.0071   0.0023   0.0008      0.0067   0.0067   0.0020   0.0020
Supervisor(P)        0.0216   0.0215   0.0064   0.0066      0.0343   0.0343   0.0107   0.0104      0.0366   0.0366   0.0121   0.0125
MetalWork            0.0219   0.0216   0.0039   0.0025      0.0253   0.0253   0.0055   0.0056      0.0222   0.0222   0.0071   0.0137
WoodWork             0.0013   0.0013   0.0007   0.0006      0.0016   0.0016   0.0008   0.0011      0.0015   0.0015   0.0010   0.0012
Textiles             0.0021   0.0020   0.0004   0.0003      0.0025   0.0025   0.0006   0.0005      0.0026   0.0026   0.0007   0.0015
Other                0.0035   0.0035   0.0027   0.0025      0.0034   0.0034   0.0020   0.0022      0.0028   0.0028   0.0018   0.0032
Food                 0.0060   0.0059   0.0038   0.0032      0.0056   0.0056   0.0030   0.0029      0.0069   0.0069   0.0029   0.0036
PlantOperator        0.0068   0.0068   0.0024   0.0020      0.0080   0.0080   0.0031   0.0022      0.0081   0.0081   0.0042   0.0057
MetalMach.           0.0049   0.0049   0.0017   0.0013      0.0062   0.0062   0.0017   0.0017      0.0067   0.0067   0.0019   0.0022
MetalProc.           0.0014   0.0013   0.0005   0.0003      0.0016   0.0016   0.0006   0.0010      0.0016   0.0016   0.0006   0.0013
WoodMach.            0.0016   0.0016   0.0041   0.0030      0.0014   0.0014   0.0042   0.0115      0.0016   0.0016   0.0046   0.0016
TextileMach.         0.0074   0.0073   0.0019   0.0011      0.0062   0.0062   0.0023   0.0025      0.0069   0.0069   0.0027   0.0057
PrintMach.           0.0032   0.0032   0.0016   0.0009      0.0035   0.0035   0.0016   0.0018      0.0037   0.0037   0.0014   0.0027
OtherMach.           0.0872   0.0864   0.0176   0.0139      0.0800   0.0800   0.0172   0.0164      0.0779   0.0779   0.0156   0.0207
Fabricators          0.0177   0.0175   0.0158   0.0108      0.0189   0.0189   0.0152   0.0130      0.0158   0.0158   0.0130   0.0205
Prod.Inspectors      0.0073   0.0072   0.0053   0.0043      0.0070   0.0070   0.0050   0.0053      0.0069   0.0069   0.0055   0.0058
MotorVehicle         0.0567   0.0568   0.0356   0.0374      0.0518   0.0518   0.0472   0.0430      0.0462   0.0462   0.0514   0.0486
OtherVehicle         0.0146   0.0145   0.0081   0.0077      0.0179   0.0179   0.0087   0.0065      0.0168   0.0168   0.0091   0.0085
Freight              0.0456   0.0456   0.0249   0.0205      0.0386   0.0386   0.0192   0.0134      0.0390   0.0390   0.0179   0.0262
 
 
1960 and 2010 quantities
White women p(:,WW) for      Young Cohort                          Middle-Aged Cohort                      Old-Aged Cohort
 
                     Data60  Model60 Data2010Model2010      Data60  Model60 Data2010Model2010      Data60  Model60 Data2010Model2010
------------------------------------------------------------------------------------------------------------------------------------
Home                 0.7388   0.7390   0.3087   0.3215      0.6698   0.6698   0.3235   0.3731      0.6238   0.6238   0.3149   0.3086
Managers             0.0068   0.0069   0.0587   0.0800      0.0145   0.0145   0.0722   0.0734      0.0217   0.0217   0.0727   0.0781
MgmtRelated          0.0033   0.0033   0.0467   0.0474      0.0046   0.0046   0.0509   0.0574      0.0058   0.0058   0.0525   0.0548
Architects           0.0000   0.0000   0.0008   0.0007      0.0000   0.0000   0.0005   0.0009      0.0000   0.0000   0.0004   0.0006
Engineers            0.0002   0.0002   0.0032   0.0026      0.0001   0.0001   0.0024   0.0030      0.0002   0.0002   0.0024   0.0036
Math/CompSci         0.0001   0.0001   0.0075   0.0072      0.0002   0.0002   0.0083   0.0105      0.0001   0.0001   0.0089   0.0063
Science              0.0003   0.0003   0.0046   0.0041      0.0003   0.0003   0.0029   0.0042      0.0002   0.0002   0.0021   0.0024
Doctors              0.0003   0.0003   0.0059   0.0084      0.0004   0.0004   0.0061   0.0073      0.0005   0.0005   0.0044   0.0056
Nurses               0.0109   0.0109   0.0328   0.0361      0.0107   0.0107   0.0322   0.0221      0.0118   0.0118   0.0346   0.0270
Therapists           0.0004   0.0004   0.0122   0.0130      0.0003   0.0003   0.0099   0.0093      0.0002   0.0002   0.0073   0.0057
Professors           0.0004   0.0004   0.0069   0.0086      0.0006   0.0006   0.0067   0.0072      0.0008   0.0008   0.0060   0.0043
Teachers             0.0167   0.0167   0.0772   0.0805      0.0171   0.0171   0.0731   0.0616      0.0310   0.0310   0.0637   0.0430
Librarians           0.0008   0.0008   0.0013   0.0015      0.0011   0.0011   0.0017   0.0013      0.0019   0.0019   0.0020   0.0015
Soc.Scientists       0.0003   0.0003   0.0051   0.0051      0.0003   0.0003   0.0043   0.0023      0.0003   0.0003   0.0031   0.0041
SocialWork           0.0015   0.0015   0.0119   0.0112      0.0017   0.0017   0.0103   0.0090      0.0025   0.0025   0.0089   0.0071
Lawyers              0.0001   0.0001   0.0062   0.0063      0.0001   0.0001   0.0058   0.0066      0.0001   0.0001   0.0043   0.0060
Arts/Athletes        0.0039   0.0039   0.0155   0.0129      0.0028   0.0028   0.0113   0.0138      0.0031   0.0031   0.0104   0.0161
HealthTechs          0.0035   0.0035   0.0178   0.0163      0.0037   0.0037   0.0170   0.0113      0.0055   0.0055   0.0160   0.0171
Eng.Techs            0.0005   0.0005   0.0024   0.0018      0.0006   0.0006   0.0017   0.0017      0.0003   0.0003   0.0021   0.0030
ScienceTechs         0.0006   0.0006   0.0007   0.0005      0.0006   0.0006   0.0005   0.0004      0.0003   0.0003   0.0006   0.0011
OtherTechs           0.0002   0.0002   0.0085   0.0075      0.0003   0.0003   0.0096   0.0111      0.0003   0.0003   0.0103   0.0115
Sales                0.0197   0.0199   0.0700   0.0719      0.0355   0.0355   0.0650   0.0687      0.0447   0.0447   0.0655   0.0867
Secretaries          0.0414   0.0408   0.0296   0.0244      0.0384   0.0384   0.0366   0.0222      0.0341   0.0341   0.0481   0.0474
Info.Clerks          0.0027   0.0027   0.0154   0.0115      0.0023   0.0023   0.0114   0.0119      0.0020   0.0020   0.0118   0.0145
Records              0.0019   0.0019   0.0050   0.0046      0.0025   0.0025   0.0051   0.0032      0.0028   0.0028   0.0063   0.0046
FinancialClerk       0.0149   0.0147   0.0145   0.0120      0.0178   0.0178   0.0197   0.0172      0.0176   0.0176   0.0237   0.0235
OfficeMachine        0.0049   0.0048   0.0003   0.0004      0.0039   0.0039   0.0004   0.0013      0.0032   0.0032   0.0006   0.0003
ComputerTech         0.0069   0.0068   0.0010   0.0004      0.0054   0.0054   0.0012   0.0009      0.0069   0.0069   0.0014   0.0070
Mail                 0.0003   0.0003   0.0012   0.0011      0.0007   0.0007   0.0024   0.0020      0.0007   0.0007   0.0040   0.0048
Clerks               0.0012   0.0012   0.0107   0.0094      0.0017   0.0017   0.0118   0.0108      0.0018   0.0018   0.0131   0.0128
Insurance            0.0001   0.0001   0.0275   0.0227      0.0002   0.0002   0.0226   0.0314      0.0002   0.0002   0.0219   0.0141
Misc.Admin           0.0296   0.0293   0.0220   0.0154      0.0337   0.0337   0.0198   0.0152      0.0350   0.0350   0.0232   0.0369
PrivateHshld         0.0022   0.0022   0.0076   0.0089      0.0042   0.0042   0.0108   0.0056      0.0080   0.0080   0.0105   0.0043
Firefighting         0.0000   0.0000   0.0003   0.0002      0.0000   0.0000   0.0003   0.0002      0.0000   0.0000   0.0002   0.0002
Police               0.0002   0.0002   0.0038   0.0037      0.0002   0.0002   0.0042   0.0033      0.0002   0.0002   0.0031   0.0022
Guards               0.0000   0.0000   0.0022   0.0021      0.0001   0.0001   0.0018   0.0012      0.0001   0.0001   0.0022   0.0017
FoodPrep             0.0163   0.0165   0.0416   0.0336      0.0229   0.0229   0.0266   0.0203      0.0244   0.0244   0.0242   0.0252
HealthService        0.0044   0.0044   0.0353   0.0360      0.0051   0.0051   0.0290   0.0189      0.0069   0.0069   0.0276   0.0181
Cleaning             0.0003   0.0003   0.0044   0.0050      0.0010   0.0010   0.0066   0.0027      0.0014   0.0014   0.0083   0.0053
PersonalService      0.0076   0.0079   0.0299   0.0275      0.0120   0.0120   0.0248   0.0303      0.0143   0.0143   0.0211   0.0217
FarmMgrs             0.0005   0.0005   0.0006   0.0007      0.0010   0.0010   0.0008   0.0005      0.0020   0.0020   0.0014   0.0014
FarmWork             0.0022   0.0023   0.0021   0.0018      0.0032   0.0032   0.0018   0.0009      0.0038   0.0038   0.0014   0.0011
Agriculture          0.0001   0.0001   0.0030   0.0029      0.0003   0.0003   0.0026   0.0018      0.0003   0.0003   0.0025   0.0021
Forest               0.0000   0.0000   0.0001   0.0001      0.0001   0.0001   0.0002   0.0001      0.0000   0.0000   0.0002   0.0001
Mechanics            0.0001   0.0001   0.0008   0.0007      0.0001   0.0001   0.0008   0.0010      0.0000   0.0000   0.0008   0.0009
Elec.Repairer        0.0002   0.0002   0.0008   0.0006      0.0001   0.0001   0.0008   0.0010      0.0001   0.0001   0.0009   0.0009
Misc.Repairer        0.0002   0.0002   0.0005   0.0005      0.0003   0.0003   0.0005   0.0006      0.0004   0.0004   0.0007   0.0009
Construction         0.0002   0.0002   0.0017   0.0014      0.0002   0.0002   0.0021   0.0021      0.0003   0.0003   0.0023   0.0024
Extractive           0.0000   0.0000   0.0001   0.0000      0.0000   0.0000   0.0001   0.0000      0.0000   0.0000   0.0001   0.0000
Supervisor(P)        0.0012   0.0013   0.0013   0.0013      0.0021   0.0021   0.0019   0.0022      0.0027   0.0027   0.0024   0.0024
MetalWork            0.0002   0.0002   0.0001   0.0001      0.0005   0.0005   0.0003   0.0003      0.0002   0.0002   0.0003   0.0007
WoodWork             0.0000   0.0000   0.0001   0.0000      0.0000   0.0000   0.0001   0.0001      0.0000   0.0000   0.0001   0.0001
Textiles             0.0085   0.0085   0.0003   0.0002      0.0121   0.0121   0.0004   0.0003      0.0160   0.0160   0.0007   0.0012
Other                0.0004   0.0004   0.0079   0.0070      0.0004   0.0004   0.0052   0.0049      0.0004   0.0004   0.0046   0.0020
Food                 0.0002   0.0002   0.0020   0.0016      0.0005   0.0005   0.0021   0.0014      0.0004   0.0004   0.0022   0.0014
PlantOperator        0.0001   0.0001   0.0001   0.0001      0.0001   0.0001   0.0002   0.0001      0.0001   0.0001   0.0002   0.0004
MetalMach.           0.0002   0.0002   0.0003   0.0002      0.0003   0.0003   0.0004   0.0004      0.0003   0.0003   0.0004   0.0004
MetalProc.           0.0000   0.0000   0.0001   0.0000      0.0000   0.0000   0.0001   0.0002      0.0000   0.0000   0.0002   0.0002
WoodMach.            0.0000   0.0000   0.0006   0.0004      0.0000   0.0000   0.0009   0.0030      0.0001   0.0001   0.0012   0.0002
TextileMach.         0.0003   0.0003   0.0004   0.0002      0.0004   0.0004   0.0006   0.0007      0.0004   0.0004   0.0007   0.0023
PrintMach.           0.0037   0.0038   0.0019   0.0009      0.0060   0.0060   0.0025   0.0022      0.0080   0.0080   0.0029   0.0063
OtherMach.           0.0261   0.0260   0.0045   0.0034      0.0375   0.0375   0.0059   0.0059      0.0345   0.0345   0.0066   0.0073
Fabricators          0.0054   0.0054   0.0032   0.0021      0.0082   0.0082   0.0042   0.0043      0.0062   0.0062   0.0051   0.0084
Prod.Inspectors      0.0041   0.0041   0.0023   0.0018      0.0068   0.0068   0.0027   0.0032      0.0066   0.0066   0.0034   0.0041
MotorVehicle         0.0004   0.0004   0.0030   0.0031      0.0007   0.0007   0.0053   0.0043      0.0005   0.0005   0.0073   0.0049
OtherVehicle         0.0001   0.0001   0.0002   0.0002      0.0002   0.0002   0.0002   0.0002      0.0002   0.0002   0.0002   0.0003
Freight              0.0014   0.0014   0.0052   0.0042      0.0016   0.0016   0.0064   0.0036      0.0018   0.0018   0.0067   0.0085
 
 
1980 and 2010 quantities (the 1960 ones fit by construction)
White Women p(:,WW) for      Young Cohort                          Middle-Aged Cohort                      Old-Aged Cohort
 
                     Data80  Model80 Data2010Model2010      Data80  Model80 Data2010Model2010      Data80  Model80 Data2010Model2010
------------------------------------------------------------------------------------------------------------------------------------
Home                 0.4606   0.4177   0.3087   0.3215      0.4763   0.6398   0.3235   0.3731      0.5097   0.7390   0.3149   0.3086
Managers             0.0341   0.0497   0.0587   0.0800      0.0377   0.0203   0.0722   0.0734      0.0356   0.0069   0.0727   0.0781
MgmtRelated          0.0264   0.0350   0.0467   0.0474      0.0221   0.0037   0.0509   0.0574      0.0200   0.0033   0.0525   0.0548
Architects           0.0003   0.0003   0.0008   0.0007      0.0001   0.0001   0.0005   0.0009      0.0001   0.0000   0.0004   0.0006
Engineers            0.0014   0.0013   0.0032   0.0026      0.0008   0.0002   0.0024   0.0030      0.0006   0.0002   0.0024   0.0036
Math/CompSci         0.0023   0.0025   0.0075   0.0072      0.0012   0.0010   0.0083   0.0105      0.0007   0.0001   0.0089   0.0063
Science              0.0015   0.0015   0.0046   0.0041      0.0008   0.0006   0.0029   0.0042      0.0005   0.0003   0.0021   0.0024
Doctors              0.0016   0.0023   0.0059   0.0084      0.0009   0.0008   0.0061   0.0073      0.0007   0.0003   0.0044   0.0056
Nurses               0.0226   0.0237   0.0328   0.0361      0.0183   0.0131   0.0322   0.0221      0.0169   0.0109   0.0346   0.0270
Therapists           0.0039   0.0035   0.0122   0.0130      0.0015   0.0010   0.0099   0.0093      0.0009   0.0004   0.0073   0.0057
Professors           0.0033   0.0046   0.0069   0.0086      0.0037   0.0030   0.0067   0.0072      0.0025   0.0004   0.0060   0.0043
Teachers             0.0512   0.0525   0.0772   0.0805      0.0432   0.0335   0.0731   0.0616      0.0318   0.0167   0.0637   0.0430
Librarians           0.0022   0.0027   0.0013   0.0015      0.0022   0.0014   0.0017   0.0013      0.0025   0.0008   0.0020   0.0015
Soc.Scientists       0.0020   0.0024   0.0051   0.0051      0.0013   0.0008   0.0043   0.0023      0.0008   0.0003   0.0031   0.0041
SocialWork           0.0064   0.0064   0.0119   0.0112      0.0045   0.0030   0.0103   0.0090      0.0037   0.0015   0.0089   0.0071
Lawyers              0.0024   0.0030   0.0062   0.0063      0.0009   0.0004   0.0058   0.0066      0.0005   0.0001   0.0043   0.0060
Arts/Athletes        0.0089   0.0096   0.0155   0.0129      0.0058   0.0033   0.0113   0.0138      0.0043   0.0039   0.0104   0.0161
HealthTechs          0.0143   0.0150   0.0178   0.0163      0.0094   0.0057   0.0170   0.0113      0.0073   0.0035   0.0160   0.0171
Eng.Techs            0.0028   0.0025   0.0024   0.0018      0.0019   0.0010   0.0017   0.0017      0.0015   0.0005   0.0021   0.0030
ScienceTechs         0.0009   0.0008   0.0007   0.0005      0.0005   0.0002   0.0005   0.0004      0.0006   0.0006   0.0006   0.0011
OtherTechs           0.0063   0.0079   0.0085   0.0075      0.0034   0.0015   0.0096   0.0111      0.0021   0.0002   0.0103   0.0115
Sales                0.0431   0.0534   0.0700   0.0719      0.0488   0.0248   0.0650   0.0687      0.0511   0.0199   0.0655   0.0867
Secretaries          0.0674   0.0659   0.0296   0.0244      0.0660   0.0587   0.0366   0.0222      0.0571   0.0408   0.0481   0.0474
Info.Clerks          0.0091   0.0109   0.0154   0.0115      0.0084   0.0052   0.0114   0.0119      0.0078   0.0027   0.0118   0.0145
Records              0.0086   0.0072   0.0050   0.0046      0.0075   0.0052   0.0051   0.0032      0.0078   0.0019   0.0063   0.0046
FinancialClerk       0.0265   0.0286   0.0145   0.0120      0.0284   0.0229   0.0197   0.0172      0.0303   0.0147   0.0237   0.0235
OfficeMachine        0.0004   0.0001   0.0003   0.0004      0.0004   0.0004   0.0004   0.0013      0.0004   0.0048   0.0006   0.0003
ComputerTech         0.0078   0.0091   0.0010   0.0004      0.0066   0.0043   0.0012   0.0009      0.0073   0.0068   0.0014   0.0070
Mail                 0.0022   0.0023   0.0012   0.0011      0.0022   0.0010   0.0024   0.0020      0.0023   0.0003   0.0040   0.0048
Clerks               0.0085   0.0095   0.0107   0.0094      0.0078   0.0028   0.0118   0.0108      0.0072   0.0012   0.0131   0.0128
Insurance            0.0060   0.0058   0.0275   0.0227      0.0041   0.0025   0.0226   0.0314      0.0031   0.0001   0.0219   0.0141
Misc.Admin           0.0336   0.0305   0.0220   0.0154      0.0330   0.0271   0.0198   0.0152      0.0317   0.0293   0.0232   0.0369
PrivateHshld         0.0034   0.0033   0.0076   0.0089      0.0051   0.0046   0.0108   0.0056      0.0064   0.0022   0.0105   0.0043
Firefighting         0.0001   0.0001   0.0003   0.0002      0.0000   0.0000   0.0003   0.0002      0.0000   0.0000   0.0002   0.0002
Police               0.0009   0.0009   0.0038   0.0037      0.0006   0.0003   0.0042   0.0033      0.0005   0.0002   0.0031   0.0022
Guards               0.0009   0.0013   0.0022   0.0021      0.0009   0.0002   0.0018   0.0012      0.0010   0.0000   0.0022   0.0017
FoodPrep             0.0206   0.0221   0.0416   0.0336      0.0240   0.0168   0.0266   0.0203      0.0262   0.0165   0.0242   0.0252
HealthService        0.0144   0.0170   0.0353   0.0360      0.0141   0.0085   0.0290   0.0189      0.0143   0.0044   0.0276   0.0181
Cleaning             0.0027   0.0041   0.0044   0.0050      0.0039   0.0008   0.0066   0.0027      0.0049   0.0003   0.0083   0.0053
PersonalService      0.0179   0.0185   0.0299   0.0275      0.0161   0.0158   0.0248   0.0303      0.0108   0.0079   0.0211   0.0217
FarmMgrs             0.0011   0.0015   0.0006   0.0007      0.0019   0.0007   0.0008   0.0005      0.0023   0.0005   0.0014   0.0014
FarmWork             0.0017   0.0013   0.0021   0.0018      0.0021   0.0011   0.0018   0.0009      0.0021   0.0023   0.0014   0.0011
Agriculture          0.0010   0.0011   0.0030   0.0029      0.0007   0.0003   0.0026   0.0018      0.0006   0.0001   0.0025   0.0021
Forest               0.0001   0.0001   0.0001   0.0001      0.0001   0.0000   0.0002   0.0001      0.0001   0.0000   0.0002   0.0001
Mechanics            0.0006   0.0007   0.0008   0.0007      0.0005   0.0004   0.0008   0.0010      0.0004   0.0001   0.0008   0.0009
Elec.Repairer        0.0010   0.0008   0.0008   0.0006      0.0007   0.0003   0.0008   0.0010      0.0006   0.0002   0.0009   0.0009
Misc.Repairer        0.0007   0.0005   0.0005   0.0005      0.0006   0.0005   0.0005   0.0006      0.0007   0.0002   0.0007   0.0009
Construction         0.0016   0.0018   0.0017   0.0014      0.0013   0.0009   0.0021   0.0021      0.0010   0.0002   0.0023   0.0024
Extractive           0.0001   0.0001   0.0001   0.0000      0.0001   0.0000   0.0001   0.0000      0.0000   0.0000   0.0001   0.0000
Supervisor(P)        0.0036   0.0048   0.0013   0.0013      0.0053   0.0019   0.0019   0.0022      0.0051   0.0013   0.0024   0.0024
MetalWork            0.0006   0.0006   0.0001   0.0001      0.0007   0.0003   0.0003   0.0003      0.0005   0.0002   0.0003   0.0007
WoodWork             0.0002   0.0002   0.0001   0.0000      0.0002   0.0001   0.0001   0.0001      0.0002   0.0000   0.0001   0.0001
Textiles             0.0011   0.0007   0.0003   0.0002      0.0017   0.0006   0.0004   0.0003      0.0021   0.0085   0.0007   0.0012
Other                0.0011   0.0012   0.0079   0.0070      0.0011   0.0003   0.0052   0.0049      0.0011   0.0004   0.0046   0.0020
Food                 0.0009   0.0008   0.0020   0.0016      0.0012   0.0005   0.0021   0.0014      0.0011   0.0002   0.0022   0.0014
PlantOperator        0.0002   0.0001   0.0001   0.0001      0.0002   0.0000   0.0002   0.0001      0.0001   0.0001   0.0002   0.0004
MetalMach.           0.0018   0.0016   0.0003   0.0002      0.0021   0.0020   0.0004   0.0004      0.0021   0.0002   0.0004   0.0004
MetalProc.           0.0007   0.0008   0.0001   0.0000      0.0008   0.0002   0.0001   0.0002      0.0008   0.0000   0.0002   0.0002
WoodMach.            0.0003   0.0003   0.0006   0.0004      0.0003   0.0001   0.0009   0.0030      0.0003   0.0000   0.0012   0.0002
TextileMach.         0.0017   0.0015   0.0004   0.0002      0.0015   0.0007   0.0006   0.0007      0.0013   0.0003   0.0007   0.0023
PrintMach.           0.0117   0.0106   0.0019   0.0009      0.0156   0.0199   0.0025   0.0022      0.0172   0.0038   0.0029   0.0063
OtherMach.           0.0105   0.0064   0.0045   0.0034      0.0125   0.0157   0.0059   0.0059      0.0122   0.0260   0.0066   0.0073
Fabricators          0.0108   0.0109   0.0032   0.0021      0.0128   0.0075   0.0042   0.0043      0.0126   0.0054   0.0051   0.0084
Prod.Inspectors      0.0048   0.0049   0.0023   0.0018      0.0064   0.0055   0.0027   0.0032      0.0078   0.0041   0.0034   0.0041
MotorVehicle         0.0034   0.0035   0.0030   0.0031      0.0046   0.0011   0.0053   0.0043      0.0032   0.0004   0.0073   0.0049
OtherVehicle         0.0007   0.0007   0.0002   0.0002      0.0007   0.0002   0.0002   0.0002      0.0007   0.0001   0.0002   0.0003
Freight              0.0086   0.0072   0.0052   0.0042      0.0100   0.0027   0.0064   0.0036      0.0103   0.0014   0.0067   0.0085
 
 
====================================================================== 
    PRODUCTION: w*H in data and model for various groups/cohorts
====================================================================== 
 
 
 
/// 1960 ///          Young                       Middle                      Old
 
               Data   Model       %        Data   Model       %        Data   Model       %
-------------------------------------------------------------------------------------------
White Men      4680    4857   103.8        5961    5965   100.1        5053    5058   100.1
White Women    3081    3209   104.2        3471    3468    99.9        2873    2871    99.9
Black Men       336     347   103.4         365     365   100.0         287     287   100.0
Black Women     324     366   112.8         287     287   100.0         189     189   100.0
 
Total income for the year:    Data = 26906  Model = 27269
 
 
/// 1970 ///          Young                       Middle                      Old
 
               Data   Model       %        Data   Model       %        Data   Model       %
-------------------------------------------------------------------------------------------
White Men      6175    6462   104.6        6976    6948    99.6        7073    7147   101.0
White Women    4083    4136   101.3        3920    4079   104.0        3914    3891    99.4
Black Men       493     504   102.3         476     479   100.8         416     413    99.4
Black Women     495     510   103.1         422     477   113.1         309     307    99.5
 
Total income for the year:    Data = 34751  Model = 35355
 
 
/// 1980 ///          Young                       Middle                      Old
 
               Data   Model       %        Data   Model       %        Data   Model       %
-------------------------------------------------------------------------------------------
White Men      7406    7646   103.2        6848    7112   103.9        6239    6370   102.1
White Women    4966    5159   103.9        4015    4167   103.8        3448    3527   102.3
Black Men       647     645    99.7         523     546   104.3         424     418    98.6
Black Women     649     655   101.0         490     520   106.2         361     398   110.3
 
Total income for the year:    Data = 36016  Model = 37164
 
 
/// 1990 ///          Young                       Middle                      Old
 
               Data   Model       %        Data   Model       %        Data   Model       %
-------------------------------------------------------------------------------------------
White Men      7301    7422   101.7        9089    8998    99.0        6946    7036   101.3
White Women    5539    5836   105.4        5826    6005   103.1        4075    4083   100.2
Black Men       682     694   101.8         726     764   105.1         527     543   102.9
Black Women     718     748   104.2         733     776   105.9         487     518   106.2
 
Total income for the year:    Data = 42650  Model = 43423
 
 
/// 2000 ///          Young                       Middle                      Old
 
               Data   Model       %        Data   Model       %        Data   Model       %
-------------------------------------------------------------------------------------------
White Men      6260    6163    98.4       10962   10563    96.4       10495    9970    95.0
White Women    5174    5322   102.9        8119    8984   110.7        7180    7599   105.8
Black Men       735     741   100.7        1080    1119   103.6         887     899   101.3
Black Women     781     810   103.6        1112    1230   110.6         920     970   105.4
 
Total income for the year:    Data = 53707  Model = 54369
 
 
/// 2010 ///          Young                       Middle                      Old
 
               Data   Model       %        Data   Model       %        Data   Model       %
-------------------------------------------------------------------------------------------
White Men      6122    5967    97.5        9054    8655    95.6       11755   11366    96.7
White Women    5486    5585   101.8        7075    7461   105.4        8950    9771   109.2
Black Men       729     721    98.9         964     990   102.7        1107    1170   105.7
Black Women     812     820   101.0        1031    1114   108.1        1171    1294   110.5
 
Total income for the year:    Data = 54257  Model = 54912
 
 
==================================================================================== 
    EARNINGS (Market): (1-tauw)*w*H in data and model for various groups/cohorts
==================================================================================== 
 
 
 
/// 1960 ///          Young                       Middle                      Old
 
               Data   Model       %        Data   Model       %        Data   Model       %
-------------------------------------------------------------------------------------------
White Men      4282    4448   103.9        5534    5539   100.1        4537    4542   100.1
White Women     827     872   105.4        1129    1128    99.9        1136    1135    99.9
Black Men       231     239   103.7         255     255   100.0         194     194   100.1
Black Women      92      98   106.5         100     100   100.1          67      67   100.2
 
Market income for the year:   Data = 18383  Model = 18617
 
 
/// 1970 ///          Young                       Middle                      Old
 
               Data   Model       %        Data   Model       %        Data   Model       %
-------------------------------------------------------------------------------------------
White Men      5610    5925   105.6        6467    6427    99.4        6406    6492   101.3
White Women    1381    1484   107.4        1471    1235    83.9        1713    1717   100.2
Black Men       375     387   103.1         369     372   100.9         314     313    99.6
Black Women     210     221   105.3         186     161    86.5         142     143   100.7
 
Market income for the year:   Data = 24645  Model = 24876
 
 
/// 1980 ///          Young                       Middle                      Old
 
               Data   Model       %        Data   Model       %        Data   Model       %
-------------------------------------------------------------------------------------------
White Men      6816    7148   104.9        6360    6540   102.8        5584    5908   105.8
White Women    2701    2994   110.9        1914    1636    85.5        1646    1156    70.3
Black Men       503     515   102.5         402     449   111.8         311     348   111.8
Black Women     391     418   106.7         272     268    98.5         188     156    82.8
 
Market income for the year:   Data = 27088  Model = 27536
 
 
/// 1990 ///          Young                       Middle                      Old
 
               Data   Model       %        Data   Model       %        Data   Model       %
-------------------------------------------------------------------------------------------
White Men      6709    6918   103.1        8458    8432    99.7        6235    6486   104.0
White Women    3593    3906   108.7        3737    3724    99.6        2408    1722    71.5
Black Men       530     555   104.6         579     642   110.9         394     475   120.5
Black Women     484     521   107.7         521     535   102.7         305     288    94.5
 
Market income for the year:   Data = 33953  Model = 34203
 
 
/// 2000 ///          Young                       Middle                      Old
 
               Data   Model       %        Data   Model       %        Data   Model       %
-------------------------------------------------------------------------------------------
White Men      5442    5273    96.9        9497    9545   100.5        8871    9081   102.4
White Women    3176    3106    97.8        4636    5533   119.3        4312    4185    97.1
Black Men       508     478    94.2         709     821   115.8         566     707   125.0
Black Women     504     486    96.4         671     777   115.8         527     601   114.1
 
Market income for the year:   Data = 39419  Model = 40594
 
 
/// 2010 ///          Young                       Middle                      Old
 
               Data   Model       %        Data   Model       %        Data   Model       %
-------------------------------------------------------------------------------------------
White Men      5320    5143    96.7        8212    7596    92.5       10088   10431   103.4
White Women    3605    3632   100.7        4517    4638   102.7        5594    6354   113.6
Black Men       521     499    95.8         772     698    90.4         792     926   117.0
Black Women     568     564    99.3         766     724    94.5         787     884   112.4
 
Market income for the year:   Data = 41541  Model = 42089
Error! GDP is not equal to labor income in SolveEqmBasic. Stopping...
  DIAG max|gdp1-wHincome| = 0.109427 ; per-year gdp1-wHincome = [0.009139 -5.833e-06 0.0008903 9.637e-06 0.1094 0.000259]
  DIAG gdp1 = [27269.3 35354.5 37164.2 43422.5 54369.2 54912.4]
 
 
GDP per person in data and model
 
        Year        Data       Model    ExitFlag
------------------------------------------------
        1960       26906       27269           1
        1970       34751       35355           1
        1980       36016       37164           1
        1990       42650       43423           1
        2000       53707       54369           1
        2010       54257       54912           1
 
 
GDP (mkt) per person in data and model
 
        Year        Data       Model
------------------------------------
        1960       16401       16601
        1970       22182       22137
        1980       24480       24371
        1990       31917       31586
        2000       36289       37445
        2010       39518       40189
 
 
GDP per worker (market) in data and model
 
        Year        Data       Model
------------------------------------
        1960       27401       27728
        1970       34898       35887
        1980       34863       36736
        1990       41799       43028
        2000       48584       49847
        2010       52056       53567
 
 
LFP in data and model
 
        Year        Data       Model
------------------------------------
        1960       0.599       0.599
        1970       0.636       0.617
        1980       0.702       0.663
        1990       0.764       0.734
        2000       0.747       0.751
        2010       0.759       0.750
 
 
Market Wage Gap in data and model
 
  Year      WWdata WWmodel      BMdata BMmodel      BWdata BWmodel
------------------------------------------------------------------
  1960       0.555   0.556       0.559   0.559       0.347   0.350
  1970       0.527   0.557       0.627   0.628       0.418   0.435
  1980       0.549   0.602       0.714   0.711       0.513   0.535
  1990       0.613   0.670       0.700   0.738       0.555   0.600
  2000       0.647   0.743       0.694   0.758       0.566   0.649
  2010       0.714   0.805       0.710   0.780       0.604   0.686
 
 
Earnings (market, after tauw) in data and model
 
        Year        Data       Model
------------------------------------
        1960       18383       18617
        1970       24645       24876
        1980       27088       27536
        1990       33953       34203
        2000       39419       40594
        2010       41541       42089
 
 
Earnings (market, after tauw) by Group in data and model
 
  Year      WMdata WMmodel      WWdata WWmodel      BMdata BMmodel      BWdata BWmodel
--------------------------------------------------------------------------------------
  1960       14352   14529        3093    3135         679     687         259     265
  1970       18483   18843        4566    4436        1058    1072         538     525
  1980       18760   19596        6261    5786        1216    1313         852     841
  1990       21402   21836        9738    9351        1503    1671        1310    1344
  2000       23810   23900       12124   12824        1783    2007        1701    1864
  2010       23619   23170       13716   14624        2085    2123        2121    2172
 
 
ConsumptionYoung (total) per young person in data and model (and Utility)
 
        Year        Data       Model     Utility
------------------------------------------------
        1960       29309       30560       35008
        1970       39029       40247       37209
        1980       36000       36882       30179
        1990       42547       43428       34189
        2000       51267       51159       49966
        2010       50723       50284       39627
 
 
EarningsYoung (market) per young person in data and model
 
        Year        Data       Model
------------------------------------
        1960       16290       16968
        1970       21968       23243
        1980       24391       25946
        1990       28486       29957
        2000       31605       30665
        2010       32063       31501
 
 
GDP (mkt) of only Young Cohorts...
 
  Year    Data   Model
----------------------
  1960   14383   14973
  1970   19688   20718
  1980   22127   23441
  1990   26967   28433
  2000   29276   28952
  2010   30455   30147
 
 
Share of growth accounted for by the Full Model:
 
                                      Share
-------------------------------------------
GDP per person                         99.8
GDP per person (mkt)                  100.5
GDP (mkt) per worker                  102.6
Labor Force Participation (LFP)        94.9
Earnings                              100.1
ConsumpYoung (total)                   90.8
EarningsYoung (market)                 91.4
GDPYoung (market)                      93.3
WageGapWW                             147.2
WageGapBM                             139.6
WageGapBW                             121.9
EarningsWM                             93.7
EarningsWW                            103.4
EarningsBM                            100.5
EarningsBW                            100.0
HowMuchPoorer_Theta4                 05-Oct-2026 
 
'HowMuchPoorer' is a script from the file /workspace/output/replication/codebase/HowMuchPoorer.m

 HowMuchPoorer.m

  Alternative approach to evaluating contribution of tau's etc.
 "Relative to 2010 in model solution, how much poorer would we be
  if ______ had occurred?"
   Ex: if tau's stayed at 1960 level?
       if tauw had not changed since 1960
       if tauh had not changed since 1960
       if only mean tau had changed since 1960, not dispersion
       if dispersion changed, but not the means

  That is, allow everything else to change as it did, other than ______
  "// Share //" row reports the contribution in terms of growth rates.



Additional help for built-in functions and operators is
available in the online version of the manual.  Use the command
'doc <topic>' to search the manual index.

Help and information about Octave is also available on the WWW
at https://www.octave.org and via the help@octave.org
mailing list.
 
=============================================================
KEY PARAMETER VALUES:    CaseName = Theta4
                   theta =  4.0000
                     eta =  0.1030
            theta*(1-eta)=  3.5880
                    dlta =  0.0000
                      mu =  0.2787
                   sigma =  3.0000
           EstimateDelta =  0.0000
           ConstrainTauH = -0.8000
PurgeWageGrowthSelection =     0
      AlphaSplitTauW1960 =  0.5000
   OccupationforWageHome = 23 Secretaries                               
   Alpha0FixedSplit =  0.5000
=============================================================
 
Concordance of short column titles and concepts:
  Y       GDP per person
  Ymkt    GDP (mkt) per person
  Ywkr    GDP (mkt) per worker
  LFP     Labor Force Participation (LFP)
  Earn    Earnings (market)
  Cons    ConsumpYoung (total)
  EarnY   EarningsYoung (market)
  gdpY    GDPYoung (market)
  GapWW   WageGapWW
  GapBM   WageGapBM
  GapBW   WageGapBW
  EarnWM  EarningsWM
  EarnWW  EarningsWW
  EarnBM  EarningsBM
  EarnBW  EarningsBW
  Util    Utility: CE-Welfare of Young
 
 
========================================================================
 How much poorer in 2010 with 1960 values of TauWTauH
========================================================================
...... 
                 Y    Ymkt    Ywkr     LFP    Earn    Cons   EarnY    gdpY   GapWW   GapBM   GapBW  EarnWM  EarnWW  EarnBM  EarnBW    Util
------------------------------------------------------------------------------------------------------------------------------------------
-- 1960 --   27269   16601   27728   0.599   18617   30560   16968   14973   0.556   0.559   0.350   14529    3135     687     265   35008
2010(alt)    46462   30234   49093   0.616   33282   42639   24631   22319   0.511   0.550   0.449   25780    5151    1529     822   32973
-- 2010 --   54912   40189   53567   0.750   42089   50284   31501   30147   0.805   0.780   0.686   23170   14624    2123    2172   39627
Growth(alt)  0.0107  0.0120  0.0114  0.0006  0.0116  0.0067  0.0075  0.0080 -0.0017 -0.0003  0.0050  0.0115  0.0099  0.0160  0.0226 -0.0012
Growth(tru)  0.0140  0.0177  0.0132  0.0045  0.0163  0.0100  0.0124  0.0140  0.0074  0.0067  0.0135  0.0093  0.0308  0.0226  0.0421  0.0025
Difference   0.0033  0.0057  0.0017  0.0039  0.0047  0.0033  0.0049  0.0060  0.0091  0.0070  0.0085 -0.0021  0.0209  0.0066  0.0194  0.0037
// Share //    23.9    32.2    13.2    87.5    28.8    33.1    39.8    43.0   122.9   104.8    62.9   -22.9    67.8    29.1    46.2   148.3
 
 
 
 
========================================================================
 How much poorer in 2010 with 1960 values of TauH
========================================================================
...... 
                 Y    Ymkt    Ywkr     LFP    Earn    Cons   EarnY    gdpY   GapWW   GapBM   GapBW  EarnWM  EarnWW  EarnBM  EarnBW    Util
------------------------------------------------------------------------------------------------------------------------------------------
-- 1960 --   27269   16601   27728   0.599   18617   30560   16968   14973   0.556   0.559   0.350   14529    3135     687     265   35008
2010(alt)    46801   32154   45449   0.707   37774   45655   28016   23560   0.573   0.733   0.542   25097    8340    2512    1825   36332
-- 2010 --   54912   40189   53567   0.750   42089   50284   31501   30147   0.805   0.780   0.686   23170   14624    2123    2172   39627
Growth(alt)  0.0108  0.0132  0.0099  0.0033  0.0142  0.0080  0.0100  0.0091  0.0006  0.0054  0.0088  0.0109  0.0196  0.0259  0.0386  0.0007
Growth(tru)  0.0140  0.0177  0.0132  0.0045  0.0163  0.0100  0.0124  0.0140  0.0074  0.0067  0.0135  0.0093  0.0308  0.0226  0.0421  0.0025
Difference   0.0032  0.0045  0.0033  0.0012  0.0022  0.0019  0.0023  0.0049  0.0068  0.0013  0.0047 -0.0016  0.0112 -0.0034  0.0035  0.0017
// Share //    22.8    25.2    25.0    26.0    13.3    19.4    18.9    35.2    91.9    18.9    34.9   -17.1    36.5   -14.9     8.3    70.0
 
 
 
 
========================================================================
 How much poorer in 2010 with 1960 values of TauW
========================================================================
...... 
                 Y    Ymkt    Ywkr     LFP    Earn    Cons   EarnY    gdpY   GapWW   GapBM   GapBW  EarnWM  EarnWW  EarnBM  EarnBW    Util
------------------------------------------------------------------------------------------------------------------------------------------
-- 1960 --   27269   16601   27728   0.599   18617   30560   16968   14973   0.556   0.559   0.350   14529    3135     687     265   35008
2010(alt)    53818   37777   55316   0.683   36986   46414   27825   28688   0.709   0.640   0.586   23910   10490    1329    1256   36302
-- 2010 --   54912   40189   53567   0.750   42089   50284   31501   30147   0.805   0.780   0.686   23170   14624    2123    2172   39627
Growth(alt)  0.0136  0.0164  0.0138  0.0026  0.0137  0.0084  0.0099  0.0130  0.0049  0.0027  0.0103  0.0100  0.0242  0.0132  0.0311  0.0007
Growth(tru)  0.0140  0.0177  0.0132  0.0045  0.0163  0.0100  0.0124  0.0140  0.0074  0.0067  0.0135  0.0093  0.0308  0.0226  0.0421  0.0025
Difference   0.0004  0.0012 -0.0006  0.0019  0.0026  0.0016  0.0025  0.0010  0.0025  0.0039  0.0032 -0.0006  0.0066  0.0094  0.0109  0.0018
// Share //     2.9     7.0    -4.9    41.7    15.8    16.1    20.1     7.1    34.3    59.3    23.4    -6.7    21.6    41.5    26.0    70.7
 
 
 
 
========================================================================
 How much poorer in 2010 with 1960 values of Both+Z
========================================================================
...... 
                 Y    Ymkt    Ywkr     LFP    Earn    Cons   EarnY    gdpY   GapWW   GapBM   GapBW  EarnWM  EarnWW  EarnBM  EarnBW    Util
------------------------------------------------------------------------------------------------------------------------------------------
-- 1960 --   27269   16601   27728   0.599   18617   30560   16968   14973   0.556   0.559   0.350   14529    3135     687     265   35008
2010(alt)    47996   32534   49693   0.655   34999   43743   26607   24706   0.508   0.530   0.397   26728    5487    1878     906   38991
-- 2010 --   54912   40189   53567   0.750   42089   50284   31501   30147   0.805   0.780   0.686   23170   14624    2123    2172   39627
Growth(alt)  0.0113  0.0135  0.0117  0.0018  0.0126  0.0072  0.0090  0.0100 -0.0018 -0.0011  0.0025  0.0122  0.0112  0.0201  0.0246  0.0022
Growth(tru)  0.0140  0.0177  0.0132  0.0045  0.0163  0.0100  0.0124  0.0140  0.0074  0.0067  0.0135  0.0093  0.0308  0.0226  0.0421  0.0025
Difference   0.0027  0.0042  0.0015  0.0027  0.0037  0.0028  0.0034  0.0040  0.0092  0.0077  0.0109 -0.0029  0.0196  0.0024  0.0175  0.0003
// Share //    19.2    23.9    11.4    60.4    22.6    28.0    27.3    28.4   124.5   116.1    81.2   -30.6    63.7    10.9    41.6    13.1
 
 
 
 
========================================================================
 How much poorer in 2010 with 1960 values of MeansOnly
========================================================================
...... 
                 Y    Ymkt    Ywkr     LFP    Earn    Cons   EarnY    gdpY   GapWW   GapBM   GapBW  EarnWM  EarnWW  EarnBM  EarnBW    Util
------------------------------------------------------------------------------------------------------------------------------------------
-- 1960 --   27269   16601   27728   0.599   18617   30560   16968   14973   0.556   0.559   0.350   14529    3135     687     265   35008
2010(alt)    46676   29758   51779   0.575   31673   41562   23373   22084   0.545   0.573   0.455   25440    4450    1206     577   31922
-- 2010 --   54912   40189   53567   0.750   42089   50284   31501   30147   0.805   0.780   0.686   23170   14624    2123    2172   39627
Growth(alt)  0.0107  0.0117  0.0125 -0.0008  0.0106  0.0061  0.0064  0.0078 -0.0004  0.0005  0.0053  0.0112  0.0070  0.0112  0.0155 -0.0018
Growth(tru)  0.0140  0.0177  0.0132  0.0045  0.0163  0.0100  0.0124  0.0140  0.0074  0.0067  0.0135  0.0093  0.0308  0.0226  0.0421  0.0025
Difference   0.0032  0.0060  0.0007  0.0053  0.0057  0.0038  0.0060  0.0062  0.0078  0.0062  0.0082 -0.0019  0.0238  0.0113  0.0265  0.0043
// Share //    23.2    34.0     5.2   118.1    34.9    38.3    48.2    44.5   105.5    92.9    60.8   -20.0    77.3    50.1    63.0   174.4
 
 
 
 
========================================================================
 How much poorer in 2010 with 1960 values of DispersionOnly
========================================================================
...... 
                 Y    Ymkt    Ywkr     LFP    Earn    Cons   EarnY    gdpY   GapWW   GapBM   GapBW  EarnWM  EarnWW  EarnBM  EarnBW    Util
------------------------------------------------------------------------------------------------------------------------------------------
-- 1960 --   27269   16601   27728   0.599   18617   30560   16968   14973   0.556   0.559   0.350   14529    3135     687     265   35008
2010(alt)    52650   38659   50187   0.770   43404   50905   32343   28605   0.740   0.752   0.700   23931   14365    2502    2607   40481
-- 2010 --   54912   40189   53567   0.750   42089   50284   31501   30147   0.805   0.780   0.686   23170   14624    2123    2172   39627
Growth(alt)  0.0132  0.0169  0.0119  0.0050  0.0169  0.0102  0.0129  0.0129  0.0057  0.0059  0.0139  0.0100  0.0304  0.0258  0.0457  0.0029
Growth(tru)  0.0140  0.0177  0.0132  0.0045  0.0163  0.0100  0.0124  0.0140  0.0074  0.0067  0.0135  0.0093  0.0308  0.0226  0.0421  0.0025
Difference   0.0008  0.0008  0.0013 -0.0005 -0.0006 -0.0002 -0.0005  0.0010  0.0017  0.0007 -0.0004 -0.0006  0.0004 -0.0033 -0.0036 -0.0004
// Share //     6.0     4.4     9.9   -11.7    -3.8    -2.5    -4.3     7.5    22.7    10.9    -3.0    -6.9     1.2   -14.6    -8.7   -17.2
 
 
