EstimateTauZ_Benchmark                 05-Oct-2026 
 
'EstimateTauZ' is a script from the file /workspace/eval/followup/001-living-update/workspace/cases/R3_2024/EstimateTauZ.m

 %%%%%%%%%%%%%%%%%%%%%%%%%%%%%%%%%%%%%%%%%%%%%%%%%%%%%%%%%%%%%
   EstimateTauZ.m   

   Main program to estimate TauW, TauH, and Z
   See the Note on Estimation for more information on how this program works.
     
 %%%%%%%%%%%%%%%%%%%%%%%%%%%%%%%%%%%%%%%%%%%%%%%%%%%%%%%%%%%%%


Additional help for built-in functions and operators is
available in the online version of the manual.  Use the command
'doc <topic>' to search the manual index.

Help and information about Octave is also available on the WWW
at https://www.octave.org and via the help@octave.org
mailing list.
 
=============================================================
KEY PARAMETER VALUES:    CaseName = Benchmark
                   theta =  2.0000
                     eta =  0.1030
            theta*(1-eta)=  1.7940
                    dlta =  0.0000
                      mu =  0.5574
                   sigma =  3.0000
           EstimateDelta =  0.0000
           ConstrainTauH = -0.8000
PurgeWageGrowthSelection =     0
      AlphaSplitTauW1960 =  0.5000
   OccupationforWageHome = 23 Secretaries                               
   Alpha0FixedSplit =  0.5000
=============================================================
 
 
 
-------------------------------------------------------------
Estimating w and Z from YWM:   1960
-------------------------------------------------------------
 
                                                 s     phi         w     zWM
----------------------------------------------------------------------------
Home                                         0.496   1.273    8041.7   1.000
Executives, Administrative, and Managerial   0.525   1.431    9481.5   0.915
Management Related                           0.596   1.911    6409.6   1.090
Architects                                   0.691   2.900    1246.8   1.282
Engineers                                    0.627   2.178    7606.9   1.030
Math and Computer Science                    0.654   2.448    1244.4   1.149
Natural Science                              0.658   2.489    3204.6   1.226
Doctors                                      0.751   3.907    4183.3   1.614
Health Assessment                            0.667   2.587    2036.2   1.251
Therapists                                   0.695   2.956     687.8   1.633
Professors                                   0.819   5.850    2576.5   2.346
Teachers          Non-Postsecondary          0.694   2.937    4613.8   1.613
Librarians  and Curators                     0.715   3.247     447.4   1.771
Social Scientists and Urban Planners         0.703   3.057    1560.8   1.373
Social Work                                  0.700   3.025    2181.9   2.044
Lawyers       and Judges                     0.755   3.986    3743.3   1.498
Arts and Athletes                            0.610   2.023    4029.9   1.142
Health Technicians                           0.524   1.426    1175.0   1.088
Engineering Technicians                      0.514   1.369    3863.8   0.941
Science Technicians                          0.521   1.408    2467.0   0.986
Technicians, Other                           0.542   1.531    1828.2   1.011
Sales, all                                   0.532   1.470    8764.6   0.989
Secretaries                                  0.520   1.402    1227.1   1.050
Info. Clerks                                 0.503   1.310    1103.9   1.004
Records Processing, Non-Financial            0.616   2.077    1724.3   1.186
Financial Records Processing                 0.525   1.430    1861.5   1.112
Office Machine Operator                      0.500   1.296    1534.0   1.008
Computer/Communications Equip. Operator      0.469   1.143     812.0   0.871
Mail Distribution                            0.489   1.239    2369.8   0.980
Scheduling and Distributing Clerks           0.441   1.023    2835.3   0.967
Adjusters and Investigators                  0.574   1.746    1725.7   1.151
Misc. Admin Support                          0.512   1.360    4845.3   1.040
Private Household Occupations                0.418   0.929     724.7   0.939
Firefighting                                 0.458   1.094    1837.9   0.923
Police                                       0.474   1.166    2696.0   0.963
Guards                                       0.446   1.043    1241.8   0.960
Food Prep    and Service                     0.418   0.930    1670.2   1.068
Health Service                               0.439   1.011     710.3   1.238
Cleaning and Building Service                0.403   0.875    1022.3   1.080
Personal Service                             0.438   1.010    1851.8   1.025
Farm Managers                                0.434   0.992    2684.8   1.366
Farm Work                                    0.338   0.660    1342.2   1.353
Related Agriculture                          0.401   0.867     871.4   0.977
Forest, Logging, Fishers and Hunter          0.379   0.790     819.0   1.102
Mechanics                                    0.418   0.929    3591.0   0.928
Elec. Repairer                               0.465   1.126    3813.7   0.899
Misc. Repairer                               0.432   0.985    4414.3   0.900
Construction Trade                           0.428   0.970    5967.4   0.856
Extractive                                   0.402   0.872    2172.0   0.837
Supervisor(P)                                0.462   1.113    4580.5   0.826
Precision Metal                              0.434   0.992    4162.6   0.829
Precision Wood                               0.416   0.922     833.6   0.932
Precision, Textile                           0.385   0.809     949.7   0.919
Precision, Other                             0.434   0.992    1582.8   0.861
Precision, Food                              0.420   0.938    1834.1   0.913
Plant Operator                               0.533   1.478    2947.2   0.906
Metal and Plastic Machine Operator           0.399   0.860    1812.6   0.811
Metal and Plastic Processing Operator        0.408   0.893     858.7   0.897
Woodworking Machine Operator                 0.372   0.766     717.7   0.992
Textile Machine Operator                     0.453   1.072    2499.5   0.851
Print Machine Operator                       0.387   0.817    1055.6   1.010
Machine Operator, Other                      0.405   0.879    6765.9   0.901
Fabricators                                  0.409   0.897    3249.1   0.869
Production Inspectors                        0.444   1.034    2231.8   0.903
Motor Vehicle Operator                       0.405   0.880    5485.2   0.898
Non Motor Vehicle Operator                   0.422   0.946    3312.8   0.820
Freight, Stock, Material Handler             0.395   0.845    4304.4   0.971

  MWM = 191972661.909
 
 
-------------------------------------------------------------
Estimating w and Z from YWM:   1970
-------------------------------------------------------------
 
                                                 s     phi         w     zWM
----------------------------------------------------------------------------
Home                                         0.555   1.614   10571.7   1.000
Executives, Administrative, and Managerial   0.557   1.627   13410.6   0.846
Management Related                           0.598   1.928    6442.6   0.935
Architects                                   0.725   3.421    1839.2   1.266
Engineers                                    0.640   2.302    8954.7   0.950
Math and Computer Science                    0.628   2.188    3842.8   0.943
Natural Science                              0.667   2.590    3755.0   1.125
Doctors                                      0.759   4.084    5972.9   1.247
Health Assessment                            0.686   2.833    2474.4   1.163
Therapists                                   0.669   2.616    1147.2   1.271
Professors                                   0.814   5.679    4863.5   2.017
Teachers          Non-Postsecondary          0.715   3.245    6932.4   1.457
Librarians  and Curators                     0.720   3.328     906.4   1.511
Social Scientists and Urban Planners         0.698   2.987    2908.0   1.139
Social Work                                  0.688   2.857    2792.5   1.581
Lawyers       and Judges                     0.763   4.174    5660.3   1.257
Arts and Athletes                            0.598   1.922    4462.7   0.977
Health Technicians                           0.597   1.918    1679.3   1.063
Engineering Technicians                      0.528   1.446    5252.9   0.873
Science Technicians                          0.583   1.812    1679.9   1.018
Technicians, Other                           0.586   1.834    4410.6   0.897
Sales, all                                   0.543   1.537   10317.8   0.864
Secretaries                                  0.536   1.495    1507.6   0.959
Info. Clerks                                 0.536   1.497    1703.4   0.932
Records Processing, Non-Financial            0.611   2.029    3325.5   0.990
Financial Records Processing                 0.533   1.478    2705.5   0.952
Office Machine Operator                      0.502   1.304     888.8   0.993
Computer/Communications Equip. Operator      0.509   1.341    2020.7   0.866
Mail Distribution                            0.501   1.299    2330.0   0.922
Scheduling and Distributing Clerks           0.483   1.209    3936.8   0.888
Adjusters and Investigators                  0.573   1.736    3219.1   0.959
Misc. Admin Support                          0.528   1.446    3883.6   0.925
Private Household Occupations                0.431   0.982     906.5   0.928
Firefighting                                 0.483   1.209    2521.5   0.796
Police                                       0.499   1.288    3973.7   0.827
Guards                                       0.493   1.258    1527.4   0.928
Food Prep    and Service                     0.455   1.079    2021.9   0.982
Health Service                               0.520   1.401     911.2   1.181
Cleaning and Building Service                0.436   1.001    2116.8   0.931
Personal Service                             0.439   1.015    2583.8   0.876
Farm Managers                                0.475   1.173    3016.6   1.048
Farm Work                                    0.399   0.861    1525.0   1.143
Related Agriculture                          0.431   0.979    1392.5   0.918
Forest, Logging, Fishers and Hunter          0.444   1.035    1028.5   0.975
Mechanics                                    0.444   1.034    5731.9   0.813
Elec. Repairer                               0.481   1.199    4521.4   0.819
Misc. Repairer                               0.444   1.035    4582.8   0.790
Construction Trade                           0.451   1.062    8068.3   0.784
Extractive                                   0.429   0.972    1673.3   0.804
Supervisor(P)                                0.484   1.215    6079.0   0.767
Precision Metal                              0.465   1.127    4400.8   0.773
Precision Wood                               0.439   1.012     961.5   0.875
Precision, Textile                           0.405   0.880    1087.9   0.865
Precision, Other                             0.479   1.189    1275.2   0.808
Precision, Food                              0.443   1.030    2319.0   0.827
Plant Operator                               0.475   1.171    1711.6   0.782
Metal and Plastic Machine Operator           0.443   1.030    3590.7   0.804
Metal and Plastic Processing Operator        0.417   0.925    1268.4   0.769
Woodworking Machine Operator                 0.397   0.851     823.0   0.910
Textile Machine Operator                     0.472   1.156    2884.4   0.788
Print Machine Operator                       0.409   0.896    1810.8   0.911
Machine Operator, Other                      0.433   0.989    6526.1   0.827
Fabricators                                  0.440   1.015    4204.6   0.825
Production Inspectors                        0.482   1.205    3041.1   0.861
Motor Vehicle Operator                       0.437   1.006    6172.4   0.820
Non Motor Vehicle Operator                   0.439   1.014    3645.0   0.775
Freight, Stock, Material Handler             0.440   1.019    4327.2   0.909

  MWM = 188303047.701
 
 
-------------------------------------------------------------
Estimating w and Z from YWM:   1980
-------------------------------------------------------------
 
                                                 s     phi         w     zWM
----------------------------------------------------------------------------
Home                                         0.565   1.684    9095.5   1.000
Executives, Administrative, and Managerial   0.602   1.962   12547.6   0.854
Management Related                           0.631   2.210    8174.6   0.951
Architects                                   0.703   3.064    2006.7   1.216
Engineers                                    0.648   2.388    7704.6   0.889
Math and Computer Science                    0.652   2.420    3713.9   0.908
Natural Science                              0.702   3.046    3236.7   1.207
Doctors                                      0.758   4.060    6586.0   1.097
Health Assessment                            0.712   3.193    2766.6   1.214
Therapists                                   0.635   2.255    1673.4   1.106
Professors                                   0.811   5.545    3033.7   2.063
Teachers          Non-Postsecondary          0.709   3.156    5830.4   1.434
Librarians  and Curators                     0.724   3.400     901.5   1.586
Social Scientists and Urban Planners         0.727   3.442    2750.8   1.229
Social Work                                  0.690   2.876    2708.4   1.520
Lawyers       and Judges                     0.769   4.300    6267.9   1.251
Arts and Athletes                            0.633   2.235    4032.2   1.133
Health Technicians                           0.621   2.125    1969.9   1.112
Engineering Technicians                      0.558   1.636    4496.1   0.873
Science Technicians                          0.584   1.815    1767.7   0.927
Technicians, Other                           0.631   2.213    4768.1   0.988
Sales, all                                   0.577   1.765   10633.7   0.879
Secretaries                                  0.594   1.898     977.4   1.072
Info. Clerks                                 0.604   1.976    1466.2   1.048
Records Processing, Non-Financial            0.568   1.701    1692.6   0.998
Financial Records Processing                 0.586   1.832    2037.1   0.995
Office Machine Operator                      0.534   1.484     415.4   1.021
Computer/Communications Equip. Operator      0.559   1.643    2608.3   0.856
Mail Distribution                            0.535   1.491    2905.7   0.807
Scheduling and Distributing Clerks           0.525   1.428    4073.7   0.878
Adjusters and Investigators                  0.608   2.009    2261.5   1.007
Misc. Admin Support                          0.589   1.855    2790.5   1.025
Private Household Occupations                0.469   1.144     694.9   1.037
Firefighting                                 0.529   1.453    2502.4   0.797
Police                                       0.556   1.621    4271.5   0.844
Guards                                       0.537   1.504    1952.0   0.962
Food Prep    and Service                     0.520   1.401    2256.6   1.152
Health Service                               0.575   1.752    1328.2   1.188
Cleaning and Building Service                0.488   1.233    2851.4   0.948
Personal Service                             0.559   1.641    1765.3   1.075
Farm Managers                                0.526   1.439    2914.6   1.033
Farm Work                                    0.437   1.006    1704.1   0.989
Related Agriculture                          0.494   1.263    1551.3   1.005
Forest, Logging, Fishers and Hunter          0.489   1.240    1370.2   0.890
Mechanics                                    0.482   1.202    5858.3   0.791
Elec. Repairer                               0.509   1.344    4320.7   0.745
Misc. Repairer                               0.495   1.267    3676.7   0.770
Construction Trade                           0.495   1.271    9142.1   0.785
Extractive                                   0.468   1.138    2309.3   0.676
Supervisor(P)                                0.525   1.433    5940.7   0.750
Precision Metal                              0.490   1.243    4020.1   0.744
Precision Wood                               0.502   1.307     926.3   0.999
Precision, Textile                           0.448   1.049     746.6   0.919
Precision, Other                             0.504   1.316    1527.3   0.864
Precision, Food                              0.473   1.164    2029.8   0.769
Plant Operator                               0.520   1.401    2193.8   0.759
Metal and Plastic Machine Operator           0.469   1.142    2938.3   0.753
Metal and Plastic Processing Operator        0.463   1.116    1424.2   0.772
Woodworking Machine Operator                 0.465   1.124     993.7   0.908
Textile Machine Operator                     0.504   1.316    2150.4   0.811
Print Machine Operator                       0.435   0.996    1189.5   0.916
Machine Operator, Other                      0.472   1.155    5347.0   0.776
Fabricators                                  0.469   1.145    4710.8   0.779
Production Inspectors                        0.503   1.309    2726.8   0.784
Motor Vehicle Operator                       0.478   1.187    6558.5   0.777
Non Motor Vehicle Operator                   0.483   1.207    4371.0   0.708
Freight, Stock, Material Handler             0.478   1.183    4518.6   0.853

  MWM = 135083773.478
 
 
-------------------------------------------------------------
Estimating w and Z from YWM:   1990
-------------------------------------------------------------
 
                                                 s     phi         w     zWM
----------------------------------------------------------------------------
Home                                         0.555   1.611    9247.8   1.000
Executives, Administrative, and Managerial   0.582   1.800   13054.3   0.760
Management Related                           0.620   2.108    8566.9   0.860
Architects                                   0.649   2.398    2217.2   0.929
Engineers                                    0.638   2.279    9262.2   0.792
Math and Computer Science                    0.636   2.260    5426.5   0.799
Natural Science                              0.674   2.676    3176.1   1.059
Doctors                                      0.762   4.147    6974.3   1.020
Health Assessment                            0.650   2.405    2948.5   0.864
Therapists                                   0.633   2.236    1746.1   0.953
Professors                                   0.814   5.670    2535.5   2.102
Teachers          Non-Postsecondary          0.669   2.613    4151.7   1.224
Librarians  and Curators                     0.714   3.232     793.3   1.490
Social Scientists and Urban Planners         0.697   2.974    2466.1   1.064
Social Work                                  0.660   2.514    2370.2   1.316
Lawyers       and Judges                     0.765   4.211    7401.8   0.999
Arts and Athletes                            0.611   2.034    4748.1   0.982
Health Technicians                           0.585   1.824    2332.9   0.960
Engineering Technicians                      0.559   1.640    4888.1   0.825
Science Technicians                          0.569   1.708    1762.2   0.863
Technicians, Other                           0.603   1.968    6181.6   0.856
Sales, all                                   0.561   1.651   12671.8   0.799
Secretaries                                  0.578   1.771     942.7   1.055
Info. Clerks                                 0.581   1.794    1560.7   1.014
Records Processing, Non-Financial            0.575   1.752    1408.2   0.998
Financial Records Processing                 0.568   1.700    1735.4   0.984
Office Machine Operator                      0.519   1.399     480.1   0.993
Computer/Communications Equip. Operator      0.557   1.627    2494.4   0.868
Mail Distribution                            0.529   1.453    2904.9   0.787
Scheduling and Distributing Clerks           0.518   1.391    4107.0   0.878
Adjusters and Investigators                  0.586   1.829    2573.3   0.945
Misc. Admin Support                          0.579   1.782    2870.0   0.978
Private Household Occupations                0.484   1.213     692.3   1.065
Firefighting                                 0.532   1.469    2785.9   0.717
Police                                       0.541   1.527    4573.6   0.763
Guards                                       0.533   1.476    2242.6   0.956
Food Prep    and Service                     0.518   1.390    3019.2   1.124
Health Service                               0.557   1.630    1475.2   1.087
Cleaning and Building Service                0.493   1.261    3154.4   0.955
Personal Service                             0.545   1.553    1668.4   1.046
Farm Managers                                0.510   1.349    2518.8   0.994
Farm Work                                    0.447   1.047    1584.0   0.994
Related Agriculture                          0.485   1.217    2286.1   0.964
Forest, Logging, Fishers and Hunter          0.476   1.177    1326.0   0.876
Mechanics                                    0.493   1.257    6274.1   0.795
Elec. Repairer                               0.517   1.385    3771.6   0.786
Misc. Repairer                               0.501   1.301    3712.0   0.799
Construction Trade                           0.489   1.239    9768.8   0.790
Extractive                                   0.476   1.176    1702.4   0.710
Supervisor(P)                                0.511   1.353    4769.1   0.718
Precision Metal                              0.496   1.274    4136.9   0.746
Precision Wood                               0.492   1.252    1060.5   0.882
Precision, Textile                           0.471   1.151     815.3   0.936
Precision, Other                             0.498   1.285    1673.7   0.826
Precision, Food                              0.481   1.200    1801.4   0.852
Plant Operator                               0.517   1.384    2687.9   0.708
Metal and Plastic Machine Operator           0.475   1.173    1902.3   0.806
Metal and Plastic Processing Operator        0.480   1.197    1269.7   0.792
Woodworking Machine Operator                 0.471   1.154    1018.5   0.941
Textile Machine Operator                     0.500   1.293    2569.6   0.794
Print Machine Operator                       0.465   1.124    1466.8   0.908
Machine Operator, Other                      0.482   1.205    4816.2   0.802
Fabricators                                  0.481   1.200    4423.5   0.821
Production Inspectors                        0.512   1.356    2695.6   0.795
Motor Vehicle Operator                       0.488   1.233    6600.8   0.811
Non Motor Vehicle Operator                   0.484   1.216    3349.6   0.734
Freight, Stock, Material Handler             0.489   1.239    4427.6   0.915

  MWM = 139626864.594
 
 
-------------------------------------------------------------
Estimating w and Z from YWM:   2000
-------------------------------------------------------------
 
                                                 s     phi         w     zWM
----------------------------------------------------------------------------
Home                                         0.528   1.448   13035.2   1.000
Executives, Administrative, and Managerial   0.595   1.898   15029.4   0.856
Management Related                           0.619   2.100   10445.1   0.962
Architects                                   0.664   2.561    2351.0   1.132
Engineers                                    0.641   2.313    8653.4   0.936
Math and Computer Science                    0.605   1.982    7858.4   0.916
Natural Science                              0.701   3.042    3495.5   1.412
Doctors                                      0.762   4.136    6468.5   1.203
Health Assessment                            0.643   2.336    3397.2   0.986
Therapists                                   0.659   2.500    2560.4   1.133
Professors                                   0.792   4.922    3042.3   2.327
Teachers          Non-Postsecondary          0.672   2.646    5409.6   1.444
Librarians  and Curators                     0.710   3.168     771.8   1.722
Social Scientists and Urban Planners         0.699   3.004    2256.7   1.268
Social Work                                  0.653   2.432    2637.8   1.468
Lawyers       and Judges                     0.763   4.175    7284.8   1.193
Arts and Athletes                            0.618   2.097    5600.7   1.141
Health Technicians                           0.576   1.761    2846.1   1.071
Engineering Technicians                      0.551   1.588    3734.4   0.989
Science Technicians                          0.563   1.669    1362.7   1.018
Technicians, Other                           0.627   2.172    8637.5   0.903
Sales, all                                   0.564   1.673   13145.4   0.924
Secretaries                                  0.585   1.828    1555.5   1.139
Info. Clerks                                 0.576   1.758    1601.0   1.225
Records Processing, Non-Financial            0.572   1.732    1277.1   1.229
Financial Records Processing                 0.567   1.695    1781.5   1.138
Office Machine Operator                      0.519   1.397     820.1   0.983
Computer/Communications Equip. Operator      0.563   1.671    1583.1   1.043
Mail Distribution                            0.527   1.444    2093.1   1.011
Scheduling and Distributing Clerks           0.516   1.382    4273.6   1.064
Adjusters and Investigators                  0.571   1.725    4083.2   1.080
Misc. Admin Support                          0.582   1.802    2501.9   1.191
Private Household Occupations                0.491   1.249     583.9   1.305
Firefighting                                 0.533   1.477    3123.2   0.846
Police                                       0.551   1.588    6003.0   0.917
Guards                                       0.531   1.463    2144.8   1.136
Food Prep    and Service                     0.515   1.377    3731.0   1.293
Health Service                               0.554   1.607    1435.8   1.321
Cleaning and Building Service                0.490   1.242    2731.0   1.112
Personal Service                             0.567   1.698    2418.3   1.219
Farm Managers                                0.519   1.399    1974.8   1.122
Farm Work                                    0.429   0.974    1482.0   1.127
Related Agriculture                          0.476   1.176    2749.4   1.103
Forest, Logging, Fishers and Hunter          0.473   1.163    1331.1   1.034
Mechanics                                    0.493   1.256    6428.3   0.921
Elec. Repairer                               0.513   1.361    4415.7   0.933
Misc. Repairer                               0.498   1.285    3344.3   0.948
Construction Trade                           0.480   1.193    9773.8   0.928
Extractive                                   0.477   1.183    1278.9   0.846
Supervisor(P)                                0.512   1.360    4358.8   0.865
Precision Metal                              0.497   1.277    3153.5   0.886
Precision Wood                               0.487   1.230    1026.5   1.037
Precision, Textile                           0.472   1.157     727.0   1.004
Precision, Other                             0.531   1.465    1420.6   1.104
Precision, Food                              0.467   1.135    1515.0   1.046
Plant Operator                               0.508   1.334    1889.1   0.858
Metal and Plastic Machine Operator           0.476   1.175    1569.3   0.963
Metal and Plastic Processing Operator        0.485   1.217    1229.2   0.933
Woodworking Machine Operator                 0.477   1.179    2451.1   0.975
Textile Machine Operator                     0.498   1.286    2050.4   0.941
Print Machine Operator                       0.458   1.094    1344.6   1.067
Machine Operator, Other                      0.480   1.194    4301.4   0.956
Fabricators                                  0.483   1.208    4212.1   0.962
Production Inspectors                        0.519   1.397    2606.1   0.966
Motor Vehicle Operator                       0.488   1.234    6699.6   0.954
Non Motor Vehicle Operator                   0.483   1.209    3178.2   0.863
Freight, Stock, Material Handler             0.487   1.227    3817.1   1.079

  MWM = 237462631.436
 
 
-------------------------------------------------------------
Estimating w and Z from YWM:   2010
-------------------------------------------------------------
 
                                                 s     phi         w     zWM
----------------------------------------------------------------------------
Home                                         0.582   1.800   13020.5   1.000
Executives, Administrative, and Managerial   0.601   1.948   14167.4   0.756
Management Related                           0.633   2.230   11004.0   0.804
Architects                                   0.671   2.642    2035.7   0.944
Engineers                                    0.651   2.415    8848.8   0.753
Math and Computer Science                    0.606   1.991    7886.0   0.783
Natural Science                              0.705   3.096    3791.4   1.101
Doctors                                      0.762   4.155    6268.5   0.990
Health Assessment                            0.671   2.644    4346.1   0.808
Therapists                                   0.692   2.912    2970.5   0.981
Professors                                   0.804   5.314    3473.4   2.093
Teachers          Non-Postsecondary          0.687   2.835    6612.3   1.188
Librarians  and Curators                     0.737   3.631     738.8   1.598
Social Scientists and Urban Planners         0.678   2.728    2928.4   0.941
Social Work                                  0.658   2.493    3001.0   1.223
Lawyers       and Judges                     0.764   4.180    8076.4   0.896
Arts and Athletes                            0.636   2.259    5738.8   0.989
Health Technicians                           0.578   1.775    3268.8   0.876
Engineering Technicians                      0.570   1.713    3630.2   0.825
Science Technicians                          0.581   1.798    1466.9   0.856
Technicians, Other                           0.631   2.213    8484.2   0.745
Sales, all                                   0.574   1.743   11785.5   0.860
Secretaries                                  0.608   2.006    1680.2   1.067
Info. Clerks                                 0.578   1.771    1719.9   1.099
Records Processing, Non-Financial            0.600   1.943    1456.3   1.098
Financial Records Processing                 0.576   1.761    1890.2   0.968
Office Machine Operator                      0.573   1.738     434.8   1.112
Computer/Communications Equip. Operator      0.567   1.695    1078.9   0.939
Mail Distribution                            0.539   1.515    1977.0   0.865
Scheduling and Distributing Clerks           0.535   1.491    4036.1   1.005
Adjusters and Investigators                  0.574   1.746    4128.7   0.986
Misc. Admin Support                          0.593   1.884    2695.4   1.053
Private Household Occupations                0.484   1.214     582.4   1.196
Firefighting                                 0.550   1.584    3729.8   0.681
Police                                       0.560   1.644    6150.9   0.737
Guards                                       0.552   1.597    2796.4   0.986
Food Prep    and Service                     0.536   1.496    4467.8   1.240
Health Service                               0.564   1.677    1946.9   1.153
Cleaning and Building Service                0.507   1.330    2839.2   1.018
Personal Service                             0.579   1.784    2570.6   1.124
Farm Managers                                0.523   1.417    2226.4   0.845
Farm Work                                    0.418   0.929    1909.4   0.938
Related Agriculture                          0.475   1.173    2966.6   1.023
Forest, Logging, Fishers and Hunter          0.491   1.248    1195.7   0.864
Mechanics                                    0.504   1.316    5702.7   0.799
Elec. Repairer                               0.522   1.412    4228.9   0.809
Misc. Repairer                               0.508   1.335    3337.1   0.800
Construction Trade                           0.483   1.209    9063.3   0.819
Extractive                                   0.485   1.221    2751.8   0.625
Supervisor(P)                                0.519   1.394    3103.5   0.743
Precision Metal                              0.502   1.305    2108.8   0.785
Precision Wood                               0.491   1.248     693.8   0.952
Precision, Textile                           0.479   1.192     443.2   1.009
Precision, Other                             0.547   1.565    1620.3   0.961
Precision, Food                              0.474   1.165    1432.1   0.972
Plant Operator                               0.530   1.460    2163.6   0.692
Metal and Plastic Machine Operator           0.474   1.168    1185.5   0.836
Metal and Plastic Processing Operator        0.497   1.279     671.6   0.866
Woodworking Machine Operator                 0.480   1.196    1808.3   0.856
Textile Machine Operator                     0.505   1.321    1250.0   0.897
Print Machine Operator                       0.464   1.121     890.8   0.991
Machine Operator, Other                      0.489   1.237    3810.8   0.862
Fabricators                                  0.485   1.220    3658.7   0.844
Production Inspectors                        0.528   1.446    2558.3   0.819
Motor Vehicle Operator                       0.501   1.301    5511.4   0.880
Non Motor Vehicle Operator                   0.495   1.271    3471.5   0.699
Freight, Stock, Material Handler             0.503   1.311    3858.1   1.015

  MWM = 151057252.567
 
 
-------------------------------------------------------------
Estimating w and Z from YWM:   2023
-------------------------------------------------------------
 
                                                 s     phi         w     zWM
----------------------------------------------------------------------------
Home                                         0.583   1.812   12749.6   1.000
Executives, Administrative, and Managerial   0.604   1.975   17269.0   0.734
Management Related                           0.637   2.275   13096.7   0.793
Architects                                   0.672   2.647    2521.3   0.895
Engineers                                    0.654   2.444   12242.1   0.767
Math and Computer Science                    0.620   2.110    9869.7   0.813
Natural Science                              0.702   3.049    4827.4   1.061
Doctors                                      0.767   4.267    6851.4   1.053
Health Assessment                            0.673   2.669    5810.9   0.831
Therapists                                   0.715   3.247    4239.1   1.084
Professors                                   0.780   4.590    2815.0   1.778
Teachers          Non-Postsecondary          0.691   2.889    6065.7   1.330
Librarians  and Curators                     0.710   3.172     866.4   1.604
Social Scientists and Urban Planners         0.666   2.586    3920.3   0.882
Social Work                                  0.661   2.527    2932.4   1.227
Lawyers       and Judges                     0.747   3.823    7619.2   0.835
Arts and Athletes                            0.641   2.314    5527.7   1.062
Health Technicians                           0.599   1.934    3881.8   0.901
Engineering Technicians                      0.570   1.717    4266.7   0.837
Science Technicians                          0.567   1.698    1523.5   0.812
Technicians, Other                           0.640   2.300   13267.6   0.675
Sales, all                                   0.571   1.726   11325.6   0.847
Secretaries                                  0.617   2.088    1614.7   1.089
Info. Clerks                                 0.586   1.832    1704.5   1.114
Records Processing, Non-Financial            0.637   2.270    1522.6   1.079
Financial Records Processing                 0.588   1.847    2050.7   0.957
Office Machine Operator                      0.538   1.509     635.6   0.942
Computer/Communications Equip. Operator      0.522   1.413     400.2   0.757
Mail Distribution                            0.556   1.618    2427.2   1.012
Scheduling and Distributing Clerks           0.550   1.580    4203.3   1.023
Adjusters and Investigators                  0.588   1.846    4598.2   0.962
Misc. Admin Support                          0.599   1.930    3557.6   0.997
Private Household Occupations                0.517   1.385     610.4   1.252
Firefighting                                 0.551   1.590    3837.4   0.728
Police                                       0.567   1.693    6370.3   0.743
Guards                                       0.528   1.450    2549.5   0.982
Food Prep    and Service                     0.549   1.573    4313.9   1.189
Health Service                               0.570   1.717    2268.2   1.120
Cleaning and Building Service                0.521   1.408    3244.3   1.002
Personal Service                             0.602   1.955    2750.9   1.165
Farm Managers                                0.535   1.491    2194.1   0.870
Farm Work                                    0.478   1.187    1748.4   0.991
Related Agriculture                          0.499   1.287    2992.2   0.954
Forest, Logging, Fishers and Hunter          0.496   1.276    1150.2   0.873
Mechanics                                    0.506   1.324    6120.2   0.766
Elec. Repairer                               0.511   1.351    3922.8   0.799
Misc. Repairer                               0.511   1.352    4129.7   0.770
Construction Trade                           0.489   1.241    9169.5   0.783
Extractive                                   0.490   1.242    1873.7   0.669
Supervisor(P)                                0.526   1.439    3149.6   0.744
Precision Metal                              0.514   1.370    2299.1   0.786
Precision Wood                               0.496   1.273     613.3   0.875
Precision, Textile                           0.442   1.026     432.1   0.830
Precision, Other                             0.580   1.790    1901.9   1.050
Precision, Food                              0.503   1.310    1388.4   1.008
Plant Operator                               0.533   1.478    2501.2   0.723
Metal and Plastic Machine Operator           0.499   1.287    1044.5   0.876
Metal and Plastic Processing Operator        0.491   1.251     519.5   0.856
Woodworking Machine Operator                 0.499   1.289    1794.5   0.852
Textile Machine Operator                     0.540   1.518     818.4   1.029
Print Machine Operator                       0.504   1.315     683.8   1.053
Machine Operator, Other                      0.506   1.326    4314.0   0.837
Fabricators                                  0.493   1.261    3815.2   0.821
Production Inspectors                        0.524   1.427    2751.8   0.819
Motor Vehicle Operator                       0.510   1.350    5895.3   0.867
Non Motor Vehicle Operator                   0.504   1.316    3400.2   0.727
Freight, Stock, Material Handler             0.526   1.434    4056.5   1.032

  MWM = 160998920.838
 
 
=============================================================================
 Summary of Results for w, phi, s, Z from Young WM... (solveWMfor_w_phi.m)
=============================================================================
 
Values for w(i,t) --- wage per unit of human capital
 
                                              1960    1970    1980    1990    2000    2010
------------------------------------------------------------------------------------------
Home                                          8042   10572    9095    9248   13035   13020   12750
Executives, Administrative, and Managerial    9481   13411   12548   13054   15029   14167   17269
Management Related                            6410    6443    8175    8567   10445   11004   13097
Architects                                    1247    1839    2007    2217    2351    2036    2521
Engineers                                     7607    8955    7705    9262    8653    8849   12242
Math and Computer Science                     1244    3843    3714    5427    7858    7886    9870
Natural Science                               3205    3755    3237    3176    3495    3791    4827
Doctors                                       4183    5973    6586    6974    6469    6268    6851
Health Assessment                             2036    2474    2767    2949    3397    4346    5811
Therapists                                     688    1147    1673    1746    2560    2971    4239
Professors                                    2576    4864    3034    2535    3042    3473    2815
Teachers          Non-Postsecondary           4614    6932    5830    4152    5410    6612    6066
Librarians  and Curators                       447     906     901     793     772     739     866
Social Scientists and Urban Planners          1561    2908    2751    2466    2257    2928    3920
Social Work                                   2182    2793    2708    2370    2638    3001    2932
Lawyers       and Judges                      3743    5660    6268    7402    7285    8076    7619
Arts and Athletes                             4030    4463    4032    4748    5601    5739    5528
Health Technicians                            1175    1679    1970    2333    2846    3269    3882
Engineering Technicians                       3864    5253    4496    4888    3734    3630    4267
Science Technicians                           2467    1680    1768    1762    1363    1467    1524
Technicians, Other                            1828    4411    4768    6182    8638    8484   13268
Sales, all                                    8765   10318   10634   12672   13145   11786   11326
Secretaries                                   1227    1508     977     943    1555    1680    1615
Info. Clerks                                  1104    1703    1466    1561    1601    1720    1705
Records Processing, Non-Financial             1724    3325    1693    1408    1277    1456    1523
Financial Records Processing                  1862    2705    2037    1735    1781    1890    2051
Office Machine Operator                       1534     889     415     480     820     435     636
Computer/Communications Equip. Operator        812    2021    2608    2494    1583    1079     400
Mail Distribution                             2370    2330    2906    2905    2093    1977    2427
Scheduling and Distributing Clerks            2835    3937    4074    4107    4274    4036    4203
Adjusters and Investigators                   1726    3219    2262    2573    4083    4129    4598
Misc. Admin Support                           4845    3884    2790    2870    2502    2695    3558
Private Household Occupations                  725     907     695     692     584     582     610
Firefighting                                  1838    2522    2502    2786    3123    3730    3837
Police                                        2696    3974    4271    4574    6003    6151    6370
Guards                                        1242    1527    1952    2243    2145    2796    2549
Food Prep    and Service                      1670    2022    2257    3019    3731    4468    4314
Health Service                                 710     911    1328    1475    1436    1947    2268
Cleaning and Building Service                 1022    2117    2851    3154    2731    2839    3244
Personal Service                              1852    2584    1765    1668    2418    2571    2751
Farm Managers                                 2685    3017    2915    2519    1975    2226    2194
Farm Work                                     1342    1525    1704    1584    1482    1909    1748
Related Agriculture                            871    1393    1551    2286    2749    2967    2992
Forest, Logging, Fishers and Hunter            819    1029    1370    1326    1331    1196    1150
Mechanics                                     3591    5732    5858    6274    6428    5703    6120
Elec. Repairer                                3814    4521    4321    3772    4416    4229    3923
Misc. Repairer                                4414    4583    3677    3712    3344    3337    4130
Construction Trade                            5967    8068    9142    9769    9774    9063    9169
Extractive                                    2172    1673    2309    1702    1279    2752    1874
Supervisor(P)                                 4581    6079    5941    4769    4359    3104    3150
Precision Metal                               4163    4401    4020    4137    3154    2109    2299
Precision Wood                                 834     961     926    1061    1027     694     613
Precision, Textile                             950    1088     747     815     727     443     432
Precision, Other                              1583    1275    1527    1674    1421    1620    1902
Precision, Food                               1834    2319    2030    1801    1515    1432    1388
Plant Operator                                2947    1712    2194    2688    1889    2164    2501
Metal and Plastic Machine Operator            1813    3591    2938    1902    1569    1186    1044
Metal and Plastic Processing Operator          859    1268    1424    1270    1229     672     519
Woodworking Machine Operator                   718     823     994    1019    2451    1808    1794
Textile Machine Operator                      2499    2884    2150    2570    2050    1250     818
Print Machine Operator                        1056    1811    1189    1467    1345     891     684
Machine Operator, Other                       6766    6526    5347    4816    4301    3811    4314
Fabricators                                   3249    4205    4711    4423    4212    3659    3815
Production Inspectors                         2232    3041    2727    2696    2606    2558    2752
Motor Vehicle Operator                        5485    6172    6559    6601    6700    5511    5895
Non Motor Vehicle Operator                    3313    3645    4371    3350    3178    3471    3400
Freight, Stock, Material Handler              4304    4327    4519    4428    3817    3858    4057
 
 
Values for phi(i,t)
 
                                              1960    1970    1980    1990    2000    2010
------------------------------------------------------------------------------------------
Home                                         1.273   1.614   1.684   1.611   1.448   1.800   1.812
Executives, Administrative, and Managerial   1.431   1.627   1.962   1.800   1.898   1.948   1.975
Management Related                           1.911   1.928   2.210   2.108   2.100   2.230   2.275
Architects                                   2.900   3.421   3.064   2.398   2.561   2.642   2.647
Engineers                                    2.178   2.302   2.388   2.279   2.313   2.415   2.444
Math and Computer Science                    2.448   2.188   2.420   2.260   1.982   1.991   2.110
Natural Science                              2.489   2.590   3.046   2.676   3.042   3.096   3.049
Doctors                                      3.907   4.084   4.060   4.147   4.136   4.155   4.267
Health Assessment                            2.587   2.833   3.193   2.405   2.336   2.644   2.669
Therapists                                   2.956   2.616   2.255   2.236   2.500   2.912   3.247
Professors                                   5.850   5.679   5.545   5.670   4.922   5.314   4.590
Teachers          Non-Postsecondary          2.937   3.245   3.156   2.613   2.646   2.835   2.889
Librarians  and Curators                     3.247   3.328   3.400   3.232   3.168   3.631   3.172
Social Scientists and Urban Planners         3.057   2.987   3.442   2.974   3.004   2.728   2.586
Social Work                                  3.025   2.857   2.876   2.514   2.432   2.493   2.527
Lawyers       and Judges                     3.986   4.174   4.300   4.211   4.175   4.180   3.823
Arts and Athletes                            2.023   1.922   2.235   2.034   2.097   2.259   2.314
Health Technicians                           1.426   1.918   2.125   1.824   1.761   1.775   1.934
Engineering Technicians                      1.369   1.446   1.636   1.640   1.588   1.713   1.717
Science Technicians                          1.408   1.812   1.815   1.708   1.669   1.798   1.698
Technicians, Other                           1.531   1.834   2.213   1.968   2.172   2.213   2.300
Sales, all                                   1.470   1.537   1.765   1.651   1.673   1.743   1.726
Secretaries                                  1.402   1.495   1.898   1.771   1.828   2.006   2.088
Info. Clerks                                 1.310   1.497   1.976   1.794   1.758   1.771   1.832
Records Processing, Non-Financial            2.077   2.029   1.701   1.752   1.732   1.943   2.270
Financial Records Processing                 1.430   1.478   1.832   1.700   1.695   1.761   1.847
Office Machine Operator                      1.296   1.304   1.484   1.399   1.397   1.738   1.509
Computer/Communications Equip. Operator      1.143   1.341   1.643   1.627   1.671   1.695   1.413
Mail Distribution                            1.239   1.299   1.491   1.453   1.444   1.515   1.618
Scheduling and Distributing Clerks           1.023   1.209   1.428   1.391   1.382   1.491   1.580
Adjusters and Investigators                  1.746   1.736   2.009   1.829   1.725   1.746   1.846
Misc. Admin Support                          1.360   1.446   1.855   1.782   1.802   1.884   1.930
Private Household Occupations                0.929   0.982   1.144   1.213   1.249   1.214   1.385
Firefighting                                 1.094   1.209   1.453   1.469   1.477   1.584   1.590
Police                                       1.166   1.288   1.621   1.527   1.588   1.644   1.693
Guards                                       1.043   1.258   1.504   1.476   1.463   1.597   1.450
Food Prep    and Service                     0.930   1.079   1.401   1.390   1.377   1.496   1.573
Health Service                               1.011   1.401   1.752   1.630   1.607   1.677   1.717
Cleaning and Building Service                0.875   1.001   1.233   1.261   1.242   1.330   1.408
Personal Service                             1.010   1.015   1.641   1.553   1.698   1.784   1.955
Farm Managers                                0.992   1.173   1.439   1.349   1.399   1.417   1.491
Farm Work                                    0.660   0.861   1.006   1.047   0.974   0.929   1.187
Related Agriculture                          0.867   0.979   1.263   1.217   1.176   1.173   1.287
Forest, Logging, Fishers and Hunter          0.790   1.035   1.240   1.177   1.163   1.248   1.276
Mechanics                                    0.929   1.034   1.202   1.257   1.256   1.316   1.324
Elec. Repairer                               1.126   1.199   1.344   1.385   1.361   1.412   1.351
Misc. Repairer                               0.985   1.035   1.267   1.301   1.285   1.335   1.352
Construction Trade                           0.970   1.062   1.271   1.239   1.193   1.209   1.241
Extractive                                   0.872   0.972   1.138   1.176   1.183   1.221   1.242
Supervisor(P)                                1.113   1.215   1.433   1.353   1.360   1.394   1.439
Precision Metal                              0.992   1.127   1.243   1.274   1.277   1.305   1.370
Precision Wood                               0.922   1.012   1.307   1.252   1.230   1.248   1.273
Precision, Textile                           0.809   0.880   1.049   1.151   1.157   1.192   1.026
Precision, Other                             0.992   1.189   1.316   1.285   1.465   1.565   1.790
Precision, Food                              0.938   1.030   1.164   1.200   1.135   1.165   1.310
Plant Operator                               1.478   1.171   1.401   1.384   1.334   1.460   1.478
Metal and Plastic Machine Operator           0.860   1.030   1.142   1.173   1.175   1.168   1.287
Metal and Plastic Processing Operator        0.893   0.925   1.116   1.197   1.217   1.279   1.251
Woodworking Machine Operator                 0.766   0.851   1.124   1.154   1.179   1.196   1.289
Textile Machine Operator                     1.072   1.156   1.316   1.293   1.286   1.321   1.518
Print Machine Operator                       0.817   0.896   0.996   1.124   1.094   1.121   1.315
Machine Operator, Other                      0.879   0.989   1.155   1.205   1.194   1.237   1.326
Fabricators                                  0.897   1.015   1.145   1.200   1.208   1.220   1.261
Production Inspectors                        1.034   1.205   1.309   1.356   1.397   1.446   1.427
Motor Vehicle Operator                       0.880   1.006   1.187   1.233   1.234   1.301   1.350
Non Motor Vehicle Operator                   0.946   1.014   1.207   1.216   1.209   1.271   1.316
Freight, Stock, Material Handler             0.845   1.019   1.183   1.239   1.227   1.311   1.434
 
 
Values for s(i,t)
 
                                              1960    1970    1980    1990    2000    2010
------------------------------------------------------------------------------------------
Home                                         0.496   0.555   0.565   0.555   0.528   0.582   0.583
Executives, Administrative, and Managerial   0.525   0.557   0.602   0.582   0.595   0.601   0.604
Management Related                           0.596   0.598   0.631   0.620   0.619   0.633   0.637
Architects                                   0.691   0.725   0.703   0.649   0.664   0.671   0.672
Engineers                                    0.627   0.640   0.648   0.638   0.641   0.651   0.654
Math and Computer Science                    0.654   0.628   0.652   0.636   0.605   0.606   0.620
Natural Science                              0.658   0.667   0.702   0.674   0.701   0.705   0.702
Doctors                                      0.751   0.759   0.758   0.762   0.762   0.762   0.767
Health Assessment                            0.667   0.686   0.712   0.650   0.643   0.671   0.673
Therapists                                   0.695   0.669   0.635   0.633   0.659   0.692   0.715
Professors                                   0.819   0.814   0.811   0.814   0.792   0.804   0.780
Teachers          Non-Postsecondary          0.694   0.715   0.709   0.669   0.672   0.687   0.691
Librarians  and Curators                     0.715   0.720   0.724   0.714   0.710   0.737   0.710
Social Scientists and Urban Planners         0.703   0.698   0.727   0.697   0.699   0.678   0.666
Social Work                                  0.700   0.688   0.690   0.660   0.653   0.658   0.661
Lawyers       and Judges                     0.755   0.763   0.769   0.765   0.763   0.764   0.747
Arts and Athletes                            0.610   0.598   0.633   0.611   0.618   0.636   0.641
Health Technicians                           0.524   0.597   0.621   0.585   0.576   0.578   0.599
Engineering Technicians                      0.514   0.528   0.558   0.559   0.551   0.570   0.570
Science Technicians                          0.521   0.583   0.584   0.569   0.563   0.581   0.567
Technicians, Other                           0.542   0.586   0.631   0.603   0.627   0.631   0.640
Sales, all                                   0.532   0.543   0.577   0.561   0.564   0.574   0.571
Secretaries                                  0.520   0.536   0.594   0.578   0.585   0.608   0.617
Info. Clerks                                 0.503   0.536   0.604   0.581   0.576   0.578   0.586
Records Processing, Non-Financial            0.616   0.611   0.568   0.575   0.572   0.600   0.637
Financial Records Processing                 0.525   0.533   0.586   0.568   0.567   0.576   0.588
Office Machine Operator                      0.500   0.502   0.534   0.519   0.519   0.573   0.538
Computer/Communications Equip. Operator      0.469   0.509   0.559   0.557   0.563   0.567   0.522
Mail Distribution                            0.489   0.501   0.535   0.529   0.527   0.539   0.556
Scheduling and Distributing Clerks           0.441   0.483   0.525   0.518   0.516   0.535   0.550
Adjusters and Investigators                  0.574   0.573   0.608   0.586   0.571   0.574   0.588
Misc. Admin Support                          0.512   0.528   0.589   0.579   0.582   0.593   0.599
Private Household Occupations                0.418   0.431   0.469   0.484   0.491   0.484   0.517
Firefighting                                 0.458   0.483   0.529   0.532   0.533   0.550   0.551
Police                                       0.474   0.499   0.556   0.541   0.551   0.560   0.567
Guards                                       0.446   0.493   0.537   0.533   0.531   0.552   0.528
Food Prep    and Service                     0.418   0.455   0.520   0.518   0.515   0.536   0.549
Health Service                               0.439   0.520   0.575   0.557   0.554   0.564   0.570
Cleaning and Building Service                0.403   0.436   0.488   0.493   0.490   0.507   0.521
Personal Service                             0.438   0.439   0.559   0.545   0.567   0.579   0.602
Farm Managers                                0.434   0.475   0.526   0.510   0.519   0.523   0.535
Farm Work                                    0.338   0.399   0.437   0.447   0.429   0.418   0.478
Related Agriculture                          0.401   0.431   0.494   0.485   0.476   0.475   0.499
Forest, Logging, Fishers and Hunter          0.379   0.444   0.489   0.476   0.473   0.491   0.496
Mechanics                                    0.418   0.444   0.482   0.493   0.493   0.504   0.506
Elec. Repairer                               0.465   0.481   0.509   0.517   0.513   0.522   0.511
Misc. Repairer                               0.432   0.444   0.495   0.501   0.498   0.508   0.511
Construction Trade                           0.428   0.451   0.495   0.489   0.480   0.483   0.489
Extractive                                   0.402   0.429   0.468   0.476   0.477   0.485   0.490
Supervisor(P)                                0.462   0.484   0.525   0.511   0.512   0.519   0.526
Precision Metal                              0.434   0.465   0.490   0.496   0.497   0.502   0.514
Precision Wood                               0.416   0.439   0.502   0.492   0.487   0.491   0.496
Precision, Textile                           0.385   0.405   0.448   0.471   0.472   0.479   0.442
Precision, Other                             0.434   0.479   0.504   0.498   0.531   0.547   0.580
Precision, Food                              0.420   0.443   0.473   0.481   0.467   0.474   0.503
Plant Operator                               0.533   0.475   0.520   0.517   0.508   0.530   0.533
Metal and Plastic Machine Operator           0.399   0.443   0.469   0.475   0.476   0.474   0.499
Metal and Plastic Processing Operator        0.408   0.417   0.463   0.480   0.485   0.497   0.491
Woodworking Machine Operator                 0.372   0.397   0.465   0.471   0.477   0.480   0.499
Textile Machine Operator                     0.453   0.472   0.504   0.500   0.498   0.505   0.540
Print Machine Operator                       0.387   0.409   0.435   0.465   0.458   0.464   0.504
Machine Operator, Other                      0.405   0.433   0.472   0.482   0.480   0.489   0.506
Fabricators                                  0.409   0.440   0.469   0.481   0.483   0.485   0.493
Production Inspectors                        0.444   0.482   0.503   0.512   0.519   0.528   0.524
Motor Vehicle Operator                       0.405   0.437   0.478   0.488   0.488   0.501   0.510
Non Motor Vehicle Operator                   0.422   0.439   0.483   0.484   0.483   0.495   0.504
Freight, Stock, Material Handler             0.395   0.440   0.478   0.489   0.487   0.503   0.526
 
 
Values for ZWM(i,t)
 
                                              1960    1970    1980    1990    2000    2010
------------------------------------------------------------------------------------------
Home                                         1.000   1.000   1.000   1.000   1.000   1.000   1.000
Executives, Administrative, and Managerial   0.915   0.846   0.854   0.760   0.856   0.756   0.734
Management Related                           1.090   0.935   0.951   0.860   0.962   0.804   0.793
Architects                                   1.282   1.266   1.216   0.929   1.132   0.944   0.895
Engineers                                    1.030   0.950   0.889   0.792   0.936   0.753   0.767
Math and Computer Science                    1.149   0.943   0.908   0.799   0.916   0.783   0.813
Natural Science                              1.226   1.125   1.207   1.059   1.412   1.101   1.061
Doctors                                      1.614   1.247   1.097   1.020   1.203   0.990   1.053
Health Assessment                            1.251   1.163   1.214   0.864   0.986   0.808   0.831
Therapists                                   1.633   1.271   1.106   0.953   1.133   0.981   1.084
Professors                                   2.346   2.017   2.063   2.102   2.327   2.093   1.778
Teachers          Non-Postsecondary          1.613   1.457   1.434   1.224   1.444   1.188   1.330
Librarians  and Curators                     1.771   1.511   1.586   1.490   1.722   1.598   1.604
Social Scientists and Urban Planners         1.373   1.139   1.229   1.064   1.268   0.941   0.882
Social Work                                  2.044   1.581   1.520   1.316   1.468   1.223   1.227
Lawyers       and Judges                     1.498   1.257   1.251   0.999   1.193   0.896   0.835
Arts and Athletes                            1.142   0.977   1.133   0.982   1.141   0.989   1.062
Health Technicians                           1.088   1.063   1.112   0.960   1.071   0.876   0.901
Engineering Technicians                      0.941   0.873   0.873   0.825   0.989   0.825   0.837
Science Technicians                          0.986   1.018   0.927   0.863   1.018   0.856   0.812
Technicians, Other                           1.011   0.897   0.988   0.856   0.903   0.745   0.675
Sales, all                                   0.989   0.864   0.879   0.799   0.924   0.860   0.847
Secretaries                                  1.050   0.959   1.072   1.055   1.139   1.067   1.089
Info. Clerks                                 1.004   0.932   1.048   1.014   1.225   1.099   1.114
Records Processing, Non-Financial            1.186   0.990   0.998   0.998   1.229   1.098   1.079
Financial Records Processing                 1.112   0.952   0.995   0.984   1.138   0.968   0.957
Office Machine Operator                      1.008   0.993   1.021   0.993   0.983   1.112   0.942
Computer/Communications Equip. Operator      0.871   0.866   0.856   0.868   1.043   0.939   0.757
Mail Distribution                            0.980   0.922   0.807   0.787   1.011   0.865   1.012
Scheduling and Distributing Clerks           0.967   0.888   0.878   0.878   1.064   1.005   1.023
Adjusters and Investigators                  1.151   0.959   1.007   0.945   1.080   0.986   0.962
Misc. Admin Support                          1.040   0.925   1.025   0.978   1.191   1.053   0.997
Private Household Occupations                0.939   0.928   1.037   1.065   1.305   1.196   1.252
Firefighting                                 0.923   0.796   0.797   0.717   0.846   0.681   0.728
Police                                       0.963   0.827   0.844   0.763   0.917   0.737   0.743
Guards                                       0.960   0.928   0.962   0.956   1.136   0.986   0.982
Food Prep    and Service                     1.068   0.982   1.152   1.124   1.293   1.240   1.189
Health Service                               1.238   1.181   1.188   1.087   1.321   1.153   1.120
Cleaning and Building Service                1.080   0.931   0.948   0.955   1.112   1.018   1.002
Personal Service                             1.025   0.876   1.075   1.046   1.219   1.124   1.165
Farm Managers                                1.366   1.048   1.033   0.994   1.122   0.845   0.870
Farm Work                                    1.353   1.143   0.989   0.994   1.127   0.938   0.991
Related Agriculture                          0.977   0.918   1.005   0.964   1.103   1.023   0.954
Forest, Logging, Fishers and Hunter          1.102   0.975   0.890   0.876   1.034   0.864   0.873
Mechanics                                    0.928   0.813   0.791   0.795   0.921   0.799   0.766
Elec. Repairer                               0.899   0.819   0.745   0.786   0.933   0.809   0.799
Misc. Repairer                               0.900   0.790   0.770   0.799   0.948   0.800   0.770
Construction Trade                           0.856   0.784   0.785   0.790   0.928   0.819   0.783
Extractive                                   0.837   0.804   0.676   0.710   0.846   0.625   0.669
Supervisor(P)                                0.826   0.767   0.750   0.718   0.865   0.743   0.744
Precision Metal                              0.829   0.773   0.744   0.746   0.886   0.785   0.786
Precision Wood                               0.932   0.875   0.999   0.882   1.037   0.952   0.875
Precision, Textile                           0.919   0.865   0.919   0.936   1.004   1.009   0.830
Precision, Other                             0.861   0.808   0.864   0.826   1.104   0.961   1.050
Precision, Food                              0.913   0.827   0.769   0.852   1.046   0.972   1.008
Plant Operator                               0.906   0.782   0.759   0.708   0.858   0.692   0.723
Metal and Plastic Machine Operator           0.811   0.804   0.753   0.806   0.963   0.836   0.876
Metal and Plastic Processing Operator        0.897   0.769   0.772   0.792   0.933   0.866   0.856
Woodworking Machine Operator                 0.992   0.910   0.908   0.941   0.975   0.856   0.852
Textile Machine Operator                     0.851   0.788   0.811   0.794   0.941   0.897   1.029
Print Machine Operator                       1.010   0.911   0.916   0.908   1.067   0.991   1.053
Machine Operator, Other                      0.901   0.827   0.776   0.802   0.956   0.862   0.837
Fabricators                                  0.869   0.825   0.779   0.821   0.962   0.844   0.821
Production Inspectors                        0.903   0.861   0.784   0.795   0.966   0.819   0.819
Motor Vehicle Operator                       0.898   0.820   0.777   0.811   0.954   0.880   0.867
Non Motor Vehicle Operator                   0.820   0.775   0.708   0.734   0.863   0.699   0.727
Freight, Stock, Material Handler             0.971   0.909   0.853   0.915   1.079   1.015   1.032
 
 
WageBarHomeY(g,t):
 
               1960    1970    1980    1990    2000    2010
-----------------------------------------------------------
White Men     39408   46685   40135   39456   48792   45138   47044
White Women   11909   16192   16495   19894   30495   30243   33408
Black Men     24539   32568   23020   21696   29359   28833   32066
Black Women   12883   18864   18146   19661   30731   31906   33710
 
 
 
===========================================================
GetTExperience.m:
Fixing tauhat_y missing values --> tauhat_y_cleaned (just for robustness cases)
 -- Use first non-missing value
 
===========================================================
 
*********************
White Women
*********************
 
tauhat_y_cleaned Firefighting     NaN 12.7721  9.7087  6.0175  5.4037  5.1955  4.0926
tauhat_y_cleaned Firefighting 12.7721 12.7721  9.7087  6.0175  5.4037  5.1955  4.0926
tauhat_y_cleaned Forest     NaN 19.4901  5.9951  4.5321  4.8984  3.7356  2.4840
tauhat_y_cleaned Forest 19.4901 19.4901  5.9951  4.5321  4.8984  3.7356  2.4840
 
*********************
Black Men
*********************
 
tauhat_y_cleaned Architects     NaN  2.2799  2.6102  1.9263  2.1000  2.0045  2.3009
tauhat_y_cleaned Architects  2.2799  2.2799  2.6102  1.9263  2.1000  2.0045  2.3009
tauhat_y_cleaned Librarians     NaN  1.3797  1.1215  1.2106  1.9407  1.2910  0.7190
tauhat_y_cleaned Librarians  1.3797  1.3797  1.1215  1.2106  1.9407  1.2910  0.7190
tauhat_y_cleaned WoodWork  3.1801  1.5853  1.6139  1.8802  2.5269  2.4757     NaN
tauhat_y_cleaned WoodWork  3.1801  1.5853  1.6139  1.8802  2.5269  2.4757  2.4757
 
*********************
Black Women
*********************
 
tauhat_y_cleaned Architects     NaN     NaN  3.9488  5.5941  4.4311  2.6552  2.1938
tauhat_y_cleaned Architects  3.9488  3.9488  3.9488  5.5941  4.4311  2.6552  2.1938
tauhat_y_cleaned Engineers     NaN     NaN  6.1696  4.1964  3.1462  3.3659  4.2800
tauhat_y_cleaned Engineers  6.1696  6.1696  6.1696  4.1964  3.1462  3.3659  4.2800
tauhat_y_cleaned Math/CompSci     NaN  5.3587  2.3153  2.0193  2.0870  2.0344  1.5472
tauhat_y_cleaned Math/CompSci  5.3587  5.3587  2.3153  2.0193  2.0870  2.0344  1.5472
tauhat_y_cleaned Science     NaN  4.5455  3.7423  2.3938  2.3053  1.7136  1.4792
tauhat_y_cleaned Science  4.5455  4.5455  3.7423  2.3938  2.3053  1.7136  1.4792
tauhat_y_cleaned Eng.Techs     NaN  7.7593  3.3460  3.5182  2.6515  2.6637  2.2713
tauhat_y_cleaned Eng.Techs  7.7593  7.7593  3.3460  3.5182  2.6515  2.6637  2.2713
tauhat_y_cleaned OtherTechs     NaN  4.2359  2.2468  2.0088  2.1291  2.3726  3.1388
tauhat_y_cleaned OtherTechs  4.2359  4.2359  2.2468  2.0088  2.1291  2.3726  3.1388
tauhat_y_cleaned Firefighting     NaN     NaN 11.7493  8.1294  6.0679 12.1900  5.2938
tauhat_y_cleaned Firefighting 11.7493 11.7493 11.7493  8.1294  6.0679 12.1900  5.2938
tauhat_y_cleaned Police     NaN  8.2820  3.6168  1.7094  1.7816  1.8119  1.9064
tauhat_y_cleaned Police  8.2820  8.2820  3.6168  1.7094  1.7816  1.8119  1.9064
tauhat_y_cleaned FarmMgrs 46.5506 10.8348 23.0380 19.0608     NaN 10.8791     NaN
tauhat_y_cleaned FarmMgrs 46.5506 10.8348 23.0380 19.0608 14.9699 10.8791 10.8791
tauhat_y_cleaned Agriculture     NaN  9.7826  5.0914  5.2499  4.9937  4.7822  3.1145
tauhat_y_cleaned Agriculture  9.7826  9.7826  5.0914  5.2499  4.9937  4.7822  3.1145
tauhat_y_cleaned Forest     NaN  4.1103  7.3002  6.0762  3.8881     NaN     NaN
tauhat_y_cleaned Forest  4.1103  4.1103  7.3002  6.0762  3.8881  3.8881  3.8881
tauhat_y_cleaned Mechanics     NaN 25.5923  8.6608  6.8971  6.8033  6.8344  7.0726
tauhat_y_cleaned Mechanics 25.5923 25.5923  8.6608  6.8971  6.8033  6.8344  7.0726
tauhat_y_cleaned Elec.Repairer     NaN 23.9694  3.9558  3.4702  3.2065  4.6834  2.0534
tauhat_y_cleaned Elec.Repairer 23.9694 23.9694  3.9558  3.4702  3.2065  4.6834  2.0534
tauhat_y_cleaned Extractive     NaN  9.6600 14.2665  6.6273     NaN 12.9993  4.6065
tauhat_y_cleaned Extractive  9.6600  9.6600 14.2665  6.6273  9.8133 12.9993  4.6065
tauhat_y_cleaned MetalWork     NaN 11.2316  5.9366  5.7676  4.6992  6.5912 20.3038
tauhat_y_cleaned MetalWork 11.2316 11.2316  5.9366  5.7676  4.6992  6.5912 20.3038
tauhat_y_cleaned WoodWork     NaN  4.6312  4.7584  5.2782  5.9129  6.7012     NaN
tauhat_y_cleaned WoodWork  4.6312  4.6312  4.7584  5.2782  5.9129  6.7012  6.7012
tauhat_y_cleaned PlantOperator     NaN     NaN  5.2092  6.6971  9.4165  6.8538  4.2215
tauhat_y_cleaned PlantOperator  5.2092  5.2092  5.2092  6.6971  9.4165  6.8538  4.2215
tauhat_y_cleaned MetalMach.     NaN  3.6797  2.8424  3.4569  2.7138  4.6250  4.5436
tauhat_y_cleaned MetalMach.  3.6797  3.6797  2.8424  3.4569  2.7138  4.6250  4.5436
tauhat_y_cleaned MetalProc.     NaN  9.0466  2.5723  3.4093  2.7972  2.7462  0.6809
tauhat_y_cleaned MetalProc.  9.0466  9.0466  2.5723  3.4093  2.7972  2.7462  0.6809
tauhat_y_cleaned WoodMach.     NaN  7.7440  2.8615  3.5876  2.1186  2.6483  2.4529
tauhat_y_cleaned WoodMach.  7.7440  7.7440  2.8615  3.5876  2.1186  2.6483  2.4529
tauhat_y_cleaned TextileMach.     NaN  4.7557  3.3404  2.9259  2.9421  2.3972  1.2375
tauhat_y_cleaned TextileMach.  4.7557  4.7557  3.3404  2.9259  2.9421  2.3972  1.2375
 
GetTExperience.m:
                     TigYMO for               --- 1960 ---      and    --- 1990 ---
Home                                         1.00   1.34   1.80        1.00   1.44   1.74
Executives, Administrative, and Managerial   1.00   1.34   1.80        1.00   1.44   1.74
Management Related                           1.00   1.34   1.80        1.00   1.44   1.74
Architects                                   1.00   1.34   1.80        1.00   1.44   1.74
Engineers                                    1.00   1.34   1.80        1.00   1.44   1.74
Math and Computer Science                    1.00   1.34   1.80        1.00   1.44   1.74
Natural Science                              1.00   1.34   1.80        1.00   1.44   1.74
Doctors                                      1.00   1.34   1.80        1.00   1.44   1.74
Health Assessment                            1.00   1.34   1.80        1.00   1.44   1.74
Therapists                                   1.00   1.34   1.80        1.00   1.44   1.74
Professors                                   1.00   1.34   1.80        1.00   1.44   1.74
Teachers          Non-Postsecondary          1.00   1.34   1.80        1.00   1.44   1.74
Librarians  and Curators                     1.00   1.34   1.80        1.00   1.44   1.74
Social Scientists and Urban Planners         1.00   1.34   1.80        1.00   1.44   1.74
Social Work                                  1.00   1.34   1.80        1.00   1.44   1.74
Lawyers       and Judges                     1.00   1.34   1.80        1.00   1.44   1.74
Arts and Athletes                            1.00   1.34   1.80        1.00   1.44   1.74
Health Technicians                           1.00   1.34   1.80        1.00   1.44   1.74
Engineering Technicians                      1.00   1.34   1.80        1.00   1.44   1.74
Science Technicians                          1.00   1.34   1.80        1.00   1.44   1.74
Technicians, Other                           1.00   1.34   1.80        1.00   1.44   1.74
Sales, all                                   1.00   1.34   1.80        1.00   1.44   1.74
Secretaries                                  1.00   1.34   1.80        1.00   1.44   1.74
Info. Clerks                                 1.00   1.34   1.80        1.00   1.44   1.74
Records Processing, Non-Financial            1.00   1.34   1.80        1.00   1.44   1.74
Financial Records Processing                 1.00   1.34   1.80        1.00   1.44   1.74
Office Machine Operator                      1.00   1.34   1.80        1.00   1.44   1.74
Computer/Communications Equip. Operator      1.00   1.34   1.80        1.00   1.44   1.74
Mail Distribution                            1.00   1.34   1.80        1.00   1.44   1.74
Scheduling and Distributing Clerks           1.00   1.34   1.80        1.00   1.44   1.74
Adjusters and Investigators                  1.00   1.34   1.80        1.00   1.44   1.74
Misc. Admin Support                          1.00   1.34   1.80        1.00   1.44   1.74
Private Household Occupations                1.00   1.34   1.80        1.00   1.44   1.74
Firefighting                                 1.00   1.34   1.80        1.00   1.44   1.74
Police                                       1.00   1.34   1.80        1.00   1.44   1.74
Guards                                       1.00   1.34   1.80        1.00   1.44   1.74
Food Prep    and Service                     1.00   1.34   1.80        1.00   1.44   1.74
Health Service                               1.00   1.34   1.80        1.00   1.44   1.74
Cleaning and Building Service                1.00   1.34   1.80        1.00   1.44   1.74
Personal Service                             1.00   1.34   1.80        1.00   1.44   1.74
Farm Managers                                1.00   1.34   1.80        1.00   1.44   1.74
Farm Work                                    1.00   1.34   1.80        1.00   1.44   1.74
Related Agriculture                          1.00   1.34   1.80        1.00   1.44   1.74
Forest, Logging, Fishers and Hunter          1.00   1.34   1.80        1.00   1.44   1.74
Mechanics                                    1.00   1.34   1.80        1.00   1.44   1.74
Elec. Repairer                               1.00   1.34   1.80        1.00   1.44   1.74
Misc. Repairer                               1.00   1.34   1.80        1.00   1.44   1.74
Construction Trade                           1.00   1.34   1.80        1.00   1.44   1.74
Extractive                                   1.00   1.34   1.80        1.00   1.44   1.74
Supervisor(P)                                1.00   1.34   1.80        1.00   1.44   1.74
Precision Metal                              1.00   1.34   1.80        1.00   1.44   1.74
Precision Wood                               1.00   1.34   1.80        1.00   1.44   1.74
Precision, Textile                           1.00   1.34   1.80        1.00   1.44   1.74
Precision, Other                             1.00   1.34   1.80        1.00   1.44   1.74
Precision, Food                              1.00   1.34   1.80        1.00   1.44   1.74
Plant Operator                               1.00   1.34   1.80        1.00   1.44   1.74
Metal and Plastic Machine Operator           1.00   1.34   1.80        1.00   1.44   1.74
Metal and Plastic Processing Operator        1.00   1.34   1.80        1.00   1.44   1.74
Woodworking Machine Operator                 1.00   1.34   1.80        1.00   1.44   1.74
Textile Machine Operator                     1.00   1.34   1.80        1.00   1.44   1.74
Print Machine Operator                       1.00   1.34   1.80        1.00   1.44   1.74
Machine Operator, Other                      1.00   1.34   1.80        1.00   1.44   1.74
Fabricators                                  1.00   1.34   1.80        1.00   1.44   1.74
Production Inspectors                        1.00   1.34   1.80        1.00   1.44   1.74
Motor Vehicle Operator                       1.00   1.34   1.80        1.00   1.44   1.74
Non Motor Vehicle Operator                   1.00   1.34   1.80        1.00   1.44   1.74
Freight, Stock, Material Handler             1.00   1.34   1.80        1.00   1.44   1.74
 
Values for occupation 8:
ans =

   1.0000   1.3431   1.7953
   1.0000   1.5085   1.7605
   1.0000   1.3394   1.6072
   1.0000   1.4385   1.7422
   1.0000   1.4717   1.5735
   1.0000   1.3036        0
   1.0000   1.0000   1.0000

 
Tbar and TbarHat by Group and Years for Doctors
ans =

   4.1384   4.2689   3.9466   4.1806   4.0452   3.6973   3.6973
   4.1384   4.2689   3.9466   4.1806   4.0452   3.6973   3.6973
   4.1384   4.2689   3.9466   4.1806   4.0452   3.6973   3.6973
   4.1384   4.2689   3.9466   4.1806   4.0452   3.6973   3.6973

ans =

   1   1   1   1   1   1   1
   1   1   1   1   1   1   1
   1   1   1   1   1   1   1
   1   1   1   1   1   1   1

 
Tbar and TbarHat by Group and Years for Secretaries
ans =

   4.1384   4.2689   3.9466   4.1806   4.0452   3.6973   3.6973
   4.1384   4.2689   3.9466   4.1806   4.0452   3.6973   3.6973
   4.1384   4.2689   3.9466   4.1806   4.0452   3.6973   3.6973
   4.1384   4.2689   3.9466   4.1806   4.0452   3.6973   3.6973

ans =

   1   1   1   1   1   1   1
   1   1   1   1   1   1   1
   1   1   1   1   1   1   1
   1   1   1   1   1   1   1

 
Tbar and TbarHat by Group and Years for Farm
ans =

   4.1384   4.2689   3.9466   4.1806   4.0452   3.6973   3.6973
   4.1384   4.2689   3.9466   4.1806   4.0452   3.6973   3.6973
   4.1384   4.2689   3.9466   4.1806   4.0452   3.6973   3.6973
   4.1384   4.2689   3.9466   4.1806   4.0452   3.6973   3.6973

ans =

   1   1   1   1   1   1   1
   1   1   1   1   1   1   1
   1   1   1   1   1   1   1
   1   1   1   1   1   1   1

>>> Starting maxdiff/s_counter loop in EstimateTauZ.m
 
 
-------------------------------------------------------------
Estimating w and Z from YWM:   1960
-------------------------------------------------------------
 
                                                 s     phi         w     zWM
----------------------------------------------------------------------------
Home                                         0.496   1.273    7779.6   1.000
Executives, Administrative, and Managerial   0.525   1.431    9172.5   0.915
Management Related                           0.596   1.911    6200.7   1.090
Architects                                   0.691   2.900    1206.2   1.282
Engineers                                    0.627   2.178    7359.0   1.030
Math and Computer Science                    0.654   2.448    1203.9   1.149
Natural Science                              0.658   2.489    3100.2   1.226
Doctors                                      0.751   3.907    4046.9   1.614
Health Assessment                            0.667   2.587    1969.9   1.251
Therapists                                   0.695   2.956     665.4   1.633
Professors                                   0.819   5.850    2492.5   2.346
Teachers          Non-Postsecondary          0.694   2.937    4463.4   1.613
Librarians  and Curators                     0.715   3.247     432.8   1.771
Social Scientists and Urban Planners         0.703   3.057    1509.9   1.373
Social Work                                  0.700   3.025    2110.8   2.044
Lawyers       and Judges                     0.755   3.986    3621.3   1.498
Arts and Athletes                            0.610   2.023    3898.5   1.142
Health Technicians                           0.524   1.426    1136.7   1.088
Engineering Technicians                      0.514   1.369    3737.9   0.941
Science Technicians                          0.521   1.408    2386.6   0.986
Technicians, Other                           0.542   1.531    1768.6   1.011
Sales, all                                   0.532   1.470    8478.9   0.989
Secretaries                                  0.520   1.402    1187.1   1.050
Info. Clerks                                 0.503   1.310    1067.9   1.004
Records Processing, Non-Financial            0.616   2.077    1668.1   1.186
Financial Records Processing                 0.525   1.430    1800.8   1.112
Office Machine Operator                      0.500   1.296    1484.0   1.008
Computer/Communications Equip. Operator      0.469   1.143     785.5   0.871
Mail Distribution                            0.489   1.239    2292.5   0.980
Scheduling and Distributing Clerks           0.441   1.023    2742.9   0.967
Adjusters and Investigators                  0.574   1.746    1669.5   1.151
Misc. Admin Support                          0.512   1.360    4687.4   1.040
Private Household Occupations                0.418   0.929     701.0   0.939
Firefighting                                 0.458   1.094    1778.0   0.923
Police                                       0.474   1.166    2608.2   0.963
Guards                                       0.446   1.043    1201.3   0.960
Food Prep    and Service                     0.418   0.930    1615.8   1.068
Health Service                               0.439   1.011     687.1   1.238
Cleaning and Building Service                0.403   0.875     989.0   1.080
Personal Service                             0.438   1.010    1791.4   1.025
Farm Managers                                0.434   0.992    2597.3   1.366
Farm Work                                    0.338   0.660    1298.4   1.353
Related Agriculture                          0.401   0.867     843.0   0.977
Forest, Logging, Fishers and Hunter          0.379   0.790     792.3   1.102
Mechanics                                    0.418   0.929    3474.0   0.928
Elec. Repairer                               0.465   1.126    3689.4   0.899
Misc. Repairer                               0.432   0.985    4270.4   0.900
Construction Trade                           0.428   0.970    5772.9   0.856
Extractive                                   0.402   0.872    2101.2   0.837
Supervisor(P)                                0.462   1.113    4431.2   0.826
Precision Metal                              0.434   0.992    4026.9   0.829
Precision Wood                               0.416   0.922     806.5   0.932
Precision, Textile                           0.385   0.809     918.7   0.919
Precision, Other                             0.434   0.992    1531.3   0.861
Precision, Food                              0.420   0.938    1774.3   0.913
Plant Operator                               0.533   1.478    2851.1   0.906
Metal and Plastic Machine Operator           0.399   0.860    1753.5   0.811
Metal and Plastic Processing Operator        0.408   0.893     830.7   0.897
Woodworking Machine Operator                 0.372   0.766     694.3   0.992
Textile Machine Operator                     0.453   1.072    2418.0   0.851
Print Machine Operator                       0.387   0.817    1021.2   1.010
Machine Operator, Other                      0.405   0.879    6545.4   0.901
Fabricators                                  0.409   0.897    3143.2   0.869
Production Inspectors                        0.444   1.034    2159.0   0.903
Motor Vehicle Operator                       0.405   0.880    5306.4   0.898
Non Motor Vehicle Operator                   0.422   0.946    3204.8   0.820
Freight, Stock, Material Handler             0.395   0.845    4164.1   0.971

  MWM = 341885394.770
 
 
-------------------------------------------------------------
Estimating w and Z from YWM:   1970
-------------------------------------------------------------
 
                                                 s     phi         w     zWM
----------------------------------------------------------------------------
Home                                         0.555   1.614   10194.5   1.000
Executives, Administrative, and Managerial   0.557   1.627   12932.1   0.846
Management Related                           0.598   1.928    6212.7   0.935
Architects                                   0.725   3.421    1773.6   1.266
Engineers                                    0.640   2.302    8635.2   0.950
Math and Computer Science                    0.628   2.188    3705.6   0.943
Natural Science                              0.667   2.590    3621.0   1.125
Doctors                                      0.759   4.084    5759.8   1.247
Health Assessment                            0.686   2.833    2386.1   1.163
Therapists                                   0.669   2.616    1106.2   1.271
Professors                                   0.814   5.679    4690.0   2.017
Teachers          Non-Postsecondary          0.715   3.245    6685.0   1.457
Librarians  and Curators                     0.720   3.328     874.0   1.511
Social Scientists and Urban Planners         0.698   2.987    2804.2   1.139
Social Work                                  0.688   2.857    2692.9   1.581
Lawyers       and Judges                     0.763   4.174    5458.3   1.257
Arts and Athletes                            0.598   1.922    4303.4   0.977
Health Technicians                           0.597   1.918    1619.4   1.063
Engineering Technicians                      0.528   1.446    5065.4   0.873
Science Technicians                          0.583   1.812    1620.0   1.018
Technicians, Other                           0.586   1.834    4253.3   0.897
Sales, all                                   0.543   1.537    9949.7   0.864
Secretaries                                  0.536   1.495    1453.8   0.959
Info. Clerks                                 0.536   1.497    1642.7   0.932
Records Processing, Non-Financial            0.611   2.029    3206.8   0.990
Financial Records Processing                 0.533   1.478    2608.9   0.952
Office Machine Operator                      0.502   1.304     857.0   0.993
Computer/Communications Equip. Operator      0.509   1.341    1948.6   0.866
Mail Distribution                            0.501   1.299    2246.8   0.922
Scheduling and Distributing Clerks           0.483   1.209    3796.3   0.888
Adjusters and Investigators                  0.573   1.736    3104.3   0.959
Misc. Admin Support                          0.528   1.446    3745.1   0.925
Private Household Occupations                0.431   0.982     874.2   0.928
Firefighting                                 0.483   1.209    2431.5   0.796
Police                                       0.499   1.288    3831.9   0.827
Guards                                       0.493   1.258    1472.9   0.928
Food Prep    and Service                     0.455   1.079    1949.7   0.982
Health Service                               0.520   1.401     878.7   1.181
Cleaning and Building Service                0.436   1.001    2041.3   0.931
Personal Service                             0.439   1.015    2491.6   0.876
Farm Managers                                0.475   1.173    2909.0   1.048
Farm Work                                    0.399   0.861    1470.6   1.143
Related Agriculture                          0.431   0.979    1342.8   0.918
Forest, Logging, Fishers and Hunter          0.444   1.035     991.8   0.975
Mechanics                                    0.444   1.034    5527.4   0.813
Elec. Repairer                               0.481   1.199    4360.1   0.819
Misc. Repairer                               0.444   1.035    4419.3   0.790
Construction Trade                           0.451   1.062    7780.5   0.784
Extractive                                   0.429   0.972    1613.5   0.804
Supervisor(P)                                0.484   1.215    5862.1   0.767
Precision Metal                              0.465   1.127    4243.8   0.773
Precision Wood                               0.439   1.012     927.2   0.875
Precision, Textile                           0.405   0.880    1049.1   0.865
Precision, Other                             0.479   1.189    1229.7   0.808
Precision, Food                              0.443   1.030    2236.3   0.827
Plant Operator                               0.475   1.171    1650.5   0.782
Metal and Plastic Machine Operator           0.443   1.030    3462.6   0.804
Metal and Plastic Processing Operator        0.417   0.925    1223.1   0.769
Woodworking Machine Operator                 0.397   0.851     793.6   0.910
Textile Machine Operator                     0.472   1.156    2781.5   0.788
Print Machine Operator                       0.409   0.896    1746.2   0.911
Machine Operator, Other                      0.433   0.989    6293.3   0.827
Fabricators                                  0.440   1.015    4054.6   0.825
Production Inspectors                        0.482   1.205    2932.6   0.861
Motor Vehicle Operator                       0.437   1.006    5952.1   0.820
Non Motor Vehicle Operator                   0.439   1.014    3515.0   0.775
Freight, Stock, Material Handler             0.440   1.019    4172.8   0.909

  MWM = 354561912.438
 
 
-------------------------------------------------------------
Estimating w and Z from YWM:   1980
-------------------------------------------------------------
 
                                                 s     phi         w     zWM
----------------------------------------------------------------------------
Home                                         0.565   1.684    8842.1   1.000
Executives, Administrative, and Managerial   0.602   1.962   12198.1   0.854
Management Related                           0.631   2.210    7946.9   0.951
Architects                                   0.703   3.064    1950.8   1.216
Engineers                                    0.648   2.388    7490.0   0.889
Math and Computer Science                    0.652   2.420    3610.5   0.908
Natural Science                              0.702   3.046    3146.5   1.207
Doctors                                      0.758   4.060    6402.6   1.097
Health Assessment                            0.712   3.193    2689.6   1.214
Therapists                                   0.635   2.255    1626.8   1.106
Professors                                   0.811   5.545    2949.2   2.063
Teachers          Non-Postsecondary          0.709   3.156    5668.0   1.434
Librarians  and Curators                     0.724   3.400     876.4   1.586
Social Scientists and Urban Planners         0.727   3.442    2674.2   1.229
Social Work                                  0.690   2.876    2633.0   1.520
Lawyers       and Judges                     0.769   4.300    6093.3   1.251
Arts and Athletes                            0.633   2.235    3919.9   1.133
Health Technicians                           0.621   2.125    1915.0   1.112
Engineering Technicians                      0.558   1.636    4370.9   0.873
Science Technicians                          0.584   1.815    1718.5   0.927
Technicians, Other                           0.631   2.213    4635.3   0.988
Sales, all                                   0.577   1.765   10337.6   0.879
Secretaries                                  0.594   1.898     950.2   1.072
Info. Clerks                                 0.604   1.976    1425.4   1.048
Records Processing, Non-Financial            0.568   1.701    1645.4   0.998
Financial Records Processing                 0.586   1.832    1980.4   0.995
Office Machine Operator                      0.534   1.484     403.8   1.021
Computer/Communications Equip. Operator      0.559   1.643    2535.6   0.856
Mail Distribution                            0.535   1.491    2824.8   0.807
Scheduling and Distributing Clerks           0.525   1.428    3960.2   0.878
Adjusters and Investigators                  0.608   2.009    2198.5   1.007
Misc. Admin Support                          0.589   1.855    2712.8   1.025
Private Household Occupations                0.469   1.144     675.6   1.037
Firefighting                                 0.529   1.453    2432.7   0.797
Police                                       0.556   1.621    4152.5   0.844
Guards                                       0.537   1.504    1897.6   0.962
Food Prep    and Service                     0.520   1.401    2193.8   1.152
Health Service                               0.575   1.752    1291.2   1.188
Cleaning and Building Service                0.488   1.233    2772.0   0.948
Personal Service                             0.559   1.641    1716.1   1.075
Farm Managers                                0.526   1.439    2833.4   1.033
Farm Work                                    0.437   1.006    1656.7   0.989
Related Agriculture                          0.494   1.263    1508.1   1.005
Forest, Logging, Fishers and Hunter          0.489   1.240    1332.0   0.890
Mechanics                                    0.482   1.202    5695.2   0.791
Elec. Repairer                               0.509   1.344    4200.4   0.745
Misc. Repairer                               0.495   1.267    3574.3   0.770
Construction Trade                           0.495   1.271    8887.5   0.785
Extractive                                   0.468   1.138    2245.0   0.676
Supervisor(P)                                0.525   1.433    5775.2   0.750
Precision Metal                              0.490   1.243    3908.2   0.744
Precision Wood                               0.502   1.307     900.5   0.999
Precision, Textile                           0.448   1.049     725.8   0.919
Precision, Other                             0.504   1.316    1484.8   0.864
Precision, Food                              0.473   1.164    1973.3   0.769
Plant Operator                               0.520   1.401    2132.7   0.759
Metal and Plastic Machine Operator           0.469   1.142    2856.5   0.753
Metal and Plastic Processing Operator        0.463   1.116    1384.5   0.772
Woodworking Machine Operator                 0.465   1.124     966.0   0.908
Textile Machine Operator                     0.504   1.316    2090.5   0.811
Print Machine Operator                       0.435   0.996    1156.3   0.916
Machine Operator, Other                      0.472   1.155    5198.1   0.776
Fabricators                                  0.469   1.145    4579.6   0.779
Production Inspectors                        0.503   1.309    2650.9   0.784
Motor Vehicle Operator                       0.478   1.187    6375.8   0.777
Non Motor Vehicle Operator                   0.483   1.207    4249.3   0.708
Freight, Stock, Material Handler             0.478   1.183    4392.8   0.853

  MWM = 220943512.522
 
 
-------------------------------------------------------------
Estimating w and Z from YWM:   1990
-------------------------------------------------------------
 
                                                 s     phi         w     zWM
----------------------------------------------------------------------------
Home                                         0.555   1.611    8937.0   1.000
Executives, Administrative, and Managerial   0.582   1.800   12615.6   0.760
Management Related                           0.620   2.108    8279.0   0.860
Architects                                   0.649   2.398    2142.7   0.929
Engineers                                    0.638   2.279    8950.9   0.792
Math and Computer Science                    0.636   2.260    5244.2   0.799
Natural Science                              0.674   2.676    3069.4   1.059
Doctors                                      0.762   4.147    6739.9   1.020
Health Assessment                            0.650   2.405    2849.4   0.864
Therapists                                   0.633   2.236    1687.4   0.953
Professors                                   0.814   5.670    2450.3   2.102
Teachers          Non-Postsecondary          0.669   2.613    4012.2   1.224
Librarians  and Curators                     0.714   3.232     766.6   1.490
Social Scientists and Urban Planners         0.697   2.974    2383.2   1.064
Social Work                                  0.660   2.514    2290.6   1.316
Lawyers       and Judges                     0.765   4.211    7153.1   0.999
Arts and Athletes                            0.611   2.034    4588.6   0.982
Health Technicians                           0.585   1.824    2254.5   0.960
Engineering Technicians                      0.559   1.640    4723.9   0.825
Science Technicians                          0.569   1.708    1703.0   0.863
Technicians, Other                           0.603   1.968    5973.8   0.856
Sales, all                                   0.561   1.651   12246.0   0.799
Secretaries                                  0.578   1.771     911.1   1.055
Info. Clerks                                 0.581   1.794    1508.3   1.014
Records Processing, Non-Financial            0.575   1.752    1360.8   0.998
Financial Records Processing                 0.568   1.700    1677.1   0.984
Office Machine Operator                      0.519   1.399     463.9   0.993
Computer/Communications Equip. Operator      0.557   1.627    2410.6   0.868
Mail Distribution                            0.529   1.453    2807.3   0.787
Scheduling and Distributing Clerks           0.518   1.391    3969.0   0.878
Adjusters and Investigators                  0.586   1.829    2486.9   0.945
Misc. Admin Support                          0.579   1.782    2773.6   0.978
Private Household Occupations                0.484   1.213     669.1   1.065
Firefighting                                 0.532   1.469    2692.3   0.717
Police                                       0.541   1.527    4419.9   0.763
Guards                                       0.533   1.476    2167.2   0.956
Food Prep    and Service                     0.518   1.390    2917.7   1.124
Health Service                               0.557   1.630    1425.6   1.087
Cleaning and Building Service                0.493   1.261    3048.4   0.955
Personal Service                             0.545   1.553    1612.4   1.046
Farm Managers                                0.510   1.349    2434.1   0.994
Farm Work                                    0.447   1.047    1530.7   0.994
Related Agriculture                          0.485   1.217    2209.3   0.964
Forest, Logging, Fishers and Hunter          0.476   1.177    1281.4   0.876
Mechanics                                    0.493   1.257    6063.3   0.795
Elec. Repairer                               0.517   1.385    3644.8   0.786
Misc. Repairer                               0.501   1.301    3587.2   0.799
Construction Trade                           0.489   1.239    9440.6   0.790
Extractive                                   0.476   1.176    1645.2   0.710
Supervisor(P)                                0.511   1.353    4608.8   0.718
Precision Metal                              0.496   1.274    3997.9   0.746
Precision Wood                               0.492   1.252    1024.9   0.882
Precision, Textile                           0.471   1.151     787.9   0.936
Precision, Other                             0.498   1.285    1617.5   0.826
Precision, Food                              0.481   1.200    1740.8   0.852
Plant Operator                               0.517   1.384    2597.5   0.708
Metal and Plastic Machine Operator           0.475   1.173    1838.4   0.806
Metal and Plastic Processing Operator        0.480   1.197    1227.0   0.792
Woodworking Machine Operator                 0.471   1.154     984.3   0.941
Textile Machine Operator                     0.500   1.293    2483.3   0.794
Print Machine Operator                       0.465   1.124    1417.5   0.908
Machine Operator, Other                      0.482   1.205    4654.4   0.802
Fabricators                                  0.481   1.200    4274.8   0.821
Production Inspectors                        0.512   1.356    2605.1   0.795
Motor Vehicle Operator                       0.488   1.233    6379.0   0.811
Non Motor Vehicle Operator                   0.484   1.216    3237.0   0.734
Freight, Stock, Material Handler             0.489   1.239    4278.8   0.915

  MWM = 253235452.634
 
 
-------------------------------------------------------------
Estimating w and Z from YWM:   2000
-------------------------------------------------------------
 
                                                 s     phi         w     zWM
----------------------------------------------------------------------------
Home                                         0.528   1.448   12640.0   1.000
Executives, Administrative, and Managerial   0.595   1.898   14573.7   0.856
Management Related                           0.619   2.100   10128.4   0.962
Architects                                   0.664   2.561    2279.8   1.132
Engineers                                    0.641   2.313    8391.1   0.936
Math and Computer Science                    0.605   1.982    7620.1   0.916
Natural Science                              0.701   3.042    3389.5   1.412
Doctors                                      0.762   4.136    6272.4   1.203
Health Assessment                            0.643   2.336    3294.2   0.986
Therapists                                   0.659   2.500    2482.8   1.133
Professors                                   0.792   4.922    2950.1   2.327
Teachers          Non-Postsecondary          0.672   2.646    5245.6   1.444
Librarians  and Curators                     0.710   3.168     748.4   1.722
Social Scientists and Urban Planners         0.699   3.004    2188.3   1.268
Social Work                                  0.653   2.432    2557.8   1.468
Lawyers       and Judges                     0.763   4.175    7063.9   1.193
Arts and Athletes                            0.618   2.097    5430.9   1.141
Health Technicians                           0.576   1.761    2759.8   1.071
Engineering Technicians                      0.551   1.588    3621.2   0.989
Science Technicians                          0.563   1.669    1321.4   1.018
Technicians, Other                           0.627   2.172    8375.7   0.903
Sales, all                                   0.564   1.673   12746.9   0.924
Secretaries                                  0.585   1.828    1508.3   1.139
Info. Clerks                                 0.576   1.758    1552.4   1.225
Records Processing, Non-Financial            0.572   1.732    1238.3   1.229
Financial Records Processing                 0.567   1.695    1727.4   1.138
Office Machine Operator                      0.519   1.397     795.3   0.983
Computer/Communications Equip. Operator      0.563   1.671    1535.1   1.043
Mail Distribution                            0.527   1.444    2029.6   1.011
Scheduling and Distributing Clerks           0.516   1.382    4144.0   1.064
Adjusters and Investigators                  0.571   1.725    3959.4   1.080
Misc. Admin Support                          0.582   1.802    2426.1   1.191
Private Household Occupations                0.491   1.249     566.2   1.305
Firefighting                                 0.533   1.477    3028.5   0.846
Police                                       0.551   1.588    5821.0   0.917
Guards                                       0.531   1.463    2079.7   1.136
Food Prep    and Service                     0.515   1.377    3617.9   1.293
Health Service                               0.554   1.607    1392.3   1.321
Cleaning and Building Service                0.490   1.242    2648.2   1.112
Personal Service                             0.567   1.698    2345.0   1.219
Farm Managers                                0.519   1.399    1915.0   1.122
Farm Work                                    0.429   0.974    1437.1   1.127
Related Agriculture                          0.476   1.176    2666.1   1.103
Forest, Logging, Fishers and Hunter          0.473   1.163    1290.8   1.034
Mechanics                                    0.493   1.256    6233.4   0.921
Elec. Repairer                               0.513   1.361    4281.8   0.933
Misc. Repairer                               0.498   1.285    3242.9   0.948
Construction Trade                           0.480   1.193    9477.5   0.928
Extractive                                   0.477   1.183    1240.1   0.846
Supervisor(P)                                0.512   1.360    4226.7   0.865
Precision Metal                              0.497   1.277    3057.9   0.886
Precision Wood                               0.487   1.230     995.4   1.037
Precision, Textile                           0.472   1.157     705.0   1.004
Precision, Other                             0.531   1.465    1377.5   1.104
Precision, Food                              0.467   1.135    1469.0   1.046
Plant Operator                               0.508   1.334    1831.8   0.858
Metal and Plastic Machine Operator           0.476   1.175    1521.8   0.963
Metal and Plastic Processing Operator        0.485   1.217    1191.9   0.933
Woodworking Machine Operator                 0.477   1.179    2376.8   0.975
Textile Machine Operator                     0.498   1.286    1988.2   0.941
Print Machine Operator                       0.458   1.094    1303.8   1.067
Machine Operator, Other                      0.480   1.194    4171.0   0.956
Fabricators                                  0.483   1.208    4084.4   0.962
Production Inspectors                        0.519   1.397    2527.0   0.966
Motor Vehicle Operator                       0.488   1.234    6496.5   0.954
Non Motor Vehicle Operator                   0.483   1.209    3081.9   0.863
Freight, Stock, Material Handler             0.487   1.227    3701.3   1.079

  MWM = 405968359.492
 
 
-------------------------------------------------------------
Estimating w and Z from YWM:   2010
-------------------------------------------------------------
 
                                                 s     phi         w     zWM
----------------------------------------------------------------------------
Home                                         0.582   1.800   12743.2   1.000
Executives, Administrative, and Managerial   0.601   1.948   13865.7   0.756
Management Related                           0.633   2.230   10769.7   0.804
Architects                                   0.671   2.642    1992.4   0.944
Engineers                                    0.651   2.415    8660.3   0.753
Math and Computer Science                    0.606   1.991    7718.0   0.783
Natural Science                              0.705   3.096    3710.7   1.101
Doctors                                      0.762   4.155    6135.0   0.990
Health Assessment                            0.671   2.644    4253.6   0.808
Therapists                                   0.692   2.912    2907.3   0.981
Professors                                   0.804   5.314    3399.5   2.093
Teachers          Non-Postsecondary          0.687   2.835    6471.5   1.188
Librarians  and Curators                     0.737   3.631     723.0   1.598
Social Scientists and Urban Planners         0.678   2.728    2866.1   0.941
Social Work                                  0.658   2.493    2937.1   1.223
Lawyers       and Judges                     0.764   4.180    7904.4   0.896
Arts and Athletes                            0.636   2.259    5616.6   0.989
Health Technicians                           0.578   1.775    3199.2   0.876
Engineering Technicians                      0.570   1.713    3552.9   0.825
Science Technicians                          0.581   1.798    1435.7   0.856
Technicians, Other                           0.631   2.213    8303.5   0.745
Sales, all                                   0.574   1.743   11534.6   0.860
Secretaries                                  0.608   2.006    1644.5   1.067
Info. Clerks                                 0.578   1.771    1683.3   1.099
Records Processing, Non-Financial            0.600   1.943    1425.3   1.098
Financial Records Processing                 0.576   1.761    1849.9   0.968
Office Machine Operator                      0.573   1.738     425.6   1.112
Computer/Communications Equip. Operator      0.567   1.695    1055.9   0.939
Mail Distribution                            0.539   1.515    1934.9   0.865
Scheduling and Distributing Clerks           0.535   1.491    3950.2   1.005
Adjusters and Investigators                  0.574   1.746    4040.8   0.986
Misc. Admin Support                          0.593   1.884    2638.0   1.053
Private Household Occupations                0.484   1.214     570.0   1.196
Firefighting                                 0.550   1.584    3650.4   0.681
Police                                       0.560   1.644    6019.9   0.737
Guards                                       0.552   1.597    2736.9   0.986
Food Prep    and Service                     0.536   1.496    4372.6   1.240
Health Service                               0.564   1.677    1905.5   1.153
Cleaning and Building Service                0.507   1.330    2778.7   1.018
Personal Service                             0.579   1.784    2515.9   1.124
Farm Managers                                0.523   1.417    2179.0   0.845
Farm Work                                    0.418   0.929    1868.7   0.938
Related Agriculture                          0.475   1.173    2903.4   1.023
Forest, Logging, Fishers and Hunter          0.491   1.248    1170.2   0.864
Mechanics                                    0.504   1.316    5581.3   0.799
Elec. Repairer                               0.522   1.412    4138.9   0.809
Misc. Repairer                               0.508   1.335    3266.0   0.800
Construction Trade                           0.483   1.209    8870.3   0.819
Extractive                                   0.485   1.221    2693.2   0.625
Supervisor(P)                                0.519   1.394    3037.4   0.743
Precision Metal                              0.502   1.305    2063.9   0.785
Precision Wood                               0.491   1.248     679.1   0.952
Precision, Textile                           0.479   1.192     433.8   1.009
Precision, Other                             0.547   1.565    1585.8   0.961
Precision, Food                              0.474   1.165    1401.6   0.972
Plant Operator                               0.530   1.460    2117.5   0.692
Metal and Plastic Machine Operator           0.474   1.168    1160.3   0.836
Metal and Plastic Processing Operator        0.497   1.279     657.3   0.866
Woodworking Machine Operator                 0.480   1.196    1769.8   0.856
Textile Machine Operator                     0.505   1.321    1223.4   0.897
Print Machine Operator                       0.464   1.121     871.8   0.991
Machine Operator, Other                      0.489   1.237    3729.6   0.862
Fabricators                                  0.485   1.220    3580.8   0.844
Production Inspectors                        0.528   1.446    2503.8   0.819
Motor Vehicle Operator                       0.501   1.301    5394.0   0.880
Non Motor Vehicle Operator                   0.495   1.271    3397.6   0.699
Freight, Stock, Material Handler             0.503   1.311    3776.0   1.015

  MWM = 219767187.235
 
 
-------------------------------------------------------------
Estimating w and Z from YWM:   2023
-------------------------------------------------------------
 
                                                 s     phi         w     zWM
----------------------------------------------------------------------------
Home                                         0.583   1.812   12478.1   1.000
Executives, Administrative, and Managerial   0.604   1.975   16901.3   0.734
Management Related                           0.637   2.275   12817.8   0.793
Architects                                   0.672   2.647    2467.6   0.895
Engineers                                    0.654   2.444   11981.4   0.767
Math and Computer Science                    0.620   2.110    9659.5   0.813
Natural Science                              0.702   3.049    4724.6   1.061
Doctors                                      0.767   4.267    6705.5   1.053
Health Assessment                            0.673   2.669    5687.2   0.831
Therapists                                   0.715   3.247    4148.8   1.084
Professors                                   0.780   4.590    2755.1   1.778
Teachers          Non-Postsecondary          0.691   2.889    5936.5   1.330
Librarians  and Curators                     0.710   3.172     847.9   1.604
Social Scientists and Urban Planners         0.666   2.586    3836.8   0.882
Social Work                                  0.661   2.527    2870.0   1.227
Lawyers       and Judges                     0.747   3.823    7456.9   0.835
Arts and Athletes                            0.641   2.314    5410.0   1.062
Health Technicians                           0.599   1.934    3799.1   0.901
Engineering Technicians                      0.570   1.717    4175.8   0.837
Science Technicians                          0.567   1.698    1491.1   0.812
Technicians, Other                           0.640   2.300   12985.1   0.675
Sales, all                                   0.571   1.726   11084.4   0.847
Secretaries                                  0.617   2.088    1580.3   1.089
Info. Clerks                                 0.586   1.832    1668.2   1.114
Records Processing, Non-Financial            0.637   2.270    1490.2   1.079
Financial Records Processing                 0.588   1.847    2007.0   0.957
Office Machine Operator                      0.538   1.509     622.0   0.942
Computer/Communications Equip. Operator      0.522   1.413     391.7   0.757
Mail Distribution                            0.556   1.618    2375.5   1.012
Scheduling and Distributing Clerks           0.550   1.580    4113.8   1.023
Adjusters and Investigators                  0.588   1.846    4500.2   0.962
Misc. Admin Support                          0.599   1.930    3481.9   0.997
Private Household Occupations                0.517   1.385     597.4   1.252
Firefighting                                 0.551   1.590    3755.6   0.728
Police                                       0.567   1.693    6234.7   0.743
Guards                                       0.528   1.450    2495.2   0.982
Food Prep    and Service                     0.549   1.573    4222.1   1.189
Health Service                               0.570   1.717    2219.9   1.120
Cleaning and Building Service                0.521   1.408    3175.2   1.002
Personal Service                             0.602   1.955    2692.3   1.165
Farm Managers                                0.535   1.491    2147.3   0.870
Farm Work                                    0.478   1.187    1711.1   0.991
Related Agriculture                          0.499   1.287    2928.5   0.954
Forest, Logging, Fishers and Hunter          0.496   1.276    1125.7   0.873
Mechanics                                    0.506   1.324    5989.8   0.766
Elec. Repairer                               0.511   1.351    3839.3   0.799
Misc. Repairer                               0.511   1.352    4041.7   0.770
Construction Trade                           0.489   1.241    8974.2   0.783
Extractive                                   0.490   1.242    1833.8   0.669
Supervisor(P)                                0.526   1.439    3082.5   0.744
Precision Metal                              0.514   1.370    2250.2   0.786
Precision Wood                               0.496   1.273     600.3   0.875
Precision, Textile                           0.442   1.026     422.9   0.830
Precision, Other                             0.580   1.790    1861.4   1.050
Precision, Food                              0.503   1.310    1358.9   1.008
Plant Operator                               0.533   1.478    2448.0   0.723
Metal and Plastic Machine Operator           0.499   1.287    1022.2   0.876
Metal and Plastic Processing Operator        0.491   1.251     508.4   0.856
Woodworking Machine Operator                 0.499   1.289    1756.3   0.852
Textile Machine Operator                     0.540   1.518     801.0   1.029
Print Machine Operator                       0.504   1.315     669.3   1.053
Machine Operator, Other                      0.506   1.326    4222.1   0.837
Fabricators                                  0.493   1.261    3734.0   0.821
Production Inspectors                        0.524   1.427    2693.2   0.819
Motor Vehicle Operator                       0.510   1.350    5769.7   0.867
Non Motor Vehicle Operator                   0.504   1.316    3327.8   0.727
Freight, Stock, Material Handler             0.526   1.434    3970.2   1.032

  MWM = 234230924.892
 
 
=============================================================================
 Summary of Results for w, phi, s, Z from Young WM... (solveWMfor_w_phi.m)
=============================================================================
 
Values for w(i,t) --- wage per unit of human capital
 
                                              1960    1970    1980    1990    2000    2010
------------------------------------------------------------------------------------------
Home                                          7780   10194    8842    8937   12640   12743   12478
Executives, Administrative, and Managerial    9172   12932   12198   12616   14574   13866   16901
Management Related                            6201    6213    7947    8279   10128   10770   12818
Architects                                    1206    1774    1951    2143    2280    1992    2468
Engineers                                     7359    8635    7490    8951    8391    8660   11981
Math and Computer Science                     1204    3706    3610    5244    7620    7718    9660
Natural Science                               3100    3621    3147    3069    3389    3711    4725
Doctors                                       4047    5760    6403    6740    6272    6135    6706
Health Assessment                             1970    2386    2690    2849    3294    4254    5687
Therapists                                     665    1106    1627    1687    2483    2907    4149
Professors                                    2493    4690    2949    2450    2950    3399    2755
Teachers          Non-Postsecondary           4463    6685    5668    4012    5246    6471    5937
Librarians  and Curators                       433     874     876     767     748     723     848
Social Scientists and Urban Planners          1510    2804    2674    2383    2188    2866    3837
Social Work                                   2111    2693    2633    2291    2558    2937    2870
Lawyers       and Judges                      3621    5458    6093    7153    7064    7904    7457
Arts and Athletes                             3899    4303    3920    4589    5431    5617    5410
Health Technicians                            1137    1619    1915    2255    2760    3199    3799
Engineering Technicians                       3738    5065    4371    4724    3621    3553    4176
Science Technicians                           2387    1620    1718    1703    1321    1436    1491
Technicians, Other                            1769    4253    4635    5974    8376    8304   12985
Sales, all                                    8479    9950   10338   12246   12747   11535   11084
Secretaries                                   1187    1454     950     911    1508    1644    1580
Info. Clerks                                  1068    1643    1425    1508    1552    1683    1668
Records Processing, Non-Financial             1668    3207    1645    1361    1238    1425    1490
Financial Records Processing                  1801    2609    1980    1677    1727    1850    2007
Office Machine Operator                       1484     857     404     464     795     426     622
Computer/Communications Equip. Operator        786    1949    2536    2411    1535    1056     392
Mail Distribution                             2293    2247    2825    2807    2030    1935    2376
Scheduling and Distributing Clerks            2743    3796    3960    3969    4144    3950    4114
Adjusters and Investigators                   1670    3104    2199    2487    3959    4041    4500
Misc. Admin Support                           4687    3745    2713    2774    2426    2638    3482
Private Household Occupations                  701     874     676     669     566     570     597
Firefighting                                  1778    2432    2433    2692    3029    3650    3756
Police                                        2608    3832    4153    4420    5821    6020    6235
Guards                                        1201    1473    1898    2167    2080    2737    2495
Food Prep    and Service                      1616    1950    2194    2918    3618    4373    4222
Health Service                                 687     879    1291    1426    1392    1905    2220
Cleaning and Building Service                  989    2041    2772    3048    2648    2779    3175
Personal Service                              1791    2492    1716    1612    2345    2516    2692
Farm Managers                                 2597    2909    2833    2434    1915    2179    2147
Farm Work                                     1298    1471    1657    1531    1437    1869    1711
Related Agriculture                            843    1343    1508    2209    2666    2903    2929
Forest, Logging, Fishers and Hunter            792     992    1332    1281    1291    1170    1126
Mechanics                                     3474    5527    5695    6063    6233    5581    5990
Elec. Repairer                                3689    4360    4200    3645    4282    4139    3839
Misc. Repairer                                4270    4419    3574    3587    3243    3266    4042
Construction Trade                            5773    7780    8887    9441    9477    8870    8974
Extractive                                    2101    1614    2245    1645    1240    2693    1834
Supervisor(P)                                 4431    5862    5775    4609    4227    3037    3083
Precision Metal                               4027    4244    3908    3998    3058    2064    2250
Precision Wood                                 806     927     900    1025     995     679     600
Precision, Textile                             919    1049     726     788     705     434     423
Precision, Other                              1531    1230    1485    1617    1378    1586    1861
Precision, Food                               1774    2236    1973    1741    1469    1402    1359
Plant Operator                                2851    1650    2133    2598    1832    2118    2448
Metal and Plastic Machine Operator            1754    3463    2856    1838    1522    1160    1022
Metal and Plastic Processing Operator          831    1223    1385    1227    1192     657     508
Woodworking Machine Operator                   694     794     966     984    2377    1770    1756
Textile Machine Operator                      2418    2781    2091    2483    1988    1223     801
Print Machine Operator                        1021    1746    1156    1418    1304     872     669
Machine Operator, Other                       6545    6293    5198    4654    4171    3730    4222
Fabricators                                   3143    4055    4580    4275    4084    3581    3734
Production Inspectors                         2159    2933    2651    2605    2527    2504    2693
Motor Vehicle Operator                        5306    5952    6376    6379    6496    5394    5770
Non Motor Vehicle Operator                    3205    3515    4249    3237    3082    3398    3328
Freight, Stock, Material Handler              4164    4173    4393    4279    3701    3776    3970
 
 
Values for phi(i,t)
 
                                              1960    1970    1980    1990    2000    2010
------------------------------------------------------------------------------------------
Home                                         1.273   1.614   1.684   1.611   1.448   1.800   1.812
Executives, Administrative, and Managerial   1.431   1.627   1.962   1.800   1.898   1.948   1.975
Management Related                           1.911   1.928   2.210   2.108   2.100   2.230   2.275
Architects                                   2.900   3.421   3.064   2.398   2.561   2.642   2.647
Engineers                                    2.178   2.302   2.388   2.279   2.313   2.415   2.444
Math and Computer Science                    2.448   2.188   2.420   2.260   1.982   1.991   2.110
Natural Science                              2.489   2.590   3.046   2.676   3.042   3.096   3.049
Doctors                                      3.907   4.084   4.060   4.147   4.136   4.155   4.267
Health Assessment                            2.587   2.833   3.193   2.405   2.336   2.644   2.669
Therapists                                   2.956   2.616   2.255   2.236   2.500   2.912   3.247
Professors                                   5.850   5.679   5.545   5.670   4.922   5.314   4.590
Teachers          Non-Postsecondary          2.937   3.245   3.156   2.613   2.646   2.835   2.889
Librarians  and Curators                     3.247   3.328   3.400   3.232   3.168   3.631   3.172
Social Scientists and Urban Planners         3.057   2.987   3.442   2.974   3.004   2.728   2.586
Social Work                                  3.025   2.857   2.876   2.514   2.432   2.493   2.527
Lawyers       and Judges                     3.986   4.174   4.300   4.211   4.175   4.180   3.823
Arts and Athletes                            2.023   1.922   2.235   2.034   2.097   2.259   2.314
Health Technicians                           1.426   1.918   2.125   1.824   1.761   1.775   1.934
Engineering Technicians                      1.369   1.446   1.636   1.640   1.588   1.713   1.717
Science Technicians                          1.408   1.812   1.815   1.708   1.669   1.798   1.698
Technicians, Other                           1.531   1.834   2.213   1.968   2.172   2.213   2.300
Sales, all                                   1.470   1.537   1.765   1.651   1.673   1.743   1.726
Secretaries                                  1.402   1.495   1.898   1.771   1.828   2.006   2.088
Info. Clerks                                 1.310   1.497   1.976   1.794   1.758   1.771   1.832
Records Processing, Non-Financial            2.077   2.029   1.701   1.752   1.732   1.943   2.270
Financial Records Processing                 1.430   1.478   1.832   1.700   1.695   1.761   1.847
Office Machine Operator                      1.296   1.304   1.484   1.399   1.397   1.738   1.509
Computer/Communications Equip. Operator      1.143   1.341   1.643   1.627   1.671   1.695   1.413
Mail Distribution                            1.239   1.299   1.491   1.453   1.444   1.515   1.618
Scheduling and Distributing Clerks           1.023   1.209   1.428   1.391   1.382   1.491   1.580
Adjusters and Investigators                  1.746   1.736   2.009   1.829   1.725   1.746   1.846
Misc. Admin Support                          1.360   1.446   1.855   1.782   1.802   1.884   1.930
Private Household Occupations                0.929   0.982   1.144   1.213   1.249   1.214   1.385
Firefighting                                 1.094   1.209   1.453   1.469   1.477   1.584   1.590
Police                                       1.166   1.288   1.621   1.527   1.588   1.644   1.693
Guards                                       1.043   1.258   1.504   1.476   1.463   1.597   1.450
Food Prep    and Service                     0.930   1.079   1.401   1.390   1.377   1.496   1.573
Health Service                               1.011   1.401   1.752   1.630   1.607   1.677   1.717
Cleaning and Building Service                0.875   1.001   1.233   1.261   1.242   1.330   1.408
Personal Service                             1.010   1.015   1.641   1.553   1.698   1.784   1.955
Farm Managers                                0.992   1.173   1.439   1.349   1.399   1.417   1.491
Farm Work                                    0.660   0.861   1.006   1.047   0.974   0.929   1.187
Related Agriculture                          0.867   0.979   1.263   1.217   1.176   1.173   1.287
Forest, Logging, Fishers and Hunter          0.790   1.035   1.240   1.177   1.163   1.248   1.276
Mechanics                                    0.929   1.034   1.202   1.257   1.256   1.316   1.324
Elec. Repairer                               1.126   1.199   1.344   1.385   1.361   1.412   1.351
Misc. Repairer                               0.985   1.035   1.267   1.301   1.285   1.335   1.352
Construction Trade                           0.970   1.062   1.271   1.239   1.193   1.209   1.241
Extractive                                   0.872   0.972   1.138   1.176   1.183   1.221   1.242
Supervisor(P)                                1.113   1.215   1.433   1.353   1.360   1.394   1.439
Precision Metal                              0.992   1.127   1.243   1.274   1.277   1.305   1.370
Precision Wood                               0.922   1.012   1.307   1.252   1.230   1.248   1.273
Precision, Textile                           0.809   0.880   1.049   1.151   1.157   1.192   1.026
Precision, Other                             0.992   1.189   1.316   1.285   1.465   1.565   1.790
Precision, Food                              0.938   1.030   1.164   1.200   1.135   1.165   1.310
Plant Operator                               1.478   1.171   1.401   1.384   1.334   1.460   1.478
Metal and Plastic Machine Operator           0.860   1.030   1.142   1.173   1.175   1.168   1.287
Metal and Plastic Processing Operator        0.893   0.925   1.116   1.197   1.217   1.279   1.251
Woodworking Machine Operator                 0.766   0.851   1.124   1.154   1.179   1.196   1.289
Textile Machine Operator                     1.072   1.156   1.316   1.293   1.286   1.321   1.518
Print Machine Operator                       0.817   0.896   0.996   1.124   1.094   1.121   1.315
Machine Operator, Other                      0.879   0.989   1.155   1.205   1.194   1.237   1.326
Fabricators                                  0.897   1.015   1.145   1.200   1.208   1.220   1.261
Production Inspectors                        1.034   1.205   1.309   1.356   1.397   1.446   1.427
Motor Vehicle Operator                       0.880   1.006   1.187   1.233   1.234   1.301   1.350
Non Motor Vehicle Operator                   0.946   1.014   1.207   1.216   1.209   1.271   1.316
Freight, Stock, Material Handler             0.845   1.019   1.183   1.239   1.227   1.311   1.434
 
 
Values for s(i,t)
 
                                              1960    1970    1980    1990    2000    2010
------------------------------------------------------------------------------------------
Home                                         0.496   0.555   0.565   0.555   0.528   0.582   0.583
Executives, Administrative, and Managerial   0.525   0.557   0.602   0.582   0.595   0.601   0.604
Management Related                           0.596   0.598   0.631   0.620   0.619   0.633   0.637
Architects                                   0.691   0.725   0.703   0.649   0.664   0.671   0.672
Engineers                                    0.627   0.640   0.648   0.638   0.641   0.651   0.654
Math and Computer Science                    0.654   0.628   0.652   0.636   0.605   0.606   0.620
Natural Science                              0.658   0.667   0.702   0.674   0.701   0.705   0.702
Doctors                                      0.751   0.759   0.758   0.762   0.762   0.762   0.767
Health Assessment                            0.667   0.686   0.712   0.650   0.643   0.671   0.673
Therapists                                   0.695   0.669   0.635   0.633   0.659   0.692   0.715
Professors                                   0.819   0.814   0.811   0.814   0.792   0.804   0.780
Teachers          Non-Postsecondary          0.694   0.715   0.709   0.669   0.672   0.687   0.691
Librarians  and Curators                     0.715   0.720   0.724   0.714   0.710   0.737   0.710
Social Scientists and Urban Planners         0.703   0.698   0.727   0.697   0.699   0.678   0.666
Social Work                                  0.700   0.688   0.690   0.660   0.653   0.658   0.661
Lawyers       and Judges                     0.755   0.763   0.769   0.765   0.763   0.764   0.747
Arts and Athletes                            0.610   0.598   0.633   0.611   0.618   0.636   0.641
Health Technicians                           0.524   0.597   0.621   0.585   0.576   0.578   0.599
Engineering Technicians                      0.514   0.528   0.558   0.559   0.551   0.570   0.570
Science Technicians                          0.521   0.583   0.584   0.569   0.563   0.581   0.567
Technicians, Other                           0.542   0.586   0.631   0.603   0.627   0.631   0.640
Sales, all                                   0.532   0.543   0.577   0.561   0.564   0.574   0.571
Secretaries                                  0.520   0.536   0.594   0.578   0.585   0.608   0.617
Info. Clerks                                 0.503   0.536   0.604   0.581   0.576   0.578   0.586
Records Processing, Non-Financial            0.616   0.611   0.568   0.575   0.572   0.600   0.637
Financial Records Processing                 0.525   0.533   0.586   0.568   0.567   0.576   0.588
Office Machine Operator                      0.500   0.502   0.534   0.519   0.519   0.573   0.538
Computer/Communications Equip. Operator      0.469   0.509   0.559   0.557   0.563   0.567   0.522
Mail Distribution                            0.489   0.501   0.535   0.529   0.527   0.539   0.556
Scheduling and Distributing Clerks           0.441   0.483   0.525   0.518   0.516   0.535   0.550
Adjusters and Investigators                  0.574   0.573   0.608   0.586   0.571   0.574   0.588
Misc. Admin Support                          0.512   0.528   0.589   0.579   0.582   0.593   0.599
Private Household Occupations                0.418   0.431   0.469   0.484   0.491   0.484   0.517
Firefighting                                 0.458   0.483   0.529   0.532   0.533   0.550   0.551
Police                                       0.474   0.499   0.556   0.541   0.551   0.560   0.567
Guards                                       0.446   0.493   0.537   0.533   0.531   0.552   0.528
Food Prep    and Service                     0.418   0.455   0.520   0.518   0.515   0.536   0.549
Health Service                               0.439   0.520   0.575   0.557   0.554   0.564   0.570
Cleaning and Building Service                0.403   0.436   0.488   0.493   0.490   0.507   0.521
Personal Service                             0.438   0.439   0.559   0.545   0.567   0.579   0.602
Farm Managers                                0.434   0.475   0.526   0.510   0.519   0.523   0.535
Farm Work                                    0.338   0.399   0.437   0.447   0.429   0.418   0.478
Related Agriculture                          0.401   0.431   0.494   0.485   0.476   0.475   0.499
Forest, Logging, Fishers and Hunter          0.379   0.444   0.489   0.476   0.473   0.491   0.496
Mechanics                                    0.418   0.444   0.482   0.493   0.493   0.504   0.506
Elec. Repairer                               0.465   0.481   0.509   0.517   0.513   0.522   0.511
Misc. Repairer                               0.432   0.444   0.495   0.501   0.498   0.508   0.511
Construction Trade                           0.428   0.451   0.495   0.489   0.480   0.483   0.489
Extractive                                   0.402   0.429   0.468   0.476   0.477   0.485   0.490
Supervisor(P)                                0.462   0.484   0.525   0.511   0.512   0.519   0.526
Precision Metal                              0.434   0.465   0.490   0.496   0.497   0.502   0.514
Precision Wood                               0.416   0.439   0.502   0.492   0.487   0.491   0.496
Precision, Textile                           0.385   0.405   0.448   0.471   0.472   0.479   0.442
Precision, Other                             0.434   0.479   0.504   0.498   0.531   0.547   0.580
Precision, Food                              0.420   0.443   0.473   0.481   0.467   0.474   0.503
Plant Operator                               0.533   0.475   0.520   0.517   0.508   0.530   0.533
Metal and Plastic Machine Operator           0.399   0.443   0.469   0.475   0.476   0.474   0.499
Metal and Plastic Processing Operator        0.408   0.417   0.463   0.480   0.485   0.497   0.491
Woodworking Machine Operator                 0.372   0.397   0.465   0.471   0.477   0.480   0.499
Textile Machine Operator                     0.453   0.472   0.504   0.500   0.498   0.505   0.540
Print Machine Operator                       0.387   0.409   0.435   0.465   0.458   0.464   0.504
Machine Operator, Other                      0.405   0.433   0.472   0.482   0.480   0.489   0.506
Fabricators                                  0.409   0.440   0.469   0.481   0.483   0.485   0.493
Production Inspectors                        0.444   0.482   0.503   0.512   0.519   0.528   0.524
Motor Vehicle Operator                       0.405   0.437   0.478   0.488   0.488   0.501   0.510
Non Motor Vehicle Operator                   0.422   0.439   0.483   0.484   0.483   0.495   0.504
Freight, Stock, Material Handler             0.395   0.440   0.478   0.489   0.487   0.503   0.526
 
 
Values for ZWM(i,t)
 
                                              1960    1970    1980    1990    2000    2010
------------------------------------------------------------------------------------------
Home                                         1.000   1.000   1.000   1.000   1.000   1.000   1.000
Executives, Administrative, and Managerial   0.915   0.846   0.854   0.760   0.856   0.756   0.734
Management Related                           1.090   0.935   0.951   0.860   0.962   0.804   0.793
Architects                                   1.282   1.266   1.216   0.929   1.132   0.944   0.895
Engineers                                    1.030   0.950   0.889   0.792   0.936   0.753   0.767
Math and Computer Science                    1.149   0.943   0.908   0.799   0.916   0.783   0.813
Natural Science                              1.226   1.125   1.207   1.059   1.412   1.101   1.061
Doctors                                      1.614   1.247   1.097   1.020   1.203   0.990   1.053
Health Assessment                            1.251   1.163   1.214   0.864   0.986   0.808   0.831
Therapists                                   1.633   1.271   1.106   0.953   1.133   0.981   1.084
Professors                                   2.346   2.017   2.063   2.102   2.327   2.093   1.778
Teachers          Non-Postsecondary          1.613   1.457   1.434   1.224   1.444   1.188   1.330
Librarians  and Curators                     1.771   1.511   1.586   1.490   1.722   1.598   1.604
Social Scientists and Urban Planners         1.373   1.139   1.229   1.064   1.268   0.941   0.882
Social Work                                  2.044   1.581   1.520   1.316   1.468   1.223   1.227
Lawyers       and Judges                     1.498   1.257   1.251   0.999   1.193   0.896   0.835
Arts and Athletes                            1.142   0.977   1.133   0.982   1.141   0.989   1.062
Health Technicians                           1.088   1.063   1.112   0.960   1.071   0.876   0.901
Engineering Technicians                      0.941   0.873   0.873   0.825   0.989   0.825   0.837
Science Technicians                          0.986   1.018   0.927   0.863   1.018   0.856   0.812
Technicians, Other                           1.011   0.897   0.988   0.856   0.903   0.745   0.675
Sales, all                                   0.989   0.864   0.879   0.799   0.924   0.860   0.847
Secretaries                                  1.050   0.959   1.072   1.055   1.139   1.067   1.089
Info. Clerks                                 1.004   0.932   1.048   1.014   1.225   1.099   1.114
Records Processing, Non-Financial            1.186   0.990   0.998   0.998   1.229   1.098   1.079
Financial Records Processing                 1.112   0.952   0.995   0.984   1.138   0.968   0.957
Office Machine Operator                      1.008   0.993   1.021   0.993   0.983   1.112   0.942
Computer/Communications Equip. Operator      0.871   0.866   0.856   0.868   1.043   0.939   0.757
Mail Distribution                            0.980   0.922   0.807   0.787   1.011   0.865   1.012
Scheduling and Distributing Clerks           0.967   0.888   0.878   0.878   1.064   1.005   1.023
Adjusters and Investigators                  1.151   0.959   1.007   0.945   1.080   0.986   0.962
Misc. Admin Support                          1.040   0.925   1.025   0.978   1.191   1.053   0.997
Private Household Occupations                0.939   0.928   1.037   1.065   1.305   1.196   1.252
Firefighting                                 0.923   0.796   0.797   0.717   0.846   0.681   0.728
Police                                       0.963   0.827   0.844   0.763   0.917   0.737   0.743
Guards                                       0.960   0.928   0.962   0.956   1.136   0.986   0.982
Food Prep    and Service                     1.068   0.982   1.152   1.124   1.293   1.240   1.189
Health Service                               1.238   1.181   1.188   1.087   1.321   1.153   1.120
Cleaning and Building Service                1.080   0.931   0.948   0.955   1.112   1.018   1.002
Personal Service                             1.025   0.876   1.075   1.046   1.219   1.124   1.165
Farm Managers                                1.366   1.048   1.033   0.994   1.122   0.845   0.870
Farm Work                                    1.353   1.143   0.989   0.994   1.127   0.938   0.991
Related Agriculture                          0.977   0.918   1.005   0.964   1.103   1.023   0.954
Forest, Logging, Fishers and Hunter          1.102   0.975   0.890   0.876   1.034   0.864   0.873
Mechanics                                    0.928   0.813   0.791   0.795   0.921   0.799   0.766
Elec. Repairer                               0.899   0.819   0.745   0.786   0.933   0.809   0.799
Misc. Repairer                               0.900   0.790   0.770   0.799   0.948   0.800   0.770
Construction Trade                           0.856   0.784   0.785   0.790   0.928   0.819   0.783
Extractive                                   0.837   0.804   0.676   0.710   0.846   0.625   0.669
Supervisor(P)                                0.826   0.767   0.750   0.718   0.865   0.743   0.744
Precision Metal                              0.829   0.773   0.744   0.746   0.886   0.785   0.786
Precision Wood                               0.932   0.875   0.999   0.882   1.037   0.952   0.875
Precision, Textile                           0.919   0.865   0.919   0.936   1.004   1.009   0.830
Precision, Other                             0.861   0.808   0.864   0.826   1.104   0.961   1.050
Precision, Food                              0.913   0.827   0.769   0.852   1.046   0.972   1.008
Plant Operator                               0.906   0.782   0.759   0.708   0.858   0.692   0.723
Metal and Plastic Machine Operator           0.811   0.804   0.753   0.806   0.963   0.836   0.876
Metal and Plastic Processing Operator        0.897   0.769   0.772   0.792   0.933   0.866   0.856
Woodworking Machine Operator                 0.992   0.910   0.908   0.941   0.975   0.856   0.852
Textile Machine Operator                     0.851   0.788   0.811   0.794   0.941   0.897   1.029
Print Machine Operator                       1.010   0.911   0.916   0.908   1.067   0.991   1.053
Machine Operator, Other                      0.901   0.827   0.776   0.802   0.956   0.862   0.837
Fabricators                                  0.869   0.825   0.779   0.821   0.962   0.844   0.821
Production Inspectors                        0.903   0.861   0.784   0.795   0.966   0.819   0.819
Motor Vehicle Operator                       0.898   0.820   0.777   0.811   0.954   0.880   0.867
Non Motor Vehicle Operator                   0.820   0.775   0.708   0.734   0.863   0.699   0.727
Freight, Stock, Material Handler             0.971   0.909   0.853   0.915   1.079   1.015   1.032
 
 
WageBarHomeY(g,t):
 
               1960    1970    1980    1990    2000    2010
-----------------------------------------------------------
White Men     39408   46685   40135   39456   48792   45138   47044
White Women   11909   16192   16495   19894   30495   30243   33408
Black Men     24539   32568   23020   21696   29359   28833   32066
Black Women   12883   18864   18146   19661   30731   31906   33710
 
 
 
>>> Calling GetTExperience: Loop = 1
 
 
===========================================================
GetTExperience.m:
Fixing tauhat_y missing values --> tauhat_y_cleaned (just for robustness cases)
 -- Use first non-missing value
 
===========================================================
 
*********************
White Women
*********************
 
tauhat_y_cleaned Firefighting     NaN 12.7721  9.7087  6.0175  5.4037  5.1955  4.0926
tauhat_y_cleaned Firefighting 12.7721 12.7721  9.7087  6.0175  5.4037  5.1955  4.0926
tauhat_y_cleaned Forest     NaN 19.4901  5.9951  4.5321  4.8984  3.7356  2.4840
tauhat_y_cleaned Forest 19.4901 19.4901  5.9951  4.5321  4.8984  3.7356  2.4840
 
*********************
Black Men
*********************
 
tauhat_y_cleaned Architects     NaN  2.2799  2.6102  1.9263  2.1000  2.0045  2.3009
tauhat_y_cleaned Architects  2.2799  2.2799  2.6102  1.9263  2.1000  2.0045  2.3009
tauhat_y_cleaned Librarians     NaN  1.3797  1.1215  1.2106  1.9407  1.2910  0.7190
tauhat_y_cleaned Librarians  1.3797  1.3797  1.1215  1.2106  1.9407  1.2910  0.7190
tauhat_y_cleaned WoodWork  3.1801  1.5853  1.6139  1.8802  2.5269  2.4757     NaN
tauhat_y_cleaned WoodWork  3.1801  1.5853  1.6139  1.8802  2.5269  2.4757  2.4757
 
*********************
Black Women
*********************
 
tauhat_y_cleaned Architects     NaN     NaN  3.9488  5.5941  4.4311  2.6552  2.1938
tauhat_y_cleaned Architects  3.9488  3.9488  3.9488  5.5941  4.4311  2.6552  2.1938
tauhat_y_cleaned Engineers     NaN     NaN  6.1696  4.1964  3.1462  3.3659  4.2800
tauhat_y_cleaned Engineers  6.1696  6.1696  6.1696  4.1964  3.1462  3.3659  4.2800
tauhat_y_cleaned Math/CompSci     NaN  5.3587  2.3153  2.0193  2.0870  2.0344  1.5472
tauhat_y_cleaned Math/CompSci  5.3587  5.3587  2.3153  2.0193  2.0870  2.0344  1.5472
tauhat_y_cleaned Science     NaN  4.5455  3.7423  2.3938  2.3053  1.7136  1.4792
tauhat_y_cleaned Science  4.5455  4.5455  3.7423  2.3938  2.3053  1.7136  1.4792
tauhat_y_cleaned Eng.Techs     NaN  7.7593  3.3460  3.5182  2.6515  2.6637  2.2713
tauhat_y_cleaned Eng.Techs  7.7593  7.7593  3.3460  3.5182  2.6515  2.6637  2.2713
tauhat_y_cleaned OtherTechs     NaN  4.2359  2.2468  2.0088  2.1291  2.3726  3.1388
tauhat_y_cleaned OtherTechs  4.2359  4.2359  2.2468  2.0088  2.1291  2.3726  3.1388
tauhat_y_cleaned Firefighting     NaN     NaN 11.7493  8.1294  6.0679 12.1900  5.2938
tauhat_y_cleaned Firefighting 11.7493 11.7493 11.7493  8.1294  6.0679 12.1900  5.2938
tauhat_y_cleaned Police     NaN  8.2820  3.6168  1.7094  1.7816  1.8119  1.9064
tauhat_y_cleaned Police  8.2820  8.2820  3.6168  1.7094  1.7816  1.8119  1.9064
tauhat_y_cleaned FarmMgrs 46.5506 10.8348 23.0380 19.0608     NaN 10.8791     NaN
tauhat_y_cleaned FarmMgrs 46.5506 10.8348 23.0380 19.0608 14.9699 10.8791 10.8791
tauhat_y_cleaned Agriculture     NaN  9.7826  5.0914  5.2499  4.9937  4.7822  3.1145
tauhat_y_cleaned Agriculture  9.7826  9.7826  5.0914  5.2499  4.9937  4.7822  3.1145
tauhat_y_cleaned Forest     NaN  4.1103  7.3002  6.0762  3.8881     NaN     NaN
tauhat_y_cleaned Forest  4.1103  4.1103  7.3002  6.0762  3.8881  3.8881  3.8881
tauhat_y_cleaned Mechanics     NaN 25.5923  8.6608  6.8971  6.8033  6.8344  7.0726
tauhat_y_cleaned Mechanics 25.5923 25.5923  8.6608  6.8971  6.8033  6.8344  7.0726
tauhat_y_cleaned Elec.Repairer     NaN 23.9694  3.9558  3.4702  3.2065  4.6834  2.0534
tauhat_y_cleaned Elec.Repairer 23.9694 23.9694  3.9558  3.4702  3.2065  4.6834  2.0534
tauhat_y_cleaned Extractive     NaN  9.6600 14.2665  6.6273     NaN 12.9993  4.6065
tauhat_y_cleaned Extractive  9.6600  9.6600 14.2665  6.6273  9.8133 12.9993  4.6065
tauhat_y_cleaned MetalWork     NaN 11.2316  5.9366  5.7676  4.6992  6.5912 20.3038
tauhat_y_cleaned MetalWork 11.2316 11.2316  5.9366  5.7676  4.6992  6.5912 20.3038
tauhat_y_cleaned WoodWork     NaN  4.6312  4.7584  5.2782  5.9129  6.7012     NaN
tauhat_y_cleaned WoodWork  4.6312  4.6312  4.7584  5.2782  5.9129  6.7012  6.7012
tauhat_y_cleaned PlantOperator     NaN     NaN  5.2092  6.6971  9.4165  6.8538  4.2215
tauhat_y_cleaned PlantOperator  5.2092  5.2092  5.2092  6.6971  9.4165  6.8538  4.2215
tauhat_y_cleaned MetalMach.     NaN  3.6797  2.8424  3.4569  2.7138  4.6250  4.5436
tauhat_y_cleaned MetalMach.  3.6797  3.6797  2.8424  3.4569  2.7138  4.6250  4.5436
tauhat_y_cleaned MetalProc.     NaN  9.0466  2.5723  3.4093  2.7972  2.7462  0.6809
tauhat_y_cleaned MetalProc.  9.0466  9.0466  2.5723  3.4093  2.7972  2.7462  0.6809
tauhat_y_cleaned WoodMach.     NaN  7.7440  2.8615  3.5876  2.1186  2.6483  2.4529
tauhat_y_cleaned WoodMach.  7.7440  7.7440  2.8615  3.5876  2.1186  2.6483  2.4529
tauhat_y_cleaned TextileMach.     NaN  4.7557  3.3404  2.9259  2.9421  2.3972  1.2375
tauhat_y_cleaned TextileMach.  4.7557  4.7557  3.3404  2.9259  2.9421  2.3972  1.2375
 
GetTExperience.m:
                     TigYMO for               --- 1960 ---      and    --- 1990 ---
Home                                         1.00   1.35   1.79        1.00   1.43   1.72
Executives, Administrative, and Managerial   1.00   1.35   1.79        1.00   1.43   1.72
Management Related                           1.00   1.35   1.79        1.00   1.43   1.72
Architects                                   1.00   1.35   1.79        1.00   1.43   1.72
Engineers                                    1.00   1.35   1.79        1.00   1.43   1.72
Math and Computer Science                    1.00   1.35   1.79        1.00   1.43   1.72
Natural Science                              1.00   1.35   1.79        1.00   1.43   1.72
Doctors                                      1.00   1.35   1.79        1.00   1.43   1.72
Health Assessment                            1.00   1.35   1.79        1.00   1.43   1.72
Therapists                                   1.00   1.35   1.79        1.00   1.43   1.72
Professors                                   1.00   1.35   1.79        1.00   1.43   1.72
Teachers          Non-Postsecondary          1.00   1.35   1.79        1.00   1.43   1.72
Librarians  and Curators                     1.00   1.35   1.79        1.00   1.43   1.72
Social Scientists and Urban Planners         1.00   1.35   1.79        1.00   1.43   1.72
Social Work                                  1.00   1.35   1.79        1.00   1.43   1.72
Lawyers       and Judges                     1.00   1.35   1.79        1.00   1.43   1.72
Arts and Athletes                            1.00   1.35   1.79        1.00   1.43   1.72
Health Technicians                           1.00   1.35   1.79        1.00   1.43   1.72
Engineering Technicians                      1.00   1.35   1.79        1.00   1.43   1.72
Science Technicians                          1.00   1.35   1.79        1.00   1.43   1.72
Technicians, Other                           1.00   1.35   1.79        1.00   1.43   1.72
Sales, all                                   1.00   1.35   1.79        1.00   1.43   1.72
Secretaries                                  1.00   1.35   1.79        1.00   1.43   1.72
Info. Clerks                                 1.00   1.35   1.79        1.00   1.43   1.72
Records Processing, Non-Financial            1.00   1.35   1.79        1.00   1.43   1.72
Financial Records Processing                 1.00   1.35   1.79        1.00   1.43   1.72
Office Machine Operator                      1.00   1.35   1.79        1.00   1.43   1.72
Computer/Communications Equip. Operator      1.00   1.35   1.79        1.00   1.43   1.72
Mail Distribution                            1.00   1.35   1.79        1.00   1.43   1.72
Scheduling and Distributing Clerks           1.00   1.35   1.79        1.00   1.43   1.72
Adjusters and Investigators                  1.00   1.35   1.79        1.00   1.43   1.72
Misc. Admin Support                          1.00   1.35   1.79        1.00   1.43   1.72
Private Household Occupations                1.00   1.35   1.79        1.00   1.43   1.72
Firefighting                                 1.00   1.35   1.79        1.00   1.43   1.72
Police                                       1.00   1.35   1.79        1.00   1.43   1.72
Guards                                       1.00   1.35   1.79        1.00   1.43   1.72
Food Prep    and Service                     1.00   1.35   1.79        1.00   1.43   1.72
Health Service                               1.00   1.35   1.79        1.00   1.43   1.72
Cleaning and Building Service                1.00   1.35   1.79        1.00   1.43   1.72
Personal Service                             1.00   1.35   1.79        1.00   1.43   1.72
Farm Managers                                1.00   1.35   1.79        1.00   1.43   1.72
Farm Work                                    1.00   1.35   1.79        1.00   1.43   1.72
Related Agriculture                          1.00   1.35   1.79        1.00   1.43   1.72
Forest, Logging, Fishers and Hunter          1.00   1.35   1.79        1.00   1.43   1.72
Mechanics                                    1.00   1.35   1.79        1.00   1.43   1.72
Elec. Repairer                               1.00   1.35   1.79        1.00   1.43   1.72
Misc. Repairer                               1.00   1.35   1.79        1.00   1.43   1.72
Construction Trade                           1.00   1.35   1.79        1.00   1.43   1.72
Extractive                                   1.00   1.35   1.79        1.00   1.43   1.72
Supervisor(P)                                1.00   1.35   1.79        1.00   1.43   1.72
Precision Metal                              1.00   1.35   1.79        1.00   1.43   1.72
Precision Wood                               1.00   1.35   1.79        1.00   1.43   1.72
Precision, Textile                           1.00   1.35   1.79        1.00   1.43   1.72
Precision, Other                             1.00   1.35   1.79        1.00   1.43   1.72
Precision, Food                              1.00   1.35   1.79        1.00   1.43   1.72
Plant Operator                               1.00   1.35   1.79        1.00   1.43   1.72
Metal and Plastic Machine Operator           1.00   1.35   1.79        1.00   1.43   1.72
Metal and Plastic Processing Operator        1.00   1.35   1.79        1.00   1.43   1.72
Woodworking Machine Operator                 1.00   1.35   1.79        1.00   1.43   1.72
Textile Machine Operator                     1.00   1.35   1.79        1.00   1.43   1.72
Print Machine Operator                       1.00   1.35   1.79        1.00   1.43   1.72
Machine Operator, Other                      1.00   1.35   1.79        1.00   1.43   1.72
Fabricators                                  1.00   1.35   1.79        1.00   1.43   1.72
Production Inspectors                        1.00   1.35   1.79        1.00   1.43   1.72
Motor Vehicle Operator                       1.00   1.35   1.79        1.00   1.43   1.72
Non Motor Vehicle Operator                   1.00   1.35   1.79        1.00   1.43   1.72
Freight, Stock, Material Handler             1.00   1.35   1.79        1.00   1.43   1.72
 
Values for occupation 8:
ans =

   1.0000   1.3472   1.7877
   1.0000   1.4964   1.7551
   1.0000   1.3473   1.6119
   1.0000   1.4338   1.7211
   1.0000   1.4585   1.5598
   1.0000   1.3036        0
   1.0000   1.0000   1.0000

 
Tbar and TbarHat by Group and Years for Doctors
ans =

   4.1348   4.2515   3.9592   4.1549   4.0183   3.6977   3.6977
   4.1348   4.2515   3.9592   4.1549   4.0183   3.6977   3.6977
   4.1348   4.2515   3.9592   4.1549   4.0183   3.6977   3.6977
   4.1348   4.2515   3.9592   4.1549   4.0183   3.6977   3.6977

ans =

   1   1   1   1   1   1   1
   1   1   1   1   1   1   1
   1   1   1   1   1   1   1
   1   1   1   1   1   1   1

 
Tbar and TbarHat by Group and Years for Secretaries
ans =

   4.1348   4.2515   3.9592   4.1549   4.0183   3.6977   3.6977
   4.1348   4.2515   3.9592   4.1549   4.0183   3.6977   3.6977
   4.1348   4.2515   3.9592   4.1549   4.0183   3.6977   3.6977
   4.1348   4.2515   3.9592   4.1549   4.0183   3.6977   3.6977

ans =

   1   1   1   1   1   1   1
   1   1   1   1   1   1   1
   1   1   1   1   1   1   1
   1   1   1   1   1   1   1

 
Tbar and TbarHat by Group and Years for Farm
ans =

   4.1348   4.2515   3.9592   4.1549   4.0183   3.6977   3.6977
   4.1348   4.2515   3.9592   4.1549   4.0183   3.6977   3.6977
   4.1348   4.2515   3.9592   4.1549   4.0183   3.6977   3.6977
   4.1348   4.2515   3.9592   4.1549   4.0183   3.6977   3.6977

ans =

   1   1   1   1   1   1   1
   1   1   1   1   1   1   1
   1   1   1   1   1   1   1
   1   1   1   1   1   1   1

 
 
-------------------------------------------------------------
Estimating w and Z from YWM:   1960
-------------------------------------------------------------
 
                                                 s     phi         w     zWM
----------------------------------------------------------------------------
Home                                         0.496   1.273    7780.3   1.000
Executives, Administrative, and Managerial   0.525   1.431    9173.3   0.915
Management Related                           0.596   1.911    6201.2   1.090
Architects                                   0.691   2.900    1206.3   1.282
Engineers                                    0.627   2.178    7359.6   1.030
Math and Computer Science                    0.654   2.448    1204.0   1.149
Natural Science                              0.658   2.489    3100.4   1.226
Doctors                                      0.751   3.907    4047.3   1.614
Health Assessment                            0.667   2.587    1970.0   1.251
Therapists                                   0.695   2.956     665.5   1.633
Professors                                   0.819   5.850    2492.7   2.346
Teachers          Non-Postsecondary          0.694   2.937    4463.8   1.613
Librarians  and Curators                     0.715   3.247     432.9   1.771
Social Scientists and Urban Planners         0.703   3.057    1510.0   1.373
Social Work                                  0.700   3.025    2111.0   2.044
Lawyers       and Judges                     0.755   3.986    3621.6   1.498
Arts and Athletes                            0.610   2.023    3898.9   1.142
Health Technicians                           0.524   1.426    1136.8   1.088
Engineering Technicians                      0.514   1.369    3738.2   0.941
Science Technicians                          0.521   1.408    2386.8   0.986
Technicians, Other                           0.542   1.531    1768.8   1.011
Sales, all                                   0.532   1.470    8479.7   0.989
Secretaries                                  0.520   1.402    1187.2   1.050
Info. Clerks                                 0.503   1.310    1068.0   1.004
Records Processing, Non-Financial            0.616   2.077    1668.3   1.186
Financial Records Processing                 0.525   1.430    1801.0   1.112
Office Machine Operator                      0.500   1.296    1484.2   1.008
Computer/Communications Equip. Operator      0.469   1.143     785.6   0.871
Mail Distribution                            0.489   1.239    2292.7   0.980
Scheduling and Distributing Clerks           0.441   1.023    2743.1   0.967
Adjusters and Investigators                  0.574   1.746    1669.7   1.151
Misc. Admin Support                          0.512   1.360    4687.8   1.040
Private Household Occupations                0.418   0.929     701.1   0.939
Firefighting                                 0.458   1.094    1778.1   0.923
Police                                       0.474   1.166    2608.4   0.963
Guards                                       0.446   1.043    1201.4   0.960
Food Prep    and Service                     0.418   0.930    1615.9   1.068
Health Service                               0.439   1.011     687.2   1.238
Cleaning and Building Service                0.403   0.875     989.0   1.080
Personal Service                             0.438   1.010    1791.6   1.025
Farm Managers                                0.434   0.992    2597.5   1.366
Farm Work                                    0.338   0.660    1298.5   1.353
Related Agriculture                          0.401   0.867     843.1   0.977
Forest, Logging, Fishers and Hunter          0.379   0.790     792.4   1.102
Mechanics                                    0.418   0.929    3474.3   0.928
Elec. Repairer                               0.465   1.126    3689.7   0.899
Misc. Repairer                               0.432   0.985    4270.8   0.900
Construction Trade                           0.428   0.970    5773.4   0.856
Extractive                                   0.402   0.872    2101.4   0.837
Supervisor(P)                                0.462   1.113    4431.6   0.826
Precision Metal                              0.434   0.992    4027.3   0.829
Precision Wood                               0.416   0.922     806.5   0.932
Precision, Textile                           0.385   0.809     918.8   0.919
Precision, Other                             0.434   0.992    1531.4   0.861
Precision, Food                              0.420   0.938    1774.5   0.913
Plant Operator                               0.533   1.478    2851.4   0.906
Metal and Plastic Machine Operator           0.399   0.860    1753.7   0.811
Metal and Plastic Processing Operator        0.408   0.893     830.8   0.897
Woodworking Machine Operator                 0.372   0.766     694.4   0.992
Textile Machine Operator                     0.453   1.072    2418.2   0.851
Print Machine Operator                       0.387   0.817    1021.3   1.010
Machine Operator, Other                      0.405   0.879    6546.0   0.901
Fabricators                                  0.409   0.897    3143.5   0.869
Production Inspectors                        0.444   1.034    2159.2   0.903
Motor Vehicle Operator                       0.405   0.880    5306.9   0.898
Non Motor Vehicle Operator                   0.422   0.946    3205.1   0.820
Freight, Stock, Material Handler             0.395   0.845    4164.5   0.971

  MWM = 341358975.550
 
 
-------------------------------------------------------------
Estimating w and Z from YWM:   1970
-------------------------------------------------------------
 
                                                 s     phi         w     zWM
----------------------------------------------------------------------------
Home                                         0.555   1.614   10198.8   1.000
Executives, Administrative, and Managerial   0.557   1.627   12937.6   0.846
Management Related                           0.598   1.928    6215.3   0.935
Architects                                   0.725   3.421    1774.3   1.266
Engineers                                    0.640   2.302    8638.8   0.950
Math and Computer Science                    0.628   2.188    3707.2   0.943
Natural Science                              0.667   2.590    3622.5   1.125
Doctors                                      0.759   4.084    5762.2   1.247
Health Assessment                            0.686   2.833    2387.1   1.163
Therapists                                   0.669   2.616    1106.7   1.271
Professors                                   0.814   5.679    4692.0   2.017
Teachers          Non-Postsecondary          0.715   3.245    6687.8   1.457
Librarians  and Curators                     0.720   3.328     874.4   1.511
Social Scientists and Urban Planners         0.698   2.987    2805.4   1.139
Social Work                                  0.688   2.857    2694.0   1.581
Lawyers       and Judges                     0.763   4.174    5460.6   1.257
Arts and Athletes                            0.598   1.922    4305.2   0.977
Health Technicians                           0.597   1.918    1620.1   1.063
Engineering Technicians                      0.528   1.446    5067.6   0.873
Science Technicians                          0.583   1.812    1620.6   1.018
Technicians, Other                           0.586   1.834    4255.1   0.897
Sales, all                                   0.543   1.537    9953.8   0.864
Secretaries                                  0.536   1.495    1454.4   0.959
Info. Clerks                                 0.536   1.497    1643.4   0.932
Records Processing, Non-Financial            0.611   2.029    3208.2   0.990
Financial Records Processing                 0.533   1.478    2610.0   0.952
Office Machine Operator                      0.502   1.304     857.4   0.993
Computer/Communications Equip. Operator      0.509   1.341    1949.4   0.866
Mail Distribution                            0.501   1.299    2247.8   0.922
Scheduling and Distributing Clerks           0.483   1.209    3797.9   0.888
Adjusters and Investigators                  0.573   1.736    3105.6   0.959
Misc. Admin Support                          0.528   1.446    3746.7   0.925
Private Household Occupations                0.431   0.982     874.5   0.928
Firefighting                                 0.483   1.209    2432.6   0.796
Police                                       0.499   1.288    3833.5   0.827
Guards                                       0.493   1.258    1473.5   0.928
Food Prep    and Service                     0.455   1.079    1950.6   0.982
Health Service                               0.520   1.401     879.1   1.181
Cleaning and Building Service                0.436   1.001    2042.1   0.931
Personal Service                             0.439   1.015    2492.7   0.876
Farm Managers                                0.475   1.173    2910.2   1.048
Farm Work                                    0.399   0.861    1471.2   1.143
Related Agriculture                          0.431   0.979    1343.4   0.918
Forest, Logging, Fishers and Hunter          0.444   1.035     992.3   0.975
Mechanics                                    0.444   1.034    5529.7   0.813
Elec. Repairer                               0.481   1.199    4361.9   0.819
Misc. Repairer                               0.444   1.035    4421.2   0.790
Construction Trade                           0.451   1.062    7783.7   0.784
Extractive                                   0.429   0.972    1614.2   0.804
Supervisor(P)                                0.484   1.215    5864.6   0.767
Precision Metal                              0.465   1.127    4245.6   0.773
Precision Wood                               0.439   1.012     927.6   0.875
Precision, Textile                           0.405   0.880    1049.5   0.865
Precision, Other                             0.479   1.189    1230.2   0.808
Precision, Food                              0.443   1.030    2237.2   0.827
Plant Operator                               0.475   1.171    1651.2   0.782
Metal and Plastic Machine Operator           0.443   1.030    3464.1   0.804
Metal and Plastic Processing Operator        0.417   0.925    1223.6   0.769
Woodworking Machine Operator                 0.397   0.851     794.0   0.910
Textile Machine Operator                     0.472   1.156    2782.6   0.788
Print Machine Operator                       0.409   0.896    1747.0   0.911
Machine Operator, Other                      0.433   0.989    6295.9   0.827
Fabricators                                  0.440   1.015    4056.3   0.825
Production Inspectors                        0.482   1.205    2933.8   0.861
Motor Vehicle Operator                       0.437   1.006    5954.6   0.820
Non Motor Vehicle Operator                   0.439   1.014    3516.5   0.775
Freight, Stock, Material Handler             0.440   1.019    4174.6   0.909

  MWM = 351971708.910
 
 
-------------------------------------------------------------
Estimating w and Z from YWM:   1980
-------------------------------------------------------------
 
                                                 s     phi         w     zWM
----------------------------------------------------------------------------
Home                                         0.565   1.684    8839.2   1.000
Executives, Administrative, and Managerial   0.602   1.962   12194.1   0.854
Management Related                           0.631   2.210    7944.3   0.951
Architects                                   0.703   3.064    1950.2   1.216
Engineers                                    0.648   2.388    7487.6   0.889
Math and Computer Science                    0.652   2.420    3609.3   0.908
Natural Science                              0.702   3.046    3145.5   1.207
Doctors                                      0.758   4.060    6400.5   1.097
Health Assessment                            0.712   3.193    2688.7   1.214
Therapists                                   0.635   2.255    1626.3   1.106
Professors                                   0.811   5.545    2948.3   2.063
Teachers          Non-Postsecondary          0.709   3.156    5666.2   1.434
Librarians  and Curators                     0.724   3.400     876.1   1.586
Social Scientists and Urban Planners         0.727   3.442    2673.3   1.229
Social Work                                  0.690   2.876    2632.1   1.520
Lawyers       and Judges                     0.769   4.300    6091.3   1.251
Arts and Athletes                            0.633   2.235    3918.6   1.133
Health Technicians                           0.621   2.125    1914.4   1.112
Engineering Technicians                      0.558   1.636    4369.5   0.873
Science Technicians                          0.584   1.815    1717.9   0.927
Technicians, Other                           0.631   2.213    4633.8   0.988
Sales, all                                   0.577   1.765   10334.2   0.879
Secretaries                                  0.594   1.898     949.9   1.072
Info. Clerks                                 0.604   1.976    1424.9   1.048
Records Processing, Non-Financial            0.568   1.701    1644.9   0.998
Financial Records Processing                 0.586   1.832    1979.7   0.995
Office Machine Operator                      0.534   1.484     403.7   1.021
Computer/Communications Equip. Operator      0.559   1.643    2534.8   0.856
Mail Distribution                            0.535   1.491    2823.8   0.807
Scheduling and Distributing Clerks           0.525   1.428    3958.9   0.878
Adjusters and Investigators                  0.608   2.009    2197.8   1.007
Misc. Admin Support                          0.589   1.855    2711.9   1.025
Private Household Occupations                0.469   1.144     675.3   1.037
Firefighting                                 0.529   1.453    2431.9   0.797
Police                                       0.556   1.621    4151.1   0.844
Guards                                       0.537   1.504    1897.0   0.962
Food Prep    and Service                     0.520   1.401    2193.1   1.152
Health Service                               0.575   1.752    1290.8   1.188
Cleaning and Building Service                0.488   1.233    2771.1   0.948
Personal Service                             0.559   1.641    1715.6   1.075
Farm Managers                                0.526   1.439    2832.5   1.033
Farm Work                                    0.437   1.006    1656.1   0.989
Related Agriculture                          0.494   1.263    1507.6   1.005
Forest, Logging, Fishers and Hunter          0.489   1.240    1331.6   0.890
Mechanics                                    0.482   1.202    5693.3   0.791
Elec. Repairer                               0.509   1.344    4199.0   0.745
Misc. Repairer                               0.495   1.267    3573.1   0.770
Construction Trade                           0.495   1.271    8884.6   0.785
Extractive                                   0.468   1.138    2244.2   0.676
Supervisor(P)                                0.525   1.433    5773.4   0.750
Precision Metal                              0.490   1.243    3906.9   0.744
Precision Wood                               0.502   1.307     900.2   0.999
Precision, Textile                           0.448   1.049     725.6   0.919
Precision, Other                             0.504   1.316    1484.3   0.864
Precision, Food                              0.473   1.164    1972.6   0.769
Plant Operator                               0.520   1.401    2132.0   0.759
Metal and Plastic Machine Operator           0.469   1.142    2855.5   0.753
Metal and Plastic Processing Operator        0.463   1.116    1384.1   0.772
Woodworking Machine Operator                 0.465   1.124     965.7   0.908
Textile Machine Operator                     0.504   1.316    2089.9   0.811
Print Machine Operator                       0.435   0.996    1156.0   0.916
Machine Operator, Other                      0.472   1.155    5196.4   0.776
Fabricators                                  0.469   1.145    4578.1   0.779
Production Inspectors                        0.503   1.309    2650.0   0.784
Motor Vehicle Operator                       0.478   1.187    6373.8   0.777
Non Motor Vehicle Operator                   0.483   1.207    4247.9   0.708
Freight, Stock, Material Handler             0.478   1.183    4391.3   0.853

  MWM = 222202431.823
 
 
-------------------------------------------------------------
Estimating w and Z from YWM:   1990
-------------------------------------------------------------
 
                                                 s     phi         w     zWM
----------------------------------------------------------------------------
Home                                         0.555   1.611    8942.7   1.000
Executives, Administrative, and Managerial   0.582   1.800   12623.6   0.760
Management Related                           0.620   2.108    8284.3   0.860
Architects                                   0.649   2.398    2144.1   0.929
Engineers                                    0.638   2.279    8956.6   0.792
Math and Computer Science                    0.636   2.260    5247.5   0.799
Natural Science                              0.674   2.676    3071.3   1.059
Doctors                                      0.762   4.147    6744.2   1.020
Health Assessment                            0.650   2.405    2851.2   0.864
Therapists                                   0.633   2.236    1688.5   0.953
Professors                                   0.814   5.670    2451.9   2.102
Teachers          Non-Postsecondary          0.669   2.613    4014.7   1.224
Librarians  and Curators                     0.714   3.232     767.1   1.490
Social Scientists and Urban Planners         0.697   2.974    2384.7   1.064
Social Work                                  0.660   2.514    2292.0   1.316
Lawyers       and Judges                     0.765   4.211    7157.7   0.999
Arts and Athletes                            0.611   2.034    4591.5   0.982
Health Technicians                           0.585   1.824    2256.0   0.960
Engineering Technicians                      0.559   1.640    4726.9   0.825
Science Technicians                          0.569   1.708    1704.0   0.863
Technicians, Other                           0.603   1.968    5977.6   0.856
Sales, all                                   0.561   1.651   12253.8   0.799
Secretaries                                  0.578   1.771     911.6   1.055
Info. Clerks                                 0.581   1.794    1509.2   1.014
Records Processing, Non-Financial            0.575   1.752    1361.7   0.998
Financial Records Processing                 0.568   1.700    1678.2   0.984
Office Machine Operator                      0.519   1.399     464.2   0.993
Computer/Communications Equip. Operator      0.557   1.627    2412.1   0.868
Mail Distribution                            0.529   1.453    2809.1   0.787
Scheduling and Distributing Clerks           0.518   1.391    3971.5   0.878
Adjusters and Investigators                  0.586   1.829    2488.5   0.945
Misc. Admin Support                          0.579   1.782    2775.4   0.978
Private Household Occupations                0.484   1.213     669.5   1.065
Firefighting                                 0.532   1.469    2694.0   0.717
Police                                       0.541   1.527    4422.7   0.763
Guards                                       0.533   1.476    2168.6   0.956
Food Prep    and Service                     0.518   1.390    2919.6   1.124
Health Service                               0.557   1.630    1426.6   1.087
Cleaning and Building Service                0.493   1.261    3050.3   0.955
Personal Service                             0.545   1.553    1613.4   1.046
Farm Managers                                0.510   1.349    2435.7   0.994
Farm Work                                    0.447   1.047    1531.7   0.994
Related Agriculture                          0.485   1.217    2210.7   0.964
Forest, Logging, Fishers and Hunter          0.476   1.177    1282.2   0.876
Mechanics                                    0.493   1.257    6067.1   0.795
Elec. Repairer                               0.517   1.385    3647.1   0.786
Misc. Repairer                               0.501   1.301    3589.5   0.799
Construction Trade                           0.489   1.239    9446.6   0.790
Extractive                                   0.476   1.176    1646.3   0.710
Supervisor(P)                                0.511   1.353    4611.8   0.718
Precision Metal                              0.496   1.274    4000.5   0.746
Precision Wood                               0.492   1.252    1025.5   0.882
Precision, Textile                           0.471   1.151     788.4   0.936
Precision, Other                             0.498   1.285    1618.5   0.826
Precision, Food                              0.481   1.200    1742.0   0.852
Plant Operator                               0.517   1.384    2599.2   0.708
Metal and Plastic Machine Operator           0.475   1.173    1839.6   0.806
Metal and Plastic Processing Operator        0.480   1.197    1227.8   0.792
Woodworking Machine Operator                 0.471   1.154     984.9   0.941
Textile Machine Operator                     0.500   1.293    2484.9   0.794
Print Machine Operator                       0.465   1.124    1418.4   0.908
Machine Operator, Other                      0.482   1.205    4657.3   0.802
Fabricators                                  0.481   1.200    4277.5   0.821
Production Inspectors                        0.512   1.356    2606.7   0.795
Motor Vehicle Operator                       0.488   1.233    6383.0   0.811
Non Motor Vehicle Operator                   0.484   1.216    3239.1   0.734
Freight, Stock, Material Handler             0.489   1.239    4281.5   0.915

  MWM = 250441656.685
 
 
-------------------------------------------------------------
Estimating w and Z from YWM:   2000
-------------------------------------------------------------
 
                                                 s     phi         w     zWM
----------------------------------------------------------------------------
Home                                         0.528   1.448   12648.7   1.000
Executives, Administrative, and Managerial   0.595   1.898   14583.7   0.856
Management Related                           0.619   2.100   10135.3   0.962
Architects                                   0.664   2.561    2281.3   1.132
Engineers                                    0.641   2.313    8396.8   0.936
Math and Computer Science                    0.605   1.982    7625.4   0.916
Natural Science                              0.701   3.042    3391.8   1.412
Doctors                                      0.762   4.136    6276.7   1.203
Health Assessment                            0.643   2.336    3296.5   0.986
Therapists                                   0.659   2.500    2484.5   1.133
Professors                                   0.792   4.922    2952.1   2.327
Teachers          Non-Postsecondary          0.672   2.646    5249.2   1.444
Librarians  and Curators                     0.710   3.168     748.9   1.722
Social Scientists and Urban Planners         0.699   3.004    2189.8   1.268
Social Work                                  0.653   2.432    2559.6   1.468
Lawyers       and Judges                     0.763   4.175    7068.8   1.193
Arts and Athletes                            0.618   2.097    5434.6   1.141
Health Technicians                           0.576   1.761    2761.7   1.071
Engineering Technicians                      0.551   1.588    3623.7   0.989
Science Technicians                          0.563   1.669    1322.3   1.018
Technicians, Other                           0.627   2.172    8381.4   0.903
Sales, all                                   0.564   1.673   12755.6   0.924
Secretaries                                  0.585   1.828    1509.4   1.139
Info. Clerks                                 0.576   1.758    1553.5   1.225
Records Processing, Non-Financial            0.572   1.732    1239.2   1.229
Financial Records Processing                 0.567   1.695    1728.6   1.138
Office Machine Operator                      0.519   1.397     795.8   0.983
Computer/Communications Equip. Operator      0.563   1.671    1536.1   1.043
Mail Distribution                            0.527   1.444    2031.0   1.011
Scheduling and Distributing Clerks           0.516   1.382    4146.9   1.064
Adjusters and Investigators                  0.571   1.725    3962.1   1.080
Misc. Admin Support                          0.582   1.802    2427.7   1.191
Private Household Occupations                0.491   1.249     566.6   1.305
Firefighting                                 0.533   1.477    3030.6   0.846
Police                                       0.551   1.588    5825.0   0.917
Guards                                       0.531   1.463    2081.2   1.136
Food Prep    and Service                     0.515   1.377    3620.4   1.293
Health Service                               0.554   1.607    1393.2   1.321
Cleaning and Building Service                0.490   1.242    2650.0   1.112
Personal Service                             0.567   1.698    2346.6   1.219
Farm Managers                                0.519   1.399    1916.3   1.122
Farm Work                                    0.429   0.974    1438.0   1.127
Related Agriculture                          0.476   1.176    2667.9   1.103
Forest, Logging, Fishers and Hunter          0.473   1.163    1291.6   1.034
Mechanics                                    0.493   1.256    6237.7   0.921
Elec. Repairer                               0.513   1.361    4284.8   0.933
Misc. Repairer                               0.498   1.285    3245.1   0.948
Construction Trade                           0.480   1.193    9484.0   0.928
Extractive                                   0.477   1.183    1240.9   0.846
Supervisor(P)                                0.512   1.360    4229.6   0.865
Precision Metal                              0.497   1.277    3060.0   0.886
Precision Wood                               0.487   1.230     996.1   1.037
Precision, Textile                           0.472   1.157     705.5   1.004
Precision, Other                             0.531   1.465    1378.5   1.104
Precision, Food                              0.467   1.135    1470.0   1.046
Plant Operator                               0.508   1.334    1833.1   0.858
Metal and Plastic Machine Operator           0.476   1.175    1522.8   0.963
Metal and Plastic Processing Operator        0.485   1.217    1192.7   0.933
Woodworking Machine Operator                 0.477   1.179    2378.4   0.975
Textile Machine Operator                     0.498   1.286    1989.6   0.941
Print Machine Operator                       0.458   1.094    1304.7   1.067
Machine Operator, Other                      0.480   1.194    4173.8   0.956
Fabricators                                  0.483   1.208    4087.2   0.962
Production Inspectors                        0.519   1.397    2528.8   0.966
Motor Vehicle Operator                       0.488   1.234    6501.0   0.954
Non Motor Vehicle Operator                   0.483   1.209    3084.0   0.863
Freight, Stock, Material Handler             0.487   1.227    3703.9   1.079

  MWM = 401134711.806
 
 
-------------------------------------------------------------
Estimating w and Z from YWM:   2010
-------------------------------------------------------------
 
                                                 s     phi         w     zWM
----------------------------------------------------------------------------
Home                                         0.582   1.800   12743.0   1.000
Executives, Administrative, and Managerial   0.601   1.948   13865.6   0.756
Management Related                           0.633   2.230   10769.6   0.804
Architects                                   0.671   2.642    1992.4   0.944
Engineers                                    0.651   2.415    8660.2   0.753
Math and Computer Science                    0.606   1.991    7717.9   0.783
Natural Science                              0.705   3.096    3710.6   1.101
Doctors                                      0.762   4.155    6134.9   0.990
Health Assessment                            0.671   2.644    4253.5   0.808
Therapists                                   0.692   2.912    2907.2   0.981
Professors                                   0.804   5.314    3399.4   2.093
Teachers          Non-Postsecondary          0.687   2.835    6471.4   1.188
Librarians  and Curators                     0.737   3.631     723.0   1.598
Social Scientists and Urban Planners         0.678   2.728    2866.0   0.941
Social Work                                  0.658   2.493    2937.1   1.223
Lawyers       and Judges                     0.764   4.180    7904.3   0.896
Arts and Athletes                            0.636   2.259    5616.5   0.989
Health Technicians                           0.578   1.775    3199.2   0.876
Engineering Technicians                      0.570   1.713    3552.8   0.825
Science Technicians                          0.581   1.798    1435.7   0.856
Technicians, Other                           0.631   2.213    8303.4   0.745
Sales, all                                   0.574   1.743   11534.4   0.860
Secretaries                                  0.608   2.006    1644.4   1.067
Info. Clerks                                 0.578   1.771    1683.3   1.099
Records Processing, Non-Financial            0.600   1.943    1425.3   1.098
Financial Records Processing                 0.576   1.761    1849.9   0.968
Office Machine Operator                      0.573   1.738     425.6   1.112
Computer/Communications Equip. Operator      0.567   1.695    1055.9   0.939
Mail Distribution                            0.539   1.515    1934.9   0.865
Scheduling and Distributing Clerks           0.535   1.491    3950.1   1.005
Adjusters and Investigators                  0.574   1.746    4040.7   0.986
Misc. Admin Support                          0.593   1.884    2638.0   1.053
Private Household Occupations                0.484   1.214     570.0   1.196
Firefighting                                 0.550   1.584    3650.4   0.681
Police                                       0.560   1.644    6019.8   0.737
Guards                                       0.552   1.597    2736.8   0.986
Food Prep    and Service                     0.536   1.496    4372.6   1.240
Health Service                               0.564   1.677    1905.4   1.153
Cleaning and Building Service                0.507   1.330    2778.7   1.018
Personal Service                             0.579   1.784    2515.8   1.124
Farm Managers                                0.523   1.417    2179.0   0.845
Farm Work                                    0.418   0.929    1868.7   0.938
Related Agriculture                          0.475   1.173    2903.4   1.023
Forest, Logging, Fishers and Hunter          0.491   1.248    1170.2   0.864
Mechanics                                    0.504   1.316    5581.2   0.799
Elec. Repairer                               0.522   1.412    4138.8   0.809
Misc. Repairer                               0.508   1.335    3265.9   0.800
Construction Trade                           0.483   1.209    8870.2   0.819
Extractive                                   0.485   1.221    2693.1   0.625
Supervisor(P)                                0.519   1.394    3037.4   0.743
Precision Metal                              0.502   1.305    2063.8   0.785
Precision Wood                               0.491   1.248     679.0   0.952
Precision, Textile                           0.479   1.192     433.8   1.009
Precision, Other                             0.547   1.565    1585.8   0.961
Precision, Food                              0.474   1.165    1401.6   0.972
Plant Operator                               0.530   1.460    2117.5   0.692
Metal and Plastic Machine Operator           0.474   1.168    1160.3   0.836
Metal and Plastic Processing Operator        0.497   1.279     657.3   0.866
Woodworking Machine Operator                 0.480   1.196    1769.8   0.856
Textile Machine Operator                     0.505   1.321    1223.4   0.897
Print Machine Operator                       0.464   1.121     871.8   0.991
Machine Operator, Other                      0.489   1.237    3729.6   0.862
Fabricators                                  0.485   1.220    3580.8   0.844
Production Inspectors                        0.528   1.446    2503.7   0.819
Motor Vehicle Operator                       0.501   1.301    5393.9   0.880
Non Motor Vehicle Operator                   0.495   1.271    3397.5   0.699
Freight, Stock, Material Handler             0.503   1.311    3775.9   1.015

  MWM = 219818167.757
 
 
-------------------------------------------------------------
Estimating w and Z from YWM:   2023
-------------------------------------------------------------
 
                                                 s     phi         w     zWM
----------------------------------------------------------------------------
Home                                         0.583   1.812   12477.9   1.000
Executives, Administrative, and Managerial   0.604   1.975   16901.0   0.734
Management Related                           0.637   2.275   12817.7   0.793
Architects                                   0.672   2.647    2467.5   0.895
Engineers                                    0.654   2.444   11981.2   0.767
Math and Computer Science                    0.620   2.110    9659.4   0.813
Natural Science                              0.702   3.049    4724.5   1.061
Doctors                                      0.767   4.267    6705.4   1.053
Health Assessment                            0.673   2.669    5687.1   0.831
Therapists                                   0.715   3.247    4148.8   1.084
Professors                                   0.780   4.590    2755.0   1.778
Teachers          Non-Postsecondary          0.691   2.889    5936.4   1.330
Librarians  and Curators                     0.710   3.172     847.9   1.604
Social Scientists and Urban Planners         0.666   2.586    3836.8   0.882
Social Work                                  0.661   2.527    2869.9   1.227
Lawyers       and Judges                     0.747   3.823    7456.8   0.835
Arts and Athletes                            0.641   2.314    5409.9   1.062
Health Technicians                           0.599   1.934    3799.1   0.901
Engineering Technicians                      0.570   1.717    4175.7   0.837
Science Technicians                          0.567   1.698    1491.0   0.812
Technicians, Other                           0.640   2.300   12984.9   0.675
Sales, all                                   0.571   1.726   11084.3   0.847
Secretaries                                  0.617   2.088    1580.3   1.089
Info. Clerks                                 0.586   1.832    1668.2   1.114
Records Processing, Non-Financial            0.637   2.270    1490.1   1.079
Financial Records Processing                 0.588   1.847    2007.0   0.957
Office Machine Operator                      0.538   1.509     622.0   0.942
Computer/Communications Equip. Operator      0.522   1.413     391.7   0.757
Mail Distribution                            0.556   1.618    2375.5   1.012
Scheduling and Distributing Clerks           0.550   1.580    4113.7   1.023
Adjusters and Investigators                  0.588   1.846    4500.2   0.962
Misc. Admin Support                          0.599   1.930    3481.8   0.997
Private Household Occupations                0.517   1.385     597.4   1.252
Firefighting                                 0.551   1.590    3755.6   0.728
Police                                       0.567   1.693    6234.6   0.743
Guards                                       0.528   1.450    2495.2   0.982
Food Prep    and Service                     0.549   1.573    4222.0   1.189
Health Service                               0.570   1.717    2219.8   1.120
Cleaning and Building Service                0.521   1.408    3175.1   1.002
Personal Service                             0.602   1.955    2692.3   1.165
Farm Managers                                0.535   1.491    2147.3   0.870
Farm Work                                    0.478   1.187    1711.1   0.991
Related Agriculture                          0.499   1.287    2928.5   0.954
Forest, Logging, Fishers and Hunter          0.496   1.276    1125.7   0.873
Mechanics                                    0.506   1.324    5989.8   0.766
Elec. Repairer                               0.511   1.351    3839.2   0.799
Misc. Repairer                               0.511   1.352    4041.7   0.770
Construction Trade                           0.489   1.241    8974.1   0.783
Extractive                                   0.490   1.242    1833.8   0.669
Supervisor(P)                                0.526   1.439    3082.5   0.744
Precision Metal                              0.514   1.370    2250.2   0.786
Precision Wood                               0.496   1.273     600.3   0.875
Precision, Textile                           0.442   1.026     422.9   0.830
Precision, Other                             0.580   1.790    1861.3   1.050
Precision, Food                              0.503   1.310    1358.8   1.008
Plant Operator                               0.533   1.478    2447.9   0.723
Metal and Plastic Machine Operator           0.499   1.287    1022.2   0.876
Metal and Plastic Processing Operator        0.491   1.251     508.4   0.856
Woodworking Machine Operator                 0.499   1.289    1756.3   0.852
Textile Machine Operator                     0.540   1.518     801.0   1.029
Print Machine Operator                       0.504   1.315     669.2   1.053
Machine Operator, Other                      0.506   1.326    4222.0   0.837
Fabricators                                  0.493   1.261    3733.9   0.821
Production Inspectors                        0.524   1.427    2693.2   0.819
Motor Vehicle Operator                       0.510   1.350    5769.7   0.867
Non Motor Vehicle Operator                   0.504   1.316    3327.7   0.727
Freight, Stock, Material Handler             0.526   1.434    3970.1   1.032

  MWM = 234285260.641
 
 
=============================================================================
 Summary of Results for w, phi, s, Z from Young WM... (solveWMfor_w_phi.m)
=============================================================================
 
Values for w(i,t) --- wage per unit of human capital
 
                                              1960    1970    1980    1990    2000    2010
------------------------------------------------------------------------------------------
Home                                          7780   10199    8839    8943   12649   12743   12478
Executives, Administrative, and Managerial    9173   12938   12194   12624   14584   13866   16901
Management Related                            6201    6215    7944    8284   10135   10770   12818
Architects                                    1206    1774    1950    2144    2281    1992    2468
Engineers                                     7360    8639    7488    8957    8397    8660   11981
Math and Computer Science                     1204    3707    3609    5248    7625    7718    9659
Natural Science                               3100    3623    3146    3071    3392    3711    4725
Doctors                                       4047    5762    6400    6744    6277    6135    6705
Health Assessment                             1970    2387    2689    2851    3296    4254    5687
Therapists                                     665    1107    1626    1688    2484    2907    4149
Professors                                    2493    4692    2948    2452    2952    3399    2755
Teachers          Non-Postsecondary           4464    6688    5666    4015    5249    6471    5936
Librarians  and Curators                       433     874     876     767     749     723     848
Social Scientists and Urban Planners          1510    2805    2673    2385    2190    2866    3837
Social Work                                   2111    2694    2632    2292    2560    2937    2870
Lawyers       and Judges                      3622    5461    6091    7158    7069    7904    7457
Arts and Athletes                             3899    4305    3919    4592    5435    5617    5410
Health Technicians                            1137    1620    1914    2256    2762    3199    3799
Engineering Technicians                       3738    5068    4369    4727    3624    3553    4176
Science Technicians                           2387    1621    1718    1704    1322    1436    1491
Technicians, Other                            1769    4255    4634    5978    8381    8303   12985
Sales, all                                    8480    9954   10334   12254   12756   11534   11084
Secretaries                                   1187    1454     950     912    1509    1644    1580
Info. Clerks                                  1068    1643    1425    1509    1554    1683    1668
Records Processing, Non-Financial             1668    3208    1645    1362    1239    1425    1490
Financial Records Processing                  1801    2610    1980    1678    1729    1850    2007
Office Machine Operator                       1484     857     404     464     796     426     622
Computer/Communications Equip. Operator        786    1949    2535    2412    1536    1056     392
Mail Distribution                             2293    2248    2824    2809    2031    1935    2375
Scheduling and Distributing Clerks            2743    3798    3959    3972    4147    3950    4114
Adjusters and Investigators                   1670    3106    2198    2488    3962    4041    4500
Misc. Admin Support                           4688    3747    2712    2775    2428    2638    3482
Private Household Occupations                  701     875     675     670     567     570     597
Firefighting                                  1778    2433    2432    2694    3031    3650    3756
Police                                        2608    3834    4151    4423    5825    6020    6235
Guards                                        1201    1474    1897    2169    2081    2737    2495
Food Prep    and Service                      1616    1951    2193    2920    3620    4373    4222
Health Service                                 687     879    1291    1427    1393    1905    2220
Cleaning and Building Service                  989    2042    2771    3050    2650    2779    3175
Personal Service                              1792    2493    1716    1613    2347    2516    2692
Farm Managers                                 2597    2910    2833    2436    1916    2179    2147
Farm Work                                     1299    1471    1656    1532    1438    1869    1711
Related Agriculture                            843    1343    1508    2211    2668    2903    2928
Forest, Logging, Fishers and Hunter            792     992    1332    1282    1292    1170    1126
Mechanics                                     3474    5530    5693    6067    6238    5581    5990
Elec. Repairer                                3690    4362    4199    3647    4285    4139    3839
Misc. Repairer                                4271    4421    3573    3590    3245    3266    4042
Construction Trade                            5773    7784    8885    9447    9484    8870    8974
Extractive                                    2101    1614    2244    1646    1241    2693    1834
Supervisor(P)                                 4432    5865    5773    4612    4230    3037    3082
Precision Metal                               4027    4246    3907    4000    3060    2064    2250
Precision Wood                                 807     928     900    1026     996     679     600
Precision, Textile                             919    1050     726     788     705     434     423
Precision, Other                              1531    1230    1484    1619    1378    1586    1861
Precision, Food                               1774    2237    1973    1742    1470    1402    1359
Plant Operator                                2851    1651    2132    2599    1833    2118    2448
Metal and Plastic Machine Operator            1754    3464    2856    1840    1523    1160    1022
Metal and Plastic Processing Operator          831    1224    1384    1228    1193     657     508
Woodworking Machine Operator                   694     794     966     985    2378    1770    1756
Textile Machine Operator                      2418    2783    2090    2485    1990    1223     801
Print Machine Operator                        1021    1747    1156    1418    1305     872     669
Machine Operator, Other                       6546    6296    5196    4657    4174    3730    4222
Fabricators                                   3143    4056    4578    4278    4087    3581    3734
Production Inspectors                         2159    2934    2650    2607    2529    2504    2693
Motor Vehicle Operator                        5307    5955    6374    6383    6501    5394    5770
Non Motor Vehicle Operator                    3205    3516    4248    3239    3084    3398    3328
Freight, Stock, Material Handler              4164    4175    4391    4282    3704    3776    3970
 
 
Values for phi(i,t)
 
                                              1960    1970    1980    1990    2000    2010
------------------------------------------------------------------------------------------
Home                                         1.273   1.614   1.684   1.611   1.448   1.800   1.812
Executives, Administrative, and Managerial   1.431   1.627   1.962   1.800   1.898   1.948   1.975
Management Related                           1.911   1.928   2.210   2.108   2.100   2.230   2.275
Architects                                   2.900   3.421   3.064   2.398   2.561   2.642   2.647
Engineers                                    2.178   2.302   2.388   2.279   2.313   2.415   2.444
Math and Computer Science                    2.448   2.188   2.420   2.260   1.982   1.991   2.110
Natural Science                              2.489   2.590   3.046   2.676   3.042   3.096   3.049
Doctors                                      3.907   4.084   4.060   4.147   4.136   4.155   4.267
Health Assessment                            2.587   2.833   3.193   2.405   2.336   2.644   2.669
Therapists                                   2.956   2.616   2.255   2.236   2.500   2.912   3.247
Professors                                   5.850   5.679   5.545   5.670   4.922   5.314   4.590
Teachers          Non-Postsecondary          2.937   3.245   3.156   2.613   2.646   2.835   2.889
Librarians  and Curators                     3.247   3.328   3.400   3.232   3.168   3.631   3.172
Social Scientists and Urban Planners         3.057   2.987   3.442   2.974   3.004   2.728   2.586
Social Work                                  3.025   2.857   2.876   2.514   2.432   2.493   2.527
Lawyers       and Judges                     3.986   4.174   4.300   4.211   4.175   4.180   3.823
Arts and Athletes                            2.023   1.922   2.235   2.034   2.097   2.259   2.314
Health Technicians                           1.426   1.918   2.125   1.824   1.761   1.775   1.934
Engineering Technicians                      1.369   1.446   1.636   1.640   1.588   1.713   1.717
Science Technicians                          1.408   1.812   1.815   1.708   1.669   1.798   1.698
Technicians, Other                           1.531   1.834   2.213   1.968   2.172   2.213   2.300
Sales, all                                   1.470   1.537   1.765   1.651   1.673   1.743   1.726
Secretaries                                  1.402   1.495   1.898   1.771   1.828   2.006   2.088
Info. Clerks                                 1.310   1.497   1.976   1.794   1.758   1.771   1.832
Records Processing, Non-Financial            2.077   2.029   1.701   1.752   1.732   1.943   2.270
Financial Records Processing                 1.430   1.478   1.832   1.700   1.695   1.761   1.847
Office Machine Operator                      1.296   1.304   1.484   1.399   1.397   1.738   1.509
Computer/Communications Equip. Operator      1.143   1.341   1.643   1.627   1.671   1.695   1.413
Mail Distribution                            1.239   1.299   1.491   1.453   1.444   1.515   1.618
Scheduling and Distributing Clerks           1.023   1.209   1.428   1.391   1.382   1.491   1.580
Adjusters and Investigators                  1.746   1.736   2.009   1.829   1.725   1.746   1.846
Misc. Admin Support                          1.360   1.446   1.855   1.782   1.802   1.884   1.930
Private Household Occupations                0.929   0.982   1.144   1.213   1.249   1.214   1.385
Firefighting                                 1.094   1.209   1.453   1.469   1.477   1.584   1.590
Police                                       1.166   1.288   1.621   1.527   1.588   1.644   1.693
Guards                                       1.043   1.258   1.504   1.476   1.463   1.597   1.450
Food Prep    and Service                     0.930   1.079   1.401   1.390   1.377   1.496   1.573
Health Service                               1.011   1.401   1.752   1.630   1.607   1.677   1.717
Cleaning and Building Service                0.875   1.001   1.233   1.261   1.242   1.330   1.408
Personal Service                             1.010   1.015   1.641   1.553   1.698   1.784   1.955
Farm Managers                                0.992   1.173   1.439   1.349   1.399   1.417   1.491
Farm Work                                    0.660   0.861   1.006   1.047   0.974   0.929   1.187
Related Agriculture                          0.867   0.979   1.263   1.217   1.176   1.173   1.287
Forest, Logging, Fishers and Hunter          0.790   1.035   1.240   1.177   1.163   1.248   1.276
Mechanics                                    0.929   1.034   1.202   1.257   1.256   1.316   1.324
Elec. Repairer                               1.126   1.199   1.344   1.385   1.361   1.412   1.351
Misc. Repairer                               0.985   1.035   1.267   1.301   1.285   1.335   1.352
Construction Trade                           0.970   1.062   1.271   1.239   1.193   1.209   1.241
Extractive                                   0.872   0.972   1.138   1.176   1.183   1.221   1.242
Supervisor(P)                                1.113   1.215   1.433   1.353   1.360   1.394   1.439
Precision Metal                              0.992   1.127   1.243   1.274   1.277   1.305   1.370
Precision Wood                               0.922   1.012   1.307   1.252   1.230   1.248   1.273
Precision, Textile                           0.809   0.880   1.049   1.151   1.157   1.192   1.026
Precision, Other                             0.992   1.189   1.316   1.285   1.465   1.565   1.790
Precision, Food                              0.938   1.030   1.164   1.200   1.135   1.165   1.310
Plant Operator                               1.478   1.171   1.401   1.384   1.334   1.460   1.478
Metal and Plastic Machine Operator           0.860   1.030   1.142   1.173   1.175   1.168   1.287
Metal and Plastic Processing Operator        0.893   0.925   1.116   1.197   1.217   1.279   1.251
Woodworking Machine Operator                 0.766   0.851   1.124   1.154   1.179   1.196   1.289
Textile Machine Operator                     1.072   1.156   1.316   1.293   1.286   1.321   1.518
Print Machine Operator                       0.817   0.896   0.996   1.124   1.094   1.121   1.315
Machine Operator, Other                      0.879   0.989   1.155   1.205   1.194   1.237   1.326
Fabricators                                  0.897   1.015   1.145   1.200   1.208   1.220   1.261
Production Inspectors                        1.034   1.205   1.309   1.356   1.397   1.446   1.427
Motor Vehicle Operator                       0.880   1.006   1.187   1.233   1.234   1.301   1.350
Non Motor Vehicle Operator                   0.946   1.014   1.207   1.216   1.209   1.271   1.316
Freight, Stock, Material Handler             0.845   1.019   1.183   1.239   1.227   1.311   1.434
 
 
Values for s(i,t)
 
                                              1960    1970    1980    1990    2000    2010
------------------------------------------------------------------------------------------
Home                                         0.496   0.555   0.565   0.555   0.528   0.582   0.583
Executives, Administrative, and Managerial   0.525   0.557   0.602   0.582   0.595   0.601   0.604
Management Related                           0.596   0.598   0.631   0.620   0.619   0.633   0.637
Architects                                   0.691   0.725   0.703   0.649   0.664   0.671   0.672
Engineers                                    0.627   0.640   0.648   0.638   0.641   0.651   0.654
Math and Computer Science                    0.654   0.628   0.652   0.636   0.605   0.606   0.620
Natural Science                              0.658   0.667   0.702   0.674   0.701   0.705   0.702
Doctors                                      0.751   0.759   0.758   0.762   0.762   0.762   0.767
Health Assessment                            0.667   0.686   0.712   0.650   0.643   0.671   0.673
Therapists                                   0.695   0.669   0.635   0.633   0.659   0.692   0.715
Professors                                   0.819   0.814   0.811   0.814   0.792   0.804   0.780
Teachers          Non-Postsecondary          0.694   0.715   0.709   0.669   0.672   0.687   0.691
Librarians  and Curators                     0.715   0.720   0.724   0.714   0.710   0.737   0.710
Social Scientists and Urban Planners         0.703   0.698   0.727   0.697   0.699   0.678   0.666
Social Work                                  0.700   0.688   0.690   0.660   0.653   0.658   0.661
Lawyers       and Judges                     0.755   0.763   0.769   0.765   0.763   0.764   0.747
Arts and Athletes                            0.610   0.598   0.633   0.611   0.618   0.636   0.641
Health Technicians                           0.524   0.597   0.621   0.585   0.576   0.578   0.599
Engineering Technicians                      0.514   0.528   0.558   0.559   0.551   0.570   0.570
Science Technicians                          0.521   0.583   0.584   0.569   0.563   0.581   0.567
Technicians, Other                           0.542   0.586   0.631   0.603   0.627   0.631   0.640
Sales, all                                   0.532   0.543   0.577   0.561   0.564   0.574   0.571
Secretaries                                  0.520   0.536   0.594   0.578   0.585   0.608   0.617
Info. Clerks                                 0.503   0.536   0.604   0.581   0.576   0.578   0.586
Records Processing, Non-Financial            0.616   0.611   0.568   0.575   0.572   0.600   0.637
Financial Records Processing                 0.525   0.533   0.586   0.568   0.567   0.576   0.588
Office Machine Operator                      0.500   0.502   0.534   0.519   0.519   0.573   0.538
Computer/Communications Equip. Operator      0.469   0.509   0.559   0.557   0.563   0.567   0.522
Mail Distribution                            0.489   0.501   0.535   0.529   0.527   0.539   0.556
Scheduling and Distributing Clerks           0.441   0.483   0.525   0.518   0.516   0.535   0.550
Adjusters and Investigators                  0.574   0.573   0.608   0.586   0.571   0.574   0.588
Misc. Admin Support                          0.512   0.528   0.589   0.579   0.582   0.593   0.599
Private Household Occupations                0.418   0.431   0.469   0.484   0.491   0.484   0.517
Firefighting                                 0.458   0.483   0.529   0.532   0.533   0.550   0.551
Police                                       0.474   0.499   0.556   0.541   0.551   0.560   0.567
Guards                                       0.446   0.493   0.537   0.533   0.531   0.552   0.528
Food Prep    and Service                     0.418   0.455   0.520   0.518   0.515   0.536   0.549
Health Service                               0.439   0.520   0.575   0.557   0.554   0.564   0.570
Cleaning and Building Service                0.403   0.436   0.488   0.493   0.490   0.507   0.521
Personal Service                             0.438   0.439   0.559   0.545   0.567   0.579   0.602
Farm Managers                                0.434   0.475   0.526   0.510   0.519   0.523   0.535
Farm Work                                    0.338   0.399   0.437   0.447   0.429   0.418   0.478
Related Agriculture                          0.401   0.431   0.494   0.485   0.476   0.475   0.499
Forest, Logging, Fishers and Hunter          0.379   0.444   0.489   0.476   0.473   0.491   0.496
Mechanics                                    0.418   0.444   0.482   0.493   0.493   0.504   0.506
Elec. Repairer                               0.465   0.481   0.509   0.517   0.513   0.522   0.511
Misc. Repairer                               0.432   0.444   0.495   0.501   0.498   0.508   0.511
Construction Trade                           0.428   0.451   0.495   0.489   0.480   0.483   0.489
Extractive                                   0.402   0.429   0.468   0.476   0.477   0.485   0.490
Supervisor(P)                                0.462   0.484   0.525   0.511   0.512   0.519   0.526
Precision Metal                              0.434   0.465   0.490   0.496   0.497   0.502   0.514
Precision Wood                               0.416   0.439   0.502   0.492   0.487   0.491   0.496
Precision, Textile                           0.385   0.405   0.448   0.471   0.472   0.479   0.442
Precision, Other                             0.434   0.479   0.504   0.498   0.531   0.547   0.580
Precision, Food                              0.420   0.443   0.473   0.481   0.467   0.474   0.503
Plant Operator                               0.533   0.475   0.520   0.517   0.508   0.530   0.533
Metal and Plastic Machine Operator           0.399   0.443   0.469   0.475   0.476   0.474   0.499
Metal and Plastic Processing Operator        0.408   0.417   0.463   0.480   0.485   0.497   0.491
Woodworking Machine Operator                 0.372   0.397   0.465   0.471   0.477   0.480   0.499
Textile Machine Operator                     0.453   0.472   0.504   0.500   0.498   0.505   0.540
Print Machine Operator                       0.387   0.409   0.435   0.465   0.458   0.464   0.504
Machine Operator, Other                      0.405   0.433   0.472   0.482   0.480   0.489   0.506
Fabricators                                  0.409   0.440   0.469   0.481   0.483   0.485   0.493
Production Inspectors                        0.444   0.482   0.503   0.512   0.519   0.528   0.524
Motor Vehicle Operator                       0.405   0.437   0.478   0.488   0.488   0.501   0.510
Non Motor Vehicle Operator                   0.422   0.439   0.483   0.484   0.483   0.495   0.504
Freight, Stock, Material Handler             0.395   0.440   0.478   0.489   0.487   0.503   0.526
 
 
Values for ZWM(i,t)
 
                                              1960    1970    1980    1990    2000    2010
------------------------------------------------------------------------------------------
Home                                         1.000   1.000   1.000   1.000   1.000   1.000   1.000
Executives, Administrative, and Managerial   0.915   0.846   0.854   0.760   0.856   0.756   0.734
Management Related                           1.090   0.935   0.951   0.860   0.962   0.804   0.793
Architects                                   1.282   1.266   1.216   0.929   1.132   0.944   0.895
Engineers                                    1.030   0.950   0.889   0.792   0.936   0.753   0.767
Math and Computer Science                    1.149   0.943   0.908   0.799   0.916   0.783   0.813
Natural Science                              1.226   1.125   1.207   1.059   1.412   1.101   1.061
Doctors                                      1.614   1.247   1.097   1.020   1.203   0.990   1.053
Health Assessment                            1.251   1.163   1.214   0.864   0.986   0.808   0.831
Therapists                                   1.633   1.271   1.106   0.953   1.133   0.981   1.084
Professors                                   2.346   2.017   2.063   2.102   2.327   2.093   1.778
Teachers          Non-Postsecondary          1.613   1.457   1.434   1.224   1.444   1.188   1.330
Librarians  and Curators                     1.771   1.511   1.586   1.490   1.722   1.598   1.604
Social Scientists and Urban Planners         1.373   1.139   1.229   1.064   1.268   0.941   0.882
Social Work                                  2.044   1.581   1.520   1.316   1.468   1.223   1.227
Lawyers       and Judges                     1.498   1.257   1.251   0.999   1.193   0.896   0.835
Arts and Athletes                            1.142   0.977   1.133   0.982   1.141   0.989   1.062
Health Technicians                           1.088   1.063   1.112   0.960   1.071   0.876   0.901
Engineering Technicians                      0.941   0.873   0.873   0.825   0.989   0.825   0.837
Science Technicians                          0.986   1.018   0.927   0.863   1.018   0.856   0.812
Technicians, Other                           1.011   0.897   0.988   0.856   0.903   0.745   0.675
Sales, all                                   0.989   0.864   0.879   0.799   0.924   0.860   0.847
Secretaries                                  1.050   0.959   1.072   1.055   1.139   1.067   1.089
Info. Clerks                                 1.004   0.932   1.048   1.014   1.225   1.099   1.114
Records Processing, Non-Financial            1.186   0.990   0.998   0.998   1.229   1.098   1.079
Financial Records Processing                 1.112   0.952   0.995   0.984   1.138   0.968   0.957
Office Machine Operator                      1.008   0.993   1.021   0.993   0.983   1.112   0.942
Computer/Communications Equip. Operator      0.871   0.866   0.856   0.868   1.043   0.939   0.757
Mail Distribution                            0.980   0.922   0.807   0.787   1.011   0.865   1.012
Scheduling and Distributing Clerks           0.967   0.888   0.878   0.878   1.064   1.005   1.023
Adjusters and Investigators                  1.151   0.959   1.007   0.945   1.080   0.986   0.962
Misc. Admin Support                          1.040   0.925   1.025   0.978   1.191   1.053   0.997
Private Household Occupations                0.939   0.928   1.037   1.065   1.305   1.196   1.252
Firefighting                                 0.923   0.796   0.797   0.717   0.846   0.681   0.728
Police                                       0.963   0.827   0.844   0.763   0.917   0.737   0.743
Guards                                       0.960   0.928   0.962   0.956   1.136   0.986   0.982
Food Prep    and Service                     1.068   0.982   1.152   1.124   1.293   1.240   1.189
Health Service                               1.238   1.181   1.188   1.087   1.321   1.153   1.120
Cleaning and Building Service                1.080   0.931   0.948   0.955   1.112   1.018   1.002
Personal Service                             1.025   0.876   1.075   1.046   1.219   1.124   1.165
Farm Managers                                1.366   1.048   1.033   0.994   1.122   0.845   0.870
Farm Work                                    1.353   1.143   0.989   0.994   1.127   0.938   0.991
Related Agriculture                          0.977   0.918   1.005   0.964   1.103   1.023   0.954
Forest, Logging, Fishers and Hunter          1.102   0.975   0.890   0.876   1.034   0.864   0.873
Mechanics                                    0.928   0.813   0.791   0.795   0.921   0.799   0.766
Elec. Repairer                               0.899   0.819   0.745   0.786   0.933   0.809   0.799
Misc. Repairer                               0.900   0.790   0.770   0.799   0.948   0.800   0.770
Construction Trade                           0.856   0.784   0.785   0.790   0.928   0.819   0.783
Extractive                                   0.837   0.804   0.676   0.710   0.846   0.625   0.669
Supervisor(P)                                0.826   0.767   0.750   0.718   0.865   0.743   0.744
Precision Metal                              0.829   0.773   0.744   0.746   0.886   0.785   0.786
Precision Wood                               0.932   0.875   0.999   0.882   1.037   0.952   0.875
Precision, Textile                           0.919   0.865   0.919   0.936   1.004   1.009   0.830
Precision, Other                             0.861   0.808   0.864   0.826   1.104   0.961   1.050
Precision, Food                              0.913   0.827   0.769   0.852   1.046   0.972   1.008
Plant Operator                               0.906   0.782   0.759   0.708   0.858   0.692   0.723
Metal and Plastic Machine Operator           0.811   0.804   0.753   0.806   0.963   0.836   0.876
Metal and Plastic Processing Operator        0.897   0.769   0.772   0.792   0.933   0.866   0.856
Woodworking Machine Operator                 0.992   0.910   0.908   0.941   0.975   0.856   0.852
Textile Machine Operator                     0.851   0.788   0.811   0.794   0.941   0.897   1.029
Print Machine Operator                       1.010   0.911   0.916   0.908   1.067   0.991   1.053
Machine Operator, Other                      0.901   0.827   0.776   0.802   0.956   0.862   0.837
Fabricators                                  0.869   0.825   0.779   0.821   0.962   0.844   0.821
Production Inspectors                        0.903   0.861   0.784   0.795   0.966   0.819   0.819
Motor Vehicle Operator                       0.898   0.820   0.777   0.811   0.954   0.880   0.867
Non Motor Vehicle Operator                   0.820   0.775   0.708   0.734   0.863   0.699   0.727
Freight, Stock, Material Handler             0.971   0.909   0.853   0.915   1.079   1.015   1.032
 
 
WageBarHomeY(g,t):
 
               1960    1970    1980    1990    2000    2010
-----------------------------------------------------------
White Men     39408   46685   40135   39456   48792   45138   47044
White Women   11909   16192   16495   19894   30495   30243   33408
Black Men     24539   32568   23020   21696   29359   28833   32066
Black Women   12883   18864   18146   19661   30731   31906   33710
 
 
 
>>> Calling GetTExperience: Loop = 2
 
 
===========================================================
GetTExperience.m:
Fixing tauhat_y missing values --> tauhat_y_cleaned (just for robustness cases)
 -- Use first non-missing value
 
===========================================================
 
*********************
White Women
*********************
 
tauhat_y_cleaned Firefighting     NaN 12.7721  9.7087  6.0175  5.4037  5.1955  4.0926
tauhat_y_cleaned Firefighting 12.7721 12.7721  9.7087  6.0175  5.4037  5.1955  4.0926
tauhat_y_cleaned Forest     NaN 19.4901  5.9951  4.5321  4.8984  3.7356  2.4840
tauhat_y_cleaned Forest 19.4901 19.4901  5.9951  4.5321  4.8984  3.7356  2.4840
 
*********************
Black Men
*********************
 
tauhat_y_cleaned Architects     NaN  2.2799  2.6102  1.9263  2.1000  2.0045  2.3009
tauhat_y_cleaned Architects  2.2799  2.2799  2.6102  1.9263  2.1000  2.0045  2.3009
tauhat_y_cleaned Librarians     NaN  1.3797  1.1215  1.2106  1.9407  1.2910  0.7190
tauhat_y_cleaned Librarians  1.3797  1.3797  1.1215  1.2106  1.9407  1.2910  0.7190
tauhat_y_cleaned WoodWork  3.1801  1.5853  1.6139  1.8802  2.5269  2.4757     NaN
tauhat_y_cleaned WoodWork  3.1801  1.5853  1.6139  1.8802  2.5269  2.4757  2.4757
 
*********************
Black Women
*********************
 
tauhat_y_cleaned Architects     NaN     NaN  3.9488  5.5941  4.4311  2.6552  2.1938
tauhat_y_cleaned Architects  3.9488  3.9488  3.9488  5.5941  4.4311  2.6552  2.1938
tauhat_y_cleaned Engineers     NaN     NaN  6.1696  4.1964  3.1462  3.3659  4.2800
tauhat_y_cleaned Engineers  6.1696  6.1696  6.1696  4.1964  3.1462  3.3659  4.2800
tauhat_y_cleaned Math/CompSci     NaN  5.3587  2.3153  2.0193  2.0870  2.0344  1.5472
tauhat_y_cleaned Math/CompSci  5.3587  5.3587  2.3153  2.0193  2.0870  2.0344  1.5472
tauhat_y_cleaned Science     NaN  4.5455  3.7423  2.3938  2.3053  1.7136  1.4792
tauhat_y_cleaned Science  4.5455  4.5455  3.7423  2.3938  2.3053  1.7136  1.4792
tauhat_y_cleaned Eng.Techs     NaN  7.7593  3.3460  3.5182  2.6515  2.6637  2.2713
tauhat_y_cleaned Eng.Techs  7.7593  7.7593  3.3460  3.5182  2.6515  2.6637  2.2713
tauhat_y_cleaned OtherTechs     NaN  4.2359  2.2468  2.0088  2.1291  2.3726  3.1388
tauhat_y_cleaned OtherTechs  4.2359  4.2359  2.2468  2.0088  2.1291  2.3726  3.1388
tauhat_y_cleaned Firefighting     NaN     NaN 11.7493  8.1294  6.0679 12.1900  5.2938
tauhat_y_cleaned Firefighting 11.7493 11.7493 11.7493  8.1294  6.0679 12.1900  5.2938
tauhat_y_cleaned Police     NaN  8.2820  3.6168  1.7094  1.7816  1.8119  1.9064
tauhat_y_cleaned Police  8.2820  8.2820  3.6168  1.7094  1.7816  1.8119  1.9064
tauhat_y_cleaned FarmMgrs 46.5506 10.8348 23.0380 19.0608     NaN 10.8791     NaN
tauhat_y_cleaned FarmMgrs 46.5506 10.8348 23.0380 19.0608 14.9699 10.8791 10.8791
tauhat_y_cleaned Agriculture     NaN  9.7826  5.0914  5.2499  4.9937  4.7822  3.1145
tauhat_y_cleaned Agriculture  9.7826  9.7826  5.0914  5.2499  4.9937  4.7822  3.1145
tauhat_y_cleaned Forest     NaN  4.1103  7.3002  6.0762  3.8881     NaN     NaN
tauhat_y_cleaned Forest  4.1103  4.1103  7.3002  6.0762  3.8881  3.8881  3.8881
tauhat_y_cleaned Mechanics     NaN 25.5923  8.6608  6.8971  6.8033  6.8344  7.0726
tauhat_y_cleaned Mechanics 25.5923 25.5923  8.6608  6.8971  6.8033  6.8344  7.0726
tauhat_y_cleaned Elec.Repairer     NaN 23.9694  3.9558  3.4702  3.2065  4.6834  2.0534
tauhat_y_cleaned Elec.Repairer 23.9694 23.9694  3.9558  3.4702  3.2065  4.6834  2.0534
tauhat_y_cleaned Extractive     NaN  9.6600 14.2665  6.6273     NaN 12.9993  4.6065
tauhat_y_cleaned Extractive  9.6600  9.6600 14.2665  6.6273  9.8133 12.9993  4.6065
tauhat_y_cleaned MetalWork     NaN 11.2316  5.9366  5.7676  4.6992  6.5912 20.3038
tauhat_y_cleaned MetalWork 11.2316 11.2316  5.9366  5.7676  4.6992  6.5912 20.3038
tauhat_y_cleaned WoodWork     NaN  4.6312  4.7584  5.2782  5.9129  6.7012     NaN
tauhat_y_cleaned WoodWork  4.6312  4.6312  4.7584  5.2782  5.9129  6.7012  6.7012
tauhat_y_cleaned PlantOperator     NaN     NaN  5.2092  6.6971  9.4165  6.8538  4.2215
tauhat_y_cleaned PlantOperator  5.2092  5.2092  5.2092  6.6971  9.4165  6.8538  4.2215
tauhat_y_cleaned MetalMach.     NaN  3.6797  2.8424  3.4569  2.7138  4.6250  4.5436
tauhat_y_cleaned MetalMach.  3.6797  3.6797  2.8424  3.4569  2.7138  4.6250  4.5436
tauhat_y_cleaned MetalProc.     NaN  9.0466  2.5723  3.4093  2.7972  2.7462  0.6809
tauhat_y_cleaned MetalProc.  9.0466  9.0466  2.5723  3.4093  2.7972  2.7462  0.6809
tauhat_y_cleaned WoodMach.     NaN  7.7440  2.8615  3.5876  2.1186  2.6483  2.4529
tauhat_y_cleaned WoodMach.  7.7440  7.7440  2.8615  3.5876  2.1186  2.6483  2.4529
tauhat_y_cleaned TextileMach.     NaN  4.7557  3.3404  2.9259  2.9421  2.3972  1.2375
tauhat_y_cleaned TextileMach.  4.7557  4.7557  3.3404  2.9259  2.9421  2.3972  1.2375
 
GetTExperience.m:
                     TigYMO for               --- 1960 ---      and    --- 1990 ---
Home                                         1.00   1.35   1.79        1.00   1.43   1.72
Executives, Administrative, and Managerial   1.00   1.35   1.79        1.00   1.43   1.72
Management Related                           1.00   1.35   1.79        1.00   1.43   1.72
Architects                                   1.00   1.35   1.79        1.00   1.43   1.72
Engineers                                    1.00   1.35   1.79        1.00   1.43   1.72
Math and Computer Science                    1.00   1.35   1.79        1.00   1.43   1.72
Natural Science                              1.00   1.35   1.79        1.00   1.43   1.72
Doctors                                      1.00   1.35   1.79        1.00   1.43   1.72
Health Assessment                            1.00   1.35   1.79        1.00   1.43   1.72
Therapists                                   1.00   1.35   1.79        1.00   1.43   1.72
Professors                                   1.00   1.35   1.79        1.00   1.43   1.72
Teachers          Non-Postsecondary          1.00   1.35   1.79        1.00   1.43   1.72
Librarians  and Curators                     1.00   1.35   1.79        1.00   1.43   1.72
Social Scientists and Urban Planners         1.00   1.35   1.79        1.00   1.43   1.72
Social Work                                  1.00   1.35   1.79        1.00   1.43   1.72
Lawyers       and Judges                     1.00   1.35   1.79        1.00   1.43   1.72
Arts and Athletes                            1.00   1.35   1.79        1.00   1.43   1.72
Health Technicians                           1.00   1.35   1.79        1.00   1.43   1.72
Engineering Technicians                      1.00   1.35   1.79        1.00   1.43   1.72
Science Technicians                          1.00   1.35   1.79        1.00   1.43   1.72
Technicians, Other                           1.00   1.35   1.79        1.00   1.43   1.72
Sales, all                                   1.00   1.35   1.79        1.00   1.43   1.72
Secretaries                                  1.00   1.35   1.79        1.00   1.43   1.72
Info. Clerks                                 1.00   1.35   1.79        1.00   1.43   1.72
Records Processing, Non-Financial            1.00   1.35   1.79        1.00   1.43   1.72
Financial Records Processing                 1.00   1.35   1.79        1.00   1.43   1.72
Office Machine Operator                      1.00   1.35   1.79        1.00   1.43   1.72
Computer/Communications Equip. Operator      1.00   1.35   1.79        1.00   1.43   1.72
Mail Distribution                            1.00   1.35   1.79        1.00   1.43   1.72
Scheduling and Distributing Clerks           1.00   1.35   1.79        1.00   1.43   1.72
Adjusters and Investigators                  1.00   1.35   1.79        1.00   1.43   1.72
Misc. Admin Support                          1.00   1.35   1.79        1.00   1.43   1.72
Private Household Occupations                1.00   1.35   1.79        1.00   1.43   1.72
Firefighting                                 1.00   1.35   1.79        1.00   1.43   1.72
Police                                       1.00   1.35   1.79        1.00   1.43   1.72
Guards                                       1.00   1.35   1.79        1.00   1.43   1.72
Food Prep    and Service                     1.00   1.35   1.79        1.00   1.43   1.72
Health Service                               1.00   1.35   1.79        1.00   1.43   1.72
Cleaning and Building Service                1.00   1.35   1.79        1.00   1.43   1.72
Personal Service                             1.00   1.35   1.79        1.00   1.43   1.72
Farm Managers                                1.00   1.35   1.79        1.00   1.43   1.72
Farm Work                                    1.00   1.35   1.79        1.00   1.43   1.72
Related Agriculture                          1.00   1.35   1.79        1.00   1.43   1.72
Forest, Logging, Fishers and Hunter          1.00   1.35   1.79        1.00   1.43   1.72
Mechanics                                    1.00   1.35   1.79        1.00   1.43   1.72
Elec. Repairer                               1.00   1.35   1.79        1.00   1.43   1.72
Misc. Repairer                               1.00   1.35   1.79        1.00   1.43   1.72
Construction Trade                           1.00   1.35   1.79        1.00   1.43   1.72
Extractive                                   1.00   1.35   1.79        1.00   1.43   1.72
Supervisor(P)                                1.00   1.35   1.79        1.00   1.43   1.72
Precision Metal                              1.00   1.35   1.79        1.00   1.43   1.72
Precision Wood                               1.00   1.35   1.79        1.00   1.43   1.72
Precision, Textile                           1.00   1.35   1.79        1.00   1.43   1.72
Precision, Other                             1.00   1.35   1.79        1.00   1.43   1.72
Precision, Food                              1.00   1.35   1.79        1.00   1.43   1.72
Plant Operator                               1.00   1.35   1.79        1.00   1.43   1.72
Metal and Plastic Machine Operator           1.00   1.35   1.79        1.00   1.43   1.72
Metal and Plastic Processing Operator        1.00   1.35   1.79        1.00   1.43   1.72
Woodworking Machine Operator                 1.00   1.35   1.79        1.00   1.43   1.72
Textile Machine Operator                     1.00   1.35   1.79        1.00   1.43   1.72
Print Machine Operator                       1.00   1.35   1.79        1.00   1.43   1.72
Machine Operator, Other                      1.00   1.35   1.79        1.00   1.43   1.72
Fabricators                                  1.00   1.35   1.79        1.00   1.43   1.72
Production Inspectors                        1.00   1.35   1.79        1.00   1.43   1.72
Motor Vehicle Operator                       1.00   1.35   1.79        1.00   1.43   1.72
Non Motor Vehicle Operator                   1.00   1.35   1.79        1.00   1.43   1.72
Freight, Stock, Material Handler             1.00   1.35   1.79        1.00   1.43   1.72
 
Values for occupation 8:
ans =

   1.0000   1.3467   1.7883
   1.0000   1.4975   1.7550
   1.0000   1.3460   1.6103
   1.0000   1.4337   1.7222
   1.0000   1.4595   1.5608
   1.0000   1.3036        0
   1.0000   1.0000   1.0000

 
Tbar and TbarHat by Group and Years for Doctors
ans =

   4.1351   4.2525   3.9563   4.1559   4.0203   3.6977   3.6977
   4.1351   4.2525   3.9563   4.1559   4.0203   3.6977   3.6977
   4.1351   4.2525   3.9563   4.1559   4.0203   3.6977   3.6977
   4.1351   4.2525   3.9563   4.1559   4.0203   3.6977   3.6977

ans =

   1   1   1   1   1   1   1
   1   1   1   1   1   1   1
   1   1   1   1   1   1   1
   1   1   1   1   1   1   1

 
Tbar and TbarHat by Group and Years for Secretaries
ans =

   4.1351   4.2525   3.9563   4.1559   4.0203   3.6977   3.6977
   4.1351   4.2525   3.9563   4.1559   4.0203   3.6977   3.6977
   4.1351   4.2525   3.9563   4.1559   4.0203   3.6977   3.6977
   4.1351   4.2525   3.9563   4.1559   4.0203   3.6977   3.6977

ans =

   1   1   1   1   1   1   1
   1   1   1   1   1   1   1
   1   1   1   1   1   1   1
   1   1   1   1   1   1   1

 
Tbar and TbarHat by Group and Years for Farm
ans =

   4.1351   4.2525   3.9563   4.1559   4.0203   3.6977   3.6977
   4.1351   4.2525   3.9563   4.1559   4.0203   3.6977   3.6977
   4.1351   4.2525   3.9563   4.1559   4.0203   3.6977   3.6977
   4.1351   4.2525   3.9563   4.1559   4.0203   3.6977   3.6977

ans =

   1   1   1   1   1   1   1
   1   1   1   1   1   1   1
   1   1   1   1   1   1   1
   1   1   1   1   1   1   1

 
 
-------------------------------------------------------------
Estimating w and Z from YWM:   1960
-------------------------------------------------------------
 
                                                 s     phi         w     zWM
----------------------------------------------------------------------------
Home                                         0.496   1.273    7780.2   1.000
Executives, Administrative, and Managerial   0.525   1.431    9173.2   0.915
Management Related                           0.596   1.911    6201.2   1.090
Architects                                   0.691   2.900    1206.3   1.282
Engineers                                    0.627   2.178    7359.6   1.030
Math and Computer Science                    0.654   2.448    1204.0   1.149
Natural Science                              0.658   2.489    3100.4   1.226
Doctors                                      0.751   3.907    4047.3   1.614
Health Assessment                            0.667   2.587    1970.0   1.251
Therapists                                   0.695   2.956     665.5   1.633
Professors                                   0.819   5.850    2492.7   2.346
Teachers          Non-Postsecondary          0.694   2.937    4463.8   1.613
Librarians  and Curators                     0.715   3.247     432.9   1.771
Social Scientists and Urban Planners         0.703   3.057    1510.0   1.373
Social Work                                  0.700   3.025    2111.0   2.044
Lawyers       and Judges                     0.755   3.986    3621.6   1.498
Arts and Athletes                            0.610   2.023    3898.8   1.142
Health Technicians                           0.524   1.426    1136.8   1.088
Engineering Technicians                      0.514   1.369    3738.2   0.941
Science Technicians                          0.521   1.408    2386.8   0.986
Technicians, Other                           0.542   1.531    1768.8   1.011
Sales, all                                   0.532   1.470    8479.6   0.989
Secretaries                                  0.520   1.402    1187.2   1.050
Info. Clerks                                 0.503   1.310    1068.0   1.004
Records Processing, Non-Financial            0.616   2.077    1668.3   1.186
Financial Records Processing                 0.525   1.430    1801.0   1.112
Office Machine Operator                      0.500   1.296    1484.2   1.008
Computer/Communications Equip. Operator      0.469   1.143     785.6   0.871
Mail Distribution                            0.489   1.239    2292.7   0.980
Scheduling and Distributing Clerks           0.441   1.023    2743.1   0.967
Adjusters and Investigators                  0.574   1.746    1669.6   1.151
Misc. Admin Support                          0.512   1.360    4687.8   1.040
Private Household Occupations                0.418   0.929     701.1   0.939
Firefighting                                 0.458   1.094    1778.1   0.923
Police                                       0.474   1.166    2608.4   0.963
Guards                                       0.446   1.043    1201.4   0.960
Food Prep    and Service                     0.418   0.930    1615.9   1.068
Health Service                               0.439   1.011     687.2   1.238
Cleaning and Building Service                0.403   0.875     989.0   1.080
Personal Service                             0.438   1.010    1791.6   1.025
Farm Managers                                0.434   0.992    2597.5   1.366
Farm Work                                    0.338   0.660    1298.5   1.353
Related Agriculture                          0.401   0.867     843.0   0.977
Forest, Logging, Fishers and Hunter          0.379   0.790     792.4   1.102
Mechanics                                    0.418   0.929    3474.3   0.928
Elec. Repairer                               0.465   1.126    3689.7   0.899
Misc. Repairer                               0.432   0.985    4270.8   0.900
Construction Trade                           0.428   0.970    5773.4   0.856
Extractive                                   0.402   0.872    2101.4   0.837
Supervisor(P)                                0.462   1.113    4431.6   0.826
Precision Metal                              0.434   0.992    4027.3   0.829
Precision Wood                               0.416   0.922     806.5   0.932
Precision, Textile                           0.385   0.809     918.8   0.919
Precision, Other                             0.434   0.992    1531.4   0.861
Precision, Food                              0.420   0.938    1774.4   0.913
Plant Operator                               0.533   1.478    2851.4   0.906
Metal and Plastic Machine Operator           0.399   0.860    1753.7   0.811
Metal and Plastic Processing Operator        0.408   0.893     830.8   0.897
Woodworking Machine Operator                 0.372   0.766     694.4   0.992
Textile Machine Operator                     0.453   1.072    2418.2   0.851
Print Machine Operator                       0.387   0.817    1021.3   1.010
Machine Operator, Other                      0.405   0.879    6546.0   0.901
Fabricators                                  0.409   0.897    3143.4   0.869
Production Inspectors                        0.444   1.034    2159.2   0.903
Motor Vehicle Operator                       0.405   0.880    5306.9   0.898
Non Motor Vehicle Operator                   0.422   0.946    3205.1   0.820
Freight, Stock, Material Handler             0.395   0.845    4164.4   0.971

  MWM = 341390606.568
 
 
-------------------------------------------------------------
Estimating w and Z from YWM:   1970
-------------------------------------------------------------
 
                                                 s     phi         w     zWM
----------------------------------------------------------------------------
Home                                         0.555   1.614   10198.5   1.000
Executives, Administrative, and Managerial   0.557   1.627   12937.3   0.846
Management Related                           0.598   1.928    6215.2   0.935
Architects                                   0.725   3.421    1774.3   1.266
Engineers                                    0.640   2.302    8638.6   0.950
Math and Computer Science                    0.628   2.188    3707.1   0.943
Natural Science                              0.667   2.590    3622.4   1.125
Doctors                                      0.759   4.084    5762.1   1.247
Health Assessment                            0.686   2.833    2387.1   1.163
Therapists                                   0.669   2.616    1106.7   1.271
Professors                                   0.814   5.679    4691.9   2.017
Teachers          Non-Postsecondary          0.715   3.245    6687.7   1.457
Librarians  and Curators                     0.720   3.328     874.4   1.511
Social Scientists and Urban Planners         0.698   2.987    2805.3   1.139
Social Work                                  0.688   2.857    2694.0   1.581
Lawyers       and Judges                     0.763   4.174    5460.5   1.257
Arts and Athletes                            0.598   1.922    4305.1   0.977
Health Technicians                           0.597   1.918    1620.0   1.063
Engineering Technicians                      0.528   1.446    5067.5   0.873
Science Technicians                          0.583   1.812    1620.6   1.018
Technicians, Other                           0.586   1.834    4254.9   0.897
Sales, all                                   0.543   1.537    9953.6   0.864
Secretaries                                  0.536   1.495    1454.3   0.959
Info. Clerks                                 0.536   1.497    1643.3   0.932
Records Processing, Non-Financial            0.611   2.029    3208.1   0.990
Financial Records Processing                 0.533   1.478    2610.0   0.952
Office Machine Operator                      0.502   1.304     857.4   0.993
Computer/Communications Equip. Operator      0.509   1.341    1949.4   0.866
Mail Distribution                            0.501   1.299    2247.7   0.922
Scheduling and Distributing Clerks           0.483   1.209    3797.8   0.888
Adjusters and Investigators                  0.573   1.736    3105.5   0.959
Misc. Admin Support                          0.528   1.446    3746.6   0.925
Private Household Occupations                0.431   0.982     874.5   0.928
Firefighting                                 0.483   1.209    2432.5   0.796
Police                                       0.499   1.288    3833.4   0.827
Guards                                       0.493   1.258    1473.5   0.928
Food Prep    and Service                     0.455   1.079    1950.5   0.982
Health Service                               0.520   1.401     879.1   1.181
Cleaning and Building Service                0.436   1.001    2042.1   0.931
Personal Service                             0.439   1.015    2492.6   0.876
Farm Managers                                0.475   1.173    2910.1   1.048
Farm Work                                    0.399   0.861    1471.2   1.143
Related Agriculture                          0.431   0.979    1343.4   0.918
Forest, Logging, Fishers and Hunter          0.444   1.035     992.2   0.975
Mechanics                                    0.444   1.034    5529.6   0.813
Elec. Repairer                               0.481   1.199    4361.8   0.819
Misc. Repairer                               0.444   1.035    4421.1   0.790
Construction Trade                           0.451   1.062    7783.5   0.784
Extractive                                   0.429   0.972    1614.2   0.804
Supervisor(P)                                0.484   1.215    5864.4   0.767
Precision Metal                              0.465   1.127    4245.4   0.773
Precision Wood                               0.439   1.012     927.6   0.875
Precision, Textile                           0.405   0.880    1049.5   0.865
Precision, Other                             0.479   1.189    1230.2   0.808
Precision, Food                              0.443   1.030    2237.2   0.827
Plant Operator                               0.475   1.171    1651.1   0.782
Metal and Plastic Machine Operator           0.443   1.030    3464.0   0.804
Metal and Plastic Processing Operator        0.417   0.925    1223.6   0.769
Woodworking Machine Operator                 0.397   0.851     794.0   0.910
Textile Machine Operator                     0.472   1.156    2782.6   0.788
Print Machine Operator                       0.409   0.896    1746.9   0.911
Machine Operator, Other                      0.433   0.989    6295.8   0.827
Fabricators                                  0.440   1.015    4056.2   0.825
Production Inspectors                        0.482   1.205    2933.8   0.861
Motor Vehicle Operator                       0.437   1.006    5954.5   0.820
Non Motor Vehicle Operator                   0.439   1.014    3516.4   0.775
Freight, Stock, Material Handler             0.440   1.019    4174.5   0.909

  MWM = 352120029.982
 
 
-------------------------------------------------------------
Estimating w and Z from YWM:   1980
-------------------------------------------------------------
 
                                                 s     phi         w     zWM
----------------------------------------------------------------------------
Home                                         0.565   1.684    8839.9   1.000
Executives, Administrative, and Managerial   0.602   1.962   12195.0   0.854
Management Related                           0.631   2.210    7944.9   0.951
Architects                                   0.703   3.064    1950.4   1.216
Engineers                                    0.648   2.388    7488.2   0.889
Math and Computer Science                    0.652   2.420    3609.6   0.908
Natural Science                              0.702   3.046    3145.7   1.207
Doctors                                      0.758   4.060    6401.0   1.097
Health Assessment                            0.712   3.193    2688.9   1.214
Therapists                                   0.635   2.255    1626.4   1.106
Professors                                   0.811   5.545    2948.5   2.063
Teachers          Non-Postsecondary          0.709   3.156    5666.6   1.434
Librarians  and Curators                     0.724   3.400     876.1   1.586
Social Scientists and Urban Planners         0.727   3.442    2673.5   1.229
Social Work                                  0.690   2.876    2632.3   1.520
Lawyers       and Judges                     0.769   4.300    6091.8   1.251
Arts and Athletes                            0.633   2.235    3918.9   1.133
Health Technicians                           0.621   2.125    1914.5   1.112
Engineering Technicians                      0.558   1.636    4369.8   0.873
Science Technicians                          0.584   1.815    1718.0   0.927
Technicians, Other                           0.631   2.213    4634.1   0.988
Sales, all                                   0.577   1.765   10335.0   0.879
Secretaries                                  0.594   1.898     949.9   1.072
Info. Clerks                                 0.604   1.976    1425.0   1.048
Records Processing, Non-Financial            0.568   1.701    1645.0   0.998
Financial Records Processing                 0.586   1.832    1979.9   0.995
Office Machine Operator                      0.534   1.484     403.7   1.021
Computer/Communications Equip. Operator      0.559   1.643    2535.0   0.856
Mail Distribution                            0.535   1.491    2824.0   0.807
Scheduling and Distributing Clerks           0.525   1.428    3959.2   0.878
Adjusters and Investigators                  0.608   2.009    2198.0   1.007
Misc. Admin Support                          0.589   1.855    2712.1   1.025
Private Household Occupations                0.469   1.144     675.4   1.037
Firefighting                                 0.529   1.453    2432.1   0.797
Police                                       0.556   1.621    4151.5   0.844
Guards                                       0.537   1.504    1897.2   0.962
Food Prep    and Service                     0.520   1.401    2193.2   1.152
Health Service                               0.575   1.752    1290.9   1.188
Cleaning and Building Service                0.488   1.233    2771.3   0.948
Personal Service                             0.559   1.641    1715.7   1.075
Farm Managers                                0.526   1.439    2832.7   1.033
Farm Work                                    0.437   1.006    1656.2   0.989
Related Agriculture                          0.494   1.263    1507.7   1.005
Forest, Logging, Fishers and Hunter          0.489   1.240    1331.7   0.890
Mechanics                                    0.482   1.202    5693.7   0.791
Elec. Repairer                               0.509   1.344    4199.3   0.745
Misc. Repairer                               0.495   1.267    3573.4   0.770
Construction Trade                           0.495   1.271    8885.2   0.785
Extractive                                   0.468   1.138    2244.4   0.676
Supervisor(P)                                0.525   1.433    5773.8   0.750
Precision Metal                              0.490   1.243    3907.2   0.744
Precision Wood                               0.502   1.307     900.2   0.999
Precision, Textile                           0.448   1.049     725.7   0.919
Precision, Other                             0.504   1.316    1484.4   0.864
Precision, Food                              0.473   1.164    1972.8   0.769
Plant Operator                               0.520   1.401    2132.1   0.759
Metal and Plastic Machine Operator           0.469   1.142    2855.8   0.753
Metal and Plastic Processing Operator        0.463   1.116    1384.2   0.772
Woodworking Machine Operator                 0.465   1.124     965.8   0.908
Textile Machine Operator                     0.504   1.316    2090.0   0.811
Print Machine Operator                       0.435   0.996    1156.0   0.916
Machine Operator, Other                      0.472   1.155    5196.8   0.776
Fabricators                                  0.469   1.145    4578.5   0.779
Production Inspectors                        0.503   1.309    2650.2   0.784
Motor Vehicle Operator                       0.478   1.187    6374.2   0.777
Non Motor Vehicle Operator                   0.483   1.207    4248.2   0.708
Freight, Stock, Material Handler             0.478   1.183    4391.7   0.853

  MWM = 221912597.367
 
 
-------------------------------------------------------------
Estimating w and Z from YWM:   1990
-------------------------------------------------------------
 
                                                 s     phi         w     zWM
----------------------------------------------------------------------------
Home                                         0.555   1.611    8942.5   1.000
Executives, Administrative, and Managerial   0.582   1.800   12623.3   0.760
Management Related                           0.620   2.108    8284.1   0.860
Architects                                   0.649   2.398    2144.0   0.929
Engineers                                    0.638   2.279    8956.4   0.792
Math and Computer Science                    0.636   2.260    5247.4   0.799
Natural Science                              0.674   2.676    3071.2   1.059
Doctors                                      0.762   4.147    6744.1   1.020
Health Assessment                            0.650   2.405    2851.2   0.864
Therapists                                   0.633   2.236    1688.4   0.953
Professors                                   0.814   5.670    2451.8   2.102
Teachers          Non-Postsecondary          0.669   2.613    4014.6   1.224
Librarians  and Curators                     0.714   3.232     767.1   1.490
Social Scientists and Urban Planners         0.697   2.974    2384.7   1.064
Social Work                                  0.660   2.514    2292.0   1.316
Lawyers       and Judges                     0.765   4.211    7157.5   0.999
Arts and Athletes                            0.611   2.034    4591.4   0.982
Health Technicians                           0.585   1.824    2255.9   0.960
Engineering Technicians                      0.559   1.640    4726.7   0.825
Science Technicians                          0.569   1.708    1704.0   0.863
Technicians, Other                           0.603   1.968    5977.5   0.856
Sales, all                                   0.561   1.651   12253.5   0.799
Secretaries                                  0.578   1.771     911.6   1.055
Info. Clerks                                 0.581   1.794    1509.2   1.014
Records Processing, Non-Financial            0.575   1.752    1361.7   0.998
Financial Records Processing                 0.568   1.700    1678.1   0.984
Office Machine Operator                      0.519   1.399     464.2   0.993
Computer/Communications Equip. Operator      0.557   1.627    2412.1   0.868
Mail Distribution                            0.529   1.453    2809.0   0.787
Scheduling and Distributing Clerks           0.518   1.391    3971.4   0.878
Adjusters and Investigators                  0.586   1.829    2488.4   0.945
Misc. Admin Support                          0.579   1.782    2775.3   0.978
Private Household Occupations                0.484   1.213     669.5   1.065
Firefighting                                 0.532   1.469    2693.9   0.717
Police                                       0.541   1.527    4422.6   0.763
Guards                                       0.533   1.476    2168.6   0.956
Food Prep    and Service                     0.518   1.390    2919.5   1.124
Health Service                               0.557   1.630    1426.5   1.087
Cleaning and Building Service                0.493   1.261    3050.2   0.955
Personal Service                             0.545   1.553    1613.4   1.046
Farm Managers                                0.510   1.349    2435.6   0.994
Farm Work                                    0.447   1.047    1531.7   0.994
Related Agriculture                          0.485   1.217    2210.6   0.964
Forest, Logging, Fishers and Hunter          0.476   1.177    1282.2   0.876
Mechanics                                    0.493   1.257    6067.0   0.795
Elec. Repairer                               0.517   1.385    3647.1   0.786
Misc. Repairer                               0.501   1.301    3589.4   0.799
Construction Trade                           0.489   1.239    9446.3   0.790
Extractive                                   0.476   1.176    1646.2   0.710
Supervisor(P)                                0.511   1.353    4611.6   0.718
Precision Metal                              0.496   1.274    4000.4   0.746
Precision Wood                               0.492   1.252    1025.5   0.882
Precision, Textile                           0.471   1.151     788.4   0.936
Precision, Other                             0.498   1.285    1618.5   0.826
Precision, Food                              0.481   1.200    1741.9   0.852
Plant Operator                               0.517   1.384    2599.1   0.708
Metal and Plastic Machine Operator           0.475   1.173    1839.5   0.806
Metal and Plastic Processing Operator        0.480   1.197    1227.8   0.792
Woodworking Machine Operator                 0.471   1.154     984.9   0.941
Textile Machine Operator                     0.500   1.293    2484.8   0.794
Print Machine Operator                       0.465   1.124    1418.4   0.908
Machine Operator, Other                      0.482   1.205    4657.2   0.802
Fabricators                                  0.481   1.200    4277.4   0.821
Production Inspectors                        0.512   1.356    2606.7   0.795
Motor Vehicle Operator                       0.488   1.233    6382.9   0.811
Non Motor Vehicle Operator                   0.484   1.216    3239.0   0.734
Freight, Stock, Material Handler             0.489   1.239    4281.4   0.915

  MWM = 250548836.520
 
 
-------------------------------------------------------------
Estimating w and Z from YWM:   2000
-------------------------------------------------------------
 
                                                 s     phi         w     zWM
----------------------------------------------------------------------------
Home                                         0.528   1.448   12648.0   1.000
Executives, Administrative, and Managerial   0.595   1.898   14583.0   0.856
Management Related                           0.619   2.100   10134.8   0.962
Architects                                   0.664   2.561    2281.2   1.132
Engineers                                    0.641   2.313    8396.4   0.936
Math and Computer Science                    0.605   1.982    7625.0   0.916
Natural Science                              0.701   3.042    3391.6   1.412
Doctors                                      0.762   4.136    6276.4   1.203
Health Assessment                            0.643   2.336    3296.3   0.986
Therapists                                   0.659   2.500    2484.4   1.133
Professors                                   0.792   4.922    2952.0   2.327
Teachers          Non-Postsecondary          0.672   2.646    5248.9   1.444
Librarians  and Curators                     0.710   3.168     748.9   1.722
Social Scientists and Urban Planners         0.699   3.004    2189.7   1.268
Social Work                                  0.653   2.432    2559.5   1.468
Lawyers       and Judges                     0.763   4.175    7068.4   1.193
Arts and Athletes                            0.618   2.097    5434.4   1.141
Health Technicians                           0.576   1.761    2761.6   1.071
Engineering Technicians                      0.551   1.588    3623.5   0.989
Science Technicians                          0.563   1.669    1322.2   1.018
Technicians, Other                           0.627   2.172    8381.0   0.903
Sales, all                                   0.564   1.673   12755.0   0.924
Secretaries                                  0.585   1.828    1509.3   1.139
Info. Clerks                                 0.576   1.758    1553.4   1.225
Records Processing, Non-Financial            0.572   1.732    1239.1   1.229
Financial Records Processing                 0.567   1.695    1728.5   1.138
Office Machine Operator                      0.519   1.397     795.8   0.983
Computer/Communications Equip. Operator      0.563   1.671    1536.0   1.043
Mail Distribution                            0.527   1.444    2030.9   1.011
Scheduling and Distributing Clerks           0.516   1.382    4146.6   1.064
Adjusters and Investigators                  0.571   1.725    3961.9   1.080
Misc. Admin Support                          0.582   1.802    2427.6   1.191
Private Household Occupations                0.491   1.249     566.6   1.305
Firefighting                                 0.533   1.477    3030.4   0.846
Police                                       0.551   1.588    5824.7   0.917
Guards                                       0.531   1.463    2081.1   1.136
Food Prep    and Service                     0.515   1.377    3620.2   1.293
Health Service                               0.554   1.607    1393.1   1.321
Cleaning and Building Service                0.490   1.242    2649.9   1.112
Personal Service                             0.567   1.698    2346.5   1.219
Farm Managers                                0.519   1.399    1916.2   1.122
Farm Work                                    0.429   0.974    1438.0   1.127
Related Agriculture                          0.476   1.176    2667.8   1.103
Forest, Logging, Fishers and Hunter          0.473   1.163    1291.6   1.034
Mechanics                                    0.493   1.256    6237.3   0.921
Elec. Repairer                               0.513   1.361    4284.6   0.933
Misc. Repairer                               0.498   1.285    3244.9   0.948
Construction Trade                           0.480   1.193    9483.5   0.928
Extractive                                   0.477   1.183    1240.9   0.846
Supervisor(P)                                0.512   1.360    4229.4   0.865
Precision Metal                              0.497   1.277    3059.9   0.886
Precision Wood                               0.487   1.230     996.0   1.037
Precision, Textile                           0.472   1.157     705.5   1.004
Precision, Other                             0.531   1.465    1378.4   1.104
Precision, Food                              0.467   1.135    1470.0   1.046
Plant Operator                               0.508   1.334    1833.0   0.858
Metal and Plastic Machine Operator           0.476   1.175    1522.7   0.963
Metal and Plastic Processing Operator        0.485   1.217    1192.6   0.933
Woodworking Machine Operator                 0.477   1.179    2378.3   0.975
Textile Machine Operator                     0.498   1.286    1989.4   0.941
Print Machine Operator                       0.458   1.094    1304.7   1.067
Machine Operator, Other                      0.480   1.194    4173.6   0.956
Fabricators                                  0.483   1.208    4087.0   0.962
Production Inspectors                        0.519   1.397    2528.7   0.966
Motor Vehicle Operator                       0.488   1.234    6500.6   0.954
Non Motor Vehicle Operator                   0.483   1.209    3083.8   0.863
Freight, Stock, Material Handler             0.487   1.227    3703.7   1.079

  MWM = 401497882.344
 
 
-------------------------------------------------------------
Estimating w and Z from YWM:   2010
-------------------------------------------------------------
 
                                                 s     phi         w     zWM
----------------------------------------------------------------------------
Home                                         0.582   1.800   12743.0   1.000
Executives, Administrative, and Managerial   0.601   1.948   13865.6   0.756
Management Related                           0.633   2.230   10769.6   0.804
Architects                                   0.671   2.642    1992.4   0.944
Engineers                                    0.651   2.415    8660.2   0.753
Math and Computer Science                    0.606   1.991    7718.0   0.783
Natural Science                              0.705   3.096    3710.6   1.101
Doctors                                      0.762   4.155    6134.9   0.990
Health Assessment                            0.671   2.644    4253.5   0.808
Therapists                                   0.692   2.912    2907.2   0.981
Professors                                   0.804   5.314    3399.4   2.093
Teachers          Non-Postsecondary          0.687   2.835    6471.4   1.188
Librarians  and Curators                     0.737   3.631     723.0   1.598
Social Scientists and Urban Planners         0.678   2.728    2866.0   0.941
Social Work                                  0.658   2.493    2937.1   1.223
Lawyers       and Judges                     0.764   4.180    7904.3   0.896
Arts and Athletes                            0.636   2.259    5616.5   0.989
Health Technicians                           0.578   1.775    3199.2   0.876
Engineering Technicians                      0.570   1.713    3552.8   0.825
Science Technicians                          0.581   1.798    1435.7   0.856
Technicians, Other                           0.631   2.213    8303.4   0.745
Sales, all                                   0.574   1.743   11534.4   0.860
Secretaries                                  0.608   2.006    1644.4   1.067
Info. Clerks                                 0.578   1.771    1683.3   1.099
Records Processing, Non-Financial            0.600   1.943    1425.3   1.098
Financial Records Processing                 0.576   1.761    1849.9   0.968
Office Machine Operator                      0.573   1.738     425.6   1.112
Computer/Communications Equip. Operator      0.567   1.695    1055.9   0.939
Mail Distribution                            0.539   1.515    1934.9   0.865
Scheduling and Distributing Clerks           0.535   1.491    3950.1   1.005
Adjusters and Investigators                  0.574   1.746    4040.7   0.986
Misc. Admin Support                          0.593   1.884    2638.0   1.053
Private Household Occupations                0.484   1.214     570.0   1.196
Firefighting                                 0.550   1.584    3650.4   0.681
Police                                       0.560   1.644    6019.8   0.737
Guards                                       0.552   1.597    2736.8   0.986
Food Prep    and Service                     0.536   1.496    4372.6   1.240
Health Service                               0.564   1.677    1905.4   1.153
Cleaning and Building Service                0.507   1.330    2778.7   1.018
Personal Service                             0.579   1.784    2515.8   1.124
Farm Managers                                0.523   1.417    2179.0   0.845
Farm Work                                    0.418   0.929    1868.7   0.938
Related Agriculture                          0.475   1.173    2903.4   1.023
Forest, Logging, Fishers and Hunter          0.491   1.248    1170.2   0.864
Mechanics                                    0.504   1.316    5581.2   0.799
Elec. Repairer                               0.522   1.412    4138.8   0.809
Misc. Repairer                               0.508   1.335    3265.9   0.800
Construction Trade                           0.483   1.209    8870.2   0.819
Extractive                                   0.485   1.221    2693.1   0.625
Supervisor(P)                                0.519   1.394    3037.4   0.743
Precision Metal                              0.502   1.305    2063.8   0.785
Precision Wood                               0.491   1.248     679.0   0.952
Precision, Textile                           0.479   1.192     433.8   1.009
Precision, Other                             0.547   1.565    1585.8   0.961
Precision, Food                              0.474   1.165    1401.6   0.972
Plant Operator                               0.530   1.460    2117.5   0.692
Metal and Plastic Machine Operator           0.474   1.168    1160.3   0.836
Metal and Plastic Processing Operator        0.497   1.279     657.3   0.866
Woodworking Machine Operator                 0.480   1.196    1769.8   0.856
Textile Machine Operator                     0.505   1.321    1223.4   0.897
Print Machine Operator                       0.464   1.121     871.8   0.991
Machine Operator, Other                      0.489   1.237    3729.6   0.862
Fabricators                                  0.485   1.220    3580.8   0.844
Production Inspectors                        0.528   1.446    2503.7   0.819
Motor Vehicle Operator                       0.501   1.301    5393.9   0.880
Non Motor Vehicle Operator                   0.495   1.271    3397.5   0.699
Freight, Stock, Material Handler             0.503   1.311    3775.9   1.015

  MWM = 219814220.466
 
 
-------------------------------------------------------------
Estimating w and Z from YWM:   2023
-------------------------------------------------------------
 
                                                 s     phi         w     zWM
----------------------------------------------------------------------------
Home                                         0.583   1.812   12477.9   1.000
Executives, Administrative, and Managerial   0.604   1.975   16901.1   0.734
Management Related                           0.637   2.275   12817.7   0.793
Architects                                   0.672   2.647    2467.5   0.895
Engineers                                    0.654   2.444   11981.2   0.767
Math and Computer Science                    0.620   2.110    9659.4   0.813
Natural Science                              0.702   3.049    4724.5   1.061
Doctors                                      0.767   4.267    6705.4   1.053
Health Assessment                            0.673   2.669    5687.1   0.831
Therapists                                   0.715   3.247    4148.8   1.084
Professors                                   0.780   4.590    2755.0   1.778
Teachers          Non-Postsecondary          0.691   2.889    5936.5   1.330
Librarians  and Curators                     0.710   3.172     847.9   1.604
Social Scientists and Urban Planners         0.666   2.586    3836.8   0.882
Social Work                                  0.661   2.527    2869.9   1.227
Lawyers       and Judges                     0.747   3.823    7456.8   0.835
Arts and Athletes                            0.641   2.314    5409.9   1.062
Health Technicians                           0.599   1.934    3799.1   0.901
Engineering Technicians                      0.570   1.717    4175.7   0.837
Science Technicians                          0.567   1.698    1491.0   0.812
Technicians, Other                           0.640   2.300   12984.9   0.675
Sales, all                                   0.571   1.726   11084.3   0.847
Secretaries                                  0.617   2.088    1580.3   1.089
Info. Clerks                                 0.586   1.832    1668.2   1.114
Records Processing, Non-Financial            0.637   2.270    1490.2   1.079
Financial Records Processing                 0.588   1.847    2007.0   0.957
Office Machine Operator                      0.538   1.509     622.0   0.942
Computer/Communications Equip. Operator      0.522   1.413     391.7   0.757
Mail Distribution                            0.556   1.618    2375.5   1.012
Scheduling and Distributing Clerks           0.550   1.580    4113.7   1.023
Adjusters and Investigators                  0.588   1.846    4500.2   0.962
Misc. Admin Support                          0.599   1.930    3481.8   0.997
Private Household Occupations                0.517   1.385     597.4   1.252
Firefighting                                 0.551   1.590    3755.6   0.728
Police                                       0.567   1.693    6234.6   0.743
Guards                                       0.528   1.450    2495.2   0.982
Food Prep    and Service                     0.549   1.573    4222.0   1.189
Health Service                               0.570   1.717    2219.8   1.120
Cleaning and Building Service                0.521   1.408    3175.1   1.002
Personal Service                             0.602   1.955    2692.3   1.165
Farm Managers                                0.535   1.491    2147.3   0.870
Farm Work                                    0.478   1.187    1711.1   0.991
Related Agriculture                          0.499   1.287    2928.5   0.954
Forest, Logging, Fishers and Hunter          0.496   1.276    1125.7   0.873
Mechanics                                    0.506   1.324    5989.8   0.766
Elec. Repairer                               0.511   1.351    3839.2   0.799
Misc. Repairer                               0.511   1.352    4041.7   0.770
Construction Trade                           0.489   1.241    8974.1   0.783
Extractive                                   0.490   1.242    1833.8   0.669
Supervisor(P)                                0.526   1.439    3082.5   0.744
Precision Metal                              0.514   1.370    2250.2   0.786
Precision Wood                               0.496   1.273     600.3   0.875
Precision, Textile                           0.442   1.026     422.9   0.830
Precision, Other                             0.580   1.790    1861.3   1.050
Precision, Food                              0.503   1.310    1358.8   1.008
Plant Operator                               0.533   1.478    2447.9   0.723
Metal and Plastic Machine Operator           0.499   1.287    1022.2   0.876
Metal and Plastic Processing Operator        0.491   1.251     508.4   0.856
Woodworking Machine Operator                 0.499   1.289    1756.3   0.852
Textile Machine Operator                     0.540   1.518     801.0   1.029
Print Machine Operator                       0.504   1.315     669.2   1.053
Machine Operator, Other                      0.506   1.326    4222.1   0.837
Fabricators                                  0.493   1.261    3733.9   0.821
Production Inspectors                        0.524   1.427    2693.2   0.819
Motor Vehicle Operator                       0.510   1.350    5769.7   0.867
Non Motor Vehicle Operator                   0.504   1.316    3327.7   0.727
Freight, Stock, Material Handler             0.526   1.434    3970.1   1.032

  MWM = 234281053.563
 
 
=============================================================================
 Summary of Results for w, phi, s, Z from Young WM... (solveWMfor_w_phi.m)
=============================================================================
 
Values for w(i,t) --- wage per unit of human capital
 
                                              1960    1970    1980    1990    2000    2010
------------------------------------------------------------------------------------------
Home                                          7780   10199    8840    8942   12648   12743   12478
Executives, Administrative, and Managerial    9173   12937   12195   12623   14583   13866   16901
Management Related                            6201    6215    7945    8284   10135   10770   12818
Architects                                    1206    1774    1950    2144    2281    1992    2468
Engineers                                     7360    8639    7488    8956    8396    8660   11981
Math and Computer Science                     1204    3707    3610    5247    7625    7718    9659
Natural Science                               3100    3622    3146    3071    3392    3711    4725
Doctors                                       4047    5762    6401    6744    6276    6135    6705
Health Assessment                             1970    2387    2689    2851    3296    4254    5687
Therapists                                     665    1107    1626    1688    2484    2907    4149
Professors                                    2493    4692    2948    2452    2952    3399    2755
Teachers          Non-Postsecondary           4464    6688    5667    4015    5249    6471    5936
Librarians  and Curators                       433     874     876     767     749     723     848
Social Scientists and Urban Planners          1510    2805    2673    2385    2190    2866    3837
Social Work                                   2111    2694    2632    2292    2559    2937    2870
Lawyers       and Judges                      3622    5460    6092    7157    7068    7904    7457
Arts and Athletes                             3899    4305    3919    4591    5434    5617    5410
Health Technicians                            1137    1620    1915    2256    2762    3199    3799
Engineering Technicians                       3738    5067    4370    4727    3624    3553    4176
Science Technicians                           2387    1621    1718    1704    1322    1436    1491
Technicians, Other                            1769    4255    4634    5977    8381    8303   12985
Sales, all                                    8480    9954   10335   12254   12755   11534   11084
Secretaries                                   1187    1454     950     912    1509    1644    1580
Info. Clerks                                  1068    1643    1425    1509    1553    1683    1668
Records Processing, Non-Financial             1668    3208    1645    1362    1239    1425    1490
Financial Records Processing                  1801    2610    1980    1678    1729    1850    2007
Office Machine Operator                       1484     857     404     464     796     426     622
Computer/Communications Equip. Operator        786    1949    2535    2412    1536    1056     392
Mail Distribution                             2293    2248    2824    2809    2031    1935    2375
Scheduling and Distributing Clerks            2743    3798    3959    3971    4147    3950    4114
Adjusters and Investigators                   1670    3105    2198    2488    3962    4041    4500
Misc. Admin Support                           4688    3747    2712    2775    2428    2638    3482
Private Household Occupations                  701     875     675     669     567     570     597
Firefighting                                  1778    2433    2432    2694    3030    3650    3756
Police                                        2608    3833    4151    4423    5825    6020    6235
Guards                                        1201    1474    1897    2169    2081    2737    2495
Food Prep    and Service                      1616    1951    2193    2920    3620    4373    4222
Health Service                                 687     879    1291    1427    1393    1905    2220
Cleaning and Building Service                  989    2042    2771    3050    2650    2779    3175
Personal Service                              1792    2493    1716    1613    2346    2516    2692
Farm Managers                                 2597    2910    2833    2436    1916    2179    2147
Farm Work                                     1299    1471    1656    1532    1438    1869    1711
Related Agriculture                            843    1343    1508    2211    2668    2903    2928
Forest, Logging, Fishers and Hunter            792     992    1332    1282    1292    1170    1126
Mechanics                                     3474    5530    5694    6067    6237    5581    5990
Elec. Repairer                                3690    4362    4199    3647    4285    4139    3839
Misc. Repairer                                4271    4421    3573    3589    3245    3266    4042
Construction Trade                            5773    7784    8885    9446    9484    8870    8974
Extractive                                    2101    1614    2244    1646    1241    2693    1834
Supervisor(P)                                 4432    5864    5774    4612    4229    3037    3082
Precision Metal                               4027    4245    3907    4000    3060    2064    2250
Precision Wood                                 807     928     900    1026     996     679     600
Precision, Textile                             919    1049     726     788     705     434     423
Precision, Other                              1531    1230    1484    1618    1378    1586    1861
Precision, Food                               1774    2237    1973    1742    1470    1402    1359
Plant Operator                                2851    1651    2132    2599    1833    2118    2448
Metal and Plastic Machine Operator            1754    3464    2856    1840    1523    1160    1022
Metal and Plastic Processing Operator          831    1224    1384    1228    1193     657     508
Woodworking Machine Operator                   694     794     966     985    2378    1770    1756
Textile Machine Operator                      2418    2783    2090    2485    1989    1223     801
Print Machine Operator                        1021    1747    1156    1418    1305     872     669
Machine Operator, Other                       6546    6296    5197    4657    4174    3730    4222
Fabricators                                   3143    4056    4578    4277    4087    3581    3734
Production Inspectors                         2159    2934    2650    2607    2529    2504    2693
Motor Vehicle Operator                        5307    5955    6374    6383    6501    5394    5770
Non Motor Vehicle Operator                    3205    3516    4248    3239    3084    3398    3328
Freight, Stock, Material Handler              4164    4174    4392    4281    3704    3776    3970
 
 
Values for phi(i,t)
 
                                              1960    1970    1980    1990    2000    2010
------------------------------------------------------------------------------------------
Home                                         1.273   1.614   1.684   1.611   1.448   1.800   1.812
Executives, Administrative, and Managerial   1.431   1.627   1.962   1.800   1.898   1.948   1.975
Management Related                           1.911   1.928   2.210   2.108   2.100   2.230   2.275
Architects                                   2.900   3.421   3.064   2.398   2.561   2.642   2.647
Engineers                                    2.178   2.302   2.388   2.279   2.313   2.415   2.444
Math and Computer Science                    2.448   2.188   2.420   2.260   1.982   1.991   2.110
Natural Science                              2.489   2.590   3.046   2.676   3.042   3.096   3.049
Doctors                                      3.907   4.084   4.060   4.147   4.136   4.155   4.267
Health Assessment                            2.587   2.833   3.193   2.405   2.336   2.644   2.669
Therapists                                   2.956   2.616   2.255   2.236   2.500   2.912   3.247
Professors                                   5.850   5.679   5.545   5.670   4.922   5.314   4.590
Teachers          Non-Postsecondary          2.937   3.245   3.156   2.613   2.646   2.835   2.889
Librarians  and Curators                     3.247   3.328   3.400   3.232   3.168   3.631   3.172
Social Scientists and Urban Planners         3.057   2.987   3.442   2.974   3.004   2.728   2.586
Social Work                                  3.025   2.857   2.876   2.514   2.432   2.493   2.527
Lawyers       and Judges                     3.986   4.174   4.300   4.211   4.175   4.180   3.823
Arts and Athletes                            2.023   1.922   2.235   2.034   2.097   2.259   2.314
Health Technicians                           1.426   1.918   2.125   1.824   1.761   1.775   1.934
Engineering Technicians                      1.369   1.446   1.636   1.640   1.588   1.713   1.717
Science Technicians                          1.408   1.812   1.815   1.708   1.669   1.798   1.698
Technicians, Other                           1.531   1.834   2.213   1.968   2.172   2.213   2.300
Sales, all                                   1.470   1.537   1.765   1.651   1.673   1.743   1.726
Secretaries                                  1.402   1.495   1.898   1.771   1.828   2.006   2.088
Info. Clerks                                 1.310   1.497   1.976   1.794   1.758   1.771   1.832
Records Processing, Non-Financial            2.077   2.029   1.701   1.752   1.732   1.943   2.270
Financial Records Processing                 1.430   1.478   1.832   1.700   1.695   1.761   1.847
Office Machine Operator                      1.296   1.304   1.484   1.399   1.397   1.738   1.509
Computer/Communications Equip. Operator      1.143   1.341   1.643   1.627   1.671   1.695   1.413
Mail Distribution                            1.239   1.299   1.491   1.453   1.444   1.515   1.618
Scheduling and Distributing Clerks           1.023   1.209   1.428   1.391   1.382   1.491   1.580
Adjusters and Investigators                  1.746   1.736   2.009   1.829   1.725   1.746   1.846
Misc. Admin Support                          1.360   1.446   1.855   1.782   1.802   1.884   1.930
Private Household Occupations                0.929   0.982   1.144   1.213   1.249   1.214   1.385
Firefighting                                 1.094   1.209   1.453   1.469   1.477   1.584   1.590
Police                                       1.166   1.288   1.621   1.527   1.588   1.644   1.693
Guards                                       1.043   1.258   1.504   1.476   1.463   1.597   1.450
Food Prep    and Service                     0.930   1.079   1.401   1.390   1.377   1.496   1.573
Health Service                               1.011   1.401   1.752   1.630   1.607   1.677   1.717
Cleaning and Building Service                0.875   1.001   1.233   1.261   1.242   1.330   1.408
Personal Service                             1.010   1.015   1.641   1.553   1.698   1.784   1.955
Farm Managers                                0.992   1.173   1.439   1.349   1.399   1.417   1.491
Farm Work                                    0.660   0.861   1.006   1.047   0.974   0.929   1.187
Related Agriculture                          0.867   0.979   1.263   1.217   1.176   1.173   1.287
Forest, Logging, Fishers and Hunter          0.790   1.035   1.240   1.177   1.163   1.248   1.276
Mechanics                                    0.929   1.034   1.202   1.257   1.256   1.316   1.324
Elec. Repairer                               1.126   1.199   1.344   1.385   1.361   1.412   1.351
Misc. Repairer                               0.985   1.035   1.267   1.301   1.285   1.335   1.352
Construction Trade                           0.970   1.062   1.271   1.239   1.193   1.209   1.241
Extractive                                   0.872   0.972   1.138   1.176   1.183   1.221   1.242
Supervisor(P)                                1.113   1.215   1.433   1.353   1.360   1.394   1.439
Precision Metal                              0.992   1.127   1.243   1.274   1.277   1.305   1.370
Precision Wood                               0.922   1.012   1.307   1.252   1.230   1.248   1.273
Precision, Textile                           0.809   0.880   1.049   1.151   1.157   1.192   1.026
Precision, Other                             0.992   1.189   1.316   1.285   1.465   1.565   1.790
Precision, Food                              0.938   1.030   1.164   1.200   1.135   1.165   1.310
Plant Operator                               1.478   1.171   1.401   1.384   1.334   1.460   1.478
Metal and Plastic Machine Operator           0.860   1.030   1.142   1.173   1.175   1.168   1.287
Metal and Plastic Processing Operator        0.893   0.925   1.116   1.197   1.217   1.279   1.251
Woodworking Machine Operator                 0.766   0.851   1.124   1.154   1.179   1.196   1.289
Textile Machine Operator                     1.072   1.156   1.316   1.293   1.286   1.321   1.518
Print Machine Operator                       0.817   0.896   0.996   1.124   1.094   1.121   1.315
Machine Operator, Other                      0.879   0.989   1.155   1.205   1.194   1.237   1.326
Fabricators                                  0.897   1.015   1.145   1.200   1.208   1.220   1.261
Production Inspectors                        1.034   1.205   1.309   1.356   1.397   1.446   1.427
Motor Vehicle Operator                       0.880   1.006   1.187   1.233   1.234   1.301   1.350
Non Motor Vehicle Operator                   0.946   1.014   1.207   1.216   1.209   1.271   1.316
Freight, Stock, Material Handler             0.845   1.019   1.183   1.239   1.227   1.311   1.434
 
 
Values for s(i,t)
 
                                              1960    1970    1980    1990    2000    2010
------------------------------------------------------------------------------------------
Home                                         0.496   0.555   0.565   0.555   0.528   0.582   0.583
Executives, Administrative, and Managerial   0.525   0.557   0.602   0.582   0.595   0.601   0.604
Management Related                           0.596   0.598   0.631   0.620   0.619   0.633   0.637
Architects                                   0.691   0.725   0.703   0.649   0.664   0.671   0.672
Engineers                                    0.627   0.640   0.648   0.638   0.641   0.651   0.654
Math and Computer Science                    0.654   0.628   0.652   0.636   0.605   0.606   0.620
Natural Science                              0.658   0.667   0.702   0.674   0.701   0.705   0.702
Doctors                                      0.751   0.759   0.758   0.762   0.762   0.762   0.767
Health Assessment                            0.667   0.686   0.712   0.650   0.643   0.671   0.673
Therapists                                   0.695   0.669   0.635   0.633   0.659   0.692   0.715
Professors                                   0.819   0.814   0.811   0.814   0.792   0.804   0.780
Teachers          Non-Postsecondary          0.694   0.715   0.709   0.669   0.672   0.687   0.691
Librarians  and Curators                     0.715   0.720   0.724   0.714   0.710   0.737   0.710
Social Scientists and Urban Planners         0.703   0.698   0.727   0.697   0.699   0.678   0.666
Social Work                                  0.700   0.688   0.690   0.660   0.653   0.658   0.661
Lawyers       and Judges                     0.755   0.763   0.769   0.765   0.763   0.764   0.747
Arts and Athletes                            0.610   0.598   0.633   0.611   0.618   0.636   0.641
Health Technicians                           0.524   0.597   0.621   0.585   0.576   0.578   0.599
Engineering Technicians                      0.514   0.528   0.558   0.559   0.551   0.570   0.570
Science Technicians                          0.521   0.583   0.584   0.569   0.563   0.581   0.567
Technicians, Other                           0.542   0.586   0.631   0.603   0.627   0.631   0.640
Sales, all                                   0.532   0.543   0.577   0.561   0.564   0.574   0.571
Secretaries                                  0.520   0.536   0.594   0.578   0.585   0.608   0.617
Info. Clerks                                 0.503   0.536   0.604   0.581   0.576   0.578   0.586
Records Processing, Non-Financial            0.616   0.611   0.568   0.575   0.572   0.600   0.637
Financial Records Processing                 0.525   0.533   0.586   0.568   0.567   0.576   0.588
Office Machine Operator                      0.500   0.502   0.534   0.519   0.519   0.573   0.538
Computer/Communications Equip. Operator      0.469   0.509   0.559   0.557   0.563   0.567   0.522
Mail Distribution                            0.489   0.501   0.535   0.529   0.527   0.539   0.556
Scheduling and Distributing Clerks           0.441   0.483   0.525   0.518   0.516   0.535   0.550
Adjusters and Investigators                  0.574   0.573   0.608   0.586   0.571   0.574   0.588
Misc. Admin Support                          0.512   0.528   0.589   0.579   0.582   0.593   0.599
Private Household Occupations                0.418   0.431   0.469   0.484   0.491   0.484   0.517
Firefighting                                 0.458   0.483   0.529   0.532   0.533   0.550   0.551
Police                                       0.474   0.499   0.556   0.541   0.551   0.560   0.567
Guards                                       0.446   0.493   0.537   0.533   0.531   0.552   0.528
Food Prep    and Service                     0.418   0.455   0.520   0.518   0.515   0.536   0.549
Health Service                               0.439   0.520   0.575   0.557   0.554   0.564   0.570
Cleaning and Building Service                0.403   0.436   0.488   0.493   0.490   0.507   0.521
Personal Service                             0.438   0.439   0.559   0.545   0.567   0.579   0.602
Farm Managers                                0.434   0.475   0.526   0.510   0.519   0.523   0.535
Farm Work                                    0.338   0.399   0.437   0.447   0.429   0.418   0.478
Related Agriculture                          0.401   0.431   0.494   0.485   0.476   0.475   0.499
Forest, Logging, Fishers and Hunter          0.379   0.444   0.489   0.476   0.473   0.491   0.496
Mechanics                                    0.418   0.444   0.482   0.493   0.493   0.504   0.506
Elec. Repairer                               0.465   0.481   0.509   0.517   0.513   0.522   0.511
Misc. Repairer                               0.432   0.444   0.495   0.501   0.498   0.508   0.511
Construction Trade                           0.428   0.451   0.495   0.489   0.480   0.483   0.489
Extractive                                   0.402   0.429   0.468   0.476   0.477   0.485   0.490
Supervisor(P)                                0.462   0.484   0.525   0.511   0.512   0.519   0.526
Precision Metal                              0.434   0.465   0.490   0.496   0.497   0.502   0.514
Precision Wood                               0.416   0.439   0.502   0.492   0.487   0.491   0.496
Precision, Textile                           0.385   0.405   0.448   0.471   0.472   0.479   0.442
Precision, Other                             0.434   0.479   0.504   0.498   0.531   0.547   0.580
Precision, Food                              0.420   0.443   0.473   0.481   0.467   0.474   0.503
Plant Operator                               0.533   0.475   0.520   0.517   0.508   0.530   0.533
Metal and Plastic Machine Operator           0.399   0.443   0.469   0.475   0.476   0.474   0.499
Metal and Plastic Processing Operator        0.408   0.417   0.463   0.480   0.485   0.497   0.491
Woodworking Machine Operator                 0.372   0.397   0.465   0.471   0.477   0.480   0.499
Textile Machine Operator                     0.453   0.472   0.504   0.500   0.498   0.505   0.540
Print Machine Operator                       0.387   0.409   0.435   0.465   0.458   0.464   0.504
Machine Operator, Other                      0.405   0.433   0.472   0.482   0.480   0.489   0.506
Fabricators                                  0.409   0.440   0.469   0.481   0.483   0.485   0.493
Production Inspectors                        0.444   0.482   0.503   0.512   0.519   0.528   0.524
Motor Vehicle Operator                       0.405   0.437   0.478   0.488   0.488   0.501   0.510
Non Motor Vehicle Operator                   0.422   0.439   0.483   0.484   0.483   0.495   0.504
Freight, Stock, Material Handler             0.395   0.440   0.478   0.489   0.487   0.503   0.526
 
 
Values for ZWM(i,t)
 
                                              1960    1970    1980    1990    2000    2010
------------------------------------------------------------------------------------------
Home                                         1.000   1.000   1.000   1.000   1.000   1.000   1.000
Executives, Administrative, and Managerial   0.915   0.846   0.854   0.760   0.856   0.756   0.734
Management Related                           1.090   0.935   0.951   0.860   0.962   0.804   0.793
Architects                                   1.282   1.266   1.216   0.929   1.132   0.944   0.895
Engineers                                    1.030   0.950   0.889   0.792   0.936   0.753   0.767
Math and Computer Science                    1.149   0.943   0.908   0.799   0.916   0.783   0.813
Natural Science                              1.226   1.125   1.207   1.059   1.412   1.101   1.061
Doctors                                      1.614   1.247   1.097   1.020   1.203   0.990   1.053
Health Assessment                            1.251   1.163   1.214   0.864   0.986   0.808   0.831
Therapists                                   1.633   1.271   1.106   0.953   1.133   0.981   1.084
Professors                                   2.346   2.017   2.063   2.102   2.327   2.093   1.778
Teachers          Non-Postsecondary          1.613   1.457   1.434   1.224   1.444   1.188   1.330
Librarians  and Curators                     1.771   1.511   1.586   1.490   1.722   1.598   1.604
Social Scientists and Urban Planners         1.373   1.139   1.229   1.064   1.268   0.941   0.882
Social Work                                  2.044   1.581   1.520   1.316   1.468   1.223   1.227
Lawyers       and Judges                     1.498   1.257   1.251   0.999   1.193   0.896   0.835
Arts and Athletes                            1.142   0.977   1.133   0.982   1.141   0.989   1.062
Health Technicians                           1.088   1.063   1.112   0.960   1.071   0.876   0.901
Engineering Technicians                      0.941   0.873   0.873   0.825   0.989   0.825   0.837
Science Technicians                          0.986   1.018   0.927   0.863   1.018   0.856   0.812
Technicians, Other                           1.011   0.897   0.988   0.856   0.903   0.745   0.675
Sales, all                                   0.989   0.864   0.879   0.799   0.924   0.860   0.847
Secretaries                                  1.050   0.959   1.072   1.055   1.139   1.067   1.089
Info. Clerks                                 1.004   0.932   1.048   1.014   1.225   1.099   1.114
Records Processing, Non-Financial            1.186   0.990   0.998   0.998   1.229   1.098   1.079
Financial Records Processing                 1.112   0.952   0.995   0.984   1.138   0.968   0.957
Office Machine Operator                      1.008   0.993   1.021   0.993   0.983   1.112   0.942
Computer/Communications Equip. Operator      0.871   0.866   0.856   0.868   1.043   0.939   0.757
Mail Distribution                            0.980   0.922   0.807   0.787   1.011   0.865   1.012
Scheduling and Distributing Clerks           0.967   0.888   0.878   0.878   1.064   1.005   1.023
Adjusters and Investigators                  1.151   0.959   1.007   0.945   1.080   0.986   0.962
Misc. Admin Support                          1.040   0.925   1.025   0.978   1.191   1.053   0.997
Private Household Occupations                0.939   0.928   1.037   1.065   1.305   1.196   1.252
Firefighting                                 0.923   0.796   0.797   0.717   0.846   0.681   0.728
Police                                       0.963   0.827   0.844   0.763   0.917   0.737   0.743
Guards                                       0.960   0.928   0.962   0.956   1.136   0.986   0.982
Food Prep    and Service                     1.068   0.982   1.152   1.124   1.293   1.240   1.189
Health Service                               1.238   1.181   1.188   1.087   1.321   1.153   1.120
Cleaning and Building Service                1.080   0.931   0.948   0.955   1.112   1.018   1.002
Personal Service                             1.025   0.876   1.075   1.046   1.219   1.124   1.165
Farm Managers                                1.366   1.048   1.033   0.994   1.122   0.845   0.870
Farm Work                                    1.353   1.143   0.989   0.994   1.127   0.938   0.991
Related Agriculture                          0.977   0.918   1.005   0.964   1.103   1.023   0.954
Forest, Logging, Fishers and Hunter          1.102   0.975   0.890   0.876   1.034   0.864   0.873
Mechanics                                    0.928   0.813   0.791   0.795   0.921   0.799   0.766
Elec. Repairer                               0.899   0.819   0.745   0.786   0.933   0.809   0.799
Misc. Repairer                               0.900   0.790   0.770   0.799   0.948   0.800   0.770
Construction Trade                           0.856   0.784   0.785   0.790   0.928   0.819   0.783
Extractive                                   0.837   0.804   0.676   0.710   0.846   0.625   0.669
Supervisor(P)                                0.826   0.767   0.750   0.718   0.865   0.743   0.744
Precision Metal                              0.829   0.773   0.744   0.746   0.886   0.785   0.786
Precision Wood                               0.932   0.875   0.999   0.882   1.037   0.952   0.875
Precision, Textile                           0.919   0.865   0.919   0.936   1.004   1.009   0.830
Precision, Other                             0.861   0.808   0.864   0.826   1.104   0.961   1.050
Precision, Food                              0.913   0.827   0.769   0.852   1.046   0.972   1.008
Plant Operator                               0.906   0.782   0.759   0.708   0.858   0.692   0.723
Metal and Plastic Machine Operator           0.811   0.804   0.753   0.806   0.963   0.836   0.876
Metal and Plastic Processing Operator        0.897   0.769   0.772   0.792   0.933   0.866   0.856
Woodworking Machine Operator                 0.992   0.910   0.908   0.941   0.975   0.856   0.852
Textile Machine Operator                     0.851   0.788   0.811   0.794   0.941   0.897   1.029
Print Machine Operator                       1.010   0.911   0.916   0.908   1.067   0.991   1.053
Machine Operator, Other                      0.901   0.827   0.776   0.802   0.956   0.862   0.837
Fabricators                                  0.869   0.825   0.779   0.821   0.962   0.844   0.821
Production Inspectors                        0.903   0.861   0.784   0.795   0.966   0.819   0.819
Motor Vehicle Operator                       0.898   0.820   0.777   0.811   0.954   0.880   0.867
Non Motor Vehicle Operator                   0.820   0.775   0.708   0.734   0.863   0.699   0.727
Freight, Stock, Material Handler             0.971   0.909   0.853   0.915   1.079   1.015   1.032
 
 
WageBarHomeY(g,t):
 
               1960    1970    1980    1990    2000    2010
-----------------------------------------------------------
White Men     39408   46685   40135   39456   48792   45138   47044
White Women   11909   16192   16495   19894   30495   30243   33408
Black Men     24539   32568   23020   21696   29359   28833   32066
Black Women   12883   18864   18146   19661   30731   31906   33710
 
 
 
>>> Calling GetTExperience: Loop = 3
 
 
===========================================================
GetTExperience.m:
Fixing tauhat_y missing values --> tauhat_y_cleaned (just for robustness cases)
 -- Use first non-missing value
 
===========================================================
 
*********************
White Women
*********************
 
tauhat_y_cleaned Firefighting     NaN 12.7721  9.7087  6.0175  5.4037  5.1955  4.0926
tauhat_y_cleaned Firefighting 12.7721 12.7721  9.7087  6.0175  5.4037  5.1955  4.0926
tauhat_y_cleaned Forest     NaN 19.4901  5.9951  4.5321  4.8984  3.7356  2.4840
tauhat_y_cleaned Forest 19.4901 19.4901  5.9951  4.5321  4.8984  3.7356  2.4840
 
*********************
Black Men
*********************
 
tauhat_y_cleaned Architects     NaN  2.2799  2.6102  1.9263  2.1000  2.0045  2.3009
tauhat_y_cleaned Architects  2.2799  2.2799  2.6102  1.9263  2.1000  2.0045  2.3009
tauhat_y_cleaned Librarians     NaN  1.3797  1.1215  1.2106  1.9407  1.2910  0.7190
tauhat_y_cleaned Librarians  1.3797  1.3797  1.1215  1.2106  1.9407  1.2910  0.7190
tauhat_y_cleaned WoodWork  3.1801  1.5853  1.6139  1.8802  2.5269  2.4757     NaN
tauhat_y_cleaned WoodWork  3.1801  1.5853  1.6139  1.8802  2.5269  2.4757  2.4757
 
*********************
Black Women
*********************
 
tauhat_y_cleaned Architects     NaN     NaN  3.9488  5.5941  4.4311  2.6552  2.1938
tauhat_y_cleaned Architects  3.9488  3.9488  3.9488  5.5941  4.4311  2.6552  2.1938
tauhat_y_cleaned Engineers     NaN     NaN  6.1696  4.1964  3.1462  3.3659  4.2800
tauhat_y_cleaned Engineers  6.1696  6.1696  6.1696  4.1964  3.1462  3.3659  4.2800
tauhat_y_cleaned Math/CompSci     NaN  5.3587  2.3153  2.0193  2.0870  2.0344  1.5472
tauhat_y_cleaned Math/CompSci  5.3587  5.3587  2.3153  2.0193  2.0870  2.0344  1.5472
tauhat_y_cleaned Science     NaN  4.5455  3.7423  2.3938  2.3053  1.7136  1.4792
tauhat_y_cleaned Science  4.5455  4.5455  3.7423  2.3938  2.3053  1.7136  1.4792
tauhat_y_cleaned Eng.Techs     NaN  7.7593  3.3460  3.5182  2.6515  2.6637  2.2713
tauhat_y_cleaned Eng.Techs  7.7593  7.7593  3.3460  3.5182  2.6515  2.6637  2.2713
tauhat_y_cleaned OtherTechs     NaN  4.2359  2.2468  2.0088  2.1291  2.3726  3.1388
tauhat_y_cleaned OtherTechs  4.2359  4.2359  2.2468  2.0088  2.1291  2.3726  3.1388
tauhat_y_cleaned Firefighting     NaN     NaN 11.7493  8.1294  6.0679 12.1900  5.2938
tauhat_y_cleaned Firefighting 11.7493 11.7493 11.7493  8.1294  6.0679 12.1900  5.2938
tauhat_y_cleaned Police     NaN  8.2820  3.6168  1.7094  1.7816  1.8119  1.9064
tauhat_y_cleaned Police  8.2820  8.2820  3.6168  1.7094  1.7816  1.8119  1.9064
tauhat_y_cleaned FarmMgrs 46.5506 10.8348 23.0380 19.0608     NaN 10.8791     NaN
tauhat_y_cleaned FarmMgrs 46.5506 10.8348 23.0380 19.0608 14.9699 10.8791 10.8791
tauhat_y_cleaned Agriculture     NaN  9.7826  5.0914  5.2499  4.9937  4.7822  3.1145
tauhat_y_cleaned Agriculture  9.7826  9.7826  5.0914  5.2499  4.9937  4.7822  3.1145
tauhat_y_cleaned Forest     NaN  4.1103  7.3002  6.0762  3.8881     NaN     NaN
tauhat_y_cleaned Forest  4.1103  4.1103  7.3002  6.0762  3.8881  3.8881  3.8881
tauhat_y_cleaned Mechanics     NaN 25.5923  8.6608  6.8971  6.8033  6.8344  7.0726
tauhat_y_cleaned Mechanics 25.5923 25.5923  8.6608  6.8971  6.8033  6.8344  7.0726
tauhat_y_cleaned Elec.Repairer     NaN 23.9694  3.9558  3.4702  3.2065  4.6834  2.0534
tauhat_y_cleaned Elec.Repairer 23.9694 23.9694  3.9558  3.4702  3.2065  4.6834  2.0534
tauhat_y_cleaned Extractive     NaN  9.6600 14.2665  6.6273     NaN 12.9993  4.6065
tauhat_y_cleaned Extractive  9.6600  9.6600 14.2665  6.6273  9.8133 12.9993  4.6065
tauhat_y_cleaned MetalWork     NaN 11.2316  5.9366  5.7676  4.6992  6.5912 20.3038
tauhat_y_cleaned MetalWork 11.2316 11.2316  5.9366  5.7676  4.6992  6.5912 20.3038
tauhat_y_cleaned WoodWork     NaN  4.6312  4.7584  5.2782  5.9129  6.7012     NaN
tauhat_y_cleaned WoodWork  4.6312  4.6312  4.7584  5.2782  5.9129  6.7012  6.7012
tauhat_y_cleaned PlantOperator     NaN     NaN  5.2092  6.6971  9.4165  6.8538  4.2215
tauhat_y_cleaned PlantOperator  5.2092  5.2092  5.2092  6.6971  9.4165  6.8538  4.2215
tauhat_y_cleaned MetalMach.     NaN  3.6797  2.8424  3.4569  2.7138  4.6250  4.5436
tauhat_y_cleaned MetalMach.  3.6797  3.6797  2.8424  3.4569  2.7138  4.6250  4.5436
tauhat_y_cleaned MetalProc.     NaN  9.0466  2.5723  3.4093  2.7972  2.7462  0.6809
tauhat_y_cleaned MetalProc.  9.0466  9.0466  2.5723  3.4093  2.7972  2.7462  0.6809
tauhat_y_cleaned WoodMach.     NaN  7.7440  2.8615  3.5876  2.1186  2.6483  2.4529
tauhat_y_cleaned WoodMach.  7.7440  7.7440  2.8615  3.5876  2.1186  2.6483  2.4529
tauhat_y_cleaned TextileMach.     NaN  4.7557  3.3404  2.9259  2.9421  2.3972  1.2375
tauhat_y_cleaned TextileMach.  4.7557  4.7557  3.3404  2.9259  2.9421  2.3972  1.2375
 
GetTExperience.m:
                     TigYMO for               --- 1960 ---      and    --- 1990 ---
Home                                         1.00   1.35   1.79        1.00   1.43   1.72
Executives, Administrative, and Managerial   1.00   1.35   1.79        1.00   1.43   1.72
Management Related                           1.00   1.35   1.79        1.00   1.43   1.72
Architects                                   1.00   1.35   1.79        1.00   1.43   1.72
Engineers                                    1.00   1.35   1.79        1.00   1.43   1.72
Math and Computer Science                    1.00   1.35   1.79        1.00   1.43   1.72
Natural Science                              1.00   1.35   1.79        1.00   1.43   1.72
Doctors                                      1.00   1.35   1.79        1.00   1.43   1.72
Health Assessment                            1.00   1.35   1.79        1.00   1.43   1.72
Therapists                                   1.00   1.35   1.79        1.00   1.43   1.72
Professors                                   1.00   1.35   1.79        1.00   1.43   1.72
Teachers          Non-Postsecondary          1.00   1.35   1.79        1.00   1.43   1.72
Librarians  and Curators                     1.00   1.35   1.79        1.00   1.43   1.72
Social Scientists and Urban Planners         1.00   1.35   1.79        1.00   1.43   1.72
Social Work                                  1.00   1.35   1.79        1.00   1.43   1.72
Lawyers       and Judges                     1.00   1.35   1.79        1.00   1.43   1.72
Arts and Athletes                            1.00   1.35   1.79        1.00   1.43   1.72
Health Technicians                           1.00   1.35   1.79        1.00   1.43   1.72
Engineering Technicians                      1.00   1.35   1.79        1.00   1.43   1.72
Science Technicians                          1.00   1.35   1.79        1.00   1.43   1.72
Technicians, Other                           1.00   1.35   1.79        1.00   1.43   1.72
Sales, all                                   1.00   1.35   1.79        1.00   1.43   1.72
Secretaries                                  1.00   1.35   1.79        1.00   1.43   1.72
Info. Clerks                                 1.00   1.35   1.79        1.00   1.43   1.72
Records Processing, Non-Financial            1.00   1.35   1.79        1.00   1.43   1.72
Financial Records Processing                 1.00   1.35   1.79        1.00   1.43   1.72
Office Machine Operator                      1.00   1.35   1.79        1.00   1.43   1.72
Computer/Communications Equip. Operator      1.00   1.35   1.79        1.00   1.43   1.72
Mail Distribution                            1.00   1.35   1.79        1.00   1.43   1.72
Scheduling and Distributing Clerks           1.00   1.35   1.79        1.00   1.43   1.72
Adjusters and Investigators                  1.00   1.35   1.79        1.00   1.43   1.72
Misc. Admin Support                          1.00   1.35   1.79        1.00   1.43   1.72
Private Household Occupations                1.00   1.35   1.79        1.00   1.43   1.72
Firefighting                                 1.00   1.35   1.79        1.00   1.43   1.72
Police                                       1.00   1.35   1.79        1.00   1.43   1.72
Guards                                       1.00   1.35   1.79        1.00   1.43   1.72
Food Prep    and Service                     1.00   1.35   1.79        1.00   1.43   1.72
Health Service                               1.00   1.35   1.79        1.00   1.43   1.72
Cleaning and Building Service                1.00   1.35   1.79        1.00   1.43   1.72
Personal Service                             1.00   1.35   1.79        1.00   1.43   1.72
Farm Managers                                1.00   1.35   1.79        1.00   1.43   1.72
Farm Work                                    1.00   1.35   1.79        1.00   1.43   1.72
Related Agriculture                          1.00   1.35   1.79        1.00   1.43   1.72
Forest, Logging, Fishers and Hunter          1.00   1.35   1.79        1.00   1.43   1.72
Mechanics                                    1.00   1.35   1.79        1.00   1.43   1.72
Elec. Repairer                               1.00   1.35   1.79        1.00   1.43   1.72
Misc. Repairer                               1.00   1.35   1.79        1.00   1.43   1.72
Construction Trade                           1.00   1.35   1.79        1.00   1.43   1.72
Extractive                                   1.00   1.35   1.79        1.00   1.43   1.72
Supervisor(P)                                1.00   1.35   1.79        1.00   1.43   1.72
Precision Metal                              1.00   1.35   1.79        1.00   1.43   1.72
Precision Wood                               1.00   1.35   1.79        1.00   1.43   1.72
Precision, Textile                           1.00   1.35   1.79        1.00   1.43   1.72
Precision, Other                             1.00   1.35   1.79        1.00   1.43   1.72
Precision, Food                              1.00   1.35   1.79        1.00   1.43   1.72
Plant Operator                               1.00   1.35   1.79        1.00   1.43   1.72
Metal and Plastic Machine Operator           1.00   1.35   1.79        1.00   1.43   1.72
Metal and Plastic Processing Operator        1.00   1.35   1.79        1.00   1.43   1.72
Woodworking Machine Operator                 1.00   1.35   1.79        1.00   1.43   1.72
Textile Machine Operator                     1.00   1.35   1.79        1.00   1.43   1.72
Print Machine Operator                       1.00   1.35   1.79        1.00   1.43   1.72
Machine Operator, Other                      1.00   1.35   1.79        1.00   1.43   1.72
Fabricators                                  1.00   1.35   1.79        1.00   1.43   1.72
Production Inspectors                        1.00   1.35   1.79        1.00   1.43   1.72
Motor Vehicle Operator                       1.00   1.35   1.79        1.00   1.43   1.72
Non Motor Vehicle Operator                   1.00   1.35   1.79        1.00   1.43   1.72
Freight, Stock, Material Handler             1.00   1.35   1.79        1.00   1.43   1.72
 
Values for occupation 8:
ans =

   1.0000   1.3468   1.7882
   1.0000   1.4974   1.7549
   1.0000   1.3461   1.6105
   1.0000   1.4337   1.7221
   1.0000   1.4594   1.5608
   1.0000   1.3036        0
   1.0000   1.0000   1.0000

 
Tbar and TbarHat by Group and Years for Doctors
ans =

   4.1350   4.2523   3.9566   4.1559   4.0202   3.6977   3.6977
   4.1350   4.2523   3.9566   4.1559   4.0202   3.6977   3.6977
   4.1350   4.2523   3.9566   4.1559   4.0202   3.6977   3.6977
   4.1350   4.2523   3.9566   4.1559   4.0202   3.6977   3.6977

ans =

   1   1   1   1   1   1   1
   1   1   1   1   1   1   1
   1   1   1   1   1   1   1
   1   1   1   1   1   1   1

 
Tbar and TbarHat by Group and Years for Secretaries
ans =

   4.1350   4.2523   3.9566   4.1559   4.0202   3.6977   3.6977
   4.1350   4.2523   3.9566   4.1559   4.0202   3.6977   3.6977
   4.1350   4.2523   3.9566   4.1559   4.0202   3.6977   3.6977
   4.1350   4.2523   3.9566   4.1559   4.0202   3.6977   3.6977

ans =

   1   1   1   1   1   1   1
   1   1   1   1   1   1   1
   1   1   1   1   1   1   1
   1   1   1   1   1   1   1

 
Tbar and TbarHat by Group and Years for Farm
ans =

   4.1350   4.2523   3.9566   4.1559   4.0202   3.6977   3.6977
   4.1350   4.2523   3.9566   4.1559   4.0202   3.6977   3.6977
   4.1350   4.2523   3.9566   4.1559   4.0202   3.6977   3.6977
   4.1350   4.2523   3.9566   4.1559   4.0202   3.6977   3.6977

ans =

   1   1   1   1   1   1   1
   1   1   1   1   1   1   1
   1   1   1   1   1   1   1
   1   1   1   1   1   1   1

 
Done with iteration to get Tbar convergence. MaxDiff=0.0002  s_counter= 4
 
 
Iteration to get Tbar ended after  3 iterations 
Markup of geometric mean over arithmetic mean is   0.8726
pterm = 1
GeoArith_model =   0.6893
GeoArith_markup =   0.8726
GeoArith_adjust =   0.7899
Using WageforTauW=WageBar to get WageGrowth for estimating TauW...
 
 
--------------------------------------------------------------------------------------------------
                          >>>>> White Men <<<<<
--------------------------------------------------------------------------------------------------
 
======================================
 YEAR = 1960
======================================
  Note: tauh* := (1+tauh)^eta - 1 
 
                       pY     pfitY         Z    TauHat      TauH     tauh*     TauW0     TauW1  wagegrth  wagegrWM ExpFactor     alpha
---------------------------------------------------------------------------------------------------------------------------------------
Home                0.086       NaN     1.000       NaN     0.000     0.000     0.000     0.000       NaN       NaN     1.000       NaN
Managers            0.077     0.077     0.915     1.000     0.000     0.000     0.000     0.000     1.446     1.446     1.000       NaN
MgmtRelated         0.032     0.032     1.090     1.000     0.000     0.000     0.000     0.000     1.344     1.344     1.000       NaN
Architects          0.001     0.001     1.282     1.000     0.000     0.000     0.000     0.000     1.437     1.437     1.000       NaN
Engineers           0.030     0.030     1.030     1.000     0.000     0.000     0.000     0.000     1.364     1.364     1.000       NaN
Math/CompSci        0.001     0.001     1.149     1.000     0.000     0.000     0.000     0.000     1.385     1.385     1.000       NaN
Science             0.006     0.006     1.226     1.000     0.000     0.000     0.000     0.000     1.320     1.320     1.000       NaN
Doctors             0.008     0.008     1.614     1.000     0.000     0.000     0.000     0.000     2.008     2.008     1.000       NaN
Nurses              0.002     0.002     1.251     1.000     0.000     0.000     0.000     0.000     1.353     1.353     1.000       NaN
Therapists          0.000     0.000     1.633     1.000     0.000     0.000     0.000     0.000     1.344     1.344     1.000       NaN
Professors          0.003     0.003     2.346     1.000     0.000     0.000     0.000     0.000     1.564     1.564     1.000       NaN
Teachers            0.019     0.019     1.613     1.000     0.000     0.000     0.000     0.000     1.398     1.398     1.000       NaN
Librarians          0.000     0.000     1.771     1.000     0.000     0.000     0.000     0.000     1.411     1.411     1.000       NaN
Soc.Scientists      0.001     0.001     1.373     1.000     0.000     0.000     0.000     0.000     1.584     1.584     1.000       NaN
SocialWork          0.007     0.007     2.044     1.000     0.000     0.000     0.000     0.000     1.343     1.343     1.000       NaN
Lawyers             0.005     0.005     1.498     1.000     0.000     0.000     0.000     0.000     1.707     1.707     1.000       NaN
Arts/Athletes       0.013     0.013     1.142     1.000     0.000     0.000     0.000     0.000     1.326     1.326     1.000       NaN
HealthTechs         0.002     0.002     1.088     1.000     0.000     0.000     0.000     0.000     1.434     1.434     1.000       NaN
Eng.Techs           0.015     0.015     0.941     1.000     0.000     0.000     0.000     0.000     1.295     1.295     1.000       NaN
ScienceTechs        0.007     0.007     0.986     1.000     0.000     0.000     0.000     0.000     1.262     1.262     1.000       NaN
OtherTechs          0.003     0.003     1.011     1.000     0.000     0.000     0.000     0.000     1.523     1.523     1.000       NaN
Sales               0.077     0.077     0.989     1.000     0.000     0.000     0.000     0.000     1.374     1.374     1.000       NaN
Secretaries         0.002     0.002     1.050     1.000     0.000     0.000     0.000     0.000     1.306     1.306     1.000       NaN
Info.Clerks         0.002     0.002     1.004     1.000     0.000     0.000     0.000     0.000     1.244     1.244     1.000       NaN
Records             0.002     0.002     1.186     1.000     0.000     0.000     0.000     0.000     1.417     1.417     1.000       NaN
FinancialClerk      0.005     0.005     1.112     1.000     0.000     0.000     0.000     0.000     1.402     1.402     1.000       NaN
OfficeMachine       0.003     0.003     1.008     1.000     0.000     0.000     0.000     0.000     1.181     1.181     1.000       NaN
ComputerTech        0.001     0.001     0.871     1.000     0.000     0.000     0.000     0.000     1.292     1.292     1.000       NaN
Mail                0.007     0.007     0.980     1.000     0.000     0.000     0.000     0.000     1.237     1.237     1.000       NaN
Clerks              0.014     0.014     0.967     1.000     0.000     0.000     0.000     0.000     1.290     1.290     1.000       NaN
Insurance           0.003     0.003     1.151     1.000     0.000     0.000     0.000     0.000     1.493     1.493     1.000       NaN
Misc.Admin          0.031     0.031     1.040     1.000     0.000     0.000     0.000     0.000     1.275     1.275     1.000       NaN
PrivateHshld        0.001     0.001     0.939     1.000     0.000     0.000     0.000     0.000     0.998     0.998     1.000       NaN
Firefighting        0.005     0.005     0.923     1.000     0.000     0.000     0.000     0.000     1.390     1.390     1.000       NaN
Police              0.010     0.010     0.963     1.000     0.000     0.000     0.000     0.000     1.367     1.367     1.000       NaN
Guards              0.003     0.003     0.960     1.000     0.000     0.000     0.000     0.000     1.205     1.205     1.000       NaN
FoodPrep            0.008     0.008     1.068     1.000     0.000     0.000     0.000     0.000     1.248     1.248     1.000       NaN
HealthService       0.002     0.002     1.238     1.000     0.000     0.000     0.000     0.000     1.380     1.380     1.000       NaN
Cleaning            0.003     0.003     1.080     1.000     0.000     0.000     0.000     0.000     1.300     1.300     1.000       NaN
PersonalService     0.007     0.007     1.025     1.000     0.000     0.000     0.000     0.000     1.246     1.246     1.000       NaN
FarmMgrs            0.033     0.033     1.366     1.000     0.000     0.000     0.000     0.000     1.626     1.626     1.000       NaN
FarmWork            0.015     0.015     1.353     1.000     0.000     0.000     0.000     0.000     1.357     1.357     1.000       NaN
Agriculture         0.002     0.002     0.977     1.000     0.000     0.000     0.000     0.000     1.199     1.199     1.000       NaN
Forest              0.003     0.003     1.102     1.000     0.000     0.000     0.000     0.000     1.359     1.359     1.000       NaN
Mechanics           0.024     0.024     0.928     1.000     0.000     0.000     0.000     0.000     1.309     1.309     1.000       NaN
Elec.Repairer       0.018     0.018     0.899     1.000     0.000     0.000     0.000     0.000     1.221     1.221     1.000       NaN
Misc.Repairer       0.031     0.031     0.900     1.000     0.000     0.000     0.000     0.000     1.288     1.288     1.000       NaN
Construction        0.051     0.051     0.856     1.000     0.000     0.000     0.000     0.000     1.202     1.202     1.000       NaN
Extractive          0.008     0.008     0.837     1.000     0.000     0.000     0.000     0.000     1.188     1.188     1.000       NaN
Supervisor(P)       0.022     0.022     0.826     1.000     0.000     0.000     0.000     0.000     1.225     1.225     1.000       NaN
MetalWork           0.022     0.022     0.829     1.000     0.000     0.000     0.000     0.000     1.240     1.240     1.000       NaN
WoodWork            0.001     0.001     0.932     1.000     0.000     0.000     0.000     0.000     1.166     1.166     1.000       NaN
Textiles            0.002     0.002     0.919     1.000     0.000     0.000     0.000     0.000     1.285     1.285     1.000       NaN
Other               0.003     0.003     0.861     1.000     0.000     0.000     0.000     0.000     1.210     1.210     1.000       NaN
Food                0.006     0.006     0.913     1.000     0.000     0.000     0.000     0.000     1.244     1.244     1.000       NaN
PlantOperator       0.007     0.007     0.906     1.000     0.000     0.000     0.000     0.000     1.045     1.045     1.000       NaN
MetalMach.          0.005     0.005     0.811     1.000     0.000     0.000     0.000     0.000     1.153     1.153     1.000       NaN
MetalProc.          0.001     0.001     0.897     1.000     0.000     0.000     0.000     0.000     1.200     1.200     1.000       NaN
WoodMach.           0.002     0.002     0.992     1.000     0.000     0.000     0.000     0.000     1.244     1.244     1.000       NaN
TextileMach.        0.007     0.007     0.851     1.000     0.000     0.000     0.000     0.000     1.224     1.224     1.000       NaN
PrintMach.          0.003     0.003     1.010     1.000     0.000     0.000     0.000     0.000     1.218     1.218     1.000       NaN
OtherMach.          0.087     0.087     0.901     1.000     0.000     0.000     0.000     0.000     1.237     1.237     1.000       NaN
Fabricators         0.018     0.018     0.869     1.000     0.000     0.000     0.000     0.000     1.175     1.175     1.000       NaN
Prod.Inspectors     0.007     0.007     0.903     1.000     0.000     0.000     0.000     0.000     1.239     1.239     1.000       NaN
MotorVehicle        0.057     0.057     0.898     1.000     0.000     0.000     0.000     0.000     1.254     1.254     1.000       NaN
OtherVehicle        0.015     0.015     0.820     1.000     0.000     0.000     0.000     0.000     1.158     1.158     1.000       NaN
Freight             0.046     0.046     0.971     1.000     0.000     0.000     0.000     0.000     1.252     1.252     1.000       NaN
 
======================================
 YEAR = 1970
======================================
  Note: tauh* := (1+tauh)^eta - 1 
 
                       pY     pfitY         Z    TauHat      TauH     tauh*     TauW0     TauW1  wagegrth  wagegrWM ExpFactor     alpha
---------------------------------------------------------------------------------------------------------------------------------------
Home                0.098       NaN     1.000       NaN     0.000     0.000     0.000     0.000       NaN       NaN     1.000       NaN
Managers            0.101     0.101     0.846     1.000     0.000     0.000     0.000     0.000     1.204     1.204     1.000       NaN
MgmtRelated         0.022     0.022     0.935     1.000     0.000     0.000     0.000     0.000     1.111     1.111     1.000       NaN
Architects          0.001     0.001     1.266     1.000     0.000     0.000     0.000     0.000     1.071     1.071     1.000       NaN
Engineers           0.031     0.031     0.950     1.000     0.000     0.000     0.000     0.000     1.092     1.092     1.000       NaN
Math/CompSci        0.006     0.006     0.943     1.000     0.000     0.000     0.000     0.000     1.124     1.124     1.000       NaN
Science             0.007     0.007     1.125     1.000     0.000     0.000     0.000     0.000     1.246     1.246     1.000       NaN
Doctors             0.008     0.008     1.247     1.000     0.000     0.000     0.000     0.000     1.420     1.420     1.000       NaN
Nurses              0.003     0.003     1.163     1.000     0.000     0.000     0.000     0.000     1.007     1.007     1.000       NaN
Therapists          0.001     0.001     1.271     1.000     0.000     0.000     0.000     0.000     1.030     1.030     1.000       NaN
Professors          0.009     0.009     2.017     1.000     0.000     0.000     0.000     0.000     1.097     1.097     1.000       NaN
Teachers            0.027     0.027     1.457     1.000     0.000     0.000     0.000     0.000     1.048     1.048     1.000       NaN
Librarians          0.000     0.000     1.511     1.000     0.000     0.000     0.000     0.000     1.043     1.043     1.000       NaN
Soc.Scientists      0.003     0.003     1.139     1.000     0.000     0.000     0.000     0.000     1.141     1.141     1.000       NaN
SocialWork          0.007     0.007     1.581     1.000     0.000     0.000     0.000     0.000     0.978     0.978     1.000       NaN
Lawyers             0.007     0.007     1.257     1.000     0.000     0.000     0.000     0.000     1.153     1.153     1.000       NaN
Arts/Athletes       0.012     0.012     0.977     1.000     0.000     0.000     0.000     0.000     0.993     0.993     1.000       NaN
HealthTechs         0.002     0.002     1.063     1.000     0.000     0.000     0.000     0.000     1.010     1.010     1.000       NaN
Eng.Techs           0.021     0.021     0.873     1.000     0.000     0.000     0.000     0.000     1.094     1.094     1.000       NaN
ScienceTechs        0.002     0.002     1.018     1.000     0.000     0.000     0.000     0.000     1.154     1.154     1.000       NaN
OtherTechs          0.010     0.010     0.897     1.000     0.000     0.000     0.000     0.000     1.086     1.086     1.000       NaN
Sales               0.070     0.070     0.864     1.000     0.000     0.000     0.000     0.000     1.040     1.040     1.000       NaN
Secretaries         0.002     0.002     0.959     1.000     0.000     0.000     0.000     0.000     1.120     1.120     1.000       NaN
Info.Clerks         0.002     0.002     0.932     1.000     0.000     0.000     0.000     0.000     1.118     1.118     1.000       NaN
Records             0.006     0.006     0.990     1.000     0.000     0.000     0.000     0.000     0.813     0.813     1.000       NaN
FinancialClerk      0.007     0.007     0.952     1.000     0.000     0.000     0.000     0.000     1.056     1.056     1.000       NaN
OfficeMachine       0.001     0.001     0.993     1.000     0.000     0.000     0.000     0.000     1.059     1.059     1.000       NaN
ComputerTech        0.003     0.003     0.866     1.000     0.000     0.000     0.000     0.000     1.245     1.245     1.000       NaN
Mail                0.006     0.006     0.922     1.000     0.000     0.000     0.000     0.000     1.177     1.177     1.000       NaN
Clerks              0.017     0.017     0.888     1.000     0.000     0.000     0.000     0.000     1.110     1.110     1.000       NaN
Insurance           0.007     0.007     0.959     1.000     0.000     0.000     0.000     0.000     1.025     1.025     1.000       NaN
Misc.Admin          0.013     0.013     0.925     1.000     0.000     0.000     0.000     0.000     1.075     1.075     1.000       NaN
PrivateHshld        0.001     0.001     0.928     1.000     0.000     0.000     0.000     0.000     0.828     0.828     1.000       NaN
Firefighting        0.005     0.005     0.796     1.000     0.000     0.000     0.000     0.000     1.075     1.075     1.000       NaN
Police              0.013     0.013     0.827     1.000     0.000     0.000     0.000     0.000     1.067     1.067     1.000       NaN
Guards              0.003     0.003     0.928     1.000     0.000     0.000     0.000     0.000     0.979     0.979     1.000       NaN
FoodPrep            0.007     0.007     0.982     1.000     0.000     0.000     0.000     0.000     0.875     0.875     1.000       NaN
HealthService       0.001     0.001     1.181     1.000     0.000     0.000     0.000     0.000     1.094     1.094     1.000       NaN
Cleaning            0.008     0.008     0.931     1.000     0.000     0.000     0.000     0.000     1.009     1.009     1.000       NaN
PersonalService     0.010     0.010     0.876     1.000     0.000     0.000     0.000     0.000     0.951     0.951     1.000       NaN
FarmMgrs            0.016     0.016     1.048     1.000     0.000     0.000     0.000     0.000     1.100     1.100     1.000       NaN
FarmWork            0.009     0.009     1.143     1.000     0.000     0.000     0.000     0.000     1.190     1.190     1.000       NaN
Agriculture         0.003     0.003     0.918     1.000     0.000     0.000     0.000     0.000     0.966     0.966     1.000       NaN
Forest              0.002     0.002     0.975     1.000     0.000     0.000     0.000     0.000     1.092     1.092     1.000       NaN
Mechanics           0.037     0.037     0.813     1.000     0.000     0.000     0.000     0.000     1.069     1.069     1.000       NaN
Elec.Repairer       0.018     0.018     0.819     1.000     0.000     0.000     0.000     0.000     1.077     1.077     1.000       NaN
Misc.Repairer       0.022     0.022     0.790     1.000     0.000     0.000     0.000     0.000     1.082     1.082     1.000       NaN
Construction        0.065     0.065     0.784     1.000     0.000     0.000     0.000     0.000     1.074     1.074     1.000       NaN
Extractive          0.003     0.003     0.804     1.000     0.000     0.000     0.000     0.000     1.200     1.200     1.000       NaN
Supervisor(P)       0.027     0.027     0.767     1.000     0.000     0.000     0.000     0.000     1.115     1.115     1.000       NaN
MetalWork           0.017     0.017     0.773     1.000     0.000     0.000     0.000     0.000     1.054     1.054     1.000       NaN
WoodWork            0.001     0.001     0.875     1.000     0.000     0.000     0.000     0.000     0.882     0.882     1.000       NaN
Textiles            0.002     0.002     0.865     1.000     0.000     0.000     0.000     0.000     0.885     0.885     1.000       NaN
Other               0.001     0.001     0.808     1.000     0.000     0.000     0.000     0.000     0.932     0.932     1.000       NaN
Food                0.006     0.006     0.827     1.000     0.000     0.000     0.000     0.000     1.053     1.053     1.000       NaN
PlantOperator       0.002     0.002     0.782     1.000     0.000     0.000     0.000     0.000     1.127     1.127     1.000       NaN
MetalMach.          0.014     0.014     0.804     1.000     0.000     0.000     0.000     0.000     1.067     1.067     1.000       NaN
MetalProc.          0.002     0.002     0.769     1.000     0.000     0.000     0.000     0.000     1.080     1.080     1.000       NaN
WoodMach.           0.001     0.001     0.910     1.000     0.000     0.000     0.000     0.000     1.013     1.013     1.000       NaN
TextileMach.        0.007     0.007     0.788     1.000     0.000     0.000     0.000     0.000     0.980     0.980     1.000       NaN
PrintMach.          0.006     0.006     0.911     1.000     0.000     0.000     0.000     0.000     0.958     0.958     1.000       NaN
OtherMach.          0.055     0.055     0.827     1.000     0.000     0.000     0.000     0.000     1.081     1.081     1.000       NaN
Fabricators         0.022     0.022     0.825     1.000     0.000     0.000     0.000     0.000     1.054     1.054     1.000       NaN
Prod.Inspectors     0.009     0.009     0.861     1.000     0.000     0.000     0.000     0.000     1.099     1.099     1.000       NaN
MotorVehicle        0.047     0.047     0.820     1.000     0.000     0.000     0.000     0.000     1.113     1.113     1.000       NaN
OtherVehicle        0.014     0.014     0.775     1.000     0.000     0.000     0.000     0.000     1.152     1.152     1.000       NaN
Freight             0.029     0.029     0.909     1.000     0.000     0.000     0.000     0.000     1.077     1.077     1.000       NaN
 
======================================
 YEAR = 1980
======================================
  Note: tauh* := (1+tauh)^eta - 1 
 
                       pY     pfitY         Z    TauHat      TauH     tauh*     TauW0     TauW1  wagegrth  wagegrWM ExpFactor     alpha
---------------------------------------------------------------------------------------------------------------------------------------
Home                0.093       NaN     1.000       NaN     0.000     0.000     0.000     0.000       NaN       NaN     1.000       NaN
Managers            0.088     0.088     0.854     1.000     0.000     0.000     0.000     0.000     1.434     1.434     1.000       NaN
MgmtRelated         0.039     0.039     0.951     1.000     0.000     0.000     0.000     0.000     1.342     1.342     1.000       NaN
Architects          0.002     0.002     1.216     1.000     0.000     0.000     0.000     0.000     1.445     1.445     1.000       NaN
Engineers           0.025     0.025     0.889     1.000     0.000     0.000     0.000     0.000     1.318     1.318     1.000       NaN
Math/CompSci        0.006     0.006     0.908     1.000     0.000     0.000     0.000     0.000     1.298     1.298     1.000       NaN
Science             0.006     0.006     1.207     1.000     0.000     0.000     0.000     0.000     1.351     1.351     1.000       NaN
Doctors             0.010     0.010     1.097     1.000     0.000     0.000     0.000     0.000     1.791     1.791     1.000       NaN
Nurses              0.004     0.004     1.214     1.000     0.000     0.000     0.000     0.000     1.366     1.366     1.000       NaN
Therapists          0.002     0.002     1.106     1.000     0.000     0.000     0.000     0.000     1.418     1.418     1.000       NaN
Professors          0.005     0.005     2.063     1.000     0.000     0.000     0.000     0.000     1.505     1.505     1.000       NaN
Teachers            0.027     0.027     1.434     1.000     0.000     0.000     0.000     0.000     1.377     1.377     1.000       NaN
Librarians          0.001     0.001     1.586     1.000     0.000     0.000     0.000     0.000     1.373     1.373     1.000       NaN
Soc.Scientists      0.003     0.003     1.229     1.000     0.000     0.000     0.000     0.000     1.366     1.366     1.000       NaN
SocialWork          0.008     0.008     1.520     1.000     0.000     0.000     0.000     0.000     1.291     1.291     1.000       NaN
Lawyers             0.011     0.011     1.251     1.000     0.000     0.000     0.000     0.000     1.722     1.722     1.000       NaN
Arts/Athletes       0.014     0.014     1.133     1.000     0.000     0.000     0.000     0.000     1.331     1.331     1.000       NaN
HealthTechs         0.004     0.004     1.112     1.000     0.000     0.000     0.000     0.000     1.332     1.332     1.000       NaN
Eng.Techs           0.017     0.017     0.873     1.000     0.000     0.000     0.000     0.000     1.265     1.265     1.000       NaN
ScienceTechs        0.003     0.003     0.927     1.000     0.000     0.000     0.000     0.000     1.292     1.292     1.000       NaN
OtherTechs          0.014     0.014     0.988     1.000     0.000     0.000     0.000     0.000     1.321     1.321     1.000       NaN
Sales               0.084     0.084     0.879     1.000     0.000     0.000     0.000     0.000     1.285     1.285     1.000       NaN
Secretaries         0.001     0.001     1.072     1.000     0.000     0.000     0.000     0.000     1.202     1.202     1.000       NaN
Info.Clerks         0.002     0.002     1.048     1.000     0.000     0.000     0.000     0.000     1.158     1.158     1.000       NaN
Records             0.003     0.003     0.998     1.000     0.000     0.000     0.000     0.000     1.253     1.253     1.000       NaN
FinancialClerk      0.004     0.004     0.995     1.000     0.000     0.000     0.000     0.000     1.131     1.131     1.000       NaN
OfficeMachine       0.000     0.000     1.021     1.000     0.000     0.000     0.000     0.000     1.166     1.166     1.000       NaN
ComputerTech        0.005     0.005     0.856     1.000     0.000     0.000     0.000     0.000     1.188     1.188     1.000       NaN
Mail                0.007     0.007     0.807     1.000     0.000     0.000     0.000     0.000     1.144     1.144     1.000       NaN
Clerks              0.018     0.018     0.878     1.000     0.000     0.000     0.000     0.000     1.191     1.191     1.000       NaN
Insurance           0.004     0.004     1.007     1.000     0.000     0.000     0.000     0.000     1.255     1.255     1.000       NaN
Misc.Admin          0.008     0.008     1.025     1.000     0.000     0.000     0.000     0.000     1.274     1.274     1.000       NaN
PrivateHshld        0.001     0.001     1.037     1.000     0.000     0.000     0.000     0.000     1.150     1.150     1.000       NaN
Firefighting        0.005     0.005     0.797     1.000     0.000     0.000     0.000     0.000     1.336     1.336     1.000       NaN
Police              0.014     0.014     0.844     1.000     0.000     0.000     0.000     0.000     1.254     1.254     1.000       NaN
Guards              0.005     0.005     0.962     1.000     0.000     0.000     0.000     0.000     1.133     1.133     1.000       NaN
FoodPrep            0.012     0.012     1.152     1.000     0.000     0.000     0.000     0.000     1.136     1.136     1.000       NaN
HealthService       0.003     0.003     1.188     1.000     0.000     0.000     0.000     0.000     1.326     1.326     1.000       NaN
Cleaning            0.014     0.014     0.948     1.000     0.000     0.000     0.000     0.000     1.130     1.130     1.000       NaN
PersonalService     0.004     0.004     1.075     1.000     0.000     0.000     0.000     0.000     1.120     1.120     1.000       NaN
FarmMgrs            0.014     0.014     1.033     1.000     0.000     0.000     0.000     0.000     1.084     1.084     1.000       NaN
FarmWork            0.008     0.008     0.989     1.000     0.000     0.000     0.000     0.000     1.145     1.145     1.000       NaN
Agriculture         0.005     0.005     1.005     1.000     0.000     0.000     0.000     0.000     1.115     1.115     1.000       NaN
Forest              0.003     0.003     0.890     1.000     0.000     0.000     0.000     0.000     1.102     1.102     1.000       NaN
Mechanics           0.039     0.039     0.791     1.000     0.000     0.000     0.000     0.000     1.160     1.160     1.000       NaN
Elec.Repairer       0.015     0.015     0.745     1.000     0.000     0.000     0.000     0.000     1.153     1.153     1.000       NaN
Misc.Repairer       0.013     0.013     0.770     1.000     0.000     0.000     0.000     0.000     1.102     1.102     1.000       NaN
Construction        0.085     0.085     0.785     1.000     0.000     0.000     0.000     0.000     1.118     1.118     1.000       NaN
Extractive          0.004     0.004     0.676     1.000     0.000     0.000     0.000     0.000     1.132     1.132     1.000       NaN
Supervisor(P)       0.026     0.026     0.750     1.000     0.000     0.000     0.000     0.000     1.237     1.237     1.000       NaN
MetalWork           0.015     0.015     0.744     1.000     0.000     0.000     0.000     0.000     1.171     1.171     1.000       NaN
WoodWork            0.002     0.002     0.999     1.000     0.000     0.000     0.000     0.000     1.156     1.156     1.000       NaN
Textiles            0.001     0.001     0.919     1.000     0.000     0.000     0.000     0.000     1.131     1.131     1.000       NaN
Other               0.003     0.003     0.864     1.000     0.000     0.000     0.000     0.000     1.216     1.216     1.000       NaN
Food                0.005     0.005     0.769     1.000     0.000     0.000     0.000     0.000     1.054     1.054     1.000       NaN
PlantOperator       0.004     0.004     0.759     1.000     0.000     0.000     0.000     0.000     1.219     1.219     1.000       NaN
MetalMach.          0.010     0.010     0.753     1.000     0.000     0.000     0.000     0.000     1.135     1.135     1.000       NaN
MetalProc.          0.002     0.002     0.772     1.000     0.000     0.000     0.000     0.000     1.205     1.205     1.000       NaN
WoodMach.           0.002     0.002     0.908     1.000     0.000     0.000     0.000     0.000     1.061     1.061     1.000       NaN
TextileMach.        0.005     0.005     0.811     1.000     0.000     0.000     0.000     0.000     1.172     1.172     1.000       NaN
PrintMach.          0.003     0.003     0.916     1.000     0.000     0.000     0.000     0.000     1.222     1.222     1.000       NaN
OtherMach.          0.033     0.033     0.776     1.000     0.000     0.000     0.000     0.000     1.160     1.160     1.000       NaN
Fabricators         0.027     0.027     0.779     1.000     0.000     0.000     0.000     0.000     1.128     1.128     1.000       NaN
Prod.Inspectors     0.007     0.007     0.784     1.000     0.000     0.000     0.000     0.000     1.195     1.195     1.000       NaN
MotorVehicle        0.048     0.048     0.777     1.000     0.000     0.000     0.000     0.000     1.078     1.078     1.000       NaN
OtherVehicle        0.016     0.016     0.708     1.000     0.000     0.000     0.000     0.000     1.149     1.149     1.000       NaN
Freight             0.029     0.029     0.853     1.000     0.000     0.000     0.000     0.000     1.105     1.105     1.000       NaN
 
======================================
 YEAR = 1990
======================================
  Note: tauh* := (1+tauh)^eta - 1 
 
                       pY     pfitY         Z    TauHat      TauH     tauh*     TauW0     TauW1  wagegrth  wagegrWM ExpFactor     alpha
---------------------------------------------------------------------------------------------------------------------------------------
Home                0.102       NaN     1.000       NaN     0.000     0.000     0.000     0.000       NaN       NaN     1.000       NaN
Managers            0.080     0.080     0.760     1.000     0.000     0.000     0.000     0.000     1.469     1.469     1.000       NaN
MgmtRelated         0.035     0.035     0.860     1.000     0.000     0.000     0.000     0.000     1.340     1.340     1.000       NaN
Architects          0.002     0.002     0.929     1.000     0.000     0.000     0.000     0.000     1.360     1.360     1.000       NaN
Engineers           0.028     0.028     0.792     1.000     0.000     0.000     0.000     0.000     1.279     1.279     1.000       NaN
Math/CompSci        0.010     0.010     0.799     1.000     0.000     0.000     0.000     0.000     1.178     1.178     1.000       NaN
Science             0.005     0.005     1.059     1.000     0.000     0.000     0.000     0.000     1.426     1.426     1.000       NaN
Doctors             0.008     0.008     1.020     1.000     0.000     0.000     0.000     0.000     1.778     1.778     1.000       NaN
Nurses              0.003     0.003     0.864     1.000     0.000     0.000     0.000     0.000     1.243     1.243     1.000       NaN
Therapists          0.002     0.002     0.953     1.000     0.000     0.000     0.000     0.000     1.329     1.329     1.000       NaN
Professors          0.004     0.004     2.102     1.000     0.000     0.000     0.000     0.000     1.440     1.440     1.000       NaN
Teachers            0.013     0.013     1.224     1.000     0.000     0.000     0.000     0.000     1.238     1.238     1.000       NaN
Librarians          0.001     0.001     1.490     1.000     0.000     0.000     0.000     0.000     1.286     1.286     1.000       NaN
Soc.Scientists      0.002     0.002     1.064     1.000     0.000     0.000     0.000     0.000     1.389     1.389     1.000       NaN
SocialWork          0.006     0.006     1.316     1.000     0.000     0.000     0.000     0.000     1.251     1.251     1.000       NaN
Lawyers             0.009     0.009     0.999     1.000     0.000     0.000     0.000     0.000     1.391     1.391     1.000       NaN
Arts/Athletes       0.016     0.016     0.982     1.000     0.000     0.000     0.000     0.000     1.311     1.311     1.000       NaN
HealthTechs         0.005     0.005     0.960     1.000     0.000     0.000     0.000     0.000     1.295     1.295     1.000       NaN
Eng.Techs           0.017     0.017     0.825     1.000     0.000     0.000     0.000     0.000     1.191     1.191     1.000       NaN
ScienceTechs        0.002     0.002     0.863     1.000     0.000     0.000     0.000     0.000     1.216     1.216     1.000       NaN
OtherTechs          0.021     0.021     0.856     1.000     0.000     0.000     0.000     0.000     1.580     1.580     1.000       NaN
Sales               0.102     0.102     0.799     1.000     0.000     0.000     0.000     0.000     1.266     1.266     1.000       NaN
Secretaries         0.001     0.001     1.055     1.000     0.000     0.000     0.000     0.000     1.291     1.291     1.000       NaN
Info.Clerks         0.002     0.002     1.014     1.000     0.000     0.000     0.000     0.000     1.188     1.188     1.000       NaN
Records             0.002     0.002     0.998     1.000     0.000     0.000     0.000     0.000     1.061     1.061     1.000       NaN
FinancialClerk      0.003     0.003     0.984     1.000     0.000     0.000     0.000     0.000     1.208     1.208     1.000       NaN
OfficeMachine       0.000     0.000     0.993     1.000     0.000     0.000     0.000     0.000     1.547     1.547     1.000       NaN
ComputerTech        0.005     0.005     0.868     1.000     0.000     0.000     0.000     0.000     1.160     1.160     1.000       NaN
Mail                0.007     0.007     0.787     1.000     0.000     0.000     0.000     0.000     1.105     1.105     1.000       NaN
Clerks              0.019     0.019     0.878     1.000     0.000     0.000     0.000     0.000     1.175     1.175     1.000       NaN
Insurance           0.005     0.005     0.945     1.000     0.000     0.000     0.000     0.000     1.239     1.239     1.000       NaN
Misc.Admin          0.008     0.008     0.978     1.000     0.000     0.000     0.000     0.000     1.190     1.190     1.000       NaN
PrivateHshld        0.001     0.001     1.065     1.000     0.000     0.000     0.000     0.000     1.005     1.005     1.000       NaN
Firefighting        0.005     0.005     0.717     1.000     0.000     0.000     0.000     0.000     1.267     1.267     1.000       NaN
Police              0.014     0.014     0.763     1.000     0.000     0.000     0.000     0.000     1.235     1.235     1.000       NaN
Guards              0.006     0.006     0.956     1.000     0.000     0.000     0.000     0.000     1.164     1.164     1.000       NaN
FoodPrep            0.019     0.019     1.124     1.000     0.000     0.000     0.000     0.000     1.210     1.210     1.000       NaN
HealthService       0.003     0.003     1.087     1.000     0.000     0.000     0.000     0.000     1.124     1.124     1.000       NaN
Cleaning            0.017     0.017     0.955     1.000     0.000     0.000     0.000     0.000     1.137     1.137     1.000       NaN
PersonalService     0.004     0.004     1.046     1.000     0.000     0.000     0.000     0.000     1.359     1.359     1.000       NaN
FarmMgrs            0.010     0.010     0.994     1.000     0.000     0.000     0.000     0.000     1.211     1.211     1.000       NaN
FarmWork            0.006     0.006     0.994     1.000     0.000     0.000     0.000     0.000     1.112     1.112     1.000       NaN
Agriculture         0.009     0.009     0.964     1.000     0.000     0.000     0.000     0.000     1.186     1.186     1.000       NaN
Forest              0.003     0.003     0.876     1.000     0.000     0.000     0.000     0.000     1.182     1.182     1.000       NaN
Mechanics           0.041     0.041     0.795     1.000     0.000     0.000     0.000     0.000     1.206     1.206     1.000       NaN
Elec.Repairer       0.012     0.012     0.786     1.000     0.000     0.000     0.000     0.000     1.164     1.164     1.000       NaN
Misc.Repairer       0.014     0.014     0.799     1.000     0.000     0.000     0.000     0.000     1.152     1.152     1.000       NaN
Construction        0.100     0.100     0.790     1.000     0.000     0.000     0.000     0.000     1.167     1.167     1.000       NaN
Extractive          0.003     0.003     0.710     1.000     0.000     0.000     0.000     0.000     1.140     1.140     1.000       NaN
Supervisor(P)       0.016     0.016     0.718     1.000     0.000     0.000     0.000     0.000     1.170     1.170     1.000       NaN
MetalWork           0.015     0.015     0.746     1.000     0.000     0.000     0.000     0.000     1.142     1.142     1.000       NaN
WoodWork            0.002     0.002     0.882     1.000     0.000     0.000     0.000     0.000     1.155     1.155     1.000       NaN
Textiles            0.001     0.001     0.936     1.000     0.000     0.000     0.000     0.000     1.141     1.141     1.000       NaN
Other               0.003     0.003     0.826     1.000     0.000     0.000     0.000     0.000     1.150     1.150     1.000       NaN
Food                0.004     0.004     0.852     1.000     0.000     0.000     0.000     0.000     1.098     1.098     1.000       NaN
PlantOperator       0.005     0.005     0.708     1.000     0.000     0.000     0.000     0.000     1.146     1.146     1.000       NaN
MetalMach.          0.004     0.004     0.806     1.000     0.000     0.000     0.000     0.000     1.116     1.116     1.000       NaN
MetalProc.          0.002     0.002     0.792     1.000     0.000     0.000     0.000     0.000     1.157     1.157     1.000       NaN
WoodMach.           0.002     0.002     0.941     1.000     0.000     0.000     0.000     0.000     1.448     1.448     1.000       NaN
TextileMach.        0.006     0.006     0.794     1.000     0.000     0.000     0.000     0.000     1.127     1.127     1.000       NaN
PrintMach.          0.004     0.004     0.908     1.000     0.000     0.000     0.000     0.000     1.134     1.134     1.000       NaN
OtherMach.          0.027     0.027     0.802     1.000     0.000     0.000     0.000     0.000     1.140     1.140     1.000       NaN
Fabricators         0.024     0.024     0.821     1.000     0.000     0.000     0.000     0.000     1.165     1.165     1.000       NaN
Prod.Inspectors     0.007     0.007     0.795     1.000     0.000     0.000     0.000     0.000     1.193     1.193     1.000       NaN
MotorVehicle        0.049     0.049     0.811     1.000     0.000     0.000     0.000     0.000     1.166     1.166     1.000       NaN
OtherVehicle        0.010     0.010     0.734     1.000     0.000     0.000     0.000     0.000     1.150     1.150     1.000       NaN
Freight             0.030     0.030     0.915     1.000     0.000     0.000     0.000     0.000     1.152     1.152     1.000       NaN
 
======================================
 YEAR = 2000
======================================
  Note: tauh* := (1+tauh)^eta - 1 
 
                       pY     pfitY         Z    TauHat      TauH     tauh*     TauW0     TauW1  wagegrth  wagegrWM ExpFactor     alpha
---------------------------------------------------------------------------------------------------------------------------------------
Home                0.145       NaN     1.000       NaN     0.000     0.000     0.000     0.000       NaN       NaN     1.000       NaN
Managers            0.077     0.077     0.856     1.000     0.000     0.000     0.000     0.000     1.282     1.282     1.000       NaN
MgmtRelated         0.041     0.041     0.962     1.000     0.000     0.000     0.000     0.000     1.335     1.335     1.000       NaN
Architects          0.002     0.002     1.132     1.000     0.000     0.000     0.000     0.000     1.349     1.349     1.000       NaN
Engineers           0.022     0.022     0.936     1.000     0.000     0.000     0.000     0.000     1.316     1.316     1.000       NaN
Math/CompSci        0.023     0.023     0.916     1.000     0.000     0.000     0.000     0.000     1.229     1.229     1.000       NaN
Science             0.006     0.006     1.412     1.000     0.000     0.000     0.000     0.000     1.548     1.548     1.000       NaN
Doctors             0.007     0.007     1.203     1.000     0.000     0.000     0.000     0.000     1.761     1.761     1.000       NaN
Nurses              0.004     0.004     0.986     1.000     0.000     0.000     0.000     0.000     1.357     1.357     1.000       NaN
Therapists          0.003     0.003     1.133     1.000     0.000     0.000     0.000     0.000     1.396     1.396     1.000       NaN
Professors          0.005     0.005     2.327     1.000     0.000     0.000     0.000     0.000     1.540     1.540     1.000       NaN
Teachers            0.020     0.020     1.444     1.000     0.000     0.000     0.000     0.000     1.351     1.351     1.000       NaN
Librarians          0.000     0.000     1.722     1.000     0.000     0.000     0.000     0.000     1.431     1.431     1.000       NaN
Soc.Scientists      0.002     0.002     1.268     1.000     0.000     0.000     0.000     0.000     1.510     1.510     1.000       NaN
SocialWork          0.006     0.006     1.468     1.000     0.000     0.000     0.000     0.000     1.250     1.250     1.000       NaN
Lawyers             0.008     0.008     1.193     1.000     0.000     0.000     0.000     0.000     1.525     1.525     1.000       NaN
Arts/Athletes       0.018     0.018     1.141     1.000     0.000     0.000     0.000     0.000     1.226     1.226     1.000       NaN
HealthTechs         0.006     0.006     1.071     1.000     0.000     0.000     0.000     0.000     1.295     1.295     1.000       NaN
Eng.Techs           0.010     0.010     0.989     1.000     0.000     0.000     0.000     0.000     1.242     1.242     1.000       NaN
ScienceTechs        0.001     0.001     1.018     1.000     0.000     0.000     0.000     0.000     1.251     1.251     1.000       NaN
OtherTechs          0.022     0.022     0.903     1.000     0.000     0.000     0.000     0.000     1.287     1.287     1.000       NaN
Sales               0.092     0.092     0.924     1.000     0.000     0.000     0.000     0.000     1.154     1.154     1.000       NaN
Secretaries         0.002     0.002     1.139     1.000     0.000     0.000     0.000     0.000     1.136     1.136     1.000       NaN
Info.Clerks         0.003     0.003     1.225     1.000     0.000     0.000     0.000     0.000     1.156     1.156     1.000       NaN
Records             0.002     0.002     1.229     1.000     0.000     0.000     0.000     0.000     1.179     1.179     1.000       NaN
FinancialClerk      0.003     0.003     1.138     1.000     0.000     0.000     0.000     0.000     1.251     1.251     1.000       NaN
OfficeMachine       0.001     0.001     0.983     1.000     0.000     0.000     0.000     0.000     1.070     1.070     1.000       NaN
ComputerTech        0.002     0.002     1.043     1.000     0.000     0.000     0.000     0.000     1.264     1.264     1.000       NaN
Mail                0.004     0.004     1.011     1.000     0.000     0.000     0.000     0.000     1.199     1.199     1.000       NaN
Clerks              0.020     0.020     1.064     1.000     0.000     0.000     0.000     0.000     1.080     1.080     1.000       NaN
Insurance           0.012     0.012     1.080     1.000     0.000     0.000     0.000     0.000     1.118     1.118     1.000       NaN
Misc.Admin          0.006     0.006     1.191     1.000     0.000     0.000     0.000     0.000     1.220     1.220     1.000       NaN
PrivateHshld        0.001     0.001     1.305     1.000     0.000     0.000     0.000     0.000     1.036     1.036     1.000       NaN
Firefighting        0.005     0.005     0.846     1.000     0.000     0.000     0.000     0.000     1.315     1.315     1.000       NaN
Police              0.021     0.021     0.917     1.000     0.000     0.000     0.000     0.000     1.285     1.285     1.000       NaN
Guards              0.005     0.005     1.136     1.000     0.000     0.000     0.000     0.000     1.158     1.158     1.000       NaN
FoodPrep            0.025     0.025     1.293     1.000     0.000     0.000     0.000     0.000     1.000     1.000     1.000       NaN
HealthService       0.003     0.003     1.321     1.000     0.000     0.000     0.000     0.000     1.158     1.158     1.000       NaN
Cleaning            0.011     0.011     1.112     1.000     0.000     0.000     0.000     0.000     1.075     1.075     1.000       NaN
PersonalService     0.006     0.006     1.219     1.000     0.000     0.000     0.000     0.000     1.087     1.087     1.000       NaN
FarmMgrs            0.005     0.005     1.122     1.000     0.000     0.000     0.000     0.000     1.308     1.308     1.000       NaN
FarmWork            0.005     0.005     1.127     1.000     0.000     0.000     0.000     0.000     1.046     1.046     1.000       NaN
Agriculture         0.012     0.012     1.103     1.000     0.000     0.000     0.000     0.000     0.982     0.982     1.000       NaN
Forest              0.002     0.002     1.034     1.000     0.000     0.000     0.000     0.000     1.122     1.122     1.000       NaN
Mechanics           0.037     0.037     0.921     1.000     0.000     0.000     0.000     0.000     1.090     1.090     1.000       NaN
Elec.Repairer       0.016     0.016     0.933     1.000     0.000     0.000     0.000     0.000     1.138     1.138     1.000       NaN
Misc.Repairer       0.010     0.010     0.948     1.000     0.000     0.000     0.000     0.000     1.103     1.103     1.000       NaN
Construction        0.095     0.095     0.928     1.000     0.000     0.000     0.000     0.000     1.068     1.068     1.000       NaN
Extractive          0.001     0.001     0.846     1.000     0.000     0.000     0.000     0.000     1.282     1.282     1.000       NaN
Supervisor(P)       0.012     0.012     0.865     1.000     0.000     0.000     0.000     0.000     1.177     1.177     1.000       NaN
MetalWork           0.008     0.008     0.886     1.000     0.000     0.000     0.000     0.000     1.076     1.076     1.000       NaN
WoodWork            0.001     0.001     1.037     1.000     0.000     0.000     0.000     0.000     1.043     1.043     1.000       NaN
Textiles            0.001     0.001     1.004     1.000     0.000     0.000     0.000     0.000     0.989     0.989     1.000       NaN
Other               0.002     0.002     1.104     1.000     0.000     0.000     0.000     0.000     1.107     1.107     1.000       NaN
Food                0.003     0.003     1.046     1.000     0.000     0.000     0.000     0.000     1.001     1.001     1.000       NaN
PlantOperator       0.002     0.002     0.858     1.000     0.000     0.000     0.000     0.000     1.181     1.181     1.000       NaN
MetalMach.          0.003     0.003     0.963     1.000     0.000     0.000     0.000     0.000     0.990     0.990     1.000       NaN
MetalProc.          0.001     0.001     0.933     1.000     0.000     0.000     0.000     0.000     1.009     1.009     1.000       NaN
WoodMach.           0.007     0.007     0.975     1.000     0.000     0.000     0.000     0.000     1.030     1.030     1.000       NaN
TextileMach.        0.004     0.004     0.941     1.000     0.000     0.000     0.000     0.000     1.022     1.022     1.000       NaN
PrintMach.          0.003     0.003     1.067     1.000     0.000     0.000     0.000     0.000     0.981     0.981     1.000       NaN
OtherMach.          0.020     0.020     0.956     1.000     0.000     0.000     0.000     0.000     1.058     1.058     1.000       NaN
Fabricators         0.019     0.019     0.962     1.000     0.000     0.000     0.000     0.000     1.053     1.053     1.000       NaN
Prod.Inspectors     0.006     0.006     0.966     1.000     0.000     0.000     0.000     0.000     1.154     1.154     1.000       NaN
MotorVehicle        0.045     0.045     0.954     1.000     0.000     0.000     0.000     0.000     1.043     1.043     1.000       NaN
OtherVehicle        0.008     0.008     0.863     1.000     0.000     0.000     0.000     0.000     1.155     1.155     1.000       NaN
Freight             0.020     0.020     1.079     1.000     0.000     0.000     0.000     0.000     1.022     1.022     1.000       NaN
 
======================================
 YEAR = 2010
======================================
  Note: tauh* := (1+tauh)^eta - 1 
 
                       pY     pfitY         Z    TauHat      TauH     tauh*     TauW0     TauW1  wagegrth  wagegrWM ExpFactor     alpha
---------------------------------------------------------------------------------------------------------------------------------------
Home                0.151       NaN     1.000       NaN     0.000     0.000     0.000     0.000       NaN       NaN     1.000       NaN
Managers            0.074     0.074     0.756     1.000     0.000     0.000     0.000     0.000     1.317     1.317     1.000       NaN
MgmtRelated         0.040     0.040     0.804     1.000     0.000     0.000     0.000     0.000     1.270     1.270     1.000       NaN
Architects          0.001     0.001     0.944     1.000     0.000     0.000     0.000     0.000     1.475     1.475     1.000       NaN
Engineers           0.018     0.018     0.753     1.000     0.000     0.000     0.000     0.000     1.230     1.230     1.000       NaN
Math/CompSci        0.024     0.024     0.783     1.000     0.000     0.000     0.000     0.000     1.196     1.196     1.000       NaN
Science             0.005     0.005     1.101     1.000     0.000     0.000     0.000     0.000     1.392     1.392     1.000       NaN
Doctors             0.006     0.006     0.990     1.000     0.000     0.000     0.000     0.000     1.853     1.853     1.000       NaN
Nurses              0.004     0.004     0.808     1.000     0.000     0.000     0.000     0.000     1.145     1.145     1.000       NaN
Therapists          0.003     0.003     0.981     1.000     0.000     0.000     0.000     0.000     1.098     1.098     1.000       NaN
Professors          0.007     0.007     2.093     1.000     0.000     0.000     0.000     0.000     1.547     1.547     1.000       NaN
Teachers            0.024     0.024     1.188     1.000     0.000     0.000     0.000     0.000     1.119     1.119     1.000       NaN
Librarians          0.000     0.000     1.598     1.000     0.000     0.000     0.000     0.000     1.306     1.306     1.000       NaN
Soc.Scientists      0.003     0.003     0.941     1.000     0.000     0.000     0.000     0.000     1.295     1.295     1.000       NaN
SocialWork          0.007     0.007     1.223     1.000     0.000     0.000     0.000     0.000     1.113     1.113     1.000       NaN
Lawyers             0.007     0.007     0.896     1.000     0.000     0.000     0.000     0.000     1.335     1.335     1.000       NaN
Arts/Athletes       0.018     0.018     0.989     1.000     0.000     0.000     0.000     0.000     1.118     1.118     1.000       NaN
HealthTechs         0.007     0.007     0.876     1.000     0.000     0.000     0.000     0.000     1.393     1.393     1.000       NaN
Eng.Techs           0.008     0.008     0.825     1.000     0.000     0.000     0.000     0.000     1.142     1.142     1.000       NaN
ScienceTechs        0.001     0.001     0.856     1.000     0.000     0.000     0.000     0.000     1.059     1.059     1.000       NaN
OtherTechs          0.020     0.020     0.745     1.000     0.000     0.000     0.000     0.000     1.400     1.400     1.000       NaN
Sales               0.089     0.089     0.860     1.000     0.000     0.000     0.000     0.000     1.274     1.274     1.000       NaN
Secretaries         0.002     0.002     1.067     1.000     0.000     0.000     0.000     0.000     1.131     1.131     1.000       NaN
Info.Clerks         0.003     0.003     1.099     1.000     0.000     0.000     0.000     0.000     1.249     1.249     1.000       NaN
Records             0.002     0.002     1.098     1.000     0.000     0.000     0.000     0.000     1.400     1.400     1.000       NaN
FinancialClerk      0.003     0.003     0.968     1.000     0.000     0.000     0.000     0.000     1.196     1.196     1.000       NaN
OfficeMachine       0.000     0.000     1.112     1.000     0.000     0.000     0.000     0.000     1.012     1.012     1.000       NaN
ComputerTech        0.001     0.001     0.939     1.000     0.000     0.000     0.000     0.000     1.662     1.662     1.000       NaN
Mail                0.003     0.003     0.865     1.000     0.000     0.000     0.000     0.000     0.917     0.917     1.000       NaN
Clerks              0.021     0.021     1.005     1.000     0.000     0.000     0.000     0.000     1.216     1.216     1.000       NaN
Insurance           0.015     0.015     0.986     1.000     0.000     0.000     0.000     0.000     1.226     1.226     1.000       NaN
Misc.Admin          0.007     0.007     1.053     1.000     0.000     0.000     0.000     0.000     1.298     1.298     1.000       NaN
PrivateHshld        0.001     0.001     1.196     1.000     0.000     0.000     0.000     0.000     1.109     1.109     1.000       NaN
Firefighting        0.006     0.006     0.681     1.000     0.000     0.000     0.000     0.000     1.183     1.183     1.000       NaN
Police              0.018     0.018     0.737     1.000     0.000     0.000     0.000     0.000     1.221     1.221     1.000       NaN
Guards              0.008     0.008     0.986     1.000     0.000     0.000     0.000     0.000     1.110     1.110     1.000       NaN
FoodPrep            0.044     0.044     1.240     1.000     0.000     0.000     0.000     0.000     1.278     1.278     1.000       NaN
HealthService       0.006     0.006     1.153     1.000     0.000     0.000     0.000     0.000     1.164     1.164     1.000       NaN
Cleaning            0.013     0.013     1.018     1.000     0.000     0.000     0.000     0.000     1.204     1.204     1.000       NaN
PersonalService     0.008     0.008     1.124     1.000     0.000     0.000     0.000     0.000     1.237     1.237     1.000       NaN
FarmMgrs            0.004     0.004     0.845     1.000     0.000     0.000     0.000     0.000     1.187     1.187     1.000       NaN
FarmWork            0.009     0.009     0.938     1.000     0.000     0.000     0.000     0.000     1.286     1.286     1.000       NaN
Agriculture         0.018     0.018     1.023     1.000     0.000     0.000     0.000     0.000     1.205     1.205     1.000       NaN
Forest              0.002     0.002     0.864     1.000     0.000     0.000     0.000     0.000     1.310     1.310     1.000       NaN
Mechanics           0.029     0.029     0.799     1.000     0.000     0.000     0.000     0.000     1.169     1.169     1.000       NaN
Elec.Repairer       0.015     0.015     0.809     1.000     0.000     0.000     0.000     0.000     1.131     1.131     1.000       NaN
Misc.Repairer       0.010     0.010     0.800     1.000     0.000     0.000     0.000     0.000     1.147     1.147     1.000       NaN
Construction        0.091     0.091     0.819     1.000     0.000     0.000     0.000     0.000     1.190     1.190     1.000       NaN
Extractive          0.004     0.004     0.625     1.000     0.000     0.000     0.000     0.000     1.079     1.079     1.000       NaN
Supervisor(P)       0.006     0.006     0.743     1.000     0.000     0.000     0.000     0.000     1.167     1.167     1.000       NaN
MetalWork           0.004     0.004     0.785     1.000     0.000     0.000     0.000     0.000     1.150     1.150     1.000       NaN
WoodWork            0.001     0.001     0.952     1.000     0.000     0.000     0.000     0.000     1.132     1.132     1.000       NaN
Textiles            0.000     0.000     1.009     1.000     0.000     0.000     0.000     0.000     1.410     1.410     1.000       NaN
Other               0.003     0.003     0.961     1.000     0.000     0.000     0.000     0.000     1.117     1.117     1.000       NaN
Food                0.004     0.004     0.972     1.000     0.000     0.000     0.000     0.000     1.176     1.176     1.000       NaN
PlantOperator       0.002     0.002     0.692     1.000     0.000     0.000     0.000     0.000     1.151     1.151     1.000       NaN
MetalMach.          0.002     0.002     0.836     1.000     0.000     0.000     0.000     0.000     1.118     1.118     1.000       NaN
MetalProc.          0.001     0.001     0.866     1.000     0.000     0.000     0.000     0.000     1.072     1.072     1.000       NaN
WoodMach.           0.004     0.004     0.856     1.000     0.000     0.000     0.000     0.000     1.202     1.202     1.000       NaN
TextileMach.        0.002     0.002     0.897     1.000     0.000     0.000     0.000     0.000     1.075     1.075     1.000       NaN
PrintMach.          0.002     0.002     0.991     1.000     0.000     0.000     0.000     0.000     1.269     1.269     1.000       NaN
OtherMach.          0.018     0.018     0.862     1.000     0.000     0.000     0.000     0.000     1.193     1.193     1.000       NaN
Fabricators         0.016     0.016     0.844     1.000     0.000     0.000     0.000     0.000     1.140     1.140     1.000       NaN
Prod.Inspectors     0.005     0.005     0.819     1.000     0.000     0.000     0.000     0.000     1.124     1.124     1.000       NaN
MotorVehicle        0.036     0.036     0.880     1.000     0.000     0.000     0.000     0.000     1.151     1.151     1.000       NaN
OtherVehicle        0.008     0.008     0.699     1.000     0.000     0.000     0.000     0.000     1.155     1.155     1.000       NaN
Freight             0.025     0.025     1.015     1.000     0.000     0.000     0.000     0.000     1.136     1.136     1.000       NaN
 
======================================
 YEAR = 2023
======================================
  Note: tauh* := (1+tauh)^eta - 1 
 
                       pY     pfitY         Z    TauHat      TauH     tauh*     TauW0     TauW1  wagegrth  wagegrWM ExpFactor     alpha
---------------------------------------------------------------------------------------------------------------------------------------
Home                0.134       NaN     1.000       NaN     0.000     0.000     0.000       NaN     0.000     0.000     0.000       NaN
Managers            0.093     0.093     0.734     1.000     0.000     0.000     0.000       NaN     0.000     0.000     0.000       NaN
MgmtRelated         0.049     0.049     0.793     1.000     0.000     0.000     0.000       NaN     0.000     0.000     0.000       NaN
Architects          0.002     0.002     0.895     1.000     0.000     0.000     0.000       NaN     0.000     0.000     0.000       NaN
Engineers           0.034     0.034     0.767     1.000     0.000     0.000     0.000       NaN     0.000     0.000     0.000       NaN
Math/CompSci        0.035     0.035     0.813     1.000     0.000     0.000     0.000       NaN     0.000     0.000     0.000       NaN
Science             0.008     0.008     1.061     1.000     0.000     0.000     0.000       NaN     0.000     0.000     0.000       NaN
Doctors             0.007     0.007     1.053     1.000     0.000     0.000     0.000       NaN     0.000     0.000     0.000       NaN
Nurses              0.008     0.008     0.831     1.000     0.000     0.000     0.000       NaN     0.000     0.000     0.000       NaN
Therapists          0.005     0.005     1.084     1.000     0.000     0.000     0.000       NaN     0.000     0.000     0.000       NaN
Professors          0.004     0.004     1.778     1.000     0.000     0.000     0.000       NaN     0.000     0.000     0.000       NaN
Teachers            0.024     0.024     1.330     1.000     0.000     0.000     0.000       NaN     0.000     0.000     0.000       NaN
Librarians          0.001     0.001     1.604     1.000     0.000     0.000     0.000       NaN     0.000     0.000     0.000       NaN
Soc.Scientists      0.004     0.004     0.882     1.000     0.000     0.000     0.000       NaN     0.000     0.000     0.000       NaN
SocialWork          0.006     0.006     1.227     1.000     0.000     0.000     0.000       NaN     0.000     0.000     0.000       NaN
Lawyers             0.006     0.006     0.835     1.000     0.000     0.000     0.000       NaN     0.000     0.000     0.000       NaN
Arts/Athletes       0.018     0.018     1.062     1.000     0.000     0.000     0.000       NaN     0.000     0.000     0.000       NaN
HealthTechs         0.008     0.008     0.901     1.000     0.000     0.000     0.000       NaN     0.000     0.000     0.000       NaN
Eng.Techs           0.010     0.010     0.837     1.000     0.000     0.000     0.000       NaN     0.000     0.000     0.000       NaN
ScienceTechs        0.001     0.001     0.812     1.000     0.000     0.000     0.000       NaN     0.000     0.000     0.000       NaN
OtherTechs          0.032     0.032     0.675     1.000     0.000     0.000     0.000       NaN     0.000     0.000     0.000       NaN
Sales               0.075     0.075     0.847     1.000     0.000     0.000     0.000       NaN     0.000     0.000     0.000       NaN
Secretaries         0.002     0.002     1.089     1.000     0.000     0.000     0.000       NaN     0.000     0.000     0.000       NaN
Info.Clerks         0.003     0.003     1.114     1.000     0.000     0.000     0.000       NaN     0.000     0.000     0.000       NaN
Records             0.001     0.001     1.079     1.000     0.000     0.000     0.000       NaN     0.000     0.000     0.000       NaN
FinancialClerk      0.003     0.003     0.957     1.000     0.000     0.000     0.000       NaN     0.000     0.000     0.000       NaN
OfficeMachine       0.000     0.000     0.942     1.000     0.000     0.000     0.000       NaN     0.000     0.000     0.000       NaN
ComputerTech        0.000     0.000     0.757     1.000     0.000     0.000     0.000       NaN     0.000     0.000     0.000       NaN
Mail                0.006     0.006     1.012     1.000     0.000     0.000     0.000       NaN     0.000     0.000     0.000       NaN
Clerks              0.020     0.020     1.023     1.000     0.000     0.000     0.000       NaN     0.000     0.000     0.000       NaN
Insurance           0.015     0.015     0.962     1.000     0.000     0.000     0.000       NaN     0.000     0.000     0.000       NaN
Misc.Admin          0.009     0.009     0.997     1.000     0.000     0.000     0.000       NaN     0.000     0.000     0.000       NaN
PrivateHshld        0.001     0.001     1.252     1.000     0.000     0.000     0.000       NaN     0.000     0.000     0.000       NaN
Firefighting        0.007     0.007     0.728     1.000     0.000     0.000     0.000       NaN     0.000     0.000     0.000       NaN
Police              0.018     0.018     0.743     1.000     0.000     0.000     0.000       NaN     0.000     0.000     0.000       NaN
Guards              0.008     0.008     0.982     1.000     0.000     0.000     0.000       NaN     0.000     0.000     0.000       NaN
FoodPrep            0.031     0.031     1.189     1.000     0.000     0.000     0.000       NaN     0.000     0.000     0.000       NaN
HealthService       0.006     0.006     1.120     1.000     0.000     0.000     0.000       NaN     0.000     0.000     0.000       NaN
Cleaning            0.014     0.014     1.002     1.000     0.000     0.000     0.000       NaN     0.000     0.000     0.000       NaN
PersonalService     0.008     0.008     1.165     1.000     0.000     0.000     0.000       NaN     0.000     0.000     0.000       NaN
FarmMgrs            0.004     0.004     0.870     1.000     0.000     0.000     0.000       NaN     0.000     0.000     0.000       NaN
FarmWork            0.005     0.005     0.991     1.000     0.000     0.000     0.000       NaN     0.000     0.000     0.000       NaN
Agriculture         0.012     0.012     0.954     1.000     0.000     0.000     0.000       NaN     0.000     0.000     0.000       NaN
Forest              0.001     0.001     0.873     1.000     0.000     0.000     0.000       NaN     0.000     0.000     0.000       NaN
Mechanics           0.028     0.028     0.766     1.000     0.000     0.000     0.000       NaN     0.000     0.000     0.000       NaN
Elec.Repairer       0.012     0.012     0.799     1.000     0.000     0.000     0.000       NaN     0.000     0.000     0.000       NaN
Misc.Repairer       0.012     0.012     0.770     1.000     0.000     0.000     0.000       NaN     0.000     0.000     0.000       NaN
Construction        0.074     0.074     0.783     1.000     0.000     0.000     0.000       NaN     0.000     0.000     0.000       NaN
Extractive          0.002     0.002     0.669     1.000     0.000     0.000     0.000       NaN     0.000     0.000     0.000       NaN
Supervisor(P)       0.006     0.006     0.744     1.000     0.000     0.000     0.000       NaN     0.000     0.000     0.000       NaN
MetalWork           0.004     0.004     0.786     1.000     0.000     0.000     0.000       NaN     0.000     0.000     0.000       NaN
WoodWork            0.000     0.000     0.875     1.000     0.000     0.000     0.000       NaN     0.000     0.000     0.000       NaN
Textiles            0.000     0.000     0.830     1.000     0.000     0.000     0.000       NaN     0.000     0.000     0.000       NaN
Other               0.003     0.003     1.050     1.000     0.000     0.000     0.000       NaN     0.000     0.000     0.000       NaN
Food                0.003     0.003     1.008     1.000     0.000     0.000     0.000       NaN     0.000     0.000     0.000       NaN
PlantOperator       0.003     0.003     0.723     1.000     0.000     0.000     0.000       NaN     0.000     0.000     0.000       NaN
MetalMach.          0.001     0.001     0.876     1.000     0.000     0.000     0.000       NaN     0.000     0.000     0.000       NaN
MetalProc.          0.000     0.000     0.856     1.000     0.000     0.000     0.000       NaN     0.000     0.000     0.000       NaN
WoodMach.           0.003     0.003     0.852     1.000     0.000     0.000     0.000       NaN     0.000     0.000     0.000       NaN
TextileMach.        0.001     0.001     1.029     1.000     0.000     0.000     0.000       NaN     0.000     0.000     0.000       NaN
PrintMach.          0.001     0.001     1.053     1.000     0.000     0.000     0.000       NaN     0.000     0.000     0.000       NaN
OtherMach.          0.017     0.017     0.837     1.000     0.000     0.000     0.000       NaN     0.000     0.000     0.000       NaN
Fabricators         0.014     0.014     0.821     1.000     0.000     0.000     0.000       NaN     0.000     0.000     0.000       NaN
Prod.Inspectors     0.006     0.006     0.819     1.000     0.000     0.000     0.000       NaN     0.000     0.000     0.000       NaN
MotorVehicle        0.034     0.034     0.867     1.000     0.000     0.000     0.000       NaN     0.000     0.000     0.000       NaN
OtherVehicle        0.008     0.008     0.727     1.000     0.000     0.000     0.000       NaN     0.000     0.000     0.000       NaN
Freight             0.023     0.023     1.032     1.000     0.000     0.000     0.000       NaN     0.000     0.000     0.000       NaN
 
mg(g,t):
mg =

 Columns 1 through 6:

   3.4138e+08   3.5209e+08   2.2195e+08   2.5055e+08   4.0147e+08   2.1981e+08
            0            0            0            0            0            0
            0            0            0            0            0            0
            0            0            0            0            0            0

 Column 7:

   2.3428e+08
            0
            0
            0

 
 
 
 
--------------------------------------------------------------------------------------------------
                          >>>>> White Women <<<<<
--------------------------------------------------------------------------------------------------
 
======================================
 YEAR = 1960
======================================
  Note: tauh* := (1+tauh)^eta - 1 
 
                       pY     pfitY         Z    TauHat      TauH     tauh*     TauW0     TauW1  wagegrth  wagegrWM ExpFactor     alpha
---------------------------------------------------------------------------------------------------------------------------------------
Home                0.739       NaN     1.000       NaN     0.000     0.000     0.000     0.000       NaN       NaN     1.000       NaN
Managers            0.007     0.007     0.590     5.595  4266.954     1.365     0.577     0.556     1.519     1.446     1.131     0.500
MgmtRelated         0.003     0.003     0.617     4.349  1254.374     1.085     0.520     0.467     1.495     1.344     1.182     0.500
Architects          0.000     0.000     0.812     8.210 27443.875     1.865     0.651    -0.294     5.328     1.437     1.000     0.500
Engineers           0.000     0.000     0.502    14.572444744.675     2.817     0.738     0.727     1.421     1.364     1.100     0.500
Math/CompSci        0.000     0.000     0.604     3.204   284.186     0.790     0.441     0.541     1.139     1.385     1.000     0.500
Science             0.000     0.000     0.591     5.148  2846.226     1.269     0.559     0.507     1.475     1.320     1.079     0.500
Doctors             0.000     0.000     0.991     7.924 23104.953     1.815     0.645     0.612     2.195     2.008     1.121     0.500
Nurses              0.011     0.011     0.828     0.816    -0.628    -0.097    -0.107    -0.264     1.488     1.353     1.025     0.500
Therapists          0.000     0.000     0.880     1.419     4.465     0.191     0.160     0.112     1.421     1.344     1.053     0.500
Professors          0.000     0.000     1.356     4.095   936.673     1.024     0.506     0.463     1.700     1.564     1.130     0.500
Teachers            0.017     0.017     0.856     1.368     3.576     0.170     0.145     0.057     1.541     1.398     1.099     0.500
Librarians          0.001     0.001     0.879     0.554    -0.800    -0.153    -0.529    -0.479     1.365     1.411     1.000     0.719
Soc.Scientists      0.000     0.000     0.707     2.584    99.298     0.607     0.378     0.511     1.245     1.584     1.000     0.500
SocialWork          0.001     0.001     0.867     2.157    40.705     0.469     0.319     0.281     1.419     1.343     1.027     0.500
Lawyers             0.000     0.000     1.049    11.625148530.930     2.410     0.707     0.632     2.142     1.707     1.049     0.500
Arts/Athletes       0.004     0.004     0.623     2.402    69.369     0.550     0.355     0.420     1.193     1.326     1.000     0.500
HealthTechs         0.004     0.004     0.642     1.077     0.430     0.038     0.036    -0.024     1.523     1.434     1.126     0.500
Eng.Techs           0.000     0.000     0.509     7.398 16551.666     1.720     0.632     0.618     1.347     1.295     1.203     0.500
ScienceTechs        0.001     0.001     0.526     4.254  1127.257     1.063     0.515     0.469     1.383     1.262     1.162     0.500
OtherTechs          0.000     0.000     0.633     6.590  9443.151     1.567     0.610     0.499     1.958     1.523     1.165     0.500
Sales               0.020     0.020     0.745     4.006   841.568     1.001     0.500     0.499     1.378     1.374     1.152     0.500
Secretaries         0.041     0.041     0.573     0.287    -0.800    -0.153    -1.949    -2.179     1.158     1.306     1.035     0.867
Info.Clerks         0.003     0.003     0.595     1.129     0.801     0.062     0.059    -0.072     1.417     1.244     1.139     0.500
Records             0.002     0.002     0.744     1.794    16.055     0.339     0.253     0.289     1.350     1.417     1.043     0.500
FinancialClerk      0.015     0.015     0.619     0.789    -0.683    -0.112    -0.126    -0.020     1.271     1.402     1.106     0.500
OfficeMachine       0.005     0.005     0.559     1.082     0.464     0.040     0.039     0.167     1.024     1.181     1.000     0.500
ComputerTech        0.007     0.007     0.542     0.522    -0.800    -0.153    -0.624    -0.513     1.203     1.292     1.000     0.745
Mail                0.000     0.000     0.572     7.759 20863.223     1.785     0.641     0.502     1.717     1.237     1.233     0.500
Clerks              0.001     0.001     0.574     5.233  3083.519     1.288     0.563     0.439     1.656     1.290     1.204     0.500
Insurance           0.000     0.000     0.675     7.081 13389.681     1.661     0.624     0.578     1.677     1.493     1.292     0.500
Misc.Admin          0.030     0.030     0.598     1.459     5.257     0.208     0.172     0.085     1.409     1.275     1.196     0.500
PrivateHshld        0.002     0.002     0.754     1.513     6.456     0.230     0.187     0.020     1.203     0.998     1.080     0.500
Firefighting        0.000       NaN       NaN       NaN       NaN       NaN       NaN     0.720       NaN     1.390     1.347       NaN
Police              0.000     0.000     0.463     8.385 30418.329     1.896     0.655     0.649     1.389     1.367     1.133     0.500
Guards              0.000     0.000     0.467    18.5481434582.996     3.307     0.768     0.657     1.779     1.205     1.328     0.500
FoodPrep            0.016     0.016     0.772     1.306     2.661     0.143     0.125     0.064     1.336     1.248     1.075     0.500
HealthService       0.004     0.004     0.656     0.808    -0.646    -0.101    -0.113    -0.368     1.536     1.380     1.201     0.500
Cleaning            0.000     0.000     0.610     4.331  1229.316     1.081     0.519     0.540     1.244     1.300     1.066     0.500
PersonalService     0.008     0.008     0.710     1.776    15.267     0.333     0.250     0.255     1.237     1.246     1.097     0.500
FarmMgrs            0.000     0.000     0.975    16.140730543.064     3.017     0.751     0.620     2.481     1.626     1.203     0.500
FarmWork            0.002     0.002     0.769     3.728   593.755     0.931     0.482     0.321     1.778     1.357     1.108     0.500
Agriculture         0.000     0.000     0.594     5.420  3656.800     1.328     0.570     0.528     1.317     1.199     1.040     0.500
Forest              0.000       NaN       NaN       NaN       NaN       NaN       NaN     0.773       NaN     1.359     1.232       NaN
Mechanics           0.000     0.000     0.492    19.4291797165.697     3.408     0.773     0.691     1.781     1.309     1.228     0.500
Elec.Repairer       0.000     0.000     0.516    14.670459457.506     2.830     0.739     0.681     1.494     1.221     1.152     0.500
Misc.Repairer       0.000     0.000     0.461    13.877350890.731     2.725     0.732     0.708     1.401     1.288     1.255     0.500
Construction        0.000     0.000     0.480    20.6552419145.877     3.545     0.780     0.706     1.605     1.202     1.208     0.500
Extractive          0.000     0.000     0.374    19.9022019765.905     3.461     0.776     0.718       NaN     1.188     1.242     0.500
Supervisor(P)       0.001     0.001     0.548     7.162 14147.001     1.676     0.626     0.569     1.412     1.225     1.046     0.500
MetalWork           0.000     0.000     0.481    14.650456414.272     2.827     0.739     0.687     1.488     1.240     1.206     0.500
WoodWork            0.000     0.000     0.538    16.596836288.084     3.074     0.755     0.594       NaN     1.166     1.286     0.500
Textiles            0.008     0.008     0.602     0.834    -0.585    -0.087    -0.095     0.001     1.173     1.285     1.000     0.500
Other               0.000     0.000     0.613     5.674  4565.592     1.382     0.580     0.422     1.665     1.210     1.234     0.500
Food                0.000     0.000     0.558     8.852 39557.575     1.975     0.664     0.561     1.626     1.244     1.254     0.500
PlantOperator       0.000     0.000     0.597    16.777881370.528     3.096     0.756     0.644     1.522     1.045     1.000     0.500
MetalMach.          0.000     0.000     0.570    10.397 86397.419     2.224     0.690     0.566     1.612     1.153     1.273     0.500
MetalProc.          0.000     0.000     0.456     8.142 26357.532     1.853     0.650     0.574     1.458     1.200     1.229     0.500
WoodMach.           0.000     0.000     0.377     5.179  2932.634     1.276     0.561     0.490       NaN     1.244     1.272     0.500
TextileMach.        0.000     0.000     0.468     6.212  7087.976     1.492     0.599     0.598     1.227     1.224     1.137     0.500
PrintMach.          0.004     0.004     0.617     1.431     4.687     0.196     0.164    -0.113     1.621     1.218     1.219     0.500
OtherMach.          0.026     0.026     0.541     2.765   138.262     0.663     0.399     0.391     1.253     1.237     1.107     0.500
Fabricators         0.005     0.005     0.491     2.526    88.926     0.589     0.371     0.346     1.222     1.175     1.123     0.500
Prod.Inspectors     0.004     0.004     0.553     2.064    32.696     0.437     0.304     0.334     1.185     1.239     1.075     0.500
MotorVehicle        0.000     0.000     0.515    18.0451255451.600     3.248     0.765     0.675     1.731     1.254     1.278     0.500
OtherVehicle        0.000     0.000     0.438    19.3271751947.955     3.396     0.773    -0.010     5.143     1.158     1.243     0.500
Freight             0.001     0.001     0.538     7.817 21639.426     1.796     0.642     0.522     1.672     1.252     1.276     0.500
 
======================================
 YEAR = 1970
======================================
  Note: tauh* := (1+tauh)^eta - 1 
 
                       pY     pfitY         Z    TauHat      TauH     tauh*     TauW0     TauW1  wagegrth  wagegrWM ExpFactor     alpha
---------------------------------------------------------------------------------------------------------------------------------------
Home                0.656       NaN     1.000       NaN     0.000     0.000     0.000     0.000       NaN       NaN     1.000       NaN
Managers            0.016     0.016     0.561     3.872   192.121     0.720     0.556     0.525     1.288     1.204     1.187     0.600
MgmtRelated         0.004     0.004     0.617     3.533   467.762     0.884     0.467     0.366     1.321     1.111     1.291     0.498
Architects          0.000     0.000     0.661     4.42322623914.484     4.722    -0.294    -0.185     0.981     1.071     1.000    -0.173
Engineers           0.000     0.000     0.524    13.890415840.821     2.791     0.727     0.684     1.266     1.092     1.328     0.494
Math/CompSci        0.001     0.001     0.540     3.578   123.559     0.644     0.541     0.479     1.274     1.124     1.131     0.610
Science             0.001     0.001     0.606     3.961   659.802     0.952     0.507     0.539     1.167     1.246     1.172     0.514
Doctors             0.001     0.001     0.717     4.603   279.039     0.787     0.612     0.685     1.153     1.420     1.000     0.620
Nurses              0.012     0.012     0.750     0.670    -0.800    -0.153    -0.264    -0.592     1.174     1.007     1.083     0.586
Therapists          0.001     0.001     0.714     1.138     0.107     0.010     0.112    -0.066     1.237     1.030     1.130     0.919
Professors          0.002     0.002     1.206     2.553    20.431     0.371     0.463     0.412     1.201     1.097     1.105     0.663
Teachers            0.032     0.032     0.841     1.152     1.221     0.086     0.057    -0.016     1.129     1.048     1.098     0.418
Librarians          0.001     0.001     0.828     0.737     1.306     0.090    -0.479    -0.527     1.077     1.043     1.068     1.282
Soc.Scientists      0.001     0.001     0.665     2.734    15.757     0.337     0.511     0.461     1.257     1.141     1.164     0.711
SocialWork          0.003     0.003     0.770     1.577     2.408     0.135     0.281     0.150     1.155     0.978     1.087     0.723
Lawyers             0.000     0.000     0.695     5.691  1308.526     1.094     0.632     0.688     0.977     1.153     1.193     0.575
Arts/Athletes       0.004     0.004     0.619     2.623    58.114     0.522     0.420     0.401     1.025     0.993     1.165     0.564
HealthTechs         0.005     0.005     0.669     0.885    -0.618    -0.094    -0.024    -0.357     1.218     1.010     1.173     0.192
Eng.Techs           0.001     0.001     0.534     6.145  3995.081     1.349     0.618     0.569     1.234     1.094     1.270     0.530
ScienceTechs        0.000     0.000     0.610     3.558   481.591     0.890     0.469     0.458     1.178     1.154     1.182     0.499
OtherTechs          0.001     0.001     0.501     3.295   128.540     0.650     0.499     0.507     1.069     1.086     1.206     0.580
Sales               0.023     0.023     0.712     3.526   249.562     0.766     0.499     0.411     1.222     1.040     1.159     0.549
Secretaries         0.058     0.058     0.602     0.267    -0.800    -0.153    -2.179    -4.288     1.254     1.120     1.242     0.875
Info.Clerks         0.005     0.005     0.634     1.090     3.525     0.168    -0.072    -0.225     1.184     1.118     1.249    -0.812
Records             0.004     0.004     0.667     1.847    13.108     0.313     0.289    -0.109     1.267     0.813     1.360     0.556
FinancialClerk      0.020     0.020     0.630     0.864    -0.705    -0.118    -0.020    -0.531     1.249     1.056     1.275     0.137
OfficeMachine       0.001     0.001     0.632     1.740    35.907     0.450     0.167    -0.128     1.432     1.059     1.275     0.329
ComputerTech        0.005     0.005     0.586     1.370  1185.131     1.073    -0.513    -0.307     1.076     1.245     1.010    -1.316
Mail                0.001     0.001     0.522     3.120    71.508     0.555     0.502     0.411     1.391     1.177     1.206     0.612
Clerks              0.003     0.003     0.564     3.630  1002.555     1.038     0.439     0.331     1.322     1.110     1.293     0.448
Insurance           0.002     0.002     0.644     2.848     4.991     0.202     0.578     0.237     1.424     1.025     1.342     0.824
Misc.Admin          0.031     0.031     0.630     1.037    -0.404    -0.052     0.085    -0.257     1.235     1.075     1.223     2.484
PrivateHshld        0.004     0.004     0.736     1.200     3.823     0.176     0.020    -0.426     1.205     0.828     1.187     0.111
Firefighting        0.000     0.000     0.361    12.772234534.100     2.574     0.720     0.792     0.799     1.075     1.020     0.500
Police              0.000     0.000     0.494     8.970 68805.458     2.150     0.649     0.608     1.191     1.067     1.200     0.477
Guards              0.000     0.000     0.693     7.199  6450.359     1.468     0.657     0.509     1.402     0.979     1.302     0.542
FoodPrep            0.015     0.015     0.783     1.310     6.258     0.226     0.064    -0.263     1.181     0.875     1.121     0.243
HealthService       0.007     0.007     0.735     0.619    -0.800    -0.153    -0.368    -0.528     1.221     1.094     1.183     0.654
Cleaning            0.001     0.001     0.625     5.131  4186.635     1.361     0.540     0.406     1.304     1.009     1.279     0.475
PersonalService     0.016     0.016     0.675     1.442     1.012     0.075     0.255    -0.075     1.180     0.951     1.197     0.803
FarmMgrs            0.001     0.001     0.641     6.939 12150.988     1.635     0.620     0.683     0.918     1.100     1.265     0.500
FarmWork            0.001     0.001     0.815     4.411 42110.750     1.994     0.321     0.087     1.600     1.190     1.238     0.261
Agriculture         0.000     0.000     0.606     5.056  4617.738     1.385     0.528     0.406     1.216     0.966     1.245     0.464
Forest              0.000     0.000     0.590    19.4901824880.687     3.415     0.773     0.724     1.331     1.092     1.417     0.500
Mechanics           0.000     0.000     0.426    11.360194845.079     2.506     0.691     0.724     0.955     1.069     1.120     0.484
Elec.Repairer       0.000     0.000     0.464     9.361 41531.723     1.990     0.681     0.567     1.459     1.077     1.286     0.510
Misc.Repairer       0.001     0.001     0.570    10.383 47282.449     2.030     0.708     0.648     1.305     1.082     1.163     0.526
Construction        0.001     0.001     0.428    10.519 57402.920     2.092     0.706     0.742     0.944     1.074     1.092     0.520
Extractive          0.000     0.000     0.474    12.583218170.754     2.547     0.718     0.690     1.321     1.200     1.215     0.500
Supervisor(P)       0.002     0.002     0.520     6.575 24431.119     1.831     0.569     0.511     1.267     1.115     1.251     0.447
MetalWork           0.000     0.000     0.440     8.237  9954.932     1.581     0.687     0.720     0.942     1.054     1.196     0.550
WoodWork            0.000     0.000     0.628     6.067  6320.415     1.463     0.594     0.362     1.387     0.882     1.223     0.500
Textiles            0.001     0.001     0.571     2.352  4011.577     1.350     0.001    -0.311     1.161     0.885     1.236     0.001
Other               0.000     0.000     0.580     3.294   513.925     0.902     0.422     0.323     1.093     0.932     1.180     0.461
Food                0.000     0.000     0.630     6.566 29177.466     1.883     0.561     0.479     1.248     1.053     1.287     0.437
PlantOperator       0.000     0.000     0.515    14.1366448633.116     4.028     0.644     0.613     1.227     1.127     1.308     0.390
MetalMach.          0.002     0.002     0.534     4.502   660.974     0.952     0.566     0.493     1.248     1.067     1.206     0.555
MetalProc.          0.000     0.000     0.489     4.873  1200.905     1.076     0.574     0.467     1.351     1.080     1.346     0.539
WoodMach.           0.000     0.000     0.515     3.837   683.166     0.959     0.490     0.412     1.165     1.013     1.217     0.500
TextileMach.        0.001     0.001     0.537     5.068  1005.434     1.038     0.598     0.497     1.225     0.980     1.282     0.561
PrintMach.          0.016     0.016     0.599     0.935     0.461     0.040    -0.113    -0.310     1.128     0.958     1.186     1.577
OtherMach.          0.018     0.018     0.572     2.777   163.152     0.691     0.391     0.361     1.134     1.081     1.080     0.486
Fabricators         0.007     0.007     0.533     2.518   126.174     0.647     0.346     0.285     1.152     1.054     1.160     0.459
Prod.Inspectors     0.005     0.005     0.593     2.219    43.272     0.478     0.334     0.291     1.170     1.099     1.152     0.510
MotorVehicle        0.001     0.001     0.455     7.691  7271.925     1.499     0.675     0.710     0.994     1.113     1.321     0.551
OtherVehicle        0.000     0.000     0.468    10.3267713178000.346     9.432    -0.010    -0.202     1.370     1.152     1.261    -0.004
Freight             0.003     0.003     0.597     4.632  2238.609     1.213     0.522     0.346     1.474     1.077     1.347     0.482
 
======================================
 YEAR = 1980
======================================
  Note: tauh* := (1+tauh)^eta - 1 
 
                       pY     pfitY         Z    TauHat      TauH     tauh*     TauW0     TauW1  wagegrth  wagegrWM ExpFactor     alpha
---------------------------------------------------------------------------------------------------------------------------------------
Home                0.461       NaN     1.000       NaN     0.000     0.000     0.000     0.000       NaN       NaN     1.000       NaN
Managers            0.034     0.034     0.616     2.334     1.723     0.109     0.525     0.463     1.562     1.434     1.078     0.878
MgmtRelated         0.026     0.026     0.655     1.657     0.612     0.050     0.366     0.251     1.418     1.342     1.087     0.903
Architects          0.000     0.000     0.777     3.5651190508.461     3.225    -0.185    -0.056     1.287     1.445     1.010    -0.134
Engineers           0.001     0.001     0.562     5.204   125.797     0.647     0.684     0.633     1.528     1.318     1.093     0.698
Math/CompSci        0.002     0.002     0.566     1.935     0.079     0.008     0.479     0.407     1.479     1.298     1.063     0.988
Science             0.001     0.001     0.728     2.286     0.679     0.055     0.539     0.456     1.408     1.351     1.005     0.935
Doctors             0.002     0.002     0.838     3.911     6.629     0.233     0.685     0.602     1.912     1.791     1.058     0.847
Nurses              0.023     0.023     0.798     0.532    -0.800    -0.153    -0.592    -1.052     1.450     1.366     1.028     0.737
Therapists          0.004     0.004     0.675     0.904    -0.304    -0.037    -0.066    -0.450     1.586     1.418     1.073     0.630
Professors          0.003     0.003     1.283     1.518    -0.669    -0.108     0.412     0.356     1.476     1.505     1.039     1.273
Teachers            0.051     0.051     0.902     0.883    -0.651    -0.103    -0.016    -0.198     1.450     1.377     1.076     0.125
Librarians          0.002     0.002     0.914     0.620    -0.413    -0.053    -0.527    -0.460     1.312     1.373     1.026     0.885
Soc.Scientists      0.002     0.002     0.795     1.628    -0.720    -0.123     0.461     0.187     1.544     1.366     1.075     1.269
SocialWork          0.006     0.006     0.832     1.152    -0.184    -0.021     0.150     0.113     1.334     1.291     1.022     1.148
Lawyers             0.002     0.002     0.814     2.750    -0.774    -0.142     0.688     0.479     1.943     1.722     1.052     1.152
Arts/Athletes       0.009     0.009     0.720     1.573    -0.434    -0.057     0.401     0.328     1.342     1.331     1.049     1.130
HealthTechs         0.014     0.014     0.708     0.624    -0.800    -0.153    -0.357    -0.438     1.307     1.332     1.018     0.648
Eng.Techs           0.003     0.003     0.582     3.241    24.779     0.398     0.569     0.512     1.432     1.265     1.048     0.715
ScienceTechs        0.001     0.001     0.609     2.100     2.518     0.138     0.458     0.417     1.391     1.292     1.000     0.825
OtherTechs          0.006     0.006     0.648     1.946    -0.331    -0.041     0.507     0.454     1.405     1.321     1.029     1.062
Sales               0.043     0.043     0.691     2.264    15.276     0.333     0.411     0.399     1.311     1.285     1.038     0.648
Secretaries         0.067     0.067     0.709     0.160    -0.800    -0.153    -4.288    -4.570     1.246     1.202     1.012     0.909
Info.Clerks         0.009     0.009     0.764     0.692    -0.800    -0.153    -0.225    -0.486     1.215     1.158     1.056     0.550
Records             0.009     0.009     0.651     0.775    -0.771    -0.141    -0.109    -0.256     1.293     1.253     1.093     0.405
FinancialClerk      0.027     0.027     0.712     0.553    -0.800    -0.153    -0.531    -0.972     1.287     1.131     1.090     0.720
OfficeMachine       0.000     0.000     0.677     1.097     6.888     0.237    -0.128    -0.095     1.133     1.166     1.012    -1.298
ComputerTech        0.008     0.008     0.607     1.182    67.127     0.545    -0.307    -0.415     1.286     1.188     1.040    -1.606
Mail                0.002     0.002     0.519     2.213    12.079     0.303     0.411     0.333     1.295     1.144     1.091     0.667
Clerks              0.008     0.008     0.583     1.917    10.138     0.282     0.331     0.299     1.249     1.191     1.089     0.618
Insurance           0.006     0.006     0.678     1.110    -0.800    -0.153     0.237    -0.104     1.351     1.255     1.129     2.590
Misc.Admin          0.034     0.034     0.719     0.674    -0.800    -0.153    -0.257    -0.351     1.185     1.274     1.051     0.580
PrivateHshld        0.003     0.003     0.784     0.922    13.329     0.316    -0.426    -0.652     1.333     1.150     1.136     4.398
Firefighting        0.000     0.000     0.497     9.709   914.651     1.019     0.792     0.786     1.373     1.336     1.057     0.691
Police              0.001     0.001     0.521     4.765   428.314     0.867     0.608     0.540     1.473     1.254     1.157     0.600
Guards              0.001     0.001     0.609     2.788    20.092     0.369     0.509     0.460     1.245     1.133     1.059     0.694
FoodPrep            0.021     0.021     0.843     1.117    27.374     0.411    -0.263    -0.367     1.229     1.136     1.070    -2.108
HealthService       0.014     0.014     0.799     0.595    -0.605    -0.091    -0.528    -0.549     1.228     1.326     1.053     0.816
Cleaning            0.003     0.003     0.666     3.230   561.317     0.920     0.406     0.351     1.234     1.130     1.137     0.444
PersonalService     0.018     0.018     0.827     0.788    -0.800    -0.153    -0.075    -0.207     1.103     1.120     1.060     0.303
FarmMgrs            0.001     0.001     0.883     6.457  1036.438     1.045     0.683     0.603     1.357     1.084     1.140     0.616
FarmWork            0.002     0.002     0.703     3.067 21945.737     1.800     0.087    -0.005     1.261     1.145     1.064     0.081
Agriculture         0.001     0.001     0.722     3.164   454.080     0.878     0.406     0.346     1.227     1.115     1.039     0.453
Forest              0.000     0.000     0.553     5.995   132.790     0.656     0.724     0.669     1.320     1.102     1.061     0.718
Mechanics           0.001     0.001     0.483     9.284  9144.313     1.559     0.724     0.596     1.701     1.160     1.148     0.578
Elec.Repairer       0.001     0.001     0.444     4.355   471.681     0.886     0.567     0.511     1.303     1.153     1.059     0.569
Misc.Repairer       0.001     0.001     0.566     6.582  3483.206     1.317     0.648     0.614     1.208     1.102     1.029     0.554
Construction        0.002     0.002     0.555    10.322 13623.280     1.666     0.742     0.688     1.350     1.118     1.090     0.580
Extractive          0.000     0.000     0.437     8.924 19770.499     1.770     0.690     0.643     1.301     1.132     1.061     0.534
Supervisor(P)       0.004     0.004     0.554     3.984   649.979     0.949     0.511     0.463     1.358     1.237     1.069     0.517
MetalWork           0.001     0.001     0.530     6.908   605.465     0.935     0.720     0.690     1.295     1.171     1.029     0.659
WoodWork            0.000     0.000     0.674     3.803  5477.142     1.427     0.362     0.422     1.048     1.156     1.052     0.336
Textiles            0.001     0.001     0.659     1.535   883.972     1.012    -0.311    -0.369     1.181     1.131     1.101    -0.631
Other               0.001     0.001     0.619     2.296    71.892     0.555     0.323     0.306     1.245     1.216     1.085     0.469
Food                0.001     0.001     0.612     3.786   728.968     0.972     0.479     0.365     1.285     1.054     1.160     0.490
PlantOperator       0.000     0.000     0.454     5.590  1807.776     1.165     0.613     0.604     1.247     1.219     1.039     0.551
MetalMach.          0.002     0.002     0.541     3.347   168.611     0.697     0.493     0.482     1.160     1.135     1.055     0.562
MetalProc.          0.001     0.001     0.551     2.712    34.602     0.445     0.467     0.504     1.121     1.205     1.000     0.631
WoodMach.           0.000     0.000     0.617     3.300   618.413     0.939     0.412     0.347     1.179     1.061     1.077     0.445
TextileMach.        0.002     0.002     0.597     2.532     9.358     0.272     0.497     0.440     1.306     1.172     1.056     0.741
PrintMach.          0.012     0.012     0.644     0.742    -0.238    -0.028    -0.310    -0.175     1.096     1.222     1.000     0.906
OtherMach.          0.011     0.011     0.583     2.733   224.301     0.747     0.361     0.323     1.228     1.160     1.050     0.445
Fabricators         0.011     0.011     0.574     2.346   150.006     0.677     0.285     0.227     1.221     1.128     1.040     0.394
Prod.Inspectors     0.005     0.005     0.592     1.880    15.229     0.332     0.291     0.290     1.197     1.195     1.027     0.545
MotorVehicle        0.003     0.003     0.573     5.666   124.026     0.644     0.710     0.647     1.313     1.078     1.117     0.713
OtherVehicle        0.001     0.001     0.538     7.3031445232952.922     7.780    -0.202    -0.400     1.337     1.149     1.000    -0.093
Freight             0.009     0.009     0.609     2.653   211.210     0.736     0.346     0.315     1.158     1.105     1.077     0.435
 
======================================
 YEAR = 1990
======================================
  Note: tauh* := (1+tauh)^eta - 1 
 
                       pY     pfitY         Z    TauHat      TauH     tauh*     TauW0     TauW1  wagegrth  wagegrWM ExpFactor     alpha
---------------------------------------------------------------------------------------------------------------------------------------
Home                0.347       NaN     1.000       NaN     0.000     0.000     0.000     0.000       NaN       NaN     1.000       NaN
Managers            0.058     0.058     0.593     1.578    -0.800    -0.153     0.463     0.425     1.433     1.469     1.000     1.363
MgmtRelated         0.046     0.046     0.653     1.131    -0.800    -0.153     0.251     0.229     1.269     1.340     1.016     2.347
Architects          0.001     0.001     0.649     2.215  3805.167     1.338    -0.056     0.035     1.243     1.360     1.000    -0.068
Engineers           0.004     0.004     0.533     2.960     1.230     0.086     0.633     0.657     1.197     1.279     1.000     0.924
Math/CompSci        0.006     0.006     0.560     1.508    -0.662    -0.106     0.407     0.406     1.179     1.178     1.000     1.272
Science             0.002     0.002     0.705     1.557    -0.800    -0.153     0.456     0.374     1.379     1.426     1.000     1.374
Doctors             0.003     0.003     0.792     2.130    -0.800    -0.153     0.602     0.448     1.648     1.778     1.001     1.219
Nurses              0.028     0.028     0.625     0.413    -0.800    -0.153    -1.052    -1.027     1.228     1.243     1.000     0.813
Therapists          0.006     0.006     0.636     0.584    -0.800    -0.153    -0.450    -0.422     1.261     1.329     1.000     0.692
Professors          0.003     0.003     1.480     1.315    -0.800    -0.153     0.356     0.240     1.511     1.440     1.035     1.605
Teachers            0.037     0.037     0.869     0.707    -0.800    -0.153    -0.198    -0.288     1.259     1.238     1.078     0.522
Librarians          0.001     0.001     0.981     0.734     0.944     0.071    -0.460    -0.597     1.407     1.286     1.128     1.221
Soc.Scientists      0.003     0.003     0.751     1.043    -0.800    -0.153     0.187     0.075     1.337     1.389     1.000     4.981
SocialWork          0.006     0.006     0.836     0.955    -0.800    -0.153     0.113    -0.057     1.221     1.251     1.013    -2.616
Lawyers             0.005     0.005     0.704     1.625    -0.800    -0.153     0.479     0.377     1.290     1.391     1.000     1.342
Arts/Athletes       0.014     0.014     0.689     1.260    -0.800    -0.153     0.328     0.293     1.228     1.311     1.000     1.717
HealthTechs         0.018     0.018     0.673     0.589    -0.800    -0.153    -0.438    -0.370     1.233     1.295     1.000     0.687
Eng.Techs           0.004     0.004     0.585     2.562     7.770     0.251     0.512     0.512     1.191     1.191     1.050     0.762
ScienceTechs        0.001     0.001     0.600     1.686    -0.151    -0.017     0.417     0.361     1.331     1.216     1.021     1.032
OtherTechs          0.011     0.011     0.597     1.550    -0.800    -0.153     0.454     0.525     1.373     1.580     1.000     1.378
Sales               0.070     0.070     0.667     1.771     0.829     0.064     0.399     0.415     1.233     1.266     1.010     0.891
Secretaries         0.055     0.055     0.720     0.152    -0.800    -0.153    -4.570    -4.146     1.193     1.291     1.000     0.912
Info.Clerks         0.014     0.014     0.794     0.570    -0.800    -0.153    -0.486    -0.620     1.211     1.188     1.031     0.705
Records             0.006     0.006     0.714     0.674    -0.800    -0.153    -0.256    -0.338     1.129     1.061     1.075     0.579
FinancialClerk      0.026     0.026     0.728     0.430    -0.800    -0.153    -0.972    -1.119     1.298     1.208     1.090     0.804
OfficeMachine       0.000     0.000     0.715     1.191    12.241     0.305    -0.095    -0.163     1.642     1.547     1.014    -0.520
ComputerTech        0.008     0.008     0.670     1.070    54.902     0.514    -0.415    -0.395     1.144     1.160     1.014    -5.138
Mail                0.004     0.004     0.538     1.389    -0.525    -0.074     0.333     0.346     1.084     1.105     1.030     1.233
Clerks              0.013     0.013     0.632     1.459     0.249     0.023     0.299     0.315     1.146     1.175     1.024     0.939
Insurance           0.014     0.014     0.696     0.767    -0.800    -0.153    -0.104    -0.061     1.191     1.239     1.005     0.374
Misc.Admin          0.036     0.036     0.774     0.627    -0.800    -0.153    -0.351    -0.447     1.274     1.190     1.069     0.645
PrivateHshld        0.005     0.005     0.874     0.702     3.191     0.159    -0.652    -1.211     1.345     1.005     1.197     1.416
Firefighting        0.000     0.000     0.511     6.018    10.470     0.286     0.786     0.771     1.356     1.267     1.007     0.860
Police              0.002     0.002     0.527     2.868    13.790     0.320     0.540     0.508     1.319     1.235     1.055     0.737
Guards              0.002     0.002     0.635     2.220     4.796     0.198     0.460     0.396     1.302     1.164     1.130     0.773
FoodPrep            0.029     0.029     0.871     1.091    47.208     0.491    -0.367    -0.391     1.232     1.210     1.079    -3.600
HealthService       0.017     0.017     0.821     0.547    -0.800    -0.153    -0.549    -1.024     1.315     1.124     1.115     0.725
Cleaning            0.005     0.005     0.776     2.635   181.174     0.709     0.351     0.287     1.250     1.137     1.072     0.447
PersonalService     0.021     0.021     0.942     0.702    -0.800    -0.153    -0.207    -0.234     1.312     1.359     1.000     0.532
FarmMgrs            0.001     0.001     0.920     4.708   427.868     0.867     0.603     0.531     1.431     1.211     1.054     0.597
FarmWork            0.001     0.001     0.753     2.770 20797.738     1.785    -0.005    -0.231     1.362     1.112     1.164    -0.005
Agriculture         0.002     0.002     0.752     2.879   462.411     0.882     0.346     0.290     1.288     1.186     1.000     0.402
Forest              0.000     0.000     0.580     4.532    49.905     0.499     0.669     0.640     1.284     1.182     1.102     0.732
Mechanics           0.001     0.001     0.522     6.926 21925.293     1.800     0.596     0.583     1.244     1.206     1.059     0.468
Elec.Repairer       0.001     0.001     0.506     3.753   362.965     0.836     0.511     0.505     1.177     1.164     1.030     0.541
Misc.Repairer       0.001     0.001     0.574     4.655   294.026     0.796     0.614     0.606     1.176     1.152     1.000     0.619
Construction        0.003     0.003     0.573     7.594  4318.862     1.368     0.688     0.679     1.201     1.167     1.059     0.575
Extractive          0.000     0.000     0.457     7.640 16881.129     1.725     0.643     0.696     0.971     1.140     1.137     0.507
Supervisor(P)       0.003     0.003     0.548     2.998   100.293     0.609     0.463     0.437     1.229     1.170     1.063     0.567
MetalWork           0.001     0.001     0.594     6.356   716.855     0.969     0.690     0.679     1.183     1.142     1.040     0.634
WoodWork            0.000     0.000     0.718     4.184  5319.025     1.420     0.422     0.388     1.223     1.155     1.000     0.383
Textiles            0.001     0.001     0.747     1.557  1556.001     1.132    -0.369    -0.468     1.223     1.141     1.081    -0.709
Other               0.002     0.002     0.651     1.774     6.470     0.230     0.306    -0.040     1.536     1.150     1.287     0.639
Food                0.002     0.002     0.694     2.304    39.500     0.464     0.365     0.295     1.218     1.098     1.116     0.543
PlantOperator       0.000     0.000     0.477     4.400   220.216     0.744     0.604     0.609     1.130     1.146     1.000     0.625
MetalMach.          0.001     0.001     0.636     3.104    99.062     0.607     0.482     0.419     1.253     1.116     1.111     0.581
MetalProc.          0.000     0.000     0.638     3.259   104.129     0.615     0.504     0.477     1.220     1.157     1.079     0.594
WoodMach.           0.000     0.000     0.661     3.010   703.682     0.965     0.347     0.287     1.581     1.448     1.205     0.387
TextileMach.        0.003     0.003     0.628     2.180     5.919     0.220     0.440     0.442     1.122     1.127     1.000     0.744
PrintMach.          0.009     0.009     0.747     0.950     1.907     0.116    -0.175    -0.225     1.182     1.134     1.000     3.143
OtherMach.          0.009     0.009     0.644     2.373    98.108     0.605     0.323     0.255     1.255     1.140     1.075     0.452
Fabricators         0.010     0.010     0.654     2.180   158.566     0.686     0.227     0.188     1.223     1.165     1.037     0.330
Prod.Inspectors     0.004     0.004     0.656     1.741     6.829     0.236     0.290     0.281     1.207     1.193     1.002     0.618
MotorVehicle        0.005     0.005     0.630     4.263    52.480     0.507     0.647     0.633     1.210     1.166     1.097     0.717
OtherVehicle        0.000     0.000     0.530     6.5352152022863.679     8.147    -0.400    -0.395     1.146     1.150     1.005    -0.179
Freight             0.009     0.009     0.697     2.321    89.627     0.591     0.315     0.299     1.178     1.152     1.060     0.449
 
======================================
 YEAR = 2000
======================================
  Note: tauh* := (1+tauh)^eta - 1 
 
                       pY     pfitY         Z    TauHat      TauH     tauh*     TauW0     TauW1  wagegrth  wagegrWM ExpFactor     alpha
---------------------------------------------------------------------------------------------------------------------------------------
Home                0.337       NaN     1.000       NaN     0.000     0.000     0.000     0.000       NaN       NaN     1.036       NaN
Managers            0.058     0.058     0.746     1.473    -0.800    -0.153     0.425     0.374     1.301     1.282     1.000     1.428
MgmtRelated         0.055     0.055     0.839     1.100    -0.800    -0.153     0.229     0.244     1.270     1.335     1.000     2.747
Architects          0.001     0.001     0.916     1.907   370.402     0.839     0.035     0.051     1.327     1.349     1.000     0.056
Engineers           0.003     0.003     0.720     2.770    -0.386    -0.049     0.657     0.653     1.332     1.316     1.000     1.049
Math/CompSci        0.009     0.009     0.718     1.735     0.330     0.030     0.406     0.419     1.202     1.229     1.000     0.947
Science             0.004     0.004     1.072     1.354    -0.800    -0.153     0.374     0.239     1.506     1.548     1.000     1.547
Doctors             0.004     0.004     1.000     1.536    -0.800    -0.153     0.448     0.239     1.663     1.761     1.017     1.386
Nurses              0.024     0.024     0.827     0.476    -0.298    -0.036    -1.027    -0.937     1.296     1.357     1.000     0.951
Therapists          0.009     0.009     0.888     0.596    -0.800    -0.153    -0.422    -0.673     1.239     1.396     1.000     0.680
Professors          0.005     0.005     1.795     1.115    -0.800    -0.153     0.240     0.175     1.521     1.540     1.010     2.526
Teachers            0.060     0.060     1.165     0.658    -0.800    -0.153    -0.288    -0.369     1.274     1.351     1.012     0.604
Librarians          0.001     0.001     1.235     0.598    -0.363    -0.045    -0.597    -0.700     1.309     1.431     1.018     0.910
Soc.Scientists      0.003     0.003     0.983     0.916    -0.800    -0.153     0.075    -0.048     1.412     1.510     1.000    -0.884
SocialWork          0.010     0.010     1.088     0.802    -0.800    -0.153    -0.057    -0.118     1.226     1.250     1.000     0.250
Lawyers             0.005     0.005     0.938     1.360    -0.800    -0.153     0.377     0.314     1.409     1.525     1.000     1.540
Arts/Athletes       0.015     0.015     0.882     1.198    -0.800    -0.153     0.293     0.291     1.123     1.226     1.000     1.918
HealthTechs         0.015     0.015     0.857     0.712    -0.216    -0.025    -0.370    -0.308     1.237     1.295     1.037     0.926
Eng.Techs           0.003     0.003     0.803     2.291     1.974     0.119     0.512     0.522     1.217     1.242     1.000     0.865
ScienceTechs        0.001     0.001     0.782     1.536    -0.169    -0.019     0.361     0.386     1.203     1.251     1.000     1.044
OtherTechs          0.012     0.012     0.813     1.844    -0.725    -0.124     0.525     0.559     1.194     1.287     1.000     1.217
Sales               0.070     0.070     0.863     1.602    -0.465    -0.062     0.415     0.427     1.092     1.154     1.000     1.137
Secretaries         0.038     0.038     0.975     0.276    28.860     0.419    -4.146    -4.173     1.142     1.136     1.013     1.272
Info.Clerks         0.015     0.015     1.053     0.523    -0.800    -0.153    -0.620    -0.566     1.118     1.156     1.000     0.744
Records             0.004     0.004     0.995     0.717    -0.333    -0.041    -0.338    -0.444     1.273     1.179     1.106     0.874
FinancialClerk      0.022     0.022     0.947     0.426    -0.632    -0.098    -1.119    -1.016     1.190     1.251     1.025     0.879
OfficeMachine       0.001     0.001     0.815     1.132    13.460     0.317    -0.163    -0.267     1.167     1.070     1.000    -1.212
ComputerTech        0.002     0.002     0.969     1.214   165.557     0.694    -0.395    -0.252     1.134     1.264     1.008    -1.714
Mail                0.002     0.002     0.825     1.554     0.170     0.016     0.346     0.334     1.222     1.199     1.000     0.963
Clerks              0.012     0.012     0.860     1.479     0.126     0.012     0.315     0.286     1.126     1.080     1.036     0.969
Insurance           0.028     0.028     0.898     0.803    -0.789    -0.148    -0.061    -0.048     1.104     1.118     1.004     0.270
Misc.Admin          0.024     0.024     1.017     0.603    -0.734    -0.128    -0.447    -0.424     1.201     1.220     1.023     0.730
PrivateHshld        0.006     0.006     1.184     0.494     1.354     0.092    -1.211    -1.346     1.099     1.036     1.063     1.125
Firefighting        0.000     0.000     0.677     5.404     6.772     0.235     0.771     0.759     1.386     1.315     1.000     0.875
Police              0.004     0.004     0.731     2.718    15.645     0.336     0.508     0.523     1.247     1.285     1.019     0.710
Guards              0.001     0.001     0.865     2.038     6.482     0.230     0.396     0.414     1.125     1.158     1.023     0.709
FoodPrep            0.028     0.028     1.121     1.203   147.055     0.673    -0.391    -0.383     0.995     1.000     1.017    -1.789
HealthService       0.022     0.022     1.062     0.419    -0.800    -0.153    -1.024    -0.921     1.078     1.158     1.009     0.810
Cleaning            0.003     0.003     1.022     2.463   235.341     0.756     0.287     0.280     1.087     1.075     1.087     0.376
PersonalService     0.028     0.028     1.184     0.687    -0.800    -0.153    -0.234    -0.288     1.111     1.087     1.000     0.559
FarmMgrs            0.001     0.001     1.031     3.876   327.638     0.816     0.531     0.557     1.238     1.308     1.046     0.559
FarmWork            0.001     0.001     0.942     2.307 25228.953     1.841    -0.231    -0.197     1.016     1.046     1.000    -0.249
Agriculture         0.002     0.002     0.930     3.037  1732.800     1.156     0.290     0.245     1.044     0.982     1.002     0.308
Forest              0.000     0.000     0.852     4.898   242.232     0.761     0.640     0.622     1.181     1.122     1.141     0.644
Mechanics           0.001     0.001     0.711     6.421 14276.643     1.679     0.583     0.548     1.180     1.090     1.000     0.470
Elec.Repairer       0.001     0.001     0.708     4.184  1162.669     1.069     0.505     0.503     1.145     1.138     1.000     0.492
Misc.Repairer       0.001     0.001     0.790     4.941   640.418     0.946     0.606     0.616     1.076     1.103     1.000     0.583
Construction        0.003     0.003     0.792     7.658  6173.791     1.457     0.679     0.663     1.121     1.068     1.000     0.558
Extractive          0.000     0.000     0.803    11.516190918.092     2.499     0.696     0.633     1.548     1.282     1.178     0.487
Supervisor(P)       0.003     0.003     0.735     2.635    45.233     0.484     0.437     0.445     1.160     1.177     1.000     0.592
MetalWork           0.000     0.000     0.807     5.955   536.069     0.911     0.679     0.697     1.015     1.076     1.000     0.637
WoodWork            0.000     0.000     1.011     4.807 35504.627     1.942     0.388     0.206     1.353     1.043     1.000     0.313
Textiles            0.000     0.000     0.922     1.781 11270.538     1.614    -0.468    -0.567     1.056     0.989     1.083    -0.664
Other               0.005     0.005     0.928     0.815    -0.800    -0.153    -0.040    -0.278     1.236     1.107     1.048     0.191
Food                0.002     0.002     0.910     1.791     8.677     0.263     0.295     0.242     1.076     1.001     1.088     0.599
PlantOperator       0.000     0.000     0.649     4.460   219.094     0.743     0.609     0.659     1.031     1.181     1.000     0.628
MetalMach.          0.001     0.001     0.839     2.600    54.025     0.511     0.419     0.411     1.004     0.990     1.000     0.568
MetalProc.          0.000     0.000     0.863     3.260   174.860     0.703     0.477     0.456     1.051     1.009     1.027     0.549
WoodMach.           0.002     0.002     0.834     2.414   194.116     0.721     0.287     0.284     1.034     1.030     1.000     0.384
TextileMach.        0.001     0.001     0.876     2.640    41.871     0.473     0.442     0.431     1.044     1.022     1.000     0.601
PrintMach.          0.004     0.004     0.962     1.166    30.910     0.429    -0.225    -0.258     1.007     0.981     1.060    -1.322
OtherMach.          0.007     0.007     0.872     2.229   136.458     0.660     0.255     0.278     1.025     1.058     1.000     0.368
Fabricators         0.006     0.006     0.860     2.253   351.112     0.829     0.188     0.208     1.028     1.053     1.000     0.256
Prod.Inspectors     0.004     0.004     0.873     1.693     5.711     0.217     0.281     0.326     1.083     1.154     1.000     0.628
MotorVehicle        0.005     0.005     0.875     4.241    71.743     0.555     0.633     0.617     1.088     1.043     1.027     0.694
OtherVehicle        0.000     0.000     0.678     6.6012297752634.140     8.209    -0.395    -0.479     1.224     1.155     1.000    -0.176
Freight             0.006     0.006     0.949     2.446   185.669     0.714     0.299     0.289     1.038     1.022     1.056     0.398
 
======================================
 YEAR = 2010
======================================
  Note: tauh* := (1+tauh)^eta - 1 
 
                       pY     pfitY         Z    TauHat      TauH     tauh*     TauW0     TauW1  wagegrth  wagegrWM ExpFactor     alpha
---------------------------------------------------------------------------------------------------------------------------------------
Home                0.309       NaN     1.000       NaN     0.000     0.000     0.000     0.000       NaN       NaN     1.006       NaN
Managers            0.059     0.059     0.662     1.352    -0.800    -0.153     0.374     0.281     1.332     1.317     1.000     1.549
MgmtRelated         0.047     0.047     0.707     1.120    -0.800    -0.153     0.244     0.259     1.200     1.270     1.018     2.460
Architects          0.001     0.001     0.752     1.435    19.197     0.363     0.051     0.149     1.322     1.475     1.000     0.144
Engineers           0.003     0.003     0.592     2.533    -0.711    -0.120     0.653     0.589     1.259     1.230     1.000     1.137
Math/CompSci        0.007     0.007     0.628     1.928     2.005     0.120     0.419     0.411     1.212     1.196     1.047     0.827
Science             0.005     0.005     0.853     1.113    -0.800    -0.153     0.239     0.171     1.354     1.392     1.003     2.546
Doctors             0.006     0.006     0.820     1.114    -0.800    -0.153     0.239     0.148     1.621     1.853     1.000     2.540
Nurses              0.033     0.033     0.709     0.444    -0.768    -0.140    -0.937    -0.942     1.149     1.145     1.000     0.815
Therapists          0.012     0.012     0.777     0.507    -0.800    -0.153    -0.673    -0.625     1.067     1.098     1.000     0.756
Professors          0.007     0.007     1.607     1.027    -0.800    -0.153     0.175     0.099     1.471     1.547     1.024     7.194
Teachers            0.077     0.077     0.976     0.619    -0.800    -0.153    -0.369    -0.449     1.101     1.119     1.027     0.655
Librarians          0.001     0.001     1.143     0.498    -0.800    -0.153    -0.700    -0.808     1.102     1.306     1.000     0.762
Soc.Scientists      0.005     0.005     0.763     0.809    -0.800    -0.153    -0.048    -0.098     1.305     1.295     1.000     0.220
SocialWork          0.012     0.012     0.918     0.758    -0.800    -0.153    -0.118    -0.266     1.159     1.113     1.002     0.403
Lawyers             0.006     0.006     0.747     1.234    -0.800    -0.153     0.314     0.211     1.314     1.335     1.000     1.787
Arts/Athletes       0.015     0.015     0.810     1.194    -0.800    -0.153     0.291     0.078     1.224     1.118     1.015     1.934
HealthTechs         0.018     0.018     0.709     0.679    -0.684    -0.112    -0.308    -0.171     1.157     1.393     1.000     0.694
Eng.Techs           0.002     0.002     0.695     2.090    -0.005    -0.001     0.522     0.449     1.315     1.142     1.000     1.001
ScienceTechs        0.001     0.001     0.693     1.469    -0.634    -0.098     0.386     0.427     0.967     1.059     1.000     1.269
OtherTechs          0.009     0.009     0.729     2.122    -0.479    -0.065     0.559     0.624     1.195     1.400     1.000     1.089
Sales               0.070     0.070     0.804     1.479    -0.800    -0.153     0.427     0.419     1.285     1.274     1.000     1.423
Secretaries         0.030     0.030     0.899     0.326   159.768     0.687    -4.173    -4.169     1.130     1.131     1.000     1.467
Info.Clerks         0.015     0.015     0.929     0.546    -0.782    -0.145    -0.566    -0.564     1.092     1.249     1.021     0.741
Records             0.005     0.005     0.883     0.691    -0.020    -0.002    -0.444    -0.244     1.205     1.400     1.061     0.994
FinancialClerk      0.014     0.014     0.815     0.525     0.751     0.059    -1.016    -0.968     1.167     1.196     1.051     1.090
OfficeMachine       0.000     0.000     0.833     0.846     0.969     0.072    -0.267    -0.299     1.037     1.012     1.000     1.418
ComputerTech        0.001     0.001     0.827     1.186    45.283     0.484    -0.252    -0.082     1.437     1.662     1.034    -1.316
Mail                0.001     0.001     0.717     1.836     6.087     0.223     0.334     0.238     1.048     0.917     1.096     0.668
Clerks              0.011     0.011     0.774     1.428     0.209     0.020     0.286     0.324     1.151     1.216     1.030     0.945
Insurance           0.027     0.027     0.812     0.836    -0.724    -0.124    -0.048     0.021     1.146     1.226     1.006     0.260
Misc.Admin          0.022     0.022     0.877     0.625    -0.675    -0.109    -0.424    -0.266     1.154     1.298     1.000     0.753
PrivateHshld        0.008     0.008     1.044     0.434     0.193     0.018    -1.346    -1.612     1.235     1.109     1.008     1.022
Firefighting        0.000     0.000     0.553     5.195     7.833     0.252     0.759     0.776     1.098     1.183     1.062     0.864
Police              0.004     0.004     0.610     2.443     3.402     0.165     0.523     0.536     1.187     1.221     1.007     0.829
Guards              0.002     0.002     0.753     1.985     3.357     0.164     0.414     0.425     1.089     1.110     1.008     0.779
FoodPrep            0.042     0.042     1.033     1.162    99.077     0.607    -0.383    -0.304     1.205     1.278     1.029    -2.161
HealthService       0.035     0.035     0.946     0.441    -0.800    -0.153    -0.921    -0.910     1.157     1.164     1.000     0.798
Cleaning            0.004     0.004     0.973     2.351   165.504     0.694     0.280     0.195     1.345     1.204     1.088     0.384
PersonalService     0.030     0.030     1.022     0.658    -0.800    -0.153    -0.288    -0.373     1.268     1.237     1.019     0.604
FarmMgrs            0.001     0.001     0.875     4.157   378.305     0.843     0.557     0.509     1.314     1.187     1.033     0.571
FarmWork            0.002     0.002     0.821     2.463 36173.021     1.948    -0.197    -0.204     1.294     1.286     1.112    -0.199
Agriculture         0.003     0.003     0.836     2.709  1034.062     1.044     0.245     0.185     1.301     1.205     1.079     0.283
Forest              0.000     0.000     0.639     3.736    27.841     0.414     0.622     0.557     1.534     1.310     1.124     0.737
Mechanics           0.001     0.001     0.639     6.424 30920.236     1.901     0.548     0.591     1.060     1.169     1.053     0.427
Elec.Repairer       0.001     0.001     0.656     4.796  4631.212     1.385     0.503     0.511     1.112     1.131     1.000     0.445
Misc.Repairer       0.001     0.001     0.727     5.415  1218.387     1.079     0.616     0.596     1.206     1.147     1.026     0.567
Construction        0.002     0.002     0.696     8.484 26903.048     1.859     0.663     0.668     1.172     1.190     1.146     0.509
Extractive          0.000     0.000     0.592    11.7031393441.500     3.294     0.633     0.484     1.517     1.079     1.148     0.408
Supervisor(P)       0.001     0.001     0.650     2.720    53.311     0.509     0.445     0.408     1.246     1.167     1.049     0.589
MetalWork           0.000     0.000     0.749     6.858  1200.969     1.076     0.697     0.689     1.182     1.150     1.062     0.621
WoodWork            0.000     0.000     0.849     4.512240204.677     2.583     0.206     0.115     1.262     1.132     1.000     0.153
Textiles            0.000     0.000     0.932     1.475  3413.836     1.312    -0.567    -0.648     1.482     1.410     1.078    -1.156
Other               0.008     0.008     0.797     0.663    -0.800    -0.153    -0.278    -0.398     1.196     1.117     1.057     0.596
Food                0.002     0.002     0.855     1.687     9.865     0.279     0.242     0.249     1.165     1.176     1.065     0.530
PlantOperator       0.000     0.000     0.485     4.290    39.280     0.463     0.659     0.698     1.020     1.151     1.026     0.739
MetalMach.          0.000     0.000     0.801     3.551  1298.760     1.093     0.411     0.312     1.305     1.118     1.051     0.417
MetalProc.          0.000     0.000     0.838     3.754  1028.581     1.043     0.456     0.435     1.113     1.072     1.187     0.460
WoodMach.           0.001     0.001     0.816     3.502  7525.386     1.508     0.284     0.232     1.288     1.202     1.097     0.267
TextileMach.        0.000     0.000     0.794     2.540    35.037     0.447     0.431     0.303     1.315     1.075     1.048     0.604
PrintMach.          0.002     0.002     0.912     1.204    55.314     0.515    -0.258    -0.444     1.456     1.269     1.100    -1.237
OtherMach.          0.005     0.005     0.807     2.596   444.252     0.874     0.278     0.218     1.293     1.193     1.052     0.342
Fabricators         0.003     0.003     0.800     2.953  3818.563     1.339     0.208     0.150     1.224     1.140     1.043     0.215
Prod.Inspectors     0.002     0.002     0.743     1.918    11.146     0.293     0.326     0.294     1.177     1.124     1.033     0.605
MotorVehicle        0.003     0.003     0.806     4.377   148.209     0.675     0.617     0.610     1.172     1.151     1.106     0.651
OtherVehicle        0.000     0.000     0.590     7.31610995647082.483     9.820    -0.479    -0.785     1.394     1.155     1.087    -0.197
Freight             0.005     0.005     0.901     2.674   513.438     0.902     0.289     0.227     1.234     1.136     1.075     0.346
 
======================================
 YEAR = 2023
======================================
  Note: tauh* := (1+tauh)^eta - 1 
 
                       pY     pfitY         Z    TauHat      TauH     tauh*     TauW0     TauW1  wagegrth  wagegrWM ExpFactor     alpha
---------------------------------------------------------------------------------------------------------------------------------------
Home                0.247       NaN     1.000       NaN     0.000     0.000     0.000       NaN     0.000     0.000     0.000       NaN
Managers            0.089     0.089     0.647     1.178    -0.800    -0.153     0.281       NaN     0.000     0.000     0.000     2.010
MgmtRelated         0.053     0.053     0.718     1.143    -0.800    -0.153     0.259       NaN     0.000     0.000     0.000     2.238
Architects          0.002     0.002     0.784     1.239     0.674     0.054     0.149       NaN     0.000     0.000     0.000     0.752
Engineers           0.008     0.008     0.605     2.063    -0.800    -0.153     0.589       NaN     0.000     0.000     0.000     1.229
Math/CompSci        0.015     0.015     0.672     1.618    -0.378    -0.048     0.411       NaN     0.000     0.000     0.000     1.102
Science             0.008     0.008     0.866     1.022    -0.800    -0.153     0.171       NaN     0.000     0.000     0.000     8.481
Doctors             0.007     0.007     0.834     0.994    -0.800    -0.153     0.148       NaN     0.000     0.000     0.000   -27.577
Nurses              0.048     0.048     0.741     0.470    -0.585    -0.087    -0.942       NaN     0.000     0.000     0.000     0.880
Therapists          0.022     0.022     0.890     0.523    -0.793    -0.150    -0.625       NaN     0.000     0.000     0.000     0.749
Professors          0.005     0.005     1.443     0.941    -0.800    -0.153     0.099       NaN     0.000     0.000     0.000    -1.716
Teachers            0.080     0.080     1.099     0.585    -0.800    -0.153    -0.449       NaN     0.000     0.000     0.000     0.691
Librarians          0.002     0.002     1.130     0.469    -0.800    -0.153    -0.808       NaN     0.000     0.000     0.000     0.781
Soc.Scientists      0.009     0.009     0.758     0.772    -0.800    -0.153    -0.098       NaN     0.000     0.000     0.000     0.361
SocialWork          0.012     0.012     0.917     0.669    -0.800    -0.153    -0.266       NaN     0.000     0.000     0.000     0.587
Lawyers             0.007     0.007     0.711     1.074    -0.800    -0.153     0.211       NaN     0.000     0.000     0.000     3.313
Arts/Athletes       0.021     0.021     0.827     0.919    -0.800    -0.153     0.078       NaN     0.000     0.000     0.000    -0.952
HealthTechs         0.019     0.019     0.767     0.723    -0.800    -0.153    -0.171       NaN     0.000     0.000     0.000     0.488
Eng.Techs           0.004     0.004     0.711     1.817     0.008     0.001     0.449       NaN     0.000     0.000     0.000     0.999
ScienceTechs        0.001     0.001     0.718     1.477    -0.800    -0.153     0.427       NaN     0.000     0.000     0.000     1.425
OtherTechs          0.012     0.012     0.686     2.329    -0.724    -0.124     0.624       NaN     0.000     0.000     0.000     1.157
Sales               0.057     0.057     0.801     1.459    -0.800    -0.153     0.419       NaN     0.000     0.000     0.000     1.439
Secretaries         0.016     0.016     0.950     0.400  1151.407     1.067    -4.169       NaN     0.000     0.000     0.000     1.792
Info.Clerks         0.015     0.015     1.006     0.542    -0.800    -0.153    -0.564       NaN     0.000     0.000     0.000     0.730
Records             0.004     0.004     1.000     0.759    -0.429    -0.056    -0.244       NaN     0.000     0.000     0.000     0.790
FinancialClerk      0.010     0.010     0.870     0.655    10.732     0.289    -0.968       NaN     0.000     0.000     0.000     1.599
OfficeMachine       0.000     0.000     1.075     2.370 55081.215     2.078    -0.299       NaN     0.000     0.000     0.000    -0.303
ComputerTech        0.000     0.000     0.854     0.949     0.293     0.027    -0.082       NaN     0.000     0.000     0.000     1.505
Mail                0.002     0.002     0.919     1.922    39.464     0.464     0.238       NaN     0.000     0.000     0.000     0.417
Clerks              0.012     0.012     0.841     1.345    -0.606    -0.092     0.324       NaN     0.000     0.000     0.000     1.324
Insurance           0.024     0.024     0.862     0.929    -0.601    -0.090     0.021       NaN     0.000     0.000     0.000    -0.287
Misc.Admin          0.024     0.024     0.893     0.732    -0.524    -0.074    -0.266       NaN     0.000     0.000     0.000     0.755
PrivateHshld        0.005     0.005     1.068     0.463     5.274     0.208    -1.612       NaN     0.000     0.000     0.000     1.245
Firefighting        0.000     0.000     0.599     4.093    -0.577    -0.085     0.776       NaN     0.000     0.000     0.000     1.063
Police              0.004     0.004     0.624     2.262     0.582     0.048     0.536       NaN     0.000     0.000     0.000     0.942
Guards              0.002     0.002     0.750     1.848     0.798     0.062     0.425       NaN     0.000     0.000     0.000     0.902
FoodPrep            0.033     0.033     1.011     1.077    26.149     0.405    -0.304       NaN     0.000     0.000     0.000    -3.573
HealthService       0.033     0.033     0.967     0.488    -0.498    -0.068    -0.910       NaN     0.000     0.000     0.000     0.901
Cleaning            0.005     0.005     0.917     2.096   159.169     0.687     0.195       NaN     0.000     0.000     0.000     0.293
PersonalService     0.026     0.026     0.998     0.617    -0.800    -0.153    -0.373       NaN     0.000     0.000     0.000     0.657
FarmMgrs            0.001     0.001     0.752     2.579     8.907     0.266     0.509       NaN     0.000     0.000     0.000     0.751
FarmWork            0.002     0.002     0.896     1.886  2873.612     1.271    -0.204       NaN     0.000     0.000     0.000    -0.292
Agriculture         0.005     0.005     0.829     1.784    37.006     0.455     0.185       NaN     0.000     0.000     0.000     0.353
Forest              0.000     0.000     0.621     2.484     1.554     0.101     0.557       NaN     0.000     0.000     0.000     0.894
Mechanics           0.001     0.001     0.634     5.210  1553.691     1.132     0.591       NaN     0.000     0.000     0.000     0.541
Elec.Repairer       0.000     0.000     0.657     5.589 17222.410     1.731     0.511       NaN     0.000     0.000     0.000     0.416
Misc.Repairer       0.001     0.001     0.725     4.787   596.121     0.932     0.596       NaN     0.000     0.000     0.000     0.580
Construction        0.003     0.003     0.764     6.623  2091.590     1.198     0.668       NaN     0.000     0.000     0.000     0.583
Extractive          0.000     0.000     0.489     3.345   197.755     0.725     0.484       NaN     0.000     0.000     0.000     0.549
Supervisor(P)       0.002     0.002     0.687     2.197    11.881     0.301     0.408       NaN     0.000     0.000     0.000     0.666
MetalWork           0.000     0.000     0.622     6.422   831.219     0.999     0.689       NaN     0.000     0.000     0.000     0.628
WoodWork            0.000     0.000     0.805     4.9121574079.485     3.348     0.115       NaN     0.000     0.000     0.000     0.077
Textiles            0.000     0.000     0.663     1.103   328.953     0.817    -0.648       NaN     0.000     0.000     0.000    -5.107
Other               0.012     0.012     0.904     0.606    -0.800    -0.153    -0.398       NaN     0.000     0.000     0.000     0.669
Food                0.002     0.002     0.935     1.525     2.707     0.144     0.249       NaN     0.000     0.000     0.000     0.680
PlantOperator       0.000     0.000     0.667     4.294    11.613     0.298     0.698       NaN     0.000     0.000     0.000     0.821
MetalMach.          0.000     0.000     0.816     3.288  2773.390     1.263     0.312       NaN     0.000     0.000     0.000     0.314
MetalProc.          0.000     0.000     0.869     6.329237039.504     2.578     0.435       NaN     0.000     0.000     0.000     0.309
WoodMach.           0.001     0.001     0.814     2.539   650.560     0.949     0.232       NaN     0.000     0.000     0.000     0.284
TextileMach.        0.000     0.000     0.990     1.947    18.326     0.357     0.303       NaN     0.000     0.000     0.000     0.542
PrintMach.          0.001     0.001     0.957     1.065    64.323     0.538    -0.444       NaN     0.000     0.000     0.000    -5.831
OtherMach.          0.005     0.005     0.805     2.404   456.770     0.880     0.218       NaN     0.000     0.000     0.000     0.280
Fabricators         0.003     0.003     0.797     2.921  6812.829     1.482     0.150       NaN     0.000     0.000     0.000     0.152
Prod.Inspectors     0.003     0.003     0.735     1.655     3.534     0.168     0.294       NaN     0.000     0.000     0.000     0.691
MotorVehicle        0.005     0.005     0.845     3.384    13.676     0.319     0.610       NaN     0.000     0.000     0.000     0.773
OtherVehicle        0.000     0.000     0.775     6.42019220499091.574    10.461    -0.785       NaN     0.000     0.000     0.000    -0.312
Freight             0.006     0.006     0.932     2.266   229.988     0.752     0.227       NaN     0.000     0.000     0.000     0.315
 
mg(g,t):
mg =

 Columns 1 through 6:

   3.4138e+08   3.5209e+08   2.2195e+08   2.5055e+08   4.0147e+08   2.1981e+08
   3.9892e+07   5.2681e+07   4.5028e+07   7.3348e+07   1.7277e+08   1.0716e+08
            0            0            0            0            0            0
            0            0            0            0            0            0

 Column 7:

   2.3428e+08
   1.2678e+08
            0
            0

 
 
 
 
--------------------------------------------------------------------------------------------------
                          >>>>> Black Men <<<<<
--------------------------------------------------------------------------------------------------
 
======================================
 YEAR = 1960
======================================
  Note: tauh* := (1+tauh)^eta - 1 
 
                       pY     pfitY         Z    TauHat      TauH     tauh*     TauW0     TauW1  wagegrth  wagegrWM ExpFactor     alpha
---------------------------------------------------------------------------------------------------------------------------------------
Home                0.202       NaN     1.000       NaN     0.000     0.000     0.000     0.000       NaN       NaN     1.000       NaN
Managers            0.009     0.009     0.965     4.760  1946.511     1.182     0.542     0.352     2.045     1.446     1.152     0.500
MgmtRelated         0.004     0.004     0.920     3.633   523.776     0.906     0.475     0.409     1.516     1.344     1.164     0.500
Architects          0.000       NaN       NaN       NaN       NaN       NaN       NaN     0.338       NaN     1.437     1.347       NaN
Engineers           0.001     0.001     0.835     5.783  5009.436     1.405     0.584     0.527     1.552     1.364     1.214     0.500
Math/CompSci        0.000     0.000     0.979     3.413   386.039     0.847     0.459     0.169     2.127     1.385     1.035     0.500
Science             0.001     0.001     1.031     3.178   272.827     0.783     0.439     0.382     1.454     1.320     1.102     0.500
Doctors             0.001     0.001     1.379     3.419   389.876     0.849     0.459     0.419     2.159     2.008     1.145     0.500
Nurses              0.001     0.001     1.410     2.348    61.985     0.532     0.347     0.305     1.441     1.353     1.029     0.500
Therapists          0.000     0.000     1.426     1.259     2.060     0.122     0.109    -0.077     1.625     1.344     1.080     0.500
Professors          0.000     0.000     1.966     3.128   252.715     0.769     0.435     0.519     1.332     1.564     1.102     0.500
Teachers            0.014     0.014     1.415     1.501     6.192     0.225     0.184     0.150     1.455     1.398     1.025     0.500
Librarians          0.000       NaN       NaN       NaN       NaN       NaN       NaN     0.149       NaN     1.411     1.347       NaN
Soc.Scientists      0.000     0.000     1.512     5.938  5695.908     1.437     0.590     0.334     2.571     1.584     1.181     0.500
SocialWork          0.004     0.004     1.460     1.321     2.868     0.149     0.130     0.020     1.513     1.343     1.078     0.500
Lawyers             0.001     0.001     1.787     5.004  2479.907     1.237     0.553     0.308     2.641     1.707     1.000     0.500
Arts/Athletes       0.005     0.005     1.053     2.227    47.742     0.492     0.330     0.205     1.574     1.326     1.000     0.500
HealthTechs         0.002     0.002     0.920     1.196     1.387     0.094     0.086    -0.060     1.663     1.434     1.145     0.500
Eng.Techs           0.002     0.002     0.741     2.786   143.699     0.669     0.401     0.417     1.262     1.295     1.151     0.500
ScienceTechs        0.001     0.001     0.827     2.968   195.716     0.723     0.420     0.356     1.378     1.262     1.188     0.500
OtherTechs          0.001     0.001     0.936     2.387    67.266     0.545     0.353     0.312     1.620     1.523     1.006     0.500
Sales               0.012     0.012     0.951     3.654   538.411     0.912     0.477     0.396     1.587     1.374     1.098     0.500
Secretaries         0.002     0.002     0.944     1.485     5.820     0.219     0.179    -0.053     1.676     1.306     1.000     0.500
Info.Clerks         0.000     0.000     0.907     2.523    88.329     0.588     0.370    -0.294     2.557     1.244     1.260     0.500
Records             0.002     0.002     1.163     1.839    18.237     0.356     0.263     0.168     1.599     1.417     1.000     0.500
FinancialClerk      0.001     0.001     0.821     2.441    75.097     0.562     0.360     0.327     1.473     1.402     1.176     0.500
OfficeMachine       0.001     0.001     0.898     2.400    69.097     0.549     0.355    -0.396     1.271     1.181     1.288     0.500
ComputerTech        0.000     0.000     0.817     2.595   101.394     0.611     0.379    -0.010     2.102     1.292     1.201     0.500
Mail                0.020     0.020     0.753     0.663    -0.800    -0.153    -0.277    -0.311     1.270     1.237     1.000     0.596
Clerks              0.020     0.020     0.873     1.141     0.899     0.068     0.064     0.003     1.373     1.290     1.000     0.500
Insurance           0.000     0.000     1.166     8.341 29638.402     1.888     0.654     0.532     1.691     1.493     1.275     0.500
Misc.Admin          0.015     0.015     0.855     1.728    13.242     0.315     0.239     0.193     1.352     1.275     1.159     0.500
PrivateHshld        0.004     0.004     0.859     0.721    -0.795    -0.151    -0.177    -0.755     1.311     0.998     1.151     0.500
Firefighting        0.001     0.001     0.661     2.176    42.540     0.475     0.322     0.110     1.825     1.390     1.000     0.500
Police              0.005     0.005     0.706     1.489     5.900     0.220     0.180     0.250     1.250     1.367     1.000     0.500
Guards              0.003     0.003     0.743     1.012     0.060     0.006     0.006    -0.059     1.283     1.205     1.098     0.500
FoodPrep            0.025     0.025     0.965     0.737    -0.772    -0.141    -0.164    -0.224     1.311     1.248     1.000     0.500
HealthService       0.011     0.011     0.875     0.395    -0.800    -0.153    -1.145    -0.984     1.277     1.380     1.000     0.822
Cleaning            0.029     0.029     0.932     0.420    -0.800    -0.153    -1.018    -1.016     1.298     1.300     1.000     0.809
PersonalService     0.036     0.036     1.037     0.698    -0.800    -0.153    -0.214    -0.430     1.468     1.246     1.000     0.539
FarmMgrs            0.015     0.015     2.165     4.175  1029.717     1.043     0.511     0.436     1.876     1.626     1.000     0.500
FarmWork            0.043     0.043     1.446     0.991    -0.043    -0.004    -0.005    -0.171     1.581     1.357     1.006     0.500
Agriculture         0.006     0.006     1.031     0.920    -0.331    -0.041    -0.042    -0.160     1.334     1.199     1.000     0.500
Forest              0.008     0.008     1.370     1.176     1.200     0.085     0.078    -0.164     1.715     1.359     1.000     0.500
Mechanics           0.014     0.014     0.859     1.799    16.276     0.341     0.254     0.184     1.433     1.309     1.054     0.500
Elec.Repairer       0.003     0.003     0.945     4.012   847.743     1.003     0.501     0.294     1.726     1.221     1.148     0.500
Misc.Repairer       0.016     0.016     0.856     2.012    28.780     0.418     0.295     0.198     1.465     1.288     1.158     0.500
Construction        0.030     0.030     0.863     2.006    28.366     0.416     0.294     0.115     1.506     1.202     1.145     0.500
Extractive          0.002     0.002     0.927     3.449   406.403     0.857     0.462     0.114     1.956     1.188     1.154     0.500
Supervisor(P)       0.004     0.004     0.788     3.229   295.059     0.797     0.444     0.276     1.594     1.225     1.159     0.500
MetalWork           0.006     0.006     0.727     2.489    82.583     0.578     0.366     0.305     1.360     1.240     1.082     0.500
WoodWork            0.000     0.000     0.817     3.180   273.798     0.783     0.439     0.350     1.352     1.166     1.243     0.500
Textiles            0.003     0.003     0.761     1.069     0.380     0.034     0.033     0.063     1.245     1.285     1.000     0.500
Other               0.002     0.002     0.764     1.629     9.687     0.276     0.217     0.200     1.235     1.210     1.000     0.500
Food                0.004     0.004     0.855     1.711    12.562     0.308     0.236     0.076     1.505     1.244     1.099     0.500
PlantOperator       0.001     0.001     0.832     4.083   923.748     1.021     0.505     0.309     1.459     1.045     1.281     0.500
MetalMach.          0.004     0.004     0.708     1.520     6.622     0.233     0.189     0.102     1.277     1.153     1.080     0.500
MetalProc.          0.003     0.003     0.683     0.739    -0.770    -0.140    -0.163    -0.130     1.166     1.200     1.000     0.500
WoodMach.           0.003     0.003     1.039     1.125     0.768     0.060     0.057    -0.039     1.370     1.244     1.000     0.500
TextileMach.        0.002     0.002     0.761     2.523    88.395     0.588     0.370     0.131     1.689     1.224     1.091     0.500
PrintMach.          0.010     0.010     0.951     0.810    -0.639    -0.100    -0.111    -0.309     1.435     1.218     1.000     0.500
OtherMach.          0.113     0.113     0.791     1.134     0.840     0.065     0.061    -0.038     1.367     1.237     1.071     0.500
Fabricators         0.012     0.012     0.667     1.308     2.683     0.144     0.126     0.047     1.281     1.175     1.130     0.500
Prod.Inspectors     0.002     0.002     0.725     2.070    33.161     0.439     0.305     0.303     1.154     1.239     1.153     0.500
MotorVehicle        0.090     0.090     0.923     1.256     2.028     0.121     0.108    -0.104     1.551     1.254     1.036     0.500
OtherVehicle        0.008     0.008     0.764     1.866    19.647     0.366     0.268    -0.002     1.584     1.158     1.159     0.500
Freight             0.160     0.160     0.879     0.716    -0.800    -0.153    -0.183    -0.222     1.294     1.252     1.000     0.503
 
======================================
 YEAR = 1970
======================================
  Note: tauh* := (1+tauh)^eta - 1 
 
                       pY     pfitY         Z    TauHat      TauH     tauh*     TauW0     TauW1  wagegrth  wagegrWM ExpFactor     alpha
---------------------------------------------------------------------------------------------------------------------------------------
Home                0.187       NaN     1.000       NaN     0.000     0.000     0.000     0.000       NaN       NaN     1.112       NaN
Managers            0.031     0.031     0.782     2.238    35.859     0.450     0.352     0.318     1.267     1.204     1.051     0.539
MgmtRelated         0.005     0.005     0.833     2.423    31.921     0.433     0.409     0.282     1.350     1.111     1.236     0.593
Architects          0.000     0.000     1.074     2.280    53.634     0.510     0.338     0.411     0.952     1.071     1.031     0.500
Engineers           0.003     0.003     0.824     3.416   104.465     0.616     0.527     0.471     1.221     1.092     1.207     0.609
Math/CompSci        0.001     0.001     0.822     2.501  1222.245     1.080     0.169     0.068     1.260     1.124     1.194     0.201
Science             0.002     0.002     0.921     1.817     2.098     0.124     0.382     0.415     1.179     1.246     1.000     0.805
Doctors             0.001     0.001     1.340     3.620  1372.866     1.105     0.419     0.094     2.213     1.420     1.111     0.422
Nurses              0.001     0.001     1.132     1.832     9.474     0.274     0.305    -0.001     1.450     1.007     1.078     0.600
Therapists          0.001     0.001     1.109     0.950     0.255     0.024    -0.077    -0.063     1.017     1.030     1.000     1.459
Professors          0.002     0.002     1.571     2.298     1.663     0.106     0.519     0.456     1.239     1.097     1.167     0.879
Teachers            0.018     0.018     1.233     1.360     3.094     0.156     0.150     0.175     1.018     1.048     1.000     0.528
Librarians          0.000     0.000     1.375     1.380     3.771     0.175     0.149     0.245     0.868     1.043     1.000     0.500
Soc.Scientists      0.001     0.001     1.006     2.102    25.198     0.400     0.334     0.326     1.154     1.141     1.039     0.547
SocialWork          0.007     0.007     1.178     0.974    -0.360    -0.045     0.020    -0.001     0.999     0.978     1.000    -0.778
Lawyers             0.001     0.001     1.999     7.2526301772.711     4.016     0.308    -0.168     1.946     1.153     1.112     0.186
Arts/Athletes       0.005     0.005     0.894     1.943    67.326     0.545     0.205     0.177     1.027     0.993     1.008     0.345
HealthTechs         0.003     0.003     1.047     1.104     3.595     0.170    -0.060    -0.264     1.204     1.010     1.069    -0.592
Eng.Techs           0.006     0.006     0.782     2.318    17.765     0.353     0.417     0.386     1.151     1.094     1.147     0.641
ScienceTechs        0.001     0.001     0.760     1.316    -0.800    -0.153     0.356     0.248     1.071     1.154     1.061     1.604
OtherTechs          0.003     0.003     0.754     2.205    56.560     0.518     0.312     0.271     1.150     1.086     1.141     0.472
Sales               0.023     0.023     0.886     2.488    51.332     0.503     0.396     0.361     1.100     1.040     1.007     0.553
Secretaries         0.003     0.003     0.893     1.083     2.588     0.141    -0.053     0.088     0.970     1.120     1.000    -0.653
Info.Clerks         0.001     0.001     0.775     1.609  1240.425     1.083    -0.294    -0.320     1.140     1.118     1.230    -0.542
Records             0.006     0.006     0.858     1.198    -0.031    -0.003     0.168    -0.013     0.989     0.813     1.144     1.018
FinancialClerk      0.003     0.003     0.901     1.894     9.493     0.274     0.327     0.245     1.184     1.056     1.158     0.621
OfficeMachine       0.003     0.003     0.804     0.607    -0.800    -0.153    -0.396    -0.758     1.333     1.059     1.000     0.668
ComputerTech        0.003     0.003     0.764     1.214     6.228     0.226    -0.010     0.097     1.114     1.245     1.000    -0.052
Mail                0.014     0.014     0.743     0.667    -0.730    -0.126    -0.311    -0.295     1.163     1.177     1.000     0.667
Clerks              0.022     0.022     0.795     1.047     0.521     0.044     0.003    -0.069     1.190     1.110     1.031     0.068
Insurance           0.002     0.002     0.684     1.810    -0.800    -0.153     0.532     0.290     1.239     1.025     1.246     1.279
Misc.Admin          0.016     0.016     0.827     1.079    -0.740    -0.130     0.193     0.133     1.039     1.075     1.000     2.829
PrivateHshld        0.011     0.011     0.903     0.483    -0.800    -0.153    -0.755    -1.190     1.033     0.828     1.000     0.772
Firefighting        0.002     0.002     0.614     1.655    42.084     0.473     0.110    -0.022     1.234     1.075     1.002     0.231
Police              0.007     0.007     0.676     1.457     1.354     0.092     0.250     0.080     1.309     1.067     1.162     0.766
Guards              0.005     0.005     0.763     0.811    -0.773    -0.142    -0.059    -0.151     0.978     0.979     1.101     0.272
FoodPrep            0.015     0.015     0.961     0.934     2.638     0.142    -0.224    -0.484     1.062     0.875     1.000     2.935
HealthService       0.005     0.005     0.968     0.583     3.108     0.157    -0.984    -1.025     1.116     1.094     1.112     1.270
Cleaning            0.029     0.029     0.853     0.636    10.149     0.282    -1.016    -1.034     1.019     1.009     1.000     1.549
PersonalService     0.022     0.022     0.863     0.903    10.946     0.291    -0.430    -0.501     0.999     0.951     1.000     3.498
FarmMgrs            0.004     0.004     1.878     6.003139755.198     2.388     0.436     0.133     1.690     1.100     1.000     0.319
FarmWork            0.019     0.019     1.281     1.081     8.871     0.266    -0.171    -0.286     1.306     1.190     1.000    -2.012
Agriculture         0.007     0.007     0.873     0.910     0.692     0.056    -0.160    -0.293     1.076     0.966     1.000     1.575
Forest              0.005     0.005     1.152     1.061     6.786     0.235    -0.164    -0.160     1.088     1.092     1.000    -2.560
Mechanics           0.022     0.022     0.760     1.639    15.881     0.338     0.184     0.110     1.165     1.069     1.064     0.411
Elec.Repairer       0.008     0.008     0.832     2.119    48.915     0.496     0.294     0.137     1.315     1.077     1.077     0.464
Misc.Repairer       0.023     0.023     0.782     1.350     1.163     0.083     0.198     0.110     1.202     1.082     1.000     0.736
Construction        0.058     0.058     0.816     1.531    18.096     0.355     0.115     0.068     1.132     1.074     1.000     0.287
Extractive          0.001     0.001     0.775     2.666  4233.818     1.364     0.114    -0.047     1.416     1.200     1.193     0.123
Supervisor(P)       0.012     0.012     0.730     2.003    35.937     0.450     0.276     0.147     1.314     1.115     1.152     0.465
MetalWork           0.007     0.007     0.775     2.096    37.756     0.457     0.305     0.141     1.303     1.054     1.127     0.491
WoodWork            0.001     0.001     0.817     1.585     0.347     0.031     0.350     0.229     1.046     0.882     1.084     0.933
Textiles            0.003     0.003     0.823     1.122     0.626     0.051     0.063    -0.048     0.991     0.885     1.000     0.566
Other               0.000     0.000     0.849     2.584  1148.386     1.066     0.200    -0.249     1.456     0.932     1.305     0.235
Food                0.009     0.009     0.761     1.030    -0.381    -0.048     0.076     0.049     1.082     1.053     1.000     2.696
PlantOperator       0.001     0.001     0.753     1.799     7.309     0.244     0.309     0.180     1.337     1.127     1.158     0.629
MetalMach.          0.013     0.013     0.724     1.245     1.969     0.119     0.102     0.047     1.133     1.067     1.018     0.489
MetalProc.          0.003     0.003     0.675     0.912     0.349     0.031    -0.130    -0.103     1.054     1.080     1.000     1.337
WoodMach.           0.002     0.002     0.902     1.056     1.447     0.097    -0.039    -0.122     1.094     1.013     1.025    -0.705
TextileMach.        0.004     0.004     0.717     1.624    27.133     0.410     0.131     0.037     1.086     0.980     1.081     0.291
PrintMach.          0.016     0.016     0.852     0.805     0.665     0.054    -0.309    -0.314     0.962     0.958     1.000     1.243
OtherMach.          0.102     0.102     0.741     0.879    -0.591    -0.088    -0.038    -0.079     1.123     1.081     1.013     0.286
Fabricators         0.030     0.030     0.725     0.985    -0.456    -0.061     0.047     0.018     1.087     1.054     1.026    -3.277
Prod.Inspectors     0.009     0.009     0.762     1.216    -0.800    -0.153     0.303     0.116     1.395     1.099     1.056     1.848
MotorVehicle        0.071     0.071     0.791     1.065     3.788     0.175    -0.104    -0.183     1.193     1.113     1.050    -1.568
OtherVehicle        0.018     0.018     0.713     1.094     1.422     0.095    -0.002     0.006     1.142     1.152     1.000    -0.018
Freight             0.079     0.079     0.855     0.775    -0.409    -0.053    -0.222    -0.293     1.139     1.077     1.000     0.788
 
======================================
 YEAR = 1980
======================================
  Note: tauh* := (1+tauh)^eta - 1 
 
                       pY     pfitY         Z    TauHat      TauH     tauh*     TauW0     TauW1  wagegrth  wagegrWM ExpFactor     alpha
---------------------------------------------------------------------------------------------------------------------------------------
Home                0.253       NaN     1.000       NaN     0.000     0.000     0.000     0.000       NaN       NaN     1.013       NaN
Managers            0.032     0.032     0.681     2.030    22.471     0.384     0.318     0.335     1.399     1.434     1.010     0.541
MgmtRelated         0.021     0.021     0.736     1.592     2.674     0.143     0.282     0.288     1.329     1.342     1.026     0.712
Architects          0.000     0.000     0.909     2.610    63.838     0.537     0.411     0.471     1.300     1.445     1.028     0.552
Engineers           0.007     0.007     0.653     2.019     0.887     0.068     0.471     0.453     1.362     1.318     1.023     0.907
Math/CompSci        0.003     0.003     0.663     1.630    56.830     0.519     0.068     0.083     1.277     1.298     1.014     0.144
Science             0.002     0.002     0.856     1.959     2.774     0.147     0.415     0.396     1.393     1.351     1.021     0.797
Doctors             0.002     0.002     0.840     2.460  2402.396     1.230     0.094     0.097     1.784     1.791     1.037     0.109
Nurses              0.002     0.002     0.985     1.714   187.694     0.716    -0.001    -0.019     1.391     1.366     1.034    -0.002
Therapists          0.002     0.002     0.906     1.393    44.104     0.480    -0.063    -0.111     1.482     1.418     1.029    -0.184
Professors          0.002     0.002     1.470     1.748    -0.391    -0.050     0.456     0.436     1.516     1.505     1.064     1.091
Teachers            0.016     0.016     1.049     1.423     3.762     0.174     0.175     0.139     1.437     1.377     1.044     0.545
Librarians          0.001     0.001     1.079     1.121    -0.800    -0.153     0.245     0.283     1.302     1.373     1.000     2.446
Soc.Scientists      0.001     0.001     0.919     1.733     3.485     0.167     0.326     0.371     1.275     1.366     1.064     0.719
SocialWork          0.007     0.007     1.046     1.071     0.965     0.072    -0.001    -0.044     1.347     1.291     1.043    -0.017
Lawyers             0.002     0.002     0.903     2.266 12675.007     1.646    -0.168    -0.062     1.566     1.722     1.037    -0.190
Arts/Athletes       0.007     0.007     0.806     1.563    10.489     0.286     0.177     0.208     1.281     1.331     1.000     0.437
HealthTechs         0.004     0.004     0.860     1.132    31.515     0.431    -0.264    -0.333     1.405     1.332     1.056    -1.887
Eng.Techs           0.009     0.009     0.645     1.565    -0.320    -0.039     0.386     0.354     1.330     1.265     1.055     1.089
ScienceTechs        0.002     0.002     0.659     1.127    -0.800    -0.153     0.248     0.235     1.316     1.292     1.000     2.383
OtherTechs          0.007     0.007     0.711     1.499     1.388     0.094     0.271     0.294     1.278     1.321     1.042     0.779
Sales               0.033     0.033     0.718     2.015    10.646     0.288     0.361     0.359     1.288     1.285     1.000     0.639
Secretaries         0.002     0.002     0.932     1.085    -0.091    -0.010     0.088    -0.155     1.478     1.202     1.005     1.120
Info.Clerks         0.003     0.003     0.754     0.960     8.979     0.267    -0.320    -0.232     1.081     1.158     1.000     6.862
Records             0.005     0.005     0.752     0.935    -0.411    -0.053    -0.013    -0.037     1.283     1.253     1.000     0.193
FinancialClerk      0.004     0.004     0.787     1.249    -0.436    -0.057     0.245     0.098     1.267     1.131     1.027     1.265
OfficeMachine       0.000     0.000     0.707     0.784    21.361     0.377    -0.758    -0.980     1.314     1.166     1.079     2.312
ComputerTech        0.007     0.007     0.636     0.997    -0.638    -0.099     0.097     0.016     1.294     1.188     1.016   -32.530
Mail                0.014     0.014     0.600     0.782     0.135     0.013    -0.295    -0.377     1.217     1.144     1.000     1.053
Clerks              0.024     0.024     0.687     1.055     2.212     0.128    -0.069    -0.147     1.277     1.191     1.000    -1.260
Insurance           0.004     0.004     0.741     1.194    -0.800    -0.153     0.290     0.221     1.194     1.255     1.038     1.937
Misc.Admin          0.012     0.012     0.807     0.977    -0.800    -0.153     0.133     0.086     1.295     1.274     1.000    -6.032
PrivateHshld        0.006     0.006     0.788     0.531     3.301     0.162    -1.190    -1.261     1.187     1.150     1.000     1.237
Firefighting        0.004     0.004     0.603     1.346    21.216     0.376    -0.022    -0.112     1.453     1.336     1.041    -0.074
Police              0.012     0.012     0.610     1.159     0.859     0.066     0.080     0.022     1.334     1.254     1.044     0.567
Guards              0.012     0.012     0.728     0.736    -0.800    -0.153    -0.151    -0.247     1.186     1.133     1.000     0.458
FoodPrep            0.015     0.015     0.874     1.030    60.575     0.529    -0.484    -0.644     1.258     1.136     1.085   -13.410
HealthService       0.009     0.009     0.894     0.657    15.053     0.331    -1.025    -0.920     1.258     1.326     1.038     1.681
Cleaning            0.032     0.032     0.760     0.828   157.145     0.685    -1.034    -1.161     1.201     1.130     1.000     3.767
PersonalService     0.006     0.006     0.878     1.113   145.398     0.671    -0.501    -0.911     1.427     1.120     1.061    -3.780
FarmMgrs            0.002     0.002     1.103     4.603682503.141     2.989     0.133     0.006     1.243     1.084     1.000     0.094
FarmWork            0.007     0.007     0.915     1.546   785.442     0.987    -0.286    -0.347     1.199     1.145     1.044    -0.577
Agriculture         0.005     0.005     0.805     1.244    99.211     0.607    -0.293    -0.363     1.175     1.115     1.061    -1.177
Forest              0.002     0.002     0.922     1.929  2483.255     1.237    -0.160    -0.399     1.330     1.102     1.003    -0.225
Mechanics           0.022     0.022     0.607     1.576    25.656     0.402     0.110     0.002     1.301     1.160     1.049     0.256
Elec.Repairer       0.009     0.009     0.531     1.397     5.109     0.205     0.137     0.050     1.270     1.153     1.023     0.442
Misc.Repairer       0.009     0.009     0.596     1.433     9.591     0.275     0.110     0.022     1.210     1.102     1.000     0.324
Construction        0.057     0.057     0.662     1.610    50.700     0.501     0.068    -0.052     1.261     1.118     1.033     0.147
Extractive          0.002     0.002     0.544     1.809   491.296     0.894    -0.047    -0.150     1.244     1.132     1.002    -0.077
Supervisor(P)       0.015     0.015     0.579     1.516    11.173     0.294     0.147     0.095     1.312     1.237     1.041     0.381
MetalWork           0.010     0.010     0.560     1.398     4.957     0.202     0.141     0.084     1.249     1.171     1.000     0.452
WoodWork            0.001     0.001     0.719     1.614     7.345     0.244     0.229     0.243     1.136     1.156     1.000     0.543
Textiles            0.001     0.001     0.768     1.257    13.571     0.318    -0.048    -0.326     1.430     1.131     1.066    -0.207
Other               0.002     0.002     0.704     1.389   209.117     0.735    -0.249    -0.242     1.210     1.216     1.000    -0.677
Food                0.004     0.004     0.622     1.346     9.960     0.280     0.049    -0.097     1.216     1.054     1.043     0.170
PlantOperator       0.003     0.003     0.552     1.147    -0.446    -0.059     0.180     0.207     1.180     1.219     1.000     1.443
MetalMach.          0.009     0.009     0.560     1.154     1.523     0.100     0.047    -0.117     1.330     1.135     1.026     0.334
MetalProc.          0.003     0.003     0.598     1.032     2.516     0.138    -0.103    -0.163     1.271     1.205     1.000    -3.114
WoodMach.           0.002     0.002     0.758     1.146    10.451     0.285    -0.122    -0.261     1.192     1.061     1.000    -0.846
TextileMach.        0.004     0.004     0.613     1.205     3.205     0.159     0.037    -0.040     1.266     1.172     1.000     0.205
PrintMach.          0.009     0.009     0.673     0.664    -0.732    -0.127    -0.314    -0.330     1.237     1.222     1.000     0.668
OtherMach.          0.055     0.055     0.600     0.917    -0.098    -0.011    -0.079    -0.147     1.233     1.160     1.000     0.878
Fabricators         0.035     0.035     0.588     0.995    -0.196    -0.022     0.018    -0.097     1.259     1.128     1.007    -3.875
Prod.Inspectors     0.009     0.009     0.591     1.024    -0.617    -0.094     0.116     0.081     1.242     1.195     1.000     5.095
MotorVehicle        0.067     0.067     0.632     1.068     8.628     0.263    -0.183    -0.377     1.255     1.078     1.041    -2.565
OtherVehicle        0.015     0.015     0.570     1.292    10.298     0.284     0.006    -0.095     1.266     1.149     1.000     0.025
Freight             0.054     0.054     0.676     0.894     3.076     0.156    -0.293    -0.386     1.185     1.105     1.010     2.290
 
======================================
 YEAR = 1990
======================================
  Note: tauh* := (1+tauh)^eta - 1 
 
                       pY     pfitY         Z    TauHat      TauH     tauh*     TauW0     TauW1  wagegrth  wagegrWM ExpFactor     alpha
---------------------------------------------------------------------------------------------------------------------------------------
Home                0.297       NaN     1.000       NaN     0.000     0.000     0.000     0.000       NaN       NaN     1.000       NaN
Managers            0.033     0.033     0.612     2.011    15.925     0.338     0.335     0.343     1.450     1.469     1.000     0.583
MgmtRelated         0.021     0.021     0.670     1.579     2.104     0.124     0.288     0.325     1.271     1.340     1.033     0.744
Architects          0.001     0.001     0.655     1.926     0.211     0.020     0.471     0.479     1.337     1.360     1.000     0.970
Engineers           0.008     0.008     0.554     1.976     1.121     0.081     0.453     0.489     1.195     1.279     1.000     0.886
Math/CompSci        0.004     0.004     0.577     1.730    86.977     0.586     0.083     0.023     1.255     1.178     1.118     0.159
Science             0.001     0.001     0.719     1.983     4.727     0.197     0.396     0.458     1.280     1.426     1.003     0.737
Doctors             0.002     0.002     0.683     2.097   490.923     0.894     0.097     0.110     1.752     1.778     1.059     0.138
Nurses              0.002     0.002     0.777     1.819   397.063     0.853    -0.019    -0.342     1.637     1.243     1.013    -0.031
Therapists          0.001     0.001     0.692     1.220    18.130     0.355    -0.111    -0.028     1.230     1.329     1.000    -0.529
Professors          0.001     0.001     1.366     1.503    -0.800    -0.153     0.436     0.463     1.289     1.440     1.033     1.407
Teachers            0.010     0.010     0.856     1.234     0.808     0.063     0.139     0.139     1.238     1.238     1.068     0.710
Librarians          0.000     0.000     0.992     1.211    -0.748    -0.132     0.283     0.363     1.144     1.286     1.000     1.742
Soc.Scientists      0.001     0.001     0.820     1.818     2.650     0.143     0.371     0.355     1.426     1.389     1.000     0.777
SocialWork          0.007     0.007     0.849     0.863    -0.634    -0.098    -0.044     0.019     1.174     1.251     1.000     0.296
Lawyers             0.002     0.002     0.784     2.451 10739.567     1.601    -0.062    -0.026     1.344     1.391     1.000    -0.067
Arts/Athletes       0.008     0.008     0.672     1.500     4.356     0.189     0.208     0.273     1.202     1.311     1.000     0.574
HealthTechs         0.005     0.005     0.719     1.080    33.398     0.440    -0.333    -0.386     1.346     1.295     1.000    -3.755
Eng.Techs           0.008     0.008     0.582     1.587     0.267     0.025     0.354     0.324     1.246     1.191     1.044     0.947
ScienceTechs        0.002     0.002     0.610     1.273    -0.222    -0.026     0.235     0.132     1.379     1.216     1.007     1.107
OtherTechs          0.010     0.010     0.624     1.612     2.493     0.138     0.294     0.324     1.514     1.580     1.000     0.730
Sales               0.044     0.044     0.644     1.978     8.954     0.267     0.359     0.394     1.198     1.266     1.000     0.653
Secretaries         0.002     0.002     0.723     0.733    -0.800    -0.153    -0.155    -0.131     1.265     1.291     1.000     0.465
Info.Clerks         0.003     0.003     0.745     1.002     6.758     0.235    -0.232    -0.262     1.217     1.188     1.043   -88.832
Records             0.004     0.004     0.729     0.836    -0.749    -0.133    -0.037    -0.115     1.141     1.061     1.000     0.203
FinancialClerk      0.004     0.004     0.680     0.939    -0.800    -0.153     0.098     0.016     1.256     1.208     1.043    -1.627
OfficeMachine       0.001     0.001     0.653     0.729    34.084     0.443    -0.980    -1.144     1.675     1.547     1.133     2.157
ComputerTech        0.008     0.008     0.621     0.887    -0.734    -0.128     0.016    -0.012     1.194     1.160     1.000    -0.135
Mail                0.015     0.015     0.568     0.739     0.187     0.018    -0.377    -0.433     1.150     1.105     1.000     1.058
Clerks              0.023     0.023     0.659     1.066     6.059     0.223    -0.147    -0.124     1.152     1.175     1.012    -2.127
Insurance           0.006     0.006     0.677     1.087    -0.800    -0.153     0.221     0.195     1.198     1.239     1.007     2.980
Misc.Admin          0.013     0.013     0.741     0.927    -0.800    -0.153     0.086     0.075     1.205     1.190     1.000    -1.195
PrivateHshld        0.006     0.006     0.770     0.489     1.631     0.105    -1.261    -1.664     1.184     1.005     1.000     1.139
Firefighting        0.003     0.003     0.515     1.293    32.820     0.437    -0.112    -0.168     1.332     1.267     1.000    -0.412
Police              0.017     0.017     0.538     0.983    -0.314    -0.038     0.022     0.030     1.224     1.235     1.000    -1.307
Guards              0.017     0.017     0.694     0.679    -0.800    -0.153    -0.247    -0.288     1.202     1.164     1.055     0.571
FoodPrep            0.032     0.032     0.848     0.917    52.849     0.508    -0.644    -0.679     1.236     1.210     1.036     5.754
HealthService       0.010     0.010     0.809     0.644     6.831     0.236    -0.920    -1.230     1.305     1.124     1.050     1.481
Cleaning            0.033     0.033     0.732     0.854   382.660     0.846    -1.161    -1.268     1.194     1.137     1.000     4.884
PersonalService     0.007     0.007     0.761     0.880   154.827     0.682    -0.911    -0.889     1.342     1.359     1.001     5.068
FarmMgrs            0.001     0.001     0.833     3.870480643.648     2.848     0.006    -0.108     1.349     1.211     1.000     0.004
FarmWork            0.004     0.004     0.833     1.671  2630.644     1.251    -0.347    -0.520     1.254     1.112     1.000    -0.580
Agriculture         0.009     0.009     0.763     1.326   312.085     0.807    -0.363    -0.337     1.164     1.186     1.000    -1.095
Forest              0.002     0.002     0.694     1.612  2689.433     1.256    -0.399    -0.334     1.127     1.182     1.014    -0.703
Mechanics           0.019     0.019     0.595     1.729   199.878     0.727     0.002    -0.089     1.315     1.206     1.043     0.003
Elec.Repairer       0.007     0.007     0.545     1.390    13.856     0.320     0.050     0.018     1.202     1.164     1.061     0.155
Misc.Repairer       0.008     0.008     0.591     1.542    52.948     0.508     0.022     0.018     1.157     1.152     1.041     0.051
Construction        0.055     0.055     0.627     1.705   289.469     0.793    -0.052    -0.078     1.196     1.167     1.000    -0.095
Extractive          0.001     0.001     0.517     1.987  3039.355     1.284    -0.150    -0.180     1.171     1.140     1.040    -0.203
Supervisor(P)       0.009     0.009     0.541     1.611    37.970     0.458     0.095     0.051     1.227     1.170     1.062     0.209
MetalWork           0.006     0.006     0.546     1.799   127.147     0.649     0.084     0.066     1.165     1.142     1.000     0.149
WoodWork            0.001     0.001     0.663     1.880    29.981     0.424     0.243     0.266     1.120     1.155     1.000     0.440
Textiles            0.001     0.001     0.697     1.200    89.857     0.591    -0.326    -0.603     1.380     1.141     1.000    -1.547
Other               0.002     0.002     0.650     1.502   424.642     0.865    -0.242    -0.434     1.327     1.150     1.116    -0.534
Food                0.004     0.004     0.669     1.336    39.885     0.466    -0.097    -0.216     1.217     1.098     1.063    -0.319
PlantOperator       0.003     0.003     0.528     1.533     5.703     0.216     0.207     0.158     1.216     1.146     1.088     0.541
MetalMach.          0.003     0.003     0.580     1.367    60.243     0.528    -0.117    -0.282     1.281     1.116     1.131    -0.354
MetalProc.          0.001     0.001     0.630     1.476   188.418     0.716    -0.163    -0.212     1.206     1.157     1.014    -0.387
WoodMach.           0.002     0.002     0.729     1.331   151.192     0.678    -0.261    -0.463     1.680     1.448     1.041    -0.812
TextileMach.        0.004     0.004     0.591     1.514    81.126     0.575    -0.040    -0.116     1.209     1.127     1.036    -0.094
PrintMach.          0.008     0.008     0.677     0.799     0.801     0.062    -0.330    -0.458     1.242     1.134     1.000     1.270
OtherMach.          0.032     0.032     0.594     1.057     5.476     0.212    -0.147    -0.228     1.221     1.140     1.029    -2.479
Fabricators         0.024     0.024     0.617     1.171    10.298     0.284    -0.097    -0.199     1.274     1.165     1.000    -0.586
Prod.Inspectors     0.006     0.006     0.604     1.290     4.193     0.185     0.081     0.056     1.226     1.193     1.000     0.333
MotorVehicle        0.061     0.061     0.602     1.042    32.376     0.435    -0.377    -0.488     1.260     1.166     1.032    -7.712
OtherVehicle        0.006     0.006     0.559     1.506   127.451     0.649    -0.095    -0.190     1.250     1.150     1.004    -0.221
Freight             0.048     0.048     0.685     0.931    10.836     0.290    -0.386    -0.558     1.295     1.152     1.042     4.541
 
======================================
 YEAR = 2000
======================================
  Note: tauh* := (1+tauh)^eta - 1 
 
                       pY     pfitY         Z    TauHat      TauH     tauh*     TauW0     TauW1  wagegrth  wagegrWM ExpFactor     alpha
---------------------------------------------------------------------------------------------------------------------------------------
Home                0.361       NaN     1.000       NaN     0.000     0.000     0.000     0.000       NaN       NaN     1.000       NaN
Managers            0.032     0.032     0.710     1.910     8.028     0.254     0.343     0.307     1.353     1.282     1.040     0.650
MgmtRelated         0.027     0.027     0.810     1.555     0.600     0.050     0.325     0.344     1.296     1.335     1.041     0.890
Architects          0.001     0.001     0.877     2.100     1.383     0.094     0.479     0.404     1.543     1.349     1.015     0.879
Engineers           0.008     0.008     0.708     1.837    -0.460    -0.062     0.489     0.463     1.383     1.316     1.034     1.104
Math/CompSci        0.013     0.013     0.680     1.420    22.966     0.387     0.023    -0.057     1.330     1.229     1.076     0.067
Science             0.001     0.001     0.993     2.108     2.651     0.143     0.458     0.497     1.437     1.548     1.051     0.821
Doctors             0.002     0.002     0.896     1.916   176.247     0.705     0.110    -0.004     1.989     1.761     1.040     0.180
Nurses              0.002     0.002     0.782     1.497   868.217     1.008    -0.342    -0.441     1.457     1.357     1.073    -0.729
Therapists          0.001     0.001     0.915     1.600   124.596     0.645    -0.028    -0.203     1.633     1.396     1.061    -0.060
Professors          0.002     0.002     1.601     1.579    -0.800    -0.153     0.463     0.447     1.589     1.540     1.094     1.363
Teachers            0.018     0.018     1.072     1.117    -0.318    -0.039     0.139     0.197     1.261     1.351     1.000     1.357
Librarians          0.000     0.000     1.191     1.941     6.872     0.237     0.363     0.344     1.434     1.431     1.048     0.679
Soc.Scientists      0.001     0.001     1.011     2.051    14.193     0.323     0.355     0.274     1.699     1.510     1.135     0.610
SocialWork          0.006     0.006     1.028     1.005    -0.131    -0.014     0.019    -0.011     1.288     1.250     1.080     3.891
Lawyers             0.002     0.002     0.921     2.204  2754.345     1.261    -0.026    -0.060     1.576     1.525     1.091    -0.032
Arts/Athletes       0.008     0.008     0.846     1.578     2.794     0.147     0.273     0.294     1.191     1.226     1.059     0.699
HealthTechs         0.004     0.004     0.795     1.210   150.411     0.677    -0.386    -0.497     1.398     1.295     1.094    -1.714
Eng.Techs           0.004     0.004     0.705     1.533     0.407     0.036     0.324     0.298     1.291     1.242     1.081     0.918
ScienceTechs        0.001     0.001     0.720     1.033    -0.654    -0.103     0.132     0.145     1.232     1.251     1.000     4.378
OtherTechs          0.010     0.010     0.701     1.729     3.571     0.169     0.324     0.306     1.321     1.287     1.021     0.714
Sales               0.050     0.050     0.784     1.726     0.550     0.046     0.394     0.425     1.095     1.154     1.000     0.917
Secretaries         0.002     0.002     0.870     1.040     3.870     0.177    -0.131    -0.185     1.190     1.136     1.049    -3.113
Info.Clerks         0.003     0.003     0.902     0.927     3.597     0.170    -0.262    -0.134     1.038     1.156     1.000     3.075
Records             0.003     0.003     0.957     0.863    -0.315    -0.038    -0.115    -0.142     1.207     1.179     1.000     0.737
FinancialClerk      0.004     0.004     0.837     0.861    -0.800    -0.153     0.016     0.077     1.173     1.251     1.000    -0.107
OfficeMachine       0.002     0.002     0.700     0.629    17.372     0.350    -1.144    -1.348     1.172     1.070     1.050     1.648
ComputerTech        0.003     0.003     0.780     0.898    -0.603    -0.091    -0.012     0.102     1.121     1.264     1.000     0.112
Mail                0.008     0.008     0.772     0.778     1.858     0.114    -0.433    -0.430     1.197     1.199     1.008     1.430
Clerks              0.026     0.026     0.822     0.994     1.938     0.117    -0.124    -0.140     1.095     1.080     1.005    18.660
Insurance           0.015     0.015     0.854     1.052    -0.800    -0.153     0.195     0.132     1.104     1.118     1.026     4.275
Misc.Admin          0.007     0.007     0.923     0.981    -0.611    -0.093     0.075     0.055     1.247     1.220     1.000    -4.058
PrivateHshld        0.003     0.003     0.914     0.525    24.875     0.398    -1.664    -1.672     1.039     1.036     1.000     1.520
Firefighting        0.002     0.002     0.631     1.559   335.917     0.821    -0.168    -0.161     1.308     1.315     1.027    -0.350
Police              0.019     0.019     0.676     1.102     0.908     0.069     0.030     0.092     1.203     1.285     1.008     0.316
Guards              0.013     0.013     0.856     0.692    -0.675    -0.109    -0.288    -0.367     1.230     1.158     1.056     0.686
FoodPrep            0.030     0.030     0.981     1.008   165.001     0.693    -0.679    -0.762     1.050     1.000     1.033   -62.527
HealthService       0.009     0.009     0.966     0.611    19.161     0.363    -1.230    -1.122     1.103     1.158     1.085     1.628
Cleaning            0.017     0.017     0.859     0.914  1190.263     1.074    -1.268    -1.240     1.062     1.075     1.000     9.147
PersonalService     0.012     0.012     0.925     0.794    50.251     0.500    -0.889    -0.934     1.113     1.087     1.045     2.760
FarmMgrs            0.000     0.000     0.778     4.7179399180.853     4.227    -0.108    -0.457     1.720     1.308     1.195    -0.066
FarmWork            0.001     0.001     0.914     2.288179690.924     2.477    -0.520    -0.786     1.229     1.046     1.016    -0.506
Agriculture         0.007     0.007     0.863     1.520   974.140     1.032    -0.337    -0.364     1.002     0.982     1.021    -0.694
Forest              0.001     0.001     0.829     2.010 14429.986     1.682    -0.334    -0.388     1.167     1.122     1.027    -0.413
Mechanics           0.018     0.018     0.702     1.604   223.812     0.747    -0.089    -0.163     1.165     1.090     1.049    -0.180
Elec.Repairer       0.011     0.011     0.677     1.244     5.960     0.221     0.018    -0.013     1.174     1.138     1.017     0.085
Misc.Repairer       0.006     0.006     0.724     1.433    26.747     0.408     0.018    -0.080     1.213     1.103     1.053     0.050
Construction        0.040     0.040     0.736     1.811   657.491     0.951    -0.078    -0.186     1.175     1.068     1.029    -0.126
Extractive          0.000     0.000     0.676     2.280 14940.267     1.691    -0.180    -0.228     1.334     1.282     1.171    -0.201
Supervisor(P)       0.008     0.008     0.663     1.419    16.942     0.346     0.051     0.025     1.210     1.177     1.034     0.150
MetalWork           0.002     0.002     0.697     2.062   580.848     0.927     0.066     0.038     1.107     1.076     1.127     0.094
WoodWork            0.000     0.000     0.893     2.527   401.549     0.855     0.266     0.218     1.111     1.043     1.000     0.334
Textiles            0.001     0.001     0.749     1.113   275.508     0.784    -0.603    -0.342     0.828     0.989     1.000    -4.415
Other               0.002     0.002     0.776     1.053    53.688     0.510    -0.434    -0.629     1.257     1.107     1.097    -6.963
Food                0.003     0.003     0.776     1.069    11.775     0.300    -0.216    -0.405     1.157     1.001     1.072    -2.945
PlantOperator       0.002     0.002     0.673     1.443     5.646     0.215     0.158     0.076     1.296     1.181     1.096     0.468
MetalMach.          0.002     0.002     0.684     1.120    32.589     0.436    -0.282    -0.291     0.996     0.990     1.012    -2.187
MetalProc.          0.001     0.001     0.708     1.305    84.641     0.581    -0.212    -0.375     1.145     1.009     1.164    -0.722
WoodMach.           0.006     0.006     0.716     1.104   104.662     0.616    -0.463    -0.496     1.053     1.030     1.054    -3.836
TextileMach.        0.003     0.003     0.738     1.345    50.797     0.502    -0.116    -0.213     1.111     1.022     1.000    -0.371
PrintMach.          0.005     0.005     0.790     0.860     7.954     0.253    -0.458    -0.537     1.034     0.981     1.026     2.495
OtherMach.          0.024     0.024     0.724     1.012     7.256     0.243    -0.228    -0.275     1.098     1.058     1.034   -17.490
Fabricators         0.017     0.017     0.711     1.121    16.676     0.344    -0.199    -0.197     1.052     1.053     1.015    -1.590
Prod.Inspectors     0.005     0.005     0.744     1.172     1.685     0.107     0.056     0.068     1.140     1.154     1.000     0.361
MotorVehicle        0.062     0.062     0.713     0.923    20.904     0.374    -0.488    -0.598     1.120     1.043     1.065     4.993
OtherVehicle        0.004     0.004     0.662     1.550   380.468     0.845    -0.190    -0.269     1.232     1.155     1.123    -0.397
Freight             0.034     0.034     0.812     0.850    14.185     0.323    -0.558    -0.575     1.034     1.022     1.026     2.719
 
======================================
 YEAR = 2010
======================================
  Note: tauh* := (1+tauh)^eta - 1 
 
                       pY     pfitY         Z    TauHat      TauH     tauh*     TauW0     TauW1  wagegrth  wagegrWM ExpFactor     alpha
---------------------------------------------------------------------------------------------------------------------------------------
Home                0.336       NaN     1.000       NaN     0.000     0.000     0.000     0.000       NaN       NaN     1.000       NaN
Managers            0.036     0.036     0.645     1.748     5.427     0.211     0.307     0.316     1.300     1.317     1.011     0.657
MgmtRelated         0.026     0.026     0.696     1.523    -0.012    -0.001     0.344     0.355     1.249     1.270     1.055     1.003
Architects          0.000     0.000     0.771     2.004     4.592     0.194     0.404     0.422     1.430     1.475     1.007     0.745
Engineers           0.007     0.007     0.587     1.812    -0.231    -0.027     0.463     0.443     1.275     1.230     1.085     1.045
Math/CompSci        0.017     0.017     0.611     1.297    20.367     0.371    -0.057    -0.108     1.253     1.196     1.060    -0.214
Science             0.001     0.001     0.846     2.035     0.257     0.024     0.497     0.479     1.206     1.392     1.128     0.967
Doctors             0.002     0.002     0.758     1.804   319.136     0.812    -0.004     0.229     1.423     1.853     1.013    -0.007
Nurses              0.004     0.004     0.690     1.321   515.390     0.903    -0.441    -0.474     1.171     1.145     1.032    -1.312
Therapists          0.002     0.002     0.873     1.576   498.056     0.896    -0.203    -0.189     1.086     1.098     1.000    -0.406
Professors          0.003     0.003     1.478     1.548    -0.777    -0.143     0.447     0.469     1.410     1.547     1.103     1.354
Teachers            0.021     0.021     0.958     1.202    -0.292    -0.035     0.197     0.186     1.131     1.119     1.000     1.193
Librarians          0.000     0.000     1.162     1.291    -0.800    -0.153     0.344    -0.178     1.318     1.306     1.144     1.649
Soc.Scientists      0.001     0.001     0.763     1.568     2.525     0.139     0.274     0.162     1.495     1.295     1.027     0.711
SocialWork          0.007     0.007     0.911     1.023     0.394     0.035    -0.011    -0.020     1.123     1.113     1.076    -0.473
Lawyers             0.002     0.002     0.718     2.315  6114.090     1.455    -0.060    -0.132     1.425     1.335     1.110    -0.070
Arts/Athletes       0.010     0.010     0.809     1.582     1.927     0.117     0.294     0.254     1.121     1.118     1.025     0.759
HealthTechs         0.007     0.007     0.696     1.138   175.034     0.703    -0.497    -0.286     1.196     1.393     1.007    -3.126
Eng.Techs           0.004     0.004     0.602     1.364    -0.338    -0.042     0.298     0.300     1.139     1.142     1.073     1.137
ScienceTechs        0.001     0.001     0.592     1.191     0.194     0.018     0.145     0.257     0.921     1.059     1.000     0.896
OtherTechs          0.009     0.009     0.585     1.636     2.448     0.136     0.306     0.375     1.261     1.400     1.000     0.741
Sales               0.060     0.060     0.759     1.548    -0.677    -0.110     0.425     0.462     1.192     1.274     1.000     1.266
Secretaries         0.002     0.002     0.816     1.035     6.281     0.227    -0.185    -0.768     1.687     1.131     1.000    -4.947
Info.Clerks         0.004     0.004     0.783     0.923     0.559     0.047    -0.134    -0.200     1.322     1.249     1.070     1.574
Records             0.003     0.003     0.756     0.779    -0.680    -0.111    -0.142     0.024     1.148     1.400     1.000     0.530
FinancialClerk      0.004     0.004     0.772     0.927    -0.780    -0.145     0.077     0.096     1.172     1.196     1.000    -1.053
OfficeMachine       0.000     0.000     0.746     0.616    34.982     0.446    -1.348    -0.629     0.702     1.012     1.000     1.762
ComputerTech        0.001     0.001     0.728     1.052    -0.429    -0.056     0.102     0.230     0.900     1.662     1.035     2.142
Mail                0.006     0.006     0.664     0.795     2.479     0.137    -0.430    -0.719     1.102     0.917     1.041     1.561
Clerks              0.030     0.030     0.798     0.933     0.820     0.064    -0.140    -0.047     1.117     1.216     1.000     1.886
Insurance           0.021     0.021     0.797     0.976    -0.800    -0.153     0.132     0.223     1.098     1.226     1.000    -5.781
Misc.Admin          0.008     0.008     0.818     0.972    -0.560    -0.081     0.055     0.068     1.280     1.298     1.036    -1.975
PrivateHshld        0.003     0.003     0.833     0.522    24.219     0.394    -1.672    -1.952     1.225     1.109     1.050     1.511
Firefighting        0.003     0.003     0.540     1.600   407.155     0.857    -0.161    -0.019     1.039     1.183     1.006    -0.318
Police              0.014     0.014     0.607     1.337     5.557     0.214     0.092     0.115     1.190     1.221     1.056     0.333
Guards              0.022     0.022     0.792     0.699    -0.359    -0.045    -0.367    -0.457     1.183     1.110     1.040     0.872
FoodPrep            0.045     0.045     1.002     1.123   755.907     0.979    -0.762    -0.703     1.235     1.278     1.034    -4.868
HealthService       0.016     0.016     0.873     0.616    12.556     0.308    -1.122    -1.163     1.186     1.164     1.055     1.555
Cleaning            0.020     0.020     0.831     0.941  1386.292     1.107    -1.240    -1.130     1.145     1.204     1.000    13.207
PersonalService     0.015     0.015     0.898     0.835   103.380     0.614    -0.934    -1.183     1.397     1.237     1.054     3.650
FarmMgrs            0.000     0.000     0.801     5.762937453483.891     7.397    -0.457     0.028     0.792     1.187     1.164    -0.215
FarmWork            0.002     0.002     0.792     2.6383431468.326     3.711    -0.786    -0.114     0.802     1.286     1.000    -0.598
Agriculture         0.009     0.009     0.853     1.699  3489.807     1.317    -0.364    -0.532     1.353     1.205     1.021    -0.585
Forest              0.000     0.000     0.915     4.39041758703.948     5.094    -0.388    -1.033     1.918     1.310     1.184    -0.222
Mechanics           0.013     0.013     0.626     1.608   436.546     0.871    -0.163    -0.225     1.231     1.169     1.054    -0.319
Elec.Repairer       0.010     0.010     0.648     1.358    21.115     0.376    -0.013     0.027     1.087     1.131     1.019    -0.041
Misc.Repairer       0.005     0.005     0.658     1.573   169.746     0.698    -0.080    -0.105     1.175     1.147     1.025    -0.169
Construction        0.032     0.032     0.663     1.912  2818.593     1.267    -0.186    -0.203     1.207     1.190     1.025    -0.263
Extractive          0.001     0.001     0.532     2.523 58653.921     2.098    -0.228    -0.197     1.052     1.079     1.113    -0.222
Supervisor(P)       0.003     0.003     0.586     1.505    40.221     0.467     0.025     0.010     1.185     1.167     1.106     0.062
MetalWork           0.002     0.002     0.659     1.765   168.936     0.697     0.038    -0.044     1.248     1.150     1.000     0.069
WoodWork            0.000     0.000     0.837     2.476   609.133     0.936     0.218    -1.253     3.262     1.132     1.000     0.271
Textiles            0.000     0.000     0.632     1.250   150.799     0.678    -0.342     0.230       NaN     1.410     1.000    -1.316
Other               0.003     0.003     0.727     1.036   159.264     0.687    -0.629    -0.553     1.065     1.117     1.092   -13.898
Food                0.004     0.004     0.784     1.081    56.901     0.519    -0.405    -0.309     1.096     1.176     1.012    -4.362
PlantOperator       0.002     0.002     0.561     1.388    10.138     0.282     0.076     0.270     0.910     1.151     1.000     0.242
MetalMach.          0.001     0.001     0.699     1.391   292.856     0.796    -0.291    -0.747     1.513     1.118     1.100    -0.773
MetalProc.          0.001     0.001     0.683     0.919     8.709     0.264    -0.375    -1.147     1.674     1.072     1.097     3.783
WoodMach.           0.003     0.003     0.717     1.439  1709.187     1.153    -0.496    -1.021     1.623     1.202     1.149    -1.108
TextileMach.        0.001     0.001     0.782     1.669   940.002     1.024    -0.213    -0.522     1.349     1.075     1.000    -0.376
PrintMach.          0.003     0.003     0.768     0.815     7.937     0.253    -0.537    -0.358     1.121     1.269     1.000     2.104
OtherMach.          0.018     0.018     0.704     1.151    40.405     0.467    -0.275    -0.304     1.220     1.193     1.077    -1.730
Fabricators         0.014     0.014     0.670     1.174    26.276     0.406    -0.197    -0.141     1.086     1.140     1.031    -1.124
Prod.Inspectors     0.004     0.004     0.714     1.414    13.609     0.318     0.068    -0.094     1.319     1.124     1.042     0.202
MotorVehicle        0.052     0.052     0.675     0.876    25.083     0.399    -0.598    -0.743     1.255     1.151     1.097     3.528
OtherVehicle        0.004     0.004     0.588     1.709  1841.897     1.169    -0.269    -0.316     1.198     1.155     1.107    -0.445
Freight             0.040     0.040     0.780     0.839    13.959     0.321    -0.575    -0.699     1.225     1.136     1.048     2.585
 
======================================
 YEAR = 2023
======================================
  Note: tauh* := (1+tauh)^eta - 1 
 
                       pY     pfitY         Z    TauHat      TauH     tauh*     TauW0     TauW1  wagegrth  wagegrWM ExpFactor     alpha
---------------------------------------------------------------------------------------------------------------------------------------
Home                0.266       NaN     1.000       NaN     0.000     0.000     0.000       NaN     0.000     0.000     0.000       NaN
Managers            0.058     0.058     0.659     1.549     0.759     0.060     0.316       NaN     0.000     0.000     0.000     0.867
MgmtRelated         0.033     0.033     0.751     1.613     0.458     0.040     0.355       NaN     0.000     0.000     0.000     0.919
Architects          0.001     0.001     0.886     2.301    14.814     0.329     0.422       NaN     0.000     0.000     0.000     0.659
Engineers           0.014     0.014     0.618     1.648    -0.567    -0.083     0.443       NaN     0.000     0.000     0.000     1.173
Math/CompSci        0.028     0.028     0.671     1.231    19.278     0.363    -0.108       NaN     0.000     0.000     0.000    -0.494
Science             0.003     0.003     0.857     1.627    -0.800    -0.153     0.479       NaN     0.000     0.000     0.000     1.341
Doctors             0.003     0.003     0.771     1.488     2.817     0.148     0.229       NaN     0.000     0.000     0.000     0.653
Nurses              0.005     0.005     0.662     1.361   863.233     1.007    -0.474       NaN     0.000     0.000     0.000    -1.258
Therapists          0.002     0.002     0.840     1.705   950.660     1.027    -0.189       NaN     0.000     0.000     0.000    -0.325
Professors          0.002     0.002     1.472     1.595    -0.800    -0.153     0.469       NaN     0.000     0.000     0.000     1.355
Teachers            0.026     0.026     1.073     1.041    -0.800    -0.153     0.186       NaN     0.000     0.000     0.000     5.156
Librarians          0.001     0.001     0.963     0.719    -0.800    -0.153    -0.178       NaN     0.000     0.000     0.000     0.497
Soc.Scientists      0.003     0.003     0.754     1.324     1.755     0.110     0.162       NaN     0.000     0.000     0.000     0.628
SocialWork          0.008     0.008     1.050     1.020     0.461     0.040    -0.020       NaN     0.000     0.000     0.000    -1.012
Lawyers             0.003     0.003     0.674     1.574   271.003     0.781    -0.132       NaN     0.000     0.000     0.000    -0.273
Arts/Athletes       0.013     0.013     0.793     1.135    -0.800    -0.153     0.254       NaN     0.000     0.000     0.000     2.307
HealthTechs         0.006     0.006     0.671     1.095    26.533     0.407    -0.286       NaN     0.000     0.000     0.000    -2.781
Eng.Techs           0.006     0.006     0.690     1.430     0.018     0.002     0.300       NaN     0.000     0.000     0.000     0.995
ScienceTechs        0.001     0.001     0.625     1.510     2.067     0.122     0.257       NaN     0.000     0.000     0.000     0.720
OtherTechs          0.018     0.018     0.570     1.526    -0.368    -0.046     0.375       NaN     0.000     0.000     0.000     1.112
Sales               0.054     0.054     0.853     1.682    -0.622    -0.095     0.462       NaN     0.000     0.000     0.000     1.193
Secretaries         0.002     0.002     0.954     1.196  1437.225     1.115    -0.768       NaN     0.000     0.000     0.000    -3.186
Info.Clerks         0.005     0.005     0.861     0.778    -0.489    -0.067    -0.200       NaN     0.000     0.000     0.000     0.725
Records             0.002     0.002     0.814     0.868    -0.800    -0.153     0.024       NaN     0.000     0.000     0.000    -0.174
FinancialClerk      0.003     0.003     0.777     1.067    -0.292    -0.035     0.096       NaN     0.000     0.000     0.000     1.546
OfficeMachine       0.001     0.001     0.721     0.605    -0.124    -0.014    -0.629       NaN     0.000     0.000     0.000     0.973
ComputerTech        0.000     0.000     0.694     1.100    -0.800    -0.153     0.230       NaN     0.000     0.000     0.000     2.737
Mail                0.014     0.014     0.815     0.707     5.685     0.216    -0.719       NaN     0.000     0.000     0.000     1.565
Clerks              0.027     0.027     0.922     1.069     1.987     0.119    -0.047       NaN     0.000     0.000     0.000    -0.700
Insurance           0.018     0.018     0.850     1.103    -0.775    -0.143     0.223       NaN     0.000     0.000     0.000     2.565
Misc.Admin          0.010     0.010     0.933     1.228     2.714     0.145     0.068       NaN     0.000     0.000     0.000     0.343
PrivateHshld        0.002     0.002     0.983     0.755  2391.228     1.229    -1.952       NaN     0.000     0.000     0.000     3.852
Firefighting        0.003     0.003     0.633     1.839   444.617     0.874    -0.019       NaN     0.000     0.000     0.000    -0.031
Police              0.012     0.012     0.618     1.354     4.775     0.198     0.115       NaN     0.000     0.000     0.000     0.404
Guards              0.020     0.020     0.814     0.693     0.092     0.009    -0.457       NaN     0.000     0.000     0.000     1.025
FoodPrep            0.040     0.040     1.008     1.005   183.137     0.711    -0.703       NaN     0.000     0.000     0.000  -114.471
HealthService       0.017     0.017     0.917     0.655    28.473     0.417    -1.163       NaN     0.000     0.000     0.000     1.824
Cleaning            0.016     0.016     0.882     1.104  4019.665     1.351    -1.130       NaN     0.000     0.000     0.000    -7.643
PersonalService     0.015     0.015     1.034     0.895   666.712     0.954    -1.183       NaN     0.000     0.000     0.000     7.033
FarmMgrs            0.000     0.000     0.842     4.5831999344.995     3.456     0.028       NaN     0.000     0.000     0.000     0.018
FarmWork            0.001     0.001     0.881     2.759 53982.795     2.072    -0.114       NaN     0.000     0.000     0.000    -0.106
Agriculture         0.007     0.007     0.961     1.922 35680.923     1.944    -0.532       NaN     0.000     0.000     0.000    -0.653
Forest              0.001     0.001     0.683     1.583 84766.623     2.218    -1.033       NaN     0.000     0.000     0.000    -1.544
Mechanics           0.014     0.014     0.686     1.739  1535.435     1.129    -0.225       NaN     0.000     0.000     0.000    -0.366
Elec.Repairer       0.009     0.009     0.729     1.448    26.886     0.409     0.027       NaN     0.000     0.000     0.000     0.073
Misc.Repairer       0.005     0.005     0.630     1.689   427.869     0.867    -0.105       NaN     0.000     0.000     0.000    -0.191
Construction        0.025     0.025     0.660     1.946  3854.091     1.341    -0.203       NaN     0.000     0.000     0.000    -0.277
Extractive          0.001     0.001     0.473     1.654   760.714     0.981    -0.197       NaN     0.000     0.000     0.000    -0.358
Supervisor(P)       0.006     0.006     0.631     1.179     3.483     0.167     0.010       NaN     0.000     0.000     0.000     0.061
MetalWork           0.001     0.001     0.629     1.852   603.101     0.934    -0.044       NaN     0.000     0.000     0.000    -0.070
WoodWork            0.000       NaN       NaN       NaN       NaN       NaN    -1.253       NaN     0.000     0.000     0.000       NaN
Textiles            0.000     0.000     0.553     1.685    11.607     0.298     0.230       NaN     0.000     0.000     0.000     0.500
Other               0.002     0.002     0.893     1.380  1634.656     1.143    -0.553       NaN     0.000     0.000     0.000    -1.365
Food                0.002     0.002     0.832     1.543   919.277     1.020    -0.309       NaN     0.000     0.000     0.000    -0.622
PlantOperator       0.001     0.001     0.519     1.375     0.036     0.004     0.270       NaN     0.000     0.000     0.000     0.989
MetalMach.          0.001     0.001     0.661     1.181  1134.876     1.064    -0.747       NaN     0.000     0.000     0.000    -3.345
MetalProc.          0.000     0.000     0.859     1.393 41466.880     1.990    -1.147       NaN     0.000     0.000     0.000    -2.307
WoodMach.           0.003     0.003     0.649     1.090  2140.954     1.203    -1.021       NaN     0.000     0.000     0.000    -8.144
TextileMach.        0.001     0.001     0.719     0.983    49.010     0.496    -0.522       NaN     0.000     0.000     0.000    24.894
PrintMach.          0.001     0.001     0.728     0.719    -0.201    -0.023    -0.358       NaN     0.000     0.000     0.000     0.930
OtherMach.          0.020     0.020     0.778     1.211    83.042     0.578    -0.304       NaN     0.000     0.000     0.000    -1.386
Fabricators         0.013     0.013     0.752     1.290    41.507     0.471    -0.141       NaN     0.000     0.000     0.000    -0.517
Prod.Inspectors     0.007     0.007     0.683     1.049     2.796     0.147    -0.094       NaN     0.000     0.000     0.000    -1.874
MotorVehicle        0.073     0.073     0.713     0.749    12.311     0.306    -0.743       NaN     0.000     0.000     0.000     1.923
OtherVehicle        0.003     0.003     0.543     1.426   451.710     0.877    -0.316       NaN     0.000     0.000     0.000    -0.774
Freight             0.043     0.043     0.870     0.821    24.336     0.395    -0.699       NaN     0.000     0.000     0.000     2.689
 
mg(g,t):
mg =

 Columns 1 through 6:

   3.4138e+08   3.5209e+08   2.2195e+08   2.5055e+08   4.0147e+08   2.1981e+08
   3.9892e+07   5.2681e+07   4.5028e+07   7.3348e+07   1.7277e+08   1.0716e+08
   1.4593e+08   1.8454e+08   8.1874e+07   8.5695e+07   1.6139e+08   9.8369e+07
            0            0            0            0            0            0

 Column 7:

   2.3428e+08
   1.2678e+08
   1.1779e+08
            0

 
 
 
 
--------------------------------------------------------------------------------------------------
                          >>>>> Black Women <<<<<
--------------------------------------------------------------------------------------------------
 
======================================
 YEAR = 1960
======================================
  Note: tauh* := (1+tauh)^eta - 1 
 
                       pY     pfitY         Z    TauHat      TauH     tauh*     TauW0     TauW1  wagegrth  wagegrWM ExpFactor     alpha
---------------------------------------------------------------------------------------------------------------------------------------
Home                0.642       NaN     1.000       NaN     0.000     0.000     0.000     0.000       NaN       NaN     1.000       NaN
Managers            0.003     0.003     0.781    11.995172942.669     2.463     0.711     0.563     2.188     1.446     1.203     0.500
MgmtRelated         0.001     0.001     0.649     6.637  9772.632     1.576     0.612     0.509     1.702     1.344     1.176     0.500
Architects          0.000       NaN       NaN       NaN       NaN       NaN       NaN       NaN       NaN     1.437       NaN       NaN
Engineers           0.000       NaN       NaN       NaN       NaN       NaN       NaN       NaN       NaN     1.364       NaN       NaN
Math/CompSci        0.000       NaN       NaN       NaN       NaN       NaN       NaN     0.568       NaN     1.385     1.347       NaN
Science             0.000       NaN       NaN       NaN       NaN       NaN       NaN     0.531       NaN     1.320     1.347       NaN
Doctors             0.000     0.000     1.608    15.718642293.807     2.965     0.748     0.466     4.251     2.008     1.024     0.500
Nurses              0.010     0.010     1.045     1.065     0.355     0.032     0.031    -0.167     1.629     1.353     1.020     0.500
Therapists          0.000     0.000     0.769     1.650    10.362     0.284     0.221     0.233     1.324     1.344     1.196     0.500
Professors          0.000     0.000     1.573     4.374  1291.086     1.092     0.522     0.570     1.405     1.564     1.092     0.500
Teachers            0.024     0.024     0.952     1.214     1.561     0.102     0.092     0.097     1.391     1.398     1.090     0.500
Librarians          0.001     0.001     1.129     0.712    -0.800    -0.153    -0.189    -0.594     1.891     1.411     1.000     0.511
Soc.Scientists      0.000     0.000     0.919     3.222   291.882     0.795     0.443     0.603       NaN     1.584     1.000     0.500
SocialWork          0.002     0.002     0.856     1.641    10.079     0.281     0.219     0.150     1.463     1.343     1.164     0.500
Lawyers             0.000     0.000     1.160    10.984112783.496     2.314     0.698     0.550       NaN     1.707     1.044     0.500
Arts/Athletes       0.001     0.001     0.620     3.890   729.905     0.972     0.493     0.638     0.946     1.326     1.000     0.500
HealthTechs         0.008     0.008     0.772     0.860    -0.519    -0.073    -0.078    -0.360     1.809     1.434     1.184     0.500
Eng.Techs           0.000       NaN       NaN       NaN       NaN       NaN       NaN     0.641       NaN     1.295     1.305       NaN
ScienceTechs        0.000     0.000     0.615     9.304 50390.648     2.050     0.672     0.544       NaN     1.262     1.236     0.500
OtherTechs          0.000       NaN       NaN       NaN       NaN       NaN       NaN     0.514       NaN     1.523     1.057       NaN
Sales               0.009     0.009     0.877     6.906 11851.551     1.628     0.619     0.592     1.474     1.374     1.178     0.500
Secretaries         0.015     0.015     0.654     0.525    -0.800    -0.153    -0.615    -1.400     1.327     1.306     1.016     0.743
Info.Clerks         0.001     0.001     0.783     2.587    99.832     0.608     0.378     0.080     1.841     1.244     1.217     0.500
Records             0.001     0.001     0.802     2.100    35.629     0.449     0.310     0.380     1.272     1.417     1.124     0.500
FinancialClerk      0.002     0.002     0.610     2.018    29.191     0.420     0.296     0.258     1.477     1.402     1.201     0.500
OfficeMachine       0.002     0.002     0.607     1.624     9.527     0.274     0.215     0.150     0.911     1.181     1.121     0.500
ComputerTech        0.002     0.002     0.654     1.048     0.253     0.023     0.023    -0.039     1.374     1.292     1.000     0.500
Mail                0.001     0.001     0.484     2.454    77.056     0.566     0.362     0.162     1.623     1.237     1.189     0.500
Clerks              0.004     0.004     0.661     3.374   365.255     0.837     0.456     0.336     1.574     1.290     1.064     0.500
Insurance           0.000     0.000     0.798     7.428 16890.673     1.726     0.633     0.656     1.303     1.493     1.249     0.500
Misc.Admin          0.015     0.015     0.673     2.196    44.575     0.482     0.325     0.096     1.588     1.275     1.260     0.500
PrivateHshld        0.023     0.023     0.945     0.578    -0.800    -0.153    -0.465    -0.721     1.157     0.998     1.135     0.697
Firefighting        0.000       NaN       NaN       NaN       NaN       NaN       NaN       NaN       NaN     1.390       NaN       NaN
Police              0.000       NaN       NaN       NaN       NaN       NaN       NaN     0.653       NaN     1.367     1.207       NaN
Guards              0.000     0.000     0.628     8.851 39535.212     1.975     0.664     0.487     1.838     1.205     1.299     0.500
FoodPrep            0.036     0.036     0.929     1.045     0.239     0.022     0.022    -0.071     1.366     1.248     1.044     0.500
HealthService       0.017     0.017     0.739     0.446    -0.800    -0.153    -0.898    -1.547     1.658     1.380     1.192     0.794
Cleaning            0.004     0.004     0.666     1.305     2.641     0.142     0.125     0.140     1.277     1.300     1.000     0.500
PersonalService     0.096     0.096     1.199     0.921    -0.330    -0.040    -0.042    -0.448     1.731     1.246     1.000     0.500
FarmMgrs            0.000     0.000     2.250    46.551124946808.739     5.823     0.853     0.428     6.352     1.626     1.209     0.500
FarmWork            0.007     0.007     1.273     3.819   667.126     0.954     0.488     0.425     1.524     1.357     1.056     0.500
Agriculture         0.000       NaN       NaN       NaN       NaN       NaN       NaN     0.680       NaN     1.199     1.000       NaN
Forest              0.000       NaN       NaN       NaN       NaN       NaN       NaN     0.507       NaN     1.359     1.347       NaN
Mechanics           0.000       NaN       NaN       NaN       NaN       NaN       NaN     0.802       NaN     1.309     1.347       NaN
Elec.Repairer       0.000       NaN       NaN       NaN       NaN       NaN       NaN     0.796       NaN     1.221     1.347       NaN
Misc.Repairer       0.001     0.001     0.606    11.535143017.829     2.396     0.706     0.760     1.049     1.288     1.182     0.500
Construction        0.000     0.000     0.445    16.728869011.400     3.090     0.755     0.821       NaN     1.202     1.240     0.500
Extractive          0.000       NaN       NaN       NaN       NaN       NaN       NaN     0.678       NaN     1.188       NaN       NaN
Supervisor(P)       0.000     0.000     0.555    16.640847038.239     3.079     0.755     0.771     1.145     1.225     1.235     0.500
MetalWork           0.000       NaN       NaN       NaN       NaN       NaN       NaN     0.702       NaN     1.240     1.347       NaN
WoodWork            0.000       NaN       NaN       NaN       NaN       NaN       NaN     0.535       NaN     1.166     1.347       NaN
Textiles            0.006     0.006     0.627     0.958    -0.186    -0.021    -0.021     0.015     1.239     1.285     1.000     0.500
Other               0.000     0.000     0.590     4.630  1700.645     1.152     0.535     0.242     1.974     1.210     1.191     0.500
Food                0.000     0.000     0.959    11.647149914.938     2.413     0.707     0.515     2.060     1.244     1.268     0.500
PlantOperator       0.000       NaN       NaN       NaN       NaN       NaN       NaN       NaN       NaN     1.045     1.347       NaN
MetalMach.          0.000       NaN       NaN       NaN       NaN       NaN       NaN     0.479       NaN     1.153     1.296       NaN
MetalProc.          0.000       NaN       NaN       NaN       NaN       NaN       NaN     0.668       NaN     1.200     1.347       NaN
WoodMach.           0.000       NaN       NaN       NaN       NaN       NaN       NaN     0.641       NaN     1.244     1.347       NaN
TextileMach.        0.000       NaN       NaN       NaN       NaN       NaN       NaN     0.541       NaN     1.224     1.318       NaN
PrintMach.          0.020     0.020     0.841     0.850    -0.545    -0.078    -0.084    -0.360     1.528     1.218     1.000     0.500
OtherMach.          0.030     0.030     0.631     2.932   184.185     0.712     0.416     0.381     1.312     1.237     1.158     0.500
Fabricators         0.004     0.004     0.585     3.317   336.045     0.821     0.451     0.364     1.361     1.175     1.186     0.500
Prod.Inspectors     0.002     0.002     0.645     3.627   519.377     0.904     0.475     0.481     1.225     1.239     1.175     0.500
MotorVehicle        0.000     0.000     0.404    10.843105920.983     2.293     0.696     0.718     1.165     1.254     1.238     0.500
OtherVehicle        0.000     0.000     0.508    11.244126320.241     2.353     0.702     0.691       NaN     1.158     1.124     0.500
Freight             0.004     0.004     0.680     5.550  4103.075     1.356     0.576     0.519     1.417     1.252     1.199     0.500
 
======================================
 YEAR = 1970
======================================
  Note: tauh* := (1+tauh)^eta - 1 
 
                       pY     pfitY         Z    TauHat      TauH     tauh*     TauW0     TauW1  wagegrth  wagegrWM ExpFactor     alpha
---------------------------------------------------------------------------------------------------------------------------------------
Home                0.499       NaN     1.000       NaN     0.000     0.000     0.000     0.000       NaN       NaN     1.002       NaN
Managers            0.013     0.013     0.635     4.332   487.869     0.892     0.563     0.511     1.347     1.204     1.103     0.565
MgmtRelated         0.003     0.003     0.698     4.226  1206.201     1.077     0.509     0.388     1.385     1.111     1.323     0.493
Architects          0.000       NaN       NaN       NaN       NaN       NaN       NaN     0.497       NaN     1.071     1.497       NaN
Engineers           0.000       NaN       NaN       NaN       NaN       NaN       NaN     0.597       NaN     1.092     1.497       NaN
Math/CompSci        0.000     0.000     0.618     5.359  3459.484     1.315     0.568     0.476     1.364     1.124     1.245     0.500
Science             0.001     0.001     0.721     4.546  1555.544     1.132     0.531     0.608     1.041     1.246     1.131     0.500
Doctors             0.000     0.000     1.266    10.79724329785.952     4.765     0.466     0.468     1.415     1.420     1.010     0.264
Nurses              0.011     0.011     0.931     0.814    -0.396    -0.051    -0.167    -0.484     1.281     1.007     1.130     0.748
Therapists          0.001     0.001     0.920     1.761    17.483     0.350     0.233     0.078     1.239     1.030     1.285     0.469
Professors          0.001     0.001     1.340     3.568    61.997     0.532     0.570     0.511     1.248     1.097     1.175     0.664
Teachers            0.034     0.034     0.946     1.135     0.272     0.025     0.097     0.081     1.067     1.048     1.113     0.804
Librarians          0.001     0.001     1.237     1.287  1069.023     1.051    -0.594    -1.034     1.331     1.043     1.070    -1.849
Soc.Scientists      0.000     0.000     0.789     6.355  7916.832     1.521     0.603     0.575     1.221     1.141     1.372     0.500
SocialWork          0.005     0.005     0.900     1.298     1.592     0.103     0.150     0.044     1.081     0.978     1.156     0.623
Lawyers             0.000     0.000     0.516     4.936  2320.185     1.222     0.550     0.757     0.623     1.153     1.223     0.500
Arts/Athletes       0.001     0.001     0.614     3.564    10.808     0.290     0.638     0.676     0.889     0.993     1.093     0.800
HealthTechs         0.013     0.013     0.844     0.662    -0.637    -0.099    -0.360    -0.690     1.255     1.010     1.146     0.747
Eng.Techs           0.001     0.001     0.618     7.759 20868.919     1.786     0.641     0.579     1.283     1.094     1.303     0.500
ScienceTechs        0.000     0.000     0.763     4.802  2029.814     1.191     0.544     0.392     1.536     1.154     1.299     0.500
OtherTechs          0.001     0.001     0.548     4.236  1104.106     1.058     0.514     0.572     0.957     1.086     1.310     0.500
Sales               0.021     0.021     0.836     3.929    96.718     0.603     0.592     0.550     1.148     1.040     1.000     0.655
Secretaries         0.036     0.036     0.686     0.353    -0.800    -0.153    -1.400    -4.030     1.292     1.120     1.197     0.841
Info.Clerks         0.005     0.005     0.700     1.122     0.361     0.032     0.080    -0.296     1.265     1.118     1.208     0.725
Records             0.008     0.008     0.824     1.530    -0.405    -0.052     0.380    -0.416     1.267     0.813     1.278     1.126
FinancialClerk      0.010     0.010     0.684     1.218    -0.629    -0.097     0.258    -0.293     1.326     1.056     1.273     1.519
OfficeMachine       0.002     0.002     0.636     0.997    -0.800    -0.153     0.150    -0.256     1.564     1.059     1.121   -54.246
ComputerTech        0.009     0.009     0.724     1.137     4.022     0.181    -0.039    -0.046     1.254     1.245     1.000    -0.298
Mail                0.007     0.007     0.568     1.072    -0.649    -0.102     0.162     0.127     1.227     1.177     1.000     2.557
Clerks              0.004     0.004     0.698     3.412  2826.755     1.267     0.336     0.177     1.374     1.110     1.240     0.333
Insurance           0.003     0.003     0.737     2.466    -0.800    -0.153     0.656     0.046     1.738     1.025     1.317     1.184
Misc.Admin          0.039     0.039     0.714     0.937    -0.800    -0.153     0.096    -0.607     1.298     1.075     1.201    -1.540
PrivateHshld        0.045     0.045     1.080     0.492    -0.800    -0.153    -0.721    -1.905     1.398     0.828     1.000     0.766
Firefighting        0.000       NaN       NaN       NaN       NaN       NaN       NaN     0.708       NaN     1.075     1.497       NaN
Police              0.000     0.000     0.546     8.282 28637.822     1.878     0.653     0.329     2.060     1.067     1.350     0.500
Guards              0.001     0.001     0.803     4.012  1100.407     1.057     0.487     0.284     1.367     0.979     1.189     0.481
FoodPrep            0.031     0.031     0.920     0.992     0.805     0.063    -0.071    -0.492     1.219     0.875     1.005     8.784
HealthService       0.030     0.030     0.867     0.333    -0.800    -0.153    -1.547    -2.064     1.316     1.094     1.156     0.849
Cleaning            0.004     0.004     0.871     3.040 11304.104     1.615     0.140    -0.288     1.511     1.009     1.230     0.135
PersonalService     0.040     0.040     0.970     1.259   340.017     0.823    -0.448    -1.103     1.381     0.951     1.000    -1.609
FarmMgrs            0.001     0.001     0.925    10.83549466948.257     5.202     0.428     0.482     0.995     1.100     1.000     0.234
FarmWork            0.004     0.004     0.939     2.717    74.655     0.561     0.425     0.184     1.690     1.190     1.000     0.554
Agriculture         0.000     0.000     0.651     9.783 64271.708     2.128     0.680     0.557       NaN     0.966     1.378     0.500
Forest              0.000     0.000     0.667     4.110   953.917     1.027     0.507     0.615     0.851     1.092     1.000     0.500
Mechanics           0.000     0.000     0.726    25.5926846770.219     4.059     0.802     0.671     1.782     1.069     1.311     0.500
Elec.Repairer       0.000     0.000     0.782    23.9694981579.447     3.896     0.796     0.644     1.877     1.077     1.415     0.500
Misc.Repairer       0.001     0.001     0.592     8.016   565.754     0.921     0.760     0.759     1.087     1.082     1.150     0.686
Construction        0.001     0.001     1.093    31.22217975930.127     4.588     0.821     0.701     1.797     1.074     1.189     0.500
Extractive          0.000     0.000     0.557     9.660 60456.714     2.108     0.678     0.735       NaN     1.200     1.034     0.500
Supervisor(P)       0.002     0.002     0.686     7.608   219.282     0.743     0.771     0.659     1.658     1.115     1.223     0.726
MetalWork           0.000     0.000     0.499    11.232125670.468     2.351     0.702     0.712     1.018     1.054     1.349     0.500
WoodWork            0.000     0.000     0.649     4.631  1703.185     1.152     0.535     0.325     1.282     0.882     1.195     0.500
Textiles            0.001     0.001     0.736     2.405  4333.129     1.369     0.015    -0.232     1.107     0.885     1.171     0.017
Other               0.000     0.000     0.652     3.108  4097.154     1.356     0.242     0.268     0.900     0.932     1.119     0.244
Food                0.002     0.002     0.859     4.341  1377.768     1.106     0.515     0.479     1.130     1.053     1.040     0.493
PlantOperator       0.000       NaN       NaN       NaN       NaN       NaN       NaN     0.562       NaN     1.127     1.497       NaN
MetalMach.          0.002     0.002     0.562     3.680   557.070     0.918     0.479     0.347     1.337     1.067     1.193     0.500
MetalProc.          0.000     0.000     0.635     9.047 43967.028     2.008     0.668     0.525     1.543     1.080     1.448     0.500
WoodMach.           0.000     0.000     0.748     7.744 20670.365     1.783     0.641     0.406     1.674     1.013     1.381     0.500
TextileMach.        0.001     0.001     0.598     4.756  1937.462     1.181     0.541     0.505     1.058     0.980     1.212     0.500
PrintMach.          0.035     0.035     0.728     0.718    -0.208    -0.024    -0.360    -0.774     1.183     0.958     1.148     0.928
OtherMach.          0.039     0.039     0.696     2.128    13.585     0.318     0.381     0.279     1.258     1.081     1.055     0.634
Fabricators         0.015     0.015     0.640     1.955     7.329     0.244     0.364     0.267     1.215     1.054     1.111     0.674
Prod.Inspectors     0.007     0.007     0.726     2.167     2.132     0.125     0.481     0.339     1.400     1.099     1.207     0.848
MotorVehicle        0.002     0.002     0.568     6.660   453.463     0.878     0.718     0.638     1.428     1.113     1.218     0.668
OtherVehicle        0.001     0.001     0.745    10.473 89478.351     2.236     0.691     0.535     1.735     1.152     1.186     0.500
Freight             0.007     0.007     0.726     3.378   109.438     0.623     0.519     0.323     1.518     1.077     1.299     0.602
 
======================================
 YEAR = 1980
======================================
  Note: tauh* := (1+tauh)^eta - 1 
 
                       pY     pfitY         Z    TauHat      TauH     tauh*     TauW0     TauW1  wagegrth  wagegrWM ExpFactor     alpha
---------------------------------------------------------------------------------------------------------------------------------------
Home                0.388       NaN     1.000       NaN     0.000     0.000     0.000     0.000       NaN       NaN     1.000       NaN
Managers            0.020     0.020     0.666     3.080    51.960     0.505     0.511     0.462     1.578     1.434     1.119     0.637
MgmtRelated         0.025     0.025     0.709     1.721     0.662     0.054     0.388     0.346     1.433     1.342     1.090     0.904
Architects          0.000     0.000     0.578     3.949   785.045     0.987     0.497     0.577       NaN     1.445     1.000     0.500
Engineers           0.001     0.001     0.619     6.170  6857.276     1.484     0.597     0.579     1.378     1.318     1.095     0.500
Math/CompSci        0.002     0.002     0.644     2.315     5.536     0.213     0.476     0.342     1.631     1.298     1.089     0.770
Science             0.001     0.001     0.814     3.742    40.406     0.467     0.608     0.554     1.536     1.351     1.064     0.709
Doctors             0.001     0.001     0.871     4.913 11321.253     1.616     0.468     0.380     2.085     1.791     1.012     0.396
Nurses              0.014     0.014     0.890     0.704     0.520     0.044    -0.484    -0.639     1.509     1.366     1.083     1.123
Therapists          0.002     0.002     0.788     1.302     4.895     0.200     0.078     0.062     1.442     1.418     1.058     0.308
Professors          0.002     0.002     1.316     1.812    -0.694    -0.115     0.511     0.525     1.463     1.505     1.000     1.205
Teachers            0.043     0.043     1.003     1.010    -0.514    -0.072     0.081     0.012     1.480     1.377     1.079     8.687
Librarians          0.001     0.001     1.003     0.849   198.676     0.726    -1.034    -1.010     1.357     1.373     1.029     4.321
Soc.Scientists      0.001     0.001     0.904     2.181    -0.524    -0.074     0.575     0.496     1.519     1.366     1.000     1.098
SocialWork          0.011     0.011     0.897     0.886    -0.800    -0.153     0.044    -0.207     1.417     1.291     1.045    -0.373
Lawyers             0.001     0.001     0.856     3.560    -0.752    -0.134     0.757     0.683     1.984     1.722     1.039     1.113
Arts/Athletes       0.003     0.003     0.747     2.661    -0.763    -0.138     0.676     0.592     1.505     1.331     1.069     1.152
HealthTechs         0.016     0.016     0.804     0.648     1.406     0.095    -0.690    -0.713     1.350     1.332     1.047     1.208
Eng.Techs           0.003     0.003     0.619     3.346    26.744     0.408     0.579     0.499     1.505     1.265     1.086     0.717
ScienceTechs        0.001     0.001     0.637     2.073     8.441     0.260     0.392     0.382     1.315     1.292     1.059     0.683
OtherTechs          0.005     0.005     0.689     2.247    -0.310    -0.037     0.572     0.574     1.314     1.321     1.062     1.047
Sales               0.031     0.031     0.816     3.043    20.391     0.371     0.550     0.542     1.307     1.285     1.000     0.717
Secretaries         0.060     0.060     0.753     0.168    -0.800    -0.153    -4.030    -4.473     1.283     1.202     1.000     0.907
Info.Clerks         0.010     0.010     0.809     0.653    -0.800    -0.153    -0.296    -0.508     1.262     1.158     1.029     0.610
Records             0.015     0.015     0.707     0.598    -0.800    -0.153    -0.416    -0.611     1.410     1.253     1.087     0.677
FinancialClerk      0.018     0.018     0.743     0.655    -0.800    -0.153    -0.293    -0.690     1.283     1.131     1.061     0.608
OfficeMachine       0.001     0.001     0.722     0.742    -0.494    -0.068    -0.256    -0.394     1.294     1.166     1.045     0.765
ComputerTech        0.015     0.015     0.654     0.865    -0.623    -0.096    -0.046    -0.199     1.362     1.188     1.021     0.309
Mail                0.008     0.008     0.505     1.040    -0.607    -0.092     0.127     0.018     1.161     1.144     1.011     3.425
Clerks              0.010     0.010     0.632     1.784    40.537     0.468     0.177     0.057     1.365     1.191     1.067     0.337
Insurance           0.009     0.009     0.723     0.888    -0.800    -0.153     0.046    -0.220     1.274     1.255     1.096    -0.402
Misc.Admin          0.055     0.055     0.766     0.527    -0.800    -0.153    -0.607    -0.603     1.248     1.274     1.016     0.741
PrivateHshld        0.015     0.015     0.870     0.465    17.414     0.350    -1.905    -2.242     1.284     1.150     1.097     1.392
Firefighting        0.000     0.000     0.485    11.749156395.152     2.428     0.708     0.683     1.452     1.336     1.261     0.500
Police              0.002     0.002     0.614     3.617  5436.360     1.425     0.329     0.165     1.562     1.254     1.162     0.311
Guards              0.002     0.002     0.701     1.981    28.751     0.418     0.284     0.179     1.299     1.133     1.078     0.489
FoodPrep            0.022     0.022     0.905     1.084   105.527     0.617    -0.492    -0.618     1.233     1.136     1.080    -4.948
HealthService       0.037     0.037     0.883     0.387     4.198     0.185    -2.064    -1.920     1.264     1.326     1.091     1.179
Cleaning            0.008     0.008     0.757     2.007 10079.703     1.584    -0.288    -0.393     1.222     1.130     1.108    -0.363
PersonalService     0.015     0.015     0.889     0.868   344.452     0.826    -1.103    -1.265     1.207     1.120     1.043     5.262
FarmMgrs            0.000     0.000     1.269    23.03828203025024.369    10.923     0.482     0.098     1.889     1.084     1.065     0.210
FarmWork            0.001     0.001     0.778     3.570 32319.559     1.914     0.184     0.030     1.361     1.145     1.053     0.159
Agriculture         0.000     0.000     0.825     5.091  2698.269     1.256     0.557     0.496     1.267     1.115     1.067     0.500
Forest              0.000     0.000     0.639     7.300 22567.607     1.808     0.615     0.552     1.284     1.102     1.059     0.481
Mechanics           0.001     0.001     0.534     8.661 26358.466     1.853     0.671     0.400     2.111     1.160     1.183     0.514
Elec.Repairer       0.002     0.002     0.529     3.956    26.846     0.409     0.644     0.532     1.514     1.153     1.064     0.751
Misc.Repairer       0.001     0.001     0.620     5.980    33.348     0.439     0.759     0.690     1.417     1.102     1.000     0.796
Construction        0.002     0.002     0.604     9.854 36487.723     1.951     0.701     0.659     1.273     1.118     1.000     0.527
Extractive          0.000     0.000     0.806    14.266401310.808     2.777     0.735     0.465     2.287     1.132     1.000     0.500
Supervisor(P)       0.004     0.004     0.596     3.944    16.611     0.344     0.659     0.631     1.340     1.237     1.063     0.785
MetalWork           0.001     0.001     0.621     5.937   182.398     0.711     0.712     0.628     1.514     1.171     1.000     0.699
WoodWork            0.000     0.000     0.921     4.758 82964.254     2.211     0.325     0.267     1.256     1.156     1.041     0.252
Textiles            0.001     0.001     0.681     1.250    65.122     0.540    -0.232    -0.417     1.301     1.131     1.051    -0.932
Other               0.001     0.001     0.669     2.459   300.571     0.800     0.268     0.237     1.268     1.216     1.097     0.346
Food                0.002     0.002     0.721     3.167   127.689     0.649     0.479     0.339     1.336     1.054     1.140     0.566
PlantOperator       0.000     0.000     0.554     5.209  3015.410     1.282     0.562     0.485     1.433     1.219     1.000     0.500
MetalMach.          0.003     0.003     0.593     2.842   405.589     0.857     0.347     0.180     1.425     1.135     1.055     0.408
MetalProc.          0.001     0.001     0.651     2.572     5.992     0.222     0.525     0.478     1.326     1.205     1.000     0.788
WoodMach.           0.000     0.000     0.683     2.861   171.793     0.700     0.406     0.390     1.090     1.061     1.000     0.495
TextileMach.        0.001     0.001     0.717     3.340   131.238     0.654     0.505     0.389     1.446     1.172     1.024     0.583
PrintMach.          0.031     0.031     0.709     0.478    -0.800    -0.153    -0.774    -0.637     1.129     1.222     1.006     0.776
OtherMach.          0.022     0.022     0.641     1.965    28.449     0.417     0.279     0.201     1.285     1.160     1.044     0.484
Fabricators         0.020     0.020     0.619     1.761    10.859     0.290     0.267     0.134     1.333     1.128     1.042     0.550
Prod.Inspectors     0.009     0.009     0.642     1.420    -0.458    -0.061     0.339     0.350     1.174     1.195     1.039     1.180
MotorVehicle        0.005     0.005     0.600     4.564   129.395     0.651     0.638     0.512     1.455     1.078     1.142     0.670
OtherVehicle        0.001     0.001     0.585     5.905 18335.889     1.749     0.535     0.403     1.474     1.149     1.005     0.431
Freight             0.016     0.016     0.679     2.073    26.075     0.405     0.323     0.247     1.228     1.105     1.029     0.534
 
======================================
 YEAR = 1990
======================================
  Note: tauh* := (1+tauh)^eta - 1 
 
                       pY     pfitY         Z    TauHat      TauH     tauh*     TauW0     TauW1  wagegrth  wagegrWM ExpFactor     alpha
---------------------------------------------------------------------------------------------------------------------------------------
Home                0.355       NaN     1.000       NaN     0.000     0.000     0.000     0.000       NaN       NaN     1.000       NaN
Managers            0.033     0.033     0.638     2.305     7.059     0.240     0.462     0.487     1.401     1.469     1.000     0.743
MgmtRelated         0.036     0.036     0.684     1.364    -0.670    -0.108     0.346     0.349     1.296     1.340     1.047     1.368
Architects          0.000     0.000     0.613     5.594  4262.451     1.365     0.577     0.608     1.262     1.360     1.000     0.500
Engineers           0.002     0.002     0.537     4.196   249.615     0.766     0.579     0.621     1.152     1.279     1.000     0.603
Math/CompSci        0.004     0.004     0.596     2.019    14.878     0.329     0.342     0.309     1.236     1.178     1.055     0.595
Science             0.001     0.001     0.700     2.394     0.882     0.067     0.554     0.600     1.279     1.426     1.000     0.925
Doctors             0.002     0.002     0.757     2.981   387.278     0.848     0.380     0.447     1.586     1.778     1.067     0.438
Nurses              0.018     0.018     0.673     0.576    -0.423    -0.055    -0.639    -0.714     1.300     1.243     1.007     0.897
Therapists          0.003     0.003     0.679     0.925    -0.749    -0.133     0.062     0.120     1.247     1.329     1.000    -0.829
Professors          0.001     0.001     1.553     2.138     0.158     0.015     0.525     0.430     1.594     1.440     1.122     0.980
Teachers            0.029     0.029     0.931     0.883    -0.733    -0.127     0.012    -0.017     1.234     1.238     1.099    -0.096
Librarians          0.001     0.001     1.069     0.854   189.523     0.717    -1.010    -1.056     1.316     1.286     1.000     4.435
Soc.Scientists      0.002     0.002     0.848     1.682    -0.800    -0.153     0.496     0.414     1.419     1.389     1.000     1.319
SocialWork          0.011     0.011     0.812     0.702    -0.800    -0.153    -0.207    -0.269     1.187     1.251     1.000     0.531
Lawyers             0.002     0.002     0.757     2.669    -0.800    -0.153     0.683     0.590     1.183     1.391     1.006     1.169
Arts/Athletes       0.005     0.005     0.660     2.078    -0.800    -0.153     0.592     0.597     1.267     1.311     1.000     1.227
HealthTechs         0.016     0.016     0.710     0.674     3.041     0.155    -0.713    -0.661     1.256     1.295     1.066     1.365
Eng.Techs           0.002     0.002     0.616     3.518   243.799     0.762     0.499     0.446     1.317     1.191     1.094     0.550
ScienceTechs        0.001     0.001     0.613     2.190    18.010     0.354     0.382     0.336     1.306     1.216     1.127     0.613
OtherTechs          0.008     0.008     0.620     2.009    -0.779    -0.144     0.574     0.602     1.453     1.580     1.010     1.223
Sales               0.052     0.052     0.779     2.525     3.121     0.157     0.542     0.569     1.192     1.266     1.000     0.843
Secretaries         0.052     0.052     0.708     0.155    -0.800    -0.153    -4.473    -4.147     1.214     1.291     1.000     0.911
Info.Clerks         0.014     0.014     0.782     0.562    -0.800    -0.153    -0.508    -0.776     1.201     1.188     1.038     0.712
Records             0.011     0.011     0.735     0.526    -0.800    -0.153    -0.611    -0.677     1.104     1.061     1.000     0.742
FinancialClerk      0.018     0.018     0.696     0.501    -0.800    -0.153    -0.690    -0.945     1.270     1.208     1.101     0.760
OfficeMachine       0.001     0.001     0.759     0.862     4.957     0.202    -0.394    -0.813     2.012     1.547     1.101     2.242
ComputerTech        0.012     0.012     0.665     0.844     0.118     0.012    -0.199    -0.156     1.119     1.160     1.026     1.068
Mail                0.011     0.011     0.523     0.863    -0.800    -0.153     0.018     0.063     1.055     1.105     1.000    -0.125
Clerks              0.012     0.012     0.652     1.570    44.054     0.480     0.057     0.083     1.142     1.175     1.024     0.130
Insurance           0.018     0.018     0.699     0.694    -0.800    -0.153    -0.220    -0.269     1.235     1.239     1.042     0.546
Misc.Admin          0.051     0.051     0.771     0.528    -0.800    -0.153    -0.603    -0.710     1.270     1.190     1.039     0.740
PrivateHshld        0.014     0.014     0.880     0.412    15.543     0.335    -2.242    -3.186     1.298     1.005     1.116     1.326
Firefighting        0.000     0.000     0.591     8.129  9833.105     1.578     0.683     0.556     1.776     1.267     1.028     0.548
Police              0.006     0.006     0.526     1.709    30.657     0.427     0.165     0.192     1.195     1.235     1.067     0.336
Guards              0.004     0.004     0.664     1.388     2.540     0.139     0.179     0.110     1.263     1.164     1.167     0.603
FoodPrep            0.027     0.027     0.904     1.201   632.911     0.944    -0.618    -0.747     1.306     1.210     1.117    -2.630
HealthService       0.044     0.044     0.862     0.368     0.993     0.074    -1.920    -2.558     1.369     1.124     1.122     1.071
Cleaning            0.010     0.010     0.801     1.913 13561.416     1.665    -0.393    -0.515     1.237     1.137     1.057    -0.511
PersonalService     0.015     0.015     0.845     0.735   140.220     0.665    -1.265    -1.224     1.334     1.359     1.073     2.658
FarmMgrs            0.000     0.000     0.929    19.061985747155797.149    16.193     0.098     0.333     0.896     1.211     1.000     0.035
FarmWork            0.001     0.001     0.783     3.820333999.957     2.706     0.030     0.015     1.128     1.112     1.031     0.022
Agriculture         0.001     0.001     0.758     5.250 12610.284     1.645     0.496     0.435     1.329     1.186     1.069     0.413
Forest              0.000     0.000     0.624     6.076 16800.276     1.724     0.552     0.491     1.340     1.182     1.110     0.445
Mechanics           0.001     0.001     0.530     6.897971828.934     3.137     0.400     0.367     1.273     1.206     1.096     0.265
Elec.Repairer       0.001     0.001     0.499     3.470   108.759     0.622     0.532     0.446     1.381     1.164     1.056     0.611
Misc.Repairer       0.001     0.001     0.616     5.561   194.384     0.722     0.690     0.642     1.332     1.152     1.000     0.683
Construction        0.002     0.002     0.573     8.122 19681.962     1.769     0.659     0.638     1.240     1.167     1.000     0.514
Extractive          0.000     0.000     0.509     6.627215681.383     2.543     0.465     0.486     1.096     1.140     1.000     0.331
Supervisor(P)       0.002     0.002     0.619     4.112    56.314     0.517     0.631     0.559     1.398     1.170     1.134     0.705
MetalWork           0.001     0.001     0.587     5.768  1675.578     1.148     0.628     0.637     1.115     1.142     1.000     0.564
WoodWork            0.000     0.000     0.827     5.278508819.334     2.871     0.267     0.158     1.326     1.155     1.000     0.186
Textiles            0.001     0.001     0.716     1.220   202.161     0.729    -0.417    -0.694     1.365     1.141     1.000    -1.749
Other               0.001     0.001     0.663     2.110   101.421     0.611     0.237    -0.154     1.738     1.150     1.273     0.362
Food                0.003     0.003     0.770     2.108    23.923     0.393     0.339     0.215     1.304     1.098     1.086     0.556
PlantOperator       0.000     0.000     0.613     6.697165821.834     2.448     0.485     0.352     1.443     1.146     1.130     0.349
MetalMach.          0.001     0.001     0.675     3.457 24740.375     1.835     0.180     0.070     1.266     1.116     1.109     0.160
MetalProc.          0.000     0.000     0.664     3.409   270.042     0.781     0.478     0.446     1.227     1.157     1.125     0.530
WoodMach.           0.000     0.000     0.733     3.588  2017.492     1.190     0.390     0.119     2.090     1.448     1.281     0.386
TextileMach.        0.001     0.001     0.629     2.926   279.545     0.787     0.389     0.409     1.090     1.127     1.014     0.459
PrintMach.          0.023     0.023     0.761     0.611    -0.001    -0.000    -0.637    -0.807     1.251     1.134     1.000     1.000
OtherMach.          0.014     0.014     0.691     2.110   157.470     0.685     0.201     0.102     1.282     1.140     1.089     0.301
Fabricators         0.014     0.014     0.648     1.822    82.805     0.578     0.134     0.065     1.258     1.165     1.034     0.240
Prod.Inspectors     0.007     0.007     0.706     1.519    -0.117    -0.013     0.350     0.320     1.247     1.193     1.000     1.031
MotorVehicle        0.007     0.007     0.643     3.771   374.855     0.842     0.512     0.450     1.312     1.166     1.113     0.540
OtherVehicle        0.001     0.001     0.543     5.501103979.121     2.287     0.403     0.280     1.386     1.150     1.043     0.302
Freight             0.012     0.012     0.717     2.133    98.044     0.605     0.247     0.146     1.307     1.152     1.095     0.375
 
======================================
 YEAR = 2000
======================================
  Note: tauh* := (1+tauh)^eta - 1 
 
                       pY     pfitY         Z    TauHat      TauH     tauh*     TauW0     TauW1  wagegrth  wagegrWM ExpFactor     alpha
---------------------------------------------------------------------------------------------------------------------------------------
Home                0.333       NaN     1.000       NaN     0.000     0.000     0.000     0.000       NaN       NaN     1.000       NaN
Managers            0.035     0.035     0.838     2.188     2.060     0.122     0.487     0.436     1.410     1.282     1.042     0.853
MgmtRelated         0.046     0.046     0.895     1.302    -0.800    -0.153     0.349     0.367     1.291     1.335     1.032     1.629
Architects          0.000     0.000     0.862     4.431   214.287     0.739     0.608     0.620     1.305     1.349     1.000     0.628
Engineers           0.003     0.003     0.724     3.146     4.549     0.193     0.621     0.646     1.230     1.316     1.000     0.846
Math/CompSci        0.008     0.008     0.778     2.087    33.917     0.442     0.309     0.282     1.277     1.229     1.064     0.503
Science             0.001     0.001     1.067     2.305    -0.544    -0.078     0.600     0.506     1.733     1.548     1.054     1.097
Doctors             0.002     0.002     1.062     2.253     7.407     0.245     0.447     0.418     1.854     1.761     1.045     0.730
Nurses              0.016     0.016     0.843     0.592     0.159     0.015    -0.714    -0.712     1.355     1.357     1.088     1.029
Therapists          0.003     0.003     0.969     1.090    -0.332    -0.041     0.120    -0.024     1.252     1.396     1.023     1.482
Professors          0.003     0.003     1.712     1.486    -0.800    -0.153     0.430     0.366     1.482     1.540     1.078     1.418
Teachers            0.047     0.047     1.277     0.833    -0.800    -0.153    -0.017    -0.025     1.260     1.351     1.034     0.093
Librarians          0.000     0.000     1.313     1.012  1230.489     1.081    -1.056    -1.135     1.486     1.431     1.045   -59.099
Soc.Scientists      0.001     0.001     1.095     1.445    -0.800    -0.153     0.414     0.359     1.269     1.510     1.000     1.450
SocialWork          0.014     0.014     1.082     0.668    -0.800    -0.153    -0.269    -0.278     1.230     1.250     1.021     0.589
Lawyers             0.003     0.003     1.015     2.064    -0.800    -0.153     0.590     0.577     1.425     1.525     1.040     1.229
Arts/Athletes       0.005     0.005     0.910     2.103    -0.800    -0.153     0.597     0.581     1.213     1.226     1.000     1.223
HealthTechs         0.017     0.017     0.945     0.736     6.029     0.222    -0.661    -0.644     1.281     1.295     1.093     1.655
Eng.Techs           0.002     0.002     0.782     2.652    40.645     0.468     0.446     0.484     1.157     1.242     1.016     0.606
ScienceTechs        0.001     0.001     0.843     1.756     3.436     0.166     0.336     0.327     1.269     1.251     1.003     0.727
OtherTechs          0.009     0.009     0.811     2.129    -0.800    -0.153     0.602     0.631     1.193     1.287     1.008     1.219
Sales               0.061     0.061     1.035     2.149    -0.520    -0.073     0.569     0.544     1.115     1.154     1.000     1.099
Secretaries         0.031     0.031     0.961     0.296    59.361     0.526    -4.147    -4.106     1.127     1.136     1.000     1.347
Info.Clerks         0.017     0.017     1.047     0.477    -0.800    -0.153    -0.776    -0.761     1.147     1.156     1.035     0.776
Records             0.007     0.007     1.001     0.556    -0.492    -0.067    -0.677    -0.714     1.205     1.179     1.008     0.881
FinancialClerk      0.020     0.020     0.924     0.436    -0.800    -0.153    -0.945    -0.793     1.153     1.251     1.002     0.800
OfficeMachine       0.003     0.003     0.776     0.506    -0.569    -0.083    -0.813    -1.017     1.191     1.070     1.000     0.873
ComputerTech        0.005     0.005     0.978     0.866     0.015     0.002    -0.156    -0.006     1.100     1.264     1.000     1.011
Mail                0.006     0.006     0.814     0.944    -0.694    -0.115     0.063     0.078     1.180     1.199     1.000    -1.129
Clerks              0.012     0.012     0.901     1.551    29.624     0.423     0.083     0.002     1.175     1.080     1.052     0.197
Insurance           0.045     0.045     0.939     0.668    -0.800    -0.153    -0.269    -0.296     1.141     1.118     1.026     0.590
Misc.Admin          0.033     0.033     1.037     0.518    -0.692    -0.114    -0.710    -0.692     1.207     1.220     1.000     0.816
PrivateHshld        0.010     0.010     1.155     0.351    40.607     0.468    -3.186    -3.391     1.087     1.036     1.000     1.367
Firefighting        0.000     0.000     0.760     6.068 15220.829     1.696     0.556     0.391     1.802     1.315     1.000     0.450
Police              0.010     0.010     0.778     1.782    33.347     0.439     0.192     0.228     1.228     1.285     1.039     0.369
Guards              0.006     0.006     0.986     1.160     0.372     0.033     0.110     0.091     1.182     1.158     1.020     0.781
FoodPrep            0.024     0.024     1.154     1.341  3893.629     1.343    -0.747    -0.856     1.063     1.000     1.054    -1.899
HealthService       0.053     0.053     1.101     0.283     0.083     0.008    -2.558    -2.419     1.113     1.158     1.062     1.007
Cleaning            0.005     0.005     1.018     1.930 33436.236     1.924    -0.515    -0.532     1.087     1.075     1.060    -0.632
PersonalService     0.029     0.029     1.100     0.612    19.052     0.362    -1.224    -1.155     1.053     1.087     1.023     1.630
FarmMgrs            0.000       NaN       NaN       NaN       NaN       NaN     0.333     0.697       NaN     1.308     1.000       NaN
FarmWork            0.001     0.001     1.031     4.2171007772.066     3.153     0.015     0.117     0.938     1.046     1.000     0.011
Agriculture         0.001     0.001     0.895     4.994 23462.215     1.819     0.435     0.371     1.094     0.982     1.034     0.355
Forest              0.000     0.000     0.756     3.888   748.461     0.977     0.491     0.610     0.861     1.122     1.000     0.498
Mechanics           0.001     0.001     0.736     6.8031441032.775     3.309     0.367     0.301     1.203     1.090     1.033     0.238
Elec.Repairer       0.001     0.001     0.673     3.206   265.906     0.778     0.446     0.415     1.202     1.138     1.000     0.506
Misc.Repairer       0.001     0.001     0.774     4.519   105.337     0.617     0.642     0.607     1.213     1.103     1.000     0.681
Construction        0.002     0.002     0.741     8.791 76661.574     2.185     0.638     0.642     1.055     1.068     1.008     0.467
Extractive          0.000       NaN       NaN       NaN       NaN       NaN     0.486     0.723       NaN     1.282     1.000       NaN
Supervisor(P)       0.003     0.003     0.792     2.844     8.005     0.254     0.559     0.549     1.203     1.177     1.024     0.783
MetalWork           0.001     0.001     0.736     4.699   179.921     0.708     0.637     0.675     0.963     1.076     1.000     0.654
WoodWork            0.000     0.000     0.991     5.9135844356.413     3.977     0.158    -0.033     1.280     1.043     1.203     0.097
Textiles            0.000     0.000     1.158     2.9245586695.090     3.954    -0.694    -1.289     1.336     0.989     1.000    -0.491
Other               0.004     0.004     0.943     0.927     0.917     0.069    -0.154    -0.337     1.283     1.107     1.096     1.884
Food                0.002     0.002     1.006     1.695    14.968     0.330     0.215     0.147     1.088     1.001     1.042     0.459
PlantOperator       0.000     0.000     0.734     9.41742513347.613     5.106     0.352     0.208     1.443     1.181     1.352     0.193
MetalMach.          0.001     0.001     0.889     2.714  8027.597     1.525     0.070    -0.030     1.096     0.990     1.000     0.072
MetalProc.          0.000     0.000     0.875     2.797    68.967     0.549     0.446     0.419     1.058     1.009     1.000     0.575
WoodMach.           0.002     0.002     0.842     2.119   427.493     0.867     0.119     0.096     1.056     1.030     1.022     0.169
TextileMach.        0.001     0.001     0.925     2.942   213.784     0.739     0.409     0.344     1.135     1.022     1.013     0.487
PrintMach.          0.007     0.007     0.972     0.870    80.243     0.573    -0.807    -0.799     0.976     0.981     1.000     4.263
OtherMach.          0.012     0.012     0.891     1.803   106.305     0.619     0.102     0.085     1.078     1.058     1.000     0.183
Fabricators         0.011     0.011     0.838     1.686    81.831     0.576     0.065     0.044     1.077     1.053     1.000     0.129
Prod.Inspectors     0.005     0.005     0.919     1.503     0.234     0.022     0.320     0.345     1.112     1.154     1.000     0.947
MotorVehicle        0.009     0.009     0.856     3.001   127.763     0.649     0.450     0.386     1.165     1.043     1.103     0.545
OtherVehicle        0.000     0.000     0.645     4.437 78901.387     2.194     0.280     0.191     1.297     1.155     1.000     0.221
Freight             0.009     0.009     0.945     1.890   103.380     0.614     0.146     0.109     1.067     1.022     1.000     0.248
 
======================================
 YEAR = 2010
======================================
  Note: tauh* := (1+tauh)^eta - 1 
 
                       pY     pfitY         Z    TauHat      TauH     tauh*     TauW0     TauW1  wagegrth  wagegrWM ExpFactor     alpha
---------------------------------------------------------------------------------------------------------------------------------------
Home                0.280       NaN     1.000       NaN     0.000     0.000     0.000     0.000       NaN       NaN     1.000       NaN
Managers            0.041     0.041     0.750     1.808     0.214     0.020     0.436     0.447     1.291     1.317     1.026     0.966
MgmtRelated         0.040     0.040     0.796     1.339    -0.800    -0.153     0.367     0.403     1.199     1.270     1.051     1.567
Architects          0.000     0.000     0.533     2.655     0.087     0.009     0.620     0.614     1.168     1.475     1.000     0.991
Engineers           0.002     0.002     0.623     3.366     4.532     0.193     0.646     0.659     1.185     1.230     1.009     0.855
Math/CompSci        0.008     0.008     0.699     2.034    38.550     0.461     0.282     0.306     1.156     1.196     1.077     0.467
Science             0.002     0.002     0.921     1.714    -0.800    -0.153     0.506     0.427     1.393     1.392     1.094     1.308
Doctors             0.003     0.003     0.882     1.739     0.123     0.012     0.418     0.434     1.467     1.853     1.000     0.978
Nurses              0.023     0.023     0.772     0.560    -0.335    -0.041    -0.712    -0.714     1.146     1.145     1.019     0.927
Therapists          0.006     0.006     0.873     0.827    -0.800    -0.153    -0.024    -0.049     1.126     1.098     1.000     0.125
Professors          0.004     0.004     1.656     1.336    -0.800    -0.153     0.366     0.121     1.390     1.547     1.103     1.572
Teachers            0.057     0.057     1.124     0.827    -0.800    -0.153    -0.025    -0.169     1.146     1.119     1.020     0.128
Librarians          0.000     0.000     1.242     0.926   745.374     0.977    -1.135    -1.068     1.265     1.306     1.060     9.824
Soc.Scientists      0.002     0.002     0.831     1.322    -0.800    -0.153     0.359     0.345     1.309     1.295     1.000     1.594
SocialWork          0.017     0.017     0.977     0.663    -0.800    -0.153    -0.278    -0.316     1.146     1.113     1.000     0.596
Lawyers             0.003     0.003     0.857     2.001    -0.800    -0.153     0.577     0.494     1.255     1.335     1.063     1.239
Arts/Athletes       0.005     0.005     0.837     2.021    -0.800    -0.153     0.581     0.347     1.121     1.118     1.026     1.236
HealthTechs         0.022     0.022     0.772     0.656     1.091     0.079    -0.644    -0.361     1.153     1.393     1.048     1.180
Eng.Techs           0.001     0.001     0.708     2.664    20.779     0.373     0.484     0.486     1.139     1.142     1.098     0.676
ScienceTechs        0.001     0.001     0.690     1.363    -0.567    -0.083     0.327     0.088     1.434     1.059     1.091     1.279
OtherTechs          0.007     0.007     0.744     2.373    -0.726    -0.125     0.631     0.669     1.256     1.400     1.000     1.154
Sales               0.077     0.077     1.034     1.858    -0.800    -0.153     0.544     0.549     1.260     1.274     1.000     1.268
Secretaries         0.024     0.024     0.931     0.361   375.169     0.842    -4.106    -3.695     1.040     1.131     1.000     1.599
Info.Clerks         0.018     0.018     0.970     0.514    -0.619    -0.095    -0.761    -0.753     1.078     1.249     1.032     0.851
Records             0.006     0.006     0.950     0.653     1.967     0.119    -0.714    -0.620     1.323     1.400     1.037     1.263
FinancialClerk      0.013     0.013     0.859     0.562     0.070     0.007    -0.793    -0.752     1.169     1.196     1.028     1.012
OfficeMachine       0.001     0.001     0.867     0.641    11.191     0.294    -1.017    -1.268     1.137     1.012     1.140     1.580
ComputerTech        0.002     0.002     0.866     0.937    -0.435    -0.057    -0.006     0.312     1.137     1.662     1.035     0.093
Mail                0.003     0.003     0.697     1.078    -0.052    -0.006     0.078     0.179     0.789     0.917     1.112     1.073
Clerks              0.015     0.015     0.861     1.313    12.709     0.310     0.002     0.158     1.026     1.216     1.029     0.008
Insurance           0.048     0.048     0.893     0.684    -0.689    -0.113    -0.296    -0.148     1.086     1.226     1.035     0.683
Misc.Admin          0.025     0.025     0.945     0.617     0.509     0.043    -0.692    -0.419     1.089     1.298     1.000     1.088
PrivateHshld        0.012     0.012     1.023     0.322    28.036     0.415    -3.391    -3.662     1.177     1.109     1.000     1.306
Firefighting        0.000     0.000     0.631    12.190281795915.890     6.419     0.391     0.007     1.931     1.183     1.198     0.199
Police              0.009     0.009     0.691     1.812    25.040     0.399     0.228     0.248     1.189     1.221     1.000     0.435
Guards              0.010     0.010     0.923     1.173     0.858     0.066     0.091     0.095     1.106     1.110     1.055     0.600
FoodPrep            0.035     0.035     1.138     1.375  8935.787     1.553    -0.856    -0.886     1.299     1.278     1.055    -1.942
HealthService       0.086     0.086     1.035     0.301     0.343     0.031    -2.419    -2.440     1.170     1.164     1.047     1.025
Cleaning            0.007     0.007     0.979     1.832 22562.435     1.808    -0.532    -0.463     1.149     1.204     1.058    -0.705
PersonalService     0.034     0.034     1.089     0.643    22.824     0.386    -1.155    -1.158     1.239     1.237     1.032     1.740
FarmMgrs            0.000     0.000     1.014    10.879107645.496     2.298     0.697       NaN       NaN     1.187     1.000     0.500
FarmWork            0.000     0.000     0.813     7.12557147998.156     5.295     0.117     0.150     1.238     1.286     1.000     0.063
Agriculture         0.001     0.001     0.829     4.782 43815.456     2.007     0.371     0.289     1.362     1.205     1.150     0.297
Forest              0.000       NaN       NaN       NaN       NaN       NaN     0.610       NaN       NaN     1.310     1.304       NaN
Mechanics           0.001     0.001     0.689     6.8343916417.490     3.776     0.301     0.181     1.370     1.169     1.033     0.186
Elec.Repairer       0.001     0.001     0.684     4.683 17874.846     1.741     0.415     0.547     0.875     1.131     1.000     0.347
Misc.Repairer       0.000     0.000     0.783     6.117  5028.902     1.406     0.607     0.673     0.955     1.147     1.000     0.515
Construction        0.001     0.001     0.679     9.370127462.761     2.356     0.642     0.543     1.518     1.190     1.117     0.459
Extractive          0.000     0.000     0.783    12.999255488.100     2.605     0.723     0.534       NaN     1.079     1.003     0.500
Supervisor(P)       0.001     0.001     0.740     3.245    38.902     0.462     0.549     0.501     1.293     1.167     1.099     0.677
MetalWork           0.000     0.000     0.813     6.591  1648.593     1.145     0.675     0.666     1.179     1.150     1.000     0.595
WoodWork            0.000     0.000     1.020     6.701144216270.441     5.924    -0.033       NaN       NaN     1.132     1.000    -0.017
Textiles            0.000     0.000     0.682     2.90798032401.396     5.654    -1.289     0.485       NaN     1.410     1.000    -0.776
Other               0.008     0.008     0.800     0.642    -0.771    -0.141    -0.337    -0.403     1.172     1.117     1.091     0.657
Food                0.003     0.003     0.893     1.498     9.862     0.278     0.147     0.139     1.186     1.176     1.023     0.393
PlantOperator       0.000     0.000     0.635     6.85413565738.724     4.428     0.208     0.530     0.684     1.151     1.000     0.121
MetalMach.          0.000     0.000     1.001     4.6253824019.494     3.764    -0.030    -0.124     1.220     1.118     1.013    -0.019
MetalProc.          0.000     0.000     0.840     2.746    91.928     0.595     0.419    -0.244       NaN     1.072     1.000     0.538
WoodMach.           0.001     0.001     0.739     2.648  4775.924     1.393     0.096     0.211     1.049     1.202     1.037     0.104
TextileMach.        0.001     0.001     0.873     2.397    80.276     0.573     0.344     0.160     1.375     1.075     1.012     0.482
PrintMach.          0.002     0.002     0.962     1.240  2403.953     1.230    -0.799    -0.794     1.265     1.269     1.116    -2.732
OtherMach.          0.007     0.007     0.844     2.087   531.613     0.909     0.085     0.005     1.298     1.193     1.070     0.121
Fabricators         0.006     0.006     0.821     2.209  1419.392     1.112     0.044     0.013     1.177     1.140     1.025     0.057
Prod.Inspectors     0.003     0.003     0.945     2.242    40.697     0.468     0.345     0.279     1.238     1.124     1.030     0.524
MotorVehicle        0.009     0.009     0.862     2.635   105.866     0.618     0.386     0.399     1.127     1.151     1.086     0.503
OtherVehicle        0.000     0.000     0.702     7.54542157819.099     5.100     0.191     0.344     0.938     1.155     1.166     0.105
Freight             0.008     0.008     0.919     2.099   437.035     0.871     0.109     0.083     1.168     1.136     1.148     0.155
 
======================================
 YEAR = 2023
======================================
  Note: tauh* := (1+tauh)^eta - 1 
 
                       pY     pfitY         Z    TauHat      TauH     tauh*     TauW0     TauW1  wagegrth  wagegrWM ExpFactor     alpha
---------------------------------------------------------------------------------------------------------------------------------------
Home                0.243       NaN     1.000       NaN     0.000     0.000     0.000       NaN     0.000     0.000     0.000       NaN
Managers            0.064     0.064     0.721     1.592    -0.709    -0.119     0.447       NaN     0.000     0.000     0.000     1.274
MgmtRelated         0.043     0.043     0.807     1.464    -0.730    -0.126     0.403       NaN     0.000     0.000     0.000     1.354
Architects          0.000     0.000     0.708     2.194    -0.800    -0.153     0.614       NaN     0.000     0.000     0.000     1.211
Engineers           0.002     0.002     0.662     4.280    38.827     0.462     0.659       NaN     0.000     0.000     0.000     0.739
Math/CompSci        0.017     0.017     0.693     1.547     0.998     0.074     0.306       NaN     0.000     0.000     0.000     0.837
Science             0.004     0.004     0.909     1.479    -0.800    -0.153     0.427       NaN     0.000     0.000     0.000     1.423
Doctors             0.004     0.004     0.888     1.497    -0.800    -0.153     0.434       NaN     0.000     0.000     0.000     1.411
Nurses              0.036     0.036     0.775     0.571    -0.195    -0.022    -0.714       NaN     0.000     0.000     0.000     0.960
Therapists          0.008     0.008     0.962     0.980     0.308     0.028    -0.049       NaN     0.000     0.000     0.000     2.345
Professors          0.005     0.005     1.441     0.963    -0.800    -0.153     0.121       NaN     0.000     0.000     0.000    -3.445
Teachers            0.062     0.062     1.186     0.725    -0.800    -0.153    -0.169       NaN     0.000     0.000     0.000     0.485
Librarians          0.000     0.000     1.087     0.950   705.312     0.965    -1.068       NaN     0.000     0.000     0.000    14.224
Soc.Scientists      0.004     0.004     0.790     1.294    -0.800    -0.153     0.345       NaN     0.000     0.000     0.000     1.644
SocialWork          0.014     0.014     0.963     0.647    -0.790    -0.148    -0.316       NaN     0.000     0.000     0.000     0.631
Lawyers             0.004     0.004     0.854     1.676    -0.800    -0.153     0.494       NaN     0.000     0.000     0.000     1.321
Arts/Athletes       0.011     0.011     0.846     1.298    -0.800    -0.153     0.347       NaN     0.000     0.000     0.000     1.636
HealthTechs         0.023     0.023     0.831     0.734    -0.004    -0.000    -0.361       NaN     0.000     0.000     0.000     0.999
Eng.Techs           0.002     0.002     0.715     2.271     3.501     0.168     0.486       NaN     0.000     0.000     0.000     0.811
ScienceTechs        0.001     0.001     0.649     1.183     1.078     0.078     0.088       NaN     0.000     0.000     0.000     0.551
OtherTechs          0.007     0.007     0.736     3.139     0.449     0.039     0.669       NaN     0.000     0.000     0.000     0.967
Sales               0.061     0.061     1.024     1.925    -0.749    -0.133     0.549       NaN     0.000     0.000     0.000     1.217
Secretaries         0.014     0.014     1.010     0.459  1715.089     1.154    -3.695       NaN     0.000     0.000     0.000     1.984
Info.Clerks         0.019     0.019     1.020     0.483    -0.800    -0.153    -0.753       NaN     0.000     0.000     0.000     0.772
Records             0.005     0.005     0.959     0.659     0.892     0.068    -0.620       NaN     0.000     0.000     0.000     1.158
FinancialClerk      0.008     0.008     0.867     0.706     6.840     0.236    -0.752       NaN     0.000     0.000     0.000     1.608
OfficeMachine       0.001     0.001     1.018     0.791   291.488     0.795    -1.268       NaN     0.000     0.000     0.000     3.500
ComputerTech        0.000     0.000     1.098     1.570     1.131     0.081     0.312       NaN     0.000     0.000     0.000     0.827
Mail                0.007     0.007     0.879     1.031    -0.800    -0.153     0.179       NaN     0.000     0.000     0.000     6.360
Clerks              0.015     0.015     0.949     1.419     4.634     0.195     0.158       NaN     0.000     0.000     0.000     0.492
Insurance           0.047     0.047     0.967     0.768    -0.707    -0.119    -0.148       NaN     0.000     0.000     0.000     0.521
Misc.Admin          0.025     0.025     0.927     0.738     0.566     0.047    -0.419       NaN     0.000     0.000     0.000     1.152
PrivateHshld        0.007     0.007     0.963     0.349   112.517     0.628    -3.662       NaN     0.000     0.000     0.000     1.463
Firefighting        0.000     0.000     0.444     5.2949924818.306     4.256     0.007       NaN     0.000     0.000     0.000     0.004
Police              0.007     0.007     0.676     1.906    31.935     0.433     0.248       NaN     0.000     0.000     0.000     0.442
Guards              0.010     0.010     0.859     0.980    -0.686    -0.112     0.095       NaN     0.000     0.000     0.000    -5.003
FoodPrep            0.032     0.032     1.113     1.228  3482.140     1.316    -0.886       NaN     0.000     0.000     0.000    -3.091
HealthService       0.075     0.075     0.975     0.327     2.167     0.126    -2.440       NaN     0.000     0.000     0.000     1.106
Cleaning            0.006     0.006     0.983     2.068 46690.563     2.026    -0.463       NaN     0.000     0.000     0.000    -0.524
PersonalService     0.032     0.032     1.108     0.634    19.882     0.368    -1.158       NaN     0.000     0.000     0.000     1.686
FarmMgrs            0.000       NaN       NaN       NaN       NaN       NaN       NaN       NaN     0.000     0.000     0.000       NaN
FarmWork            0.001     0.001     0.767     3.106 12422.209     1.641     0.150       NaN     0.000     0.000     0.000     0.143
Agriculture         0.003     0.003     1.003     3.115  2237.410     1.213     0.289       NaN     0.000     0.000     0.000     0.301
Forest              0.000       NaN       NaN       NaN       NaN       NaN       NaN       NaN     0.000     0.000     0.000       NaN
Mechanics           0.001     0.001     0.734     7.07325483340.022     4.792     0.181       NaN     0.000     0.000     0.000     0.102
Elec.Repairer       0.000     0.000     0.154     2.053    -0.509    -0.071     0.547       NaN     0.000     0.000     0.000     1.102
Misc.Repairer       0.001     0.001     0.853     7.153  3856.320     1.341     0.673       NaN     0.000     0.000     0.000     0.568
Construction        0.002     0.002     0.618     6.670 49827.817     2.047     0.543       NaN     0.000     0.000     0.000     0.413
Extractive          0.000     0.000     0.424     4.607  1659.565     1.146     0.534       NaN     0.000     0.000     0.000     0.500
Supervisor(P)       0.002     0.002     0.751     2.492     7.288     0.243     0.501       NaN     0.000     0.000     0.000     0.761
MetalWork           0.000     0.000     0.842    20.304116527554.364     5.774     0.666       NaN     0.000     0.000     0.000     0.365
WoodWork            0.000       NaN       NaN       NaN       NaN       NaN       NaN       NaN     0.000     0.000     0.000       NaN
Textiles            0.000     0.000     0.887     3.765   622.449     0.940     0.485       NaN     0.000     0.000     0.000     0.500
Other               0.010     0.010     0.996     0.747     0.589     0.049    -0.403       NaN     0.000     0.000     0.000     1.164
Food                0.002     0.002     0.954     1.441     7.056     0.240     0.139       NaN     0.000     0.000     0.000     0.411
PlantOperator       0.000     0.000     0.510     4.222   779.898     0.986     0.530       NaN     0.000     0.000     0.000     0.524
MetalMach.          0.000     0.000     0.561     4.5447522293.295     4.108    -0.124       NaN     0.000     0.000     0.000    -0.077
MetalProc.          0.000     0.000     0.497     0.681    -0.800    -0.153    -0.244       NaN     0.000     0.000     0.000     0.569
WoodMach.           0.001     0.001     0.669     2.453   604.520     0.934     0.211       NaN     0.000     0.000     0.000     0.265
TextileMach.        0.001     0.001     0.868     1.237     0.451     0.039     0.160       NaN     0.000     0.000     0.000     0.820
PrintMach.          0.001     0.001     1.296     1.572 23542.211     1.820    -0.794       NaN     0.000     0.000     0.000    -1.291
OtherMach.          0.009     0.009     0.828     1.868   411.300     0.859     0.005       NaN     0.000     0.000     0.000     0.008
Fabricators         0.005     0.005     0.806     2.169  1616.248     1.140     0.013       NaN     0.000     0.000     0.000     0.017
Prod.Inspectors     0.004     0.004     0.744     1.411     0.189     0.018     0.279       NaN     0.000     0.000     0.000     0.948
MotorVehicle        0.015     0.015     0.890     2.090     8.242     0.257     0.399       NaN     0.000     0.000     0.000     0.689
OtherVehicle        0.000     0.000     0.514     4.508 37409.609     1.958     0.344       NaN     0.000     0.000     0.000     0.280
Freight             0.016     0.016     0.994     1.556    30.466     0.427     0.083       NaN     0.000     0.000     0.000     0.197
 
mg(g,t):
mg =

 Columns 1 through 6:

   3.4138e+08   3.5209e+08   2.2195e+08   2.5055e+08   4.0147e+08   2.1981e+08
   3.9892e+07   5.2681e+07   4.5028e+07   7.3348e+07   1.7277e+08   1.0716e+08
   1.4593e+08   1.8454e+08   8.1874e+07   8.5695e+07   1.6139e+08   9.8369e+07
   4.5930e+07   6.9284e+07   5.3430e+07   7.1815e+07   1.7517e+08   1.1796e+08

 Column 7:

   2.3428e+08
   1.2678e+08
   1.1779e+08
   1.2884e+08

 
 
 
AlphaSplitYoung for WW:
 
                   1960    1970    1980    1990    2000    2010
---------------------------------------------------------------
Home                NaN     NaN     NaN     NaN     NaN     NaN     NaN
Managers          0.500   0.600   0.878   1.000   1.000   1.000   1.000
MgmtRelated       0.500   0.498   0.903   1.000   1.000   1.000   1.000
Architects        0.500   0.000   0.000   0.000   0.056   0.144   0.752
Engineers         0.500   0.494   0.698   0.924   1.000   1.000   1.000
Math/CompSci      0.500   0.610   0.988   1.000   0.947   0.827   1.000
Science           0.500   0.514   0.935   1.000   1.000   1.000   1.000
Doctors           0.500   0.620   0.847   1.000   1.000   1.000   0.000
Nurses            0.500   0.586   0.737   0.813   0.951   0.815   0.880
Therapists        0.500   0.919   0.630   0.692   0.680   0.756   0.749
Professors        0.500   0.663   1.000   1.000   1.000   1.000   0.000
Teachers          0.500   0.418   0.125   0.522   0.604   0.655   0.691
Librarians        0.719   1.000   0.885   1.000   0.910   0.762   0.781
Soc.Scientists    0.500   0.711   1.000   1.000   0.000   0.220   0.361
SocialWork        0.500   0.723   1.000   0.000   0.250   0.403   0.587
Lawyers           0.500   0.575   1.000   1.000   1.000   1.000   1.000
Arts/Athletes     0.500   0.564   1.000   1.000   1.000   1.000   0.000
HealthTechs       0.500   0.192   0.648   0.687   0.926   0.694   0.488
Eng.Techs         0.500   0.530   0.715   0.762   0.865   1.000   0.999
ScienceTechs      0.500   0.499   0.825   1.000   1.000   1.000   1.000
OtherTechs        0.500   0.580   1.000   1.000   1.000   1.000   1.000
Sales             0.500   0.549   0.648   0.891   1.000   1.000   1.000
Secretaries       0.867   0.875   0.909   0.912   1.000   1.000   1.000
Info.Clerks       0.500   0.000   0.550   0.705   0.744   0.741   0.730
Records           0.500   0.556   0.405   0.579   0.874   0.994   0.790
FinancialClerk    0.500   0.137   0.720   0.804   0.879   1.000   1.000
OfficeMachine     0.500   0.329   0.000   0.000   0.000   1.000   0.000
ComputerTech      0.745   0.000   0.000   0.000   0.000   0.000   1.000
Mail              0.500   0.612   0.667   1.000   0.963   0.668   0.417
Clerks            0.500   0.448   0.618   0.939   0.969   0.945   1.000
Insurance         0.500   0.824   1.000   0.374   0.270   0.260   0.000
Misc.Admin        0.500   1.000   0.580   0.645   0.730   0.753   0.755
PrivateHshld      0.500   0.111   1.000   1.000   1.000   1.000   1.000
Firefighting        NaN   0.500   0.691   0.860   0.875   0.864   1.000
Police            0.500   0.477   0.600   0.737   0.710   0.829   0.942
Guards            0.500   0.542   0.694   0.773   0.709   0.779   0.902
FoodPrep          0.500   0.243   0.000   0.000   0.000   0.000   0.000
HealthService     0.500   0.654   0.816   0.725   0.810   0.798   0.901
Cleaning          0.500   0.475   0.444   0.447   0.376   0.384   0.293
PersonalService   0.500   0.803   0.303   0.532   0.559   0.604   0.657
FarmMgrs          0.500   0.500   0.616   0.597   0.559   0.571   0.751
FarmWork          0.500   0.261   0.081   0.000   0.000   0.000   0.000
Agriculture       0.500   0.464   0.453   0.402   0.308   0.283   0.353
Forest              NaN   0.500   0.718   0.732   0.644   0.737   0.894
Mechanics         0.500   0.484   0.578   0.468   0.470   0.427   0.541
Elec.Repairer     0.500   0.510   0.569   0.541   0.492   0.445   0.416
Misc.Repairer     0.500   0.526   0.554   0.619   0.583   0.567   0.580
Construction      0.500   0.520   0.580   0.575   0.558   0.509   0.583
Extractive        0.500   0.500   0.534   0.507   0.487   0.408   0.549
Supervisor(P)     0.500   0.447   0.517   0.567   0.592   0.589   0.666
MetalWork         0.500   0.550   0.659   0.634   0.637   0.621   0.628
WoodWork          0.500   0.500   0.336   0.383   0.313   0.153   0.077
Textiles          0.500   0.001   0.000   0.000   0.000   0.000   0.000
Other             0.500   0.461   0.469   0.639   0.191   0.596   0.669
Food              0.500   0.437   0.490   0.543   0.599   0.530   0.680
PlantOperator     0.500   0.390   0.551   0.625   0.628   0.739   0.821
MetalMach.        0.500   0.555   0.562   0.581   0.568   0.417   0.314
MetalProc.        0.500   0.539   0.631   0.594   0.549   0.460   0.309
WoodMach.         0.500   0.500   0.445   0.387   0.384   0.267   0.284
TextileMach.      0.500   0.561   0.741   0.744   0.601   0.604   0.542
PrintMach.        0.500   1.000   0.906   1.000   0.000   0.000   0.000
OtherMach.        0.500   0.486   0.445   0.452   0.368   0.342   0.280
Fabricators       0.500   0.459   0.394   0.330   0.256   0.215   0.152
Prod.Inspectors   0.500   0.510   0.545   0.618   0.628   0.605   0.691
MotorVehicle      0.500   0.551   0.713   0.717   0.694   0.651   0.773
OtherVehicle      0.500   0.000   0.000   0.000   0.000   0.000   0.000
Freight           0.500   0.482   0.435   0.449   0.398   0.346   0.315
 
============================================
SPLIT of tauhat into TauW and TauH (young), earnings weighted
 - For comparison with our 1960 assumption
============================================
 
                 1960      1970      1980      1990      2000      2010
-----------------------------------------------------------------------
White Men       0.000     0.000     0.000     0.000     0.000     0.000     0.000
White Women     0.507     0.541     0.679     0.758     0.768     0.763     0.734
Black Men       0.505     0.495     0.477     0.429     0.527     0.522     0.583
Black Women     0.432     0.561     0.667     0.630     0.684     0.696     0.731
-----------------------------------------------------------------------
///Mean///      0.499     0.537     0.651     0.701     0.727     0.724     0.713
  And the mean for all years is      0.650
The mean for yearsafter 1960 is      0.675
 
List of AlphaSplitTauW1960 values we tried:
 
    IterAlphaSplit
----------------
       1  0.5000
 
The final value of AlphaSplitTauW1960 =  0.50000
 
 
===========================================================
Fixing TauW / TauH / TgHome / Z missing values
 -- Use first non-missing value
 -- Missing p and WageBar ==> 0
 
===========================================================
 
*********************
White Women
*********************
 
TauW Firefighting     NaN  0.7202  0.7921  0.7863  0.7714  0.7591  0.7764
TauW Firefighting  0.7202  0.7202  0.7921  0.7863  0.7714  0.7591  0.7764
TauH Firefighting     NaN234534.0996914.6506 10.4701  6.7720  7.8326 -0.5775
TauH Firefighting234534.0996234534.0996914.6506 10.4701  6.7720  7.8326 -0.5775
Z Firefighting     NaN  0.3607  0.4968  0.5109  0.6769  0.5528  0.5987
Z Firefighting  0.3607  0.3607  0.4968  0.5109  0.6769  0.5528  0.5987
TauW Forest     NaN  0.7735  0.7238  0.6693  0.6405  0.6215  0.5566
TauW Forest  0.7735  0.7735  0.7238  0.6693  0.6405  0.6215  0.5566
TauH Forest     NaN1824880.6868132.7898 49.9051242.2324 27.8413  1.5536
TauH Forest1824880.68681824880.6868132.7898 49.9051242.2324 27.8413  1.5536
Z Forest     NaN  0.5898  0.5531  0.5797  0.8522  0.6388  0.6208
Z Forest  0.5898  0.5898  0.5531  0.5797  0.8522  0.6388  0.6208
 
*********************
Black Men
*********************
 
TauW Architects     NaN  0.3377  0.4112  0.4705  0.4793  0.4043  0.4224
TauW Architects  0.3377  0.3377  0.4112  0.4705  0.4793  0.4043  0.4224
TauH Architects     NaN 53.6342 63.8377  0.2110  1.3826  4.5924 14.8145
TauH Architects 53.6342 53.6342 63.8377  0.2110  1.3826  4.5924 14.8145
Z Architects     NaN  1.0745  0.9091  0.6549  0.8772  0.7713  0.8857
Z Architects  1.0745  1.0745  0.9091  0.6549  0.8772  0.7713  0.8857
TauW Librarians     NaN  0.1487  0.2445  0.2832  0.3627  0.3437 -0.1783
TauW Librarians  0.1487  0.1487  0.2445  0.2832  0.3627  0.3437 -0.1783
TauH Librarians     NaN  3.7707 -0.8000 -0.7476  6.8718 -0.8000 -0.8000
TauH Librarians  3.7707  3.7707 -0.8000 -0.7476  6.8718 -0.8000 -0.8000
Z Librarians     NaN  1.3750  1.0787  0.9922  1.1909  1.1623  0.9630
Z Librarians  1.3750  1.3750  1.0787  0.9922  1.1909  1.1623  0.9630
TauH WoodWork273.7985  0.3475  7.3445 29.9810401.5489609.1327     NaN
TauH WoodWork273.7985  0.3475  7.3445 29.9810401.5489609.1327609.1327
Z WoodWork  0.8166  0.8166  0.7192  0.6632  0.8932  0.8373     NaN
Z WoodWork  0.8166  0.8166  0.7192  0.6632  0.8932  0.8373  0.8373
 
*********************
Black Women
*********************
 
TauW Architects     NaN     NaN  0.4968  0.5772  0.6075  0.6201  0.6138
TauW Architects  0.4968  0.4968  0.4968  0.5772  0.6075  0.6201  0.6138
TauH Architects     NaN     NaN785.04544262.4512214.2874  0.0870 -0.8000
TauH Architects785.0454785.0454785.04544262.4512214.2874  0.0870 -0.8000
Z Architects     NaN     NaN  0.5785  0.6134  0.8617  0.5330  0.7078
Z Architects  0.5785  0.5785  0.5785  0.6134  0.8617  0.5330  0.7078
TauW Engineers     NaN     NaN  0.5974  0.5791  0.6208  0.6457  0.6585
TauW Engineers  0.5974  0.5974  0.5974  0.5791  0.6208  0.6457  0.6585
TauH Engineers     NaN     NaN6857.2763249.6146  4.5486  4.5322 38.8275
TauH Engineers6857.27636857.27636857.2763249.6146  4.5486  4.5322 38.8275
Z Engineers     NaN     NaN  0.6185  0.5371  0.7240  0.6233  0.6620
Z Engineers  0.6185  0.6185  0.6185  0.5371  0.7240  0.6233  0.6620
TauW Math/CompSci     NaN  0.5680  0.4760  0.3416  0.3091  0.2821  0.3059
TauW Math/CompSci  0.5680  0.5680  0.4760  0.3416  0.3091  0.2821  0.3059
TauH Math/CompSci     NaN3459.4844  5.5359 14.8784 33.9166 38.5504  0.9984
TauH Math/CompSci3459.48443459.4844  5.5359 14.8784 33.9166 38.5504  0.9984
Z Math/CompSci     NaN  0.6176  0.6440  0.5957  0.7783  0.6985  0.6928
Z Math/CompSci  0.6176  0.6176  0.6440  0.5957  0.7783  0.6985  0.6928
TauW Science     NaN  0.5310  0.6079  0.5541  0.5999  0.5056  0.4272
TauW Science  0.5310  0.5310  0.6079  0.5541  0.5999  0.5056  0.4272
TauH Science     NaN1555.5440 40.4057  0.8822 -0.5443 -0.8000 -0.8000
TauH Science1555.54401555.5440 40.4057  0.8822 -0.5443 -0.8000 -0.8000
Z Science     NaN  0.7214  0.8145  0.7000  1.0671  0.9207  0.9091
Z Science  0.7214  0.7214  0.8145  0.7000  1.0671  0.9207  0.9091
TauW Eng.Techs     NaN  0.6410  0.5792  0.4991  0.4462  0.4844  0.4859
TauW Eng.Techs  0.6410  0.6410  0.5792  0.4991  0.4462  0.4844  0.4859
TauH Eng.Techs     NaN20868.9189 26.7445243.7991 40.6448 20.7787  3.5014
TauH Eng.Techs20868.918920868.9189 26.7445243.7991 40.6448 20.7787  3.5014
Z Eng.Techs     NaN  0.6183  0.6189  0.6160  0.7818  0.7076  0.7153
Z Eng.Techs  0.6183  0.6183  0.6189  0.6160  0.7818  0.7076  0.7153
TauW OtherTechs     NaN  0.5141  0.5716  0.5739  0.6021  0.6311  0.6690
TauW OtherTechs  0.5141  0.5141  0.5716  0.5739  0.6021  0.6311  0.6690
TauH OtherTechs     NaN1104.1058 -0.3096 -0.7793 -0.8000 -0.7259  0.4491
TauH OtherTechs1104.10581104.1058 -0.3096 -0.7793 -0.8000 -0.7259  0.4491
Z OtherTechs     NaN  0.5479  0.6892  0.6201  0.8107  0.7438  0.7360
Z OtherTechs  0.5479  0.5479  0.6892  0.6201  0.8107  0.7438  0.7360
TauW Firefighting     NaN     NaN  0.7083  0.6829  0.5556  0.3914  0.0071
TauW Firefighting  0.7083  0.7083  0.7083  0.6829  0.5556  0.3914  0.0071
TauH Firefighting     NaN     NaN156395.15239833.105015220.8288281795915.89049924818.3058
TauH Firefighting156395.1523156395.1523156395.15239833.105015220.8288281795915.89049924818.3058
Z Firefighting     NaN     NaN  0.4850  0.5909  0.7599  0.6308  0.4435
Z Firefighting  0.4850  0.4850  0.4850  0.5909  0.7599  0.6308  0.4435
TauW Police     NaN  0.6525  0.3295  0.1650  0.1921  0.2279  0.2482
TauW Police  0.6525  0.6525  0.3295  0.1650  0.1921  0.2279  0.2482
TauH Police     NaN28637.82205436.3605 30.6570 33.3468 25.0399 31.9351
TauH Police28637.822028637.82205436.3605 30.6570 33.3468 25.0399 31.9351
Z Police     NaN  0.5461  0.6139  0.5258  0.7776  0.6905  0.6761
Z Police  0.5461  0.5461  0.6139  0.5258  0.7776  0.6905  0.6761
TauW FarmMgrs  0.8534  0.4276  0.4825  0.0980  0.3328  0.6968     NaN
TauW FarmMgrs  0.8534  0.4276  0.4825  0.0980  0.3328  0.6968  0.6968
TauH FarmMgrs124946808.739149466948.256828203025024.3687985747155797.1490     NaN107645.4956     NaN
TauH FarmMgrs124946808.739149466948.256828203025024.3687985747155797.1490492873631721.3223107645.4956107645.4956
Z FarmMgrs  2.2501  0.9254  1.2692  0.9294     NaN  1.0144     NaN
Z FarmMgrs  2.2501  0.9254  1.2692  0.9294  0.9719  1.0144  1.0144
TauW Agriculture     NaN  0.6803  0.5568  0.4962  0.4354  0.3713  0.2894
TauW Agriculture  0.6803  0.6803  0.5568  0.4962  0.4354  0.3713  0.2894
TauH Agriculture     NaN64271.70802698.269112610.284123462.215243815.45622237.4104
TauH Agriculture64271.708064271.70802698.269112610.284123462.215243815.45622237.4104
Z Agriculture     NaN  0.6507  0.8248  0.7583  0.8953  0.8285  1.0032
Z Agriculture  0.6507  0.6507  0.8248  0.7583  0.8953  0.8285  1.0032
TauW Forest     NaN  0.5068  0.6153  0.5517  0.4914  0.6095     NaN
TauW Forest  0.5068  0.5068  0.6153  0.5517  0.4914  0.6095  0.6095
TauH Forest     NaN953.917422567.606816800.2761748.4612     NaN     NaN
TauH Forest953.9174953.917422567.606816800.2761748.4612748.4612748.4612
Z Forest     NaN  0.6668  0.6385  0.6242  0.7565     NaN     NaN
Z Forest  0.6668  0.6668  0.6385  0.6242  0.7565  0.7565  0.7565
TauW Mechanics     NaN  0.8023  0.6705  0.4001  0.3667  0.3012  0.1810
TauW Mechanics  0.8023  0.8023  0.6705  0.4001  0.3667  0.3012  0.1810
TauH Mechanics     NaN6846770.218626358.4655971828.93421441032.77483916417.489725483340.0225
TauH Mechanics6846770.21866846770.218626358.4655971828.93421441032.77483916417.489725483340.0225
Z Mechanics     NaN  0.7263  0.5340  0.5305  0.7361  0.6893  0.7336
Z Mechanics  0.7263  0.7263  0.5340  0.5305  0.7361  0.6893  0.7336
TauW Elec.Repairer     NaN  0.7957  0.6439  0.5325  0.4455  0.4146  0.5474
TauW Elec.Repairer  0.7957  0.7957  0.6439  0.5325  0.4455  0.4146  0.5474
TauH Elec.Repairer     NaN4981579.4471 26.8457108.7587265.905717874.8457 -0.5087
TauH Elec.Repairer4981579.44714981579.4471 26.8457108.7587265.905717874.8457 -0.5087
Z Elec.Repairer     NaN  0.7821  0.5290  0.4993  0.6734  0.6837  0.1545
Z Elec.Repairer  0.7821  0.7821  0.5290  0.4993  0.6734  0.6837  0.1545
TauW Extractive     NaN  0.6783  0.7352  0.4654  0.4862  0.7226  0.5341
TauW Extractive  0.6783  0.6783  0.7352  0.4654  0.4862  0.7226  0.5341
TauH Extractive     NaN60456.7145401310.8082215681.3831     NaN255488.10041659.5655
TauH Extractive60456.714560456.7145401310.8082215681.3831235584.7417255488.10041659.5655
Z Extractive     NaN  0.5570  0.8059  0.5088     NaN  0.7828  0.4236
Z Extractive  0.5570  0.5570  0.8059  0.5088  0.6458  0.7828  0.4236
TauW MetalWork     NaN  0.7016  0.7119  0.6275  0.6365  0.6746  0.6664
TauW MetalWork  0.7016  0.7016  0.7119  0.6275  0.6365  0.6746  0.6664
TauH MetalWork     NaN125670.4677182.39801675.5781179.92061648.5927116527554.3645
TauH MetalWork125670.4677125670.4677182.39801675.5781179.92061648.5927116527554.3645
Z MetalWork     NaN  0.4987  0.6209  0.5875  0.7363  0.8133  0.8420
Z MetalWork  0.4987  0.4987  0.6209  0.5875  0.7363  0.8133  0.8420
TauW WoodWork     NaN  0.5353  0.3252  0.2667  0.1583 -0.0333     NaN
TauW WoodWork  0.5353  0.5353  0.3252  0.2667  0.1583 -0.0333 -0.0333
TauH WoodWork     NaN1703.184982964.2541508819.33375844356.4127144216270.4409     NaN
TauH WoodWork1703.18491703.184982964.2541508819.33375844356.4127144216270.4409144216270.4409
Z WoodWork     NaN  0.6493  0.9209  0.8274  0.9905  1.0201     NaN
Z WoodWork  0.6493  0.6493  0.9209  0.8274  0.9905  1.0201  1.0201
TauW PlantOperator     NaN     NaN  0.5619  0.4851  0.3516  0.2080  0.5296
TauW PlantOperator  0.5619  0.5619  0.5619  0.4851  0.3516  0.2080  0.5296
TauH PlantOperator     NaN     NaN3015.4105165821.833842513347.612813565738.7243779.8982
TauH PlantOperator3015.41053015.41053015.4105165821.833842513347.612813565738.7243779.8982
Z PlantOperator     NaN     NaN  0.5537  0.6126  0.7341  0.6346  0.5104
Z PlantOperator  0.5537  0.5537  0.5537  0.6126  0.7341  0.6346  0.5104
TauW MetalMach.     NaN  0.4787  0.3468  0.1800  0.0697 -0.0301 -0.1243
TauW MetalMach.  0.4787  0.4787  0.3468  0.1800  0.0697 -0.0301 -0.1243
TauH MetalMach.     NaN557.0702405.589524740.37468027.59673824019.49387522293.2952
TauH MetalMach.557.0702557.0702405.589524740.37468027.59673824019.49387522293.2952
Z MetalMach.     NaN  0.5617  0.5926  0.6752  0.8891  1.0005  0.5614
Z MetalMach.  0.5617  0.5617  0.5926  0.6752  0.8891  1.0005  0.5614
TauW MetalProc.     NaN  0.6675  0.5250  0.4777  0.4463  0.4193 -0.2443
TauW MetalProc.  0.6675  0.6675  0.5250  0.4777  0.4463  0.4193 -0.2443
TauH MetalProc.     NaN43967.0277  5.9920270.0418 68.9670 91.9281 -0.8000
TauH MetalProc.43967.027743967.0277  5.9920270.0418 68.9670 91.9281 -0.8000
Z MetalProc.     NaN  0.6354  0.6511  0.6638  0.8753  0.8398  0.4975
Z MetalProc.  0.6354  0.6354  0.6511  0.6638  0.8753  0.8398  0.4975
TauW WoodMach.     NaN  0.6407  0.4059  0.3896  0.1189  0.0964  0.2114
TauW WoodMach.  0.6407  0.6407  0.4059  0.3896  0.1189  0.0964  0.2114
TauH WoodMach.     NaN20670.3648171.79342017.4918427.49344775.9240604.5198
TauH WoodMach.20670.364820670.3648171.79342017.4918427.49344775.9240604.5198
Z WoodMach.     NaN  0.7475  0.6832  0.7333  0.8417  0.7390  0.6690
Z WoodMach.  0.7475  0.7475  0.6832  0.7333  0.8417  0.7390  0.6690
TauW TextileMach.     NaN  0.5414  0.5049  0.3892  0.4091  0.3438  0.1603
TauW TextileMach.  0.5414  0.5414  0.5049  0.3892  0.4091  0.3438  0.1603
TauH TextileMach.     NaN1937.4620131.2383279.5451213.7844 80.2756  0.4511
TauH TextileMach.1937.46201937.4620131.2383279.5451213.7844 80.2756  0.4511
Z TextileMach.     NaN  0.5979  0.7167  0.6292  0.9251  0.8726  0.8681
Z TextileMach.  0.5979  0.5979  0.7167  0.6292  0.9251  0.8726  0.8681
mgEstimated =

 Columns 1 through 6:

   3.4138e+08   3.5209e+08   2.2195e+08   2.5055e+08   4.0147e+08   2.1981e+08
   3.9892e+07   5.2681e+07   4.5028e+07   7.3348e+07   1.7277e+08   1.0716e+08
   1.4593e+08   1.8454e+08   8.1874e+07   8.5695e+07   1.6139e+08   9.8369e+07
   4.5930e+07   6.9284e+07   5.3430e+07   7.1815e+07   1.7517e+08   1.1796e+08

 Column 7:

   2.3428e+08
   1.2678e+08
   1.1779e+08
   1.2884e+08

