warning: function /workspace/eval/followup/001-living-update/workspace/cases/R3_2024/shims/print.m shadows a core library function
warning: function /workspace/eval/followup/001-living-update/workspace/cases/R3_2024/shims/keyboard.m shadows a built-in function
SolveEqmBasic_Benchmark                 05-Oct-2026 
 
'SolveEqmBasic' is a script from the file /workspace/eval/followup/001-living-update/workspace/cases/R3_2024/SolveEqmBasic.m

 SolveEqmBasic.m    

  Takes the TalentData.mat data on Taus, Z's, A(i,t).
  Solves for the equilibrium w(i) and Y

  See 2015-06-02-SolvingGE.pdf notes (old but somewhat useful?)

  Method: For each year,
    1. Guess values for {mgtilde}, Y ==> 5 unknowns
    2. Solve for {wi} from Hi^supply = Hi^demand
    3. Compute mghat, Yhat 
    4. Iterate until converge.


Additional help for built-in functions and operators is
available in the online version of the manual.  Use the command
'doc <topic>' to search the manual index.

Help and information about Octave is also available on the WWW
at https://www.octave.org and via the help@octave.org
mailing list.
 
=============================================================
KEY PARAMETER VALUES:    CaseName = Benchmark
                   theta =  2.0000
                     eta =  0.1030
            theta*(1-eta)=  1.7940
                    dlta =  0.0000
                      mu =  0.5574
                   sigma =  3.0000
           EstimateDelta =  0.0000
           ConstrainTauH = -0.8000
PurgeWageGrowthSelection =     0
      AlphaSplitTauW1960 =  0.5000
   OccupationforWageHome = 23 Secretaries                               
   Alpha0FixedSplit =  0.5000
=============================================================
 
....... 
 
                                         Wages                          H(i,t)                 HYoung
 
                 Data60 Model60Data2010   Model      Data60   ModelData2010   Model      Data60   ModelData2010   Model
-----------------------------------------------------------------------------------------------------------------------
Home               7780    7772   12478    8255       0.838   0.854   0.239   0.831       0.295   0.310   0.239   0.161
Managers           9173    9219   16901   19327       0.405   0.405   0.952   0.639       0.077   0.077   0.183   0.209
MgmtRelated        6201    6191   12818   13129       0.147   0.150   0.495   0.463       0.045   0.048   0.132   0.138
Architects         1206    1203    2468    2715       0.023   0.024   0.082   0.062       0.006   0.007   0.018   0.022
Engineers          7360    7312   11981   11529       0.099   0.102   0.184   0.207       0.036   0.040   0.068   0.073
Math/CompSci       1204    1194    9659    9978       0.016   0.017   0.272   0.248       0.007   0.008   0.083   0.089
Science            3100    3084    4725    4606       0.045   0.046   0.133   0.145       0.018   0.019   0.045   0.048
Doctors            4047    4114    6705    8088       0.124   0.119   0.304   0.174       0.024   0.020   0.051   0.055
Nurses             1970    1967    5687    5742       0.115   0.118   0.252   0.246       0.037   0.039   0.079   0.087
Therapists          665     669    4149    4063       0.023   0.023   0.140   0.150       0.008   0.008   0.055   0.058
Professors         2493    2493    2755    3033       0.050   0.051   0.215   0.162       0.013   0.013   0.034   0.038
Teachers           4464    4457    5936    6004       0.174   0.177   0.426   0.414       0.054   0.058   0.116   0.127
Librarians          433     432     848     942       0.043   0.044   0.085   0.062       0.010   0.011   0.017   0.021
Soc.Scientists     1510    1503    3837    3961       0.027   0.027   0.148   0.136       0.009   0.010   0.046   0.048
SocialWork         2111    2114    2870    2782       0.078   0.079   0.171   0.188       0.024   0.024   0.050   0.054
Lawyers            3622    3653    7457    8030       0.065   0.064   0.223   0.180       0.016   0.016   0.045   0.047
Arts/Athletes      3899    3895    5410    5445       0.093   0.094   0.258   0.255       0.034   0.036   0.083   0.081
HealthTechs        1137    1136    3799    3902       0.079   0.081   0.222   0.206       0.027   0.028   0.065   0.072
Eng.Techs          3738    3699    4176    4052       0.057   0.060   0.123   0.136       0.029   0.032   0.042   0.044
ScienceTechs       2387    2367    1491    1305       0.046   0.048   0.041   0.061       0.021   0.023   0.018   0.017
OtherTechs         1769    1763   12985   12819       0.044   0.045   0.242   0.252       0.014   0.015   0.082   0.081
Sales              8480    8502   11084   11278       0.295   0.297   0.642   0.612       0.083   0.085   0.170   0.160
Secretaries        1187    1181    1580    1488       0.196   0.203   0.099   0.119       0.070   0.076   0.026   0.026
Info.Clerks        1068    1061    1668    1545       0.055   0.057   0.143   0.181       0.021   0.023   0.052   0.052
Records            1668    1665    1490    1455       0.070   0.071   0.084   0.090       0.018   0.020   0.026   0.028
FinancialClerk     1801    1794    2007    1902       0.155   0.160   0.138   0.163       0.048   0.052   0.035   0.035
OfficeMachine      1484    1470     622     487       0.063   0.065   0.021   0.045       0.030   0.032   0.008   0.007
ComputerTech        786     781     392     325       0.086   0.089   0.033   0.057       0.031   0.034   0.007   0.007
Mail               2293    2283    2375    2390       0.094   0.097   0.114   0.113       0.025   0.027   0.034   0.036
Clerks             2743    2732    4114    3986       0.109   0.112   0.217   0.239       0.035   0.038   0.071   0.072
Insurance          1670    1657    4500    4181       0.032   0.033   0.241   0.302       0.013   0.014   0.085   0.081
Misc.Admin         4688    4669    3482    3341       0.235   0.241   0.200   0.228       0.076   0.082   0.067   0.068
PrivateHshld        701     703     597     582       0.121   0.122   0.091   0.099       0.025   0.026   0.024   0.024
Firefighting       1778    1760    3756    3815       0.044   0.047   0.092   0.088       0.016   0.018   0.025   0.028
Police             2608    2585    6235    6112       0.063   0.066   0.179   0.191       0.025   0.028   0.051   0.054
Guards             1201    1200    2495    2324       0.063   0.064   0.117   0.146       0.013   0.015   0.042   0.041
FoodPrep           1616    1621    4222    3865       0.231   0.233   0.186   0.243       0.061   0.062   0.080   0.073
HealthService       687     686    2220    2070       0.111   0.113   0.209   0.259       0.036   0.038   0.078   0.074
Cleaning            989     990    3175    3199       0.125   0.126   0.146   0.143       0.023   0.024   0.041   0.042
PersonalService    1792    1806    2692    2554       0.196   0.194   0.203   0.239       0.056   0.054   0.072   0.068
FarmMgrs           2597    2644    2147    2349       0.253   0.243   0.102   0.078       0.057   0.047   0.024   0.023
FarmWork           1299    1325    1711    1635       0.144   0.137   0.065   0.075       0.053   0.047   0.024   0.023
Agriculture         843     844    2928    2853       0.046   0.046   0.124   0.135       0.014   0.015   0.042   0.041
Forest              792     798    1126    1101       0.055   0.054   0.045   0.049       0.016   0.016   0.015   0.013
Mechanics          3474    3464    5990    5505       0.115   0.118   0.140   0.181       0.040   0.043   0.047   0.045
Elec.Repairer      3690    3659    3839    3464       0.069   0.072   0.097   0.133       0.032   0.035   0.032   0.030
Misc.Repairer      4271    4259    4042    3952       0.152   0.156   0.107   0.115       0.045   0.049   0.032   0.033
Construction       5773    5773    8974    8695       0.191   0.194   0.270   0.299       0.060   0.063   0.079   0.077
Extractive         2101    2093    1834    1727       0.065   0.067   0.040   0.048       0.022   0.024   0.014   0.014
Supervisor(P)      4432    4428    3082    3077       0.187   0.191   0.124   0.125       0.039   0.042   0.031   0.032
MetalWork          4027    4011    2250    2146       0.127   0.131   0.063   0.073       0.037   0.041   0.016   0.017
WoodWork            807     804     600     540       0.034   0.035   0.021   0.029       0.009   0.010   0.005   0.006
Textiles            919     917     423     407       0.171   0.175   0.027   0.031       0.041   0.045   0.007   0.007
Other              1531    1528    1861    1763       0.054   0.055   0.113   0.134       0.018   0.019   0.044   0.046
Food               1774    1771    1359    1280       0.072   0.073   0.071   0.086       0.021   0.023   0.024   0.024
PlantOperator      2851    2838    2448    2525       0.068   0.070   0.067   0.061       0.019   0.021   0.019   0.020
MetalMach.         1754    1746    1022     894       0.078   0.080   0.031   0.047       0.020   0.022   0.010   0.009
MetalProc.          831     828     508     427       0.040   0.041   0.019   0.032       0.011   0.012   0.005   0.005
WoodMach.           694     696    1756    1556       0.037   0.037   0.060   0.087       0.013   0.013   0.019   0.018
TextileMach.       2418    2405     801     744       0.069   0.071   0.042   0.052       0.023   0.025   0.011   0.011
PrintMach.         1021    1022     669     615       0.135   0.137   0.048   0.062       0.035   0.037   0.014   0.013
OtherMach.         6546    6528    4222    4002       0.344   0.352   0.144   0.170       0.108   0.116   0.047   0.047
Fabricators        3143    3133    3734    3371       0.157   0.161   0.111   0.152       0.048   0.052   0.039   0.037
Prod.Inspectors    2159    2152    2693    2556       0.117   0.120   0.104   0.123       0.032   0.035   0.035   0.035
MotorVehicle       5307    5308    5770    5910       0.197   0.200   0.277   0.259       0.068   0.071   0.073   0.076
OtherVehicle       3205    3199    3328    3354       0.116   0.119   0.090   0.088       0.032   0.034   0.024   0.025
Freight            4164    4162    3970    3786       0.200   0.203   0.154   0.178       0.070   0.073   0.055   0.056
 
 
1960 and 2010 quantities
White Men p(:,WM) for        Young Cohort                          Middle-Aged Cohort                      Old-Aged Cohort
 
                     Data60  Model60 Data2010Model2010      Data60  Model60 Data2010Model2010      Data60  Model60 Data2010Model2010
------------------------------------------------------------------------------------------------------------------------------------
Home                 0.0863   0.0862   0.1505   0.1609      0.0769   0.0769   0.1237   0.1578      0.1108   0.1108   0.1621   0.0947
Managers             0.0771   0.0779   0.0740   0.0932      0.1176   0.1176   0.1180   0.0932      0.1264   0.1264   0.1236   0.0995
MgmtRelated          0.0318   0.0318   0.0398   0.0411      0.0296   0.0296   0.0410   0.0426      0.0233   0.0233   0.0407   0.0387
Architects           0.0008   0.0008   0.0015   0.0015      0.0008   0.0008   0.0017   0.0024      0.0007   0.0007   0.0017   0.0022
Engineers            0.0298   0.0295   0.0185   0.0173      0.0251   0.0251   0.0186   0.0207      0.0154   0.0154   0.0219   0.0257
Math/CompSci         0.0008   0.0008   0.0240   0.0235      0.0004   0.0004   0.0236   0.0227      0.0002   0.0002   0.0175   0.0099
Science              0.0063   0.0063   0.0054   0.0051      0.0047   0.0047   0.0048   0.0062      0.0029   0.0029   0.0042   0.0049
Doctors              0.0083   0.0086   0.0058   0.0081      0.0102   0.0102   0.0095   0.0103      0.0082   0.0082   0.0103   0.0119
Nurses               0.0025   0.0025   0.0044   0.0047      0.0022   0.0022   0.0054   0.0035      0.0026   0.0026   0.0044   0.0029
Therapists           0.0004   0.0004   0.0028   0.0029      0.0003   0.0003   0.0033   0.0025      0.0004   0.0004   0.0023   0.0015
Professors           0.0033   0.0033   0.0070   0.0082      0.0033   0.0033   0.0068   0.0066      0.0026   0.0026   0.0062   0.0049
Teachers             0.0188   0.0187   0.0239   0.0236      0.0110   0.0110   0.0229   0.0196      0.0087   0.0087   0.0171   0.0148
Librarians           0.0002   0.0002   0.0004   0.0005      0.0002   0.0002   0.0006   0.0005      0.0002   0.0002   0.0005   0.0006
Soc.Scientists       0.0013   0.0013   0.0028   0.0028      0.0010   0.0010   0.0031   0.0018      0.0006   0.0006   0.0024   0.0029
SocialWork           0.0073   0.0073   0.0070   0.0065      0.0064   0.0064   0.0068   0.0055      0.0058   0.0058   0.0065   0.0059
Lawyers              0.0052   0.0053   0.0073   0.0080      0.0051   0.0051   0.0098   0.0094      0.0055   0.0055   0.0094   0.0103
Arts/Athletes        0.0127   0.0127   0.0180   0.0168      0.0096   0.0096   0.0162   0.0176      0.0070   0.0070   0.0125   0.0169
HealthTechs          0.0019   0.0019   0.0069   0.0064      0.0014   0.0014   0.0058   0.0048      0.0012   0.0012   0.0044   0.0041
Eng.Techs            0.0149   0.0146   0.0078   0.0069      0.0074   0.0074   0.0080   0.0084      0.0037   0.0037   0.0082   0.0148
ScienceTechs         0.0065   0.0064   0.0013   0.0011      0.0040   0.0040   0.0011   0.0011      0.0022   0.0022   0.0011   0.0021
OtherTechs           0.0033   0.0033   0.0197   0.0190      0.0029   0.0029   0.0200   0.0218      0.0016   0.0016   0.0172   0.0199
Sales                0.0767   0.0771   0.0889   0.0948      0.0748   0.0748   0.0912   0.0966      0.0669   0.0669   0.0896   0.1136
Secretaries          0.0019   0.0019   0.0024   0.0019      0.0013   0.0013   0.0017   0.0013      0.0014   0.0014   0.0016   0.0009
Info.Clerks          0.0016   0.0015   0.0035   0.0029      0.0015   0.0015   0.0020   0.0022      0.0009   0.0009   0.0019   0.0024
Records              0.0024   0.0024   0.0021   0.0018      0.0025   0.0025   0.0014   0.0014      0.0024   0.0024   0.0014   0.0017
FinancialClerk       0.0049   0.0049   0.0030   0.0027      0.0037   0.0037   0.0023   0.0024      0.0037   0.0037   0.0022   0.0028
OfficeMachine        0.0031   0.0031   0.0002   0.0003      0.0010   0.0010   0.0004   0.0008      0.0006   0.0006   0.0007   0.0003
ComputerTech         0.0007   0.0007   0.0010   0.0007      0.0005   0.0005   0.0009   0.0013      0.0004   0.0004   0.0010   0.0047
Mail                 0.0075   0.0074   0.0033   0.0035      0.0114   0.0114   0.0048   0.0041      0.0087   0.0087   0.0066   0.0069
Clerks               0.0144   0.0142   0.0210   0.0196      0.0131   0.0131   0.0171   0.0188      0.0132   0.0132   0.0165   0.0186
Insurance            0.0032   0.0031   0.0155   0.0140      0.0019   0.0019   0.0100   0.0123      0.0013   0.0013   0.0081   0.0049
Misc.Admin           0.0308   0.0306   0.0067   0.0056      0.0251   0.0251   0.0043   0.0045      0.0245   0.0245   0.0039   0.0071
PrivateHshld         0.0010   0.0010   0.0010   0.0011      0.0010   0.0010   0.0012   0.0008      0.0013   0.0013   0.0012   0.0011
Firefighting         0.0048   0.0047   0.0058   0.0057      0.0044   0.0044   0.0065   0.0050      0.0029   0.0029   0.0046   0.0045
Police               0.0103   0.0101   0.0181   0.0182      0.0079   0.0079   0.0226   0.0193      0.0060   0.0060   0.0144   0.0135
Guards               0.0026   0.0026   0.0084   0.0080      0.0036   0.0036   0.0062   0.0051      0.0062   0.0062   0.0059   0.0067
FoodPrep             0.0075   0.0076   0.0440   0.0359      0.0087   0.0087   0.0227   0.0201      0.0109   0.0109   0.0127   0.0166
HealthService        0.0017   0.0017   0.0056   0.0053      0.0014   0.0014   0.0038   0.0027      0.0016   0.0016   0.0034   0.0031
Cleaning             0.0032   0.0032   0.0132   0.0147      0.0053   0.0053   0.0160   0.0108      0.0099   0.0099   0.0207   0.0179
PersonalService      0.0073   0.0074   0.0081   0.0077      0.0055   0.0055   0.0068   0.0061      0.0078   0.0078   0.0059   0.0039
FarmMgrs             0.0331   0.0343   0.0045   0.0052      0.0465   0.0465   0.0054   0.0054      0.0606   0.0606   0.0080   0.0114
FarmWork             0.0152   0.0158   0.0090   0.0076      0.0114   0.0114   0.0066   0.0040      0.0128   0.0128   0.0050   0.0053
Agriculture          0.0018   0.0018   0.0183   0.0176      0.0018   0.0018   0.0157   0.0114      0.0024   0.0024   0.0120   0.0090
Forest               0.0025   0.0026   0.0017   0.0017      0.0025   0.0025   0.0023   0.0024      0.0028   0.0028   0.0022   0.0025
Mechanics            0.0243   0.0241   0.0291   0.0272      0.0221   0.0221   0.0317   0.0359      0.0188   0.0188   0.0350   0.0379
Elec.Repairer        0.0183   0.0180   0.0145   0.0133      0.0118   0.0118   0.0142   0.0147      0.0063   0.0063   0.0121   0.0114
Misc.Repairer        0.0308   0.0306   0.0097   0.0095      0.0339   0.0339   0.0113   0.0103      0.0341   0.0341   0.0136   0.0130
Construction         0.0507   0.0507   0.0910   0.0836      0.0542   0.0542   0.0892   0.0875      0.0512   0.0512   0.0801   0.0932
Extractive           0.0075   0.0075   0.0041   0.0036      0.0071   0.0071   0.0023   0.0011      0.0067   0.0067   0.0020   0.0021
Supervisor(P)        0.0216   0.0216   0.0064   0.0068      0.0343   0.0343   0.0107   0.0121      0.0366   0.0366   0.0121   0.0153
MetalWork            0.0219   0.0217   0.0039   0.0035      0.0253   0.0253   0.0055   0.0069      0.0222   0.0222   0.0071   0.0136
WoodWork             0.0013   0.0013   0.0007   0.0007      0.0016   0.0016   0.0008   0.0012      0.0015   0.0015   0.0010   0.0013
Textiles             0.0021   0.0021   0.0004   0.0004      0.0025   0.0025   0.0006   0.0006      0.0026   0.0026   0.0007   0.0013
Other                0.0035   0.0035   0.0027   0.0026      0.0034   0.0034   0.0020   0.0023      0.0028   0.0028   0.0018   0.0031
Food                 0.0060   0.0059   0.0038   0.0034      0.0056   0.0056   0.0030   0.0031      0.0069   0.0069   0.0029   0.0039
PlantOperator        0.0068   0.0068   0.0024   0.0024      0.0080   0.0080   0.0031   0.0025      0.0081   0.0081   0.0042   0.0049
MetalMach.           0.0049   0.0049   0.0017   0.0014      0.0062   0.0062   0.0017   0.0022      0.0067   0.0067   0.0019   0.0034
MetalProc.           0.0014   0.0013   0.0005   0.0004      0.0016   0.0016   0.0006   0.0012      0.0016   0.0016   0.0006   0.0015
WoodMach.            0.0016   0.0016   0.0041   0.0039      0.0014   0.0014   0.0042   0.0087      0.0016   0.0016   0.0046   0.0017
TextileMach.         0.0074   0.0073   0.0019   0.0015      0.0062   0.0062   0.0023   0.0030      0.0069   0.0069   0.0027   0.0058
PrintMach.           0.0032   0.0032   0.0016   0.0012      0.0035   0.0035   0.0016   0.0022      0.0037   0.0037   0.0014   0.0032
OtherMach.           0.0872   0.0867   0.0176   0.0155      0.0800   0.0800   0.0172   0.0171      0.0779   0.0779   0.0156   0.0223
Fabricators          0.0177   0.0176   0.0158   0.0126      0.0189   0.0189   0.0152   0.0156      0.0158   0.0158   0.0130   0.0217
Prod.Inspectors      0.0073   0.0073   0.0053   0.0047      0.0070   0.0070   0.0050   0.0054      0.0069   0.0069   0.0055   0.0063
MotorVehicle         0.0567   0.0568   0.0356   0.0381      0.0518   0.0518   0.0472   0.0446      0.0462   0.0462   0.0514   0.0486
OtherVehicle         0.0146   0.0145   0.0081   0.0077      0.0179   0.0179   0.0087   0.0074      0.0168   0.0168   0.0091   0.0094
Freight              0.0456   0.0456   0.0249   0.0216      0.0386   0.0386   0.0192   0.0163      0.0390   0.0390   0.0179   0.0266
 
 
1960 and 2010 quantities
White women p(:,WW) for      Young Cohort                          Middle-Aged Cohort                      Old-Aged Cohort
 
                     Data60  Model60 Data2010Model2010      Data60  Model60 Data2010Model2010      Data60  Model60 Data2010Model2010
------------------------------------------------------------------------------------------------------------------------------------
Home                 0.7388   0.7391   0.3087   0.3258      0.6698   0.6698   0.3235   0.3630      0.6238   0.6238   0.3149   0.3291
Managers             0.0068   0.0068   0.0587   0.0730      0.0145   0.0145   0.0722   0.0692      0.0217   0.0217   0.0727   0.0732
MgmtRelated          0.0033   0.0033   0.0467   0.0476      0.0046   0.0046   0.0509   0.0568      0.0058   0.0058   0.0525   0.0514
Architects           0.0000   0.0000   0.0008   0.0008      0.0000   0.0000   0.0005   0.0009      0.0000   0.0000   0.0004   0.0006
Engineers            0.0002   0.0002   0.0032   0.0029      0.0001   0.0001   0.0024   0.0031      0.0002   0.0002   0.0024   0.0037
Math/CompSci         0.0001   0.0001   0.0075   0.0072      0.0002   0.0002   0.0083   0.0092      0.0001   0.0001   0.0089   0.0060
Science              0.0003   0.0003   0.0046   0.0043      0.0003   0.0003   0.0029   0.0038      0.0002   0.0002   0.0021   0.0024
Doctors              0.0003   0.0003   0.0059   0.0081      0.0004   0.0004   0.0061   0.0062      0.0005   0.0005   0.0044   0.0047
Nurses               0.0109   0.0109   0.0328   0.0344      0.0107   0.0107   0.0322   0.0226      0.0118   0.0118   0.0346   0.0260
Therapists           0.0004   0.0004   0.0122   0.0123      0.0003   0.0003   0.0099   0.0088      0.0002   0.0002   0.0073   0.0055
Professors           0.0004   0.0004   0.0069   0.0080      0.0006   0.0006   0.0067   0.0063      0.0008   0.0008   0.0060   0.0039
Teachers             0.0167   0.0167   0.0772   0.0750      0.0171   0.0171   0.0731   0.0596      0.0310   0.0310   0.0637   0.0423
Librarians           0.0008   0.0008   0.0013   0.0015      0.0011   0.0011   0.0017   0.0014      0.0019   0.0019   0.0020   0.0014
Soc.Scientists       0.0003   0.0003   0.0051   0.0050      0.0003   0.0003   0.0043   0.0026      0.0003   0.0003   0.0031   0.0037
SocialWork           0.0015   0.0015   0.0119   0.0110      0.0017   0.0017   0.0103   0.0091      0.0025   0.0025   0.0089   0.0070
Lawyers              0.0001   0.0001   0.0062   0.0066      0.0001   0.0001   0.0058   0.0063      0.0001   0.0001   0.0043   0.0055
Arts/Athletes        0.0039   0.0039   0.0155   0.0142      0.0028   0.0028   0.0113   0.0145      0.0031   0.0031   0.0104   0.0148
HealthTechs          0.0035   0.0035   0.0178   0.0163      0.0037   0.0037   0.0170   0.0123      0.0055   0.0055   0.0160   0.0165
Eng.Techs            0.0005   0.0005   0.0024   0.0021      0.0006   0.0006   0.0017   0.0021      0.0003   0.0003   0.0021   0.0032
ScienceTechs         0.0006   0.0006   0.0007   0.0006      0.0006   0.0006   0.0005   0.0005      0.0003   0.0003   0.0006   0.0010
OtherTechs           0.0002   0.0002   0.0085   0.0081      0.0003   0.0003   0.0096   0.0112      0.0003   0.0003   0.0103   0.0113
Sales                0.0197   0.0198   0.0700   0.0737      0.0355   0.0355   0.0650   0.0725      0.0447   0.0447   0.0655   0.0790
Secretaries          0.0414   0.0410   0.0296   0.0238      0.0384   0.0384   0.0366   0.0269      0.0341   0.0341   0.0481   0.0512
Info.Clerks          0.0027   0.0027   0.0154   0.0126      0.0023   0.0023   0.0114   0.0126      0.0020   0.0020   0.0118   0.0136
Records              0.0019   0.0019   0.0050   0.0044      0.0025   0.0025   0.0051   0.0036      0.0028   0.0028   0.0063   0.0055
FinancialClerk       0.0149   0.0148   0.0145   0.0127      0.0178   0.0178   0.0197   0.0192      0.0176   0.0176   0.0237   0.0241
OfficeMachine        0.0049   0.0048   0.0003   0.0004      0.0039   0.0039   0.0004   0.0009      0.0032   0.0032   0.0006   0.0003
ComputerTech         0.0069   0.0068   0.0010   0.0007      0.0054   0.0054   0.0012   0.0017      0.0069   0.0069   0.0014   0.0074
Mail                 0.0003   0.0003   0.0012   0.0013      0.0007   0.0007   0.0024   0.0023      0.0007   0.0007   0.0040   0.0046
Clerks               0.0012   0.0012   0.0107   0.0099      0.0017   0.0017   0.0118   0.0114      0.0018   0.0018   0.0131   0.0129
Insurance            0.0001   0.0001   0.0275   0.0244      0.0002   0.0002   0.0226   0.0272      0.0002   0.0002   0.0219   0.0131
Misc.Admin           0.0296   0.0294   0.0220   0.0181      0.0337   0.0337   0.0198   0.0189      0.0350   0.0350   0.0232   0.0342
PrivateHshld         0.0022   0.0022   0.0076   0.0083      0.0042   0.0042   0.0108   0.0058      0.0080   0.0080   0.0105   0.0046
Firefighting         0.0000   0.0000   0.0003   0.0002      0.0000   0.0000   0.0003   0.0002      0.0000   0.0000   0.0002   0.0002
Police               0.0002   0.0002   0.0038   0.0038      0.0002   0.0002   0.0042   0.0033      0.0002   0.0002   0.0031   0.0022
Guards               0.0000   0.0000   0.0022   0.0021      0.0001   0.0001   0.0018   0.0014      0.0001   0.0001   0.0022   0.0016
FoodPrep             0.0163   0.0164   0.0416   0.0336      0.0229   0.0229   0.0266   0.0221      0.0244   0.0244   0.0242   0.0249
HealthService        0.0044   0.0044   0.0353   0.0332      0.0051   0.0051   0.0290   0.0200      0.0069   0.0069   0.0276   0.0173
Cleaning             0.0003   0.0003   0.0044   0.0048      0.0010   0.0010   0.0066   0.0033      0.0014   0.0014   0.0083   0.0052
PersonalService      0.0076   0.0078   0.0299   0.0283      0.0120   0.0120   0.0248   0.0277      0.0143   0.0143   0.0211   0.0210
FarmMgrs             0.0005   0.0005   0.0006   0.0007      0.0010   0.0010   0.0008   0.0007      0.0020   0.0020   0.0014   0.0015
FarmWork             0.0022   0.0023   0.0021   0.0018      0.0032   0.0032   0.0018   0.0011      0.0038   0.0038   0.0014   0.0012
Agriculture          0.0001   0.0001   0.0030   0.0029      0.0003   0.0003   0.0026   0.0018      0.0003   0.0003   0.0025   0.0020
Forest               0.0000   0.0000   0.0001   0.0001      0.0001   0.0001   0.0002   0.0001      0.0000   0.0000   0.0002   0.0001
Mechanics            0.0001   0.0001   0.0008   0.0008      0.0001   0.0001   0.0008   0.0010      0.0000   0.0000   0.0008   0.0009
Elec.Repairer        0.0002   0.0002   0.0008   0.0007      0.0001   0.0001   0.0008   0.0009      0.0001   0.0001   0.0009   0.0009
Misc.Repairer        0.0002   0.0002   0.0005   0.0005      0.0003   0.0003   0.0005   0.0006      0.0004   0.0004   0.0007   0.0009
Construction         0.0002   0.0002   0.0017   0.0015      0.0002   0.0002   0.0021   0.0023      0.0003   0.0003   0.0023   0.0024
Extractive           0.0000   0.0000   0.0001   0.0000      0.0000   0.0000   0.0001   0.0000      0.0000   0.0000   0.0001   0.0000
Supervisor(P)        0.0012   0.0012   0.0013   0.0013      0.0021   0.0021   0.0019   0.0026      0.0027   0.0027   0.0024   0.0029
MetalWork            0.0002   0.0002   0.0001   0.0001      0.0005   0.0005   0.0003   0.0004      0.0002   0.0002   0.0003   0.0006
WoodWork             0.0000   0.0000   0.0001   0.0000      0.0000   0.0000   0.0001   0.0001      0.0000   0.0000   0.0001   0.0002
Textiles             0.0085   0.0085   0.0003   0.0003      0.0121   0.0121   0.0004   0.0004      0.0160   0.0160   0.0007   0.0010
Other                0.0004   0.0004   0.0079   0.0073      0.0004   0.0004   0.0052   0.0051      0.0004   0.0004   0.0046   0.0018
Food                 0.0002   0.0002   0.0020   0.0017      0.0005   0.0005   0.0021   0.0015      0.0004   0.0004   0.0022   0.0015
PlantOperator        0.0001   0.0001   0.0001   0.0001      0.0001   0.0001   0.0002   0.0001      0.0001   0.0001   0.0002   0.0003
MetalMach.           0.0002   0.0002   0.0003   0.0002      0.0003   0.0003   0.0004   0.0005      0.0003   0.0003   0.0004   0.0007
MetalProc.           0.0000   0.0000   0.0001   0.0001      0.0000   0.0000   0.0001   0.0002      0.0000   0.0000   0.0002   0.0003
WoodMach.            0.0000   0.0000   0.0006   0.0006      0.0000   0.0000   0.0009   0.0023      0.0001   0.0001   0.0012   0.0003
TextileMach.         0.0003   0.0003   0.0004   0.0003      0.0004   0.0004   0.0006   0.0008      0.0004   0.0004   0.0007   0.0023
PrintMach.           0.0037   0.0038   0.0019   0.0013      0.0060   0.0060   0.0025   0.0028      0.0080   0.0080   0.0029   0.0073
OtherMach.           0.0261   0.0260   0.0045   0.0039      0.0375   0.0375   0.0059   0.0062      0.0345   0.0345   0.0066   0.0078
Fabricators          0.0054   0.0054   0.0032   0.0026      0.0082   0.0082   0.0042   0.0053      0.0062   0.0062   0.0051   0.0088
Prod.Inspectors      0.0041   0.0041   0.0023   0.0020      0.0068   0.0068   0.0027   0.0034      0.0066   0.0066   0.0034   0.0044
MotorVehicle         0.0004   0.0004   0.0030   0.0032      0.0007   0.0007   0.0053   0.0046      0.0005   0.0005   0.0073   0.0048
OtherVehicle         0.0001   0.0001   0.0002   0.0002      0.0002   0.0002   0.0002   0.0002      0.0002   0.0002   0.0002   0.0003
Freight              0.0014   0.0014   0.0052   0.0045      0.0016   0.0016   0.0064   0.0045      0.0018   0.0018   0.0067   0.0085
 
 
1980 and 2010 quantities (the 1960 ones fit by construction)
White Women p(:,WW) for      Young Cohort                          Middle-Aged Cohort                      Old-Aged Cohort
 
                     Data80  Model80 Data2010Model2010      Data80  Model80 Data2010Model2010      Data80  Model80 Data2010Model2010
------------------------------------------------------------------------------------------------------------------------------------
Home                 0.4606   0.4451   0.3087   0.3258      0.4763   0.6499   0.3235   0.3630      0.5097   0.7391   0.3149   0.3291
Managers             0.0341   0.0439   0.0587   0.0730      0.0377   0.0180   0.0722   0.0692      0.0356   0.0068   0.0727   0.0732
MgmtRelated          0.0264   0.0307   0.0467   0.0476      0.0221   0.0039   0.0509   0.0568      0.0200   0.0033   0.0525   0.0514
Architects           0.0003   0.0003   0.0008   0.0008      0.0001   0.0001   0.0005   0.0009      0.0001   0.0000   0.0004   0.0006
Engineers            0.0014   0.0013   0.0032   0.0029      0.0008   0.0002   0.0024   0.0031      0.0006   0.0002   0.0024   0.0037
Math/CompSci         0.0023   0.0024   0.0075   0.0072      0.0012   0.0008   0.0083   0.0092      0.0007   0.0001   0.0089   0.0060
Science              0.0015   0.0015   0.0046   0.0043      0.0008   0.0005   0.0029   0.0038      0.0005   0.0003   0.0021   0.0024
Doctors              0.0016   0.0020   0.0059   0.0081      0.0009   0.0007   0.0061   0.0062      0.0007   0.0003   0.0044   0.0047
Nurses               0.0226   0.0219   0.0328   0.0344      0.0183   0.0126   0.0322   0.0226      0.0169   0.0109   0.0346   0.0260
Therapists           0.0039   0.0033   0.0122   0.0123      0.0015   0.0009   0.0099   0.0088      0.0009   0.0004   0.0073   0.0055
Professors           0.0033   0.0042   0.0069   0.0080      0.0037   0.0026   0.0067   0.0063      0.0025   0.0004   0.0060   0.0039
Teachers             0.0512   0.0508   0.0772   0.0750      0.0432   0.0323   0.0731   0.0596      0.0318   0.0167   0.0637   0.0423
Librarians           0.0022   0.0023   0.0013   0.0015      0.0022   0.0013   0.0017   0.0014      0.0025   0.0008   0.0020   0.0014
Soc.Scientists       0.0020   0.0022   0.0051   0.0050      0.0013   0.0007   0.0043   0.0026      0.0008   0.0003   0.0031   0.0037
SocialWork           0.0064   0.0063   0.0119   0.0110      0.0045   0.0030   0.0103   0.0091      0.0037   0.0015   0.0089   0.0070
Lawyers              0.0024   0.0026   0.0062   0.0066      0.0009   0.0003   0.0058   0.0063      0.0005   0.0001   0.0043   0.0055
Arts/Athletes        0.0089   0.0090   0.0155   0.0142      0.0058   0.0034   0.0113   0.0145      0.0043   0.0039   0.0104   0.0148
HealthTechs          0.0143   0.0138   0.0178   0.0163      0.0094   0.0055   0.0170   0.0123      0.0073   0.0035   0.0160   0.0165
Eng.Techs            0.0028   0.0026   0.0024   0.0021      0.0019   0.0010   0.0017   0.0021      0.0015   0.0005   0.0021   0.0032
ScienceTechs         0.0009   0.0008   0.0007   0.0006      0.0005   0.0002   0.0005   0.0005      0.0006   0.0006   0.0006   0.0010
OtherTechs           0.0063   0.0071   0.0085   0.0081      0.0034   0.0014   0.0096   0.0112      0.0021   0.0002   0.0103   0.0113
Sales                0.0431   0.0484   0.0700   0.0737      0.0488   0.0240   0.0650   0.0725      0.0511   0.0198   0.0655   0.0790
Secretaries          0.0674   0.0645   0.0296   0.0238      0.0660   0.0574   0.0366   0.0269      0.0571   0.0410   0.0481   0.0512
Info.Clerks          0.0091   0.0100   0.0154   0.0126      0.0084   0.0050   0.0114   0.0126      0.0078   0.0027   0.0118   0.0136
Records              0.0086   0.0079   0.0050   0.0044      0.0075   0.0046   0.0051   0.0036      0.0078   0.0019   0.0063   0.0055
FinancialClerk       0.0265   0.0267   0.0145   0.0127      0.0284   0.0215   0.0197   0.0192      0.0303   0.0148   0.0237   0.0241
OfficeMachine        0.0004   0.0002   0.0003   0.0004      0.0004   0.0005   0.0004   0.0009      0.0004   0.0048   0.0006   0.0003
ComputerTech         0.0078   0.0080   0.0010   0.0007      0.0066   0.0040   0.0012   0.0017      0.0073   0.0068   0.0014   0.0074
Mail                 0.0022   0.0023   0.0012   0.0013      0.0022   0.0010   0.0024   0.0023      0.0023   0.0003   0.0040   0.0046
Clerks               0.0085   0.0090   0.0107   0.0099      0.0078   0.0027   0.0118   0.0114      0.0072   0.0012   0.0131   0.0129
Insurance            0.0060   0.0059   0.0275   0.0244      0.0041   0.0023   0.0226   0.0272      0.0031   0.0001   0.0219   0.0131
Misc.Admin           0.0336   0.0318   0.0220   0.0181      0.0330   0.0296   0.0198   0.0189      0.0317   0.0294   0.0232   0.0342
PrivateHshld         0.0034   0.0034   0.0076   0.0083      0.0051   0.0041   0.0108   0.0058      0.0064   0.0022   0.0105   0.0046
Firefighting         0.0001   0.0001   0.0003   0.0002      0.0000   0.0000   0.0003   0.0002      0.0000   0.0000   0.0002   0.0002
Police               0.0009   0.0009   0.0038   0.0038      0.0006   0.0003   0.0042   0.0033      0.0005   0.0002   0.0031   0.0022
Guards               0.0009   0.0011   0.0022   0.0021      0.0009   0.0002   0.0018   0.0014      0.0010   0.0000   0.0022   0.0016
FoodPrep             0.0206   0.0205   0.0416   0.0336      0.0240   0.0161   0.0266   0.0221      0.0262   0.0164   0.0242   0.0249
HealthService        0.0144   0.0151   0.0353   0.0332      0.0141   0.0080   0.0290   0.0200      0.0143   0.0044   0.0276   0.0173
Cleaning             0.0027   0.0034   0.0044   0.0048      0.0039   0.0008   0.0066   0.0033      0.0049   0.0003   0.0083   0.0052
PersonalService      0.0179   0.0187   0.0299   0.0283      0.0161   0.0156   0.0248   0.0277      0.0108   0.0078   0.0211   0.0210
FarmMgrs             0.0011   0.0014   0.0006   0.0007      0.0019   0.0007   0.0008   0.0007      0.0023   0.0005   0.0014   0.0015
FarmWork             0.0017   0.0015   0.0021   0.0018      0.0021   0.0012   0.0018   0.0011      0.0021   0.0023   0.0014   0.0012
Agriculture          0.0010   0.0010   0.0030   0.0029      0.0007   0.0003   0.0026   0.0018      0.0006   0.0001   0.0025   0.0020
Forest               0.0001   0.0001   0.0001   0.0001      0.0001   0.0000   0.0002   0.0001      0.0001   0.0000   0.0002   0.0001
Mechanics            0.0006   0.0006   0.0008   0.0008      0.0005   0.0004   0.0008   0.0010      0.0004   0.0001   0.0008   0.0009
Elec.Repairer        0.0010   0.0009   0.0008   0.0007      0.0007   0.0003   0.0008   0.0009      0.0006   0.0002   0.0009   0.0009
Misc.Repairer        0.0007   0.0006   0.0005   0.0005      0.0006   0.0006   0.0005   0.0006      0.0007   0.0002   0.0007   0.0009
Construction         0.0016   0.0017   0.0017   0.0015      0.0013   0.0008   0.0021   0.0023      0.0010   0.0002   0.0023   0.0024
Extractive           0.0001   0.0001   0.0001   0.0000      0.0001   0.0000   0.0001   0.0000      0.0000   0.0000   0.0001   0.0000
Supervisor(P)        0.0036   0.0043   0.0013   0.0013      0.0053   0.0017   0.0019   0.0026      0.0051   0.0012   0.0024   0.0029
MetalWork            0.0006   0.0006   0.0001   0.0001      0.0007   0.0004   0.0003   0.0004      0.0005   0.0002   0.0003   0.0006
WoodWork             0.0002   0.0002   0.0001   0.0000      0.0002   0.0001   0.0001   0.0001      0.0002   0.0000   0.0001   0.0002
Textiles             0.0011   0.0009   0.0003   0.0003      0.0017   0.0007   0.0004   0.0004      0.0021   0.0085   0.0007   0.0010
Other                0.0011   0.0011   0.0079   0.0073      0.0011   0.0003   0.0052   0.0051      0.0011   0.0004   0.0046   0.0018
Food                 0.0009   0.0008   0.0020   0.0017      0.0012   0.0005   0.0021   0.0015      0.0011   0.0002   0.0022   0.0015
PlantOperator        0.0002   0.0001   0.0001   0.0001      0.0002   0.0000   0.0002   0.0001      0.0001   0.0001   0.0002   0.0003
MetalMach.           0.0018   0.0017   0.0003   0.0002      0.0021   0.0018   0.0004   0.0005      0.0021   0.0002   0.0004   0.0007
MetalProc.           0.0007   0.0007   0.0001   0.0001      0.0008   0.0002   0.0001   0.0002      0.0008   0.0000   0.0002   0.0003
WoodMach.            0.0003   0.0003   0.0006   0.0006      0.0003   0.0001   0.0009   0.0023      0.0003   0.0000   0.0012   0.0003
TextileMach.         0.0017   0.0016   0.0004   0.0003      0.0015   0.0007   0.0006   0.0008      0.0013   0.0003   0.0007   0.0023
PrintMach.           0.0117   0.0117   0.0019   0.0013      0.0156   0.0180   0.0025   0.0028      0.0172   0.0038   0.0029   0.0073
OtherMach.           0.0105   0.0084   0.0045   0.0039      0.0125   0.0171   0.0059   0.0062      0.0122   0.0260   0.0066   0.0078
Fabricators          0.0108   0.0104   0.0032   0.0026      0.0128   0.0073   0.0042   0.0053      0.0126   0.0054   0.0051   0.0088
Prod.Inspectors      0.0048   0.0049   0.0023   0.0020      0.0064   0.0051   0.0027   0.0034      0.0078   0.0041   0.0034   0.0044
MotorVehicle         0.0034   0.0035   0.0030   0.0032      0.0046   0.0011   0.0053   0.0046      0.0032   0.0004   0.0073   0.0048
OtherVehicle         0.0007   0.0007   0.0002   0.0002      0.0007   0.0002   0.0002   0.0002      0.0007   0.0001   0.0002   0.0003
Freight              0.0086   0.0079   0.0052   0.0045      0.0100   0.0029   0.0064   0.0045      0.0103   0.0014   0.0067   0.0085
 
 
====================================================================== 
    PRODUCTION: w*H in data and model for various groups/cohorts
====================================================================== 
 
 
 
/// 1960 ///          Young                       Middle                      Old
 
               Data   Model       %        Data   Model       %        Data   Model       %
-------------------------------------------------------------------------------------------
White Men      6230    6511   104.5        7972    7976   100.1        6822    6828   100.1
White Women    2875    3014   104.8        3498    3495    99.9        3110    3109   100.0
Black Men       419     436   104.2         460     460   100.0         358     358   100.0
Black Women     309     353   114.3         282     282   100.0         181     181   100.1
 
Total income for the year:    Data = 32516  Model = 33004
 
 
/// 1970 ///          Young                       Middle                      Old
 
               Data   Model       %        Data   Model       %        Data   Model       %
-------------------------------------------------------------------------------------------
White Men      8221    8572   104.3        9331    9600   102.9        9539    9626   100.9
White Women    4179    4258   101.9        4198    4073    97.0        4399    4384    99.7
Black Men       649     666   102.6         627     617    98.4         537     534    99.4
Black Women     547     571   104.4         460     492   106.9         331     329    99.5
 
Total income for the year:    Data = 43018  Model = 43723
 
 
/// 1980 ///          Young                       Middle                      Old
 
               Data   Model       %        Data   Model       %        Data   Model       %
-------------------------------------------------------------------------------------------
White Men      9859   10099   102.4        9127    9697   106.2        8383    9082   108.3
White Women    6006    6240   103.9        4585    4367    95.2        3911    3605    92.2
Black Men       852     849    99.6         705     734   104.2         559     554    99.1
Black Women     791     802   101.4         576     593   102.9         401     419   104.5
 
Total income for the year:    Data = 45755  Model = 47040
 
 
/// 1990 ///          Young                       Middle                      Old
 
               Data   Model       %        Data   Model       %        Data   Model       %
-------------------------------------------------------------------------------------------
White Men      9720    9768   100.5       12137   12092    99.6        9312    9827   105.5
White Women    7166    7490   104.5        7373    7434   100.8        4866    4432    91.1
Black Men       892     903   101.2         982    1030   104.9         718     749   104.4
Black Women     919     959   104.3         961     969   100.9         595     607   102.0
 
Total income for the year:    Data = 55641  Model = 56259
 
 
/// 2000 ///          Young                       Middle                      Old
 
               Data   Model       %        Data   Model       %        Data   Model       %
-------------------------------------------------------------------------------------------
White Men      8334    8119    97.4       14812   14216    96.0       14361   13904    96.8
White Women    6624    6738   101.7       10375   11819   113.9        8900    9790   110.0
Black Men       963     960    99.7        1430    1486   103.9        1199    1255   104.6
Black Women    1039    1069   102.9        1465    1620   110.6        1194    1263   105.8
 
Total income for the year:    Data = 70698  Model = 72239
 
 
/// 2010 ///          Young                       Middle                      Old
 
               Data   Model       %        Data   Model       %        Data   Model       %
-------------------------------------------------------------------------------------------
White Men      8151    7893    96.8       12071   11441    94.8       15959   15373    96.3
White Women    6810    6878   101.0        8885    9638   108.5       11256   13166   117.0
Black Men       969     955    98.6        1326    1315    99.2        1499    1586   105.7
Black Women    1081    1097   101.5        1417    1512   106.7        1567    1754   111.9
 
Total income for the year:    Data = 70991  Model = 72608
 
 
/// 2023 ///          Young                       Middle                      Old
 
               Data   Model       %        Data   Model       %        Data   Model       %
-------------------------------------------------------------------------------------------
White Men      9953    9513    95.6       13007   11887    91.4       12999   12776    98.3
White Women    8612    8614   100.0        9302    9873   106.1        8920   10355   116.1
Black Men      1474    1433    97.2        1548    1481    95.7        1370    1425   104.0
Black Women    1544    1537    99.5        1625    1680   103.4        1537    1670   108.7
 
Total income for the year:    Data = 71891  Model = 72244
 
 
==================================================================================== 
    EARNINGS (Market): (1-tauw)*w*H in data and model for various groups/cohorts
==================================================================================== 
 
 
 
/// 1960 ///          Young                       Middle                      Old
 
               Data   Model       %        Data   Model       %        Data   Model       %
-------------------------------------------------------------------------------------------
White Men      5700    5961   104.6        7367    7372   100.1        6039    6047   100.1
White Women    1101    1169   106.2        1504    1501    99.9        1512    1511    99.9
Black Men       307     321   104.4         339     339   100.0         258     258   100.0
Black Women     123     132   107.7         133     133   100.1          89      89   100.2
 
Market income for the year:   Data = 24473  Model = 24833
 
 
/// 1970 ///          Young                       Middle                      Old
 
               Data   Model       %        Data   Model       %        Data   Model       %
-------------------------------------------------------------------------------------------
White Men      7469    7823   104.7        8610    8855   102.9        8528    8635   101.3
White Women    1839    1921   104.5        1959    1764    90.0        2280    2275    99.8
Black Men       499     512   102.5         491     509   103.7         418     416    99.5
Black Women     279     289   103.6         248     237    95.8         189     190   100.4
 
Market income for the year:   Data = 32810  Model = 33428
 
 
/// 1980 ///          Young                       Middle                      Old
 
               Data   Model       %        Data   Model       %        Data   Model       %
-------------------------------------------------------------------------------------------
White Men      9074    9364   103.2        8468    8885   104.9        7434    8407   113.1
White Women    3595    3768   104.8        2548    2257    88.6        2191    1779    81.2
Black Men       669     668    99.8         535     611   114.2         415     494   119.2
Black Women     521     532   102.1         362     381   105.3         250     243    97.2
 
Market income for the year:   Data = 36062  Model = 37391
 
 
/// 1990 ///          Young                       Middle                      Old
 
               Data   Model       %        Data   Model       %        Data   Model       %
-------------------------------------------------------------------------------------------
White Men      8931    9045   101.3       11260   11224    99.7        8301    9012   108.6
White Women    4783    4997   104.5        4976    5062   101.7        3206    2576    80.3
Black Men       706     715   101.3         771     847   109.9         524     658   125.6
Black Women     644     667   103.6         694     696   100.4         406     422   104.0
 
Market income for the year:   Data = 45202  Model = 45922
 
 
/// 2000 ///          Young                       Middle                      Old
 
               Data   Model       %        Data   Model       %        Data   Model       %
-------------------------------------------------------------------------------------------
White Men      7245    6993    96.5       12643   12577    99.5       11810   12352   104.6
White Women    4228    4141    97.9        6172    7634   123.7        5741    6241   108.7
Black Men       676     647    95.8         945    1070   113.3         753     951   126.3
Black Women     670     649    96.8         893    1048   117.4         702     835   119.0
 
Market income for the year:   Data = 52478  Model = 55139
 
 
/// 2010 ///          Young                       Middle                      Old
 
               Data   Model       %        Data   Model       %        Data   Model       %
-------------------------------------------------------------------------------------------
White Men      7082    6812    96.2       10932   10073    92.1       13430   13823   102.9
White Women    4799    4757    99.1        6013    6563   109.1        7448    9365   125.7
Black Men       694     666    96.0        1028     953    92.7        1054    1226   116.3
Black Women     757     740    97.8        1020    1021   100.1        1047    1261   120.4
 
Market income for the year:   Data = 55304  Model = 57258
 
 
/// 2023 ///          Young                       Middle                      Old
 
               Data   Model       %        Data   Model       %        Data   Model       %
-------------------------------------------------------------------------------------------
White Men      8876    9051   102.0       13007   10896    83.8       12999   11857    91.2
White Women    6387    6994   109.5        8064    7730    95.9        7699    7905   102.7
Black Men      1097    1181   107.6        1401    1145    81.7        1256    1137    90.6
Black Women    1093    1170   107.0        1330    1233    92.7        1252    1215    97.1
 
Market income for the year:   Data = 64461  Model = 61515
Production GDP = Total Labor Income (pre-tax) has been confirmed to the nearest dime per person :-).
 
 
GDP per person in data and model
 
        Year        Data       Model    ExitFlag
------------------------------------------------
        1960       32516       33004           1
        1970       43018       43723           1
        1980       45755       47040           1
        1990       55641       56259           1
        2000       70698       72239           1
        2010       70991       72608           1
        2023       71891       72244           1
 
 
GDP (mkt) per person in data and model
 
        Year        Data       Model
------------------------------------
        1960       23241       23571
        1970       31251       31320
        1980       34587       34658
        1990       44436       43806
        2000       49902       51914
        2010       53341       55012
        2023       67457       62204
 
 
GDP per worker (market) in data and model
 
        Year        Data       Model
------------------------------------
        1960       38828       39372
        1970       49167       50989
        1980       49258       53054
        1990       58194       60838
        2000       66808       69874
        2010       70265       73566
        2023       84940       78704
 
 
LFP in data and model
 
        Year        Data       Model
------------------------------------
        1960       0.599       0.599
        1970       0.636       0.614
        1980       0.702       0.653
        1990       0.764       0.720
        2000       0.747       0.743
        2010       0.759       0.748
        2023       0.794       0.790
 
 
Market Wage Gap in data and model
 
  Year      WWdata WWmodel      BMdata BMmodel      BWdata BWmodel
------------------------------------------------------------------
  1960       0.555   0.556       0.559   0.560       0.347   0.350
  1970       0.527   0.562       0.627   0.627       0.418   0.445
  1980       0.549   0.614       0.714   0.710       0.513   0.552
  1990       0.613   0.695       0.700   0.738       0.555   0.608
  2000       0.647   0.796       0.694   0.757       0.566   0.668
  2010       0.714   0.868       0.710   0.787       0.604   0.724
  2023       0.756   0.863       0.701   0.743       0.613   0.685
 
 
Earnings (market, after tauw) in data and model
 
        Year        Data       Model
------------------------------------
        1960       24473       24833
        1970       32810       33428
        1980       36062       37391
        1990       45202       45922
        2000       52478       55139
        2010       55304       57258
        2023       64461       61515
 
 
Earnings (market, after tauw) by Group in data and model
 
  Year      WMdata WMmodel      WWdata WWmodel      BMdata BMmodel      BWdata BWmodel
--------------------------------------------------------------------------------------
  1960       19107   19380        4117    4181         904     917         345     355
  1970       24607   25313        6078    5960        1409    1438         716     716
  1980       24975   26657        8335    7804        1619    1773        1134    1157
  1990       28492   29280       12965   12635        2001    2221        1744    1786
  2000       31699   31922       16140   18016        2373    2669        2265    2532
  2010       31444   30708       18260   20684        2776    2844        2824    3022
  2023       34883   31805       22150   22629        3754    3463        3675    3618
 
 
ConsumptionYoung (total) per young person in data and model (and Utility)
 
        Year        Data       Model     Utility
------------------------------------------------
        1960       35313       37051       29671
        1970       48206       49842       32753
        1980       46204       47100       27367
        1990       55073       55656       31978
        2000       63029       62121       46803
        2010       57826       56824       34854
        2023       66710       64384       35509
 
 
EarningsYoung (market) per young person in data and model
 
        Year        Data       Model
------------------------------------
        1960       21687       22743
        1970       29246       30575
        1980       32471       33577
        1990       37923       38829
        2000       42076       40799
        2010       42685       41542
        2023       51519       54299
 
 
GDP (mkt) of only Young Cohorts...
 
  Year    Data   Model
----------------------
  1960   20221   21193
  1970   27644   28774
  1980   31369   32436
  1990   37733   38795
  2000   40341   39899
  2010   40770   40125
  2023   53737   55500
 
 
Share of growth accounted for by the Full Model:
 
                                      Share
-------------------------------------------
GDP per person                         98.7
GDP per person (mkt)                   91.1
GDP (mkt) per worker                   88.5
Labor Force Participation (LFP)        98.2
Earnings                               93.7
ConsumpYoung (total)                   86.9
EarningsYoung (market)                100.6
GDPYoung (market)                      98.5
WageGapWW                             142.3
WageGapBM                             125.1
WageGapBW                             118.1
EarningsWM                             82.3
EarningsWW                            100.4
EarningsBM                             93.3
EarningsBW                             98.2
..................... 
 
********************************************************************
       Counterfactual results with ZERO TAUW AND TAUH
********************************************************************
 
 
 
OVERALL: Additional output gain over baseline with no frictions (percent):
 
  Year      NoTauH      NoTauW    NoTauH/W
------------------------------------------
  1960         7.8         1.5        13.4
  1970        15.3         3.6        25.9
  1980        19.1         6.9        34.2
  1990        11.7         8.2        24.1
  2000         4.8         7.5        14.1
  2010         1.6         7.1         9.9
  2023        -0.5         8.3         8.9
 
GDPYoung: Additional output gain over baseline with no frictions (percent):
 
  Year      NoTauH      NoTauW    NoTauH/W
------------------------------------------
  1960        34.5         8.4        63.6
  1970        28.2         9.4        50.2
  1980        14.1        11.4        30.5
  1990         5.2        10.5        17.7
  2000         2.7        10.2        14.8
  2010         1.1         9.5        12.1
  2023        -2.2         8.6         7.2
....... 
 
                                         Wages                          H(i,t)                 HYoung
 
                 Data60 Model60Data2010   Model      Data60   ModelData2010   Model      Data60   ModelData2010   Model
-----------------------------------------------------------------------------------------------------------------------
Home               7780    8351   12478    8665       0.838   0.780   0.239   0.782       0.295   0.237   0.239   0.152
Managers           9173    9062   16901   19612       0.405   0.484   0.952   0.666       0.077   0.156   0.183   0.204
MgmtRelated        6201    6016   12818   13692       0.147   0.186   0.495   0.445       0.045   0.083   0.132   0.135
Architects         1206    1162    2468    2603       0.023   0.030   0.082   0.077       0.006   0.013   0.018   0.024
Engineers          7360    6955   11981   10986       0.099   0.135   0.184   0.261       0.036   0.072   0.068   0.088
Math/CompSci       1204    1152    9659    9620       0.016   0.021   0.272   0.302       0.007   0.012   0.083   0.099
Science            3100    2964    4725    4775       0.045   0.059   0.133   0.141       0.018   0.032   0.045   0.044
Doctors            4047    4057    6705    8349       0.124   0.141   0.304   0.172       0.024   0.042   0.051   0.050
Nurses             1970    2126    5687    6790       0.115   0.106   0.252   0.162       0.037   0.027   0.079   0.057
Therapists          665     692    4149    4684       0.023   0.024   0.140   0.107       0.008   0.009   0.055   0.041
Professors         2493    2452    2755    3212       0.050   0.061   0.215   0.149       0.013   0.023   0.034   0.033
Teachers           4464    4629    5936    6898       0.174   0.179   0.426   0.297       0.054   0.060   0.116   0.088
Librarians          433     470     848    1087       0.043   0.039   0.085   0.044       0.010   0.006   0.017   0.014
Soc.Scientists     1510    1481    3837    4300       0.027   0.032   0.148   0.115       0.009   0.015   0.046   0.040
SocialWork         2111    2147    2870    3122       0.078   0.086   0.171   0.145       0.024   0.031   0.050   0.040
Lawyers            3622    3492    7457    8197       0.065   0.083   0.223   0.184       0.016   0.035   0.045   0.046
Arts/Athletes      3899    3858    5410    5682       0.093   0.110   0.258   0.244       0.034   0.052   0.083   0.069
HealthTechs        1137    1208    3799    4298       0.079   0.076   0.222   0.168       0.027   0.024   0.065   0.056
Eng.Techs          3738    3440    4176    3875       0.057   0.085   0.123   0.169       0.029   0.057   0.042   0.053
ScienceTechs       2387    2254    1491    1314       0.046   0.063   0.041   0.065       0.021   0.038   0.018   0.018
OtherTechs         1769    1685   12985   12235       0.044   0.058   0.242   0.316       0.014   0.029   0.082   0.105
Sales              8480    8203   11084   11303       0.295   0.375   0.642   0.662       0.083   0.163   0.170   0.172
Secretaries        1187    1358    1580    1632       0.196   0.151   0.099   0.098       0.070   0.025   0.026   0.025
Info.Clerks        1068    1112    1668    1839       0.055   0.056   0.143   0.117       0.021   0.022   0.052   0.033
Records            1668    1695    1490    1605       0.070   0.077   0.084   0.073       0.018   0.025   0.026   0.022
FinancialClerk     1801    1934    2007    2179       0.155   0.144   0.138   0.118       0.048   0.037   0.035   0.033
OfficeMachine      1484    1553     622     497       0.063   0.063   0.021   0.046       0.030   0.030   0.008   0.011
ComputerTech        786     874     392     324       0.086   0.072   0.033   0.063       0.031   0.017   0.007   0.006
Mail               2293    2256    2375    2346       0.094   0.114   0.114   0.130       0.025   0.044   0.034   0.044
Clerks             2743    2654    4114    3992       0.109   0.139   0.217   0.259       0.035   0.065   0.071   0.075
Insurance          1670    1555    4500    4590       0.032   0.045   0.241   0.249       0.013   0.026   0.085   0.071
Misc.Admin         4688    4803    3482    3769       0.235   0.251   0.200   0.173       0.076   0.092   0.067   0.057
PrivateHshld        701     738     597     685       0.121   0.120   0.091   0.066       0.025   0.023   0.024   0.018
Firefighting       1778    1705    3756    3387       0.044   0.058   0.092   0.137       0.016   0.030   0.025   0.041
Police             2608    2477    6235    5723       0.063   0.084   0.179   0.254       0.025   0.047   0.051   0.069
Guards             1201    1188    2495    2308       0.063   0.075   0.117   0.162       0.013   0.025   0.042   0.043
FoodPrep           1616    1700    4222    3706       0.231   0.229   0.186   0.300       0.061   0.058   0.080   0.084
HealthService       687     750    2220    2545       0.111   0.098   0.209   0.151       0.036   0.023   0.078   0.049
Cleaning            989    1012    3175    2875       0.125   0.134   0.146   0.215       0.023   0.032   0.041   0.063
PersonalService    1792    1875    2692    2891       0.196   0.196   0.203   0.180       0.056   0.057   0.072   0.051
FarmMgrs           2597    2534    2147    2025       0.253   0.313   0.102   0.133       0.057   0.117   0.024   0.035
FarmWork           1299    1303    1711    1424       0.144   0.164   0.065   0.124       0.053   0.073   0.024   0.036
Agriculture         843     824    2928    2541       0.046   0.056   0.124   0.207       0.014   0.025   0.042   0.058
Forest              792     779    1126     976       0.055   0.066   0.045   0.076       0.016   0.028   0.015   0.018
Mechanics          3474    3293    5990    4746       0.115   0.156   0.140   0.307       0.040   0.081   0.047   0.078
Elec.Repairer      3690    3357    3839    3059       0.069   0.105   0.097   0.211       0.032   0.069   0.032   0.048
Misc.Repairer      4271    4107    4042    3408       0.152   0.197   0.107   0.195       0.045   0.090   0.032   0.059
Construction       5773    5524    8974    7381       0.191   0.251   0.270   0.532       0.060   0.120   0.079   0.141
Extractive         2101    2006    1834    1457       0.065   0.086   0.040   0.087       0.022   0.043   0.014   0.020
Supervisor(P)      4432    4309    3082    2816       0.187   0.235   0.124   0.178       0.039   0.086   0.031   0.043
MetalWork          4027    3835    2250    1834       0.127   0.169   0.063   0.127       0.037   0.080   0.016   0.029
WoodWork            807     772     600     454       0.034   0.045   0.021   0.053       0.009   0.020   0.005   0.010
Textiles            919     984     423     367       0.171   0.160   0.027   0.046       0.041   0.030   0.007   0.008
Other              1531    1458    1861    2012       0.054   0.072   0.113   0.098       0.018   0.036   0.044   0.034
Food               1774    1692    1359    1230       0.072   0.095   0.071   0.105       0.021   0.045   0.024   0.029
PlantOperator      2851    2695    2448    2255       0.068   0.093   0.067   0.094       0.019   0.044   0.019   0.031
MetalMach.         1754    1678    1022     788       0.078   0.102   0.031   0.074       0.020   0.044   0.010   0.016
MetalProc.          831     817     508     377       0.040   0.049   0.019   0.050       0.011   0.019   0.005   0.008
WoodMach.           694     688    1756    1384       0.037   0.043   0.060   0.135       0.013   0.019   0.019   0.027
TextileMach.       2418    2312     801     675       0.069   0.091   0.042   0.076       0.023   0.045   0.011   0.014
PrintMach.         1021    1070     669     593       0.135   0.136   0.048   0.075       0.035   0.036   0.014   0.015
OtherMach.         6546    6483    4222    3614       0.344   0.407   0.144   0.251       0.108   0.172   0.047   0.071
Fabricators        3143    3124    3734    2996       0.157   0.184   0.111   0.236       0.048   0.075   0.039   0.061
Prod.Inspectors    2159    2165    2693    2442       0.117   0.134   0.104   0.153       0.032   0.049   0.035   0.041
MotorVehicle       5307    5082    5770    5314       0.197   0.258   0.277   0.387       0.068   0.129   0.073   0.106
OtherVehicle       3205    3094    3328    2827       0.116   0.149   0.090   0.160       0.032   0.064   0.024   0.048
Freight            4164    4064    3970    3465       0.200   0.248   0.154   0.253       0.070   0.118   0.055   0.076
 
 
1960 and 2010 quantities
White Men p(:,WM) for        Young Cohort                          Middle-Aged Cohort                      Old-Aged Cohort
 
                     Data60  Model60 Data2010Model2010      Data60  Model60 Data2010Model2010      Data60  Model60 Data2010Model2010
------------------------------------------------------------------------------------------------------------------------------------
Home                 0.0863   0.1024   0.1505   0.1836      0.0769   0.0769   0.1237   0.1864      0.1108   0.1108   0.1621   0.1221
Managers             0.0771   0.0774   0.0740   0.0972      0.1176   0.1176   0.1180   0.0951      0.1264   0.1264   0.1236   0.0998
MgmtRelated          0.0318   0.0308   0.0398   0.0472      0.0296   0.0296   0.0410   0.0486      0.0233   0.0233   0.0407   0.0433
Architects           0.0008   0.0007   0.0015   0.0013      0.0008   0.0008   0.0017   0.0020      0.0007   0.0007   0.0017   0.0019
Engineers            0.0298   0.0274   0.0185   0.0157      0.0251   0.0251   0.0186   0.0184      0.0154   0.0154   0.0219   0.0228
Math/CompSci         0.0008   0.0008   0.0240   0.0229      0.0004   0.0004   0.0236   0.0231      0.0002   0.0002   0.0175   0.0103
Science              0.0063   0.0059   0.0054   0.0055      0.0047   0.0047   0.0048   0.0065      0.0029   0.0029   0.0042   0.0050
Doctors              0.0083   0.0086   0.0058   0.0083      0.0102   0.0102   0.0095   0.0098      0.0082   0.0082   0.0103   0.0111
Nurses               0.0025   0.0030   0.0044   0.0071      0.0022   0.0022   0.0054   0.0054      0.0026   0.0026   0.0044   0.0048
Therapists           0.0004   0.0005   0.0028   0.0040      0.0003   0.0003   0.0033   0.0034      0.0004   0.0004   0.0023   0.0021
Professors           0.0033   0.0033   0.0070   0.0093      0.0033   0.0033   0.0068   0.0075      0.0026   0.0026   0.0062   0.0054
Teachers             0.0188   0.0208   0.0239   0.0318      0.0110   0.0110   0.0229   0.0260      0.0087   0.0087   0.0171   0.0196
Librarians           0.0002   0.0002   0.0004   0.0006      0.0002   0.0002   0.0006   0.0006      0.0002   0.0002   0.0005   0.0008
Soc.Scientists       0.0013   0.0013   0.0028   0.0033      0.0010   0.0010   0.0031   0.0021      0.0006   0.0006   0.0024   0.0033
SocialWork           0.0073   0.0077   0.0070   0.0083      0.0064   0.0064   0.0068   0.0069      0.0058   0.0058   0.0065   0.0074
Lawyers              0.0052   0.0050   0.0073   0.0083      0.0051   0.0051   0.0098   0.0097      0.0055   0.0055   0.0094   0.0104
Arts/Athletes        0.0127   0.0128   0.0180   0.0184      0.0096   0.0096   0.0162   0.0196      0.0070   0.0070   0.0125   0.0188
HealthTechs          0.0019   0.0022   0.0069   0.0083      0.0014   0.0014   0.0058   0.0066      0.0012   0.0012   0.0044   0.0062
Eng.Techs            0.0149   0.0130   0.0078   0.0063      0.0074   0.0074   0.0080   0.0076      0.0037   0.0037   0.0082   0.0135
ScienceTechs         0.0065   0.0060   0.0013   0.0011      0.0040   0.0040   0.0011   0.0011      0.0022   0.0022   0.0011   0.0022
OtherTechs           0.0033   0.0031   0.0197   0.0189      0.0029   0.0029   0.0200   0.0226      0.0016   0.0016   0.0172   0.0213
Sales                0.0767   0.0738   0.0889   0.0945      0.0748   0.0748   0.0912   0.0937      0.0669   0.0669   0.0896   0.1087
Secretaries          0.0019   0.0026   0.0024   0.0035      0.0013   0.0013   0.0017   0.0030      0.0014   0.0014   0.0016   0.0024
Info.Clerks          0.0016   0.0017   0.0035   0.0042      0.0015   0.0015   0.0020   0.0033      0.0009   0.0009   0.0019   0.0036
Records              0.0024   0.0026   0.0021   0.0025      0.0025   0.0025   0.0014   0.0020      0.0024   0.0024   0.0014   0.0023
FinancialClerk       0.0049   0.0058   0.0030   0.0042      0.0037   0.0037   0.0023   0.0039      0.0037   0.0037   0.0022   0.0045
OfficeMachine        0.0031   0.0035   0.0002   0.0004      0.0010   0.0010   0.0004   0.0009      0.0006   0.0006   0.0007   0.0003
ComputerTech         0.0007   0.0009   0.0010   0.0007      0.0005   0.0005   0.0009   0.0014      0.0004   0.0004   0.0010   0.0052
Mail                 0.0075   0.0074   0.0033   0.0037      0.0114   0.0114   0.0048   0.0044      0.0087   0.0087   0.0066   0.0077
Clerks               0.0144   0.0138   0.0210   0.0201      0.0131   0.0131   0.0171   0.0193      0.0132   0.0132   0.0165   0.0191
Insurance            0.0032   0.0028   0.0155   0.0181      0.0019   0.0019   0.0100   0.0165      0.0013   0.0013   0.0081   0.0063
Misc.Admin           0.0308   0.0333   0.0067   0.0079      0.0251   0.0251   0.0043   0.0067      0.0245   0.0245   0.0039   0.0108
PrivateHshld         0.0010   0.0012   0.0010   0.0015      0.0010   0.0010   0.0012   0.0010      0.0013   0.0013   0.0012   0.0015
Firefighting         0.0048   0.0045   0.0058   0.0045      0.0044   0.0044   0.0065   0.0040      0.0029   0.0029   0.0046   0.0038
Police               0.0103   0.0095   0.0181   0.0165      0.0079   0.0079   0.0226   0.0173      0.0060   0.0060   0.0144   0.0123
Guards               0.0026   0.0026   0.0084   0.0080      0.0036   0.0036   0.0062   0.0051      0.0062   0.0062   0.0059   0.0066
FoodPrep             0.0075   0.0086   0.0440   0.0342      0.0087   0.0087   0.0227   0.0201      0.0109   0.0109   0.0127   0.0182
HealthService        0.0017   0.0021   0.0056   0.0083      0.0014   0.0014   0.0038   0.0041      0.0016   0.0016   0.0034   0.0050
Cleaning             0.0032   0.0035   0.0132   0.0122      0.0053   0.0053   0.0160   0.0092      0.0099   0.0099   0.0207   0.0158
PersonalService      0.0073   0.0082   0.0081   0.0103      0.0055   0.0055   0.0068   0.0084      0.0078   0.0078   0.0059   0.0053
FarmMgrs             0.0331   0.0324   0.0045   0.0038      0.0465   0.0465   0.0054   0.0040      0.0606   0.0606   0.0080   0.0088
FarmWork             0.0152   0.0157   0.0090   0.0059      0.0114   0.0114   0.0066   0.0032      0.0128   0.0128   0.0050   0.0044
Agriculture          0.0018   0.0018   0.0183   0.0140      0.0018   0.0018   0.0157   0.0093      0.0024   0.0024   0.0120   0.0078
Forest               0.0025   0.0025   0.0017   0.0014      0.0025   0.0025   0.0023   0.0019      0.0028   0.0028   0.0022   0.0022
Mechanics            0.0243   0.0224   0.0291   0.0209      0.0221   0.0221   0.0317   0.0284      0.0188   0.0188   0.0350   0.0318
Elec.Repairer        0.0183   0.0156   0.0145   0.0109      0.0118   0.0118   0.0142   0.0126      0.0063   0.0063   0.0121   0.0100
Misc.Repairer        0.0308   0.0293   0.0097   0.0074      0.0339   0.0339   0.0113   0.0083      0.0341   0.0341   0.0136   0.0108
Construction         0.0507   0.0477   0.0910   0.0627      0.0542   0.0542   0.0892   0.0671      0.0512   0.0512   0.0801   0.0758
Extractive           0.0075   0.0071   0.0041   0.0026      0.0071   0.0071   0.0023   0.0008      0.0067   0.0067   0.0020   0.0017
Supervisor(P)        0.0216   0.0210   0.0064   0.0057      0.0343   0.0343   0.0107   0.0102      0.0366   0.0366   0.0121   0.0130
MetalWork            0.0219   0.0204   0.0039   0.0026      0.0253   0.0253   0.0055   0.0054      0.0222   0.0222   0.0071   0.0113
WoodWork             0.0013   0.0013   0.0007   0.0005      0.0016   0.0016   0.0008   0.0009      0.0015   0.0015   0.0010   0.0011
Textiles             0.0021   0.0024   0.0004   0.0003      0.0025   0.0025   0.0006   0.0005      0.0026   0.0026   0.0007   0.0012
Other                0.0035   0.0032   0.0027   0.0030      0.0034   0.0034   0.0020   0.0024      0.0028   0.0028   0.0018   0.0029
Food                 0.0060   0.0056   0.0038   0.0031      0.0056   0.0056   0.0030   0.0027      0.0069   0.0069   0.0029   0.0034
PlantOperator        0.0068   0.0063   0.0024   0.0019      0.0080   0.0080   0.0031   0.0021      0.0081   0.0081   0.0042   0.0043
MetalMach.           0.0049   0.0046   0.0017   0.0011      0.0062   0.0062   0.0017   0.0018      0.0067   0.0067   0.0019   0.0030
MetalProc.           0.0014   0.0013   0.0005   0.0003      0.0016   0.0016   0.0006   0.0010      0.0016   0.0016   0.0006   0.0014
WoodMach.            0.0016   0.0016   0.0041   0.0032      0.0014   0.0014   0.0042   0.0074      0.0016   0.0016   0.0046   0.0015
TextileMach.         0.0074   0.0070   0.0019   0.0013      0.0062   0.0062   0.0023   0.0027      0.0069   0.0069   0.0027   0.0054
PrintMach.           0.0032   0.0036   0.0016   0.0012      0.0035   0.0035   0.0016   0.0026      0.0037   0.0037   0.0014   0.0043
OtherMach.           0.0872   0.0880   0.0176   0.0132      0.0800   0.0800   0.0172   0.0151      0.0779   0.0779   0.0156   0.0209
Fabricators          0.0177   0.0180   0.0158   0.0106      0.0189   0.0189   0.0152   0.0139      0.0158   0.0158   0.0130   0.0207
Prod.Inspectors      0.0073   0.0076   0.0053   0.0044      0.0070   0.0070   0.0050   0.0053      0.0069   0.0069   0.0055   0.0064
MotorVehicle         0.0567   0.0535   0.0356   0.0309      0.0518   0.0518   0.0472   0.0367      0.0462   0.0462   0.0514   0.0423
OtherVehicle         0.0146   0.0140   0.0081   0.0057      0.0179   0.0179   0.0087   0.0056      0.0168   0.0168   0.0091   0.0075
Freight              0.0456   0.0447   0.0249   0.0186      0.0386   0.0386   0.0192   0.0146      0.0390   0.0390   0.0179   0.0248
 
 
1960 and 2010 quantities
White women p(:,WW) for      Young Cohort                          Middle-Aged Cohort                      Old-Aged Cohort
 
                     Data60  Model60 Data2010Model2010      Data60  Model60 Data2010Model2010      Data60  Model60 Data2010Model2010
------------------------------------------------------------------------------------------------------------------------------------
Home                 0.7388   0.2968   0.3087   0.2462      0.6698   0.6698   0.3235   0.2546      0.6238   0.6238   0.3149   0.2211
Managers             0.0068   0.0720   0.0587   0.0922      0.0145   0.0145   0.0722   0.0909      0.0217   0.0217   0.0727   0.0953
MgmtRelated          0.0033   0.0206   0.0467   0.0454      0.0046   0.0046   0.0509   0.0465      0.0058   0.0058   0.0525   0.0384
Architects           0.0000   0.0007   0.0008   0.0010      0.0000   0.0000   0.0005   0.0016      0.0000   0.0000   0.0004   0.0014
Engineers            0.0002   0.0124   0.0032   0.0113      0.0001   0.0001   0.0024   0.0127      0.0002   0.0002   0.0024   0.0148
Math/CompSci         0.0001   0.0004   0.0075   0.0173      0.0002   0.0002   0.0083   0.0168      0.0001   0.0001   0.0089   0.0074
Science              0.0003   0.0026   0.0046   0.0038      0.0003   0.0003   0.0029   0.0043      0.0002   0.0002   0.0021   0.0031
Doctors              0.0003   0.0070   0.0059   0.0068      0.0004   0.0004   0.0061   0.0083      0.0005   0.0005   0.0044   0.0104
Nurses               0.0109   0.0030   0.0328   0.0068      0.0107   0.0107   0.0322   0.0046      0.0118   0.0118   0.0346   0.0038
Therapists           0.0004   0.0003   0.0122   0.0029      0.0003   0.0003   0.0099   0.0025      0.0002   0.0002   0.0073   0.0013
Professors           0.0004   0.0023   0.0069   0.0063      0.0006   0.0006   0.0067   0.0052      0.0008   0.0008   0.0060   0.0039
Teachers             0.0167   0.0117   0.0772   0.0257      0.0171   0.0171   0.0731   0.0204      0.0310   0.0310   0.0637   0.0146
Librarians           0.0008   0.0001   0.0013   0.0003      0.0011   0.0011   0.0017   0.0004      0.0019   0.0019   0.0020   0.0005
Soc.Scientists       0.0003   0.0007   0.0051   0.0026      0.0003   0.0003   0.0043   0.0015      0.0003   0.0003   0.0031   0.0024
SocialWork           0.0015   0.0024   0.0119   0.0053      0.0017   0.0017   0.0103   0.0043      0.0025   0.0025   0.0089   0.0041
Lawyers              0.0001   0.0058   0.0062   0.0070      0.0001   0.0001   0.0058   0.0071      0.0001   0.0001   0.0043   0.0076
Arts/Athletes        0.0039   0.0077   0.0155   0.0148      0.0028   0.0028   0.0113   0.0137      0.0031   0.0031   0.0104   0.0136
HealthTechs          0.0035   0.0016   0.0178   0.0064      0.0037   0.0037   0.0170   0.0051      0.0055   0.0055   0.0160   0.0045
Eng.Techs            0.0005   0.0077   0.0024   0.0054      0.0006   0.0006   0.0017   0.0060      0.0003   0.0003   0.0021   0.0101
ScienceTechs         0.0006   0.0034   0.0007   0.0009      0.0006   0.0006   0.0005   0.0007      0.0003   0.0003   0.0006   0.0015
OtherTechs           0.0002   0.0026   0.0085   0.0240      0.0003   0.0003   0.0096   0.0235      0.0003   0.0003   0.0103   0.0152
Sales                0.0197   0.1029   0.0700   0.1065      0.0355   0.0355   0.0650   0.1071      0.0447   0.0447   0.0655   0.1237
Secretaries          0.0414   0.0016   0.0296   0.0030      0.0384   0.0384   0.0366   0.0028      0.0341   0.0341   0.0481   0.0016
Info.Clerks          0.0027   0.0013   0.0154   0.0037      0.0023   0.0023   0.0114   0.0031      0.0020   0.0020   0.0118   0.0034
Records              0.0019   0.0022   0.0050   0.0019      0.0025   0.0025   0.0051   0.0016      0.0028   0.0028   0.0063   0.0017
FinancialClerk       0.0149   0.0037   0.0145   0.0036      0.0178   0.0178   0.0197   0.0033      0.0176   0.0176   0.0237   0.0037
OfficeMachine        0.0049   0.0022   0.0003   0.0002      0.0039   0.0039   0.0004   0.0008      0.0032   0.0032   0.0006   0.0002
ComputerTech         0.0069   0.0008   0.0010   0.0007      0.0054   0.0054   0.0012   0.0015      0.0069   0.0069   0.0014   0.0048
Mail                 0.0003   0.0053   0.0012   0.0031      0.0007   0.0007   0.0024   0.0036      0.0007   0.0007   0.0040   0.0052
Clerks               0.0012   0.0104   0.0107   0.0137      0.0017   0.0017   0.0118   0.0152      0.0018   0.0018   0.0131   0.0148
Insurance            0.0001   0.0021   0.0275   0.0147      0.0002   0.0002   0.0226   0.0140      0.0002   0.0002   0.0219   0.0051
Misc.Admin           0.0296   0.0230   0.0220   0.0066      0.0337   0.0337   0.0198   0.0061      0.0350   0.0350   0.0232   0.0106
PrivateHshld         0.0022   0.0019   0.0076   0.0014      0.0042   0.0042   0.0108   0.0011      0.0080   0.0080   0.0105   0.0016
Firefighting         0.0000   0.0011   0.0003   0.0035      0.0000   0.0000   0.0003   0.0031      0.0000   0.0000   0.0002   0.0029
Police               0.0002   0.0041   0.0038   0.0135      0.0002   0.0002   0.0042   0.0131      0.0002   0.0002   0.0031   0.0085
Guards               0.0000   0.0012   0.0022   0.0054      0.0001   0.0001   0.0018   0.0034      0.0001   0.0001   0.0022   0.0042
FoodPrep             0.0163   0.0107   0.0416   0.0286      0.0229   0.0229   0.0266   0.0190      0.0244   0.0244   0.0242   0.0170
HealthService        0.0044   0.0012   0.0353   0.0067      0.0051   0.0051   0.0290   0.0032      0.0069   0.0069   0.0276   0.0044
Cleaning             0.0003   0.0023   0.0044   0.0146      0.0010   0.0010   0.0066   0.0101      0.0014   0.0014   0.0083   0.0167
PersonalService      0.0076   0.0092   0.0299   0.0108      0.0120   0.0120   0.0248   0.0106      0.0143   0.0143   0.0211   0.0073
FarmMgrs             0.0005   0.0394   0.0006   0.0056      0.0010   0.0010   0.0008   0.0044      0.0020   0.0020   0.0014   0.0131
FarmWork             0.0022   0.0106   0.0021   0.0056      0.0032   0.0032   0.0018   0.0027      0.0038   0.0038   0.0014   0.0039
Agriculture          0.0001   0.0014   0.0030   0.0112      0.0003   0.0003   0.0026   0.0082      0.0003   0.0003   0.0025   0.0074
Forest               0.0000   0.0015   0.0001   0.0008      0.0001   0.0001   0.0002   0.0016      0.0000   0.0000   0.0002   0.0013
Mechanics            0.0001   0.0126   0.0008   0.0157      0.0001   0.0001   0.0008   0.0198      0.0000   0.0000   0.0008   0.0194
Elec.Repairer        0.0002   0.0107   0.0008   0.0085      0.0001   0.0001   0.0008   0.0084      0.0001   0.0001   0.0009   0.0058
Misc.Repairer        0.0002   0.0151   0.0005   0.0078      0.0003   0.0003   0.0005   0.0071      0.0004   0.0004   0.0007   0.0083
Construction         0.0002   0.0310   0.0017   0.0553      0.0002   0.0002   0.0021   0.0607      0.0003   0.0003   0.0023   0.0596
Extractive           0.0000   0.0025   0.0001   0.0030      0.0000   0.0000   0.0001   0.0010      0.0000   0.0000   0.0001   0.0010
Supervisor(P)        0.0012   0.0211   0.0013   0.0054      0.0021   0.0021   0.0019   0.0091      0.0027   0.0027   0.0024   0.0118
MetalWork            0.0002   0.0144   0.0001   0.0031      0.0005   0.0005   0.0003   0.0058      0.0002   0.0002   0.0003   0.0114
WoodWork             0.0000   0.0009   0.0001   0.0005      0.0000   0.0000   0.0001   0.0012      0.0000   0.0000   0.0001   0.0012
Textiles             0.0085   0.0024   0.0003   0.0004      0.0121   0.0121   0.0004   0.0006      0.0160   0.0160   0.0007   0.0012
Other                0.0004   0.0039   0.0079   0.0025      0.0004   0.0004   0.0052   0.0021      0.0004   0.0004   0.0046   0.0029
Food                 0.0002   0.0045   0.0020   0.0030      0.0005   0.0005   0.0021   0.0026      0.0004   0.0004   0.0022   0.0037
PlantOperator        0.0001   0.0062   0.0001   0.0010      0.0001   0.0001   0.0002   0.0014      0.0001   0.0001   0.0002   0.0028
MetalMach.           0.0002   0.0054   0.0003   0.0013      0.0003   0.0003   0.0004   0.0018      0.0003   0.0003   0.0004   0.0029
MetalProc.           0.0000   0.0007   0.0001   0.0004      0.0000   0.0000   0.0001   0.0011      0.0000   0.0000   0.0002   0.0014
WoodMach.            0.0000   0.0004   0.0006   0.0037      0.0000   0.0000   0.0009   0.0068      0.0001   0.0001   0.0012   0.0011
TextileMach.         0.0003   0.0043   0.0004   0.0013      0.0004   0.0004   0.0006   0.0031      0.0004   0.0004   0.0007   0.0053
PrintMach.           0.0037   0.0029   0.0019   0.0013      0.0060   0.0060   0.0025   0.0028      0.0080   0.0080   0.0029   0.0047
OtherMach.           0.0261   0.0681   0.0045   0.0149      0.0375   0.0375   0.0059   0.0162      0.0345   0.0345   0.0066   0.0214
Fabricators          0.0054   0.0119   0.0032   0.0124      0.0082   0.0082   0.0042   0.0142      0.0062   0.0062   0.0051   0.0208
Prod.Inspectors      0.0041   0.0062   0.0023   0.0046      0.0068   0.0068   0.0027   0.0056      0.0066   0.0066   0.0034   0.0070
MotorVehicle         0.0004   0.0368   0.0030   0.0330      0.0007   0.0007   0.0053   0.0401      0.0005   0.0005   0.0073   0.0399
OtherVehicle         0.0001   0.0080   0.0002   0.0049      0.0002   0.0002   0.0002   0.0041      0.0002   0.0002   0.0002   0.0059
Freight              0.0014   0.0281   0.0052   0.0183      0.0016   0.0016   0.0064   0.0143      0.0018   0.0018   0.0067   0.0222
 
 
1980 and 2010 quantities (the 1960 ones fit by construction)
White Women p(:,WW) for      Young Cohort                          Middle-Aged Cohort                      Old-Aged Cohort
 
                     Data80  Model80 Data2010Model2010      Data80  Model80 Data2010Model2010      Data80  Model80 Data2010Model2010
------------------------------------------------------------------------------------------------------------------------------------
Home                 0.4606   0.2553   0.3087   0.2462      0.4763   0.3070   0.3235   0.2546      0.5097   0.2968   0.3149   0.2211
Managers             0.0341   0.0904   0.0587   0.0922      0.0377   0.0907   0.0722   0.0909      0.0356   0.0720   0.0727   0.0953
MgmtRelated          0.0264   0.0346   0.0467   0.0454      0.0221   0.0162   0.0509   0.0465      0.0200   0.0206   0.0525   0.0384
Architects           0.0003   0.0013   0.0008   0.0010      0.0001   0.0006   0.0005   0.0016      0.0001   0.0007   0.0004   0.0014
Engineers            0.0014   0.0127   0.0032   0.0113      0.0008   0.0144   0.0024   0.0127      0.0006   0.0124   0.0024   0.0148
Math/CompSci         0.0023   0.0037   0.0075   0.0173      0.0012   0.0036   0.0083   0.0168      0.0007   0.0004   0.0089   0.0074
Science              0.0015   0.0031   0.0046   0.0038      0.0008   0.0029   0.0029   0.0043      0.0005   0.0026   0.0021   0.0031
Doctors              0.0016   0.0106   0.0059   0.0068      0.0009   0.0051   0.0061   0.0083      0.0007   0.0070   0.0044   0.0104
Nurses               0.0226   0.0042   0.0328   0.0068      0.0183   0.0029   0.0322   0.0046      0.0169   0.0030   0.0346   0.0038
Therapists           0.0039   0.0014   0.0122   0.0029      0.0015   0.0005   0.0099   0.0025      0.0009   0.0003   0.0073   0.0013
Professors           0.0033   0.0041   0.0069   0.0063      0.0037   0.0060   0.0067   0.0052      0.0025   0.0023   0.0060   0.0039
Teachers             0.0512   0.0212   0.0772   0.0257      0.0432   0.0183   0.0731   0.0204      0.0318   0.0117   0.0637   0.0146
Librarians           0.0022   0.0006   0.0013   0.0003      0.0022   0.0003   0.0017   0.0004      0.0025   0.0001   0.0020   0.0005
Soc.Scientists       0.0020   0.0026   0.0051   0.0026      0.0013   0.0018   0.0043   0.0015      0.0008   0.0007   0.0031   0.0024
SocialWork           0.0064   0.0041   0.0119   0.0053      0.0045   0.0029   0.0103   0.0043      0.0037   0.0024   0.0089   0.0041
Lawyers              0.0024   0.0075   0.0062   0.0070      0.0009   0.0034   0.0058   0.0071      0.0005   0.0058   0.0043   0.0076
Arts/Athletes        0.0089   0.0096   0.0155   0.0148      0.0058   0.0082   0.0113   0.0137      0.0043   0.0077   0.0104   0.0136
HealthTechs          0.0143   0.0034   0.0178   0.0064      0.0094   0.0020   0.0170   0.0051      0.0073   0.0016   0.0160   0.0045
Eng.Techs            0.0028   0.0101   0.0024   0.0054      0.0019   0.0117   0.0017   0.0060      0.0015   0.0077   0.0021   0.0101
ScienceTechs         0.0009   0.0015   0.0007   0.0009      0.0005   0.0010   0.0005   0.0007      0.0006   0.0034   0.0006   0.0015
OtherTechs           0.0063   0.0113   0.0085   0.0240      0.0034   0.0049   0.0096   0.0235      0.0021   0.0026   0.0103   0.0152
Sales                0.0431   0.0915   0.0700   0.1065      0.0488   0.0968   0.0650   0.1071      0.0511   0.1029   0.0655   0.1237
Secretaries          0.0674   0.0018   0.0296   0.0030      0.0660   0.0026   0.0366   0.0028      0.0571   0.0016   0.0481   0.0016
Info.Clerks          0.0091   0.0028   0.0154   0.0037      0.0084   0.0026   0.0114   0.0031      0.0078   0.0013   0.0118   0.0034
Records              0.0086   0.0024   0.0050   0.0019      0.0075   0.0062   0.0051   0.0016      0.0078   0.0022   0.0063   0.0017
FinancialClerk       0.0265   0.0053   0.0145   0.0036      0.0284   0.0077   0.0197   0.0033      0.0303   0.0037   0.0237   0.0037
OfficeMachine        0.0004   0.0001   0.0003   0.0002      0.0004   0.0007   0.0004   0.0008      0.0004   0.0022   0.0006   0.0002
ComputerTech         0.0078   0.0057   0.0010   0.0007      0.0066   0.0034   0.0012   0.0015      0.0073   0.0008   0.0014   0.0048
Mail                 0.0022   0.0047   0.0012   0.0031      0.0022   0.0035   0.0024   0.0036      0.0023   0.0053   0.0040   0.0052
Clerks               0.0085   0.0132   0.0107   0.0137      0.0078   0.0122   0.0118   0.0152      0.0072   0.0104   0.0131   0.0148
Insurance            0.0060   0.0033   0.0275   0.0147      0.0041   0.0066   0.0226   0.0140      0.0031   0.0021   0.0219   0.0051
Misc.Admin           0.0336   0.0082   0.0220   0.0066      0.0330   0.0137   0.0198   0.0061      0.0317   0.0230   0.0232   0.0106
PrivateHshld         0.0034   0.0016   0.0076   0.0014      0.0051   0.0026   0.0108   0.0011      0.0064   0.0019   0.0105   0.0016
Firefighting         0.0001   0.0027   0.0003   0.0035      0.0000   0.0015   0.0003   0.0031      0.0000   0.0011   0.0002   0.0029
Police               0.0009   0.0073   0.0038   0.0135      0.0006   0.0068   0.0042   0.0131      0.0005   0.0041   0.0031   0.0085
Guards               0.0009   0.0034   0.0022   0.0054      0.0009   0.0033   0.0018   0.0034      0.0010   0.0012   0.0022   0.0042
FoodPrep             0.0206   0.0126   0.0416   0.0286      0.0240   0.0119   0.0266   0.0190      0.0262   0.0107   0.0242   0.0170
HealthService        0.0144   0.0037   0.0353   0.0067      0.0141   0.0016   0.0290   0.0032      0.0143   0.0012   0.0276   0.0044
Cleaning             0.0027   0.0134   0.0044   0.0146      0.0039   0.0074   0.0066   0.0101      0.0049   0.0023   0.0083   0.0167
PersonalService      0.0179   0.0062   0.0299   0.0108      0.0161   0.0135   0.0248   0.0106      0.0108   0.0092   0.0211   0.0073
FarmMgrs             0.0011   0.0181   0.0006   0.0056      0.0019   0.0104   0.0008   0.0044      0.0023   0.0394   0.0014   0.0131
FarmWork             0.0017   0.0051   0.0021   0.0056      0.0021   0.0076   0.0018   0.0027      0.0021   0.0106   0.0014   0.0039
Agriculture          0.0010   0.0037   0.0030   0.0112      0.0007   0.0026   0.0026   0.0082      0.0006   0.0014   0.0025   0.0074
Forest               0.0001   0.0015   0.0001   0.0008      0.0001   0.0011   0.0002   0.0016      0.0001   0.0015   0.0002   0.0013
Mechanics            0.0006   0.0189   0.0008   0.0157      0.0005   0.0157   0.0008   0.0198      0.0004   0.0126   0.0008   0.0194
Elec.Repairer        0.0010   0.0061   0.0008   0.0085      0.0007   0.0083   0.0008   0.0084      0.0006   0.0107   0.0009   0.0058
Misc.Repairer        0.0007   0.0087   0.0005   0.0078      0.0006   0.0192   0.0005   0.0071      0.0007   0.0151   0.0007   0.0083
Construction         0.0016   0.0609   0.0017   0.0553      0.0013   0.0292   0.0021   0.0607      0.0010   0.0310   0.0023   0.0596
Extractive           0.0001   0.0020   0.0001   0.0030      0.0001   0.0016   0.0001   0.0010      0.0000   0.0025   0.0001   0.0010
Supervisor(P)        0.0036   0.0238   0.0013   0.0054      0.0053   0.0236   0.0019   0.0091      0.0051   0.0211   0.0024   0.0118
MetalWork            0.0006   0.0099   0.0001   0.0031      0.0007   0.0079   0.0003   0.0058      0.0005   0.0144   0.0003   0.0114
WoodWork             0.0002   0.0010   0.0001   0.0005      0.0002   0.0012   0.0001   0.0012      0.0002   0.0009   0.0001   0.0012
Textiles             0.0011   0.0010   0.0003   0.0004      0.0017   0.0017   0.0004   0.0006      0.0021   0.0024   0.0007   0.0012
Other                0.0011   0.0022   0.0079   0.0025      0.0011   0.0011   0.0052   0.0021      0.0011   0.0039   0.0046   0.0029
Food                 0.0009   0.0042   0.0020   0.0030      0.0012   0.0067   0.0021   0.0026      0.0011   0.0045   0.0022   0.0037
PlantOperator        0.0002   0.0016   0.0001   0.0010      0.0002   0.0016   0.0002   0.0014      0.0001   0.0062   0.0002   0.0028
MetalMach.           0.0018   0.0070   0.0003   0.0013      0.0021   0.0121   0.0004   0.0018      0.0021   0.0054   0.0004   0.0029
MetalProc.           0.0007   0.0021   0.0001   0.0004      0.0008   0.0013   0.0001   0.0011      0.0008   0.0007   0.0002   0.0014
WoodMach.            0.0003   0.0013   0.0006   0.0037      0.0003   0.0007   0.0009   0.0068      0.0003   0.0004   0.0012   0.0011
TextileMach.         0.0017   0.0039   0.0004   0.0013      0.0015   0.0057   0.0006   0.0031      0.0013   0.0043   0.0007   0.0053
PrintMach.           0.0117   0.0038   0.0019   0.0013      0.0156   0.0071   0.0025   0.0028      0.0172   0.0029   0.0029   0.0047
OtherMach.           0.0105   0.0249   0.0045   0.0149      0.0125   0.0467   0.0059   0.0162      0.0122   0.0681   0.0066   0.0214
Fabricators          0.0108   0.0234   0.0032   0.0124      0.0128   0.0167   0.0042   0.0142      0.0126   0.0119   0.0051   0.0208
Prod.Inspectors      0.0048   0.0074   0.0023   0.0046      0.0064   0.0095   0.0027   0.0056      0.0078   0.0062   0.0034   0.0070
MotorVehicle         0.0034   0.0400   0.0030   0.0330      0.0046   0.0220   0.0053   0.0401      0.0032   0.0368   0.0073   0.0399
OtherVehicle         0.0007   0.0130   0.0002   0.0049      0.0007   0.0082   0.0002   0.0041      0.0007   0.0080   0.0002   0.0059
Freight              0.0086   0.0213   0.0052   0.0183      0.0100   0.0214   0.0064   0.0143      0.0103   0.0281   0.0067   0.0222
 
 
====================================================================== 
    PRODUCTION: w*H in data and model for various groups/cohorts
====================================================================== 
 
 
 
/// 1960 ///          Young                       Middle                      Old
 
               Data   Model       %        Data   Model       %        Data   Model       %
-------------------------------------------------------------------------------------------
White Men      6230    6395   102.6        7972    7845    98.4        6822    6752    99.0
White Women    2875    6869   238.9        3498    3630   103.8        3110    3210   103.2
Black Men       419     637   152.3         460     459    99.8         358     359   100.2
Black Women     309     794   256.8         282     294   104.2         181     189   104.3
 
Total income for the year:    Data = 32516  Model = 37432
 
 
/// 1970 ///          Young                       Middle                      Old
 
               Data   Model       %        Data   Model       %        Data   Model       %
-------------------------------------------------------------------------------------------
White Men      8221    8364   101.7        9331    9354   100.2        9539    9423    98.8
White Women    4179    8685   207.8        4198    9623   229.2        4399    4637   105.4
Black Men       649     878   135.3         627     947   150.9         537     535    99.6
Black Women     547    1101   201.3         460    1132   246.0         331     351   106.2
 
Total income for the year:    Data = 43018  Model = 55030
 
 
/// 1980 ///          Young                       Middle                      Old
 
               Data   Model       %        Data   Model       %        Data   Model       %
-------------------------------------------------------------------------------------------
White Men      9859    9800    99.4        9127    9439   103.4        8383    8825   105.3
White Women    6006    9978   166.1        4585    9436   205.8        3911    9063   231.7
Black Men       852    1110   130.3         705     989   140.4         559     861   154.1
Black Women     791    1364   172.5         576    1222   212.2         401    1034   257.6
 
Total income for the year:    Data = 45755  Model = 63123
 
 
/// 1990 ///          Young                       Middle                      Old
 
               Data   Model       %        Data   Model       %        Data   Model       %
-------------------------------------------------------------------------------------------
White Men      9720    9549    98.2       12137   11801    97.2        9312    9593   103.0
White Women    7166    9515   132.8        7373   11694   158.6        4866    9568   196.6
Black Men       892    1275   143.0         982    1381   140.7         718    1056   147.1
Black Women     919    1497   162.9         961    1658   172.5         595    1254   210.7
 
Total income for the year:    Data = 55641  Model = 69840
 
 
/// 2000 ///          Young                       Middle                      Old
 
               Data   Model       %        Data   Model       %        Data   Model       %
-------------------------------------------------------------------------------------------
White Men      8334    8023    96.3       14812   14036    94.8       14361   13729    95.6
White Women    6624    7928   119.7       10375   14046   135.4        8900   13923   156.4
Black Men       963    1268   131.7        1430    2035   142.3        1199    1659   138.3
Black Women    1039    1445   139.1        1465    2331   159.1        1194    1968   164.8
 
Total income for the year:    Data = 70698  Model = 82391
 
 
/// 2010 ///          Young                       Middle                      Old
 
               Data   Model       %        Data   Model       %        Data   Model       %
-------------------------------------------------------------------------------------------
White Men      8151    7842    96.2       12071   11299    93.6       15959   15172    95.1
White Women    6810    7812   114.7        8885   11158   125.6       11256   15346   136.3
Black Men       969    1254   129.5        1326    1761   132.8        1499    2187   145.9
Black Women    1081    1422   131.5        1417    2030   143.2        1567    2499   159.4
 
Total income for the year:    Data = 70991  Model = 79782
 
 
/// 2023 ///          Young                       Middle                      Old
 
               Data   Model       %        Data   Model       %        Data   Model       %
-------------------------------------------------------------------------------------------
White Men      9953    9428    94.7       13007   11759    90.4       12999   12560    96.6
White Women    8612    9235   107.2        9302   11278   121.2        8920   12065   135.3
Black Men      1474    1825   123.8        1548    2030   131.2        1370    1998   145.9
Black Women    1544    1905   123.4        1625    2247   138.3        1537    2327   151.4
 
Total income for the year:    Data = 71891  Model = 78659
 
 
==================================================================================== 
    EARNINGS (Market): (1-tauw)*w*H in data and model for various groups/cohorts
==================================================================================== 
 
 
 
/// 1960 ///          Young                       Middle                      Old
 
               Data   Model       %        Data   Model       %        Data   Model       %
-------------------------------------------------------------------------------------------
White Men      5700    5753   100.9        7367    7196    97.7        6039    5912    97.9
White Women    1101    2608   236.8        1504    1559   103.7        1512    1564   103.4
Black Men       307     394   128.4         339     334    98.7         258     255    98.9
Black Women     123     284   231.8         133     138   103.7          89      92   103.7
 
Market income for the year:   Data = 24473  Model = 26089
 
 
/// 1970 ///          Young                       Middle                      Old
 
               Data   Model       %        Data   Model       %        Data   Model       %
-------------------------------------------------------------------------------------------
White Men      7469    7383    98.8        8610    8433    98.0        8528    8297    97.3
White Women    1839    3729   202.7        1959    4131   210.9        2280    2451   107.5
Black Men       499     616   123.3         491     680   138.5         418     407    97.3
Black Women     279     447   159.9         248     485   196.1         189     204   107.8
 
Market income for the year:   Data = 32810  Model = 37264
 
 
/// 1980 ///          Young                       Middle                      Old
 
               Data   Model       %        Data   Model       %        Data   Model       %
-------------------------------------------------------------------------------------------
White Men      9074    8778    96.7        8468    8345    98.5        7434    7966   107.2
White Women    3595    4908   136.5        2548    4574   179.5        2191    4361   199.1
Black Men       669     854   127.6         535     770   143.9         415     682   164.5
Black Women     521     695   133.4         362     611   168.6         250     526   210.0
 
Market income for the year:   Data = 36062  Model = 43071
 
 
/// 1990 ///          Young                       Middle                      Old
 
               Data   Model       %        Data   Model       %        Data   Model       %
-------------------------------------------------------------------------------------------
White Men      8931    8634    96.7       11260   10650    94.6        8301    8543   102.9
White Women    4783    5287   110.5        4976    6515   130.9        3206    5227   163.0
Black Men       706    1014   143.6         771    1107   143.7         524     855   163.2
Black Women     644     853   132.5         694     954   137.6         406     709   174.7
 
Market income for the year:   Data = 45202  Model = 50349
 
 
/// 2000 ///          Young                       Middle                      Old
 
               Data   Model       %        Data   Model       %        Data   Model       %
-------------------------------------------------------------------------------------------
White Men      7245    6714    92.7       12643   12045    95.3       11810   11753    99.5
White Women    4228    4353   102.9        6172    7657   124.1        5741    7583   132.1
Black Men       676     908   134.4         945    1520   161.0         753    1253   166.3
Black Women     670     800   119.3         893    1282   143.5         702    1091   155.5
 
Market income for the year:   Data = 52478  Model = 56958
 
 
/// 2010 ///          Young                       Middle                      Old
 
               Data   Model       %        Data   Model       %        Data   Model       %
-------------------------------------------------------------------------------------------
White Men      7082    6626    93.6       10932    9734    89.0       13430   13321    99.2
White Women    4799    4697    97.9        6013    6642   110.5        7448    9040   121.4
Black Men       694     962   138.7        1028    1354   131.7        1054    1748   165.8
Black Women     757     873   115.4        1020    1221   119.7        1047    1489   142.2
 
Market income for the year:   Data = 55304  Model = 57709
 
 
/// 2023 ///          Young                       Middle                      Old
 
               Data   Model       %        Data   Model       %        Data   Model       %
-------------------------------------------------------------------------------------------
White Men      8876    8912   100.4       13007   10651    81.9       12999   11514    88.6
White Women    6387    6469   101.3        8064    7527    93.3        7699    7920   102.9
Black Men      1097    1547   141.0        1401    1657   118.3        1256    1627   129.6
Black Women    1093    1274   116.5        1330    1457   109.6        1252    1469   117.4
 
Market income for the year:   Data = 64461  Model = 62025
Production GDP = Total Labor Income (pre-tax) has been confirmed to the nearest dime per person :-).
 
 
GDP per person in data and model
 
        Year        Data       Model    ExitFlag
------------------------------------------------
        1960       32516       37432           1
        1970       43018       55030           1
        1980       45755       63123           1
        1990       55641       69840           1
        2000       70698       82391           1
        2010       70991       79782           1
        2023       71891       78659           1
 
 
GDP (mkt) per person in data and model
 
        Year        Data       Model
------------------------------------
        1960       23241       28096
        1970       31251       42780
        1980       34587       50831
        1990       44436       57346
        2000       49902       62071
        2010       53341       62302
        2023       67457       68712
 
 
GDP per worker (market) in data and model
 
        Year        Data       Model
------------------------------------
        1960       38828       41521
        1970       49167       57337
        1980       49258       63501
        1990       58194       70849
        2000       66808       77259
        2010       70265       78421
        2023       84940       83284
 
 
LFP in data and model
 
        Year        Data       Model
------------------------------------
        1960       0.599       0.677
        1970       0.636       0.746
        1980       0.702       0.800
        1990       0.764       0.809
        2000       0.747       0.803
        2010       0.759       0.794
        2023       0.794       0.825
 
 
Market Wage Gap in data and model
 
  Year      WWdata WWmodel      BMdata BMmodel      BWdata BWmodel
------------------------------------------------------------------
  1960       0.555   0.917       0.559   0.736       0.347   0.680
  1970       0.527   1.016       0.627   0.864       0.418   0.856
  1980       0.549   1.107       0.714   1.002       0.513   0.986
  1990       0.613   1.083       0.700   1.028       0.555   1.012
  2000       0.647   1.063       0.694   1.052       0.566   1.018
  2010       0.714   1.048       0.710   1.067       0.604   1.014
  2023       0.756   1.027       0.701   1.034       0.613   0.998
 
 
Earnings (market, after tauw) in data and model
 
        Year        Data       Model
------------------------------------
        1960       24473       30916
        1970       32810       46526
        1980       36062       54637
        1990       45202       61241
        2000       52478       68216
        2010       55304       67656
        2023       64461       71879
 
 
Earnings (market, after tauw) by Group in data and model
 
  Year      WMdata WMmodel      WWdata WWmodel      BMdata BMmodel      BWdata BWmodel
--------------------------------------------------------------------------------------
  1960       19107   18861        4117    9860         904    1228         345     968
  1970       24607   24113        6078   18226        1409    2038         716    2149
  1980       24975   25089        8335   23822        1619    2602        1134    3124
  1990       28492   27827       12965   26306        2001    3256        1744    3851
  2000       31699   30512       16140   28968        2373    4025        2265    4710
  2010       31444   29682       18260   28636        2776    4310        2824    5028
  2023       34883   31078       22150   29579        3754    5290        3675    5933
 
 
ConsumptionYoung (total) per young person in data and model (and Utility)
 
        Year        Data       Model     Utility
------------------------------------------------
        1960       35313       54489       41593
        1970       48206       70145       44650
        1980       46204       61678       35427
        1990       55073       68305       38665
        2000       63029       73636       54503
        2010       57826       64889       39403
        2023       66710       73078       40269
 
 
EarningsYoung (market) per young person in data and model
 
        Year        Data       Model
------------------------------------
        1960       21687       38146
        1970       29246       46993
        1980       32471       45490
        1990       37923       48746
        2000       42076       50334
        2010       42685       48850
        2023       51519       62212
 
 
GDP (mkt) of only Young Cohorts...
 
  Year    Data   Model
----------------------
  1960   20221   34667
  1970   27644   43209
  1980   31369   42322
  1990   37733   45646
  2000   40341   45800
  2010   40770   44985
  2023   53737   59471
 
 
Share of growth accounted for by the Full Model:
 
                                      Share
-------------------------------------------
GDP per person                         93.6
GDP per person (mkt)                   83.9
GDP (mkt) per worker                   88.9
Labor Force Participation (LFP)        70.1
Earnings                               87.1
ConsumpYoung (total)                   46.1
EarningsYoung (market)                 56.5
GDPYoung (market)                      55.2
WageGapWW                              36.6
WageGapBM                             150.3
WageGapBW                              67.7
EarningsWM                             83.0
EarningsWW                             65.3
EarningsBM                            102.5
EarningsBW                             76.6
********************************************************************
    END of Counterfactual results with ZERO TAUW AND TAUH
********************************************************************
