warning: function /workspace/eval/followup/001-living-update/workspace/cases/R1_WNH/shims/print.m shadows a core library function
warning: function /workspace/eval/followup/001-living-update/workspace/cases/R1_WNH/shims/keyboard.m shadows a built-in function
CleanandShowTauAZ_Benchmark                 05-Oct-2026 
 
'CleanandShowTauAZ' is a script from the file /workspace/eval/followup/001-living-update/workspace/cases/R1_WNH/CleanandShowTauAZ.m

 CleanandShowTauAZ  

 After running EstimateTauZ.m to get the TauH, TauW, Z etc
 this program cleans the data up and shows/plots it.

 Also does the following:

  - shows output w*H in each occupation and labor earnings (1-tauw)*w*H.
  - computes GDP and growth rates
  - computes revenue from TauW and TauH

 Also recovers the A(i,t) from the wages, Hit, and production function.
 Specifically, from the labor demand FOC from firms:

    A(i,t) = [ w(i,t)^sigma H(i,t) / Y(t) ]^(1/(sigma-1))

 Creates the "TalentData" data set used in later programs.


Additional help for built-in functions and operators is
available in the online version of the manual.  Use the command
'doc <topic>' to search the manual index.

Help and information about Octave is also available on the WWW
at https://www.octave.org and via the help@octave.org
mailing list.
 
=============================================================
KEY PARAMETER VALUES:    CaseName = Benchmark
                   theta =  2.0000
                     eta =  0.1030
            theta*(1-eta)=  1.7940
                    dlta =  0.0000
                      mu =  0.5574
                   sigma =  3.0000
           EstimateDelta =  0.0000
           ConstrainTauH = -0.8000
PurgeWageGrowthSelection =     0
      AlphaSplitTauW1960 =  0.5000
   OccupationforWageHome = 23 Secretaries                               
   Alpha0FixedSplit =  0.5000
=============================================================
 
 
 
--------------------------------------------------------------------------------------------------
                          >>>>> White Men <<<<<
--------------------------------------------------------------------------------------------------
 
--------------
    TauHat      
--------------
 
                   1960    1970    1980    1990    2000    2010
---------------------------------------------------------------
Home                NaN     NaN     NaN     NaN     NaN     NaN     NaN
Managers          1.000   1.000   1.000   1.000   1.000   1.000   1.000
MgmtRelated       1.000   1.000   1.000   1.000   1.000   1.000   1.000
Architects        1.000   1.000   1.000   1.000   1.000   1.000   1.000
Engineers         1.000   1.000   1.000   1.000   1.000   1.000   1.000
Math/CompSci      1.000   1.000   1.000   1.000   1.000   1.000   1.000
Science           1.000   1.000   1.000   1.000   1.000   1.000   1.000
Doctors           1.000   1.000   1.000   1.000   1.000   1.000   1.000
Nurses            1.000   1.000   1.000   1.000   1.000   1.000   1.000
Therapists        1.000   1.000   1.000   1.000   1.000   1.000   1.000
Professors        1.000   1.000   1.000   1.000   1.000   1.000   1.000
Teachers          1.000   1.000   1.000   1.000   1.000   1.000   1.000
Librarians        1.000   1.000   1.000   1.000   1.000   1.000   1.000
Soc.Scientists    1.000   1.000   1.000   1.000   1.000   1.000   1.000
SocialWork        1.000   1.000   1.000   1.000   1.000   1.000   1.000
Lawyers           1.000   1.000   1.000   1.000   1.000   1.000   1.000
Arts/Athletes     1.000   1.000   1.000   1.000   1.000   1.000   1.000
HealthTechs       1.000   1.000   1.000   1.000   1.000   1.000   1.000
Eng.Techs         1.000   1.000   1.000   1.000   1.000   1.000   1.000
ScienceTechs      1.000   1.000   1.000   1.000   1.000   1.000   1.000
OtherTechs        1.000   1.000   1.000   1.000   1.000   1.000   1.000
Sales             1.000   1.000   1.000   1.000   1.000   1.000   1.000
Secretaries       1.000   1.000   1.000   1.000   1.000   1.000   1.000
Info.Clerks       1.000   1.000   1.000   1.000   1.000   1.000   1.000
Records           1.000   1.000   1.000   1.000   1.000   1.000   1.000
FinancialClerk    1.000   1.000   1.000   1.000   1.000   1.000   1.000
OfficeMachine     1.000   1.000   1.000   1.000   1.000   1.000   1.000
ComputerTech      1.000   1.000   1.000   1.000   1.000   1.000   1.000
Mail              1.000   1.000   1.000   1.000   1.000   1.000   1.000
Clerks            1.000   1.000   1.000   1.000   1.000   1.000   1.000
Insurance         1.000   1.000   1.000   1.000   1.000   1.000   1.000
Misc.Admin        1.000   1.000   1.000   1.000   1.000   1.000   1.000
PrivateHshld      1.000   1.000   1.000   1.000   1.000   1.000   1.000
Firefighting      1.000   1.000   1.000   1.000   1.000   1.000   1.000
Police            1.000   1.000   1.000   1.000   1.000   1.000   1.000
Guards            1.000   1.000   1.000   1.000   1.000   1.000   1.000
FoodPrep          1.000   1.000   1.000   1.000   1.000   1.000   1.000
HealthService     1.000   1.000   1.000   1.000   1.000   1.000   1.000
Cleaning          1.000   1.000   1.000   1.000   1.000   1.000   1.000
PersonalService   1.000   1.000   1.000   1.000   1.000   1.000   1.000
FarmMgrs          1.000   1.000   1.000   1.000   1.000   1.000   1.000
FarmWork          1.000   1.000   1.000   1.000   1.000   1.000   1.000
Agriculture       1.000   1.000   1.000   1.000   1.000   1.000   1.000
Forest            1.000   1.000   1.000   1.000   1.000   1.000   1.000
Mechanics         1.000   1.000   1.000   1.000   1.000   1.000   1.000
Elec.Repairer     1.000   1.000   1.000   1.000   1.000   1.000   1.000
Misc.Repairer     1.000   1.000   1.000   1.000   1.000   1.000   1.000
Construction      1.000   1.000   1.000   1.000   1.000   1.000   1.000
Extractive        1.000   1.000   1.000   1.000   1.000   1.000   1.000
Supervisor(P)     1.000   1.000   1.000   1.000   1.000   1.000   1.000
MetalWork         1.000   1.000   1.000   1.000   1.000   1.000   1.000
WoodWork          1.000   1.000   1.000   1.000   1.000   1.000   1.000
Textiles          1.000   1.000   1.000   1.000   1.000   1.000   1.000
Other             1.000   1.000   1.000   1.000   1.000   1.000   1.000
Food              1.000   1.000   1.000   1.000   1.000   1.000   1.000
PlantOperator     1.000   1.000   1.000   1.000   1.000   1.000   1.000
MetalMach.        1.000   1.000   1.000   1.000   1.000   1.000   1.000
MetalProc.        1.000   1.000   1.000   1.000   1.000   1.000   1.000
WoodMach.         1.000   1.000   1.000   1.000   1.000   1.000   1.000
TextileMach.      1.000   1.000   1.000   1.000   1.000   1.000   1.000
PrintMach.        1.000   1.000   1.000   1.000   1.000   1.000   1.000
OtherMach.        1.000   1.000   1.000   1.000   1.000   1.000   1.000
Fabricators       1.000   1.000   1.000   1.000   1.000   1.000   1.000
Prod.Inspectors   1.000   1.000   1.000   1.000   1.000   1.000   1.000
MotorVehicle      1.000   1.000   1.000   1.000   1.000   1.000   1.000
OtherVehicle      1.000   1.000   1.000   1.000   1.000   1.000   1.000
Freight           1.000   1.000   1.000   1.000   1.000   1.000   1.000
 
Mean             1.000   1.000   1.000   1.000   1.000   1.000   1.000
Std Dev          0.000   0.000   0.000   0.000   0.000   0.000   0.000
Mean(weighted)   1.000   1.000   1.000   1.000   1.000   1.000   1.000
Std Dev(wghtd)   0.000   0.000   0.000   0.000   0.000   0.000   0.000
 
--------------
    TauW      
--------------
 
                   1960    1970    1980    1990    2000    2010
---------------------------------------------------------------
Home              0.000   0.000   0.000   0.000   0.000   0.000   0.000
Managers          0.000   0.000   0.000   0.000   0.000   0.000   0.000
MgmtRelated       0.000   0.000   0.000   0.000   0.000   0.000   0.000
Architects        0.000   0.000   0.000   0.000   0.000   0.000   0.000
Engineers         0.000   0.000   0.000   0.000   0.000   0.000   0.000
Math/CompSci      0.000   0.000   0.000   0.000   0.000   0.000   0.000
Science           0.000   0.000   0.000   0.000   0.000   0.000   0.000
Doctors           0.000   0.000   0.000   0.000   0.000   0.000   0.000
Nurses            0.000   0.000   0.000   0.000   0.000   0.000   0.000
Therapists        0.000   0.000   0.000   0.000   0.000   0.000   0.000
Professors        0.000   0.000   0.000   0.000   0.000   0.000   0.000
Teachers          0.000   0.000   0.000   0.000   0.000   0.000   0.000
Librarians        0.000   0.000   0.000   0.000   0.000   0.000   0.000
Soc.Scientists    0.000   0.000   0.000   0.000   0.000   0.000   0.000
SocialWork        0.000   0.000   0.000   0.000   0.000   0.000   0.000
Lawyers           0.000   0.000   0.000   0.000   0.000   0.000   0.000
Arts/Athletes     0.000   0.000   0.000   0.000   0.000   0.000   0.000
HealthTechs       0.000   0.000   0.000   0.000   0.000   0.000   0.000
Eng.Techs         0.000   0.000   0.000   0.000   0.000   0.000   0.000
ScienceTechs      0.000   0.000   0.000   0.000   0.000   0.000   0.000
OtherTechs        0.000   0.000   0.000   0.000   0.000   0.000   0.000
Sales             0.000   0.000   0.000   0.000   0.000   0.000   0.000
Secretaries       0.000   0.000   0.000   0.000   0.000   0.000   0.000
Info.Clerks       0.000   0.000   0.000   0.000   0.000   0.000   0.000
Records           0.000   0.000   0.000   0.000   0.000   0.000   0.000
FinancialClerk    0.000   0.000   0.000   0.000   0.000   0.000   0.000
OfficeMachine     0.000   0.000   0.000   0.000   0.000   0.000   0.000
ComputerTech      0.000   0.000   0.000   0.000   0.000   0.000   0.000
Mail              0.000   0.000   0.000   0.000   0.000   0.000   0.000
Clerks            0.000   0.000   0.000   0.000   0.000   0.000   0.000
Insurance         0.000   0.000   0.000   0.000   0.000   0.000   0.000
Misc.Admin        0.000   0.000   0.000   0.000   0.000   0.000   0.000
PrivateHshld      0.000   0.000   0.000   0.000   0.000   0.000   0.000
Firefighting      0.000   0.000   0.000   0.000   0.000   0.000   0.000
Police            0.000   0.000   0.000   0.000   0.000   0.000   0.000
Guards            0.000   0.000   0.000   0.000   0.000   0.000   0.000
FoodPrep          0.000   0.000   0.000   0.000   0.000   0.000   0.000
HealthService     0.000   0.000   0.000   0.000   0.000   0.000   0.000
Cleaning          0.000   0.000   0.000   0.000   0.000   0.000   0.000
PersonalService   0.000   0.000   0.000   0.000   0.000   0.000   0.000
FarmMgrs          0.000   0.000   0.000   0.000   0.000   0.000   0.000
FarmWork          0.000   0.000   0.000   0.000   0.000   0.000   0.000
Agriculture       0.000   0.000   0.000   0.000   0.000   0.000   0.000
Forest            0.000   0.000   0.000   0.000   0.000   0.000   0.000
Mechanics         0.000   0.000   0.000   0.000   0.000   0.000   0.000
Elec.Repairer     0.000   0.000   0.000   0.000   0.000   0.000   0.000
Misc.Repairer     0.000   0.000   0.000   0.000   0.000   0.000   0.000
Construction      0.000   0.000   0.000   0.000   0.000   0.000   0.000
Extractive        0.000   0.000   0.000   0.000   0.000   0.000   0.000
Supervisor(P)     0.000   0.000   0.000   0.000   0.000   0.000   0.000
MetalWork         0.000   0.000   0.000   0.000   0.000   0.000   0.000
WoodWork          0.000   0.000   0.000   0.000   0.000   0.000   0.000
Textiles          0.000   0.000   0.000   0.000   0.000   0.000   0.000
Other             0.000   0.000   0.000   0.000   0.000   0.000   0.000
Food              0.000   0.000   0.000   0.000   0.000   0.000   0.000
PlantOperator     0.000   0.000   0.000   0.000   0.000   0.000   0.000
MetalMach.        0.000   0.000   0.000   0.000   0.000   0.000   0.000
MetalProc.        0.000   0.000   0.000   0.000   0.000   0.000   0.000
WoodMach.         0.000   0.000   0.000   0.000   0.000   0.000   0.000
TextileMach.      0.000   0.000   0.000   0.000   0.000   0.000   0.000
PrintMach.        0.000   0.000   0.000   0.000   0.000   0.000   0.000
OtherMach.        0.000   0.000   0.000   0.000   0.000   0.000   0.000
Fabricators       0.000   0.000   0.000   0.000   0.000   0.000   0.000
Prod.Inspectors   0.000   0.000   0.000   0.000   0.000   0.000   0.000
MotorVehicle      0.000   0.000   0.000   0.000   0.000   0.000   0.000
OtherVehicle      0.000   0.000   0.000   0.000   0.000   0.000   0.000
Freight           0.000   0.000   0.000   0.000   0.000   0.000   0.000
 
Mean             0.000   0.000   0.000   0.000   0.000   0.000   0.000
Std Dev          0.000   0.000   0.000   0.000   0.000   0.000   0.000
Mean(weighted)   0.000   0.000   0.000   0.000   0.000   0.000   0.000
Std Dev(wghtd)   0.000   0.000   0.000   0.000   0.000   0.000   0.000
 
-------------------------
    WageGrowthRelative      
-------------------------
 
                   1960    1970    1980    1990    2000    2010
---------------------------------------------------------------
Home                NaN     NaN     NaN     NaN     NaN     NaN     NaN
Managers          1.000   1.000   1.000   1.000   1.000   1.000     NaN
MgmtRelated       1.000   1.000   1.000   1.000   1.000   1.000     NaN
Architects        1.000   1.000   1.000   1.000   1.000   1.000     NaN
Engineers         1.000   1.000   1.000   1.000   1.000   1.000     NaN
Math/CompSci      1.000   1.000   1.000   1.000   1.000   1.000     NaN
Science           1.000   1.000   1.000   1.000   1.000   1.000     NaN
Doctors           1.000   1.000   1.000   1.000   1.000   1.000     NaN
Nurses            1.000   1.000   1.000   1.000   1.000   1.000     NaN
Therapists        1.000   1.000   1.000   1.000   1.000   1.000     NaN
Professors        1.000   1.000   1.000   1.000   1.000   1.000     NaN
Teachers          1.000   1.000   1.000   1.000   1.000   1.000     NaN
Librarians        1.000   1.000   1.000   1.000   1.000   1.000     NaN
Soc.Scientists    1.000   1.000   1.000   1.000   1.000   1.000     NaN
SocialWork        1.000   1.000   1.000   1.000   1.000   1.000     NaN
Lawyers           1.000   1.000   1.000   1.000   1.000   1.000     NaN
Arts/Athletes     1.000   1.000   1.000   1.000   1.000   1.000     NaN
HealthTechs       1.000   1.000   1.000   1.000   1.000   1.000     NaN
Eng.Techs         1.000   1.000   1.000   1.000   1.000   1.000     NaN
ScienceTechs      1.000   1.000   1.000   1.000   1.000   1.000     NaN
OtherTechs        1.000   1.000   1.000   1.000   1.000   1.000     NaN
Sales             1.000   1.000   1.000   1.000   1.000   1.000     NaN
Secretaries       1.000   1.000   1.000   1.000   1.000   1.000     NaN
Info.Clerks       1.000   1.000   1.000   1.000   1.000   1.000     NaN
Records           1.000   1.000   1.000   1.000   1.000   1.000     NaN
FinancialClerk    1.000   1.000   1.000   1.000   1.000   1.000     NaN
OfficeMachine     1.000   1.000   1.000   1.000   1.000   1.000     NaN
ComputerTech      1.000   1.000   1.000   1.000   1.000   1.000     NaN
Mail              1.000   1.000   1.000   1.000   1.000   1.000     NaN
Clerks            1.000   1.000   1.000   1.000   1.000   1.000     NaN
Insurance         1.000   1.000   1.000   1.000   1.000   1.000     NaN
Misc.Admin        1.000   1.000   1.000   1.000   1.000   1.000     NaN
PrivateHshld      1.000   1.000   1.000   1.000   1.000   1.000     NaN
Firefighting      1.000   1.000   1.000   1.000   1.000   1.000     NaN
Police            1.000   1.000   1.000   1.000   1.000   1.000     NaN
Guards            1.000   1.000   1.000   1.000   1.000   1.000     NaN
FoodPrep          1.000   1.000   1.000   1.000   1.000   1.000     NaN
HealthService     1.000   1.000   1.000   1.000   1.000   1.000     NaN
Cleaning          1.000   1.000   1.000   1.000   1.000   1.000     NaN
PersonalService   1.000   1.000   1.000   1.000   1.000   1.000     NaN
FarmMgrs          1.000   1.000   1.000   1.000   1.000   1.000     NaN
FarmWork          1.000   1.000   1.000   1.000   1.000   1.000     NaN
Agriculture       1.000   1.000   1.000   1.000   1.000   1.000     NaN
Forest            1.000   1.000   1.000   1.000   1.000   1.000     NaN
Mechanics         1.000   1.000   1.000   1.000   1.000   1.000     NaN
Elec.Repairer     1.000   1.000   1.000   1.000   1.000   1.000     NaN
Misc.Repairer     1.000   1.000   1.000   1.000   1.000   1.000     NaN
Construction      1.000   1.000   1.000   1.000   1.000   1.000     NaN
Extractive        1.000   1.000   1.000   1.000   1.000   1.000     NaN
Supervisor(P)     1.000   1.000   1.000   1.000   1.000   1.000     NaN
MetalWork         1.000   1.000   1.000   1.000   1.000   1.000     NaN
WoodWork          1.000   1.000   1.000   1.000   1.000   1.000     NaN
Textiles          1.000   1.000   1.000   1.000   1.000   1.000     NaN
Other             1.000   1.000   1.000   1.000   1.000   1.000     NaN
Food              1.000   1.000   1.000   1.000   1.000   1.000     NaN
PlantOperator     1.000   1.000   1.000   1.000   1.000   1.000     NaN
MetalMach.        1.000   1.000   1.000   1.000   1.000   1.000     NaN
MetalProc.        1.000   1.000   1.000   1.000   1.000   1.000     NaN
WoodMach.         1.000   1.000   1.000   1.000   1.000   1.000     NaN
TextileMach.      1.000   1.000   1.000   1.000   1.000   1.000     NaN
PrintMach.        1.000   1.000   1.000   1.000   1.000   1.000     NaN
OtherMach.        1.000   1.000   1.000   1.000   1.000   1.000     NaN
Fabricators       1.000   1.000   1.000   1.000   1.000   1.000     NaN
Prod.Inspectors   1.000   1.000   1.000   1.000   1.000   1.000     NaN
MotorVehicle      1.000   1.000   1.000   1.000   1.000   1.000     NaN
OtherVehicle      1.000   1.000   1.000   1.000   1.000   1.000     NaN
Freight           1.000   1.000   1.000   1.000   1.000   1.000     NaN
 
Mean             1.000   1.000   1.000   1.000   1.000   1.000     NaN
Std Dev          0.000   0.000   0.000   0.000   0.000   0.000   0.000
Mean(weighted)   1.000   1.000   1.000   1.000   1.000   1.000   0.000
Std Dev(wghtd)   0.000   0.000   0.000   0.000   0.000   0.000     NaN
 
--------------
    TauH      
--------------
 
                   1940    1950    1960    1970    1980    1990    2000    2010    2023
---------------------------------------------------------------------------------------
Home              0.000   0.000   0.000   0.000   0.000   0.000   0.000   0.000   0.000
Managers          0.000   0.000   0.000   0.000   0.000   0.000   0.000   0.000   0.000
MgmtRelated       0.000   0.000   0.000   0.000   0.000   0.000   0.000   0.000   0.000
Architects        0.000   0.000   0.000   0.000   0.000   0.000   0.000   0.000   0.000
Engineers         0.000   0.000   0.000   0.000   0.000   0.000   0.000   0.000   0.000
Math/CompSci      0.000   0.000   0.000   0.000   0.000   0.000   0.000   0.000   0.000
Science           0.000   0.000   0.000   0.000   0.000   0.000   0.000   0.000   0.000
Doctors           0.000   0.000   0.000   0.000   0.000   0.000   0.000   0.000   0.000
Nurses            0.000   0.000   0.000   0.000   0.000   0.000   0.000   0.000   0.000
Therapists        0.000   0.000   0.000   0.000   0.000   0.000   0.000   0.000   0.000
Professors        0.000   0.000   0.000   0.000   0.000   0.000   0.000   0.000   0.000
Teachers          0.000   0.000   0.000   0.000   0.000   0.000   0.000   0.000   0.000
Librarians        0.000   0.000   0.000   0.000   0.000   0.000   0.000   0.000   0.000
Soc.Scientists    0.000   0.000   0.000   0.000   0.000   0.000   0.000   0.000   0.000
SocialWork        0.000   0.000   0.000   0.000   0.000   0.000   0.000   0.000   0.000
Lawyers           0.000   0.000   0.000   0.000   0.000   0.000   0.000   0.000   0.000
Arts/Athletes     0.000   0.000   0.000   0.000   0.000   0.000   0.000   0.000   0.000
HealthTechs       0.000   0.000   0.000   0.000   0.000   0.000   0.000   0.000   0.000
Eng.Techs         0.000   0.000   0.000   0.000   0.000   0.000   0.000   0.000   0.000
ScienceTechs      0.000   0.000   0.000   0.000   0.000   0.000   0.000   0.000   0.000
OtherTechs        0.000   0.000   0.000   0.000   0.000   0.000   0.000   0.000   0.000
Sales             0.000   0.000   0.000   0.000   0.000   0.000   0.000   0.000   0.000
Secretaries       0.000   0.000   0.000   0.000   0.000   0.000   0.000   0.000   0.000
Info.Clerks       0.000   0.000   0.000   0.000   0.000   0.000   0.000   0.000   0.000
Records           0.000   0.000   0.000   0.000   0.000   0.000   0.000   0.000   0.000
FinancialClerk    0.000   0.000   0.000   0.000   0.000   0.000   0.000   0.000   0.000
OfficeMachine     0.000   0.000   0.000   0.000   0.000   0.000   0.000   0.000   0.000
ComputerTech      0.000   0.000   0.000   0.000   0.000   0.000   0.000   0.000   0.000
Mail              0.000   0.000   0.000   0.000   0.000   0.000   0.000   0.000   0.000
Clerks            0.000   0.000   0.000   0.000   0.000   0.000   0.000   0.000   0.000
Insurance         0.000   0.000   0.000   0.000   0.000   0.000   0.000   0.000   0.000
Misc.Admin        0.000   0.000   0.000   0.000   0.000   0.000   0.000   0.000   0.000
PrivateHshld      0.000   0.000   0.000   0.000   0.000   0.000   0.000   0.000   0.000
Firefighting      0.000   0.000   0.000   0.000   0.000   0.000   0.000   0.000   0.000
Police            0.000   0.000   0.000   0.000   0.000   0.000   0.000   0.000   0.000
Guards            0.000   0.000   0.000   0.000   0.000   0.000   0.000   0.000   0.000
FoodPrep          0.000   0.000   0.000   0.000   0.000   0.000   0.000   0.000   0.000
HealthService     0.000   0.000   0.000   0.000   0.000   0.000   0.000   0.000   0.000
Cleaning          0.000   0.000   0.000   0.000   0.000   0.000   0.000   0.000   0.000
PersonalService   0.000   0.000   0.000   0.000   0.000   0.000   0.000   0.000   0.000
FarmMgrs          0.000   0.000   0.000   0.000   0.000   0.000   0.000   0.000   0.000
FarmWork          0.000   0.000   0.000   0.000   0.000   0.000   0.000   0.000   0.000
Agriculture       0.000   0.000   0.000   0.000   0.000   0.000   0.000   0.000   0.000
Forest            0.000   0.000   0.000   0.000   0.000   0.000   0.000   0.000   0.000
Mechanics         0.000   0.000   0.000   0.000   0.000   0.000   0.000   0.000   0.000
Elec.Repairer     0.000   0.000   0.000   0.000   0.000   0.000   0.000   0.000   0.000
Misc.Repairer     0.000   0.000   0.000   0.000   0.000   0.000   0.000   0.000   0.000
Construction      0.000   0.000   0.000   0.000   0.000   0.000   0.000   0.000   0.000
Extractive        0.000   0.000   0.000   0.000   0.000   0.000   0.000   0.000   0.000
Supervisor(P)     0.000   0.000   0.000   0.000   0.000   0.000   0.000   0.000   0.000
MetalWork         0.000   0.000   0.000   0.000   0.000   0.000   0.000   0.000   0.000
WoodWork          0.000   0.000   0.000   0.000   0.000   0.000   0.000   0.000   0.000
Textiles          0.000   0.000   0.000   0.000   0.000   0.000   0.000   0.000   0.000
Other             0.000   0.000   0.000   0.000   0.000   0.000   0.000   0.000   0.000
Food              0.000   0.000   0.000   0.000   0.000   0.000   0.000   0.000   0.000
PlantOperator     0.000   0.000   0.000   0.000   0.000   0.000   0.000   0.000   0.000
MetalMach.        0.000   0.000   0.000   0.000   0.000   0.000   0.000   0.000   0.000
MetalProc.        0.000   0.000   0.000   0.000   0.000   0.000   0.000   0.000   0.000
WoodMach.         0.000   0.000   0.000   0.000   0.000   0.000   0.000   0.000   0.000
TextileMach.      0.000   0.000   0.000   0.000   0.000   0.000   0.000   0.000   0.000
PrintMach.        0.000   0.000   0.000   0.000   0.000   0.000   0.000   0.000   0.000
OtherMach.        0.000   0.000   0.000   0.000   0.000   0.000   0.000   0.000   0.000
Fabricators       0.000   0.000   0.000   0.000   0.000   0.000   0.000   0.000   0.000
Prod.Inspectors   0.000   0.000   0.000   0.000   0.000   0.000   0.000   0.000   0.000
MotorVehicle      0.000   0.000   0.000   0.000   0.000   0.000   0.000   0.000   0.000
OtherVehicle      0.000   0.000   0.000   0.000   0.000   0.000   0.000   0.000   0.000
Freight           0.000   0.000   0.000   0.000   0.000   0.000   0.000   0.000   0.000
 
Mean             0.000   0.000   0.000   0.000   0.000   0.000   0.000   0.000   0.000
Std Dev          0.000   0.000   0.000   0.000   0.000   0.000   0.000   0.000   0.000
Mean(weighted)     NaN     NaN   0.000   0.000   0.000   0.000   0.000   0.000   0.000
Std Dev(wghtd)     NaN     NaN   0.000   0.000   0.000   0.000   0.000   0.000   0.000
 
--------------------
    1/(1-TauW)      
--------------------
 
                   1960    1970    1980    1990    2000    2010
---------------------------------------------------------------
Home              1.000   1.000   1.000   1.000   1.000   1.000   1.000
Managers          1.000   1.000   1.000   1.000   1.000   1.000   1.000
MgmtRelated       1.000   1.000   1.000   1.000   1.000   1.000   1.000
Architects        1.000   1.000   1.000   1.000   1.000   1.000   1.000
Engineers         1.000   1.000   1.000   1.000   1.000   1.000   1.000
Math/CompSci      1.000   1.000   1.000   1.000   1.000   1.000   1.000
Science           1.000   1.000   1.000   1.000   1.000   1.000   1.000
Doctors           1.000   1.000   1.000   1.000   1.000   1.000   1.000
Nurses            1.000   1.000   1.000   1.000   1.000   1.000   1.000
Therapists        1.000   1.000   1.000   1.000   1.000   1.000   1.000
Professors        1.000   1.000   1.000   1.000   1.000   1.000   1.000
Teachers          1.000   1.000   1.000   1.000   1.000   1.000   1.000
Librarians        1.000   1.000   1.000   1.000   1.000   1.000   1.000
Soc.Scientists    1.000   1.000   1.000   1.000   1.000   1.000   1.000
SocialWork        1.000   1.000   1.000   1.000   1.000   1.000   1.000
Lawyers           1.000   1.000   1.000   1.000   1.000   1.000   1.000
Arts/Athletes     1.000   1.000   1.000   1.000   1.000   1.000   1.000
HealthTechs       1.000   1.000   1.000   1.000   1.000   1.000   1.000
Eng.Techs         1.000   1.000   1.000   1.000   1.000   1.000   1.000
ScienceTechs      1.000   1.000   1.000   1.000   1.000   1.000   1.000
OtherTechs        1.000   1.000   1.000   1.000   1.000   1.000   1.000
Sales             1.000   1.000   1.000   1.000   1.000   1.000   1.000
Secretaries       1.000   1.000   1.000   1.000   1.000   1.000   1.000
Info.Clerks       1.000   1.000   1.000   1.000   1.000   1.000   1.000
Records           1.000   1.000   1.000   1.000   1.000   1.000   1.000
FinancialClerk    1.000   1.000   1.000   1.000   1.000   1.000   1.000
OfficeMachine     1.000   1.000   1.000   1.000   1.000   1.000   1.000
ComputerTech      1.000   1.000   1.000   1.000   1.000   1.000   1.000
Mail              1.000   1.000   1.000   1.000   1.000   1.000   1.000
Clerks            1.000   1.000   1.000   1.000   1.000   1.000   1.000
Insurance         1.000   1.000   1.000   1.000   1.000   1.000   1.000
Misc.Admin        1.000   1.000   1.000   1.000   1.000   1.000   1.000
PrivateHshld      1.000   1.000   1.000   1.000   1.000   1.000   1.000
Firefighting      1.000   1.000   1.000   1.000   1.000   1.000   1.000
Police            1.000   1.000   1.000   1.000   1.000   1.000   1.000
Guards            1.000   1.000   1.000   1.000   1.000   1.000   1.000
FoodPrep          1.000   1.000   1.000   1.000   1.000   1.000   1.000
HealthService     1.000   1.000   1.000   1.000   1.000   1.000   1.000
Cleaning          1.000   1.000   1.000   1.000   1.000   1.000   1.000
PersonalService   1.000   1.000   1.000   1.000   1.000   1.000   1.000
FarmMgrs          1.000   1.000   1.000   1.000   1.000   1.000   1.000
FarmWork          1.000   1.000   1.000   1.000   1.000   1.000   1.000
Agriculture       1.000   1.000   1.000   1.000   1.000   1.000   1.000
Forest            1.000   1.000   1.000   1.000   1.000   1.000   1.000
Mechanics         1.000   1.000   1.000   1.000   1.000   1.000   1.000
Elec.Repairer     1.000   1.000   1.000   1.000   1.000   1.000   1.000
Misc.Repairer     1.000   1.000   1.000   1.000   1.000   1.000   1.000
Construction      1.000   1.000   1.000   1.000   1.000   1.000   1.000
Extractive        1.000   1.000   1.000   1.000   1.000   1.000   1.000
Supervisor(P)     1.000   1.000   1.000   1.000   1.000   1.000   1.000
MetalWork         1.000   1.000   1.000   1.000   1.000   1.000   1.000
WoodWork          1.000   1.000   1.000   1.000   1.000   1.000   1.000
Textiles          1.000   1.000   1.000   1.000   1.000   1.000   1.000
Other             1.000   1.000   1.000   1.000   1.000   1.000   1.000
Food              1.000   1.000   1.000   1.000   1.000   1.000   1.000
PlantOperator     1.000   1.000   1.000   1.000   1.000   1.000   1.000
MetalMach.        1.000   1.000   1.000   1.000   1.000   1.000   1.000
MetalProc.        1.000   1.000   1.000   1.000   1.000   1.000   1.000
WoodMach.         1.000   1.000   1.000   1.000   1.000   1.000   1.000
TextileMach.      1.000   1.000   1.000   1.000   1.000   1.000   1.000
PrintMach.        1.000   1.000   1.000   1.000   1.000   1.000   1.000
OtherMach.        1.000   1.000   1.000   1.000   1.000   1.000   1.000
Fabricators       1.000   1.000   1.000   1.000   1.000   1.000   1.000
Prod.Inspectors   1.000   1.000   1.000   1.000   1.000   1.000   1.000
MotorVehicle      1.000   1.000   1.000   1.000   1.000   1.000   1.000
OtherVehicle      1.000   1.000   1.000   1.000   1.000   1.000   1.000
Freight           1.000   1.000   1.000   1.000   1.000   1.000   1.000
 
Mean             1.000   1.000   1.000   1.000   1.000   1.000   1.000
Std Dev          0.000   0.000   0.000   0.000   0.000   0.000   0.000
Mean(weighted)   1.000   1.000   1.000   1.000   1.000   1.000   1.000
Std Dev(wghtd)   0.000   0.000   0.000   0.000   0.000   0.000   0.000
eta = 0.1030
 
----------------------
    (1+tauh)^eta      
----------------------
 
                   1940    1950    1960    1970    1980    1990    2000    2010    2023
---------------------------------------------------------------------------------------
Home              1.000   1.000   1.000   1.000   1.000   1.000   1.000   1.000   1.000
Managers          1.000   1.000   1.000   1.000   1.000   1.000   1.000   1.000   1.000
MgmtRelated       1.000   1.000   1.000   1.000   1.000   1.000   1.000   1.000   1.000
Architects        1.000   1.000   1.000   1.000   1.000   1.000   1.000   1.000   1.000
Engineers         1.000   1.000   1.000   1.000   1.000   1.000   1.000   1.000   1.000
Math/CompSci      1.000   1.000   1.000   1.000   1.000   1.000   1.000   1.000   1.000
Science           1.000   1.000   1.000   1.000   1.000   1.000   1.000   1.000   1.000
Doctors           1.000   1.000   1.000   1.000   1.000   1.000   1.000   1.000   1.000
Nurses            1.000   1.000   1.000   1.000   1.000   1.000   1.000   1.000   1.000
Therapists        1.000   1.000   1.000   1.000   1.000   1.000   1.000   1.000   1.000
Professors        1.000   1.000   1.000   1.000   1.000   1.000   1.000   1.000   1.000
Teachers          1.000   1.000   1.000   1.000   1.000   1.000   1.000   1.000   1.000
Librarians        1.000   1.000   1.000   1.000   1.000   1.000   1.000   1.000   1.000
Soc.Scientists    1.000   1.000   1.000   1.000   1.000   1.000   1.000   1.000   1.000
SocialWork        1.000   1.000   1.000   1.000   1.000   1.000   1.000   1.000   1.000
Lawyers           1.000   1.000   1.000   1.000   1.000   1.000   1.000   1.000   1.000
Arts/Athletes     1.000   1.000   1.000   1.000   1.000   1.000   1.000   1.000   1.000
HealthTechs       1.000   1.000   1.000   1.000   1.000   1.000   1.000   1.000   1.000
Eng.Techs         1.000   1.000   1.000   1.000   1.000   1.000   1.000   1.000   1.000
ScienceTechs      1.000   1.000   1.000   1.000   1.000   1.000   1.000   1.000   1.000
OtherTechs        1.000   1.000   1.000   1.000   1.000   1.000   1.000   1.000   1.000
Sales             1.000   1.000   1.000   1.000   1.000   1.000   1.000   1.000   1.000
Secretaries       1.000   1.000   1.000   1.000   1.000   1.000   1.000   1.000   1.000
Info.Clerks       1.000   1.000   1.000   1.000   1.000   1.000   1.000   1.000   1.000
Records           1.000   1.000   1.000   1.000   1.000   1.000   1.000   1.000   1.000
FinancialClerk    1.000   1.000   1.000   1.000   1.000   1.000   1.000   1.000   1.000
OfficeMachine     1.000   1.000   1.000   1.000   1.000   1.000   1.000   1.000   1.000
ComputerTech      1.000   1.000   1.000   1.000   1.000   1.000   1.000   1.000   1.000
Mail              1.000   1.000   1.000   1.000   1.000   1.000   1.000   1.000   1.000
Clerks            1.000   1.000   1.000   1.000   1.000   1.000   1.000   1.000   1.000
Insurance         1.000   1.000   1.000   1.000   1.000   1.000   1.000   1.000   1.000
Misc.Admin        1.000   1.000   1.000   1.000   1.000   1.000   1.000   1.000   1.000
PrivateHshld      1.000   1.000   1.000   1.000   1.000   1.000   1.000   1.000   1.000
Firefighting      1.000   1.000   1.000   1.000   1.000   1.000   1.000   1.000   1.000
Police            1.000   1.000   1.000   1.000   1.000   1.000   1.000   1.000   1.000
Guards            1.000   1.000   1.000   1.000   1.000   1.000   1.000   1.000   1.000
FoodPrep          1.000   1.000   1.000   1.000   1.000   1.000   1.000   1.000   1.000
HealthService     1.000   1.000   1.000   1.000   1.000   1.000   1.000   1.000   1.000
Cleaning          1.000   1.000   1.000   1.000   1.000   1.000   1.000   1.000   1.000
PersonalService   1.000   1.000   1.000   1.000   1.000   1.000   1.000   1.000   1.000
FarmMgrs          1.000   1.000   1.000   1.000   1.000   1.000   1.000   1.000   1.000
FarmWork          1.000   1.000   1.000   1.000   1.000   1.000   1.000   1.000   1.000
Agriculture       1.000   1.000   1.000   1.000   1.000   1.000   1.000   1.000   1.000
Forest            1.000   1.000   1.000   1.000   1.000   1.000   1.000   1.000   1.000
Mechanics         1.000   1.000   1.000   1.000   1.000   1.000   1.000   1.000   1.000
Elec.Repairer     1.000   1.000   1.000   1.000   1.000   1.000   1.000   1.000   1.000
Misc.Repairer     1.000   1.000   1.000   1.000   1.000   1.000   1.000   1.000   1.000
Construction      1.000   1.000   1.000   1.000   1.000   1.000   1.000   1.000   1.000
Extractive        1.000   1.000   1.000   1.000   1.000   1.000   1.000   1.000   1.000
Supervisor(P)     1.000   1.000   1.000   1.000   1.000   1.000   1.000   1.000   1.000
MetalWork         1.000   1.000   1.000   1.000   1.000   1.000   1.000   1.000   1.000
WoodWork          1.000   1.000   1.000   1.000   1.000   1.000   1.000   1.000   1.000
Textiles          1.000   1.000   1.000   1.000   1.000   1.000   1.000   1.000   1.000
Other             1.000   1.000   1.000   1.000   1.000   1.000   1.000   1.000   1.000
Food              1.000   1.000   1.000   1.000   1.000   1.000   1.000   1.000   1.000
PlantOperator     1.000   1.000   1.000   1.000   1.000   1.000   1.000   1.000   1.000
MetalMach.        1.000   1.000   1.000   1.000   1.000   1.000   1.000   1.000   1.000
MetalProc.        1.000   1.000   1.000   1.000   1.000   1.000   1.000   1.000   1.000
WoodMach.         1.000   1.000   1.000   1.000   1.000   1.000   1.000   1.000   1.000
TextileMach.      1.000   1.000   1.000   1.000   1.000   1.000   1.000   1.000   1.000
PrintMach.        1.000   1.000   1.000   1.000   1.000   1.000   1.000   1.000   1.000
OtherMach.        1.000   1.000   1.000   1.000   1.000   1.000   1.000   1.000   1.000
Fabricators       1.000   1.000   1.000   1.000   1.000   1.000   1.000   1.000   1.000
Prod.Inspectors   1.000   1.000   1.000   1.000   1.000   1.000   1.000   1.000   1.000
MotorVehicle      1.000   1.000   1.000   1.000   1.000   1.000   1.000   1.000   1.000
OtherVehicle      1.000   1.000   1.000   1.000   1.000   1.000   1.000   1.000   1.000
Freight           1.000   1.000   1.000   1.000   1.000   1.000   1.000   1.000   1.000
 
Mean             1.000   1.000   1.000   1.000   1.000   1.000   1.000   1.000   1.000
Std Dev          0.000   0.000   0.000   0.000   0.000   0.000   0.000   0.000   0.000
Mean(weighted)     NaN     NaN   1.000   1.000   1.000   1.000   1.000   1.000   1.000
Std Dev(wghtd)     NaN     NaN   0.000   0.000   0.000   0.000   0.000   0.000   0.000
 
--------------------------------------------------
    z -- preference shock by Cohort of birth      
--------------------------------------------------
 
                   1940    1950    1960    1970    1980    1990    2000    2010    2023
---------------------------------------------------------------------------------------
Home              0.000   0.000   1.000   1.000   1.000   1.000   1.000   1.000   1.000
Managers          0.000   0.000   0.915   0.846   0.854   0.760   0.856   0.756   0.717
MgmtRelated       0.000   0.000   1.090   0.935   0.951   0.860   0.962   0.804   0.777
Architects        0.000   0.000   1.282   1.266   1.216   0.929   1.132   0.944   0.876
Engineers         0.000   0.000   1.030   0.950   0.889   0.792   0.936   0.753   0.745
Math/CompSci      0.000   0.000   1.149   0.943   0.908   0.799   0.916   0.783   0.794
Science           0.000   0.000   1.226   1.125   1.207   1.059   1.412   1.101   1.038
Doctors           0.000   0.000   1.614   1.247   1.097   1.020   1.203   0.990   0.996
Nurses            0.000   0.000   1.251   1.163   1.214   0.864   0.986   0.808   0.816
Therapists        0.000   0.000   1.633   1.271   1.106   0.953   1.133   0.981   1.050
Professors        0.000   0.000   2.346   2.017   2.063   2.102   2.327   2.093   1.775
Teachers          0.000   0.000   1.613   1.457   1.434   1.224   1.444   1.188   1.271
Librarians        0.000   0.000   1.771   1.511   1.586   1.490   1.722   1.598   1.426
Soc.Scientists    0.000   0.000   1.373   1.139   1.229   1.064   1.268   0.941   0.870
SocialWork        0.000   0.000   2.044   1.581   1.520   1.316   1.468   1.223   1.195
Lawyers           0.000   0.000   1.498   1.257   1.251   0.999   1.193   0.896   0.844
Arts/Athletes     0.000   0.000   1.142   0.977   1.133   0.982   1.141   0.989   0.991
HealthTechs       0.000   0.000   1.088   1.063   1.112   0.960   1.071   0.876   0.867
Eng.Techs         0.000   0.000   0.941   0.873   0.873   0.825   0.989   0.825   0.814
ScienceTechs      0.000   0.000   0.986   1.018   0.927   0.863   1.018   0.856   0.835
OtherTechs        0.000   0.000   1.011   0.897   0.988   0.856   0.903   0.745   0.660
Sales             0.000   0.000   0.989   0.864   0.879   0.799   0.924   0.860   0.816
Secretaries       0.000   0.000   1.050   0.959   1.072   1.055   1.139   1.067   1.070
Info.Clerks       0.000   0.000   1.004   0.932   1.048   1.014   1.225   1.099   1.088
Records           0.000   0.000   1.186   0.990   0.998   0.998   1.229   1.098   1.079
FinancialClerk    0.000   0.000   1.112   0.952   0.995   0.984   1.138   0.968   0.950
OfficeMachine     0.000   0.000   1.008   0.993   1.021   0.993   0.983   1.112   0.917
ComputerTech      0.000   0.000   0.871   0.866   0.856   0.868   1.043   0.939   0.960
Mail              0.000   0.000   0.980   0.922   0.807   0.787   1.011   0.865   0.959
Clerks            0.000   0.000   0.967   0.888   0.878   0.878   1.064   1.005   0.978
Insurance         0.000   0.000   1.151   0.959   1.007   0.945   1.080   0.986   0.943
Misc.Admin        0.000   0.000   1.040   0.925   1.025   0.978   1.191   1.053   0.983
PrivateHshld      0.000   0.000   0.939   0.928   1.037   1.065   1.305   1.196   1.252
Firefighting      0.000   0.000   0.923   0.796   0.797   0.717   0.846   0.681   0.710
Police            0.000   0.000   0.963   0.827   0.844   0.763   0.917   0.737   0.746
Guards            0.000   0.000   0.960   0.928   0.962   0.956   1.136   0.986   0.969
FoodPrep          0.000   0.000   1.068   0.982   1.152   1.124   1.293   1.240   1.178
HealthService     0.000   0.000   1.238   1.181   1.188   1.087   1.321   1.153   1.137
Cleaning          0.000   0.000   1.080   0.931   0.948   0.955   1.112   1.018   0.969
PersonalService   0.000   0.000   1.025   0.876   1.075   1.046   1.219   1.124   1.114
FarmMgrs          0.000   0.000   1.366   1.048   1.033   0.994   1.122   0.845   0.842
FarmWork          0.000   0.000   1.353   1.143   0.989   0.994   1.127   0.938   0.958
Agriculture       0.000   0.000   0.977   0.918   1.005   0.964   1.103   1.023   0.949
Forest            0.000   0.000   1.102   0.975   0.890   0.876   1.034   0.864   0.861
Mechanics         0.000   0.000   0.928   0.813   0.791   0.795   0.921   0.799   0.747
Elec.Repairer     0.000   0.000   0.899   0.819   0.745   0.786   0.933   0.809   0.766
Misc.Repairer     0.000   0.000   0.900   0.790   0.770   0.799   0.948   0.800   0.754
Construction      0.000   0.000   0.856   0.784   0.785   0.790   0.928   0.819   0.753
Extractive        0.000   0.000   0.837   0.804   0.676   0.710   0.846   0.625   0.647
Supervisor(P)     0.000   0.000   0.826   0.767   0.750   0.718   0.865   0.743   0.711
MetalWork         0.000   0.000   0.829   0.773   0.744   0.746   0.886   0.785   0.765
WoodWork          0.000   0.000   0.932   0.875   0.999   0.882   1.037   0.952   0.869
Textiles          0.000   0.000   0.919   0.865   0.919   0.936   1.004   1.009   0.870
Other             0.000   0.000   0.861   0.808   0.864   0.826   1.104   0.961   1.054
Food              0.000   0.000   0.913   0.827   0.769   0.852   1.046   0.972   1.006
PlantOperator     0.000   0.000   0.906   0.782   0.759   0.708   0.858   0.692   0.694
MetalMach.        0.000   0.000   0.811   0.804   0.753   0.806   0.963   0.836   0.840
MetalProc.        0.000   0.000   0.897   0.769   0.772   0.792   0.933   0.866   0.768
WoodMach.         0.000   0.000   0.992   0.910   0.908   0.941   0.975   0.856   0.812
TextileMach.      0.000   0.000   0.851   0.788   0.811   0.794   0.941   0.897   0.977
PrintMach.        0.000   0.000   1.010   0.911   0.916   0.908   1.067   0.991   0.984
OtherMach.        0.000   0.000   0.901   0.827   0.776   0.802   0.956   0.862   0.817
Fabricators       0.000   0.000   0.869   0.825   0.779   0.821   0.962   0.844   0.816
Prod.Inspectors   0.000   0.000   0.903   0.861   0.784   0.795   0.966   0.819   0.809
MotorVehicle      0.000   0.000   0.898   0.820   0.777   0.811   0.954   0.880   0.826
OtherVehicle      0.000   0.000   0.820   0.775   0.708   0.734   0.863   0.699   0.699
Freight           0.000   0.000   0.971   0.909   0.853   0.915   1.079   1.015   1.012
 
Mean             0.000   0.000   1.088   0.973   0.977   0.929   1.085   0.948   0.922
Std Dev          0.000   0.000   0.290   0.220   0.232   0.205   0.228   0.215   0.190
Mean(weighted)     NaN     NaN   1.062   0.946   0.950   0.882   1.024   0.892   0.864
Std Dev(wghtd)     NaN     NaN   0.254   0.197   0.203   0.173   0.200   0.176   0.174
 
 
--------------------------------------------------------------------------------------------------
                          >>>>> White Women <<<<<
--------------------------------------------------------------------------------------------------
 
--------------
    TauHat      
--------------
 
                   1960    1970    1980    1990    2000    2010
---------------------------------------------------------------
Home                NaN     NaN     NaN     NaN     NaN     NaN     NaN
Managers          5.595   3.872   2.334   1.578   1.473   1.352   1.192
MgmtRelated       4.349   3.533   1.657   1.131   1.100   1.120   1.167
Architects        8.210   4.423   3.565   2.215   1.907   1.435   1.280
Engineers        14.572  13.890   5.204   2.960   2.770   2.533   2.178
Math/CompSci      3.204   3.578   1.935   1.508   1.735   1.928   1.666
Science           5.148   3.961   2.286   1.557   1.354   1.113   1.061
Doctors           7.924   4.603   3.911   2.130   1.536   1.114   1.020
Nurses            0.816   0.670   0.532   0.413   0.476   0.444   0.463
Therapists        1.419   1.138   0.904   0.584   0.596   0.507   0.523
Professors        4.095   2.553   1.518   1.315   1.115   1.027   0.937
Teachers          1.368   1.152   0.883   0.707   0.658   0.619   0.591
Librarians        0.554   0.737   0.620   0.734   0.598   0.498   0.522
Soc.Scientists    2.584   2.734   1.628   1.043   0.916   0.809   0.798
SocialWork        2.157   1.577   1.152   0.955   0.802   0.758   0.727
Lawyers          11.625   5.691   2.750   1.625   1.360   1.234   1.036
Arts/Athletes     2.402   2.623   1.573   1.260   1.198   1.194   0.983
HealthTechs       1.077   0.885   0.624   0.589   0.712   0.679   0.714
Eng.Techs         7.398   6.145   3.241   2.562   2.291   2.090   1.913
ScienceTechs      4.254   3.558   2.100   1.686   1.536   1.469   1.419
OtherTechs        6.590   3.295   1.946   1.550   1.844   2.122   2.370
Sales             4.006   3.526   2.264   1.771   1.602   1.479   1.441
Secretaries       0.287   0.267   0.160   0.152   0.276   0.326   0.385
Info.Clerks       1.129   1.090   0.692   0.570   0.523   0.546   0.537
Records           1.794   1.847   0.775   0.674   0.717   0.691   0.705
FinancialClerk    0.789   0.864   0.553   0.430   0.426   0.525   0.621
OfficeMachine     1.082   1.740   1.097   1.191   1.132   0.846   1.652
ComputerTech      0.522   1.370   1.182   1.070   1.214   1.186   0.922
Mail              7.759   3.120   2.213   1.389   1.554   1.836   1.791
Clerks            5.233   3.630   1.917   1.459   1.479   1.428   1.345
Insurance         7.081   2.848   1.110   0.767   0.803   0.836   0.893
Misc.Admin        1.459   1.037   0.674   0.627   0.603   0.625   0.732
PrivateHshld      1.513   1.200   0.922   0.702   0.494   0.434   0.552
Firefighting        NaN  12.772   9.709   6.018   5.404   5.195   4.726
Police            8.385   8.970   4.765   2.868   2.718   2.443   2.264
Guards           18.548   7.199   2.788   2.220   2.038   1.985   1.927
FoodPrep          1.306   1.310   1.117   1.091   1.203   1.162   1.073
HealthService     0.808   0.619   0.595   0.547   0.419   0.441   0.452
Cleaning          4.331   5.131   3.230   2.635   2.463   2.351   2.452
PersonalService   1.776   1.442   0.788   0.702   0.687   0.658   0.583
FarmMgrs         16.140   6.939   6.457   4.708   3.876   4.157   2.752
FarmWork          3.728   4.411   3.067   2.770   2.307   2.463   1.771
Agriculture       5.420   5.056   3.164   2.879   3.037   2.709   1.775
Forest              NaN  19.490   5.995   4.532   4.898   3.736   2.968
Mechanics        19.429  11.360   9.284   6.926   6.421   6.424   5.685
Elec.Repairer    14.670   9.361   4.355   3.753   4.184   4.796   5.745
Misc.Repairer    13.877  10.383   6.582   4.655   4.941   5.415   4.735
Construction     20.655  10.519  10.322   7.594   7.658   8.484   6.643
Extractive       19.902  12.583   8.924   7.640  11.516  11.703   4.484
Supervisor(P)     7.162   6.575   3.984   2.998   2.635   2.720   2.359
MetalWork        14.650   8.237   6.908   6.356   5.955   6.858   6.159
WoodWork         16.596   6.067   3.803   4.184   4.807   4.512   4.041
Textiles          0.834   2.352   1.535   1.557   1.781   1.475   1.160
Other             5.674   3.294   2.296   1.774   0.815   0.663   0.563
Food              8.852   6.566   3.786   2.304   1.791   1.687   1.356
PlantOperator    16.777  14.136   5.590   4.400   4.460   4.290   3.810
MetalMach.       10.397   4.502   3.347   3.104   2.600   3.551   2.885
MetalProc.        8.142   4.873   2.712   3.259   3.260   3.754   7.085
WoodMach.         5.179   3.837   3.300   3.010   2.414   3.502   2.684
TextileMach.      6.212   5.068   2.532   2.180   2.640   2.540   1.975
PrintMach.        1.431   0.935   0.742   0.950   1.166   1.204   1.121
OtherMach.        2.765   2.777   2.733   2.373   2.229   2.596   2.436
Fabricators       2.526   2.518   2.346   2.180   2.253   2.953   2.832
Prod.Inspectors   2.064   2.219   1.880   1.741   1.693   1.918   1.756
MotorVehicle     18.045   7.691   5.666   4.263   4.241   4.377   3.702
OtherVehicle     19.327  10.326   7.303   6.535   6.601   7.316   6.664
Freight           7.817   4.632   2.653   2.321   2.446   2.674   2.242
 
Mean             6.741   4.808   3.003   2.363   2.339   2.387   2.106
Std Dev          6.019   3.987   2.421   1.842   2.051   2.176   1.729
Mean(weighted)   6.804   4.584   3.035   2.252   2.174   2.225   1.971
Std Dev(wghtd)   5.821   3.321   2.484   1.847   1.863   2.059   1.663
 
--------------
    TauW      
--------------
 
                   1960    1970    1980    1990    2000    2010
---------------------------------------------------------------
Home              0.000   0.000   0.000   0.000   0.000   0.000   0.000
Managers          0.577   0.556   0.525   0.463   0.425   0.374   0.289
MgmtRelated       0.520   0.467   0.366   0.251   0.229   0.244   0.274
Architects        0.651  -0.294  -0.185  -0.056   0.035   0.050   0.085
Engineers         0.738   0.727   0.684   0.633   0.657   0.653   0.611
Math/CompSci      0.441   0.541   0.479   0.407   0.406   0.419   0.422
Science           0.559   0.507   0.539   0.456   0.374   0.239   0.202
Doctors           0.645   0.612   0.685   0.602   0.448   0.239   0.169
Nurses           -0.107  -0.264  -0.592  -1.052  -1.028  -0.937  -0.940
Therapists        0.160   0.112  -0.066  -0.450  -0.422  -0.673  -0.619
Professors        0.506   0.463   0.412   0.356   0.240   0.175   0.096
Teachers          0.145   0.057  -0.016  -0.198  -0.288  -0.369  -0.433
Librarians       -0.529  -0.479  -0.527  -0.460  -0.597  -0.700  -0.622
Soc.Scientists    0.378   0.511   0.461   0.187   0.075  -0.048  -0.061
SocialWork        0.319   0.281   0.150   0.113  -0.057  -0.118  -0.165
Lawyers           0.707   0.632   0.688   0.479   0.377   0.314   0.182
Arts/Athletes     0.355   0.420   0.401   0.328   0.293   0.291   0.138
HealthTechs       0.036  -0.024  -0.357  -0.438  -0.370  -0.308  -0.186
Eng.Techs         0.632   0.618   0.569   0.512   0.512   0.522   0.490
ScienceTechs      0.515   0.469   0.458   0.417   0.361   0.386   0.391
OtherTechs        0.610   0.499   0.507   0.454   0.525   0.559   0.625
Sales             0.500   0.499   0.411   0.399   0.415   0.427   0.412
Secretaries      -1.949  -2.179  -4.288  -4.570  -4.146  -4.173  -3.918
Info.Clerks       0.059  -0.072  -0.225  -0.486  -0.620  -0.566  -0.577
Records           0.253   0.289  -0.109  -0.256  -0.338  -0.445  -0.344
FinancialClerk   -0.126  -0.020  -0.531  -0.972  -1.119  -1.017  -1.029
OfficeMachine     0.039   0.167  -0.128  -0.095  -0.163  -0.267  -0.232
ComputerTech     -0.624  -0.513  -0.307  -0.415  -0.395  -0.252  -0.316
Mail              0.641   0.502   0.411   0.333   0.346   0.334   0.267
Clerks            0.563   0.439   0.331   0.299   0.315   0.286   0.332
Insurance         0.624   0.578   0.237  -0.104  -0.061  -0.048   0.039
Misc.Admin        0.172   0.085  -0.257  -0.351  -0.447  -0.424  -0.193
PrivateHshld      0.187   0.020  -0.426  -0.652  -1.211  -1.347  -1.434
Firefighting      0.720   0.720   0.792   0.786   0.771   0.759   0.763
Police            0.655   0.649   0.608   0.540   0.508   0.523   0.550
Guards            0.768   0.657   0.509   0.460   0.396   0.414   0.418
FoodPrep          0.125   0.064  -0.263  -0.367  -0.391  -0.383  -0.345
HealthService    -0.113  -0.368  -0.528  -0.549  -1.024  -0.921  -0.964
Cleaning          0.519   0.540   0.406   0.351   0.287   0.280   0.243
PersonalService   0.250   0.255  -0.075  -0.207  -0.234  -0.288  -0.454
FarmMgrs          0.751   0.620   0.683   0.603   0.531   0.556   0.538
FarmWork          0.482   0.321   0.087  -0.005  -0.231  -0.197  -0.333
Agriculture       0.570   0.528   0.406   0.346   0.290   0.245   0.256
Forest            0.773   0.773   0.724   0.669   0.640   0.621   0.544
Mechanics         0.773   0.691   0.724   0.596   0.583   0.548   0.559
Elec.Repairer     0.739   0.681   0.567   0.511   0.505   0.503   0.540
Misc.Repairer     0.732   0.708   0.648   0.614   0.606   0.616   0.625
Construction      0.780   0.706   0.742   0.688   0.679   0.663   0.689
Extractive        0.776   0.718   0.690   0.643   0.696   0.633   0.555
Supervisor(P)     0.626   0.569   0.511   0.463   0.437   0.445   0.415
MetalWork         0.739   0.687   0.720   0.690   0.679   0.697   0.635
WoodWork          0.755   0.594   0.362   0.422   0.388   0.206   0.189
Textiles         -0.095   0.001  -0.311  -0.369  -0.468  -0.568  -0.672
Other             0.580   0.422   0.323   0.306  -0.040  -0.278  -0.504
Food              0.664   0.561   0.479   0.365   0.295   0.242   0.219
PlantOperator     0.756   0.644   0.613   0.604   0.609   0.659   0.625
MetalMach.        0.690   0.566   0.493   0.482   0.419   0.411   0.258
MetalProc.        0.650   0.574   0.467   0.504   0.477   0.456   0.418
WoodMach.         0.561   0.490   0.412   0.347   0.287   0.284   0.205
TextileMach.      0.599   0.598   0.497   0.440   0.442   0.431   0.355
PrintMach.        0.164  -0.113  -0.310  -0.175  -0.225  -0.258  -0.354
OtherMach.        0.399   0.391   0.361   0.323   0.255   0.278   0.244
Fabricators       0.371   0.346   0.285   0.227   0.188   0.208   0.121
Prod.Inspectors   0.304   0.334   0.291   0.290   0.281   0.326   0.303
MotorVehicle      0.765   0.675   0.710   0.647   0.633   0.617   0.609
OtherVehicle      0.773  -0.010  -0.202  -0.400  -0.395  -0.479  -0.556
Freight           0.642   0.522   0.346   0.315   0.299   0.289   0.237
 
Mean             0.410   0.333   0.195   0.109   0.059   0.035   0.013
Std Dev          0.434   0.447   0.679   0.724   0.707   0.710   0.686
Mean(weighted)   0.445   0.388   0.262   0.169   0.142   0.125   0.105
Std Dev(wghtd)   0.436   0.465   0.770   0.821   0.775   0.772   0.736
 
-------------------------
    WageGrowthRelative      
-------------------------
 
                   1960    1970    1980    1990    2000    2010
---------------------------------------------------------------
Home                NaN     NaN     NaN     NaN     NaN     NaN     NaN
Managers          1.050   1.069   1.090   0.976   1.015   0.987     NaN
MgmtRelated       1.112   1.189   1.057   0.947   0.952   0.936     NaN
Architects        3.707   0.916   0.891   0.914   0.984   0.963     NaN
Engineers         1.042   1.160   1.159   0.936   1.012   0.990     NaN
Math/CompSci      0.822   1.133   1.139   1.001   0.978   0.996     NaN
Science           1.118   0.936   1.042   0.967   0.973   0.968     NaN
Doctors           1.093   0.812   1.068   0.927   0.944   0.895     NaN
Nurses            1.100   1.166   1.061   0.988   0.955   1.002     NaN
Therapists        1.058   1.200   1.118   0.949   0.888   0.946     NaN
Professors        1.087   1.095   0.981   1.050   0.987   0.948     NaN
Teachers          1.103   1.077   1.053   1.017   0.943   0.981     NaN
Librarians        0.968   1.032   0.956   1.094   0.915   0.899     NaN
Soc.Scientists    0.786   1.102   1.131   0.963   0.935   0.999     NaN
SocialWork        1.056   1.182   1.033   0.976   0.981   0.990     NaN
Lawyers           1.255   0.848   1.128   0.928   0.924   0.962     NaN
Arts/Athletes     0.900   1.033   1.008   0.937   0.916   1.057     NaN
HealthTechs       1.062   1.206   0.981   0.953   0.955   0.857     NaN
Eng.Techs         1.040   1.128   1.132   1.000   0.979   1.067     NaN
ScienceTechs      1.095   1.021   1.076   1.095   0.961   0.992     NaN
OtherTechs        1.286   0.985   1.064   0.869   0.928   0.851     NaN
Sales             1.003   1.175   1.021   0.974   0.947   0.992     NaN
Secretaries       0.886   1.119   1.036   0.924   1.005   0.951     NaN
Info.Clerks       1.139   1.059   1.049   1.019   0.967   0.934     NaN
Records           0.952   1.559   1.032   1.065   1.080   0.931     NaN
FinancialClerk    0.906   1.183   1.138   1.075   0.951   1.006     NaN
OfficeMachine     0.867   1.353   0.971   1.062   1.090   0.972     NaN
ComputerTech      0.932   0.864   1.082   0.986   0.897   1.051     NaN
Mail              1.388   1.182   1.132   0.981   1.019   1.099     NaN
Clerks            1.284   1.191   1.049   0.976   1.043   0.936     NaN
Insurance         1.123   1.389   1.077   0.961   0.987   0.917     NaN
Misc.Admin        1.105   1.148   0.931   1.071   0.984   0.838     NaN
PrivateHshld      1.205   1.455   1.159   1.338   1.061   1.037     NaN
Firefighting        NaN   0.743   1.028   1.070   1.054   0.986     NaN
Police            1.017   1.116   1.175   1.068   0.970   0.944     NaN
Guards            1.477   1.432   1.099   1.118   0.971   0.992     NaN
FoodPrep          1.070   1.349   1.082   1.018   0.994   0.972     NaN
HealthService     1.113   1.117   0.926   1.171   0.931   1.022     NaN
Cleaning          0.957   1.292   1.092   1.099   1.011   1.050     NaN
PersonalService   0.993   1.241   0.984   0.966   1.022   1.011     NaN
FarmMgrs          1.525   0.834   1.252   1.182   0.946   1.041     NaN
FarmWork          1.311   1.345   1.101   1.225   0.972   1.114     NaN
Agriculture       1.098   1.259   1.101   1.086   1.063   0.986     NaN
Forest              NaN   1.219   1.197   1.087   1.053   1.205     NaN
Mechanics         1.360   0.893   1.467   1.032   1.082   0.976     NaN
Elec.Repairer     1.224   1.356   1.129   1.011   1.006   0.924     NaN
Misc.Repairer     1.087   1.206   1.096   1.021   0.975   0.976     NaN
Construction      1.336   0.879   1.208   1.029   1.050   0.923     NaN
Extractive          NaN   1.101   1.149   0.852   1.208   1.211     NaN
Supervisor(P)     1.152   1.136   1.097   1.050   0.985   1.054     NaN
MetalWork         1.199   0.894   1.106   1.036   0.943   1.204     NaN
WoodWork            NaN   1.572   0.906   1.059   1.297   1.022     NaN
Textiles          0.913   1.312   1.045   1.072   1.068   1.066     NaN
Other             1.376   1.173   1.024   1.336   1.117   1.083     NaN
Food              1.307   1.186   1.220   1.110   1.075   1.029     NaN
PlantOperator     1.457   1.089   1.023   0.986   0.873   1.100     NaN
MetalMach.        1.398   1.169   1.022   1.122   1.014   1.259     NaN
MetalProc.        1.215   1.250   0.930   1.054   1.042   1.069     NaN
WoodMach.           NaN   1.151   1.111   1.092   1.004   1.110     NaN
TextileMach.      1.002   1.249   1.114   0.996   1.021   1.132     NaN
PrintMach.        1.331   1.177   0.897   1.043   1.027   1.076     NaN
OtherMach.        1.013   1.050   1.058   1.101   0.969   1.048     NaN
Fabricators       1.040   1.093   1.082   1.050   0.975   1.110     NaN
Prod.Inspectors   0.956   1.065   1.002   1.012   0.939   1.034     NaN
MotorVehicle      1.380   0.893   1.218   1.038   1.043   1.023     NaN
OtherVehicle      4.441   1.190   1.164   0.997   1.060   1.052     NaN
Freight           1.336   1.369   1.047   1.022   1.015   1.072     NaN
 
Mean             1.223   1.142   1.076   1.032   0.999   1.013     NaN
Std Dev          0.560   0.173   0.094   0.089   0.070   0.084   0.000
Mean(weighted)   1.135   1.098   1.088   1.001   0.987   0.987   0.000
Std Dev(wghtd)   0.369   0.139   0.086   0.063   0.045   0.063     NaN
 
--------------
    TauH      
--------------
 
                   1940    1950    1960    1970    1980    1990    2000    2010    2023
---------------------------------------------------------------------------------------
Home              0.000   0.000   0.000   0.000   0.000   0.000   0.000   0.000   0.000
Managers          0.000   0.0004266.954 192.126   1.723  -0.800  -0.800  -0.800  -0.800
MgmtRelated       0.000   0.0001254.374 467.777   0.612  -0.800  -0.800  -0.800  -0.800
Architects        0.000   0.00027443.87522624436.1611190550.7853805.501 370.498  19.211   3.604
Engineers         0.000   0.000444744.675415860.241 125.811   1.230  -0.386  -0.711  -0.800
Math/CompSci      0.000   0.000 284.186 123.559   0.079  -0.662   0.330   2.006  -0.302
Science           0.000   0.0002846.226 659.807   0.679  -0.800  -0.800  -0.800  -0.800
Doctors           0.000   0.00023104.953 279.041   6.629  -0.800  -0.800  -0.800  -0.800
Nurses            0.000   0.000  -0.628  -0.800  -0.800  -0.800  -0.298  -0.768  -0.643
Therapists        0.000   0.000   4.465   0.107  -0.304  -0.800  -0.800  -0.800  -0.800
Professors        0.000   0.000 936.673  20.432  -0.669  -0.800  -0.800  -0.800  -0.800
Teachers          0.000   0.000   3.576   1.221  -0.651  -0.800  -0.800  -0.800  -0.800
Librarians        0.000   0.000  -0.800   1.306  -0.413   0.945  -0.362  -0.800  -0.800
Soc.Scientists    0.000   0.000  99.298  15.757  -0.720  -0.800  -0.800  -0.800  -0.800
SocialWork        0.000   0.000  40.705   2.408  -0.184  -0.800  -0.800  -0.800  -0.800
Lawyers           0.000   0.000148530.9301308.561  -0.774  -0.800  -0.800  -0.800  -0.800
Arts/Athletes     0.000   0.000  69.369  58.115  -0.434  -0.800  -0.800  -0.800  -0.800
HealthTechs       0.000   0.000   0.430  -0.618  -0.800  -0.800  -0.216  -0.684  -0.800
Eng.Techs         0.000   0.00016551.6663995.183  24.781   7.771   1.975  -0.004  -0.210
ScienceTechs      0.000   0.0001127.257 481.603   2.518  -0.150  -0.169  -0.634  -0.758
OtherTechs        0.000   0.0009443.151 128.543  -0.331  -0.800  -0.725  -0.479  -0.682
Sales             0.000   0.000 841.568 249.567  15.277   0.829  -0.465  -0.800  -0.800
Secretaries       0.000   0.000  -0.800  -0.800  -0.800  -0.800  28.860 159.791 486.223
Info.Clerks       0.000   0.000   0.801   3.526  -0.800  -0.800  -0.800  -0.782  -0.800
Records           0.000   0.000  16.055  13.108  -0.771  -0.800  -0.333  -0.018  -0.404
FinancialClerk    0.000   0.000  -0.683  -0.705  -0.800  -0.800  -0.632   0.752   8.377
OfficeMachine     0.000   0.000   0.464  35.907   6.888  12.242  13.462   0.969 987.618
ComputerTech      0.000   0.000  -0.8001185.131  67.127  54.907 165.580  45.294   5.540
Mail              0.000   0.00020863.223  71.511  12.080  -0.525   0.170   6.089  12.992
Clerks            0.000   0.0003083.5191002.586  10.139   0.249   0.126   0.211  -0.643
Insurance         0.000   0.00013389.681   4.991  -0.800  -0.800  -0.789  -0.724  -0.774
Misc.Admin        0.000   0.000   5.257  -0.404  -0.800  -0.800  -0.734  -0.675  -0.733
PrivateHshld      0.000   0.000   6.456   3.823  13.330   3.192   1.357   0.195  16.647
Firefighting      0.000   0.000234534.100234534.100 914.693  10.472   6.773   7.839   2.064
Police            0.000   0.00030418.32968806.664 428.340  13.795  15.658   3.408   0.206
Guards            0.000   0.0001434582.9966450.745  20.095   4.797   6.488   3.362   2.017
FoodPrep          0.000   0.000   2.661   6.258  27.375  47.212 147.115  99.137  34.156
HealthService     0.000   0.000  -0.646  -0.800  -0.605  -0.800  -0.800  -0.800  -0.683
Cleaning          0.000   0.0001229.3164186.644 561.350 181.213 235.453 165.799 402.513
PersonalService   0.000   0.000  15.267   1.012  -0.800  -0.800  -0.800  -0.800  -0.800
FarmMgrs          0.000   0.000730543.06412151.2961036.533 427.975 327.787 378.821   9.275
FarmWork          0.000   0.000 593.75542110.87321946.88520799.82425252.02836206.1054186.796
Agriculture       0.000   0.0003656.8004617.743 454.104 462.4551732.9611034.280  13.924
Forest            0.000   0.0001824880.6871824880.687 132.798  49.912 242.448  27.917  17.902
Mechanics         0.000   0.0001797165.697194855.6739144.95121930.95414283.49530935.0767439.164
Elec.Repairer     0.000   0.000459457.50641533.183 471.730 363.0311163.0324632.66012398.453
Misc.Repairer     0.000   0.000350890.73147284.9923483.510 294.062 640.4981218.538 261.166
Construction      0.000   0.0002419145.87757405.65113624.0804319.6606176.22426913.6521147.285
Extractive        0.000   0.0002019765.905218170.75419771.46616882.849191051.4581397812.191 809.658
Supervisor(P)     0.000   0.00014147.00124431.384 650.022 100.307  45.258  53.341  21.834
MetalWork         0.000   0.000456414.2729955.163 605.499 716.910 536.2521201.3792570.620
WoodWork          0.000   0.000836288.0846320.4155477.5485319.62835508.650240293.663101483.349
Textiles          0.000   0.000  -0.5854011.577 884.0181556.25611275.7053418.682 618.707
Other             0.000   0.0004565.592 513.952  71.899   6.471  -0.800  -0.800  -0.800
Food              0.000   0.00039557.57529178.654 729.040  39.511   8.686   9.897   0.736
PlantOperator     0.000   0.000881370.5286448672.8111807.915 220.239 219.117  39.284  31.051
MetalMach.        0.000   0.00086397.419 661.007 168.625  99.075  54.0631299.6641623.172
MetalProc.        0.000   0.00026357.5321200.985  34.608 104.146 174.9381029.474940902.402
WoodMach.         0.000   0.0002932.634 683.166 618.435 703.747 194.3587534.7311566.990
TextileMach.      0.000   0.0007087.9761005.462   9.359   5.921  41.879  35.043   9.426
PrintMach.        0.000   0.000   4.687   0.462  -0.238   1.907  30.912  55.362  56.406
OtherMach.        0.000   0.000 138.262 163.154 224.305  98.114 136.531 444.490 375.260
Fabricators       0.000   0.000  88.926 126.176 150.014 158.581 351.2293819.8266996.467
Prod.Inspectors   0.000   0.000  32.696  43.272  15.230   6.829   5.711  11.146   6.112
MotorVehicle      0.000   0.0001255451.6007272.228 124.039  52.492  71.789 148.365  35.550
OtherVehicle      0.000   0.0001751947.9557713386995.0071445362484.0332152215741.8662297999052.41510996826290.5227256613388.406
Freight           0.000   0.00021639.4262238.749 211.240  89.645 185.749 513.994 182.118
 
Mean             0.000   0.000259854.622115607926.38621591598.65232123801.16134302831.939164157997.819108323852.149
Std Dev          0.000   0.000570912.282942284684.332176576831.976262934855.238280744730.2991343472911.649886534425.227
Mean(weighted)     NaN     NaN265001.41370864038.05613264588.88519747158.05421085088.862100900190.05766580204.910
Std Dev(wghtd)     NaN     NaN629617.715735426472.162137808105.312205203452.597219103160.7681048494536.412691883409.656
 
--------------------
    1/(1-TauW)      
--------------------
 
                   1960    1970    1980    1990    2000    2010
---------------------------------------------------------------
Home              1.000   1.000   1.000   1.000   1.000   1.000   1.000
Managers          2.365   2.252   2.106   1.863   1.738   1.596   1.407
MgmtRelated       2.085   1.875   1.578   1.335   1.298   1.322   1.377
Architects        2.865   0.773   0.844   0.947   1.037   1.053   1.093
Engineers         3.817   3.664   3.160   2.726   2.913   2.878   2.571
Math/CompSci      1.790   2.177   1.920   1.686   1.685   1.722   1.729
Science           2.269   2.029   2.167   1.838   1.598   1.314   1.252
Doctors           2.815   2.576   3.172   2.514   1.813   1.314   1.204
Nurses            0.903   0.791   0.628   0.487   0.493   0.516   0.515
Therapists        1.191   1.126   0.938   0.689   0.703   0.598   0.618
Professors        2.024   1.862   1.701   1.552   1.316   1.212   1.106
Teachers          1.170   1.061   0.985   0.834   0.777   0.730   0.698
Librarians        0.654   0.676   0.655   0.685   0.626   0.588   0.617
Soc.Scientists    1.607   2.045   1.855   1.230   1.081   0.954   0.942
SocialWork        1.469   1.390   1.177   1.127   0.946   0.894   0.858
Lawyers           3.410   2.717   3.206   1.918   1.605   1.457   1.222
Arts/Athletes     1.550   1.723   1.669   1.487   1.414   1.409   1.160
HealthTechs       1.038   0.977   0.737   0.695   0.730   0.764   0.843
Eng.Techs         2.720   2.615   2.319   2.048   2.048   2.091   1.960
ScienceTechs      2.063   1.883   1.845   1.714   1.566   1.630   1.642
OtherTechs        2.567   1.997   2.028   1.830   2.106   2.270   2.667
Sales             2.001   1.996   1.699   1.664   1.709   1.746   1.701
Secretaries       0.339   0.315   0.189   0.180   0.194   0.193   0.203
Info.Clerks       1.062   0.933   0.816   0.673   0.617   0.639   0.634
Records           1.339   1.406   0.902   0.796   0.748   0.692   0.744
FinancialClerk    0.888   0.980   0.653   0.507   0.472   0.496   0.493
OfficeMachine     1.040   1.200   0.887   0.913   0.860   0.789   0.812
ComputerTech      0.616   0.661   0.765   0.707   0.717   0.799   0.760
Mail              2.785   2.007   1.698   1.500   1.529   1.501   1.365
Clerks            2.288   1.781   1.495   1.426   1.461   1.400   1.496
Insurance         2.661   2.369   1.310   0.906   0.942   0.954   1.041
Misc.Admin        1.208   1.093   0.795   0.740   0.691   0.702   0.838
PrivateHshld      1.230   1.020   0.701   0.605   0.452   0.426   0.411
Firefighting      3.574   3.574   4.810   4.680   4.375   4.151   4.212
Police            2.896   2.848   2.552   2.173   2.034   2.097   2.221
Guards            4.307   2.916   2.036   1.852   1.657   1.706   1.720
FoodPrep          1.143   1.068   0.792   0.732   0.719   0.723   0.743
HealthService     0.899   0.731   0.654   0.646   0.494   0.521   0.509
Cleaning          2.081   2.174   1.683   1.541   1.403   1.388   1.322
PersonalService   1.333   1.342   0.930   0.828   0.811   0.776   0.688
FarmMgrs          4.017   2.634   3.158   2.522   2.134   2.254   2.165
FarmWork          1.931   1.473   1.095   0.995   0.812   0.835   0.750
Agriculture       2.328   2.120   1.684   1.530   1.409   1.325   1.343
Forest            4.415   4.415   3.621   3.023   2.781   2.642   2.193
Mechanics         4.408   3.240   3.628   2.474   2.397   2.214   2.270
Elec.Repairer     3.830   3.130   2.309   2.045   2.022   2.010   2.176
Misc.Repairer     3.725   3.426   2.841   2.591   2.539   2.604   2.668
Construction      4.545   3.403   3.872   3.206   3.116   2.967   3.215
Extractive        4.461   3.547   3.221   2.803   3.291   2.725   2.249
Supervisor(P)     2.676   2.322   2.044   1.863   1.775   1.802   1.709
MetalWork         3.827   3.191   3.571   3.228   3.116   3.304   2.743
WoodWork          4.074   2.463   1.567   1.729   1.634   1.259   1.233
Textiles          0.913   1.001   0.763   0.730   0.681   0.638   0.598
Other             2.382   1.731   1.476   1.442   0.962   0.783   0.665
Food              2.975   2.277   1.920   1.574   1.418   1.319   1.281
PlantOperator     4.096   2.812   2.582   2.523   2.559   2.931   2.666
MetalMach.        3.224   2.306   1.973   1.931   1.721   1.696   1.347
MetalProc.        2.853   2.348   1.877   2.018   1.914   1.837   1.718
WoodMach.         2.276   1.959   1.702   1.532   1.402   1.396   1.258
TextileMach.      2.492   2.486   1.990   1.786   1.793   1.756   1.551
PrintMach.        1.196   0.899   0.763   0.851   0.816   0.795   0.739
OtherMach.        1.663   1.642   1.564   1.478   1.343   1.385   1.322
Fabricators       1.589   1.528   1.399   1.293   1.232   1.263   1.138
Prod.Inspectors   1.437   1.502   1.411   1.409   1.392   1.483   1.434
MotorVehicle      4.248   3.078   3.446   2.829   2.727   2.614   2.555
OtherVehicle      4.396   0.990   0.832   0.714   0.717   0.676   0.643
Freight           2.796   2.093   1.528   1.459   1.427   1.406   1.311
 
Mean             2.356   1.965   1.775   1.565   1.485   1.447   1.393
Std Dev          1.183   0.900   0.980   0.829   0.813   0.798   0.770
Mean(weighted)   2.392   2.078   1.951   1.687   1.614   1.568   1.519
Std Dev(wghtd)   1.073   0.789   0.931   0.747   0.727   0.710   0.722
eta = 0.1030
 
----------------------
    (1+tauh)^eta      
----------------------
 
                   1940    1950    1960    1970    1980    1990    2000    2010    2023
---------------------------------------------------------------------------------------
Home              1.000   1.000   1.000   1.000   1.000   1.000   1.000   1.000   1.000
Managers          1.000   1.000   2.365   1.720   1.109   0.847   0.847   0.847   0.847
MgmtRelated       1.000   1.000   2.085   1.884   1.050   0.847   0.847   0.847   0.847
Architects        1.000   1.000   2.865   5.722   4.225   2.338   1.840   1.363   1.170
Engineers         1.000   1.000   3.817   3.791   1.647   1.086   0.951   0.880   0.847
Math/CompSci      1.000   1.000   1.790   1.644   1.008   0.894   1.030   1.120   0.964
Science           1.000   1.000   2.269   1.952   1.055   0.847   0.847   0.847   0.847
Doctors           1.000   1.000   2.815   1.787   1.233   0.847   0.847   0.847   0.847
Nurses            1.000   1.000   0.903   0.847   0.847   0.847   0.964   0.860   0.899
Therapists        1.000   1.000   1.191   1.011   0.963   0.847   0.847   0.847   0.847
Professors        1.000   1.000   2.024   1.371   0.892   0.847   0.847   0.847   0.847
Teachers          1.000   1.000   1.170   1.086   0.897   0.847   0.847   0.847   0.847
Librarians        1.000   1.000   0.847   1.090   0.947   1.071   0.955   0.847   0.847
Soc.Scientists    1.000   1.000   1.607   1.337   0.877   0.847   0.847   0.847   0.847
SocialWork        1.000   1.000   1.469   1.135   0.979   0.847   0.847   0.847   0.847
Lawyers           1.000   1.000   3.410   2.094   0.858   0.847   0.847   0.847   0.847
Arts/Athletes     1.000   1.000   1.550   1.522   0.943   0.847   0.847   0.847   0.847
HealthTechs       1.000   1.000   1.038   0.906   0.847   0.847   0.975   0.888   0.847
Eng.Techs         1.000   1.000   2.720   2.349   1.398   1.251   1.119   1.000   0.976
ScienceTechs      1.000   1.000   2.063   1.890   1.138   0.983   0.981   0.902   0.864
OtherTechs        1.000   1.000   2.567   1.650   0.960   0.847   0.876   0.935   0.889
Sales             1.000   1.000   2.001   1.766   1.333   1.064   0.938   0.847   0.847
Secretaries       1.000   1.000   0.847   0.847   0.847   0.847   1.419   1.688   1.892
Info.Clerks       1.000   1.000   1.062   1.168   0.847   0.847   0.847   0.855   0.847
Records           1.000   1.000   1.339   1.313   0.859   0.847   0.959   0.998   0.948
FinancialClerk    1.000   1.000   0.888   0.882   0.847   0.847   0.902   1.059   1.259
OfficeMachine     1.000   1.000   1.040   1.450   1.237   1.305   1.317   1.072   2.035
ComputerTech      1.000   1.000   0.847   2.073   1.545   1.514   1.694   1.484   1.213
Mail              1.000   1.000   2.785   1.555   1.303   0.926   1.016   1.224   1.312
Clerks            1.000   1.000   2.288   2.038   1.282   1.023   1.012   1.020   0.899
Insurance         1.000   1.000   2.661   1.202   0.847   0.847   0.852   0.876   0.858
Misc.Admin        1.000   1.000   1.208   0.948   0.847   0.847   0.872   0.891   0.873
PrivateHshld      1.000   1.000   1.230   1.176   1.316   1.159   1.092   1.019   1.344
Firefighting      1.000   1.000   3.574   3.574   2.019   1.286   1.235   1.252   1.122
Police            1.000   1.000   2.896   3.150   1.867   1.320   1.336   1.165   1.019
Guards            1.000   1.000   4.307   2.468   1.369   1.198   1.230   1.164   1.120
FoodPrep          1.000   1.000   1.143   1.226   1.411   1.491   1.673   1.607   1.443
HealthService     1.000   1.000   0.899   0.847   0.909   0.847   0.847   0.847   0.888
Cleaning          1.000   1.000   2.081   2.361   1.920   1.709   1.756   1.694   1.855
PersonalService   1.000   1.000   1.333   1.075   0.847   0.847   0.847   0.847   0.847
FarmMgrs          1.000   1.000   4.017   2.635   2.045   1.867   1.817   1.844   1.271
FarmWork          1.000   1.000   1.931   2.994   2.800   2.785   2.841   2.948   2.361
Agriculture       1.000   1.000   2.328   2.385   1.878   1.882   2.156   2.044   1.321
Forest            1.000   1.000   4.415   4.415   1.656   1.499   1.761   1.414   1.354
Mechanics         1.000   1.000   4.408   3.506   2.559   2.800   2.679   2.901   2.505
Elec.Repairer     1.000   1.000   3.830   2.990   1.886   1.836   2.069   2.386   2.640
Misc.Repairer     1.000   1.000   3.725   3.030   2.317   1.796   1.946   2.079   1.775
Construction      1.000   1.000   4.545   3.092   2.666   2.368   2.457   2.859   2.066
Extractive        1.000   1.000   4.461   3.547   2.770   2.725   3.499   4.295   1.993
Supervisor(P)     1.000   1.000   2.676   2.831   1.949   1.609   1.484   1.509   1.380
MetalWork         1.000   1.000   3.827   2.581   1.935   1.969   1.911   2.076   2.245
WoodWork          1.000   1.000   4.074   2.463   2.427   2.420   2.942   3.583   3.278
Textiles          1.000   1.000   0.913   2.350   2.012   2.132   2.614   2.312   1.939
Other             1.000   1.000   2.382   1.902   1.555   1.230   0.847   0.847   0.847
Food              1.000   1.000   2.975   2.883   1.972   1.464   1.263   1.279   1.058
PlantOperator     1.000   1.000   4.096   5.028   2.165   1.744   1.743   1.463   1.429
MetalMach.        1.000   1.000   3.224   1.952   1.697   1.607   1.511   2.093   2.141
MetalProc.        1.000   1.000   2.853   2.076   1.445   1.615   1.703   2.043   4.124
WoodMach.         1.000   1.000   2.276   1.959   1.939   1.965   1.722   2.508   2.134
TextileMach.      1.000   1.000   2.492   2.038   1.272   1.220   1.473   1.447   1.273
PrintMach.        1.000   1.000   1.196   1.040   0.972   1.116   1.429   1.515   1.518
OtherMach.        1.000   1.000   1.663   1.691   1.747   1.605   1.661   1.874   1.842
Fabricators       1.000   1.000   1.589   1.647   1.677   1.686   1.829   2.339   2.489
Prod.Inspectors   1.000   1.000   1.437   1.478   1.332   1.236   1.217   1.293   1.224
MotorVehicle      1.000   1.000   4.248   2.499   1.644   1.507   1.555   1.675   1.449
OtherVehicle      1.000   1.000   4.396  10.432   8.780   9.147   9.209  10.821  10.367
Freight           1.000   1.000   2.796   2.213   1.736   1.591   1.714   1.902   1.710
 
Mean             1.000   1.000   2.370   2.188   1.599   1.458   1.506   1.583   1.507
Std Dev          0.000   0.000   1.163   1.437   1.094   1.095   1.130   1.359   1.281
Mean(weighted)     NaN     NaN   2.405   2.008   1.440   1.264   1.285   1.348   1.269
Std Dev(wghtd)     NaN     NaN   1.051   1.117   0.878   0.907   0.923   1.110   1.014
 
--------------------------------------------------
    z -- preference shock by Cohort of birth      
--------------------------------------------------
 
                   1940    1950    1960    1970    1980    1990    2000    2010    2023
---------------------------------------------------------------------------------------
Home              0.000   0.000   1.000   1.000   1.000   1.000   1.000   1.000   1.000
Managers          0.000   0.000   0.590   0.561   0.616   0.593   0.746   0.662   0.641
MgmtRelated       0.000   0.000   0.617   0.617   0.655   0.653   0.839   0.707   0.709
Architects        0.000   0.000   0.812   0.661   0.777   0.649   0.916   0.752   0.759
Engineers         0.000   0.000   0.502   0.524   0.562   0.533   0.720   0.592   0.598
Math/CompSci      0.000   0.000   0.604   0.540   0.566   0.560   0.718   0.628   0.654
Science           0.000   0.000   0.591   0.606   0.728   0.705   1.072   0.853   0.853
Doctors           0.000   0.000   0.991   0.717   0.838   0.792   1.000   0.820   0.817
Nurses            0.000   0.000   0.828   0.750   0.798   0.625   0.827   0.709   0.734
Therapists        0.000   0.000   0.880   0.714   0.675   0.636   0.888   0.777   0.895
Professors        0.000   0.000   1.356   1.206   1.283   1.480   1.795   1.607   1.435
Teachers          0.000   0.000   0.856   0.841   0.902   0.869   1.165   0.976   1.068
Librarians        0.000   0.000   0.879   0.828   0.914   0.981   1.235   1.143   1.106
Soc.Scientists    0.000   0.000   0.707   0.665   0.795   0.751   0.983   0.763   0.756
SocialWork        0.000   0.000   0.867   0.770   0.832   0.836   1.088   0.918   0.928
Lawyers           0.000   0.000   1.049   0.695   0.814   0.704   0.938   0.747   0.690
Arts/Athletes     0.000   0.000   0.623   0.619   0.720   0.689   0.882   0.810   0.814
HealthTechs       0.000   0.000   0.642   0.669   0.708   0.673   0.857   0.709   0.744
Eng.Techs         0.000   0.000   0.509   0.534   0.582   0.585   0.803   0.695   0.722
ScienceTechs      0.000   0.000   0.526   0.610   0.609   0.600   0.782   0.693   0.737
OtherTechs        0.000   0.000   0.633   0.501   0.648   0.597   0.813   0.729   0.664
Sales             0.000   0.000   0.745   0.712   0.691   0.667   0.863   0.804   0.766
Secretaries       0.000   0.000   0.573   0.602   0.709   0.720   0.975   0.899   0.906
Info.Clerks       0.000   0.000   0.595   0.634   0.764   0.794   1.053   0.929   0.961
Records           0.000   0.000   0.744   0.667   0.651   0.714   0.995   0.883   0.926
FinancialClerk    0.000   0.000   0.619   0.630   0.712   0.728   0.947   0.815   0.848
OfficeMachine     0.000   0.000   0.559   0.632   0.677   0.715   0.815   0.833   0.922
ComputerTech      0.000   0.000   0.542   0.586   0.607   0.670   0.969   0.827   0.902
Mail              0.000   0.000   0.572   0.522   0.519   0.538   0.825   0.717   0.844
Clerks            0.000   0.000   0.574   0.564   0.583   0.632   0.860   0.774   0.801
Insurance         0.000   0.000   0.675   0.644   0.678   0.696   0.898   0.812   0.831
Misc.Admin        0.000   0.000   0.598   0.630   0.719   0.774   1.017   0.877   0.903
PrivateHshld      0.000   0.000   0.754   0.736   0.784   0.874   1.184   1.044   1.091
Firefighting      0.000   0.000   0.361   0.361   0.497   0.511   0.677   0.553   0.650
Police            0.000   0.000   0.463   0.494   0.521   0.527   0.731   0.610   0.633
Guards            0.000   0.000   0.467   0.693   0.609   0.635   0.865   0.753   0.777
FoodPrep          0.000   0.000   0.772   0.783   0.843   0.871   1.121   1.033   1.019
HealthService     0.000   0.000   0.656   0.735   0.799   0.821   1.062   0.946   0.950
Cleaning          0.000   0.000   0.610   0.625   0.666   0.776   1.022   0.973   0.957
PersonalService   0.000   0.000   0.710   0.675   0.827   0.942   1.184   1.022   0.978
FarmMgrs          0.000   0.000   0.975   0.641   0.883   0.920   1.031   0.875   0.757
FarmWork          0.000   0.000   0.769   0.815   0.703   0.753   0.942   0.821   0.871
Agriculture       0.000   0.000   0.594   0.606   0.722   0.752   0.930   0.836   0.854
Forest            0.000   0.000   0.590   0.590   0.553   0.580   0.852   0.639   0.667
Mechanics         0.000   0.000   0.492   0.426   0.483   0.522   0.711   0.639   0.642
Elec.Repairer     0.000   0.000   0.516   0.464   0.444   0.506   0.708   0.656   0.683
Misc.Repairer     0.000   0.000   0.461   0.570   0.566   0.574   0.790   0.727   0.719
Construction      0.000   0.000   0.480   0.428   0.555   0.573   0.792   0.696   0.689
Extractive        0.000   0.000   0.374   0.474   0.437   0.457   0.803   0.592   0.525
Supervisor(P)     0.000   0.000   0.548   0.520   0.554   0.548   0.735   0.650   0.655
MetalWork         0.000   0.000   0.481   0.440   0.530   0.594   0.807   0.749   0.757
WoodWork          0.000   0.000   0.538   0.628   0.674   0.718   1.011   0.849   0.752
Textiles          0.000   0.000   0.602   0.571   0.659   0.747   0.922   0.932   0.788
Other             0.000   0.000   0.613   0.580   0.619   0.651   0.928   0.797   0.897
Food              0.000   0.000   0.558   0.630   0.612   0.694   0.910   0.855   0.921
PlantOperator     0.000   0.000   0.597   0.515   0.454   0.477   0.649   0.485   0.569
MetalMach.        0.000   0.000   0.570   0.534   0.541   0.636   0.839   0.801   0.742
MetalProc.        0.000   0.000   0.456   0.489   0.551   0.638   0.863   0.838   0.878
WoodMach.         0.000   0.000   0.377   0.515   0.617   0.661   0.834   0.816   0.750
TextileMach.      0.000   0.000   0.468   0.537   0.597   0.628   0.876   0.794   0.888
PrintMach.        0.000   0.000   0.617   0.599   0.644   0.747   0.962   0.912   0.902
OtherMach.        0.000   0.000   0.541   0.572   0.583   0.644   0.872   0.807   0.760
Fabricators       0.000   0.000   0.491   0.533   0.574   0.654   0.860   0.800   0.779
Prod.Inspectors   0.000   0.000   0.553   0.593   0.592   0.656   0.873   0.743   0.717
MotorVehicle      0.000   0.000   0.515   0.455   0.573   0.630   0.875   0.806   0.839
OtherVehicle      0.000   0.000   0.438   0.468   0.538   0.530   0.678   0.590   0.692
Freight           0.000   0.000   0.538   0.597   0.609   0.697   0.949   0.901   0.877
 
Mean             0.000   0.000   0.633   0.617   0.668   0.691   0.912   0.806   0.814
Std Dev          0.000   0.000   0.178   0.134   0.143   0.154   0.170   0.162   0.148
Mean(weighted)     NaN     NaN   0.639   0.607   0.662   0.664   0.873   0.771   0.769
Std Dev(wghtd)     NaN     NaN   0.154   0.118   0.119   0.124   0.150   0.134   0.135
 
 
--------------------------------------------------------------------------------------------------
                          >>>>> Black Men <<<<<
--------------------------------------------------------------------------------------------------
 
--------------
    TauHat      
--------------
 
                   1960    1970    1980    1990    2000    2010
---------------------------------------------------------------
Home                NaN     NaN     NaN     NaN     NaN     NaN     NaN
Managers          4.760   2.238   2.030   2.011   1.910   1.748   1.732
MgmtRelated       3.633   2.423   1.592   1.579   1.555   1.523   1.656
Architects          NaN   2.280   2.610   1.926   2.100   2.004   2.069
Engineers         5.783   3.416   2.019   1.976   1.837   1.812   1.869
Math/CompSci      3.413   2.501   1.630   1.730   1.420   1.297   1.297
Science           3.178   1.817   1.959   1.983   2.108   2.035   1.899
Doctors           3.419   3.620   2.460   2.097   1.916   1.804   2.286
Nurses            2.348   1.832   1.714   1.819   1.497   1.321   1.393
Therapists        1.259   0.950   1.393   1.220   1.600   1.576   1.767
Professors        3.128   2.298   1.748   1.503   1.579   1.548   1.154
Teachers          1.501   1.360   1.423   1.234   1.117   1.202   1.174
Librarians          NaN   1.380   1.121   1.211   1.941   1.291   0.777
Soc.Scientists    5.938   2.102   1.733   1.818   2.051   1.568   1.645
SocialWork        1.321   0.974   1.071   0.863   1.005   1.023   1.178
Lawyers           5.004   7.252   2.266   2.451   2.204   2.315   1.886
Arts/Athletes     2.227   1.943   1.563   1.500   1.578   1.582   1.289
HealthTechs       1.196   1.104   1.132   1.080   1.210   1.138   1.196
Eng.Techs         2.786   2.318   1.565   1.587   1.533   1.364   1.461
ScienceTechs      2.968   1.316   1.127   1.273   1.033   1.191   1.528
OtherTechs        2.387   2.205   1.499   1.612   1.729   1.636   1.679
Sales             3.654   2.488   2.015   1.978   1.726   1.548   1.668
Secretaries       1.485   1.083   1.085   0.733   1.040   1.035   1.057
Info.Clerks       2.523   1.609   0.960   1.002   0.927   0.923   0.872
Records           1.839   1.198   0.935   0.836   0.863   0.779   0.882
FinancialClerk    2.441   1.894   1.249   0.939   0.861   0.927   1.075
OfficeMachine     2.400   0.607   0.784   0.729   0.629   0.616   0.542
ComputerTech      2.595   1.214   0.997   0.887   0.898   1.052   0.864
Mail              0.663   0.667   0.782   0.739   0.778   0.795   0.765
Clerks            1.141   1.047   1.055   1.066   0.994   0.933   1.051
Insurance         8.341   1.810   1.194   1.087   1.052   0.976   1.081
Misc.Admin        1.728   1.079   0.977   0.927   0.981   0.972   1.130
PrivateHshld      0.721   0.483   0.531   0.489   0.525   0.522   0.657
Firefighting      2.176   1.655   1.346   1.293   1.559   1.600   1.959
Police            1.489   1.457   1.159   0.983   1.102   1.337   1.214
Guards            1.012   0.811   0.736   0.679   0.692   0.699   0.623
FoodPrep          0.737   0.934   1.030   0.917   1.008   1.123   0.969
HealthService     0.395   0.583   0.657   0.644   0.611   0.616   0.606
Cleaning          0.420   0.636   0.828   0.854   0.914   0.941   1.023
PersonalService   0.698   0.903   1.113   0.880   0.794   0.835   0.924
FarmMgrs          4.175   6.003   4.603   3.870   4.717   5.762   4.946
FarmWork          0.991   1.081   1.546   1.671   2.288   2.638   2.949
Agriculture       0.920   0.910   1.244   1.326   1.520   1.699   1.630
Forest            1.176   1.061   1.929   1.612   2.010   4.390   2.894
Mechanics         1.799   1.639   1.576   1.729   1.604   1.608   1.716
Elec.Repairer     4.012   2.119   1.397   1.390   1.244   1.358   1.450
Misc.Repairer     2.012   1.350   1.433   1.542   1.433   1.573   1.622
Construction      2.006   1.531   1.610   1.705   1.811   1.912   1.856
Extractive        3.449   2.666   1.809   1.987   2.280   2.523   1.799
Supervisor(P)     3.229   2.003   1.516   1.611   1.419   1.505   1.297
MetalWork         2.489   2.096   1.398   1.799   2.062   1.765   2.152
WoodWork          3.180   1.585   1.614   1.880   2.527   2.476   1.551
Textiles          1.069   1.122   1.257   1.200   1.113   1.250   2.120
Other             1.629   2.584   1.389   1.502   1.053   1.036   1.066
Food              1.711   1.030   1.346   1.336   1.069   1.081   1.299
PlantOperator     4.083   1.799   1.147   1.533   1.443   1.388   1.690
MetalMach.        1.520   1.245   1.154   1.367   1.120   1.391   1.684
MetalProc.        0.739   0.912   1.032   1.476   1.305   0.919   1.650
WoodMach.         1.125   1.056   1.146   1.331   1.104   1.439   1.206
TextileMach.      2.523   1.624   1.205   1.514   1.345   1.669   1.165
PrintMach.        0.810   0.805   0.664   0.799   0.860   0.815   0.952
OtherMach.        1.134   0.879   0.917   1.057   1.012   1.151   1.166
Fabricators       1.308   0.985   0.995   1.171   1.121   1.174   1.312
Prod.Inspectors   2.070   1.216   1.024   1.290   1.172   1.414   1.224
MotorVehicle      1.256   1.065   1.068   1.042   0.923   0.876   0.750
OtherVehicle      1.866   1.094   1.292   1.506   1.550   1.709   1.723
Freight           0.716   0.775   0.894   0.931   0.850   0.839   0.775
 
Mean             2.277   1.662   1.383   1.384   1.407   1.463   1.448
Std Dev          1.506   1.116   0.588   0.529   0.629   0.801   0.664
Mean(weighted)   2.876   1.971   1.591   1.570   1.517   1.495   1.510
Std Dev(wghtd)   1.564   1.091   0.542   0.508   0.524   0.582   0.525
 
--------------
    TauW      
--------------
 
                   1960    1970    1980    1990    2000    2010
---------------------------------------------------------------
Home              0.000   0.000   0.000   0.000   0.000   0.000   0.000
Managers          0.542   0.352   0.318   0.335   0.343   0.307   0.355
MgmtRelated       0.475   0.408   0.282   0.288   0.325   0.344   0.389
Architects        0.338   0.338   0.411   0.471   0.479   0.404   0.344
Engineers         0.584   0.527   0.471   0.453   0.489   0.463   0.488
Math/CompSci      0.459   0.169   0.068   0.083   0.023  -0.057  -0.019
Science           0.439   0.382   0.415   0.396   0.458   0.497   0.538
Doctors           0.459   0.419   0.094   0.097   0.110  -0.004   0.155
Nurses            0.347   0.305  -0.001  -0.019  -0.342  -0.441  -0.588
Therapists        0.109  -0.077  -0.063  -0.111  -0.028  -0.203  -0.294
Professors        0.435   0.519   0.456   0.436   0.463   0.446   0.266
Teachers          0.184   0.150   0.175   0.139   0.139   0.197   0.222
Librarians        0.149   0.149   0.245   0.283   0.363   0.344  -0.090
Soc.Scientists    0.590   0.334   0.326   0.371   0.355   0.274   0.223
SocialWork        0.130   0.020  -0.001  -0.044   0.019  -0.011   0.082
Lawyers           0.553   0.308  -0.168  -0.062  -0.026  -0.060   0.070
Arts/Athletes     0.330   0.205   0.177   0.208   0.273   0.294   0.244
HealthTechs       0.086  -0.060  -0.264  -0.333  -0.386  -0.497  -0.507
Eng.Techs         0.401   0.417   0.386   0.354   0.324   0.297   0.312
ScienceTechs      0.420   0.356   0.248   0.235   0.132   0.145   0.163
OtherTechs        0.353   0.312   0.271   0.294   0.324   0.306   0.409
Sales             0.477   0.396   0.361   0.359   0.394   0.425   0.479
Secretaries       0.179  -0.053   0.088  -0.155  -0.131  -0.186  -0.344
Info.Clerks       0.370  -0.294  -0.320  -0.232  -0.262  -0.134  -0.203
Records           0.263   0.168  -0.013  -0.037  -0.115  -0.142   0.003
FinancialClerk    0.360   0.327   0.245   0.098   0.016   0.077   0.081
OfficeMachine     0.355  -0.396  -0.758  -0.980  -1.144  -1.349  -0.917
ComputerTech      0.379  -0.010   0.097   0.016  -0.012   0.102   0.019
Mail             -0.277  -0.311  -0.295  -0.377  -0.433  -0.430  -0.533
Clerks            0.064   0.003  -0.069  -0.147  -0.124  -0.140  -0.026
Insurance         0.654   0.532   0.290   0.221   0.195   0.132   0.212
Misc.Admin        0.239   0.193   0.133   0.086   0.075   0.055   0.137
PrivateHshld     -0.177  -0.755  -1.190  -1.261  -1.664  -1.672  -2.039
Firefighting      0.322   0.110  -0.022  -0.112  -0.168  -0.161  -0.131
Police            0.180   0.250   0.080   0.022   0.030   0.092   0.097
Guards            0.006  -0.059  -0.151  -0.247  -0.288  -0.367  -0.374
FoodPrep         -0.164  -0.224  -0.484  -0.644  -0.679  -0.762  -0.733
HealthService    -1.145  -0.984  -1.025  -0.920  -1.230  -1.122  -1.315
Cleaning         -1.018  -1.016  -1.034  -1.161  -1.268  -1.240  -1.058
PersonalService  -0.214  -0.430  -0.501  -0.911  -0.889  -0.934  -0.920
FarmMgrs          0.511   0.436   0.133   0.006  -0.108  -0.458  -0.220
FarmWork         -0.005  -0.171  -0.286  -0.347  -0.520  -0.786  -0.707
Agriculture      -0.042  -0.160  -0.293  -0.363  -0.337  -0.364  -0.305
Forest            0.078  -0.164  -0.160  -0.399  -0.334  -0.388  -1.263
Mechanics         0.254   0.184   0.110   0.002  -0.089  -0.164  -0.136
Elec.Repairer     0.501   0.294   0.137   0.050   0.018  -0.013  -0.023
Misc.Repairer     0.295   0.198   0.110   0.022   0.018  -0.080  -0.043
Construction      0.294   0.115   0.068  -0.052  -0.078  -0.186  -0.163
Extractive        0.462   0.114  -0.047  -0.150  -0.180  -0.229  -0.448
Supervisor(P)     0.444   0.276   0.147   0.095   0.051   0.025  -0.044
MetalWork         0.366   0.305   0.141   0.084   0.066   0.038   0.040
WoodWork          0.439   0.350   0.229   0.243   0.266   0.218  -0.558
Textiles          0.033   0.063  -0.048  -0.326  -0.603  -0.342  -0.073
Other             0.217   0.200  -0.249  -0.242  -0.434  -0.629  -0.666
Food              0.236   0.076   0.049  -0.097  -0.216  -0.405  -0.503
PlantOperator     0.505   0.309   0.180   0.207   0.158   0.076   0.112
MetalMach.        0.189   0.102   0.047  -0.117  -0.282  -0.291  -0.578
MetalProc.       -0.163  -0.130  -0.103  -0.163  -0.212  -0.375  -1.028
WoodMach.         0.057  -0.039  -0.122  -0.261  -0.463  -0.497  -0.881
TextileMach.      0.370   0.131   0.037  -0.040  -0.116  -0.213  -0.317
PrintMach.       -0.111  -0.309  -0.314  -0.330  -0.458  -0.537  -0.430
OtherMach.        0.061  -0.038  -0.079  -0.147  -0.228  -0.275  -0.307
Fabricators       0.126   0.047   0.018  -0.097  -0.199  -0.198  -0.227
Prod.Inspectors   0.305   0.303   0.116   0.081   0.056   0.068  -0.034
MotorVehicle      0.108  -0.104  -0.183  -0.377  -0.488  -0.598  -0.731
OtherVehicle      0.268  -0.002   0.006  -0.095  -0.190  -0.269  -0.305
Freight          -0.183  -0.222  -0.293  -0.386  -0.558  -0.575  -0.654
 
Mean             0.207   0.077  -0.020  -0.085  -0.139  -0.181  -0.228
Std Dev          0.318   0.319   0.335   0.369   0.431   0.444   0.492
Mean(weighted)   0.312   0.193   0.112   0.066   0.041   0.008   0.020
Std Dev(wghtd)   0.280   0.270   0.276   0.317   0.368   0.388   0.429
 
-------------------------
    WageGrowthRelative      
-------------------------
 
                   1960    1970    1980    1990    2000    2010
---------------------------------------------------------------
Home                NaN     NaN     NaN     NaN     NaN     NaN     NaN
Managers          1.414   1.052   0.976   0.987   1.056   0.931     NaN
MgmtRelated       1.127   1.215   0.991   0.948   0.971   0.932     NaN
Architects          NaN   0.889   0.899   0.983   1.144   1.101     NaN
Engineers         1.137   1.118   1.034   0.934   1.051   0.953     NaN
Math/CompSci      1.536   1.121   0.984   1.066   1.083   0.963     NaN
Science           1.102   0.947   1.031   0.898   0.928   0.919     NaN
Doctors           1.075   1.559   0.996   0.985   1.129   0.841     NaN
Nurses            1.065   1.439   1.018   1.317   1.074   1.102     NaN
Therapists        1.209   0.987   1.045   0.926   1.170   1.075     NaN
Professors        0.851   1.129   1.007   0.895   1.032   0.865     NaN
Teachers          1.041   0.971   1.044   1.000   0.933   0.968     NaN
Librarians          NaN   0.832   0.949   0.889   1.003   1.152     NaN
Soc.Scientists    1.623   1.011   0.933   1.027   1.126   1.070     NaN
SocialWork        1.127   1.022   1.043   0.939   1.031   0.908     NaN
Lawyers           1.547   1.688   0.909   0.966   1.034   0.877     NaN
Arts/Athletes     1.187   1.035   0.963   0.917   0.971   1.071     NaN
HealthTechs       1.160   1.192   1.055   1.040   1.080   1.006     NaN
Eng.Techs         0.974   1.052   1.052   1.046   1.040   0.980     NaN
ScienceTechs      1.092   0.928   1.019   1.134   0.985   0.979     NaN
OtherTechs        1.064   1.060   0.967   0.958   1.027   0.852     NaN
Sales             1.155   1.058   1.003   0.946   0.949   0.906     NaN
Secretaries       1.284   0.866   1.229   0.979   1.048   1.134     NaN
Info.Clerks       2.056   1.020   0.934   1.024   0.898   1.061     NaN
Records           1.128   1.217   1.023   1.075   1.024   0.873     NaN
FinancialClerk    1.051   1.122   1.120   1.039   0.938   0.995     NaN
OfficeMachine     1.076   1.259   1.127   1.083   1.095   0.816     NaN
ComputerTech      1.627   0.894   1.089   1.029   0.887   0.736     NaN
Mail              1.026   0.988   1.063   1.040   0.998   1.073     NaN
Clerks            1.065   1.073   1.072   0.981   1.014   0.900     NaN
Insurance         1.133   1.209   0.951   0.966   0.988   0.907     NaN
Misc.Admin        1.061   0.966   1.017   1.012   1.022   0.913     NaN
PrivateHshld      1.313   1.248   1.032   1.178   1.003   1.137     NaN
Firefighting      1.313   1.149   1.087   1.051   0.994   0.974     NaN
Police            0.915   1.227   1.064   0.991   0.936   0.994     NaN
Guards            1.065   0.999   1.047   1.033   1.062   1.005     NaN
FoodPrep          1.051   1.213   1.107   1.022   1.049   0.984     NaN
HealthService     0.925   1.021   0.948   1.161   0.952   1.091     NaN
Cleaning          0.999   1.009   1.062   1.050   0.987   0.919     NaN
PersonalService   1.178   1.050   1.273   0.988   1.024   0.993     NaN
FarmMgrs          1.153   1.536   1.147   1.114   1.316   0.837     NaN
FarmWork          1.165   1.098   1.048   1.128   1.175   0.956     NaN
Agriculture       1.113   1.114   1.054   0.981   1.020   0.957     NaN
Forest            1.263   0.996   1.207   0.953   1.041   1.630     NaN
Mechanics         1.095   1.090   1.122   1.090   1.069   0.977     NaN
Elec.Repairer     1.414   1.222   1.102   1.033   1.032   1.010     NaN
Misc.Repairer     1.137   1.110   1.099   1.004   1.099   0.966     NaN
Construction      1.253   1.054   1.128   1.025   1.100   0.980     NaN
Extractive        1.646   1.181   1.098   1.027   1.041   1.179     NaN
Supervisor(P)     1.301   1.179   1.060   1.049   1.027   1.071     NaN
MetalWork         1.097   1.236   1.066   1.020   1.029   0.998     NaN
WoodWork          1.160   1.185   0.982   0.969   1.065   1.992     NaN
Textiles          0.968   1.119   1.265   1.209   0.837   0.800     NaN
Other             1.021   1.562   0.995   1.154   1.136   1.022     NaN
Food              1.209   1.028   1.154   1.109   1.155   1.069     NaN
PlantOperator     1.397   1.187   0.968   1.061   1.097   0.961     NaN
MetalMach.        1.107   1.061   1.172   1.147   1.007   1.222     NaN
MetalProc.        0.972   0.976   1.054   1.042   1.135   1.475     NaN
WoodMach.         1.102   1.080   1.124   1.160   1.023   1.257     NaN
TextileMach.      1.380   1.108   1.080   1.073   1.086   1.086     NaN
PrintMach.        1.178   1.004   1.012   1.096   1.055   0.930     NaN
OtherMach.        1.105   1.040   1.063   1.071   1.038   1.025     NaN
Fabricators       1.090   1.031   1.116   1.093   0.999   1.025     NaN
Prod.Inspectors   0.931   1.269   1.039   1.028   0.987   1.109     NaN
MotorVehicle      1.237   1.072   1.164   1.081   1.074   1.083     NaN
OtherVehicle      1.368   0.992   1.102   1.087   1.067   1.028     NaN
Freight           1.034   1.058   1.072   1.124   1.011   1.050     NaN
 
Mean             1.182   1.112   1.055   1.037   1.037   1.025     NaN
Std Dev          0.207   0.163   0.079   0.081   0.076   0.185   0.000
Mean(weighted)   1.197   1.110   1.039   1.013   1.029   0.970   0.000
Std Dev(wghtd)   0.170   0.152   0.072   0.073   0.064   0.086     NaN
 
--------------
    TauH      
--------------
 
                   1940    1950    1960    1970    1980    1990    2000    2010    2023
---------------------------------------------------------------------------------------
Home              0.000   0.000   0.000   0.000   0.000   0.000   0.000   0.000   0.000
Managers          0.000   0.0001946.511  35.860  22.472  15.926   8.029   5.433   1.944
MgmtRelated       0.000   0.000 523.776  31.921   2.674   2.104   0.600  -0.012   0.127
Architects        0.000   0.000  53.634  53.634  63.840   0.211   1.383   4.594  18.410
Engineers         0.000   0.0005009.436 104.468   0.887   1.121  -0.460  -0.230  -0.349
Math/CompSci      0.000   0.000 386.0391222.246  56.833  86.984  22.983  20.421  13.959
Science           0.000   0.000 272.827   2.098   2.774   4.728   2.651   0.258  -0.716
Doctors           0.000   0.000 389.8761372.8882402.478 490.959 176.333 319.651 596.480
Nurses            0.000   0.000  61.985   9.475 187.701 397.088 868.313 516.5572227.967
Therapists        0.000   0.000   2.060   0.255  44.106  18.132 124.607 498.5933059.810
Professors        0.000   0.000 252.715   1.663  -0.391  -0.800  -0.800  -0.777  -0.800
Teachers          0.000   0.000   6.192   3.094   3.762   0.808  -0.318  -0.291  -0.588
Librarians        0.000   0.000   3.771   3.771  -0.800  -0.748   6.872  -0.800  -0.800
Soc.Scientists    0.000   0.0005695.908  25.198   3.485   2.650  14.194   2.536   9.862
SocialWork        0.000   0.000   2.868  -0.360   0.965  -0.634  -0.131   0.396   1.151
Lawyers           0.000   0.0002479.9076301843.97312675.52310740.6732754.6296124.441 232.659
Arts/Athletes     0.000   0.000  47.742  67.326  10.489   4.356   2.794   1.930  -0.222
HealthTechs       0.000   0.000   1.387   3.595  31.516  33.401 150.425 175.477 302.383
Eng.Techs         0.000   0.000 143.699  17.765  -0.320   0.267   0.407  -0.337   0.059
ScienceTechs      0.000   0.000 195.716  -0.800  -0.800  -0.222  -0.653   0.195   9.939
OtherTechs        0.000   0.000  67.266  56.560   1.388   2.493   3.571   2.449  -0.068
Sales             0.000   0.000 538.411  51.333  10.646   8.954   0.550  -0.677  -0.745
Secretaries       0.000   0.000   5.820   2.588  -0.091  -0.800   3.870   6.287  29.307
Info.Clerks       0.000   0.000  88.3291240.504   8.980   6.759   3.598   0.560   0.585
Records           0.000   0.000  18.237  -0.031  -0.411  -0.749  -0.314  -0.680  -0.711
FinancialClerk    0.000   0.000  75.097   9.493  -0.436  -0.800  -0.800  -0.780  -0.115
OfficeMachine     0.000   0.000  69.097  -0.800  21.361  34.089  17.385  35.028   0.449
ComputerTech      0.000   0.000 101.394   6.228  -0.638  -0.734  -0.603  -0.429  -0.800
Mail              0.000   0.000  -0.800  -0.730   0.135   0.187   1.858   2.480   3.703
Clerks            0.000   0.000   0.899   0.521   2.212   6.059   1.938   0.821   1.087
Insurance         0.000   0.00029638.402  -0.800  -0.800  -0.800  -0.800  -0.800  -0.789
Misc.Admin        0.000   0.000  13.242  -0.740  -0.800  -0.800  -0.611  -0.560  -0.209
PrivateHshld      0.000   0.000  -0.795  -0.800   3.301   1.631  24.877  24.221 827.620
Firefighting      0.000   0.000  42.540  42.085  21.217  32.825 335.965 407.4402253.163
Police            0.000   0.000   5.900   1.354   0.860  -0.314   0.908   5.561   1.422
Guards            0.000   0.000   0.060  -0.773  -0.800  -0.800  -0.675  -0.358  -0.780
FoodPrep          0.000   0.000  -0.772   2.638  60.575  52.853 165.036 756.391 152.242
HealthService     0.000   0.000  -0.800   3.108  15.053   6.831  19.166  12.574  25.563
Cleaning          0.000   0.000  -0.800  10.149 157.145 382.6601190.2631386.2931382.006
PersonalService   0.000   0.000  -0.800  10.946 145.398 154.840  50.255 103.443 259.420
FarmMgrs          0.000   0.0001029.717139755.198682503.141480643.6489399180.853940408162.34938057560.447
FarmWork          0.000   0.000  -0.043   8.871 785.4462630.748179698.0123432254.4746514827.176
Agriculture       0.000   0.000  -0.331   0.692  99.211 312.110 974.2183490.9341525.848
Forest            0.000   0.000   1.200   6.7862483.2552689.45614430.83241775220.46483970989.760
Mechanics         0.000   0.000  16.276  15.881  25.656 199.891 223.882 437.034 653.558
Elec.Repairer     0.000   0.000 847.743  48.916   5.110  13.857   5.963  21.128  45.208
Misc.Repairer     0.000   0.000  28.780   1.163   9.591  52.950  26.755 169.930 163.429
Construction      0.000   0.000  28.366  18.096  50.702 289.489 657.5362820.2231748.111
Extractive        0.000   0.000 406.4034233.926 491.3243039.59514945.95858851.38310891.478
Supervisor(P)     0.000   0.000 295.059  35.938  11.174  37.973  16.949  40.254  18.050
MetalWork         0.000   0.000  82.583  37.756   4.958 127.151 580.866 169.1951145.268
WoodWork          0.000   0.000 273.798   0.348   7.345  29.982 401.631 609.3515250.167
Textiles          0.000   0.000   0.380   0.626  13.571  89.864 275.530 150.8112933.695
Other             0.000   0.000   9.6871148.386 209.134 424.676  53.725 159.579 263.528
Food              0.000   0.000  12.562  -0.381   9.961  39.887  11.780  57.007 661.736
PlantOperator     0.000   0.000 923.748   7.310  -0.446   5.703   5.648  10.159  50.173
MetalMach.        0.000   0.000   6.622   1.969   1.523  60.247  32.608 293.05913153.733
MetalProc.        0.000   0.000  -0.770   0.349   2.516 188.419  84.645   8.732124044.467
WoodMach.         0.000   0.000   0.768   1.447  10.451 151.193 104.6801710.6082847.469
TextileMach.      0.000   0.000  88.395  27.134   3.205  81.133  50.808 940.205  62.556
PrintMach.        0.000   0.000  -0.639   0.665  -0.732   0.801   7.954   7.941  18.992
OtherMach.        0.000   0.000   0.840  -0.591  -0.098   5.476   7.257  40.427  58.681
Fabricators       0.000   0.000   2.683  -0.456  -0.196  10.298  16.676  26.282 100.847
Prod.Inspectors   0.000   0.000  33.161  -0.800  -0.617   4.193   1.685  13.609   8.868
MotorVehicle      0.000   0.000   2.028   3.788   8.628  32.377  20.908  25.116  11.554
OtherVehicle      0.000   0.000  19.647   1.423  10.299 127.456 380.4881845.1492605.854
Freight           0.000   0.000  -0.800  -0.409   3.076  10.836  14.187  13.966  10.160
 
Mean             0.000   0.000 779.75996292.31210488.0407519.116143554.61714711909.8011921239.618
Std Dev          0.000   0.0003711.691769804.72983358.86558694.1471148098.591114919139.24811210557.747
Mean(weighted)     NaN     NaN 983.276116225.9997433.9795286.07698812.4299872299.790524477.355
Std Dev(wghtd)     NaN     NaN3172.884842237.45269325.15948822.419954846.41895541997.7834883506.786
 
--------------------
    1/(1-TauW)      
--------------------
 
                   1960    1970    1980    1990    2000    2010
---------------------------------------------------------------
Home              1.000   1.000   1.000   1.000   1.000   1.000   1.000
Managers          2.182   1.543   1.467   1.503   1.523   1.443   1.550
MgmtRelated       1.906   1.691   1.392   1.405   1.481   1.525   1.636
Architects        1.510   1.510   1.698   1.889   1.920   1.679   1.525
Engineers         2.405   2.114   1.891   1.829   1.957   1.862   1.953
Math/CompSci      1.847   1.203   1.073   1.091   1.024   0.946   0.982
Science           1.783   1.617   1.709   1.657   1.845   1.988   2.163
Doctors           1.849   1.720   1.103   1.108   1.124   0.996   1.183
Nurses            1.532   1.438   0.999   0.982   0.745   0.694   0.630
Therapists        1.122   0.928   0.941   0.900   0.972   0.831   0.773
Professors        1.769   2.077   1.839   1.774   1.864   1.807   1.362
Teachers          1.225   1.177   1.212   1.161   1.162   1.245   1.286
Librarians        1.175   1.175   1.324   1.395   1.569   1.524   0.917
Soc.Scientists    2.437   1.501   1.485   1.591   1.549   1.377   1.287
SocialWork        1.149   1.020   0.999   0.957   1.020   0.989   1.089
Lawyers           2.237   1.446   0.856   0.942   0.975   0.943   1.075
Arts/Athletes     1.492   1.257   1.215   1.262   1.376   1.416   1.323
HealthTechs       1.094   0.943   0.791   0.750   0.721   0.668   0.664
Eng.Techs         1.669   1.714   1.629   1.549   1.480   1.423   1.453
ScienceTechs      1.723   1.553   1.331   1.306   1.152   1.170   1.195
OtherTechs        1.545   1.452   1.371   1.417   1.479   1.440   1.691
Sales             1.912   1.655   1.565   1.561   1.650   1.739   1.920
Secretaries       1.219   0.949   1.096   0.866   0.884   0.844   0.744
Info.Clerks       1.588   0.773   0.758   0.812   0.792   0.882   0.831
Records           1.356   1.202   0.987   0.964   0.897   0.876   1.003
FinancialClerk    1.562   1.487   1.325   1.108   1.016   1.083   1.088
OfficeMachine     1.549   0.716   0.569   0.505   0.466   0.426   0.522
ComputerTech      1.611   0.990   1.107   1.016   0.988   1.114   1.019
Mail              0.783   0.763   0.772   0.726   0.698   0.699   0.652
Clerks            1.068   1.003   0.935   0.872   0.889   0.877   0.974
Insurance         2.888   2.137   1.409   1.283   1.242   1.152   1.270
Misc.Admin        1.315   1.240   1.153   1.094   1.081   1.058   1.158
PrivateHshld      0.849   0.570   0.457   0.442   0.375   0.374   0.329
Firefighting      1.475   1.124   0.978   0.900   0.856   0.861   0.884
Police            1.220   1.334   1.087   1.022   1.031   1.101   1.108
Guards            1.006   0.945   0.869   0.802   0.777   0.731   0.728
FoodPrep          0.859   0.817   0.674   0.608   0.596   0.567   0.577
HealthService     0.466   0.504   0.494   0.521   0.449   0.471   0.432
Cleaning          0.496   0.496   0.492   0.463   0.441   0.447   0.486
PersonalService   0.824   0.699   0.666   0.523   0.529   0.517   0.521
FarmMgrs          2.043   1.772   1.154   1.006   0.903   0.686   0.819
FarmWork          0.996   0.854   0.778   0.742   0.658   0.560   0.586
Agriculture       0.959   0.862   0.774   0.734   0.748   0.733   0.766
Forest            1.085   0.859   0.862   0.715   0.750   0.720   0.442
Mechanics         1.341   1.225   1.123   1.002   0.918   0.859   0.880
Elec.Repairer     2.003   1.417   1.159   1.052   1.019   0.987   0.977
Misc.Repairer     1.418   1.247   1.123   1.022   1.018   0.926   0.959
Construction      1.416   1.130   1.073   0.951   0.928   0.843   0.860
Extractive        1.857   1.128   0.955   0.870   0.847   0.814   0.691
Supervisor(P)     1.797   1.381   1.172   1.105   1.054   1.026   0.957
MetalWork         1.578   1.438   1.164   1.092   1.070   1.040   1.041
WoodWork          1.783   1.537   1.297   1.320   1.362   1.279   0.642
Textiles          1.034   1.068   0.954   0.754   0.624   0.745   0.932
Other             1.276   1.250   0.801   0.805   0.697   0.614   0.600
Food              1.308   1.082   1.052   0.912   0.822   0.712   0.665
PlantOperator     2.021   1.447   1.219   1.260   1.188   1.082   1.127
MetalMach.        1.233   1.113   1.049   0.895   0.780   0.775   0.634
MetalProc.        0.860   0.885   0.907   0.860   0.825   0.727   0.493
WoodMach.         1.060   0.963   0.891   0.793   0.683   0.668   0.532
TextileMach.      1.588   1.151   1.039   0.962   0.896   0.825   0.759
PrintMach.        0.900   0.764   0.761   0.752   0.686   0.651   0.699
OtherMach.        1.065   0.964   0.927   0.872   0.814   0.784   0.765
Fabricators       1.144   1.049   1.018   0.912   0.834   0.835   0.815
Prod.Inspectors   1.439   1.435   1.131   1.088   1.059   1.073   0.967
MotorVehicle      1.121   0.906   0.845   0.726   0.672   0.626   0.578
OtherVehicle      1.366   0.998   1.006   0.913   0.840   0.788   0.766
Freight           0.846   0.818   0.773   0.722   0.642   0.635   0.604
 
Mean             1.421   1.197   1.071   1.021   0.999   0.967   0.948
Std Dev          0.470   0.369   0.309   0.328   0.368   0.365   0.386
Mean(weighted)   1.627   1.347   1.212   1.175   1.177   1.152   1.202
Std Dev(wghtd)   0.481   0.350   0.302   0.331   0.379   0.394   0.452
eta = 0.1030
 
----------------------
    (1+tauh)^eta      
----------------------
 
                   1940    1950    1960    1970    1980    1990    2000    2010    2023
---------------------------------------------------------------------------------------
Home              1.000   1.000   1.000   1.000   1.000   1.000   1.000   1.000   1.000
Managers          1.000   1.000   2.182   1.450   1.384   1.338   1.254   1.211   1.118
MgmtRelated       1.000   1.000   1.906   1.433   1.143   1.124   1.050   0.999   1.012
Architects        1.000   1.000   1.510   1.510   1.537   1.020   1.094   1.194   1.357
Engineers         1.000   1.000   2.405   1.616   1.068   1.081   0.938   0.973   0.957
Math/CompSci      1.000   1.000   1.847   2.080   1.519   1.586   1.387   1.371   1.321
Science           1.000   1.000   1.783   1.124   1.147   1.197   1.143   1.024   0.878
Doctors           1.000   1.000   1.849   2.105   2.230   1.894   1.705   1.812   1.932
Nurses            1.000   1.000   1.532   1.274   1.716   1.853   2.008   1.903   2.212
Therapists        1.000   1.000   1.122   1.024   1.480   1.355   1.645   1.897   2.286
Professors        1.000   1.000   1.769   1.106   0.950   0.847   0.847   0.857   0.847
Teachers          1.000   1.000   1.225   1.156   1.174   1.063   0.961   0.965   0.913
Librarians        1.000   1.000   1.175   1.175   0.847   0.868   1.237   0.847   0.847
Soc.Scientists    1.000   1.000   2.437   1.400   1.167   1.143   1.323   1.139   1.278
SocialWork        1.000   1.000   1.149   0.955   1.072   0.902   0.986   1.035   1.082
Lawyers           1.000   1.000   2.237   5.016   2.646   2.601   2.261   2.455   1.754
Arts/Athletes     1.000   1.000   1.492   1.545   1.286   1.189   1.147   1.117   0.974
HealthTechs       1.000   1.000   1.094   1.170   1.431   1.440   1.677   1.704   1.802
Eng.Techs         1.000   1.000   1.669   1.353   0.961   1.025   1.036   0.959   1.006
ScienceTechs      1.000   1.000   1.723   0.847   0.847   0.974   0.897   1.019   1.279
OtherTechs        1.000   1.000   1.545   1.518   1.094   1.138   1.169   1.136   0.993
Sales             1.000   1.000   1.912   1.503   1.288   1.267   1.046   0.890   0.869
Secretaries       1.000   1.000   1.219   1.141   0.990   0.847   1.177   1.227   1.421
Info.Clerks       1.000   1.000   1.588   2.083   1.267   1.235   1.170   1.047   1.049
Records           1.000   1.000   1.356   0.997   0.947   0.867   0.962   0.889   0.880
FinancialClerk    1.000   1.000   1.562   1.274   0.943   0.847   0.847   0.855   0.987
OfficeMachine     1.000   1.000   1.549   0.847   1.377   1.443   1.350   1.447   1.039
ComputerTech      1.000   1.000   1.611   1.226   0.901   0.872   0.909   0.944   0.847
Mail              1.000   1.000   0.847   0.874   1.013   1.018   1.114   1.137   1.173
Clerks            1.000   1.000   1.068   1.044   1.128   1.223   1.117   1.064   1.079
Insurance         1.000   1.000   2.888   0.847   0.847   0.847   0.847   0.847   0.852
Misc.Admin        1.000   1.000   1.315   0.870   0.847   0.847   0.907   0.919   0.976
PrivateHshld      1.000   1.000   0.849   0.847   1.162   1.105   1.398   1.394   1.998
Firefighting      1.000   1.000   1.475   1.473   1.376   1.437   1.821   1.858   2.215
Police            1.000   1.000   1.220   1.092   1.066   0.962   1.069   1.214   1.095
Guards            1.000   1.000   1.006   0.858   0.847   0.847   0.891   0.955   0.856
FoodPrep          1.000   1.000   0.859   1.142   1.529   1.508   1.693   1.980   1.679
HealthService     1.000   1.000   0.847   1.157   1.331   1.236   1.363   1.308   1.402
Cleaning          1.000   1.000   0.847   1.282   1.685   1.846   2.074   2.107   2.106
PersonalService   1.000   1.000   0.847   1.291   1.671   1.682   1.500   1.614   1.773
FarmMgrs          1.000   1.000   2.043   3.388   3.989   3.848   5.227   8.399   6.037
FarmWork          1.000   1.000   0.996   1.266   1.987   2.251   3.477   4.712   5.033
Agriculture       1.000   1.000   0.959   1.056   1.607   1.807   2.032   2.317   2.128
Forest            1.000   1.000   1.085   1.235   2.237   2.256   2.682   6.095   6.549
Mechanics         1.000   1.000   1.341   1.338   1.402   1.727   1.747   1.871   1.950
Elec.Repairer     1.000   1.000   2.003   1.496   1.205   1.320   1.221   1.376   1.484
Misc.Repairer     1.000   1.000   1.418   1.083   1.275   1.508   1.408   1.698   1.691
Construction      1.000   1.000   1.416   1.355   1.501   1.794   1.951   2.267   2.158
Extractive        1.000   1.000   1.857   2.364   1.894   2.284   2.691   3.099   2.605
Supervisor(P)     1.000   1.000   1.797   1.450   1.294   1.458   1.346   1.467   1.355
MetalWork         1.000   1.000   1.578   1.457   1.202   1.649   1.927   1.697   2.066
WoodWork          1.000   1.000   1.783   1.031   1.244   1.424   1.855   1.936   2.416
Textiles          1.000   1.000   1.034   1.051   1.318   1.591   1.784   1.678   2.276
Other             1.000   1.000   1.276   2.066   1.735   1.865   1.510   1.687   1.776
Food              1.000   1.000   1.308   0.952   1.280   1.466   1.300   1.519   1.953
PlantOperator     1.000   1.000   2.021   1.244   0.941   1.216   1.215   1.282   1.500
MetalMach.        1.000   1.000   1.233   1.119   1.100   1.528   1.436   1.796   2.656
MetalProc.        1.000   1.000   0.860   1.031   1.138   1.716   1.581   1.264   3.347
WoodMach.         1.000   1.000   1.060   1.097   1.285   1.678   1.616   2.153   2.269
TextileMach.      1.000   1.000   1.588   1.410   1.159   1.575   1.502   2.024   1.534
PrintMach.        1.000   1.000   0.900   1.054   0.873   1.062   1.253   1.253   1.361
OtherMach.        1.000   1.000   1.065   0.912   0.989   1.212   1.243   1.468   1.524
Fabricators       1.000   1.000   1.144   0.939   0.978   1.284   1.344   1.406   1.610
Prod.Inspectors   1.000   1.000   1.439   0.847   0.906   1.185   1.107   1.318   1.266
MotorVehicle      1.000   1.000   1.121   1.175   1.263   1.435   1.374   1.399   1.298
OtherVehicle      1.000   1.000   1.366   1.095   1.284   1.649   1.845   2.170   2.248
Freight           1.000   1.000   0.847   0.947   1.156   1.290   1.323   1.321   1.282
 
Mean             1.000   1.000   1.434   1.331   1.316   1.398   1.478   1.656   1.709
Std Dev          0.000   0.000   0.450   0.621   0.488   0.498   0.672   1.181   1.072
Mean(weighted)     NaN     NaN   1.635   1.419   1.331   1.368   1.359   1.428   1.394
Std Dev(wghtd)     NaN     NaN   0.466   0.598   0.417   0.416   0.540   0.871   0.709
 
--------------------------------------------------
    z -- preference shock by Cohort of birth      
--------------------------------------------------
 
                   1940    1950    1960    1970    1980    1990    2000    2010    2023
---------------------------------------------------------------------------------------
Home              0.000   0.000   1.000   1.000   1.000   1.000   1.000   1.000   1.000
Managers          0.000   0.000   0.965   0.782   0.681   0.612   0.710   0.645   0.661
MgmtRelated       0.000   0.000   0.920   0.833   0.736   0.670   0.810   0.696   0.711
Architects        0.000   0.000   1.074   1.074   0.909   0.655   0.877   0.771   0.768
Engineers         0.000   0.000   0.835   0.824   0.653   0.554   0.708   0.587   0.597
Math/CompSci      0.000   0.000   0.979   0.822   0.663   0.577   0.680   0.611   0.651
Science           0.000   0.000   1.031   0.921   0.856   0.719   0.993   0.846   0.797
Doctors           0.000   0.000   1.379   1.340   0.840   0.683   0.896   0.758   0.886
Nurses            0.000   0.000   1.410   1.132   0.985   0.777   0.782   0.690   0.702
Therapists        0.000   0.000   1.426   1.109   0.906   0.692   0.915   0.873   0.884
Professors        0.000   0.000   1.966   1.571   1.470   1.366   1.601   1.478   1.219
Teachers          0.000   0.000   1.415   1.233   1.049   0.856   1.072   0.958   1.060
Librarians        0.000   0.000   1.375   1.375   1.079   0.992   1.191   1.162   0.855
Soc.Scientists    0.000   0.000   1.512   1.006   0.919   0.820   1.011   0.763   0.748
SocialWork        0.000   0.000   1.460   1.178   1.046   0.849   1.028   0.911   1.014
Lawyers           0.000   0.000   1.787   1.999   0.903   0.784   0.921   0.718   0.691
Arts/Athletes     0.000   0.000   1.053   0.894   0.806   0.672   0.846   0.809   0.794
HealthTechs       0.000   0.000   0.920   1.047   0.860   0.719   0.795   0.696   0.697
Eng.Techs         0.000   0.000   0.741   0.782   0.645   0.582   0.705   0.602   0.648
ScienceTechs      0.000   0.000   0.827   0.760   0.659   0.610   0.720   0.592   0.696
OtherTechs        0.000   0.000   0.936   0.754   0.711   0.624   0.701   0.585   0.555
Sales             0.000   0.000   0.951   0.886   0.718   0.644   0.784   0.759   0.800
Secretaries       0.000   0.000   0.944   0.893   0.932   0.723   0.870   0.816   0.861
Info.Clerks       0.000   0.000   0.907   0.775   0.754   0.745   0.902   0.783   0.916
Records           0.000   0.000   1.163   0.858   0.752   0.729   0.957   0.756   0.793
FinancialClerk    0.000   0.000   0.821   0.901   0.787   0.680   0.837   0.772   0.805
OfficeMachine     0.000   0.000   0.898   0.804   0.707   0.653   0.700   0.746   0.724
ComputerTech      0.000   0.000   0.817   0.764   0.636   0.621   0.780   0.728   0.763
Mail              0.000   0.000   0.753   0.743   0.600   0.568   0.772   0.664   0.797
Clerks            0.000   0.000   0.873   0.795   0.687   0.659   0.822   0.798   0.865
Insurance         0.000   0.000   1.166   0.684   0.741   0.677   0.854   0.797   0.848
Misc.Admin        0.000   0.000   0.855   0.827   0.807   0.741   0.923   0.818   0.859
PrivateHshld      0.000   0.000   0.859   0.903   0.788   0.770   0.914   0.833   1.000
Firefighting      0.000   0.000   0.661   0.614   0.603   0.515   0.631   0.540   0.609
Police            0.000   0.000   0.706   0.676   0.610   0.538   0.676   0.607   0.595
Guards            0.000   0.000   0.743   0.763   0.728   0.694   0.856   0.792   0.792
FoodPrep          0.000   0.000   0.965   0.961   0.874   0.848   0.981   1.002   1.001
HealthService     0.000   0.000   0.875   0.968   0.894   0.809   0.966   0.873   0.897
Cleaning          0.000   0.000   0.932   0.853   0.760   0.732   0.859   0.831   0.858
PersonalService   0.000   0.000   1.037   0.863   0.878   0.761   0.925   0.898   0.986
FarmMgrs          0.000   0.000   2.165   1.878   1.103   0.833   0.778   0.801   0.851
FarmWork          0.000   0.000   1.446   1.281   0.915   0.833   0.914   0.792   1.024
Agriculture       0.000   0.000   1.031   0.873   0.805   0.763   0.863   0.853   0.879
Forest            0.000   0.000   1.370   1.152   0.922   0.694   0.829   0.915   0.749
Mechanics         0.000   0.000   0.859   0.760   0.607   0.595   0.702   0.626   0.631
Elec.Repairer     0.000   0.000   0.945   0.832   0.531   0.545   0.677   0.648   0.667
Misc.Repairer     0.000   0.000   0.856   0.782   0.596   0.591   0.724   0.658   0.651
Construction      0.000   0.000   0.863   0.816   0.662   0.627   0.736   0.663   0.650
Extractive        0.000   0.000   0.927   0.775   0.544   0.517   0.676   0.532   0.462
Supervisor(P)     0.000   0.000   0.788   0.730   0.579   0.541   0.663   0.586   0.607
MetalWork         0.000   0.000   0.727   0.775   0.560   0.546   0.697   0.659   0.606
WoodWork          0.000   0.000   0.817   0.817   0.719   0.663   0.893   0.837   0.604
Textiles          0.000   0.000   0.761   0.823   0.768   0.697   0.749   0.632   0.718
Other             0.000   0.000   0.764   0.849   0.704   0.650   0.776   0.727   0.838
Food              0.000   0.000   0.855   0.761   0.622   0.669   0.776   0.784   0.831
PlantOperator     0.000   0.000   0.832   0.753   0.552   0.528   0.673   0.561   0.630
MetalMach.        0.000   0.000   0.708   0.724   0.560   0.580   0.684   0.699   0.722
MetalProc.        0.000   0.000   0.683   0.675   0.598   0.630   0.708   0.683   0.686
WoodMach.         0.000   0.000   1.039   0.902   0.758   0.729   0.716   0.717   0.676
TextileMach.      0.000   0.000   0.761   0.717   0.613   0.591   0.738   0.782   0.760
PrintMach.        0.000   0.000   0.951   0.852   0.673   0.677   0.790   0.768   0.850
OtherMach.        0.000   0.000   0.791   0.741   0.600   0.594   0.724   0.704   0.746
Fabricators       0.000   0.000   0.667   0.725   0.588   0.617   0.711   0.670   0.737
Prod.Inspectors   0.000   0.000   0.725   0.762   0.591   0.604   0.744   0.714   0.703
MotorVehicle      0.000   0.000   0.923   0.791   0.632   0.602   0.713   0.675   0.697
OtherVehicle      0.000   0.000   0.764   0.713   0.570   0.559   0.662   0.588   0.594
Freight           0.000   0.000   0.879   0.855   0.676   0.685   0.812   0.780   0.835
 
Mean             0.000   0.000   0.997   0.912   0.756   0.688   0.822   0.756   0.773
Std Dev          0.000   0.000   0.306   0.258   0.171   0.135   0.152   0.150   0.140
Mean(weighted)     NaN     NaN   0.998   0.899   0.741   0.665   0.796   0.726   0.752
Std Dev(wghtd)     NaN     NaN   0.260   0.241   0.145   0.105   0.127   0.121   0.128
 
 
--------------------------------------------------------------------------------------------------
                          >>>>> Black Women <<<<<
--------------------------------------------------------------------------------------------------
 
--------------
    TauHat      
--------------
 
                   1960    1970    1980    1990    2000    2010
---------------------------------------------------------------
Home                NaN     NaN     NaN     NaN     NaN     NaN     NaN
Managers         11.995   4.332   3.080   2.305   2.188   1.808   1.676
MgmtRelated       6.637   4.226   1.721   1.364   1.302   1.339   1.462
Architects          NaN     NaN   3.949   5.594   4.431   2.655   2.472
Engineers           NaN     NaN   6.170   4.196   3.146   3.366   4.235
Math/CompSci        NaN   5.359   2.315   2.019   2.087   2.034   1.799
Science             NaN   4.546   3.742   2.394   2.305   1.714   1.669
Doctors          15.718  10.797   4.913   2.981   2.253   1.739   1.864
Nurses            1.065   0.814   0.704   0.576   0.592   0.560   0.614
Therapists        1.650   1.761   1.302   0.925   1.090   0.827   1.121
Professors        4.374   3.568   1.812   2.138   1.486   1.336   1.185
Teachers          1.214   1.135   1.010   0.883   0.833   0.827   0.781
Librarians        0.712   1.287   0.849   0.854   1.012   0.926   1.133
Soc.Scientists    3.222   6.355   2.181   1.682   1.445   1.322   1.207
SocialWork        1.641   1.298   0.886   0.702   0.668   0.663   0.733
Lawyers          10.984   4.936   3.560   2.669   2.064   2.001   1.681
Arts/Athletes     3.890   3.564   2.661   2.078   2.103   2.021   1.496
HealthTechs       0.860   0.662   0.648   0.674   0.736   0.656   0.791
Eng.Techs           NaN   7.759   3.346   3.518   2.652   2.664   2.429
ScienceTechs      9.304   4.802   2.073   2.190   1.756   1.363   1.232
OtherTechs          NaN   4.236   2.247   2.009   2.129   2.373   3.538
Sales             6.906   3.929   3.043   2.525   2.149   1.858   1.984
Secretaries       0.525   0.353   0.168   0.155   0.296   0.361   0.462
Info.Clerks       2.587   1.122   0.653   0.562   0.477   0.514   0.491
Records           2.100   1.530   0.598   0.526   0.556   0.653   0.662
FinancialClerk    2.018   1.218   0.655   0.501   0.436   0.562   0.692
OfficeMachine     1.624   0.997   0.742   0.862   0.506   0.641   0.580
ComputerTech      1.048   1.137   0.865   0.844   0.866   0.937   0.503
Mail              2.454   1.072   1.040   0.863   0.944   1.078   1.063
Clerks            3.374   3.412   1.784   1.570   1.551   1.313   1.396
Insurance         7.428   2.466   0.888   0.694   0.668   0.684   0.704
Misc.Admin        2.196   0.937   0.527   0.528   0.518   0.617   0.719
PrivateHshld      0.578   0.492   0.465   0.412   0.351   0.322   0.349
Firefighting        NaN     NaN  11.749   8.129   6.068  12.190   9.476
Police              NaN   8.282   3.617   1.709   1.782   1.812   2.085
Guards            8.851   4.012   1.981   1.388   1.160   1.173   0.948
FoodPrep          1.045   0.992   1.084   1.201   1.341   1.375   1.185
HealthService     0.446   0.333   0.387   0.368   0.283   0.301   0.304
Cleaning          1.305   3.040   2.007   1.913   1.930   1.832   2.123
PersonalService   0.921   1.259   0.868   0.735   0.612   0.643   0.612
FarmMgrs         46.551  10.835  23.038  19.061     NaN  10.879   9.378
FarmWork          3.819   2.717   3.570   3.820   4.217   7.125   3.114
Agriculture         NaN   9.783   5.091   5.250   4.994   4.782   3.629
Forest              NaN   4.110   7.300   6.076   3.888     NaN   9.485
Mechanics           NaN  25.592   8.661   6.897   6.803   6.834   8.981
Elec.Repairer       NaN  23.969   3.956   3.470   3.206   4.683   5.740
Misc.Repairer    11.535   8.016   5.980   5.561   4.519   6.117   9.693
Construction     16.728  31.222   9.854   8.122   8.791   9.370   6.631
Extractive          NaN   9.660  14.266   6.627     NaN  12.999   7.491
Supervisor(P)    16.640   7.608   3.944   4.112   2.844   3.245   2.755
MetalWork           NaN  11.232   5.937   5.768   4.699   6.591  10.039
WoodWork            NaN   4.631   4.758   5.278   5.913   6.701   7.287
Textiles          0.958   2.405   1.250   1.220   2.924   2.907   1.718
Other             4.630   3.108   2.459   2.110   0.927   0.642   0.691
Food             11.647   4.341   3.167   2.108   1.695   1.498   1.433
PlantOperator       NaN     NaN   5.209   6.697   9.417   6.854   4.684
MetalMach.          NaN   3.680   2.842   3.457   2.714   4.625   5.733
MetalProc.          NaN   9.047   2.572   3.409   2.797   2.746   1.741
WoodMach.           NaN   7.744   2.861   3.588   2.119   2.648   2.829
TextileMach.        NaN   4.756   3.340   2.926   2.942   2.397   1.936
PrintMach.        0.850   0.718   0.478   0.611   0.870   1.240   1.042
OtherMach.        2.932   2.128   1.965   2.110   1.803   2.087   1.903
Fabricators       3.317   1.955   1.761   1.822   1.686   2.209   2.006
Prod.Inspectors   3.627   2.167   1.420   1.519   1.503   2.242   1.804
MotorVehicle     10.843   6.660   4.564   3.771   3.001   2.635   2.131
OtherVehicle     11.244  10.473   5.905   5.501   4.437   7.545   4.213
Freight           5.550   3.378   2.073   2.133   1.890   2.099   1.502
 
Mean             5.860   5.160   3.341   2.883   2.334   2.843   2.713
Std Dev          7.719   5.850   3.671   2.883   1.951   2.916   2.713
Mean(weighted)   6.684   5.806   3.359   2.762   2.342   2.536   2.435
Std Dev(wghtd)   6.666   7.249   3.118   2.529   1.918   2.412   2.228
 
--------------
    TauW      
--------------
 
                   1960    1970    1980    1990    2000    2010
---------------------------------------------------------------
Home              0.000   0.000   0.000   0.000   0.000   0.000   0.000
Managers          0.711   0.563   0.511   0.462   0.487   0.436   0.474
MgmtRelated       0.612   0.509   0.388   0.346   0.349   0.367   0.420
Architects        0.497   0.497   0.497   0.577   0.608   0.620   0.657
Engineers         0.597   0.597   0.597   0.579   0.621   0.646   0.678
Math/CompSci      0.568   0.568   0.476   0.342   0.309   0.282   0.304
Science           0.531   0.531   0.608   0.554   0.600   0.506   0.492
Doctors           0.748   0.466   0.468   0.380   0.447   0.418   0.535
Nurses            0.031  -0.167  -0.484  -0.639  -0.714  -0.712  -0.666
Therapists        0.221   0.233   0.078   0.062   0.120  -0.024   0.093
Professors        0.522   0.570   0.511   0.525   0.430   0.366   0.285
Teachers          0.092   0.097   0.081   0.012  -0.017  -0.025  -0.085
Librarians       -0.189  -0.594  -1.034  -1.010  -1.056  -1.136  -1.026
Soc.Scientists    0.443   0.603   0.575   0.496   0.414   0.359   0.298
SocialWork        0.219   0.150   0.044  -0.207  -0.269  -0.278  -0.267
Lawyers           0.698   0.550   0.757   0.683   0.590   0.577   0.496
Arts/Athletes     0.493   0.638   0.676   0.592   0.597   0.581   0.434
HealthTechs      -0.078  -0.360  -0.690  -0.713  -0.662  -0.644  -0.345
Eng.Techs         0.641   0.641   0.579   0.499   0.446   0.484   0.564
ScienceTechs      0.672   0.544   0.392   0.382   0.336   0.327   0.263
OtherTechs        0.514   0.514   0.572   0.574   0.602   0.631   0.699
Sales             0.619   0.592   0.550   0.542   0.569   0.544   0.572
Secretaries      -0.615  -1.400  -4.030  -4.473  -4.147  -4.106  -3.652
Info.Clerks       0.378   0.080  -0.296  -0.508  -0.776  -0.761  -0.726
Records           0.310   0.380  -0.416  -0.611  -0.677  -0.714  -0.594
FinancialClerk    0.296   0.258  -0.293  -0.690  -0.945  -0.793  -0.708
OfficeMachine     0.215   0.150  -0.256  -0.394  -0.813  -1.017  -0.799
ComputerTech      0.023  -0.039  -0.046  -0.199  -0.156  -0.006  -0.683
Mail              0.362   0.162   0.127   0.018   0.063   0.078   0.132
Clerks            0.456   0.336   0.177   0.057   0.083   0.002   0.150
Insurance         0.633   0.656   0.046  -0.220  -0.269  -0.296  -0.203
Misc.Admin        0.325   0.096  -0.607  -0.603  -0.710  -0.692  -0.360
PrivateHshld     -0.465  -0.721  -1.905  -2.242  -3.186  -3.392  -3.894
Firefighting      0.708   0.708   0.708   0.683   0.556   0.391   0.325
Police            0.653   0.653   0.329   0.165   0.192   0.228   0.267
Guards            0.664   0.487   0.284   0.179   0.110   0.091   0.107
FoodPrep          0.022  -0.071  -0.492  -0.618  -0.747  -0.856  -0.929
HealthService    -0.898  -1.547  -2.064  -1.920  -2.558  -2.420  -2.558
Cleaning          0.125   0.140  -0.288  -0.393  -0.515  -0.533  -0.455
PersonalService  -0.042  -0.448  -1.103  -1.265  -1.224  -1.155  -1.044
FarmMgrs          0.853   0.428   0.482   0.098   0.333   0.697   0.673
FarmWork          0.488   0.425   0.184   0.030   0.015   0.116   0.185
Agriculture       0.680   0.680   0.557   0.496   0.435   0.371   0.414
Forest            0.507   0.507   0.615   0.552   0.491   0.610   0.675
Mechanics         0.802   0.802   0.671   0.400   0.367   0.301   0.255
Elec.Repairer     0.796   0.796   0.644   0.532   0.445   0.415   0.544
Misc.Repairer     0.706   0.760   0.759   0.690   0.642   0.607   0.626
Construction      0.755   0.821   0.701   0.659   0.638   0.642   0.599
Extractive        0.678   0.678   0.735   0.465   0.486   0.723   0.702
Supervisor(P)     0.755   0.771   0.659   0.631   0.559   0.549   0.490
MetalWork         0.702   0.702   0.712   0.628   0.637   0.675   0.663
WoodWork          0.535   0.535   0.325   0.267   0.158  -0.034   0.630
Textiles         -0.021   0.015  -0.232  -0.417  -0.694  -1.289  -1.366
Other             0.535   0.242   0.268   0.237  -0.154  -0.338  -0.364
Food              0.707   0.515   0.479   0.339   0.215   0.147   0.012
PlantOperator     0.562   0.562   0.562   0.485   0.352   0.208   0.324
MetalMach.        0.479   0.479   0.347   0.180   0.070  -0.030  -0.137
MetalProc.        0.668   0.668   0.525   0.478   0.446   0.419   0.466
WoodMach.         0.641   0.641   0.406   0.390   0.119   0.096   0.083
TextileMach.      0.541   0.541   0.505   0.389   0.409   0.344   0.294
PrintMach.       -0.084  -0.360  -0.774  -0.637  -0.807  -0.799  -0.910
OtherMach.        0.416   0.381   0.279   0.201   0.102   0.085   0.044
Fabricators       0.451   0.364   0.267   0.134   0.065   0.044  -0.033
Prod.Inspectors   0.475   0.481   0.339   0.350   0.320   0.345   0.218
MotorVehicle      0.696   0.718   0.638   0.512   0.450   0.386   0.380
OtherVehicle      0.702   0.691   0.535   0.403   0.280   0.191   0.034
Freight           0.576   0.519   0.323   0.247   0.146   0.109   0.067
 
Mean             0.417   0.328   0.113   0.011  -0.065  -0.090  -0.077
Std Dev          0.351   0.470   0.782   0.818   0.873   0.887   0.891
Mean(weighted)   0.506   0.413   0.229   0.143   0.121   0.106   0.130
Std Dev(wghtd)   0.320   0.432   0.795   0.848   0.846   0.835   0.791
 
-------------------------
    WageGrowthRelative      
-------------------------
 
                   1960    1970    1980    1990    2000    2010
---------------------------------------------------------------
Home                NaN     NaN     NaN     NaN     NaN     NaN     NaN
Managers          1.513   1.119   1.101   0.953   1.101   0.932     NaN
MgmtRelated       1.266   1.246   1.068   0.967   0.967   0.906     NaN
Architects          NaN     NaN     NaN   0.928   0.968   0.873     NaN
Engineers           NaN     NaN   1.046   0.901   0.934   0.909     NaN
Math/CompSci        NaN   1.213   1.256   1.049   1.039   0.970     NaN
Science             NaN   0.836   1.137   0.897   1.120   0.968     NaN
Doctors           2.117   0.997   1.164   0.892   1.053   0.798     NaN
Nurses            1.204   1.272   1.104   1.046   0.999   0.973     NaN
Therapists        0.985   1.202   1.017   0.939   0.897   0.886     NaN
Professors        0.898   1.137   0.972   1.107   0.962   0.889     NaN
Teachers          0.995   1.018   1.075   0.996   0.933   0.986     NaN
Librarians        1.340   1.276   0.988   1.023   1.039   0.948     NaN
Soc.Scientists      NaN   1.071   1.112   1.022   0.841   1.024     NaN
SocialWork        1.089   1.106   1.098   0.949   0.984   0.992     NaN
Lawyers             NaN   0.541   1.152   0.850   0.935   0.901     NaN
Arts/Athletes     0.714   0.896   1.131   0.967   0.989   1.001     NaN
HealthTechs       1.262   1.242   1.013   0.970   0.989   0.818     NaN
Eng.Techs           NaN   1.172   1.190   1.106   0.931   0.845     NaN
ScienceTechs        NaN   1.332   1.017   1.074   1.014   1.095     NaN
OtherTechs          NaN   0.882   0.995   0.920   0.927   0.816     NaN
Sales             1.072   1.104   1.017   0.941   0.966   0.938     NaN
Secretaries       1.016   1.153   1.067   0.941   0.992   0.911     NaN
Info.Clerks       1.480   1.131   1.090   1.011   0.992   0.884     NaN
Records           0.898   1.559   1.125   1.041   1.022   0.930     NaN
FinancialClerk    1.053   1.256   1.134   1.051   0.922   0.953     NaN
OfficeMachine     0.771   1.478   1.110   1.301   1.113   0.892     NaN
ComputerTech      1.063   1.007   1.146   0.964   0.870   0.921     NaN
Mail              1.312   1.042   1.014   0.955   0.984   0.941     NaN
Clerks            1.220   1.238   1.146   0.972   1.088   0.852     NaN
Insurance         0.873   1.696   1.015   0.996   1.021   0.824     NaN
Misc.Admin        1.245   1.207   0.980   1.067   0.989   0.804     NaN
PrivateHshld      1.159   1.688   1.116   1.291   1.049   1.114     NaN
Firefighting        NaN     NaN   1.087   1.401   1.370   1.109     NaN
Police              NaN   1.930   1.245   0.968   0.956   0.949     NaN
Guards            1.526   1.396   1.147   1.085   1.021   0.968     NaN
FoodPrep          1.095   1.393   1.085   1.079   1.063   1.039     NaN
HealthService     1.201   1.203   0.953   1.219   0.961   1.040     NaN
Cleaning          0.983   1.497   1.082   1.088   1.011   0.949     NaN
PersonalService   1.390   1.452   1.077   0.982   0.969   0.948     NaN
FarmMgrs          3.905   0.904   1.743   0.740     NaN     NaN     NaN
FarmWork          1.123   1.420   1.189   1.015   0.897   0.922     NaN
Agriculture         NaN     NaN   1.137   1.121   1.114   0.932     NaN
Forest              NaN   0.780   1.165   1.135   0.768     NaN     NaN
Mechanics           NaN   1.667   1.821   1.056   1.103   1.067     NaN
Elec.Repairer       NaN   1.743   1.313   1.186   1.056   0.779     NaN
Misc.Repairer     0.814   1.004   1.286   1.156   1.099   0.950     NaN
Construction        NaN   1.673   1.139   1.063   0.989   1.119     NaN
Extractive          NaN     NaN   2.019   0.961     NaN   1.073     NaN
Supervisor(P)     0.935   1.487   1.083   1.195   1.022   1.133     NaN
MetalWork           NaN   0.966   1.293   0.976   0.895   1.035     NaN
WoodWork            NaN   1.452   1.087   1.148   1.228     NaN     NaN
Textiles          0.964   1.250   1.150   1.196   1.351   1.034     NaN
Other             1.631   0.966   1.042   1.512   1.159   1.020     NaN
Food              1.655   1.074   1.268   1.188   1.087   1.158     NaN
PlantOperator       NaN     NaN   1.175   1.259   1.222   0.854     NaN
MetalMach.          NaN   1.253   1.255   1.134   1.107   1.103     NaN
MetalProc.          NaN   1.429   1.100   1.060   1.049   0.919     NaN
WoodMach.           NaN   1.653   1.027   1.444   1.026   1.015     NaN
TextileMach.        NaN   1.080   1.234   0.968   1.110   1.076     NaN
PrintMach.        1.254   1.235   0.923   1.104   0.995   1.062     NaN
OtherMach.        1.060   1.164   1.107   1.124   1.019   1.045     NaN
Fabricators       1.159   1.152   1.182   1.080   1.023   1.080     NaN
Prod.Inspectors   0.989   1.274   0.983   1.046   0.963   1.195     NaN
MotorVehicle      0.929   1.283   1.350   1.125   1.117   1.010     NaN
OtherVehicle        NaN   1.506   1.283   1.205   1.123   1.195     NaN
Freight           1.132   1.410   1.111   1.134   1.044   1.047     NaN
 
Mean             1.227   1.247   1.150   1.064   1.024   0.973     NaN
Std Dev          0.507   0.264   0.185   0.137   0.104   0.100   0.000
Mean(weighted)   0.957   1.159   1.127   1.011   1.004   0.948   0.000
Std Dev(wghtd)   0.415   0.237   0.152   0.099   0.073   0.088     NaN
 
--------------
    TauH      
--------------
 
                   1940    1950    1960    1970    1980    1990    2000    2010    2023
---------------------------------------------------------------------------------------
Home              0.000   0.000   0.000   0.000   0.000   0.000   0.000   0.000   0.000
Managers          0.000   0.000172942.669 487.889  51.964   7.061   2.061   0.216  -0.707
MgmtRelated       0.000   0.0009772.6321206.240   0.662  -0.670  -0.800  -0.800  -0.800
Architects        0.000   0.000 785.045 785.045 785.0454262.451 214.427   0.091  -0.800
Engineers         0.000   0.0006857.2766857.2766857.276 249.639   4.549   4.533  19.467
Math/CompSci      0.000   0.0003459.4843459.484   5.536  14.882  33.935  38.601   7.912
Science           0.000   0.0001555.5441555.544  40.407   0.882  -0.544  -0.800  -0.800
Doctors           0.000   0.000642293.80724330474.69911321.596 387.294   7.410   0.124  -0.753
Nurses            0.000   0.000   0.355  -0.396   0.520  -0.423   0.159  -0.334   0.235
Therapists        0.000   0.000  10.362  17.484   4.896  -0.749  -0.332  -0.800   0.175
Professors        0.000   0.0001291.086  61.998  -0.694   0.158  -0.800  -0.800  -0.800
Teachers          0.000   0.000   1.561   0.272  -0.514  -0.733  -0.800  -0.800  -0.800
Librarians        0.000   0.000  -0.8001069.036 198.681 189.5371230.580 746.2673186.723
Soc.Scientists    0.000   0.000 291.8827916.832  -0.524  -0.800  -0.800  -0.800  -0.800
SocialWork        0.000   0.000  10.079   1.592  -0.800  -0.800  -0.800  -0.800  -0.513
Lawyers           0.000   0.000112783.4962320.185  -0.752  -0.800  -0.800  -0.800  -0.800
Arts/Athletes     0.000   0.000 729.905  10.808  -0.763  -0.800  -0.800  -0.800  -0.800
HealthTechs       0.000   0.000  -0.519  -0.637   1.406   3.042   6.032   1.094   0.825
Eng.Techs         0.000   0.00020868.91920868.919  26.746 243.843  40.667  20.800   0.743
ScienceTechs      0.000   0.00050390.6482029.814   8.442  18.013   3.440  -0.567  -0.609
OtherTechs        0.000   0.0001104.1061104.106  -0.310  -0.779  -0.800  -0.726   0.840
Sales             0.000   0.00011851.551  96.721  20.391   3.121  -0.520  -0.800  -0.798
Secretaries       0.000   0.000  -0.800  -0.800  -0.800  -0.800  59.361 375.1701696.489
Info.Clerks       0.000   0.000  99.832   0.361  -0.800  -0.800  -0.800  -0.619  -0.800
Records           0.000   0.000  35.629  -0.405  -0.800  -0.800  -0.492   1.967   0.689
FinancialClerk    0.000   0.000  29.191  -0.629  -0.800  -0.800  -0.800   0.070   4.035
OfficeMachine     0.000   0.000   9.527  -0.800  -0.494   4.957  -0.569  11.197   0.508
ComputerTech      0.000   0.000   0.253   4.022  -0.623   0.118   0.015  -0.434  -0.800
Mail              0.000   0.000  77.056  -0.649  -0.607  -0.800  -0.694  -0.052  -0.545
Clerks            0.000   0.000 365.2552826.761  40.539  44.059  29.630  12.723   4.288
Insurance         0.000   0.00016890.673  -0.800  -0.800  -0.800  -0.800  -0.689  -0.800
Misc.Admin        0.000   0.000  44.575  -0.800  -0.800  -0.800  -0.692   0.510  -0.189
PrivateHshld      0.000   0.000  -0.800  -0.800  17.414  15.545  40.632  28.053 181.050
Firefighting      0.000   0.000156395.152156395.152156395.1529834.55815224.463282216405.42166509937.735
Police            0.000   0.00028637.82228637.8225436.805  30.665  33.371  25.079  60.330
Guards            0.000   0.00039535.2121100.474  28.753   2.541   0.374   0.861  -0.800
FoodPrep          0.000   0.000   0.239   0.805 105.527 632.9553896.0848948.7393059.393
HealthService     0.000   0.000  -0.800  -0.800   4.198   0.993   0.084   0.345   1.158
Cleaning          0.000   0.000   2.64111304.10410080.20613563.45633447.96622585.33456906.321
PersonalService   0.000   0.000  -0.330 340.017 344.453 140.225  19.058  22.839   7.781
FarmMgrs          0.000   0.000124946808.73949467677.65128203440880.229985828940871.421492914524258.458107645.49652358.946
FarmWork          0.000   0.000 667.126  74.65532319.622334018.0181007953.58457158291.5448428.936
Agriculture       0.000   0.00064271.70864271.7082698.26912611.98023471.18543849.3121511.791
Forest            0.000   0.000 953.917 953.91722567.60716800.768 748.70128037.50055326.299
Mechanics         0.000   0.0006846770.2196846770.21926359.927972090.9061441935.8843920292.566103977729.219
Elec.Repairer     0.000   0.0004981579.4474981579.447  26.848 108.779 266.02917883.08911358.248
Misc.Repairer     0.000   0.000143017.829 565.776  33.350 194.395 105.3645030.177267418.534
Construction      0.000   0.000869011.40017975930.12736489.14919682.95376675.558127496.07413280.004
Extractive        0.000   0.00060456.71460456.714401310.808215681.383235584.742255488.1002399.344
Supervisor(P)     0.000   0.000847038.239 219.287  16.613  56.323   8.013  38.951  26.354
MetalWork         0.000   0.000125670.468125670.468 182.4101675.685 179.9421648.788136643.368
WoodWork          0.000   0.0001703.1851703.18582968.311508863.4485844863.115144548419.50515384.637
Textiles          0.000   0.000  -0.1864333.129  65.124 202.1795587204.76298041344.857819661.459
Other             0.000   0.0001700.6454097.240 300.584 101.436   0.921  -0.771  -0.436
Food              0.000   0.000149914.9381377.822 127.695  23.929  14.978   9.875  28.363
PlantOperator     0.000   0.0003015.4103015.4103015.410165821.83442533128.57713631606.60772708.025
MetalMach.        0.000   0.000 557.070 557.070 405.60624743.2608032.0663826892.81880088455.576
MetalProc.        0.000   0.00043967.02843967.028   5.993 270.068  69.008  92.006  -0.510
WoodMach.         0.000   0.00020670.36520670.365 171.8022017.640 428.2434785.60810447.253
TextileMach.      0.000   0.0001937.4621937.462 131.242 279.560 213.842  80.310  19.785
PrintMach.        0.000   0.000  -0.545  -0.208  -0.800  -0.001  80.2442403.963 798.479
OtherMach.        0.000   0.000 184.185  13.586  28.450 157.479 106.355 531.865 332.585
Fabricators       0.000   0.000 336.045   7.329  10.860  82.812  81.8481419.6801176.798
Prod.Inspectors   0.000   0.000 519.377   2.132  -0.458  -0.117   0.234  40.700  27.345
MotorVehicle      0.000   0.000105920.983 453.488 129.409 374.959 127.853 106.163  14.006
OtherVehicle      0.000   0.000126320.24189478.35118336.462103982.67678916.52542206979.467831888.718
Freight           0.000   0.0004103.075 109.442  26.078  98.056 103.431 437.249  25.427
 
Mean             0.000   0.0002098898.7241556370.429420959110.03514713900752.9807357782370.7639644478.6583775261.366
Std Dev          0.000   0.00015270437.6417040594.6563445597184.761120438169476.45460218988459.00740673275.26717707918.861
Mean(weighted)     NaN     NaN1604145.7772158207.045294152228.70710281714758.4185141049456.6312122581.5822733190.052
Std Dev(wghtd)     NaN     NaN12708142.9007206712.1852865212711.516100151256012.18650075613877.80719255854.06216033870.396
 
--------------------
    1/(1-TauW)      
--------------------
 
                   1960    1970    1980    1990    2000    2010
---------------------------------------------------------------
Home              1.000   1.000   1.000   1.000   1.000   1.000   1.000
Managers          3.463   2.289   2.046   1.859   1.950   1.772   1.902
MgmtRelated       2.576   2.035   1.633   1.528   1.536   1.581   1.725
Architects        1.987   1.987   1.987   2.365   2.548   2.631   2.918
Engineers         2.484   2.484   2.484   2.376   2.637   2.822   3.103
Math/CompSci      2.315   2.315   1.908   1.519   1.447   1.393   1.436
Science           2.132   2.132   2.550   2.243   2.500   2.023   1.970
Doctors           3.965   1.873   1.878   1.613   1.809   1.719   2.153
Nurses            1.032   0.857   0.674   0.610   0.583   0.584   0.600
Therapists        1.284   1.304   1.085   1.067   1.136   0.977   1.103
Professors        2.092   2.328   2.047   2.106   1.754   1.577   1.399
Teachers          1.102   1.107   1.088   1.012   0.983   0.976   0.922
Librarians        0.841   0.627   0.492   0.497   0.486   0.468   0.494
Soc.Scientists    1.795   2.521   2.354   1.986   1.705   1.560   1.425
SocialWork        1.281   1.176   1.046   0.829   0.788   0.783   0.789
Lawyers           3.314   2.222   4.110   3.150   2.437   2.362   1.985
Arts/Athletes     1.972   2.764   3.086   2.453   2.482   2.385   1.766
HealthTechs       0.927   0.735   0.592   0.584   0.602   0.608   0.744
Eng.Techs         2.786   2.786   2.376   1.996   1.806   1.939   2.294
ScienceTechs      3.050   2.191   1.645   1.617   1.506   1.485   1.356
OtherTechs        2.058   2.058   2.334   2.347   2.513   2.711   3.323
Sales             2.628   2.451   2.220   2.182   2.318   2.193   2.339
Secretaries       0.619   0.417   0.199   0.183   0.194   0.196   0.215
Info.Clerks       1.608   1.087   0.771   0.663   0.563   0.568   0.579
Records           1.449   1.614   0.706   0.621   0.596   0.584   0.627
FinancialClerk    1.420   1.349   0.773   0.592   0.514   0.558   0.585
OfficeMachine     1.274   1.177   0.796   0.718   0.552   0.496   0.556
ComputerTech      1.023   0.963   0.956   0.834   0.865   0.994   0.594
Mail              1.566   1.194   1.145   1.019   1.067   1.084   1.152
Clerks            1.837   1.505   1.215   1.060   1.091   1.002   1.176
Insurance         2.726   2.910   1.049   0.819   0.788   0.772   0.831
Misc.Admin        1.482   1.106   0.622   0.624   0.585   0.591   0.735
PrivateHshld      0.682   0.581   0.344   0.308   0.239   0.228   0.204
Firefighting      3.428   3.428   3.428   3.154   2.250   1.643   1.482
Police            2.878   2.878   1.491   1.198   1.238   1.295   1.365
Guards            2.975   1.950   1.397   1.218   1.123   1.100   1.119
FoodPrep          1.022   0.934   0.670   0.618   0.572   0.539   0.518
HealthService     0.527   0.393   0.326   0.342   0.281   0.292   0.281
Cleaning          1.142   1.162   0.777   0.718   0.660   0.652   0.687
PersonalService   0.960   0.690   0.476   0.442   0.450   0.464   0.489
FarmMgrs          6.823   1.747   1.932   1.109   1.499   3.298   3.062
FarmWork          1.954   1.740   1.225   1.031   1.015   1.132   1.227
Agriculture       3.128   3.128   2.256   1.985   1.771   1.590   1.707
Forest            2.027   2.027   2.600   2.231   1.966   2.561   3.080
Mechanics         5.059   5.059   3.035   1.667   1.579   1.431   1.341
Elec.Repairer     4.896   4.896   2.808   2.139   1.803   1.708   2.194
Misc.Repairer     3.396   4.172   4.154   3.230   2.794   2.542   2.676
Construction      4.090   5.588   3.340   2.933   2.760   2.792   2.494
Extractive        3.108   3.108   3.777   1.870   1.946   3.605   3.360
Supervisor(P)     4.079   4.365   2.935   2.710   2.268   2.219   1.959
MetalWork         3.351   3.351   3.471   2.685   2.751   3.073   2.970
WoodWork          2.152   2.152   1.482   1.364   1.188   0.968   2.699
Textiles          0.979   1.015   0.812   0.706   0.590   0.437   0.423
Other             2.152   1.319   1.366   1.310   0.867   0.747   0.733
Food              3.413   2.062   1.920   1.514   1.274   1.172   1.012
PlantOperator     2.282   2.282   2.282   1.942   1.542   1.262   1.479
MetalMach.        1.918   1.918   1.531   1.219   1.075   0.971   0.880
MetalProc.        3.008   3.008   2.105   1.914   1.806   1.722   1.874
WoodMach.         2.783   2.783   1.683   1.638   1.135   1.106   1.091
TextileMach.      2.181   2.181   2.020   1.637   1.692   1.524   1.417
PrintMach.        0.922   0.735   0.564   0.611   0.553   0.556   0.524
OtherMach.        1.712   1.615   1.387   1.252   1.114   1.093   1.046
Fabricators       1.821   1.572   1.365   1.155   1.070   1.046   0.968
Prod.Inspectors   1.904   1.926   1.512   1.539   1.471   1.527   1.278
MotorVehicle      3.293   3.546   2.763   2.047   1.819   1.628   1.612
OtherVehicle      3.353   3.236   2.148   1.674   1.389   1.237   1.035
Freight           2.356   2.081   1.476   1.328   1.171   1.122   1.072
 
Mean             2.281   2.077   1.727   1.470   1.374   1.383   1.420
Std Dev          1.186   1.123   0.967   0.765   0.714   0.802   0.839
Mean(weighted)   2.633   2.324   1.921   1.676   1.646   1.610   1.650
Std Dev(wghtd)   1.143   1.191   0.884   0.729   0.709   0.728   0.750
eta = 0.1030
 
----------------------
    (1+tauh)^eta      
----------------------
 
                   1940    1950    1960    1970    1980    1990    2000    2010    2023
---------------------------------------------------------------------------------------
Home              1.000   1.000   1.000   1.000   1.000   1.000   1.000   1.000   1.000
Managers          1.000   1.000   3.463   1.892   1.505   1.240   1.122   1.020   0.881
MgmtRelated       1.000   1.000   2.576   2.077   1.054   0.892   0.847   0.847   0.847
Architects        1.000   1.000   1.987   1.987   1.987   2.365   1.739   1.009   0.847
Engineers         1.000   1.000   2.484   2.484   2.484   1.766   1.193   1.193   1.365
Math/CompSci      1.000   1.000   2.315   2.315   1.213   1.330   1.442   1.461   1.253
Science           1.000   1.000   2.132   2.132   1.467   1.067   0.922   0.847   0.847
Doctors           1.000   1.000   3.965   5.765   2.616   1.848   1.245   1.012   0.866
Nurses            1.000   1.000   1.032   0.949   1.044   0.945   1.015   0.959   1.022
Therapists        1.000   1.000   1.284   1.350   1.201   0.867   0.959   0.847   1.017
Professors        1.000   1.000   2.092   1.532   0.885   1.015   0.847   0.847   0.847
Teachers          1.000   1.000   1.102   1.025   0.928   0.873   0.847   0.847   0.847
Librarians        1.000   1.000   0.847   2.051   1.726   1.717   2.081   1.977   2.295
Soc.Scientists    1.000   1.000   1.795   2.521   0.926   0.847   0.847   0.847   0.847
SocialWork        1.000   1.000   1.281   1.103   0.847   0.847   0.847   0.847   0.929
Lawyers           1.000   1.000   3.314   2.222   0.866   0.847   0.847   0.847   0.847
Arts/Athletes     1.000   1.000   1.972   1.290   0.862   0.847   0.847   0.847   0.847
HealthTechs       1.000   1.000   0.927   0.901   1.095   1.155   1.222   1.079   1.064
Eng.Techs         1.000   1.000   2.786   2.786   1.408   1.762   1.468   1.374   1.059
ScienceTechs      1.000   1.000   3.050   2.191   1.260   1.354   1.166   0.917   0.908
OtherTechs        1.000   1.000   2.058   2.058   0.963   0.856   0.847   0.875   1.065
Sales             1.000   1.000   2.628   1.603   1.371   1.157   0.927   0.847   0.848
Secretaries       1.000   1.000   0.847   0.847   0.847   0.847   1.526   1.842   2.151
Info.Clerks       1.000   1.000   1.608   1.032   0.847   0.847   0.847   0.905   0.847
Records           1.000   1.000   1.449   0.948   0.847   0.847   0.933   1.119   1.055
FinancialClerk    1.000   1.000   1.420   0.903   0.847   0.847   0.847   1.007   1.181
OfficeMachine     1.000   1.000   1.274   0.847   0.932   1.202   0.917   1.294   1.043
ComputerTech      1.000   1.000   1.023   1.181   0.904   1.012   1.002   0.943   0.847
Mail              1.000   1.000   1.566   0.898   0.908   0.847   0.885   0.994   0.922
Clerks            1.000   1.000   1.837   2.267   1.468   1.480   1.423   1.310   1.187
Insurance         1.000   1.000   2.726   0.847   0.847   0.847   0.847   0.887   0.847
Misc.Admin        1.000   1.000   1.482   0.847   0.847   0.847   0.886   1.043   0.979
PrivateHshld      1.000   1.000   0.847   0.847   1.350   1.335   1.468   1.415   1.709
Firefighting      1.000   1.000   3.428   3.428   3.428   2.578   2.697   7.420   6.394
Police            1.000   1.000   2.878   2.878   2.425   1.427   1.440   1.399   1.528
Guards            1.000   1.000   2.975   2.057   1.418   1.139   1.033   1.066   0.847
FoodPrep          1.000   1.000   1.022   1.063   1.617   1.944   2.343   2.553   2.286
HealthService     1.000   1.000   0.847   0.847   1.185   1.074   1.008   1.031   1.082
Cleaning          1.000   1.000   1.142   2.615   2.584   2.665   2.924   2.808   3.089
PersonalService   1.000   1.000   0.960   1.823   1.826   1.665   1.362   1.386   1.251
FarmMgrs          1.000   1.000   6.823   6.202  11.923  17.193  16.009   3.298   3.062
FarmWork          1.000   1.000   1.954   1.561   2.914   3.706   4.153   6.295   2.537
Agriculture       1.000   1.000   3.128   3.128   2.256   2.645   2.819   3.007   2.126
Forest            1.000   1.000   2.027   2.027   2.808   2.724   1.977   2.872   3.080
Mechanics         1.000   1.000   5.059   5.059   2.853   4.137   4.309   4.777   6.695
Elec.Repairer     1.000   1.000   4.896   4.896   1.409   1.622   1.778   2.742   2.616
Misc.Repairer     1.000   1.000   3.396   1.921   1.439   1.722   1.617   2.406   3.622
Construction      1.000   1.000   4.090   5.588   2.951   2.769   3.185   3.356   2.659
Extractive        1.000   1.000   3.108   3.108   3.777   3.543   3.575   3.605   2.229
Supervisor(P)     1.000   1.000   4.079   1.743   1.344   1.517   1.254   1.462   1.406
MetalWork         1.000   1.000   3.351   3.351   1.711   2.148   1.708   2.145   3.380
WoodWork          1.000   1.000   2.152   2.152   3.211   3.871   4.977   6.926   2.699
Textiles          1.000   1.000   0.979   2.369   1.540   1.729   4.954   6.654   4.065
Other             1.000   1.000   2.152   2.356   1.800   1.611   1.070   0.859   0.943
Food              1.000   1.000   3.413   2.106   1.649   1.393   1.330   1.279   1.416
PlantOperator     1.000   1.000   2.282   2.282   2.282   3.448   6.106   5.431   3.168
MetalMach.        1.000   1.000   1.918   1.918   1.857   2.835   2.525   4.765   6.517
MetalProc.        1.000   1.000   3.008   3.008   1.222   1.781   1.549   1.595   0.929
WoodMach.         1.000   1.000   2.783   2.783   1.700   2.190   1.867   2.394   2.594
TextileMach.      1.000   1.000   2.181   2.181   1.654   1.787   1.739   1.573   1.367
PrintMach.        1.000   1.000   0.922   0.976   0.847   1.000   1.573   2.230   1.991
OtherMach.        1.000   1.000   1.712   1.318   1.417   1.685   1.619   1.909   1.819
Fabricators       1.000   1.000   1.821   1.244   1.290   1.578   1.576   2.112   2.072
Prod.Inspectors   1.000   1.000   1.904   1.125   0.939   0.987   1.022   1.469   1.411
MotorVehicle      1.000   1.000   3.293   1.878   1.651   1.842   1.649   1.618   1.322
OtherVehicle      1.000   1.000   3.353   3.236   2.749   3.287   3.195   6.101   4.072
Freight           1.000   1.000   2.356   1.623   1.405   1.605   1.614   1.871   1.401
 
Mean             1.000   1.000   2.292   2.098   1.738   1.887   1.932   2.053   1.833
Std Dev          0.000   0.000   1.172   1.218   1.458   2.078   2.080   1.671   1.350
Mean(weighted)     NaN     NaN   2.641   2.153   1.627   1.624   1.576   1.558   1.494
Std Dev(wghtd)     NaN     NaN   1.129   1.324   1.223   1.743   1.695   1.134   1.143
 
--------------------------------------------------
    z -- preference shock by Cohort of birth      
--------------------------------------------------
 
                   1940    1950    1960    1970    1980    1990    2000    2010    2023
---------------------------------------------------------------------------------------
Home              0.000   0.000   1.000   1.000   1.000   1.000   1.000   1.000   1.000
Managers          0.000   0.000   0.781   0.635   0.666   0.638   0.838   0.750   0.712
MgmtRelated       0.000   0.000   0.649   0.698   0.709   0.684   0.895   0.796   0.771
Architects        0.000   0.000   0.578   0.578   0.578   0.613   0.862   0.533   0.751
Engineers         0.000   0.000   0.619   0.619   0.619   0.537   0.724   0.623   0.660
Math/CompSci      0.000   0.000   0.618   0.618   0.644   0.596   0.778   0.699   0.703
Science           0.000   0.000   0.721   0.721   0.814   0.700   1.067   0.921   0.876
Doctors           0.000   0.000   1.608   1.266   0.871   0.757   1.062   0.882   0.920
Nurses            0.000   0.000   1.045   0.931   0.890   0.673   0.843   0.772   0.762
Therapists        0.000   0.000   0.769   0.920   0.788   0.679   0.969   0.873   0.993
Professors        0.000   0.000   1.573   1.340   1.316   1.553   1.712   1.656   1.394
Teachers          0.000   0.000   0.952   0.946   1.003   0.931   1.277   1.124   1.151
Librarians        0.000   0.000   1.129   1.237   1.003   1.069   1.313   1.242   1.217
Soc.Scientists    0.000   0.000   0.919   0.789   0.904   0.848   1.095   0.831   0.796
SocialWork        0.000   0.000   0.856   0.900   0.897   0.812   1.082   0.977   0.974
Lawyers           0.000   0.000   1.160   0.516   0.856   0.757   1.015   0.857   0.813
Arts/Athletes     0.000   0.000   0.620   0.614   0.747   0.660   0.910   0.837   0.846
HealthTechs       0.000   0.000   0.772   0.844   0.804   0.710   0.945   0.772   0.802
Eng.Techs         0.000   0.000   0.618   0.618   0.619   0.616   0.782   0.708   0.745
ScienceTechs      0.000   0.000   0.615   0.763   0.637   0.613   0.843   0.690   0.639
OtherTechs        0.000   0.000   0.548   0.548   0.689   0.620   0.811   0.744   0.754
Sales             0.000   0.000   0.877   0.836   0.816   0.779   1.035   1.034   0.985
Secretaries       0.000   0.000   0.654   0.686   0.753   0.708   0.961   0.931   0.943
Info.Clerks       0.000   0.000   0.783   0.700   0.809   0.782   1.047   0.970   0.983
Records           0.000   0.000   0.802   0.824   0.707   0.735   1.001   0.950   0.919
FinancialClerk    0.000   0.000   0.610   0.684   0.743   0.696   0.924   0.859   0.865
OfficeMachine     0.000   0.000   0.607   0.636   0.722   0.759   0.776   0.867   0.862
ComputerTech      0.000   0.000   0.654   0.724   0.654   0.665   0.978   0.866   0.830
Mail              0.000   0.000   0.484   0.568   0.505   0.523   0.814   0.697   0.881
Clerks            0.000   0.000   0.661   0.698   0.632   0.652   0.901   0.861   0.899
Insurance         0.000   0.000   0.798   0.737   0.723   0.699   0.939   0.893   0.937
Misc.Admin        0.000   0.000   0.673   0.714   0.766   0.771   1.037   0.945   0.920
PrivateHshld      0.000   0.000   0.945   1.080   0.870   0.880   1.155   1.023   1.075
Firefighting      0.000   0.000   0.485   0.485   0.485   0.591   0.760   0.631   0.792
Police            0.000   0.000   0.546   0.546   0.614   0.526   0.778   0.691   0.725
Guards            0.000   0.000   0.628   0.803   0.701   0.664   0.986   0.923   0.866
FoodPrep          0.000   0.000   0.929   0.920   0.905   0.904   1.154   1.138   1.105
HealthService     0.000   0.000   0.739   0.867   0.883   0.862   1.101   1.035   0.986
Cleaning          0.000   0.000   0.666   0.871   0.757   0.801   1.018   0.979   1.012
PersonalService   0.000   0.000   1.199   0.970   0.889   0.845   1.100   1.089   1.073
FarmMgrs          0.000   0.000   2.250   0.925   1.269   0.929   0.972   1.014   0.734
FarmWork          0.000   0.000   1.273   0.939   0.778   0.783   1.031   0.813   0.770
Agriculture       0.000   0.000   0.651   0.651   0.825   0.758   0.895   0.829   1.016
Forest            0.000   0.000   0.667   0.667   0.639   0.624   0.756   0.673   0.589
Mechanics         0.000   0.000   0.726   0.726   0.534   0.530   0.736   0.689   0.707
Elec.Repairer     0.000   0.000   0.782   0.782   0.529   0.499   0.673   0.684   0.634
Misc.Repairer     0.000   0.000   0.606   0.592   0.620   0.616   0.774   0.783   0.840
Construction      0.000   0.000   0.445   1.093   0.604   0.573   0.741   0.679   0.662
Extractive        0.000   0.000   0.557   0.557   0.806   0.509   0.646   0.783   0.407
Supervisor(P)     0.000   0.000   0.555   0.686   0.596   0.619   0.792   0.740   0.753
MetalWork         0.000   0.000   0.499   0.499   0.621   0.587   0.736   0.813   0.699
WoodWork          0.000   0.000   0.649   0.649   0.921   0.827   0.991   1.020   1.805
Textiles          0.000   0.000   0.627   0.736   0.681   0.716   1.158   0.682   0.740
Other             0.000   0.000   0.590   0.652   0.669   0.663   0.943   0.800   0.944
Food              0.000   0.000   0.959   0.859   0.721   0.770   1.006   0.893   0.977
PlantOperator     0.000   0.000   0.554   0.554   0.554   0.613   0.734   0.635   0.442
MetalMach.        0.000   0.000   0.562   0.562   0.593   0.675   0.889   1.001   0.821
MetalProc.        0.000   0.000   0.635   0.635   0.651   0.664   0.875   0.840   0.527
WoodMach.         0.000   0.000   0.748   0.748   0.683   0.733   0.842   0.739   0.696
TextileMach.      0.000   0.000   0.598   0.598   0.717   0.629   0.925   0.873   0.811
PrintMach.        0.000   0.000   0.841   0.728   0.709   0.761   0.972   0.962   0.984
OtherMach.        0.000   0.000   0.631   0.696   0.641   0.691   0.891   0.844   0.823
Fabricators       0.000   0.000   0.585   0.640   0.619   0.648   0.838   0.821   0.814
Prod.Inspectors   0.000   0.000   0.645   0.726   0.642   0.706   0.919   0.945   0.836
MotorVehicle      0.000   0.000   0.404   0.568   0.600   0.643   0.856   0.862   0.815
OtherVehicle      0.000   0.000   0.508   0.745   0.585   0.543   0.645   0.702   0.480
Freight           0.000   0.000   0.680   0.726   0.679   0.717   0.945   0.919   0.963
 
Mean             0.000   0.000   0.763   0.752   0.738   0.715   0.932   0.861   0.854
Std Dev          0.000   0.000   0.300   0.182   0.158   0.157   0.173   0.171   0.210
Mean(weighted)     NaN     NaN   0.767   0.753   0.729   0.697   0.918   0.852   0.834
Std Dev(wghtd)     NaN     NaN   0.276   0.174   0.138   0.128   0.155   0.154   0.152
 
 
H(i,t) --- Total human capital in each occupation
 
                                              1960    1970    1980    1990    2000    2010
------------------------------------------------------------------------------------------
Home                                        0.8383  0.8093  0.8809  0.8663  1.1589  0.9680  0.2359
Executives, Administrative, and Managerial  0.4051  0.4439  0.4813  0.6719  0.7299  0.8365  0.9672
Management Related                          0.1472  0.1508  0.2617  0.3678  0.4465  0.4709  0.5078
Architects                                  0.0231  0.0330  0.0378  0.0511  0.0617  0.0537  0.0761
Engineers                                   0.0986  0.1348  0.1399  0.1515  0.1720  0.1738  0.1830
Math and Computer Science                   0.0160  0.0527  0.0766  0.1218  0.1789  0.2132  0.2723
Natural Science                             0.0447  0.0579  0.0723  0.0939  0.1164  0.1105  0.1354
Doctors                                     0.1236  0.1218  0.1299  0.1990  0.2819  0.2753  0.3074
Health Assessment                           0.1153  0.1341  0.1437  0.2009  0.2183  0.2366  0.2564
Therapists                                  0.0231  0.0318  0.0490  0.0794  0.1002  0.1244  0.1459
Professors                                  0.0501  0.0786  0.1335  0.1792  0.1854  0.1716  0.2227
Teachers          Non-Postsecondary         0.1738  0.1826  0.2743  0.4414  0.3754  0.3530  0.4332
Librarians  and Curators                    0.0433  0.0393  0.0537  0.0755  0.0753  0.0623  0.0848
Social Scientists and Urban Planners        0.0266  0.0445  0.0690  0.1215  0.1049  0.1194  0.1500
Social Work                                 0.0782  0.0904  0.1158  0.1728  0.1648  0.1652  0.1747
Lawyers       and Judges                    0.0649  0.0683  0.1024  0.1598  0.1987  0.1901  0.2373
Arts and Athletes                           0.0925  0.1035  0.1438  0.2067  0.2170  0.2159  0.2596
Health Technicians                          0.0792  0.0851  0.1119  0.1554  0.1599  0.1867  0.2266
Engineering Technicians                     0.0573  0.0895  0.1148  0.1241  0.1251  0.1190  0.1263
Science Technicians                         0.0462  0.0339  0.0512  0.0606  0.0550  0.0528  0.0411
Technicians, Other                          0.0438  0.0574  0.1245  0.1815  0.2175  0.2293  0.2447
Sales, all                                  0.2950  0.3282  0.3904  0.5296  0.5801  0.6569  0.6608
Secretaries                                 0.1965  0.2498  0.2388  0.2613  0.1644  0.1442  0.1065
Info. Clerks                                0.0553  0.0722  0.1077  0.1418  0.1447  0.1410  0.1397
Records Processing, Non-Financial           0.0699  0.1103  0.1173  0.1159  0.1009  0.0949  0.0859
Financial Records Processing                0.1553  0.2223  0.1943  0.1997  0.1922  0.1756  0.1416
Office Machine Operator                     0.0626  0.0482  0.0256  0.0255  0.0640  0.0598  0.0234
Computer/Communications Equip. Operator     0.0863  0.0620  0.1025  0.1085  0.0723  0.0580  0.0267
Mail Distribution                           0.0945  0.1300  0.1123  0.1487  0.1656  0.1520  0.1200
Scheduling and Distributing Clerks          0.1090  0.1335  0.1642  0.1995  0.2200  0.2198  0.2209
Adjusters and Investigators                 0.0319  0.0892  0.0967  0.1418  0.2200  0.2390  0.2608
Misc. Admin Support                         0.2348  0.2386  0.2282  0.2565  0.2101  0.1976  0.1977
Private Household Occupations               0.1215  0.1496  0.0955  0.0938  0.0998  0.1306  0.0647
Firefighting                                0.0445  0.0535  0.0592  0.0661  0.0714  0.0755  0.0922
Police                                      0.0628  0.0704  0.0954  0.1291  0.1411  0.1793  0.1821
Guards                                      0.0632  0.0792  0.0877  0.1074  0.1116  0.1185  0.1249
Food Prep    and Service                    0.2315  0.2187  0.1676  0.1547  0.1544  0.1715  0.1623
Health Service                              0.1112  0.1333  0.1361  0.1769  0.1830  0.2233  0.2088
Cleaning and Building Service               0.1245  0.1379  0.1495  0.1621  0.1602  0.1860  0.1292
Personal Service                            0.1956  0.1881  0.1626  0.1871  0.2087  0.2154  0.2021
Farm Managers                               0.2526  0.1934  0.1751  0.1441  0.1359  0.1190  0.1052
Farm Work                                   0.1437  0.0987  0.0844  0.0691  0.0615  0.0716  0.0496
Related Agriculture                         0.0455  0.0573  0.0607  0.0791  0.0992  0.1241  0.1107
Forest, Logging, Fishers and Hunter         0.0548  0.0387  0.0469  0.0502  0.0549  0.0526  0.0437
Mechanics                                   0.1155  0.1623  0.1698  0.1718  0.1938  0.1765  0.1390
Elec. Repairer                              0.0690  0.0934  0.1037  0.1156  0.1219  0.1162  0.0959
Misc. Repairer                              0.1521  0.1372  0.1079  0.1182  0.1231  0.1177  0.1106
Construction Trade                          0.1914  0.2223  0.2561  0.2648  0.2889  0.2880  0.2425
Extractive                                  0.0652  0.0481  0.0440  0.0408  0.0367  0.0381  0.0393
Supervisor(P)                               0.1874  0.1968  0.2119  0.1748  0.1713  0.1588  0.1218
Precision Metal                             0.1271  0.1114  0.1151  0.1137  0.1013  0.0887  0.0606
Precision Wood                              0.0340  0.0389  0.0345  0.0321  0.0365  0.0314  0.0236
Precision, Textile                          0.1710  0.0716  0.0618  0.0514  0.0392  0.0405  0.0227
Precision, Other                            0.0539  0.0364  0.0575  0.0683  0.0938  0.0993  0.1128
Precision, Food                             0.0715  0.0777  0.0757  0.0742  0.0799  0.0815  0.0633
Plant Operator                              0.0680  0.0625  0.0595  0.0692  0.0806  0.0682  0.0658
Metal and Plastic Machine Operator          0.0777  0.1211  0.1040  0.0776  0.0627  0.0456  0.0315
Metal and Plastic Processing Operator       0.0403  0.0437  0.0578  0.0428  0.0413  0.0300  0.0170
Woodworking Machine Operator                0.0366  0.0387  0.0406  0.0368  0.0947  0.0729  0.0566
Textile Machine Operator                    0.0692  0.0730  0.0841  0.0856  0.0717  0.0655  0.0400
Print Machine Operator                      0.1354  0.2084  0.1773  0.1337  0.0926  0.0704  0.0404
Machine Operator, Other                     0.3437  0.2819  0.2110  0.1905  0.1751  0.1646  0.1438
Fabricators                                 0.1565  0.1669  0.1877  0.1853  0.1594  0.1363  0.1071
Production Inspectors                       0.1172  0.1442  0.1373  0.1331  0.1299  0.1089  0.1014
Motor Vehicle Operator                      0.1969  0.2054  0.2387  0.2442  0.2654  0.2959  0.2675
Non Motor Vehicle Operator                  0.1164  0.1197  0.1112  0.1055  0.0974  0.0870  0.0855
Freight, Stock, Material Handler            0.2001  0.1789  0.1827  0.1769  0.1560  0.1639  0.1532
 
 
w(i,t) in each occupation
 
                                              1960    1970    1980    1990    2000    2010
------------------------------------------------------------------------------------------
Home                                          7780   10198    8840    8942   12643   12724   11994
Executives, Administrative, and Managerial    9173   12937   12195   12622   14577   13845   17735
Management Related                            6201    6215    7945    8284   10131   10754   13491
Architects                                    1206    1774    1950    2144    2280    1989    2504
Engineers                                     7360    8639    7488    8956    8393    8647   12338
Math and Computer Science                     1204    3707    3609    5247    7622    7707   10028
Natural Science                               3100    3622    3146    3071    3390    3705    5072
Doctors                                       4047    5762    6401    6744    6274    6126    7079
Health Assessment                             1970    2387    2689    2851    3295    4247    5929
Therapists                                     665    1107    1626    1688    2483    2903    4275
Professors                                    2493    4692    2948    2452    2951    3394    2871
Teachers          Non-Postsecondary           4464    6688    5666    4014    5247    6462    6241
Librarians  and Curators                       433     874     876     767     749     722     964
Social Scientists and Urban Planners          1510    2805    2673    2385    2189    2862    4064
Social Work                                   2111    2694    2632    2292    2558    2933    3050
Lawyers       and Judges                      3622    5460    6092    7157    7066    7893    7832
Arts and Athletes                             3899    4305    3919    4591    5432    5608    5972
Health Technicians                            1137    1620    1915    2256    2760    3194    3870
Engineering Technicians                       3738    5067    4370    4726    3622    3548    4224
Science Technicians                           2387    1621    1718    1704    1322    1434    1433
Technicians, Other                            1769    4255    4634    5977    8378    8291   13264
Sales, all                                    8480    9954   10335   12253   12750   11517   11659
Secretaries                                   1187    1454     950     912    1509    1642    1557
Info. Clerks                                  1068    1643    1425    1509    1553    1681    1622
Records Processing, Non-Financial             1668    3208    1645    1362    1239    1423    1349
Financial Records Processing                  1801    2610    1980    1678    1728    1847    1876
Office Machine Operator                       1484     857     404     464     795     425     531
Computer/Communications Equip. Operator        786    1949    2535    2412    1535    1054     366
Mail Distribution                             2293    2248    2824    2809    2030    1932    2527
Scheduling and Distributing Clerks            2743    3798    3959    3971    4145    3944    4180
Adjusters and Investigators                   1670    3105    2198    2488    3960    4035    4403
Misc. Admin Support                           4688    3747    2712    2775    2427    2634    3058
Private Household Occupations                  701     875     675     669     566     569     554
Firefighting                                  1778    2432    2432    2694    3029    3645    3801
Police                                        2608    3833    4151    4422    5822    6011    6071
Guards                                        1201    1474    1897    2168    2080    2733    2378
Food Prep    and Service                      1616    1950    2193    2919    3619    4366    4067
Health Service                                 687     879    1291    1426    1393    1903    1920
Cleaning and Building Service                  989    2042    2771    3050    2649    2775    3077
Personal Service                              1792    2493    1716    1613    2346    2512    2540
Farm Managers                                 2597    2910    2833    2435    1915    2176    2436
Farm Work                                     1299    1471    1656    1532    1437    1866    1733
Related Agriculture                            843    1343    1508    2210    2667    2899    2983
Forest, Logging, Fishers and Hunter            792     992    1332    1282    1291    1168    1175
Mechanics                                     3474    5530    5694    6067    6235    5573    5981
Elec. Repairer                                3690    4362    4199    3647    4283    4133    3922
Misc. Repairer                                4271    4421    3573    3589    3244    3261    4034
Construction Trade                            5773    7784    8885    9446    9480    8857    8970
Extractive                                    2101    1614    2244    1646    1240    2689    1721
Supervisor(P)                                 4432    5864    5774    4611    4228    3033    3252
Precision Metal                               4027    4245    3907    4000    3059    2061    2404
Precision Wood                                 807     928     900    1025     996     678     587
Precision, Textile                             919    1049     726     788     705     433     461
Precision, Other                              1531    1230    1484    1618    1378    1583    1700
Precision, Food                               1774    2237    1973    1742    1469    1400    1324
Plant Operator                                2851    1651    2132    2599    1832    2114    2415
Metal and Plastic Machine Operator            1754    3464    2856    1839    1522    1159    1091
Metal and Plastic Processing Operator          831    1224    1384    1228    1192     656     694
Woodworking Machine Operator                   694     794     966     985    2377    1767    2001
Textile Machine Operator                      2418    2783    2090    2485    1989    1222     917
Print Machine Operator                        1021    1747    1156    1418    1304     870     675
Machine Operator, Other                       6546    6296    5197    4657    4172    3724    4275
Fabricators                                   3143    4056    4578    4277    4085    3575    3901
Production Inspectors                         2159    2934    2650    2606    2528    2500    2738
Motor Vehicle Operator                        5307    5954    6374    6382    6498    5386    5726
Non Motor Vehicle Operator                    3205    3516    4248    3239    3083    3393    3555
Freight, Stock, Material Handler              4164    4174    4392    4281    3702    3770    3851
 
Labor income ignoring taxes: w(i,t)*H(i,t)
 
                   1960    1970    1980    1990    2000    2010
---------------------------------------------------------------
Home               6522    8254    7787    7746   14652   12317    2829
Managers           3716    5743    5869    8481   10639   11582   17154
MgmtRelated         913     937    2079    3046    4523    5064    6850
Architects           28      59      74     110     141     107     191
Engineers           726    1165    1048    1357    1444    1503    2258
Math/CompSci         19     195     277     639    1364    1643    2731
Science             139     210     227     288     395     409     687
Doctors             500     702     832    1342    1769    1686    2176
Nurses              227     320     386     573     719    1005    1520
Therapists           15      35      80     134     249     361     624
Professors          125     369     394     439     547     583     639
Teachers            776    1221    1554    1772    1970    2281    2703
Librarians           19      34      47      58      56      45      82
Soc.Scientists       40     125     185     290     230     342     610
SocialWork          165     244     305     396     422     485     533
Lawyers             235     373     624    1144    1404    1501    1859
Arts/Athletes       361     446     563     949    1179    1211    1550
HealthTechs          90     138     214     351     441     597     877
Eng.Techs           214     454     502     587     453     422     533
ScienceTechs        110      55      88     103      73      76      59
OtherTechs           77     244     577    1085    1822    1901    3246
Sales              2502    3267    4035    6490    7397    7566    7705
Secretaries         233     363     227     238     248     237     166
Info.Clerks          59     119     154     214     225     237     227
Records             117     354     193     158     125     135     116
FinancialClerk      280     580     385     335     332     324     266
OfficeMachine        93      41      10      12      51      25      12
ComputerTech         68     121     260     262     111      61      10
Mail                217     292     317     418     336     294     303
Clerks              299     507     650     792     912     867     924
Insurance            53     277     213     353     871     964    1148
Misc.Admin         1101     894     619     712     510     520     605
PrivateHshld         85     131      65      63      57      74      36
Firefighting         79     130     144     178     216     275     350
Police              164     270     396     571     821    1078    1105
Guards               76     117     166     233     232     324     297
FoodPrep            374     427     368     452     559     749     660
HealthService        76     117     176     252     255     425     401
Cleaning            123     282     414     494     424     516     398
PersonalService     350     469     279     302     489     541     513
FarmMgrs            656     563     496     351     260     259     256
FarmWork            187     145     140     106      88     134      86
Agriculture          38      77      92     175     264     360     330
Forest               43      38      62      64      71      61      51
Mechanics           401     898     967    1042    1208     984     832
Elec.Repairer       255     407     435     422     522     480     376
Misc.Repairer       650     606     386     424     399     384     446
Construction       1105    1730    2275    2501    2738    2551    2175
Extractive          137      78      99      67      46     103      68
Supervisor(P)       831    1154    1224     806     724     482     396
MetalWork           512     473     450     455     310     183     146
WoodWork             27      36      31      33      36      21      14
Textiles            157      75      45      41      28      18      10
Other                83      45      85     110     129     157     192
Food                127     174     149     129     117     114      84
PlantOperator       194     103     127     180     148     144     159
MetalMach.          136     420     297     143      95      53      34
MetalProc.           34      53      80      53      49      20      12
WoodMach.            25      31      39      36     225     129     113
TextileMach.        167     203     176     213     143      80      37
PrintMach.          138     364     205     190     121      61      27
OtherMach.         2250    1775    1096     887     730     613     615
Fabricators         492     677     859     793     651     487     418
Prod.Inspectors     253     423     364     347     328     272     278
MotorVehicle       1045    1223    1522    1558    1725    1594    1532
OtherVehicle        373     421     472     342     300     295     304
Freight             833     747     803     757     578     618     590
---------------------------------------------------------------
TOTAL            32516   43018   45755   55641   70697   70990   74533
 
Total labor income received by workers: (1-TauW)*w(i,t)*H(i,t)
 
                   1960    1970    1980    1990    2000    2010
---------------------------------------------------------------
Home               6522    8254    7787    7746   14652   12317    2829
Managers           3365    5111    4949    6862    8701    9554   14319
MgmtRelated         818     825    1762    2630    3890    4278    5575
Architects           28      59      73     108     136     102     179
Engineers           711    1128     973    1178    1212    1209    1760
Math/CompSci         17     174     235     530    1140    1399    2330
Science             130     194     195     240     331     355     586
Doctors             471     655     739    1134    1534    1524    1946
Nurses              242     377     551     997    1244    1686    2523
Therapists           14      33      82     168     306     498     840
Professors          108     316     328     363     467     511     589
Teachers            705    1173    1550    1956    2298    2750    3340
Librarians           26      46      64      76      79      65     114
Soc.Scientists       36     109     149     258     217     340     609
SocialWork          148     221     288     385     442     526     587
Lawyers             226     354     524     970    1215    1284    1662
Arts/Athletes       323     392     466     787     986    1012    1389
HealthTechs          89     146     277     468     565     746    1013
Eng.Techs           199     410     434     500     378     346     430
ScienceTechs        100      49      75      87      62      63      49
OtherTechs           70     220     470     860    1362    1390    2393
Sales              2125    2736    3429    5391    5914    5891    5886
Secretaries         606    1004    1075    1199    1074     978     604
Info.Clerks          57     124     180     289     329     338     323
Records             103     305     211     192     159     179     145
FinancialClerk      304     581     532     575     613     558     443
OfficeMachine        89      39      11      13      63      34      17
ComputerTech        101     151     288     306     128      66      12
Mail                206     275     292     385     303     270     295
Clerks              271     460     586     710     807     780     805
Insurance            47     218     186     375     915    1012    1140
Misc.Admin          994     839     745     900     684     684     686
PrivateHshld         85     163     105     109     124     168      91
Firefighting         78     128     140     168     200     249     313
Police              157     256     370     515     727     928     938
Guards               73     106     152     215     216     306     287
FoodPrep            353     419     435     555     689     912     817
HealthService        93     173     289     409     519     832     846
Cleaning            131     289     420     500     439     528     421
PersonalService     324     434     309     367     612     699     722
FarmMgrs            619     535     446     313     236     233     228
FarmWork            165     139     140     108      93     140      93
Agriculture          36      75      86     166     256     350     313
Forest               42      37      59      61      66      56      48
Mechanics           392     862     931    1004    1170     964     814
Elec.Repairer       245     387     403     390     484     455     363
Misc.Repairer       627     568     359     394     371     361     418
Construction       1075    1669    2189    2397    2619    2472    2080
Extractive          134      75      95      65      44     100      66
Supervisor(P)       774    1076    1112     723     640     429     351
MetalWork           494     448     414     420     284     169     136
WoodWork             27      33      29      31      34      21      14
Textiles            167      75      49      47      33      21      13
Other                75      40      78     100     135     189     260
Food                117     156     134     116     107     107      80
PlantOperator       188      99     120     166     136     134     146
MetalMach.          127     371     264     130      88      50      34
MetalProc.           33      50      69      47      44      18      12
WoodMach.            25      29      37      34     216     126     119
TextileMach.        158     185     151     182     126      72      34
PrintMach.          130     403     262     225     147      74      34
OtherMach.         1963    1560     997     822     695     588     610
Fabricators         433     597     777     746     628     475     422
Prod.Inspectors     216     358     315     300     288     237     250
MotorVehicle       1011    1173    1394    1426    1587    1501    1539
OtherVehicle        361     420     471     345     305     301     314
Freight             821     698     743     716     566     612     621
---------------------------------------------------------------
TOTAL            30995   41064   43849   52948   67129   67621   69265
TOTAL (Mkt)      24473   32810   36062   45202   52478   55304   66436
 
  Year    Earnings       (mkt)
------------------------------
  1960       30995       24473
  1970       41064       32810
  1980       43849       36062
  1990       52948       45202
  2000       67129       52478
  2010       67621       55304
  2023       69265       66436
 
Average growth rates of Earnings
---------------------------
  1960 1970   0.0281
  1970 1980   0.0066
  1980 1990   0.0189
  1990 2000   0.0237
  2000 2010   0.0007
  2010 2023   0.0018
  1960 2010   0.0161
 
Average growth rates of Earnings (mkt)
-------------------------------------
  1960 1970   0.0293
  1970 1980   0.0095
  1980 1990   0.0226
  1990 2000   0.0149
  2000 2010   0.0052
  2010 2023   0.0141
  1960 2010   0.0200
 
  Year         GDP    GDP(mkt)
------------------------------
  1960       32516       23241
  1970       43018       31251
  1980       45755       34587
  1990       55641       44435
  2000       70697       49901
  2010       70990       53340
  2023       74533       70330
 
Average growth rates of GDP
---------------------------
  1960 1970   0.0280
  1970 1980   0.0062
  1980 1990   0.0196
  1990 2000   0.0239
  2000 2010   0.0004
  2010 2023   0.0037
  1960 2010   0.0166
 
 
Average growth rates of GDP (mkt)
---------------------------------
  1960 1970   0.0296
  1970 1980   0.0101
  1980 1990   0.0251
  1990 2000   0.0116
  2000 2010   0.0067
  2010 2023   0.0213
  1960 2010   0.0221
 
 
GDP of only Young Cohorts (per young person)...
 
  Year    GDPYoung GDPYng(mkt)
------------------------------
  1960       29491       20221
  1970       39420       27644
  1980       41021       31369
  1990       47068       37732
  2000       55668       40341
  2010       54463       40769
  2023       64974       55457
 
Average growth rates of GDPYoung
---------------------------
  1960 1970   0.0290
  1970 1980   0.0040
  1980 1990   0.0138
  1990 2000   0.0168
  2000 2010  -0.0022
  2010 2023   0.0136
  1960 2010   0.0158
 
Average growth rates of GDPYoung (mkt)
--------------------------------------
  1960 1970   0.0313
  1970 1980   0.0126
  1980 1990   0.0185
  1990 2000   0.0067
  2000 2010   0.0011
  2010 2023   0.0237
  1960 2010   0.0202
 
HYoung(i,t) --- Total human capital in each occupation of Young Cohort
 
                                              1960    1970    1980    1990    2000    2010
------------------------------------------------------------------------------------------
Home                                        0.2946  0.2932  0.3179  0.2842  0.2497  0.2361  0.2359
Executives, Administrative, and Managerial  0.0770  0.1023  0.1442  0.1731  0.1365  0.1370  0.1833
Management Related                          0.0447  0.0428  0.1058  0.1280  0.1138  0.1103  0.1337
Architects                                  0.0060  0.0078  0.0138  0.0159  0.0127  0.0126  0.0166
Engineers                                   0.0363  0.0399  0.0506  0.0607  0.0448  0.0438  0.0662
Math and Computer Science                   0.0072  0.0219  0.0354  0.0510  0.0561  0.0542  0.0812
Natural Science                             0.0179  0.0211  0.0307  0.0343  0.0293  0.0322  0.0460
Doctors                                     0.0244  0.0259  0.0387  0.0459  0.0364  0.0395  0.0510
Health Assessment                           0.0372  0.0429  0.0656  0.0699  0.0478  0.0617  0.0801
Therapists                                  0.0084  0.0142  0.0326  0.0371  0.0343  0.0393  0.0539
Professors                                  0.0125  0.0270  0.0362  0.0308  0.0311  0.0368  0.0359
Teachers          Non-Postsecondary         0.0541  0.0757  0.1154  0.0933  0.0901  0.1037  0.1153
Librarians  and Curators                    0.0102  0.0117  0.0204  0.0136  0.0103  0.0117  0.0173
Social Scientists and Urban Planners        0.0094  0.0163  0.0305  0.0321  0.0223  0.0304  0.0454
Social Work                                 0.0236  0.0314  0.0509  0.0484  0.0420  0.0475  0.0514
Lawyers       and Judges                    0.0164  0.0211  0.0452  0.0475  0.0380  0.0411  0.0466
Arts and Athletes                           0.0343  0.0372  0.0682  0.0805  0.0650  0.0667  0.0857
Health Technicians                          0.0268  0.0347  0.0599  0.0652  0.0449  0.0552  0.0648
Engineering Technicians                     0.0293  0.0387  0.0527  0.0516  0.0326  0.0320  0.0420
Science Technicians                         0.0208  0.0134  0.0243  0.0238  0.0144  0.0155  0.0162
Technicians, Other                          0.0142  0.0295  0.0610  0.0785  0.0628  0.0563  0.0813
Sales, all                                  0.0828  0.0930  0.1449  0.1838  0.1558  0.1663  0.1737
Secretaries                                 0.0702  0.0867  0.1049  0.0923  0.0407  0.0337  0.0274
Info. Clerks                                0.0209  0.0282  0.0489  0.0555  0.0447  0.0490  0.0511
Records Processing, Non-Financial           0.0182  0.0336  0.0542  0.0440  0.0268  0.0277  0.0260
Financial Records Processing                0.0478  0.0623  0.0782  0.0731  0.0515  0.0408  0.0346
Office Machine Operator                     0.0295  0.0151  0.0110  0.0109  0.0121  0.0075  0.0082
Computer/Communications Equip. Operator     0.0315  0.0254  0.0460  0.0425  0.0190  0.0136  0.0065
Mail Distribution                           0.0246  0.0288  0.0430  0.0512  0.0284  0.0233  0.0362
Scheduling and Distributing Clerks          0.0354  0.0422  0.0686  0.0767  0.0606  0.0616  0.0713
Adjusters and Investigators                 0.0126  0.0309  0.0487  0.0639  0.0751  0.0795  0.0878
Misc. Admin Support                         0.0758  0.0827  0.0985  0.0968  0.0590  0.0586  0.0618
Private Household Occupations               0.0251  0.0383  0.0305  0.0321  0.0249  0.0297  0.0181
Firefighting                                0.0161  0.0188  0.0238  0.0235  0.0188  0.0202  0.0240
Police                                      0.0249  0.0304  0.0428  0.0490  0.0459  0.0458  0.0506
Guards                                      0.0135  0.0161  0.0333  0.0397  0.0295  0.0376  0.0419
Food Prep    and Service                    0.0608  0.0579  0.0693  0.0775  0.0611  0.0757  0.0723
Health Service                              0.0355  0.0419  0.0599  0.0676  0.0565  0.0732  0.0726
Cleaning and Building Service               0.0227  0.0299  0.0504  0.0536  0.0338  0.0371  0.0363
Personal Service                            0.0558  0.0680  0.0750  0.0736  0.0659  0.0701  0.0680
Farm Managers                               0.0570  0.0427  0.0512  0.0421  0.0224  0.0223  0.0272
Farm Work                                   0.0534  0.0341  0.0377  0.0294  0.0205  0.0265  0.0192
Related Agriculture                         0.0141  0.0192  0.0285  0.0378  0.0321  0.0390  0.0402
Forest, Logging, Fishers and Hunter         0.0161  0.0142  0.0211  0.0208  0.0141  0.0115  0.0121
Mechanics                                   0.0404  0.0544  0.0699  0.0655  0.0482  0.0431  0.0447
Elec. Repairer                              0.0324  0.0364  0.0466  0.0390  0.0343  0.0319  0.0308
Misc. Repairer                              0.0450  0.0454  0.0430  0.0416  0.0278  0.0266  0.0320
Construction Trade                          0.0597  0.0744  0.1050  0.1076  0.0808  0.0787  0.0711
Extractive                                  0.0223  0.0160  0.0239  0.0162  0.0088  0.0163  0.0120
Supervisor(P)                               0.0386  0.0474  0.0633  0.0493  0.0359  0.0254  0.0297
Precision Metal                             0.0373  0.0361  0.0460  0.0406  0.0228  0.0161  0.0170
Precision Wood                              0.0092  0.0115  0.0152  0.0139  0.0092  0.0067  0.0054
Precision, Textile                          0.0411  0.0175  0.0186  0.0166  0.0085  0.0064  0.0060
Precision, Other                            0.0175  0.0128  0.0251  0.0278  0.0294  0.0374  0.0440
Precision, Food                             0.0211  0.0261  0.0293  0.0301  0.0230  0.0240  0.0237
Plant Operator                              0.0188  0.0134  0.0226  0.0240  0.0134  0.0138  0.0176
Metal and Plastic Machine Operator          0.0195  0.0393  0.0430  0.0257  0.0169  0.0121  0.0103
Metal and Plastic Processing Operator       0.0109  0.0146  0.0244  0.0165  0.0116  0.0068  0.0057
Woodworking Machine Operator                0.0126  0.0131  0.0186  0.0162  0.0263  0.0179  0.0195
Textile Machine Operator                    0.0229  0.0263  0.0335  0.0369  0.0198  0.0133  0.0117
Print Machine Operator                      0.0354  0.0639  0.0664  0.0508  0.0255  0.0175  0.0124
Machine Operator, Other                     0.1084  0.0959  0.0895  0.0726  0.0496  0.0429  0.0471
Fabricators                                 0.0479  0.0594  0.0834  0.0690  0.0460  0.0384  0.0388
Production Inspectors                       0.0324  0.0405  0.0492  0.0437  0.0310  0.0268  0.0321
Motor Vehicle Operator                      0.0682  0.0678  0.0920  0.0878  0.0662  0.0590  0.0687
Non Motor Vehicle Operator                  0.0316  0.0343  0.0459  0.0327  0.0225  0.0222  0.0236
Freight, Stock, Material Handler            0.0697  0.0602  0.0821  0.0761  0.0482  0.0499  0.0554
 
Tax Revenue from TauWabs by occupation and year, summed over groups
 
Home                                             0       0       0       0       0       0       0
Executives, Administrative, and Managerial     351     632     920    1619    1938    2028    2835
Management Related                              95     112     318     417     633     786    1275
Architects                                       0      -0       1       2       4       4      12
Engineers                                       14      37      75     179     232     294     498
Math and Computer Science                        3      21      41     109     224     245     401
Natural Science                                  9      15      33      48      63      54     101
Doctors                                         29      47      93     208     235     162     230
Health Assessment                              -15     -57    -165    -424    -524    -682   -1003
Therapists                                       1       2      -3     -34     -58    -136    -217
Professors                                      17      53      66      76      80      72      50
Teachers          Non-Postsecondary             71      49       5    -184    -328    -469    -636
Librarians  and Curators                        -7     -11     -17     -18     -23     -20     -33
Social Scientists and Urban Planners             5      16      36      32      13       2       1
Social Work                                     17      22      17      11     -20     -41     -54
Lawyers       and Judges                         9      19      99     174     189     216     197
Arts and Athletes                               38      53      97     162     192     199     161
Health Technicians                               1      -8     -63    -117    -124    -149    -136
Engineering Technicians                         15      43      68      87      75      77     104
Science Technicians                             11       6      13      16      11      13      10
Technicians, Other                               8      24     107     225     460     512     853
Sales, all                                     377     531     606    1098    1482    1676    1819
Secretaries                                   -372    -640    -848    -961    -826    -742    -438
Info. Clerks                                     2      -5     -26     -75    -104    -101     -96
Records Processing, Non-Financial               13      49     -18     -34     -34     -44     -29
Financial Records Processing                   -24      -1    -148    -240    -281    -234    -178
Office Machine Operator                          4       2      -1      -2     -12      -8      -5
Computer/Communications Equip. Operator        -34     -30     -29     -44     -17      -5      -2
Mail Distribution                               10      17      25      32      33      24       9
Scheduling and Distributing Clerks              28      47      64      82     105      86     118
Adjusters and Investigators                      6      59      27     -23     -44     -47       8
Misc. Admin Support                            107      55    -126    -188    -174    -164     -81
Private Household Occupations                    1     -32     -41     -46     -68     -94     -55
Firefighting                                     1       2       4      10      17      26      37
Police                                           7      14      26      56      94     150     167
Guards                                           3      11      15      18      16      18      10
Food Prep    and Service                        21       7     -68    -103    -131    -163    -157
Health Service                                 -16     -56    -113    -156    -264    -407    -445
Cleaning and Building Service                   -8      -7      -6      -6     -15     -12     -23
Personal Service                                27      35     -30     -65    -122    -158    -209
Farm Managers                                   37      28      50      38      25      26      28
Farm Work                                       22       7       0      -2      -5      -6      -7
Related Agriculture                              3       2       6       9       9      10      17
Forest, Logging, Fishers and Hunter              1       1       3       4       5       5       3
Mechanics                                        9      35      36      38      38      20      17
Elec. Repairer                                  10      20      32      31      38      25      13
Misc. Repairer                                  22      38      27      30      28      23      28
Construction Trade                              30      61      86     104     119      80      95
Extractive                                       3       3       4       2       2       2       2
Supervisor(P)                                   57      78     112      84      85      53      45
Precision Metal                                 18      25      35      35      26      14      10
Precision Wood                                   1       3       2       2       2       1       0
Precision, Textile                             -10       0      -5      -6      -5      -3      -3
Precision, Other                                 8       5       7      11      -6     -32     -68
Precision, Food                                 10      18      15      13      10       7       4
Plant Operator                                   6       4       7      13      11      10      13
Metal and Plastic Machine Operator              10      49      33      13       7       3       0
Metal and Plastic Processing Operator            0       3      11       5       5       1      -0
Woodworking Machine Operator                     1       2       3       2       9       2      -5
Textile Machine Operator                        10      18      24      30      17       8       3
Print Machine Operator                           8     -39     -57     -35     -26     -12      -7
Machine Operator, Other                        286     214     100      65      36      25       5
Fabricators                                     59      80      82      46      23      12      -4
Production Inspectors                           37      65      49      47      40      36      27
Motor Vehicle Operator                          34      49     128     132     137      93      -7
Non Motor Vehicle Operator                      12       1       1      -3      -5      -6     -10
Freight, Stock, Material Handler                12      49      60      41      12       6     -31
-----------------------------------------------------------------------------------------
Total Revenue TauW                            1521    1953    1906    2693    3568    3369    5268
TauW  Revenue Share of GDP                  0.0468  0.0454  0.0417  0.0484  0.0505  0.0475  0.0707
 
Tax Revenue from TauHabs by occupation and year, summed over groups
 
Home                                             0       0       0       0       0       0       0
Executives, Administrative, and Managerial      17      63      95    -883    -813    -804   -1678
Management Related                               9      14      44    -721    -811    -747   -1044
Architects                                       0       0       1       3       3       3       3
Engineers                                        1       3       8      16     -12     -36    -156
Math and Computer Science                        0       4       3     -52      22      33      11
Natural Science                                  1       3       3     -40     -46     -71    -151
Doctors                                          1       4       9     -79     -86    -136    -227
Health Assessment                              -37    -150    -310    -496     -33    -436    -389
Therapists                                       1       1      -4    -100    -125    -200    -365
Professors                                       1       9     -25     -42     -64     -88     -85
Teachers          Non-Postsecondary             36      62    -294    -486    -664    -932   -1046
Librarians  and Curators                        -8       2      -5       2      -1     -14     -27
Social Scientists and Urban Planners             1       3     -20     -58     -42     -82    -175
Social Work                                      4       6     -21    -106    -119    -151    -146
Lawyers       and Judges                         1       2     -41    -137    -132    -173    -239
Arts and Athletes                               11      13     -23    -211    -199    -197    -348
Health Technicians                               1     -28    -156    -220      -2     -99    -233
Engineering Technicians                          2       5       7      13       6      -0      -2
Science Technicians                              2      -1      -1      -1      -1      -4      -7
Technicians, Other                               1       6     -10    -197    -124     -32    -109
Sales, all                                      34      60     131     139    -190    -889    -964
Secretaries                                   -345    -589    -765    -714      95      75      49
Info. Clerks                                     2      10    -100    -155    -138    -114    -142
Records Processing, Non-Financial                4       9     -98     -95      -8      -1      -8
Financial Records Processing                   -58    -111    -287    -317    -124       8      25
Office Machine Operator                          4      -4       1       1       0       1       1
Computer/Communications Equip. Operator        -51      13       8      12       3       1      -1
Mail Distribution                              -17     -14       1     -41      -3       4       6
Scheduling and Distributing Clerks               4       9      30      20      14      14     -38
Adjusters and Investigators                      0      -2     -88    -209    -350    -236    -373
Misc. Admin Support                             52    -102    -420    -472    -167     -99    -125
Private Household Occupations                  -10     -29       9      10       8       5       8
Firefighting                                     0       1       2       3       2       2       3
Police                                           1       2       6       7      20      20      15
Guards                                           0      -4     -12     -21      -7       2     -60
Food Prep    and Service                         1      23      41      67      59      79      83
Health Service                                 -29     -77     -34    -145    -157    -237     -97
Cleaning and Building Service                  -16       8      16      23      13      14      16
Personal Service                               -13      26    -146    -162    -189    -203    -206
Farm Managers                                    1       2       3       3       1       1       3
Farm Work                                        3       4       5       4       3       4       4
Related Agriculture                             -0       1       3       7       6       8      14
Forest, Logging, Fishers and Hunter              0       1       1       1       1       0       1
Mechanics                                        3       7      10      12      11       8      12
Elec. Repairer                                   1       3       8       8       8       6       7
Misc. Repairer                                   3       5       5       7       4       3       6
Construction Trade                               6      17      25      31      23      17      24
Extractive                                       0       0       1       1       0       1       1
Supervisor(P)                                    3       8      19      15      12       5      10
Precision Metal                                  2       3       6       5       2       1       1
Precision Wood                                   0       0       1       1       0       0       0
Precision, Textile                             -16       2       3       3       1       1       1
Precision, Other                                 1       1       4       5     -38     -77    -102
Precision, Food                                  1      -0       4       6       4       5       3
Plant Operator                                   0       0      -1       3       1       1       2
Metal and Plastic Machine Operator               1       7       8       4       3       1       1
Metal and Plastic Processing Operator           -2       1       3       1       1       0       0
Woodworking Machine Operator                     0       1       1       1       7       2       4
Textile Machine Operator                         1       3       5       8       4       1       1
Print Machine Operator                          -1       8     -43      12       9       4       2
Machine Operator, Other                         57       3      30      39      27      17      26
Fabricators                                     13      12      29      37      24      13      17
Production Inspectors                            8       1       3      12       8       7      11
Motor Vehicle Operator                          10      18      32      41      38      28      56
Non Motor Vehicle Operator                       2       4       8       4       3       2       4
Freight, Stock, Material Handler               -97      -5      37      40      24      22      36
-----------------------------------------------------------------------------------------
Total Revenue TauH                            -391    -646   -2234   -5531   -4172   -5638   -8077
TauH  Revenue Share of GDP                 -0.0120 -0.0150 -0.0488 -0.0994 -0.0590 -0.0794 -0.1084
 
Total Revenue TauW+TauH                       1130    1308    -327   -2839    -604   -2269   -2808
Total Revenue Share of GDP                  0.0347  0.0304 -0.0072 -0.0510 -0.0085 -0.0320 -0.0377
 
 
A(i,t) -- Productivity in each occupation
 
                                              1960    1970    1980    1990    2000    2010
------------------------------------------------------------------------------------------
Home                                          3484    4467    3647    3336    5756    5300    2337
Executives, Administrative, and Managerial    3101    4727    4368    4928    5655    5592    8508
Management Related                            1039     917    1694    1938    2563    2872    4090
Architects                                      35      65      78      95     102      77     127
Engineers                                     1100    1421    1133    1399    1199    1258    2147
Math and Computer Science                       29     250     281     562    1059    1172    1920
Natural Science                                203     253     222     221     253     281     487
Doctors                                        502     736     863    1047     992     944    1209
Health Assessment                              165     206     247     289     332     505     847
Therapists                                      14      32      68      83     147     207     391
Professors                                     154     434     273     218     260     308     266
Teachers          Non-Postsecondary            690    1127    1044     716     876    1158    1188
Librarians  and Curators                        10      25      28      25      21      18      32
Social Scientists and Urban Planners            53     151     170     172     125     199     368
Social Work                                    150     203     215     193     198     242     258
Lawyers       and Judges                       308     508     711    1026     996    1147    1237
Arts and Athletes                              411     438     435     600     701     732     861
Health Technicians                              60      92     131     179     218     293     420
Engineering Technicians                        303     520     458     485     290     274     357
Science Technicians                            139      58      75      73      42      47      40
Technicians, Other                              86     321     520     835    1345    1357    2768
Sales, all                                    2352    2743    3069    4185    4124    3760    3749
Secretaries                                    101     134      67      60      89      95      73
Info. Clerks                                    46      86      83      94      88      97      89
Records Processing, Non-Financial              100     291     107      73      52      62      53
Financial Records Processing                   167     303     182     130     118     125     112
Office Machine Operator                         79      27       6       7      21       8       7
Computer/Communications Equip. Operator         36     103     191     165      61      31       4
Mail Distribution                              187     185     235     243     140     124     161
Scheduling and Distributing Clerks             263     412     472     474     471     436     465
Adjusters and Investigators                     68     249     150     198     440     470     547
Misc. Admin Support                            863     540     315     314     206     226     275
Private Household Occupations                   36      48      25      22      16      18      12
Firefighting                                    88     134     136     152     168     227     261
Police                                         185     304     386     448     628     741     739
Guards                                          58      77     114     140     119     185     150
Food Prep    and Service                       173     194     197     263     322     448     383
Health Service                                  33      46      80      96      84     147     141
Cleaning and Building Service                   61     165     264     287     205     237     225
Personal Service                               186     260     134     119     195     219     211
Farm Managers                                  369     333     295     193     116     131     143
Farm Work                                       98      85      92      67      51      81      59
Related Agriculture                             29      57      67     124     163     206     199
Forest, Logging, Fishers and Hunter             29      30      49      44      41      34      31
Mechanics                                      386     799     828     830     815     656     632
Elec. Repairer                                 327     425     410     317     368     340     279
Misc. Repairer                                 604     525     328     313     244     240     312
Construction Trade                            1064    1561    1981    2003    1866    1679    1532
Extractive                                     136      69     104      57      31     102      52
Supervisor(P)                                  708     961     944     555     428     250     237
Precision Metal                                505     445     387     362     202     105     106
Precision Wood                                  23      27      23      25      23      12       8
Precision, Textile                              64      44      23      21      14       7       5
Precision, Other                                77      40      64      72      59      75      86
Precision, Food                                111     142     113      84      60      56      44
Plant Operator                                 220      81     112     148      84      95     111
Metal and Plastic Machine Operator             114     342     230      93      56      32      23
Metal and Plastic Processing Operator           27      43      58      38      31      11       9
Woodworking Machine Operator                    19      21      28      25     134      75      78
Textile Machine Operator                       173     191     130     154      89      41      20
Print Machine Operator                          67     161      77      83      54      26      13
Machine Operator, Other                       1722    1279     804     588     424     346     388
Fabricators                                    387     509     627     510     392     296     292
Production Inspectors                          190     291     236     206     172     155     167
Motor Vehicle Operator                         951    1004    1162    1068    1015     807     821
Non Motor Vehicle Operator                     343     348     432     254     201     219     227
Freight, Stock, Material Handler               667     550     582     500     335     352     343
 
 
phi(i,t) in each occupation
 
                                              1960    1970    1980    1990    2000    2010
------------------------------------------------------------------------------------------
Home                                          1.27    1.61    1.68    1.61    1.45    1.80    1.83
Executives, Administrative, and Managerial    1.43    1.63    1.96    1.80    1.90    1.95    2.03
Management Related                            1.91    1.93    2.21    2.11    2.10    2.23    2.33
Architects                                    2.90    3.42    3.06    2.40    2.56    2.64    2.75
Engineers                                     2.18    2.30    2.39    2.28    2.31    2.41    2.47
Math and Computer Science                     2.45    2.19    2.42    2.26    1.98    1.99    2.13
Natural Science                               2.49    2.59    3.05    2.68    3.04    3.10    3.08
Doctors                                       3.91    4.08    4.06    4.15    4.14    4.15    4.17
Health Assessment                             2.59    2.83    3.19    2.40    2.34    2.64    2.74
Therapists                                    2.96    2.62    2.25    2.24    2.50    2.91    3.34
Professors                                    5.85    5.68    5.54    5.67    4.92    5.31    4.50
Teachers          Non-Postsecondary           2.94    3.24    3.16    2.61    2.65    2.84    2.91
Librarians  and Curators                      3.25    3.33    3.40    3.23    3.17    3.63    3.09
Social Scientists and Urban Planners          3.06    2.99    3.44    2.97    3.00    2.73    2.68
Social Work                                   3.02    2.86    2.88    2.51    2.43    2.49    2.54
Lawyers       and Judges                      3.99    4.17    4.30    4.21    4.18    4.18    3.94
Arts and Athletes                             2.02    1.92    2.24    2.03    2.10    2.26    2.30
Health Technicians                            1.43    1.92    2.12    1.82    1.76    1.77    1.92
Engineering Technicians                       1.37    1.45    1.64    1.64    1.59    1.71    1.72
Science Technicians                           1.41    1.81    1.82    1.71    1.67    1.80    1.82
Technicians, Other                            1.53    1.83    2.21    1.97    2.17    2.21    2.29
Sales, all                                    1.47    1.54    1.77    1.65    1.67    1.74    1.77
Secretaries                                   1.40    1.50    1.90    1.77    1.83    2.01    2.05
Info. Clerks                                  1.31    1.50    1.98    1.79    1.76    1.77    1.83
Records Processing, Non-Financial             2.08    2.03    1.70    1.75    1.73    1.94    2.12
Financial Records Processing                  1.43    1.48    1.83    1.70    1.70    1.76    1.81
Office Machine Operator                       1.30    1.30    1.48    1.40    1.40    1.74    1.59
Computer/Communications Equip. Operator       1.14    1.34    1.64    1.63    1.67    1.70    1.82
Mail Distribution                             1.24    1.30    1.49    1.45    1.44    1.51    1.64
Scheduling and Distributing Clerks            1.02    1.21    1.43    1.39    1.38    1.49    1.57
Adjusters and Investigators                   1.75    1.74    2.01    1.83    1.73    1.75    1.86
Misc. Admin Support                           1.36    1.45    1.86    1.78    1.80    1.88    1.98
Private Household Occupations                 0.93    0.98    1.14    1.21    1.25    1.21    1.50
Firefighting                                  1.09    1.21    1.45    1.47    1.48    1.58    1.60
Police                                        1.17    1.29    1.62    1.53    1.59    1.64    1.72
Guards                                        1.04    1.26    1.50    1.48    1.46    1.60    1.53
Food Prep    and Service                      0.93    1.08    1.40    1.39    1.38    1.50    1.64
Health Service                                1.01    1.40    1.75    1.63    1.61    1.68    1.73
Cleaning and Building Service                 0.88    1.00    1.23    1.26    1.24    1.33    1.46
Personal Service                              1.01    1.01    1.64    1.55    1.70    1.78    1.99
Farm Managers                                 0.99    1.17    1.44    1.35    1.40    1.42    1.47
Farm Work                                     0.66    0.86    1.01    1.05    0.97    0.93    1.43
Related Agriculture                           0.87    0.98    1.26    1.22    1.18    1.17    1.43
Forest, Logging, Fishers and Hunter           0.79    1.03    1.24    1.18    1.16    1.25    1.31
Mechanics                                     0.93    1.03    1.20    1.26    1.26    1.32    1.33
Elec. Repairer                                1.13    1.20    1.34    1.38    1.36    1.41    1.38
Misc. Repairer                                0.98    1.04    1.27    1.30    1.28    1.34    1.37
Construction Trade                            0.97    1.06    1.27    1.24    1.19    1.21    1.32
Extractive                                    0.87    0.97    1.14    1.18    1.18    1.22    1.24
Supervisor(P)                                 1.11    1.21    1.43    1.35    1.36    1.39    1.42
Precision Metal                               0.99    1.13    1.24    1.27    1.28    1.30    1.38
Precision Wood                                0.92    1.01    1.31    1.25    1.23    1.25    1.26
Precision, Textile                            0.81    0.88    1.05    1.15    1.16    1.19    1.31
Precision, Other                              0.99    1.19    1.32    1.28    1.46    1.56    1.79
Precision, Food                               0.94    1.03    1.16    1.20    1.13    1.17    1.38
Plant Operator                                1.48    1.17    1.40    1.38    1.33    1.46    1.46
Metal and Plastic Machine Operator            0.86    1.03    1.14    1.17    1.18    1.17    1.27
Metal and Plastic Processing Operator         0.89    0.92    1.12    1.20    1.22    1.28    1.29
Woodworking Machine Operator                  0.77    0.85    1.12    1.15    1.18    1.20    1.30
Textile Machine Operator                      1.07    1.16    1.32    1.29    1.29    1.32    1.48
Print Machine Operator                        0.82    0.90    1.00    1.12    1.09    1.12    1.36
Machine Operator, Other                       0.88    0.99    1.15    1.21    1.19    1.24    1.34
Fabricators                                   0.90    1.02    1.14    1.20    1.21    1.22    1.31
Production Inspectors                         1.03    1.20    1.31    1.36    1.40    1.45    1.47
Motor Vehicle Operator                        0.88    1.01    1.19    1.23    1.23    1.30    1.36
Non Motor Vehicle Operator                    0.95    1.01    1.21    1.22    1.21    1.27    1.32
Freight, Stock, Material Handler              0.85    1.02    1.18    1.24    1.23    1.31    1.43
 
---------------------------------------------------------
The extensive margin LS elasticity in our model equals
 
      theta*(1-LFP)= theta*p(Home)
 
---------------------------------------------------------
Benchmark value for theta = 2.0000, so that theta*(1-eta) = 1.7940
 
Labor supply elasticities for White Men by Year and Cohort
 
  Year   Young  Middle     Old
------------------------------
  1960    0.17    0.15    0.22
  1970    0.20    0.17    0.23
  1980    0.19    0.16    0.24
  1990    0.20    0.18    0.24
  2000    0.29    0.27    0.31
  2010    0.30    0.25    0.32
  2023    0.26    0.25    0.29
 
Labor supply elasticities for White Women by Year and Cohort
 
  Year   Young  Middle     Old
------------------------------
  1960    1.48    1.34    1.25
  1970    1.31    1.21    1.13
  1980    0.92    0.95    1.02
  1990    0.69    0.67    0.75
  2000    0.67    0.68    0.64
  2010    0.62    0.65    0.63
  2023    0.48    0.53    0.54
 
Labor supply elasticities for Black Men by Year and Cohort
 
  Year   Young  Middle     Old
------------------------------
  1960    0.40    0.38    0.44
  1970    0.37    0.36    0.44
  1980    0.51    0.43    0.54
  1990    0.59    0.50    0.52
  2000    0.72    0.68    0.70
  2010    0.67    0.56    0.66
  2023    0.54    0.50    0.53
 
Labor supply elasticities for Black Women by Year and Cohort
 
  Year   Young  Middle     Old
------------------------------
  1960    1.28    1.16    1.20
  1970    1.00    1.00    1.06
  1980    0.78    0.80    0.98
  1990    0.71    0.58    0.73
  2000    0.67    0.67    0.74
  2010    0.56    0.50    0.62
  2023    0.49    0.46    0.49
 
Mean and Var log (1/1-tauw) and (1+tauh)^eta by Decade and Group:
meanlogtauw:
meanlogtauw =

        0   0.7551   0.4364   0.8542
        0   0.6377   0.2596   0.7067
        0   0.5290   0.1581   0.5076
        0   0.3965   0.1176   0.3827
        0   0.3520   0.1055   0.3610
        0   0.3246   0.0779   0.3366
        0   0.2903   0.1061   0.3605

varlogtauw:
varlogtauw =

        0   0.2722   0.1112   0.2621
        0   0.2285   0.0829   0.3040
        0   0.3397   0.0740   0.3713
        0   0.3157   0.0934   0.3426
        0   0.3094   0.1217   0.3545
        0   0.3017   0.1342   0.3507
        0   0.2956   0.1661   0.3497

meanlogtauh:
meanlogtauh =

        0   0.7775   0.4475   0.8663
        0   0.5983   0.2985   0.6234
        0   0.2722   0.2518   0.3679
        0   0.1254   0.2775   0.3174
        0   0.1378   0.2575   0.2692
        0   0.1549   0.2706   0.2785
        0   0.1152   0.2545   0.2326

varlogtauh:
varlogtauh =

        0   0.2108   0.0920   0.2329
        0   0.1781   0.0831   0.2611
        0   0.1475   0.0599   0.1811
        0   0.1624   0.0662   0.2225
        0   0.1704   0.0824   0.2471
        0   0.2152   0.1303   0.2675
        0   0.1780   0.1293   0.2670

 
FS2 = 20
 
Average Market Wage Gaps
 
  Year       WM       WW       BM       BW
------------------------------------------
  1960    1.000    0.555    0.559    0.347
  1970    1.000    0.527    0.627    0.418
  1980    1.000    0.549    0.714    0.513
  1990    1.000    0.613    0.700    0.555
  2000    1.000    0.647    0.694    0.566
  2010    1.000    0.714    0.710    0.604
  2023    1.000    0.742    0.659    0.577
 
GDP per person, per worker, Aggregate LFP, Earnings per person, Consumption per person (mkt)
   and Education Spending share of GDP
 
  Year        GDP     GDPmkt     GDPwkr        LFP   Earnings    EarnMkt  ConsYoung  EarnYoung   EduShare
---------------------------------------------------------------------------------------------------------
  1960      32516      23241      38828      0.599      24473      24473      35313      21687      0.137
  1970      43018      31251      49167      0.636      32810      32810      48207      29246      0.148
  1980      45755      34587      49258      0.702      36062      36062      46211      32471      0.197
  1990      55641      44435      58194      0.764      45202      45202      55110      37923      0.235
  2000      70697      49901      66808      0.747      52478      52478      63270      42076      0.153
  2010      70990      53340      70264      0.759      55304      55304      58661      42685      0.168
  2023      74533      70330      88451      0.795      66436      66436      68312      52474      0.214
Edu2 =

   0.1368
   0.1482
   0.1973
   0.2349
   0.1529
   0.1683
   0.2143

 
NOTE: Those education numbers are shares of Total GDP, not GDPYoung.
Years of Education in Data and Model
 (phiFarm is chosen to match this in the benchmark case)
AvgYearsEdDataYWM =

   12.013   12.842   13.816   13.583   13.734   14.003   14.613

AvgYearsEdModel =

   12.013   12.842   13.816   13.583   13.734   14.003   14.613

 
AlphaSplitYoung for WW:
 
                   1960    1970    1980    1990    2000    2010
---------------------------------------------------------------
Home                NaN     NaN     NaN     NaN     NaN     NaN     NaN
Managers          0.500   0.600   0.878   1.000   1.000   1.000   1.000
MgmtRelated       0.500   0.498   0.903   1.000   1.000   1.000   1.000
Architects        0.500   0.000   0.000   0.000   0.056   0.143   0.362
Engineers         0.500   0.494   0.698   0.924   1.000   1.000   1.000
Math/CompSci      0.500   0.610   0.988   1.000   0.947   0.827   1.000
Science           0.500   0.514   0.935   1.000   1.000   1.000   1.000
Doctors           0.500   0.620   0.847   1.000   1.000   1.000   1.000
Nurses            0.500   0.586   0.737   0.813   0.951   0.815   0.862
Therapists        0.500   0.919   0.630   0.692   0.680   0.756   0.744
Professors        0.500   0.663   1.000   1.000   1.000   1.000   0.000
Teachers          0.500   0.418   0.125   0.522   0.604   0.655   0.685
Librarians        0.719   1.000   0.885   1.000   0.910   0.762   0.745
Soc.Scientists    0.500   0.711   1.000   1.000   0.000   0.220   0.264
SocialWork        0.500   0.723   1.000   0.000   0.250   0.403   0.479
Lawyers           0.500   0.575   1.000   1.000   1.000   1.000   1.000
Arts/Athletes     0.500   0.564   1.000   1.000   1.000   1.000   0.000
HealthTechs       0.500   0.192   0.648   0.687   0.926   0.694   0.507
Eng.Techs         0.500   0.530   0.715   0.762   0.865   1.000   1.000
ScienceTechs      0.500   0.499   0.825   1.000   1.000   1.000   1.000
OtherTechs        0.500   0.580   1.000   1.000   1.000   1.000   1.000
Sales             0.500   0.549   0.648   0.891   1.000   1.000   1.000
Secretaries       0.867   0.875   0.909   0.912   1.000   1.000   1.000
Info.Clerks       0.500   0.000   0.550   0.705   0.744   0.741   0.733
Records           0.500   0.556   0.405   0.579   0.875   0.995   0.848
FinancialClerk    0.500   0.137   0.720   0.804   0.879   1.000   1.000
OfficeMachine     0.500   0.329   0.000   0.000   0.000   1.000   0.000
ComputerTech      0.745   0.000   0.000   0.000   0.000   0.000   1.000
Mail              0.500   0.612   0.667   1.000   0.963   0.668   0.534
Clerks            0.500   0.448   0.618   0.939   0.969   0.945   1.000
Insurance         0.500   0.824   1.000   0.374   0.270   0.261   0.000
Misc.Admin        0.500   1.000   0.580   0.645   0.730   0.753   0.565
PrivateHshld      0.500   0.111   1.000   1.000   1.000   1.000   1.000
Firefighting        NaN   0.500   0.691   0.860   0.875   0.864   0.926
Police            0.500   0.477   0.600   0.737   0.710   0.829   0.976
Guards            0.500   0.542   0.694   0.773   0.709   0.779   0.827
FoodPrep          0.500   0.243   0.000   0.000   0.000   0.000   0.000
HealthService     0.500   0.654   0.816   0.725   0.810   0.798   0.851
Cleaning          0.500   0.475   0.444   0.447   0.375   0.383   0.311
PersonalService   0.500   0.803   0.303   0.532   0.559   0.604   0.693
FarmMgrs          0.500   0.500   0.616   0.597   0.559   0.571   0.763
FarmWork          0.500   0.261   0.081   0.000   0.000   0.000   0.000
Agriculture       0.500   0.464   0.453   0.402   0.308   0.283   0.515
Forest              NaN   0.500   0.718   0.732   0.644   0.737   0.722
Mechanics         0.500   0.484   0.578   0.468   0.470   0.427   0.472
Elec.Repairer     0.500   0.510   0.569   0.541   0.492   0.445   0.445
Misc.Repairer     0.500   0.526   0.554   0.619   0.583   0.567   0.631
Construction      0.500   0.520   0.580   0.575   0.558   0.509   0.617
Extractive        0.500   0.500   0.534   0.507   0.487   0.407   0.540
Supervisor(P)     0.500   0.447   0.517   0.567   0.592   0.589   0.625
MetalWork         0.500   0.550   0.659   0.634   0.637   0.621   0.555
WoodWork          0.500   0.500   0.336   0.383   0.313   0.153   0.150
Textiles          0.500   0.001   0.000   0.000   0.000   0.000   0.000
Other             0.500   0.461   0.468   0.638   0.191   0.596   0.711
Food              0.500   0.437   0.490   0.543   0.599   0.529   0.813
PlantOperator     0.500   0.390   0.551   0.625   0.628   0.739   0.733
MetalMach.        0.500   0.555   0.562   0.581   0.568   0.417   0.281
MetalProc.        0.500   0.539   0.631   0.594   0.549   0.460   0.276
WoodMach.         0.500   0.500   0.445   0.387   0.384   0.266   0.232
TextileMach.      0.500   0.561   0.741   0.744   0.601   0.604   0.645
PrintMach.        0.500   1.000   0.906   1.000   0.000   0.000   0.000
OtherMach.        0.500   0.486   0.445   0.452   0.367   0.342   0.314
Fabricators       0.500   0.459   0.394   0.330   0.256   0.215   0.124
Prod.Inspectors   0.500   0.510   0.545   0.618   0.628   0.605   0.641
MotorVehicle      0.500   0.551   0.713   0.717   0.694   0.651   0.717
OtherVehicle      0.500   0.000   0.000   0.000   0.000   0.000   0.000
Freight           0.500   0.482   0.434   0.449   0.398   0.346   0.335
 
============================================
SPLIT of tauhat into TauW and TauH (young), earnings weighted
 - For comparison with our 1960 assumption
============================================
 
                 1960      1970      1980      1990      2000      2010
-----------------------------------------------------------------------
White Men       0.000     0.000     0.000     0.000     0.000     0.000     0.000
White Women     0.507     0.541     0.679     0.759     0.769     0.764     0.752
Black Men       0.505     0.495     0.477     0.429     0.528     0.522     0.585
Black Women     0.432     0.562     0.668     0.631     0.685     0.697     0.724
-----------------------------------------------------------------------
///Mean///      0.499     0.537     0.651     0.701     0.727     0.724     0.727
  And the mean for all years is      0.652
The mean for yearsafter 1960 is      0.678
 
                 1960      1970      1980      1990      2000      2010
-----------------------------------------------------------------------
White Men       0.000     0.000     0.000     0.000     0.000     0.000     0.000
White Women     0.057     0.159     0.246     0.261     0.286     0.285     0.311
Black Men       0.043     0.270     0.338     0.358     0.415     0.444     0.447
Black Women     0.050     0.202     0.243     0.300     0.324     0.359     0.346
-----------------------------------------------------------------------
/// Std///      0.055     0.179     0.258     0.278     0.308     0.315     0.334
  And the std for all years is      0.247
The std for yearsafter 1960 is      0.279
