year,group,cohort,occ_code,num,occ_income,occ_grade,occ_wage,occ_ln_income_arith,occ_ln_income_geo,occ_ln_wage_arith,occ_ln_wage_geo,occ_var_ln_income,occ_var_ln_wage
2012,0,0,0,24300000.0,,12.60451,,,,,,,
2012,0,0,1,8273344.0,87932.08,15.10609,,11.38432,11.12049,,,0.5156403,
2012,0,0,2,4476900.0,72815.55,15.21636,,11.19568,10.97021,,,0.4036627,
2012,0,0,3,98354.5,79349.78,16.80791,,11.28162,11.10022,,,0.3669707,
2012,0,0,4,1025393.0,89623.73,16.16874,,11.40338,11.29351,,,0.2222584,
2012,0,0,5,1464091.0,72733.02,15.08176,,11.19455,11.04965,,,0.2911296,
2012,0,0,6,357380.0,75902.41,17.58427,,11.2372,11.0679,,,0.3278893,
2012,0,0,7,651013.5,180243.6,18.87854,,12.10206,11.79364,,,0.7018085,
2012,0,0,8,1897522.0,67706.96,15.5993,,11.12294,11.0093,,,0.232181,
2012,0,0,9,590032.5,64543.12,16.83092,,11.07509,10.94292,,,0.2644637,
2012,0,0,10,619180.5,63953.65,18.14641,,11.06591,10.87838,,,0.3796439,
2012,0,0,11,4566223.0,45820.77,16.5598,,10.73249,10.60475,,,0.2856361,
2012,0,0,12,101431.0,49201.66,17.55922,,10.80368,10.70103,,,0.2204067,
2012,0,0,13,320197.5,81328.25,17.11118,,11.30625,11.09848,,,0.3953408,
2012,0,0,14,916874.5,43672.38,16.05845,,10.68447,10.5659,,,0.248193,
2012,0,0,15,658540.0,149727.3,18.82818,,11.91657,11.64655,,,0.565963,
2012,0,0,16,1287228.0,59985.2,15.24686,,11.00185,10.74205,,,0.5387694,
2012,0,0,17,1190529.0,47796.91,13.82313,,10.77472,10.64481,,,0.2538778,
2012,0,0,18,478199.5,55112.96,13.79415,,10.91714,10.80381,,,0.2371362,
2012,0,0,19,85583.5,55794.55,13.98245,,10.92943,10.78968,,,0.2682194,
2012,0,0,20,1335764.0,79238.21,15.27382,,11.28021,11.11537,,,0.3412647,
2012,0,0,21,7562133.0,60123.04,13.75586,,11.00415,10.66552,,,0.6329027,
2012,0,0,22,2009961.0,37029.63,13.40199,,10.51947,10.40926,,,0.2212258,
2012,0,0,23,790160.5,32559.76,13.25036,,10.39083,10.25234,,,0.2520833,
2012,0,0,24,371836.5,36715.58,13.53769,,10.51096,10.39007,,,0.2379797,
2012,0,0,25,1097183.0,38673.34,13.2444,,10.56291,10.44221,,,0.2223183,
2012,0,0,26,57907.5,44642.06,12.91589,,10.70643,10.61967,,,0.1924711,
2012,0,0,27,114380.5,44143.33,13.4875,,10.6952,10.52671,,,0.3175336,
2012,0,0,28,430711.5,47764.79,12.8713,,10.77404,10.66755,,,0.2406766,
2012,0,0,29,1562271.0,38126.19,12.77831,,10.54866,10.39001,,,0.300828,
2012,0,0,30,1901017.0,40551.62,13.62378,,10.61033,10.46121,,,0.2825895,
2012,0,0,31,1392128.0,37449.09,13.51574,,10.53074,10.39873,,,0.2427866,
2012,0,0,32,613923.0,20948.08,11.13902,,9.949802,9.803452,,,0.2796236,
2012,0,0,33,274041.5,69138.25,13.66261,,11.14386,11.04615,,,0.2113333,
2012,0,0,34,1140969.0,61866.49,13.98769,,11.03273,10.91511,,,0.2508093,
2012,0,0,35,579476.0,40259.7,13.10105,,10.60311,10.42241,,,0.3534861,
2012,0,0,36,2875830.0,24288.49,12.24045,,10.09776,9.937634,,,0.2989775,
2012,0,0,37,2225338.0,28465.92,12.70372,,10.25646,10.11837,,,0.2617748,
2012,0,0,38,1267356.0,31934.18,11.81985,,10.37143,10.20712,,,0.3221002,
2012,0,0,39,1717567.0,31209.15,13.23329,,10.34847,10.12473,,,0.4713281,
2012,0,0,40,307038.5,57931.21,12.84802,,10.96701,10.53441,,,0.8876622,
2012,0,0,41,383405.0,27899.21,10.10407,,10.23635,10.06792,,,0.3135823,
2012,0,0,42,839234.5,31805.21,11.5069,,10.36739,10.15941,,,0.3976451,
2012,0,0,43,102209.0,41605.33,11.78167,,10.63598,10.43603,,,0.3901965,
2012,0,0,44,1538380.0,47647.89,12.35885,,10.77159,10.63101,,,0.3071829,
2012,0,0,45,690221.5,50125.07,12.9013,,10.82228,10.69271,,,0.27828,
2012,0,0,46,583739.5,47037.16,12.47538,,10.75869,10.61503,,,0.3094603,
2012,0,0,47,4085566.0,45965.55,11.88478,,10.73565,10.54724,,,0.3918113,
2012,0,0,48,127704.0,59597.79,11.96804,,10.99537,10.85118,,,0.3135754,
2012,0,0,49,567005.0,57491.37,12.85987,,10.95939,10.81545,,,0.2812645,
2012,0,0,50,269257.5,47688.91,12.39742,,10.77245,10.66747,,,0.2247857,
2012,0,0,51,42997.0,36385.57,12.04021,,10.50193,10.35397,,,0.3055641,
2012,0,0,52,48263.0,33076.83,12.09329,,10.40659,10.1455,,,0.4613346,
2012,0,0,53,402175.5,35853.35,13.22681,,10.48719,10.36219,,,0.2312362,
2012,0,0,54,275838.0,29656.92,11.5014,,10.29745,10.16441,,,0.2717963,
2012,0,0,55,168110.5,60604.48,12.92937,,11.01212,10.88045,,,0.2799187,
2012,0,0,56,104481.5,36332.5,11.86108,,10.50047,10.38256,,,0.2419259,
2012,0,0,57,37003.5,38014.28,11.9926,,10.54572,10.43234,,,0.23552,
2012,0,0,58,263584.5,36429.5,11.82525,,10.50313,10.38785,,,0.2410284,
2012,0,0,59,140384.0,39271.25,12.36727,,10.57825,10.46824,,,0.2297021,
2012,0,0,60,218167.0,25710.15,11.19598,,10.15464,9.999221,,,0.2854372,
2012,0,0,61,1174708.0,38182.94,11.88037,,10.55014,10.39672,,,0.3132713,
2012,0,0,62,950428.5,38034.9,11.93298,,10.54626,10.40716,,,0.2851916,
2012,0,0,63,410156.0,44075.84,12.80396,,10.69367,10.5434,,,0.3069217,
2012,0,0,64,2738068.0,41820.52,12.15391,,10.64114,10.47814,,,0.3274587,
2012,0,0,65,424067.5,53930.7,12.16581,,10.89546,10.74695,,,0.3129348,
2012,0,0,66,1445890.0,32354.13,11.76127,,10.3845,10.2261,,,0.3114457,
2012,1,0,0,6297326.0,,13.67917,,,,,,,
2012,1,0,1,4580216.0,102302.2,15.16166,41.7336,11.53569,11.26749,3.731307,3.476757,0.5337078,0.5118353
2012,1,0,2,1743535.0,93056.95,15.73848,39.60057,11.44097,11.18574,3.678843,3.449966,0.4699421,0.4281208
2012,1,0,3,69935.5,84887.48,16.93793,36.48323,11.34908,11.16355,3.596853,3.426198,0.3768626,0.3584034
2012,1,0,4,851571.5,91434.49,16.17354,40.22709,11.42338,11.31573,3.694541,3.588429,0.216529,0.2180939
2012,1,0,5,926002.5,76625.95,15.2035,34.28503,11.24669,11.09855,3.534709,3.398078,0.2963718,0.2783099
2012,1,0,6,203763.5,82285.78,17.6764,36.43518,11.31795,11.13521,3.595535,3.417962,0.3527919,0.3555772
2012,1,0,7,372449.5,207090.7,19.08961,81.66802,12.24091,11.95326,4.402663,4.097183,0.6895434,0.7423088
2012,1,0,8,203699.5,90590.2,16.43326,42.20085,11.4141,11.25523,3.74244,3.592762,0.3127307,0.2991684
2012,1,0,9,120082.0,80627.38,16.99584,36.65351,11.29759,11.12498,3.601509,3.442184,0.3407373,0.312764
2012,1,0,10,285904.5,70105.46,19.34132,30.15245,11.15776,10.94657,3.406266,3.210515,0.4197254,0.3986911
2012,1,0,11,907750.5,54555.45,17.28667,24.53861,10.90697,10.80045,3.200248,3.091255,0.2251015,0.2245646
2012,1,0,12,20788.5,55828.44,18.17832,26.21445,10.93004,10.80567,3.266311,3.160716,0.2532208,0.2210798
2012,1,0,13,118939.5,97748.55,17.25708,41.65555,11.49015,11.26136,3.729435,3.526166,0.4403372,0.3991205
2012,1,0,14,290596.5,47052.89,16.62727,20.5527,10.75903,10.62786,3.022992,2.892224,0.2769744,0.2774824
2012,1,0,15,382698.5,168279.9,19.04376,65.7271,12.03338,11.76523,4.185511,3.937375,0.5794404,0.5356439
2012,1,0,16,662700.0,67029.24,15.79691,29.30537,11.11288,10.84903,3.377771,3.133211,0.5305644,0.499261
2012,1,0,17,242598.5,58204.34,14.40837,25.93503,10.97171,10.81907,3.255594,3.102678,0.2850003,0.2873968
2012,1,0,18,346083.5,57445.16,13.85167,26.23158,10.95859,10.85195,3.266964,3.164522,0.2234297,0.218527
2012,1,0,19,49890.5,59097.39,14.00006,26.44995,10.98694,10.84634,3.275254,3.139155,0.2636276,0.2602209
2012,1,0,20,812002.5,90345.64,15.75665,40.4346,11.4114,11.2611,3.699686,3.553138,0.3167841,0.3111317
2012,1,0,21,3870196.0,73958.81,14.26186,30.88811,11.21126,10.88904,3.430371,3.134964,0.6070616,0.5550204
2012,1,0,22,81809.5,48223.2,14.66695,22.09787,10.7836,10.61119,3.095481,2.945737,0.313346,0.2777715
2012,1,0,23,103514.5,45489.27,14.48287,20.50901,10.72523,10.48414,3.020864,2.822687,0.4241262,0.3651561
2012,1,0,24,68423.0,43241.22,14.40292,20.08777,10.67455,10.5117,3.000111,2.855549,0.3096139,0.2820835
2012,1,0,25,107448.0,52440.38,14.40418,23.6428,10.86743,10.65305,3.163059,2.976045,0.368765,0.3378792
2012,1,0,26,19237.0,47065.71,13.29298,22.38886,10.7593,10.67136,3.108563,3.028064,0.1935036,0.17443
2012,1,0,27,41452.0,56222.91,14.12981,26.0136,10.93708,10.7677,3.25862,3.102707,0.3278829,0.312331
2012,1,0,28,214769.5,50928.11,13.2104,23.04628,10.83817,10.72774,3.137504,3.039207,0.2436712,0.2232313
2012,1,0,29,778338.0,41567.53,13.16398,18.96917,10.63507,10.46472,2.942815,2.796175,0.3194399,0.2754594
2012,1,0,30,473331.5,49933.32,14.33403,22.62278,10.81844,10.62399,3.118957,2.949251,0.3671135,0.3245381
2012,1,0,31,211919.0,50373.23,14.54761,22.94457,10.82722,10.60482,3.133081,2.938648,0.3884615,0.3430797
2012,1,0,32,48538.5,25941.44,11.91209,12.60756,10.1636,10.02168,2.534297,2.404211,0.2666885,0.2520182
2012,1,0,33,241214.0,69950.13,13.69698,26.62823,11.15554,11.05916,3.281972,3.170361,0.2085338,0.2382266
2012,1,0,34,783673.0,65288.85,13.99862,29.44102,11.08658,10.97795,3.382389,3.276435,0.2306754,0.2269555
2012,1,0,35,292014.5,43125.02,13.62443,19.79601,10.67186,10.48976,2.985481,2.823619,0.3551439,0.3168266
2012,1,0,36,1104650.0,27904.32,13.08601,13.078,10.23654,10.06771,2.570931,2.428573,0.3143416,0.2715905
2012,1,0,37,181069.5,38163.63,14.06112,17.66192,10.54964,10.32227,2.871411,2.662645,0.3859517,0.3654517
2012,1,0,38,726162.5,36141.24,12.44971,16.89375,10.49519,10.33556,2.826944,2.681406,0.3131305,0.2875718
2012,1,0,39,295048.0,42509.48,14.20112,19.52409,10.65748,10.44502,2.971649,2.772839,0.4328271,0.4144479
2012,1,0,40,262522.5,60626.02,12.91712,21.73134,11.01248,10.59582,3.078755,2.643748,0.8426321,0.8939898
2012,1,0,41,290203.5,28687.83,10.16754,12.06252,10.26423,10.11106,2.490103,2.339394,0.2892574,0.284722
2012,1,0,42,652270.0,33127.98,11.77998,15.03506,10.40813,10.19687,2.710385,2.521832,0.4024324,0.3688452
2012,1,0,43,89857.0,42753.59,11.89344,17.62788,10.66321,10.4601,2.869482,2.668178,0.3966924,0.4040367
2012,1,0,44,1381467.0,48056.96,12.4293,21.23267,10.78014,10.63956,3.055541,2.920223,0.3077789,0.301269
2012,1,0,45,583325.0,50512.05,13.02157,23.16484,10.82997,10.7023,3.142636,3.018269,0.2745568,0.2704138
2012,1,0,46,502535.5,48030.74,12.60491,21.85892,10.7796,10.638,3.084609,2.949003,0.3043121,0.2945783
2012,1,0,47,3720166.0,46490.7,12.16656,21.22972,10.74701,10.55957,3.055402,2.880642,0.3889969,0.3683235
2012,1,0,48,118145.0,60457.52,11.99218,22.78594,11.0097,10.86737,3.126144,2.983644,0.3097008,0.3083175
2012,1,0,49,426528.5,60512.3,12.83303,25.88422,11.0106,10.87723,3.253633,3.130019,0.2590245,0.2406272
2012,1,0,50,240985.0,48803.27,12.45753,21.78008,10.79555,10.69677,3.080996,2.987962,0.2120219,0.2003781
2012,1,0,51,37263.0,37159.21,12.28938,17.05143,10.52297,10.37996,2.836234,2.702532,0.2997948,0.2904772
2012,1,0,52,23597.5,38838.83,11.97152,17.77277,10.56718,10.29839,2.877667,2.62195,0.4257359,0.4171605
2012,1,0,53,92810.5,42324.29,13.34325,19.86074,10.65312,10.50131,2.988745,2.851209,0.2888573,0.2702158
2012,1,0,54,139274.0,33050.35,11.51886,15.34835,10.40579,10.28219,2.731008,2.618641,0.2533216,0.2358941
2012,1,0,55,141575.5,62110.27,12.94588,28.03106,11.03667,10.90639,3.333313,3.209852,0.2759075,0.2680457
2012,1,0,56,77520.5,37854.71,11.8333,17.17159,10.54151,10.43451,2.843256,2.745039,0.2216183,0.2058757
2012,1,0,57,25859.0,40905.16,12.08554,18.25837,10.61901,10.51522,2.904623,2.812755,0.2194546,0.1977283
2012,1,0,58,185945.0,38462.01,11.92355,17.55997,10.55743,10.44989,2.865622,2.762681,0.223391,0.2140213
2012,1,0,59,100336.0,41717.36,12.47087,19.68522,10.63867,10.54159,2.979868,2.888514,0.2045515,0.1953674
2012,1,0,60,66391.0,31832.27,11.65159,15.10578,10.36824,10.20565,2.715077,2.567481,0.3169852,0.2874617
2012,1,0,61,721069.0,41741.13,12.05045,19.02339,10.63924,10.50059,2.945669,2.818916,0.2858718,0.2627301
2012,1,0,62,627787.5,41231.82,12.02944,18.66267,10.62697,10.49321,2.926525,2.805623,0.2757409,0.2545851
2012,1,0,63,228131.0,50293.97,13.06842,22.17368,10.82564,10.7005,3.098906,2.981277,0.2540636,0.2388405
2012,1,0,64,1944424.0,43598.12,12.30066,18.20751,10.68277,10.52383,2.901834,2.756091,0.3167053,0.2920401
2012,1,0,65,372843.5,54814.78,12.25482,23.16061,10.91172,10.76397,3.142453,3.004274,0.3076308,0.2874799
2012,1,0,66,881832.0,34593.94,12.29813,16.21577,10.45143,10.29767,2.785984,2.6431,0.3030305,0.2808447
2012,2,0,0,13800000.0,,14.90933,,,,,,,
2012,2,0,1,2981205.0,70527.07,15.48045,30.86562,11.16375,10.94269,3.429643,3.22794,0.434219,0.4028094
2012,2,0,2,2194841.0,60277.12,15.38894,27.59146,11.00671,10.83667,3.317507,3.16629,0.3146728,0.284629
2012,2,0,3,24711.0,63048.22,17.9087,29.46548,11.05165,10.91291,3.383219,3.251837,0.3011525,0.2859855
2012,2,0,4,116173.5,80506.17,16.81851,36.8672,11.29609,11.18325,3.607322,3.499113,0.2334866,0.2277443
2012,2,0,5,362629.5,66509.4,15.52725,30.91562,11.1051,10.96917,3.431262,3.303216,0.2760797,0.2619478
2012,2,0,6,134889.5,67345.52,18.19092,30.82762,11.11759,10.97662,3.428411,3.291756,0.2804701,0.2812647
2012,2,0,7,235975.5,136802.7,19.86562,57.86177,11.82629,11.53256,4.058057,3.738107,0.6218686,0.7050875
2012,2,0,8,1454648.0,64686.29,16.6386,31.86464,11.0773,10.98216,3.461497,3.368952,0.199239,0.1959838
2012,2,0,9,420909.5,59926.98,18.31409,29.45196,11.00088,10.89726,3.38276,3.282466,0.218849,0.2129813
2012,2,0,10,283669.5,57900.0,19.98557,25.93588,10.96647,10.81068,3.255627,3.107875,0.3306516,0.3155474
2012,2,0,11,3097612.0,43834.88,17.42624,20.47545,10.68818,10.56583,3.019227,2.90126,0.2779178,0.2581775
2012,2,0,12,73824.0,47285.65,18.76195,23.15503,10.76396,10.67068,3.142212,3.052296,0.2078133,0.1976189
2012,2,0,13,178278.5,71167.89,18.17699,32.42085,11.1728,11.001,3.478802,3.323574,0.3317267,0.3075486
2012,2,0,14,447423.0,41564.11,17.24401,19.96499,10.63499,10.53052,2.99398,2.89187,0.2247998,0.2191434
2012,2,0,15,234001.5,124822.3,19.39931,52.47137,11.73465,11.48582,3.960268,3.733759,0.5056289,0.4610595
2012,2,0,16,535931.5,51680.37,16.85756,23.89273,10.85283,10.61609,3.173574,2.952703,0.519083,0.4909268
2012,2,0,17,738593.5,45176.13,14.78063,22.38778,10.71832,10.6081,3.108515,2.996743,0.2258637,0.2305369
2012,2,0,18,90198.0,46966.93,14.9407,22.29325,10.7572,10.63767,3.104284,2.99234,0.2374189,0.2255298
2012,2,0,19,26490.0,50436.53,14.50615,23.58374,10.82847,10.68388,3.160558,3.0228,0.2834805,0.2682261
2012,2,0,20,415068.0,59986.42,15.27481,28.29315,11.00187,10.85778,3.34262,3.206077,0.2906426,0.2775504
2012,2,0,21,2916908.0,45350.72,14.58836,20.71206,10.72218,10.4273,3.030716,2.773809,0.5504231,0.4807085
2012,2,0,22,1694123.0,36384.27,14.08379,17.8332,10.50189,10.39618,2.881062,2.781139,0.214844,0.2027121
2012,2,0,23,558350.0,30317.81,14.11363,14.94097,10.31949,10.20984,2.704107,2.6053,0.2112575,0.1922123
2012,2,0,24,242575.0,34994.07,14.54963,17.01933,10.46293,10.35353,2.83435,2.734038,0.2203374,0.2050858
2012,2,0,25,855552.5,37011.76,13.89835,18.01044,10.51899,10.41724,2.890952,2.795522,0.1972573,0.1862672
2012,2,0,26,19721.0,41001.22,13.31068,19.92775,10.62136,10.53029,2.992113,2.903756,0.2064797,0.2023786
2012,2,0,27,52176.5,36996.7,13.76673,17.9429,10.51858,10.37427,2.887194,2.751365,0.2677616,0.2463593
2012,2,0,28,115634.0,43646.76,13.5254,20.9844,10.68388,10.59662,3.043779,2.962239,0.2082434,0.1966605
2012,2,0,29,523027.0,34687.49,13.42809,16.52356,10.45413,10.32359,2.804787,2.689929,0.2573886,0.2271187
2012,2,0,30,1042316.0,37745.88,13.98835,18.09914,10.53863,10.41436,2.895864,2.784648,0.2443212,0.2199839
2012,2,0,31,949795.5,34922.43,14.12889,17.02267,10.46088,10.35614,2.834546,2.737957,0.2053607,0.1905615
2012,2,0,32,424942.5,19860.78,12.84562,10.18637,9.896502,9.753524,2.321051,2.186215,0.2762182,0.2611752
2012,2,0,33,10736.5,62960.74,14.39808,25.5483,11.05027,10.95524,3.240571,3.130044,0.2022906,0.2302745
2012,2,0,34,160441.5,54520.29,14.38086,25.24624,10.90633,10.78241,3.228677,3.109185,0.2594065,0.2532674
2012,2,0,35,90761.5,38808.38,14.1375,18.34767,10.56639,10.3894,2.909503,2.747733,0.3430952,0.3151169
2012,2,0,36,1327004.0,21415.5,14.08054,10.95934,9.97187,9.832745,2.394192,2.269569,0.2606797,0.2367646
2012,2,0,37,1329922.0,27628.94,13.85913,13.72648,10.22662,10.10484,2.619327,2.502204,0.2379869,0.2339787
2012,2,0,38,286229.0,23949.29,12.78024,11.78896,10.08369,9.947981,2.467164,2.343837,0.2630522,0.2401302
2012,2,0,39,1092996.0,28139.22,14.74076,13.68406,10.24492,10.03066,2.616231,2.403897,0.4544771,0.459217
2012,2,0,40,40851.5,38817.53,14.17894,15.60399,10.56663,10.10253,2.747527,2.283073,1.01137,1.042512
2012,2,0,41,76032.5,24237.97,11.07211,10.90396,10.09568,9.882424,2.389126,2.189543,0.3686597,0.3745401
2012,2,0,42,117325.5,27417.46,13.46157,13.14318,10.21894,10.03051,2.575903,2.396611,0.3699159,0.3612522
2012,2,0,43,7467.0,34796.31,13.74434,16.18946,10.45727,10.30746,2.78436,2.625643,0.3017061,0.3220531
2012,2,0,44,36011.5,46901.43,13.29681,21.19629,10.7558,10.60582,3.053826,2.909982,0.3294256,0.3195633
2012,2,0,45,35623.5,47641.43,13.75617,22.39728,10.77146,10.63361,3.108939,2.969992,0.2895968,0.2945648
2012,2,0,46,26013.5,38422.01,13.75747,18.40583,10.55639,10.37303,2.912668,2.733681,0.400441,0.3938176
2012,2,0,47,89381.5,40156.45,13.21553,18.82872,10.60054,10.37434,2.935383,2.717482,0.4864928,0.4670117
2012,2,0,48,2581.0,49955.68,12.74777,22.23742,10.81889,10.65952,3.101777,2.98236,0.3320092,0.2610503
2012,2,0,49,82666.5,47390.32,13.15241,21.27559,10.76617,10.59497,3.05756,2.900138,0.3159925,0.2917686
2012,2,0,50,11325.0,36021.13,12.41943,16.80475,10.49186,10.33467,2.821661,2.666425,0.2814137,0.2616776
2012,2,0,51,3610.5,30006.26,13.09708,14.54882,10.30916,10.18562,2.67751,2.548795,0.2517372,0.2680087
2012,2,0,52,21197.0,26393.97,13.82035,12.54204,10.18089,9.951973,2.529086,2.318728,0.4635012,0.4395524
2012,2,0,53,253143.5,33103.75,13.99705,16.52045,10.4074,10.30612,2.804599,2.70799,0.1937321,0.1814695
2012,2,0,54,91414.5,24428.86,12.56316,12.06945,10.10352,9.983243,2.490677,2.384937,0.2510799,0.2267368
2012,2,0,55,6639.5,52157.28,13.48565,24.15526,10.86202,10.73497,3.184502,3.063515,0.2827674,0.2666979
2012,2,0,56,14516.0,29856.55,11.97286,13.90028,10.30416,10.15384,2.631909,2.494928,0.2747212,0.2433014
2012,2,0,57,5249.5,28220.55,11.56815,13.50444,10.24781,10.16686,2.603019,2.52457,0.1696591,0.1627884
2012,2,0,58,40260.0,29118.35,11.61212,13.68127,10.27912,10.17958,2.616028,2.526428,0.2161333,0.1999125
2012,2,0,59,26046.0,30433.7,13.02791,14.82862,10.32331,10.22089,2.696559,2.597319,0.2046312,0.1960924
2012,2,0,60,108018.0,21815.54,11.67352,10.816,9.990377,9.873489,2.381027,2.274883,0.2231566,0.2061182
2012,2,0,61,251730.5,29508.09,11.93728,14.03441,10.29242,10.1518,2.641512,2.515193,0.2724775,0.2426027
2012,2,0,62,185225.0,29017.42,12.04523,13.80402,10.27565,10.16765,2.62496,2.524209,0.2234382,0.2081544
2012,2,0,63,123692.5,35376.62,12.87028,16.53458,10.47381,10.32434,2.805454,2.668939,0.2901825,0.2632472
2012,2,0,64,234616.0,32526.42,13.90289,15.02071,10.38981,10.21155,2.70943,2.550072,0.3379151,0.307632
2012,2,0,65,9726.0,48068.57,12.97399,20.87158,10.78038,10.63215,3.038389,2.916386,0.321427,0.2644185
2012,2,0,66,270356.0,26045.65,12.32938,12.73187,10.16761,10.03032,2.544108,2.415972,0.2691652,0.2487528
2012,3,0,0,2100691.0,,12.53897,,,,,,,
2012,3,0,1,317158.0,74323.95,15.21416,31.55029,11.21619,10.9915,3.451583,3.238698,0.4481556,0.4328779
2012,3,0,2,186824.0,62450.97,15.23497,28.31742,11.04214,10.87081,3.343477,3.178606,0.3369342,0.3306009
2012,3,0,3,2962.5,71113.2,16.60962,31.8726,11.17203,11.03588,3.461747,3.346162,0.2569654,0.2407153
2012,3,0,4,46299.0,82666.48,16.11439,37.01769,11.32257,11.2005,3.611396,3.485621,0.2503376,0.2622539
2012,3,0,5,108650.0,66977.63,14.99625,30.86633,11.11211,10.9918,3.429666,3.311981,0.2540695,0.252977
2012,3,0,6,8486.0,66453.67,17.47243,30.6479,11.10426,10.97243,3.422564,3.292387,0.2848941,0.2786885
2012,3,0,7,20363.5,193333.1,18.89002,74.00188,12.17217,11.8788,4.30409,3.984518,0.685043,0.7425871
2012,3,0,8,27832.5,72436.47,15.98362,34.16193,11.19046,11.05089,3.531112,3.401003,0.2773836,0.2661433
2012,3,0,9,13263.5,71426.88,15.8805,33.25376,11.17643,10.93315,3.504168,3.266992,0.474071,0.467177
2012,3,0,10,20554.5,67187.41,19.61172,29.51818,11.11524,10.9234,3.385006,3.200354,0.3911196,0.3797368
2012,3,0,11,129493.0,46910.32,16.39624,21.69021,10.75599,10.63838,3.076861,2.961057,0.2510554,0.2448021
2012,3,0,12,1263.0,43702.16,16.70942,20.82948,10.68515,10.61868,3.03637,2.967262,0.1276354,0.1386826
2012,3,0,13,9412.5,77555.88,16.78364,35.40121,11.25875,11.05237,3.566746,3.377377,0.4142987,0.390747
2012,3,0,14,54977.0,46722.51,16.03785,20.96993,10.75198,10.5861,3.043089,2.883348,0.3216362,0.3112612
2012,3,0,15,16870.0,127168.6,18.77783,49.43909,11.75327,11.53706,3.900741,3.707143,0.4543292,0.4172537
2012,3,0,16,54305.0,55005.72,15.6939,24.63257,10.91519,10.64874,3.20407,2.956532,0.5700148,0.541467
2012,3,0,17,44006.0,51640.33,13.97264,24.12609,10.85206,10.70151,3.183294,3.036097,0.2769121,0.2727147
2012,3,0,18,30452.0,55122.21,13.79548,25.39622,10.91731,10.7989,3.234601,3.115295,0.2576068,0.256508
2012,3,0,19,5090.0,56656.17,13.63772,26.5734,10.94476,10.85621,3.279911,3.194651,0.1844154,0.174186
2012,3,0,20,55142.5,76955.85,15.55013,35.40385,11.25099,11.11413,3.566821,3.425343,0.2778058,0.2835704
2012,3,0,21,333167.5,47319.96,14.01822,21.00705,10.76469,10.52357,3.044858,2.825372,0.4628119,0.4173457
2012,3,0,22,15332.0,43397.71,14.48448,20.36853,10.67816,10.5345,3.013991,2.882185,0.3152807,0.2920223
2012,3,0,23,18360.5,37750.14,13.97593,17.81543,10.53874,10.36838,2.880065,2.720336,0.3204243,0.3026225
2012,3,0,24,14615.5,38831.61,13.98741,18.58506,10.56699,10.4748,2.922358,2.828237,0.1901377,0.1992298
2012,3,0,25,20919.5,42803.68,13.72571,20.01563,10.66438,10.48374,2.996513,2.83556,0.3119794,0.2851854
2012,3,0,26,7589.5,47277.22,12.98715,22.84933,10.76378,10.6795,3.128922,3.044158,0.168121,0.1719842
2012,3,0,27,6379.0,43376.05,13.89246,20.63599,10.67766,10.58937,3.027037,2.943197,0.1842538,0.177549
2012,3,0,28,61626.5,46414.95,13.18887,21.49844,10.74538,10.6305,3.067981,2.958668,0.2550294,0.2431921
2012,3,0,29,159360.0,35393.41,13.15459,16.70883,10.47428,10.31209,2.815937,2.666746,0.3123131,0.2840759
2012,3,0,30,95707.0,38851.89,14.10534,18.3141,10.56751,10.42515,2.907671,2.778609,0.2844253,0.2589114
2012,3,0,31,42214.0,40674.93,14.10883,19.45098,10.61337,10.48958,2.967898,2.850312,0.2570217,0.2506692
2012,3,0,32,25871.5,26201.94,12.47376,12.97289,10.17359,10.04758,2.562862,2.44101,0.2586207,0.2448073
2012,3,0,33,21009.0,62856.48,13.54039,24.49902,11.04861,10.94051,3.198633,3.082468,0.2341531,0.2456812
2012,3,0,34,121082.0,56762.36,13.86656,25.76894,10.94663,10.82212,3.24917,3.125453,0.2711015,0.2744575
2012,3,0,35,131319.0,38258.69,13.41963,18.23395,10.55213,10.39017,2.903285,2.745128,0.3220005,0.3128534
2012,3,0,36,219753.5,24794.25,13.05813,12.03813,10.11837,9.970357,2.488079,2.356911,0.3013096,0.2683046
2012,3,0,37,96738.5,31692.91,13.5454,14.96533,10.36385,10.21768,2.705736,2.565085,0.2902101,0.2863997
2012,3,0,38,177385.0,29652.94,12.73085,14.22041,10.29732,10.16388,2.654678,2.52872,0.2751027,0.2595241
2012,3,0,39,85783.0,35328.42,13.87479,16.47857,10.47244,10.29919,2.802061,2.629438,0.3774686,0.3782581
2012,3,0,40,3068.5,60061.8,13.29998,25.16295,11.00313,10.46285,3.225373,2.695061,0.8388537,0.8379595
2012,3,0,41,15244.0,28187.26,11.43775,12.73923,10.24663,10.0081,2.544687,2.314885,0.3773894,0.3941472
2012,3,0,42,62557.0,26244.06,12.51897,12.54965,10.17519,10.00995,2.529693,2.368688,0.3321095,0.3249652
2012,3,0,43,4464.5,31744.58,11.9897,13.99224,10.36548,10.21459,2.638503,2.473037,0.3149036,0.3291919
2012,3,0,44,113942.0,42893.75,12.80831,19.50814,10.66648,10.53735,2.970832,2.84305,0.2769133,0.280288
2012,3,0,45,64690.0,47838.61,13.40844,22.00734,10.77559,10.63496,3.091376,2.952175,0.3024741,0.2968643
2012,3,0,46,50775.5,41863.59,12.59338,19.56441,10.64217,10.51618,2.973712,2.852356,0.2727024,0.2641524
2012,3,0,47,265797.5,40880.51,12.48959,18.99168,10.61841,10.43837,2.944001,2.767548,0.3780345,0.3685682
2012,3,0,48,6749.0,48970.99,12.13217,18.72446,10.79898,10.65819,2.929831,2.779095,0.3080845,0.3114067
2012,3,0,49,42244.0,51709.7,12.95869,22.59985,10.8534,10.72595,3.117944,3.001093,0.2540144,0.2315402
2012,3,0,50,15453.0,39723.91,12.47764,18.25066,10.58971,10.47626,2.904201,2.805897,0.2408588,0.2057912
2012,3,0,51,1707.0,36705.81,11.30404,17.51937,10.51069,10.24737,2.863307,2.625224,0.4812261,0.4379777
2012,3,0,52,2222.5,29137.41,12.28661,14.24762,10.27978,10.13084,2.65659,2.524161,0.3510179,0.3014165
2012,3,0,53,16069.5,43988.27,13.55904,20.99018,10.69168,10.48053,3.044055,2.841213,0.3118941,0.2980425
2012,3,0,54,26076.5,31709.76,12.21475,15.15242,10.36438,10.23076,2.71816,2.593089,0.2575443,0.2428902
2012,3,0,55,18028.5,53323.1,12.91599,24.29831,10.88412,10.75336,3.190407,3.065831,0.2851778,0.2714763
2012,3,0,56,9692.0,35075.64,12.66178,16.11297,10.46526,10.35975,2.779624,2.672598,0.2225999,0.2280915
2012,3,0,57,4803.0,34781.16,12.37185,15.74096,10.45683,10.313,2.756266,2.625896,0.2871352,0.2607599
2012,3,0,58,26740.5,35187.05,12.24839,16.19896,10.46843,10.34193,2.784947,2.663962,0.2676576,0.2542752
2012,3,0,59,9551.0,39983.07,12.74798,19.14623,10.59621,10.44226,2.952106,2.798666,0.3149333,0.3154749
2012,3,0,60,17806.0,28632.63,12.36263,13.68622,10.2623,10.12058,2.616389,2.477534,0.2413162,0.2326805
2012,3,0,61,134568.5,38523.14,12.39903,17.70411,10.55901,10.39642,2.873797,2.723331,0.3398413,0.3148298
2012,3,0,62,88861.5,37675.49,12.31933,17.34455,10.53677,10.39378,2.853278,2.715924,0.3046098,0.2914086
2012,3,0,63,28506.5,41926.87,13.17443,19.40749,10.64368,10.50404,2.965659,2.825586,0.3093936,0.3076175
2012,3,0,64,469250.0,40104.82,12.68139,17.40667,10.59925,10.44599,2.856853,2.713291,0.3182944,0.3042188
2012,3,0,65,37982.5,47699.13,12.41072,20.79504,10.77267,10.6247,3.034715,2.886456,0.3421226,0.3477611
2012,3,0,66,227300.5,31676.85,12.75489,15.05912,10.36334,10.20321,2.711984,2.559841,0.328066,0.3099646
2012,4,0,0,2140888.0,,13.7809,,,,,,,
2012,4,0,1,394764.5,60087.22,15.39257,27.12665,11.00355,10.82555,3.300517,3.130907,0.3754247,0.3602331
2012,4,0,2,351700.0,53591.75,15.26876,25.3387,10.88915,10.75982,3.232333,3.107472,0.260122,0.2530413
2012,4,0,3,745.5,82988.14,17.51308,33.89228,11.32645,11.0487,3.523187,3.370166,0.4047634,0.283778
2012,4,0,4,11349.0,72461.26,16.48163,33.81232,11.19081,11.09755,3.520825,3.428841,0.1958512,0.1958493
2012,4,0,5,66809.0,60670.01,15.33335,28.55589,11.0132,10.88722,3.351863,3.22808,0.257827,0.2605917
2012,4,0,6,10241.0,66138.67,18.0415,31.32133,11.09951,10.9753,3.444299,3.325872,0.2614372,0.2501079
2012,4,0,7,22225.0,140478.6,19.03217,56.78814,11.85281,11.57867,4.039328,3.743259,0.5529288,0.6107029
2012,4,0,8,211342.0,64368.01,15.84412,31.20556,11.07237,10.9398,3.440596,3.308104,0.2934177,0.29378
2012,4,0,9,35777.5,54977.19,16.81367,26.49046,10.91467,10.79534,3.276785,3.159384,0.2495441,0.2460257
2012,4,0,10,29052.0,55806.84,19.37911,25.75816,10.92965,10.78729,3.248752,3.111238,0.32285,0.3084647
2012,4,0,11,431368.0,39810.17,16.25636,19.13524,10.59188,10.43165,2.951532,2.796659,0.3523646,0.3359796
2012,4,0,12,5555.5,48249.15,17.78364,23.30282,10.78413,10.68616,3.148574,3.05832,0.2133168,0.1952581
2012,4,0,13,13567.0,61316.66,17.91133,28.24278,11.02381,10.8654,3.340838,3.195469,0.3485559,0.3357244
2012,4,0,14,123878.0,41447.29,16.24253,19.94248,10.63218,10.52959,2.992852,2.891216,0.2120529,0.2135621
2012,4,0,15,24970.0,97364.8,18.76868,41.98038,11.48622,11.30044,3.737202,3.56526,0.391236,0.3637717
2012,4,0,16,34291.0,53552.86,16.37818,25.07653,10.88842,10.66836,3.221932,3.010273,0.4667896,0.4665223
2012,4,0,17,165331.0,42208.51,13.77666,20.55328,10.65038,10.52188,3.023021,2.893799,0.2538689,0.254567
2012,4,0,18,11466.0,46175.57,14.19301,22.07713,10.74021,10.61778,3.094542,2.973331,0.2820577,0.2700421
2012,4,0,19,4113.0,47563.36,14.08485,22.26674,10.76982,10.67842,3.103094,3.007006,0.1930442,0.2022075
2012,4,0,20,53550.5,59381.38,15.34619,28.35706,10.99174,10.86343,3.344876,3.219164,0.2725405,0.2689411
2012,4,0,21,441862.5,32872.15,14.24043,15.75225,10.40038,10.16908,2.756983,2.557887,0.443686,0.3812836
2012,4,0,22,218696.5,37280.96,13.98678,18.23023,10.52624,10.42385,2.903081,2.803487,0.2107479,0.2068482
2012,4,0,23,109935.5,30617.2,13.87459,15.0171,10.32932,10.22499,2.709189,2.610057,0.2183205,0.2092651
2012,4,0,24,46223.0,35083.79,13.98544,17.12387,10.46549,10.36798,2.840473,2.744422,0.2045357,0.2007542
2012,4,0,25,113263.0,37220.99,13.49177,18.10336,10.52463,10.42047,2.896098,2.794705,0.2056775,0.199885
2012,4,0,26,11360.0,44662.33,13.29665,21.84356,10.70689,10.63747,3.083906,3.015382,0.1627903,0.1564199
2012,4,0,27,14373.0,34440.33,13.55201,16.8231,10.44698,10.33406,2.822753,2.714633,0.2306991,0.2197101
2012,4,0,28,38681.5,43998.07,13.37252,20.96796,10.6919,10.59249,3.042995,2.948066,0.2524489,0.2395936
2012,4,0,29,101545.5,33132.88,13.47287,15.91217,10.40828,10.26761,2.767084,2.638479,0.2710113,0.2503008
2012,4,0,30,289662.5,35590.4,13.99075,17.25392,10.47983,10.37074,2.848039,2.74552,0.2183858,0.2031738
2012,4,0,31,188199.0,34758.68,13.89841,17.03888,10.45618,10.35827,2.835498,2.739354,0.2017291,0.1977699
2012,4,0,32,114570.5,21149.16,12.4828,10.56615,9.959355,9.816882,2.357656,2.228802,0.2580467,0.2377552
2012,4,0,33,1082.0,68856.8,14.39187,27.01485,11.13978,11.06015,3.296386,3.179442,0.150997,0.2312407
2012,4,0,34,75772.0,49195.88,14.00552,23.05445,10.80357,10.67665,3.137859,3.007931,0.2641877,0.2754919
2012,4,0,35,65381.0,33072.04,13.5347,16.07012,10.40644,10.22164,2.776962,2.60255,0.3594737,0.3364695
2012,4,0,36,224422.5,20835.22,13.28403,10.5556,9.9444,9.80722,2.356657,2.229893,0.2611489,0.2411721
2012,4,0,37,617608.0,26783.85,13.39609,13.06034,10.19555,10.06925,2.56958,2.450106,0.2531193,0.2405999
2012,4,0,38,77579.0,23851.44,12.70657,11.66013,10.0796,9.952694,2.456175,2.335017,0.2599574,0.2468742
2012,4,0,39,243740.0,28235.72,14.15745,13.35889,10.24834,10.04905,2.592182,2.400832,0.4409708,0.4253654
2012,4,0,40,596.0,26026.34,11.91107,10.79229,10.16686,10.08641,2.378832,2.252366,0.147077,0.2298131
2012,4,0,41,1925.0,21094.94,10.83948,10.34342,9.956789,9.793196,2.336351,2.170326,0.3352054,0.3444831
2012,4,0,42,7082.0,29187.71,13.03572,13.86227,10.2815,10.09208,2.629171,2.446715,0.3754937,0.3624707
2012,4,0,43,420.5,25601.73,13.22473,11.85075,10.15042,10.02534,2.472391,2.337227,0.2517755,0.2683604
2012,4,0,44,6959.5,46702.12,13.39795,21.03376,10.75154,10.56804,3.046129,2.889998,0.401498,0.3352412
2012,4,0,45,6583.0,52128.2,13.82941,24.59524,10.86146,10.7402,3.202553,3.082536,0.2437844,0.2521386
2012,4,0,46,4415.0,41862.34,12.93205,20.06636,10.64214,10.49878,2.999045,2.866441,0.288301,0.2769693
2012,4,0,47,10220.5,37590.8,13.05122,17.56064,10.53451,10.37745,2.86566,2.726951,0.345051,0.3057417
2012,4,0,48,229.0,32114.42,13.03493,15.74236,10.37706,10.25865,2.756355,2.637942,0.2512518,0.2512519
2012,4,0,49,15566.0,42699.75,13.2226,19.36657,10.66195,10.50843,2.963549,2.817978,0.3106878,0.2896848
2012,4,0,50,1494.5,32312.56,12.41954,15.30374,10.38321,10.25707,2.728097,2.589661,0.2583202,0.2778491
2012,4,0,51,416.5,21754.69,11.95918,10.97158,9.987585,9.971946,2.395308,2.370243,0.0288142,0.0488916
2012,4,0,52,1246.0,27329.16,13.3764,13.45613,10.21571,10.08947,2.599435,2.45128,0.2788103,0.3336695
2012,4,0,53,40152.0,34652.48,13.83366,17.0343,10.45313,10.3407,2.835229,2.728506,0.2277879,0.2141426
2012,4,0,54,19073.0,23910.19,12.36785,11.7253,10.08206,9.970625,2.461749,2.358958,0.2291597,0.2126042
2012,4,0,55,1867.0,46366.66,13.4992,21.78266,10.74434,10.65047,3.081114,2.984495,0.1911734,0.1945601
2012,4,0,56,2753.0,30450.3,12.1057,14.18717,10.32385,10.15305,2.652338,2.477677,0.3183376,0.3156287
2012,4,0,57,1092.0,26043.65,12.37088,12.24131,10.16753,10.1394,2.504816,2.474088,0.0537194,0.0610335
2012,4,0,58,10639.0,32165.11,12.33452,15.09451,10.37864,10.21907,2.714331,2.560039,0.313361,0.2966171
2012,4,0,59,4451.0,29523.74,12.84385,14.39019,10.29295,10.17919,2.666547,2.567058,0.225104,0.1902736
2012,4,0,60,25952.0,23397.28,11.98316,11.54755,10.06038,9.88375,2.446473,2.286997,0.2854468,0.2578953
2012,4,0,61,67340.0,29972.79,12.55094,14.34653,10.30805,10.14673,2.663508,2.511029,0.3115698,0.2960252
2012,4,0,62,48554.5,31224.9,12.52675,14.89652,10.34897,10.21848,2.701128,2.56968,0.2574329,0.2598358
2012,4,0,63,29826.0,32020.47,12.91011,15.1188,10.37413,10.22077,2.715939,2.574777,0.2978344,0.2764237
2012,4,0,64,89778.5,31541.92,13.40957,15.04644,10.35907,10.21122,2.711141,2.579164,0.3149091,0.2899924
2012,4,0,65,3515.5,49887.42,12.77286,22.73222,10.81752,10.69633,3.123783,3.010113,0.2700888,0.2598444
2012,4,0,66,66401.0,28823.85,12.92413,14.13598,10.26896,10.09476,2.648723,2.483248,0.296854,0.281078
2012,0,2,0,7610210.0,,12.6503,,,,,,,
2012,0,2,1,1965792.0,58359.37,15.04672,,10.97437,10.79331,,,0.352279,
2012,0,2,2,1321484.0,57239.57,15.47367,,10.955,10.79757,,,0.2904092,
2012,0,2,3,31583.0,56816.14,16.7319,,10.94758,10.83676,,,0.2291068,
2012,0,2,4,309880.5,70647.48,16.29642,,11.16546,11.08917,,,0.1633375,
2012,0,2,5,480136.5,57290.95,15.07904,,10.9559,10.83968,,,0.2388631,
2012,0,2,6,142063.5,53677.45,17.47013,,10.89075,10.77876,,,0.2277172,
2012,0,2,7,168380.0,94682.83,18.86679,,11.45829,11.1949,,,0.4692326,
2012,0,2,8,567593.5,59427.37,15.72227,,10.99251,10.89064,,,0.2091875,
2012,0,2,9,219388.5,56522.0,17.17182,,10.94238,10.83782,,,0.2280197,
2012,0,2,10,203566.0,40540.83,17.83781,,10.61006,10.45308,,,0.3148621,
2012,0,2,11,1549003.0,39736.81,16.55396,,10.59003,10.49239,,,0.2211463,
2012,0,2,12,24182.0,38860.33,17.66279,,10.56773,10.48722,,,0.181871,
2012,0,2,13,114646.5,57373.19,16.93814,,10.95733,10.82757,,,0.263824,
2012,0,2,14,309419.0,37265.96,16.03995,,10.52584,10.43544,,,0.1905013,
2012,0,2,15,192985.5,104600.5,18.84072,,11.5579,11.34188,,,0.4340734,
2012,0,2,16,484995.0,48234.05,15.31012,,10.78382,10.58979,,,0.4038263,
2012,0,2,17,400491.5,41756.64,13.9478,,10.63961,10.52927,,,0.2238108,
2012,0,2,18,149369.0,46110.43,14.18146,,10.73879,10.63358,,,0.2106204,
2012,0,2,19,30147.0,45739.93,14.52373,,10.73073,10.62866,,,0.198411,
2012,0,2,20,414843.5,63847.02,15.37107,,11.06425,10.91977,,,0.2990449,
2012,0,2,21,2457983.0,44762.62,13.75971,,10.70913,10.45474,,,0.4756369,
2012,0,2,22,497017.0,32299.23,13.85751,,10.3828,10.28843,,,0.1940515,
2012,0,2,23,305995.5,28985.68,13.39276,,10.27456,10.15252,,,0.2300601,
2012,0,2,24,117367.5,33101.16,13.92608,,10.40732,10.29755,,,0.2169576,
2012,0,2,25,278462.5,33561.02,13.52083,,10.42112,10.32895,,,0.1760847,
2012,0,2,26,9959.0,31442.38,13.15644,,10.35591,10.27313,,,0.1790818,
2012,0,2,27,33618.0,34764.12,13.69507,,10.45634,10.35081,,,0.2018709,
2012,0,2,28,81496.5,40051.56,12.89223,,10.59792,10.46215,,,0.2791019,
2012,0,2,29,528592.5,31912.35,12.90374,,10.37075,10.24383,,,0.2476133,
2012,0,2,30,741039.5,34451.29,13.76468,,10.4473,10.32631,,,0.2426359,
2012,0,2,31,467090.5,32450.05,13.83053,,10.38746,10.28014,,,0.2048317,
2012,0,2,32,152363.0,19175.08,11.27522,,9.861367,9.717594,,,0.2737162,
2012,0,2,33,88153.5,57236.83,13.70589,,10.95495,10.86906,,,0.1778213,
2012,0,2,34,346462.0,51418.95,14.06519,,10.84776,10.74958,,,0.2066282,
2012,0,2,35,213610.0,34512.51,13.18354,,10.44908,10.29624,,,0.3025694,
2012,0,2,36,1336224.0,22560.05,12.51921,,10.02394,9.89315,,,0.2623744,
2012,0,2,37,797772.5,25783.74,12.8871,,10.1575,10.04692,,,0.2194489,
2012,0,2,38,295846.5,27448.47,11.9095,,10.22007,10.07138,,,0.2924285,
2012,0,2,39,626772.5,27650.65,13.43578,,10.2274,10.0428,,,0.3943159,
2012,0,2,40,68777.5,49095.41,12.96889,,10.80152,10.43383,,,0.728824,
2012,0,2,41,153973.5,25489.39,10.35629,,10.14602,10.01033,,,0.2671927,
2012,0,2,42,308027.5,27107.28,11.62487,,10.20756,10.04568,,,0.3290504,
2012,0,2,43,25199.0,37000.07,12.18681,,10.51867,10.35187,,,0.3301324,
2012,0,2,44,432395.5,41257.56,12.48771,,10.62759,10.50079,,,0.2702511,
2012,0,2,45,228726.5,41839.29,12.92519,,10.64159,10.5265,,,0.2463909,
2012,0,2,46,150265.0,41153.45,12.5699,,10.62506,10.49193,,,0.2756041,
2012,0,2,47,1317319.0,39112.53,11.80858,,10.5742,10.40387,,,0.3509571,
2012,0,2,48,57913.0,56371.07,12.12435,,10.93971,10.79759,,,0.3155581,
2012,0,2,49,113481.0,45740.5,13.02182,,10.73074,10.61253,,,0.2452601,
2012,0,2,50,58009.5,40568.0,12.50303,,10.61073,10.50326,,,0.23243,
2012,0,2,51,11273.5,29904.61,12.13115,,10.30577,10.18842,,,0.2435154,
2012,0,2,52,9553.5,26173.13,12.1097,,10.17249,10.01161,,,0.3581403,
2012,0,2,53,168809.0,32273.87,13.4186,,10.38201,10.2813,,,0.1932338,
2012,0,2,54,92334.0,26127.86,11.79629,,10.17076,10.05692,,,0.2328245,
2012,0,2,55,37131.5,54644.5,13.27637,,10.9086,10.78428,,,0.2622649,
2012,0,2,56,30204.0,33703.06,11.93903,,10.42534,10.29823,,,0.2457269,
2012,0,2,57,9889.5,33371.23,12.32135,,10.41545,10.32209,,,0.1895101,
2012,0,2,58,71806.5,33111.02,11.90771,,10.40762,10.28577,,,0.2472442,
2012,0,2,59,34642.5,32043.77,12.52506,,10.37486,10.28514,,,0.1907129,
2012,0,2,60,58047.0,23427.08,11.2679,,10.06165,9.938327,,,0.2417992,
2012,0,2,61,353578.0,33239.26,12.04348,,10.41149,10.27482,,,0.2840047,
2012,0,2,62,299922.5,34334.83,12.05626,,10.44392,10.30694,,,0.2790091,
2012,0,2,63,117165.5,38628.09,13.00872,,10.56174,10.43253,,,0.2671251,
2012,0,2,64,654628.0,35657.41,12.27149,,10.48171,10.32598,,,0.3091603,
2012,0,2,65,120774.5,48280.8,12.32504,,10.78479,10.65898,,,0.26521,
2012,0,2,66,511750.5,28291.84,11.91304,,10.25033,10.11433,,,0.2657827,
2012,1,2,0,2021194.0,,14.54126,,,,,,,
2012,1,2,1,993793.0,65895.36,15.02125,27.41389,11.09582,10.9018,3.31105,3.131942,0.3764069,0.3532947
2012,1,2,2,534430.0,67242.51,15.8179,28.82971,11.11606,10.93456,3.361407,3.206072,0.330932,0.2926965
2012,1,2,3,19497.0,58757.21,16.78017,26.18137,10.98117,10.8624,3.265048,3.140745,0.2566828,0.275466
2012,1,2,4,248188.0,71263.95,16.27586,31.67952,11.17415,11.10152,3.45567,3.381756,0.1552379,0.1601475
2012,1,2,5,322604.5,59185.1,15.14912,26.78151,10.98843,10.87072,3.287712,3.181074,0.2392481,0.2198664
2012,1,2,6,71858.5,55488.09,17.62988,24.78713,10.92392,10.79735,3.210325,3.077,0.2546566,0.2760882
2012,1,2,7,77847.0,104796.7,19.06158,41.40882,11.55978,11.26274,3.723494,3.343998,0.5430688,0.7048557
2012,1,2,8,59429.5,75740.61,16.78313,36.1809,11.23507,11.08654,3.588531,3.44766,0.3029306,0.2883823
2012,1,2,9,37321.0,62755.07,17.30725,28.88749,11.047,10.90226,3.363409,3.231703,0.3259787,0.3012563
2012,1,2,10,94608.0,41172.93,20.10332,18.32734,10.62554,10.46059,2.908394,2.743985,0.3195583,0.3250845
2012,1,2,11,321347.0,43910.0,17.1638,19.82027,10.6899,10.59951,2.986705,2.89631,0.1989613,0.1931238
2012,1,2,12,5045.5,37793.56,18.43009,18.59851,10.53989,10.42612,2.923081,2.823415,0.2507267,0.2215352
2012,1,2,13,37455.5,63112.27,16.95503,27.6035,11.05267,10.89732,3.317943,3.184346,0.2992353,0.2669318
2012,1,2,14,93641.5,37666.61,16.45516,17.04579,10.53653,10.43255,2.835903,2.734564,0.2209238,0.2142648
2012,1,2,15,98576.5,113771.5,19.08842,43.55881,11.64195,11.41272,3.774112,3.575269,0.4711806,0.4114782
2012,1,2,16,242025.0,51793.39,15.8944,22.94448,10.85502,10.6474,3.133077,2.940758,0.4107113,0.3857744
2012,1,2,17,92838.0,45829.42,14.45682,20.36502,10.73268,10.61114,3.013819,2.888735,0.2377499,0.2434517
2012,1,2,18,105131.0,47565.18,14.2384,21.68096,10.76986,10.66769,3.076434,2.980355,0.2003829,0.188937
2012,1,2,19,17167.0,47393.98,14.53574,21.17723,10.76625,10.65551,3.052927,2.943662,0.2138001,0.2126023
2012,1,2,20,264795.5,71168.77,15.7728,32.10155,11.17281,11.03783,3.468904,3.340246,0.2853886,0.27499
2012,1,2,21,1193143.0,52637.94,14.34545,22.59117,10.87119,10.62206,3.117559,2.901401,0.4570381,0.398836
2012,1,2,22,32111.5,37509.77,15.19387,17.77365,10.53236,10.43133,2.877717,2.790735,0.2201597,0.1874105
2012,1,2,23,46436.0,36150.72,14.44394,16.73527,10.49545,10.28194,2.817518,2.649209,0.3666677,0.3133171
2012,1,2,24,27710.5,36249.73,15.00312,16.83545,10.49819,10.36164,2.823487,2.701049,0.2590021,0.243597
2012,1,2,25,40911.0,40408.23,14.40749,18.74604,10.60679,10.45927,2.930983,2.798127,0.2620344,0.2409158
2012,1,2,26,3171.5,30532.46,14.33013,15.0917,10.32655,10.24971,2.714145,2.64058,0.1677921,0.1550002
2012,1,2,27,13235.5,39802.52,14.17634,18.71095,10.59169,10.47272,2.929109,2.815914,0.2227236,0.2117962
2012,1,2,28,44488.5,42026.73,13.48047,18.84182,10.64606,10.50138,2.936079,2.814546,0.2925618,0.2625422
2012,1,2,29,281717.0,32930.85,13.38278,15.45352,10.40217,10.27239,2.737837,2.628377,0.2506381,0.2125758
2012,1,2,30,207933.0,38822.57,14.35795,18.02152,10.56676,10.42607,2.891567,2.770917,0.2845317,0.2482267
2012,1,2,31,90565.5,38817.66,14.81787,18.08447,10.56663,10.39529,2.895054,2.743857,0.3023961,0.2636493
2012,1,2,32,13358.5,21642.06,12.10106,10.71255,9.982394,9.870103,2.371416,2.263434,0.219106,0.2084768
2012,1,2,33,78432.0,57962.54,13.75696,21.59727,10.96755,10.88126,3.072567,2.97586,0.1783803,0.2023313
2012,1,2,34,243621.5,53614.78,13.98827,24.2247,10.88958,10.79748,3.187373,3.097576,0.1928606,0.1896027
2012,1,2,35,113174.0,36456.11,13.80918,17.10696,10.50386,10.35356,2.839485,2.704041,0.2993214,0.2680208
2012,1,2,36,590949.0,24306.98,13.40183,11.74823,10.09852,9.971901,2.463703,2.354685,0.2560293,0.2233733
2012,1,2,37,74842.0,30504.6,14.10906,14.4217,10.32563,10.1679,2.668734,2.52617,0.2686523,0.2537105
2012,1,2,38,177645.0,30170.77,12.67122,14.15971,10.31463,10.16823,2.650401,2.520552,0.28496,0.2544591
2012,1,2,39,108608.5,33700.3,14.48655,15.88832,10.42526,10.2546,2.765584,2.606538,0.3562278,0.3398034
2012,1,2,40,60069.5,51242.7,13.0635,18.40932,10.84433,10.48439,2.912857,2.537205,0.7117816,0.7656599
2012,1,2,41,120366.0,26303.42,10.44513,11.1176,10.17745,10.04697,2.40853,2.277033,0.2600622,0.2550375
2012,1,2,42,245668.0,27947.24,11.8834,12.80745,10.23807,10.07198,2.550027,2.402666,0.3382814,0.3056315
2012,1,2,43,23131.0,37422.35,12.26951,15.85571,10.53002,10.3584,2.76353,2.584614,0.3394575,0.3500958
2012,1,2,44,390498.0,41586.91,12.60231,18.26736,10.63554,10.50975,2.905116,2.78807,0.2705669,0.2555521
2012,1,2,45,195052.5,42473.9,13.04233,19.42371,10.65664,10.54403,2.966495,2.859389,0.2405124,0.2294248
2012,1,2,46,130475.0,42154.43,12.69465,19.08192,10.6491,10.51934,2.948741,2.824872,0.2698699,0.2592428
2012,1,2,47,1221463.0,39467.77,12.07561,18.07548,10.58324,10.41425,2.894556,2.741015,0.3481082,0.3221307
2012,1,2,48,54931.0,56925.28,12.13517,20.69054,10.94949,10.81162,3.029677,2.888289,0.3047243,0.3080552
2012,1,2,49,86235.5,47504.34,12.96539,20.34245,10.76858,10.6574,3.01271,2.913789,0.2279897,0.2025021
2012,1,2,50,51727.5,41577.03,12.55106,18.47247,10.6353,10.52973,2.916281,2.820479,0.231024,0.2119519
2012,1,2,51,10005.5,30790.79,12.27015,14.62126,10.33497,10.21879,2.682476,2.571696,0.2478746,0.2389175
2012,1,2,52,5145.0,27489.22,11.98601,13.10001,10.22155,10.10284,2.572613,2.440674,0.2559541,0.2740557
2012,1,2,53,36910.5,36002.59,13.68134,17.23225,10.49135,10.37514,2.846782,2.74345,0.2306032,0.209818
2012,1,2,54,50728.0,28365.43,11.84269,13.41724,10.25293,10.14126,2.596541,2.491393,0.2291853,0.2171038
2012,1,2,55,32020.5,55357.17,13.25345,24.68561,10.92156,10.79495,3.206221,3.079675,0.2684861,0.2763586
2012,1,2,56,23430.0,35233.88,11.86086,15.79534,10.46976,10.36035,2.759715,2.66375,0.2158276,0.1941888
2012,1,2,57,7028.0,35330.64,12.42473,16.15727,10.47251,10.37251,2.78237,2.685984,0.2079904,0.203407
2012,1,2,58,55555.5,34640.25,12.00522,15.80615,10.45277,10.34316,2.760399,2.658728,0.2218007,0.2073248
2012,1,2,59,25109.0,33831.16,12.62774,15.96685,10.42914,10.34624,2.770515,2.691623,0.1771861,0.1702246
2012,1,2,60,22045.0,26978.15,11.60413,13.17531,10.20278,10.0875,2.578344,2.472112,0.2355826,0.2155726
2012,1,2,61,236774.0,35627.44,12.218,16.26832,10.48087,10.35645,2.78922,2.675897,0.2578583,0.237161
2012,1,2,62,211898.0,36607.65,12.12994,16.48618,10.50801,10.37692,2.802522,2.687124,0.2673914,0.2404799
2012,1,2,63,70560.5,42492.04,13.19108,18.63012,10.65707,10.54402,2.92478,2.82265,0.2316886,0.2104885
2012,1,2,64,478039.0,36958.54,12.53214,15.75114,10.51755,10.36208,2.756913,2.622242,0.3038204,0.2683648
2012,1,2,65,108799.0,49115.67,12.38578,20.2734,10.80193,10.67839,3.00931,2.897941,0.2597409,0.2340925
2012,1,2,66,334103.5,29584.61,12.57873,14.01376,10.29501,10.16211,2.64004,2.516199,0.2611278,0.2416952
2012,2,2,0,4172405.0,,14.88766,,,,,,,
2012,2,2,1,793179.0,51104.35,15.52555,22.91372,10.84163,10.69442,3.131736,2.996761,0.29528,0.2714538
2012,2,2,2,631264.0,51114.73,15.67188,23.39696,10.84183,10.7187,3.152606,3.046531,0.2382987,0.2096302
2012,2,2,3,10832.5,52102.02,17.34013,24.10927,10.86096,10.7906,3.182596,3.115553,0.1539399,0.1469578
2012,2,2,4,42810.5,67529.87,17.00917,31.24366,11.12033,11.04867,3.441816,3.3699,0.1643612,0.1624925
2012,2,2,5,101304.5,54158.76,15.91937,25.26956,10.89968,10.78781,3.2296,3.123422,0.2386454,0.2264073
2012,2,2,6,61812.0,52111.79,17.9763,24.07096,10.86115,10.76535,3.181006,3.079397,0.1988782,0.2155998
2012,2,2,7,79711.5,85337.02,19.38227,35.47543,11.35436,11.1331,3.56884,3.269337,0.3957207,0.5552948
2012,2,2,8,442971.0,57744.56,16.59005,28.96374,10.96378,10.87496,3.366045,3.279132,0.1843511,0.1832166
2012,2,2,9,164355.5,55835.48,18.25117,27.39556,10.93016,10.83776,3.310381,3.219324,0.2011245,0.1977787
2012,2,2,10,93342.0,39517.38,20.51954,18.14099,10.5845,10.44182,2.898174,2.754443,0.2936131,0.2981474
2012,2,2,11,1043052.0,39078.95,17.33493,18.32064,10.57334,10.48184,2.908028,2.818275,0.2088764,0.1986433
2012,2,2,12,17615.0,39296.8,19.01771,19.33727,10.5789,10.50888,2.962034,2.895179,0.1609048,0.1526417
2012,2,2,13,68717.5,54840.77,17.71742,25.35345,10.91219,10.79942,3.232915,3.125854,0.2407009,0.2267076
2012,2,2,14,160246.0,37433.39,17.19562,18.02061,10.53032,10.44624,2.891516,2.80865,0.1722616,0.1676015
2012,2,2,15,83215.0,95702.34,19.1552,39.00823,11.469,11.27593,3.663773,3.501275,0.3798515,0.3211665
2012,2,2,16,209149.0,44311.72,16.66465,20.50273,10.699,10.53454,3.020558,2.869689,0.3759289,0.3445302
2012,2,2,17,240529.5,40684.09,14.88337,20.13521,10.61359,10.51596,3.00247,2.903884,0.2077693,0.2104127
2012,2,2,18,31848.5,40801.21,15.78316,19.4007,10.61647,10.51505,2.965309,2.870017,0.209727,0.1991244
2012,2,2,19,9500.5,42487.71,15.17667,19.74854,10.65697,10.55978,2.98308,2.889986,0.1950077,0.188515
2012,2,2,20,114937.0,48769.55,15.57711,23.03669,10.79486,10.66783,3.137088,3.016755,0.2528174,0.2394374
2012,2,2,21,945387.0,38099.78,14.83636,17.7229,10.54796,10.31887,2.874858,2.680973,0.4366544,0.3709897
2012,2,2,22,400593.5,31863.96,14.5467,15.61039,10.36923,10.27689,2.747937,2.662064,0.1888855,0.1760151
2012,2,2,23,208187.5,27548.5,14.22198,13.66701,10.2237,10.12413,2.614985,2.525132,0.1997394,0.1817563
2012,2,2,24,68215.0,32097.54,15.06343,15.59989,10.37653,10.27529,2.747264,2.654961,0.2022223,0.1851352
2012,2,2,25,195749.0,32335.2,14.05627,15.77169,10.38391,10.30774,2.758216,2.687858,0.1531907,0.1427063
2012,2,2,26,4337.0,31299.94,14.3092,15.77986,10.35137,10.26512,2.758734,2.663825,0.1845877,0.2075668
2012,2,2,27,13997.0,30936.98,14.09266,15.15022,10.33971,10.25496,2.718015,2.637418,0.1665397,0.1620008
2012,2,2,28,16731.5,35063.63,14.00998,17.09656,10.46492,10.37247,2.838877,2.753588,0.2032005,0.1892567
2012,2,2,29,145240.0,31531.8,13.89812,15.16909,10.35875,10.24816,2.71926,2.621832,0.2285789,0.2002991
2012,2,2,30,370976.5,33501.12,14.28782,16.16562,10.41933,10.30693,2.782887,2.682767,0.2249708,0.2011526
2012,2,2,31,297401.0,31120.8,14.46679,15.23128,10.34563,10.25939,2.723351,2.644427,0.1733472,0.1592331
2012,2,2,32,102896.5,18403.51,13.17608,9.550801,9.820297,9.666088,2.256625,2.108787,0.2874925,0.2810478
2012,2,2,33,3494.5,51914.43,14.51624,21.23772,10.85735,10.78196,3.055779,2.97857,0.1618278,0.1743805
2012,2,2,34,51732.0,47455.38,14.73527,21.95424,10.76754,10.66891,3.08896,2.9925,0.2008992,0.198783
2012,2,2,35,29490.0,36523.35,14.28155,17.12237,10.50571,10.3424,2.840386,2.694433,0.3038614,0.2761416
2012,2,2,36,562738.5,21277.16,14.64855,11.0435,9.965389,9.835388,2.401842,2.284194,0.2544125,0.2313967
2012,2,2,37,476704.0,25544.3,14.07389,12.84183,10.14817,10.05208,2.552708,2.460739,0.1974157,0.1910157
2012,2,2,38,59076.5,21189.74,13.29229,10.64627,9.961272,9.832438,2.365209,2.24832,0.2492564,0.2247441
2012,2,2,39,404627.0,26365.55,15.02079,13.04312,10.17981,9.991851,2.56826,2.38366,0.402565,0.4030794
2012,2,2,40,7860.5,32723.8,14.49501,13.10287,10.39586,10.03322,2.572831,2.222998,0.7315143,0.7524168
2012,2,2,41,29015.0,21780.46,11.36933,9.967114,9.988769,9.838681,2.299291,2.159638,0.2699107,0.2702382
2012,2,2,42,41047.0,24307.0,13.6027,11.87922,10.09852,9.961832,2.47479,2.344797,0.279851,0.2721158
2012,2,2,43,1565.0,35370.89,14.54185,16.36513,10.47364,10.394,2.795153,2.724548,0.1803663,0.1635408
2012,2,2,44,10974.5,38889.37,13.2068,17.73279,10.56848,10.43073,2.875415,2.738051,0.3002023,0.3062075
2012,2,2,45,10183.5,39416.98,14.13316,18.5119,10.58195,10.44551,2.918414,2.788147,0.2720112,0.2688812
2012,2,2,46,7184.0,34159.38,13.92358,16.60896,10.43879,10.25594,2.809942,2.63528,0.3541526,0.3366824
2012,2,2,47,23038.5,35364.31,13.0574,16.72314,10.47346,10.24737,2.816793,2.603106,0.480496,0.4586544
2012,2,2,48,722.0,49626.78,13.45429,21.58753,10.81229,10.48748,3.072116,2.811135,0.7633109,0.6308339
2012,2,2,49,17038.5,39832.97,13.73754,17.81101,10.59245,10.44937,2.879817,2.751311,0.2969971,0.2713374
2012,2,2,50,2015.5,28445.58,12.56214,12.45531,10.25575,10.1956,2.522147,2.481246,0.1160321,0.0796672
2012,2,2,51,754.5,24647.22,12.74884,12.00871,10.11242,9.983453,2.485632,2.359941,0.2115785,0.2173986
2012,2,2,52,3979.5,23099.86,14.35984,11.2527,10.04758,9.81632,2.420609,2.210713,0.4939018,0.446225
2012,2,2,53,106961.5,30821.38,14.3196,15.4698,10.33596,10.24357,2.738889,2.649653,0.1771211,0.1656131
2012,2,2,54,26452.5,22648.38,13.30577,11.4004,10.02784,9.925003,2.433648,2.337692,0.2135198,0.2036841
2012,2,2,55,1431.0,59485.94,13.73795,26.95233,10.99349,10.90755,3.29407,3.20504,0.1847359,0.1866431
2012,2,2,56,3428.5,28481.08,12.45676,13.69427,10.257,10.0226,2.616978,2.387947,0.3449014,0.3235074
2012,2,2,57,945.5,23168.79,11.99154,11.00437,10.05056,10.01943,2.398292,2.366236,0.0591914,0.0645803
2012,2,2,58,8260.5,24949.48,11.72508,11.68484,10.12461,10.01171,2.458292,2.355442,0.2527362,0.2428629
2012,2,2,59,5867.0,26836.42,13.86773,13.17727,10.19752,10.12094,2.578493,2.510055,0.1567029,0.1376885
2012,2,2,60,25298.0,20402.4,11.83445,10.23105,9.923408,9.807408,2.325427,2.222426,0.2194698,0.1996913
2012,2,2,61,61104.5,26316.96,12.45115,12.77001,10.17797,10.05131,2.547099,2.433389,0.2547595,0.2283619
2012,2,2,62,43667.0,25801.97,12.35404,12.33322,10.15821,10.05384,2.512297,2.417895,0.2200726,0.1973701
2012,2,2,63,30764.0,33105.16,13.39471,15.52953,10.40744,10.28436,2.742743,2.628756,0.2449789,0.2277692
2012,2,2,64,41001.5,29042.1,14.13097,13.82579,10.2765,10.08881,2.626536,2.459599,0.3514892,0.3090238
2012,2,2,65,2711.5,43259.27,13.57994,19.11736,10.67497,10.52132,2.950597,2.829273,0.314774,0.2392341
2012,2,2,66,70936.5,23042.62,12.92704,11.44714,10.0451,9.932907,2.43774,2.334962,0.2302101,0.2133752
2012,3,2,0,730207.0,,12.76784,,,,,,,
2012,3,2,1,77750.5,51800.1,15.06915,22.86557,10.85515,10.68397,3.129632,2.962878,0.3439993,0.3388353
2012,3,2,2,57236.5,51046.01,15.26372,23.3291,10.84048,10.69477,3.149701,3.005955,0.2787645,0.2751634
2012,3,2,3,1039.5,50208.95,15.30832,23.21893,10.82395,10.70554,3.144968,3.016265,0.2376366,0.2639034
2012,3,2,4,14328.5,70676.1,16.06693,31.62139,11.16586,11.01254,3.453834,3.29024,0.2943726,0.3190588
2012,3,2,5,36529.5,53068.56,14.89117,24.78674,10.87934,10.77968,3.210309,3.111945,0.2102743,0.2118885
2012,3,2,6,3163.5,50019.0,17.25747,23.20745,10.82016,10.73024,3.144473,3.05417,0.1759513,0.1782829
2012,3,2,7,4338.5,97254.52,18.61496,36.31963,11.48509,11.19876,3.592358,3.250627,0.4794964,0.5874712
2012,3,2,8,8165.0,58662.14,15.74917,28.30253,10.97955,10.86701,3.342951,3.234305,0.2332294,0.235203
2012,3,2,9,4009.0,46403.37,15.97605,22.55029,10.74513,10.62269,3.115748,2.99608,0.2733284,0.2595391
2012,3,2,10,5799.0,43941.2,20.93344,20.01275,10.69061,10.51409,2.99637,2.832181,0.3866631,0.3673502
2012,3,2,11,46111.5,39131.61,16.27813,18.10525,10.57469,10.46131,2.896202,2.787347,0.2319363,0.2246202
2012,3,2,12,480.0,35551.81,16.41042,16.85729,10.47875,10.43699,2.824783,2.793498,0.0914099,0.0691841
2012,3,2,13,3195.5,53186.52,16.70036,24.53051,10.88156,10.75224,3.199918,3.065031,0.2591348,0.2755024
2012,3,2,14,15067.0,36953.32,16.01686,17.29824,10.51741,10.40934,2.850605,2.742465,0.2439505,0.2430777
2012,3,2,15,3745.0,92181.01,18.84219,36.64569,11.43151,11.28415,3.601296,3.479264,0.2713011,0.2246882
2012,3,2,16,20748.5,48398.9,15.90568,21.82705,10.78723,10.48956,3.08315,2.800425,0.5730609,0.5307134
2012,3,2,17,14287.0,41957.4,13.82229,19.55336,10.64441,10.49473,2.973147,2.815809,0.2751615,0.2864634
2012,3,2,18,9008.0,48837.96,14.05229,22.32977,10.79626,10.67517,3.105921,2.990323,0.2577073,0.2397397
2012,3,2,19,1683.0,49703.92,14.33809,24.26557,10.81384,10.73905,3.189059,3.11468,0.1275582,0.1262552
2012,3,2,20,19177.5,62347.89,15.77176,28.80056,11.04049,10.93668,3.360395,3.247894,0.2240967,0.2408037
2012,3,2,21,130250.5,37741.95,14.15938,17.39556,10.53853,10.35372,2.856215,2.693764,0.3823271,0.3322318
2012,3,2,22,5406.5,35440.02,14.61611,16.6014,10.4756,10.37039,2.809487,2.723571,0.228403,0.1936974
2012,3,2,23,8185.0,34524.35,13.85425,16.04724,10.44942,10.32267,2.775537,2.665422,0.2368078,0.2086783
2012,3,2,24,6270.0,37447.6,14.41324,18.07707,10.5307,10.4526,2.894644,2.808875,0.1490703,0.1646462
2012,3,2,25,9561.0,34019.34,13.70327,16.15916,10.43468,10.33871,2.782487,2.6923,0.1992251,0.1913113
2012,3,2,26,1073.5,34516.72,13.54541,16.09281,10.4492,10.37809,2.778373,2.697162,0.1560253,0.1693279
2012,3,2,27,2235.0,35380.72,15.10828,16.32584,10.47392,10.39218,2.792749,2.720447,0.1768859,0.1623193
2012,3,2,28,12836.0,39691.2,13.41337,18.76403,10.58889,10.43387,2.931942,2.765532,0.3035569,0.3027802
2012,3,2,29,64437.0,29619.3,13.33676,14.34439,10.29618,10.15667,2.663359,2.527349,0.262848,0.2415381
2012,3,2,30,45496.0,32643.04,14.0571,15.65651,10.39339,10.28466,2.750887,2.652322,0.2301892,0.2119538
2012,3,2,31,18020.0,33402.84,14.06515,16.1763,10.4164,10.31128,2.783547,2.687995,0.2262025,0.2077166
2012,3,2,32,6950.0,23313.89,12.82072,11.70747,10.0568,9.943811,2.460227,2.349612,0.2215246,0.2016125
2012,3,2,33,6080.0,51274.68,13.53618,19.51917,10.84495,10.76725,2.971397,2.882942,0.164945,0.185489
2012,3,2,34,29814.0,45896.57,13.96401,21.079,10.73415,10.62911,3.048277,2.943998,0.223439,0.2220183
2012,3,2,35,47431.0,31353.91,13.48738,15.11786,10.35309,10.22224,2.715877,2.591944,0.2669232,0.2509815
2012,3,2,36,97428.0,21110.24,13.37024,10.47484,9.957514,9.831286,2.348976,2.232942,0.2657253,0.2447143
2012,3,2,37,34649.5,28925.15,13.67939,13.90768,10.27247,10.12095,2.632442,2.49504,0.2875217,0.2620125
2012,3,2,38,42877.0,25295.81,13.13068,12.18299,10.13839,10.01292,2.50004,2.383654,0.266979,0.2451503
2012,3,2,39,31491.5,29272.43,14.11136,13.83608,10.2844,10.13038,2.62728,2.474535,0.3310832,0.326479
2012,3,2,40,570.5,29456.69,13.09378,11.66784,10.29068,10.11207,2.456837,2.361929,0.3612477,0.2097269
2012,3,2,41,4035.5,21277.35,11.31533,9.828903,9.965398,9.842623,2.285327,2.157574,0.2486758,0.2421759
2012,3,2,42,19198.0,22437.34,12.69132,10.72183,10.01848,9.886248,2.372282,2.246882,0.2755791,0.2667993
2012,3,2,43,503.0,19347.69,11.87078,8.66578,9.870329,9.82746,2.159382,2.073508,0.0821603,0.1708466
2012,3,2,44,28986.0,37939.19,12.92093,16.94399,10.54374,10.41419,2.829913,2.712914,0.2411878,0.2289072
2012,3,2,45,21537.0,37748.6,13.53448,17.62817,10.5387,10.41511,2.869498,2.759567,0.276732,0.2465161
2012,3,2,46,11483.0,35314.71,12.73335,16.27532,10.47205,10.3535,2.78965,2.69302,0.2390093,0.1993509
2012,3,2,47,69905.0,34051.56,12.44528,15.97125,10.43563,10.27081,2.77079,2.607605,0.3345636,0.3307399
2012,3,2,48,2062.0,46970.54,12.55577,18.39874,10.75728,10.59393,2.912282,2.735165,0.3578125,0.3539033
2012,3,2,49,7451.0,41903.71,12.8007,18.24498,10.64313,10.55124,2.90389,2.827134,0.1976148,0.1657991
2012,3,2,50,3823.0,33991.56,12.68611,15.82362,10.43387,10.33287,2.761504,2.674972,0.2044632,0.1738864
2012,3,2,51,423.0,22141.95,11.27187,11.04275,10.00523,9.955861,2.401774,2.358599,0.0851005,0.0759039
2012,3,2,52,354.0,32378.7,12.68927,14.77655,10.38526,10.33006,2.693042,2.648684,0.1089526,0.093318
2012,3,2,53,6051.0,33402.39,13.62469,16.16818,10.41638,10.32826,2.783045,2.700504,0.1656743,0.154986
2012,3,2,54,8987.0,24355.38,12.44375,11.92449,10.10051,10.00335,2.478595,2.380615,0.2003881,0.2059233
2012,3,2,55,3495.0,46588.0,13.62947,20.84917,10.7491,10.64867,3.037314,2.945935,0.1996285,0.1859077
2012,3,2,56,2753.5,29116.26,12.54767,12.92778,10.27905,10.17013,2.559379,2.464228,0.2294189,0.1994539
2012,3,2,57,1624.0,30414.69,12.3867,13.48429,10.32268,10.2672,2.601525,2.556446,0.1177626,0.0943215
2012,3,2,58,6149.0,29547.07,12.38705,13.36788,10.29374,10.14893,2.592855,2.45699,0.3020646,0.2865787
2012,3,2,59,2283.5,26386.63,12.93803,12.55481,10.18061,10.0956,2.530104,2.459727,0.199261,0.1660619
2012,3,2,60,6191.5,24395.73,12.8762,11.93037,10.10216,10.00737,2.479087,2.388045,0.1713638,0.1723014
2012,3,2,61,38215.5,31425.13,12.48404,14.50022,10.35536,10.20081,2.674164,2.533234,0.3215142,0.2918061
2012,3,2,62,30623.5,33294.15,12.45204,15.23784,10.41314,10.26074,2.723782,2.574649,0.3206259,0.3140589
2012,3,2,63,8942.5,34374.32,13.34179,15.88022,10.44507,10.29363,2.765074,2.617717,0.3174389,0.3089862
2012,3,2,64,113443.5,33810.38,12.74836,15.04005,10.42852,10.29628,2.710717,2.591553,0.2784493,0.2605866
2012,3,2,65,8607.0,40175.88,12.60439,17.41023,10.60102,10.47917,2.857058,2.72226,0.2638547,0.3118373
2012,3,2,66,86797.5,27617.8,12.88687,13.11977,10.22622,10.0937,2.574121,2.450877,0.2724845,0.2601358
2012,4,2,0,686404.0,,14.43134,,,,,,,
2012,4,2,1,101069.5,44816.82,15.26948,20.54142,10.71034,10.56677,3.022443,2.886879,0.3075185,0.2956413
2012,4,2,2,98553.5,44614.55,15.51191,21.10932,10.70582,10.60223,3.049715,2.951023,0.2197502,0.2125529
2012,4,2,3,214.0,141961.6,17.45794,44.09493,11.86331,11.33987,3.786345,3.489349,0.8003969,0.4833677
2012,4,2,4,4553.5,65529.23,17.03239,30.44235,11.09025,11.02824,3.415835,3.35368,0.1382683,0.1352345
2012,4,2,5,19698.0,48948.61,15.41217,23.3128,10.79853,10.68849,3.149003,3.038465,0.2269395,0.227698
2012,4,2,6,5229.5,49266.54,18.09007,23.52941,10.805,10.7086,3.158251,3.065354,0.2136627,0.204102
2012,4,2,7,6483.0,78120.44,18.82076,32.16892,11.26601,11.08215,3.471001,3.190983,0.3014218,0.459143
2012,4,2,8,57028.0,55106.64,15.88127,27.16648,10.91703,10.80668,3.301984,3.192144,0.2454733,0.2462594
2012,4,2,9,13703.0,49887.15,17.18084,24.1427,10.81752,10.72304,3.183982,3.089665,0.2053699,0.2061616
2012,4,2,10,9817.0,42183.55,20.20984,19.57451,10.64979,10.45168,2.974228,2.775794,0.4318443,0.4178854
2012,4,2,11,138492.5,35024.16,16.25707,16.83373,10.46379,10.33172,2.823385,2.699862,0.302456,0.2769628
2012,4,2,12,1041.5,38264.05,17.26548,19.39931,10.55227,10.44278,2.965238,2.871057,0.2178738,0.1880044
2012,4,2,13,5278.0,50768.82,17.93444,23.59283,10.83504,10.72952,3.160943,3.058304,0.2465545,0.2428931
2012,4,2,14,40464.5,35775.76,16.2625,17.41631,10.48503,10.40922,2.857407,2.778927,0.1698354,0.1724733
2012,4,2,15,7449.0,83671.36,18.54423,35.15419,11.33465,11.13027,3.559744,3.388637,0.4438412,0.3777124
2012,4,2,16,13072.5,43789.75,16.57824,20.76667,10.68715,10.54101,3.033349,2.889357,0.3377255,0.3292466
2012,4,2,17,52837.0,38931.34,14.16511,19.27384,10.56956,10.44568,2.958749,2.827329,0.2355476,0.2477177
2012,4,2,18,3381.5,42037.07,15.28878,19.84669,10.64631,10.54231,2.988037,2.891111,0.2367168,0.2135719
2012,4,2,19,1796.5,42630.98,14.3607,19.32832,10.66034,10.61988,2.961571,2.909953,0.0852884,0.1097305
2012,4,2,20,15933.5,48974.22,15.69291,23.67703,10.79905,10.69235,3.164505,3.059656,0.2115172,0.209525
2012,4,2,21,189202.5,26902.98,14.47306,13.20765,10.19999,10.00889,2.580796,2.418149,0.3786242,0.3229725
2012,4,2,22,58905.5,32103.81,14.49452,15.70185,10.37673,10.2808,2.753778,2.661447,0.1986708,0.1903185
2012,4,2,23,43187.0,27082.53,14.07287,13.36255,10.20664,10.11543,2.592456,2.505656,0.1988074,0.191746
2012,4,2,24,15172.0,30286.66,14.58186,14.77496,10.31846,10.22413,2.692934,2.59504,0.2072168,0.2104003
2012,4,2,25,32241.5,31976.97,13.7136,15.60066,10.37277,10.286,2.747313,2.664806,0.1693562,0.1617184
2012,4,2,26,1377.0,31369.36,14.21133,15.57869,10.35359,10.2609,2.745904,2.664382,0.2010973,0.173347
2012,4,2,27,4150.5,30372.49,13.82966,15.01154,10.32129,10.24238,2.708819,2.632374,0.1700161,0.1562246
2012,4,2,28,7440.5,39300.14,13.61199,18.25892,10.57898,10.46527,2.904654,2.806701,0.290546,0.2497337
2012,4,2,29,37198.5,29257.91,13.74219,14.26337,10.28391,10.14882,2.657695,2.534628,0.2447345,0.2246056
2012,4,2,30,116634.0,30209.98,14.09349,14.81426,10.31593,10.22229,2.69559,2.608424,0.196584,0.1795872
2012,4,2,31,61104.0,29390.43,14.25957,14.4956,10.28842,10.20481,2.673845,2.592654,0.182644,0.1773399
2012,4,2,32,29158.0,19343.37,12.8479,9.814679,9.870105,9.748799,2.283879,2.171365,0.2344524,0.2263283
2012,4,2,33,147.0,43074.49,12.61224,15.93319,10.67069,10.64488,2.768404,2.747883,0.0537176,0.0408112
2012,4,2,34,21294.5,42666.46,14.31811,20.01023,10.66117,10.5444,2.996244,2.875647,0.2561723,0.2710143
2012,4,2,35,23515.0,28680.68,13.60327,14.08437,10.26398,10.10262,2.645066,2.491564,0.3209234,0.3067281
2012,4,2,36,85108.0,19441.44,13.77827,10.03937,9.875162,9.748,2.306514,2.185653,0.2631271,0.2540532
2012,4,2,37,211577.0,23996.02,13.70968,11.91356,10.08564,9.976507,2.477678,2.374371,0.2275515,0.2162455
2012,4,2,38,16248.0,21861.45,13.10801,10.7895,9.99248,9.877391,2.378574,2.273463,0.2459259,0.2232702
2012,4,2,39,82045.5,24639.16,14.55769,11.91943,10.11209,9.953801,2.47817,2.328409,0.3465515,0.3278081
2012,4,2,40,277.0,19496.91,9.01083,7.955626,9.878012,9.873001,2.073879,2.057348,0.009358,0.0292443
2012,4,2,41,557.0,22474.19,10.33573,10.72531,10.02012,9.905491,2.372606,2.213643,0.2059543,0.3177122
2012,4,2,42,2114.5,25158.23,13.083,11.97708,10.13294,10.02904,2.482995,2.40192,0.2419976,0.1917727
2012,4,2,43,0.0,,,,,,,,,
2012,4,2,44,1937.0,37521.86,13.66495,17.46515,10.53268,10.37595,2.860208,2.71299,0.3070906,0.2740561
2012,4,2,45,1953.5,36670.66,13.61198,16.93523,10.50973,10.4399,2.829396,2.763153,0.1469215,0.1414662
2012,4,2,46,1123.0,28121.18,13.58504,13.85221,10.24428,10.20202,2.628445,2.565983,0.093917,0.1566057
2012,4,2,47,2912.5,36395.53,12.68979,16.89803,10.5022,10.33695,2.827197,2.704483,0.3048319,0.2467651
2012,4,2,48,198.0,27554.04,13.19697,13.50688,10.2239,10.13904,2.603199,2.518335,0.184574,0.1845741
2012,4,2,49,2756.0,35067.52,13.39441,15.82615,10.46503,10.31557,2.761664,2.649089,0.3047031,0.2388186
2012,4,2,50,443.5,29487.35,13.20631,14.80471,10.29172,10.13128,2.694945,2.527856,0.3096602,0.326619
2012,4,2,51,90.5,17537.0,14.76243,8.596569,9.772068,9.772068,2.151363,2.151363,0.0,0.0
2012,4,2,52,75.0,34113.57,16.48,16.56007,10.43745,10.3212,2.806994,2.669718,0.2698162,0.3340017
2012,4,2,53,18886.0,32735.59,14.0242,16.35201,10.39622,10.29325,2.794351,2.693877,0.1933803,0.18465
2012,4,2,54,6166.5,22794.71,12.41969,11.1506,10.03428,9.916109,2.411493,2.303989,0.2310252,0.2105888
2012,4,2,55,185.0,47834.79,14.97297,23.17237,10.77551,10.57298,3.142961,2.953819,0.4553063,0.4382177
2012,4,2,56,592.0,18062.23,12.46115,8.854034,9.801579,9.75441,2.180873,2.133704,0.0909903,0.0909904
2012,4,2,57,292.0,24413.64,12.71575,11.96747,10.1029,10.07042,2.482192,2.449718,0.065492,0.0654919
2012,4,2,58,1841.5,34151.68,12.04942,16.23545,10.43857,10.20747,2.787197,2.564261,0.3111768,0.2895122
2012,4,2,59,1383.0,26530.11,13.39046,12.74505,10.18604,10.03853,2.545143,2.425256,0.2716631,0.2144039
2012,4,2,60,4512.5,20200.04,11.90803,10.34738,9.91344,9.783225,2.336733,2.218172,0.257317,0.2302699
2012,4,2,61,17484.0,26928.68,12.50686,12.99375,10.20095,10.03995,2.564468,2.415385,0.3434444,0.319712
2012,4,2,62,13734.0,26597.11,13.02985,12.80944,10.18856,10.06956,2.550182,2.427375,0.2179187,0.2268833
2012,4,2,63,6898.5,24330.17,12.95992,11.85655,10.09947,9.990891,2.47288,2.369632,0.2482888,0.2366187
2012,4,2,64,22144.0,26634.3,13.44089,12.98172,10.18995,10.04537,2.563542,2.430773,0.3259969,0.309165
2012,4,2,65,657.0,34916.8,12.87671,16.63252,10.46072,10.32462,2.81136,2.684549,0.308711,0.2875061
2012,4,2,66,19913.0,25793.15,13.40913,12.66497,10.15786,9.95833,2.53884,2.353115,0.2615276,0.2445712
2012,0,3,0,7411946.0,,12.7561,,,,,,,
2012,0,3,1,2897604.0,89976.89,15.24601,,11.40731,11.16458,,,0.4783095,
2012,0,3,2,1461921.0,77026.34,15.26763,,11.2519,11.01579,,,0.4249256,
2012,0,3,3,31937.0,80763.1,16.90483,,11.29928,11.16289,,,0.2766757,
2012,0,3,4,308949.0,90014.98,16.18451,,11.40773,11.31042,,,0.2009441,
2012,0,3,5,503629.0,76505.8,15.12734,,11.24512,11.10775,,,0.2752504,
2012,0,3,6,110698.0,81352.24,17.76373,,11.30654,11.1772,,,0.2570233,
2012,0,3,7,232473.0,197826.6,18.87414,,12.19515,11.93399,,,0.6127406,
2012,0,3,8,607614.0,69223.73,15.55558,,11.1451,11.02852,,,0.2370345,
2012,0,3,9,199674.0,68961.22,16.83006,,11.1413,11.00215,,,0.2714741,
2012,0,3,10,202942.0,68105.91,18.32187,,11.12882,10.98212,,,0.2919541,
2012,0,3,11,1524292.0,48005.43,16.71094,,10.77907,10.6528,,,0.2884256,
2012,0,3,12,33729.5,50023.06,17.68298,,10.82024,10.73503,,,0.1880329,
2012,0,3,13,110948.5,90188.06,17.19304,,11.40965,11.20844,,,0.382753,
2012,0,3,14,297311.0,45559.9,16.15162,,10.72678,10.61393,,,0.2459779,
2012,0,3,15,232502.0,155765.7,18.86262,,11.95611,11.71013,,,0.5170363,
2012,0,3,16,410136.0,67131.95,15.30368,,11.11442,10.85375,,,0.550892,
2012,0,3,17,391223.0,49128.53,13.76864,,10.8022,10.67371,,,0.2492356,
2012,0,3,18,148260.5,56218.55,13.72489,,10.937,10.83227,,,0.2260495,
2012,0,3,19,24742.5,56379.7,13.78638,,10.93986,10.81846,,,0.2456308,
2012,0,3,20,446603.5,83347.45,15.28902,,11.33077,11.17347,,,0.3268074,
2012,0,3,21,2398333.0,65959.84,13.83625,,11.0968,10.75419,,,0.6528919,
2012,0,3,22,607093.5,37213.28,13.39687,,10.52442,10.41349,,,0.2227749,
2012,0,3,23,228048.5,33959.03,13.2065,,10.43291,10.29348,,,0.2523867,
2012,0,3,24,109094.0,37282.35,13.44343,,10.52628,10.40866,,,0.2354456,
2012,0,3,25,350458.5,39090.26,13.24278,,10.57363,10.44465,,,0.2274594,
2012,0,3,26,16293.0,43032.07,12.88029,,10.6697,10.57929,,,0.1940451,
2012,0,3,27,34990.0,44312.54,13.49461,,10.69902,10.52761,,,0.3456772,
2012,0,3,28,134301.0,48229.36,12.89792,,10.78372,10.67674,,,0.2385482,
2012,0,3,29,478209.5,39298.85,12.75732,,10.57895,10.42744,,,0.2881379,
2012,0,3,30,575171.0,43353.61,13.64652,,10.67715,10.52129,,,0.285213,
2012,0,3,31,408870.5,38716.01,13.52454,,10.56401,10.43365,,,0.2414475,
2012,0,3,32,209712.0,20429.48,11.11019,,9.924734,9.7882,,,0.2682344,
2012,0,3,33,101369.5,71364.95,13.75908,,11.17556,11.08803,,,0.1975716,
2012,0,3,34,447058.5,64850.38,14.01247,,11.07984,10.97165,,,0.2343218,
2012,0,3,35,171111.0,42510.48,13.09115,,10.65751,10.48658,,,0.3455302,
2012,0,3,36,811299.0,25204.5,12.03758,,10.13478,9.967023,,,0.3131748,
2012,0,3,37,690123.5,29344.08,12.6814,,10.28685,10.14622,,,0.2650812,
2012,0,3,38,387070.5,32130.52,11.77565,,10.37756,10.21154,,,0.3310542,
2012,0,3,39,555976.0,32119.03,13.20453,,10.3772,10.15656,,,0.4742768,
2012,0,3,40,86947.5,59158.66,12.85268,,10.98798,10.57896,,,0.8148934,
2012,0,3,41,120412.5,28505.63,9.820828,,10.25786,10.0908,,,0.3136849,
2012,0,3,42,274213.0,33638.11,11.32895,,10.42342,10.20084,,,0.4022216,
2012,0,3,43,36533.5,41743.18,11.71894,,10.63929,10.45205,,,0.3822532,
2012,0,3,44,488716.5,47952.77,12.33117,,10.77797,10.63988,,,0.3026007,
2012,0,3,45,231857.0,52249.08,12.8921,,10.86378,10.73753,,,0.2746505,
2012,0,3,46,181067.0,47339.26,12.50864,,10.76509,10.62085,,,0.3041139,
2012,0,3,47,1348934.0,46745.79,11.83366,,10.75248,10.56774,,,0.3876763,
2012,0,3,48,35746.5,63311.45,11.90882,,11.05582,10.91172,,,0.3043686,
2012,0,3,49,197394.0,56722.39,12.88307,,10.94592,10.81554,,,0.2562093,
2012,0,3,50,85892.5,46414.68,12.38456,,10.74537,10.6522,,,0.2101478,
2012,0,3,51,12347.5,36329.28,12.03539,,10.50038,10.37762,,,0.2371507,
2012,0,3,52,14570.5,30877.11,11.76006,,10.33777,10.15586,,,0.3659867,
2012,0,3,53,115997.0,37146.66,13.22307,,10.52263,10.39756,,,0.2298712,
2012,0,3,54,85343.0,30496.06,11.38346,,10.32535,10.18221,,,0.3106412,
2012,0,3,55,52217.0,60966.96,12.84822,,11.01809,10.88463,,,0.2761584,
2012,0,3,56,32835.5,35720.23,11.88794,,10.48347,10.36929,,,0.2471131,
2012,0,3,57,12635.0,37332.15,12.08928,,10.52761,10.42531,,,0.2064733,
2012,0,3,58,84732.0,36030.61,11.7526,,10.49212,10.38772,,,0.217874,
2012,0,3,59,45726.0,39988.44,12.31589,,10.59635,10.48818,,,0.2173921,
2012,0,3,60,71116.5,26568.88,11.16978,,10.1875,10.03419,,,0.2866794,
2012,0,3,61,390288.5,39106.43,11.87259,,10.57404,10.41707,,,0.3194323,
2012,0,3,62,315448.5,38884.23,11.91183,,10.56834,10.43284,,,0.2777377,
2012,0,3,63,126215.0,45124.94,12.80937,,10.71719,10.56689,,,0.3037648,
2012,0,3,64,931937.5,42771.23,12.11589,,10.66362,10.50609,,,0.3138826,
2012,0,3,65,139026.5,54736.48,12.18884,,10.91029,10.76582,,,0.3135072,
2012,0,3,66,449369.0,33432.67,11.72134,,10.41729,10.25051,,,0.332645,
2012,1,3,0,1701938.0,,13.49794,,,,,,,
2012,1,3,1,1622968.0,103310.2,15.28067,42.02878,11.54549,11.29898,3.738355,3.504607,0.4912319,0.4714982
2012,1,3,2,563472.5,100623.3,15.76358,42.48083,11.51914,11.2608,3.749053,3.520406,0.4802382,0.4328576
2012,1,3,3,24037.0,84343.65,16.96609,35.97345,11.34266,11.20124,3.582781,3.457798,0.285985,0.2658065
2012,1,3,4,255585.0,91290.07,16.17631,40.02142,11.4218,11.32787,3.689415,3.596262,0.1937823,0.196241
2012,1,3,5,324952.0,81551.23,15.18305,36.29561,11.30899,11.1709,3.591697,3.465852,0.2740184,0.2555337
2012,1,3,6,65495.5,85587.28,17.76943,37.90642,11.35729,11.22281,3.635121,3.50602,0.2635505,0.2614792
2012,1,3,7,131042.5,221595.3,19.05891,87.67655,12.30861,12.06208,4.473654,4.218832,0.5999359,0.6198101
2012,1,3,8,74435.0,92671.71,16.32798,42.70782,11.43682,11.2895,3.754382,3.61296,0.297096,0.2899414
2012,1,3,9,45806.0,88116.05,17.00786,39.57259,11.38641,11.22474,3.678137,3.528697,0.2986374,0.2728546
2012,1,3,10,92899.0,74489.53,19.16576,31.83479,11.21841,11.05711,3.46056,3.313296,0.3148072,0.2908185
2012,1,3,11,314380.5,57845.27,17.40055,26.10027,10.96553,10.87251,3.261946,3.162845,0.1940929,0.2007226
2012,1,3,12,8009.5,54907.03,18.15569,25.91055,10.9134,10.83258,3.25465,3.182331,0.164979,0.1497568
2012,1,3,13,42706.5,107854.0,17.22735,45.43855,11.58853,11.3741,3.816361,3.62492,0.4066629,0.3739381
2012,1,3,14,93763.5,50063.34,16.5919,21.92726,10.82104,10.70343,3.087731,2.969059,0.2503304,0.2549794
2012,1,3,15,134817.5,170701.8,18.99136,66.13838,12.04767,11.79737,4.191749,3.962645,0.5440599,0.4982184
2012,1,3,16,222796.5,74370.35,15.76411,32.24188,11.21681,10.9676,3.473266,3.244615,0.5056751,0.4679258
2012,1,3,17,80434.5,61855.06,14.29963,27.39876,11.03255,10.90247,3.310498,3.179627,0.2496312,0.2525811
2012,1,3,18,110601.5,58415.67,13.76103,26.62655,10.97534,10.88043,3.281909,3.188148,0.2035288,0.2067652
2012,1,3,19,14838.5,59779.25,13.59086,26.56151,10.99841,10.88213,3.279463,3.168479,0.2373922,0.2274827
2012,1,3,20,274634.0,95073.2,15.72203,42.40898,11.4624,11.32747,3.74736,3.613425,0.2869742,0.2867851
2012,1,3,21,1254684.0,81007.87,14.30537,33.61091,11.3023,10.98577,3.514851,3.223519,0.60203,0.5552058
2012,1,3,22,23600.0,52622.19,14.56386,23.93972,10.87089,10.67873,3.175539,3.003291,0.3278807,0.3017077
2012,1,3,23,27660.0,51238.99,14.48127,22.84906,10.84426,10.62582,3.12891,2.942832,0.393478,0.3442659
2012,1,3,24,18696.5,44002.6,14.14751,20.37342,10.692,10.5458,3.014231,2.891499,0.2780209,0.2396654
2012,1,3,25,31455.0,59704.28,14.43672,26.41253,10.99716,10.74179,3.273839,3.060371,0.4206644,0.3779166
2012,1,3,26,4818.5,42377.21,12.88326,20.34333,10.65437,10.57448,3.012753,2.936837,0.1752016,0.1658711
2012,1,3,27,11969.0,59301.19,14.28507,27.60723,10.99039,10.84363,3.318078,3.184321,0.2803887,0.2712755
2012,1,3,28,66183.0,52786.49,13.18975,23.65606,10.87401,10.76739,3.163619,3.071989,0.2336189,0.2050154
2012,1,3,29,235037.5,43196.0,13.04583,19.60624,10.6735,10.51058,2.975848,2.832425,0.3052837,0.2673914
2012,1,3,30,136970.0,57007.33,14.35841,25.53826,10.95094,10.74328,3.240178,3.057292,0.3789029,0.3409562
2012,1,3,31,59513.0,53676.76,14.51738,24.17009,10.89074,10.68559,3.185116,3.01177,0.3575328,0.3093866
2012,1,3,32,16351.0,25863.04,11.96257,12.48038,10.16057,10.01539,2.524158,2.401282,0.2572688,0.2368586
2012,1,3,33,89852.0,72013.04,13.78644,27.13859,11.1846,11.09996,3.300957,3.201685,0.1901576,0.2182271
2012,1,3,34,311492.0,68523.14,14.04173,30.74107,11.13493,11.03601,3.4256,3.329168,0.2124014,0.2086105
2012,1,3,35,85337.5,45633.76,13.51126,20.63606,10.7284,10.56172,3.02704,2.879943,0.3373241,0.2990072
2012,1,3,36,312560.5,29959.49,12.71841,13.86785,10.3076,10.13471,2.629573,2.480204,0.32308,0.2847528
2012,1,3,37,51592.5,40753.66,13.96025,18.65998,10.6153,10.40212,2.926381,2.736216,0.3659396,0.3316498
2012,1,3,38,219681.5,36560.71,12.3231,16.94206,10.50673,10.34948,2.8298,2.6899,0.3121843,0.2810357
2012,1,3,39,93519.0,43518.06,14.05812,19.84364,10.68093,10.47776,2.987884,2.800461,0.4261023,0.4040357
2012,1,3,40,74936.0,61349.89,12.96186,21.68231,11.02435,10.62546,3.076497,2.669859,0.7875705,0.8252866
2012,1,3,41,90761.0,29477.2,9.879266,12.34785,10.29137,10.14018,2.513482,2.370353,0.2797808,0.270823
2012,1,3,42,215628.0,35082.64,11.53426,15.76896,10.46546,10.24018,2.758044,2.559201,0.4040687,0.367857
2012,1,3,43,31315.5,43197.11,11.79339,17.72993,10.67353,10.48201,2.875254,2.679051,0.3965172,0.4122943
2012,1,3,44,435695.0,48347.23,12.37297,21.3424,10.78616,10.64756,3.060696,2.927308,0.3033038,0.2965226
2012,1,3,45,195392.0,52435.33,13.01018,24.0607,10.86734,10.7438,3.18058,3.059365,0.2679426,0.2654698
2012,1,3,46,155287.5,48147.5,12.62313,21.82025,10.78202,10.63853,3.082838,2.945576,0.2998531,0.2896441
2012,1,3,47,1227029.0,47238.31,12.08475,21.59517,10.76296,10.57881,3.07247,2.899116,0.3863925,0.3691765
2012,1,3,48,32219.5,64712.22,11.968,24.49582,11.07771,10.93299,3.198502,3.058111,0.3050365,0.2938408
2012,1,3,49,147773.5,59802.52,12.86124,25.52568,10.9988,10.88189,3.239685,3.133862,0.2245196,0.2042063
2012,1,3,50,75823.0,47793.77,12.44374,21.15145,10.77465,10.6875,3.051709,2.970854,0.1936378,0.1818179
2012,1,3,51,10785.0,37640.23,12.15976,17.15628,10.53583,10.41974,2.842365,2.737688,0.2224288,0.2137324
2012,1,3,52,7633.5,33182.82,11.70721,15.60545,10.40979,10.25632,2.74762,2.609181,0.3195377,0.2964815
2012,1,3,53,27184.5,44336.34,13.1156,20.84013,10.69956,10.5512,3.03688,2.894974,0.2846864,0.2745617
2012,1,3,54,41910.0,33563.89,11.44283,15.51641,10.42121,10.2997,2.741898,2.631886,0.260654,0.2426408
2012,1,3,55,43163.5,62898.31,12.87861,28.25715,11.04927,10.91692,3.341347,3.224893,0.272714,0.2480533
2012,1,3,56,23666.0,38339.11,11.9479,17.29177,10.55423,10.44707,2.85023,2.747865,0.238589,0.229025
2012,1,3,57,8827.0,41194.63,12.25354,17.86991,10.62606,10.53077,2.883118,2.810561,0.195355,0.152477
2012,1,3,58,57733.0,38225.09,11.85916,17.45412,10.55125,10.45209,2.859576,2.765058,0.2093745,0.1996874
2012,1,3,59,32027.5,42801.55,12.39525,20.08195,10.66433,10.57801,2.999821,2.920286,0.1725475,0.1599303
2012,1,3,60,21666.0,33204.18,11.66099,15.48662,10.41043,10.25177,2.739976,2.596906,0.3077296,0.2736654
2012,1,3,61,236011.5,42943.16,12.05583,19.56899,10.66763,10.52589,2.973946,2.844055,0.2899192,0.2647375
2012,1,3,62,209517.0,42193.32,11.96876,19.1207,10.65002,10.52394,2.950772,2.836806,0.2583627,0.2400543
2012,1,3,63,69426.5,52175.85,13.13362,22.90572,10.86238,10.74345,3.131387,3.01641,0.2342763,0.2242551
2012,1,3,64,649804.5,44681.99,12.17756,18.56552,10.70733,10.55332,2.921306,2.778087,0.3018519,0.2831135
2012,1,3,65,119742.0,55469.94,12.23374,23.44946,10.9236,10.77996,3.154847,3.022321,0.3083082,0.285374
2012,1,3,66,263980.0,36298.27,12.17176,16.95105,10.49953,10.34087,2.83033,2.681688,0.3141864,0.2951598
2012,2,3,0,4474909.0,,15.16936,,,,,,,
2012,2,3,1,997901.5,73794.56,15.68536,32.29462,11.20904,10.99761,3.4749,3.281994,0.4239216,0.3950725
2012,2,3,2,703609.0,62715.98,15.51071,28.75313,11.04637,10.86738,3.358747,3.200164,0.332105,0.3004439
2012,2,3,3,6548.5,69423.52,18.50699,32.9699,11.14798,11.03053,3.495595,3.378509,0.2532464,0.2616482
2012,2,3,4,33387.5,83781.35,17.08747,38.17673,11.33597,11.21698,3.642226,3.530953,0.2447497,0.2336868
2012,2,3,5,115446.5,66808.45,15.71686,31.02419,11.10958,10.98287,3.434767,3.318595,0.2563455,0.2381249
2012,2,3,6,39467.5,74751.32,18.48017,34.24719,11.22192,11.10381,3.533605,3.419246,0.2413053,0.2389352
2012,2,3,7,84888.0,159411.8,20.17137,68.31571,11.97925,11.72513,4.22414,3.960997,0.5675225,0.5989134
2012,2,3,8,444825.0,65481.21,16.7791,32.29858,11.08952,10.99272,3.475024,3.379918,0.1994162,0.1991245
2012,2,3,9,137382.0,61778.13,18.77072,30.71347,11.0313,10.927,3.424701,3.323087,0.221216,0.2166662
2012,2,3,10,92069.5,61156.34,19.98466,27.50078,11.02119,10.90274,3.314214,3.202024,0.2528588,0.2377082
2012,2,3,11,1011247.0,45558.39,17.65885,21.37008,10.72675,10.60224,3.061992,2.94087,0.2906356,0.2709721
2012,2,3,12,23472.0,47956.4,18.86746,23.61398,10.77805,10.6929,3.161839,3.081637,0.1930243,0.1808086
2012,2,3,13,59494.0,78193.17,18.48822,35.57296,11.26694,11.10145,3.571586,3.430735,0.3142177,0.279913
2012,2,3,14,141923.0,43189.55,17.50782,20.85521,10.67335,10.56957,3.037604,2.935567,0.2355234,0.2295692
2012,2,3,15,80174.0,137515.9,19.6044,58.23259,11.8315,11.60286,4.064445,3.856615,0.4694119,0.4308122
2012,2,3,16,155897.5,57268.92,17.09846,26.50001,10.95551,10.69388,3.277145,3.030634,0.5815439,0.5538973
2012,2,3,17,235549.0,46095.28,14.76287,22.86683,10.73847,10.62377,3.129687,3.010499,0.2255717,0.235699
2012,2,3,18,23753.5,47937.05,14.97552,22.95261,10.77764,10.66111,3.133432,3.022374,0.2460032,0.236798
2012,2,3,19,7047.0,51294.09,14.63389,24.31647,10.84533,10.70902,3.191154,3.063128,0.2630697,0.2492503
2012,2,3,20,132241.5,61556.61,15.3369,29.12747,11.02771,10.88577,3.371682,3.237619,0.2741845,0.2646147
2012,2,3,21,899218.0,48885.73,14.56339,22.32096,10.79724,10.48879,3.105526,2.833296,0.590498,0.5212334
2012,2,3,22,506345.5,36452.77,14.14227,17.90755,10.50377,10.39855,2.885223,2.785771,0.2162371,0.2035855
2012,2,3,23,157205.0,31335.26,14.05275,15.38434,10.3525,10.24453,2.73335,2.636368,0.2055869,0.1871995
2012,2,3,24,70936.5,35368.05,14.40206,17.20514,10.47356,10.36277,2.845208,2.741959,0.2274746,0.2161009
2012,2,3,25,272345.5,36497.41,13.96245,17.82584,10.505,10.40486,2.880649,2.785411,0.1923483,0.1826168
2012,2,3,26,4979.5,39095.01,13.06838,19.00446,10.57375,10.46756,2.944674,2.843324,0.2452841,0.2303449
2012,2,3,27,16056.5,36173.07,13.89275,17.32131,10.49607,10.34628,2.851938,2.724573,0.3253722,0.2752048
2012,2,3,28,33401.0,42399.2,13.71321,20.39548,10.65488,10.56484,3.015313,2.931082,0.2152875,0.2009445
2012,2,3,29,162690.0,35293.3,13.41343,16.76402,10.47145,10.34113,2.819235,2.70505,0.2561047,0.2259792
2012,2,3,30,312264.0,39130.68,13.96776,18.72519,10.57466,10.44766,2.929869,2.816291,0.2453601,0.2218559
2012,2,3,31,273497.0,35795.49,14.15203,17.40489,10.48558,10.38022,2.856751,2.75986,0.2085416,0.1945995
2012,2,3,32,149970.5,19453.07,12.81859,9.999304,9.87576,9.742353,2.302516,2.176202,0.261472,0.2472946
2012,2,3,33,3755.0,64624.98,14.3984,25.53107,11.07636,10.99378,3.239896,3.13134,0.1786266,0.2235247
2012,2,3,34,58177.0,57749.35,14.39266,26.63611,10.96387,10.84564,3.282268,3.168077,0.2586914,0.2523945
2012,2,3,35,25480.5,40073.33,14.03516,18.8388,10.59847,10.42212,2.935919,2.776571,0.3496258,0.3224613
2012,2,3,36,368320.0,21055.09,13.79293,10.7507,9.954898,9.815605,2.374971,2.252108,0.2593733,0.2342064
2012,2,3,37,401770.5,28403.83,13.80908,14.12461,10.25428,10.12797,2.647919,2.525212,0.2454007,0.2412965
2012,2,3,38,91099.0,22988.82,12.81735,11.28015,10.04276,9.908294,2.423045,2.300863,0.2642029,0.2430152
2012,2,3,39,343331.5,28756.08,14.71354,13.90981,10.2666,10.05029,2.632594,2.416625,0.4662908,0.4745161
2012,2,3,40,10879.5,40877.71,14.199,17.85472,10.61834,10.20018,2.882268,2.409534,0.8758688,0.9740926
2012,2,3,41,24631.5,23826.13,10.62505,10.81696,10.07854,9.878543,2.381116,2.172149,0.3874987,0.4064219
2012,2,3,42,35321.0,27740.23,13.42646,13.2539,10.23064,10.0277,2.584291,2.389533,0.3877386,0.388009
2012,2,3,43,3048.0,32128.07,13.79856,15.27856,10.37749,10.23479,2.726451,2.567439,0.271834,0.3057077
2012,2,3,44,11665.0,47979.99,13.48873,21.38897,10.77854,10.62465,3.062875,2.916106,0.3438278,0.3350326
2012,2,3,45,11089.0,46178.18,13.77608,21.96001,10.74026,10.59609,3.089223,2.938373,0.3368624,0.3546164
2012,2,3,46,6568.5,40067.9,14.30524,19.04305,10.59833,10.43005,2.946702,2.780352,0.3785778,0.3836038
2012,2,3,47,28888.0,39935.1,13.28611,18.4002,10.59501,10.38921,2.912361,2.720025,0.4536171,0.4221069
2012,2,3,48,952.0,47585.25,12.17437,20.78483,10.77028,10.68557,3.034223,2.979221,0.1794967,0.1170723
2012,2,3,49,26736.0,46632.38,13.04859,20.95403,10.75005,10.58245,3.042331,2.891499,0.3084702,0.2776256
2012,2,3,50,3886.5,31080.51,12.35662,14.67793,10.34434,10.23959,2.686345,2.586383,0.282068,0.2568103
2012,2,3,51,962.5,34349.56,14.82182,16.4029,10.44434,10.35139,2.797458,2.670677,0.1769865,0.2604481
2012,2,3,52,5964.5,27597.05,13.06581,13.25249,10.22546,10.00507,2.584186,2.385528,0.4155626,0.4055996
2012,2,3,53,71300.0,33808.41,14.02456,16.80373,10.42846,10.33304,2.821601,2.731526,0.1809617,0.1688146
2012,2,3,54,28642.5,25100.45,12.34543,12.25902,10.13064,9.967478,2.506262,2.364333,0.3538543,0.3215412
2012,2,3,55,2232.0,47893.44,13.63844,22.2993,10.77673,10.65606,3.104555,2.982337,0.2770698,0.274944
2012,2,3,56,5273.0,26322.42,11.97971,12.24713,10.17818,10.08869,2.505291,2.427332,0.1903353,0.1662983
2012,2,3,57,1732.0,26991.71,11.77425,12.90228,10.20329,10.17078,2.557404,2.519828,0.0690602,0.0830655
2012,2,3,58,13008.0,28255.91,11.42443,13.44556,10.24906,10.16644,2.598649,2.524786,0.1691357,0.1497925
2012,2,3,59,8566.5,28531.99,12.97729,13.92181,10.25878,10.15387,2.633456,2.531699,0.2158929,0.2068102
2012,2,3,60,34667.0,22319.46,11.43024,11.09068,10.01321,9.896935,2.406105,2.296783,0.2246191,0.2103421
2012,2,3,61,82036.5,29382.61,11.80972,13.91529,10.28816,10.14845,2.632988,2.507914,0.2694805,0.2397641
2012,2,3,62,57539.0,28362.77,12.01441,13.46192,10.25283,10.13943,2.599865,2.494017,0.2273778,0.2135357
2012,2,3,63,37359.0,35131.54,12.78353,16.40118,10.46685,10.30106,2.797353,2.649237,0.3169931,0.2833202
2012,2,3,64,73719.5,31155.55,14.02112,14.46655,10.34675,10.18411,2.671839,2.527307,0.3106613,0.2806147
2012,2,3,65,3053.5,47901.8,12.98739,20.33823,10.77691,10.61512,3.012502,2.87727,0.3573004,0.29496
2012,2,3,66,89024.0,26215.87,12.15424,12.80244,10.17412,10.01572,2.549636,2.402129,0.3062147,0.283164
2012,3,3,0,610031.5,,12.5764,,,,,,,
2012,3,3,1,123622.0,75594.0,15.29971,32.02352,11.23313,11.05373,3.466471,3.289832,0.3494241,0.3501193
2012,3,3,2,67369.5,66479.48,15.26553,29.68594,11.10465,10.92086,3.390673,3.216081,0.3642254,0.3579076
2012,3,3,3,1170.0,68005.09,17.69658,32.12544,11.12734,11.09743,3.469648,3.439479,0.0644648,0.0629765
2012,3,3,4,16213.0,84395.74,16.15339,37.89835,11.34327,11.24604,3.634907,3.538136,0.2025464,0.2002998
2012,3,3,5,38076.5,71420.77,15.10084,32.70361,11.17634,11.06393,3.487485,3.377541,0.2432602,0.2405467
2012,3,3,6,2766.0,72233.22,17.98373,32.6376,11.18766,11.05858,3.485465,3.368508,0.2901585,0.2548879
2012,3,3,7,7521.0,225619.9,18.97248,86.31245,12.32661,12.09011,4.457974,4.204753,0.5902595,0.6132825
2012,3,3,8,9192.0,80964.31,16.3007,37.74265,11.30176,11.17246,3.630791,3.509377,0.2497609,0.2388239
2012,3,3,9,4973.0,82650.72,15.89001,38.46512,11.32238,11.03387,3.649752,3.331838,0.5396788,0.5906035
2012,3,3,10,7704.5,77255.63,18.95697,34.11288,11.25488,11.06236,3.529675,3.340194,0.3519566,0.3610515
2012,3,3,11,45312.5,48503.15,16.45663,22.3564,10.78938,10.69721,3.107113,3.013857,0.2009307,0.1999844
2012,3,3,12,379.0,45154.68,17.65435,20.91307,10.71785,10.69645,3.040374,2.993788,0.0427386,0.1120369
2012,3,3,13,3586.5,85576.59,17.18639,38.67366,11.35717,11.17045,3.655159,3.49043,0.4498504,0.3961741
2012,3,3,14,19124.0,48069.99,16.11598,21.26626,10.78041,10.62543,3.057122,2.923464,0.3239647,0.2955214
2012,3,3,15,7661.5,141584.3,18.84631,53.83335,11.86065,11.67682,3.985893,3.81664,0.3666392,0.3477915
2012,3,3,16,19798.5,59987.9,15.52471,26.67876,11.0019,10.75458,3.283868,3.058596,0.5639824,0.540019
2012,3,3,17,13868.5,52755.5,14.10181,24.62374,10.87342,10.72971,3.203711,3.063773,0.2584444,0.2445329
2012,3,3,18,10161.0,53768.0,13.77601,24.30927,10.89243,10.76035,3.190858,3.056884,0.2745675,0.2761368
2012,3,3,19,1619.0,53407.48,13.43051,25.0846,10.88571,10.80079,3.222254,3.141543,0.1991039,0.1876597
2012,3,3,20,20185.5,84019.73,15.26497,38.56343,11.33881,11.18777,3.652304,3.501055,0.3004375,0.2976019
2012,3,3,21,108037.5,53353.21,13.97352,23.36714,10.88469,10.62181,3.151331,2.904255,0.4913766,0.4535741
2012,3,3,22,5042.5,41613.34,14.27962,19.22969,10.63618,10.50059,2.956456,2.825245,0.3482907,0.3342196
2012,3,3,23,5393.0,39008.53,13.80178,18.71601,10.57154,10.34544,2.929379,2.699075,0.4495876,0.456048
2012,3,3,24,4306.0,42270.28,13.94821,20.13123,10.65184,10.55479,3.002272,2.909343,0.2215086,0.2283932
2012,3,3,25,6199.0,45760.68,13.6685,21.01492,10.73118,10.53385,3.045233,2.877214,0.344217,0.3026786
2012,3,3,26,2352.0,49435.7,13.07823,24.46687,10.80843,10.68454,3.19732,3.083712,0.1982956,0.1783746
2012,3,3,27,1892.0,46729.53,12.86258,22.18475,10.75213,10.65934,3.099405,3.009691,0.1944612,0.1919848
2012,3,3,28,22126.5,45391.0,13.29013,20.86903,10.72307,10.61103,3.038266,2.932068,0.247958,0.2382123
2012,3,3,29,49087.5,36659.14,13.07626,17.09093,10.50942,10.37064,2.838548,2.714469,0.2769773,0.2504509
2012,3,3,30,29006.5,41408.11,14.19934,19.20853,10.63123,10.49459,2.955354,2.837072,0.274289,0.2404882
2012,3,3,31,11402.5,44150.37,14.40474,21.12835,10.69536,10.58682,3.050616,2.942004,0.2261771,0.2369852
2012,3,3,32,8717.5,25025.21,12.54431,12.52197,10.12764,10.00653,2.527484,2.408389,0.2564766,0.2540554
2012,3,3,33,7450.5,66797.58,13.57077,26.45898,11.10942,10.98826,3.275596,3.148324,0.2856463,0.2883058
2012,3,3,34,47140.0,58409.62,13.81387,26.50946,10.97524,10.86752,3.277502,3.166888,0.2483227,0.2613852
2012,3,3,35,40832.0,40834.49,13.43297,19.39536,10.61728,10.46133,2.965034,2.807456,0.3225715,0.3280278
2012,3,3,36,66228.0,26419.93,13.0074,12.77598,10.18187,10.03879,2.547567,2.420956,0.2968905,0.2612769
2012,3,3,37,32342.0,31554.08,13.52372,14.57132,10.35946,10.23408,2.679055,2.560797,0.2650849,0.2560371
2012,3,3,38,52520.0,31673.38,12.6608,15.09535,10.36323,10.22654,2.714387,2.589391,0.291944,0.2709579
2012,3,3,39,33273.0,36468.19,13.5484,16.91524,10.5042,10.3307,2.828215,2.647402,0.3944587,0.4099122
2012,3,3,40,1074.0,71987.58,14.26071,33.51047,11.18425,10.73483,3.511858,2.993047,0.7219095,0.8536609
2012,3,3,41,4202.0,30998.75,10.86768,14.30471,10.3417,10.09185,2.660589,2.396011,0.3855719,0.425017
2012,3,3,42,20929.0,28489.83,12.51637,13.69885,10.2573,10.08146,2.617312,2.445482,0.3208923,0.3146734
2012,3,3,43,1886.0,35507.92,12.43955,15.47858,10.47751,10.3636,2.739457,2.598682,0.2283477,0.2681373
2012,3,3,44,38916.5,43665.83,12.79786,19.91739,10.68432,10.56357,2.991593,2.869871,0.2699754,0.2765696
2012,3,3,45,23013.5,53250.94,13.22819,23.8696,10.88277,10.74476,3.172606,3.03415,0.2942123,0.3013801
2012,3,3,46,17739.0,42955.4,12.65917,19.91724,10.66792,10.53489,2.991585,2.863179,0.2957471,0.2802642
2012,3,3,47,89244.0,42627.04,12.54771,19.57876,10.66024,10.4837,2.974445,2.806287,0.3619398,0.3449451
2012,3,3,48,2559.0,51326.13,11.89527,17.59499,10.84595,10.72259,2.867614,2.746154,0.2898926,0.2647833
2012,3,3,49,16344.5,50745.55,13.09486,21.66619,10.83458,10.72027,3.075753,2.977814,0.2444805,0.2084121
2012,3,3,50,5900.0,38360.26,12.4439,17.65663,10.55478,10.46031,2.871111,2.789868,0.2139575,0.17989
2012,3,3,51,355.0,16052.65,11.96338,8.75998,9.683629,9.600228,2.170194,2.112632,0.1418706,0.097783
2012,3,3,52,805.0,29892.55,13.00745,14.62838,10.30536,10.17465,2.682964,2.555682,0.2351774,0.22145
2012,3,3,53,5421.5,50087.25,13.7711,23.27267,10.82152,10.59149,3.14728,2.939716,0.3437029,0.306852
2012,3,3,54,8509.5,35253.07,12.02844,16.88793,10.47031,10.35989,2.826599,2.726939,0.2199875,0.1942758
2012,3,3,55,6043.5,54145.02,12.76264,23.9056,10.89942,10.77148,3.174113,3.062451,0.2708619,0.2402106
2012,3,3,56,3193.5,33970.72,12.77564,15.6965,10.43325,10.3365,2.753438,2.66888,0.1781956,0.1664339
2012,3,3,57,1813.0,28933.75,12.39051,13.50634,10.27276,10.16969,2.603159,2.511099,0.2111325,0.1981137
2012,3,3,58,10066.5,34401.81,12.08533,15.83306,10.44586,10.33908,2.7621,2.663637,0.2251747,0.2042174
2012,3,3,59,3593.5,43902.98,12.7867,21.08392,10.68974,10.52114,3.048511,2.882285,0.2946529,0.2895803
2012,3,3,60,5801.0,33818.16,12.31202,15.93158,10.42875,10.26205,2.768303,2.591408,0.2422442,0.2530613
2012,3,3,61,49534.0,40742.84,12.45641,18.49977,10.61504,10.4614,2.917758,2.778127,0.3215597,0.2946006
2012,3,3,62,31640.0,38986.34,12.41504,17.91863,10.57097,10.44255,2.885841,2.764177,0.2807957,0.2682467
2012,3,3,63,9439.5,42136.97,13.00207,19.1952,10.64868,10.52483,2.95466,2.827671,0.2783942,0.2816917
2012,3,3,64,176150.0,41276.03,12.73307,17.71903,10.62804,10.48028,2.874639,2.737141,0.3110741,0.2964024
2012,3,3,65,15280.0,51051.86,12.50707,22.18059,10.8406,10.69289,3.099218,2.9472,0.3424913,0.3519388
2012,3,3,66,75138.0,32415.97,12.79767,15.47399,10.38641,10.22548,2.739161,2.586863,0.3454233,0.3195844
2012,4,3,0,625067.5,,13.8962,,,,,,,
2012,4,3,1,153113.0,61997.09,15.51331,27.94689,11.03484,10.87981,3.330306,3.180946,0.3279792,0.3163772
2012,4,3,2,127470.0,53333.45,15.36513,25.14214,10.88432,10.76108,3.224545,3.10743,0.2489253,0.2389139
2012,4,3,3,181.5,45256.93,19.75207,21.89407,10.72011,10.672,3.086216,3.039246,0.1099238,0.1065882
2012,4,3,4,3763.5,79847.34,16.48412,37.17758,11.28787,11.18656,3.615706,3.518767,0.1844671,0.1869563
2012,4,3,5,25154.0,61963.15,15.51948,29.14294,11.0343,10.91182,3.372213,3.249521,0.2606097,0.2658084
2012,4,3,6,2969.0,81372.29,18.17413,38.77106,11.30679,11.2277,3.657674,3.585,0.151069,0.1411112
2012,4,3,7,9021.5,156944.2,19.12708,63.81379,11.96365,11.72479,4.155969,3.916291,0.5266379,0.5155832
2012,4,3,8,79162.0,64764.26,15.72075,31.2845,11.07851,10.94631,3.443123,3.315449,0.2936186,0.2881355
2012,4,3,9,11513.0,58977.42,16.88344,28.58181,10.98491,10.84713,3.35277,3.215561,0.293225,0.2976167
2012,4,3,10,10269.0,60016.95,18.85286,27.79034,11.00238,10.8884,3.324688,3.22418,0.2432682,0.2198923
2012,4,3,11,153352.5,41668.21,16.38084,19.90513,10.63749,10.47754,2.990978,2.837538,0.3515494,0.3367
2012,4,3,12,1869.0,52678.89,17.50669,24.74675,10.87197,10.78535,3.208694,3.126608,0.2002598,0.1871179
2012,4,3,13,5161.5,68240.04,17.97423,30.7307,11.13079,10.94121,3.425262,3.269976,0.420267,0.3752266
2012,4,3,14,42500.5,41613.18,16.1844,20.06034,10.63617,10.5442,2.998745,2.901316,0.2044769,0.2153017
2012,4,3,15,9849.0,99760.06,18.934,43.56005,11.51052,11.35001,3.774141,3.621067,0.2983641,0.2832847
2012,4,3,16,11643.5,59903.04,16.06003,28.06803,11.00048,10.77517,3.334631,3.119383,0.4444948,0.437467
2012,4,3,17,61371.0,42022.53,13.7002,20.32785,10.64596,10.53107,3.011992,2.898086,0.2322197,0.2286963
2012,4,3,18,3744.5,47126.55,13.94151,22.13813,10.76059,10.62074,3.097302,2.956849,0.3396745,0.3283764
2012,4,3,19,1238.0,47095.74,13.69305,23.2211,10.75994,10.6821,3.145061,3.050815,0.1601544,0.1845295
2012,4,3,20,19542.5,61672.18,15.32552,29.07969,11.02959,10.89309,3.37004,3.235068,0.3027754,0.3024996
2012,4,3,21,136394.0,35638.43,14.01369,16.97437,10.48118,10.25204,2.831705,2.633522,0.4424959,0.3815118
2012,4,3,22,72105.5,36975.76,13.93812,18.05967,10.51802,10.42112,2.893681,2.798848,0.1983532,0.1953171
2012,4,3,23,37790.5,30961.32,13.70331,15.14463,10.34049,10.23603,2.717646,2.617228,0.2129754,0.2032942
2012,4,3,24,15155.0,36095.36,13.66882,17.51005,10.49392,10.40175,2.862775,2.77395,0.184111,0.1755193
2012,4,3,25,40459.0,38898.5,13.42015,18.88461,10.56871,10.45881,2.938348,2.82966,0.2069076,0.2049088
2012,4,3,26,4143.0,44472.87,13.21192,21.91884,10.70263,10.64825,3.087347,3.034522,0.1318104,0.1287021
2012,4,3,27,5072.5,33784.43,13.75476,16.64987,10.42776,10.3025,2.812402,2.690971,0.2317573,0.2251439
2012,4,3,28,12590.5,43132.18,13.54331,20.58753,10.67202,10.58149,3.024686,2.937159,0.2142897,0.2065697
2012,4,3,29,31394.5,34239.02,13.47074,16.30547,10.44112,10.32479,2.791501,2.681622,0.2323335,0.2221856
2012,4,3,30,96930.5,37664.12,13.97663,18.14944,10.53646,10.44319,2.898639,2.810768,0.1854855,0.1752689
2012,4,3,31,64458.0,35662.87,13.84219,17.4684,10.48186,10.3884,2.860393,2.768161,0.1927295,0.1895372
2012,4,3,32,34673.0,20363.87,12.62452,10.33392,9.921517,9.798208,2.335432,2.22244,0.2569534,0.2319472
2012,4,3,33,312.0,72693.69,16.16346,25.41878,11.19401,11.12072,3.235488,3.054055,0.1259006,0.3474469
2012,4,3,34,30249.5,49531.42,13.84,23.26138,10.81036,10.69202,3.146794,3.024114,0.229101,0.2388536
2012,4,3,35,19461.0,35049.25,13.39304,17.0628,10.46451,10.28294,2.836901,2.667252,0.3517171,0.327042
2012,4,3,36,64190.5,21054.28,13.04452,10.6137,9.954859,9.816846,2.362146,2.234351,0.2672663,0.2456216
2012,4,3,37,204418.5,27798.95,13.40498,13.51409,10.23275,10.09998,2.603733,2.479218,0.2552666,0.238361
2012,4,3,38,23770.0,23165.47,12.76529,11.35697,10.05042,9.931716,2.429831,2.315836,0.2509001,0.2418514
2012,4,3,39,85852.5,29595.56,14.04173,14.02688,10.29538,10.1075,2.640975,2.458363,0.4150974,0.4101806
2012,4,3,40,58.0,38400.0,15.31034,18.82353,10.55581,10.55581,2.935108,2.935108,0.0,0.0
2012,4,3,41,818.0,20262.91,11.02323,10.11712,9.916548,9.710678,2.314229,2.131434,0.4304528,0.3875176
2012,4,3,42,2335.0,31614.79,13.4955,15.04653,10.36138,10.14792,2.711147,2.511059,0.4394992,0.4169846
2012,4,3,43,284.0,26302.28,12.32394,11.94799,10.17741,10.08323,2.480563,2.371382,0.2057003,0.2365644
2012,4,3,44,2440.0,43001.13,13.2,19.92768,10.66898,10.50614,2.99211,2.841382,0.3694014,0.3157212
2012,4,3,45,2362.5,55961.0,14.11894,26.9125,10.93241,10.82256,3.292591,3.18846,0.2355659,0.2247119
2012,4,3,46,1472.0,44946.87,12.62772,22.54483,10.71324,10.58103,3.115506,2.992279,0.2707518,0.2512504
2012,4,3,47,3773.0,34793.92,13.31699,16.16294,10.4572,10.28287,2.782721,2.63015,0.4128583,0.3529239
2012,4,3,48,16.0,61242.0,12.0,30.02059,11.02259,11.02259,3.401883,3.401883,0.0,0.0
2012,4,3,49,6540.0,42347.86,13.18226,19.13197,10.65367,10.48712,2.951361,2.792075,0.3427712,0.327367
2012,4,3,50,283.0,35231.18,12.49117,16.52185,10.46969,10.3206,2.804684,2.642651,0.3287666,0.3477144
2012,4,3,51,245.0,21690.2,10.80816,10.83373,9.984616,9.979587,2.382665,2.366168,0.0093847,0.0334655
2012,4,3,52,167.5,31993.27,13.28358,15.49929,10.37328,10.17643,2.740794,2.599855,0.312791,0.2285706
2012,4,3,53,12091.0,34105.64,13.73005,16.50672,10.43722,10.33279,2.803767,2.70727,0.2348989,0.2136848
2012,4,3,54,6281.0,23975.8,12.56169,11.88142,10.0848,9.975749,2.474976,2.374811,0.2341254,0.2157031
2012,4,3,55,778.0,43019.83,13.02185,19.89459,10.66942,10.60388,2.990448,2.919961,0.1320632,0.1388774
2012,4,3,56,703.0,23978.43,11.37696,11.54962,10.08491,9.95503,2.446653,2.32725,0.2684292,0.2477857
2012,4,3,57,263.0,27642.54,12.1711,12.43717,10.22711,10.17894,2.520689,2.476321,0.0927015,0.0882531
2012,4,3,58,3924.5,34242.13,12.28997,15.92144,10.44121,10.31363,2.767667,2.645546,0.2533984,0.2342196
2012,4,3,59,1538.5,30321.73,12.62983,14.98508,10.31962,10.23345,2.707055,2.626955,0.1756511,0.1634426
2012,4,3,60,8982.5,21792.33,11.99688,10.91294,9.989313,9.875907,2.389949,2.286721,0.2503506,0.2196587
2012,4,3,61,22706.5,28581.14,12.53461,13.52517,10.2605,10.09743,2.604552,2.450679,0.3209316,0.3113205
2012,4,3,62,16752.5,32850.08,12.52344,15.4577,10.39971,10.26653,2.738107,2.604178,0.2623358,0.2599729
2012,4,3,63,9990.0,33821.33,13.01862,15.88298,10.42885,10.30915,2.765248,2.657062,0.2274328,0.2084522
2012,4,3,64,32263.5,33061.35,13.4328,15.76137,10.40612,10.27085,2.757562,2.636746,0.2833575,0.2583072
2012,4,3,65,951.0,50879.49,12.92114,22.37554,10.83722,10.79035,3.107968,3.019424,0.0970158,0.1948978
2012,4,3,66,21227.0,28783.37,12.731,14.28903,10.26755,10.10771,2.659492,2.498131,0.2850688,0.2834667
2012,0,4,0,9317914.0,,12.44653,,,,,,,
2012,0,4,1,3409948.0,102932.7,15.02141,,11.54183,11.26824,,,0.5556877,
2012,0,4,2,1693495.0,81167.87,14.97132,,11.30427,11.06372,,,0.4389967,
2012,0,4,3,34834.5,98490.87,16.78798,,11.49772,11.28028,,,0.4786569,
2012,0,4,4,406563.5,103535.3,16.05945,,11.54767,11.43369,,,0.2314004,
2012,0,4,5,480325.5,83748.75,15.03668,,11.33558,11.19236,,,0.2917235,
2012,0,4,6,104618.5,99132.99,17.54938,,11.50422,11.32968,,,0.3429992,
2012,0,4,7,250160.5,217420.9,18.89053,,12.28959,12.03791,,,0.6273399,
2012,0,4,8,722314.0,72751.1,15.53945,,11.1948,11.08369,,,0.2291005,
2012,0,4,9,170970.0,69409.4,16.39449,,11.14778,11.00519,,,0.2799343,
2012,0,4,10,212672.5,79147.32,18.27435,,11.27907,11.12842,,,0.2934637,
2012,0,4,11,1492929.0,50138.55,16.41155,,10.82255,10.67638,,,0.3315693,
2012,0,4,12,43519.5,54291.03,17.40575,,10.90211,10.79273,,,0.2328468,
2012,0,4,13,94602.5,98941.01,17.22486,,11.50228,11.28637,,,0.4282414,
2012,0,4,14,310144.5,48045.63,15.9876,,10.77991,10.64575,,,0.2809828,
2012,0,4,15,233052.5,177562.5,18.78345,,12.08708,11.81184,,,0.612452,
2012,0,4,16,392096.5,66715.0,15.10917,,11.10818,10.80945,,,0.6431684,
2012,0,4,17,398814.5,52273.84,13.7514,,10.86425,10.72716,,,0.2667024,
2012,0,4,18,180570.0,61136.64,13.53064,,11.02087,10.91168,,,0.231839,
2012,0,4,19,30694.0,64906.32,13.60886,,11.0807,10.9195,,,0.3113236,
2012,0,4,20,474316.5,88456.98,15.17445,,11.39027,11.22696,,,0.3426959,
2012,0,4,21,2705818.0,68135.95,13.68111,,11.12926,10.76792,,,0.6945248,
2012,0,4,22,905850.5,39375.08,13.15549,,10.58089,10.46948,,,0.2231245,
2012,0,4,23,256116.5,35390.48,13.11929,,10.4742,10.32961,,,0.2580429,
2012,0,4,24,145375.0,39070.52,13.29486,,10.57312,10.4473,,,0.2459304,
2012,0,4,25,468262.0,41309.0,13.08122,,10.62884,10.50565,,,0.2337161,
2012,0,4,26,31655.5,48863.63,12.85854,,10.79679,10.72959,,,0.1510277,
2012,0,4,27,45772.5,50263.21,13.32962,,10.82503,10.64317,,,0.3395499,
2012,0,4,28,214914.0,50125.39,12.84674,,10.82228,10.73235,,,0.2101047,
2012,0,4,29,555468.5,42573.4,12.67702,,10.65899,10.48634,,,0.3289104,
2012,0,4,30,584806.5,45194.54,13.42287,,10.71873,10.56572,,,0.2918864,
2012,0,4,31,516166.5,40763.64,13.22392,,10.61555,10.47357,,,0.2578401,
2012,0,4,32,251848.0,22277.91,11.08062,,10.01135,9.860149,,,0.2843595,
2012,0,4,33,84518.5,78518.44,13.50177,,11.27109,11.17526,,,0.2112142,
2012,0,4,34,347448.0,68207.04,13.87852,,11.1303,11.0036,,,0.2765447,
2012,0,4,35,194755.0,44267.0,13.01928,,10.698,10.49753,,,0.3875265,
2012,0,4,36,728307.5,26326.04,11.95501,,10.17831,9.9835,,,0.3414097,
2012,0,4,37,737442.0,30391.01,12.52621,,10.3219,10.16556,,,0.2937062,
2012,0,4,38,584438.5,33849.59,11.80374,,10.42968,10.26605,,,0.318001,
2012,0,4,39,534818.0,34215.01,13.0259,,10.44042,10.18265,,,0.541888,
2012,0,4,40,151313.5,61176.1,12.79041,,11.02151,10.55409,,,0.9935146,
2012,0,4,41,109019.0,30522.39,10.0607,,10.32622,10.12125,,,0.369019,
2012,0,4,42,256994.0,35176.84,11.55538,,10.46814,10.24416,,,0.4467848,
2012,0,4,43,40476.5,44418.82,11.58607,,10.70142,10.47451,,,0.4299852,
2012,0,4,44,617267.5,51725.16,12.29051,,10.8537,10.71202,,,0.317646,
2012,0,4,45,229638.0,56016.04,12.88679,,10.93339,10.80869,,,0.2705638,
2012,0,4,46,252407.5,50122.86,12.39526,,10.82223,10.67994,,,0.3195042,
2012,0,4,47,1419313.0,51456.26,12.00407,,10.84849,10.65815,,,0.4014747,
2012,0,4,48,34044.5,61052.5,11.76431,,11.01949,10.87647,,,0.3107231,
2012,0,4,49,256130.0,63207.24,12.77022,,11.05417,10.90389,,,0.2904426,
2012,0,4,50,125355.5,51769.04,12.35736,,10.85455,10.75199,,,0.2117602,
2012,0,4,51,19376.0,40312.0,11.99037,,10.6044,10.4372,,,0.365589,
2012,0,4,52,24139.0,36911.9,12.28794,,10.51629,10.18932,,,0.5460561,
2012,0,4,53,117369.5,39488.74,12.95465,,10.58377,10.4384,,,0.2684761,
2012,0,4,54,98161.0,32134.14,11.32656,,10.37767,10.2465,,,0.2563882,
2012,0,4,55,78762.0,63129.95,12.81957,,11.05295,10.92231,,,0.284565,
2012,0,4,56,41442.0,38621.82,11.78297,,10.56157,10.45107,,,0.2255737,
2012,0,4,57,14479.0,41554.09,11.68368,,10.63475,10.50878,,,0.2754939,
2012,0,4,58,107046.0,38910.93,11.82745,,10.56903,10.45453,,,0.2441474,
2012,0,4,59,60015.5,42649.72,12.31533,,10.66078,10.55249,,,0.2345483,
2012,0,4,60,89003.5,26428.07,11.17001,,10.18218,10.00869,,,0.3079721,
2012,0,4,61,430841.5,41174.35,11.75357,,10.62557,10.47264,,,0.3127595,
2012,0,4,62,335057.5,40392.37,11.84255,,10.6064,10.46854,,,0.2844356,
2012,0,4,63,166775.5,46913.67,12.65601,,10.75606,10.59955,,,0.3240379,
2012,0,4,64,1151503.0,44473.26,12.11784,,10.70264,10.53999,,,0.3313116,
2012,0,4,65,164266.5,57352.03,12.02925,,10.95696,10.79482,,,0.3389283,
2012,0,4,66,484770.0,35270.46,11.63807,,10.4708,10.31114,,,0.3162004,
2012,1,4,0,2574194.0,,13.1221,,,,,,,
2012,1,4,1,1963456.0,119609.7,15.13436,48.62508,11.69199,11.42364,3.88414,3.625507,0.5554632,0.5422603
2012,1,4,2,645632.5,107415.2,15.65082,45.8339,11.58446,11.3242,3.825024,3.58654,0.4985396,0.4627138
2012,1,4,3,26401.5,104966.9,17.0288,44.67968,11.5614,11.35328,3.799519,3.609943,0.4478176,0.4126329
2012,1,4,4,347798.5,105711.2,16.09849,46.38341,11.56847,11.45728,3.836942,3.727857,0.2239537,0.2253996
2012,1,4,5,278446.0,90588.39,15.29035,40.41818,11.41408,11.27162,3.69928,3.564248,0.2922305,0.2846762
2012,1,4,6,66409.5,106744.5,17.63498,47.03097,11.57819,11.39834,3.850806,3.683862,0.3472455,0.331808
2012,1,4,7,163560.0,241250.7,19.12754,94.87106,12.39359,12.17509,4.552519,4.336764,0.5548845,0.5341635
2012,1,4,8,69835.0,100267.7,16.24773,46.48578,11.5156,11.35376,3.839146,3.687479,0.3035914,0.2914378
2012,1,4,9,36955.0,88151.06,16.66646,40.33638,11.38681,11.21078,3.697254,3.532865,0.3403908,0.3138226
2012,1,4,10,98397.5,89134.11,18.77442,38.02955,11.3979,11.23255,3.638364,3.488088,0.3142264,0.2957402
2012,1,4,11,272023.0,62898.68,17.30022,28.11528,11.04928,10.94628,3.336313,3.230752,0.217767,0.2195128
2012,1,4,12,7733.5,67066.52,18.0375,30.8714,11.11344,10.99393,3.42983,3.33042,0.2283467,0.20106
2012,1,4,13,38777.5,117879.3,17.58156,50.17303,11.67742,11.46572,3.915478,3.725911,0.4295279,0.390177
2012,1,4,14,103191.5,52295.15,16.81559,22.28445,10.86466,10.7252,3.103889,2.956419,0.3017329,0.3210428
2012,1,4,15,149304.5,198807.5,19.06158,78.65986,12.20009,11.9478,4.365133,4.131892,0.5674896,0.5268149
2012,1,4,16,197878.5,76514.61,15.71459,33.40941,11.24524,10.95055,3.508837,3.232084,0.6245062,0.5996143
2012,1,4,17,69326.0,69740.82,14.46964,31.3338,11.15254,10.9876,3.444697,3.286237,0.2943444,0.2845755
2012,1,4,18,130351.0,64053.82,13.61668,29.31876,11.06748,10.96657,3.378227,3.283106,0.2179927,0.2105409
2012,1,4,19,17885.0,69565.05,13.82538,31.33214,11.15002,10.99605,3.444644,3.298769,0.2751019,0.2707284
2012,1,4,20,272573.0,103788.7,15.77585,46.35748,11.55011,11.40609,3.836383,3.694432,0.3040589,0.3035157
2012,1,4,21,1422370.0,84839.54,14.15337,35.14016,11.34852,11.01783,3.559345,3.244187,0.6497568,0.6174547
2012,1,4,22,26098.0,56444.52,14.11185,25.3572,10.94101,10.75482,3.233063,3.070104,0.3446638,0.3132214
2012,1,4,23,29418.5,53698.15,14.54581,23.8109,10.89113,10.64593,3.170143,2.962812,0.431823,0.3830667
2012,1,4,24,22016.0,50537.63,13.86437,23.53785,10.83047,10.65381,3.15861,3.001185,0.3460876,0.3110053
2012,1,4,25,35082.0,59708.25,14.37113,26.77087,10.99723,10.79588,3.287314,3.104591,0.3737305,0.3537747
2012,1,4,26,11247.0,52814.44,13.17605,24.91661,10.87454,10.8089,3.215535,3.155335,0.1425451,0.1277238
2012,1,4,27,16247.5,66304.48,13.97754,30.34297,11.10201,10.93464,3.412565,3.259668,0.3421732,0.3249179
2012,1,4,28,104098.0,53247.27,13.10811,24.31046,10.8827,10.7915,3.190907,3.106633,0.2056989,0.194288
2012,1,4,29,261583.5,48760.77,13.0345,21.92002,10.79468,10.61644,3.087401,2.931861,0.3388439,0.2977077
2012,1,4,30,128428.5,59577.95,14.26929,26.63191,10.99504,10.80298,3.28211,3.109933,0.3744892,0.3376237
2012,1,4,31,61840.5,62632.18,14.18088,28.257,11.04503,10.80718,3.341341,3.128648,0.4270701,0.3893957
2012,1,4,32,18829.0,28751.26,11.73419,13.92326,10.26644,10.12367,2.633561,2.496516,0.2798454,0.271302
2012,1,4,33,72930.0,79886.28,13.52227,31.23404,11.28836,11.19413,3.441508,3.33421,0.2092604,0.2326935
2012,1,4,34,228559.5,73106.89,13.95091,33.13386,11.19968,11.08772,3.500556,3.391845,0.244624,0.2406683
2012,1,4,35,93503.0,48423.48,13.50411,22.08743,10.78774,10.57926,3.095009,2.908378,0.400839,0.3620237
2012,1,4,36,201140.5,34634.09,12.72937,15.51839,10.45259,10.22773,2.742026,2.55203,0.4039344,0.3498289
2012,1,4,37,54635.0,45770.13,14.09071,20.97312,10.73139,10.44921,3.043242,2.772017,0.5058585,0.5031242
2012,1,4,38,328836.0,38815.24,12.41464,18.21116,10.56657,10.40911,2.902035,2.755261,0.3082927,0.2898673
2012,1,4,39,92920.5,51057.2,14.01142,23.15026,10.8407,10.61867,3.142006,2.92548,0.4522683,0.4520301
2012,1,4,40,127517.0,64547.57,12.82187,23.29675,11.07516,10.63019,3.148314,2.677899,0.9276809,0.9864056
2012,1,4,41,79076.5,31318.13,10.07588,13.13668,10.35195,10.17264,2.575409,2.396259,0.3327336,0.3347951
2012,1,4,42,190974.0,37187.22,11.92439,16.89981,10.52372,10.29899,2.827302,2.623704,0.4466355,0.4171285
2012,1,4,43,35410.5,45950.09,11.73626,18.73329,10.73531,10.50839,2.930302,2.714577,0.4259019,0.4258476
2012,1,4,44,555273.5,52216.85,12.35182,23.15736,10.86316,10.72133,3.142313,3.00429,0.3183303,0.3170121
2012,1,4,45,192880.5,56483.48,13.01212,25.94336,10.9417,10.81625,3.255916,3.133218,0.2753024,0.275924
2012,1,4,46,216773.0,51279.42,12.53785,23.46062,10.84505,10.70489,3.155324,3.0218,0.3145416,0.3040645
2012,1,4,47,1271674.0,52405.51,12.33286,23.85771,10.86677,10.67833,3.172107,2.994763,0.3957226,0.379372
2012,1,4,48,30994.5,62132.4,11.76389,24.58383,11.03702,10.8953,3.202089,3.068763,0.3124063,0.2952225
2012,1,4,49,192519.5,66816.63,12.7521,28.61307,11.10971,10.97101,3.353864,3.222828,0.2690041,0.2560964
2012,1,4,50,113434.5,52697.95,12.42409,23.67315,10.87233,10.77747,3.164342,3.074062,0.1967041,0.1873887
2012,1,4,51,16472.5,40814.37,12.38592,18.50168,10.61679,10.45302,2.917861,2.759817,0.3641687,0.3620433
2012,1,4,52,10819.0,47919.41,12.15112,21.40228,10.77728,10.4174,3.063497,2.714548,0.5431635,0.541188
2012,1,4,53,28715.5,48250.54,13.1242,22.1915,10.78416,10.61048,3.099709,2.943389,0.330796,0.3161231
2012,1,4,54,46636.0,37583.12,11.23495,17.25633,10.53431,10.41666,2.848179,2.742395,0.2328819,0.2170818
2012,1,4,55,66391.5,64791.7,12.84128,29.46661,11.07893,10.95226,3.383258,3.26164,0.2734588,0.2663146
2012,1,4,56,30424.5,39437.35,11.72292,18.10552,10.58247,10.48016,2.896217,2.803476,0.2066386,0.1885128
2012,1,4,57,10004.0,44438.88,11.69902,20.00948,10.70187,10.59883,2.996206,2.900511,0.2265789,0.2134515
2012,1,4,58,72656.5,41508.58,11.91226,18.95574,10.63366,10.52791,2.942107,2.838481,0.2212113,0.2166908
2012,1,4,59,43199.5,45320.45,12.43575,21.46871,10.72151,10.62378,3.066597,2.974994,0.2144488,0.2057339
2012,1,4,60,22680.0,35045.45,11.68876,16.54275,10.4644,10.27155,2.805948,2.628222,0.3826084,0.3549908
2012,1,4,61,248283.5,46100.18,11.88555,20.98406,10.73857,10.6062,3.043763,2.923678,0.2768258,0.2538754
2012,1,4,62,206372.5,44859.87,11.98786,20.36479,10.7113,10.57784,3.013807,2.89201,0.2799776,0.260832
2012,1,4,63,88144.0,54906.43,12.91887,24.3651,10.91339,10.78891,3.193151,3.077518,0.2587159,0.2425744
2012,1,4,64,816580.0,46504.94,12.2631,19.3172,10.74731,10.59217,2.960996,2.814574,0.3156502,0.2986285
2012,1,4,65,144302.5,58580.98,12.17357,25.10446,10.97817,10.81541,3.223046,3.069691,0.3349058,0.3165278
2012,1,4,66,283748.5,38440.89,12.0853,17.91969,10.55688,10.40446,2.8859,2.744799,0.3050545,0.2808358
2012,2,4,0,5153853.0,,14.7011,,,,,,,
2012,2,4,1,1190125.0,80484.55,15.27857,34.86651,11.29582,11.05905,3.551527,3.333859,0.4771654,0.4464276
2012,2,4,2,859968.0,64987.28,15.08162,29.71118,11.08195,10.89789,3.391523,3.226237,0.3416155,0.3115566
2012,2,4,3,7330.0,73897.4,18.21446,34.42405,11.21043,10.99193,3.538755,3.343879,0.5271761,0.4683722
2012,2,4,4,39975.5,91289.42,16.38969,41.62875,11.42179,11.29529,3.728791,3.607108,0.2637182,0.2607073
2012,2,4,5,145878.5,74472.09,15.10489,34.5777,11.21818,11.07882,3.543209,3.410523,0.2823361,0.2709849
2012,2,4,6,33610.0,85808.02,18.24597,38.85918,11.35987,11.20414,3.659944,3.520858,0.3212453,0.2957665
2012,2,4,7,71376.0,164389.0,20.04179,69.14115,12.00999,11.72683,4.23615,3.969667,0.6738898,0.6439338
2012,2,4,8,566851.5,69362.62,16.56628,33.74066,11.1471,11.0557,3.518703,3.428938,0.1961977,0.1934605
2012,2,4,9,119172.0,63383.62,17.87446,30.82223,11.05696,10.94441,3.428236,3.322453,0.232123,0.220573
2012,2,4,10,98258.0,70373.15,19.47918,31.06112,11.16157,11.03719,3.435957,3.319621,0.2582394,0.242197
2012,2,4,11,1043314.0,47270.8,17.29207,21.91827,10.76365,10.62053,3.087321,2.951658,0.3281435,0.2983974
2012,2,4,12,32737.0,51223.82,18.54868,24.93614,10.84396,10.74416,3.216318,3.117976,0.2243349,0.2161881
2012,2,4,13,50067.0,85173.48,18.43793,38.35504,11.35245,11.15806,3.646886,3.46768,0.3838973,0.3619976
2012,2,4,14,145254.0,44555.57,17.03963,21.25093,10.70449,10.5858,3.056401,2.941442,0.2601491,0.2540999
2012,2,4,15,70612.5,141764.6,19.45412,60.42634,11.86192,11.57893,4.101425,3.844608,0.6105,0.558391
2012,2,4,16,170885.0,55814.04,16.87389,25.76244,10.92978,10.64776,3.248918,2.986036,0.6256186,0.6005806
2012,2,4,17,262515.0,48290.18,14.70244,23.93347,10.78498,10.67478,3.175278,3.065708,0.2298395,0.2311314
2012,2,4,18,34596.0,51546.91,14.14123,24.3106,10.85025,10.7261,3.190912,3.076269,0.2344229,0.2203342
2012,2,4,19,9942.5,56911.11,13.77491,26.47357,10.94925,10.77634,3.276147,3.111903,0.3548085,0.3285461
2012,2,4,20,167889.5,66122.49,15.01896,31.09132,11.09926,10.96058,3.436929,3.305686,0.2935312,0.278498
2012,2,4,21,1072303.0,48474.86,14.39065,21.87395,10.7888,10.46685,3.085297,2.801982,0.5976986,0.5278189
2012,2,4,22,787184.0,38532.57,13.81059,18.86392,10.55926,10.45252,2.937251,2.835945,0.2164737,0.205213
2012,2,4,23,192957.5,32342.77,14.04634,15.89218,10.38415,10.26996,2.765827,2.662633,0.215479,0.1962799
2012,2,4,24,103423.5,36598.23,14.31196,17.80369,10.50776,10.39747,2.879406,2.77941,0.2211432,0.2042019
2012,2,4,25,387458.0,39648.14,13.77351,19.22968,10.5878,10.4792,2.956455,2.855015,0.2123565,0.2007736
2012,2,4,26,10404.5,45204.41,13.01043,21.77193,10.71895,10.6498,3.080621,3.013484,0.1568154,0.154807
2012,2,4,27,22123.0,41145.17,13.46906,20.0271,10.62486,10.46435,2.997087,2.837423,0.2692203,0.259878
2012,2,4,28,65501.5,46194.93,13.30585,22.15012,10.74063,10.66277,3.097843,3.024583,0.1897391,0.1820517
2012,2,4,29,215097.0,36197.63,13.1218,17.18623,10.49675,10.35743,2.844108,2.721002,0.2713184,0.2405974
2012,2,4,30,359075.5,40751.37,13.69686,19.47223,10.61524,10.49192,2.96899,2.858155,0.2441799,0.2204662
2012,2,4,31,378897.5,37191.84,13.84696,18.11273,10.52384,10.41258,2.896615,2.793491,0.2167204,0.2014314
2012,2,4,32,172075.5,20947.67,12.67156,10.66799,9.949782,9.807839,2.367248,2.234412,0.2754893,0.2567953
2012,2,4,33,3487.0,71675.24,14.27932,29.68709,11.1799,11.07817,3.390712,3.273376,0.2218172,0.2488182
2012,2,4,34,50532.5,57779.76,14.00443,26.8966,10.96439,10.82176,3.292,3.156642,0.2990618,0.2883204
2012,2,4,35,35791.0,39825.29,14.09167,19.02674,10.59226,10.40552,2.945845,2.77193,0.3685519,0.3390869
2012,2,4,36,395945.5,21943.78,13.54081,11.03697,9.996239,9.845053,2.40125,2.26553,0.2701723,0.2460121
2012,2,4,37,451447.5,29042.54,13.67689,14.26536,10.27652,10.13751,2.657835,2.523637,0.2679116,0.268075
2012,2,4,38,136053.5,25559.38,12.53305,12.52556,10.14876,10.01506,2.527772,2.405688,0.2570043,0.2356154
2012,2,4,39,345037.0,29530.45,14.43946,14.18398,10.29318,10.05506,2.652113,2.414148,0.4986919,0.506702
2012,2,4,40,22111.5,39889.19,14.05671,15.3823,10.59386,10.07978,2.733217,2.243664,1.162402,1.161723
2012,2,4,41,22386.0,27501.29,11.17877,12.07255,10.22199,9.936794,2.490935,2.242599,0.4565389,0.4557359
2012,2,4,42,40957.5,30227.43,13.3504,14.30269,10.31651,10.10113,2.660448,2.454178,0.4343044,0.4206553
2012,2,4,43,2854.0,37406.91,13.24912,17.09208,10.52961,10.33911,2.838615,2.634509,0.3913406,0.4192626
2012,2,4,44,13372.0,52073.24,13.20326,23.66827,10.86041,10.72294,3.164135,3.035665,0.30192,0.278077
2012,2,4,45,14351.0,54196.95,13.47328,25.30282,10.90038,10.7866,3.230916,3.114385,0.2177512,0.2228532
2012,2,4,46,12261.0,40035.25,13.36669,19.11535,10.59752,10.41119,2.950491,2.766406,0.4276264,0.4245004
2012,2,4,47,37455.0,43195.56,13.25836,20.41198,10.67349,10.43934,3.016122,2.784161,0.5006716,0.4933708
2012,2,4,48,907.0,53123.18,12.78721,24.49646,10.88037,10.74929,3.198529,3.107698,0.1860804,0.1413324
2012,2,4,49,38892.0,51126.31,12.96745,22.97063,10.84205,10.66552,3.134217,2.969422,0.315116,0.2958466
2012,2,4,50,5423.0,42266.0,12.4114,19.89859,10.65174,10.45235,2.990649,2.790869,0.315366,0.3002536
2012,2,4,51,1893.5,30040.58,12.35912,14.65517,10.3103,10.18607,2.684793,2.563733,0.2725449,0.2702961
2012,2,4,52,11253.0,26790.02,14.0295,12.57613,10.19578,9.966486,2.5318,2.317909,0.4713009,0.4489456
2012,2,4,53,74882.0,35540.74,13.51011,17.67999,10.47843,10.36593,2.872434,2.76521,0.2183715,0.20613
2012,2,4,54,36319.5,25139.34,12.194,12.38352,10.13219,10.03478,2.516366,2.432606,0.1944783,0.1672607
2012,2,4,55,2976.5,51660.23,13.24979,24.13177,10.85244,10.70763,3.183529,3.053073,0.315311,0.285437
2012,2,4,56,5814.5,33818.08,11.68131,15.52053,10.42875,10.28323,2.742163,2.613641,0.2847936,0.2467095
2012,2,4,57,2572.0,30208.4,11.27372,14.48501,10.31588,10.20363,2.673115,2.568835,0.2455026,0.2227617
2012,2,4,58,18991.5,31396.25,11.69155,14.64997,10.35444,10.25644,2.684438,2.596614,0.216349,0.2003855
2012,2,4,59,11612.5,33316.98,12.64095,16.17629,10.41382,10.31109,2.783547,2.681144,0.2014306,0.1999801
2012,2,4,60,48053.0,22141.38,11.7643,10.90291,10.0052,9.888813,2.389029,2.284659,0.2211397,0.2044175
2012,2,4,61,108589.5,31255.37,11.74449,14.77776,10.34995,10.20637,2.693124,2.562973,0.2756533,0.2462888
2012,2,4,62,84019.0,30985.76,11.90583,14.73267,10.34128,10.24066,2.690068,2.594961,0.210397,0.1987305
2012,2,4,63,55569.5,36659.95,12.63826,17.11871,10.50944,10.35933,2.840172,2.701679,0.2926652,0.2655653
2012,2,4,64,119895.0,34507.32,13.7522,15.75029,10.44893,10.26887,2.756859,2.593836,0.3409404,0.3183777
2012,2,4,65,3961.0,51217.84,12.54885,22.36833,10.84384,10.71444,3.107646,3.000014,0.2846709,0.2450341
2012,2,4,66,110395.5,27542.34,12.08658,13.37387,10.22348,10.09407,2.593303,2.470264,0.2529194,0.2352787
2012,3,4,0,760452.5,,12.28919,,,,,,,
2012,3,4,1,115785.5,88160.01,15.2202,36.90301,11.38691,11.1318,3.608293,3.369602,0.5376663,0.5146642
2012,3,4,2,62218.0,68295.21,15.17543,31.2934,11.13159,10.97398,3.443407,3.292159,0.3186801,0.3098762
2012,3,4,3,753.0,103217.1,16.71713,42.83815,11.54459,11.37612,3.757429,3.63785,0.3088829,0.2381894
2012,3,4,4,15757.5,91691.6,16.1174,40.97431,11.42619,11.32304,3.712945,3.60769,0.2108108,0.2226211
2012,3,4,5,34044.0,76238.91,14.99204,35.02932,11.24163,11.12825,3.556185,3.443354,0.2403964,0.2457407
2012,3,4,6,2556.5,82345.77,17.18521,38.56962,11.31868,11.20551,3.652465,3.531613,0.2851995,0.3025661
2012,3,4,7,8504.0,208441.5,18.95743,80.23582,12.24741,12.00081,4.38497,4.123012,0.5981978,0.621175
2012,3,4,8,10475.5,75876.92,15.88812,35.66671,11.23687,11.09003,3.574218,3.438093,0.2954144,0.2810212
2012,3,4,9,4281.5,81945.98,15.77998,37.3395,11.31382,11.10248,3.620052,3.437977,0.4602963,0.4266383
2012,3,4,10,7051.0,71679.09,19.24011,30.86137,11.17995,11.04205,3.429505,3.291757,0.2931923,0.2916947
2012,3,4,11,38069.0,53986.16,16.46741,25.03287,10.89648,10.77233,3.22019,3.098356,0.2750862,0.2649439
2012,3,4,12,404.0,52130.52,16.17822,25.58145,10.86151,10.75974,3.241868,3.151537,0.1936023,0.1800174
2012,3,4,13,2630.5,95098.17,16.33568,43.65042,11.46266,11.24165,3.776213,3.587991,0.3866292,0.3421769
2012,3,4,14,20786.0,51992.6,15.98119,23.14561,10.85886,10.66758,3.141805,2.940156,0.342431,0.3534371
2012,3,4,15,5463.5,130544.3,18.63769,51.86751,11.77947,11.51303,3.948693,3.707879,0.6250013,0.5881261
2012,3,4,16,13758.0,56928.04,15.61797,25.55015,10.94954,10.71578,3.240643,3.024784,0.5185995,0.5048815
2012,3,4,17,15850.5,59161.73,13.99514,27.70383,10.98803,10.85824,3.321571,3.205158,0.2320523,0.2138074
2012,3,4,18,11283.0,60920.04,13.60799,28.60035,11.01732,10.92351,3.353419,3.258298,0.2145971,0.2166706
2012,3,4,19,1788.0,66251.8,13.16611,30.16266,11.10122,11.01858,3.406605,3.320519,0.1804733,0.1807376
2012,3,4,20,15779.5,85386.45,15.64555,39.25928,11.35494,11.2327,3.670188,3.54115,0.2536392,0.2577167
2012,3,4,21,94879.5,52425.2,13.87535,22.8358,10.86714,10.62401,3.12833,2.900057,0.4738293,0.448197
2012,3,4,22,4883.0,53594.36,14.55028,25.4922,10.8892,10.74187,3.238373,3.10698,0.3012084,0.2729844
2012,3,4,23,4782.5,41695.37,14.38055,19.76473,10.63815,10.46556,2.983899,2.830676,0.3118226,0.2820222
2012,3,4,24,4039.5,36944.31,13.36824,17.59578,10.51717,10.41859,2.867659,2.767377,0.1975691,0.2004051
2012,3,4,25,5159.5,54424.7,13.83603,25.49615,10.90457,10.67398,3.238528,3.033408,0.3923532,0.3501204
2012,3,4,26,4164.0,49137.7,12.79179,23.57219,10.80238,10.74884,3.160068,3.105325,0.1278649,0.1357543
2012,3,4,27,2252.0,46914.22,13.55107,22.7818,10.75608,10.68836,3.125962,3.066561,0.134599,0.116624
2012,3,4,28,26664.0,50162.75,12.99677,23.19214,10.82303,10.73176,3.143813,3.064083,0.2120915,0.1932393
2012,3,4,29,45835.5,41250.63,12.98236,19.24951,10.62742,10.44419,2.957485,2.790225,0.3596613,0.3303037
2012,3,4,30,21204.5,47810.23,14.08027,22.40433,10.77499,10.61301,3.109254,2.952533,0.3239301,0.3089924
2012,3,4,31,12791.5,46851.84,13.90658,22.13446,10.75475,10.63052,3.097136,2.975864,0.2546283,0.2605796
2012,3,4,32,10204.0,28978.04,12.17719,14.13686,10.27429,10.14633,2.648786,2.525123,0.2659116,0.2514162
2012,3,4,33,7478.5,68437.66,13.51354,26.63526,11.13368,11.03512,3.282236,3.180643,0.2039967,0.206184
2012,3,4,34,44128.0,62205.04,13.85701,28.08627,11.03819,10.90138,3.335281,3.20131,0.2941101,0.2939392
2012,3,4,35,43056.0,42748.4,13.33236,20.26107,10.66309,10.49169,3.008701,2.840055,0.3331492,0.3245605
2012,3,4,36,56097.5,28735.42,12.57594,13.65581,10.26589,10.11108,2.614165,2.478883,0.3067688,0.2697084
2012,3,4,37,29747.0,34949.71,13.41292,16.55832,10.46167,10.30977,2.806889,2.648299,0.2996506,0.3324347
2012,3,4,38,81988.0,30444.93,12.56663,14.63647,10.32368,10.19611,2.683516,2.559407,0.2533593,0.2454582
2012,3,4,39,21018.5,42005.96,14.03701,19.49032,10.64557,10.48572,2.969918,2.818323,0.3388177,0.3300269
2012,3,4,40,1424.0,63272.23,12.65801,24.73412,11.0552,10.41887,3.208184,2.629586,0.983309,0.9468821
2012,3,4,41,7006.5,30262.24,11.85014,13.35536,10.31766,10.0467,2.591918,2.35055,0.4240747,0.4409091
2012,3,4,42,22430.0,27191.0,12.37387,12.93869,10.21064,10.04209,2.560222,2.394417,0.3695556,0.3628697
2012,3,4,43,2075.5,30779.97,11.60973,13.69132,10.33462,10.1571,2.616762,2.43816,0.3831679,0.3673614
2012,3,4,44,46039.5,45319.51,12.74625,20.75559,10.72149,10.59186,3.032815,2.901368,0.2918177,0.3006656
2012,3,4,45,20139.5,52358.43,13.47963,24.51992,10.86587,10.74264,3.199486,3.062608,0.2627795,0.2859614
2012,3,4,46,21553.5,44168.35,12.46466,20.8796,10.69576,10.58021,3.038773,2.921124,0.2532801,0.2655309
2012,3,4,47,106648.5,43580.68,12.47,20.33565,10.68237,10.50261,3.012375,2.832539,0.394517,0.3895842
2012,3,4,48,2128.0,48302.89,12.00658,20.21313,10.78525,10.64861,3.006332,2.853812,0.2741963,0.3138585
2012,3,4,49,18448.5,56574.83,12.90186,25.20454,10.94332,10.80253,3.227024,3.092825,0.2671264,0.2575287
2012,3,4,50,5730.0,44661.27,12.3733,20.3575,10.70686,10.58191,3.01345,2.903793,0.2659267,0.2307679
2012,3,4,51,929.0,55163.24,11.06674,25.521,10.91805,10.73033,3.239502,3.028443,0.3896357,0.4816801
2012,3,4,52,1063.5,27523.54,11.60696,13.81137,10.2228,10.03339,2.625493,2.460475,0.487624,0.4166066
2012,3,4,53,4597.0,50637.36,13.22254,24.65865,10.83245,10.54618,3.205128,2.907092,0.4195558,0.4390303
2012,3,4,54,8580.0,34894.77,12.15967,16.37514,10.46009,10.31024,2.795764,2.654513,0.2764794,0.2616307
2012,3,4,55,8490.0,55503.86,12.73145,26.00107,10.92421,10.78341,3.258138,3.117623,0.3251188,0.3206705
2012,3,4,56,3745.0,39729.62,12.6486,18.47653,10.58985,10.49935,2.916501,2.810474,0.2066873,0.2434774
2012,3,4,57,1366.0,48888.54,12.32943,21.88222,10.7973,10.58064,3.085675,2.882092,0.5103842,0.4739848
2012,3,4,58,10525.0,38994.3,12.32333,18.08378,10.57117,10.44989,2.895016,2.777193,0.2564423,0.2470364
2012,3,4,59,3674.0,44084.45,12.592,21.09746,10.69386,10.56774,3.049152,2.914899,0.3106441,0.3411676
2012,3,4,60,5813.5,28085.4,11.86617,13.37428,10.243,10.10337,2.593334,2.462133,0.2770088,0.2529318
2012,3,4,61,46819.0,41713.26,12.26893,19.3617,10.63857,10.48033,2.963297,2.813677,0.3321117,0.3146375
2012,3,4,62,26598.0,40729.7,12.05267,18.87648,10.61471,10.47641,2.937917,2.807662,0.2870926,0.2624261
2012,3,4,63,10124.5,48031.95,13.18732,22.5661,10.77962,10.65934,3.116449,2.997277,0.2718694,0.2666046
2012,3,4,64,179656.5,42815.34,12.58843,18.54952,10.66465,10.50423,2.920444,2.764555,0.3313931,0.3261911
2012,3,4,65,14095.5,47963.11,12.188,21.05147,10.77819,10.62609,3.04697,2.906139,0.36705,0.3434018
2012,3,4,66,65365.0,35839.62,12.53045,16.97765,10.48681,10.31286,2.831898,2.663402,0.3494523,0.3342561
2012,4,4,0,829416.0,,13.15572,,,,,,,
2012,4,4,1,140582.0,68744.27,15.34956,30.86353,11.13815,10.94885,3.429575,3.248378,0.4084733,0.3941947
2012,4,4,2,125676.5,60467.93,14.98033,28.6525,11.00987,10.87477,3.355241,3.222886,0.2694714,0.265543
2012,4,4,3,350.0,70177.42,16.38571,34.02049,11.15878,11.06705,3.526963,3.453419,0.2360028,0.2022415
2012,4,4,4,3032.0,74005.96,15.65139,34.84674,11.2119,11.09392,3.55096,3.433214,0.2828072,0.2828765
2012,4,4,5,21957.0,69007.05,15.04941,32.27533,11.14196,11.02553,3.474303,3.362353,0.227661,0.2335631
2012,4,4,6,2042.5,84806.06,17.72436,39.37672,11.34812,11.25452,3.673175,3.581487,0.1926856,0.1908888
2012,4,4,7,6720.5,175064.1,19.1087,69.75104,12.07291,11.83429,4.244932,4.013731,0.4987119,0.4850647
2012,4,4,8,75152.0,70584.7,15.94588,34.01351,11.16457,11.02832,3.526758,3.383487,0.30696,0.3182396
2012,4,4,9,10561.5,57132.44,16.26123,27.21807,10.95313,10.83141,3.303881,3.187404,0.2477401,0.2306398
2012,4,4,10,8966.0,62766.13,19.07227,28.77518,11.04717,10.96179,3.359513,3.27174,0.1802646,0.1778514
2012,4,4,11,139523.0,42397.53,16.11883,20.51706,10.65485,10.47777,3.021257,2.845317,0.3876404,0.379249
2012,4,4,12,2645.0,49169.63,18.18336,23.87474,10.80303,10.71507,3.172821,3.08648,0.1882937,0.1855343
2012,4,4,13,3127.5,66694.08,17.76851,31.55047,11.10787,10.95689,3.451589,3.291184,0.345431,0.3703903
2012,4,4,14,40913.0,46596.71,16.28316,22.19013,10.74929,10.6273,3.099648,2.986043,0.2362393,0.2293845
2012,4,4,15,7672.0,106521.4,18.77437,46.06241,11.5761,11.38947,3.829997,3.652194,0.4241582,0.4130665
2012,4,4,16,9575.0,58505.43,16.49191,27.03584,10.97688,10.70404,3.297163,3.034882,0.6244937,0.6451152
2012,4,4,17,51123.0,45488.55,13.46697,22.0111,10.72522,10.58247,3.091547,2.95098,0.2869226,0.283567
2012,4,4,18,4340.0,48496.99,13.55622,23.72795,10.78926,10.67284,3.166654,3.050767,0.258458,0.2502947
2012,4,4,19,1078.5,57361.25,14.0751,26.63544,10.95712,10.78369,3.282243,3.13667,0.4171287,0.3603025
2012,4,4,20,18074.5,65536.18,15.06288,31.45217,11.09036,10.97311,3.448468,3.333941,0.2536404,0.2478578
2012,4,4,21,116266.0,38364.11,14.12786,18.04412,10.55488,10.30644,2.89282,2.673943,0.4755338,0.4173354
2012,4,4,22,87685.5,40756.29,13.68571,19.94469,10.61537,10.51532,2.992963,2.89585,0.2070591,0.205252
2012,4,4,23,28958.0,35239.89,13.8024,17.22371,10.46993,10.36779,2.846287,2.75041,0.2153576,0.206606
2012,4,4,24,15896.0,38446.78,13.71804,18.8728,10.55703,10.46561,2.937722,2.850992,0.1920962,0.1835292
2012,4,4,25,40562.5,39582.45,13.38687,19.24931,10.58614,10.48559,2.957475,2.859662,0.2127316,0.2058181
2012,4,4,26,5840.0,47121.43,13.1411,22.88787,10.76048,10.69587,3.130607,3.063498,0.1494058,0.1486796
2012,4,4,27,5150.0,37799.4,13.12854,18.20545,10.54005,10.4258,2.901721,2.792494,0.2555247,0.2461052
2012,4,4,28,18650.5,46069.6,13.16168,22.08855,10.73791,10.64085,3.09506,3.00098,0.2560856,0.2474561
2012,4,4,29,32952.5,36033.37,13.17087,17.21602,10.4922,10.33556,2.84584,2.704051,0.3105486,0.284667
2012,4,4,30,76098.0,40721.27,13.85126,19.63673,10.61451,10.49313,2.977402,2.860649,0.2378589,0.2265648
2012,4,4,31,62637.0,38656.38,13.60394,18.88431,10.56247,10.46541,2.938332,2.841782,0.1943331,0.1936901
2012,4,4,32,50739.5,22499.74,12.17616,11.06799,10.02126,9.860841,2.404058,2.259908,0.2655314,0.2442991
2012,4,4,33,623.0,73413.73,13.92456,30.75294,11.20387,11.13422,3.425986,3.359688,0.1381319,0.1279944
2012,4,4,34,24228.0,54132.49,13.93743,25.29514,10.89919,10.76632,3.230612,3.096627,0.2904546,0.3008724
2012,4,4,35,22405.0,35781.66,13.58576,17.20644,10.48519,10.28813,2.845284,2.657743,0.3836496,0.3560149
2012,4,4,36,75124.0,22087.15,12.92876,11.03876,10.00275,9.860144,2.401412,2.271738,0.2474546,0.2203547
2012,4,4,37,201612.5,28442.12,13.05798,13.70718,10.25563,10.12737,2.61792,2.493658,0.2628468,0.2577516
2012,4,4,38,37561.0,24970.91,12.49575,12.1517,10.12547,9.9921,2.497469,2.368435,0.2665266,0.2556281
2012,4,4,39,75842.0,30247.12,13.85545,14.02744,10.31716,10.07757,2.641015,2.408082,0.5482659,0.5285488
2012,4,4,40,261.0,32671.59,14.23372,13.61823,10.39426,10.3021,2.611409,2.443645,0.1969227,0.3609077
2012,4,4,41,550.0,20696.83,11.07636,10.22744,9.937736,9.781689,2.325075,2.175879,0.3253583,0.3114228
2012,4,4,42,2632.5,29549.21,12.58993,13.98737,10.29381,10.08159,2.638155,2.416983,0.3971696,0.4158311
2012,4,4,43,136.5,23612.18,15.0989,11.5746,10.06952,9.860933,2.448813,2.240229,0.3491127,0.3491126
2012,4,4,44,2582.5,56345.1,13.3847,24.49788,10.93925,10.75652,3.198586,3.056483,0.4310172,0.3435087
2012,4,4,45,2267.0,60587.61,13.71504,28.36055,11.01185,10.89648,3.344999,3.230026,0.2263511,0.254051
2012,4,4,46,1820.0,47644.82,12.77527,21.80667,10.77153,10.61105,3.082216,2.945741,0.3486595,0.2970268
2012,4,4,47,3535.0,41714.88,13.06535,19.67421,10.63861,10.51697,2.979309,2.854455,0.2701582,0.27289
2012,4,4,48,15.0,61242.0,12.0,30.02059,11.02259,11.02259,3.401883,3.401883,0.0,0.0
2012,4,4,49,6270.0,45889.74,13.18915,20.92037,10.734,10.60193,3.040723,2.907358,0.2567434,0.2502733
2012,4,4,50,768.0,32565.13,11.9388,15.11415,10.391,10.29045,2.715631,2.598806,0.2040614,0.2316062
2012,4,4,51,81.0,27760.84,12.30864,14.7979,10.23138,10.20978,2.694485,2.685121,0.0422917,0.0185506
2012,4,4,52,1003.5,26471.22,13.15994,13.07178,10.18381,10.06669,2.570456,2.423801,0.2723048,0.3379256
2012,4,4,53,9175.0,38954.75,13.57798,18.9998,10.57016,10.43989,2.944428,2.821036,0.2688568,0.2586179
2012,4,4,54,6625.5,24844.87,12.13584,12.10106,10.12041,10.01465,2.493293,2.394102,0.2186825,0.2076492
2012,4,4,55,904.0,49082.49,13.60841,23.19816,10.80126,10.7086,3.144073,3.049111,0.1837626,0.1867505
2012,4,4,56,1458.0,37215.74,12.31276,17.03353,10.52449,10.36619,2.835184,2.652489,0.2993711,0.3387995
2012,4,4,57,537.0,25541.52,12.28119,12.20866,10.14806,10.13814,2.502146,2.481985,0.0187977,0.0400121
2012,4,4,58,4873.0,29532.25,12.47814,13.89018,10.29324,10.1447,2.631182,2.486238,0.3518072,0.3408044
2012,4,4,59,1529.5,31278.54,12.56489,15.21272,10.35069,10.24644,2.722132,2.630137,0.2081351,0.1710011
2012,4,4,60,12457.0,25644.23,12.00048,12.41475,10.15207,9.922909,2.518886,2.310044,0.3158321,0.2932578
2012,4,4,61,27149.5,32877.59,12.59298,15.80501,10.40055,10.24903,2.760327,2.616027,0.2664368,0.2504508
2012,4,4,62,18068.0,32790.66,12.14739,15.76199,10.3979,10.27282,2.757601,2.632183,0.259334,0.2631643
2012,4,4,63,12937.5,34241.85,12.79977,16.06093,10.4412,10.26146,2.77639,2.608552,0.3412698,0.3198085
2012,4,4,64,35371.0,33184.11,13.36878,15.66713,10.40983,10.25903,2.751565,2.618024,0.3146146,0.2892026
2012,4,4,65,1907.5,54752.02,12.66317,25.01303,10.91057,10.78987,3.219397,3.120719,0.2639886,0.226409
2012,4,4,66,25261.0,30882.82,12.70409,14.99012,10.33796,10.17503,2.707392,2.55768,0.3113739,0.2864455
2000,0,0,0,26100000.0,,12.48984,,,,,,,
2000,0,0,1,7932253.0,70051.78,14.92023,,11.15699,10.87778,,,0.5157045,
2000,0,0,2,4812058.0,51657.33,14.72263,,10.85239,10.63017,,,0.3779402,
2000,0,0,3,138144.5,63197.56,16.59739,,11.05402,10.83733,,,0.4152543,
2000,0,0,4,1199255.0,64190.28,15.84106,,11.06961,10.9639,,,0.2066878,
2000,0,0,5,1297774.0,55886.84,14.95622,,10.93108,10.79119,,,0.2690987,
2000,0,0,6,386383.0,54956.5,17.40673,,10.9143,10.75583,,,0.3084053,
2000,0,0,7,671628.0,147651.3,18.87696,,11.90261,11.56004,,,0.7948537,
2000,0,0,8,1718269.0,46163.18,15.38719,,10.73994,10.64338,,,0.187419,
2000,0,0,9,435370.5,45140.36,16.32408,,10.71753,10.58449,,,0.2421714,
2000,0,0,10,597578.0,50896.33,17.85955,,10.83755,10.66233,,,0.3547405,
2000,0,0,11,4234810.0,34528.81,16.37783,,10.44955,10.31978,,,0.2796575,
2000,0,0,12,134918.5,37371.32,17.3852,,10.52866,10.42742,,,0.2107144,
2000,0,0,13,230335.0,60634.35,17.73559,,11.01262,10.80696,,,0.3956119,
2000,0,0,14,850448.5,33098.58,16.01824,,10.40725,10.29805,,,0.2229297,
2000,0,0,15,703391.5,111169.0,18.81936,,11.61881,11.31902,,,0.6230061,
2000,0,0,16,1353196.0,46646.29,15.01063,,10.75035,10.49195,,,0.5152828,
2000,0,0,17,1046539.0,34520.61,13.85592,,10.44931,10.33083,,,0.2166398,
2000,0,0,18,585250.0,41181.54,13.56215,,10.62575,10.52808,,,0.1988657,
2000,0,0,19,95234.5,41157.95,13.66902,,10.62517,10.51849,,,0.2060191,
2000,0,0,20,1456702.0,59585.76,15.1059,,10.99517,10.82668,,,0.3291982,
2000,0,0,21,7640824.0,50108.31,13.63597,,10.82194,10.48906,,,0.6008627,
2000,0,0,22,2411530.0,28272.45,13.06299,,10.24964,10.15116,,,0.1880784,
2000,0,0,23,806511.5,25998.44,13.0707,,10.16579,10.02653,,,0.2391026,
2000,0,0,24,371740.0,27248.71,13.19728,,10.21276,10.08937,,,0.2227139,
2000,0,0,25,1381607.0,28203.74,12.98215,,10.24721,10.14076,,,0.1952221,
2000,0,0,26,113430.0,35614.83,12.89777,,10.48052,10.3998,,,0.1714001,
2000,0,0,27,246779.0,33232.51,13.17471,,10.41128,10.27454,,,0.2557506,
2000,0,0,28,537321.0,36043.88,12.87432,,10.49249,10.40446,,,0.190381,
2000,0,0,29,1601909.0,32198.61,12.68342,,10.37968,10.23564,,,0.2679576,
2000,0,0,30,1767737.0,33010.81,13.43013,,10.40459,10.27614,,,0.2315888,
2000,0,0,31,1567024.0,27876.37,13.1452,,10.23553,10.11459,,,0.218785,
2000,0,0,32,455544.5,17411.04,11.20452,,9.76486,9.58846,,,0.3059176,
2000,0,0,33,255213.5,49648.68,13.33525,,10.81273,10.72481,,,0.1830848,
2000,0,0,34,1038865.0,44463.8,13.70674,,10.70243,10.60061,,,0.2082833,
2000,0,0,35,431419.0,32005.69,12.92243,,10.37367,10.20315,,,0.3210821,
2000,0,0,36,2097742.0,21219.07,12.12563,,9.962655,9.78482,,,0.3141991,
2000,0,0,37,1439254.0,22956.11,12.49622,,10.04134,9.90134,,,0.2424624,
2000,0,0,38,1048104.0,26890.27,11.8447,,10.19952,10.03487,,,0.3103087,
2000,0,0,39,1561328.0,25272.0,13.06837,,10.13745,9.894138,,,0.518059,
2000,0,0,40,382383.5,39233.45,12.9394,,10.57728,10.14522,,,0.88388,
2000,0,0,41,254191.0,23601.61,10.9065,,10.06907,9.867435,,,0.3584668,
2000,0,0,42,567851.0,28713.81,11.96447,,10.26513,10.05496,,,0.397606,
2000,0,0,43,122538.5,33910.67,11.75193,,10.43149,10.18003,,,0.4560498,
2000,0,0,44,1918088.0,38743.48,12.25254,,10.56472,10.43778,,,0.2702349,
2000,0,0,45,748200.5,41108.77,12.8178,,10.62398,10.50247,,,0.2513271,
2000,0,0,46,625557.0,37729.02,12.40993,,10.53819,10.40506,,,0.2796097,
2000,0,0,47,4309204.0,38639.73,12.04741,,10.56204,10.38927,,,0.3432939,
2000,0,0,48,67541.5,41331.3,11.89715,,10.62938,10.51541,,,0.2314256,
2000,0,0,49,922140.0,44078.91,12.77219,,10.69374,10.56217,,,0.2572286,
2000,0,0,50,455720.0,39591.68,12.34665,,10.58637,10.48704,,,0.2044246,
2000,0,0,51,69345.0,31531.82,12.29681,,10.35875,10.17425,,,0.372066,
2000,0,0,52,78531.0,27022.1,12.04259,,10.20441,9.962365,,,0.4767941,
2000,0,0,53,304088.5,28412.42,12.96256,,10.25458,10.11845,,,0.2405609,
2000,0,0,54,254102.5,27096.41,11.75413,,10.20716,10.06838,,,0.2697929,
2000,0,0,55,191182.5,45313.05,12.68973,,10.72135,10.61682,,,0.2114394,
2000,0,0,56,174069.5,32281.74,11.8284,,10.38226,10.26207,,,0.2315867,
2000,0,0,57,83304.0,33970.87,11.92165,,10.43326,10.30945,,,0.2403641,
2000,0,0,58,443085.0,31010.11,11.84818,,10.34207,10.22545,,,0.2323505,
2000,0,0,59,236514.5,33970.04,12.4232,,10.43323,10.31401,,,0.2365204,
2000,0,0,60,423497.0,22109.69,11.32286,,10.00377,9.858085,,,0.262481,
2000,0,0,61,1390307.0,31948.98,11.88364,,10.3719,10.2318,,,0.2772206,
2000,0,0,62,1263192.0,31696.28,11.92729,,10.36395,10.23057,,,0.269313,
2000,0,0,63,533893.5,34612.98,12.5799,,10.45198,10.31731,,,0.267264,
2000,0,0,64,2873279.0,35328.91,12.0925,,10.47246,10.32495,,,0.2873382,
2000,0,0,65,463700.5,41763.88,12.04791,,10.63979,10.5054,,,0.2694157,
2000,0,0,66,1271161.0,28448.65,11.7959,,10.25586,10.10389,,,0.2920692,
2000,1,0,0,6367879.0,,12.86286,,,,,,,
2000,1,0,1,4647658.0,82886.84,15.08851,32.55234,11.32523,11.04514,3.482849,3.213976,0.5299132,0.5162118
2000,1,0,2,1865706.0,68046.34,15.49608,28.06593,11.12794,10.87776,3.334556,3.108283,0.4404999,0.4079101
2000,1,0,3,107176.5,67572.37,16.65525,27.6083,11.12095,10.90435,3.318116,3.116049,0.4099361,0.3955852
2000,1,0,4,1030159.0,65862.95,15.90848,28.22977,11.09533,10.99153,3.340377,3.238777,0.2012163,0.2019159
2000,1,0,5,785119.5,60432.71,15.19809,26.12355,11.00929,10.8597,3.262837,3.122564,0.2880699,0.2763947
2000,1,0,6,253668.0,59253.52,17.57042,25.4134,10.98958,10.8239,3.235276,3.073366,0.3231882,0.3310493
2000,1,0,7,469936.0,164293.2,19.07068,62.71225,12.00941,11.69103,4.138557,3.802437,0.7706099,0.8187662
2000,1,0,8,185211.5,62495.39,16.21423,27.79429,11.04285,10.89406,3.324831,3.187984,0.2743974,0.2584808
2000,1,0,9,97748.5,55759.85,16.37272,24.67887,10.92881,10.74372,3.205947,3.035121,0.3122565,0.2956907
2000,1,0,10,290383.0,57103.52,18.92942,23.68204,10.95262,10.76707,3.164717,2.991439,0.3730553,0.3544001
2000,1,0,11,860080.5,41399.3,17.21389,18.39683,10.63102,10.51894,2.912178,2.793041,0.2296434,0.242187
2000,1,0,12,26319.0,41867.99,17.96071,19.34643,10.64228,10.52785,2.962508,2.85753,0.2203852,0.2127947
2000,1,0,13,102774.0,71936.4,17.97935,30.39577,11.18354,10.96094,3.414304,3.215987,0.4345902,0.3989113
2000,1,0,14,310029.5,35923.16,16.70512,14.77548,10.48914,10.36641,2.692969,2.559679,0.2518949,0.2785547
2000,1,0,15,466845.0,123866.1,19.00746,48.05679,11.72696,11.42632,3.872384,3.582322,0.6506097,0.6275501
2000,1,0,16,691358.0,52194.2,15.44442,22.18618,10.86273,10.60765,3.09947,2.854674,0.4959322,0.4857111
2000,1,0,17,200167.5,43939.78,14.52907,19.09628,10.69058,10.53897,2.949493,2.797216,0.2605248,0.2700013
2000,1,0,18,435092.5,43024.05,13.60931,19.16347,10.66951,10.57675,2.953006,2.863065,0.1883435,0.1843071
2000,1,0,19,54733.0,44073.29,13.76053,19.37344,10.69361,10.58561,2.963903,2.859014,0.212788,0.2146663
2000,1,0,20,871007.5,68217.31,15.63385,29.71916,11.13045,10.96858,3.391792,3.232356,0.321945,0.3205791
2000,1,0,21,4078839.0,61280.54,14.11475,24.80864,11.02322,10.71452,3.211192,2.913625,0.5584292,0.5380029
2000,1,0,22,67975.5,41808.59,14.58968,18.34178,10.64086,10.43833,2.909181,2.727188,0.3500107,0.3213893
2000,1,0,23,94292.5,38903.6,14.49314,17.08293,10.56884,10.35073,2.838079,2.645951,0.3803461,0.3438994
2000,1,0,24,62796.5,34432.8,14.1065,15.53283,10.44676,10.28585,2.742956,2.593079,0.2802191,0.2624506
2000,1,0,25,108814.5,38654.1,14.19105,17.09328,10.56241,10.39329,2.838686,2.687556,0.2947265,0.2722912
2000,1,0,26,39200.0,38772.93,13.19278,17.45057,10.56548,10.50893,2.859373,2.808475,0.1230965,0.1138522
2000,1,0,27,77383.0,42459.69,13.90477,19.10301,10.65631,10.51567,2.949846,2.813249,0.2614649,0.2573099
2000,1,0,28,270332.0,38766.66,13.22303,17.32964,10.56532,10.48625,2.852418,2.776055,0.1690199,0.1624603
2000,1,0,29,817297.0,36291.49,12.92894,15.7924,10.49934,10.35493,2.759529,2.629501,0.2677352,0.2411459
2000,1,0,30,414653.5,42926.12,14.30549,18.77235,10.66724,10.50882,2.932385,2.787702,0.2891029,0.2662561
2000,1,0,31,204240.5,39948.28,14.33842,17.7102,10.59534,10.41598,2.874141,2.714276,0.3218938,0.292285
2000,1,0,32,35495.5,22442.39,11.95109,10.50003,10.01871,9.86529,2.351378,2.202366,0.287062,0.2783912
2000,1,0,33,225566.0,50138.24,13.3717,19.2764,10.82254,10.73802,2.958881,2.858324,0.1775713,0.2114437
2000,1,0,34,733636.5,46350.21,13.78778,20.62037,10.74398,10.64775,3.026279,2.929969,0.1961503,0.1981277
2000,1,0,35,227514.0,34378.98,13.36434,15.24591,10.4452,10.27448,2.724312,2.562966,0.3231138,0.3070881
2000,1,0,36,671395.0,26036.87,12.75168,11.31649,10.16727,9.9837,2.426261,2.265948,0.3298459,0.2923021
2000,1,0,37,109370.0,31906.36,13.84043,14.15839,10.37056,10.1387,2.650308,2.444467,0.3738008,0.3497338
2000,1,0,38,614857.0,29679.96,12.25978,13.41471,10.29823,10.14721,2.596352,2.455201,0.2871328,0.2682008
2000,1,0,39,260187.0,36564.98,14.07263,16.13934,10.50685,10.31929,2.78126,2.602746,0.3731881,0.3657791
2000,1,0,40,330359.5,40657.47,13.06548,14.21457,10.61294,10.19861,2.654268,2.209012,0.8362629,0.913183
2000,1,0,41,175812.5,24931.4,10.85615,9.788956,10.12388,9.925707,2.281255,2.077381,0.3426124,0.3599719
2000,1,0,42,428667.5,30331.03,12.11916,13.13364,10.31993,10.11143,2.575177,2.381329,0.3926286,0.3724329
2000,1,0,43,105209.5,35432.18,11.87345,14.20728,10.47538,10.21808,2.653754,2.402216,0.4680234,0.4748981
2000,1,0,44,1718815.0,39048.33,12.29568,16.72774,10.57256,10.44777,2.817068,2.694091,0.2663765,0.2684882
2000,1,0,45,621973.5,41531.01,12.85199,18.25314,10.6342,10.51237,2.904337,2.788753,0.2507586,0.244898
2000,1,0,46,538622.0,38597.58,12.4998,16.94041,10.56094,10.43161,2.829702,2.705575,0.2725583,0.2673719
2000,1,0,47,3883088.0,39297.23,12.14938,17.3123,10.57891,10.40939,2.851417,2.687981,0.3365295,0.3307169
2000,1,0,48,62321.5,41671.11,11.95467,16.88331,10.63756,10.52894,2.826325,2.713618,0.2241223,0.2372533
2000,1,0,49,673412.5,47112.99,12.79398,19.5785,10.7603,10.64197,2.974432,2.860441,0.2276208,0.2208701
2000,1,0,50,406858.5,40320.98,12.39437,17.31967,10.60463,10.51106,2.851843,2.767202,0.1923221,0.1772288
2000,1,0,51,59527.0,32672.83,12.4988,14.02556,10.3943,10.21938,2.640882,2.473937,0.3563052,0.3513004
2000,1,0,52,34547.5,31415.69,11.97534,13.77545,10.35506,10.14274,2.622888,2.414567,0.4002269,0.4109362
2000,1,0,53,87566.5,36731.09,13.25982,16.25044,10.51138,10.34545,2.78812,2.633346,0.2876128,0.2762299
2000,1,0,54,138839.5,30946.67,11.84869,13.58245,10.34002,10.21645,2.608778,2.491271,0.2401867,0.2324021
2000,1,0,55,163580.0,46185.59,12.72043,20.54286,10.74042,10.63888,3.022513,2.924075,0.2028354,0.199249
2000,1,0,56,119846.0,34380.3,11.88115,15.0457,10.44524,10.33495,2.711092,2.610578,0.2148992,0.1976231
2000,1,0,57,60349.5,36328.57,11.99137,15.69724,10.50036,10.39628,2.753485,2.660132,0.2095561,0.1924158
2000,1,0,58,285635.5,33408.47,11.93011,14.63113,10.41656,10.30574,2.683151,2.582191,0.2263602,0.2086794
2000,1,0,59,162311.0,36938.04,12.48406,16.63678,10.517,10.41208,2.811616,2.713631,0.2054666,0.1969794
2000,1,0,60,107243.0,28402.13,11.55091,12.77539,10.25422,10.10614,2.547521,2.407147,0.2871394,0.2670415
2000,1,0,61,798119.5,35508.33,11.99845,15.7435,10.47752,10.35505,2.756428,2.640286,0.2473715,0.2340476
2000,1,0,62,747305.5,34895.58,12.02098,15.43045,10.46012,10.34032,2.736343,2.623996,0.246564,0.2317305
2000,1,0,63,273311.5,40447.73,12.91044,17.58733,10.60777,10.49847,2.867179,2.762334,0.2191788,0.2100903
2000,1,0,64,2116635.0,36750.78,12.18263,14.82971,10.51191,10.37223,2.696633,2.562237,0.2708396,0.2632085
2000,1,0,65,410072.5,42405.07,12.07802,17.61926,10.65502,10.52203,2.868993,2.741326,0.2646781,0.2582231
2000,1,0,66,752619.5,30674.89,12.08873,13.77384,10.3312,10.19211,2.622772,2.490605,0.2731899,0.25767
2000,2,0,0,15000000.0,,14.54381,,,,,,,
2000,2,0,1,2746179.0,51152.36,15.10354,21.85841,10.84256,10.63051,3.084586,2.891127,0.3945464,0.3660854
2000,2,0,2,2435470.0,40850.72,14.75595,18.40735,10.61768,10.46299,2.91275,2.774375,0.274772,0.2504579
2000,2,0,3,26294.0,45924.57,17.55328,20.58292,10.73476,10.56615,3.024462,2.866699,0.3696293,0.3600115
2000,2,0,4,111880.5,52906.52,16.13371,23.71413,10.87628,10.77795,3.166071,3.070776,0.1978019,0.190488
2000,2,0,5,387423.0,48902.65,15.24432,22.19736,10.79759,10.68652,3.099973,2.995904,0.2184171,0.2073181
2000,2,0,6,116713.0,46124.75,18.08422,20.76258,10.73911,10.61252,3.033152,2.907452,0.2532856,0.2599325
2000,2,0,7,166632.0,100358.7,19.82649,40.36217,11.51651,11.18533,3.697893,3.352128,0.6833456,0.7292285
2000,2,0,8,1361021.0,43721.24,16.72633,20.97419,10.68559,10.60885,3.043293,2.969359,0.1557942,0.1519819
2000,2,0,9,305061.0,41479.05,17.95109,19.98095,10.63294,10.53512,2.994779,2.900263,0.1989173,0.1945293
2000,2,0,10,266489.0,43703.85,19.65255,19.12132,10.68519,10.53862,2.950804,2.815538,0.310453,0.2888466
2000,2,0,11,2897486.0,32457.51,17.30402,15.1123,10.38769,10.26313,2.715509,2.592175,0.274539,0.2628892
2000,2,0,12,100552.5,36128.55,18.43906,17.28517,10.49484,10.40123,2.849849,2.761775,0.1997637,0.1883877
2000,2,0,13,115375.0,50247.56,19.27316,22.96548,10.82472,10.66625,3.133992,2.986095,0.3154802,0.3004441
2000,2,0,14,399158.0,30821.83,16.90297,14.51011,10.33598,10.24156,2.674846,2.579721,0.1980371,0.1992244
2000,2,0,15,203210.5,84984.52,19.44179,35.08009,11.35022,11.09928,3.557634,3.321943,0.489929,0.4659691
2000,2,0,16,587811.5,39830.73,16.26112,17.97899,10.59239,10.34778,2.889204,2.659158,0.5096334,0.4890455
2000,2,0,17,684828.0,32053.29,14.92694,15.52882,10.37516,10.28561,2.742698,2.651618,0.1780427,0.1823607
2000,2,0,18,106277.5,33952.62,14.42788,15.83572,10.43272,10.33701,2.762268,2.668205,0.196756,0.1928199
2000,2,0,19,28498.0,36065.66,14.14394,16.59865,10.4931,10.39921,2.809321,2.718194,0.1718962,0.1685281
2000,2,0,20,480536.0,45524.16,15.15317,21.10078,10.726,10.59112,3.04931,2.921558,0.2605146,0.2486821
2000,2,0,21,2954793.0,35778.34,14.15906,15.90901,10.4851,10.19633,2.766886,2.509832,0.5137197,0.4590836
2000,2,0,22,2086209.0,27729.49,13.71805,13.3417,10.23025,10.13654,2.590894,2.501609,0.183005,0.1740653
2000,2,0,23,595036.0,23812.76,14.00414,11.43683,10.07798,9.968259,2.436839,2.336452,0.2011055,0.186671
2000,2,0,24,241541.0,25245.39,14.24505,12.11877,10.1364,10.03141,2.494756,2.398786,0.1994904,0.1841085
2000,2,0,25,1124930.0,27096.25,13.67145,12.94859,10.20715,10.11059,2.560987,2.468407,0.182747,0.1751017
2000,2,0,26,38722.5,31667.31,13.33266,15.04138,10.36304,10.27035,2.710805,2.625353,0.201881,0.1863054
2000,2,0,27,118681.5,27924.93,13.47499,13.24162,10.23728,10.12968,2.583365,2.481869,0.2062075,0.1984267
2000,2,0,28,156560.0,31958.72,13.40485,14.99956,10.3722,10.2837,2.708021,2.626121,0.1958292,0.1797393
2000,2,0,29,553947.5,27081.45,13.10636,12.5355,10.2066,10.09131,2.528564,2.425664,0.2239415,0.2000956
2000,2,0,30,1040797.0,29776.46,13.65102,14.0043,10.30147,10.19893,2.639365,2.545474,0.1901957,0.1747527
2000,2,0,31,1098782.0,25672.06,13.88092,12.31079,10.15316,10.05611,2.510477,2.419972,0.1849196,0.1727006
2000,2,0,32,295015.0,16497.43,12.58485,8.241482,9.710959,9.532656,2.10918,1.933074,0.3114606,0.3124616
2000,2,0,33,8075.5,41459.41,13.84793,16.62461,10.63247,10.55271,2.810884,2.718778,0.1743184,0.2024511
2000,2,0,34,133853.5,38543.64,13.95163,17.71229,10.55955,10.45981,2.874259,2.778044,0.2052778,0.1991513
2000,2,0,35,73439.0,30187.47,13.99216,13.86849,10.31518,10.15177,2.629619,2.476119,0.3042383,0.2851047
2000,2,0,36,1090988.0,18004.93,13.63289,8.765865,9.798401,9.649021,2.170865,2.036154,0.265309,0.2418111
2000,2,0,37,901348.5,21794.12,13.55388,10.57769,9.989395,9.875243,2.358747,2.248875,0.2129567,0.208029
2000,2,0,38,211520.5,20423.9,12.74538,9.723014,9.924461,9.775951,2.274496,2.135634,0.2815433,0.2631266
2000,2,0,39,1046404.0,21798.08,14.32141,10.17177,9.989577,9.755572,2.319616,2.079727,0.5085059,0.5343449
2000,2,0,40,48514.0,28708.75,14.12363,11.73935,10.26496,9.741104,2.462947,1.891753,1.081415,1.174915
2000,2,0,41,60718.5,20236.31,12.42692,8.812053,9.915234,9.704876,2.176121,1.969802,0.4063817,0.4147967
2000,2,0,42,81685.0,23017.69,13.64102,10.60256,10.04402,9.850244,2.361095,2.17265,0.3873684,0.3823575
2000,2,0,43,7863.5,26165.76,13.17238,11.64805,10.17221,9.99178,2.455139,2.261029,0.3942499,0.4375114
2000,2,0,44,49980.0,37489.35,12.84154,16.55106,10.53181,10.38267,2.80645,2.663756,0.3097266,0.2968027
2000,2,0,45,50215.0,38247.29,13.37226,17.4719,10.55183,10.43746,2.860594,2.75443,0.2417175,0.2257178
2000,2,0,46,30935.5,30186.39,13.3149,13.76215,10.31515,10.16305,2.621922,2.481422,0.3256503,0.307566
2000,2,0,47,112544.5,31607.83,12.9032,14.40155,10.36116,10.14176,2.667336,2.455384,0.4266295,0.4216836
2000,2,0,48,1535.5,34966.7,11.94334,15.57491,10.46215,10.26413,2.745661,2.531442,0.3360027,0.3505865
2000,2,0,49,156436.5,34230.51,12.89814,14.948,10.44087,10.3008,2.704577,2.574981,0.268176,0.2495173
2000,2,0,50,22017.5,29046.39,12.36544,13.19664,10.27665,10.16045,2.579962,2.471888,0.2381647,0.2217142
2000,2,0,51,6010.0,23019.83,12.53078,10.9117,10.04411,9.822239,2.389836,2.153937,0.3938562,0.376577
2000,2,0,52,35515.5,21331.96,13.36138,9.785558,9.967962,9.72544,2.280908,2.053758,0.5079317,0.4904001
2000,2,0,53,182528.0,24116.57,13.78527,11.66193,10.09065,9.999878,2.45633,2.371062,0.1780214,0.1670972
2000,2,0,54,76115.5,20752.97,12.476,9.819006,9.940445,9.820398,2.28432,2.174578,0.2307131,0.2169416
2000,2,0,55,8636.5,40635.8,13.03827,18.57402,10.6124,10.49618,2.921764,2.810536,0.2427314,0.2358028
2000,2,0,56,32622.5,24242.27,11.87432,11.14428,10.09585,10.00977,2.410926,2.330956,0.1680688,0.1552088
2000,2,0,57,12962.5,24345.35,11.79178,11.1487,10.1001,9.992235,2.411323,2.312251,0.1825582,0.165525
2000,2,0,58,94589.0,24419.88,11.8112,11.19199,10.10315,10.01073,2.415199,2.327748,0.1749191,0.1638674
2000,2,0,59,50543.5,25018.92,13.00062,11.8132,10.12739,10.02267,2.469218,2.368074,0.209405,0.2014167
2000,2,0,60,212299.5,18900.5,11.53192,8.99379,9.846944,9.732635,2.196534,2.089177,0.207621,0.196966
2000,2,0,61,346787.5,24644.58,11.99499,11.40249,10.11231,9.9845,2.433832,2.31607,0.2409019,0.2216509
2000,2,0,62,331249.5,24618.82,12.04111,11.39948,10.11127,9.992576,2.433568,2.324731,0.2282579,0.2077986
2000,2,0,63,182112.5,26876.63,12.49693,12.32101,10.19901,10.08282,2.511306,2.403173,0.2205299,0.2039102
2000,2,0,64,265917.5,25752.47,13.57761,11.51083,10.15629,9.997746,2.443288,2.299676,0.3090789,0.2828857
2000,2,0,65,11654.5,34493.66,12.83513,15.24326,10.44853,10.2774,2.724137,2.55495,0.3480413,0.3497233
2000,2,0,66,259221.0,22192.97,12.18727,10.51202,10.00753,9.871011,2.35252,2.225112,0.2515998,0.2320042
2000,3,0,0,2216870.0,,11.96369,,,,,,,
2000,3,0,1,244437.0,56640.74,14.8596,23.3278,10.94448,10.7281,3.149646,2.945973,0.4047259,0.3918892
2000,3,0,2,172282.0,45256.33,14.72496,19.88513,10.7201,10.56563,2.989972,2.844757,0.2900005,0.2800089
2000,3,0,3,3807.0,50693.23,16.09666,22.09092,10.83355,10.66671,3.095167,2.942259,0.2970645,0.2793074
2000,3,0,4,45182.5,55997.09,15.69605,24.97734,10.93305,10.82605,3.217969,3.110958,0.2256833,0.2289066
2000,3,0,5,68269.0,51078.41,14.65076,22.89604,10.84112,10.72584,3.130964,3.017829,0.2370571,0.2390773
2000,3,0,6,9249.0,47908.21,16.82074,21.59142,10.77704,10.67515,3.072296,2.963431,0.22369,0.2441119
2000,3,0,7,19950.5,141385.1,19.03085,52.71691,11.85924,11.52503,3.964936,3.612123,0.7418814,0.7890981
2000,3,0,8,16576.0,54461.23,15.67785,24.44922,10.90524,10.73748,3.196599,3.025975,0.3250652,0.336854
2000,3,0,9,9434.5,42183.89,15.00239,19.74901,10.64979,10.50609,2.983104,2.829279,0.2589888,0.2784124
2000,3,0,10,17145.0,47771.36,18.44841,21.10435,10.77418,10.63583,3.049479,2.914391,0.2950235,0.2886458
2000,3,0,11,107011.5,35285.6,15.98724,16.25114,10.47123,10.36125,2.788163,2.67198,0.2159231,0.2257933
2000,3,0,12,1462.0,34815.17,16.40971,15.82823,10.45781,10.34289,2.761795,2.62169,0.2455349,0.3251081
2000,3,0,13,4493.5,52737.53,17.33994,23.31411,10.87308,10.71545,3.149059,3.007963,0.3339959,0.3060316
2000,3,0,14,46450.5,34216.31,15.53432,15.01093,10.44046,10.32441,2.708779,2.58988,0.2375379,0.2479785
2000,3,0,15,15231.5,89658.19,18.87398,34.72501,11.40376,11.13297,3.54746,3.296978,0.5304752,0.5072069
2000,3,0,16,44540.5,44960.75,14.90188,19.64349,10.71354,10.45432,2.977746,2.72013,0.5041953,0.5194975
2000,3,0,17,27813.0,38999.41,13.77327,17.93466,10.5713,10.41087,2.886735,2.719132,0.2664942,0.2729055
2000,3,0,18,31272.0,40643.11,13.46914,18.53387,10.61258,10.51188,2.9196,2.821651,0.1986948,0.1963211
2000,3,0,19,7496.0,42114.67,13.47212,19.02831,10.64815,10.5527,2.945928,2.852704,0.1855503,0.1768497
2000,3,0,20,50385.0,55257.71,15.18702,24.86728,10.91976,10.77407,3.213553,3.06534,0.2893586,0.2951128
2000,3,0,21,259745.0,39870.01,13.70563,16.91488,10.59338,10.36821,2.828193,2.61615,0.4037458,0.3806441
2000,3,0,22,10099.5,31683.5,13.9191,14.83625,10.36355,10.28472,2.697074,2.622357,0.1523116,0.1462982
2000,3,0,23,18518.0,31953.61,13.82752,15.00344,10.37204,10.21445,2.70828,2.541902,0.2497971,0.2634589
2000,3,0,24,16243.5,28344.7,13.2216,13.29637,10.2522,10.13672,2.587491,2.47709,0.2252323,0.2112971
2000,3,0,25,20598.5,31413.77,13.69381,14.66264,10.355,10.27083,2.685303,2.598979,0.1740609,0.1817874
2000,3,0,26,14316.0,37993.56,12.99232,17.04829,10.54517,10.4696,2.83605,2.758429,0.1506268,0.154442
2000,3,0,27,16114.5,36282.05,13.4469,16.63417,10.49908,10.40367,2.811459,2.714095,0.1822164,0.1919063
2000,3,0,28,61356.5,35543.54,12.98527,16.22358,10.47851,10.38576,2.786466,2.696265,0.2008731,0.1950613
2000,3,0,29,143620.5,29935.39,12.62415,13.61477,10.3068,10.16584,2.611156,2.476692,0.2579783,0.2444725
2000,3,0,30,65961.5,33441.13,13.80003,15.38704,10.41754,10.30309,2.733526,2.626174,0.2271166,0.2146074
2000,3,0,31,38273.0,31160.75,13.62475,14.41053,10.34691,10.23174,2.667959,2.562004,0.2224082,0.209232
2000,3,0,32,21415.5,22231.78,11.93551,10.57718,10.00928,9.874144,2.358699,2.224819,0.2300677,0.2292016
2000,3,0,33,20233.0,47971.23,13.202,19.12857,10.77836,10.65739,2.951183,2.806648,0.2253955,0.2779097
2000,3,0,34,111685.0,43184.82,13.46686,19.44186,10.67324,10.56172,2.967428,2.851952,0.2232586,0.2308084
2000,3,0,35,88933.0,29234.35,12.86087,13.31853,10.2831,10.13692,2.589156,2.44532,0.2809651,0.2753651
2000,3,0,36,149193.0,21982.25,12.3849,10.00982,9.997991,9.857775,2.303567,2.173982,0.2631675,0.2416134
2000,3,0,37,54701.5,26651.85,12.84798,12.46336,10.19061,10.05835,2.522793,2.385417,0.2449836,0.2604048
2000,3,0,38,154271.0,25431.54,12.14729,11.76734,10.14375,9.987828,2.465328,2.31543,0.2797207,0.2692501
2000,3,0,39,62171.0,30773.26,13.62002,13.97078,10.3344,10.15718,2.636968,2.453518,0.3554008,0.3727182
2000,3,0,40,3129.0,29681.26,11.59955,11.83971,10.29827,9.924788,2.471459,2.135559,0.7126956,0.6948654
2000,3,0,41,13767.5,18592.5,10.7371,8.256441,9.830514,9.695576,2.110994,1.965194,0.2506315,0.2664631
2000,3,0,42,52010.0,23568.91,12.01702,10.7535,10.06768,9.887692,2.375231,2.200689,0.3380837,0.3358525
2000,3,0,43,8525.5,23708.95,11.45012,10.02336,10.07361,9.919361,2.304919,2.174684,0.2641618,0.2436552
2000,3,0,44,139387.0,35347.99,12.32868,15.6703,10.473,10.33082,2.751767,2.613132,0.2918643,0.2936005
2000,3,0,45,64077.5,38786.29,13.02056,17.4127,10.56582,10.44319,2.8572,2.735326,0.2631317,0.2647206
2000,3,0,46,50575.5,33018.47,12.40239,15.19651,10.40482,10.26909,2.721066,2.588802,0.264571,0.2643476
2000,3,0,47,300391.5,32124.4,12.06193,14.63999,10.37737,10.20131,2.683757,2.509923,0.3445972,0.3430993
2000,3,0,48,3469.5,38422.57,12.13691,16.59517,10.5564,10.38966,2.809112,2.632504,0.276412,0.2816899
2000,3,0,49,65642.0,40058.45,12.81271,17.39109,10.59809,10.46846,2.855958,2.724813,0.2577005,0.258647
2000,3,0,50,22776.0,37466.52,12.3995,16.75356,10.5312,10.39809,2.81861,2.687823,0.2467901,0.2393359
2000,3,0,51,3077.0,26769.25,11.9571,11.9324,10.19501,10.01704,2.479257,2.328817,0.3458158,0.3266857
2000,3,0,52,4733.5,31817.33,12.0638,14.09937,10.36777,10.16721,2.64613,2.471658,0.2979303,0.2800869
2000,3,0,53,12152.5,31162.91,12.9728,14.36808,10.34698,10.22323,2.665009,2.543629,0.2162781,0.2188513
2000,3,0,54,21720.0,26408.23,11.93453,12.13112,10.18143,10.07345,2.495774,2.390351,0.2303986,0.2221407
2000,3,0,55,17344.5,39896.7,12.50644,18.15852,10.59405,10.48441,2.89914,2.787653,0.233508,0.2322552
2000,3,0,56,15863.5,34174.17,12.07558,14.80143,10.43923,10.28592,2.694724,2.55921,0.2699787,0.2530021
2000,3,0,57,7058.0,33670.18,12.07197,15.22676,10.42437,10.24389,2.723055,2.536813,0.2900589,0.2913924
2000,3,0,58,41363.5,31306.92,12.05754,14.14829,10.35159,10.22606,2.649594,2.526729,0.2472652,0.2427949
2000,3,0,59,16444.0,33296.05,12.49647,15.52362,10.41319,10.28803,2.742363,2.612215,0.2415296,0.2429149
2000,3,0,60,30761.0,25681.04,11.79711,11.84877,10.15351,10.0293,2.472224,2.351225,0.2340441,0.2306366
2000,3,0,61,151143.0,32627.22,12.16211,14.7571,10.3929,10.25439,2.691724,2.555801,0.2682821,0.2625016
2000,3,0,62,106506.5,33206.73,12.15581,15.05927,10.41051,10.27862,2.711994,2.583038,0.2666484,0.258755
2000,3,0,63,33777.0,35858.5,12.82648,16.14518,10.48734,10.35626,2.781622,2.656424,0.262778,0.2496385
2000,3,0,64,423641.0,33473.32,12.31365,14.29471,10.4185,10.26862,2.659889,2.513294,0.284937,0.2805367
2000,3,0,65,38623.5,37605.7,12.12438,16.40021,10.53491,10.40548,2.797294,2.666649,0.2710641,0.2749411
2000,3,0,66,194844.0,28541.56,12.22706,13.08217,10.25912,10.0963,2.57125,2.411482,0.3058833,0.2977872
2000,4,0,0,2515495.0,,12.71608,,,,,,,
2000,4,0,1,293979.0,43174.27,14.89168,19.21588,10.673,10.51374,2.955737,2.80492,0.3124591,0.3011434
2000,4,0,2,338600.0,37318.27,14.44928,17.31174,10.52724,10.42552,2.851385,2.753606,0.1991003,0.1941545
2000,4,0,3,867.0,41841.41,16.78201,19.19115,10.64164,10.60211,2.954449,2.921108,0.0815921,0.067033
2000,4,0,4,12033.0,49758.72,15.63093,22.61753,10.81494,10.7309,3.118725,3.032896,0.1916751,0.193905
2000,4,0,5,56962.0,44515.92,14.64454,20.82881,10.7036,10.60718,3.036337,2.941505,0.2023749,0.2002256
2000,4,0,6,6753.0,43386.21,17.31127,20.01091,10.6779,10.58785,2.996277,2.911443,0.2001847,0.1862299
2000,4,0,7,15109.5,93918.52,18.81823,37.15121,11.45018,11.14343,3.614996,3.29437,0.626389,0.7008575
2000,4,0,8,155460.5,44687.27,15.4414,21.19248,10.70744,10.59937,3.053646,2.94233,0.2323633,0.2402862
2000,4,0,9,23126.5,39522.31,15.76447,19.08805,10.58462,10.44919,2.949062,2.811918,0.2463644,0.2546516
2000,4,0,10,23561.0,43232.47,18.20398,19.65505,10.67435,10.5368,2.978334,2.852236,0.2866928,0.2639419
2000,4,0,11,370232.0,29812.07,15.83919,14.47907,10.30267,10.15526,2.672704,2.521143,0.3121046,0.3162066
2000,4,0,12,6585.0,34879.6,17.13667,16.92367,10.45966,10.35623,2.828713,2.72116,0.2495747,0.2658211
2000,4,0,13,7692.5,42402.62,17.36263,19.69615,10.65497,10.53776,2.980423,2.868837,0.2656604,0.2529238
2000,4,0,14,94810.5,31758.8,15.64503,15.18867,10.36592,10.2716,2.72055,2.621795,0.18315,0.1892501
2000,4,0,15,18104.5,65024.0,18.81013,27.47341,11.08251,10.91559,3.313219,3.163445,0.3568364,0.3379639
2000,4,0,16,29485.5,40209.51,15.51461,18.32614,10.60186,10.40081,2.908328,2.722695,0.3789648,0.361113
2000,4,0,17,133730.0,30369.83,13.48815,14.45014,10.32121,10.19531,2.670704,2.543728,0.2273493,0.2295455
2000,4,0,18,12608.0,35036.04,13.68861,16.48147,10.46413,10.37186,2.802237,2.710261,0.1872003,0.1867431
2000,4,0,19,4507.5,34429.39,13.71736,16.07327,10.44667,10.35647,2.777158,2.692046,0.192943,0.1843265
2000,4,0,20,54773.0,44502.64,14.87008,20.82059,10.7033,10.59998,3.035943,2.932971,0.2153462,0.2153501
2000,4,0,21,347447.0,27190.61,13.48057,12.62482,10.21063,9.986358,2.535665,2.333015,0.3940903,0.3572769
2000,4,0,22,247246.5,28902.66,13.33588,13.96988,10.27169,10.1881,2.636904,2.552025,0.1597563,0.1632807
2000,4,0,23,98665.0,24952.48,13.3651,12.01332,10.12473,10.0134,2.486016,2.37414,0.1885602,0.1883591
2000,4,0,24,51159.0,26388.4,13.46879,12.72154,10.18068,10.07476,2.543297,2.439601,0.1824268,0.1790113
2000,4,0,25,127264.5,27976.03,13.22151,13.29245,10.2391,10.15656,2.587196,2.504121,0.1499202,0.1517238
2000,4,0,26,21191.5,34721.7,13.01404,16.31033,10.45512,10.36481,2.791799,2.704231,0.1685922,0.1596242
2000,4,0,27,34600.0,27533.13,13.13136,13.27288,10.22315,10.1231,2.585723,2.486586,0.2027468,0.2007766
2000,4,0,28,49072.5,32927.7,12.98422,15.41533,10.40207,10.30939,2.735362,2.647564,0.1938161,0.1794842
2000,4,0,29,87043.5,27016.31,12.87456,12.77707,10.2042,10.05921,2.547652,2.407358,0.2521305,0.2407231
2000,4,0,30,246324.5,28899.5,13.48799,13.75726,10.27158,10.1809,2.621567,2.532347,0.1741755,0.1715917
2000,4,0,31,225729.0,26332.33,13.32012,12.6854,10.17855,10.08679,2.540452,2.449452,0.1750631,0.1733323
2000,4,0,32,103618.5,16847.8,11.87659,8.328267,9.731976,9.567369,2.119655,1.955236,0.2600806,0.2562614
2000,4,0,33,1339.0,37411.38,13.31217,15.73708,10.52973,10.43439,2.75602,2.657038,0.2175354,0.2146296
2000,4,0,34,59690.0,35657.77,13.40457,16.49605,10.48172,10.37737,2.803121,2.69593,0.2188624,0.230554
2000,4,0,35,41533.0,26522.09,13.00501,12.48573,10.18573,9.991575,2.524587,2.33715,0.3413412,0.3330714
2000,4,0,36,186166.5,18097.59,12.48706,8.732394,9.803535,9.636952,2.16704,2.007318,0.269339,0.2552065
2000,4,0,37,373834.0,22335.04,12.66745,10.65527,10.01391,9.863917,2.366054,2.215235,0.246977,0.246101
2000,4,0,38,67455.0,20686.76,12.33,9.910001,9.937249,9.75151,2.293545,2.110748,0.2949643,0.2920353
2000,4,0,39,192565.5,24015.85,13.46018,10.94443,10.08647,9.868242,2.392831,2.171842,0.4427033,0.4498284
2000,4,0,40,381.0,16138.89,11.83202,7.060641,9.688987,9.537575,1.954536,1.818971,0.3193801,0.2650889
2000,4,0,41,3892.5,17016.69,11.52344,8.144987,9.74195,9.607501,2.097403,1.954967,0.2355685,0.2526172
2000,4,0,42,5488.5,24181.28,12.20625,11.26809,10.09333,9.858234,2.421975,2.192169,0.358412,0.3387122
2000,4,0,43,940.0,22821.34,12.27766,10.56468,10.03545,9.906827,2.357517,2.235401,0.2320323,0.2099409
2000,4,0,44,9906.0,35841.85,12.91601,16.13292,10.48687,10.35606,2.780862,2.656197,0.2800405,0.2702634
2000,4,0,45,11934.5,42321.7,13.4712,19.74694,10.65306,10.54704,2.982999,2.876479,0.2178564,0.2160964
2000,4,0,46,5424.0,32097.85,12.64307,15.17258,10.37654,10.22087,2.71949,2.567152,0.3050814,0.2961959
2000,4,0,47,13179.5,31803.3,12.37551,14.79236,10.36733,10.18862,2.694111,2.513715,0.3343309,0.3406336
2000,4,0,48,215.0,33707.35,13.06512,15.6423,10.42547,10.39286,2.749979,2.691756,0.073264,0.1302722
2000,4,0,49,26649.0,32109.15,12.81485,14.42589,10.3769,10.23097,2.669024,2.525531,0.2706141,0.2624387
2000,4,0,50,4068.0,30680.98,12.39651,13.83216,10.3314,10.18991,2.626996,2.490213,0.3040326,0.2891241
2000,4,0,51,731.0,22085.79,11.77565,10.63866,10.00269,9.791278,2.364495,2.152037,0.2484334,0.2511668
2000,4,0,52,3734.5,24394.75,12.63221,11.73699,10.10212,9.873711,2.462745,2.240736,0.344581,0.3228507
2000,4,0,53,21841.5,26429.92,13.35279,12.59059,10.18225,10.0579,2.53295,2.405868,0.2204064,0.2196122
2000,4,0,54,17427.5,19977.09,11.94744,9.615563,9.902341,9.771677,2.263383,2.132874,0.2062395,0.2046619
2000,4,0,55,1621.5,37705.47,12.73512,17.33558,10.53756,10.38706,2.852761,2.69901,0.3411863,0.345116
2000,4,0,56,5737.5,26003.06,11.81316,11.74143,10.16597,10.00189,2.463124,2.315095,0.3213257,0.3011346
2000,4,0,57,2934.0,25929.32,12.10975,12.08635,10.16313,9.981097,2.492077,2.302246,0.3235048,0.3498985
2000,4,0,58,21497.0,25721.73,12.02549,11.8739,10.15509,10.04004,2.474342,2.365007,0.2133089,0.2011054
2000,4,0,59,7216.0,24212.75,12.51303,11.52656,10.09464,9.968584,2.444654,2.309319,0.2354166,0.2438249
2000,4,0,60,73193.5,19883.85,11.84522,9.503969,9.897663,9.753689,2.251709,2.112043,0.2285021,0.2197496
2000,4,0,61,94256.5,24647.33,12.09682,11.59108,10.11242,9.959536,2.450236,2.300904,0.2621553,0.2529081
2000,4,0,62,78130.5,27194.44,12.21012,12.65296,10.21077,10.0606,2.537891,2.394115,0.2840741,0.2687752
2000,4,0,63,44692.5,26177.99,12.3619,12.15618,10.17267,10.03101,2.497838,2.362424,0.258044,0.2442654
2000,4,0,64,67085.5,27748.54,13.02507,12.839,10.23094,10.06429,2.552488,2.396883,0.3110275,0.2897644
2000,4,0,65,3350.0,35762.27,12.90925,16.37025,10.48465,10.38601,2.795466,2.694762,0.2389147,0.2423047
2000,4,0,66,64476.5,24355.96,12.28322,11.6219,10.10053,9.915203,2.452892,2.266998,0.3035584,0.2925388
2000,0,3,0,8062262.0,,12.49221,,,,,,,
2000,0,3,1,1960038.0,50295.94,14.80025,,10.82568,10.62188,,,0.364466,
2000,0,3,2,1464894.0,42450.54,14.9172,,10.65609,10.4995,,,0.2711555,
2000,0,3,3,40372.0,43400.41,16.54305,,10.67822,10.57512,,,0.1891225,
2000,0,3,4,357076.0,51810.59,15.97227,,10.85535,10.78158,,,0.1506164,
2000,0,3,5,482682.5,47698.56,14.97711,,10.77266,10.64774,,,0.2398462,
2000,0,3,6,130373.0,38356.66,17.29595,,10.55468,10.44393,,,0.2251486,
2000,0,3,7,151875.0,75834.21,18.85943,,11.23631,10.94876,,,0.515588,
2000,0,3,8,419870.5,41141.02,15.41308,,10.62476,10.54464,,,0.1642027,
2000,0,3,9,170085.5,39926.24,16.47487,,10.59479,10.49811,,,0.1927354,
2000,0,3,10,152212.0,32185.67,17.36465,,10.37928,10.22951,,,0.3051328,
2000,0,3,11,1223405.0,28588.14,16.12275,,10.26075,10.17114,,,0.195096,
2000,0,3,12,22872.5,29445.38,17.2167,,10.29029,10.23013,,,0.1295121,
2000,0,3,13,65361.0,43915.13,17.2805,,10.69001,10.54367,,,0.2775051,
2000,0,3,14,251988.0,28558.34,15.86778,,10.2597,10.17562,,,0.1699921,
2000,0,3,15,191021.5,71522.44,18.83016,,11.17777,10.99431,,,0.3507062,
2000,0,3,16,483860.5,38161.85,15.09327,,10.54959,10.37773,,,0.3401278,
2000,0,3,17,325865.5,30741.21,13.87108,,10.33336,10.24034,,,0.1867733,
2000,0,3,18,178113.0,34611.76,13.75722,,10.45195,10.36197,,,0.179258,
2000,0,3,19,29571.0,34466.15,14.08784,,10.44773,10.3596,,,0.1710878,
2000,0,3,20,495971.5,50043.57,15.17892,,10.82065,10.67727,,,0.2805734,
2000,0,3,21,2422785.0,40820.63,13.65989,,10.61694,10.35827,,,0.4566748,
2000,0,3,22,615053.5,25886.84,13.27248,,10.16149,10.07574,,,0.1650959,
2000,0,3,23,280485.5,23276.39,13.10736,,10.05519,9.958649,,,0.1827753,
2000,0,3,24,106533.0,24985.7,13.33121,,10.12606,10.02568,,,0.1888069,
2000,0,3,25,395552.5,25806.25,13.13179,,10.15837,10.07091,,,0.161881,
2000,0,3,26,26882.5,29262.66,12.79459,,10.28407,10.212,,,0.159961,
2000,0,3,27,73452.5,28977.36,13.2895,,10.27427,10.1458,,,0.239775,
2000,0,3,28,112309.5,30038.78,12.72629,,10.31024,10.21273,,,0.20854,
2000,0,3,29,517519.5,27424.13,12.70524,,10.21918,10.10811,,,0.2139831,
2000,0,3,30,682835.0,29137.1,13.52926,,10.27977,10.17867,,,0.189536,
2000,0,3,31,486541.5,25000.97,13.35004,,10.12667,10.02856,,,0.1855419,
2000,0,3,32,116437.0,16635.56,11.27664,,9.719297,9.549832,,,0.300279,
2000,0,3,33,79029.5,41045.14,13.27896,,10.62243,10.55125,,,0.1485574,
2000,0,3,34,391717.0,38331.65,13.70362,,10.55403,10.4682,,,0.1729302,
2000,0,3,35,136184.0,27020.77,12.85811,,10.20436,10.07357,,,0.2478971,
2000,0,3,36,841629.0,20252.52,12.2971,,9.916035,9.763929,,,0.2789723,
2000,0,3,37,488556.0,20914.11,12.61477,,9.948179,9.839533,,,0.1986197,
2000,0,3,38,243800.5,24413.59,11.84655,,10.10289,9.953595,,,0.2849743,
2000,0,3,39,557003.5,22556.6,13.17063,,10.02378,9.823326,,,0.4383574,
2000,0,3,40,72737.0,34344.41,12.90311,,10.44419,10.08326,,,0.7110919,
2000,0,3,41,91876.0,21407.71,10.78173,,9.971506,9.81826,,,0.2904723,
2000,0,3,42,205542.0,25609.54,11.81411,,10.15072,9.976136,,,0.3219321,
2000,0,3,43,37008.0,29138.27,11.72141,,10.27981,10.08135,,,0.3680546,
2000,0,3,44,551228.5,33504.7,12.27269,,10.41944,10.31121,,,0.2293384,
2000,0,3,45,250185.5,34913.04,12.79563,,10.46062,10.35396,,,0.2138398,
2000,0,3,46,162165.0,32596.12,12.38926,,10.39195,10.2764,,,0.2343021,
2000,0,3,47,1405084.0,33154.21,11.91317,,10.40893,10.25928,,,0.2956714,
2000,0,3,48,18548.0,36841.91,11.90821,,10.51439,10.39188,,,0.2360987,
2000,0,3,49,228237.5,37101.98,12.83604,,10.52143,10.41589,,,0.2108365,
2000,0,3,50,116858.0,34695.17,12.36158,,10.45436,10.36697,,,0.1769505,
2000,0,3,51,20480.5,27237.79,12.07085,,10.21236,10.08829,,,0.2665711,
2000,0,3,52,16558.5,26738.18,11.93719,,10.19385,10.01286,,,0.3512401,
2000,0,3,53,108199.0,24963.81,13.09725,,10.12518,10.02541,,,0.1894912,
2000,0,3,54,82116.5,23987.27,11.6702,,10.08528,9.965735,,,0.2281726,
2000,0,3,55,37210.0,38345.08,12.68029,,10.55438,10.45,,,0.2145334,
2000,0,3,56,52812.5,28838.71,11.89266,,10.26947,10.15877,,,0.2064888,
2000,0,3,57,26514.0,30124.89,12.0238,,10.31311,10.21514,,,0.1975934,
2000,0,3,58,137925.5,27884.05,11.8802,,10.23581,10.13823,,,0.1911066,
2000,0,3,59,73634.0,30384.8,12.42747,,10.3217,10.21882,,,0.2064592,
2000,0,3,60,120473.5,20823.12,11.36381,,9.943819,9.828041,,,0.2224857,
2000,0,3,61,444972.5,28417.13,11.92404,,10.25475,10.13197,,,0.2415549,
2000,0,3,62,405590.5,28695.06,12.00484,,10.26448,10.14781,,,0.2369013,
2000,0,3,63,147049.0,29872.91,12.6661,,10.30471,10.19333,,,0.2196558,
2000,0,3,64,825317.0,31200.6,12.10597,,10.34819,10.21923,,,0.2516803,
2000,0,3,65,122840.5,36286.39,12.06977,,10.4992,10.37738,,,0.2424694,
2000,0,3,66,446157.5,25242.04,11.85486,,10.13627,10.00473,,,0.2531925,
2000,1,3,0,1950205.0,,13.19849,,,,,,,
2000,1,3,1,1032478.0,58188.91,14.86435,22.92862,10.97145,10.75185,3.132386,2.927316,0.3927697,0.3721258
2000,1,3,2,552181.0,51850.39,15.46559,21.38376,10.85612,10.67116,3.062632,2.900906,0.3180676,0.2847743
2000,1,3,3,28315.5,45190.57,16.60769,19.11249,10.71864,10.62059,2.950342,2.857808,0.1792223,0.1748483
2000,1,3,4,289855.5,52598.39,16.02956,22.50311,10.87044,10.79874,3.113654,3.044229,0.1449466,0.1424323
2000,1,3,5,308538.5,50256.35,15.1237,21.74155,10.82489,10.69188,3.079225,2.956274,0.2565183,0.2404819
2000,1,3,6,76925.0,39556.71,17.53698,17.09831,10.58549,10.47134,2.838979,2.714717,0.231477,0.2631208
2000,1,3,7,88331.5,83695.87,19.04138,31.18506,11.33494,11.02723,3.439939,3.063268,0.5624447,0.7001416
2000,1,3,8,50036.0,51019.05,16.08594,23.14364,10.83995,10.73339,3.14172,3.041285,0.2199213,0.2078371
2000,1,3,9,35398.5,44919.92,16.47109,20.27618,10.71264,10.59639,3.009447,2.897559,0.2199549,0.2153182
2000,1,3,10,72511.5,33789.45,19.79467,14.54027,10.4279,10.27065,2.676922,2.524594,0.3196937,0.3170565
2000,1,3,11,262773.5,32187.79,16.78774,14.26631,10.37934,10.301,2.657901,2.575952,0.1636524,0.1682023
2000,1,3,12,5739.0,29559.84,17.74908,14.21019,10.29417,10.22655,2.65396,2.584617,0.1479987,0.1537666
2000,1,3,13,24945.0,48277.33,17.47156,20.62672,10.78472,10.61366,3.026587,2.88412,0.3150517,0.2775227
2000,1,3,14,77753.0,29626.23,16.31666,12.70196,10.29642,10.19683,2.541756,2.437287,0.2001578,0.2107071
2000,1,3,15,107351.0,76418.66,19.08401,28.73887,11.24398,11.04955,3.358251,3.180838,0.3721269,0.3443749
2000,1,3,16,247481.5,40248.38,15.45818,17.30343,10.60283,10.424,2.850904,2.682237,0.3490684,0.33527
2000,1,3,17,76532.5,34961.98,14.40835,15.0497,10.46202,10.36561,2.711358,2.606762,0.1884321,0.2072328
2000,1,3,18,130949.5,35720.02,13.77386,15.85625,10.48347,10.39541,2.763563,2.680079,0.1765859,0.1681663
2000,1,3,19,17078.5,35704.63,14.07893,15.60844,10.48304,10.39422,2.747812,2.658217,0.1736863,0.1828133
2000,1,3,20,299061.5,55973.45,15.66493,24.37075,10.93263,10.79336,3.193384,3.059569,0.2789669,0.2712436
2000,1,3,21,1232948.0,48333.58,14.09343,19.78038,10.78588,10.53512,2.98469,2.754273,0.432211,0.3980395
2000,1,3,22,24928.0,35217.44,14.63655,15.66383,10.4693,10.30803,2.751354,2.610758,0.2594035,0.2283502
2000,1,3,23,34384.5,29771.32,14.39969,13.45257,10.3013,10.17056,2.59917,2.481893,0.2404605,0.2164862
2000,1,3,24,22732.5,28880.42,14.30595,13.08654,10.27092,10.15305,2.571584,2.462642,0.2384762,0.2185793
2000,1,3,25,37811.5,31765.56,14.17645,14.28176,10.36614,10.24587,2.658983,2.5475,0.2238391,0.2085331
2000,1,3,26,7881.0,31809.82,12.97526,14.32252,10.36753,10.30621,2.661833,2.607704,0.1329543,0.1183352
2000,1,3,27,24487.5,36270.26,14.08694,16.26354,10.49875,10.36012,2.788926,2.65519,0.2520298,0.2437427
2000,1,3,28,51986.5,32320.69,13.18158,14.27619,10.38346,10.29019,2.658593,2.576248,0.200008,0.1803611
2000,1,3,29,268130.0,29565.77,12.90802,13.0168,10.29437,10.18343,2.566241,2.468255,0.2129652,0.1891315
2000,1,3,30,167485.0,34780.5,14.28439,15.40206,10.45681,10.33651,2.734501,2.626787,0.2240803,0.2020807
2000,1,3,31,74522.5,31658.66,14.54959,14.11992,10.36277,10.23098,2.647586,2.535999,0.2355345,0.2065436
2000,1,3,32,10199.0,21735.62,12.27601,10.30946,9.986708,9.814785,2.333062,2.147715,0.3161984,0.3338691
2000,1,3,33,69953.0,41559.95,13.3241,15.71641,10.63489,10.56476,2.754705,2.671281,0.145691,0.1737579
2000,1,3,34,278130.5,39561.66,13.77215,17.60787,10.58562,10.50477,2.868346,2.786237,0.1614474,0.164938
2000,1,3,35,72087.0,28525.55,13.26408,12.75962,10.25856,10.13161,2.546286,2.425544,0.2361108,0.2236581
2000,1,3,36,340565.0,23045.64,12.88694,10.26922,10.04523,9.899701,2.329151,2.202108,0.2707404,0.2388499
2000,1,3,37,40005.0,25872.65,13.84879,11.70412,10.16094,9.987604,2.459941,2.304665,0.2852596,0.2694275
2000,1,3,38,148627.0,26437.6,12.24123,11.9384,10.18254,10.04275,2.47976,2.348612,0.2623137,0.242726
2000,1,3,39,82900.0,29745.8,14.1863,13.32277,10.30044,10.14861,2.589475,2.445855,0.2995988,0.2901926
2000,1,3,40,64216.5,35172.27,12.98724,12.30172,10.46801,10.11602,2.509739,2.133974,0.6898679,0.7655092
2000,1,3,41,68723.5,22210.9,10.73323,8.709259,10.00834,9.861927,2.164387,2.02122,0.2708062,0.274764
2000,1,3,42,162770.5,26641.35,11.8986,11.47652,10.19022,10.01518,2.440303,2.282881,0.3219658,0.2982079
2000,1,3,43,32853.5,29993.14,11.8311,12.07722,10.30872,10.10163,2.491321,2.294179,0.3873388,0.3861452
2000,1,3,44,496437.5,33797.21,12.3127,14.46719,10.42813,10.32162,2.671883,2.568081,0.2266375,0.2238011
2000,1,3,45,209444.0,35102.71,12.81509,15.51552,10.46603,10.36167,2.741841,2.642365,0.2082231,0.2022852
2000,1,3,46,138870.5,33227.82,12.45274,14.57948,10.41114,10.29694,2.679615,2.568827,0.2304205,0.2276303
2000,1,3,47,1282189.0,33569.92,11.98962,14.89008,10.42139,10.27447,2.700695,2.559016,0.2898323,0.2832751
2000,1,3,48,17502.5,37265.54,11.93698,14.84451,10.52582,10.40314,2.69763,2.569768,0.2362882,0.2477681
2000,1,3,49,167836.0,38817.27,12.8081,16.02096,10.56662,10.47097,2.773898,2.685988,0.1900341,0.1760711
2000,1,3,50,104962.0,35336.14,12.41406,15.19849,10.47266,10.38925,2.721196,2.646566,0.167682,0.1494574
2000,1,3,51,17859.0,28307.77,12.18142,12.35543,10.25089,10.13575,2.514096,2.409975,0.2370943,0.228244
2000,1,3,52,9156.5,29825.82,11.80014,13.49262,10.30313,10.14098,2.602143,2.453957,0.2712027,0.2541479
2000,1,3,53,29299.0,29204.96,13.27236,13.26313,10.28209,10.17384,2.584988,2.484261,0.1982773,0.1909219
2000,1,3,54,45740.5,26469.19,11.67853,11.77133,10.18374,10.06845,2.465667,2.355594,0.2191253,0.2103432
2000,1,3,55,32041.0,38914.79,12.68762,17.16537,10.56913,10.46723,2.842894,2.743787,0.2062739,0.2009505
2000,1,3,56,37290.0,29931.84,11.89823,13.16782,10.30668,10.21148,2.577776,2.489496,0.1855564,0.1730355
2000,1,3,57,19815.0,31831.44,12.11315,13.8761,10.36821,10.28173,2.630168,2.552419,0.1739873,0.1573516
2000,1,3,58,93412.5,29390.74,11.91477,12.96244,10.28843,10.19593,2.562056,2.47523,0.1837752,0.1703778
2000,1,3,59,51132.5,32754.41,12.45748,14.7245,10.39679,10.30824,2.689513,2.607573,0.1744965,0.1629415
2000,1,3,60,40393.0,25160.79,11.4505,11.3271,10.13304,10.0154,2.427198,2.319229,0.2324076,0.2137694
2000,1,3,61,267500.5,31001.52,11.99469,13.76163,10.34179,10.2328,2.621884,2.518939,0.2157005,0.203399
2000,1,3,62,255371.5,30869.07,12.06853,13.6379,10.33751,10.23192,2.612853,2.516209,0.2172076,0.1985349
2000,1,3,63,76109.0,33536.56,12.97619,14.46132,10.42039,10.331,2.671478,2.589362,0.1807024,0.167625
2000,1,3,64,607785.0,32261.7,12.20359,13.1867,10.38164,10.25983,2.579209,2.465336,0.2370212,0.2241488
2000,1,3,65,109469.0,36674.17,12.07232,15.10732,10.50983,10.38994,2.71518,2.598572,0.2376299,0.2332516
2000,1,3,66,274701.0,26853.31,12.16829,12.08169,10.19814,10.07693,2.491691,2.377891,0.2367938,0.2206716
2000,2,3,0,4526543.0,,14.30343,,,,,,,
2000,2,3,1,773597.5,41535.88,15.1956,17.87494,10.63431,10.48061,2.883399,2.746003,0.2895853,0.2628219
2000,2,3,2,742430.0,36967.73,15.09062,16.59431,10.5178,10.39972,2.80906,2.705651,0.2176973,0.1934267
2000,2,3,3,10441.5,37983.57,17.28028,16.87348,10.54491,10.45645,2.825743,2.745024,0.1863617,0.1798426
2000,2,3,4,44387.0,47950.22,16.51132,21.41722,10.77792,10.70802,3.064195,2.996304,0.1533938,0.1473618
2000,2,3,5,126672.0,43155.58,15.52962,19.51532,10.67257,10.57324,2.9712,2.879099,0.1910472,0.1795615
2000,2,3,6,47772.0,36443.55,17.96737,16.35349,10.50352,10.39842,2.794441,2.683459,0.214263,0.2348224
2000,2,3,7,53844.0,63592.3,19.55503,24.88385,11.06025,10.82403,3.214219,2.918266,0.427739,0.5500001
2000,2,3,8,325474.5,39449.9,16.67921,19.18429,10.58279,10.51748,2.954092,2.890318,0.137239,0.1356344
2000,2,3,9,123284.0,38452.35,17.79799,18.52097,10.55717,10.47762,2.918904,2.842265,0.1695577,0.1646702
2000,2,3,10,69151.5,30231.92,20.07462,13.57811,10.31665,10.17535,2.608459,2.472624,0.2873934,0.2828043
2000,2,3,11,807493.5,27609.11,16.9208,12.85918,10.2259,10.14124,2.554058,2.470255,0.1886051,0.1807781
2000,2,3,12,15749.0,29601.15,18.62544,14.33034,10.29557,10.23663,2.662379,2.60212,0.1265154,0.128772
2000,2,3,13,35714.5,41577.89,18.43722,18.60065,10.63532,10.51105,2.923196,2.81533,0.2430597,0.2143144
2000,2,3,14,129191.0,27720.5,16.80766,13.07659,10.22993,10.15954,2.570824,2.499043,0.1480686,0.1503329
2000,2,3,15,72291.0,65150.73,19.34689,25.83758,11.08446,10.9268,3.25183,3.114305,0.3036966,0.2696749
2000,2,3,16,205261.0,35514.05,16.13145,16.00773,10.47768,10.32636,2.773072,2.633369,0.3131686,0.2914337
2000,2,3,17,197190.0,29630.54,14.90475,14.3897,10.29656,10.21616,2.666513,2.58012,0.1658649,0.1771212
2000,2,3,18,33739.0,30137.35,15.09505,14.03861,10.31352,10.22628,2.641811,2.557061,0.1724772,0.1693192
2000,2,3,19,8479.0,31975.71,15.1203,14.82381,10.37273,10.30511,2.696235,2.626321,0.1380664,0.1479849
2000,2,3,20,155569.5,39966.36,15.36229,18.45544,10.59579,10.47508,2.915359,2.804896,0.2247032,0.2072123
2000,2,3,21,933926.0,32521.27,14.27567,14.55329,10.38965,10.16398,2.677817,2.481826,0.4121845,0.356794
2000,2,3,22,509667.5,25402.45,13.86998,12.19498,10.1426,10.0615,2.501024,2.423983,0.1610526,0.1522749
2000,2,3,23,197072.0,22133.05,13.89034,10.61713,10.00483,9.919066,2.362468,2.282528,0.1668531,0.1555916
2000,2,3,24,59495.5,23775.72,14.30083,11.40872,10.07642,9.986876,2.434378,2.351005,0.169044,0.1591328
2000,2,3,25,300412.0,24940.73,13.67054,11.91055,10.12426,10.04206,2.477424,2.399743,0.1540547,0.1449045
2000,2,3,26,8790.0,26759.6,13.71661,12.85374,10.19465,10.10603,2.553634,2.470268,0.2007244,0.1937362
2000,2,3,27,31838.5,24038.66,13.76111,11.41435,10.08742,9.996696,2.434871,2.349711,0.1870258,0.1784138
2000,2,3,28,29511.5,27133.23,13.65901,12.9007,10.20851,10.11357,2.557282,2.474757,0.1993625,0.1730001
2000,2,3,29,163959.5,24806.57,13.31825,11.52761,10.11886,10.02094,2.444745,2.358394,0.1975435,0.1738682
2000,2,3,30,374025.0,27511.46,13.84215,12.95516,10.22236,10.13305,2.561495,2.479842,0.1682126,0.1535635
2000,2,3,31,315649.0,23760.04,14.07058,11.36274,10.07576,9.989615,2.43034,2.351708,0.168285,0.1542245
2000,2,3,32,75338.5,15494.79,12.55859,7.79434,9.648259,9.485724,2.053398,1.889105,0.2997275,0.3069257
2000,2,3,33,3122.0,36028.29,13.713,13.74213,10.49206,10.4165,2.620466,2.538161,0.1657151,0.1873757
2000,2,3,34,48554.0,34539.36,14.1155,15.91952,10.44985,10.36245,2.767546,2.681381,0.1818884,0.1788445
2000,2,3,35,19872.0,26036.92,13.99899,11.99616,10.16727,10.05527,2.484587,2.382287,0.2228793,0.2031465
2000,2,3,36,377260.0,17654.82,13.89416,8.703929,9.778764,9.636218,2.163774,2.036506,0.2555183,0.2275377
2000,2,3,37,300658.0,20433.48,13.63034,10.02632,9.92493,9.833569,2.305214,2.217933,0.1763123,0.1702821
2000,2,3,38,45712.0,18933.27,12.84862,9.022962,9.848676,9.694421,2.199773,2.05569,0.291327,0.2712327
2000,2,3,39,378088.0,20447.54,14.3389,9.614244,9.925617,9.720864,2.263246,2.051445,0.4556265,0.4822699
2000,2,3,40,7966.5,26696.5,14.11963,10.84859,10.19229,9.768439,2.384035,1.919943,0.8230976,0.9415639
2000,2,3,41,18841.5,18510.23,12.01948,8.193624,9.826079,9.650693,2.103356,1.921226,0.3593659,0.3769836
2000,2,3,42,26333.0,20803.11,13.42213,9.711421,9.942858,9.791553,2.273303,2.135219,0.2968229,0.2797312
2000,2,3,43,1926.5,22818.01,12.74851,9.957909,10.03531,9.91065,2.298367,2.157988,0.2479103,0.2883499
2000,2,3,44,14281.0,31487.15,12.87627,13.79492,10.35734,10.22583,2.6243,2.507954,0.2630339,0.2390189
2000,2,3,45,13600.5,33307.11,13.56987,15.04174,10.41353,10.28954,2.710829,2.605666,0.2365518,0.2097709
2000,2,3,46,8235.0,27027.59,13.52107,12.43285,10.20461,10.09015,2.520342,2.412091,0.2495324,0.2361739
2000,2,3,47,33610.0,27863.52,12.62095,12.73205,10.23507,10.03414,2.544122,2.354435,0.3972662,0.39221
2000,2,3,48,267.5,24415.24,13.94766,9.323344,10.10296,10.00872,2.232521,2.163227,0.2080767,0.1360316
2000,2,3,49,36820.5,31756.7,13.19167,13.75076,10.36586,10.23594,2.621094,2.506074,0.2484401,0.2194816
2000,2,3,50,5396.5,25829.66,12.34096,11.90606,10.15928,10.05387,2.477047,2.380665,0.2113573,0.1873932
2000,2,3,51,1677.5,19122.44,12.34635,8.928451,9.858618,9.703243,2.189243,2.06201,0.421397,0.343263
2000,2,3,52,5381.0,21999.12,13.56086,9.952682,9.998757,9.792962,2.297842,2.127663,0.4569608,0.373514
2000,2,3,53,65285.5,22931.52,13.96921,11.1023,10.04027,9.954944,2.407152,2.326898,0.1689785,0.158332
2000,2,3,54,23053.5,19769.95,12.44097,9.432112,9.891918,9.799815,2.24412,2.154973,0.1920194,0.1908594
2000,2,3,55,1812.0,37027.05,13.37031,16.86273,10.5194,10.40105,2.825106,2.709917,0.251206,0.2456702
2000,2,3,56,8944.0,22695.18,12.09727,10.48886,10.02991,9.941285,2.350313,2.267095,0.1695252,0.1581314
2000,2,3,57,3541.0,21976.21,11.6131,10.1951,9.997716,9.923679,2.321907,2.254876,0.1475887,0.1363989
2000,2,3,58,24864.5,22726.37,11.97611,10.51583,10.03128,9.950383,2.352882,2.273535,0.1519493,0.1473165
2000,2,3,59,14155.0,22746.84,12.92038,10.81181,10.03218,9.941085,2.380639,2.291239,0.181156,0.1728728
2000,2,3,60,52699.0,17724.17,11.42709,8.456979,9.782684,9.695258,2.134992,2.052789,0.1727941,0.1644537
2000,2,3,61,98424.0,22332.43,12.15764,10.40966,10.01379,9.895663,2.342734,2.233799,0.2210728,0.2036056
2000,2,3,62,87219.0,22725.24,12.17621,10.52668,10.03123,9.924514,2.353913,2.259594,0.2096697,0.1860268
2000,2,3,63,47429.5,24826.76,12.67159,11.36353,10.11968,10.00684,2.430409,2.327243,0.2062872,0.1886452
2000,2,3,64,62784.0,23495.85,13.5617,10.53614,10.06458,9.913911,2.354811,2.219992,0.2989675,0.2710277
2000,2,3,65,3132.5,36185.41,12.77031,15.62471,10.49641,10.26624,2.748854,2.54656,0.447071,0.3978716
2000,2,3,66,76449.5,20622.27,12.33646,9.785603,9.934127,9.792093,2.280912,2.150162,0.2484742,0.2259244
2000,3,3,0,776491.0,,12.06695,,,,,,,
2000,3,3,1,69369.5,43197.94,14.50627,17.89489,10.67355,10.51405,2.884515,2.739113,0.2983228,0.2821874
2000,3,3,2,58136.5,37141.99,14.53808,16.43662,10.5225,10.41277,2.799512,2.696349,0.206836,0.1995949
2000,3,3,3,1320.0,45790.7,15.98409,20.26682,10.73184,10.48108,3.008985,2.801217,0.293596,0.2543603
2000,3,3,4,16592.0,49323.0,15.71426,21.94971,10.80615,10.69397,3.088754,2.977566,0.2154703,0.2123126
2000,3,3,5,28189.5,45602.16,14.6329,20.4015,10.72771,10.61343,3.015608,2.90354,0.2235915,0.2252287
2000,3,3,6,2768.5,38875.68,16.61839,17.1138,10.56812,10.47168,2.839885,2.739711,0.2058768,0.2259805
2000,3,3,7,4471.5,71712.88,19.12423,25.18313,11.18043,10.94396,3.226174,2.925118,0.3902453,0.4956532
2000,3,3,8,4881.5,46382.07,15.35286,21.4537,10.74467,10.55985,3.065897,2.865324,0.3142695,0.3564765
2000,3,3,9,3165.0,37994.73,15.22054,17.89166,10.5452,10.39719,2.884335,2.720886,0.2497167,0.2792132
2000,3,3,10,4399.5,33930.06,18.42982,15.11104,10.43206,10.30204,2.715426,2.59043,0.2838735,0.2786265
2000,3,3,11,38790.5,30097.93,15.7603,13.85941,10.31221,10.22299,2.628964,2.531955,0.1699919,0.180248
2000,3,3,12,233.5,28647.03,16.75803,13.69361,10.2628,10.25083,2.616929,2.605342,0.0243855,0.0233315
2000,3,3,13,1311.5,38276.29,16.61304,17.71381,10.55259,10.4336,2.874345,2.770622,0.25233,0.2169747
2000,3,3,14,12184.5,29806.63,15.29681,13.29352,10.30249,10.20306,2.587276,2.493419,0.2001947,0.1989803
2000,3,3,15,4505.5,66181.0,19.0374,25.56688,11.10015,10.91465,3.241298,3.057591,0.3850046,0.3690008
2000,3,3,16,18199.0,40576.97,14.85763,17.77539,10.61096,10.34875,2.877815,2.611122,0.5022452,0.5089948
2000,3,3,17,9636.0,31874.6,13.60129,14.45712,10.36957,10.28698,2.671187,2.584683,0.1586822,0.1701896
2000,3,3,18,9226.0,35266.2,13.61804,16.16502,10.47068,10.37642,2.78285,2.689066,0.1743122,0.172913
2000,3,3,19,2605.0,36805.09,13.30749,16.38769,10.51339,10.38505,2.79653,2.669758,0.2068955,0.1936371
2000,3,3,20,20647.5,47798.63,15.25018,21.42533,10.77475,10.6515,3.064574,2.944906,0.2654521,0.2579795
2000,3,3,21,107597.0,34339.85,13.51989,14.72404,10.44406,10.26451,2.689482,2.527283,0.3214967,0.294829
2000,3,3,22,4562.5,28257.01,13.82816,13.39413,10.2491,10.1891,2.594817,2.53163,0.1192342,0.1229072
2000,3,3,23,7218.5,26310.81,13.52109,12.32912,10.17774,10.10376,2.511964,2.434559,0.1595445,0.1702503
2000,3,3,24,6368.0,24101.95,13.18483,11.2911,10.09005,10.0057,2.424015,2.344797,0.1794483,0.1632232
2000,3,3,25,9160.0,28419.69,13.72293,13.33588,10.25484,10.18185,2.590458,2.516154,0.1606696,0.1644907
2000,3,3,26,3287.5,30703.8,13.0762,13.88683,10.33214,10.28845,2.630941,2.588989,0.0851513,0.0841193
2000,3,3,27,5684.0,31482.86,13.49226,14.42891,10.3572,10.27238,2.669234,2.585896,0.1693525,0.1647458
2000,3,3,28,17030.0,28785.19,12.90311,13.12398,10.26762,10.1711,2.574441,2.48566,0.2178442,0.2024183
2000,3,3,29,55370.0,26040.71,12.63657,11.94469,10.16742,10.04843,2.480287,2.366471,0.2143224,0.1998031
2000,3,3,30,32799.0,28559.08,13.63917,13.26063,10.25973,10.16765,2.584799,2.499167,0.1946173,0.1799839
2000,3,3,31,15916.0,26247.6,13.63251,12.25539,10.17533,10.09166,2.505965,2.431232,0.175452,0.1587059
2000,3,3,32,5862.0,20175.85,12.31423,9.776476,9.912242,9.820807,2.279979,2.189387,0.1849737,0.1804575
2000,3,3,33,5357.5,38165.83,13.03836,14.67939,10.5497,10.48062,2.686445,2.599462,0.1451061,0.1795555
2000,3,3,34,41320.0,37539.41,13.36229,16.93076,10.53315,10.43787,2.829132,2.732109,0.1913686,0.194602
2000,3,3,35,28842.0,25855.38,12.86776,11.74582,10.16027,10.03169,2.463497,2.341891,0.2473801,0.2383164
2000,3,3,36,65320.0,20520.52,12.49775,9.440801,9.929181,9.789631,2.245041,2.113317,0.2600546,0.2398107
2000,3,3,37,18963.0,22742.37,12.83035,10.63938,10.03199,9.931381,2.364563,2.261233,0.212895,0.2213946
2000,3,3,38,36285.0,22938.31,12.35643,10.49732,10.04056,9.907257,2.35112,2.227776,0.256662,0.239076
2000,3,3,39,25633.5,26496.42,13.555,11.77801,10.18476,10.03838,2.466234,2.317323,0.3057216,0.3273138
2000,3,3,40,445.0,29780.87,12.85169,13.66839,10.30162,10.13677,2.615086,2.428009,0.3435855,0.3988406
2000,3,3,41,3039.0,17460.34,11.47779,7.603069,9.767687,9.6562,2.028552,1.914715,0.2274658,0.2298355
2000,3,3,42,14862.5,21750.64,12.14257,9.842996,9.987398,9.861506,2.28676,2.166614,0.2600725,0.2569724
2000,3,3,43,1826.5,21905.15,11.70928,9.178191,9.994477,9.912634,2.21683,2.136741,0.1518538,0.1577041
2000,3,3,44,38022.0,30415.29,12.39332,13.45691,10.3227,10.20544,2.599493,2.486528,0.2376693,0.2277722
2000,3,3,45,23509.5,34003.87,13.01993,15.09227,10.43423,10.31594,2.714183,2.600832,0.248187,0.2434057
2000,3,3,46,13391.0,29317.05,12.54223,13.58353,10.28592,10.17795,2.608858,2.50045,0.2165964,0.2208273
2000,3,3,47,85450.5,28538.3,12.14315,12.9868,10.259,10.10093,2.563933,2.408183,0.3058814,0.300579
2000,3,3,48,751.0,29627.8,12.29161,12.31077,10.29647,10.21808,2.510474,2.444695,0.1576888,0.14491
2000,3,3,49,16722.0,34447.43,12.90808,14.74718,10.44719,10.34528,2.691052,2.594218,0.2009748,0.1987551
2000,3,3,50,5279.5,30629.3,12.34397,13.6845,10.32971,10.22774,2.616264,2.52217,0.2104102,0.1929788
2000,3,3,51,756.0,20781.02,12.98016,9.224,9.941795,9.843692,2.221809,2.124223,0.217396,0.2078872
2000,3,3,52,1378.0,25440.35,11.96662,11.64679,10.14409,10.05612,2.455031,2.372696,0.1923156,0.1755435
2000,3,3,53,4224.0,29078.65,13.10985,13.65797,10.27776,10.17443,2.614323,2.504363,0.1684589,0.1841566
2000,3,3,54,7354.0,23823.47,11.90073,10.89724,10.07843,9.991814,2.38851,2.305892,0.1783865,0.1664024
2000,3,3,55,3257.0,33513.33,12.44397,15.06591,10.4197,10.31117,2.712435,2.600618,0.2431304,0.2444899
2000,3,3,56,4870.5,32936.75,12.23858,13.77602,10.40234,10.19822,2.62293,2.455616,0.3101597,0.2935033
2000,3,3,57,2266.5,29569.93,12.38209,12.77438,10.29451,10.17233,2.547442,2.447372,0.2330611,0.1966179
2000,3,3,58,13744.0,28135.07,12.09328,12.68551,10.24477,10.13223,2.54046,2.4267,0.2164091,0.2140963
2000,3,3,59,6000.5,29079.35,12.52979,13.61722,10.27778,10.1506,2.611335,2.486456,0.2531892,0.2403039
2000,3,3,60,9993.5,22588.85,12.08125,10.38467,10.02521,9.940972,2.340331,2.253613,0.1826124,0.1830995
2000,3,3,61,50607.0,27929.71,12.21537,12.62733,10.23745,10.12651,2.535864,2.426336,0.2257143,0.2239158
2000,3,3,62,36942.0,29260.19,12.28239,13.23913,10.28398,10.161,2.583177,2.463503,0.2473351,0.2401841
2000,3,3,63,11223.0,30393.81,12.88942,13.65349,10.32199,10.19934,2.613995,2.498871,0.227145,0.2104697
2000,3,3,64,133567.0,29829.73,12.34293,12.7676,10.30326,10.1719,2.546911,2.419872,0.2484936,0.2403224
2000,3,3,65,9152.0,31879.23,12.38593,13.80284,10.36971,10.26335,2.624874,2.516059,0.2223305,0.2297427
2000,3,3,66,72428.5,24716.72,12.42746,11.4227,10.11524,9.980392,2.435603,2.304459,0.2544503,0.24793
2000,4,3,0,809023.5,,12.99528,,,,,,,
2000,4,3,1,84593.5,34196.56,14.62537,15.43205,10.43988,10.32061,2.736447,2.622116,0.2386513,0.2301326
2000,4,3,2,112146.0,32655.56,14.59856,15.09414,10.39377,10.31296,2.714306,2.639326,0.1567762,0.1480774
2000,4,3,3,295.0,38938.89,16.77288,18.12579,10.56975,10.5524,2.897336,2.880531,0.0362088,0.0345344
2000,4,3,4,6241.5,47687.23,16.15429,21.48438,10.77242,10.70764,3.067326,3.001292,0.1512414,0.1518607
2000,4,3,5,19282.5,38743.05,14.99749,18.08368,10.56471,10.46442,2.89501,2.798094,0.2085382,0.19966
2000,4,3,6,2907.5,36324.38,17.58693,16.78102,10.50024,10.41332,2.820248,2.740863,0.1910248,0.1761897
2000,4,3,7,5228.0,55977.0,18.86878,20.96593,10.9327,10.74487,3.042899,2.805612,0.3175234,0.4238225
2000,4,3,8,39478.5,40223.4,15.44453,19.18554,10.6022,10.49659,2.954157,2.844574,0.2262215,0.232486
2000,4,3,9,8238.0,37731.55,16.24982,18.01085,10.53825,10.36003,2.890974,2.721581,0.2925003,0.2870322
2000,4,3,10,6149.5,32090.55,18.74429,14.57098,10.37632,10.25141,2.679032,2.57214,0.2734649,0.2395028
2000,4,3,11,114347.0,25174.03,15.49936,12.2213,10.13357,10.01583,2.50318,2.382901,0.2497186,0.2511471
2000,4,3,12,1151.0,26910.85,16.18679,13.04646,10.20028,10.15578,2.568517,2.511107,0.0918708,0.1175289
2000,4,3,13,3390.0,35123.16,17.23068,15.97811,10.46662,10.36308,2.77122,2.681144,0.2463519,0.2147824
2000,4,3,14,32859.5,28646.16,15.77647,13.64988,10.26277,10.1742,2.613731,2.522649,0.1651487,0.1661869
2000,4,3,15,6874.0,59027.71,19.34769,24.04664,10.98576,10.82074,3.179995,3.047007,0.3232413,0.2799846
2000,4,3,16,12919.0,34454.38,15.79851,15.66742,10.44739,10.28863,2.751583,2.611653,0.2737103,0.2605607
2000,4,3,17,42507.0,26940.28,13.59743,12.83266,10.20138,10.08274,2.551994,2.431297,0.2284478,0.2285856
2000,4,3,18,4198.5,31051.9,14.18864,14.72046,10.34342,10.2731,2.689239,2.622123,0.1412309,0.1405759
2000,4,3,19,1408.5,29790.92,14.97338,14.20749,10.30196,10.20484,2.65377,2.558809,0.2218303,0.2121626
2000,4,3,20,20693.0,39357.11,15.13584,18.37105,10.58043,10.4869,2.910776,2.818609,0.1939895,0.1924117
2000,4,3,21,148314.0,24170.31,13.45491,11.39006,10.09288,9.909995,2.432741,2.26549,0.3360868,0.3053968
2000,4,3,22,75895.5,26009.73,13.491,12.53617,10.16623,10.0904,2.528618,2.453053,0.1446715,0.1449378
2000,4,3,23,41810.5,22422.59,13.32924,10.8448,10.01782,9.933738,2.383686,2.302638,0.1594304,0.1515272
2000,4,3,24,17937.0,23968.86,13.6612,11.73334,10.08451,9.986508,2.462434,2.364491,0.1602125,0.1603323
2000,4,3,25,48169.0,25760.63,13.30557,12.27659,10.1566,10.08439,2.507694,2.436358,0.1265218,0.1254014
2000,4,3,26,6924.0,28387.68,12.9805,13.48036,10.25371,10.18554,2.601234,2.539266,0.1502972,0.138446
2000,4,3,27,11442.5,24271.24,13.17142,11.77939,10.09705,9.99141,2.466351,2.359429,0.1914555,0.1925911
2000,4,3,28,13781.5,27940.99,12.99068,13.02005,10.23785,10.14136,2.566491,2.47383,0.1983082,0.1811736
2000,4,3,29,30060.0,23440.47,12.95782,11.08921,10.06222,9.960911,2.405973,2.309032,0.1886177,0.1789491
2000,4,3,30,108526.0,25505.04,13.45373,12.18693,10.14663,10.07607,2.500364,2.431634,0.1450203,0.1408398
2000,4,3,31,80454.0,23052.38,13.44189,11.12717,10.04552,9.969112,2.40939,2.333299,0.1551724,0.1532502
2000,4,3,32,25037.5,16436.31,12.0808,8.18636,9.707249,9.529448,2.102469,1.932514,0.2611781,0.2507218
2000,4,3,33,597.0,31019.3,13.09045,12.79743,10.34237,10.2573,2.549245,2.468156,0.197933,0.1756247
2000,4,3,34,23712.5,32103.68,13.40656,14.83455,10.37673,10.28057,2.696959,2.600842,0.1893488,0.1926522
2000,4,3,35,15383.0,22669.21,12.75609,10.78812,10.02876,9.873951,2.378446,2.222309,0.2824237,0.2855814
2000,4,3,36,58484.0,17049.37,12.69528,8.243788,9.743869,9.601553,2.10946,1.975641,0.250078,0.2312234
2000,4,3,37,128930.0,20082.94,12.83735,9.692387,9.907626,9.78838,2.271341,2.151081,0.2089778,0.2096256
2000,4,3,38,13176.5,18787.81,12.5657,9.133756,9.840963,9.707685,2.211977,2.0778,0.2666327,0.2610286
2000,4,3,39,70382.0,22295.58,13.54875,10.20464,10.01214,9.833905,2.322843,2.148845,0.3706942,0.3660123
2000,4,3,40,109.0,,12.06422,,,,,,,
2000,4,3,41,1272.0,16190.41,11.97013,7.81251,9.692174,9.528542,2.055726,1.894339,0.2276234,0.22258
2000,4,3,42,1576.0,30104.26,12.55266,14.11988,10.31242,9.854573,2.647584,2.178761,0.4810268,0.4734686
2000,4,3,43,401.5,24764.45,12.4533,11.62192,10.11716,10.09024,2.452893,2.423652,0.0620558,0.0652696
2000,4,3,44,2488.0,29444.44,13.20619,13.43868,10.29026,10.18334,2.598137,2.495284,0.2329155,0.2266091
2000,4,3,45,3631.5,35236.75,13.74804,16.0717,10.46984,10.37017,2.77706,2.676694,0.2249811,0.2216241
2000,4,3,46,1668.5,29200.21,13.03386,13.94914,10.28193,10.12738,2.635418,2.483859,0.3428172,0.3363245
2000,4,3,47,3835.0,28489.86,12.62634,13.20274,10.2573,10.13822,2.580424,2.469326,0.2443026,0.2293349
2000,4,3,48,27.0,,15.7037,,,,,,,
2000,4,3,49,6859.0,28094.59,13.02129,12.50723,10.24333,10.13526,2.526306,2.420493,0.2268707,0.2185435
2000,4,3,50,1220.0,29361.54,12.55,12.66588,10.28744,10.19456,2.538911,2.465554,0.1826885,0.1494728
2000,4,3,51,188.0,18501.11,11.44681,8.933699,9.825585,9.74016,2.189831,2.104328,0.1942513,0.195121
2000,4,3,52,643.0,15350.65,12.48211,7.159325,9.638913,9.472687,1.968416,1.828383,0.3231647,0.2486635
2000,4,3,53,9390.5,22730.21,13.6145,10.86122,10.03145,9.939937,2.385198,2.29492,0.1863521,0.1819645
2000,4,3,54,5968.5,18431.54,12.03217,8.90443,9.821818,9.662715,2.186549,2.028893,0.2165265,0.2063404
2000,4,3,55,100.0,33292.47,12.34,14.9583,10.41309,10.23058,2.705266,2.507622,0.4933676,0.49645
2000,4,3,56,1708.0,21434.55,11.96487,9.750379,9.972759,9.864491,2.277306,2.183754,0.2096808,0.1844668
2000,4,3,57,891.5,23706.14,12.21649,10.73099,10.07349,9.910972,2.373136,2.20159,0.3274267,0.3759357
2000,4,3,58,5904.5,22998.96,12.19307,10.78601,10.0432,9.94542,2.37825,2.283218,0.1830917,0.1759504
2000,4,3,59,2346.0,21610.03,12.79923,10.41448,9.980913,9.870229,2.343197,2.233693,0.2359641,0.2267703
2000,4,3,60,17388.0,18159.84,12.13406,8.711522,9.806968,9.687239,2.164647,2.042476,0.2026249,0.1968901
2000,4,3,61,28441.0,22543.43,12.22622,10.52956,10.0232,9.872149,2.354186,2.210384,0.252427,0.2369343
2000,4,3,62,26058.0,24432.13,12.35363,11.40353,10.10365,9.969246,2.433923,2.307587,0.2505937,0.23603
2000,4,3,63,12287.5,23132.52,12.53396,10.69458,10.049,9.940304,2.369737,2.271091,0.2080529,0.195188
2000,4,3,64,21181.0,24500.93,13.01879,11.6025,10.10647,9.952985,2.451221,2.311071,0.2692917,0.2437741
2000,4,3,65,1087.0,34098.45,13.20883,16.08145,10.43701,10.34701,2.777666,2.693901,0.2141654,0.1990056
2000,4,3,66,22578.5,20366.78,12.41061,9.710145,9.92166,9.807259,2.273171,2.163873,0.2262603,0.2135306
2000,0,4,0,9712722.0,,12.54978,,,,,,,
2000,0,4,1,3134695.0,72823.61,14.79933,,11.1958,10.92172,,,0.5141027,
2000,0,4,2,1771019.0,54275.4,14.61188,,10.90183,10.66405,,,0.4019068,
2000,0,4,3,53274.0,65534.89,16.57278,,11.09034,10.88495,,,0.4104431,
2000,0,4,4,483526.5,66960.62,15.8336,,11.11186,11.01295,,,0.19443,
2000,0,4,5,485690.0,59092.27,14.88121,,10.98686,10.85087,,,0.2605774,
2000,0,4,6,142744.5,57887.09,17.46354,,10.96625,10.83252,,,0.2647544,
2000,0,4,7,275023.0,156524.3,18.87419,,11.96097,11.64381,,,0.7567379,
2000,0,4,8,671374.0,46479.6,15.32391,,10.74677,10.64758,,,0.1889005,
2000,0,4,9,151264.5,46659.05,16.04443,,10.75062,10.61576,,,0.2401542,
2000,0,4,10,193316.5,49839.25,17.87236,,10.81656,10.68373,,,0.2694289,
2000,0,4,11,1312639.0,33429.09,16.05578,,10.41718,10.28014,,,0.2987938,
2000,0,4,12,36793.0,35400.87,17.15768,,10.47449,10.37258,,,0.2198351,
2000,0,4,13,75309.5,64310.04,17.60761,,11.07147,10.87515,,,0.3615633,
2000,0,4,14,291185.5,33520.17,15.87523,,10.4199,10.31021,,,0.2261578,
2000,0,4,15,258679.0,115313.9,18.83155,,11.65541,11.36939,,,0.6081868,
2000,0,4,16,482775.0,50590.69,14.9175,,10.83152,10.56323,,,0.5348307,
2000,0,4,17,396687.0,35570.75,13.83231,,10.47928,10.35183,,,0.2265185,
2000,0,4,18,226357.5,42441.93,13.44256,,10.65589,10.56535,,,0.1843203,
2000,0,4,19,35138.0,43219.03,13.49057,,10.67404,10.56725,,,0.2097263,
2000,0,4,20,581883.0,63215.08,15.08108,,11.0543,10.89065,,,0.326111,
2000,0,4,21,2841806.0,53943.61,13.57261,,10.89569,10.55216,,,0.6286307,
2000,0,4,22,883640.5,28352.56,12.99026,,10.25247,10.15279,,,0.192645,
2000,0,4,23,275004.0,26963.15,13.03329,,10.20223,10.05041,,,0.2611774,
2000,0,4,24,134017.0,27575.2,13.08552,,10.22467,10.10301,,,0.226456,
2000,0,4,25,520776.5,28412.92,12.9407,,10.2546,10.14982,,,0.1938897,
2000,0,4,26,46156.0,36213.58,12.86882,,10.49719,10.42719,,,0.1538984,
2000,0,4,27,90565.5,34241.5,13.18081,,10.44119,10.30723,,,0.2562805,
2000,0,4,28,214629.0,36425.73,12.83037,,10.50303,10.42544,,,0.171287,
2000,0,4,29,604749.5,32803.5,12.61176,,10.39829,10.25439,,,0.2683483,
2000,0,4,30,612398.0,34601.29,13.36988,,10.45165,10.3138,,,0.245638,
2000,0,4,31,565174.5,28071.53,13.04827,,10.24251,10.12272,,,0.2171543,
2000,0,4,32,184345.0,17065.95,11.27057,,9.744841,9.582171,,,0.2907174,
2000,0,4,33,105262.0,51642.5,13.28103,,10.8521,10.76783,,,0.1794661,
2000,0,4,34,385690.0,47074.27,13.6025,,10.75948,10.66622,,,0.1960671,
2000,0,4,35,151889.0,32612.95,12.88826,,10.39246,10.22984,,,0.3149531,
2000,0,4,36,778729.0,21650.52,12.05853,,9.982785,9.8006,,,0.3294219,
2000,0,4,37,539413.5,23512.04,12.4666,,10.06527,9.920346,,,0.2495689,
2000,0,4,38,419869.5,26953.13,11.86327,,10.20185,10.04027,,,0.310354,
2000,0,4,39,552427.5,26144.62,13.04235,,10.1714,9.917994,,,0.5478922,
2000,0,4,40,153913.0,38844.44,12.75876,,10.56732,10.15005,,,0.8607553,
2000,0,4,41,96320.0,24111.52,11.0558,,10.09044,9.889047,,,0.358696,
2000,0,4,42,219322.5,30070.2,11.95074,,10.31129,10.09047,,,0.4190157,
2000,0,4,43,49333.0,35825.39,11.72085,,10.48641,10.21724,,,0.4795865,
2000,0,4,44,789779.5,39449.57,12.21996,,10.58278,10.46107,,,0.2619523,
2000,0,4,45,277169.5,42009.71,12.79067,,10.64566,10.52662,,,0.2463453,
2000,0,4,46,250455.0,37987.31,12.33669,,10.54501,10.41877,,,0.2678885,
2000,0,4,47,1754841.0,40044.43,12.02915,,10.59774,10.42721,,,0.3408094,
2000,0,4,48,26772.5,42074.02,11.80364,,10.64719,10.5232,,,0.2412363,
2000,0,4,49,384993.5,44124.86,12.69339,,10.69478,10.57004,,,0.2447224,
2000,0,4,50,184030.5,39915.07,12.31953,,10.59451,10.5012,,,0.1965826,
2000,0,4,51,28621.0,32557.67,12.18394,,10.39077,10.20866,,,0.3775865,
2000,0,4,52,30256.0,26785.35,12.17501,,10.19561,9.975925,,,0.4616992,
2000,0,4,53,115177.0,28718.14,12.84946,,10.26528,10.13889,,,0.2335096,
2000,0,4,54,100355.5,27851.12,11.73782,,10.23463,10.0906,,,0.2743259,
2000,0,4,55,82430.0,46423.81,12.65757,,10.74557,10.64072,,,0.2072573,
2000,0,4,56,67861.5,31978.71,11.8206,,10.37283,10.25787,,,0.2248577,
2000,0,4,57,32092.0,34230.75,11.87721,,10.44088,10.3194,,,0.2392993,
2000,0,4,58,170952.0,31038.01,11.86635,,10.34297,10.23037,,,0.2222628,
2000,0,4,59,100014.0,35217.77,12.36807,,10.46931,10.34785,,,0.2442198,
2000,0,4,60,160389.5,22442.21,11.37085,,10.0187,9.868408,,,0.267454,
2000,0,4,61,542719.5,32459.46,11.88279,,10.38775,10.25143,,,0.2741011,
2000,0,4,62,488447.5,32009.18,11.90323,,10.37378,10.24252,,,0.2681742,
2000,0,4,63,200845.0,34809.7,12.51482,,10.45765,10.32163,,,0.2693608,
2000,0,4,64,1139541.0,35958.38,12.07064,,10.49012,10.34696,,,0.2812473,
2000,0,4,65,181564.0,41486.54,12.00722,,10.63312,10.498,,,0.2640846,
2000,0,4,66,480480.0,29043.58,11.77459,,10.27655,10.12606,,,0.2915121,
2000,1,4,0,2216869.0,,12.53515,,,,,,,
2000,1,4,1,1873124.0,85114.63,14.95172,33.15916,11.35175,11.08297,3.501319,3.244376,0.5129074,0.4988334
2000,1,4,2,656030.0,73705.57,15.37412,30.09638,11.20783,10.94491,3.404405,3.168675,0.4608595,0.4236764
2000,1,4,3,41513.5,69088.38,16.60479,28.14387,11.14314,10.94065,3.33733,3.145807,0.3965004,0.3842671
2000,1,4,4,416266.0,68424.04,15.89472,29.29222,11.13348,11.03815,3.377322,3.2838,0.1853373,0.1873036
2000,1,4,5,281607.5,65135.03,15.12949,28.00672,11.08422,10.94214,3.332445,3.199035,0.2703387,0.2620707
2000,1,4,6,92898.5,61523.48,17.59184,26.22441,11.02717,10.88801,3.266691,3.134058,0.2789158,0.2771943
2000,1,4,7,186331.5,173847.2,19.04241,65.59388,12.06593,11.77426,4.183482,3.884852,0.7266231,0.7423224
2000,1,4,8,67727.0,62487.04,16.0801,27.75595,11.04271,10.89931,3.32345,3.192358,0.25783,0.2401591
2000,1,4,9,33499.0,58449.01,16.15821,25.83256,10.97591,10.77916,3.251636,3.067647,0.3315513,0.3208248
2000,1,4,10,93566.5,54746.18,18.64966,22.584,10.91046,10.78071,3.117242,2.99435,0.257903,0.2478016
2000,1,4,11,243011.0,41023.29,17.05247,18.01998,10.62189,10.51888,2.891481,2.783079,0.2137451,0.2233232
2000,1,4,12,7588.0,39795.43,17.89839,18.54479,10.59151,10.48387,2.920189,2.812948,0.211562,0.2162826
2000,1,4,13,34285.0,75774.55,17.84218,31.69904,11.23552,11.02501,3.456286,3.269528,0.3933751,0.3541934
2000,1,4,14,107619.5,36667.81,16.58738,14.89495,10.50965,10.39141,2.701022,2.574127,0.2457675,0.2690021
2000,1,4,15,168909.0,127226.3,18.96602,48.92373,11.75372,11.46689,3.890263,3.617545,0.6348677,0.6041744
2000,1,4,16,245835.5,57626.82,15.33023,24.38293,10.96174,10.70643,3.193883,2.947285,0.4887948,0.481093
2000,1,4,17,69896.0,47711.6,14.43436,20.6658,10.77293,10.61183,3.02848,2.869188,0.2689385,0.270025
2000,1,4,18,165741.5,44548.36,13.49522,19.79632,10.70433,10.62036,2.985496,2.904211,0.1700341,0.1655136
2000,1,4,19,20697.0,45848.41,13.51505,20.13847,10.7331,10.63728,3.002632,2.910192,0.1993056,0.1938534
2000,1,4,20,345240.0,72512.25,15.58643,31.55661,11.19151,11.04023,3.451783,3.301215,0.3046378,0.3078199
2000,1,4,21,1528059.0,66324.91,14.00567,26.63919,11.10232,10.79299,3.282383,2.9826,0.5639204,0.5473965
2000,1,4,22,21640.0,43291.77,14.48336,18.88671,10.67572,10.47,2.938458,2.745833,0.3588089,0.3467515
2000,1,4,23,32174.0,41817.41,14.37064,18.14534,10.64107,10.42271,2.898414,2.702922,0.4070991,0.3746324
2000,1,4,24,21161.5,35569.59,13.83976,16.04832,10.47925,10.31578,2.775604,2.6202,0.2868555,0.271228
2000,1,4,25,36174.5,41163.98,14.07008,17.89167,10.62532,10.44763,2.884335,2.733018,0.3090771,0.2772833
2000,1,4,26,14913.0,39688.25,13.07678,17.65817,10.58881,10.53899,2.871198,2.828735,0.1100903,0.096645
2000,1,4,27,27614.5,43568.79,13.72956,19.45749,10.6821,10.54949,2.968232,2.841251,0.2505318,0.2421031
2000,1,4,28,96988.0,39421.72,13.14019,17.5458,10.58207,10.51257,2.864815,2.797717,0.1489819,0.1436193
2000,1,4,29,294573.0,37456.16,12.82289,16.2004,10.53093,10.39065,2.785036,2.659162,0.2592999,0.2335023
2000,1,4,30,136534.0,47050.32,14.21073,20.38685,10.75897,10.59456,3.01489,2.864257,0.2967159,0.274684
2000,1,4,31,65822.5,41943.7,14.13672,18.38576,10.64408,10.46488,2.911576,2.753841,0.3261065,0.2914987
2000,1,4,32,13150.0,21938.55,11.93985,10.17323,9.996001,9.852423,2.31976,2.192834,0.28231,0.2470756
2000,1,4,33,92161.0,52185.84,13.30157,20.02831,10.86257,10.78248,2.997147,2.899844,0.173326,0.2079317
2000,1,4,34,263150.5,49358.85,13.65954,21.95507,10.80687,10.72134,3.088998,3.002914,0.1788583,0.1813079
2000,1,4,35,72263.0,35820.73,13.2851,15.77196,10.48628,10.32057,2.758234,2.601627,0.3189923,0.3017163
2000,1,4,36,216255.0,28323.57,12.57868,12.08667,10.25145,10.06078,2.492103,2.326114,0.3522493,0.3116652
2000,1,4,37,39263.5,32872.68,13.68795,14.36331,10.4004,10.17223,2.664677,2.473367,0.3794053,0.3420581
2000,1,4,38,237417.5,30236.55,12.20916,13.61985,10.31681,10.16965,2.611528,2.474758,0.2817849,0.2620762
2000,1,4,39,90049.5,38834.68,13.93785,17.05214,10.56707,10.38043,2.836276,2.65522,0.3716159,0.3694759
2000,1,4,40,132349.0,40232.19,12.85117,13.88461,10.60242,10.20207,2.630781,2.20303,0.8170574,0.8945719
2000,1,4,41,63116.5,25792.19,10.97288,10.07055,10.15783,9.96031,2.309615,2.104872,0.3437268,0.36817
2000,1,4,42,162553.0,32176.21,12.09928,13.8308,10.37898,10.1594,2.626898,2.422107,0.4116984,0.3934166
2000,1,4,43,41585.0,37734.59,11.83155,14.83558,10.53833,10.26094,2.697028,2.429101,0.4937229,0.5019937
2000,1,4,44,709286.5,39877.8,12.25818,17.05119,10.59358,10.47395,2.83622,2.718064,0.2578125,0.2600757
2000,1,4,45,229033.0,42562.79,12.81934,18.61964,10.65874,10.53972,2.924217,2.810892,0.2451036,0.2414052
2000,1,4,46,214735.0,39044.89,12.41379,17.12255,10.57247,10.44946,2.840396,2.722335,0.2612309,0.2543832
2000,1,4,47,1573210.0,40858.54,12.11645,17.91859,10.61787,10.451,2.885839,2.725521,0.3333161,0.3271514
2000,1,4,48,24535.0,42087.87,11.8593,16.92006,10.64751,10.53259,2.8285,2.71174,0.2334899,0.246777
2000,1,4,49,280249.0,47269.29,12.6939,19.57097,10.76362,10.65522,2.974048,2.870367,0.208189,0.2013648
2000,1,4,50,164845.5,40805.55,12.35846,17.45045,10.61657,10.52798,2.859365,2.779646,0.1859319,0.1721199
2000,1,4,51,24372.0,33886.61,12.38011,14.38739,10.43077,10.25261,2.666352,2.500096,0.3745406,0.3578443
2000,1,4,52,13043.5,31065.81,12.10787,13.53425,10.34386,10.15779,2.605223,2.417338,0.3874082,0.400705
2000,1,4,53,31446.5,37510.89,13.12407,16.49575,10.53239,10.38897,2.803103,2.673278,0.2651421,0.247857
2000,1,4,54,53407.0,31890.43,11.80411,13.93636,10.37006,10.24388,2.634501,2.513797,0.2381328,0.2324027
2000,1,4,55,69346.0,47745.77,12.67159,21.06649,10.77365,10.67356,3.047684,2.952043,0.1944993,0.189616
2000,1,4,56,45480.0,34326.74,11.85301,15.09509,10.44368,10.33628,2.71437,2.616101,0.2104298,0.1939854
2000,1,4,57,22801.0,37160.04,11.9497,15.97699,10.52299,10.42865,2.77115,2.688254,0.1983152,0.1790323
2000,1,4,58,108313.5,33769.24,11.93653,14.78535,10.42731,10.32348,2.693637,2.599854,0.2094805,0.1912549
2000,1,4,59,69027.5,38401.5,12.38411,17.25454,10.55585,10.44908,2.848075,2.749907,0.2127497,0.2009374
2000,1,4,60,39207.0,29623.73,11.62106,13.2408,10.29633,10.14711,2.583303,2.443609,0.2902106,0.2679853
2000,1,4,61,307441.0,36439.03,11.99273,16.13255,10.5034,10.38563,2.780839,2.668748,0.2412598,0.2272829
2000,1,4,62,286869.0,35627.67,11.98339,15.753,10.48088,10.36504,2.75703,2.647602,0.2409793,0.228227
2000,1,4,63,100882.0,41194.31,12.77392,17.83424,10.62606,10.51702,2.88112,2.775782,0.2169739,0.2068865
2000,1,4,64,828715.0,37634.18,12.11048,15.10777,10.53567,10.40142,2.715209,2.584268,0.2618298,0.2569974
2000,1,4,65,159373.0,42241.05,12.0262,17.74579,10.65115,10.51716,2.876148,2.746298,0.2587042,0.2544698
2000,1,4,66,274252.5,31588.83,12.01608,14.14015,10.36056,10.22347,2.649018,2.519514,0.2695242,0.2525394
2000,2,4,0,5731210.0,,14.88003,,,,,,,
2000,2,4,1,1046614.0,54189.1,15.03169,23.1401,10.90024,10.67568,3.141567,2.936221,0.4211426,0.3918684
2000,2,4,2,915724.0,42230.92,14.7851,19.07489,10.65091,10.48566,2.948373,2.801012,0.2920292,0.2660455
2000,2,4,3,10003.5,51732.52,17.73949,23.06172,10.85384,10.65553,3.138174,2.95667,0.4356405,0.4286205
2000,2,4,4,45664.5,57183.21,16.1672,25.65852,10.95402,10.84011,3.244876,3.135619,0.225346,0.2138914
2000,2,4,5,154780.5,50407.77,15.18534,22.90393,10.8279,10.71854,3.131309,3.029124,0.2197711,0.2095881
2000,2,4,6,43575.0,50759.71,18.21079,22.95071,10.83486,10.72083,3.133349,3.02347,0.2240358,0.2178713
2000,2,4,7,73716.0,112727.8,19.96701,46.03168,11.63273,11.31145,3.82933,3.513713,0.6935292,0.6870995
2000,2,4,8,532850.5,44178.62,16.95444,21.25002,10.696,10.61445,3.056358,2.97768,0.159525,0.1555319
2000,2,4,9,104767.0,42935.88,17.99284,20.85389,10.66746,10.56836,3.03754,2.940692,0.1939401,0.1904465
2000,2,4,10,84761.0,44466.34,19.61102,19.55516,10.70249,10.58131,2.973239,2.859755,0.2546914,0.2361136
2000,2,4,11,908064.5,31144.39,17.30707,14.58565,10.34639,10.20992,2.680038,2.546982,0.3026277,0.2853136
2000,2,4,12,26393.5,34240.94,18.29231,16.25556,10.44118,10.34739,2.788435,2.702752,0.2076783,0.1878857
2000,2,4,13,36779.0,52895.91,19.34868,24.2535,10.87608,10.72443,3.188561,3.048459,0.2818065,0.2696604
2000,2,4,14,131109.0,30755.03,16.9313,14.55219,10.33381,10.23666,2.677742,2.579568,0.2073361,0.2084805
2000,2,4,15,77386.5,93152.43,19.6591,38.87613,11.44199,11.19207,3.66038,3.432169,0.4966244,0.4611316
2000,2,4,16,210668.5,41960.43,16.36412,19.03898,10.64448,10.38322,2.946488,2.699517,0.5472986,0.5287435
2000,2,4,17,264072.5,32457.76,15.08477,15.75487,10.3877,10.29262,2.757149,2.661339,0.1846788,0.1875278
2000,2,4,18,42362.5,35122.62,14.25159,16.3867,10.4666,10.37527,2.79647,2.704575,0.1845308,0.1819898
2000,2,4,19,10526.0,38911.41,13.94984,17.89254,10.56904,10.4378,2.884384,2.760751,0.2241203,0.2109815
2000,2,4,20,193973.5,48181.31,15.203,22.41527,10.78273,10.64473,3.109742,2.97694,0.2732332,0.2651773
2000,2,4,21,1091536.0,37564.98,14.13193,16.71707,10.53383,10.22832,2.81643,2.540131,0.5461031,0.4947913
2000,2,4,22,758059.5,27730.04,13.77072,13.38135,10.23027,10.13496,2.593862,2.503215,0.1888148,0.1789526
2000,2,4,23,201162.0,24496.31,14.09199,11.75583,10.10628,9.982552,2.46435,2.353361,0.2201389,0.2021002
2000,2,4,24,87515.5,25262.98,14.172,12.118,10.1371,10.03402,2.494692,2.400769,0.2030925,0.1853041
2000,2,4,25,427484.0,27128.72,13.76318,12.99926,10.20835,10.11637,2.564892,2.477543,0.1777934,0.1687966
2000,2,4,26,16242.0,32174.14,13.23889,15.28561,10.37892,10.30088,2.726912,2.652051,0.1715733,0.1649062
2000,2,4,27,44542.0,28967.51,13.53799,13.73149,10.27393,10.16808,2.619692,2.52002,0.2101562,0.1994386
2000,2,4,28,71686.0,32529.76,13.41832,15.24718,10.38991,10.31324,2.724395,2.653346,0.1768263,0.1638686
2000,2,4,29,220702.0,27444.52,13.06883,12.69782,10.21992,10.10428,2.54143,2.43767,0.2256992,0.2021327
2000,2,4,30,367357.0,30546.97,13.63175,14.36562,10.32702,10.21931,2.664838,2.566643,0.2007045,0.1848607
2000,2,4,31,401021.0,25720.47,13.89409,12.37917,10.15504,10.05852,2.516015,2.424994,0.1846338,0.173091
2000,2,4,32,121055.0,16282.16,12.65636,8.142379,9.697825,9.534679,2.097082,1.934857,0.2950744,0.2949554
2000,2,4,33,3743.0,45547.76,13.93481,18.3717,10.72652,10.65995,2.910811,2.839613,0.1419746,0.1437548
2000,2,4,34,51218.5,41339.26,13.87688,18.90061,10.62957,10.53094,2.939194,2.844865,0.2032853,0.196064
2000,2,4,35,28300.5,30173.76,14.01562,13.87904,10.31473,10.16235,2.63038,2.485034,0.2932271,0.2770326
2000,2,4,36,426875.0,17965.06,13.65962,8.721104,9.796184,9.650062,2.165746,2.032681,0.2681553,0.2466811
2000,2,4,37,332518.0,22203.44,13.56712,10.80719,10.008,9.889422,2.380212,2.265134,0.2190286,0.2161181
2000,2,4,38,88474.0,20443.63,12.85934,9.710201,9.925426,9.778563,2.273177,2.13949,0.2877578,0.2643859
2000,2,4,39,368420.5,22435.74,14.42935,10.42685,10.01841,9.771907,2.344384,2.088797,0.5395255,0.5738729
2000,2,4,40,20316.5,29033.27,14.07393,11.69421,10.2762,9.773386,2.459094,1.926991,1.033191,1.125688
2000,2,4,41,25912.5,20654.97,12.55178,9.028466,9.935711,9.729824,2.200382,1.989052,0.3851467,0.4081852
2000,2,4,42,33305.0,23226.72,13.6868,10.72934,10.05306,9.861363,2.372983,2.184771,0.4214422,0.4224256
2000,2,4,43,3452.5,27599.27,13.49776,12.35719,10.22554,10.06917,2.514238,2.35039,0.3734623,0.4011939
2000,2,4,44,21111.0,36783.68,12.78007,16.26526,10.51281,10.38957,2.789032,2.673185,0.2536484,0.2418325
2000,2,4,45,19813.0,37664.21,13.44128,17.12924,10.53647,10.42104,2.840787,2.734027,0.2449191,0.2255943
2000,2,4,46,13654.5,31426.48,13.11018,14.2821,10.35541,10.20782,2.659007,2.522168,0.3111334,0.2936696
2000,2,4,47,50057.0,32167.63,12.95625,14.61124,10.37872,10.1646,2.681791,2.475533,0.4172478,0.4068605
2000,2,4,48,773.0,40017.13,11.41785,17.6254,10.59706,10.36443,2.869341,2.623507,0.3453511,0.3339703
2000,2,4,49,66633.5,34676.7,12.85427,15.15323,10.45382,10.31368,2.718214,2.587882,0.2687102,0.2497887
2000,2,4,50,8928.5,30375.22,12.43512,13.61503,10.32138,10.20725,2.611174,2.504754,0.2373168,0.2234274
2000,2,4,51,2533.0,21803.76,12.2499,10.24124,9.989838,9.885346,2.326423,2.216756,0.2172085,0.2188335
2000,2,4,52,13717.5,22256.75,13.52309,10.11536,10.0104,9.747813,2.314055,2.065012,0.5298235,0.5265944
2000,2,4,53,70860.0,24404.01,13.69335,11.8325,10.1025,10.01545,2.47085,2.38722,0.1715854,0.1647606
2000,2,4,54,31155.0,21489.49,12.42173,10.11408,9.975319,9.842397,2.313928,2.195786,0.2430125,0.221987
2000,2,4,55,4068.5,40575.87,13.05076,18.42691,10.61093,10.49957,2.913812,2.81389,0.2391146,0.2183927
2000,2,4,56,13145.0,24726.3,11.80304,11.30125,10.11562,10.0237,2.424914,2.34298,0.1807756,0.160501
2000,2,4,57,5572.0,24591.73,11.90919,11.25554,10.11017,9.988251,2.42086,2.300115,0.1798144,0.1696367
2000,2,4,58,37804.5,24339.59,11.85041,11.15899,10.09986,10.00313,2.412246,2.321054,0.1812393,0.1678582
2000,2,4,59,21534.0,25441.03,13.08698,11.98506,10.14412,10.03647,2.483661,2.378995,0.222761,0.2154817
2000,2,4,60,79632.0,19326.9,11.53431,9.187201,9.869253,9.743605,2.217811,2.099428,0.2166259,0.2040148
2000,2,4,61,138307.0,25185.34,12.00231,11.6048,10.13402,10.00763,2.451419,2.335289,0.2403333,0.2183637
2000,2,4,62,131048.0,24818.46,12.06437,11.49953,10.11934,9.999159,2.442306,2.330465,0.2302474,0.2104659
2000,2,4,63,70386.5,27132.28,12.48955,12.46072,10.20848,10.09127,2.522581,2.413669,0.2231484,0.2062036
2000,2,4,64,115660.0,25991.4,13.62422,11.58479,10.16552,10.00683,2.449693,2.306652,0.3035535,0.2751558
2000,2,4,65,5619.5,32839.21,12.933,14.48619,10.39938,10.25889,2.673196,2.522416,0.2966474,0.326538
2000,2,4,66,106566.0,22750.16,12.20555,10.73364,10.03233,9.896985,2.373383,2.247357,0.2551093,0.2335501
2000,3,4,0,829003.5,,11.92572,,,,,,,
2000,3,4,1,99381.5,57391.59,14.77984,23.42606,10.95765,10.75322,3.153849,2.95893,0.3822501,0.3767309
2000,3,4,2,65496.5,48207.9,14.66549,20.86225,10.78328,10.60952,3.037941,2.879695,0.3163518,0.2991518
2000,3,4,3,1495.0,52138.16,15.83746,22.56614,10.86165,10.73854,3.11645,2.997054,0.2666146,0.2621775
2000,3,4,4,17512.0,59121.0,15.63682,26.36911,10.98734,10.89055,3.272193,3.174875,0.2043597,0.2093348
2000,3,4,5,26448.5,53685.19,14.59572,24.00441,10.89089,10.78301,3.178237,3.075464,0.2138814,0.2070991
2000,3,4,6,3722.0,49272.05,16.96803,22.26601,10.80511,10.72039,3.103061,3.005958,0.1708876,0.2024885
2000,3,4,7,7824.5,153354.2,18.99418,57.15859,11.94051,11.62065,4.04583,3.71005,0.7288265,0.750858
2000,3,4,8,6906.0,55640.24,15.75731,24.39916,10.92666,10.77292,3.194549,3.045042,0.3281122,0.3173896
2000,3,4,9,3572.0,38094.75,14.81467,17.49148,10.54783,10.44822,2.861714,2.760728,0.2048315,0.2140477
2000,3,4,10,6445.5,46876.98,18.34644,20.79285,10.75528,10.62242,3.034609,2.897487,0.2733044,0.2746401
2000,3,4,11,34004.5,35943.52,15.78291,16.43991,10.4897,10.38278,2.799712,2.685133,0.2103031,0.2222451
2000,3,4,12,613.5,28097.6,16.64548,11.98678,10.24344,10.13323,2.483804,2.341177,0.2573397,0.3643342
2000,3,4,13,1540.0,58469.3,17.05779,24.95715,10.97626,10.81509,3.21716,3.058204,0.4047756,0.398178
2000,3,4,14,17966.5,34384.25,15.32569,14.97259,10.44535,10.33461,2.706221,2.589452,0.2256862,0.2443379
2000,3,4,15,5487.0,88802.81,18.71606,33.85315,11.39417,11.14441,3.522032,3.309413,0.4965218,0.4510718
2000,3,4,16,15867.5,45073.99,14.88552,19.43241,10.71606,10.46556,2.966942,2.718018,0.4835404,0.5116009
2000,3,4,17,10988.0,41777.59,13.81926,19.20178,10.64012,10.45812,2.955003,2.765088,0.3045531,0.3081643
2000,3,4,18,13134.5,40284.1,13.39411,18.39319,10.60371,10.50684,2.91198,2.813988,0.2020353,0.2029362
2000,3,4,19,2260.0,43357.72,13.66903,19.89242,10.67724,10.61427,2.990339,2.933067,0.1244548,0.1141504
2000,3,4,20,20257.0,59266.91,15.16844,26.82361,10.98981,10.83679,3.289282,3.1285,0.2936319,0.3091101
2000,3,4,21,93760.5,43126.71,13.74634,18.21533,10.6719,10.43628,2.902264,2.674648,0.4239836,0.409012
2000,3,4,22,3774.0,35202.82,13.77292,16.30776,10.46888,10.37907,2.791641,2.71328,0.1739651,0.1546376
2000,3,4,23,7103.0,32125.05,13.8067,14.90877,10.37739,10.22996,2.701949,2.547197,0.2639692,0.2762665
2000,3,4,24,5459.0,31244.3,13.16688,14.6239,10.34959,10.21926,2.682657,2.558372,0.2492419,0.2312965
2000,3,4,25,7761.0,32306.54,13.63007,15.02989,10.38303,10.30466,2.710041,2.621377,0.1547154,0.1794158
2000,3,4,26,6618.5,38313.78,12.80169,17.00112,10.55357,10.48151,2.833279,2.754934,0.1621567,0.1771759
2000,3,4,27,6003.0,38799.98,13.5927,17.63628,10.56618,10.44993,2.869958,2.75454,0.2117103,0.2241572
2000,3,4,28,24241.0,36844.09,12.96015,16.75185,10.51445,10.43236,2.818509,2.73866,0.1871573,0.1830484
2000,3,4,29,54485.5,30871.5,12.59932,13.96775,10.33759,10.18951,2.636751,2.495207,0.2624705,0.2504186
2000,3,4,30,21179.0,36986.66,13.92559,16.81779,10.51831,10.39333,2.822437,2.708028,0.2291941,0.2139557
2000,3,4,31,13331.5,33253.0,13.55316,15.18719,10.4119,10.29574,2.720453,2.60776,0.2032181,0.2067407
2000,3,4,32,8046.0,21742.01,11.95439,10.31924,9.987001,9.855224,2.33401,2.190941,0.2461967,0.2641629
2000,3,4,33,8815.0,48775.65,13.1468,19.5336,10.79499,10.66268,2.972136,2.813379,0.2432183,0.3078972
2000,3,4,34,46005.0,44762.42,13.38107,20.11507,10.70912,10.60852,3.001469,2.894454,0.2073688,0.21898
2000,3,4,35,35106.5,29844.28,12.81025,13.49116,10.30375,10.16629,2.602035,2.466756,0.2742035,0.2674093
2000,3,4,36,59340.0,22630.56,12.28606,10.22615,10.02706,9.899969,2.324948,2.20924,0.2474251,0.2239902
2000,3,4,37,22228.0,28142.77,12.86782,13.05685,10.24505,10.1044,2.569313,2.420329,0.2478349,0.2738439
2000,3,4,38,64764.0,25426.09,12.22676,11.77038,10.14353,9.997307,2.465587,2.323402,0.2718069,0.2630183
2000,3,4,39,21735.0,32183.6,13.65305,14.76523,10.37921,10.2061,2.692275,2.511871,0.3669794,0.3805987
2000,3,4,40,1152.5,25000.41,11.24512,10.9823,10.12665,9.805589,2.396285,2.057317,0.6767097,0.7211413
2000,3,4,41,5780.0,18484.31,11.1327,8.345133,9.824677,9.685615,2.121679,1.95904,0.2603446,0.3004378
2000,3,4,42,21109.5,23463.74,11.98944,10.79065,10.06321,9.878276,2.37868,2.195505,0.3218957,0.3309249
2000,3,4,43,3888.5,24918.43,11.5767,10.27079,10.12336,9.939189,2.329304,2.19764,0.320419,0.2627209
2000,3,4,44,55080.5,34829.75,12.34829,15.58143,10.45823,10.3191,2.746079,2.60526,0.2953439,0.3038804
2000,3,4,45,24162.5,39585.96,13.0256,17.87632,10.58623,10.47197,2.883477,2.770504,0.2518786,0.2499821
2000,3,4,46,20213.5,30819.28,12.34254,14.18432,10.3359,10.22361,2.652137,2.539074,0.2360377,0.2422066
2000,3,4,47,125674.0,32160.05,12.07889,14.60998,10.37848,10.21145,2.681705,2.519085,0.3282928,0.3222025
2000,3,4,48,1328.5,43679.86,12.21076,19.35873,10.68464,10.46005,2.963144,2.728656,0.3104173,0.3134554
2000,3,4,49,27257.5,38657.22,12.77597,16.77907,10.56249,10.42846,2.820132,2.682523,0.2639542,0.2661642
2000,3,4,50,8944.5,33671.09,12.36626,15.0838,10.42439,10.33023,2.713621,2.624272,0.1885054,0.1793345
2000,3,4,51,1334.0,30593.86,12.00675,13.09616,10.32855,10.08302,2.57232,2.389479,0.4851141,0.4334677
2000,3,4,52,1751.5,27278.08,11.84984,12.38038,10.21384,10.14085,2.516113,2.456181,0.1548864,0.1335255
2000,3,4,53,4850.5,30327.89,12.923,13.81377,10.31982,10.21805,2.625666,2.524659,0.2285161,0.2300679
2000,3,4,54,8461.5,28065.4,12.12267,12.93333,10.24229,10.1229,2.559808,2.445196,0.266318,0.248582
2000,3,4,55,8013.0,39177.72,12.59042,17.6037,10.57586,10.4646,2.868109,2.756292,0.2237407,0.2194225
2000,3,4,56,7150.0,31861.67,12.16671,14.00262,10.36916,10.25654,2.639244,2.53497,0.2121377,0.1995412
2000,3,4,57,2575.0,31494.21,11.79184,14.29025,10.35756,10.16106,2.659578,2.454829,0.2862552,0.2980395
2000,3,4,58,15464.0,30301.55,12.18359,13.79193,10.31895,10.2084,2.624083,2.511229,0.2144201,0.2179604
2000,3,4,59,6742.5,34180.66,12.63374,15.94083,10.43941,10.33047,2.768884,2.645119,0.2008555,0.2202032
2000,3,4,60,11158.5,24576.68,11.69691,11.4066,10.10955,9.994515,2.434192,2.320029,0.2253513,0.2262507
2000,3,4,61,59258.5,32639.58,12.16852,14.667,10.39328,10.26461,2.6856,2.564453,0.2594691,0.2449342
2000,3,4,62,39706.5,32608.14,12.13532,14.82472,10.39232,10.27171,2.696296,2.578779,0.2485475,0.2402954
2000,3,4,63,12004.5,34488.41,12.7483,15.57292,10.44838,10.32111,2.745534,2.618604,0.2585449,0.2560246
2000,3,4,64,167061.0,33754.66,12.37111,14.33716,10.42687,10.28491,2.662854,2.524509,0.2765594,0.2724836
2000,3,4,65,14944.5,37076.15,12.14922,16.03505,10.52073,10.39052,2.774777,2.647203,0.2703602,0.2723148
2000,3,4,66,73391.0,28767.78,12.17494,13.05603,10.26701,10.11535,2.56925,2.422847,0.2941435,0.2837973
2000,4,4,0,935639.0,,12.73063,,,,,,,
2000,4,4,1,115575.0,43581.53,14.79383,19.3246,10.68239,10.52258,2.961379,2.811826,0.3121243,0.3000196
2000,4,4,2,133768.5,38018.2,14.39406,17.66415,10.54582,10.44158,2.871537,2.770822,0.2065982,0.2031229
2000,4,4,3,262.0,42570.09,17.07634,20.11106,10.65891,10.58988,3.00127,2.94521,0.1466816,0.1168497
2000,4,4,4,4084.0,52759.77,15.34011,24.00945,10.8735,10.7626,3.178447,3.066393,0.2553203,0.2565168
2000,4,4,5,22853.5,46205.29,14.5726,21.50778,10.74085,10.6483,3.068415,2.976384,0.192122,0.1944846
2000,4,4,6,2549.0,46677.85,17.26677,21.35828,10.75103,10.68124,3.061439,2.99415,0.1572867,0.1473538
2000,4,4,7,7151.0,108011.1,18.73584,42.23868,11.58999,11.30308,3.743336,3.475747,0.5725662,0.5524904
2000,4,4,8,63890.5,45246.27,15.44112,21.44698,10.71988,10.60573,3.065584,2.949563,0.2424067,0.2487144
2000,4,4,9,9426.5,40143.14,15.47435,19.41214,10.60021,10.50412,2.965899,2.866031,0.1960334,0.2114713
2000,4,4,10,8543.5,42175.68,17.47024,18.9252,10.6496,10.50134,2.940494,2.81119,0.2924028,0.2603291
2000,4,4,11,127559.0,28605.74,15.56922,13.84457,10.26136,10.11222,2.627893,2.474636,0.309605,0.3144989
2000,4,4,12,2198.0,32524.03,17.24249,16.20259,10.38973,10.26773,2.785171,2.645519,0.2983541,0.3577447
2000,4,4,13,2705.5,49163.83,17.07965,22.77781,10.80291,10.68705,3.125787,3.016928,0.2492455,0.2412135
2000,4,4,14,34490.5,32333.47,15.4622,15.57714,10.38386,10.28647,2.745805,2.643551,0.1848905,0.1928178
2000,4,4,15,6896.5,67232.13,18.60944,28.64848,11.11591,10.93678,3.3551,3.18921,0.4026306,0.3938043
2000,4,4,16,10403.5,42908.95,15.2193,19.86756,10.66684,10.46564,2.989088,2.789106,0.3961992,0.3935508
2000,4,4,17,51730.5,31417.85,13.4904,14.89334,10.35513,10.23072,2.700914,2.579892,0.2186221,0.2148894
2000,4,4,18,5119.0,35240.61,13.64856,16.36256,10.46995,10.37414,2.794996,2.701394,0.1835656,0.1734505
2000,4,4,19,1655.0,35314.01,13.45076,16.13667,10.47204,10.38681,2.781095,2.699707,0.1735011,0.1736031
2000,4,4,20,22412.5,46171.43,14.82597,21.61522,10.74012,10.6419,3.073398,2.976196,0.2124577,0.2105544
2000,4,4,21,128450.5,28676.42,13.44618,13.27721,10.26383,10.03006,2.586049,2.373314,0.4113748,0.3722658
2000,4,4,22,100167.0,29341.71,13.34128,14.19693,10.28677,10.20522,2.653026,2.570959,0.1541717,0.1576179
2000,4,4,23,34565.0,25166.54,13.35044,12.02342,10.13327,10.02878,2.486856,2.37754,0.1784814,0.1887675
2000,4,4,24,19881.0,27041.73,13.39455,12.93382,10.20514,10.11482,2.559845,2.467532,0.1727475,0.1740149
2000,4,4,25,49357.0,28721.12,13.25549,13.59629,10.26539,10.17636,2.609797,2.520077,0.1631835,0.1665793
2000,4,4,26,8382.5,35716.73,13.24354,16.7411,10.48337,10.41504,2.817867,2.75147,0.1387076,0.1323942
2000,4,4,27,12406.0,28127.12,13.37103,13.49221,10.24449,10.14399,2.602113,2.50272,0.2089794,0.2107096
2000,4,4,28,21714.0,33861.43,13.02874,15.85604,10.43003,10.35327,2.763551,2.692996,0.1610195,0.1461356
2000,4,4,29,34989.0,27018.63,12.85884,12.7854,10.20428,10.05344,2.548304,2.401553,0.2726032,0.2617283
2000,4,4,30,87328.0,30306.36,13.59828,14.36705,10.31911,10.22371,2.664938,2.571379,0.1742831,0.172496
2000,4,4,31,84999.5,26581.04,13.30585,12.77731,10.18795,10.10728,2.547671,2.467549,0.1579837,0.1576927
2000,4,4,32,42094.0,16543.23,11.87535,8.216783,9.713732,9.560919,2.106179,1.94592,0.2453615,0.2444451
2000,4,4,33,543.0,41944.11,13.58379,17.34074,10.64409,10.56316,2.853059,2.770308,0.1844298,0.1830623
2000,4,4,34,25316.0,37978.46,13.40883,17.59755,10.54478,10.44392,2.86776,2.763519,0.2234285,0.2338666
2000,4,4,35,16219.0,26253.8,13.15081,12.40754,10.17557,10.01032,2.518304,2.350915,0.3222787,0.3210425
2000,4,4,36,76259.0,17621.69,12.55268,8.499235,9.776886,9.626642,2.139976,1.994154,0.2587753,0.2479777
2000,4,4,37,145404.0,22972.87,12.66226,10.89988,10.04207,9.886297,2.388752,2.233,0.2534886,0.2517931
2000,4,4,38,29214.0,19085.74,12.50873,9.182409,9.856697,9.703957,2.21729,2.062798,0.2607923,0.2583811
2000,4,4,39,72222.5,24153.33,13.44035,11.02377,10.09218,9.877216,2.400054,2.179771,0.4595845,0.47364
2000,4,4,40,95.0,15100.0,12.36842,6.123482,9.62245,9.341522,1.812131,1.615474,0.6307303,0.4295236
2000,4,4,41,1511.0,18362.47,11.53739,8.866347,9.818064,9.69123,2.182263,2.050239,0.2493963,0.257096
2000,4,4,42,2355.0,21069.03,11.96433,9.840574,9.95556,9.827732,2.286514,2.166657,0.288814,0.2641319
2000,4,4,43,407.0,18444.57,11.76658,8.43658,9.822525,9.753609,2.132577,2.075082,0.152088,0.1257534
2000,4,4,44,4301.5,35657.05,12.94967,16.36918,10.4817,10.34133,2.7954,2.654307,0.2918455,0.2968742
2000,4,4,45,4161.0,44588.45,13.35761,20.94134,10.70523,10.58395,3.041725,2.918912,0.2103453,0.2116084
2000,4,4,46,1852.0,33123.91,12.55292,15.64312,10.40801,10.28065,2.750031,2.6182,0.267147,0.2772515
2000,4,4,47,5899.5,32668.96,12.27596,15.30573,10.39418,10.1688,2.728228,2.491561,0.3926562,0.4232345
2000,4,4,48,136.0,33646.67,12.94853,16.17628,10.42367,10.3997,2.783546,2.759581,0.0622359,0.062236
2000,4,4,49,10853.5,31194.45,12.79707,14.07313,10.348,10.20554,2.644267,2.505336,0.2515861,0.2424132
2000,4,4,50,1312.0,28467.85,12.18826,12.6827,10.25653,10.09088,2.540239,2.392112,0.3447335,0.3084771
2000,4,4,51,382.0,18372.58,11.94764,8.836591,9.818614,9.738058,2.178901,2.094912,0.1738612,0.180034
2000,4,4,52,1743.5,21427.07,12.73416,10.29215,9.97241,9.846375,2.331381,2.211724,0.247772,0.2259691
2000,4,4,53,8020.0,28333.82,13.398,13.49991,10.25181,10.11321,2.602683,2.456872,0.2434103,0.2456692
2000,4,4,54,7332.0,20598.65,12.04023,9.890766,9.932981,9.815782,2.291602,2.177663,0.1853597,0.1795172
2000,4,4,55,1002.5,33149.89,12.85187,15.4384,10.40879,10.26024,2.736858,2.595162,0.3190488,0.3026184
2000,4,4,56,2086.5,23831.02,12.02588,10.67398,10.07874,9.923275,2.367809,2.230278,0.2875761,0.2821404
2000,4,4,57,1144.0,23512.16,11.9965,10.98813,10.06527,9.917915,2.396816,2.253345,0.3057197,0.2985309
2000,4,4,58,9370.0,25845.15,12.03906,11.92475,10.15988,10.04352,2.478616,2.362,0.2073356,0.2039771
2000,4,4,59,2710.0,24512.02,12.57417,11.61993,10.10692,9.969331,2.452721,2.30549,0.2210347,0.2212857
2000,4,4,60,30392.0,19740.92,11.90721,9.452369,9.890449,9.757215,2.246265,2.119562,0.2170523,0.205852
2000,4,4,61,37713.0,23262.19,12.1565,10.89767,10.05458,9.923946,2.388549,2.263217,0.2292285,0.2201736
2000,4,4,62,30824.0,25795.27,12.16825,12.00166,10.15795,10.01961,2.485045,2.351685,0.2748042,0.260608
2000,4,4,63,17572.0,25775.2,12.51798,12.02751,10.15717,10.01976,2.487197,2.351581,0.2482655,0.24017
2000,4,4,64,28105.0,27450.25,13.02886,12.5894,10.22013,10.06562,2.532856,2.387191,0.2898642,0.2739283
2000,4,4,65,1627.0,37236.48,12.77259,16.60611,10.52504,10.41139,2.809771,2.690751,0.28767,0.2966264
2000,4,4,66,26270.5,25601.5,12.35839,12.24976,10.15041,9.944619,2.505506,2.291094,0.3347706,0.3263289
2000,0,5,0,8340074.0,,12.41773,,,,,,,
2000,0,5,1,2837520.0,80307.72,15.13666,,11.29362,11.00173,,,0.5578113,
2000,0,5,2,1576146.0,57088.32,14.66624,,10.95235,10.71091,,,0.4247811,
2000,0,5,3,44498.5,77408.54,16.67615,,11.25685,11.00573,,,0.5249982,
2000,0,5,4,358652.0,72470.72,15.72047,,11.19094,11.07469,,,0.2299228,
2000,0,5,5,329401.0,62753.49,15.03622,,11.04697,10.90632,,,0.2753233,
2000,0,5,6,113265.5,68815.2,17.46264,,11.13918,10.98951,,,0.2856635,
2000,0,5,7,244730.0,177025.0,18.89094,,12.08405,11.8009,,,0.7198021,
2000,0,5,8,627024.0,49037.68,15.43762,,10.80034,10.70199,,,0.1910212,
2000,0,5,9,114020.5,51006.13,16.47015,,10.8397,10.67342,,,0.2994251,
2000,0,5,10,252049.5,61086.08,18.14859,,11.02004,10.86333,,,0.3094892,
2000,0,5,11,1698766.0,40467.99,16.81037,,10.60827,10.47823,,,0.2908188,
2000,0,5,12,75253.0,40992.28,17.54766,,10.62114,10.52062,,,0.2093208,
2000,0,5,13,89664.5,69337.01,18.17482,,11.14673,10.93503,,,0.4395514,
2000,0,5,14,307275.0,36225.23,16.27715,,10.49751,10.38161,,,0.2422183,
2000,0,5,15,253691.0,133494.7,18.7988,,11.80182,11.48528,,,0.719347,
2000,0,5,16,386560.0,52046.05,15.0235,,10.85988,10.54195,,,0.6792359,
2000,0,5,17,323986.0,36823.73,13.86958,,10.5139,10.39088,,,0.2211549,
2000,0,5,18,180779.5,45749.35,13.5197,,10.73093,10.63687,,,0.195926,
2000,0,5,19,30525.5,44906.45,13.46872,,10.71234,10.60768,,,0.1999479,
2000,0,5,20,378847.0,66048.03,15.04844,,11.09814,10.91695,,,0.3526025,
2000,0,5,21,2376233.0,54639.44,13.68737,,10.90851,10.54206,,,0.6846851,
2000,0,5,22,912836.0,29731.51,12.99223,,10.29996,10.19814,,,0.1926916,
2000,0,5,23,251022.0,27838.54,13.07072,,10.23418,10.07262,,,0.2673433,
2000,0,5,24,131190.0,28716.66,13.2027,,10.26523,10.12611,,,0.2411192,
2000,0,5,25,465278.0,29938.21,12.90132,,10.30689,10.18804,,,0.2176622,
2000,0,5,26,40391.5,38806.32,12.99951,,10.56634,10.48311,,,0.169036,
2000,0,5,27,82761.0,35624.21,13.06616,,10.48078,10.34461,,,0.2486714,
2000,0,5,28,210382.5,38541.22,12.99818,,10.55948,10.47551,,,0.1774788,
2000,0,5,29,479639.5,36263.57,12.75023,,10.49857,10.34102,,,0.293921,
2000,0,5,30,472503.5,36253.46,13.36497,,10.49829,10.36072,,,0.249019,
2000,0,5,31,515308.0,30184.25,13.05811,,10.31508,10.18123,,,0.2385842,
2000,0,5,32,154762.5,18292.16,11.0716,,9.814228,9.620077,,,0.3246267,
2000,0,5,33,70922.0,56085.83,13.47844,,10.93464,10.85051,,,0.1747207,
2000,0,5,34,261458.0,49658.6,13.86518,,10.81293,10.69911,,,0.2366082,
2000,0,5,35,143346.0,35875.86,13.01973,,10.48782,10.29251,,,0.3695492,
2000,0,5,36,477384.0,22209.34,11.93278,,10.00827,9.795655,,,0.3498228,
2000,0,5,37,411284.5,24490.24,12.39425,,10.10603,9.944967,,,0.2750441,
2000,0,5,38,384433.5,28253.37,11.82324,,10.24897,10.07606,,,0.3193468,
2000,0,5,39,451896.5,27325.0,12.97414,,10.21556,9.946384,,,0.5642785,
2000,0,5,40,155733.5,41948.52,13.13489,,10.6442,10.16986,,,0.98678,
2000,0,5,41,65995.0,25840.13,10.86228,,10.15968,9.902464,,,0.4457951,
2000,0,5,42,142986.5,30863.33,12.20166,,10.33732,10.10789,,,0.4546127,
2000,0,5,43,36197.5,36186.19,11.82549,,10.49643,10.23043,,,0.499924,
2000,0,5,44,577079.5,42626.99,12.27787,,10.66024,10.52318,,,0.2963896,
2000,0,5,45,220845.5,46760.63,12.87695,,10.7528,10.63478,,,0.2561139,
2000,0,5,46,212937.0,41194.9,12.51181,,10.62607,10.48353,,,0.3079316,
2000,0,5,47,1149279.0,43040.07,12.23942,,10.66989,10.48648,,,0.372045,
2000,0,5,48,22221.0,43790.02,12.00058,,10.68716,10.59791,,,0.1982794,
2000,0,5,49,308909.0,49097.3,12.82324,,10.80156,10.65877,,,0.2815907,
2000,0,5,50,154831.5,42843.62,12.36763,,10.66531,10.55934,,,0.2180288,
2000,0,5,51,20243.5,34426.38,12.68501,,10.44658,10.21202,,,0.4611441,
2000,0,5,52,31716.5,27399.31,11.97129,,10.21827,9.922729,,,0.5543753,
2000,0,5,53,80712.5,32342.34,12.94339,,10.38413,10.20762,,,0.2953206,
2000,0,5,54,71630.5,29447.09,11.87319,,10.29035,10.14974,,,0.2901877,
2000,0,5,55,71542.5,47567.71,12.7317,,10.76991,10.6739,,,0.1966692,
2000,0,5,56,53395.5,35834.8,11.77477,,10.48668,10.36272,,,0.2429846,
2000,0,5,57,24698.0,37533.66,11.86975,,10.53299,10.39232,,,0.2689889,
2000,0,5,58,134207.5,34000.38,11.79214,,10.43413,10.30372,,,0.2713383,
2000,0,5,59,62866.5,36095.43,12.50591,,10.49392,10.36932,,,0.2434802,
2000,0,5,60,142634.0,22772.94,11.2343,,10.03333,9.870692,,,0.2881351,
2000,0,5,61,402614.5,34924.56,11.84014,,10.46095,10.30911,,,0.3013505,
2000,0,5,62,369154.0,34421.73,11.87391,,10.44644,10.3014,,,0.2922713,
2000,0,5,63,185999.5,37878.64,12.58202,,10.54214,10.40361,,,0.281205,
2000,0,5,64,908421.0,38253.4,12.10769,,10.55199,10.39241,,,0.3119333,
2000,0,5,65,159296.0,46073.02,12.07743,,10.73798,10.60714,,,0.272691,
2000,0,5,66,344523.5,31522.23,11.74926,,10.35845,10.19383,,,0.3191837,
2000,1,5,0,2200805.0,,12.89555,,,,,,,
2000,1,5,1,1742056.0,94873.11,15.36846,37.50566,11.4603,11.17516,3.624492,3.348178,0.5596712,0.5521038
2000,1,5,2,657495.0,75728.79,15.64336,31.5416,11.23491,10.98083,3.451307,3.218784,0.4707178,0.4423409
2000,1,5,3,37347.5,81933.2,16.74739,33.10365,11.31366,11.0675,3.499644,3.268151,0.504409,0.4944351
2000,1,5,4,324037.0,74181.63,15.81784,31.87712,11.21427,11.10028,3.461888,3.351129,0.223882,0.2245567
2000,1,5,5,194973.5,69087.69,15.4149,30.05475,11.14313,10.99537,3.403021,3.264525,0.290574,0.2809972
2000,1,5,6,83844.5,73289.5,17.57735,31.50135,11.20217,11.04922,3.45003,3.307564,0.289404,0.2806261
2000,1,5,7,195273.0,188196.2,19.11092,72.8811,12.14524,11.88356,4.288829,4.026637,0.6736985,0.6597797
2000,1,5,8,67448.5,70717.36,16.44409,31.16077,11.16645,11.00386,3.43916,3.288644,0.2992496,0.2873325
2000,1,5,9,28851.0,65234.67,16.50109,28.4569,11.08575,10.87376,3.348391,3.157187,0.3536057,0.3220215
2000,1,5,10,124305.0,69479.93,18.63528,28.66104,11.14879,10.98427,3.355539,3.202902,0.3209776,0.3044106
2000,1,5,11,354296.0,49078.8,17.64067,21.99775,10.80118,10.69396,3.09094,2.974856,0.2258741,0.2448742
2000,1,5,12,12992.0,48041.06,18.09059,21.88315,10.77981,10.67477,3.085717,2.993554,0.1958126,0.1847866
2000,1,5,13,43544.0,81745.8,18.37826,34.67525,11.31137,11.09863,3.546026,3.353825,0.4452644,0.4201335
2000,1,5,14,124657.0,38967.96,17.04906,15.8861,10.5705,10.44416,2.765445,2.618883,0.2640243,0.3140118
2000,1,5,15,190585.0,145095.6,19.00106,57.14639,11.88515,11.58253,4.045616,3.755913,0.7084602,0.6793998
2000,1,5,16,198041.0,59549.91,15.56898,25.22249,10.99457,10.70168,3.227736,2.943134,0.6177341,0.6158162
2000,1,5,17,53739.0,51203.66,14.82417,22.53873,10.84357,10.67921,3.115235,2.961687,0.2799631,0.2720434
2000,1,5,18,138401.5,47819.79,13.59024,21.40354,10.7752,10.68893,3.063556,2.979674,0.1762415,0.1754497
2000,1,5,19,16957.5,49840.95,13.73947,22.00908,10.81659,10.70407,3.091455,2.986967,0.2142599,0.2124097
2000,1,5,20,226706.0,77240.53,15.66506,33.71998,11.25468,11.0821,3.51809,3.347059,0.3433518,0.3445311
2000,1,5,21,1317832.0,67241.45,14.26118,27.27391,11.11604,10.7871,3.305931,2.978943,0.6256552,0.6221119
2000,1,5,22,21407.5,47208.66,14.64258,20.59396,10.76233,10.54273,3.024998,2.830197,0.4062952,0.3680413
2000,1,5,23,27734.0,46533.82,14.7511,20.22904,10.74793,10.48421,3.007119,2.777583,0.4550723,0.4083188
2000,1,5,24,18902.5,39282.8,14.16527,17.6539,10.57854,10.3989,2.870957,2.70657,0.2857323,0.2687368
2000,1,5,25,34828.5,43253.42,14.33254,19.20811,10.67483,10.49106,2.955333,2.786923,0.3186446,0.3013957
2000,1,5,26,16406.0,41137.34,13.40272,18.69479,10.62467,10.57472,2.928245,2.88213,0.1063142,0.1029854
2000,1,5,27,25281.0,46847.3,13.9197,21.28082,10.75465,10.61957,3.057806,2.925637,0.2478615,0.2498354
2000,1,5,28,121357.5,40797.83,13.307,18.36626,10.61638,10.54296,2.910516,2.837942,0.1536501,0.1502967
2000,1,5,29,254594.0,41646.97,13.07368,18.0856,10.63698,10.48461,2.895116,2.755908,0.2843199,0.2587686
2000,1,5,30,110634.5,49713.57,14.45436,21.6948,10.81403,10.65425,3.077073,2.92789,0.3010315,0.2848315
2000,1,5,31,63895.5,46791.28,14.29993,20.86267,10.75345,10.56432,3.037961,2.864793,0.3488827,0.3263941
2000,1,5,32,12146.5,23492.63,11.69045,10.97967,10.06444,9.916536,2.396045,2.253301,0.2653661,0.2639803
2000,1,5,33,63452.0,56392.78,13.52602,22.01426,10.9401,10.85983,3.09169,2.999245,0.168038,0.1970968
2000,1,5,34,192355.5,51932.04,13.9858,23.09797,10.85769,10.75127,3.139745,3.035429,0.2222033,0.2207782
2000,1,5,35,83164.0,37937.66,13.52009,16.83229,10.5437,10.3519,2.823299,2.642345,0.37355,0.3571655
2000,1,5,36,114575.0,30139.19,12.67614,12.81052,10.31358,10.07446,2.550267,2.331932,0.4147267,0.3837014
2000,1,5,37,30101.5,37921.38,14.0282,16.84718,10.54327,10.27733,2.824183,2.575458,0.4250012,0.4145003
2000,1,5,38,228812.5,31081.07,12.32435,14.10158,10.34435,10.18777,2.646287,2.499985,0.2988256,0.2805672
2000,1,5,39,87237.5,40256.13,14.10373,17.68872,10.60302,10.40731,2.872927,2.687414,0.4022148,0.3967828
2000,1,5,40,133794.0,43773.84,13.31504,15.48416,10.68679,10.23562,2.739817,2.25181,0.9226308,0.9996781
2000,1,5,41,43972.5,27775.81,10.88071,11.00423,10.23192,9.971634,2.39828,2.122108,0.4388691,0.4682656
2000,1,5,42,103344.0,32856.92,12.49783,14.47564,10.39992,10.17757,2.672467,2.462065,0.4450234,0.4252893
2000,1,5,43,30771.0,38127.64,11.9753,15.64174,10.54869,10.28472,2.749943,2.481875,0.4981054,0.5134607
2000,1,5,44,513090.5,42828.38,12.33105,18.40096,10.66496,10.53005,2.912403,2.779242,0.2926633,0.2989027
2000,1,5,45,183496.5,47342.96,12.93488,20.81785,10.76517,10.64473,3.035811,2.922773,0.2611047,0.2539577
2000,1,5,46,185016.5,41983.12,12.63494,18.44564,10.64502,10.5089,2.914828,2.785625,0.296663,0.290845
2000,1,5,47,1027690.0,43864.55,12.39913,19.32626,10.68886,10.50964,2.961465,2.787192,0.3633012,0.3615326
2000,1,5,48,20284.0,44590.4,12.08529,18.41742,10.70527,10.62198,2.913297,2.827104,0.1828333,0.1890824
2000,1,5,49,225327.5,53029.4,12.90793,22.20871,10.8786,10.75142,3.100484,2.976577,0.2458156,0.2421773
2000,1,5,50,137051.0,43521.48,12.42247,18.77308,10.68101,10.58312,2.932424,2.843785,0.2019908,0.1874247
2000,1,5,51,17296.0,35452.89,12.99376,15.23858,10.47596,10.25812,2.72383,2.502484,0.4435939,0.463935
2000,1,5,52,12347.5,32967.93,11.96526,14.24715,10.40329,10.12759,2.656557,2.382555,0.5087686,0.535386
2000,1,5,53,26821.0,43573.32,13.40528,19.03977,10.6822,10.47201,2.94653,2.74087,0.3567026,0.3601558
2000,1,5,54,39692.0,34593.17,12.10476,15.0946,10.45141,10.34198,2.714337,2.609872,0.2252549,0.22167
2000,1,5,55,62193.0,48094.49,12.79179,21.65345,10.78092,10.68633,3.075165,2.983338,0.1920338,0.1884447
2000,1,5,56,37076.0,38695.08,11.89848,16.78199,10.56347,10.45138,2.820307,2.719764,0.2201122,0.1994662
2000,1,5,57,17733.5,40089.62,11.90887,17.29262,10.59887,10.47788,2.85028,2.739797,0.2399046,0.2272066
2000,1,5,58,83909.5,37229.89,11.93891,16.21271,10.52487,10.40017,2.785795,2.673676,0.2710429,0.2507002
2000,1,5,59,42151.0,39563.55,12.68001,17.92151,10.58566,10.47613,2.886002,2.781552,0.2114137,0.2111411
2000,1,5,60,27643.0,31154.33,11.59813,14.11903,10.34671,10.17358,2.647524,2.477085,0.3401912,0.3219351
2000,1,5,61,223178.0,39394.43,12.01085,17.47981,10.58138,10.45325,2.861047,2.740312,0.2638437,0.2502957
2000,1,5,62,205065.0,38728.11,12.01437,17.14134,10.56432,10.43653,2.841493,2.721026,0.2654193,0.2523938
2000,1,5,63,96320.5,44857.52,13.00148,19.67612,10.71125,10.60484,2.979406,2.878136,0.2176236,0.2092325
2000,1,5,64,680135.0,39624.71,12.25182,15.93733,10.58721,10.43548,2.768664,2.620624,0.2955853,0.2930387
2000,1,5,65,141230.5,46820.73,12.14093,19.33389,10.75408,10.62501,2.961859,2.841237,0.2677909,0.2557869
2000,1,5,66,203666.0,34317.79,12.07927,15.43756,10.44342,10.29688,2.736804,2.595471,0.295112,0.2831794
2000,2,5,0,4757061.0,,14.36745,,,,,,,
2000,2,5,1,925967.5,55605.27,15.10785,23.67616,10.92603,10.70236,3.164469,2.959153,0.4246673,0.3974286
2000,2,5,2,777316.0,42878.97,14.40197,19.32761,10.66614,10.49581,2.961535,2.807715,0.3026824,0.2793282
2000,2,5,3,5849.0,50333.7,17.72218,23.04965,10.82643,10.61118,3.13765,2.932557,0.5519012,0.5245461
2000,2,5,4,21829.0,53911.71,15.2958,24.25716,10.8951,10.78838,3.188712,3.084685,0.2112566,0.2078365
2000,2,5,5,105970.5,53384.07,14.98944,24.28275,10.88527,10.77147,3.189766,3.083205,0.2245938,0.2111697
2000,2,5,6,25366.0,55550.18,18.08685,24.92889,10.92504,10.81147,3.216027,3.111171,0.2303976,0.2211952
2000,2,5,7,39072.0,122952.0,19.93548,49.00906,11.71955,11.39881,3.892005,3.589514,0.7445701,0.6916773
2000,2,5,8,502695.5,45884.28,16.51505,21.7949,10.73388,10.65939,3.081676,3.009532,0.1556913,0.1528993
2000,2,5,9,77010.0,44605.54,18.13937,21.24655,10.70561,10.58657,3.056195,2.942346,0.2465719,0.2417898
2000,2,5,10,112576.5,50632.97,19.42456,21.88006,10.83236,10.70844,3.085576,2.97284,0.2623338,0.2409185
2000,2,5,11,1181928.0,37530.65,17.56349,17.40439,10.53291,10.4065,2.856723,2.72928,0.2890612,0.2810272
2000,2,5,12,58410.0,39026.24,18.45513,18.68298,10.57199,10.47737,2.927613,2.838968,0.2025878,0.1912697
2000,2,5,13,42881.5,55290.55,19.90462,25.54548,10.92036,10.74677,3.24046,3.07619,0.3779278,0.3655955
2000,2,5,14,138858.0,33688.52,16.96489,15.76809,10.42491,10.32027,2.757988,2.652839,0.2223839,0.2237054
2000,2,5,15,53533.0,97220.59,19.25579,40.79655,11.48474,11.17481,3.708598,3.414965,0.650511,0.630978
2000,2,5,16,171882.0,42469.69,16.28973,19.07866,10.65655,10.33089,2.948571,2.641599,0.6988585,0.6764813
2000,2,5,17,223565.5,33562.93,14.76007,16.19788,10.42118,10.33409,2.78488,2.698684,0.1740785,0.1742748
2000,2,5,18,30176.0,36268.85,13.92941,16.9269,10.49871,10.39837,2.828904,2.732565,0.2199733,0.2130609
2000,2,5,19,9493.0,36493.05,13.4871,16.72077,10.50488,10.43791,2.816652,2.750747,0.1340137,0.130267
2000,2,5,20,130993.0,47982.48,14.83102,22.19932,10.77859,10.64515,3.100062,2.973726,0.2604263,0.2493135
2000,2,5,21,929331.5,36839.04,14.07373,16.2763,10.51431,10.19044,2.78971,2.501737,0.5714403,0.5140375
2000,2,5,22,818481.5,29123.37,13.57467,13.99308,10.2793,10.18294,2.638563,2.546675,0.185394,0.1770737
2000,2,5,23,196802.0,24730.19,14.02831,11.89888,10.11578,10.00076,2.476444,2.370859,0.2112545,0.1966929
2000,2,5,24,94530.0,26166.75,14.27756,12.57259,10.17225,10.0574,2.531519,2.427421,0.2136072,0.196652
2000,2,5,25,397033.5,28630.71,13.57338,13.65086,10.26223,10.15442,2.613803,2.508805,0.2034384,0.1985267
2000,2,5,26,13690.5,34057.35,13.1974,16.08455,10.4358,10.33394,2.777859,2.687931,0.2176572,0.1882225
2000,2,5,27,42301.0,29549.81,13.19331,14.00596,10.29383,10.18251,2.639483,2.534382,0.1989436,0.194929
2000,2,5,28,55362.5,33441.2,13.25193,15.64532,10.41754,10.32415,2.750172,2.660937,0.2021501,0.1901481
2000,2,5,29,169286.0,28676.1,12.95007,13.24015,10.26382,10.13843,2.583254,2.471208,0.2386564,0.2148627
2000,2,5,30,299415.0,31519.63,13.43588,14.80649,10.35837,10.25204,2.695065,2.59736,0.1951009,0.1793298
2000,2,5,31,382111.5,27103.85,13.71041,12.97606,10.20743,10.10515,2.563106,2.467775,0.1922541,0.1806963
2000,2,5,32,98621.5,17379.72,12.51714,8.638529,9.76306,9.560007,2.156232,1.958826,0.3356334,0.3342624
2000,2,5,33,1210.5,43092.84,13.9273,18.81518,10.67111,10.57896,2.934664,2.820463,0.2127699,0.2839239
2000,2,5,34,34081.0,39853.96,13.83049,18.39502,10.59298,10.48687,2.91208,2.810682,0.2191924,0.2112102
2000,2,5,35,25266.5,33486.07,13.9605,15.33766,10.41888,10.2162,2.730311,2.540306,0.3693754,0.3478766
2000,2,5,36,286852.5,18511.85,13.2495,8.910827,9.826166,9.663894,2.187267,2.040793,0.2732468,0.2529168
2000,2,5,37,268172.5,22719.21,13.45174,10.87521,10.03097,9.90158,2.386486,2.261463,0.2411393,0.2361852
2000,2,5,38,77334.5,21141.2,12.554,10.08427,9.958979,9.813489,2.310977,2.171011,0.265122,0.253288
2000,2,5,39,299895.5,22623.96,14.16676,10.52233,10.02676,9.776861,2.3535,2.102087,0.5315117,0.546994
2000,2,5,40,20231.0,29163.34,14.17513,12.12756,10.28067,9.698593,2.495481,1.845984,1.225796,1.310172
2000,2,5,41,15964.5,21444.83,12.70513,9.130173,9.973239,9.722389,2.211585,1.990897,0.4911835,0.4649417
2000,2,5,42,22047.0,25251.05,13.83331,11.44083,10.13662,9.901531,2.437189,2.19824,0.4358473,0.4404234
2000,2,5,43,2484.5,26710.46,13.0489,11.94309,10.19281,9.946321,2.480153,2.215578,0.5179704,0.5789796
2000,2,5,44,14588.0,44019.59,12.89649,19.49526,10.69239,10.51727,2.970171,2.793788,0.3917136,0.3888743
2000,2,5,45,16801.5,42831.61,13.13091,19.79056,10.66503,10.57354,2.985205,2.895715,0.2060136,0.2005429
2000,2,5,46,9046.0,31058.31,13.43621,14.13181,10.34362,10.16004,2.648428,2.481192,0.4029768,0.3809658
2000,2,5,47,28877.5,34938.39,13.13975,15.95562,10.46134,10.22582,2.769811,2.536433,0.4553463,0.4622356
2000,2,5,48,495.0,31285.92,11.68081,14.85065,10.35092,10.20899,2.698044,2.533183,0.3287861,0.3953117
2000,2,5,49,52982.5,35330.48,12.74932,15.4936,10.4725,10.32819,2.740427,2.605036,0.2769418,0.2649719
2000,2,5,50,7692.5,29528.73,12.30172,13.52199,10.29312,10.17323,2.604317,2.491103,0.2461742,0.2344353
2000,2,5,51,1799.5,28459.23,13.09808,13.75461,10.25623,9.842768,2.621374,2.149371,0.605462,0.6238993
2000,2,5,52,16417.0,20391.63,13.16087,9.471816,9.922879,9.687007,2.248321,2.022235,0.5028626,0.4945556
2000,2,5,53,46382.5,25272.81,13.66677,12.15603,10.13748,10.03675,2.497825,2.406031,0.1953011,0.1780919
2000,2,5,54,21907.0,20686.71,12.59004,9.785347,9.937247,9.809424,2.280886,2.163753,0.2512042,0.2351751
2000,2,5,55,2756.0,42999.02,12.80152,19.863,10.66893,10.55143,2.988859,2.869302,0.2339104,0.2445846
2000,2,5,56,10533.5,24845.25,11.77396,11.45659,10.12042,10.04532,2.438565,2.365255,0.146915,0.1423175
2000,2,5,57,3849.5,25984.27,11.78621,11.7984,10.16525,10.05413,2.467964,2.375517,0.2074182,0.1774361
2000,2,5,58,31920.0,25721.06,11.63631,11.71259,10.15507,10.06254,2.460664,2.374128,0.1787374,0.1668214
2000,2,5,59,14854.5,26499.23,12.9519,12.48573,10.18487,10.07774,2.524587,2.42289,0.2069552,0.1990479
2000,2,5,60,79968.5,19208.07,11.59862,9.135314,9.863086,9.744972,2.212147,2.101615,0.2191934,0.2091026
2000,2,5,61,110056.5,25844.01,11.84034,11.95373,10.15983,10.02773,2.481043,2.358776,0.2486531,0.2324118
2000,2,5,62,112982.5,25727.16,11.90983,11.9014,10.1553,10.03307,2.476656,2.364116,0.2341665,0.2155639
2000,2,5,63,64296.5,27981.04,12.37616,12.81532,10.23928,10.12484,2.550642,2.442992,0.2216025,0.2061572
2000,2,5,64,87473.5,27104.34,13.52739,12.13567,10.20745,10.04768,2.496149,2.349457,0.316521,0.2952884
2000,2,5,65,2902.5,35961.69,12.71559,16.2834,10.49021,10.32204,2.790146,2.622899,0.3476151,0.3410335
2000,2,5,66,76205.5,22858.97,12.01203,10.86863,10.0371,9.907198,2.385881,2.262742,0.2418631,0.2282634
2000,3,5,0,611375.5,,11.88402,,,,,,,
2000,3,5,1,75686.0,67497.15,15.28815,27.98327,11.11984,10.88379,3.331607,3.111202,0.4623577,0.4430826
2000,3,5,2,48649.0,50546.79,15.02835,22.5097,10.83066,10.68118,3.113946,2.967358,0.3067958,0.3042467
2000,3,5,3,992.0,54593.4,16.6371,23.63813,10.90767,10.78804,3.162861,3.034109,0.2831306,0.2994922
2000,3,5,4,11078.5,60800.07,15.76242,27.19617,11.01535,10.91686,3.303076,3.204617,0.2340009,0.2428497
2000,3,5,5,13631.0,57191.46,14.79451,25.82796,10.95416,10.84449,3.251458,3.13939,0.2617624,0.2792944
2000,3,5,6,2758.5,54400.2,16.82509,24.81175,10.90412,10.80097,3.211317,3.111931,0.2574207,0.2484917
2000,3,5,7,7654.5,163171.9,19.01378,61.619,12.00256,11.71099,4.12097,3.847311,0.7182355,0.6760731
2000,3,5,8,4788.5,61008.66,15.89454,27.56461,11.01877,10.86798,3.316533,3.162349,0.2810003,0.2991923
2000,3,5,9,2697.5,52549.68,14.995,24.94423,10.86951,10.71027,3.216643,3.04726,0.2830096,0.2970234
2000,3,5,10,6300.0,55703.8,18.56571,24.46682,10.9278,10.81933,3.197318,3.096209,0.2307159,0.2202199
2000,3,5,11,34216.5,40734.88,16.44756,18.89042,10.61484,10.50204,2.938655,2.824167,0.2337697,0.2372822
2000,3,5,12,615.0,46200.95,16.04228,21.72579,10.74076,10.65401,3.0785,2.990887,0.1709498,0.1699987
2000,3,5,13,1642.0,57648.2,18.18514,25.72271,10.96211,10.82178,3.247374,3.127084,0.2536721,0.2315089
2000,3,5,14,16299.5,37011.24,15.94184,16.21121,10.51898,10.39531,2.785703,2.655437,0.2604588,0.2744212
2000,3,5,15,5239.0,108553.1,18.89884,42.65214,11.59499,11.28861,3.753078,3.467767,0.616453,0.5981693
2000,3,5,16,10474.0,51827.75,15.00353,22.97898,10.85568,10.60627,3.13458,2.898663,0.4988452,0.4979843
2000,3,5,17,7189.0,43877.55,13.93351,20.44592,10.68916,10.49725,3.017783,2.820669,0.3162052,0.3142217
2000,3,5,18,8911.5,46559.7,13.42557,21.11436,10.74849,10.65497,3.049953,2.965765,0.1792718,0.1714594
2000,3,5,19,2631.0,45748.2,13.46598,20.61229,10.73091,10.64717,3.025887,2.943847,0.1844164,0.1746365
2000,3,5,20,9480.5,62267.13,15.08918,27.87362,11.03919,10.89604,3.327681,3.181884,0.275531,0.2903681
2000,3,5,21,58387.5,44536.48,13.98255,18.74711,10.70406,10.44452,2.93104,2.681277,0.4858387,0.4647188
2000,3,5,22,1763.0,33189.5,14.46739,15.48847,10.40999,10.33407,2.740096,2.666529,0.1492311,0.1492173
2000,3,5,23,4196.5,40907.54,14.38985,19.56835,10.61907,10.36791,2.973913,2.708517,0.3281774,0.3465716
2000,3,5,24,4416.5,30467.27,13.34224,14.35172,10.32441,10.21077,2.66387,2.554367,0.220501,0.2137931
2000,3,5,25,3677.5,36712.72,13.75581,17.06644,10.51088,10.41399,2.837114,2.75008,0.2022999,0.187315
2000,3,5,26,4410.0,42874.27,13.21587,19.45001,10.66603,10.58484,2.967848,2.888631,0.1435912,0.1333658
2000,3,5,27,4427.5,38449.58,13.19097,17.82946,10.5571,10.49205,2.880852,2.806495,0.1288638,0.1519439
2000,3,5,28,20085.5,39353.27,13.08526,18.05097,10.58033,10.50055,2.893199,2.812794,0.1514842,0.1526621
2000,3,5,29,33765.0,34256.25,12.64386,15.54264,10.44162,10.30315,2.743587,2.611332,0.275577,0.2648064
2000,3,5,30,11983.5,39611.31,14.01844,18.2681,10.58687,10.48809,2.905157,2.804394,0.2109214,0.2188419
2000,3,5,31,9025.5,35821.01,13.7168,16.65977,10.48629,10.35831,2.812997,2.700477,0.271218,0.2430737
2000,3,5,32,7507.5,24205.07,11.61958,11.41502,10.09432,9.931746,2.43493,2.285065,0.2399856,0.2223081
2000,3,5,33,6060.5,55612.31,13.42694,22.53841,10.92616,10.80835,3.115221,2.982795,0.2211041,0.2536878
2000,3,5,34,24360.0,49573.84,13.80624,22.3368,10.81122,10.67917,3.106235,2.970805,0.2623217,0.2714405
2000,3,5,35,24984.5,32002.01,12.92405,14.75565,10.37355,10.20922,2.691626,2.526334,0.3075394,0.3068147
2000,3,5,36,24533.0,24115.6,12.32352,10.92634,10.09061,9.928654,2.391176,2.242588,0.2876426,0.2713012
2000,3,5,37,13510.5,29492.01,12.84009,13.95174,10.29187,10.15439,2.635605,2.495542,0.2491887,0.2564006
2000,3,5,38,53222.0,26972.93,11.90801,12.54551,10.20259,10.02605,2.529363,2.359817,0.2978663,0.2885441
2000,3,5,39,14802.5,35673.32,13.68411,16.38471,10.48216,10.27987,2.796349,2.591033,0.3780562,0.381284
2000,3,5,40,1531.5,32940.08,11.50245,11.91687,10.40245,9.947647,2.477955,2.106549,0.821623,0.7328179
2000,3,5,41,4948.5,19419.05,9.820148,8.546868,9.87401,9.731975,2.145565,2.00369,0.2505766,0.2440098
2000,3,5,42,16038.0,25324.93,11.93696,11.51731,10.13954,9.923145,2.443851,2.237729,0.426516,0.4101165
2000,3,5,43,2810.5,23293.31,11.10656,10.29472,10.05592,9.89545,2.331631,2.169568,0.2651549,0.2785134
2000,3,5,44,46284.5,39838.9,12.25224,17.51797,10.5926,10.44329,2.863227,2.722066,0.3053291,0.3089316
2000,3,5,45,16405.5,44103.15,13.01405,19.87937,10.69429,10.57343,2.989683,2.865878,0.2600929,0.2722929
2000,3,5,46,16971.0,38404.21,12.36333,17.60704,10.55592,10.39145,2.868299,2.714091,0.3107729,0.2988183
2000,3,5,47,89267.0,35450.96,11.9603,16.23857,10.47591,10.28161,2.78739,2.592884,0.3878161,0.3956667
2000,3,5,48,1390.0,36906.02,11.98273,15.6534,10.51613,10.39234,2.750688,2.616277,0.2758723,0.2840513
2000,3,5,49,21662.5,46164.33,12.78532,20.20674,10.73996,10.61426,3.006016,2.879251,0.2584635,0.2559564
2000,3,5,50,8552.0,45257.34,12.46854,20.21707,10.72012,10.56575,3.006527,2.848443,0.2762495,0.280179
2000,3,5,51,987.0,26258.14,11.10638,12.43426,10.17573,10.06017,2.520456,2.402017,0.2316146,0.2360243
2000,3,5,52,1604.0,42738.91,12.38092,18.2694,10.66286,10.2977,2.905228,2.57882,0.5272036,0.5207276
2000,3,5,53,3078.0,35327.32,12.86322,16.20057,10.47241,10.29871,2.785046,2.62705,0.2548154,0.2401823
2000,3,5,54,5904.5,27072.62,11.707,12.43317,10.20628,10.09837,2.520368,2.411114,0.2289034,0.2366166
2000,3,5,55,6074.5,44150.54,12.42917,20.48797,10.69536,10.60024,3.019838,2.925681,0.2117559,0.2041433
2000,3,5,56,3843.0,39816.43,11.69945,17.46969,10.59203,10.44418,2.860467,2.727357,0.2898629,0.2582321
2000,3,5,57,2216.5,39626.51,12.08031,18.38681,10.58725,10.3973,2.911634,2.704808,0.3084112,0.3239524
2000,3,5,58,12155.5,35719.2,11.85677,16.05019,10.48344,10.34161,2.77572,2.645794,0.2962877,0.2777998
2000,3,5,59,3701.0,37709.34,12.19238,17.48925,10.53766,10.40847,2.861587,2.732638,0.2509502,0.247123
2000,3,5,60,9609.0,29859.49,11.61796,13.73759,10.30426,10.15226,2.620136,2.479057,0.2689438,0.2544287
2000,3,5,61,41277.5,37937.5,12.08763,17.29629,10.5437,10.38536,2.850492,2.690724,0.2928483,0.2931183
2000,3,5,62,29858.0,38659.05,12.02646,17.51793,10.56254,10.4264,2.863225,2.729492,0.2756008,0.267213
2000,3,5,63,10549.5,42729.69,12.84848,19.21768,10.66265,10.54874,2.955831,2.852589,0.2398988,0.2160785
2000,3,5,64,123013.0,36949.26,12.20382,15.85248,10.5173,10.3491,2.763326,2.597065,0.3179556,0.317417
2000,3,5,65,14527.0,41449.28,11.93405,18.26909,10.63223,10.50271,2.905211,2.773271,0.2786337,0.278896
2000,3,5,66,49024.5,33451.89,12.00904,15.38956,10.41786,10.22772,2.733689,2.541708,0.3568076,0.3531152
2000,4,5,0,770832.5,,12.40539,,,,,,,
2000,4,5,1,93810.5,50443.12,15.25237,22.35689,10.8286,10.67002,3.107135,2.954633,0.319954,0.3125959
2000,4,5,2,92685.5,41705.22,14.34836,19.37019,10.63838,10.53261,2.963736,2.861038,0.2108011,0.2075066
2000,4,5,3,310.0,43838.55,16.54193,19.39128,10.68827,10.6565,2.964823,2.937661,0.0643054,0.0536764
2000,4,5,4,1707.5,49809.98,14.41347,23.25353,10.81597,10.73637,3.146457,3.063601,0.1761886,0.1838361
2000,4,5,5,14826.0,49116.41,14.29637,23.20372,10.80195,10.72192,3.144313,3.066467,0.1692811,0.1666971
2000,4,5,6,1296.5,52131.55,16.78056,24.32381,10.86153,10.78016,3.191456,3.116359,0.1851266,0.166753
2000,4,5,7,2730.5,113838.7,18.93719,47.94203,11.64254,11.32385,3.869992,3.551381,0.8816157,0.9770079
2000,4,5,8,52091.5,47137.98,15.43937,22.29059,10.76083,10.66345,3.104165,3.001889,0.2133316,0.2255549
2000,4,5,9,5462.0,41091.26,15.53314,20.11885,10.62355,10.48498,3.001657,2.850872,0.2481779,0.2639269
2000,4,5,10,8868.0,50528.44,18.5362,23.22343,10.83029,10.7318,3.145162,3.049635,0.2035943,0.1964852
2000,4,5,11,128326.0,35716.36,16.41036,17.4046,10.48336,10.34012,2.856735,2.708592,0.3211755,0.3260916
2000,4,5,12,3236.0,39007.81,17.40266,18.67304,10.57152,10.47791,2.927081,2.838242,0.2400903,0.2279196
2000,4,5,13,1597.0,46801.97,18.1221,22.60568,10.75368,10.66644,3.118201,3.029047,0.2136687,0.2159637
2000,4,5,14,27460.5,34599.25,15.71738,16.46193,10.45159,10.3644,2.80105,2.707941,0.1818327,0.1919152
2000,4,5,15,4334.0,69927.5,18.27688,30.40757,11.15521,11.01402,3.414692,3.284658,0.310955,0.2987805
2000,4,5,16,6163.0,46823.07,15.41798,20.86536,10.75413,10.5083,3.03809,2.825179,0.5126987,0.4600975
2000,4,5,17,39492.5,32392.25,13.36758,15.46778,10.38567,10.26044,2.738759,2.607772,0.219079,0.2307825
2000,4,5,18,3290.5,39210.67,13.1129,18.64272,10.5767,10.47954,2.925456,2.822835,0.2219631,0.2373563
2000,4,5,19,1444.0,37694.51,12.79778,17.73906,10.53727,10.46148,2.875769,2.807226,0.1560834,0.1416212
2000,4,5,20,11667.5,50075.29,14.48348,23.4731,10.82128,10.71231,3.155855,3.044956,0.2196134,0.2253789
2000,4,5,21,70682.5,30340.74,13.5969,13.83499,10.32025,10.05541,2.627201,2.391206,0.454936,0.4147781
2000,4,5,22,71184.0,31107.03,13.1629,15.04955,10.34519,10.25945,2.711348,2.622149,0.1671805,0.1738053
2000,4,5,23,22289.5,28893.98,13.45512,13.96724,10.27139,10.12451,2.636714,2.489519,0.2294232,0.2278889
2000,4,5,24,13341.0,28308.51,13.32074,13.58474,10.25092,10.12131,2.608947,2.488134,0.209069,0.1982344
2000,4,5,25,29738.5,30179.94,13.02897,14.36556,10.31493,10.23572,2.664834,2.58283,0.1492999,0.1542607
2000,4,5,26,5885.0,39480.93,12.72659,18.45638,10.58357,10.46802,2.91541,2.797749,0.1835418,0.1807234
2000,4,5,27,10751.5,29930.4,12.81217,14.42746,10.30663,10.22323,2.669133,2.587636,0.1799034,0.1721337
2000,4,5,28,13577.0,36070.22,12.90646,16.93689,10.49322,10.39598,2.829494,2.737005,0.2041692,0.1907622
2000,4,5,29,21994.5,31410.21,12.78579,14.84022,10.35489,10.18877,2.697341,2.536988,0.2708171,0.2564468
2000,4,5,30,50470.5,33172.68,13.3708,15.80464,10.40948,10.31398,2.760303,2.663788,0.188947,0.1907722
2000,4,5,31,60275.5,29841.06,13.17771,14.38759,10.30364,10.19714,2.666366,2.561229,0.1923508,0.1891349
2000,4,5,32,36487.0,17426.71,11.73788,8.535096,9.765759,9.596642,2.144187,1.978847,0.2741139,0.271713
2000,4,5,33,199.0,43880.92,13.23618,20.18987,10.68923,10.60382,3.005181,2.911713,0.204512,0.2203555
2000,4,5,34,10661.5,37903.75,13.39005,17.50504,10.54281,10.4303,2.862489,2.74245,0.2390943,0.2737315
2000,4,5,35,9931.0,32764.41,13.15245,15.17521,10.3971,10.14113,2.719663,2.490066,0.4158258,0.3797458
2000,4,5,36,51423.5,19906.37,12.15295,9.591966,9.898795,9.689674,2.260926,2.060212,0.3009594,0.2871744
2000,4,5,37,99500.0,24091.44,12.45486,11.44666,10.08961,9.92141,2.437698,2.265849,0.2719356,0.273329
2000,4,5,38,25064.5,23280.18,11.99777,11.05043,10.05536,9.823006,2.40247,2.177895,0.3365412,0.3351488
2000,4,5,39,49961.0,26034.23,13.36406,11.78393,10.16717,9.899754,2.466736,2.190244,0.5089214,0.5229828
2000,4,5,40,177.0,16435.71,11.40113,7.328401,9.707212,9.59359,1.991757,1.877113,0.2197521,0.2052963
2000,4,5,41,1109.5,15527.14,10.99234,7.186241,9.650345,9.554826,1.972168,1.852612,0.1944158,0.2541842
2000,4,5,42,1557.5,23700.67,12.22151,10.91548,10.07326,9.913916,2.390182,2.248865,0.353368,0.3304601
2000,4,5,43,131.5,36008.14,13.32319,16.68226,10.4915,10.06656,2.814346,2.412126,0.8081195,0.7167487
2000,4,5,44,3116.5,41285.43,12.63789,17.98962,10.62826,10.51653,2.889795,2.78929,0.2518129,0.2301999
2000,4,5,45,4142.0,46006.45,13.34259,21.63977,10.73654,10.65875,3.074533,3.00194,0.1793499,0.1649366
2000,4,5,46,1903.5,33556.94,12.38823,15.75518,10.421,10.24402,2.757169,2.589765,0.2975436,0.2720285
2000,4,5,47,3445.0,33470.29,12.26676,15.42456,10.41841,10.27031,2.735961,2.593691,0.310661,0.296342
2000,4,5,48,52.0,33826.09,12.0,14.59755,10.42899,10.37946,2.680854,2.559057,0.0964259,0.2405271
2000,4,5,49,8936.5,36194.87,12.67801,16.27728,10.49667,10.33271,2.78977,2.627946,0.3081261,0.3000139
2000,4,5,50,1536.0,33326.17,12.45247,15.51708,10.4141,10.2671,2.741941,2.585588,0.3360452,0.3468601
2000,4,5,51,161.0,35412.12,11.75155,17.05849,10.47481,9.981924,2.836648,2.346852,0.4496141,0.4449886
2000,4,5,52,1348.0,32642.62,12.57196,15.83451,10.39337,10.09897,2.762192,2.473574,0.3583591,0.3535115
2000,4,5,53,4431.0,30288.63,12.71632,14.36137,10.31853,10.19011,2.664542,2.531943,0.1973371,0.2036881
2000,4,5,54,4127.0,21020.55,11.66004,10.1143,9.953256,9.844753,2.313951,2.197944,0.2033654,0.2233973
2000,4,5,55,519.0,48451.84,12.58574,21.93419,10.78833,10.69393,3.088047,2.964728,0.2212913,0.3012055
2000,4,5,56,1943.0,31219.57,11.45136,14.13603,10.3488,10.17211,2.648727,2.487494,0.3820411,0.3496932
2000,4,5,57,898.5,31005.95,12.14802,14.73488,10.34193,10.1257,2.690218,2.460103,0.3110815,0.3483042
2000,4,5,58,6222.5,27830.86,11.84604,12.71437,10.2339,10.11451,2.542733,2.438103,0.2343573,0.2071736
2000,4,5,59,2160.0,26407.47,12.12546,12.50292,10.1814,10.06334,2.525962,2.387105,0.232839,0.2742538
2000,4,5,60,25413.5,21165.93,11.57345,10.07637,9.960148,9.792262,2.310193,2.147833,0.2545872,0.2467082
2000,4,5,61,28102.5,28137.81,11.88578,13.34548,10.24487,10.07747,2.591178,2.424079,0.2890598,0.282943
2000,4,5,62,21248.5,32082.16,12.09488,14.88884,10.37606,10.21506,2.700612,2.545318,0.2977212,0.2818832
2000,4,5,63,14833.0,28832.9,12.03445,13.35464,10.26927,10.1092,2.591864,2.440595,0.2932111,0.2720526
2000,4,5,64,17799.5,31969.02,13.02655,14.66275,10.37252,10.19053,2.68531,2.511286,0.3627157,0.346361
2000,4,5,65,636.0,34431.23,12.74686,16.189,10.44672,10.37761,2.784332,2.705933,0.1494296,0.1686288
2000,4,5,66,15627.5,27797.04,11.9728,13.22317,10.23269,10.01494,2.58197,2.368474,0.3323924,0.3211458
1990,0,0,0,22000000.0,,12.2966,,,,,,,
1990,0,0,1,7400275.0,43526.25,14.5843,,10.68112,10.4545,,,0.4430642,
1990,0,0,2,3568879.0,34497.93,14.64401,,10.44865,10.28353,,,0.3039311,
1990,0,0,3,114696.5,44121.07,16.38378,,10.69469,10.51478,,,0.3633326,
1990,0,0,4,1228798.0,44598.46,15.7055,,10.70545,10.63174,,,0.151677,
1990,0,0,5,604128.0,40881.3,15.48583,,10.61843,10.53266,,,0.172109,
1990,0,0,6,294658.0,38149.72,16.78431,,10.54927,10.42788,,,0.2475885,
1990,0,0,7,588559.5,91116.3,18.82306,,11.41989,11.15167,,,0.6209718,
1990,0,0,8,1471531.0,31705.72,15.20417,,10.36425,10.27882,,,0.1826139,
1990,0,0,9,259312.5,30340.95,16.06323,,10.32025,10.20611,,,0.2180709,
1990,0,0,10,437783.5,40006.59,18.18472,,10.5968,10.44062,,,0.3367872,
1990,0,0,11,3335434.0,27676.54,16.73242,,10.22834,10.10986,,,0.2674537,
1990,0,0,12,133550.5,26544.21,16.8059,,10.18657,10.07806,,,0.2246807,
1990,0,0,13,284571.0,42732.52,17.40424,,10.66271,10.47407,,,0.3812506,
1990,0,0,14,736684.0,24402.8,16.10039,,10.10245,9.995791,,,0.2202679,
1990,0,0,15,612722.5,74834.95,18.77984,,11.22304,11.00618,,,0.4649054,
1990,0,0,16,1158832.0,31944.65,14.79341,,10.37176,10.13298,,,0.5082258,
1990,0,0,17,941668.5,23270.06,13.85342,,10.05492,9.949194,,,0.2023277,
1990,0,0,18,747524.5,31201.66,13.74668,,10.34823,10.25598,,,0.190296,
1990,0,0,19,131905.5,30753.49,13.82619,,10.33376,10.22756,,,0.2183104,
1990,0,0,20,1151963.0,34870.13,14.60786,,10.45939,10.32886,,,0.2585681,
1990,0,0,21,7503588.0,34301.69,13.59808,,10.44295,10.16619,,,0.542459,
1990,0,0,22,2848810.0,19549.67,12.93798,,9.880713,9.797721,,,0.1651254,
1990,0,0,23,710947.0,19071.58,13.10441,,9.855955,9.727084,,,0.2417176,
1990,0,0,24,420319.5,21314.33,13.14038,,9.967135,9.852677,,,0.2188994,
1990,0,0,25,1364548.0,19638.63,12.94513,,9.885254,9.781131,,,0.2046524,
1990,0,0,26,32300.0,19416.61,12.48206,,9.873884,9.752094,,,0.2192634,
1990,0,0,27,582560.5,24677.61,13.14311,,10.11365,9.998411,,,0.226077,
1990,0,0,28,642076.0,28004.92,12.89077,,10.24014,10.17534,,,0.1507077,
1990,0,0,29,1372211.0,24217.19,12.69573,,10.09482,9.974712,,,0.2412782,
1990,0,0,30,746317.0,23474.44,13.52274,,10.06367,9.957128,,,0.1965627,
1990,0,0,31,2107434.0,20104.6,13.07326,,9.908704,9.778777,,,0.2495842,
1990,0,0,32,410134.0,12534.19,11.0812,,9.436215,9.296572,,,0.2613399,
1990,0,0,33,222490.0,35136.9,13.19713,,10.46701,10.39191,,,0.1578051,
1990,0,0,34,739757.0,32374.18,13.63196,,10.38512,10.29925,,,0.1803614,
1990,0,0,35,419710.0,23941.68,12.89352,,10.08338,9.92973,,,0.3105695,
1990,0,0,36,1818270.0,14502.65,11.97699,,9.582087,9.420293,,,0.2989117,
1990,0,0,37,1154373.0,16571.24,12.41886,,9.715425,9.563823,,,0.272791,
1990,0,0,38,1209925.0,19568.69,11.65135,,9.881686,9.729818,,,0.3084342,
1990,0,0,39,1071598.0,16248.82,12.70061,,9.695776,9.42716,,,0.6011208,
1990,0,0,40,567137.0,25828.19,12.64362,,10.15922,9.77179,,,0.8546625,
1990,0,0,41,294452.5,17309.81,10.82039,,9.759028,9.574213,,,0.3318933,
1990,0,0,42,398644.0,19554.43,11.78906,,9.880957,9.704397,,,0.3537245,
1990,0,0,43,111877.0,25287.4,11.6195,,10.13806,9.875375,,,0.5252103,
1990,0,0,44,1658121.0,28152.2,12.1459,,10.24538,10.11847,,,0.2836386,
1990,0,0,45,580746.5,31236.65,12.77606,,10.34935,10.24977,,,0.2251912,
1990,0,0,46,648953.0,28281.35,12.33578,,10.24996,10.13005,,,0.2636737,
1990,0,0,47,3869127.0,28899.82,12.06729,,10.27159,10.11203,,,0.3319521,
1990,0,0,48,97920.5,30968.22,11.6901,,10.34072,10.23988,,,0.225086,
1990,0,0,49,987572.0,34051.95,12.69849,,10.43564,10.32236,,,0.2326556,
1990,0,0,50,648191.5,30146.29,12.28883,,10.31382,10.22468,,,0.1885354,
1990,0,0,51,63722.0,22542.18,12.07442,,10.02314,9.843818,,,0.3733911,
1990,0,0,52,122649.0,18088.01,11.58191,,9.803005,9.593021,,,0.4460006,
1990,0,0,53,194113.0,24196.27,12.34664,,10.09395,9.934248,,,0.3098309,
1990,0,0,54,249272.5,22172.39,11.80235,,10.0066,9.865362,,,0.2934936,
1990,0,0,55,228112.0,33884.02,12.83747,,10.4307,10.34112,,,0.1888877,
1990,0,0,56,239349.5,25285.61,11.68576,,10.13799,10.03417,,,0.2151403,
1990,0,0,57,87441.5,25340.95,11.75305,,10.14018,10.03285,,,0.2192266,
1990,0,0,58,84023.0,19026.69,11.47686,,9.853598,9.724524,,,0.2635513,
1990,0,0,59,332481.0,25717.45,12.47545,,10.15493,10.03501,,,0.2514409,
1990,0,0,60,712752.0,14804.03,11.12417,,9.602654,9.475054,,,0.2336839,
1990,0,0,61,1602821.0,24056.77,11.73606,,10.08817,9.965915,,,0.2568722,
1990,0,0,62,1507847.0,23141.9,11.72476,,10.0494,9.927166,,,0.2583789,
1990,0,0,63,574794.0,24561.4,12.205,,10.10893,9.990759,,,0.2492066,
1990,0,0,64,2554773.0,26216.03,11.91675,,10.17413,10.03733,,,0.2819132,
1990,0,0,65,508515.5,31557.68,11.94088,,10.35957,10.23619,,,0.2586934,
1990,0,0,66,1616878.0,20785.94,11.7482,,9.942032,9.807693,,,0.2769637,
1990,1,0,0,4072570.0,,13.22568,,,,,,,
1990,1,0,1,4374157.0,52246.75,14.91503,21.2745,10.86373,10.65214,3.057509,2.849043,0.4226989,0.4249451
1990,1,0,2,1549340.0,44047.47,15.4174,18.89237,10.69302,10.52352,2.938758,2.781841,0.3218951,0.3057944
1990,1,0,3,94670.0,46465.7,16.47035,19.61781,10.74647,10.56628,2.976438,2.803622,0.3613737,0.3586026
1990,1,0,4,1074304.0,45648.46,15.79151,20.11797,10.72873,10.65664,3.001614,2.929682,0.1479003,0.1511109
1990,1,0,5,367072.5,44793.49,15.82419,19.9428,10.70982,10.62484,2.992868,2.908323,0.1710581,0.1758254
1990,1,0,6,209847.5,40675.22,17.00488,17.85019,10.61337,10.48924,2.882014,2.757876,0.2567625,0.2678084
1990,1,0,7,457526.0,99018.88,19.07363,37.72322,11.50307,11.25799,3.630276,3.367168,0.5813508,0.6314783
1990,1,0,8,151806.5,43305.19,16.4111,18.65097,10.67603,10.56848,2.925898,2.828551,0.2186849,0.2084362
1990,1,0,9,60092.0,36606.76,16.08247,15.8768,10.50799,10.35933,2.764859,2.631949,0.2684043,0.2496546
1990,1,0,10,248791.5,44961.47,19.33562,18.88484,10.71356,10.56535,2.93836,2.797129,0.3211616,0.308167
1990,1,0,11,832768.5,33143.09,17.42129,14.67962,10.40859,10.31064,2.68646,2.581097,0.2150852,0.2301002
1990,1,0,12,28224.0,31530.4,18.02902,14.58996,10.35871,10.24698,2.680334,2.580263,0.2186417,0.2036698
1990,1,0,13,137206.0,50589.01,17.81767,21.47783,10.83149,10.6496,3.067021,2.900602,0.3719243,0.3472343
1990,1,0,14,313483.5,26076.07,16.83045,10.93302,10.16877,10.04618,2.391788,2.253903,0.2519205,0.2887074
1990,1,0,15,445008.5,81682.02,19.01678,32.46037,11.31059,11.10127,3.48002,3.276944,0.462437,0.4473381
1990,1,0,16,603050.5,36428.38,15.31193,15.79406,10.5031,10.27202,2.759634,2.535635,0.48387,0.4783564
1990,1,0,17,149107.5,30887.22,14.73589,13.36409,10.3381,10.19727,2.592571,2.457181,0.2510086,0.2511992
1990,1,0,18,577643.0,32666.29,13.86465,14.69359,10.3941,10.30555,2.687411,2.601178,0.1827342,0.1808228
1990,1,0,19,84324.0,33383.44,14.04154,14.80768,10.41582,10.31596,2.695146,2.594309,0.2044781,0.2146259
1990,1,0,20,701456.0,39017.77,15.01172,17.46864,10.57177,10.43812,2.860407,2.725859,0.2680376,0.2745296
1990,1,0,21,4254459.0,41491.98,14.0723,17.09893,10.63326,10.39123,2.839016,2.596937,0.4720111,0.4735909
1990,1,0,22,37977.0,29926.12,14.41259,13.45531,10.30649,10.10148,2.599374,2.420261,0.3666508,0.3255402
1990,1,0,23,90564.5,29517.9,14.37462,13.18111,10.29275,10.11852,2.578785,2.419472,0.3495508,0.3252749
1990,1,0,24,70358.0,28872.03,14.18049,13.14993,10.27063,10.11697,2.576416,2.434369,0.2881823,0.2733887
1990,1,0,25,118027.5,28528.57,14.17473,12.70031,10.25866,10.10146,2.541627,2.394823,0.2981247,0.282969
1990,1,0,26,10759.0,23434.41,12.8603,10.85794,10.06196,9.942305,2.384897,2.272528,0.2365717,0.2218372
1990,1,0,27,176881.5,32111.51,13.88751,14.55909,10.37697,10.26612,2.678216,2.570617,0.2210689,0.2170057
1990,1,0,28,323660.0,29797.79,13.18969,13.71108,10.30219,10.25089,2.618204,2.568059,0.1158753,0.1142855
1990,1,0,29,706969.0,27453.5,12.86795,12.2605,10.22025,10.10987,2.506383,2.401278,0.2218472,0.2120349
1990,1,0,30,180089.5,31627.53,14.5204,14.15013,10.36178,10.23417,2.649724,2.529658,0.240655,0.2327635
1990,1,0,31,286374.0,30978.41,14.31673,13.86215,10.34105,10.18225,2.629162,2.48229,0.3099297,0.2932114
1990,1,0,32,42651.0,18708.84,11.95815,8.696017,9.836752,9.674992,2.162865,2.009406,0.2973988,0.2870596
1990,1,0,33,198498.5,35744.13,13.25877,13.58875,10.48414,10.41158,2.609242,2.515778,0.1515365,0.19395
1990,1,0,34,555629.5,33682.11,13.70838,14.98223,10.42472,10.34473,2.706865,2.625324,0.167706,0.1736045
1990,1,0,35,258056.5,25608.12,13.26397,11.36598,10.15066,9.994484,2.430625,2.281927,0.317533,0.3038579
1990,1,0,36,508194.5,18752.09,12.69144,8.195302,9.839061,9.661155,2.103561,1.948863,0.3320153,0.2956974
1990,1,0,37,105098.0,25770.12,13.98928,11.27238,10.15697,9.918408,2.422355,2.212444,0.3910014,0.3575445
1990,1,0,38,695486.0,22019.17,12.10358,9.977294,9.999668,9.862607,2.300312,2.172776,0.2761423,0.258968
1990,1,0,39,162198.5,24113.59,13.37416,10.64004,10.09053,9.8992,2.364624,2.179615,0.3997257,0.3933592
1990,1,0,40,485992.5,27159.82,12.78147,9.504093,10.20949,9.84801,2.251723,1.86116,0.7872742,0.8476365
1990,1,0,41,209451.0,18587.89,10.8953,7.17928,9.830265,9.65066,1.971199,1.783738,0.3197909,0.3360376
1990,1,0,42,285401.5,21132.84,12.05307,9.348173,9.958584,9.789145,2.235181,2.076991,0.3389608,0.3243223
1990,1,0,43,95912.5,26376.94,11.95197,11.09612,10.18025,9.917267,2.406595,2.151822,0.5342681,0.5318092
1990,1,0,44,1496314.0,28401.63,12.21595,12.33848,10.2542,10.12843,2.512723,2.383699,0.2813463,0.2959476
1990,1,0,45,495716.0,31658.23,12.83459,14.20974,10.36275,10.26245,2.653928,2.552773,0.2279355,0.2356867
1990,1,0,46,564159.0,28970.63,12.43629,12.89576,10.27404,10.15899,2.556899,2.4418,0.2522644,0.2571437
1990,1,0,47,3464977.0,29529.03,12.23346,13.25704,10.29313,10.13645,2.584529,2.431629,0.3257384,0.3241972
1990,1,0,48,90873.5,31190.88,11.72177,13.34489,10.34788,10.24841,2.591133,2.483871,0.2213002,0.242239
1990,1,0,49,765324.5,36346.26,12.78136,15.55068,10.50085,10.40147,2.744104,2.645054,0.1998441,0.2005931
1990,1,0,50,577931.0,30722.36,12.33405,13.50592,10.33275,10.2482,2.603128,2.523486,0.1773897,0.1700859
1990,1,0,51,52660.5,23833.51,12.25429,10.4141,10.07885,9.904754,2.343161,2.174389,0.3656121,0.3614242
1990,1,0,52,49922.0,22254.85,11.52955,9.76846,10.01031,9.821935,2.279159,2.101859,0.3787598,0.3768499
1990,1,0,53,110096.5,28551.02,12.50572,12.54062,10.25945,10.10936,2.528973,2.387741,0.2906974,0.2783834
1990,1,0,54,154905.0,25168.83,11.92299,11.07987,10.13336,10.01575,2.405129,2.288718,0.2435195,0.2483985
1990,1,0,55,197866.5,34614.36,12.90535,15.4326,10.45202,10.36527,2.736482,2.651923,0.1822409,0.1819867
1990,1,0,56,173689.5,26858.81,11.74524,12.08359,10.19835,10.10997,2.491848,2.407688,0.1848467,0.177364
1990,1,0,57,63272.0,27453.8,11.86738,12.16528,10.22026,10.12678,2.498586,2.413766,0.1888905,0.1748755
1990,1,0,58,62854.5,20113.91,11.64478,9.139871,9.909166,9.781289,2.212646,2.085319,0.2623428,0.263905
1990,1,0,59,215413.5,28559.82,12.52194,13.07428,10.25976,10.15763,2.570647,2.468436,0.2142746,0.2172406
1990,1,0,60,128714.0,21537.88,11.40112,9.647828,9.977569,9.840891,2.266733,2.13977,0.2559727,0.2456983
1990,1,0,61,956377.0,26918.7,11.90437,12.12364,10.20058,10.09877,2.495157,2.396675,0.2154916,0.2097922
1990,1,0,62,859688.0,26054.61,11.89902,11.81889,10.16795,10.06249,2.469699,2.366237,0.2297557,0.2285999
1990,1,0,63,277124.5,29867.9,12.68957,13.32599,10.30454,10.22069,2.589717,2.507615,0.1798356,0.1759951
1990,1,0,64,1937202.0,27295.04,12.04004,11.30088,10.21446,10.08467,2.424881,2.297857,0.2650682,0.2630608
1990,1,0,65,445844.5,32266.29,12.03742,13.87377,10.38178,10.26215,2.63,2.511501,0.249011,0.2506302
1990,1,0,66,960683.0,22994.73,12.02833,10.42335,10.04302,9.919904,2.344048,2.224124,0.2577935,0.2543767
1990,2,0,0,14600000.0,,14.33175,,,,,,,
1990,2,0,1,2573890.0,29574.66,14.58445,13.20323,10.29467,10.13466,2.580461,2.430322,0.3180999,0.3036093
1990,2,0,2,1695181.0,26503.43,14.50622,12.25173,10.18503,10.07969,2.505667,2.408072,0.2033334,0.1912955
1990,2,0,3,16591.5,30373.55,17.27993,13.84718,10.32133,10.20705,2.628082,2.517893,0.2612784,0.2553023
1990,2,0,4,105610.0,35873.84,15.82888,16.29955,10.48776,10.42351,2.791137,2.729289,0.1371437,0.1328145
1990,2,0,5,194448.0,34512.01,15.40897,16.05594,10.44906,10.38146,2.776079,2.709532,0.1388792,0.1379335
1990,2,0,6,71797.5,31005.32,17.14053,14.18512,10.34191,10.25079,2.652193,2.561442,0.186717,0.1935298
1990,2,0,7,109345.5,56504.91,19.40553,23.05128,10.94208,10.67485,3.137721,2.848797,0.5515799,0.6004038
1990,2,0,8,1175164.0,30138.99,16.82645,14.40775,10.31357,10.24519,2.667766,2.602257,0.1516776,0.1473481
1990,2,0,9,178185.0,28120.24,17.75158,13.40383,10.24424,10.15427,2.59554,2.508184,0.1842653,0.1804987
1990,2,0,10,164228.5,30814.89,20.19046,13.83933,10.33575,10.20474,2.627515,2.506588,0.2917276,0.2660333
1990,2,0,11,2154997.0,24798.82,17.69241,11.68302,10.11855,10.00661,2.458137,2.343808,0.2580445,0.2574801
1990,2,0,12,94232.5,24881.11,18.0554,12.05255,10.12186,10.02071,2.489276,2.397237,0.2158887,0.194563
1990,2,0,13,130310.0,34507.48,18.65972,15.88095,10.44893,10.29085,2.76512,2.614714,0.327721,0.3148918
1990,2,0,14,299575.0,22640.32,16.90232,10.72022,10.02749,9.934729,2.372132,2.277621,0.1962,0.2001648
1990,2,0,15,143322.5,53995.18,19.375,22.59169,10.89665,10.72008,3.117582,2.955345,0.3540941,0.327433
1990,2,0,16,497366.5,25952.33,16.11177,11.89125,10.16402,9.941528,2.475803,2.262549,0.4938974,0.4823581
1990,2,0,17,656221.0,21608.16,15.11766,10.4317,9.980826,9.896299,2.34485,2.26312,0.1729621,0.1674846
1990,2,0,18,117850.5,25001.9,14.28301,11.718,10.12671,10.04423,2.461126,2.381785,0.1674086,0.1638244
1990,2,0,19,34845.0,24832.81,14.36665,11.5177,10.11992,10.02732,2.443885,2.353912,0.1947913,0.1905292
1990,2,0,20,365028.0,27748.34,15.02646,13.05604,10.23093,10.14035,2.569251,2.481051,0.1872511,0.1842731
1990,2,0,21,2792570.0,22744.46,14.31116,10.34564,10.03208,9.79961,2.336565,2.126846,0.4513571,0.410129
1990,2,0,22,2523697.0,19333.21,13.6973,9.359459,9.869579,9.788132,2.236387,2.156973,0.1640684,0.1601526
1990,2,0,23,536313.0,17167.7,14.17855,8.283226,9.750785,9.650029,2.114233,2.019892,0.1971217,0.1862124
1990,2,0,24,272673.5,19331.81,13.98984,9.332603,9.869508,9.780465,2.233514,2.147437,0.1812261,0.1742511
1990,2,0,25,1137516.0,18585.04,13.74872,8.934315,9.830112,9.739467,2.189899,2.101279,0.185762,0.1812967
1990,2,0,26,14333.5,16805.66,13.09143,8.148142,9.729471,9.613639,2.09779,1.988807,0.178961,0.1635336
1990,2,0,27,304618.0,20483.39,13.33755,9.75997,9.92737,9.840567,2.278289,2.1945,0.1752373,0.1711259
1990,2,0,28,171439.0,24724.28,13.51324,11.83336,10.11554,10.03932,2.470922,2.398361,0.179888,0.1703856
1990,2,0,29,482762.0,19815.68,13.16618,9.302171,9.894229,9.789051,2.230248,2.132984,0.2119171,0.1953112
1990,2,0,30,463120.5,20573.48,13.62922,9.817747,9.931758,9.855208,2.284192,2.210018,0.1477052,0.1442706
1990,2,0,31,1484437.0,17857.6,13.99448,8.578295,9.790184,9.689866,2.149235,2.053262,0.2054416,0.1994067
1990,2,0,32,224369.0,11346.93,12.52537,5.617503,9.336702,9.216138,1.725887,1.607627,0.2304065,0.2284775
1990,2,0,33,4941.0,26729.12,13.86359,11.10486,10.19351,10.09556,2.407383,2.312145,0.2171067,0.1982738
1990,2,0,34,78275.0,26157.69,13.70489,12.10047,10.1719,10.08265,2.493244,2.40595,0.1832332,0.1806789
1990,2,0,35,60949.5,20399.46,14.14387,9.469572,9.923264,9.788776,2.248084,2.122013,0.284929,0.2633457
1990,2,0,36,1034554.0,12173.23,13.77729,6.003992,9.406995,9.28196,1.792425,1.678447,0.2392907,0.222265
1990,2,0,37,702162.5,15486.92,13.57078,7.496743,9.647751,9.520004,2.014469,1.892995,0.243149,0.2372235
1990,2,0,38,240906.0,14236.16,12.95895,6.87057,9.56354,9.422527,1.927247,1.794931,0.2945996,0.2796285
1990,2,0,39,783117.0,14106.37,14.16818,6.589614,9.554381,9.288696,1.885495,1.61286,0.5991955,0.6225134
1990,2,0,40,71955.0,16243.79,14.00681,6.494657,9.695466,9.200696,1.87098,1.358238,1.044594,1.091056
1990,2,0,41,53850.5,13105.86,12.65637,5.986395,9.480815,9.328292,1.78949,1.630932,0.2920899,0.2993031
1990,2,0,42,66848.5,14612.21,13.35535,6.879045,9.589613,9.419324,1.92848,1.756625,0.3401434,0.3429432
1990,2,0,43,5294.0,20406.63,13.07839,9.154046,9.923615,9.70152,2.214196,1.992135,0.4773943,0.4992018
1990,2,0,44,41458.0,26849.61,12.72941,12.27231,10.19801,10.07269,2.507346,2.382356,0.2791949,0.280032
1990,2,0,45,39868.5,27558.11,13.19102,12.92031,10.22405,10.14629,2.5588,2.481279,0.1764916,0.178605
1990,2,0,46,34479.0,21167.58,13.12187,9.792071,9.960226,9.808744,2.281573,2.142165,0.3311568,0.3150512
1990,2,0,47,93657.0,22538.17,13.25963,10.36556,10.02297,9.834192,2.338488,2.156875,0.3956303,0.385475
1990,2,0,48,1947.0,29528.78,12.38675,13.20191,10.29312,10.15729,2.580362,2.441768,0.3461137,0.3368733
1990,2,0,49,142380.0,24121.54,12.56167,10.88356,10.09086,9.977126,2.387254,2.280231,0.2320822,0.2198684
1990,2,0,50,27543.5,21820.69,12.49231,10.22517,9.990614,9.871411,2.324852,2.205856,0.2420028,0.2406939
1990,2,0,51,7226.5,14664.95,12.55269,6.900311,9.593216,9.44071,1.931566,1.785697,0.3193569,0.3028484
1990,2,0,52,56768.5,14061.13,12.91605,6.6436,9.551169,9.355376,1.893654,1.702875,0.4416958,0.4420094
1990,2,0,53,65148.5,17321.91,12.96378,8.245807,9.759727,9.652449,2.109705,2.009157,0.2243122,0.2132877
1990,2,0,54,61484.0,15322.31,12.95086,7.277698,9.637066,9.510855,1.984815,1.867633,0.2607728,0.2465195
1990,2,0,55,10330.5,28509.53,13.34572,13.09455,10.25799,10.15808,2.572196,2.472332,0.2115147,0.214806
1990,2,0,56,38344.0,17839.21,11.67872,8.364586,9.789154,9.704326,2.124007,2.041125,0.1724896,0.1678259
1990,2,0,57,13563.0,16909.47,11.63445,7.911921,9.735629,9.655559,2.068371,1.992976,0.1647058,0.1537879
1990,2,0,58,11719.5,15592.46,11.79069,7.317751,9.654543,9.553428,1.990303,1.899384,0.2152273,0.1956172
1990,2,0,59,89675.0,18840.96,13.17924,8.941107,9.843788,9.731381,2.190659,2.084713,0.2291139,0.2209073
1990,2,0,60,403032.0,12950.22,11.27792,6.23836,9.468868,9.372879,1.830717,1.739484,0.18044,0.1732015
1990,2,0,61,373704.0,17584.4,11.80915,8.284351,9.774768,9.66941,2.114368,2.014868,0.2120341,0.200765
1990,2,0,62,418727.5,17429.36,11.74445,8.260665,9.765911,9.664939,2.111505,2.01547,0.2037604,0.1934065
1990,2,0,63,212916.0,18444.12,11.90844,8.607377,9.8225,9.729189,2.15262,2.063705,0.1889985,0.1801144
1990,2,0,64,216389.5,18968.9,14.08726,8.646619,9.850556,9.686411,2.157168,2.008477,0.3322529,0.3096986
1990,2,0,65,14735.0,23730.17,12.65545,10.8677,10.0745,9.941,2.385795,2.260647,0.2760029,0.2611438
1990,2,0,66,367850.0,15955.83,12.49325,7.652798,9.677579,9.562097,2.035071,1.926347,0.2340589,0.2193491
1990,3,0,0,1373720.0,,11.86115,,,,,,,
1990,3,0,1,213327.0,36101.39,14.44725,15.65646,10.49409,10.32524,2.750884,2.583241,0.3434281,0.3483456
1990,3,0,2,113086.0,32402.43,14.88136,14.61048,10.38599,10.25639,2.681739,2.556179,0.2646756,0.2645689
1990,3,0,3,3050.0,35651.08,15.86918,16.07496,10.48153,10.3502,2.777263,2.642496,0.3721458,0.3723917
1990,3,0,4,39458.0,40429.67,15.43401,18.41839,10.60732,10.53731,2.913349,2.842201,0.1457905,0.1508165
1990,3,0,5,20533.5,37953.4,15.33966,17.43979,10.54411,10.47909,2.858754,2.788243,0.1376805,0.1473073
1990,3,0,6,8119.0,35832.92,16.17354,16.39863,10.48662,10.38774,2.797198,2.696979,0.2074936,0.2127373
1990,3,0,7,14192.5,82021.86,18.9145,30.47585,11.31474,11.08,3.416934,3.177667,0.4910916,0.5072283
1990,3,0,8,11970.0,30866.56,14.88346,13.88732,10.33743,10.18735,2.630976,2.488882,0.3590339,0.3369433
1990,3,0,9,7204.5,28889.4,14.68069,12.86998,10.27123,10.17093,2.554898,2.459739,0.225457,0.2199179
1990,3,0,10,12889.0,37369.67,19.37,16.52398,10.52861,10.42583,2.804812,2.701941,0.2131222,0.215159
1990,3,0,11,74973.0,29096.27,16.70572,13.52537,10.27837,10.17614,2.604567,2.494762,0.2292667,0.241381
1990,3,0,12,2052.5,26928.6,16.12083,12.8545,10.20094,10.13923,2.553694,2.493496,0.1313053,0.1274076
1990,3,0,13,8105.0,35805.96,16.89525,16.29551,10.48587,10.32943,2.790889,2.64615,0.2977737,0.2826949
1990,3,0,14,44667.5,24886.52,15.56499,11.34679,10.12208,10.0238,2.428935,2.321633,0.2110852,0.2328281
1990,3,0,15,13846.0,59433.21,18.8094,24.21989,10.99261,10.75812,3.187174,2.958774,0.4875838,0.476571
1990,3,0,16,34151.0,31272.25,14.80121,14.18639,10.35049,10.13913,2.652283,2.446493,0.4192551,0.4170308
1990,3,0,17,25481.5,25061.02,13.7444,11.38368,10.12907,10.01108,2.432181,2.319788,0.2250412,0.2177954
1990,3,0,18,37468.5,29097.21,13.5982,13.39109,10.2784,10.19291,2.594589,2.508592,0.1869995,0.1911818
1990,3,0,19,8136.5,29150.47,13.54772,13.21832,10.28023,10.1872,2.581604,2.491506,0.2062478,0.1973057
1990,3,0,20,45954.0,31548.85,14.27168,14.60504,10.35929,10.25812,2.681367,2.572931,0.2131268,0.2301311
1990,3,0,21,200505.0,28542.14,13.73531,12.29478,10.25914,10.06922,2.509174,2.329769,0.3827994,0.3661504
1990,3,0,22,7969.5,23471.94,13.39833,11.10371,10.06356,9.940785,2.407279,2.280926,0.2244797,0.2287517
1990,3,0,23,13477.5,22683.6,13.84174,10.62754,10.0294,9.926748,2.363449,2.26133,0.2065749,0.2069311
1990,3,0,24,14667.0,22740.06,13.42558,10.80003,10.03188,9.92604,2.379549,2.277753,0.2175369,0.2100144
1990,3,0,25,16113.0,23207.31,13.76659,10.92753,10.05222,9.962478,2.391286,2.299928,0.2027508,0.2130941
1990,3,0,26,2866.5,21454.69,12.98587,10.40804,9.973699,9.885134,2.342579,2.25003,0.1844687,0.1990023
1990,3,0,27,31021.5,26780.57,13.46115,12.54604,10.19543,10.10461,2.529405,2.439993,0.1812467,0.1803234
1990,3,0,28,84693.5,27861.11,12.9089,13.01081,10.23499,10.16071,2.56578,2.492029,0.1708284,0.1698633
1990,3,0,29,111029.0,23444.89,12.68999,10.87312,10.06241,9.94957,2.386294,2.275659,0.2269292,0.2239549
1990,3,0,30,21131.0,25341.4,14.28087,11.79817,10.14019,10.05501,2.467944,2.382703,0.1795154,0.1800431
1990,3,0,31,52379.0,23444.81,13.68745,10.97197,10.0624,9.94483,2.395344,2.279679,0.2285926,0.2253985
1990,3,0,32,26575.5,15358.43,11.80429,7.293662,9.63942,9.548512,1.987006,1.89489,0.1787592,0.183639
1990,3,0,33,18120.5,30788.95,13.29483,12.27002,10.33491,10.26193,2.507159,2.410085,0.154726,0.1992134
1990,3,0,34,77846.5,30617.44,13.52476,13.87608,10.32932,10.23932,2.630166,2.537132,0.1886737,0.1976875
1990,3,0,35,76498.5,21566.42,12.89325,9.914454,9.978893,9.850159,2.293994,2.169336,0.2582649,0.2495028
1990,3,0,36,113929.0,15171.71,12.23911,7.035915,9.627188,9.506754,1.951028,1.837821,0.242824,0.2280849
1990,3,0,37,45302.0,19353.15,12.74447,8.910736,9.87061,9.712267,2.187257,2.03935,0.2674474,0.2635259
1990,3,0,38,183857.5,18058.79,11.93038,8.463186,9.801388,9.671483,2.135726,2.006856,0.2598202,0.256374
1990,3,0,39,33153.5,21100.95,13.029,9.65207,9.957073,9.774343,2.267172,2.08382,0.3780888,0.3786005
1990,3,0,40,8254.5,15219.38,10.90823,6.476433,9.630325,9.361198,1.86817,1.614298,0.5406836,0.5079167
1990,3,0,41,25551.5,12348.19,10.08845,5.448753,9.421265,9.267887,1.695387,1.531584,0.2697331,0.2919441
1990,3,0,42,41640.5,16092.74,11.68413,7.509737,9.686124,9.549583,2.0162,1.881223,0.2794991,0.2805502
1990,3,0,43,10099.5,17059.16,10.6535,7.823317,9.744442,9.55102,2.057109,1.867061,0.3322214,0.3288815
1990,3,0,44,112230.5,25158.88,12.09128,11.49837,10.13297,9.996054,2.442206,2.305657,0.3006873,0.3052858
1990,3,0,45,37113.5,30153.96,12.8959,13.86001,10.31407,10.20441,2.629008,2.52122,0.2399962,0.2434605
1990,3,0,46,45732.5,25355.33,12.21512,11.71087,10.14074,10.02089,2.460518,2.344857,0.2608719,0.2598696
1990,3,0,47,298755.5,23051.59,11.86987,10.76649,10.04549,9.894442,2.376439,2.226151,0.3118386,0.3105418
1990,3,0,48,4747.0,27592.15,11.95681,12.35639,10.22529,10.1224,2.514173,2.396053,0.2253962,0.2537144
1990,3,0,49,61306.0,30986.13,12.59593,13.87105,10.3413,10.23153,2.629804,2.517884,0.2284677,0.2341219
1990,3,0,50,37346.0,27694.98,12.30389,12.76396,10.22901,10.13332,2.546625,2.449456,0.2093597,0.2127312
1990,3,0,51,2801.5,19349.86,11.59486,8.945169,9.87044,9.75983,2.191114,2.087688,0.2239924,0.2093274
1990,3,0,52,6545.5,19213.48,12.19922,8.951094,9.863367,9.708559,2.191776,2.028489,0.3578753,0.3862389
1990,3,0,53,10686.5,21991.48,12.09264,10.28386,9.99841,9.8791,2.330575,2.203254,0.2396328,0.2564985
1990,3,0,54,18639.0,20443.15,11.90493,9.458237,9.925403,9.813544,2.246886,2.13268,0.2291814,0.2344342
1990,3,0,55,18424.0,29742.87,12.5926,13.63613,10.30034,10.21075,2.612723,2.522243,0.1918202,0.1957676
1990,3,0,56,20038.5,26425.46,11.88712,12.13187,10.18208,10.05482,2.495836,2.373072,0.2568716,0.2514654
1990,3,0,57,8321.5,23426.59,11.76242,10.95627,10.06163,9.953455,2.393912,2.28455,0.2286858,0.2307506
1990,3,0,58,7500.5,16168.74,11.39044,7.481106,9.690835,9.571915,2.012381,1.902443,0.2336379,0.2217341
1990,3,0,59,19340.0,24668.47,12.30957,11.5855,10.11328,10.02085,2.449754,2.353005,0.1904626,0.1974964
1990,3,0,60,36915.0,17742.07,11.68869,8.216896,9.783694,9.671989,2.106193,2.000929,0.2184722,0.2082211
1990,3,0,61,175436.5,24066.11,11.87087,11.21949,10.08856,9.967563,2.417652,2.296781,0.2580331,0.2567337
1990,3,0,62,130965.5,24114.82,11.9226,11.30494,10.09058,9.964083,2.42524,2.299801,0.2742159,0.2715496
1990,3,0,63,32899.0,26206.26,12.56263,12.09224,10.17375,10.0757,2.492564,2.395573,0.21426,0.2128936
1990,3,0,64,355367.0,23699.24,12.05946,10.53818,10.0732,9.941762,2.355005,2.225576,0.2722564,0.27053
1990,3,0,65,43817.0,27587.7,11.77155,12.48079,10.22513,10.09576,2.524191,2.39936,0.280766,0.2690595
1990,3,0,66,214419.0,19717.05,11.9576,9.221387,9.889239,9.753381,2.221525,2.085148,0.2730168,0.2743846
1990,4,0,0,2015363.0,,12.40821,,,,,,,
1990,4,0,1,238900.5,27581.65,14.44591,12.81036,10.22491,10.09653,2.550254,2.422737,0.264318,0.267877
1990,4,0,2,211273.0,25289.22,14.22165,12.04231,10.13813,10.06173,2.488426,2.410712,0.1602801,0.1646402
1990,4,0,3,385.0,31038.2,15.76364,15.12896,10.34297,10.28408,2.716611,2.655108,0.1157681,0.1268346
1990,4,0,4,9425.5,34517.77,15.32205,16.06357,10.44923,10.38897,2.776554,2.716782,0.1346585,0.1316229
1990,4,0,5,22074.0,32326.16,14.86527,15.23618,10.38363,10.32668,2.723673,2.664281,0.122413,0.1283532
1990,4,0,6,4894.0,30258.07,16.18737,14.2575,10.31752,10.25875,2.657283,2.604583,0.1230325,0.1118513
1990,4,0,7,7495.5,55548.26,18.79568,22.48629,10.92501,10.72327,3.112906,2.880045,0.4195639,0.497794
1990,4,0,8,132591.0,29843.74,15.15226,14.2145,10.30373,10.19275,2.654263,2.540724,0.2520361,0.2593648
1990,4,0,9,13831.0,25231.84,15.42846,12.01372,10.13586,10.05252,2.486049,2.402207,0.1764042,0.1774815
1990,4,0,10,11874.5,29855.71,18.96467,14.0936,10.30413,10.1826,2.64572,2.532807,0.2804905,0.2548689
1990,4,0,11,272695.5,24247.23,16.63209,11.93347,10.09606,9.963407,2.479347,2.338363,0.296654,0.3104003
1990,4,0,12,9041.5,23896.86,16.4611,11.55195,10.0815,9.985328,2.446854,2.350152,0.2091992,0.2097343
1990,4,0,13,8950.0,29322.15,16.79598,13.81442,10.2861,10.15718,2.625713,2.504108,0.2516675,0.2460691
1990,4,0,14,78958.0,23256.09,15.40404,11.26819,10.05432,9.98195,2.421983,2.343942,0.1514087,0.1636158
1990,4,0,15,10545.5,47528.11,18.71907,20.48919,10.76908,10.63071,3.019897,2.889482,0.2773806,0.2663268
1990,4,0,16,24264.0,26855.03,15.13547,12.42815,10.19821,10.04271,2.519964,2.36477,0.3385754,0.337136
1990,4,0,17,110858.5,21077.52,13.56702,10.06142,9.955962,9.869808,2.308708,2.222655,0.1786615,0.1822224
1990,4,0,18,14562.5,24040.93,13.48937,11.49956,10.08751,10.00711,2.442309,2.36166,0.1685216,0.1678041
1990,4,0,19,4600.0,26154.22,13.25,12.26092,10.17177,10.0582,2.506417,2.374399,0.2033568,0.2474183
1990,4,0,20,39525.0,26635.64,14.32888,12.73027,10.19001,10.10037,2.543982,2.452942,0.1826531,0.1884612
1990,4,0,21,256054.5,18610.27,13.736,8.852027,9.831469,9.655208,2.180646,2.016557,0.3451049,0.3203445
1990,4,0,22,279166.0,19966.28,13.27163,9.74877,9.9018,9.837722,2.277141,2.210482,0.1308207,0.1368636
1990,4,0,23,70592.0,18023.96,13.49649,8.685163,9.799458,9.716611,2.161616,2.079295,0.167768,0.1653516
1990,4,0,24,62621.0,20326.39,13.31351,9.874993,9.919675,9.824532,2.290006,2.192207,0.1884997,0.1934403
1990,4,0,25,92891.5,19674.85,13.20867,9.509336,9.887096,9.81643,2.252274,2.180299,0.1416654,0.1462136
1990,4,0,26,4341.0,15804.4,12.64801,7.724014,9.668043,9.60165,2.044334,1.976788,0.1366626,0.1372429
1990,4,0,27,70039.5,21349.88,13.11444,10.36478,9.968801,9.893689,2.338414,2.262508,0.1593266,0.1602934
1990,4,0,28,62283.5,26672.71,13.01375,12.68917,10.1914,10.12534,2.540749,2.475339,0.1594457,0.1573184
1990,4,0,29,71450.5,20618.69,13.04674,9.866371,9.933953,9.825653,2.289132,2.180079,0.2186967,0.2219843
1990,4,0,30,81976.0,20623.8,13.62155,9.91533,9.934201,9.870835,2.294082,2.229305,0.1296199,0.1332408
1990,4,0,31,284243.5,18463.06,13.33181,8.995114,9.823527,9.73708,2.196681,2.107765,0.1773156,0.1834843
1990,4,0,32,116538.5,11261.01,11.99266,5.549888,9.329102,9.211111,1.713778,1.600209,0.2263182,0.2165722
1990,4,0,33,930.0,20521.99,12.6172,9.314466,9.929253,9.814373,2.231569,2.094817,0.2193208,0.254727
1990,4,0,34,28006.0,27193.73,13.65632,12.68388,10.21074,10.11698,2.540332,2.447218,0.1974358,0.2013175
1990,4,0,35,24205.5,20172.04,13.40452,9.498133,9.912053,9.746788,2.251095,2.087182,0.3119184,0.306726
1990,4,0,36,161593.0,12115.37,12.4345,5.896223,9.40223,9.28396,1.774312,1.660293,0.2230799,0.2165966
1990,4,0,37,301810.0,15126.74,12.49944,7.22501,9.624219,9.506218,1.977549,1.858192,0.2378536,0.2419515
1990,4,0,38,89675.0,13521.96,12.19921,6.518571,9.512071,9.394406,1.874655,1.762624,0.2341255,0.2246644
1990,4,0,39,93129.0,14916.98,13.46118,6.919693,9.610255,9.406229,1.934371,1.729497,0.4526449,0.4604643
1990,4,0,40,935.0,13873.65,10.99786,6.436531,9.537746,9.339972,1.86199,1.669091,0.39252,0.4272543
1990,4,0,41,5599.5,12927.28,10.9249,6.148163,9.467095,9.319223,1.816153,1.663347,0.2503992,0.2572787
1990,4,0,42,4753.5,13132.93,11.71873,6.292275,9.482879,9.345603,1.839323,1.707108,0.2665793,0.259725
1990,4,0,43,571.0,14644.48,11.55867,6.660306,9.591819,9.501752,1.896165,1.807503,0.1694801,0.163719
1990,4,0,44,8118.5,27770.24,12.75174,13.14238,10.23172,10.11059,2.575842,2.455652,0.2804297,0.2749254
1990,4,0,45,8048.5,27662.24,13.0023,13.11685,10.22782,10.16604,2.573898,2.514606,0.1433677,0.1366757
1990,4,0,46,4582.5,20364.05,12.67452,9.673737,9.921526,9.817673,2.269415,2.167859,0.2180573,0.2108037
1990,4,0,47,11738.0,21454.47,12.2204,10.03589,9.973688,9.817136,2.306167,2.161521,0.3177011,0.3004504
1990,4,0,48,353.0,26372.42,11.84703,12.52405,10.18007,10.0746,2.527651,2.424555,0.2065588,0.1987841
1990,4,0,49,18561.5,22586.43,12.57565,10.46652,10.0251,9.897995,2.348181,2.223336,0.2641255,0.2593971
1990,4,0,50,5371.0,22262.52,12.3774,10.52595,10.01066,9.904573,2.353844,2.24732,0.2237748,0.2253048
1990,4,0,51,1033.5,12042.62,11.43106,5.736599,9.396208,9.361227,1.746867,1.715957,0.0689595,0.0633453
1990,4,0,52,9413.0,14275.42,12.26803,6.895196,9.566295,9.440669,1.930825,1.80803,0.2635631,0.2567303
1990,4,0,53,8181.5,16824.89,12.36448,8.052346,9.730615,9.63372,2.085963,1.984441,0.1891442,0.2007255
1990,4,0,54,14244.5,13267.34,11.808,6.434086,9.49306,9.412086,1.86161,1.778504,0.1558859,0.1609951
1990,4,0,55,1491.0,23272.31,12.80818,11.25574,10.05502,9.944775,2.420879,2.317705,0.2222172,0.2070988
1990,4,0,56,7277.5,20774.73,11.74002,9.761456,9.941493,9.763067,2.278442,2.117257,0.3034582,0.2834845
1990,4,0,57,2285.0,17751.9,11.73786,8.340709,9.784247,9.689093,2.121148,2.026442,0.1805183,0.1839959
1990,4,0,58,1948.5,13059.99,11.36618,6.269989,9.477308,9.379973,1.835775,1.755448,0.2100555,0.1820199
1990,4,0,59,8052.5,19497.7,12.56976,9.310469,9.878052,9.765439,2.231139,2.11373,0.220412,0.2311696
1990,4,0,60,144091.0,12554.43,11.64762,6.051491,9.437829,9.346657,1.800305,1.712222,0.1766515,0.169927
1990,4,0,61,97303.5,17567.13,11.86537,8.379713,9.773785,9.647451,2.125814,2.003364,0.2469291,0.2396998
1990,4,0,62,98466.0,19130.39,12.03955,9.124992,9.859034,9.738358,2.211017,2.091261,0.2350432,0.2335171
1990,4,0,63,51854.5,17390.2,12.09775,8.259402,9.763662,9.656478,2.111352,2.008421,0.219653,0.2103541
1990,4,0,64,45814.5,19346.65,13.29562,9.135568,9.870275,9.719934,2.212175,2.069477,0.3169329,0.3014264
1990,4,0,65,4119.0,23733.38,12.22724,11.21103,10.07464,9.924427,2.416898,2.262713,0.3367426,0.3423849
1990,4,0,66,73925.5,16062.39,12.21565,7.70867,9.684236,9.568817,2.042346,1.930993,0.2318133,0.2246945
1990,0,4,0,8834080.0,,12.39929,,,,,,,
1990,0,4,1,2388635.0,32586.12,14.35164,,10.39164,10.22502,,,0.3242401,
1990,0,4,2,1437749.0,28895.7,14.79294,,10.27145,10.157,,,0.2168705,
1990,0,4,3,46540.0,33394.07,16.15748,,10.41613,10.30332,,,0.2494863,
1990,0,4,4,535502.0,38506.25,15.84528,,10.55858,10.50504,,,0.1126318,
1990,0,4,5,277410.0,36310.39,15.57122,,10.49986,10.42835,,,0.1441204,
1990,0,4,6,125876.0,30264.75,16.57509,,10.31774,10.22143,,,0.1976196,
1990,0,4,7,196365.5,55676.19,18.7721,,10.92731,10.679,,,0.490091,
1990,0,4,8,551993.0,30055.54,15.20545,,10.3108,10.23932,,,0.158576,
1990,0,4,9,133003.5,28025.24,15.93778,,10.24086,10.15317,,,0.1766138,
1990,0,4,10,108660.0,25911.95,17.57756,,10.16246,10.00141,,,0.3320749,
1990,0,4,11,906079.0,21595.0,16.12527,,9.980217,9.881846,,,0.219603,
1990,0,4,12,29123.0,21212.49,16.36931,,9.962345,9.881598,,,0.17764,
1990,0,4,13,96535.5,31890.64,16.83539,,10.37007,10.23784,,,0.2679392,
1990,0,4,14,238991.5,20898.78,15.89654,,9.947446,9.870239,,,0.1657383,
1990,0,4,15,223079.5,54361.0,18.6985,,10.9034,10.74289,,,0.3277472,
1990,0,4,16,515517.0,27101.6,14.78586,,10.20735,10.03171,,,0.3659707,
1990,0,4,17,419347.0,21780.47,13.92961,,9.988769,9.898926,,,0.1803296,
1990,0,4,18,347516.0,27434.47,13.85378,,10.21956,10.13991,,,0.1661198,
1990,0,4,19,58582.0,26385.61,14.02067,,10.18057,10.09002,,,0.1961816,
1990,0,4,20,558046.5,29992.34,14.70579,,10.3087,10.21113,,,0.2022337,
1990,0,4,21,2988930.0,28719.62,13.62199,,10.26534,10.05277,,,0.4126182,
1990,0,4,22,1058789.0,18610.77,13.03616,,9.831495,9.757369,,,0.1492879,
1990,0,4,23,303252.5,17511.62,13.2192,,9.770619,9.672153,,,0.192675,
1990,0,4,24,171615.0,19711.38,13.27168,,9.888951,9.789125,,,0.1898915,
1990,0,4,25,531319.0,18372.76,13.07936,,9.818624,9.735255,,,0.1673706,
1990,0,4,26,14979.0,17761.73,12.55888,,9.784801,9.663038,,,0.2006067,
1990,0,4,27,254151.5,22015.58,13.25134,,9.999506,9.905686,,,0.1873879,
1990,0,4,28,235401.0,25722.52,12.88013,,10.15512,10.08351,,,0.167025,
1990,0,4,29,593017.0,21222.22,12.78812,,9.962804,9.860416,,,0.2052068,
1990,0,4,30,369987.0,21362.02,13.68852,,9.96937,9.889255,,,0.1529674,
1990,0,4,31,868556.0,18363.25,13.19753,,9.818107,9.710802,,,0.2106186,
1990,0,4,32,143681.5,11975.64,11.42333,,9.39063,9.268657,,,0.2370743,
1990,0,4,33,84881.5,31268.54,13.22698,,10.35037,10.27666,,,0.1573693,
1990,0,4,34,306127.0,29019.44,13.49709,,10.27572,10.1986,,,0.1604112,
1990,0,4,35,173831.5,21178.01,12.94011,,9.960719,9.831698,,,0.2566096,
1990,0,4,36,912934.5,14145.2,12.24338,,9.557131,9.414383,,,0.2703761,
1990,0,4,37,468684.0,15357.13,12.61279,,9.639336,9.514611,,,0.2377504,
1990,0,4,38,438503.5,17941.82,11.90938,,9.794889,9.657998,,,0.2763657,
1990,0,4,39,458739.0,14909.99,12.90452,,9.609786,9.374474,,,0.5459594,
1990,0,4,40,189162.5,22746.94,12.65772,,10.03219,9.699849,,,0.7279916,
1990,0,4,41,135494.5,15900.21,11.1171,,9.674088,9.525175,,,0.2714984,
1990,0,4,42,204633.5,18062.56,11.9038,,9.801597,9.653204,,,0.3000256,
1990,0,4,43,48280.5,23764.87,11.65805,,10.07596,9.820835,,,0.5083497,
1990,0,4,44,711189.5,25112.17,12.24209,,10.13111,10.01852,,,0.244877,
1990,0,4,45,225291.5,27089.13,12.8671,,10.20689,10.10857,,,0.2134839,
1990,0,4,46,251318.0,25174.09,12.45605,,10.13357,10.02197,,,0.2382574,
1990,0,4,47,1763519.0,25599.5,12.08459,,10.15033,10.00688,,,0.2949612,
1990,0,4,48,43039.5,27988.31,11.85764,,10.23954,10.13922,,,0.2225348,
1990,0,4,49,326382.0,28689.6,12.74133,,10.26429,10.16954,,,0.1969207,
1990,0,4,50,260632.5,26682.01,12.34894,,10.19174,10.10825,,,0.17578,
1990,0,4,51,29113.5,21532.91,12.09478,,9.977338,9.830547,,,0.2859294,
1990,0,4,52,41519.0,16897.92,11.88109,,9.734945,9.576655,,,0.3276355,
1990,0,4,53,86856.0,21624.41,12.41539,,9.981578,9.854481,,,0.2500963,
1990,0,4,54,111786.5,19777.63,11.92514,,9.892306,9.77132,,,0.2514884,
1990,0,4,55,85714.0,30693.61,12.88361,,10.33181,10.24619,,,0.1817228,
1990,0,4,56,92296.5,21684.13,11.86437,,9.984336,9.896367,,,0.1834765,
1990,0,4,57,38050.0,22428.12,11.96921,,10.01807,9.926699,,,0.1897628,
1990,0,4,58,39921.0,17772.21,11.66478,,9.785391,9.684011,,,0.2127352,
1990,0,4,59,157072.5,23317.36,12.50885,,10.05695,9.952039,,,0.2184624,
1990,0,4,60,279266.5,14322.31,11.42388,,9.569573,9.46224,,,0.2080657,
1990,0,4,61,677039.5,21695.76,11.94397,,9.984872,9.874263,,,0.2306583,
1990,0,4,62,625481.5,20854.49,11.90668,,9.945325,9.834043,,,0.2316532,
1990,0,4,63,209116.5,22133.73,12.36272,,10.00486,9.895329,,,0.2296988,
1990,0,4,64,1013695.0,23666.03,12.079,,10.0718,9.943967,,,0.2600498,
1990,0,4,65,181272.5,27373.61,12.04164,,10.21733,10.09748,,,0.2412392,
1990,0,4,66,767806.5,18877.93,11.92349,,9.845749,9.727354,,,0.2428671,
1990,1,4,0,1623708.0,,13.86286,,,,,,,
1990,1,4,1,1283737.0,37841.91,14.54156,15.3508,10.54117,10.37368,2.731168,2.567636,0.3287942,0.3261946
1990,1,4,2,556412.0,34718.74,15.48929,14.90776,10.45504,10.33224,2.701882,2.59051,0.2337766,0.2174186
1990,1,4,3,34991.0,34748.92,16.23655,15.00495,10.4559,10.33854,2.70838,2.594341,0.2633227,0.2712801
1990,1,4,4,448164.5,39129.35,15.94459,17.25376,10.57463,10.52214,2.84803,2.795482,0.1092514,0.1112535
1990,1,4,5,160149.5,39158.64,15.89705,17.30087,10.57538,10.50155,2.850757,2.779647,0.1478921,0.1468751
1990,1,4,6,80135.0,31609.83,16.84939,13.87319,10.36122,10.25426,2.629958,2.517632,0.219589,0.2410473
1990,1,4,7,134513.5,60778.0,19.05291,22.763,11.01498,10.76358,3.125136,2.829379,0.5066009,0.6088139
1990,1,4,8,50926.5,37546.32,16.25207,16.56617,10.53333,10.44654,2.807363,2.726028,0.1830073,0.1763272
1990,1,4,9,26742.5,31787.98,15.83461,13.98429,10.36684,10.2375,2.637935,2.519315,0.2539323,0.2423177
1990,1,4,10,56419.5,28250.81,20.35376,12.04653,10.24888,10.07599,2.488776,2.330826,0.354216,0.329176
1990,1,4,11,209496.5,24639.51,16.71817,10.80188,10.11211,10.0221,2.37972,2.288925,0.1973442,0.1974963
1990,1,4,12,8062.5,22890.9,17.85141,10.85655,10.03849,9.95118,2.384768,2.308715,0.1859241,0.1642693
1990,1,4,13,39017.5,36141.65,17.41944,15.47468,10.4952,10.35237,2.739205,2.613285,0.2809708,0.254226
1990,1,4,14,89342.5,21417.76,16.50234,9.184966,9.971976,9.880366,2.217568,2.115865,0.1945097,0.2159198
1990,1,4,15,138876.0,58210.45,19.12255,22.83563,10.97182,10.80972,3.128322,2.978099,0.3367276,0.3104591
1990,1,4,16,258914.0,29368.2,15.27771,12.81435,10.28767,10.10908,2.550566,2.379768,0.3673828,0.3600696
1990,1,4,17,73221.0,25593.51,14.62444,11.06585,10.15009,10.04705,2.403864,2.298869,0.1961924,0.2044897
1990,1,4,18,266808.5,28397.22,13.97263,12.73573,10.25405,10.17773,2.544411,2.472098,0.1584865,0.1522297
1990,1,4,19,36022.0,27863.6,14.22031,12.31726,10.23508,10.1462,2.511002,2.417733,0.1919457,0.2077303
1990,1,4,20,328795.0,32171.37,15.08106,14.48965,10.37883,10.27781,2.673435,2.568859,0.2127656,0.2236434
1990,1,4,21,1625747.0,33549.26,14.01517,13.88569,10.42077,10.23056,2.630859,2.446346,0.3609163,0.3508859
1990,1,4,22,16159.5,22389.3,14.445,10.51655,10.01634,9.886454,2.35295,2.231551,0.2484565,0.2368534
1990,1,4,23,39035.5,24022.04,14.52176,10.83144,10.08673,9.953719,2.382453,2.262257,0.271175,0.2464768
1990,1,4,24,31920.5,24273.48,14.37797,11.05553,10.09714,9.957079,2.402931,2.27672,0.2539613,0.2337375
1990,1,4,25,49444.0,23627.99,14.19497,10.61002,10.07019,9.953659,2.361799,2.25545,0.2235547,0.2053947
1990,1,4,26,5593.0,19387.58,12.98534,9.145621,9.872388,9.787132,2.213275,2.133951,0.1753711,0.1571939
1990,1,4,27,80396.5,26604.79,13.92423,12.08217,10.18885,10.0984,2.491731,2.404176,0.1795032,0.1769595
1990,1,4,28,104781.5,27309.7,13.2213,12.55163,10.215,10.15044,2.52985,2.467696,0.1469846,0.1416823
1990,1,4,29,301308.5,23302.8,12.94854,10.38824,10.05633,9.959557,2.340674,2.252151,0.1942418,0.1781273
1990,1,4,30,85144.5,26064.75,14.63809,11.7549,10.16834,10.07174,2.46427,2.372424,0.1825519,0.177888
1990,1,4,31,121634.0,25190.62,14.48069,11.33762,10.13423,10.00099,2.428127,2.30672,0.2567428,0.240642
1990,1,4,32,18037.0,16795.01,12.09264,7.876947,9.728837,9.582418,2.063941,1.930025,0.2799319,0.2686491
1990,1,4,33,74037.0,31758.67,13.29025,11.87743,10.36592,10.29442,2.47464,2.38599,0.1524187,0.1867948
1990,1,4,34,218386.5,29912.89,13.53013,13.33678,10.30604,10.23386,2.590526,2.516434,0.1491732,0.1544911
1990,1,4,35,100237.0,22307.58,13.31922,9.865411,10.01268,9.882452,2.289035,2.169819,0.2631008,0.2455194
1990,1,4,36,308599.0,17153.43,12.94682,7.630356,9.749953,9.603264,2.032135,1.907523,0.2811503,0.2433886
1990,1,4,37,50195.5,20682.71,13.93489,9.155386,9.937054,9.774963,2.214342,2.073566,0.2840711,0.2557608
1990,1,4,38,263605.5,19783.98,12.33494,8.962444,9.892628,9.767051,2.193043,2.077817,0.2523132,0.2340577
1990,1,4,39,63669.5,20850.61,13.63673,9.412893,9.945138,9.792175,2.24208,2.094668,0.3323596,0.3221412
1990,1,4,40,164918.0,23667.1,12.75626,8.205093,10.07184,9.758881,2.104755,1.767805,0.6747143,0.7312877
1990,1,4,41,101684.5,16809.11,11.17835,6.511494,9.729676,9.583554,1.873569,1.719338,0.2610055,0.2791332
1990,1,4,42,151029.5,19405.17,12.11571,8.606196,9.873295,9.728514,2.152483,2.017817,0.2929482,0.2770445
1990,1,4,43,42053.0,24361.21,11.90776,10.11751,10.10075,9.843446,2.314267,2.064132,0.5204909,0.5185668
1990,1,4,44,651639.5,25367.13,12.31464,10.99819,10.14121,10.03008,2.39773,2.284767,0.2419806,0.251615
1990,1,4,45,192034.0,27334.86,12.92065,12.25236,10.21592,10.11688,2.505718,2.406633,0.2144527,0.2176811
1990,1,4,46,217732.5,25716.04,12.52989,11.43401,10.15487,10.04636,2.436593,2.328784,0.229877,0.2325388
1990,1,4,47,1595812.0,26086.99,12.22868,11.76574,10.16919,10.02832,2.465192,2.3282,0.2895606,0.2864572
1990,1,4,48,40271.0,28170.3,11.89956,11.92197,10.24602,10.14655,2.478383,2.367751,0.2212437,0.2461542
1990,1,4,49,253197.5,30187.88,12.77588,12.77993,10.3152,10.23072,2.547876,2.466878,0.1741087,0.1668023
1990,1,4,50,234443.5,27195.38,12.40296,11.90801,10.2108,10.13165,2.477211,2.403908,0.165559,0.154699
1990,1,4,51,24509.5,22496.15,12.29164,9.935664,10.0211,9.877879,2.296131,2.157584,0.280037,0.2747275
1990,1,4,52,19626.5,19428.94,11.76761,8.768268,9.874519,9.73247,2.171139,2.033787,0.2809995,0.2843379
1990,1,4,53,49255.0,24619.23,12.45246,10.86843,10.11128,9.990312,2.385863,2.276512,0.2384234,0.2190087
1990,1,4,54,69752.5,22068.75,12.02589,9.807128,10.00192,9.897554,2.283109,2.18019,0.218151,0.2186351
1990,1,4,55,74361.5,31268.24,12.91863,13.89334,10.35036,10.26817,2.63141,2.550442,0.1742089,0.1748313
1990,1,4,56,70135.0,22913.12,11.88551,10.28868,10.03946,9.961723,2.331044,2.257267,0.1623975,0.1551109
1990,1,4,57,28868.0,23933.05,12.0106,10.60199,10.08302,10.00008,2.361042,2.285002,0.1710005,0.1598033
1990,1,4,58,30863.5,18515.35,11.78071,8.46071,9.826355,9.727638,2.135433,2.037159,0.2062483,0.2088484
1990,1,4,59,103592.5,25448.65,12.49176,11.59274,10.14442,10.05207,2.450379,2.359831,0.1927446,0.190037
1990,1,4,60,61151.5,19215.03,11.62034,8.649455,9.863448,9.760558,2.157496,2.061607,0.2007526,0.191849
1990,1,4,61,423386.0,23901.41,12.05396,10.74644,10.08169,9.987436,2.374574,2.284145,0.1975824,0.1904081
1990,1,4,62,382076.5,23082.82,12.02575,10.43901,10.04684,9.951117,2.34555,2.25344,0.2025898,0.1963037
1990,1,4,63,104862.5,26078.86,12.79214,11.54981,10.16888,10.08535,2.446669,2.366821,0.1767829,0.1680337
1990,1,4,64,785329.5,24585.94,12.19546,10.24826,10.10993,9.988024,2.327108,2.209442,0.2458815,0.239885
1990,1,4,65,160416.0,27921.35,12.10882,11.99709,10.23715,10.12106,2.484664,2.367826,0.2310101,0.235854
1990,1,4,66,479447.5,20488.05,12.22847,9.309919,9.927597,9.816412,2.231081,2.123729,0.231324,0.2251605
1990,2,4,0,5658342.0,,14.26098,,,,,,,
1990,2,4,1,947208.0,26189.91,14.62028,11.6928,10.17313,10.04566,2.458974,2.340517,0.2565325,0.241305
1990,2,4,2,742475.0,25159.46,14.77961,11.59038,10.13299,10.04538,2.450176,2.370239,0.1721812,0.1591585
1990,2,4,3,9818.0,28452.96,16.92463,12.98347,10.25601,10.17172,2.563677,2.477741,0.1860128,0.1950091
1990,2,4,4,64038.5,34897.36,16.16342,15.86353,10.46017,10.40786,2.764023,2.712442,0.1168307,0.1147182
1990,2,4,5,97831.0,32388.37,15.61767,15.07291,10.38555,10.32955,2.712899,2.65679,0.1175119,0.1175082
1990,2,4,6,40093.0,27732.99,17.06068,12.69927,10.23038,10.15753,2.541544,2.46506,0.1553459,0.168886
1990,2,4,7,53634.5,42038.36,19.23825,16.84499,10.64634,10.44419,2.824054,2.576441,0.3894424,0.4785284
1990,2,4,8,451642.0,29337.82,16.82242,14.09561,10.28663,10.22734,2.645863,2.58727,0.1326144,0.1329453
1990,2,4,9,95869.0,27087.53,17.37888,12.89105,10.20683,10.13635,2.556534,2.487204,0.1482425,0.1478018
1990,2,4,10,45837.5,22658.28,20.70547,10.49696,10.02828,9.897359,2.351086,2.225369,0.2831388,0.2751215
1990,2,4,11,601203.5,20427.85,17.14317,9.628643,9.924654,9.832251,2.264742,2.171004,0.2098809,0.2079157
1990,2,4,12,17685.5,20840.96,17.75924,10.26004,9.944675,9.869855,2.328257,2.256235,0.1679106,0.1567211
1990,2,4,13,50847.0,29241.18,17.673,13.30099,10.28333,10.16947,2.587838,2.483537,0.2431856,0.2270344
1990,2,4,14,105328.5,20304.93,16.70705,9.600597,9.918619,9.850853,2.261825,2.193106,0.1491416,0.152319
1990,2,4,15,73986.5,47785.78,19.33509,19.72697,10.77448,10.63084,2.981987,2.854463,0.286706,0.2561452
1990,2,4,16,227480.5,24237.78,15.87333,11.12903,10.09567,9.934716,2.409557,2.257664,0.3509895,0.3376985
1990,2,4,17,293131.0,21052.21,15.13732,10.1798,9.954761,9.874737,2.320406,2.241757,0.1643325,0.161492
1990,2,4,18,58030.5,23631.34,14.58218,11.06829,10.07033,9.990553,2.404084,2.327727,0.1649028,0.1588372
1990,2,4,19,17237.5,23609.93,14.92113,10.92058,10.06942,9.985958,2.390649,2.309743,0.185078,0.1791827
1990,2,4,20,187286.0,26751.94,15.23834,12.58191,10.19436,10.11379,2.53226,2.452443,0.1653868,0.166256
1990,2,4,21,1134863.0,21959.66,14.41486,10.0436,9.996963,9.804955,2.306935,2.135077,0.379082,0.3382939
1990,2,4,22,904368.0,18551.76,13.695,8.969413,9.82832,9.75356,2.19382,2.119827,0.1504039,0.1486525
1990,2,4,23,222111.0,16420.26,14.13277,7.909026,9.706271,9.622186,2.068005,1.987205,0.1680814,0.161528
1990,2,4,24,102547.5,18711.35,13.95073,9.004859,9.836885,9.756906,2.197764,2.119904,0.1611651,0.1581798
1990,2,4,25,428466.0,17678.92,13.75012,8.486646,9.780128,9.703148,2.138494,2.064333,0.1585148,0.1528826
1990,2,4,26,5872.5,17156.21,13.34713,8.372475,9.750115,9.575916,2.124949,1.954732,0.216576,0.2061086
1990,2,4,27,125127.0,19312.85,13.52474,9.203045,9.868526,9.787688,2.219534,2.142109,0.162125,0.1563969
1990,2,4,28,70617.5,24039.04,13.53602,11.50339,10.08743,10.01485,2.442642,2.374238,0.1738763,0.1632031
1990,2,4,29,210035.5,18938.88,13.34081,8.904333,9.848972,9.750926,2.186538,2.096097,0.1960693,0.1783066
1990,2,4,30,227727.5,19855.33,13.7737,9.470599,9.896228,9.829791,2.248192,2.182553,0.130033,0.1289559
1990,2,4,31,588294.0,17072.72,13.98761,8.194269,9.745237,9.654068,2.103435,2.016023,0.1875777,0.1826758
1990,2,4,32,76508.0,10772.93,12.77687,5.372124,9.284792,9.183284,1.681223,1.580777,0.2039474,0.2008909
1990,2,4,33,2965.0,26351.79,13.9059,10.69554,10.17929,10.09839,2.369827,2.293158,0.178918,0.1618268
1990,2,4,34,35504.5,26098.3,13.83639,12.03995,10.16963,10.08318,2.48823,2.402561,0.1782441,0.1787465
1990,2,4,35,24596.0,20004.57,14.07477,9.268774,9.903716,9.787623,2.226651,2.119345,0.2501823,0.2272591
1990,2,4,36,466217.5,12180.83,14.11734,6.0803,9.407619,9.287669,1.805054,1.694596,0.2302977,0.212918
1990,2,4,37,282518.5,14856.17,13.7797,7.274486,9.606171,9.495439,1.984373,1.877137,0.220325,0.2155385
1990,2,4,38,77302.5,13521.87,13.38108,6.573198,9.512063,9.38184,1.883,1.758662,0.2709233,0.2569418
1990,2,4,39,342941.5,13406.32,14.26554,6.308124,9.503482,9.259591,1.841838,1.585212,0.5671033,0.6026065
1990,2,4,40,21257.0,15018.85,14.19316,6.000996,9.617062,9.184757,1.791925,1.351586,0.9494268,0.9746273
1990,2,4,41,22545.0,12173.65,12.68086,5.484882,9.407029,9.298541,1.701996,1.592611,0.2223205,0.220775
1990,2,4,42,33351.0,13756.15,13.37894,6.475673,9.529241,9.402684,1.868053,1.742793,0.2626058,0.2645516
1990,2,4,43,2447.5,21759.46,12.86496,9.530945,9.987803,9.755073,2.254544,2.01457,0.4519357,0.4748755
1990,2,4,44,15971.0,23633.76,12.85837,10.77403,10.07043,9.951041,2.377138,2.259918,0.2493825,0.2484525
1990,2,4,45,15156.5,25426.69,13.56382,11.84365,10.14355,10.0689,2.471792,2.397425,0.1672366,0.1667738
1990,2,4,46,14885.5,21633.01,13.36442,10.03901,9.981976,9.838413,2.306479,2.175943,0.3196675,0.2994014
1990,2,4,47,41902.0,21510.94,13.20271,10.04569,9.976317,9.808154,2.307144,2.142738,0.3526718,0.3414956
1990,2,4,48,770.0,28010.78,12.71818,12.61578,10.24035,10.09655,2.534949,2.372555,0.3428719,0.3825876
1990,2,4,49,48849.5,22912.6,12.90435,10.3483,10.03944,9.934908,2.336823,2.24054,0.2128247,0.1985571
1990,2,4,50,11198.0,19585.08,12.63065,9.166851,9.882524,9.776417,2.215594,2.112873,0.2131627,0.2061629
1990,2,4,51,2867.0,14843.11,12.65504,7.077395,9.605291,9.489409,1.956906,1.84994,0.2132378,0.1980185
1990,2,4,52,15693.0,13728.44,13.46549,6.612894,9.527225,9.374329,1.889021,1.741309,0.3280622,0.3207919
1990,2,4,53,29433.0,17120.76,13.19893,8.103703,9.748047,9.649705,2.092321,2.001967,0.2000906,0.1888224
1990,2,4,54,26962.0,15111.61,13.19561,7.185297,9.623219,9.507927,1.972037,1.864383,0.2395919,0.2205185
1990,2,4,55,4816.5,28443.27,13.52912,12.91665,10.25567,10.1531,2.558517,2.462127,0.213884,0.2064223
1990,2,4,56,13718.5,16259.93,12.05394,7.672934,9.696459,9.619786,2.037699,1.96329,0.1554247,0.148728
1990,2,4,57,5393.0,16387.63,12.12924,7.658411,9.704282,9.629135,2.035805,1.963864,0.1626551,0.1518502
1990,2,4,58,4772.0,15319.44,11.99288,7.286477,9.636878,9.551059,1.98602,1.904561,0.208243,0.1950647
1990,2,4,59,41410.0,18183.96,13.33296,8.650405,9.808295,9.705706,2.157606,2.056615,0.2065273,0.2040035
1990,2,4,60,142372.0,12616.36,11.54906,6.099764,9.44275,9.357816,1.80825,1.728487,0.1676359,0.1592794
1990,2,4,61,148200.5,16599.47,12.16629,7.834632,9.717126,9.620458,2.058554,1.967302,0.1950355,0.184462
1990,2,4,62,155501.5,16203.93,12.03592,7.696639,9.693009,9.594377,2.040784,1.948153,0.1987017,0.1864118
1990,2,4,63,73306.0,17481.51,12.15229,8.158378,9.768899,9.677623,2.099045,2.014405,0.1873361,0.1730828
1990,2,4,64,78294.0,18484.67,13.97633,8.425744,9.824697,9.667962,2.131292,1.991651,0.3190734,0.2893151
1990,2,4,65,5619.5,22889.86,12.933,10.26476,10.03845,9.907673,2.328716,2.21276,0.2742634,0.2444848
1990,2,4,66,152931.5,15251.01,12.73097,7.323176,9.632401,9.525582,1.991044,1.893046,0.2190962,0.2003645
1990,3,4,0,646129.0,,12.12626,,,,,,,
1990,3,4,1,72114.5,27595.12,14.14752,11.90732,10.22539,10.08797,2.477153,2.342399,0.2811118,0.2767909
1990,3,4,2,46494.5,27041.78,14.81016,12.32276,10.20514,10.09519,2.511448,2.398804,0.2209235,0.2300236
1990,3,4,3,1518.0,30641.98,15.47365,13.68174,10.33013,10.24501,2.616062,2.544265,0.1772197,0.1517413
1990,3,4,4,18098.0,36407.34,15.53376,16.41475,10.50253,10.44021,2.79818,2.737295,0.1347571,0.1321139
1990,3,4,5,9179.0,34039.5,15.38795,15.48424,10.43528,10.37253,2.739823,2.675618,0.1292911,0.1354896
1990,3,4,6,2976.0,29376.22,16.02453,13.43578,10.28794,10.2149,2.597921,2.526306,0.1498514,0.1459976
1990,3,4,7,4313.0,55291.5,18.78437,20.58271,10.92037,10.74383,3.024451,2.80056,0.3355881,0.4454657
1990,3,4,8,4655.5,26044.79,14.79755,11.47672,10.16757,10.00167,2.440321,2.289884,0.4272901,0.3760885
1990,3,4,9,3129.0,26326.1,14.54682,11.65304,10.17832,10.1002,2.455567,2.364288,0.1716528,0.2029002
1990,3,4,10,3255.5,27950.38,20.03287,12.6767,10.23819,10.10022,2.539766,2.411969,0.263101,0.261099
1990,3,4,11,21681.0,22674.23,16.0173,10.44483,10.02898,9.940171,2.346107,2.256181,0.1966448,0.1926141
1990,3,4,12,764.5,21824.93,16.99019,11.21916,9.990808,9.939544,2.417623,2.366141,0.1119727,0.1138257
1990,3,4,13,2397.5,27930.61,16.5464,12.90206,10.23748,10.12953,2.557387,2.458848,0.2224986,0.2061686
1990,3,4,14,15320.0,21940.13,15.57637,10.05776,9.996073,9.91538,2.308345,2.221093,0.1722664,0.1899988
1990,3,4,15,4917.0,45070.52,18.79052,18.4559,10.71598,10.56106,2.915384,2.78693,0.309924,0.2578573
1990,3,4,16,17179.5,28935.82,14.93833,13.28389,10.27284,10.0573,2.586552,2.363097,0.3828993,0.3857884
1990,3,4,17,11796.5,21573.17,13.73645,9.999059,9.979205,9.86761,2.302491,2.19025,0.2083228,0.2107059
1990,3,4,18,17038.0,26078.13,13.79475,11.78691,10.16885,10.0847,2.46699,2.386445,0.188953,0.187407
1990,3,4,19,3597.5,25573.94,13.63697,11.71281,10.14933,10.04966,2.460683,2.367353,0.2182153,0.2036189
1990,3,4,20,22237.5,27577.9,14.46044,12.72966,10.22477,10.13523,2.543934,2.444343,0.1925377,0.2154103
1990,3,4,21,94786.5,24526.57,13.74607,10.75318,10.10751,9.942861,2.375201,2.221753,0.3233907,0.3066882
1990,3,4,22,4486.5,20196.44,13.52769,9.357423,9.913261,9.834594,2.23617,2.163716,0.1555594,0.1483547
1990,3,4,23,6954.5,19627.1,13.99756,9.251185,9.884666,9.801018,2.224752,2.141083,0.1733768,0.1725686
1990,3,4,24,8034.5,20107.36,13.52318,9.542793,9.908841,9.813411,2.255786,2.165125,0.1920173,0.1805055
1990,3,4,25,8586.5,21226.55,14.18506,10.12282,9.963008,9.88818,2.314793,2.229075,0.1558169,0.1839333
1990,3,4,26,1419.0,19628.1,12.98238,9.711006,9.884717,9.793038,2.27326,2.188556,0.1921663,0.1678482
1990,3,4,27,17071.5,23246.16,13.52992,10.88435,10.05389,9.984547,2.387326,2.318216,0.1446773,0.146135
1990,3,4,28,32813.5,24424.97,12.80156,11.35717,10.10336,10.02317,2.42985,2.350491,0.1856388,0.1845491
1990,3,4,29,50180.0,19308.88,12.78011,8.996923,9.86832,9.775307,2.196883,2.104672,0.1856852,0.1847321
1990,3,4,30,12076.0,22673.87,14.36303,10.53416,10.02897,9.955454,2.354624,2.276866,0.1566211,0.1641602
1990,3,4,31,27472.0,20147.6,13.7183,9.404784,9.91084,9.802868,2.241219,2.136519,0.2085199,0.199678
1990,3,4,32,12956.5,13789.06,12.10867,6.605449,9.531631,9.453367,1.887895,1.80614,0.1582547,0.167443
1990,3,4,33,7500.5,28333.09,13.26685,11.0698,10.25179,10.17274,2.40422,2.312696,0.1668047,0.1824977
1990,3,4,34,36345.5,27447.79,13.42031,12.46364,10.22004,10.14053,2.522816,2.439202,0.1655996,0.1779778
1990,3,4,35,37690.5,19033.54,12.92628,8.718984,9.853958,9.746913,2.165503,2.061805,0.2099982,0.2028876
1990,3,4,36,70231.5,13578.35,12.42629,6.377741,9.516232,9.412987,1.852814,1.754259,0.2115579,0.2011003
1990,3,4,37,22449.0,16893.88,12.7415,7.80481,9.734707,9.60286,2.05474,1.937206,0.2365338,0.2325428
1990,3,4,38,72116.0,15921.95,12.2735,7.513525,9.675454,9.553792,2.016705,1.893509,0.2387367,0.23287
1990,3,4,39,14346.5,17836.49,13.37999,8.199718,9.789001,9.653692,2.1041,1.97974,0.2725886,0.2532798
1990,3,4,40,2774.5,16124.54,11.69832,6.643893,9.688097,9.415485,1.893698,1.666164,0.5110838,0.432215
1990,3,4,41,9170.5,11879.08,10.9765,5.284222,9.382534,9.240617,1.664725,1.519524,0.2803012,0.2836831
1990,3,4,42,18612.0,14498.87,12.13164,6.768569,9.581826,9.468978,1.91229,1.802975,0.2380684,0.231382
1990,3,4,43,3516.0,17877.74,11.46672,8.005325,9.791311,9.582658,2.080107,1.87814,0.3494183,0.3447089
1990,3,4,44,40895.5,21434.0,12.29272,9.71528,9.972733,9.851002,2.2737,2.157374,0.260639,0.254835
1990,3,4,45,15351.5,25744.27,12.94616,11.9449,10.15597,10.04672,2.480304,2.372257,0.2404824,0.2361309
1990,3,4,46,16702.0,21647.4,12.58789,10.12951,9.98264,9.883251,2.315453,2.217424,0.2197063,0.215865
1990,3,4,47,119924.0,19911.98,12.14984,9.278749,9.899077,9.764429,2.227727,2.095906,0.2728178,0.2677145
1990,3,4,48,1782.5,24275.01,12.19748,10.33178,10.0972,10.00731,2.335224,2.243487,0.1815722,0.1809144
1990,3,4,49,18629.0,25359.23,12.69129,11.18931,10.1409,10.04168,2.414959,2.318148,0.1969215,0.1926754
1990,3,4,50,12872.0,23721.94,12.4119,10.8292,10.07416,9.982742,2.382246,2.291991,0.1990446,0.1952804
1990,3,4,51,1320.5,18086.22,11.99318,8.403756,9.802906,9.690547,2.128679,2.031574,0.2414494,0.2073756
1990,3,4,52,2524.5,16434.46,12.54031,7.490071,9.707135,9.56065,2.013578,1.882241,0.3338267,0.3031288
1990,3,4,53,4670.0,18820.39,12.27623,8.807048,9.842696,9.738584,2.175552,2.059661,0.2037849,0.2283588
1990,3,4,54,8327.5,17007.96,12.1477,7.930879,9.741437,9.647683,2.070764,1.969837,0.1844622,0.2015841
1990,3,4,55,5899.0,26427.16,12.8493,12.13912,10.18215,10.09274,2.496433,2.407021,0.1907134,0.1890602
1990,3,4,56,6373.0,20943.3,12.01381,9.650829,9.949574,9.838047,2.267044,2.161921,0.2271997,0.2109952
1990,3,4,57,2913.0,18293.73,12.22863,8.600881,9.814314,9.732735,2.151865,2.071255,0.1765446,0.1721248
1990,3,4,58,3583.0,14851.9,12.04605,6.715963,9.605883,9.497874,1.904487,1.814536,0.2065549,0.1785185
1990,3,4,59,8371.0,21291.31,12.34572,10.18467,9.966054,9.880079,2.320883,2.229966,0.1788342,0.1866798
1990,3,4,60,17807.5,15848.02,11.95339,7.382531,9.6708,9.587132,1.999117,1.915719,0.1753539,0.1735329
1990,3,4,61,69337.5,20669.24,12.19854,9.612412,9.936402,9.822642,2.263055,2.149834,0.2332319,0.2316827
1990,3,4,62,53029.5,19721.57,12.20121,9.239307,9.889468,9.764649,2.223467,2.100911,0.2503604,0.2469542
1990,3,4,63,12321.0,21789.57,12.64987,10.08711,9.989186,9.883731,2.311259,2.207477,0.222601,0.2217855
1990,3,4,64,133187.5,20772.83,12.40101,9.239094,9.941401,9.819169,2.223444,2.104041,0.2494918,0.2437542
1990,3,4,65,13885.0,23173.78,12.16586,10.54551,10.05078,9.916747,2.3557,2.229136,0.2861492,0.265611
1990,3,4,66,104165.5,17139.74,12.31733,8.032126,9.749155,9.635852,2.083449,1.970782,0.2216803,0.2213429
1990,4,4,0,905900.5,,12.70199,,,,,,,
1990,4,4,1,85575.5,22905.18,14.30352,10.62718,10.03912,9.930255,2.363415,2.254134,0.2223524,0.2270866
1990,4,4,2,92367.0,22658.8,14.43324,10.76803,10.0283,9.965668,2.376582,2.313242,0.1311634,0.1333894
1990,4,4,3,213.0,29213.23,15.51174,14.55885,10.28238,10.24101,2.678199,2.62483,0.0804109,0.1120289
1990,4,4,4,5201.0,34053.21,15.84042,15.77836,10.43568,10.38543,2.758639,2.711097,0.1162161,0.106643
1990,4,4,5,10250.5,29375.72,15.13497,13.8091,10.28792,10.22852,2.625328,2.567161,0.1275139,0.1275661
1990,4,4,6,2672.0,26985.85,16.12313,12.74085,10.20307,10.15506,2.544814,2.499202,0.0982084,0.09252
1990,4,4,7,3904.5,43087.02,18.79549,17.17052,10.67098,10.49693,2.843194,2.644328,0.3491792,0.4006801
1990,4,4,8,44769.0,27715.65,15.33601,13.15696,10.22975,10.11065,2.576951,2.455031,0.2724187,0.2775703
1990,4,4,9,7263.0,24517.3,15.45298,11.5335,10.10713,10.02904,2.445256,2.372037,0.153679,0.1484866
1990,4,4,10,3147.5,20868.94,18.63352,10.04764,9.946017,9.815997,2.307338,2.186924,0.3024928,0.2668205
1990,4,4,11,73698.0,18773.75,15.93757,9.128879,9.840215,9.721063,2.211443,2.091552,0.2577179,0.2581096
1990,4,4,12,2610.5,18339.08,15.69623,9.106138,9.81679,9.733482,2.208949,2.124968,0.1879781,0.1922192
1990,4,4,13,4273.5,23731.04,16.48555,11.16552,10.07454,9.983458,2.41283,2.32412,0.2037322,0.1990982
1990,4,4,14,29000.5,20711.51,15.46839,9.991591,9.938445,9.880206,2.301744,2.236954,0.1236358,0.1391276
1990,4,4,15,5300.0,41711.26,18.77981,18.04164,10.63853,10.51411,2.892682,2.771191,0.2614001,0.25484
1990,4,4,16,11943.0,24691.24,15.36984,11.53189,10.1142,9.9865,2.445117,2.319343,0.2731537,0.2701085
1990,4,4,17,41198.5,19424.74,13.9373,9.249759,9.874303,9.785453,2.224597,2.134739,0.1928929,0.1974584
1990,4,4,18,5639.0,21256.53,14.14843,10.26124,9.964419,9.903382,2.328374,2.263777,0.1296251,0.1340861
1990,4,4,19,1725.0,22366.23,13.61681,10.27466,10.01531,9.944199,2.329681,2.235536,0.1498875,0.2034755
1990,4,4,20,19728.0,25103.78,14.6253,11.92257,10.13077,10.0466,2.478433,2.395153,0.1753432,0.1747608
1990,4,4,21,133534.0,16817.37,13.91374,8.035364,9.730167,9.56944,2.083852,1.937957,0.3070859,0.2764918
1990,4,4,22,133774.5,18536.18,13.32745,9.059663,9.82748,9.766226,2.203832,2.140282,0.1281878,0.132096
1990,4,4,23,35151.5,16374.12,13.65543,7.91153,9.703458,9.632912,2.068321,1.997745,0.1470579,0.1463396
1990,4,4,24,29112.5,17899.75,13.48029,8.675528,9.792542,9.70328,2.160506,2.068067,0.1740891,0.1807257
1990,4,4,25,44822.5,18299.94,13.35793,8.83375,9.814653,9.756273,2.17858,2.119332,0.1189458,0.1205748
1990,4,4,26,2094.5,13905.19,12.54046,6.7466,9.540017,9.477849,1.909039,1.848589,0.1285027,0.1218137
1990,4,4,27,31556.5,19144.72,13.34514,9.277262,9.859782,9.787287,2.227566,2.153541,0.15747,0.1593045
1990,4,4,28,27188.5,24787.22,13.21434,11.747,10.11808,10.0449,2.463598,2.390638,0.1758801,0.1740946
1990,4,4,29,31493.0,17837.33,13.32369,8.494109,9.789049,9.693954,2.139373,2.049675,0.1901135,0.1857395
1990,4,4,30,45039.0,19332.29,13.8903,9.257689,9.869532,9.811746,2.225455,2.166581,0.1183558,0.1213024
1990,4,4,31,131156.0,16777.88,13.51873,8.169449,9.727817,9.648129,2.100401,2.019508,0.1612973,0.1646517
1990,4,4,32,36180.0,10561.99,12.4291,5.21499,9.265018,9.161558,1.651537,1.555649,0.2080932,0.1911304
1990,4,4,33,379.0,21723.97,12.94459,9.877665,9.986172,9.876757,2.290276,2.141391,0.2036889,0.2760272
1990,4,4,34,15890.5,26122.51,13.61361,12.13167,10.17055,10.07508,2.495819,2.40333,0.2031235,0.2043782
1990,4,4,35,11308.0,19914.95,13.51397,9.368772,9.899226,9.711743,2.237382,2.047108,0.3022899,0.3073185
1990,4,4,36,67886.5,11345.78,12.96458,5.515243,9.336601,9.221402,1.707516,1.599052,0.2063773,0.1968252
1990,4,4,37,113521.0,13626.3,12.85153,6.551774,9.519757,9.413684,1.879736,1.77327,0.2122674,0.2161109
1990,4,4,38,25479.5,12460.74,12.98303,5.952152,9.430338,9.324388,1.783753,1.684808,0.2146487,0.2020374
1990,4,4,39,37781.5,14640.89,13.70898,6.810891,9.591574,9.404184,1.918523,1.731206,0.408147,0.4144122
1990,4,4,40,213.0,10442.95,10.73239,4.89399,9.253682,9.158854,1.588008,1.488945,0.166198,0.1696638
1990,4,4,41,2094.5,11248.54,11.64335,5.413005,9.327994,9.231862,1.688805,1.593877,0.1978406,0.1875579
1990,4,4,42,1641.0,13202.97,12.80926,6.241899,9.488197,9.378825,1.831284,1.749714,0.1809611,0.1559833
1990,4,4,43,264.0,16774.15,12.19318,7.170357,9.727594,9.636572,1.969955,1.871249,0.1732054,0.1794339
1990,4,4,44,2683.5,22502.95,12.77958,10.69336,10.0214,9.916967,2.369623,2.267331,0.2410321,0.2334378
1990,4,4,45,2749.5,26056.77,13.54537,12.21294,10.16803,10.07491,2.502496,2.417481,0.2113052,0.1912897
1990,4,4,46,1998.0,18510.78,13.04504,8.906631,9.826109,9.726597,2.186796,2.092426,0.2121908,0.1958903
1990,4,4,47,5880.5,21362.33,12.49843,10.11774,9.969384,9.794925,2.31429,2.152404,0.3371638,0.3148062
1990,4,4,48,216.0,21927.78,12.06944,10.40506,9.99551,9.930625,2.342292,2.285252,0.1177528,0.1041347
1990,4,4,49,5706.0,19312.93,12.73011,9.019506,9.86853,9.746847,2.199389,2.086683,0.2517217,0.2293166
1990,4,4,50,2119.0,19831.42,12.62577,9.518813,9.895022,9.779728,2.25327,2.137139,0.2315281,0.230416
1990,4,4,51,416.5,10877.47,11.72149,5.259088,9.294449,9.272902,1.659958,1.636612,0.0439129,0.0488535
1990,4,4,52,3675.0,14075.6,12.41361,6.85779,9.552198,9.422529,1.925385,1.795906,0.2742551,0.2718695
1990,4,4,53,3498.0,16499.01,12.95597,7.902761,9.711056,9.610149,2.067212,1.963072,0.1987773,0.2033923
1990,4,4,54,6744.5,12357.3,12.17006,5.983349,9.422002,9.346421,1.78898,1.711618,0.1440533,0.1483503
1990,4,4,55,637.0,19481.07,12.88226,9.683051,9.877198,9.779593,2.270377,2.177186,0.184734,0.1750834
1990,4,4,56,2070.0,14870.51,12.20483,7.316144,9.607136,9.520829,1.990083,1.905054,0.1783817,0.1673965
1990,4,4,57,876.0,15039.78,12.11872,6.987922,9.618454,9.559186,1.944183,1.871604,0.1159637,0.1446027
1990,4,4,58,702.5,12651.79,12.11815,6.236899,9.445554,9.390196,1.830483,1.781058,0.1163049,0.1069706
1990,4,4,59,3699.0,17655.82,12.97513,8.448195,9.778821,9.690921,2.133953,2.041973,0.1893376,0.1925117
1990,4,4,60,57935.5,12131.85,12.03097,5.84453,9.403589,9.31866,1.765506,1.6837,0.1681286,0.1608396
1990,4,4,61,36115.5,15164.21,12.23494,7.226269,9.626694,9.505341,1.977723,1.859606,0.2374191,0.231046
1990,4,4,62,34874.0,16405.87,12.36185,7.803207,9.705395,9.594646,2.054535,1.947256,0.2146374,0.2066753
1990,4,4,63,18627.0,15775.9,12.35126,7.43854,9.666239,9.560618,2.006675,1.908252,0.2086689,0.1935492
1990,4,4,64,16883.5,17415.62,13.56691,8.192905,9.765122,9.626849,2.103269,1.966036,0.2916987,0.2858055
1990,4,4,65,1352.0,22187.63,12.59246,10.29321,10.00729,9.860778,2.331485,2.17298,0.2821705,0.3091029
1990,4,4,66,31262.0,14455.96,12.59414,6.964573,9.578862,9.472199,1.940836,1.838058,0.2033338,0.1943081
1990,0,5,0,7291278.0,,12.56625,,,,,,,
1990,0,5,1,2945333.0,45909.52,14.80662,,10.73443,10.52236,,,0.4236811,
1990,0,5,2,1314401.0,37035.1,14.70831,,10.51962,10.34911,,,0.3210787,
1990,0,5,3,47055.5,47668.06,16.64157,,10.77202,10.60522,,,0.3429518,
1990,0,5,4,409794.5,46832.47,15.65126,,10.75433,10.68424,,,0.1483308,
1990,0,5,5,218453.5,43500.93,15.48158,,10.68054,10.59732,,,0.1689588,
1990,0,5,6,113049.0,41099.74,16.96135,,10.62376,10.51626,,,0.2222294,
1990,0,5,7,254976.0,101528.7,18.84788,,11.5281,11.30655,,,0.5372392,
1990,0,5,8,581597.0,32457.54,15.23532,,10.38769,10.30021,,,0.1855596,
1990,0,5,9,95191.5,32625.62,16.24691,,10.39285,10.26509,,,0.2410512,
1990,0,5,10,171426.5,39164.13,18.29946,,10.57552,10.45164,,,0.2620065,
1990,0,5,11,1478672.0,28727.86,16.89834,,10.26562,10.15851,,,0.247616,
1990,0,5,12,61058.0,27457.07,16.97858,,10.22038,10.12399,,,0.1973756,
1990,0,5,13,121431.5,46073.2,17.66706,,10.73799,10.55796,,,0.364859,
1990,0,5,14,305493.5,25593.98,16.26765,,10.15011,10.04693,,,0.2171529,
1990,0,5,15,266314.0,80978.44,18.83506,,11.30194,11.09846,,,0.4459579,
1990,0,5,16,425675.0,35127.72,14.90829,,10.46675,10.21222,,,0.5598347,
1990,0,5,17,350128.5,24468.02,13.90732,,10.10512,9.99119,,,0.2158595,
1990,0,5,18,254676.0,32965.85,13.78841,,10.40323,10.31388,,,0.1863452,
1990,0,5,19,46939.0,33002.31,13.85074,,10.40433,10.30471,,,0.2028854,
1990,0,5,20,399344.0,37132.37,14.61634,,10.52224,10.39851,,,0.254929,
1990,0,5,21,2657206.0,37322.62,13.76007,,10.52736,10.24596,,,0.5682515,
1990,0,5,22,1038593.0,19866.34,12.95538,,9.896782,9.810086,,,0.1738974,
1990,0,5,23,236559.0,19934.06,13.13145,,9.900186,9.756741,,,0.2728331,
1990,0,5,24,153227.0,22667.64,13.1802,,10.02869,9.908849,,,0.2312681,
1990,0,5,25,477025.0,20255.3,12.99943,,9.916172,9.804034,,,0.2198531,
1990,0,5,26,10232.0,20551.97,12.56069,,9.930712,9.820971,,,0.2149981,
1990,0,5,27,204338.5,26550.82,13.21618,,10.18682,10.06709,,,0.2361904,
1990,0,5,28,252769.5,29054.99,13.07617,,10.27695,10.21992,,,0.1330259,
1990,0,5,29,476591.0,25586.16,12.80754,,10.14981,10.0324,,,0.2410011,
1990,0,5,30,241303.0,25033.2,13.50708,,10.12796,10.00921,,,0.218242,
1990,0,5,31,741405.0,20982.99,13.11925,,9.951468,9.813158,,,0.2684072,
1990,0,5,32,137577.5,12815.63,11.1511,,9.458421,9.310285,,,0.2769428,
1990,0,5,33,89848.5,36501.37,13.35932,,10.50511,10.43634,,,0.1419568,
1990,0,5,34,281699.0,34194.56,13.84227,,10.43982,10.35997,,,0.1699833,
1990,0,5,35,137728.5,25763.86,13.109,,10.15673,10.00492,,,0.315621,
1990,0,5,36,521654.5,14983.01,11.94895,,9.614673,9.437843,,,0.3260334,
1990,0,5,37,394545.0,17589.89,12.50399,,9.77508,9.605285,,,0.2970979,
1990,0,5,38,417800.5,20416.48,11.80635,,9.924098,9.766264,,,0.3213066,
1990,0,5,39,378761.0,17058.2,12.77474,,9.744386,9.463083,,,0.6329163,
1990,0,5,40,208714.0,26532.79,12.97928,,10.18614,9.799598,,,0.8667448,
1990,0,5,41,92367.5,18535.47,10.89929,,9.827441,9.631413,,,0.3563977,
1990,0,5,42,124083.5,20803.56,11.99937,,9.94288,9.75811,,,0.378949,
1990,0,5,43,38974.5,25823.75,11.91992,,10.15905,9.907741,,,0.505318,
1990,0,5,44,570557.0,29713.64,12.29516,,10.29936,10.17212,,,0.2927344,
1990,0,5,45,225348.5,33612.48,12.86882,,10.42265,10.33636,,,0.1955633,
1990,0,5,46,231499.0,29733.94,12.48852,,10.30004,10.18348,,,0.262091,
1990,0,5,47,1328126.0,30949.84,12.30539,,10.34012,10.18112,,,0.3355218,
1990,0,5,48,35329.0,33356.46,11.89305,,10.41501,10.32387,,,0.2047643,
1990,0,5,49,369904.5,35235.09,12.88193,,10.4698,10.3611,,,0.2247261,
1990,0,5,50,227986.5,31441.0,12.44286,,10.35587,10.27461,,,0.1728501,
1990,0,5,51,21459.5,22951.11,12.38149,,10.04112,9.860222,,,0.4128344,
1990,0,5,52,41633.0,18741.2,11.69089,,9.838479,9.598254,,,0.5098005,
1990,0,5,53,67287.0,25458.62,12.54496,,10.14481,9.983858,,,0.3205706,
1990,0,5,54,77876.5,23486.54,11.91103,,10.06418,9.920975,,,0.300191,
1990,0,5,55,85718.5,34989.59,13.01791,,10.46281,10.38189,,,0.1709394,
1990,0,5,56,84704.0,26882.7,11.85034,,10.19924,10.09818,,,0.2140157,
1990,0,5,57,29263.5,26908.77,11.88016,,10.20021,10.09088,,,0.2221224,
1990,0,5,58,26861.5,19788.45,11.68736,,9.892854,9.759226,,,0.2692957,
1990,0,5,59,104037.5,27143.04,12.63324,,10.20888,10.08332,,,0.2649265,
1990,0,5,60,246644.5,14989.34,11.18152,,9.615094,9.482784,,,0.2429864,
1990,0,5,61,555811.5,25551.19,11.83297,,10.14844,10.0261,,,0.2608553,
1990,0,5,62,532146.5,24430.2,11.81835,,10.10358,9.982359,,,0.2631762,
1990,0,5,63,204033.0,25495.18,12.34304,,10.14625,10.02806,,,0.2506624,
1990,0,5,64,885595.0,27062.36,12.04261,,10.2059,10.0726,,,0.2785359,
1990,0,5,65,194650.0,33304.01,12.15582,,10.41343,10.29408,,,0.2547463,
1990,0,5,66,515399.5,22201.47,11.85312,,10.00791,9.873144,,,0.2836294,
1990,1,5,0,1268014.0,,13.17286,,,,,,,
1990,1,5,1,1778760.0,54298.01,15.16515,22.03418,10.90224,10.71171,3.092595,2.906049,0.3828962,0.3846658
1990,1,5,2,590780.5,47270.82,15.5643,20.18471,10.76365,10.6031,3.004925,2.858052,0.3108665,0.2933206
1990,1,5,3,40610.0,49510.86,16.69621,20.71317,10.80995,10.64486,3.03077,2.87245,0.3314223,0.3295718
1990,1,5,4,361529.0,47902.82,15.74542,21.02454,10.77693,10.70966,3.04569,2.978291,0.1422155,0.1461455
1990,1,5,5,133271.0,47742.93,15.84859,21.3,10.77359,10.69503,3.058707,2.979346,0.1597631,0.1683297
1990,1,5,6,85384.0,42941.24,17.11675,18.80441,10.66759,10.56082,2.934092,2.831317,0.2205508,0.2231745
1990,1,5,7,203257.0,108113.2,19.05573,40.94309,11.59093,11.39104,3.712183,3.507806,0.4887702,0.4960308
1990,1,5,8,67933.0,44442.57,16.44628,19.11574,10.70195,10.6044,2.950512,2.862831,0.1969076,0.187337
1990,1,5,9,26201.5,39062.3,16.22606,16.87208,10.57291,10.43092,2.82566,2.699283,0.2428278,0.2228308
1990,1,5,10,92153.5,43525.2,19.08806,18.36565,10.6811,10.56139,2.910482,2.795198,0.253281,0.2474478
1990,1,5,11,361119.5,33924.35,17.55101,15.07132,10.43189,10.35054,2.712793,2.623434,0.1828131,0.2004531
1990,1,5,12,12559.0,32323.27,18.12597,14.89526,10.38354,10.29092,2.701043,2.617965,0.172444,0.1629287
1990,1,5,13,61833.5,53263.34,17.98389,22.44437,10.883,10.71742,3.11104,2.964245,0.3318604,0.302319
1990,1,5,14,136779.0,27228.23,17.02981,11.42211,10.21201,10.0962,2.435551,2.301208,0.2419877,0.2879926
1990,1,5,15,201255.0,86810.43,18.97302,34.37551,11.37148,11.17684,3.537344,3.350498,0.4368323,0.4196392
1990,1,5,16,228786.5,39932.42,15.44527,17.15188,10.59494,10.35549,2.842108,2.611302,0.5166993,0.5084675
1990,1,5,17,56154.5,34839.21,14.95353,15.05178,10.4585,10.31988,2.711496,2.583922,0.248271,0.238581
1990,1,5,18,194004.5,34619.87,13.91824,15.52919,10.45218,10.36721,2.742722,2.66027,0.1779466,0.1768953
1990,1,5,19,30659.0,35514.78,14.08122,15.70751,10.4777,10.39419,2.754139,2.67291,0.1674682,0.1680529
1990,1,5,20,244180.5,41670.49,15.03516,18.56715,10.63755,10.52182,2.921394,2.804928,0.2395035,0.2452308
1990,1,5,21,1552445.0,44883.75,14.27293,18.38129,10.71183,10.47488,2.911333,2.672853,0.4743089,0.479836
1990,1,5,22,13019.0,33166.68,14.68093,14.66615,10.4093,10.21284,2.685542,2.513066,0.3718419,0.3292715
1990,1,5,23,30330.0,31962.38,14.46716,14.19981,10.37231,10.19796,2.653229,2.494449,0.3643729,0.3404911
1990,1,5,24,24254.0,31845.18,14.28053,14.51418,10.36864,10.22991,2.675126,2.547901,0.2474426,0.2356367
1990,1,5,25,39219.5,31698.84,14.3869,14.06529,10.36404,10.19808,2.64371,2.487892,0.3146137,0.303141
1990,1,5,26,3063.5,26095.49,12.71944,11.79107,10.16952,10.04872,2.467343,2.355735,0.2470156,0.2367873
1990,1,5,27,61156.0,35192.46,14.03105,15.88423,10.46859,10.36432,2.765327,2.666541,0.2042745,0.1949644
1990,1,5,28,134382.0,30664.38,13.37136,14.11603,10.33086,10.28926,2.647311,2.606304,0.0962091,0.0958676
1990,1,5,29,243614.5,29225.16,13.02556,12.99868,10.28279,10.17963,2.564848,2.465995,0.2099277,0.2023943
1990,1,5,30,56760.5,35146.55,14.67482,15.5797,10.46728,10.34032,2.745969,2.628816,0.2394934,0.2283329
1990,1,5,31,95994.5,33445.09,14.38029,14.8443,10.41766,10.26826,2.697616,2.561922,0.2923075,0.2715289
1990,1,5,32,14296.0,20572.17,12.0284,9.493396,9.931694,9.761721,2.250596,2.088365,0.306728,0.2925179
1990,1,5,33,79606.0,37175.32,13.42901,14.06716,10.5234,10.45777,2.643843,2.557531,0.1335037,0.1760312
1990,1,5,34,216041.0,35472.18,13.92021,15.70475,10.4765,10.40382,2.753963,2.679457,0.1539174,0.1610291
1990,1,5,35,85316.0,27598.65,13.50301,12.20593,10.22552,10.074,2.501922,2.355033,0.3145549,0.3015722
1990,1,5,36,129904.0,20544.95,12.58589,8.826468,9.93037,9.736005,2.177755,2.004054,0.3673671,0.3349212
1990,1,5,37,37471.5,29073.2,14.17824,12.62879,10.27757,10.02832,2.535979,2.316703,0.4164189,0.380035
1990,1,5,38,237025.5,23344.26,12.2658,10.55049,10.05811,9.919545,2.356172,2.226214,0.27621,0.2620732
1990,1,5,39,53656.0,25863.81,13.64079,11.37759,10.1606,9.97012,2.431646,2.245473,0.4169972,0.4159412
1990,1,5,40,177730.0,27917.84,13.14038,9.743786,10.23702,9.879957,2.27663,1.890266,0.7924818,0.8557041
1990,1,5,41,63557.0,20135.06,10.96543,7.754591,9.910218,9.722186,2.048285,1.845039,0.3398674,0.3603975
1990,1,5,42,87324.5,22555.5,12.29351,9.950826,10.02373,9.851571,2.297656,2.136386,0.3522978,0.3388631
1990,1,5,43,33745.5,26962.44,12.24397,11.49924,10.2022,9.951921,2.442281,2.200262,0.508763,0.5056694
1990,1,5,44,509344.0,30029.62,12.35436,12.98882,10.30994,10.18396,2.564089,2.435049,0.2900074,0.3050411
1990,1,5,45,190108.0,34115.6,12.91732,15.26644,10.43751,10.34956,2.725657,2.637021,0.1999689,0.2075099
1990,1,5,46,201602.0,30429.15,12.59663,13.53217,10.32316,10.21344,2.60507,2.494699,0.2460538,0.2529319
1990,1,5,47,1182301.0,31720.3,12.48113,14.15883,10.36471,10.20873,2.650339,2.498165,0.3287901,0.3276445
1990,1,5,48,32502.5,33527.32,11.91496,14.39202,10.42012,10.32931,2.666674,2.571202,0.2042888,0.2173778
1990,1,5,49,283130.5,37764.35,12.99945,16.10805,10.53912,10.44658,2.779319,2.688153,0.185532,0.1848462
1990,1,5,50,200938.0,32015.72,12.47516,14.08824,10.37398,10.29825,2.64534,2.574058,0.1597048,0.1549855
1990,1,5,51,17475.0,24421.05,12.61705,10.65018,10.1032,9.926126,2.365577,2.188686,0.4183006,0.4223934
1990,1,5,52,14919.0,24266.97,11.62598,10.4463,10.09687,9.87878,2.346248,2.141824,0.4394459,0.4322318
1990,1,5,53,38417.0,30291.52,12.8003,13.21609,10.31862,10.17544,2.581435,2.447629,0.2882661,0.2794801
1990,1,5,54,47461.0,26901.19,12.02166,11.76419,10.19993,10.08542,2.46506,2.351569,0.2403952,0.2484791
1990,1,5,55,73830.5,35689.86,13.09127,15.88142,10.48262,10.40436,2.76515,2.689535,0.1649911,0.1638659
1990,1,5,56,59840.5,28975.66,11.94467,13.03234,10.27421,10.19108,2.567434,2.488996,0.1754609,0.166508
1990,1,5,57,20347.5,29621.56,12.01995,13.07952,10.29626,10.20219,2.571048,2.488114,0.1896922,0.1702415
1990,1,5,58,19097.0,21260.92,11.92282,9.643333,9.964626,9.837973,2.266267,2.138131,0.259454,0.2627611
1990,1,5,59,65318.5,30441.59,12.72191,13.93607,10.32357,10.2215,2.63448,2.531837,0.2172619,0.2229884
1990,1,5,60,39046.0,22857.46,11.49011,10.27478,10.03703,9.893682,2.329692,2.196872,0.2748441,0.2588952
1990,1,5,61,325889.0,28873.97,12.04041,12.99112,10.2707,10.17404,2.564266,2.470509,0.2070036,0.2016262
1990,1,5,62,299206.0,27771.64,12.03112,12.59929,10.23177,10.12923,2.53364,2.432489,0.230769,0.2312418
1990,1,5,63,96874.5,31240.71,12.84459,13.92882,10.34948,10.26823,2.63396,2.554067,0.1743468,0.1716458
1990,1,5,64,658067.5,28307.47,12.15326,11.66751,10.25088,10.12637,2.456808,2.333642,0.257573,0.2589561
1990,1,5,65,169319.0,34232.22,12.25577,14.66956,10.44092,10.32603,2.685774,2.573799,0.2437933,0.2415586
1990,1,5,66,297228.5,24939.37,12.10955,11.2798,10.1242,10.00571,2.423013,2.306982,0.254148,0.252025
1990,2,5,0,4985370.0,,14.98574,,,,,,,
1990,2,5,1,985085.0,31809.63,14.75865,14.17988,10.36752,10.19807,2.651824,2.494221,0.3406344,0.3222481
1990,2,5,2,597973.0,27775.82,14.53185,12.83426,10.23192,10.11271,2.552118,2.442075,0.2281898,0.2143507
1990,2,5,3,5256.5,33846.11,17.72415,15.34771,10.42958,10.31227,2.730967,2.630442,0.2678138,0.227809
1990,2,5,4,30766.5,37103.69,15.43494,16.83571,10.52147,10.44501,2.823502,2.751076,0.1580726,0.1510783
1990,2,5,5,68582.5,36478.11,15.3207,16.94164,10.50447,10.4318,2.829774,2.759357,0.1488421,0.1468129
1990,2,5,6,22719.0,34837.83,17.3836,15.88987,10.45846,10.36056,2.765682,2.672604,0.2027853,0.1983249
1990,2,5,7,42447.0,69046.01,19.67211,28.28942,11.14253,10.87924,3.342488,3.082429,0.5946149,0.5823523
1990,2,5,8,456202.5,30534.92,17.03854,14.60041,10.32663,10.25493,2.681049,2.613242,0.1583995,0.1512239
1990,2,5,9,61173.5,29437.11,18.35831,14.0955,10.29001,10.18277,2.645856,2.545231,0.2186539,0.2075895
1990,2,5,10,68838.0,31747.82,20.15682,14.24727,10.36558,10.26,2.656566,2.56033,0.2316049,0.2087398
1990,2,5,11,969209.0,25909.12,18.00804,12.24911,10.16235,10.05554,2.505453,2.396851,0.2513902,0.249849
1990,2,5,12,43936.5,25711.53,18.3534,12.45689,10.15469,10.0628,2.522274,2.438996,0.1953588,0.1764846
1990,2,5,13,52312.0,37186.29,19.29102,17.23331,10.52369,10.35885,2.846844,2.689435,0.3471527,0.3359331
1990,2,5,14,119147.5,23846.39,17.13914,11.34913,10.07939,9.986394,2.429141,2.332976,0.2006845,0.2043405
1990,2,5,15,54534.0,60829.48,19.50165,25.71144,11.01583,10.82973,3.246936,3.077384,0.3807364,0.3514173
1990,2,5,16,175864.0,28113.77,16.49194,12.88111,10.24401,9.993731,2.555762,2.312511,0.569217,0.5585161
1990,2,5,17,242584.5,22082.01,15.28336,10.65148,10.00252,9.914515,2.365699,2.282134,0.1805714,0.1718319
1990,2,5,18,39771.5,26130.3,14.14443,12.22877,10.17085,10.08744,2.503792,2.422976,0.1671752,0.1662435
1990,2,5,19,11227.0,26113.58,14.10154,12.09943,10.17021,10.06014,2.493159,2.387213,0.2185537,0.2111714
1990,2,5,20,122601.0,28918.3,14.96045,13.62348,10.27223,10.17316,2.611795,2.516269,0.2095661,0.2024553
1990,2,5,21,954164.5,24049.16,14.38407,10.9011,10.08786,9.834543,2.388864,2.158704,0.4931782,0.4510702
1990,2,5,22,918638.5,19499.63,13.83158,9.443028,9.878151,9.793324,2.245277,2.163802,0.1726772,0.1661419
1990,2,5,23,177306.5,17519.55,14.36214,8.476569,9.771072,9.658533,2.137306,2.033089,0.220986,0.2070948
1990,2,5,24,100609.0,20050.4,14.12011,9.669496,9.906004,9.81063,2.268976,2.177117,0.1973696,0.1864631
1990,2,5,25,399671.0,18921.59,13.96273,9.101194,9.848059,9.753601,2.208406,2.116347,0.1958277,0.1900018
1990,2,5,26,4658.5,17090.24,13.06923,8.186861,9.746263,9.663892,2.10253,2.032332,0.1658467,0.1414406
1990,2,5,27,106792.0,21728.06,13.36905,10.31893,9.98636,9.891627,2.33398,2.242753,0.1935813,0.1888495
1990,2,5,28,65381.5,25491.32,13.6051,12.23533,10.14609,10.07357,2.504328,2.435295,0.169882,0.1607261
1990,2,5,29,169666.5,20570.69,13.20791,9.63153,9.931623,9.825398,2.265042,2.16589,0.2191815,0.2045518
1990,2,5,30,149954.5,21449.38,13.65586,10.20737,9.973451,9.885467,2.32311,2.239453,0.1656876,0.1595868
1990,2,5,31,525479.5,18266.54,14.23913,8.77477,9.812826,9.704383,2.17188,2.068513,0.2233073,0.2157923
1990,2,5,32,77041.5,11296.99,12.81259,5.627501,9.332292,9.2159,1.727666,1.613295,0.235136,0.2341136
1990,2,5,33,1585.5,27791.46,13.82908,11.65095,10.23248,10.12399,2.455388,2.349913,0.246384,0.2249237
1990,2,5,34,29209.0,26863.42,13.77442,12.4041,10.19852,10.10968,2.518027,2.431032,0.1849093,0.1826597
1990,2,5,35,21597.0,21437.03,14.37908,9.907892,9.972876,9.831442,2.293332,2.15928,0.3018119,0.2825411
1990,2,5,36,313864.0,12200.67,13.8579,5.988128,9.409246,9.279361,1.789779,1.672664,0.2493586,0.2306285
1990,2,5,37,238251.0,16235.14,13.68686,7.826879,9.694933,9.551896,2.057564,1.92303,0.2622635,0.2541738
1990,2,5,38,85982.0,14252.73,13.15381,6.871969,9.564704,9.416643,1.927451,1.787924,0.3132193,0.3005854
1990,2,5,39,283333.0,14928.09,14.29477,6.951453,9.611,9.329249,1.938951,1.652485,0.6296053,0.6480229
1990,2,5,40,27365.5,16834.1,14.32647,6.826696,9.731162,9.210171,1.920841,1.376346,1.080119,1.129209
1990,2,5,41,18370.0,13563.62,12.88182,6.224507,9.515147,9.35288,1.828494,1.659524,0.3194101,0.3286793
1990,2,5,42,21884.0,15382.51,13.56699,7.231404,9.640986,9.43541,1.978433,1.766963,0.4120774,0.4147063
1990,2,5,43,1778.0,18091.93,13.53543,8.296648,9.803222,9.580729,2.115852,1.899617,0.5188761,0.5502335
1990,2,5,44,16649.0,29232.09,12.85759,13.34216,10.28302,10.16307,2.590929,2.470251,0.2726048,0.2732555
1990,2,5,45,16882.0,29652.93,13.22865,13.92529,10.29732,10.22092,2.633706,2.557667,0.1763511,0.1804484
1990,2,5,46,11919.5,20862.26,13.28118,9.718714,9.945697,9.787054,2.274053,2.127193,0.3684549,0.3522605
1990,2,5,47,33574.5,23328.22,13.49602,10.62314,10.05742,9.855508,2.363034,2.16818,0.4289784,0.4238023
1990,2,5,48,857.0,32564.07,12.32322,14.11359,10.39096,10.30602,2.647138,2.558892,0.178843,0.1774638
1990,2,5,49,54770.0,24968.78,12.57196,11.18517,10.12538,10.00685,2.414589,2.304365,0.2431408,0.2275499
1990,2,5,50,9898.0,23573.06,12.72803,11.04005,10.06786,9.943522,2.40153,2.273756,0.2493679,0.2565144
1990,2,5,51,2722.5,13705.55,12.58072,6.516503,9.525556,9.41796,1.874338,1.765147,0.2405076,0.2452114
1990,2,5,52,20940.5,13757.29,13.19615,6.421455,9.529325,9.31889,1.859645,1.655696,0.4818595,0.4752073
1990,2,5,53,22181.5,17673.64,13.05926,8.447228,9.779829,9.668686,2.133838,2.028928,0.2271659,0.2153104
1990,2,5,54,19977.5,15776.16,13.1522,7.517547,9.666255,9.534397,2.01724,1.897658,0.2630426,0.2400485
1990,2,5,55,3693.0,30426.25,13.51178,14.06252,10.32306,10.23484,2.643513,2.553825,0.1879359,0.1858335
1990,2,5,56,14351.5,18778.9,11.72198,8.726673,9.840489,9.750949,2.166384,2.07944,0.1852199,0.179496
1990,2,5,57,4911.0,17233.92,11.61556,8.064601,9.754635,9.674459,2.087484,2.016581,0.1599005,0.1422838
1990,2,5,58,4505.0,15291.94,11.85771,7.192423,9.635081,9.521274,1.973028,1.870708,0.211472,0.1900189
1990,2,5,59,29207.0,19612.4,13.30808,9.224611,9.883918,9.759682,2.221875,2.111238,0.2433218,0.2266224
1990,2,5,60,141117.0,12986.12,11.40435,6.230607,9.471636,9.377824,1.829474,1.740619,0.180852,0.1724285
1990,2,5,61,128716.0,18089.08,11.82102,8.484176,9.803064,9.691396,2.138203,2.032726,0.2251248,0.2137452
1990,2,5,62,146401.5,17976.53,11.79982,8.501353,9.796823,9.695336,2.140225,2.043587,0.2093755,0.1986658
1990,2,5,63,74559.5,18763.36,12.02884,8.745209,9.839661,9.746327,2.168506,2.078658,0.189185,0.1827428
1990,2,5,64,79360.5,19473.95,14.34314,8.850131,9.876833,9.70362,2.180432,2.023453,0.3541737,0.3319988
1990,2,5,65,5774.0,24618.8,12.87773,11.23464,10.11127,9.987645,2.419002,2.30267,0.2575261,0.2424787
1990,2,5,66,123630.0,16567.13,12.55243,7.937946,9.715176,9.594409,2.071655,1.95653,0.2419061,0.2299735
1990,3,5,0,433174.0,,11.97439,,,,,,,
1990,3,5,1,80898.5,38234.56,14.68177,16.55682,10.5515,10.3957,2.806798,2.651539,0.3252189,0.3343792
1990,3,5,2,43173.0,34904.99,15.08195,15.69878,10.46039,10.34032,2.753583,2.637932,0.2413379,0.2407438
1990,3,5,3,1017.0,34557.92,16.58014,15.21942,10.45039,10.29682,2.722572,2.550409,0.6396805,0.657815
1990,3,5,4,14140.0,42333.59,15.37631,19.37491,10.65334,10.59699,2.963979,2.902895,0.1205705,0.134934
1990,3,5,5,7604.5,41175.81,15.36919,19.16894,10.62561,10.567,2.953291,2.886438,0.1258812,0.1376515
1990,3,5,6,3223.0,36062.42,16.57803,16.48576,10.49301,10.39989,2.802497,2.70365,0.2223243,0.2311861
1990,3,5,7,6354.5,91550.13,18.94956,33.56948,11.42464,11.21102,3.513618,3.306797,0.468172,0.4423734
1990,3,5,8,5000.5,32379.36,15.0121,14.72269,10.38528,10.25594,2.689389,2.564326,0.2846524,0.2802471
1990,3,5,9,2934.5,31221.0,14.64679,14.01439,10.34885,10.23021,2.640085,2.54041,0.2919006,0.2510367
1990,3,5,10,5306.0,37665.35,19.47305,16.33121,10.5365,10.4569,2.793078,2.707848,0.1605491,0.1712694
1990,3,5,11,30804.0,29825.02,16.76084,13.84138,10.3031,10.2113,2.627663,2.525458,0.2035853,0.2254
1990,3,5,12,972.0,28206.46,15.4393,13.05659,10.24731,10.18034,2.569293,2.495182,0.1432562,0.1528835
1990,3,5,13,4101.0,38647.96,17.04267,17.40869,10.56225,10.39676,2.85697,2.710824,0.2832837,0.2535458
1990,3,5,14,17484.0,25964.16,15.59306,11.81866,10.16447,10.07853,2.46968,2.372164,0.1849122,0.2147571
1990,3,5,15,6360.0,65747.8,18.80503,26.78633,11.09358,10.86819,3.287892,3.059517,0.4652528,0.4681072
1990,3,5,16,12226.5,33516.2,14.85282,14.90858,10.41978,10.22791,2.701937,2.535122,0.4222591,0.3952442
1990,3,5,17,9193.0,26837.8,13.83074,11.92815,10.19757,10.08343,2.478901,2.372177,0.2159795,0.2013129
1990,3,5,18,14717.0,30788.83,13.4946,14.32304,10.33491,10.26285,2.66187,2.586933,0.1553668,0.161972
1990,3,5,19,2989.0,32468.95,13.6534,14.47292,10.38804,10.30614,2.672279,2.593912,0.1848699,0.1765027
1990,3,5,20,17766.5,34804.89,14.20162,16.14818,10.45751,10.35609,2.781807,2.675625,0.2145812,0.2249398
1990,3,5,21,68690.0,31492.26,13.96324,13.46469,10.3575,10.17098,2.600071,2.416076,0.3950554,0.3906834
1990,3,5,22,2543.0,26345.36,13.40267,12.8639,10.17905,10.00177,2.554425,2.362663,0.31333,0.3366168
1990,3,5,23,4347.0,25620.57,13.91442,11.76824,10.15115,10.04518,2.465404,2.354239,0.2091879,0.2246466
1990,3,5,24,4276.5,25366.52,13.6897,12.01534,10.14119,10.03075,2.486185,2.382032,0.2347709,0.2291708
1990,3,5,25,4949.5,24082.47,13.45691,11.21837,10.08924,9.999117,2.417553,2.333554,0.1978891,0.1888914
1990,3,5,26,874.5,22591.83,13.38937,10.97091,10.02534,9.957257,2.395247,2.305969,0.1406763,0.2193256
1990,3,5,27,9842.5,30139.52,13.52797,14.27458,10.31359,10.21608,2.65848,2.56479,0.1879218,0.1810682
1990,3,5,28,29907.5,29482.03,13.12156,13.77111,10.29154,10.21634,2.622573,2.548094,0.167099,0.1651362
1990,3,5,29,37404.5,25350.41,12.80603,11.70533,10.14055,10.03424,2.460045,2.35646,0.2187266,0.2161549
1990,3,5,30,6813.0,28044.88,14.27638,13.10246,10.24156,10.15673,2.5728,2.496951,0.18042,0.1611078
1990,3,5,31,15995.5,26547.36,13.80288,12.41763,10.18669,10.07033,2.519117,2.406481,0.2223838,0.2226957
1990,3,5,32,7924.0,16383.05,11.99432,7.636604,9.704002,9.61084,2.032953,1.940998,0.1772341,0.1789024
1990,3,5,33,8163.0,31957.77,13.43121,12.87013,10.37217,10.30732,2.554909,2.459267,0.1385504,0.2051154
1990,3,5,34,26960.5,33380.3,13.75987,15.03485,10.41572,10.32819,2.710371,2.620849,0.1868369,0.1930655
1990,3,5,35,22812.5,23636.32,13.08164,10.84745,10.07054,9.938516,2.38393,2.256383,0.2724753,0.2625628
1990,3,5,36,27927.5,16962.61,12.25319,7.816147,9.738767,9.619904,2.056192,1.945593,0.2425667,0.2243402
1990,3,5,37,15683.0,20537.65,12.9122,9.408569,9.930016,9.778563,2.241621,2.097448,0.2571465,0.2535339
1990,3,5,38,63108.5,18449.15,12.02356,8.582542,9.822773,9.700803,2.14973,2.030717,0.2541647,0.2513853
1990,3,5,39,10658.0,22022.38,13.06333,10.01043,9.999815,9.828554,2.303627,2.125989,0.3584547,0.3637365
1990,3,5,40,3169.0,14643.59,10.7444,6.484159,9.591758,9.332903,1.869362,1.609525,0.5057148,0.5079455
1990,3,5,41,8447.0,12782.36,10.25003,5.522281,9.455821,9.305394,1.708791,1.547478,0.2566677,0.2802316
1990,3,5,42,13268.0,17187.64,11.75362,7.945487,9.751946,9.613897,2.072604,1.938911,0.2789962,0.2778042
1990,3,5,43,3246.0,17860.78,10.72674,8.365997,9.790362,9.610689,2.124176,1.93937,0.3198805,0.3269073
1990,3,5,44,40864.0,25908.81,12.27601,11.84065,10.16234,10.02483,2.471538,2.334153,0.3134212,0.318298
1990,3,5,45,14425.5,32988.39,13.08301,15.13611,10.40391,10.33248,2.717083,2.643616,0.1595477,0.1668306
1990,3,5,46,16320.0,27649.86,12.24871,12.56347,10.22738,10.10073,2.530793,2.412446,0.2612665,0.25618
1990,3,5,47,108798.0,24256.98,12.0101,11.3173,10.09646,9.956605,2.426332,2.285216,0.297347,0.3004877
1990,3,5,48,1843.5,30419.56,12.29997,13.78159,10.32284,10.22951,2.623334,2.512384,0.210792,0.2407089
1990,3,5,49,24190.0,31856.36,12.71025,14.17347,10.36899,10.27024,2.651372,2.55004,0.2088841,0.2130967
1990,3,5,50,15039.5,29335.43,12.4314,13.53939,10.28655,10.1898,2.605603,2.508011,0.2104117,0.2132913
1990,3,5,51,819.0,22066.24,11.20269,9.880905,10.0018,9.877263,2.290604,2.163468,0.2427672,0.2506697
1990,3,5,52,2534.5,21345.63,12.1815,10.07713,9.968602,9.818387,2.310269,2.130353,0.3500392,0.4446591
1990,3,5,53,3693.5,23993.38,12.2304,11.1776,10.08553,9.970241,2.413911,2.300754,0.2441757,0.2442783
1990,3,5,54,5840.5,22269.04,11.97432,10.25959,10.01095,9.903431,2.328212,2.216992,0.223536,0.2265673
1990,3,5,55,7531.0,30831.83,12.82406,14.21663,10.3363,10.24891,2.654412,2.563713,0.1848659,0.194571
1990,3,5,56,7517.0,26822.52,12.09898,12.33128,10.197,10.08034,2.512139,2.398634,0.2354527,0.242478
1990,3,5,57,3006.0,25009.66,11.99202,11.67293,10.12702,10.04846,2.457272,2.377268,0.1598802,0.1632142
1990,3,5,58,2635.5,17721.01,11.28552,8.342181,9.782506,9.648159,2.121325,1.988623,0.2733305,0.2806256
1990,3,5,59,6704.0,26644.49,12.61217,12.38643,10.19034,10.10441,2.516602,2.421378,0.1828055,0.2016779
1990,3,5,60,12431.5,19338.08,11.68065,8.877718,9.869832,9.733193,2.183545,2.063141,0.2537324,0.2291612
1990,3,5,61,64256.5,25673.64,11.92586,11.96275,10.15322,10.04153,2.481798,2.371427,0.2437686,0.2410267
1990,3,5,62,48651.5,25419.41,11.9614,11.89443,10.14327,10.03391,2.476071,2.368349,0.2508865,0.2454463
1990,3,5,63,12462.0,28053.89,12.76497,12.79869,10.24188,10.16159,2.549343,2.470268,0.1799467,0.1764604
1990,3,5,64,129388.0,24234.58,12.15896,10.74899,10.09554,9.968652,2.374812,2.249461,0.2639112,0.2626452
1990,3,5,65,17746.0,28044.68,11.94433,12.69765,10.24155,10.11859,2.541417,2.420374,0.2662188,0.2633398
1990,3,5,66,68698.0,21052.46,12.02194,9.813091,9.954772,9.823946,2.283717,2.152125,0.2736553,0.2749538
1990,4,5,0,604720.0,,12.54703,,,,,,,
1990,4,5,1,100589.5,29479.54,14.58195,13.62792,10.29145,10.17199,2.61212,2.494002,0.2475594,0.252379
1990,4,5,2,82474.0,26861.3,14.14751,12.77112,10.19844,10.12026,2.547186,2.46756,0.1653254,0.1710451
1990,4,5,3,172.0,33083.21,16.07558,15.7678,10.40678,10.33234,2.75797,2.689038,0.1518058,0.1421499
1990,4,5,4,3359.0,35700.84,14.7797,16.60345,10.48293,10.41253,2.80961,2.738617,0.1544885,0.1568543
1990,4,5,5,8995.5,34384.22,14.7287,16.25407,10.44535,10.39626,2.788343,2.734723,0.1037549,0.1127181
1990,4,5,6,1723.0,34577.42,16.52409,16.3308,10.45096,10.40115,2.793053,2.75099,0.106676,0.0938032
1990,4,5,7,2917.5,64975.6,18.73899,26.67875,11.08177,10.90508,3.283867,3.062351,0.3984158,0.5199158
1990,4,5,8,52461.0,30417.52,15.17605,14.50443,10.32277,10.22414,2.674454,2.574713,0.2204083,0.2269696
1990,4,5,9,4882.0,26342.82,15.59791,12.76765,10.17895,10.10417,2.546915,2.465013,0.1581191,0.1723872
1990,4,5,10,5129.0,32024.21,19.16592,15.05324,10.37425,10.28382,2.711594,2.629974,0.1972224,0.1772758
1990,4,5,11,117539.0,25507.69,16.75073,12.57144,10.14674,10.02783,2.531427,2.402789,0.2652317,0.2821805
1990,4,5,12,3590.5,25155.44,16.65506,12.03428,10.13283,10.0476,2.487759,2.396531,0.1803471,0.1908599
1990,4,5,13,3185.0,32185.92,17.38148,15.65393,10.37928,10.27589,2.750722,2.635348,0.1964846,0.2139954
1990,4,5,14,32083.0,23847.35,15.50223,11.54058,10.07943,10.00957,2.44587,2.372878,0.1517778,0.1578924
1990,4,5,15,4165.0,51854.87,18.65642,22.36531,10.8562,10.72251,3.107511,2.979224,0.2570206,0.2536955
1990,4,5,16,8798.0,28715.5,15.16765,13.30399,10.26519,10.09701,2.588064,2.41993,0.3534817,0.353491
1990,4,5,17,42196.5,21571.09,13.5183,10.25855,9.979109,9.901147,2.328112,2.252859,0.1580877,0.1569533
1990,4,5,18,6183.0,25911.9,13.26912,12.30642,10.16246,10.0773,2.510121,2.425592,0.183798,0.1798221
1990,4,5,19,2064.0,29820.79,13.27035,14.22568,10.30296,10.15937,2.655048,2.500087,0.2481768,0.2799843
1990,4,5,20,14796.0,28340.47,14.10354,13.58366,10.25205,10.1521,2.608868,2.506365,0.2005032,0.2126409
1990,4,5,21,81906.0,20670.86,13.6816,9.788801,9.936481,9.755174,2.281239,2.109756,0.3640908,0.3438599
1990,4,5,22,104392.0,21056.98,13.24153,10.25778,9.954988,9.892958,2.328037,2.263539,0.1250365,0.1319163
1990,4,5,23,24575.5,19080.25,13.48026,9.136756,9.856409,9.77441,2.212305,2.132548,0.17277,0.1661753
1990,4,5,24,24087.5,22652.68,13.29669,10.99179,10.02803,9.928225,2.397149,2.295459,0.1974573,0.1990534
1990,4,5,25,33185.0,20757.38,13.15079,9.967265,9.940658,9.861409,2.299306,2.217343,0.1536922,0.1650009
1990,4,5,26,1635.5,17413.5,12.91654,8.590804,9.765001,9.702167,2.150692,2.087724,0.1284762,0.1288679
1990,4,5,27,26548.0,22835.95,13.00328,11.09655,10.03609,9.966644,2.406634,2.337802,0.1446695,0.1429485
1990,4,5,28,23098.5,27902.72,13.08431,13.33255,10.23648,10.18016,2.590208,2.536542,0.131512,0.125358
1990,4,5,29,25905.5,21837.35,13.01009,10.48293,9.991377,9.889905,2.349749,2.244769,0.2127975,0.2177952
1990,4,5,30,27775.0,21879.48,13.35878,10.55206,9.993304,9.928127,2.356321,2.292452,0.135647,0.1329054
1990,4,5,31,103935.5,19699.68,13.21717,9.58017,9.888358,9.80083,2.259695,2.1691,0.1806607,0.188557
1990,4,5,32,38316.0,11221.09,11.83803,5.540715,9.325551,9.205968,1.712124,1.592751,0.2228836,0.220945
1990,4,5,33,494.0,19413.33,12.51417,8.934086,9.873715,9.755337,2.189874,2.057884,0.2257394,0.2475373
1990,4,5,34,9488.5,28480.3,13.78869,13.33249,10.25697,10.17099,2.590204,2.502745,0.182638,0.1871783
1990,4,5,35,8003.0,20513.17,13.29689,9.617284,9.928823,9.791025,2.263562,2.132874,0.3043993,0.2864141
1990,4,5,36,49959.0,12429.87,12.21201,6.04586,9.427857,9.307304,1.799374,1.682932,0.2319227,0.2214813
1990,4,5,37,103139.5,15574.87,12.42465,7.398498,9.653414,9.528678,2.001277,1.873995,0.2452941,0.2527401
1990,4,5,38,31684.5,13981.67,12.22206,6.75747,9.545503,9.413808,1.910648,1.783092,0.2431271,0.241884
1990,4,5,39,31114.0,15589.22,13.55637,7.209942,9.654335,9.45062,1.975461,1.767302,0.462882,0.4751569
1990,4,5,40,449.5,17923.75,11.32814,8.201801,9.793882,9.586145,2.104354,1.917083,0.4259638,0.4021165
1990,4,5,41,1993.5,15182.89,11.05794,7.32568,9.627925,9.415131,1.991386,1.770202,0.3303757,0.3511007
1990,4,5,42,1607.0,14047.22,11.40448,6.777989,9.550179,9.442737,1.91368,1.792531,0.2155851,0.2447043
1990,4,5,43,205.0,12007.85,11.31707,6.158045,9.393316,9.345432,1.817759,1.756093,0.0991591,0.1256621
1990,4,5,44,3700.0,28528.27,12.91541,13.54203,10.25865,10.13592,2.605798,2.481792,0.2911329,0.2889087
1990,4,5,45,3933.0,27815.3,12.85609,13.27461,10.23334,10.18815,2.585853,2.541189,0.1031495,0.1017515
1990,4,5,46,1657.5,22313.08,12.79397,10.34565,10.01293,9.886246,2.336566,2.207483,0.266056,0.2696649
1990,4,5,47,3452.5,21760.9,12.30963,9.835988,9.98787,9.843962,2.286048,2.168168,0.2775453,0.2470658
1990,4,5,48,126.0,33018.09,11.45238,15.67933,10.40481,10.28144,2.752344,2.62368,0.2830698,0.2881656
1990,4,5,49,7814.0,23677.49,12.76158,10.92268,10.07228,9.949287,2.390842,2.266217,0.2554774,0.2631544
1990,4,5,50,2111.0,23439.22,12.31028,10.93064,10.06217,9.963137,2.39157,2.30009,0.2029779,0.1866475
1990,4,5,51,443.0,13352.25,11.32054,6.309327,9.49944,9.464821,1.842029,1.815922,0.0687823,0.053619
1990,4,5,52,3239.0,14851.74,12.43161,7.17986,9.605872,9.491147,1.97128,1.85668,0.2185614,0.2164049
1990,4,5,53,2995.0,16847.41,12.13222,8.080017,9.731952,9.631815,2.089394,1.983498,0.192433,0.2104683
1990,4,5,54,4597.5,14084.64,11.71419,6.858119,9.55284,9.475708,1.925433,1.846537,0.1524654,0.1577303
1990,4,5,55,664.0,27620.36,13.08434,13.11606,10.22631,10.14494,2.573838,2.497168,0.1626452,0.1518148
1990,4,5,56,2995.0,20815.08,11.64374,9.924088,9.943433,9.805355,2.294965,2.156782,0.2840567,0.2855663
1990,4,5,57,999.0,19859.83,11.58258,9.310526,9.896455,9.787112,2.231146,2.137604,0.2190607,0.1894308
1990,4,5,58,624.0,12631.1,11.17628,5.983251,9.443917,9.360742,1.788964,1.712883,0.1675432,0.1528632
1990,4,5,59,2808.0,21491.91,12.39672,10.07011,9.975432,9.824961,2.309571,2.152295,0.2793678,0.2965909
1990,4,5,60,54050.0,12807.79,11.6131,6.162465,9.457809,9.364158,1.818477,1.727761,0.1822705,0.1756047
1990,4,5,61,36950.0,18538.02,11.89074,8.851405,9.827579,9.70393,2.180576,2.060408,0.2381334,0.2311011
1990,4,5,62,37887.5,20152.5,12.05954,9.607194,9.911083,9.796733,2.262512,2.147019,0.221305,0.2261835
1990,4,5,63,20137.0,18244.88,12.15047,8.677785,9.81164,9.708676,2.160766,2.060311,0.2167306,0.2106974
1990,4,5,64,18779.0,20644.29,13.28697,9.742906,9.935194,9.779801,2.276539,2.127665,0.324647,0.3087804
1990,4,5,65,1811.0,22813.1,12.30204,10.74904,10.03509,9.902767,2.374817,2.244286,0.3373531,0.3280297
1990,4,5,66,25843.0,17041.43,12.07472,8.155031,9.743402,9.632478,2.098635,1.988008,0.2307365,0.2322692
1990,0,6,0,5896813.0,,11.80933,,,,,,,
1990,0,6,1,2066307.0,52480.09,14.53636,,10.86819,10.61687,,,0.5124135,
1990,0,6,2,816730.0,40069.49,14.27837,,10.59837,10.39611,,,0.3791367,
1990,0,6,3,21101.0,58262.73,16.30802,,10.97272,10.74793,,,0.4781187,
1990,0,6,4,283501.0,52586.75,15.51988,,10.87022,10.78917,,,0.1700659,
1990,0,6,5,108264.5,47023.62,15.2756,,10.75841,10.66302,,,0.1957775,
1990,0,6,6,55733.0,48770.36,16.89775,,10.79488,10.68391,,,0.2321239,
1990,0,6,7,137218.0,117917.2,18.84988,,11.67774,11.47935,,,0.5041754,
1990,0,6,8,337941.0,33002.16,15.14847,,10.40433,10.30418,,,0.2110875,
1990,0,6,9,31117.5,33601.56,16.03757,,10.42233,10.25982,,,0.3055951,
1990,0,6,10,157697.0,48811.48,18.47834,,10.79572,10.67524,,,0.2558221,
1990,0,6,11,950683.5,32815.73,17.05302,,10.39866,10.28839,,,0.2577331,
1990,0,6,12,43369.5,29371.19,16.85597,,10.28777,10.16357,,,0.2622711,
1990,0,6,13,66604.0,52041.41,17.74957,,10.85979,10.65738,,,0.4446749,
1990,0,6,14,192199.0,26701.07,16.08804,,10.19246,10.06479,,,0.2625448,
1990,0,6,15,123329.0,94003.03,18.80772,,11.45108,11.22431,,,0.5465931,
1990,0,6,16,217640.0,37043.1,14.58658,,10.51984,10.21527,,,0.6957318,
1990,0,6,17,172193.0,24309.56,13.55826,,10.09863,9.981171,,,0.2156145,
1990,0,6,18,145332.5,36716.57,13.41742,,10.51098,10.41981,,,0.1887752,
1990,0,6,19,26384.5,35900.18,13.35072,,10.4885,10.37856,,,0.2187866,
1990,0,6,20,194572.5,43787.91,14.30962,,10.68711,10.51339,,,0.3399135,
1990,0,6,21,1857453.0,38711.01,13.32787,,10.56388,10.22943,,,0.6755411,
1990,0,6,22,751428.5,20415.06,12.77561,,9.924028,9.836607,,,0.1710858,
1990,0,6,23,171135.5,20554.47,12.86364,,9.930834,9.780261,,,0.2738532,
1990,0,6,24,95477.5,22007.66,12.84049,,9.999146,9.876101,,,0.2381269,
1990,0,6,25,356204.0,20636.75,12.67218,,9.934829,9.81658,,,0.2329759,
1990,0,6,26,7089.0,21050.24,12.20623,,9.954667,9.82906,,,0.2336845,
1990,0,6,27,124070.5,26801.57,12.80104,,10.19622,10.06681,,,0.2557358,
1990,0,6,28,153905.5,29561.16,12.60256,,10.29422,10.23416,,,0.1373884,
1990,0,6,29,302602.5,27574.91,12.33856,,10.22466,10.09445,,,0.2642612,
1990,0,6,30,135027.0,26311.21,13.09649,,10.17775,10.04474,,,0.2489807,
1990,0,6,31,497472.5,21786.38,12.78776,,9.98904,9.844296,,,0.2746123,
1990,0,6,32,128875.0,12798.39,10.62513,,9.457075,9.31013,,,0.2682883,
1990,0,6,33,47760.0,39284.81,12.83898,,10.57859,10.50842,,,0.1479263,
1990,0,6,34,151931.0,35654.44,13.51379,,10.48163,10.38633,,,0.2047017,
1990,0,6,35,108150.0,25879.33,12.54423,,10.1612,9.985233,,,0.3618254,
1990,0,6,36,383681.0,14695.14,11.38128,,9.595272,9.41048,,,0.3288699,
1990,0,6,37,291143.5,16987.56,11.9913,,9.740237,9.580472,,,0.2854642,
1990,0,6,38,353620.5,20429.0,11.14825,,9.92471,9.768926,,,0.320934,
1990,0,6,39,234098.0,17369.45,12.18111,,9.762468,9.464843,,,0.6413236,
1990,0,6,40,169260.5,28440.3,12.21396,,10.25556,9.818628,,,0.9740717,
1990,0,6,41,66590.5,18619.25,10.10722,,9.831951,9.599238,,,0.4170836,
1990,0,6,42,69927.0,21399.64,11.08013,,9.971129,9.748423,,,0.4410434,
1990,0,6,43,24622.0,27185.19,11.06837,,10.21043,9.922695,,,0.5776342,
1990,0,6,44,376374.5,31354.91,11.73787,,10.35313,10.22031,,,0.3077762,
1990,0,6,45,130106.5,34078.52,12.45774,,10.43642,10.33675,,,0.241803,
1990,0,6,46,166136.0,30803.66,11.941,,10.33539,10.21372,,,0.2750174,
1990,0,6,47,777483.0,32530.75,11.62133,,10.38994,10.22134,,,0.3616639,
1990,0,6,48,19552.0,32721.03,10.95458,,10.39577,10.29341,,,0.2300987,
1990,0,6,49,291285.5,38438.54,12.41754,,10.55682,10.441,,,0.2402892,
1990,0,6,50,159572.5,33805.86,11.9706,,10.42839,10.33856,,,0.193062,
1990,0,6,51,13149.0,24079.04,11.52818,,10.0891,9.845634,,,0.4991303,
1990,0,6,52,39497.0,18622.32,11.15253,,9.832116,9.604073,,,0.4999067,
1990,0,6,53,39970.0,27377.79,11.86339,,10.21749,10.01546,,,0.3909709,
1990,0,6,54,59609.5,24717.43,11.43008,,10.11526,9.960241,,,0.3303709,
1990,0,6,55,56679.5,36924.84,12.4948,,10.51664,10.41978,,,0.2044417,
1990,0,6,56,62349.0,28227.46,11.19777,,10.24805,10.14292,,,0.2171685,
1990,0,6,57,20128.0,28265.45,11.1596,,10.2494,10.13816,,,0.2314423,
1990,0,6,58,17240.5,20660.14,10.71378,,9.935962,9.76158,,,0.3618434,
1990,0,6,59,71371.0,28767.17,12.17191,,10.26699,10.14182,,,0.2727384,
1990,0,6,60,186841.0,15228.79,10.60048,,9.630943,9.482798,,,0.2566163,
1990,0,6,61,369970.0,25890.61,11.20999,,10.16164,10.03388,,,0.271508,
1990,0,6,62,350219.0,25035.15,11.25768,,10.12804,10.00019,,,0.2714271,
1990,0,6,63,161644.5,26355.8,11.82672,,10.17944,10.06056,,,0.2534476,
1990,0,6,64,655483.5,28918.28,11.49578,,10.27223,10.13057,,,0.2958174,
1990,0,6,65,132593.0,34419.34,11.48759,,10.44637,10.33104,,,0.2482564,
1990,0,6,66,333671.5,22664.76,11.18276,,10.02857,9.878044,,,0.313552,
1990,1,6,0,1180849.0,,12.40624,,,,,,,
1990,1,6,1,1311661.0,63264.3,14.94135,25.91895,11.05508,10.83812,3.254975,3.041315,0.4529492,0.4569307
1990,1,6,2,402147.0,52010.03,15.10213,22.41836,10.85919,10.66682,3.10988,2.930212,0.3786261,0.3642845
1990,1,6,3,19069.0,60287.56,16.41838,25.28132,11.00688,10.79338,3.230066,3.019554,0.4410238,0.4396843
1990,1,6,4,264610.5,53374.79,15.59523,23.62722,10.88509,10.80716,3.1624,3.085727,0.1632534,0.1665346
1990,1,6,5,73652.0,51501.77,15.6216,23.13452,10.84937,10.76136,3.141326,3.054859,0.1810045,0.1853097
1990,1,6,6,44328.5,51579.7,17.07046,22.70926,10.85088,10.74765,3.122773,3.0216,0.2184347,0.2204657
1990,1,6,7,119755.5,123447.6,19.12729,47.86308,11.72357,11.54713,3.868345,3.688725,0.4489217,0.4480201
1990,1,6,8,32947.0,49453.41,16.58439,20.7681,10.80879,10.67443,3.033418,2.909255,0.2800826,0.2745549
1990,1,6,9,7148.0,45430.59,16.48349,19.22359,10.72394,10.54594,2.956138,2.800051,0.3107702,0.2867769
1990,1,6,10,100218.5,53825.9,18.99007,22.44871,10.89351,10.78959,3.111233,3.009086,0.2110332,0.2121204
1990,1,6,11,262152.5,39603.73,17.80449,17.57546,10.58668,10.51085,2.866503,2.781085,0.1602339,0.1826811
1990,1,6,12,7602.5,39111.18,18.05722,17.93318,10.57416,10.47625,2.886653,2.795481,0.1888367,0.1925078
1990,1,6,13,36355.0,60743.18,17.96234,25.93957,11.01441,10.83707,3.25577,3.085012,0.3988831,0.3923297
1990,1,6,14,87362.0,28784.04,16.85387,11.86042,10.26758,10.12847,2.473207,2.313546,0.2857538,0.334808
1990,1,6,15,104877.5,99681.09,18.96068,40.20182,11.50973,11.30206,3.693912,3.49025,0.5086469,0.5011081
1990,1,6,16,115350.0,44611.14,15.12427,19.48087,10.70574,10.45583,2.969433,2.719546,0.56366,0.5743232
1990,1,6,17,19732.0,38039.54,14.53005,16.54926,10.54638,10.37037,2.806341,2.64667,0.2982476,0.2808405
1990,1,6,18,116830.0,38769.01,13.52908,17.5913,10.56538,10.48307,2.867404,2.785662,0.1700779,0.1735145
1990,1,6,19,17643.0,40373.86,13.60761,18.06878,10.60594,10.50895,2.894186,2.799852,0.1893001,0.1954522
1990,1,6,20,128480.5,51056.83,14.7897,22.81343,10.84069,10.6788,3.127349,2.967117,0.325102,0.3258794
1990,1,6,21,1076267.0,48393.01,13.86921,20.02126,10.78711,10.50898,2.996795,2.710897,0.5716766,0.5921576
1990,1,6,22,8798.5,37261.98,13.95602,16.39493,10.52573,10.28235,2.796972,2.586411,0.4241247,0.3654204
1990,1,6,23,21199.0,35267.68,13.97127,15.67675,10.47072,10.28221,2.752178,2.576793,0.378711,0.3617
1990,1,6,24,14183.5,33449.15,13.56499,15.21788,10.41778,10.26035,2.722471,2.572177,0.3315625,0.3258474
1990,1,6,25,29364.0,32061.16,13.85727,14.1905,10.3754,10.20668,2.652573,2.491502,0.3358841,0.3270137
1990,1,6,26,2102.5,29255.36,12.73294,13.59879,10.28382,10.1592,2.609981,2.483266,0.2469646,0.25455
1990,1,6,27,35329.0,38674.84,13.55549,17.6138,10.56294,10.45865,2.868683,2.764257,0.224815,0.2276043
1990,1,6,28,84496.5,31382.97,12.86157,14.448,10.35402,10.30947,2.670556,2.626729,0.0923589,0.0932326
1990,1,6,29,162046.0,32112.29,12.48115,14.45226,10.37699,10.27028,2.670851,2.567085,0.2153611,0.2130985
1990,1,6,30,38184.5,38476.66,14.02844,17.22638,10.55781,10.42909,2.846442,2.723708,0.2565125,0.2525393
1990,1,6,31,68745.5,36952.8,13.93789,16.59681,10.5174,10.35733,2.80921,2.656924,0.3262073,0.31895
1990,1,6,32,10318.0,19268.78,11.6257,8.935772,9.866241,9.707169,2.190063,2.030127,0.2867792,0.2903907
1990,1,6,33,44855.5,39655.36,12.90466,15.51026,10.58798,10.51924,2.741502,2.651781,0.1445577,0.1885256
1990,1,6,34,121202.0,37214.07,13.65197,16.62933,10.52444,10.43714,2.811168,2.723044,0.1886902,0.1942301
1990,1,6,35,72503.5,27616.18,12.90629,12.35518,10.22616,10.04864,2.514076,2.343693,0.3657782,0.3566704
1990,1,6,36,69691.5,22119.4,11.75729,9.389755,10.00421,9.764566,2.239619,2.01946,0.4444263,0.424322
1990,1,6,37,17431.0,32122.59,13.73966,13.95481,10.37731,10.06131,2.635824,2.355447,0.5185432,0.4837604
1990,1,6,38,194855.0,23246.95,11.59325,10.56887,10.05393,9.914748,2.357913,2.228363,0.2879826,0.2687629
1990,1,6,39,44873.0,26324.21,12.68277,11.37986,10.17824,9.956112,2.431845,2.213742,0.4432623,0.4441299
1990,1,6,40,143344.5,30277.94,12.36548,10.71703,10.31817,9.911689,2.371834,1.933348,0.897405,0.9567446
1990,1,6,41,44209.5,20553.96,10.14343,7.92546,9.930809,9.705587,2.070081,1.84719,0.4090002,0.4163347
1990,1,6,42,47047.5,23512.44,11.40566,10.38548,10.06528,9.849622,2.340409,2.138835,0.4261177,0.4139407
1990,1,6,43,20114.0,29241.93,11.55449,12.29177,10.28336,10.00049,2.50893,2.238725,0.5831591,0.573965
1990,1,6,44,335330.5,31666.11,11.81392,13.88332,10.363,10.23008,2.630688,2.492716,0.3092286,0.3314195
1990,1,6,45,113574.0,34628.47,12.55062,15.64702,10.45243,10.35525,2.750281,2.651217,0.2405277,0.255455
1990,1,6,46,144824.5,31684.22,12.07238,14.14061,10.36357,10.24734,2.649051,2.532886,0.2631572,0.2680981
1990,1,6,47,686864.0,33379.68,11.81824,15.00655,10.4157,10.25155,2.708487,2.546162,0.3523501,0.35726
1990,1,6,48,18100.0,33221.96,10.97928,14.39412,10.41097,10.31324,2.66682,2.56625,0.21448,0.2303102
1990,1,6,49,228996.5,41294.34,12.51776,17.8762,10.62848,10.53154,2.88347,2.785665,0.1943275,0.2001462
1990,1,6,50,142549.5,34554.61,12.02181,15.24723,10.4503,10.36457,2.724398,2.643969,0.1823687,0.1749383
1990,1,6,51,10676.0,25935.81,11.57475,11.122,10.16338,9.930666,2.408926,2.189004,0.4713315,0.4575204
1990,1,6,52,15376.5,23734.42,11.13212,10.32564,10.07468,9.875469,2.33463,2.145802,0.4229382,0.4264482
1990,1,6,53,22424.5,33762.21,12.11804,14.86567,10.4271,10.24469,2.699055,2.517281,0.3479854,0.3510055
1990,1,6,54,37691.5,28453.74,11.60829,12.46176,10.25603,10.1365,2.522665,2.400988,0.2467706,0.2623125
1990,1,6,55,49674.5,37894.05,12.60915,17.00905,10.54255,10.44884,2.833745,2.744025,0.196421,0.1935781
1990,1,6,56,43714.0,30011.18,11.2472,13.53662,10.30933,10.22629,2.605398,2.527055,0.175796,0.1682362
1990,1,6,57,14056.5,31278.19,11.3524,13.93244,10.35068,10.26813,2.63422,2.56069,0.1632705,0.1490684
1990,1,6,58,12894.0,22199.34,10.90763,10.00162,10.00782,9.82394,2.302747,2.120699,0.3869201,0.3859228
1990,1,6,59,46502.5,32676.22,12.30826,15.08196,10.3944,10.29726,2.7135,2.615298,0.2074476,0.2154499
1990,1,6,60,28516.5,24469.21,10.80918,10.82617,10.10517,9.932509,2.381966,2.221087,0.3173881,0.3138959
1990,1,6,61,207102.0,29712.33,11.38451,13.43767,10.29932,10.19697,2.598062,2.499441,0.2209222,0.2164724
1990,1,6,62,178405.5,29272.99,11.40606,13.34097,10.28442,10.17919,2.59084,2.486622,0.2371547,0.2423325
1990,1,6,63,75387.5,33151.86,12.3477,14.91715,10.40885,10.33986,2.702512,2.635437,0.1494825,0.1467031
1990,1,6,64,493805.0,30108.68,11.642,12.42928,10.31257,10.17772,2.520055,2.386079,0.2790387,0.2824863
1990,1,6,65,116109.5,35110.25,11.62037,15.18122,10.46625,10.35443,2.720059,2.609559,0.2396596,0.2409397
1990,1,6,66,184007.0,25943.66,11.37565,11.74478,10.16368,10.03294,2.463409,2.334378,0.2769904,0.2810487
1990,2,6,0,3916806.0,,13.60156,,,,,,,
1990,2,6,1,641597.0,31099.66,14.2641,13.91569,10.34495,10.16759,2.633017,2.46368,0.3548778,0.3471498
1990,2,6,2,354732.5,27152.5,13.89081,12.644,10.20922,10.09536,2.537183,2.429375,0.2216302,0.213796
1990,2,6,3,1517.0,30816.18,18.04021,14.2581,10.3358,10.07192,2.657326,2.388675,0.6636575,0.6719969
1990,2,6,4,10805.0,37997.9,14.96789,17.28622,10.54529,10.4523,2.84991,2.764267,0.1914262,0.1812401
1990,2,6,5,28034.5,36907.68,14.89661,17.22448,10.51618,10.43442,2.846331,2.766602,0.1688493,0.1667347
1990,2,6,6,8985.5,35506.32,16.8822,16.31671,10.47747,10.3777,2.792189,2.698275,0.1979787,0.198032
1990,2,6,7,13264.0,70771.43,19.22882,29.60941,11.16721,10.88865,3.388092,3.125005,0.643037,0.5860825
1990,2,6,8,267319.0,30777.2,16.47131,14.59311,10.33453,10.2579,2.68055,2.608296,0.1704828,0.1635694
1990,2,6,9,21142.5,29485.77,17.68604,13.97644,10.29166,10.1622,2.637373,2.507229,0.2602301,0.2585079
1990,2,6,10,49553.0,36317.86,19.7608,16.0584,10.50006,10.38398,2.776232,2.666118,0.267795,0.243147
1990,2,6,11,584584.5,28549.3,17.73397,13.37437,10.25939,10.14874,2.59334,2.477317,0.2672456,0.2724181
1990,2,6,12,32610.5,26418.38,17.81454,12.684,10.18182,10.06248,2.540341,2.432881,0.2575049,0.22837
1990,2,6,13,27151.0,39791.13,19.29126,18.39601,10.5914,10.40116,2.912133,2.731657,0.4066182,0.3892113
1990,2,6,14,75099.0,23986.51,16.80048,11.28707,10.08525,9.970141,2.423658,2.308195,0.2389641,0.2440504
1990,2,6,15,14802.0,56705.96,19.10782,23.96438,10.94563,10.71711,3.176569,2.959,0.4782173,0.4583115
1990,2,6,16,94022.0,26265.99,15.97758,11.97732,10.17603,9.862425,2.483015,2.182747,0.7017899,0.6934615
1990,2,6,17,120505.5,21962.26,14.73629,10.58235,9.997081,9.910347,2.359188,2.275174,0.1760743,0.1708875
1990,2,6,18,20048.5,26577.07,13.692,12.51113,10.1878,10.10779,2.526619,2.450287,0.1592216,0.1568795
1990,2,6,19,6380.5,25723.7,13.33516,12.02314,10.15517,10.0744,2.486833,2.406997,0.1719223,0.1754079
1990,2,6,20,55141.0,28449.48,14.45362,13.36642,10.25589,10.15552,2.592746,2.497649,0.2050744,0.1977853
1990,2,6,21,703542.5,22230.29,14.04501,10.07607,10.00921,9.744212,2.310163,2.071023,0.5045483,0.4639753
1990,2,6,22,700690.5,20111.81,13.52422,9.747438,9.909062,9.825364,2.277004,2.195372,0.1674237,0.1637765
1990,2,6,23,136895.5,17901.14,14.01506,8.628956,9.79262,9.683093,2.155123,2.054695,0.2105035,0.1957772
1990,2,6,24,69517.0,19235.78,13.85901,9.343865,9.864528,9.772636,2.23472,2.146381,0.1861955,0.1786287
1990,2,6,25,309379.0,19365.57,13.47032,9.319161,9.871252,9.769942,2.232073,2.131419,0.2063728,0.2050847
1990,2,6,26,3802.5,15963.48,12.72373,7.778419,9.678059,9.60882,2.051353,1.98666,0.1351618,0.1242974
1990,2,6,27,72699.0,20599.84,12.96908,9.863594,9.933039,9.853322,2.288851,2.210531,0.1616234,0.1614619
1990,2,6,28,35440.0,24630.71,13.29839,11.72797,10.11175,10.02329,2.461976,2.376699,0.2064486,0.1980357
1990,2,6,29,103060.0,20285.96,12.7416,9.536878,9.917684,9.803828,2.255166,2.15093,0.2255659,0.2084593
1990,2,6,30,85438.5,20925.66,13.1974,10.04623,9.948731,9.868952,2.307198,2.230494,0.1590918,0.1537137
1990,2,6,31,370663.5,18528.81,13.65857,8.911559,9.827083,9.726028,2.187349,2.090675,0.2056565,0.1995613
1990,2,6,32,70819.5,11913.04,11.94122,5.828221,9.385388,9.245925,1.762712,1.626118,0.2476346,0.2466504
1990,2,6,33,390.5,24955.99,13.68246,11.82882,10.12487,9.949909,2.470539,2.291422,0.3563395,0.351078
1990,2,6,34,13561.5,24793.99,13.21085,11.60301,10.11836,10.02326,2.451264,2.360747,0.1873015,0.1779643
1990,2,6,35,14756.5,19590.11,13.91482,9.187849,9.88278,9.728774,2.217882,2.072546,0.3157339,0.2949274
1990,2,6,36,254472.0,12126.77,13.05486,5.887411,9.403171,9.274932,1.772816,1.656689,0.243074,0.2278619
1990,2,6,37,181393.0,15426.97,13.09289,7.39143,9.643872,9.514185,2.000321,1.877276,0.2488914,0.2445314
1990,2,6,38,77621.5,14800.41,12.32269,7.111155,9.60241,9.461721,1.961665,1.83169,0.2917236,0.2739786
1990,2,6,39,156842.5,14046.26,13.72663,6.508689,9.550112,9.274659,1.873138,1.597532,0.6046735,0.6123208
1990,2,6,40,23332.5,16661.41,13.46212,6.55769,9.720851,9.204123,1.880638,1.343843,1.088387,1.150344
1990,2,6,41,12935.5,14350.59,12.29353,6.668705,9.571547,9.352514,1.897426,1.666914,0.3927814,0.4129185
1990,2,6,42,11613.5,15674.35,12.88879,7.401988,9.659781,9.437612,2.001749,1.778255,0.4301248,0.4364329
1990,2,6,43,1068.5,21012.83,12.80674,9.653749,9.952888,9.77091,2.267346,2.086448,0.4370672,0.4521355
1990,2,6,44,8838.0,27665.14,12.25492,12.72762,10.22793,10.10308,2.543774,2.418685,0.3000554,0.3042654
1990,2,6,45,7830.0,27106.51,12.38825,12.8015,10.20753,10.13283,2.549563,2.475893,0.1711067,0.1715216
1990,2,6,46,7674.0,20754.81,12.40396,9.436988,9.940534,9.78585,2.244637,2.101175,0.2928496,0.2834836
1990,2,6,47,18180.5,23390.78,12.95426,10.60987,10.0601,9.853444,2.361785,2.167819,0.4280743,0.4130099
1990,2,6,48,320.0,25983.38,11.75937,12.38895,10.16521,9.957163,2.516805,2.325548,0.6177942,0.539279
1990,2,6,49,38760.5,24401.84,12.11525,11.11123,10.10241,9.986724,2.407956,2.29462,0.2364841,0.2320923
1990,2,6,50,6447.5,22860.95,11.89019,10.7388,10.03719,9.919003,2.373864,2.256312,0.2533271,0.2500768
1990,2,6,51,1637.0,15768.28,12.32682,7.188861,9.665755,9.402634,1.972533,1.722053,0.5793809,0.5258897
1990,2,6,52,20135.0,14570.88,12.19652,6.869802,9.58678,9.375991,1.927135,1.719931,0.4811015,0.4916094
1990,2,6,53,13534.0,17161.32,12.29592,8.210814,9.750413,9.631186,2.105452,1.991417,0.269966,0.2606722
1990,2,6,54,14544.5,15081.56,12.22063,7.117924,9.621228,9.48463,1.962616,1.833353,0.2927382,0.2974105
1990,2,6,55,1821.0,24741.91,12.52389,11.5739,10.11625,10.01335,2.448752,2.331688,0.2208681,0.2631283
1990,2,6,56,10274.0,18504.71,11.11729,8.723823,9.82578,9.74499,2.166058,2.084884,0.1627161,0.1640715
1990,2,6,57,3259.0,17161.56,10.84412,8.041341,9.750427,9.664846,2.084596,1.999297,0.172827,0.1707345
1990,2,6,58,2442.5,16581.73,11.27206,7.59088,9.716057,9.613955,2.026947,1.941055,0.2283569,0.20337
1990,2,6,59,19058.0,19026.13,12.64776,9.111018,9.853569,9.741428,2.209485,2.102472,0.251557,0.2441802
1990,2,6,60,119543.0,13268.56,10.80576,6.395981,9.493153,9.383501,1.85567,1.750021,0.1933528,0.1887892
1990,2,6,61,96787.5,18297.71,11.24651,8.64889,9.814531,9.70879,2.157431,2.057583,0.2133345,0.201368
1990,2,6,62,116824.5,18221.5,11.2871,8.638592,9.810358,9.711878,2.15624,2.061303,0.193843,0.1869881
1990,2,6,63,65050.5,19084.2,11.49565,8.918322,9.856616,9.763438,2.188108,2.098048,0.1862633,0.1805187
1990,2,6,64,58735.0,18976.37,13.8894,8.689511,9.85095,9.689683,2.162117,2.012521,0.3194856,0.3077203
1990,2,6,65,3341.5,23507.88,11.80458,11.15288,10.06509,9.913455,2.411698,2.262138,0.3031574,0.3102615
1990,2,6,66,91288.5,16213.74,12.01485,7.774356,9.693614,9.574642,2.050831,1.936881,0.242619,0.2308292
1990,3,6,0,294416.5,,11.11271,,,,,,,
1990,3,6,1,60314.0,43073.61,14.49108,18.78206,10.67067,10.50527,2.932902,2.770222,0.3354367,0.3412655
1990,3,6,2,23418.5,38048.66,14.6529,16.98281,10.54662,10.41024,2.832202,2.706729,0.3048724,0.2920701
1990,3,6,3,515.0,50551.26,15.63107,23.81281,10.83074,10.71963,3.170224,3.065904,0.207293,0.1907465
1990,3,6,4,7220.0,46496.15,15.29695,21.42474,10.74712,10.65752,3.064546,2.979333,0.1766329,0.1739298
1990,3,6,5,3750.0,40903.2,15.1616,18.67915,10.61896,10.55904,2.927408,2.86236,0.1323322,0.1398583
1990,3,6,6,1920.0,44472.25,15.72552,20.39181,10.70262,10.60952,3.015133,2.924392,0.1735207,0.1844039
1990,3,6,7,3525.0,96636.27,19.0105,36.68687,11.47871,11.24307,3.602419,3.393654,0.5267314,0.4530038
1990,3,6,8,2314.0,36761.73,14.77831,16.66453,10.51221,10.39214,2.813283,2.704203,0.2723256,0.2511426
1990,3,6,9,1141.0,29588.3,15.13497,13.0996,10.29513,10.20398,2.572582,2.502537,0.1683781,0.1376457
1990,3,6,10,4327.5,42592.02,18.745,19.06452,10.65942,10.57926,2.947829,2.866865,0.1639392,0.1677052
1990,3,6,11,22488.0,34741.63,17.29393,16.28092,10.45569,10.3717,2.789994,2.699353,0.2017241,0.2123932
1990,3,6,12,316.0,30007.64,16.11392,14.45793,10.30921,10.28612,2.671243,2.660169,0.0419822,0.0207872
1990,3,6,13,1606.5,40522.46,17.03953,18.60105,10.60961,10.46093,2.923218,2.765481,0.3577101,0.3915844
1990,3,6,14,11863.5,27033.12,15.50891,12.2853,10.20482,10.07982,2.508404,2.373909,0.2781267,0.2958776
1990,3,6,15,2569.0,68158.51,18.85637,27.6407,11.12959,10.81921,3.319289,3.000155,0.7468484,0.7940621
1990,3,6,16,4745.0,33404.8,14.17176,15.35441,10.41646,10.18959,2.731403,2.502296,0.4859062,0.5250235
1990,3,6,17,4492.0,30077.36,13.5886,13.69634,10.31153,10.21889,2.617129,2.533249,0.1801001,0.1759581
1990,3,6,18,5713.5,33382.38,13.2789,15.58577,10.41578,10.3234,2.746358,2.657382,0.1980393,0.1950755
1990,3,6,19,1550.0,31037.68,13.13677,14.3013,10.34296,10.27736,2.66035,2.582958,0.1386193,0.1577725
1990,3,6,20,5950.0,36399.08,13.77546,16.87994,10.5023,10.41637,2.826126,2.737985,0.1757581,0.1808053
1990,3,6,21,37028.5,32588.84,13.28496,13.77991,10.39173,10.18018,2.623212,2.425893,0.4313302,0.4108347
1990,3,6,22,940.0,29865.73,12.76915,13.78665,10.30447,10.25035,2.623701,2.576762,0.1081325,0.0935799
1990,3,6,23,2176.0,25107.59,13.19853,12.0789,10.13093,10.03117,2.49146,2.401489,0.2098227,0.1889951
1990,3,6,24,2356.0,26245.16,12.61333,12.54458,10.17524,10.08988,2.529289,2.442377,0.1800239,0.181452
1990,3,6,25,2577.0,27416.37,12.96702,12.75266,10.2189,10.11357,2.54574,2.446355,0.3069441,0.303189
1990,3,6,26,573.0,23437.28,12.37871,10.99622,10.06208,9.965779,2.397552,2.293675,0.1982816,0.2191754
1990,3,6,27,4107.5,32888.5,13.01522,15.07719,10.40088,10.31807,2.713183,2.629773,0.178508,0.1825869
1990,3,6,28,21972.5,30267.74,12.77975,14.19478,10.31784,10.26911,2.652874,2.605121,0.1155447,0.1134753
1990,3,6,29,23444.5,28294.55,12.31197,13.12367,10.25042,10.14701,2.574417,2.472965,0.2102296,0.2059913
1990,3,6,30,2242.0,29977.44,13.85192,13.92807,10.3082,10.22567,2.633906,2.546561,0.1785978,0.1920496
1990,3,6,31,8911.5,27266.38,13.38518,12.83836,10.21341,10.12329,2.552438,2.459216,0.180143,0.1847063
1990,3,6,32,5695.0,17155.09,10.84741,8.2181,9.750051,9.657167,2.106339,2.011685,0.1867028,0.189918
1990,3,6,33,2457.0,34378.72,12.92715,13.93609,10.44519,10.38329,2.634482,2.543781,0.1248436,0.1771489
1990,3,6,34,14540.5,33355.33,13.34988,15.23241,10.41497,10.31948,2.723425,2.624819,0.2042187,0.2108839
1990,3,6,35,15995.5,24171.88,12.54672,11.2054,10.09295,9.950815,2.416395,2.281102,0.2989987,0.2842609
1990,3,6,36,15770.0,18301.66,11.3806,8.268708,9.814747,9.67942,2.112478,1.98139,0.2760857,0.2685093
1990,3,6,37,7170.0,23926.13,12.38689,11.03882,10.08273,9.887735,2.401418,2.21098,0.3028832,0.3063335
1990,3,6,38,48633.0,20287.54,11.30064,9.519736,9.917762,9.784697,2.253367,2.121227,0.2620223,0.2621878
1990,3,6,39,8149.0,25201.31,12.36618,11.54285,10.13465,9.899892,2.446066,2.198055,0.5313171,0.5680342
1990,3,6,40,2311.0,14896.83,10.18434,6.254635,9.608904,9.333001,1.833323,1.555771,0.6226891,0.5970525
1990,3,6,41,7934.0,12403.7,8.889967,5.542646,9.42575,9.259521,1.712472,1.528538,0.2695524,0.310937
1990,3,6,42,9760.5,17472.72,10.73633,8.243011,9.768396,9.608213,2.109366,1.944059,0.3317966,0.3501213
1990,3,6,43,3337.5,15405.1,9.725543,7.063641,9.642454,9.456244,1.954961,1.778583,0.3153989,0.3024427
1990,3,6,44,30471.0,28825.19,11.57317,13.27547,10.269,10.13939,2.585918,2.453397,0.2860368,0.3008248
1990,3,6,45,7336.5,33723.16,12.42282,15.31957,10.42594,10.27843,2.729131,2.58831,0.3099095,0.3315716
1990,3,6,46,12710.5,26986.22,11.68215,12.56921,10.20308,10.08831,2.53125,2.415468,0.2751664,0.2882096
1990,3,6,47,70033.5,26136.84,11.17261,12.25933,10.1711,10.00366,2.506288,2.340424,0.3505992,0.3478829
1990,3,6,48,1121.0,27748.94,11.00981,12.82529,10.23095,10.11665,2.551419,2.42029,0.263501,0.3077167
1990,3,6,49,18487.0,35326.49,12.35025,16.08512,10.47239,10.36587,2.777895,2.670311,0.2295007,0.238313
1990,3,6,50,9434.5,30293.78,11.95326,14.06738,10.3187,10.24103,2.643859,2.562906,0.1746062,0.1837459
1990,3,6,51,662.0,18344.48,11.2855,8.846525,9.817083,9.750567,2.180025,2.108332,0.1253566,0.1383703
1990,3,6,52,1486.5,19973.42,11.65018,9.341582,9.902158,9.755484,2.234476,2.086823,0.3523255,0.3623286
1990,3,6,53,2323.0,24562.35,11.50452,11.54121,10.10897,9.989231,2.445924,2.309001,0.2365978,0.2632695
1990,3,6,54,4471.0,24165.98,11.36211,11.12612,10.0927,9.991213,2.409295,2.311863,0.2244617,0.2142677
1990,3,6,55,4994.0,32000.69,11.94033,14.52143,10.37351,10.29201,2.675626,2.595227,0.1785115,0.1820042
1990,3,6,56,6148.5,31538.45,11.49679,14.42325,10.35896,10.24576,2.668842,2.558245,0.2266869,0.2226201
1990,3,6,57,2402.5,27071.85,10.90989,12.64156,10.20625,10.0757,2.53699,2.401519,0.2943216,0.3073075
1990,3,6,58,1282.0,16427.08,9.773791,7.714952,9.706687,9.60905,2.04316,1.955435,0.1958596,0.1761174
1990,3,6,59,4265.0,28051.32,11.76295,13.01898,10.24179,10.15995,2.566408,2.482104,0.156344,0.1581779
1990,3,6,60,6676.0,19731.65,10.9976,9.169774,9.889979,9.779761,2.215913,2.107787,0.2288533,0.2226147
1990,3,6,61,41842.5,26827.98,11.24345,12.55252,10.1972,10.07716,2.529921,2.408465,0.2652948,0.2650586
1990,3,6,62,29284.5,29163.46,11.35362,13.71761,10.28067,10.17601,2.618681,2.51293,0.2333571,0.2365415
1990,3,6,63,8116.0,29584.98,12.11952,13.81835,10.29502,10.21444,2.625997,2.545259,0.1721519,0.174581
1990,3,6,64,92791.5,26866.36,11.43046,11.98052,10.19863,10.06838,2.483282,2.354866,0.2768608,0.279714
1990,3,6,65,12186.0,31527.57,11.07065,14.18543,10.35862,10.24962,2.652215,2.546619,0.2377536,0.2282764
1990,3,6,66,41555.5,23248.9,10.9495,10.89033,10.05401,9.89896,2.387876,2.229511,0.3253942,0.3333803
1990,4,6,0,504742.0,,11.71462,,,,,,,
1990,4,6,1,52735.5,31313.9,14.41748,14.68414,10.35182,10.21393,2.686768,2.551845,0.2943698,0.2907205
1990,4,6,2,36432.0,28039.3,13.85301,13.44818,10.24136,10.15963,2.598844,2.515771,0.1791736,0.1839084
1990,4,6,3,0.0,,,,,,,,,
1990,4,6,4,865.5,32794.39,14.31196,15.69401,10.39801,10.32212,2.753279,2.668525,0.1602222,0.176798
1990,4,6,5,2828.0,35832.89,14.32214,16.8603,10.48662,10.43979,2.824962,2.771052,0.1035494,0.1216807
1990,4,6,6,499.0,32777.46,15.36874,15.15222,10.3975,10.31739,2.718147,2.657759,0.1871957,0.1445052
1990,4,6,7,673.5,80338.67,19.04232,32.34901,11.29401,11.1295,3.476583,3.332398,0.3044955,0.2772973
1990,4,6,8,35361.0,31483.06,14.88431,15.0222,10.35721,10.24259,2.709529,2.590976,0.2624573,0.2724382
1990,4,6,9,1686.0,24995.59,14.83215,11.83386,10.12645,10.001,2.470965,2.346319,0.3114243,0.2948278
1990,4,6,10,3598.0,35592.81,18.96748,16.70187,10.4799,10.39716,2.815521,2.732722,0.1886088,0.1865863
1990,4,6,11,81458.5,28481.67,17.08925,14.11546,10.25702,10.13747,2.647271,2.517489,0.2864131,0.3060335
1990,4,6,12,2840.5,28219.89,16.91885,13.55836,10.24778,10.1736,2.607003,2.532016,0.1635014,0.1644
1990,4,6,13,1491.5,38523.61,16.43513,17.23607,10.55903,10.38531,2.847005,2.724468,0.3267049,0.2651846
1990,4,6,14,17874.5,26234.64,15.12339,12.8065,10.17484,10.09382,2.549953,2.461774,0.1645995,0.1793945
1990,4,6,15,1080.5,55195.68,18.66266,23.5215,10.91864,10.76667,3.157915,3.039289,0.3104321,0.2505362
1990,4,6,16,3523.0,29475.63,14.26057,13.23865,10.29132,10.09514,2.583141,2.37771,0.5047761,0.5112318
1990,4,6,17,27463.5,22579.42,13.08639,10.86643,10.02479,9.937303,2.385678,2.296659,0.1744198,0.1819713
1990,4,6,18,2740.5,24964.67,12.63018,11.96482,10.12522,10.04045,2.48197,2.398103,0.1740741,0.1748577
1990,4,6,19,811.0,23859.7,12.418,10.94257,10.07995,10.01419,2.392661,2.314116,0.1339912,0.1625027
1990,4,6,20,5001.0,27326.69,13.82623,13.23569,10.21562,10.14974,2.582917,2.512777,0.1338932,0.1415669
1990,4,6,21,40614.5,19840.35,13.26132,9.415814,9.895473,9.711375,2.242391,2.064979,0.375037,0.3651862
1990,4,6,22,40999.5,21589.35,13.16616,10.57296,9.979956,9.917064,2.3583,2.291381,0.1238632,0.1352568
1990,4,6,23,10865.0,20605.38,13.01896,9.989511,9.933308,9.838526,2.301536,2.204653,0.1753113,0.1781532
1990,4,6,24,9421.0,21142.73,12.8411,10.36389,9.959051,9.897707,2.338328,2.274646,0.131482,0.137091
1990,4,6,25,14884.0,21065.1,12.8882,10.3588,9.955373,9.882623,2.337836,2.266581,0.1588431,0.1544401
1990,4,6,26,611.0,17836.33,12.29787,8.664832,9.788993,9.745967,2.159272,2.107656,0.0869039,0.1064947
1990,4,6,27,11935.0,23299.46,12.75174,11.32876,10.05619,9.98497,2.427344,2.354694,0.1492499,0.1518837
1990,4,6,28,11996.5,28231.35,12.42329,13.41539,10.24819,10.18756,2.596402,2.534478,0.154935,0.1570821
1990,4,6,29,14052.0,23704.89,12.4936,11.36232,10.07344,9.960353,2.430303,2.311585,0.2247464,0.2407997
1990,4,6,30,9162.0,22828.49,13.09703,11.04633,10.03576,9.972198,2.402099,2.329562,0.1271253,0.1498985
1990,4,6,31,49152.0,20125.58,13.07546,9.85506,9.909747,9.828156,2.287985,2.202305,0.1738451,0.1838586
1990,4,6,32,42042.5,11817.87,11.75801,5.808218,9.377368,9.252551,1.759274,1.639882,0.239309,0.2287963
1990,4,6,33,57.0,28000.0,11.33333,9.333333,10.23996,10.23996,2.233592,2.233592,0.0,0.0
1990,4,6,34,2627.0,28854.3,13.43662,13.59509,10.27001,10.16802,2.609709,2.504634,0.194563,0.2095906
1990,4,6,35,4894.5,20191.2,13.32761,9.590381,9.913002,9.75296,2.260761,2.101941,0.3389815,0.3306099
1990,4,6,36,43747.5,12853.3,11.866,6.268458,9.461356,9.346487,1.83553,1.721749,0.226687,0.2295125
1990,4,6,37,85149.5,16316.86,12.12062,7.791142,9.699954,9.585646,2.052988,1.936688,0.2417222,0.244195
1990,4,6,38,32511.0,13809.88,11.56264,6.678221,9.533139,9.423503,1.898852,1.795973,0.23442,0.2184008
1990,4,6,39,24233.5,14505.91,12.95261,6.72711,9.582312,9.355597,1.906146,1.681369,0.4999653,0.5055643
1990,4,6,40,272.5,10899.45,10.66055,5.216656,9.296468,9.114836,1.651857,1.438555,0.4657933,0.6726761
1990,4,6,41,1511.5,12127.08,9.753887,5.484869,9.403196,9.312991,1.701993,1.607949,0.1821172,0.1942223
1990,4,6,42,1505.5,12165.41,10.86549,5.867233,9.406352,9.216628,1.769383,1.580084,0.3770244,0.35517
1990,4,6,43,102.0,11842.45,10.40196,5.702951,9.379446,9.300898,1.740984,1.662678,0.1468056,0.1465805
1990,4,6,44,1735.0,32453.82,12.35965,15.21392,10.38757,10.28844,2.722211,2.625265,0.2259356,0.2208099
1990,4,6,45,1366.0,30060.27,12.33016,14.25733,10.31096,10.26286,2.657271,2.608938,0.115427,0.1146753
1990,4,6,46,927.0,20838.83,11.66235,10.09767,9.944573,9.886897,2.312304,2.254155,0.1199025,0.1206024
1990,4,6,47,2405.0,21218.3,11.41247,10.14704,9.96262,9.824362,2.317182,2.170438,0.3324027,0.344955
1990,4,6,48,11.0,25000.0,12.0,12.01923,10.12663,10.12663,2.486508,2.486508,0.0,0.0
1990,4,6,49,5041.5,24394.97,12.11267,11.30742,10.10213,9.980051,2.425459,2.303066,0.2557623,0.2566041
1990,4,6,50,1141.0,24726.08,12.04032,11.7093,10.11561,10.03475,2.460383,2.360071,0.1955439,0.2496895
1990,4,6,51,174.0,10861.62,11.01724,5.173545,9.292991,9.262224,1.643558,1.611861,0.0616674,0.0644362
1990,4,6,52,2499.0,13916.56,11.84194,6.631682,9.540834,9.410135,1.891859,1.771059,0.2945595,0.2762889
1990,4,6,53,1688.5,17373.88,11.55108,8.274794,9.762723,9.679454,2.113214,2.024564,0.1633378,0.1771556
1990,4,6,54,2902.5,13953.22,11.11525,6.745551,9.543466,9.454742,1.908883,1.817215,0.1688728,0.1745733
1990,4,6,55,190.0,21520.69,11.59474,10.34649,9.97677,9.833889,2.336647,2.193765,0.3083023,0.3083022
1990,4,6,56,2212.5,25954.35,11.43548,11.7288,10.16409,9.926048,2.462047,2.257005,0.3574491,0.322712
1990,4,6,57,410.0,18367.27,11.30244,8.801825,9.818325,9.724135,2.174959,2.078919,0.1699694,0.1745854
1990,4,6,58,622.0,13804.69,10.7074,6.547781,9.532763,9.387186,1.879126,1.768674,0.3330535,0.2743576
1990,4,6,59,1545.5,20103.43,11.91394,9.876548,9.908646,9.824308,2.290163,2.200871,0.1690143,0.1851716
1990,4,6,60,32105.5,12809.49,11.01397,6.197102,9.457942,9.362426,1.824082,1.731901,0.1790591,0.1730341
1990,4,6,61,24238.0,19286.69,11.27601,9.196901,9.86717,9.750524,2.218867,2.10776,0.2305612,0.220943
1990,4,6,62,25704.5,20977.57,11.5728,10.04056,9.951209,9.829451,2.306633,2.186425,0.2411538,0.2378826
1990,4,6,63,13090.5,18246.17,11.65593,8.717679,9.81171,9.705253,2.165353,2.063157,0.2198932,0.2117639
1990,4,6,64,10152.0,20154.58,12.86042,9.574814,9.911187,9.763486,2.259136,2.132191,0.3217858,0.2868852
1990,4,6,65,956.0,27592.34,11.56904,13.34038,10.22529,10.05219,2.590796,2.419599,0.3876587,0.3797184
1990,4,6,66,16820.5,17172.23,11.72872,8.233426,9.751049,9.628422,2.108202,1.994641,0.2545284,0.2393396
1980,0,0,0,23500000.0,,11.85798,,,,,,,
1980,0,0,1,5296530.0,24330.19,14.47055,,10.09947,9.905711,,,0.429819,
1980,0,0,2,2331040.0,19600.59,14.48312,,9.883315,9.745909,,,0.2892628,
1980,0,0,3,76560.0,24842.83,17.23106,,10.12033,9.955969,,,0.3473553,
1980,0,0,4,973250.0,25681.14,15.78505,,10.15351,10.08181,,,0.1620198,
1980,0,0,5,258930.0,23402.49,15.67204,,10.0606,9.988445,,,0.16133,
1980,0,0,6,218700.0,23139.97,17.02154,,10.04932,9.92048,,,0.2827568,
1980,0,0,7,425610.0,45369.8,18.69768,,10.7226,10.51131,,,0.5248885,
1980,0,0,8,907450.0,15811.12,15.27377,,9.668468,9.572988,,,0.228415,
1980,0,0,9,145010.0,14829.87,15.78139,,9.604399,9.495606,,,0.2451801,
1980,0,0,10,389530.0,22453.61,18.31094,,10.01921,9.889635,,,0.3039674,
1980,0,0,11,2670690.0,15445.85,17.20932,,9.645096,9.537653,,,0.261548,
1980,0,0,12,112780.0,14739.32,16.94777,,9.598274,9.490897,,,0.2515208,
1980,0,0,13,163310.0,23892.43,17.42723,,10.08132,9.937728,,,0.3170937,
1980,0,0,14,539640.0,13758.63,16.37833,,9.529422,9.404778,,,0.2958021,
1980,0,0,15,397090.0,34643.91,18.67018,,10.45288,10.25262,,,0.4644853,
1980,0,0,16,682530.0,17971.85,14.87675,,9.796562,9.581645,,,0.4942209,
1980,0,0,17,577120.0,12432.39,13.58981,,9.428061,9.330221,,,0.2193006,
1980,0,0,18,611120.0,18351.96,13.46745,,9.817492,9.721559,,,0.2252165,
1980,0,0,19,109960.0,17614.14,13.68589,,9.776457,9.673449,,,0.242836,
1980,0,0,20,601930.0,20242.98,14.75939,,9.915564,9.779966,,,0.2986027,
1980,0,0,21,4855060.0,19003.79,13.33746,,9.852394,9.60884,,,0.5258016,
1980,0,0,22,2547320.0,10828.98,12.74096,,9.289982,9.210929,,,0.1706762,
1980,0,0,23,410420.0,11427.54,12.8744,,9.343781,9.216086,,,0.2656778,
1980,0,0,24,446190.0,12340.93,12.75228,,9.420677,9.313892,,,0.2309997,
1980,0,0,25,1216150.0,11338.63,12.69709,,9.335971,9.23435,,,0.2136205,
1980,0,0,26,25710.0,11693.72,12.12174,,9.366807,9.249838,,,0.254507,
1980,0,0,27,494500.0,15247.11,12.8673,,9.632145,9.503872,,,0.2833426,
1980,0,0,28,436520.0,17286.02,12.52747,,9.757653,9.683599,,,0.2054141,
1980,0,0,29,1009840.0,15044.92,12.31001,,9.618796,9.505439,,,0.2641325,
1980,0,0,30,327710.0,14708.45,13.71914,,9.596177,9.490666,,,0.2252741,
1980,0,0,31,1665750.0,11676.01,12.76607,,9.365292,9.250964,,,0.2384027,
1980,0,0,32,374200.0,7342.679,10.14856,,8.901459,8.728533,,,0.3832382,
1980,0,0,33,189250.0,18989.76,12.73871,,9.851655,9.780908,,,0.1746276,
1980,0,0,34,514930.0,18472.56,13.48187,,9.824041,9.743007,,,0.2010875,
1980,0,0,35,271010.0,14594.26,12.31707,,9.588384,9.445228,,,0.327158,
1980,0,0,36,1351870.0,8642.287,11.30809,,9.064423,8.87802,,,0.3798246,
1980,0,0,37,824050.0,9067.966,11.86839,,9.112503,8.993333,,,0.2482642,
1980,0,0,38,899440.0,12188.2,10.90771,,9.408223,9.259976,,,0.3428721,
1980,0,0,39,820780.0,10150.3,12.19807,,9.225258,8.974779,,,0.5489292,
1980,0,0,40,685380.0,16816.69,12.11051,,9.730127,9.334702,,,0.9215229,
1980,0,0,41,348040.0,10615.36,9.947793,,9.270057,9.052565,,,0.4754747,
1980,0,0,42,184890.0,12117.75,11.20856,,9.402427,9.232294,,,0.3914091,
1980,0,0,43,98870.0,15428.28,11.04208,,9.643958,9.378232,,,0.5796649,
1980,0,0,44,1394620.0,17130.75,11.4763,,9.748631,9.625404,,,0.303218,
1980,0,0,45,544040.0,19018.83,12.33985,,9.853185,9.756482,,,0.248745,
1980,0,0,46,515780.0,17904.13,11.74557,,9.792787,9.674973,,,0.2970478,
1980,0,0,47,3033260.0,18615.49,11.63193,,9.83175,9.675569,,,0.3661094,
1980,0,0,48,126280.0,19336.4,11.08758,,9.869744,9.751706,,,0.3098911,
1980,0,0,49,1392090.0,20565.67,12.39263,,9.931378,9.808464,,,0.2926346,
1980,0,0,50,573610.0,18598.57,11.76031,,9.83084,9.730556,,,0.2565098,
1980,0,0,51,57350.0,13145.38,11.53688,,9.483826,9.295466,,,0.4251561,
1980,0,0,52,122360.0,10703.97,10.74665,,9.27837,9.100173,,,0.3874993,
1980,0,0,53,139540.0,14671.14,11.71084,,9.593637,9.432959,,,0.3674395,
1980,0,0,54,227130.0,15529.11,11.10263,,9.650472,9.513806,,,0.3426467,
1980,0,0,55,155600.0,19792.11,12.39531,,9.893039,9.799607,,,0.2218841,
1980,0,0,56,425760.0,16044.03,11.08357,,9.683092,9.573096,,,0.2766005,
1980,0,0,57,120880.0,14926.19,10.93117,,9.610873,9.487581,,,0.2920742,
1980,0,0,58,76800.0,12253.42,10.51771,,9.413561,9.256354,,,0.3718682,
1980,0,0,59,246220.0,16032.19,12.04029,,9.682354,9.565643,,,0.2774279,
1980,0,0,60,796110.0,8563.218,10.20359,,9.055231,8.940539,,,0.240982,
1980,0,0,61,1770980.0,14643.15,11.01189,,9.591728,9.459237,,,0.3245223,
1980,0,0,62,1413790.0,14260.46,11.08247,,9.565246,9.429577,,,0.3325721,
1980,0,0,63,560990.0,14699.92,11.52265,,9.595597,9.469732,,,0.2967153,
1980,0,0,64,2115220.0,17155.94,11.20405,,9.750099,9.603022,,,0.3546114,
1980,0,0,65,630380.0,19234.37,11.31045,,9.864454,9.739728,,,0.3098731,
1980,0,0,66,1447880.0,13363.47,10.96691,,9.50028,9.350204,,,0.3642097,
1980,1,0,0,3301400.0,,12.58902,,,,,,,
1980,1,0,1,3769500.0,27585.82,14.79047,11.62843,10.22506,10.06027,2.453453,2.283378,0.3677821,0.3877015
1980,1,0,2,1314940.0,23412.88,15.19461,10.52774,10.06104,9.942636,2.354013,2.238942,0.2518511,0.2509515
1980,1,0,3,68690.0,25506.64,17.39875,11.21384,10.14669,9.98626,2.417149,2.262481,0.3397873,0.333284
1980,1,0,4,910620.0,26083.6,15.88731,11.92108,10.16906,10.10063,2.478309,2.409264,0.1536225,0.1578176
1980,1,0,5,188430.0,24978.28,15.94428,11.58074,10.12576,10.06387,2.449344,2.385742,0.1369012,0.143402
1980,1,0,6,174760.0,24469.59,17.33566,11.11718,10.10519,9.980445,2.408492,2.284695,0.2751996,0.2823709
1980,1,0,7,371830.0,47326.65,18.95721,18.45264,10.76483,10.57195,2.915207,2.692284,0.4836942,0.5646182
1980,1,0,8,110520.0,22629.99,17.40264,9.620846,10.02703,9.908677,2.263932,2.151676,0.2733712,0.2677663
1980,1,0,9,46440.0,17609.68,15.83549,7.681318,9.776204,9.661555,2.038791,1.926768,0.2486922,0.2544742
1980,1,0,10,253960.0,24500.61,19.30028,10.4392,10.10645,9.987537,2.345568,2.228138,0.2815462,0.2786956
1980,1,0,11,832950.0,17914.15,17.87452,8.117185,9.793346,9.705644,2.093983,1.997935,0.2067035,0.2276772
1980,1,0,12,22020.0,17753.79,17.9119,8.396359,9.784354,9.671762,2.127798,2.017514,0.2485394,0.2468981
1980,1,0,13,102370.0,27030.38,17.92439,12.05972,10.20472,10.07577,2.489871,2.369961,0.2863104,0.2719816
1980,1,0,14,282150.0,14446.69,17.16817,6.04862,9.57822,9.439552,1.79983,1.630559,0.3249917,0.403399
1980,1,0,15,335350.0,36542.54,19.01935,15.26189,10.50623,10.31671,2.725359,2.536803,0.4433739,0.4403246
1980,1,0,16,412500.0,20340.84,15.42977,9.097803,9.920386,9.723536,2.208033,2.009809,0.4535167,0.4672431
1980,1,0,17,86360.0,16930.32,15.14636,7.574991,9.736861,9.617425,2.024852,1.909485,0.2619655,0.2612637
1980,1,0,18,499330.0,19295.21,13.57359,8.844318,9.867612,9.780576,2.179775,2.095439,0.2049749,0.2031075
1980,1,0,19,74680.0,19360.12,14.04178,8.878531,9.870971,9.77992,2.183636,2.091136,0.2173657,0.2230427
1980,1,0,20,409370.0,22600.04,15.35467,10.41307,10.02571,9.901685,2.343062,2.215061,0.2738419,0.2832103
1980,1,0,21,2925420.0,22688.43,13.94703,9.604469,10.02961,9.835636,2.262228,2.06059,0.4213436,0.4422857
1980,1,0,22,33760.0,19676.91,14.40995,8.794371,9.887201,9.68739,2.174112,1.996961,0.4274055,0.3941439
1980,1,0,23,59490.0,18057.84,14.32711,8.400097,9.801335,9.68077,2.128243,2.008706,0.2920798,0.2945504
1980,1,0,24,92020.0,16700.96,13.44795,7.75119,9.723222,9.618339,2.047846,1.947801,0.2474246,0.2386161
1980,1,0,25,125310.0,17593.83,14.11635,8.09169,9.775304,9.666737,2.090838,1.984859,0.2382186,0.2368716
1980,1,0,26,7120.0,15156.48,12.84551,7.006552,9.626184,9.494727,1.946846,1.826463,0.3174905,0.2954523
1980,1,0,27,164120.0,20668.52,13.68986,9.498268,9.936367,9.840395,2.251109,2.156713,0.2257878,0.2225617
1980,1,0,28,265140.0,18204.02,12.74406,8.482961,9.809398,9.755131,2.13806,2.084187,0.1529786,0.1532747
1980,1,0,29,595950.0,16945.52,12.4991,7.734281,9.737759,9.641355,2.045662,1.950417,0.2306819,0.2291788
1980,1,0,30,121990.0,18711.68,14.71629,8.582562,9.836903,9.744921,2.149733,2.060212,0.2025505,0.2008644
1980,1,0,31,243010.0,17746.46,14.06,8.206491,9.783941,9.666483,2.104925,1.990584,0.2653697,0.2609974
1980,1,0,32,41530.0,11112.3,10.81387,5.21897,9.315808,9.175796,1.6523,1.515616,0.3215449,0.3193384
1980,1,0,33,177070.0,19178.35,12.76151,7.291825,9.861537,9.793666,1.986754,1.899636,0.1664405,0.2071415
1980,1,0,34,439680.0,18881.76,13.52293,8.476267,9.845951,9.769642,2.13727,2.05589,0.1887407,0.2030163
1980,1,0,35,182280.0,15503.2,12.59206,6.954418,9.648802,9.513008,1.939377,1.804911,0.3093518,0.3088162
1980,1,0,36,318140.0,11807.49,12.07626,5.106185,9.37649,9.194279,1.630453,1.462375,0.3910213,0.3723896
1980,1,0,37,69980.0,13178.13,13.62789,5.94144,9.486314,9.327504,1.781952,1.642269,0.3022666,0.2796162
1980,1,0,38,555370.0,13483.84,11.29593,6.191842,9.509248,9.380229,1.823233,1.69949,0.2985961,0.2906789
1980,1,0,39,156160.0,14830.75,12.85784,6.479474,9.604459,9.414083,1.868639,1.68063,0.3978959,0.4003716
1980,1,0,40,613700.0,17496.46,12.22291,5.968862,9.769754,9.402092,1.786556,1.386972,0.8414623,0.9098662
1980,1,0,41,235380.0,11423.35,9.979267,4.445,9.343414,9.149962,1.49178,1.278722,0.4120937,0.4553679
1980,1,0,42,135440.0,12939.74,11.45703,5.894379,9.468059,9.311672,1.773999,1.623788,0.3559447,0.3502492
1980,1,0,43,83900.0,16281.13,11.41597,6.970067,9.697762,9.448578,1.941625,1.692863,0.5436843,0.5583355
1980,1,0,44,1280750.0,17358.29,11.52998,7.65873,9.761826,9.641603,2.035846,1.910996,0.294904,0.3111203
1980,1,0,45,481200.0,19346.14,12.38005,8.787069,9.870249,9.777027,2.173281,2.079501,0.2386761,0.2441787
1980,1,0,46,453250.0,18429.34,11.82764,8.303714,9.821699,9.713194,2.116703,2.008081,0.2748443,0.2792128
1980,1,0,47,2748660.0,19074.4,11.79188,8.729134,9.856102,9.706538,2.166666,2.018914,0.3486217,0.3506869
1980,1,0,48,117080.0,19626.03,11.12043,8.49743,9.884612,9.770423,2.139764,2.020623,0.3002737,0.3190217
1980,1,0,49,1132260.0,21933.28,12.51467,9.551211,9.99576,9.891322,2.256668,2.150931,0.248037,0.2529779
1980,1,0,50,512260.0,19056.92,11.80373,8.520076,9.855186,9.761993,2.142425,2.05227,0.2375732,0.2331172
1980,1,0,51,45530.0,14017.58,11.85021,6.246125,9.548067,9.362903,1.831961,1.650038,0.4243631,0.4341921
1980,1,0,52,53280.0,13243.83,10.61937,5.987291,9.491287,9.336586,1.789639,1.634829,0.3411821,0.3500448
1980,1,0,53,85950.0,16795.4,11.96114,7.587636,9.728861,9.588294,2.02652,1.891931,0.3326831,0.3279448
1980,1,0,54,164850.0,16914.23,11.27279,7.528647,9.73591,9.629004,2.018715,1.904634,0.2705413,0.2951255
1980,1,0,55,136840.0,20194.36,12.46478,9.213094,9.913158,9.825405,2.220626,2.133672,0.206752,0.208598
1980,1,0,56,310270.0,17238.33,11.15654,7.815378,9.75489,9.662088,2.056093,1.967435,0.2393669,0.2311429
1980,1,0,57,76990.0,16760.25,10.97779,7.610473,9.726766,9.626384,2.029525,1.935996,0.2487246,0.2360072
1980,1,0,58,54920.0,13301.08,10.73707,6.095712,9.495601,9.341378,1.807585,1.658489,0.3800344,0.3716616
1980,1,0,59,172170.0,17732.01,12.09839,8.401041,9.783127,9.689805,2.128356,2.030712,0.225056,0.2379287
1980,1,0,60,112220.0,12294.61,10.3388,5.597066,9.416917,9.288882,1.722243,1.598794,0.2985782,0.2921884
1980,1,0,61,1049180.0,16655.83,11.18395,7.62756,9.720515,9.616288,2.031768,1.929778,0.2656918,0.2618315
1980,1,0,62,779180.0,16616.7,11.19923,7.642563,9.718163,9.607291,2.033733,1.925043,0.2885263,0.2862583
1980,1,0,63,265700.0,18084.37,12.02047,8.286055,9.802803,9.722487,2.114574,2.035252,0.203469,0.2027648
1980,1,0,64,1671270.0,17947.92,11.29951,7.584937,9.79523,9.661542,2.026164,1.89454,0.3190787,0.3198057
1980,1,0,65,540840.0,19954.31,11.39283,8.747828,9.9012,9.789155,2.168806,2.059037,0.2737736,0.2727551
1980,1,0,66,835360.0,15076.95,11.26049,6.927479,9.620922,9.491754,1.935496,1.805605,0.323094,0.3279486
1980,2,0,0,17300000.0,,13.15933,,,,,,,
1980,2,0,1,1285670.0,14600.79,14.15246,6.74148,9.588831,9.437486,1.90828,1.758067,0.3357101,0.3435381
1980,2,0,2,843170.0,13871.77,13.87806,6.613381,9.537611,9.448266,1.889095,1.803682,0.196989,0.1907828
1980,2,0,3,5870.0,16042.99,17.88075,7.549828,9.683027,9.551083,2.021525,1.890967,0.2827725,0.2813619
1980,2,0,4,35610.0,17870.86,14.69756,8.410337,9.790927,9.714393,2.129462,2.055885,0.1767679,0.1707788
1980,2,0,5,55720.0,18515.33,15.45908,8.845155,9.826354,9.757315,2.17987,2.110239,0.1536595,0.157305
1980,2,0,6,35610.0,16794.87,17.20191,7.977674,9.728829,9.631378,2.076647,1.979248,0.2168062,0.2185348
1980,2,0,7,40770.0,26175.36,18.85995,10.57403,10.17257,9.919691,2.358401,2.077275,0.5415103,0.6043517
1980,2,0,8,712860.0,14619.91,16.9915,7.048352,9.590139,9.519262,1.952794,1.885237,0.1846614,0.1789664
1980,2,0,9,84790.0,13210.47,17.26288,6.38761,9.488765,9.403261,1.85436,1.770369,0.2066024,0.2051241
1980,2,0,10,116060.0,16604.47,20.29192,7.551287,9.717427,9.608777,2.021718,1.919318,0.263112,0.2465001
1980,2,0,11,1569280.0,13339.24,18.05828,6.471776,9.498466,9.397512,1.86745,1.759673,0.2547514,0.2687869
1980,2,0,12,82550.0,13660.21,18.07462,6.764779,9.522243,9.426237,1.91173,1.818288,0.2352165,0.227002
1980,2,0,13,52190.0,17430.16,18.45143,8.314799,9.765957,9.65756,2.118037,2.010951,0.248852,0.2481413
1980,2,0,14,184230.0,12678.68,16.79835,6.121716,9.447677,9.350856,1.811842,1.710351,0.2387674,0.2543263
1980,2,0,15,50310.0,21106.51,18.90916,9.419679,9.957337,9.790187,2.242801,2.089698,0.3875716,0.3587903
1980,2,0,16,241890.0,13260.28,16.43119,6.274424,9.492528,9.299887,1.836482,1.646912,0.456044,0.4599385
1980,2,0,17,393570.0,11475.92,14.90566,5.58057,9.348006,9.274519,1.719291,1.646282,0.1706109,0.1714204
1980,2,0,18,77980.0,12916.3,13.74711,6.180851,9.466246,9.381599,1.821456,1.739789,0.1950707,0.189122
1980,2,0,19,25900.0,12809.39,13.86409,6.125547,9.457934,9.381252,1.812468,1.73751,0.1838084,0.1785914
1980,2,0,20,155420.0,14276.26,15.23536,6.868354,9.566353,9.469028,1.926924,1.829075,0.2256224,0.2311351
1980,2,0,21,1698390.0,11036.5,14.26054,5.241253,9.308964,9.113124,1.656561,1.474321,0.4029275,0.3849971
1980,2,0,22,2317070.0,10675.0,13.49189,5.243083,9.275661,9.202522,1.65691,1.585575,0.1609361,0.1579824
1980,2,0,23,308360.0,9911.934,13.87592,4.867599,9.201495,9.108895,1.582601,1.494347,0.1950482,0.1878002
1980,2,0,24,290210.0,10897.21,13.50339,5.318716,9.296262,9.214292,1.671232,1.592235,0.1764459,0.1704455
1980,2,0,25,1016280.0,10435.95,13.44934,5.097296,9.253012,9.170732,1.62871,1.547946,0.180192,0.1780821
1980,2,0,26,14230.0,9732.315,12.59311,4.743352,9.183208,9.107729,1.556744,1.484403,0.1573627,0.1482774
1980,2,0,27,263600.0,11895.57,12.86206,5.776558,9.383922,9.293571,1.753808,1.6645,0.2046448,0.2035754
1980,2,0,28,80720.0,14091.55,13.3003,6.788305,9.55333,9.448818,1.915201,1.814176,0.2666725,0.2603035
1980,2,0,29,286140.0,11384.99,12.61942,5.441231,9.340051,9.248968,1.694005,1.607203,0.2023707,0.1932999
1980,2,0,30,166510.0,11808.14,13.52135,5.746043,9.376544,9.304622,1.748511,1.677573,0.1622259,0.160535
1980,2,0,31,1189240.0,10284.45,13.52491,5.030838,9.238388,9.155684,1.615587,1.536123,0.179062,0.1727079
1980,2,0,32,171820.0,6501.807,11.4975,3.199155,8.779836,8.655587,1.162887,1.041521,0.2835221,0.2903303
1980,2,0,33,1990.0,13480.62,13.00502,5.988411,9.509008,9.372195,1.789826,1.642417,0.3586355,0.3806827
1980,2,0,34,25110.0,13938.37,13.7738,6.500468,9.5424,9.450611,1.871874,1.781803,0.2153314,0.2120969
1980,2,0,35,34870.0,11124.38,14.27818,5.214636,9.316895,9.166471,1.651469,1.512715,0.3277187,0.3096208
1980,2,0,36,837970.0,6970.076,13.25806,3.440876,8.849381,8.709813,1.235726,1.101605,0.2862017,0.2837065
1980,2,0,37,515620.0,8349.24,12.90501,4.096586,9.029926,8.936747,1.410154,1.318503,0.2011172,0.2019859
1980,2,0,38,132890.0,8630.907,11.82753,4.233906,9.063105,8.942633,1.443125,1.325707,0.2757342,0.2704827
1980,2,0,39,557360.0,8394.602,14.26791,4.064191,9.035344,8.801532,1.402215,1.164064,0.5219525,0.5433342
1980,2,0,40,60400.0,9673.014,13.35563,3.720035,9.177095,8.599339,1.313733,0.6884255,1.282617,1.399283
1980,2,0,41,70550.0,8075.962,11.84635,3.545811,8.996647,8.72964,1.265767,0.9794825,0.6065391,0.6805598
1980,2,0,42,28540.0,8533.169,13.089,4.012814,9.051716,8.847633,1.389493,1.194556,0.4596299,0.4493699
1980,2,0,43,3490.0,10553.07,12.38968,4.798933,9.264173,9.130214,1.568393,1.442817,0.2887161,0.2766168
1980,2,0,44,19830.0,13129.67,11.91831,6.032461,9.48263,9.358392,1.797155,1.674716,0.3007716,0.2982909
1980,2,0,45,29710.0,15569.37,12.36957,7.332805,9.653061,9.563999,1.992358,1.905116,0.2185163,0.2143491
1980,2,0,46,23680.0,11342.81,12.22466,5.365117,9.336339,9.211142,1.679918,1.55889,0.2760725,0.2656387
1980,2,0,47,48580.0,12714.55,12.71634,6.016417,9.450502,9.254969,1.794492,1.597018,0.4369249,0.4398864
1980,2,0,48,2530.0,15087.45,11.88933,6.988153,9.621618,9.511746,1.944216,1.83214,0.2998108,0.2983928
1980,2,0,49,164190.0,12564.35,12.01364,5.857558,9.438619,9.323155,1.767733,1.656496,0.2563269,0.2488127
1980,2,0,50,22270.0,11992.65,11.54468,5.648925,9.39205,9.258101,1.731465,1.603012,0.322632,0.3121641
1980,2,0,51,7510.0,8402.12,11.32623,3.94619,9.03624,8.919866,1.372751,1.259326,0.309592,0.3051388
1980,2,0,52,55180.0,7951.828,11.95179,3.899722,8.981157,8.842483,1.360905,1.225402,0.3081001,0.302513
1980,2,0,53,39900.0,9944.539,12.0416,4.793435,9.204779,9.086576,1.567247,1.453076,0.2671804,0.2619734
1980,2,0,54,37590.0,9269.538,11.86007,4.466569,9.134489,8.997994,1.496621,1.363442,0.3142956,0.3108181
1980,2,0,55,5000.0,14910.72,12.856,7.098168,9.609836,9.466328,1.959837,1.810442,0.3176988,0.3267172
1980,2,0,56,70790.0,11018.1,10.93601,5.220672,9.307295,9.207976,1.652626,1.557615,0.2326881,0.222465
1980,2,0,57,26960.0,10059.03,11.04377,4.804708,9.216226,9.130013,1.569596,1.488049,0.1913675,0.1832289
1980,2,0,58,10770.0,9196.493,10.6481,4.428827,9.126577,9.022225,1.488135,1.384634,0.235345,0.236397
1980,2,0,59,54600.0,10425.0,12.80147,5.026143,9.251962,9.154399,1.614653,1.519446,0.2266421,0.222426
1980,2,0,60,520430.0,7748.938,10.3074,3.794715,8.955311,8.870665,1.333609,1.251396,0.1777327,0.1732104
1980,2,0,61,418440.0,10043.05,10.8806,4.811935,9.214636,9.110086,1.571099,1.470059,0.2373036,0.2290255
1980,2,0,62,429940.0,10156.55,11.0387,4.869343,9.225875,9.125142,1.582959,1.485975,0.2346265,0.2253715
1980,2,0,63,221250.0,10548.17,11.08249,5.028659,9.263707,9.16711,1.615153,1.522528,0.2158785,0.2073194
1980,2,0,64,133420.0,10768.34,14.59946,4.966078,9.284366,9.099283,1.60263,1.433306,0.3995765,0.3843703
1980,2,0,65,25280.0,11505.21,11.32991,5.446235,9.350555,9.205367,1.694924,1.564122,0.329999,0.3043537
1980,2,0,66,341540.0,9708.221,11.37893,4.706666,9.180728,9.061427,1.54898,1.432771,0.2784143,0.2714702
1980,3,0,0,914720.0,,11.05132,,,,,,,
1980,3,0,1,143190.0,19865.75,14.45185,8.853637,9.896752,9.741144,2.180828,2.023093,0.3717228,0.3823308
1980,3,0,2,76680.0,18053.58,14.59259,8.437018,9.801099,9.690493,2.132629,2.021618,0.2778419,0.2819053
1980,3,0,3,1770.0,21473.2,15.9096,9.650279,9.974561,9.804575,2.266987,2.116348,0.3404927,0.3130987
1980,3,0,4,23760.0,21890.93,15.33333,10.24953,9.993828,9.908136,2.327232,2.242714,0.2208697,0.2205951
1980,3,0,5,8680.0,21964.58,15.52074,10.35868,9.997187,9.924437,2.337825,2.261741,0.1719697,0.1864571
1980,3,0,6,5770.0,20118.59,16.05893,9.509559,9.909399,9.811912,2.252297,2.156754,0.242967,0.2377869
1980,3,0,7,9950.0,43387.34,18.59095,17.06866,10.67792,10.439,2.837244,2.55297,0.5575114,0.6544511
1980,3,0,8,7250.0,17464.17,15.13655,7.905421,9.767907,9.615808,2.067549,1.933699,0.3674674,0.3502537
1980,3,0,9,5320.0,14181.78,14.40977,6.591686,9.559713,9.437551,1.885809,1.768468,0.3326017,0.3223691
1980,3,0,10,9640.0,21109.29,18.6639,9.564494,9.957469,9.842412,2.258058,2.139424,0.2698422,0.2893156
1980,3,0,11,59580.0,15962.29,16.96744,7.574732,9.677984,9.572021,2.024818,1.909744,0.2778425,0.2983079
1980,3,0,12,1650.0,14450.9,16.02424,6.902689,9.578512,9.469949,1.931911,1.82082,0.2971286,0.3010648
1980,3,0,13,4230.0,20972.65,17.01182,9.826712,9.950974,9.818684,2.285104,2.153299,0.3246566,0.320975
1980,3,0,14,27590.0,14480.26,15.55781,6.661424,9.580542,9.44753,1.896333,1.747823,0.3255905,0.3647204
1980,3,0,15,7650.0,28451.04,18.31895,12.13011,10.25594,10.07056,2.495691,2.315822,0.4348477,0.4349262
1980,3,0,16,18480.0,17610.36,14.54978,8.120975,9.776242,9.550727,2.09445,1.870099,0.5074017,0.5144373
1980,3,0,17,13860.0,14332.17,13.70996,6.708108,9.570262,9.456499,1.903317,1.794894,0.270909,0.2606436
1980,3,0,18,24750.0,16309.55,13.48929,7.682076,9.699507,9.598186,2.03889,1.93994,0.2591118,0.2537166
1980,3,0,19,6000.0,16626.06,13.26333,7.861869,9.718727,9.607491,2.062024,1.955841,0.3136376,0.3028571
1980,3,0,20,20670.0,18515.95,14.30576,8.74722,9.826387,9.720816,2.168736,2.06285,0.2513281,0.2530421
1980,3,0,21,108500.0,15503.47,13.37512,6.934651,9.648819,9.474865,1.936531,1.762321,0.4104928,0.4206201
1980,3,0,22,4460.0,13451.92,13.18834,6.415209,9.506877,9.265336,1.858672,1.630231,0.5443649,0.5318567
1980,3,0,23,7380.0,15397.06,13.88889,7.322353,9.641932,9.528178,1.990932,1.886819,0.2595348,0.2371291
1980,3,0,24,13820.0,13288.13,13.04197,6.387398,9.494626,9.392054,1.854327,1.752195,0.2345905,0.2339452
1980,3,0,25,10830.0,13990.45,13.66205,6.74187,9.54613,9.410336,1.908337,1.775906,0.3574001,0.3528031
1980,3,0,26,1470.0,13096.31,12.69388,6.257378,9.480086,9.417497,1.833761,1.766094,0.1201602,0.1301395
1980,3,0,27,17700.0,16432.93,13.45763,7.818346,9.707043,9.604846,2.056473,1.955409,0.2565939,0.2575172
1980,3,0,28,56910.0,17162.25,12.6505,8.079608,9.750467,9.657334,2.089343,1.996902,0.2649195,0.2628969
1980,3,0,29,85120.0,14227.64,12.06203,6.703783,9.562942,9.44289,1.902672,1.785142,0.3007187,0.2959875
1980,3,0,30,9690.0,15692.94,14.3612,7.373683,9.660966,9.567118,1.997917,1.903552,0.2265849,0.2329067
1980,3,0,31,35010.0,13709.39,13.4116,6.571676,9.525837,9.403,1.882769,1.761581,0.2902028,0.2903255
1980,3,0,32,23680.0,9890.028,10.80743,4.765007,9.199283,9.049287,1.561299,1.410607,0.3537631,0.3543412
1980,3,0,33,10030.0,16486.1,12.90528,6.610175,9.710273,9.617088,1.88861,1.774642,0.2373743,0.2808861
1980,3,0,34,42880.0,17259.95,13.41651,7.985446,9.756145,9.665739,2.077621,1.985193,0.2351429,0.2409031
1980,3,0,35,43530.0,13154.81,12.4034,6.091005,9.484543,9.352408,1.806813,1.67527,0.3147602,0.3148097
1980,3,0,36,54330.0,10440.75,11.46438,4.821368,9.253471,9.07551,1.573058,1.398636,0.421253,0.4195853
1980,3,0,37,29490.0,11334.66,12.31604,5.350535,9.33562,9.208413,1.677197,1.553486,0.2638571,0.2621603
1980,3,0,38,144290.0,10993.09,10.87629,5.157885,9.305022,9.155048,1.640527,1.490828,0.3613833,0.364496
1980,3,0,39,23110.0,11357.48,12.44742,5.206875,9.337632,9.144779,1.64998,1.454514,0.4588956,0.4666128
1980,3,0,40,10070.0,8778.887,9.467726,3.833235,9.080105,8.70729,1.343709,0.9727788,0.7572611,0.778115
1980,3,0,41,34610.0,7644.076,8.777232,3.422165,8.941687,8.706664,1.230273,0.9893774,0.4984157,0.5136602
1980,3,0,42,18830.0,10219.74,10.44503,4.818712,9.232077,9.092547,1.572507,1.433871,0.334287,0.3313999
1980,3,0,43,10850.0,9808.413,9.295853,4.540476,9.190996,8.870336,1.513032,1.197981,0.6348225,0.6254069
1980,3,0,44,90790.0,14728.32,11.21379,6.838538,9.597528,9.450714,1.922574,1.770461,0.3755834,0.3908266
1980,3,0,45,27920.0,17478.58,12.51146,8.189669,9.768731,9.641024,2.102873,1.972717,0.358052,0.3712051
1980,3,0,46,35220.0,15385.03,11.43157,7.236127,9.64115,9.489715,1.979086,1.826003,0.3831573,0.392065
1980,3,0,47,228020.0,13807.78,10.89703,6.545934,9.532988,9.355914,1.878844,1.701749,0.429881,0.4340894
1980,3,0,48,6250.0,16265.51,11.2256,7.413785,9.696802,9.551007,2.003341,1.855754,0.3617844,0.3679623
1980,3,0,49,75220.0,18002.28,12.16432,8.241512,9.798253,9.662235,2.109184,1.971603,0.3621763,0.3686765
1980,3,0,50,34650.0,15926.59,11.79278,7.440156,9.675745,9.564452,2.006892,1.895588,0.2948885,0.2984656
1980,3,0,51,3010.0,11866.7,10.91694,5.618219,9.381491,9.242327,1.726015,1.584514,0.2482908,0.2540876
1980,3,0,52,5870.0,10235.44,11.2402,4.801848,9.233612,9.090209,1.569001,1.417403,0.3630061,0.3816659
1980,3,0,53,9010.0,13438.27,11.30522,6.343379,9.505862,9.349709,1.847412,1.697795,0.3875273,0.3781442
1980,3,0,54,16960.0,13817.08,10.73821,6.504498,9.533661,9.382071,1.872494,1.719573,0.4140283,0.4192399
1980,3,0,55,12880.0,17605.28,11.90217,8.207911,9.775954,9.672829,2.105098,2.001031,0.2505647,0.2528202
1980,3,0,56,33240.0,15590.11,11.18472,7.320897,9.654391,9.529284,1.990733,1.868108,0.3297662,0.327823
1980,3,0,57,11920.0,14247.53,11.01007,6.644852,9.564339,9.432801,1.893842,1.762275,0.3267811,0.3371537
1980,3,0,58,9210.0,9995.762,9.869707,4.72437,9.209916,9.064006,1.552734,1.407706,0.3280314,0.3234381
1980,3,0,59,14220.0,14671.4,12.01125,7.039357,9.593655,9.485946,1.951517,1.838846,0.2598547,0.2722115
1980,3,0,60,30180.0,10217.66,10.63088,4.818984,9.231873,9.123657,1.572563,1.463757,0.2593003,0.2625639
1980,3,0,61,201540.0,14256.56,11.08723,6.721171,9.564973,9.424499,1.905262,1.765668,0.3645272,0.3650075
1980,3,0,62,117490.0,14576.83,11.3293,6.890491,9.587189,9.450957,1.930142,1.794176,0.3676391,0.3680319
1980,3,0,63,31110.0,15780.35,12.01929,7.414824,9.666521,9.546414,2.003481,1.882868,0.3173467,0.3239227
1980,3,0,64,289710.0,14224.49,11.01805,6.497856,9.56272,9.39494,1.871472,1.70504,0.4155326,0.4158723
1980,3,0,65,59420.0,16101.52,11.15012,7.456569,9.686668,9.527553,2.009095,1.848637,0.434166,0.4407845
1980,3,0,66,197500.0,12471.62,10.86876,5.902919,9.431211,9.269179,1.775447,1.612132,0.4051474,0.4077632
1980,4,0,0,1965690.0,,11.47546,,,,,,,
1980,4,0,1,98170.0,14701.95,14.19639,6.97619,9.595736,9.456772,1.942503,1.801729,0.3271184,0.3353943
1980,4,0,2,96250.0,13929.75,13.79948,6.761827,9.541781,9.450671,1.911293,1.820117,0.2215819,0.2232046
1980,4,0,3,230.0,20648.33,17.47826,10.16138,9.93539,9.847425,2.318594,2.222999,0.2222642,0.2323937
1980,4,0,4,3260.0,17397.46,14.66871,8.338862,9.76408,9.691412,2.120927,2.049068,0.1436774,0.1425108
1980,4,0,5,6100.0,17504.42,14.97377,8.402821,9.770208,9.674201,2.128567,2.029288,0.2457866,0.266814
1980,4,0,6,2560.0,15499.28,15.65625,7.454328,9.648549,9.546499,2.008795,1.913517,0.2767177,0.2493497
1980,4,0,7,3060.0,22311.3,17.36601,9.381713,10.01285,9.794521,2.238762,1.946186,0.4722088,0.6324475
1980,4,0,8,76820.0,14307.64,14.70502,6.92045,9.568549,9.46158,1.934481,1.824975,0.2828219,0.2910302
1980,4,0,9,8460.0,11649.57,14.56738,5.652071,9.363025,9.282074,1.732022,1.650188,0.1983384,0.1970252
1980,4,0,10,9870.0,16456.05,18.63627,7.933815,9.708448,9.592992,2.071134,1.956308,0.2908965,0.2907772
1980,4,0,11,208880.0,13001.35,16.89458,6.483665,9.472809,9.351336,1.869286,1.737973,0.3053792,0.3226642
1980,4,0,12,6560.0,13368.81,16.47561,6.5554,9.500679,9.408832,1.880289,1.78745,0.2335973,0.2334368
1980,4,0,13,4520.0,15632.86,15.9469,7.508905,9.65713,9.522453,2.01609,1.882297,0.3076649,0.3031294
1980,4,0,14,45670.0,12617.19,15.08693,6.191515,9.442815,9.340292,1.82318,1.718756,0.2668995,0.2726905
1980,4,0,15,3780.0,20463.51,18.01058,9.401481,9.926398,9.781766,2.240867,2.097286,0.2845224,0.2893558
1980,4,0,16,9660.0,13706.31,14.86128,6.552873,9.525611,9.333881,1.879904,1.69045,0.4425899,0.4357252
1980,4,0,17,83330.0,11088.85,13.04692,5.361948,9.313695,9.220331,1.679327,1.584154,0.2491853,0.2544875
1980,4,0,18,9060.0,12593.8,13.14349,6.081276,9.44096,9.347528,1.805215,1.710751,0.2462149,0.2502964
1980,4,0,19,3380.0,12829.47,12.85799,6.248189,9.4595,9.38654,1.832292,1.757238,0.1668117,0.173338
1980,4,0,20,16470.0,14336.58,14.25744,6.935484,9.570569,9.460891,1.936651,1.826455,0.3017398,0.3029714
1980,4,0,21,122750.0,9794.64,13.16546,4.767074,9.18959,9.02388,1.561733,1.402085,0.3672112,0.3570627
1980,4,0,22,192030.0,10918.08,13.02692,5.355521,9.298175,9.218963,1.678128,1.597663,0.1846637,0.1894237
1980,4,0,23,35190.0,10477.42,13.14578,5.122305,9.256977,9.150126,1.633605,1.526991,0.2669186,0.2660474
1980,4,0,24,50140.0,10859.63,12.77902,5.326314,9.292808,9.200454,1.672659,1.578619,0.2309638,0.2364609
1980,4,0,25,63730.0,10944.12,12.96501,5.389006,9.300558,9.226546,1.684361,1.609379,0.168449,0.1724959
1980,4,0,26,2890.0,10185.67,12.29758,5.003901,9.228738,9.118972,1.610218,1.499208,0.3099472,0.3115279
1980,4,0,27,49080.0,12025.64,12.78647,5.925191,9.394796,9.305361,1.779213,1.686653,0.2221757,0.2303194
1980,4,0,28,33750.0,16119.74,12.45215,7.714044,9.687799,9.59299,2.043042,1.949565,0.2618357,0.2582524
1980,4,0,29,42630.0,11392.59,12.25757,5.51258,9.340718,9.218254,1.707033,1.584565,0.3018864,0.3015539
1980,4,0,30,29520.0,12285.17,13.31572,6.007924,9.416148,9.342214,1.793079,1.718652,0.1682512,0.1688105
1980,4,0,31,198490.0,10544.87,12.95189,5.189148,9.263394,9.171268,1.646569,1.554077,0.2186746,0.2197981
1980,4,0,32,137170.0,6421.961,11.39316,3.184256,8.767479,8.585629,1.158219,0.9822922,0.4039623,0.3921588
1980,4,0,33,160.0,13625.0,14.125,6.053254,9.519662,9.430064,1.800596,1.704434,0.1776491,0.2096287
1980,4,0,34,7260.0,13677.43,13.14325,6.541737,9.523502,9.410408,1.878203,1.764543,0.2948498,0.2983818
1980,4,0,35,10330.0,10913.53,13.21394,5.186761,9.297759,9.152061,1.646109,1.506989,0.3452375,0.3333072
1980,4,0,36,141430.0,7277.587,11.37595,3.567004,8.892554,8.738658,1.271726,1.119074,0.3350608,0.3327738
1980,4,0,37,208960.0,8855.094,11.79518,4.292234,9.088748,8.967161,1.456807,1.333362,0.2768201,0.2846788
1980,4,0,38,66890.0,8434.581,11.37988,4.110985,9.040095,8.871976,1.413663,1.248206,0.3632323,0.3600948
1980,4,0,39,84150.0,7855.397,12.79905,3.819034,8.968956,8.789169,1.339998,1.15596,0.4077294,0.4175931
1980,4,0,40,1210.0,8757.241,10.67769,4.282581,9.077636,8.545409,1.454556,0.902851,1.038069,1.069703
1980,4,0,41,7500.0,7233.977,10.48,3.52707,8.886544,8.690461,1.260468,1.05268,0.4355951,0.4788578
1980,4,0,42,2080.0,8124.151,10.90385,3.818754,9.002597,8.830173,1.339924,1.18609,0.4635641,0.4270229
1980,4,0,43,630.0,7620.0,10.44444,3.726498,8.938532,8.745461,1.315469,1.143589,0.5751246,0.4906873
1980,4,0,44,3250.0,12250.0,11.66769,5.718695,9.413281,9.278401,1.743741,1.6231,0.2614066,0.2410916
1980,4,0,45,5210.0,14559.63,12.48752,6.95881,9.586008,9.445329,1.940009,1.798791,0.3887957,0.3904838
1980,4,0,46,3630.0,11020.63,11.84573,5.226129,9.307525,9.101384,1.653671,1.458032,0.4503565,0.4309595
1980,4,0,47,8000.0,11313.87,11.345,5.370203,9.333785,9.165855,1.680866,1.520489,0.386447,0.3721941
1980,4,0,48,420.0,9331.154,12.0,4.541553,9.141114,8.902816,1.513269,1.276741,0.6554825,0.6491612
1980,4,0,49,20420.0,12198.76,12.12243,5.83874,9.409089,9.270267,1.764515,1.623426,0.330794,0.3343208
1980,4,0,50,4430.0,11319.21,11.5395,5.343539,9.334256,9.178012,1.675888,1.523402,0.4203125,0.4149789
1980,4,0,51,1300.0,7267.5,10.21538,3.550761,8.891168,8.779842,1.267162,1.159045,0.296438,0.2890533
1980,4,0,52,8030.0,8002.95,11.70859,3.868649,8.987565,8.830518,1.352906,1.194682,0.3389263,0.3558188
1980,4,0,53,4680.0,10085.18,11.5,4.928671,9.218822,9.088887,1.595069,1.467191,0.2598609,0.2527802
1980,4,0,54,7730.0,8365.714,10.81242,4.103214,9.031897,8.870708,1.41177,1.258883,0.3093187,0.2925229
1980,4,0,55,880.0,11451.67,12.31818,5.386444,9.345891,9.158929,1.683885,1.500471,0.5018473,0.4888448
1980,4,0,56,11460.0,10830.16,11.20244,5.199834,9.290091,9.15863,1.648627,1.515178,0.3034098,0.3089181
1980,4,0,57,5010.0,9513.737,10.71058,4.583381,9.160492,9.032252,1.522437,1.395141,0.2684822,0.2632013
1980,4,0,58,1900.0,7874.478,10.27368,3.790834,8.971382,8.872319,1.332586,1.234136,0.2242256,0.222836
1980,4,0,59,5230.0,10009.12,12.09943,4.902573,9.211252,9.080804,1.58976,1.457174,0.3371191,0.3469394
1980,4,0,60,133280.0,7512.956,10.93727,3.652894,8.924384,8.812966,1.29552,1.185971,0.2512111,0.24795
1980,4,0,61,101820.0,9977.039,11.15635,4.814312,9.208041,9.065547,1.571593,1.430721,0.3477696,0.3457024
1980,4,0,62,87180.0,10482.33,11.41546,5.055181,9.257445,9.123102,1.620414,1.486028,0.3386842,0.3383622
1980,4,0,63,42930.0,10473.59,11.4335,5.008867,9.256612,9.119233,1.61121,1.48034,0.3117317,0.3051041
1980,4,0,64,20820.0,11030.7,12.67819,5.287394,9.308437,9.116674,1.665326,1.473661,0.4903487,0.4971919
1980,4,0,65,4840.0,11623.79,11.47107,5.662676,9.360808,9.198511,1.733896,1.562016,0.3552683,0.3607364
1980,4,0,66,73480.0,9514.912,11.19026,4.635806,9.160616,8.996406,1.53381,1.372169,0.3846297,0.3788294
1980,0,5,0,9641680.0,,12.39988,,,,,,,
1980,0,5,1,1896870.0,19205.4,14.77292,,9.862947,9.712192,,,0.331522,
1980,0,5,2,1056500.0,16890.39,14.9812,,9.7345,9.632017,,,0.2235039,
1980,0,5,3,37390.0,18480.57,17.37818,,9.824475,9.718216,,,0.2350768,
1980,0,5,4,395170.0,21860.74,16.07022,,9.992448,9.935541,,,0.1326201,
1980,0,5,5,129080.0,20508.21,15.94019,,9.92858,9.868016,,,0.136936,
1980,0,5,6,110100.0,18188.36,17.11381,,9.808537,9.714112,,,0.2201372,
1980,0,5,7,173260.0,30785.54,18.65474,,10.3348,10.12082,,,0.4729148,
1980,0,5,8,434390.0,15058.07,15.60374,,9.61967,9.54268,,,0.1970972,
1980,0,5,9,100870.0,14076.89,16.02409,,9.55229,9.466148,,,0.210692,
1980,0,5,10,134320.0,16140.22,18.11465,,9.68907,9.561683,,,0.3073651,
1980,0,5,11,1292230.0,13308.9,17.13162,,9.496188,9.408276,,,0.2200655,
1980,0,5,12,47380.0,13079.36,17.15555,,9.47879,9.39767,,,0.1909075,
1980,0,5,13,84230.0,19083.36,17.45661,,9.856572,9.746015,,,0.2533462,
1980,0,5,14,254540.0,12616.74,16.46228,,9.44278,9.346393,,,0.2355843,
1980,0,5,15,203630.0,26065.56,18.69395,,10.16837,10.01687,,,0.3430834,
1980,0,5,16,364660.0,15119.14,15.15883,,9.623717,9.45377,,,0.3858368,
1980,0,5,17,311240.0,12173.19,13.99306,,9.406991,9.323011,,,0.1932218,
1980,0,5,18,310290.0,16094.86,13.82726,,9.686255,9.600673,,,0.2060143,
1980,0,5,19,56650.0,15611.61,14.18182,,9.65577,9.567317,,,0.2126979,
1980,0,5,20,330680.0,17007.94,15.09668,,9.741436,9.640642,,,0.235528,
1980,0,5,21,1998220.0,16638.11,13.82339,,9.719451,9.534615,,,0.4029576,
1980,0,5,22,1173150.0,10472.61,12.9283,,9.256519,9.18723,,,0.1559942,
1980,0,5,23,193480.0,10960.59,13.26153,,9.302061,9.192614,,,0.2396377,
1980,0,5,24,216420.0,11729.21,13.14781,,9.369838,9.278725,,,0.2045479,
1980,0,5,25,506630.0,10837.39,13.02718,,9.290758,9.204268,,,0.1865344,
1980,0,5,26,11880.0,10864.83,12.62458,,9.293286,9.176735,,,0.2728462,
1980,0,5,27,240690.0,13930.57,13.18405,,9.541842,9.438077,,,0.2328581,
1980,0,5,28,174910.0,16287.19,12.98428,,9.698134,9.619195,,,0.2189623,
1980,0,5,29,457140.0,13718.03,12.81879,,9.526466,9.424731,,,0.2419906,
1980,0,5,30,177330.0,13423.96,14.09192,,9.504797,9.420314,,,0.1888421,
1980,0,5,31,761370.0,11008.25,13.08598,,9.3064,9.21188,,,0.2030254,
1980,0,5,32,110520.0,7504.012,10.8983,,8.923193,8.767104,,,0.3507832,
1980,0,5,33,83320.0,16987.24,13.18339,,9.740218,9.6736,,,0.1679261,
1980,0,5,34,247530.0,16989.1,13.85101,,9.740328,9.667848,,,0.1803585,
1980,0,5,35,109080.0,13487.24,13.00541,,9.5095,9.378372,,,0.3047711,
1980,0,5,36,557110.0,8411.517,12.04548,,9.037357,8.868705,,,0.3627137,
1980,0,5,37,353960.0,8879.442,12.48062,,9.091494,8.98294,,,0.2337385,
1980,0,5,38,319140.0,11589.83,11.73353,,9.357883,9.219952,,,0.3287162,
1980,0,5,39,380460.0,9821.425,12.69219,,9.192322,8.960234,,,0.52271,
1980,0,5,40,225650.0,14966.68,13.04405,,9.613582,9.257631,,,0.8075064,
1980,0,5,41,159440.0,10269.46,10.79208,,9.23693,9.042356,,,0.4302391,
1980,0,5,42,92180.0,11228.22,12.04827,,9.326185,9.171381,,,0.3596639,
1980,0,5,43,45960.0,14682.39,11.97302,,9.594404,9.360718,,,0.4920839,
1980,0,5,44,620640.0,15745.8,11.98803,,9.664329,9.547263,,,0.2862894,
1980,0,5,45,252380.0,18081.17,12.6892,,9.802626,9.710238,,,0.2342728,
1980,0,5,46,219090.0,16638.12,12.28737,,9.719452,9.601613,,,0.2933473,
1980,0,5,47,1365040.0,16787.59,12.22544,,9.728395,9.583299,,,0.34196,
1980,0,5,48,70590.0,18734.46,11.66072,,9.83812,9.726529,,,0.3059446,
1980,0,5,49,463250.0,18171.02,13.02221,,9.807583,9.697604,,,0.2675852,
1980,0,5,50,246430.0,17073.04,12.20728,,9.745255,9.644129,,,0.263788,
1980,0,5,51,27180.0,12257.17,12.24099,,9.413866,9.238078,,,0.4038511,
1980,0,5,52,38650.0,10135.23,11.38939,,9.223773,9.064431,,,0.3545077,
1980,0,5,53,65010.0,13662.44,12.32272,,9.522406,9.375677,,,0.3490139,
1980,0,5,54,91310.0,14918.61,11.6513,,9.610365,9.479466,,,0.3281083,
1980,0,5,55,63540.0,17976.2,12.93563,,9.796803,9.714051,,,0.1959482,
1980,0,5,56,186830.0,15220.27,11.63309,,9.630383,9.52367,,,0.2769024,
1980,0,5,57,54410.0,14117.96,11.51737,,9.555203,9.442537,,,0.2757506,
1980,0,5,58,36010.0,11924.21,11.37295,,9.386326,9.231843,,,0.3775759,
1980,0,5,59,105870.0,14431.24,12.51686,,9.57715,9.470552,,,0.2497702,
1980,0,5,60,306190.0,8382.109,10.72697,,9.033854,8.918447,,,0.2499937,
1980,0,5,61,787630.0,14089.32,11.60847,,9.553172,9.426101,,,0.3156593,
1980,0,5,62,653420.0,13879.81,11.58531,,9.538191,9.405682,,,0.3333967,
1980,0,5,63,211510.0,14028.32,12.0912,,9.548833,9.434598,,,0.2737042,
1980,0,5,64,876010.0,15766.25,11.83942,,9.665627,9.524579,,,0.338307,
1980,0,5,65,276980.0,18029.88,11.99274,,9.799786,9.678836,,,0.3002985,
1980,0,5,66,681020.0,12926.88,11.6113,,9.467064,9.326045,,,0.3481819,
1980,1,5,0,1364690.0,,14.13351,,,,,,,
1980,1,5,1,1279660.0,21382.29,15.06131,9.018407,9.970318,9.832375,2.199268,2.058724,0.3048018,0.3163036
1980,1,5,2,564250.0,19439.89,15.76698,8.75574,9.875082,9.78336,2.169709,2.08142,0.2017273,0.1995685
1980,1,5,3,32390.0,18897.65,17.57456,8.449632,9.846793,9.742705,2.134123,2.034693,0.228929,0.2251657
1980,1,5,4,359640.0,22157.72,16.21154,10.10415,10.00594,9.951321,2.312946,2.258062,0.1272375,0.1302847
1980,1,5,5,85880.0,21733.81,16.28831,10.0497,9.986625,9.933167,2.307543,2.252269,0.1214757,0.1274652
1980,1,5,6,83670.0,18841.44,17.54464,8.635556,9.843814,9.747719,2.155888,2.055721,0.2264055,0.2409314
1980,1,5,7,143450.0,32614.96,18.95671,12.58265,10.39253,10.18919,2.532319,2.268264,0.4541167,0.5927268
1980,1,5,8,56060.0,19493.97,17.78915,8.6066,9.87786,9.787169,2.152529,2.066449,0.2229103,0.2169126
1980,1,5,9,33620.0,15816.43,15.88221,6.976373,9.668804,9.582736,1.942529,1.854553,0.2073523,0.2155668
1980,1,5,10,76620.0,17311.16,20.26834,7.546418,9.759107,9.630233,2.021073,1.897688,0.314536,0.3013616
1980,1,5,11,392470.0,14938.73,17.72925,6.809711,9.611712,9.535633,1.91835,1.833787,0.1848694,0.2037839
1980,1,5,12,10360.0,14286.0,18.10618,6.813842,9.567036,9.466877,1.918956,1.824389,0.2140788,0.2066742
1980,1,5,13,48490.0,20996.28,18.16828,9.573985,9.952101,9.848079,2.259049,2.159941,0.2350325,0.2285671
1980,1,5,14,120490.0,12953.2,17.23994,5.665411,9.469098,9.356906,1.73438,1.597147,0.2701204,0.336003
1980,1,5,15,160570.0,27229.86,19.21592,11.40945,10.21207,10.06223,2.434442,2.290463,0.3415181,0.3283745
1980,1,5,16,211480.0,16474.78,15.83176,7.41856,9.709586,9.540011,2.003985,1.833346,0.3829072,0.3942562
1980,1,5,17,53190.0,15121.76,15.53563,6.781954,9.62389,9.522318,1.914265,1.814931,0.2320167,0.2361977
1980,1,5,18,247760.0,16783.81,13.95633,7.697255,9.72817,9.648515,2.040864,1.963947,0.1929557,0.1900377
1980,1,5,19,36570.0,16822.17,14.59393,7.677326,9.730453,9.647971,2.038271,1.955934,0.2030689,0.2058458
1980,1,5,20,211670.0,18427.56,15.77427,8.52411,9.821603,9.728621,2.142899,2.045992,0.2168226,0.2280941
1980,1,5,21,1219600.0,19053.86,14.42447,8.15494,9.855025,9.700403,2.098624,1.940451,0.3363717,0.3478542
1980,1,5,22,14940.0,15409.31,14.86211,7.002384,9.642727,9.475535,1.946251,1.80167,0.3583657,0.3258307
1980,1,5,23,29260.0,15624.23,15.10458,7.329038,9.656578,9.543283,1.991844,1.878371,0.271192,0.2750534
1980,1,5,24,46110.0,14576.78,14.19562,6.802617,9.587185,9.486675,1.917307,1.822755,0.2404859,0.2285006
1980,1,5,25,57420.0,15400.73,14.6489,7.105382,9.64217,9.552392,1.960853,1.874614,0.2007147,0.1966034
1980,1,5,26,3810.0,12981.63,13.35433,6.146518,9.471291,9.345862,1.815886,1.689945,0.3073713,0.3001721
1980,1,5,27,78640.0,17430.13,13.98321,8.036523,9.765955,9.680023,2.083997,2.0008,0.1980172,0.1919717
1980,1,5,28,100770.0,17113.3,13.38037,8.031803,9.747611,9.687659,2.083409,2.024374,0.1695633,0.1675976
1980,1,5,29,266540.0,15122.91,13.11375,6.911223,9.623966,9.53363,1.933147,1.844033,0.2192916,0.2170333
1980,1,5,30,60710.0,16180.07,15.20507,7.472272,9.691536,9.615545,2.011199,1.935829,0.1778023,0.1771245
1980,1,5,31,113310.0,15143.02,14.72597,7.017725,9.625296,9.521204,1.948439,1.848552,0.2383174,0.2296689
1980,1,5,32,17750.0,10410.22,11.72845,4.908459,9.250543,9.134201,1.59096,1.477616,0.2834349,0.2781055
1980,1,5,33,75660.0,17176.04,13.22284,6.414834,9.75127,9.687602,1.858613,1.777438,0.1604787,0.1956407
1980,1,5,34,208770.0,17301.94,13.89903,7.776256,9.758574,9.689213,2.051075,1.976635,0.1730017,0.1868182
1980,1,5,35,70390.0,14240.23,13.43714,6.376092,9.563827,9.441731,1.852555,1.731966,0.2871935,0.285563
1980,1,5,36,170980.0,10780.8,12.99415,4.782363,9.285522,9.127817,1.564935,1.422644,0.3515975,0.3252126
1980,1,5,37,42050.0,11892.62,14.3786,5.426739,9.383673,9.260231,1.691338,1.578079,0.2453035,0.2305949
1980,1,5,38,207700.0,12582.1,12.1975,5.7853,9.44003,9.315557,1.75532,1.637807,0.297098,0.284821
1980,1,5,39,65110.0,13686.61,13.97573,6.079729,9.524173,9.35038,1.80496,1.638516,0.365583,0.3607766
1980,1,5,40,204810.0,15392.56,13.16244,5.280557,9.64164,9.30512,1.664032,1.297301,0.7512137,0.8187817
1980,1,5,41,117390.0,10866.09,10.93347,4.204859,9.293403,9.11874,1.436241,1.241272,0.379736,0.4248566
1980,1,5,42,68440.0,11999.04,12.34512,5.485995,9.392582,9.249064,1.702199,1.56479,0.3254904,0.3175824
1980,1,5,43,40370.0,15301.14,12.22938,6.506588,9.635683,9.410116,1.872815,1.659143,0.4678122,0.4677844
1980,1,5,44,573080.0,15906.71,12.03755,7.023515,9.674497,9.559804,1.949264,1.830763,0.2792715,0.2925714
1980,1,5,45,218750.0,18333.29,12.73362,8.318953,9.816474,9.726042,2.118536,2.029318,0.2279744,0.2289074
1980,1,5,46,191880.0,17074.83,12.36533,7.701486,9.74536,9.63553,2.041413,1.931957,0.2738934,0.2762373
1980,1,5,47,1240330.0,17137.73,12.38433,7.884576,9.749038,9.609872,2.064909,1.926429,0.3257277,0.3277075
1980,1,5,48,65370.0,19016.81,11.69466,8.258027,9.853079,9.747875,2.111186,1.99658,0.2877276,0.3102693
1980,1,5,49,373760.0,19162.13,13.1356,8.266883,9.860691,9.764838,2.112257,2.017572,0.2341343,0.2321383
1980,1,5,50,217670.0,17414.47,12.2456,7.79863,9.765057,9.670185,2.053948,1.961465,0.2467906,0.2433301
1980,1,5,51,22630.0,12792.69,12.55855,5.77868,9.45663,9.281523,1.754175,1.578224,0.4067967,0.4167074
1980,1,5,52,17370.0,12009.68,11.18826,5.565596,9.393469,9.251626,1.716604,1.576473,0.3235277,0.3303955
1980,1,5,53,41740.0,15143.56,12.60374,6.874689,9.625331,9.495802,1.927846,1.802233,0.3160155,0.3146961
1980,1,5,54,67670.0,16065.4,11.83626,7.200434,9.684422,9.578249,1.974141,1.863134,0.2711389,0.2880115
1980,1,5,55,54890.0,18176.07,12.99654,8.325305,9.807861,9.729561,2.1193,2.041842,0.1822384,0.1815632
1980,1,5,56,139000.0,16105.39,11.72072,7.299531,9.686909,9.594705,1.98781,1.899157,0.2448567,0.236919
1980,1,5,57,36210.0,15379.63,11.57305,7.016783,9.640799,9.543958,1.948305,1.857529,0.250357,0.238497
1980,1,5,58,26510.0,12864.22,11.6175,5.916925,9.462205,9.314483,1.777817,1.634492,0.3768555,0.3692689
1980,1,5,59,70290.0,15904.02,12.60151,7.471685,9.674327,9.586844,2.011121,1.921195,0.2058629,0.2116509
1980,1,5,60,47730.0,11546.3,10.87073,5.313724,9.35412,9.222578,1.670293,1.54326,0.3078963,0.2979318
1980,1,5,61,487700.0,15703.46,11.7877,7.202403,9.661636,9.559381,1.974415,1.874288,0.2613134,0.2571014
1980,1,5,62,387800.0,15676.38,11.73254,7.215098,9.65991,9.548477,1.976176,1.867084,0.2931282,0.2895396
1980,1,5,63,104430.0,16516.72,12.56976,7.549138,9.712129,9.632319,2.021433,1.942954,0.20462,0.2028057
1980,1,5,64,701600.0,16422.05,11.95753,6.983223,9.706381,9.576538,1.943511,1.81679,0.3062377,0.3045913
1980,1,5,65,237870.0,18615.26,12.06583,8.152918,9.831737,9.722158,2.098376,1.991387,0.2673937,0.2648605
1980,1,5,66,426110.0,14239.95,11.93833,6.570353,9.563807,9.440041,1.882568,1.759589,0.3118155,0.3122024
1980,2,5,0,7040860.0,,13.5765,,,,,,,
1980,2,5,1,521110.0,13809.96,14.68039,6.407846,9.533145,9.413496,1.857523,1.738914,0.2706073,0.2735063
1980,2,5,2,403520.0,13518.22,14.41361,6.424889,9.511794,9.432452,1.860179,1.785048,0.1759649,0.1689738
1980,2,5,3,4120.0,14844.01,17.94175,7.030207,9.605352,9.500326,1.950216,1.847769,0.2488415,0.2398067
1980,2,5,4,20930.0,17812.95,15.36933,8.381656,9.787681,9.723269,2.126045,2.065365,0.1438258,0.1359846
1980,2,5,5,34820.0,17778.93,15.82022,8.467934,9.785769,9.725693,2.136286,2.074767,0.1342708,0.1394403
1980,2,5,6,22350.0,15759.56,17.35839,7.449385,9.665203,9.587321,2.008132,1.930155,0.1767514,0.1801108
1980,2,5,7,24150.0,19285.07,18.72961,7.477923,9.867086,9.687373,2.011955,1.792057,0.3811709,0.4533996
1980,2,5,8,344810.0,14259.28,17.1473,6.872177,9.565164,9.502881,1.927481,1.867411,0.1693871,0.1652995
1980,2,5,9,59140.0,13099.72,17.36118,6.336452,9.480346,9.406072,1.846319,1.771725,0.1859358,0.1868699
1980,2,5,10,50120.0,13900.61,20.80647,6.469828,9.539688,9.426985,1.867149,1.764843,0.2746035,0.2497291
1980,2,5,11,782340.0,12078.35,17.91254,5.892646,9.39917,9.31481,1.773705,1.683345,0.2193169,0.2311592
1980,2,5,12,33460.0,12623.61,18.33234,6.247942,9.443324,9.372158,1.832252,1.762198,0.1778025,0.1743942
1980,2,5,13,30630.0,15946.29,18.22005,7.594461,9.676982,9.586497,2.027419,1.936825,0.2204503,0.2223097
1980,2,5,14,98360.0,12249.29,16.86804,5.91294,9.413223,9.337609,1.777143,1.696749,0.1909817,0.206044
1980,2,5,15,36040.0,20242.08,19.17536,8.983554,9.915519,9.792677,2.195395,2.085341,0.2850688,0.2562254
1980,2,5,16,135950.0,12763.88,16.52196,6.064518,9.454375,9.306443,1.802455,1.654798,0.352973,0.3588114
1980,2,5,17,218810.0,11542.08,15.27188,5.639338,9.353755,9.28455,1.729767,1.660272,0.1641431,0.1660584
1980,2,5,18,42660.0,12387.03,14.30708,5.94789,9.424405,9.343662,1.783037,1.703582,0.1920833,0.1889094
1980,2,5,19,14440.0,12629.9,14.64681,6.015161,9.443823,9.364442,1.794283,1.717284,0.1893649,0.1838578
1980,2,5,20,96680.0,13898.1,15.59392,6.689938,9.539507,9.448836,1.900605,1.808705,0.2159554,0.2227311
1980,2,5,21,658600.0,11158.43,14.64197,5.316144,9.31995,9.158222,1.670748,1.518901,0.344208,0.3282601
1980,2,5,22,1030410.0,10377.33,13.54975,5.08744,9.247378,9.18257,1.626775,1.562766,0.1468213,0.1453576
1980,2,5,23,139160.0,9856.79,14.00129,4.832382,9.195916,9.110379,1.57534,1.493248,0.1898229,0.1829732
1980,2,5,24,131150.0,10818.99,13.66878,5.275505,9.289059,9.21428,1.663074,1.590323,0.1648936,0.1609094
1980,2,5,25,405650.0,10103.72,13.61154,4.920663,9.220659,9.147602,1.593443,1.521252,0.1606432,0.1595362
1980,2,5,26,5650.0,9271.492,12.69027,4.510145,9.1347,9.048465,1.506329,1.418796,0.2027048,0.1960278
1980,2,5,27,119540.0,11756.56,13.21432,5.678691,9.372167,9.286043,1.736721,1.6526,0.1941881,0.1899861
1980,2,5,28,33910.0,13814.06,13.49631,6.643585,9.533442,9.434757,1.893652,1.796951,0.2626302,0.2601405
1980,2,5,29,129680.0,11199.46,13.01511,5.351892,9.323621,9.235411,1.67745,1.593082,0.2016873,0.1932374
1980,2,5,30,91250.0,11666.97,13.82553,5.678695,9.364517,9.297629,1.736722,1.671113,0.1505254,0.1479766
1980,2,5,31,514130.0,10084.93,13.68802,4.921052,9.218798,9.143687,1.593522,1.521039,0.1629399,0.1577866
1980,2,5,32,52200.0,6381.436,12.17433,3.128258,8.761148,8.648327,1.140476,1.034781,0.2518757,0.2445431
1980,2,5,33,1220.0,14195.85,13.55738,6.144151,9.560705,9.479692,1.8155,1.727008,0.1828076,0.2006589
1980,2,5,34,13630.0,14286.19,14.31401,6.617936,9.567048,9.495341,1.889784,1.820477,0.1600322,0.1568204
1980,2,5,35,14310.0,11560.08,14.31307,5.362819,9.355312,9.212288,1.67949,1.550503,0.3053992,0.2792613
1980,2,5,36,315260.0,6775.882,14.05259,3.404908,8.821125,8.688628,1.225218,1.096839,0.2857054,0.2830357
1980,2,5,37,219950.0,8351.161,13.52035,4.121583,9.030156,8.942755,1.416237,1.329045,0.192964,0.1945695
1980,2,5,38,41060.0,8607.943,12.59669,4.225595,9.060441,8.937359,1.44116,1.320659,0.2892154,0.2846746
1980,2,5,39,274340.0,8679.086,14.57068,4.229043,9.068671,8.839382,1.441976,1.208841,0.5255579,0.547397
1980,2,5,40,16870.0,9872.572,14.4837,3.831671,9.197515,8.642884,1.343301,0.7342432,1.237629,1.36262
1980,2,5,41,26560.0,7766.846,12.27108,3.467123,8.95762,8.723106,1.243325,0.9976906,0.5136163,0.5570493
1980,2,5,42,15000.0,8142.55,13.704,3.853369,9.004859,8.836664,1.348948,1.189221,0.4191947,0.4101428
1980,2,5,43,1690.0,11225.33,13.59763,5.007014,9.325929,9.207841,1.61084,1.499339,0.2408062,0.2400764
1980,2,5,44,9580.0,13218.99,12.28601,6.039398,9.489409,9.381702,1.798304,1.692542,0.2471083,0.2406384
1980,2,5,45,15570.0,15679.17,12.71548,7.387605,9.660089,9.584355,1.999804,1.927005,0.1911912,0.183853
1980,2,5,46,10320.0,11102.85,12.98062,5.256491,9.314958,9.189522,1.659464,1.537605,0.2800705,0.2709162
1980,2,5,47,24520.0,12130.59,13.06036,5.736918,9.403486,9.22006,1.746922,1.562804,0.4320202,0.4310211
1980,2,5,48,1370.0,15154.25,12.40876,7.076575,9.626037,9.487849,1.95679,1.807038,0.4111517,0.4261076
1980,2,5,49,55540.0,12427.28,12.82175,5.741948,9.427649,9.311865,1.747799,1.639598,0.2657193,0.24971
1980,2,5,50,9780.0,12286.83,12.06953,5.827046,9.416283,9.270435,1.76251,1.623834,0.3353318,0.3168845
1980,2,5,51,2910.0,8734.78,11.97938,4.094588,9.075068,8.96111,1.409666,1.306005,0.293565,0.261521
1980,2,5,52,16090.0,8062.021,12.87135,3.963298,8.99492,8.842052,1.377076,1.227141,0.3346406,0.3181504
1980,2,5,53,17180.0,9943.679,12.7206,4.782052,9.204692,9.089458,1.56487,1.453624,0.2800586,0.2732541
1980,2,5,54,13500.0,9483.944,12.39259,4.566639,9.157355,9.017942,1.518777,1.380719,0.330443,0.3260066
1980,2,5,55,2400.0,16013.7,13.45,7.634808,9.6812,9.580981,2.032718,1.928112,0.2469106,0.2604819
1980,2,5,56,27190.0,10805.86,11.40272,5.128189,9.287845,9.182744,1.634753,1.533275,0.2598034,0.2516093
1980,2,5,57,10620.0,10184.11,11.6177,4.884421,9.228583,9.140741,1.586051,1.503135,0.1784554,0.1688311
1980,2,5,58,4620.0,9212.351,11.11255,4.456229,9.128301,8.982683,1.494303,1.351119,0.3111758,0.3080724
1980,2,5,59,25530.0,10238.24,13.40697,4.935355,9.233886,9.141277,1.596425,1.508531,0.2125283,0.2046006
1980,2,5,60,179360.0,7541.009,10.76595,3.687583,8.928111,8.842573,1.304971,1.221876,0.1877968,0.1833238
1980,2,5,61,160960.0,9827.36,11.39848,4.699041,9.192925,9.08187,1.547358,1.441191,0.2565544,0.2444995
1980,2,5,62,165510.0,9931.565,11.49755,4.767351,9.203473,9.098109,1.561791,1.460971,0.2534103,0.2407392
1980,2,5,63,73770.0,10349.73,11.65487,4.922148,9.244716,9.147657,1.593745,1.501377,0.2181181,0.2098918
1980,2,5,64,51270.0,10954.56,14.54379,5.081131,9.301511,9.126717,1.625534,1.460774,0.39828,0.3911649
1980,2,5,65,11290.0,11794.89,11.98406,5.527643,9.375422,9.229963,1.709762,1.579147,0.3516283,0.3293931
1980,2,5,66,130720.0,9482.782,11.92794,4.602456,9.157233,9.03625,1.52659,1.408939,0.2927534,0.2809791
1980,3,5,0,426720.0,,11.89867,,,,,,,
1980,3,5,1,54100.0,17050.48,14.73641,7.648705,9.743934,9.602584,2.034536,1.891868,0.340038,0.3453774
1980,3,5,2,35890.0,16230.98,15.06381,7.617699,9.694677,9.597096,2.030474,1.932187,0.2388032,0.2422899
1980,3,5,3,700.0,16302.86,15.74286,7.854406,9.699096,9.606616,2.061075,1.97066,0.1924711,0.188556
1980,3,5,4,12410.0,20178.71,15.68574,9.422135,9.912383,9.840867,2.243062,2.17565,0.1795053,0.173171
1980,3,5,5,4480.0,20067.18,15.69196,9.393144,9.906841,9.830936,2.23998,2.159115,0.1671066,0.1926951
1980,3,5,6,2800.0,17130.68,16.08571,8.161882,9.748627,9.687812,2.099475,2.038008,0.1357084,0.1362622
1980,3,5,7,3720.0,27247.01,18.78495,10.16027,10.2127,10.01751,2.318485,2.063384,0.4110489,0.5344208
1980,3,5,8,3470.0,16192.57,15.46398,7.333005,9.692307,9.53334,1.992385,1.864435,0.3500225,0.3216324
1980,3,5,9,3230.0,12610.83,14.43963,5.900878,9.442311,9.315181,1.775101,1.652569,0.3653571,0.3551146
1980,3,5,10,3260.0,15676.68,19.31902,7.353231,9.659929,9.563622,1.99514,1.88159,0.2246436,0.2872109
1980,3,5,11,26960.0,13580.57,16.6543,6.476945,9.516396,9.430983,1.868249,1.773536,0.2159443,0.2347188
1980,3,5,12,950.0,14003.0,16.0,6.690169,9.547027,9.466953,1.900639,1.818989,0.2048911,0.2070309
1980,3,5,13,2380.0,18861.13,17.22689,8.866705,9.844859,9.711524,2.182303,2.050889,0.3255489,0.3205494
1980,3,5,14,12470.0,12575.84,15.54771,5.9059,9.439532,9.341124,1.775952,1.663918,0.2497746,0.2789768
1980,3,5,15,4210.0,25333.29,18.63658,10.69568,10.13987,9.976089,2.36984,2.220324,0.3894258,0.3709607
1980,3,5,16,11200.0,15782.07,14.72143,7.277595,9.66663,9.476129,1.9848,1.799986,0.413139,0.4132082
1980,3,5,17,6680.0,12531.09,14.1018,5.901558,9.435968,9.336438,1.775216,1.679175,0.2349859,0.2335079
1980,3,5,18,14480.0,15105.8,13.76657,7.115703,9.622834,9.528072,1.962304,1.870576,0.2381733,0.2321476
1980,3,5,19,3730.0,15749.04,13.78552,7.461054,9.664535,9.582875,2.009697,1.933336,0.211263,0.2012839
1980,3,5,20,12550.0,17152.02,14.55299,8.141856,9.749871,9.647977,2.097018,1.995404,0.238672,0.2397862
1980,3,5,21,55690.0,14606.02,13.90447,6.603721,9.589189,9.435873,1.887633,1.737457,0.3645405,0.3623193
1980,3,5,22,2760.0,11840.5,13.50725,5.667847,9.379281,9.121648,1.734809,1.483366,0.6084925,0.606366
1980,3,5,23,4230.0,14329.59,14.34515,6.808402,9.570082,9.462486,1.918157,1.824121,0.2269819,0.1988922
1980,3,5,24,7920.0,12463.13,13.43939,5.981282,9.43053,9.340039,1.788635,1.698579,0.2030166,0.202414
1980,3,5,25,6270.0,12729.44,13.8118,6.126733,9.451673,9.334973,1.812662,1.696509,0.3476749,0.3478233
1980,3,5,26,750.0,11783.97,13.70667,5.598826,9.374496,9.319783,1.722557,1.662226,0.1004464,0.1113795
1980,3,5,27,11470.0,15321.83,13.61813,7.331405,9.637033,9.552699,1.992167,1.907526,0.2062862,0.2078152
1980,3,5,28,23840.0,15863.56,12.89262,7.498193,9.671781,9.561069,2.014662,1.903455,0.3076344,0.3090464
1980,3,5,29,39710.0,12664.61,12.56359,5.965007,9.446567,9.331699,1.78591,1.673009,0.2870342,0.2847593
1980,3,5,30,6030.0,14545.2,14.73964,6.860054,9.585016,9.501615,1.925715,1.842298,0.2056277,0.2073227
1980,3,5,31,20020.0,12288.83,13.77323,5.922669,9.416446,9.309796,1.778787,1.675113,0.2457455,0.2432748
1980,3,5,32,9690.0,9316.294,11.50877,4.478767,9.139521,8.974247,1.499348,1.335482,0.3863496,0.3845625
1980,3,5,33,6350.0,15124.0,13.11181,5.880628,9.624039,9.5334,1.771664,1.666834,0.2290441,0.262612
1980,3,5,34,20980.0,16027.76,13.61201,7.393826,9.682077,9.601624,2.000645,1.919217,0.2039433,0.2098164
1980,3,5,35,19700.0,12305.98,12.94315,5.654879,9.417841,9.288913,1.732519,1.607073,0.2961032,0.2939091
1980,3,5,36,24640.0,9134.366,12.19237,4.23446,9.119799,8.970886,1.443256,1.30031,0.363566,0.3591115
1980,3,5,37,14580.0,10233.3,12.97942,4.835495,9.233402,9.114759,1.575983,1.460523,0.2487291,0.2472523
1980,3,5,38,53310.0,10073.93,11.79554,4.757006,9.217707,9.079881,1.559618,1.422238,0.3376681,0.3393019
1980,3,5,39,9710.0,10649.46,13.40268,4.906897,9.273265,9.087409,1.590642,1.403707,0.4219711,0.4288343
1980,3,5,40,3580.0,7599.359,10.43017,3.342831,8.93582,8.655002,1.206818,0.9311641,0.59862,0.5890336
1980,3,5,41,12560.0,7411.839,9.7707,3.382915,8.910834,8.675131,1.218738,0.9684767,0.5008387,0.5229006
1980,3,5,42,7800.0,9215.82,11.33846,4.406367,9.128676,9.012784,1.48305,1.369235,0.2835953,0.2831363
1980,3,5,43,3710.0,8618.736,10.52291,4.002287,9.061694,8.804174,1.386866,1.139269,0.6070356,0.5744944
1980,3,5,44,36340.0,13793.71,11.95267,6.424725,9.531968,9.386507,1.860154,1.712072,0.3780994,0.3863243
1980,3,5,45,14640.0,17430.49,12.80328,8.133872,9.765976,9.656873,2.096037,1.987396,0.2888995,0.2924805
1980,3,5,46,15070.0,14741.61,12.142,6.939747,9.59843,9.449058,1.937265,1.786841,0.3879126,0.3959886
1980,3,5,47,96340.0,13029.31,11.6994,6.203133,9.474957,9.299145,1.825054,1.649836,0.4287016,0.4294695
1980,3,5,48,3550.0,15777.88,11.96056,7.071353,9.666364,9.506763,1.956052,1.79622,0.409647,0.4183655
1980,3,5,49,26090.0,16569.0,12.91529,7.519105,9.715289,9.581049,2.017447,1.884508,0.3474399,0.3503063
1980,3,5,50,16690.0,15367.1,12.33074,7.17702,9.639984,9.523957,1.970884,1.853014,0.3170217,0.3288214
1980,3,5,51,1160.0,11192.95,11.2931,5.234534,9.323039,9.200023,1.655278,1.538104,0.2310035,0.2281945
1980,3,5,52,2160.0,8756.548,11.41667,4.149638,9.077557,8.954762,1.423021,1.293077,0.3215339,0.3418579
1980,3,5,53,3980.0,12533.99,11.82915,5.866354,9.436199,9.235828,1.769233,1.587229,0.4876637,0.4667557
1980,3,5,54,6750.0,12903.38,11.45778,6.109344,9.465245,9.327929,1.809819,1.672974,0.3584504,0.3614283
1980,3,5,55,5720.0,17047.68,12.6014,7.917493,9.74377,9.632945,2.069075,1.96077,0.2825964,0.2762741
1980,3,5,56,15160.0,14622.77,11.83509,6.907016,9.590335,9.466364,1.932538,1.811518,0.3162242,0.3076512
1980,3,5,57,5490.0,13183.38,11.71949,6.072952,9.486712,9.356471,1.803845,1.676119,0.3257958,0.3302367
1980,3,5,58,3960.0,9362.483,11.0303,4.418257,9.144465,9.018735,1.485745,1.366324,0.2935261,0.2732393
1980,3,5,59,7340.0,13780.71,12.30245,6.572384,9.531025,9.434797,1.882877,1.786282,0.2219601,0.218882
1980,3,5,60,15230.0,10039.47,11.3329,4.749977,9.214279,9.11128,1.55814,1.456578,0.244149,0.2399818
1980,3,5,61,93280.0,13430.42,11.80489,6.335878,9.505278,9.373927,1.846228,1.717091,0.3348087,0.331968
1980,3,5,62,59120.0,13744.67,11.86739,6.492987,9.528406,9.39817,1.870723,1.740934,0.348051,0.346048
1980,3,5,63,14970.0,14719.44,12.57448,6.942834,9.596925,9.484289,1.93771,1.822727,0.2991865,0.3056762
1980,3,5,64,112900.0,13090.49,11.81187,5.979961,9.479641,9.318005,1.788414,1.628685,0.4100067,0.4082712
1980,3,5,65,25350.0,15426.98,12.00316,7.062748,9.643873,9.480657,1.954834,1.790297,0.4371899,0.4499863
1980,3,5,66,91540.0,11714.34,11.72471,5.566091,9.368568,9.218446,1.716693,1.565643,0.3755722,0.3775483
1980,4,5,0,809410.0,,12.09906,,,,,,,
1980,4,5,1,42000.0,13557.87,14.4881,6.451462,9.514723,9.397752,1.864307,1.748091,0.2791741,0.2798864
1980,4,5,2,52840.0,13337.45,14.12831,6.466898,9.498331,9.413535,1.866697,1.781727,0.2095251,0.2125014
1980,4,5,3,180.0,22850.0,17.11111,11.30335,10.03671,10.02108,2.425099,2.394699,0.0320643,0.0620034
1980,4,5,4,2190.0,16992.34,15.06849,8.147942,9.740519,9.681246,2.097765,2.038184,0.1266748,0.1279029
1980,4,5,5,3900.0,16294.09,15.45641,7.805609,9.698558,9.635753,2.054843,1.991364,0.1543531,0.166723
1980,4,5,6,1280.0,15150.09,16.09375,7.138634,9.625762,9.521509,1.965521,1.872412,0.312094,0.2632797
1980,4,5,7,1940.0,20698.59,18.06186,8.280082,9.937821,9.728216,2.113853,1.803994,0.4700213,0.6677418
1980,4,5,8,30050.0,13863.7,15.19268,6.706631,9.537029,9.441833,1.903097,1.805059,0.259296,0.2679752
1980,4,5,9,4880.0,11579.78,15.18443,5.617052,9.357016,9.279008,1.725807,1.644034,0.1914208,0.194361
1980,4,5,10,4320.0,14679.9,18.58796,7.085911,9.594234,9.48538,1.958108,1.84498,0.2790662,0.2883552
1980,4,5,11,90460.0,11640.63,16.78996,5.782184,9.362257,9.257922,1.754781,1.641455,0.2626743,0.2797231
1980,4,5,12,2610.0,12208.81,16.49809,5.979682,9.409913,9.333495,1.788367,1.709861,0.1905129,0.1966024
1980,4,5,13,2730.0,15558.02,16.25641,7.520095,9.652331,9.497342,2.017579,1.862115,0.3510816,0.3468133
1980,4,5,14,23220.0,12203.56,15.66322,5.953929,9.409483,9.324326,1.784051,1.698417,0.2102679,0.2115168
1980,4,5,15,2810.0,21257.71,18.34875,9.839499,9.964475,9.816785,2.286405,2.143658,0.2822828,0.2682373
1980,4,5,16,6030.0,13687.97,15.29022,6.484404,9.524273,9.347038,1.8694,1.700791,0.3919779,0.3711008
1980,4,5,17,32560.0,10643.93,13.43673,5.147401,9.272745,9.19525,1.638492,1.559214,0.1978058,0.2021137
1980,4,5,18,5390.0,12389.32,13.67718,5.998555,9.42459,9.350835,1.791519,1.715567,0.1846437,0.1899206
1980,4,5,19,1910.0,12763.05,13.13089,6.276369,9.454309,9.395668,1.836792,1.779397,0.1167624,0.1146232
1980,4,5,20,9780.0,14116.38,14.50716,6.827425,9.555091,9.455044,1.920948,1.820042,0.2805434,0.2811298
1980,4,5,21,64330.0,9643.118,13.5579,4.709122,9.174,9.014791,1.549501,1.395765,0.3671602,0.3571009
1980,4,5,22,125040.0,10626.86,13.07678,5.203225,9.27114,9.192116,1.649279,1.568824,0.1858299,0.1909148
1980,4,5,23,20830.0,10125.56,13.3663,4.953079,9.222817,9.122029,1.600009,1.496863,0.2559419,0.2597898
1980,4,5,24,31240.0,10671.72,12.89245,5.236672,9.275352,9.191277,1.655686,1.568996,0.2134693,0.2200751
1980,4,5,25,37290.0,10391.91,13.12202,5.09538,9.248783,9.179666,1.628334,1.559542,0.1612638,0.1621573
1980,4,5,26,1670.0,9704.152,12.70659,4.801072,9.180309,9.052745,1.568839,1.435566,0.3305063,0.3386323
1980,4,5,27,31040.0,11585.83,12.9549,5.695874,9.357537,9.275231,1.739742,1.654937,0.2028129,0.210442
1980,4,5,28,16390.0,15734.89,12.82977,7.529719,9.663636,9.570863,2.018858,1.926193,0.2439109,0.2448559
1980,4,5,29,21210.0,11167.9,12.67138,5.38272,9.320799,9.214149,1.683194,1.576012,0.2705051,0.2716809
1980,4,5,30,19340.0,11852.17,13.47777,5.796796,9.380266,9.300047,1.757305,1.675704,0.1831743,0.1850375
1980,4,5,31,113910.0,10194.71,13.03011,5.011577,9.229624,9.146905,1.611751,1.528472,0.1971178,0.1997845
1980,4,5,32,30880.0,6331.772,12.01878,3.136978,8.753335,8.594907,1.14326,0.9864699,0.3627841,0.3603557
1980,4,5,33,90.0,16250.0,14.66667,7.145724,9.695848,9.609665,1.966514,1.872926,0.1839181,0.226764
1980,4,5,34,4150.0,12969.4,13.55663,6.278587,9.470347,9.355049,1.837145,1.716479,0.3060175,0.3214397
1980,4,5,35,4680.0,10663.29,13.35043,4.96636,9.274562,9.105423,1.602687,1.448643,0.3990155,0.3707845
1980,4,5,36,46230.0,6773.343,12.03721,3.340396,8.82075,8.681779,1.206089,1.066191,0.3261335,0.3283094
1980,4,5,37,77380.0,8170.753,12.31223,3.970147,9.008316,8.894423,1.378803,1.262403,0.2677759,0.2787555
1980,4,5,38,17070.0,8095.278,12.19215,3.939094,8.999036,8.846663,1.370951,1.2266,0.3569256,0.3397409
1980,4,5,39,31300.0,8241.091,13.34569,4.00528,9.016888,8.831156,1.387614,1.20192,0.4024147,0.4026805
1980,4,5,40,390.0,7250.0,12.20513,3.700706,8.888757,8.214246,1.308524,0.5992669,1.686845,1.696191
1980,4,5,41,2930.0,7384.104,11.54266,3.694999,8.907084,8.67235,1.30698,1.069737,0.5716302,0.5797915
1980,4,5,42,940.0,8069.444,11.3617,3.793344,8.99584,8.739753,1.333248,1.086211,0.7871109,0.7463082
1980,4,5,43,190.0,9485.0,10.73684,4.630215,9.157467,9.096055,1.532603,1.475627,0.1216851,0.1127138
1980,4,5,44,1640.0,12695.24,11.65854,5.888803,9.448982,9.332532,1.773053,1.667566,0.2467071,0.2285401
1980,4,5,45,3420.0,14428.1,12.64328,6.854174,9.576933,9.425865,1.924858,1.774447,0.4384797,0.4376407
1980,4,5,46,1820.0,11583.33,11.98901,5.505292,9.357323,9.153294,1.70571,1.517293,0.3864364,0.3566257
1980,4,5,47,3850.0,11299.71,11.71948,5.381627,9.332533,9.193434,1.682991,1.543986,0.3290885,0.3246317
1980,4,5,48,300.0,8142.778,11.66667,3.994849,9.004887,8.700927,1.385006,1.081096,0.7830669,0.782032
1980,4,5,49,7860.0,12350.99,12.68448,5.902925,9.421492,9.302682,1.775448,1.655195,0.26584,0.2695708
1980,4,5,50,2290.0,11064.26,12.0524,5.239865,9.311475,9.138263,1.656296,1.48719,0.4805923,0.4788272
1980,4,5,51,480.0,6198.684,10.83333,3.122762,8.732092,8.605385,1.138718,1.016102,0.2916829,0.2816182
1980,4,5,52,3030.0,7985.0,12.30363,3.909127,8.98532,8.890913,1.363314,1.266258,0.1927561,0.1991531
1980,4,5,53,2110.0,10145.71,11.98104,4.928907,9.224806,9.071671,1.595117,1.443356,0.2696117,0.2619691
1980,4,5,54,3390.0,8831.402,11.14454,4.341412,9.086069,8.876962,1.468199,1.269001,0.3194476,0.3061903
1980,4,5,55,530.0,13473.06,12.79245,6.432227,9.508447,9.391158,1.861321,1.74524,0.3000543,0.2963421
1980,4,5,56,5480.0,10949.39,11.63869,5.260454,9.301039,9.147449,1.660217,1.502111,0.3565377,0.3697937
1980,4,5,57,2090.0,8961.104,11.16746,4.265076,9.100649,8.995533,1.45046,1.348965,0.2423008,0.2351172
1980,4,5,58,920.0,8579.546,11.17391,4.074619,9.057137,8.930877,1.404777,1.279105,0.3077011,0.3031546
1980,4,5,59,2710.0,8997.526,12.65683,4.368804,9.104705,8.972065,1.474489,1.338111,0.3953824,0.4142015
1980,4,5,60,63870.0,7366.196,11.37561,3.559395,8.904656,8.79885,1.26959,1.166543,0.2424276,0.2370724
1980,4,5,61,45690.0,9809.304,11.69227,4.746097,9.191087,9.041449,1.557323,1.408547,0.3749203,0.3721556
1980,4,5,62,40990.0,10223.93,11.7009,4.934574,9.232486,9.085538,1.596266,1.448043,0.3661715,0.3676019
1980,4,5,63,18340.0,10354.25,11.84842,4.963106,9.245152,9.126402,1.602032,1.485619,0.2587689,0.2618535
1980,4,5,64,10240.0,11349.86,12.91797,5.403387,9.336961,9.155289,1.687026,1.506609,0.4710839,0.4770501
1980,4,5,65,2470.0,11539.64,11.9919,5.529135,9.353543,9.203452,1.710031,1.561624,0.345474,0.3406266
1980,4,5,66,32650.0,9187.122,11.73047,4.48017,9.125558,8.974092,1.499661,1.34943,0.3584287,0.3522658
1980,0,6,0,6771020.0,,11.87017,,,,,,,
1980,0,6,1,1826070.0,26289.34,14.52319,,10.17692,9.992731,,,0.4215319,
1980,0,6,2,693630.0,21529.7,14.32171,,9.977189,9.828048,,,0.3190117,
1980,0,6,3,22770.0,28098.27,17.25296,,10.24346,10.09897,,,0.3205096,
1980,0,6,4,302390.0,27117.02,15.76097,,10.20792,10.14294,,,0.1522701,
1980,0,6,5,86090.0,25728.36,15.56197,,10.15535,10.08859,,,0.1547958,
1980,0,6,6,62760.0,25749.35,17.11616,,10.15617,10.05062,,,0.2378459,
1980,0,6,7,140160.0,53161.36,18.75549,,10.88109,10.72634,,,0.4073282,
1980,0,6,8,258610.0,16459.65,15.12258,,9.708667,9.600591,,,0.2504468,
1980,0,6,9,28580.0,16506.66,15.37929,,9.711519,9.566747,,,0.3144746,
1980,0,6,10,149500.0,23698.54,18.45044,,10.07317,9.976917,,,0.223198,
1980,0,6,11,823600.0,17181.17,17.30017,,9.75157,9.647632,,,0.2594973,
1980,0,6,12,33330.0,16283.58,17.0006,,9.697912,9.587049,,,0.2562922,
1980,0,6,13,51350.0,27723.97,17.5517,,10.23005,10.10588,,,0.2737456,
1980,0,6,14,155320.0,14588.41,16.40059,,9.587982,9.455576,,,0.3220255,
1980,0,6,15,119360.0,41014.71,18.71615,,10.62169,10.43833,,,0.4632194,
1980,0,6,16,186260.0,20334.09,14.78691,,9.920054,9.690702,,,0.5579107,
1980,0,6,17,157190.0,12799.01,13.31891,,9.457124,9.341797,,,0.2566574,
1980,0,6,18,168610.0,20033.81,13.28177,,9.905177,9.814348,,,0.2173522,
1980,0,6,19,29350.0,19450.79,13.44225,,9.875643,9.779593,,,0.2267852,
1980,0,6,20,174550.0,23717.41,14.61765,,10.07396,9.940381,,,0.3028427,
1980,0,6,21,1508790.0,20783.3,13.23551,,9.941905,9.683475,,,0.5736899,
1980,0,6,22,773700.0,10948.3,12.60667,,9.30094,9.213149,,,0.1839052,
1980,0,6,23,119240.0,11956.27,12.65054,,9.389011,9.245464,,,0.296703,
1980,0,6,24,119260.0,12724.91,12.51073,,9.451317,9.333144,,,0.2491029,
1980,0,6,25,363080.0,11449.37,12.55748,,9.34569,9.232717,,,0.2378625,
1980,0,6,26,7190.0,12888.84,12.0306,,9.464117,9.332254,,,0.2867915,
1980,0,6,27,138800.0,16561.63,12.78566,,9.714844,9.574265,,,0.3221814,
1980,0,6,28,118810.0,17786.8,12.39298,,9.786212,9.715654,,,0.1919071,
1980,0,6,29,284510.0,15840.77,12.1433,,9.670342,9.554667,,,0.2711894,
1980,0,6,30,86890.0,15827.11,13.45402,,9.669479,9.553996,,,0.2422764,
1980,0,6,31,487700.0,12030.53,12.6307,,9.395204,9.267006,,,0.2647894,
1980,0,6,32,116710.0,7204.396,10.1861,,8.882446,8.714576,,,0.3768543,
1980,0,6,33,65720.0,20206.06,12.65049,,9.913737,9.849116,,,0.1601772,
1980,0,6,34,172900.0,19835.1,13.4288,,9.895208,9.818752,,,0.192041,
1980,0,6,35,74710.0,15392.76,12.20359,,9.641652,9.50029,,,0.3199529,
1980,0,6,36,401220.0,8799.389,11.0417,,9.082438,8.883045,,,0.3965778,
1980,0,6,37,247570.0,9155.88,11.64018,,9.122151,8.995306,,,0.2608047,
1980,0,6,38,259610.0,12574.94,10.81938,,9.439462,9.280715,,,0.3629202,
1980,0,6,39,260250.0,10726.36,12.03577,,9.280459,9.0104,,,0.5871092,
1980,0,6,40,211300.0,18084.67,12.21013,,9.80282,9.393251,,,0.9638773,
1980,0,6,41,99500.0,10806.63,9.641507,,9.287915,9.06757,,,0.4826943,
1980,0,6,42,48150.0,13093.37,10.77944,,9.479861,9.296206,,,0.4205056,
1980,0,6,43,30280.0,16017.4,10.64696,,9.681431,9.392756,,,0.6457353,
1980,0,6,44,430020.0,18145.23,11.35005,,9.806163,9.684013,,,0.3038557,
1980,0,6,45,160610.0,20036.29,12.26561,,9.9053,9.813599,,,0.2381719,
1980,0,6,46,158850.0,18961.72,11.704,,9.850178,9.736313,,,0.2910665,
1980,0,6,47,911180.0,19907.3,11.47311,,9.898842,9.742506,,,0.3691784,
1980,0,6,48,34010.0,19919.07,10.64687,,9.899433,9.775139,,,0.3198315,
1980,0,6,49,476550.0,21273.38,12.32299,,9.965212,9.843179,,,0.2938901,
1980,0,6,50,175960.0,19633.82,11.71727,,9.885009,9.78501,,,0.2550696,
1980,0,6,51,15970.0,14075.57,11.18535,,9.552197,9.364597,,,0.3969858,
1980,0,6,52,40540.0,11257.93,10.68328,,9.328829,9.146547,,,0.3877663,
1980,0,6,53,40160.0,15629.0,11.4868,,9.656883,9.490226,,,0.3726343,
1980,0,6,54,73140.0,16148.33,10.9624,,9.689572,9.550045,,,0.3504821,
1980,0,6,55,45630.0,20808.01,12.41771,,9.943093,9.841344,,,0.2511769,
1980,0,6,56,128420.0,16609.06,11.01059,,9.717704,9.609509,,,0.268346,
1980,0,6,57,34520.0,15546.03,10.81083,,9.651561,9.520296,,,0.3066129,
1980,0,6,58,20960.0,12466.34,10.14313,,9.430787,9.270175,,,0.3713336,
1980,0,6,59,76160.0,17044.5,11.86883,,9.743583,9.627056,,,0.2801543,
1980,0,6,60,250670.0,8694.832,10.15016,,9.070484,8.953498,,,0.2424293,
1980,0,6,61,532170.0,15049.57,10.85369,,9.619105,9.482975,,,0.3343076,
1980,0,6,62,433390.0,14702.96,10.93352,,9.595804,9.457229,,,0.3353079,
1980,0,6,63,171640.0,14985.22,11.44681,,9.61482,9.485056,,,0.3066702,
1980,0,6,64,680460.0,18088.21,11.11457,,9.803016,9.65646,,,0.3581059,
1980,0,6,65,182040.0,19889.02,11.16683,,9.897923,9.773171,,,0.3100795,
1980,0,6,66,409040.0,13836.63,10.75169,,9.535075,9.377505,,,0.3818526,
1980,1,6,0,806850.0,,12.05396,,,,,,,
1980,1,6,1,1332870.0,29621.29,14.87231,12.41469,10.29625,10.14982,2.51888,2.36638,0.3333327,0.3563768
1980,1,6,2,402100.0,26070.39,15.07829,11.63181,10.16856,10.05336,2.453743,2.341785,0.2460379,0.2460601
1980,1,6,3,20940.0,28440.75,17.41452,12.37607,10.25558,10.11558,2.515765,2.376813,0.3123306,0.3186684
1980,1,6,4,285800.0,27493.65,15.86179,12.53688,10.22171,10.16106,2.528675,2.46739,0.1401653,0.1444269
1980,1,6,5,68210.0,27070.2,15.78185,12.5397,10.20619,10.15112,2.5289,2.471971,0.1243767,0.132103
1980,1,6,6,51790.0,27083.1,17.34196,12.24484,10.20667,10.11109,2.505105,2.410778,0.2135593,0.2175942
1980,1,6,7,126050.0,54794.11,18.95708,21.3155,10.91134,10.77303,3.059434,2.907905,0.3634576,0.3904285
1980,1,6,8,30490.0,25326.66,17.31584,10.4783,10.13961,10.01829,2.349307,2.229481,0.2881084,0.2961675
1980,1,6,9,8690.0,21542.71,15.8435,9.113719,9.977793,9.844733,2.209781,2.079733,0.2841655,0.3013545
1980,1,6,10,101970.0,25388.3,18.94341,10.75661,10.14204,10.05637,2.37552,2.284899,0.1972896,0.2111637
1980,1,6,11,268760.0,20039.76,18.0631,9.017085,9.905474,9.834938,2.199121,2.118536,0.1692629,0.195848
1980,1,6,12,7030.0,20109.04,17.92888,9.462133,9.908925,9.817645,2.247298,2.15208,0.1985423,0.2098646
1980,1,6,13,34760.0,31061.25,17.90967,13.74432,10.34372,10.24566,2.620626,2.528667,0.2154709,0.2067793
1980,1,6,14,84700.0,15411.77,17.1863,6.393789,9.642886,9.504258,1.855327,1.679055,0.3317983,0.4245284
1980,1,6,15,106970.0,42712.19,18.88043,17.69305,10.66224,10.4971,2.873172,2.703594,0.4134927,0.4236272
1980,1,6,16,115610.0,23042.82,15.27792,10.16965,10.04511,9.855309,2.319408,2.127908,0.4647692,0.4814223
1980,1,6,17,21070.0,19422.75,14.78121,8.635352,9.874201,9.745514,2.155864,2.033576,0.2827844,0.2768596
1980,1,6,18,139730.0,21101.37,13.37036,9.640556,9.957093,9.879765,2.265979,2.190984,0.1842511,0.1846579
1980,1,6,19,21170.0,21261.82,13.77232,9.744786,9.964668,9.890264,2.276732,2.199899,0.1726829,0.1778707
1980,1,6,20,127000.0,26336.11,15.15669,12.09631,10.1787,10.06787,2.492901,2.376091,0.2512459,0.2633803
1980,1,6,21,910580.0,25076.21,13.83439,10.53631,10.12967,9.93684,2.354827,2.149544,0.4305704,0.4616897
1980,1,6,22,10030.0,22010.04,14.27916,9.808943,9.999254,9.812965,2.283294,2.118061,0.3923322,0.3534928
1980,1,6,23,16810.0,19832.14,13.90958,9.193408,9.89506,9.79397,2.218487,2.118409,0.2426945,0.2474878
1980,1,6,24,22390.0,18109.87,13.06655,8.358012,9.804213,9.704741,2.123221,2.028738,0.2372817,0.227878
1980,1,6,25,33520.0,19311.94,13.95644,8.824751,9.868479,9.759748,2.17756,2.070072,0.2451724,0.2478418
1980,1,6,26,2040.0,18732.84,12.83333,8.520081,9.838034,9.71559,2.142426,2.040689,0.3230143,0.2844584
1980,1,6,27,50970.0,22785.9,13.65548,10.3769,10.0339,9.949793,2.339583,2.256681,0.2105793,0.2086605
1980,1,6,28,68970.0,18736.63,12.59591,8.699116,9.838236,9.787546,2.163221,2.112018,0.140701,0.1436087
1980,1,6,29,162990.0,18146.68,12.29855,8.226605,9.806243,9.712415,2.107373,2.014536,0.2311244,0.2307169
1980,1,6,30,33460.0,20674.75,14.50149,9.383644,9.936668,9.848731,2.238968,2.154665,0.1861392,0.1844652
1980,1,6,31,66940.0,19540.31,13.79205,8.974654,9.880235,9.771278,2.194404,2.088341,0.2507229,0.2492746
1980,1,6,32,10930.0,11728.11,10.49771,5.458084,9.369743,9.202267,1.697098,1.537955,0.3748505,0.3652921
1980,1,6,33,62880.0,20332.27,12.6673,7.664396,9.919965,9.856967,2.036586,1.95433,0.1553682,0.1973228
1980,1,6,34,149100.0,20271.01,13.47726,9.053714,9.916947,9.846719,2.203175,2.128366,0.1748484,0.1881788
1980,1,6,35,49040.0,16503.47,12.44086,7.354829,9.711326,9.58276,1.995357,1.867681,0.2833427,0.2850404
1980,1,6,36,77570.0,12794.72,11.27163,5.427453,9.456788,9.263881,1.69147,1.510157,0.4087313,0.3997198
1980,1,6,37,15250.0,14546.14,12.91803,6.455017,9.585081,9.411898,1.864858,1.71737,0.3407531,0.3070642
1980,1,6,38,153770.0,14159.2,11.10178,6.451368,9.55812,9.421144,1.864292,1.732245,0.3147362,0.3092611
1980,1,6,39,51490.0,16137.53,12.34803,6.972763,9.688903,9.499175,1.942012,1.751625,0.3972017,0.4028403
1980,1,6,40,187300.0,18927.2,12.31212,6.362859,9.848355,9.47412,1.850478,1.445148,0.8626524,0.9335113
1980,1,6,41,63500.0,11845.19,9.495118,4.63645,9.379678,9.184499,1.533949,1.32173,0.4133554,0.4490073
1980,1,6,42,34270.0,14057.92,10.91392,6.356747,9.550941,9.383741,1.849517,1.689753,0.381944,0.3788708
1980,1,6,43,25120.0,17105.5,11.04936,7.422665,9.747155,9.492344,2.004538,1.736131,0.5693048,0.5976871
1980,1,6,44,392430.0,18448.61,11.40005,8.094711,9.822744,9.704678,2.091211,1.967473,0.2931865,0.3125933
1980,1,6,45,142730.0,20455.4,12.31122,9.261912,9.926002,9.840456,2.22591,2.139414,0.2197772,0.2265325
1980,1,6,46,139690.0,19551.34,11.77708,8.776672,9.880799,9.77868,2.172097,2.069808,0.2620543,0.2668872
1980,1,6,47,823060.0,20427.09,11.61672,9.29261,9.924617,9.774663,2.229219,2.080736,0.3534844,0.3577516
1980,1,6,48,31550.0,20229.13,10.66941,8.69529,9.914879,9.790912,2.162781,2.040247,0.3221277,0.3365459
1980,1,6,49,383010.0,22793.63,12.46787,9.878643,10.03424,9.933145,2.290375,2.188177,0.2425674,0.2484562
1980,1,6,50,156270.0,20202.45,11.76822,8.966827,9.913559,9.822263,2.193532,2.10595,0.2311959,0.2251976
1980,1,6,51,12320.0,15074.71,11.43182,6.591483,9.620773,9.434642,1.885778,1.7081,0.4107633,0.4225302
1980,1,6,52,17830.0,14141.84,10.58665,6.356313,9.556893,9.406821,1.849448,1.696177,0.3211135,0.3401116
1980,1,6,53,23870.0,18356.75,11.68747,8.252268,9.817753,9.679962,2.110488,1.980315,0.3285694,0.3197622
1980,1,6,54,52330.0,17785.24,11.0965,7.840891,9.786124,9.683908,2.059352,1.95041,0.2534411,0.2764375
1980,1,6,55,39890.0,21351.03,12.47982,9.663347,9.968855,9.873839,2.26834,2.174723,0.2359907,0.2396241
1980,1,6,56,92300.0,18071.32,11.05937,8.173781,9.802082,9.714973,2.100932,2.018336,0.2222353,0.2137299
1980,1,6,57,21120.0,17960.13,10.7822,8.089403,9.79591,9.698681,2.090555,2.001236,0.231337,0.2173306
1980,1,6,58,14270.0,13783.96,10.31815,6.308456,9.531261,9.374463,1.841891,1.688573,0.3843249,0.3766054
1980,1,6,59,54070.0,18888.17,11.95894,8.912373,9.846291,9.760482,2.18744,2.098412,0.2048596,0.217737
1980,1,6,60,32930.0,13064.3,10.2314,5.912076,9.477638,9.347789,1.776997,1.654149,0.2993771,0.2916496
1980,1,6,61,300150.0,17384.25,10.99757,7.919202,9.76332,9.660316,2.06929,1.968728,0.2661614,0.2625166
1980,1,6,62,227570.0,17516.29,10.98379,8.048223,9.770886,9.663925,2.085451,1.979809,0.2776,0.2782093
1980,1,6,63,77630.0,18815.54,11.91369,8.600543,9.842439,9.764259,2.151825,2.07368,0.2012681,0.2033433
1980,1,6,64,523680.0,19021.57,11.16625,7.956584,9.853329,9.723947,2.074,1.944742,0.3119904,0.3164957
1980,1,6,65,155250.0,20705.05,11.25887,9.054248,9.938133,9.826647,2.203234,2.093824,0.2730665,0.2711647
1980,1,6,66,220350.0,15903.63,10.93705,7.268619,9.674303,9.543541,1.983566,1.851226,0.3267618,0.3330092
1980,2,6,0,5168990.0,,13.39801,,,,,,,
1980,2,6,1,408890.0,15152.77,14.05327,6.95903,9.625939,9.455048,1.94004,1.77246,0.3752966,0.3799454
1980,2,6,2,239680.0,14106.1,13.60297,6.717951,9.554362,9.454943,1.904783,1.809628,0.2187891,0.2121501
1980,2,6,3,1190.0,19287.94,17.73109,8.898418,9.867235,9.688485,2.185874,2.013249,0.3488534,0.3458431
1980,2,6,4,8660.0,17655.17,13.85219,8.287834,9.778784,9.68029,2.114789,2.018616,0.2359672,0.2318088
1980,2,6,5,13500.0,19463.13,15.26815,9.350883,9.876277,9.798249,2.235471,2.158583,0.1759946,0.1774932
1980,2,6,6,8360.0,18064.64,17.39474,8.613775,9.801712,9.709158,2.153363,2.062417,0.2056032,0.2012383
1980,2,6,7,9940.0,32778.68,19.22938,13.81547,10.39753,10.15346,2.625789,2.374719,0.5824395,0.5944009
1980,2,6,8,198640.0,14838.97,17.26158,7.155327,9.605012,9.528636,1.967857,1.896413,0.1928679,0.1841011
1980,2,6,9,16170.0,13663.23,17.32839,6.617626,9.522464,9.407174,1.889737,1.778682,0.2675153,0.2692723
1980,2,6,10,40450.0,17918.33,20.25365,8.018772,9.79358,9.712666,2.081785,1.998497,0.1949654,0.1988543
1980,2,6,11,468620.0,14348.11,18.33631,6.914207,9.571373,9.463243,1.933578,1.817526,0.2756442,0.2937124
1980,2,6,12,23630.0,14583.41,18.16589,7.208941,9.58764,9.478636,1.975322,1.871052,0.2630384,0.2514404
1980,2,6,13,14030.0,18935.55,18.99216,9.033131,9.848797,9.741721,2.200899,2.096181,0.2307461,0.2266981
1980,2,6,14,48840.0,13128.56,17.08149,6.345849,9.482546,9.364947,1.847801,1.726758,0.2924441,0.3064696
1980,2,6,15,9740.0,22734.69,18.6386,10.19747,10.03165,9.787191,2.32214,2.097439,0.600502,0.5690753
1980,2,6,16,63050.0,14048.28,16.69342,6.575511,9.550256,9.308807,1.883352,1.653211,0.5652691,0.5541069
1980,2,6,17,102250.0,11386.35,14.87355,5.509762,9.340171,9.262856,1.706521,1.63173,0.1768738,0.1747609
1980,2,6,18,20210.0,13192.83,13.33795,6.273377,9.487429,9.396357,1.836315,1.748913,0.2064621,0.1990128
1980,2,6,19,5790.0,12622.24,13.38515,6.065463,9.443215,9.370281,1.802611,1.729724,0.1770594,0.1769311
1980,2,6,20,37400.0,15193.39,15.09519,7.292228,9.628615,9.519211,1.986809,1.879854,0.2481606,0.2462555
1980,2,6,21,529190.0,11219.66,14.23799,5.311812,9.325423,9.109929,1.669933,1.468787,0.4404204,0.422546
1980,2,6,22,716320.0,10722.42,13.56746,5.264371,9.280092,9.199069,1.660962,1.583284,0.1738682,0.1683705
1980,2,6,23,91440.0,10055.68,13.89873,4.950919,9.215893,9.111186,1.599573,1.499025,0.2151822,0.2101385
1980,2,6,24,81450.0,10900.88,13.49957,5.310505,9.296598,9.206642,1.669687,1.584435,0.1869964,0.1778358
1980,2,6,25,308080.0,10391.79,13.49409,5.082574,9.248772,9.159391,1.625818,1.539081,0.1982477,0.1935758
1980,2,6,26,4170.0,9910.57,12.92566,4.816609,9.201357,9.137636,1.57207,1.519855,0.1273902,0.1031919
1980,2,6,27,71290.0,11900.03,12.69687,5.787073,9.384296,9.289804,1.755627,1.660743,0.2196241,0.2221002
1980,2,6,28,23470.0,14330.78,13.40435,6.90268,9.570165,9.463802,1.93191,1.830183,0.2558872,0.2469333
1980,2,6,29,84190.0,11553.49,12.53712,5.500243,9.354743,9.263896,1.704792,1.618589,0.1968203,0.1866387
1980,2,6,30,44340.0,11995.63,13.33378,5.81102,9.392298,9.314254,1.759756,1.682757,0.1775232,0.1762385
1980,2,6,31,358030.0,10259.75,13.63042,5.022768,9.235984,9.146138,1.613981,1.528548,0.1921373,0.1839513
1980,2,6,32,55470.0,6353.504,11.52875,3.155825,8.756762,8.631251,1.14925,1.026827,0.2890826,0.2989937
1980,2,6,33,370.0,11997.31,12.32432,5.514215,9.392438,9.312802,1.707329,1.604974,0.1671919,0.2053812
1980,2,6,34,6880.0,14154.93,13.50581,6.591989,9.557818,9.448002,1.885855,1.778116,0.2594626,0.2545018
1980,2,6,35,10310.0,10631.91,14.37633,5.005023,9.271615,9.111512,1.610442,1.458661,0.3590716,0.3529685
1980,2,6,36,260920.0,6945.119,13.1661,3.408318,8.845795,8.70052,1.226219,1.08619,0.2910442,0.2902952
1980,2,6,37,152590.0,8299.661,12.80936,4.071606,9.02397,8.926835,1.404037,1.309368,0.2061042,0.2036638
1980,2,6,38,42530.0,8621.882,11.88056,4.220335,9.062058,8.936152,1.439914,1.317574,0.2813131,0.2756178
1980,2,6,39,174970.0,8377.552,14.28016,4.04885,9.033311,8.78548,1.398433,1.143927,0.5418081,0.5631739
1980,2,6,40,20720.0,9880.872,13.32915,3.774502,9.198356,8.586193,1.328268,0.695206,1.313858,1.370186
1980,2,6,41,22630.0,7854.286,11.95758,3.435903,8.968815,8.726755,1.23428,0.9723155,0.5855291,0.6626389
1980,2,6,42,7860.0,8913.596,12.84224,4.208244,9.095333,8.84144,1.437046,1.187031,0.5348385,0.5304316
1980,2,6,43,1100.0,9047.708,11.4,4.285121,9.110267,8.930957,1.455149,1.279827,0.3942822,0.3801763
1980,2,6,44,5920.0,12685.64,11.66554,5.805796,9.448226,9.309747,1.758857,1.618063,0.3451024,0.3575708
1980,2,6,45,7970.0,15355.74,12.17315,7.204715,9.639244,9.528679,1.974736,1.867951,0.2665484,0.2577645
1980,2,6,46,6730.0,11498.19,12.22288,5.445866,9.349945,9.219956,1.694857,1.563563,0.2725802,0.2692259
1980,2,6,47,14540.0,12666.91,12.63136,6.028314,9.446749,9.27348,1.796467,1.6187,0.3705319,0.3805057
1980,2,6,48,760.0,14549.48,11.05263,6.766852,9.585311,9.494359,1.912036,1.826798,0.2128783,0.1968562
1980,2,6,49,57550.0,12665.82,11.755,5.906249,9.446662,9.332198,1.776011,1.664415,0.2470944,0.2437167
1980,2,6,50,7410.0,11849.14,11.4143,5.501403,9.380011,9.247058,1.705003,1.57644,0.3373206,0.3343867
1980,2,6,51,2200.0,8602.6,11.11818,4.00646,9.05982,8.962689,1.387908,1.297051,0.2120463,0.1926647
1980,2,6,52,18080.0,8079.655,12.00221,3.941153,8.997105,8.863019,1.371473,1.236215,0.2755621,0.2809888
1980,2,6,53,12060.0,9866.754,11.90216,4.729958,9.196926,9.070857,1.553916,1.435946,0.2508309,0.2384254
1980,2,6,54,12830.0,9001.056,11.75838,4.339431,9.105097,8.963338,1.467743,1.328213,0.3318365,0.3337649
1980,2,6,55,1630.0,14382.46,12.87117,6.829436,9.573765,9.409217,1.921242,1.743104,0.362382,0.3681976
1980,2,6,56,22760.0,11186.69,10.87171,5.291406,9.322479,9.21701,1.666084,1.565571,0.2369156,0.224104
1980,2,6,57,8510.0,9843.851,10.95182,4.692989,9.194602,9.113401,1.54607,1.469108,0.202492,0.1934842
1980,2,6,58,3360.0,8916.481,10.60119,4.278902,9.095656,9.04183,1.453696,1.401128,0.1085556,0.1058598
1980,2,6,59,16170.0,10492.82,12.53556,5.015109,9.258447,9.149333,1.612455,1.505097,0.2671067,0.2640121
1980,2,6,60,169100.0,7793.681,10.29154,3.812773,8.961068,8.879225,1.338357,1.258922,0.1710152,0.1658603
1980,2,6,61,135330.0,10130.37,10.80293,4.861801,9.223292,9.1174,1.581409,1.478333,0.236956,0.2301978
1980,2,6,62,138430.0,10189.88,10.96467,4.877242,9.229151,9.125641,1.58458,1.485389,0.2350501,0.2262194
1980,2,6,63,69580.0,10587.88,11.08594,5.050387,9.267466,9.173854,1.619465,1.529789,0.2097838,0.1985056
1980,2,6,64,50140.0,10636.3,14.99043,4.873542,9.272028,9.066275,1.583821,1.399257,0.4328113,0.4055741
1980,2,6,65,7370.0,11677.84,11.14247,5.553771,9.365449,9.235468,1.714477,1.599629,0.2779383,0.2437206
1980,2,6,66,108240.0,9834.366,11.30118,4.766889,9.193638,9.067967,1.561694,1.439456,0.2930321,0.2875662
1980,3,6,0,235360.0,,10.95955,,,,,,,
1980,3,6,1,51890.0,21296.69,14.5477,9.448223,9.966307,9.830942,2.245827,2.105577,0.319195,0.3359056
1980,3,6,2,24290.0,19264.12,14.61013,8.928058,9.865999,9.756944,2.189199,2.081876,0.2838451,0.288872
1980,3,6,3,590.0,27696.67,15.28814,12.164,10.22907,10.05792,2.498481,2.361458,0.3235001,0.2659784
1980,3,6,4,7150.0,23554.66,15.10769,11.04117,10.06708,9.979724,2.401631,2.311394,0.2438678,0.2520591
1980,3,6,5,3040.0,23451.29,15.26316,11.12081,10.06268,10.00615,2.408818,2.3527,0.1413951,0.1395213
1980,3,6,6,1770.0,22758.67,16.39548,10.55623,10.0327,9.901548,2.356716,2.231207,0.3663462,0.3497171
1980,3,6,7,3370.0,47751.68,18.40356,18.8848,10.77377,10.54468,2.938358,2.679494,0.5676146,0.6086379
1980,3,6,8,2210.0,17811.32,15.19457,8.086987,9.78759,9.632992,2.090256,1.944928,0.4476743,0.4434195
1980,3,6,9,1210.0,15509.07,14.34711,7.152998,9.64918,9.558911,1.967532,1.874428,0.2200828,0.227273
1980,3,6,10,3610.0,22882.18,18.60942,10.153,10.03811,9.923027,2.31777,2.201455,0.2784412,0.277535
1980,3,6,11,18470.0,17685.46,17.33405,8.394141,9.780499,9.686552,2.127534,2.022682,0.2565092,0.2786204
1980,3,6,12,500.0,15552.11,16.0,7.331889,9.651951,9.61552,1.992233,1.954104,0.0707722,0.0769714
1980,3,6,13,1310.0,22630.83,17.12977,10.59147,10.02707,9.918728,2.360049,2.241254,0.2255918,0.2444922
1980,3,6,14,8180.0,15441.17,15.75061,7.156587,9.644793,9.526844,1.968033,1.831875,0.3095041,0.3615323
1980,3,6,15,1980.0,29059.95,18.07071,12.19159,10.27712,10.09172,2.500746,2.315735,0.4686473,0.4970562
1980,3,6,16,5070.0,19047.17,14.31558,8.773493,9.854674,9.595603,2.171735,1.908876,0.6200102,0.6335371
1980,3,6,17,4200.0,15436.57,13.61429,7.27535,9.644495,9.520249,1.984492,1.861865,0.3270122,0.3160664
1980,3,6,18,6480.0,17973.02,13.56481,8.411026,9.796627,9.693893,2.129544,2.029913,0.2719443,0.263561
1980,3,6,19,1410.0,18657.79,13.00709,8.709638,9.834019,9.687535,2.16443,2.023463,0.4439762,0.4278229
1980,3,6,20,5400.0,20692.15,14.12593,9.738017,9.93751,9.841732,2.276037,2.179692,0.2246054,0.2257437
1980,3,6,21,32700.0,16809.82,13.21284,7.492898,9.729718,9.556562,2.013956,1.834174,0.4114833,0.4374091
1980,3,6,22,1100.0,16544.89,13.07273,7.732066,9.713833,9.503071,2.045376,1.873621,0.3768373,0.3157013
1980,3,6,23,1880.0,16757.3,13.57447,7.889768,9.726589,9.607761,2.065567,1.953296,0.2911898,0.2785954
1980,3,6,24,3530.0,14078.42,12.60623,6.788471,9.552399,9.428753,1.915226,1.79357,0.2750135,0.2711417
1980,3,6,25,2800.0,15349.21,13.37857,7.364733,9.63882,9.477162,1.996703,1.845989,0.4002064,0.3825099
1980,3,6,26,320.0,13296.43,11.5,6.469082,9.495251,9.464857,1.867034,1.832227,0.0607802,0.0699639
1980,3,6,27,4330.0,18891.68,13.27021,8.888268,9.846478,9.731695,2.184732,2.072284,0.3061163,0.3079831
1980,3,6,28,15400.0,18054.71,12.58571,8.508834,9.801162,9.720985,2.141105,2.059358,0.2275104,0.2289856
1980,3,6,29,24920.0,15031.67,11.91894,7.087575,9.617915,9.504813,1.958343,1.848835,0.288226,0.2805602
1980,3,6,30,2140.0,17924.57,14.33645,8.333491,9.793928,9.715817,2.120282,2.043108,0.1513087,0.1541968
1980,3,6,31,8340.0,15335.09,13.39808,7.274314,9.637898,9.517412,1.984349,1.862626,0.2809251,0.2816775
1980,3,6,32,6110.0,10153.19,10.96563,4.93374,9.225543,9.095867,1.596097,1.463406,0.3235282,0.3276816
1980,3,6,33,2400.0,18024.87,12.725,7.469101,9.799507,9.717227,2.010775,1.910026,0.2275967,0.2650566
1980,3,6,34,14590.0,18321.7,13.4037,8.482198,9.815842,9.724715,2.137969,2.043476,0.2431802,0.2522255
1980,3,6,35,12600.0,13942.69,12.34127,6.460113,9.54271,9.406409,1.865647,1.731381,0.3360823,0.3325385
1980,3,6,36,16230.0,11013.04,11.04621,5.076209,9.306835,9.113214,1.624565,1.433715,0.4771189,0.4829324
1980,3,6,37,7830.0,12188.59,11.88506,5.742988,9.408256,9.276137,1.74798,1.627536,0.2563284,0.2462151
1980,3,6,38,41200.0,11425.98,10.88155,5.306938,9.343645,9.184235,1.669015,1.511092,0.3906208,0.3907592
1980,3,6,39,7010.0,12468.09,12.43937,5.675695,9.430928,9.229762,1.736193,1.534486,0.5046102,0.5020579
1980,3,6,40,2900.0,9754.659,9.455173,4.145286,9.1855,8.720569,1.421972,0.9675138,0.9179347,0.9493789
1980,3,6,41,11400.0,7670.028,8.764913,3.36296,8.945076,8.718446,1.212821,0.9869321,0.4829687,0.5005977
1980,3,6,42,5440.0,11107.32,10.31985,5.181512,9.31536,9.18373,1.645097,1.507395,0.3058335,0.3125331
1980,3,6,43,3790.0,10631.34,9.21372,4.938693,9.271562,8.86981,1.597101,1.208412,0.7510303,0.740191
1980,3,6,44,30590.0,15229.45,11.07551,7.027431,9.630986,9.4876,1.949821,1.798752,0.3637539,0.3854969
1980,3,6,45,8610.0,17821.65,12.50871,8.429829,9.78817,9.651431,2.131776,1.990245,0.4130665,0.4375651
1980,3,6,46,11260.0,15970.52,11.38899,7.495098,9.6785,9.519199,2.014249,1.855578,0.4001339,0.4025244
1980,3,6,47,70940.0,14658.54,10.82859,6.922548,9.592778,9.42423,1.934784,1.765331,0.4056517,0.4178975
1980,3,6,48,1600.0,16745.08,11.0875,7.547253,9.72586,9.618245,2.021184,1.919529,0.2626075,0.2526637
1980,3,6,49,28390.0,18821.1,12.14371,8.681244,9.842734,9.712934,2.161165,2.028479,0.3589388,0.3676001
1980,3,6,50,11040.0,16560.52,11.67754,7.754051,9.714777,9.607076,2.048215,1.94204,0.2842656,0.2802917
1980,3,6,51,1090.0,13223.11,10.55046,6.235585,9.489721,9.333904,1.830272,1.66851,0.2559569,0.2631142
1980,3,6,52,2130.0,10801.5,11.3615,5.080012,9.28744,9.134925,1.625314,1.470168,0.4073966,0.4062116
1980,3,6,53,2790.0,14881.86,11.40502,7.060772,9.607899,9.502172,1.954554,1.849187,0.246371,0.2445423
1980,3,6,54,5590.0,14134.83,10.81574,6.667552,9.556397,9.386152,1.897253,1.718952,0.4892317,0.5123987
1980,3,6,55,3860.0,18321.14,12.09845,8.428895,9.815811,9.722212,2.131666,2.038508,0.2177992,0.2155837
1980,3,6,56,9740.0,15813.94,11.22587,7.384957,9.668647,9.560137,1.999445,1.890899,0.2923727,0.2923123
1980,3,6,57,3320.0,14707.32,11.07229,6.828022,9.596101,9.4486,1.921035,1.776975,0.3867027,0.4028921
1980,3,6,58,2750.0,10056.81,9.381818,4.721484,9.216005,9.03107,1.552123,1.360699,0.4087511,0.4240275
1980,3,6,59,4220.0,15694.87,11.75829,7.570303,9.661089,9.548521,2.024233,1.906484,0.2610888,0.2770676
1980,3,6,60,8380.0,10405.72,10.3747,4.879226,9.250111,9.120031,1.584987,1.450301,0.3177671,0.3371417
1980,3,6,61,61950.0,14908.86,10.97078,7.022284,9.609711,9.470484,1.949088,1.809581,0.3667104,0.3706335
1980,3,6,62,36920.0,15293.85,11.19718,7.239434,9.635206,9.501918,1.979543,1.846722,0.3656174,0.3646551
1980,3,6,63,9280.0,16786.79,11.91595,7.864864,9.728348,9.604115,2.062405,1.940424,0.338179,0.3357285
1980,3,6,64,99820.0,15054.41,10.99058,6.871346,9.619426,9.450233,1.92736,1.758816,0.4221806,0.4248185
1980,3,6,65,17750.0,16597.62,10.90817,7.66146,9.717014,9.561101,2.036203,1.883283,0.4289737,0.4197152
1980,3,6,66,56250.0,13190.27,10.70507,6.212902,9.487234,9.318729,1.826628,1.658798,0.4251897,0.4242054
1980,4,6,0,559820.0,,11.55232,,,,,,,
1980,4,6,1,32420.0,15514.58,14.04627,7.38918,9.649535,9.512952,2.000017,1.859419,0.3176325,0.3301579
1980,4,6,2,27560.0,14484.35,13.52903,7.02949,9.580824,9.481042,1.950114,1.851126,0.2474671,0.2450936
1980,4,6,3,50.0,16245.0,18.8,7.877452,9.69554,9.500113,2.064004,1.8796,0.4276625,0.4020816
1980,4,6,4,780.0,18321.8,13.76923,8.746983,9.815847,9.72049,2.168709,2.078019,0.1646461,0.1551944
1980,4,6,5,1340.0,18604.38,14.46269,8.949244,9.831152,9.687442,2.191569,2.035717,0.4187185,0.4789247
1980,4,6,6,840.0,15607.94,15.80952,7.693953,9.655535,9.552176,2.040435,1.941866,0.2486831,0.2389787
1980,4,6,7,800.0,27319.19,16.775,12.07492,10.21534,9.99353,2.491131,2.266279,0.4812438,0.4856518
1980,4,6,8,27270.0,14745.02,14.51632,7.121082,9.59866,9.494449,1.96306,1.857488,0.2703454,0.27589
1980,4,6,9,2510.0,11936.05,13.76892,5.780982,9.387319,9.301709,1.754574,1.670917,0.2232224,0.2186105
1980,4,6,10,3470.0,16932.02,18.5245,7.98964,9.736962,9.593894,2.078146,1.946166,0.380668,0.3564186
1980,4,6,11,67750.0,13880.36,17.00989,6.885683,9.53823,9.422303,1.929444,1.807185,0.2937689,0.3032818
1980,4,6,12,2170.0,14408.4,16.59908,6.928861,9.575567,9.52111,1.935695,1.881753,0.1173205,0.1135404
1980,4,6,13,1250.0,15382.69,15.024,7.224877,9.640998,9.524185,1.97753,1.868552,0.2717855,0.2580429
1980,4,6,14,13600.0,13014.9,14.70735,6.424813,9.47385,9.363391,1.860168,1.74786,0.303318,0.3087604
1980,4,6,15,670.0,18392.78,17.28358,8.565437,9.819714,9.687678,2.147735,1.990295,0.2987176,0.3887856
1980,4,6,16,2530.0,14394.61,14.34783,7.004813,9.574609,9.362485,1.946597,1.727568,0.5159711,0.5258605
1980,4,6,17,29670.0,11422.67,12.99966,5.502867,9.343355,9.233517,1.705269,1.594759,0.302679,0.3048083
1980,4,6,18,2190.0,12547.5,12.87671,6.03659,9.437277,9.325366,1.797839,1.685147,0.334018,0.3350714
1980,4,6,19,980.0,13624.0,12.93878,6.528839,9.519588,9.447558,1.876229,1.7971,0.1514522,0.1704641
1980,4,6,20,4750.0,15333.99,14.08,7.40975,9.637827,9.51918,2.002797,1.883683,0.3165031,0.3205941
1980,4,6,21,36320.0,10251.32,12.94053,4.98245,9.235162,9.062783,1.605922,1.444406,0.3636239,0.3461039
1980,4,6,22,46250.0,11402.09,12.95351,5.597781,9.341552,9.263758,1.72237,1.64405,0.1802126,0.1821181
1980,4,6,23,9110.0,11134.34,12.97475,5.422054,9.317789,9.198226,1.690475,1.574357,0.3063593,0.29874
1980,4,6,24,11890.0,11629.15,12.70479,5.687313,9.361271,9.260632,1.738238,1.638192,0.2373423,0.2421432
1980,4,6,25,18680.0,11475.86,12.83512,5.651475,9.348001,9.273333,1.731917,1.655904,0.1640621,0.1698889
1980,4,6,26,660.0,9840.2,12.06061,4.759545,9.194231,9.06858,1.560152,1.44209,0.4147978,0.40253
1980,4,6,27,12210.0,12686.9,12.5864,6.22612,9.448325,9.351825,1.828753,1.729619,0.2531548,0.2579788
1980,4,6,28,10970.0,16929.58,12.28077,8.055763,9.736817,9.656061,2.086388,2.007463,0.2279517,0.2231737
1980,4,6,29,12410.0,12079.15,12.1112,5.846,9.399236,9.269152,1.765758,1.635306,0.3010188,0.3047302
1980,4,6,30,6950.0,12917.71,13.10504,6.32174,9.466354,9.406855,1.843994,1.784503,0.125264,0.1258201
1980,4,6,31,54390.0,10925.43,12.89538,5.398979,9.298849,9.199635,1.68621,1.586984,0.2376437,0.2358442
1980,4,6,32,44200.0,6338.544,11.46697,3.130682,8.754404,8.601062,1.141251,0.9927787,0.3700606,0.3619738
1980,4,6,33,70.0,10125.0,13.42857,4.596628,9.222763,9.190596,1.525323,1.479778,0.0702112,0.1004179
1980,4,6,34,2330.0,15176.73,12.85837,7.101474,9.627519,9.517632,1.960302,1.85434,0.2829372,0.2721529
1980,4,6,35,2760.0,11063.85,13.36232,5.337939,9.311438,9.20821,1.67484,1.572214,0.2329059,0.2313229
1980,4,6,36,46500.0,7667.449,11.50237,3.744429,8.944739,8.791467,1.320269,1.169418,0.3199813,0.3133523
1980,4,6,37,71900.0,9154.314,11.73992,4.433171,9.121981,8.993831,1.489115,1.360092,0.2872548,0.2902962
1980,4,6,38,22110.0,8438.241,11.41022,4.066963,9.040529,8.891519,1.402897,1.258814,0.3091846,0.3087595
1980,4,6,39,26780.0,7799.197,12.8118,3.810142,8.961776,8.796776,1.337666,1.164972,0.3789014,0.3928421
1980,4,6,40,380.0,7255.0,9.842105,3.338723,8.889446,8.646955,1.205588,0.9319631,0.6413351,0.7193997
1980,4,6,41,1970.0,6913.095,9.827411,3.328563,8.841173,8.672691,1.202541,1.017007,0.3654331,0.4107291
1980,4,6,42,580.0,8520.0,11.51724,3.800559,9.050172,8.888861,1.335148,1.219343,0.3586762,0.2816583
1980,4,6,43,270.0,5833.75,10.2963,2.895433,8.671415,8.352292,1.063135,0.7840897,0.8972234,0.7575346
1980,4,6,44,1080.0,11351.54,11.96296,5.289237,9.337109,9.163875,1.665674,1.513665,0.2806706,0.2578752
1980,4,6,45,1300.0,14546.55,12.04615,7.05924,9.58511,9.506248,1.954337,1.873131,0.1861044,0.1917273
1980,4,6,46,1170.0,10968.1,12.06838,5.19442,9.302746,9.068937,1.647585,1.421541,0.5773808,0.5648516
1980,4,6,47,2640.0,11820.67,11.28788,5.513983,9.377605,9.166169,1.707287,1.518178,0.4726622,0.4329748
1980,4,6,48,100.0,12005.0,11.6,5.771635,9.393079,9.357067,1.752955,1.716944,0.0728715,0.0728715
1980,4,6,49,7600.0,12608.86,12.15263,6.004575,9.442155,9.282196,1.792522,1.633791,0.4111378,0.4092935
1980,4,6,50,1240.0,11254.58,11.45161,5.377239,9.32853,9.174146,1.682175,1.525706,0.4249923,0.4287519
1980,4,6,51,360.0,7790.385,10.88889,3.71497,8.960646,8.928524,1.312371,1.282357,0.0657419,0.0607782
1980,4,6,52,2500.0,7234.286,11.528,3.42909,8.886587,8.733549,1.232295,1.084785,0.3977508,0.4308397
1980,4,6,53,1440.0,9769.7,11.54167,4.777096,9.187041,9.084647,1.563833,1.468904,0.2241634,0.2051812
1980,4,6,54,2390.0,8539.706,10.78661,4.180933,9.052482,8.935597,1.430534,1.319647,0.2411898,0.2250792
1980,4,6,55,250.0,9729.091,11.92,4.393923,9.182876,9.013543,1.480222,1.327895,0.3492419,0.3062031
1980,4,6,56,3620.0,10744.79,11.22652,5.17842,9.282176,9.173395,1.6445,1.537922,0.2418499,0.2359026
1980,4,6,57,1570.0,10684.47,11.04459,5.221134,9.276546,9.103274,1.652715,1.476463,0.281392,0.2805737
1980,4,6,58,580.0,7613.864,10.37931,3.722965,8.937726,8.858762,1.31452,1.237357,0.1743906,0.1693751
1980,4,6,59,1700.0,10493.41,11.37647,5.220658,9.258502,9.130967,1.652624,1.526218,0.2970543,0.2930859
1980,4,6,60,40260.0,7724.177,10.84699,3.763294,8.95211,8.836072,1.325295,1.210686,0.2615444,0.2603532
1980,4,6,61,34740.0,10359.75,10.98849,4.982694,9.245684,9.100101,1.605971,1.462386,0.3542767,0.353844
1980,4,6,62,30470.0,10894.32,11.41976,5.249875,9.295997,9.175841,1.658204,1.539032,0.295014,0.2933876
1980,4,6,63,15150.0,10833.46,11.35182,5.181353,9.290395,9.149248,1.645066,1.50855,0.3246649,0.3207622
1980,4,6,64,6820.0,10775.37,12.72141,5.172946,9.285018,9.082842,1.643442,1.445061,0.5520849,0.5561037
1980,4,6,65,1670.0,10755.62,11.06587,5.191432,9.283183,9.135215,1.64701,1.498793,0.37168,0.3740884
1980,4,6,66,24200.0,10147.55,11.13306,4.929268,9.224988,9.050627,1.595191,1.426027,0.4126098,0.4023038
1980,0,7,0,7074650.0,,11.10777,,,,,,,
1980,0,7,1,1573590.0,28000.62,14.04497,,10.23998,10.02925,,,0.4858333,
1980,0,7,2,580910.0,22038.81,13.76996,,10.00056,9.847108,,,0.3277827,
1980,0,7,3,16400.0,33639.29,16.86524,,10.42345,10.25531,,,0.3829278,
1980,0,7,4,275690.0,29369.79,15.4027,,10.28772,10.21629,,,0.1615638,
1980,0,7,5,43760.0,27053.98,15.09758,,10.20559,10.13379,,,0.1614119,
1980,0,7,6,45840.0,30334.72,16.67038,,10.32005,10.19132,,,0.290778,
1980,0,7,7,112190.0,55639.46,18.69177,,10.92665,10.77825,,,0.4048994,
1980,0,7,8,214450.0,16482.38,14.78769,,9.710048,9.598303,,,0.258718,
1980,0,7,9,15560.0,16440.73,14.94666,,9.707518,9.548944,,,0.3152063,
1980,0,7,10,105710.0,27202.08,18.36307,,10.21105,10.10543,,,0.2439407,
1980,0,7,11,554860.0,18186.8,17.25541,,9.808452,9.696436,,,0.2827139,
1980,0,7,12,32070.0,15864.84,16.58591,,9.671861,9.544207,,,0.3199478,
1980,0,7,13,27730.0,30241.72,17.10747,,10.31698,10.16247,,,0.3696036,
1980,0,7,14,129780.0,14818.0,16.18701,,9.603598,9.449214,,,0.3610367,
1980,0,7,15,74100.0,44784.1,18.53077,,10.70961,10.51432,,,0.4988301,
1980,0,7,16,131610.0,21738.53,14.22232,,9.986841,9.746246,,,0.5894926,
1980,0,7,17,108690.0,12601.25,12.82685,,9.441551,9.333036,,,0.2353283,
1980,0,7,18,132220.0,21148.8,12.85985,,9.959338,9.867922,,,0.2128635,
1980,0,7,19,23960.0,19810.22,12.81177,,9.893953,9.779075,,,0.2794162,
1980,0,7,20,96700.0,24360.84,13.86184,,10.10073,9.938042,,,0.3594451,
1980,0,7,21,1348050.0,20375.94,12.73127,,9.922111,9.63106,,,0.6319238,
1980,0,7,22,600470.0,11348.05,12.54799,,9.336802,9.252364,,,0.1792289,
1980,0,7,23,97700.0,11672.2,12.38096,,9.364964,9.225168,,,0.2754796,
1980,0,7,24,110510.0,13101.75,12.23835,,9.480501,9.360586,,,0.2574157,
1980,0,7,25,346440.0,11907.85,12.36067,,9.384953,9.276722,,,0.2232595,
1980,0,7,26,6640.0,11783.75,11.32078,,9.374477,9.283259,,,0.1697479,
1980,0,7,27,115010.0,16249.53,12.30293,,9.69582,9.548393,,,0.3192267,
1980,0,7,28,142800.0,17999.24,12.07983,,9.798084,9.729775,,,0.1935252,
1980,0,7,29,268190.0,16303.69,11.61964,,9.699147,9.581161,,,0.2731171,
1980,0,7,30,63490.0,16608.31,13.04079,,9.717659,9.591979,,,0.2701251,
1980,0,7,31,416680.0,12430.99,12.33997,,9.427948,9.300297,,,0.2647655,
1980,0,7,32,146970.0,7344.019,9.554943,,8.901642,8.714302,,,0.4077164,
1980,0,7,33,40210.0,21027.26,11.96145,,9.953575,9.885072,,,0.1702693,
1980,0,7,34,94500.0,19766.04,12.61206,,9.891721,9.796268,,,0.2427804,
1980,0,7,35,87220.0,15182.23,11.55343,,9.627881,9.474993,,,0.3501543,
1980,0,7,36,393540.0,8791.414,10.5358,,9.081531,8.885332,,,0.3856773,
1980,0,7,37,222520.0,9234.869,11.14844,,9.130742,9.005544,,,0.2547843,
1980,0,7,38,320690.0,12414.83,10.15738,,9.426647,9.279104,,,0.3377001,
1980,0,7,39,180070.0,9978.265,11.38863,,9.208164,8.953254,,,0.5432505,
1980,0,7,40,248430.0,17407.44,11.17784,,9.764653,9.354483,,,0.9795312,
1980,0,7,41,89100.0,11029.6,8.779013,,9.308338,9.054175,,,0.549401,
1980,0,7,42,44560.0,12793.43,9.935143,,9.456687,9.281528,,,0.4078146,
1980,0,7,43,22630.0,16088.86,9.680071,,9.685883,9.392817,,,0.6603795,
1980,0,7,44,343960.0,18266.88,10.71078,,9.812845,9.687812,,,0.3129751,
1980,0,7,45,131050.0,19526.65,11.75803,,9.879536,9.773031,,,0.2804898,
1980,0,7,46,137840.0,18607.96,10.93231,,9.831345,9.715692,,,0.2953954,
1980,0,7,47,757040.0,20080.25,10.75291,,9.907493,9.747426,,,0.3776896,
1980,0,7,48,21680.0,20262.76,9.912823,,9.91654,9.791944,,,0.3018412,
1980,0,7,49,452290.0,22202.02,11.82118,,10.00794,9.882177,,,0.2972915,
1980,0,7,50,151220.0,19770.07,11.082,,9.891924,9.801781,,,0.2267682,
1980,0,7,51,14200.0,13656.39,10.58451,,9.521962,9.318472,,,0.4819,
1980,0,7,52,43170.0,10657.06,10.23072,,9.273978,9.086694,,,0.4106585,
1980,0,7,53,34370.0,15329.84,10.81525,,9.637557,9.467145,,,0.3828059,
1980,0,7,54,62680.0,15671.01,10.46698,,9.659568,9.520115,,,0.350953,
1980,0,7,55,46430.0,21161.65,11.63386,,9.959946,9.870145,,,0.21072,
1980,0,7,56,110510.0,16694.09,10.23934,,9.72281,9.609247,,,0.2788683,
1980,0,7,57,31950.0,15524.83,10.06291,,9.650196,9.522891,,,0.2964924,
1980,0,7,58,19830.0,12591.73,9.360565,,9.440796,9.283655,,,0.3608056,
1980,0,7,59,64190.0,17353.15,11.4577,,9.76153,9.642587,,,0.2930939,
1980,0,7,60,239250.0,8638.127,9.58976,,9.063941,8.952829,,,0.2282299,
1980,0,7,61,451180.0,15073.34,10.15703,,9.620683,9.485641,,,0.3245224,
1980,0,7,62,326980.0,14385.35,10.27506,,9.573966,9.437576,,,0.3255801,
1980,0,7,63,177840.0,15169.28,10.91965,,9.627028,9.493913,,,0.3104699,
1980,0,7,64,558750.0,18076.85,10.31687,,9.802387,9.654036,,,0.3592828,
1980,0,7,65,171360.0,20364.49,10.36018,,9.921548,9.796495,,,0.3141189,
1980,0,7,66,357820.0,13594.16,9.986502,,9.517395,9.361746,,,0.3704279,
1980,1,7,0,1129860.0,,11.10561,,,,,,,
1980,1,7,1,1156970.0,31873.09,14.39662,13.51299,10.36952,10.20075,2.603651,2.427936,0.3903034,0.4173275
1980,1,7,2,348590.0,26564.46,14.40231,12.02706,10.18733,10.06415,2.487159,2.366806,0.2683875,0.2696245
1980,1,7,3,15360.0,34391.29,17.00651,15.01877,10.44556,10.28467,2.709301,2.550627,0.3660853,0.3621782
1980,1,7,4,265180.0,29708.18,15.47507,13.63828,10.29918,10.23114,2.61288,2.544738,0.1525352,0.1563933
1980,1,7,5,34340.0,28739.09,15.40652,13.412,10.26601,10.20942,2.59615,2.540116,0.121505,0.1227188
1980,1,7,6,39300.0,31977.04,16.88244,14.45991,10.37277,10.26124,2.67138,2.564185,0.2444536,0.2470845
1980,1,7,7,102330.0,56713.5,18.95808,22.34237,10.94577,10.80776,3.106485,2.962342,0.3788031,0.3864734
1980,1,7,8,23970.0,25914.39,16.60909,10.7021,10.16255,10.0293,2.37044,2.23509,0.3013332,0.3104037
1980,1,7,9,4130.0,23012.09,15.43826,10.03486,10.04378,9.878168,2.306065,2.155277,0.3239438,0.3112196
1980,1,7,10,75370.0,29341.7,18.79899,12.4404,10.28677,10.19501,2.520949,2.429256,0.2103334,0.213845
1980,1,7,11,171720.0,21513.07,17.91137,9.752625,9.976416,9.898883,2.277536,2.191204,0.1855958,0.2105197
1980,1,7,12,4630.0,21469.87,17.4514,10.10591,9.974406,9.881106,2.313121,2.219309,0.2325986,0.2411638
1980,1,7,13,19120.0,33591.2,17.33264,14.71889,10.42202,10.29117,2.689131,2.565018,0.314566,0.3047425
1980,1,7,14,76960.0,15521.3,17.03586,6.218108,9.649968,9.48671,1.827466,1.625295,0.3791824,0.4721467
1980,1,7,15,67810.0,46328.01,18.77304,19.50078,10.7435,10.56551,2.970454,2.789986,0.4550089,0.466113
1980,1,7,16,85410.0,24905.68,14.63997,11.21294,10.12285,9.935665,2.417069,2.224971,0.4484795,0.4718299
1980,1,7,17,12100.0,19875.87,14.07107,8.923066,9.897262,9.777493,2.18864,2.074268,0.2558303,0.2452003
1980,1,7,18,111840.0,22265.43,12.97961,10.23674,10.01079,9.931513,2.325983,2.249737,0.1844961,0.1821485
1980,1,7,19,16940.0,22044.06,13.18654,10.1916,10.0008,9.904949,2.321563,2.224689,0.2366223,0.2452252
1980,1,7,20,70700.0,27653.98,14.45403,12.71578,10.22752,10.09106,2.542844,2.402444,0.3054466,0.3121024
1980,1,7,21,795240.0,25307.39,13.3438,10.67245,10.13885,9.918879,2.367666,2.135637,0.4904329,0.5232995
1980,1,7,22,8790.0,23221.61,13.79067,10.24388,10.05284,9.852477,2.326681,2.143176,0.4565992,0.4453326
1980,1,7,23,13420.0,20583.84,13.15499,9.496194,9.932261,9.807171,2.250891,2.125524,0.3260414,0.3299285
1980,1,7,24,23520.0,19055.94,12.34524,8.823744,9.855134,9.765174,2.177446,2.088311,0.2104087,0.2132638
1980,1,7,25,34370.0,19326.8,13.3826,8.908109,9.869248,9.753882,2.186962,2.073051,0.2532457,0.2548704
1980,1,7,26,1270.0,15619.81,11.33858,7.024945,9.656296,9.566178,1.949467,1.872594,0.1872483,0.1670607
1980,1,7,27,34510.0,24458.88,13.07215,11.32143,10.10475,10.02149,2.426697,2.342078,0.2020762,0.2072333
1980,1,7,28,95400.0,18903.1,12.17904,8.775075,9.847081,9.798753,2.171915,2.123501,0.1381758,0.1403665
1980,1,7,29,166420.0,18511.98,11.71109,8.489812,9.826173,9.733874,2.138867,2.04761,0.2165269,0.2155415
1980,1,7,30,27820.0,21605.79,13.90798,9.923587,9.980717,9.888642,2.294914,2.2048,0.2052633,0.2060719
1980,1,7,31,62760.0,20017.19,13.1434,9.296555,9.904346,9.788291,2.229644,2.11458,0.2638374,0.2656553
1980,1,7,32,12850.0,11491.19,9.819455,5.41408,9.349337,9.206537,1.689003,1.54523,0.3219927,0.3304277
1980,1,7,33,38530.0,21116.71,12.00934,8.360015,9.95782,9.892753,2.12346,2.043885,0.1581421,0.1910249
1980,1,7,34,81810.0,20305.48,12.64638,9.176756,9.918646,9.830526,2.216674,2.122238,0.2228089,0.2409939
1980,1,7,35,62850.0,16001.83,11.76356,7.227745,9.680458,9.530763,1.977927,1.829809,0.3428622,0.3418661
1980,1,7,36,69590.0,12877.88,10.71792,5.433122,9.463266,9.25743,1.692514,1.493472,0.4355154,0.4343158
1980,1,7,37,12680.0,15293.26,11.99211,6.827456,9.635168,9.42352,1.920952,1.740106,0.3910696,0.3608179
1980,1,7,38,193900.0,13823.74,10.48417,6.379463,9.534142,9.410359,1.853084,1.733023,0.2815146,0.2764724
1980,1,7,39,39560.0,14693.18,11.6815,6.383834,9.595139,9.390448,1.853769,1.645909,0.4272873,0.4408732
1980,1,7,40,221590.0,18221.6,11.27912,6.26856,9.810363,9.430386,1.835547,1.420244,0.8926518,0.9622195
1980,1,7,41,54490.0,12073.96,8.487796,4.7141,9.398807,9.173702,1.550558,1.305351,0.4730358,0.5196273
1980,1,7,42,32730.0,13579.72,10.16865,6.195205,9.516333,9.356608,1.823776,1.668077,0.3723527,0.3698861
1980,1,7,43,18410.0,17191.32,10.13254,7.316592,9.75216,9.469027,1.990145,1.704236,0.6593635,0.6868512
1980,1,7,44,315240.0,18542.88,10.769,8.227962,9.827841,9.706343,2.107538,1.981155,0.3035171,0.321564
1980,1,7,45,119720.0,19825.38,11.81607,9.053686,9.894718,9.792097,2.203172,2.097338,0.2706178,0.2833293
1980,1,7,46,121680.0,19184.64,11.0378,8.669136,9.861865,9.75518,2.159769,2.052051,0.2751631,0.2827806
1980,1,7,47,685270.0,20659.85,10.92994,9.45237,9.935947,9.784942,2.246265,2.097973,0.3535205,0.3552708
1980,1,7,48,20160.0,20535.12,9.964286,8.916925,9.929892,9.806984,2.187951,2.063145,0.3004666,0.3138386
1980,1,7,49,375490.0,23747.8,11.94434,10.46456,10.07524,9.971551,2.347994,2.242473,0.2433457,0.2507439
1980,1,7,50,138320.0,20249.06,11.1485,9.107518,9.915863,9.832884,2.2091,2.129091,0.2089316,0.2049621
1980,1,7,51,10580.0,15167.33,10.82231,6.751782,9.626899,9.437557,1.909806,1.721958,0.4497693,0.4624896
1980,1,7,52,18080.0,13448.08,10.10509,5.996225,9.506592,9.342411,1.79113,1.626002,0.3651658,0.3703078
1980,1,7,53,20340.0,18107.76,10.96362,8.164475,9.804096,9.657001,2.099792,1.959144,0.3382461,0.3335479
1980,1,7,54,44850.0,17134.81,10.62832,7.64314,9.748868,9.638839,2.033808,1.911622,0.2825175,0.3228159
1980,1,7,55,42060.0,21621.54,11.75654,9.896363,9.981445,9.899334,2.292167,2.209581,0.1905165,0.1950925
1980,1,7,56,78970.0,18157.89,10.27707,8.257943,9.80686,9.712956,2.111176,2.022053,0.2366084,0.2278724
1980,1,7,57,19660.0,17874.34,10.09156,8.129334,9.791121,9.692184,2.095479,2.002489,0.2428206,0.2320539
1980,1,7,58,14140.0,13570.95,9.509193,6.190963,9.515687,9.354622,1.823091,1.669737,0.3787584,0.3688624
1980,1,7,59,47810.0,19015.68,11.51642,9.140335,9.85302,9.755808,2.212697,2.109395,0.2501334,0.2697106
1980,1,7,60,31560.0,12532.42,9.646388,5.66313,9.436074,9.319406,1.733977,1.618237,0.2746181,0.2772214
1980,1,7,61,261330.0,17490.86,10.2713,8.038381,9.769434,9.665618,2.084228,1.982393,0.2625176,0.2594476
1980,1,7,62,163810.0,17447.24,10.236,8.024509,9.766937,9.658747,2.0825,1.977146,0.2787724,0.2759426
1980,1,7,63,83640.0,19289.56,11.43376,8.879622,9.867319,9.79207,2.183759,2.110484,0.1879139,0.1849339
1980,1,7,64,445990.0,18932.07,10.42086,8.033048,9.848613,9.713361,2.083564,1.949915,0.3283055,0.3310551
1980,1,7,65,147720.0,21196.98,10.44991,9.328207,9.961614,9.8514,2.233043,2.125095,0.2720364,0.2738135
1980,1,7,66,188900.0,15846.9,10.10874,7.269186,9.670729,9.538513,1.983644,1.847739,0.3312724,0.3459069
1980,2,7,0,5095690.0,,12.34079,,,,,,,
1980,2,7,1,355670.0,15103.83,13.49301,6.970886,9.622704,9.451831,1.941742,1.769102,0.3823221,0.401205
1980,2,7,2,199970.0,14280.25,13.12707,6.85472,9.566633,9.470941,1.924937,1.832621,0.211134,0.2064382
1980,2,7,3,560.0,19339.0,17.75,9.076437,9.869879,9.690563,2.205682,2.00059,0.3510079,0.4278523
1980,2,7,4,6020.0,18347.15,13.57807,8.667668,9.817229,9.733168,2.1596,2.077094,0.1970329,0.1939059
1980,2,7,5,7400.0,20134.27,14.10811,9.640891,9.910178,9.826445,2.266014,2.183756,0.1887878,0.1865464
1980,2,7,6,4900.0,18863.14,16.15918,9.052361,9.844965,9.680625,2.203026,2.039844,0.3753744,0.3759885
1980,2,7,7,6680.0,38120.46,18.78144,15.54934,10.54851,10.30653,2.744018,2.537273,0.5855449,0.4966958
1980,2,7,8,169410.0,15057.15,16.35771,7.262002,9.619608,9.539743,1.982656,1.906477,0.2033224,0.1977688
1980,2,7,9,9480.0,13139.69,16.53798,6.321917,9.483393,9.380713,1.844023,1.749333,0.23014,0.2095202
1980,2,7,10,25490.0,19301.46,19.34092,8.715963,9.867936,9.767059,2.165156,2.067299,0.2465855,0.2394193
1980,2,7,11,318320.0,15383.57,18.00716,7.43939,9.641055,9.532207,2.006789,1.887831,0.2797835,0.3000618
1980,2,7,12,25460.0,14366.16,17.65122,7.131356,9.572631,9.459233,1.964501,1.853945,0.287519,0.2746719
1980,2,7,13,7530.0,20776.71,18.38513,9.96227,9.941588,9.795647,2.298805,2.159691,0.3463672,0.335979
1980,2,7,14,37030.0,13186.16,16.23981,6.361676,9.486922,9.366243,1.850292,1.723717,0.2897963,0.3084708
1980,2,7,15,4530.0,23545.52,17.37307,10.73752,10.06669,9.779766,2.373744,2.102926,0.637183,0.6138351
1980,2,7,16,42890.0,13724.43,15.75799,6.514834,9.526933,9.267201,1.874082,1.613684,0.6258796,0.6443623
1980,2,7,17,72510.0,11412.86,13.84581,5.513234,9.342496,9.262476,1.707151,1.627275,0.1794118,0.180438
1980,2,7,18,15110.0,13884.2,12.71344,6.643705,9.538507,9.457367,1.89367,1.818355,0.1785666,0.1676637
1980,2,7,19,5670.0,13431.68,12.35979,6.454876,9.505371,9.43317,1.864836,1.794728,0.1732829,0.1630079
1980,2,7,20,21340.0,14335.3,13.85661,6.910851,9.57048,9.470171,1.933093,1.829975,0.2227792,0.2351886
1980,2,7,21,510600.0,10715.02,13.79193,5.084607,9.279402,9.06325,1.626218,1.427334,0.4305438,0.4105441
1980,2,7,22,570340.0,11131.75,13.29246,5.48601,9.317557,9.240923,1.702201,1.627528,0.16787,0.1648523
1980,2,7,23,77760.0,9847.868,13.62474,4.835796,9.19501,9.104004,1.576046,1.491123,0.1819559,0.1716846
1980,2,7,24,77610.0,11025.77,13.22793,5.40006,9.307991,9.222022,1.68641,1.60333,0.1852354,0.1789385
1980,2,7,25,302550.0,10889.4,13.18632,5.329981,9.295546,9.210238,1.673348,1.589484,0.1847077,0.1834794
1980,2,7,26,4410.0,10092.12,12.15419,4.941423,9.21951,9.147417,1.597653,1.526127,0.1273381,0.1283248
1980,2,7,27,72770.0,12102.02,12.44524,5.914971,9.401128,9.308516,1.777487,1.686059,0.2061038,0.206081
1980,2,7,28,23340.0,14237.27,12.91088,6.8738,9.563619,9.453587,1.927717,1.822163,0.28138,0.2720789
1980,2,7,29,72270.0,11499.51,12.00526,5.520398,9.35006,9.254498,1.70845,1.617481,0.2089307,0.2000709
1980,2,7,30,30920.0,11949.73,12.89263,5.847353,9.388464,9.311158,1.765989,1.688736,0.1740011,0.1742115
1980,2,7,31,317080.0,10614.04,13.14129,5.206496,9.269934,9.183837,1.649907,1.566942,0.189013,0.1824726
1980,2,7,32,64150.0,6695.096,10.91972,3.277968,8.809131,8.679494,1.187224,1.05743,0.2978213,0.3116244
1980,2,7,33,400.0,12378.08,11.95,5.899546,9.423682,9.04295,1.774875,1.374034,1.036008,1.111912
1980,2,7,34,4600.0,12636.53,12.57391,6.034153,9.444346,9.327361,1.797436,1.677315,0.287631,0.2925326
1980,2,7,35,10250.0,10954.0,14.13073,5.198005,9.301459,9.151664,1.648275,1.509062,0.3242327,0.3077308
1980,2,7,36,261790.0,7208.374,12.39291,3.511379,8.882998,8.742013,1.256009,1.121426,0.2805697,0.2775915
1980,2,7,37,143080.0,8395.402,12.06108,4.08846,9.035439,8.938628,1.408168,1.3137,0.2067269,0.2097787
1980,2,7,38,49300.0,8653.257,11.14118,4.250183,9.065691,8.951267,1.446962,1.335506,0.2622805,0.2568723
1980,2,7,39,108050.0,7706.809,13.47931,3.674211,8.94986,8.731677,1.301338,1.08323,0.4728358,0.4897699
1980,2,7,40,22810.0,9362.966,12.54537,3.600149,9.144517,8.582377,1.280975,0.6527168,1.283329,1.445861
1980,2,7,41,21360.0,8707.752,11.20037,3.76274,9.071969,8.741105,1.325148,0.9634843,0.7485684,0.8583322
1980,2,7,42,5680.0,9180.362,11.80634,4.225207,9.124822,8.887573,1.441068,1.219804,0.4787686,0.4586331
1980,2,7,43,700.0,10972.86,11.02857,5.010918,9.30318,9.222283,1.611619,1.540552,0.1676685,0.1529485
1980,2,7,44,4330.0,13529.75,11.45035,6.313366,9.512647,9.375397,1.842669,1.71301,0.3453075,0.3294768
1980,2,7,45,6170.0,15579.0,11.75041,7.365634,9.653679,9.560184,1.996825,1.899952,0.2202536,0.2295459
1980,2,7,46,6630.0,11543.47,11.04977,5.445913,9.353875,9.234228,1.694865,1.585481,0.2724163,0.2531773
1980,2,7,47,9520.0,13986.99,11.96008,6.578823,9.545882,9.302331,1.883856,1.63868,0.5312125,0.5333837
1980,2,7,48,400.0,15866.25,11.7,7.129524,9.671949,9.613457,1.964244,1.915559,0.1191273,0.0997296
1980,2,7,49,51100.0,12593.22,11.42661,5.922404,9.440914,9.324782,1.778743,1.665094,0.2566394,0.2530645
1980,2,7,50,5080.0,11705.28,10.72441,5.559192,9.367795,9.253042,1.715453,1.605488,0.2809074,0.2719101
1980,2,7,51,2400.0,7862.738,10.725,3.731613,8.969891,8.83695,1.316841,1.175073,0.404051,0.4424371
1980,2,7,52,21010.0,7780.291,11.20419,3.826589,8.959349,8.826337,1.341974,1.215664,0.3168551,0.3097321
1980,2,7,53,10660.0,10026.38,11.10507,4.874915,9.212975,9.098907,1.584103,1.470083,0.2660584,0.2703379
1980,2,7,54,11260.0,9319.604,11.33748,4.492049,9.139875,9.013837,1.502309,1.383185,0.2724067,0.2637805
1980,2,7,55,970.0,13456.93,11.36082,6.409738,9.50725,9.318752,1.857818,1.673065,0.3397979,0.343868
1980,2,7,56,20840.0,11070.48,10.39731,5.24636,9.312037,9.225767,1.657534,1.575575,0.1978686,0.1882306
1980,2,7,57,7830.0,10150.57,10.36526,4.836304,9.225286,9.135922,1.576151,1.49171,0.1931993,0.1873879
1980,2,7,58,2790.0,9459.198,9.935484,4.542546,9.154743,9.058578,1.513488,1.415571,0.2527692,0.2646676
1980,2,7,59,12900.0,10697.24,11.93643,5.2122,9.27774,9.185528,1.651002,1.557709,0.2028003,0.2036565
1980,2,7,60,171970.0,7896.199,9.84474,3.875321,8.974136,8.888177,1.354629,1.271191,0.1738245,0.169712
1980,2,7,61,122150.0,10199.19,10.28424,4.889399,9.230064,9.134716,1.587069,1.494448,0.2141876,0.2086067
1980,2,7,62,126000.0,10373.77,10.5173,4.975183,9.247036,9.154827,1.604462,1.514503,0.2115201,0.2058318
1980,2,7,63,77900.0,10675.81,10.53736,5.096823,9.275735,9.177215,1.628617,1.533576,0.2187678,0.2121537
1980,2,7,64,32010.0,10625.42,14.07623,4.894689,9.271005,9.099141,1.588151,1.434703,0.3477202,0.3358963
1980,2,7,65,6620.0,10838.92,10.42296,5.190262,9.290898,9.130812,1.646784,1.498644,0.3484407,0.3287574
1980,2,7,66,102580.0,9826.968,10.76136,4.759732,9.192885,9.081895,1.560191,1.451675,0.2481177,0.2450165
1980,3,7,0,252640.0,,9.705589,,,,,,,
1980,3,7,1,37200.0,21798.94,13.9043,9.706225,9.989616,9.808949,2.272768,2.090922,0.4474315,0.4613786
1980,3,7,2,16500.0,20061.89,13.54182,9.416228,9.906577,9.787053,2.242435,2.118927,0.3159303,0.3222701
1980,3,7,3,480.0,21243.5,16.91667,9.148034,9.963806,9.777699,2.213539,2.026177,0.4370389,0.4355047
1980,3,7,4,4200.0,23758.99,14.67619,11.17389,10.07572,9.970592,2.41358,2.309702,0.2707705,0.2727845
1980,3,7,5,1160.0,25015.09,15.53448,11.89585,10.12723,10.05175,2.476189,2.398026,0.2066216,0.2107279
1980,3,7,6,1200.0,22977.13,15.5,11.02041,10.04225,9.961403,2.399749,2.317194,0.2317198,0.2343023
1980,3,7,7,2860.0,56996.46,18.55944,22.95649,10.95074,10.80441,3.1336,2.972875,0.3620217,0.3744918
1980,3,7,8,1570.0,19646.86,14.33121,8.851107,9.885673,9.765135,2.180542,2.06378,0.2508561,0.248237
1980,3,7,9,880.0,17299.76,14.38636,7.992219,9.758448,9.656758,2.078469,1.987916,0.2661333,0.2422454
1980,3,7,10,2770.0,24914.05,17.9639,11.28691,10.12319,10.0512,2.423644,2.348858,0.1701235,0.1835439
1980,3,7,11,14150.0,18469.71,17.08551,8.701753,9.823887,9.706256,2.163524,2.036724,0.3481537,0.3747473
1980,3,7,12,200.0,13701.43,16.2,6.800311,9.525255,9.0898,1.916968,1.46821,1.178904,1.21548
1980,3,7,13,540.0,25023.65,15.77778,11.64346,10.12758,9.987601,2.454745,2.332398,0.4567815,0.4112651
1980,3,7,14,6940.0,16511.74,15.3487,7.332105,9.711827,9.530622,1.992263,1.787813,0.4378411,0.4897326
1980,3,7,15,1460.0,35705.66,17.73973,15.7605,10.48306,10.28674,2.757507,2.56311,0.4373774,0.4332206
1980,3,7,16,2210.0,22506.96,14.21719,10.4003,10.02158,9.778016,2.341835,2.090526,0.6040762,0.634608
1980,3,7,17,2980.0,16640.37,12.96644,7.64433,9.719587,9.623599,2.033964,1.948543,0.2077503,0.1858054
1980,3,7,18,3790.0,17890.22,12.30079,8.523306,9.792009,9.692402,2.142804,2.041699,0.2717118,0.2750027
1980,3,7,19,860.0,17130.0,11.4186,8.229037,9.748587,9.582627,2.107669,1.942537,0.5404957,0.5391869
1980,3,7,20,2720.0,20202.75,13.52206,9.446461,9.913574,9.801575,2.24564,2.127954,0.3013771,0.314413
1980,3,7,21,20110.0,15651.94,12.17305,6.866241,9.65835,9.441185,1.926617,1.709058,0.5084891,0.5271538
1980,3,7,22,600.0,14475.75,11.93333,7.160619,9.58023,9.444169,1.968596,1.812107,0.3415527,0.376405
1980,3,7,23,1270.0,16524.69,12.83465,8.000152,9.712611,9.603932,2.07946,1.973735,0.2810933,0.2629912
1980,3,7,24,2370.0,14754.51,12.36287,7.088941,9.599304,9.506623,1.958536,1.864319,0.2492601,0.2532721
1980,3,7,25,1760.0,15954.57,13.57955,7.756226,9.677501,9.547953,2.048496,1.921341,0.2847839,0.2792642
1980,3,7,26,400.0,15055.0,11.75,7.15372,9.619466,9.53809,1.967633,1.882,0.1670138,0.1735742
1980,3,7,27,1900.0,16981.82,12.91579,8.077053,9.739899,9.60339,2.089027,1.953127,0.3748087,0.3782364
1980,3,7,28,17670.0,17972.16,12.38031,8.416639,9.796579,9.719527,2.130211,2.056696,0.2266263,0.2184875
1980,3,7,29,20490.0,16026.92,11.26403,7.549699,9.682025,9.5652,2.021508,1.906991,0.2985494,0.2924732
1980,3,7,30,1520.0,16894.42,12.89474,7.964315,9.734738,9.606617,2.074971,1.939808,0.3594004,0.3933497
1980,3,7,31,6650.0,15480.32,12.33985,7.427092,9.647325,9.510233,2.005134,1.866962,0.3663112,0.3792036
1980,3,7,32,7880.0,10318.75,9.822335,4.948605,9.241718,9.095519,1.599106,1.451901,0.3317062,0.3319547
1980,3,7,33,1280.0,20141.7,12.21875,8.501562,9.910547,9.830974,2.14025,2.037942,0.1979321,0.239428
1980,3,7,34,7310.0,18442.67,12.88099,8.578923,9.822422,9.719954,2.149308,2.045701,0.2815157,0.2793178
1980,3,7,35,11230.0,13583.21,11.52627,6.349106,9.51659,9.389705,1.848314,1.717338,0.3094693,0.3151413
1980,3,7,36,13460.0,11704.83,10.63596,5.391926,9.367757,9.186277,1.684903,1.503155,0.4111126,0.408262
1980,3,7,37,7080.0,12376.15,11.42655,5.844989,9.423526,9.302239,1.765585,1.639275,0.2696192,0.2772979
1980,3,7,38,49780.0,11523.33,9.887505,5.420926,9.352129,9.203381,1.690267,1.540023,0.3522245,0.3602969
1980,3,7,39,6390.0,11032.24,11.00469,5.071052,9.308578,9.124149,1.623548,1.43086,0.4429958,0.4653493
1980,3,7,40,3590.0,9236.229,8.518106,4.095662,9.130889,8.750703,1.409928,1.019553,0.7919019,0.8366823
1980,3,7,41,10650.0,7890.34,7.618779,3.536229,8.973394,8.730695,1.263061,1.016987,0.511379,0.5164437
1980,3,7,42,5590.0,10671.83,9.320214,5.006151,9.275363,9.107909,1.610667,1.446682,0.4132138,0.4034298
1980,3,7,43,3350.0,9987.223,8.029851,4.589087,9.209062,8.937886,1.523681,1.244365,0.5099998,0.5289472
1980,3,7,44,23860.0,15432.89,10.26572,7.191414,9.644257,9.496067,1.972888,1.818217,0.3771298,0.3957534
1980,3,7,45,4670.0,17015.3,11.60171,7.931559,9.741868,9.575205,2.07085,1.897795,0.4624304,0.4826159
1980,3,7,46,8890.0,15668.62,10.28121,7.380726,9.659415,9.517418,1.998872,1.851158,0.3488347,0.3679054
1980,3,7,47,60740.0,13965.76,9.704313,6.613227,9.544364,9.360206,1.889072,1.704398,0.4494327,0.4509141
1980,3,7,48,1100.0,17111.0,9.054545,8.287629,9.747477,9.595034,2.114764,1.951778,0.3370913,0.3460778
1980,3,7,49,20740.0,18599.55,11.24783,8.505009,9.830893,9.690069,2.140655,1.998006,0.3722263,0.3780735
1980,3,7,50,6920.0,16188.55,10.67919,7.539341,9.69206,9.58838,2.020135,1.918242,0.255632,0.2518271
1980,3,7,51,760.0,10844.26,10.86842,5.241227,9.291391,9.169648,1.656556,1.526578,0.2402436,0.257404
1980,3,7,52,1580.0,11508.71,10.83544,5.326568,9.35086,9.216021,1.672707,1.51776,0.319204,0.369916
1980,3,7,53,2240.0,12984.5,10.25,6.163321,9.471512,9.332001,1.818616,1.676075,0.3601363,0.3610446
1980,3,7,54,4620.0,14674.39,9.593074,6.843565,9.59386,9.451114,1.923309,1.784109,0.3884849,0.3762098
1980,3,7,55,3300.0,17693.78,10.46061,8.434793,9.780968,9.681324,2.132365,2.024341,0.2300353,0.2527983
1980,3,7,56,8340.0,17051.88,9.954436,7.983712,9.744016,9.605158,2.077404,1.942189,0.3841724,0.3939658
1980,3,7,57,3110.0,15411.01,9.691319,7.336939,9.642838,9.53421,1.992922,1.880008,0.2463892,0.2538458
1980,3,7,58,2500.0,11001.11,8.568,5.248133,9.305752,9.179392,1.657872,1.532894,0.2748145,0.2706185
1980,3,7,59,2660.0,15414.96,11.60902,7.438362,9.643093,9.52247,2.006651,1.870975,0.3456829,0.3926999
1980,3,7,60,6570.0,10374.38,9.330289,4.895916,9.247094,9.156078,1.588401,1.497214,0.2164932,0.2155659
1980,3,7,61,46310.0,14960.02,9.797452,7.053407,9.613137,9.459451,1.953511,1.799585,0.409425,0.4123317
1980,3,7,62,21450.0,15396.88,10.07366,7.271725,9.64192,9.494056,1.983994,1.835775,0.4050298,0.4130991
1980,3,7,63,6860.0,16644.71,10.94752,7.796171,9.719848,9.598764,2.053633,1.931164,0.3115158,0.3318888
1980,3,7,64,76990.0,14687.0,9.889596,6.716007,9.594718,9.427587,1.904494,1.738821,0.4017937,0.4022526
1980,3,7,65,16320.0,16524.64,10.08823,7.790528,9.712607,9.557935,2.052909,1.893707,0.4302627,0.4417818
1980,3,7,66,49710.0,12922.92,9.477771,6.114216,9.466758,9.297875,1.810616,1.637047,0.4238564,0.4326389
1980,4,7,0,596460.0,,10.55709,,,,,,,
1980,4,7,1,23750.0,15604.8,13.88547,7.333417,9.655334,9.483219,1.992442,1.816399,0.4150647,0.4322236
1980,4,7,2,15850.0,14839.25,13.1735,7.229335,9.605031,9.515274,1.978147,1.88757,0.2048875,0.2083885
1980,4,7,3,0.0,,,,,,,,,
1980,4,7,4,290.0,17959.0,14.06897,8.702467,9.795847,9.684328,2.163607,2.049335,0.2292141,0.2348076
1980,4,7,5,860.0,20918.63,13.5814,10.08162,9.948395,9.817383,2.310714,2.181122,0.3336985,0.3269403
1980,4,7,6,440.0,16446.88,14.09091,8.010593,9.707891,9.618779,2.080765,1.992004,0.2110426,0.2122574
1980,4,7,7,320.0,19177.31,14.625,8.97605,9.861483,9.682091,2.19456,1.959476,0.3346469,0.4385015
1980,4,7,8,19500.0,14357.39,14.21744,6.958067,9.572021,9.445533,1.939902,1.809657,0.3317419,0.3429381
1980,4,7,9,1070.0,11305.58,13.62617,5.512232,9.333052,9.251389,1.70697,1.629869,0.1706153,0.1592824
1980,4,7,10,2080.0,18745.31,18.92308,9.251637,9.838699,9.76836,2.2248,2.152265,0.1431263,0.1501222
1980,4,7,11,50670.0,14613.43,16.92718,7.385574,9.589696,9.447282,1.999529,1.84281,0.3759956,0.4018739
1980,4,7,12,1780.0,14360.2,16.29214,7.184129,9.572216,9.430284,1.971874,1.830007,0.3971864,0.3914005
1980,4,7,13,540.0,16705.0,16.51852,8.216475,9.723463,9.650864,2.106141,2.026372,0.1557686,0.171094
1980,4,7,14,8850.0,13014.53,14.15819,6.412548,9.473822,9.34415,1.858257,1.724145,0.3466966,0.3629847
1980,4,7,15,300.0,19021.54,16.46667,7.970669,9.853327,9.723963,2.075768,1.984195,0.2427132,0.1855647
1980,4,7,16,1100.0,12359.07,13.69091,5.955665,9.422146,9.207009,1.784343,1.560096,0.5292355,0.5569663
1980,4,7,17,21100.0,11236.51,12.51185,5.460712,9.326923,9.236396,1.697579,1.603571,0.2443763,0.2553692
1980,4,7,18,1480.0,13315.45,11.59459,6.407824,9.49668,9.366402,1.85752,1.729343,0.327259,0.3312768
1980,4,7,19,490.0,11748.81,11.63265,5.677113,9.371508,9.251378,1.736443,1.609547,0.3522254,0.368297
1980,4,7,20,1940.0,13159.08,13.43299,6.391379,9.484867,9.359067,1.85495,1.729648,0.3509421,0.3501006
1980,4,7,21,22100.0,9454.007,12.39276,4.572958,9.154194,8.985403,1.52016,1.351387,0.368948,0.3687168
1980,4,7,22,20740.0,11502.51,12.89007,5.684561,9.350321,9.272469,1.737754,1.658866,0.1765447,0.1838237
1980,4,7,23,5250.0,10623.01,12.56762,5.221309,9.270778,9.169552,1.652748,1.555353,0.2302182,0.2229564
1980,4,7,24,7010.0,10373.03,12.39943,5.104208,9.246964,9.139535,1.630065,1.520544,0.283052,0.2855235
1980,4,7,25,7760.0,12111.31,12.5232,6.055727,9.401895,9.321901,1.801005,1.718045,0.1858635,0.1955446
1980,4,7,26,560.0,12038.0,11.35714,5.907695,9.395823,9.377331,1.776256,1.758351,0.0365522,0.0357993
1980,4,7,27,5830.0,12757.82,12.30875,6.39465,9.4539,9.353188,1.855462,1.748894,0.2399207,0.2556913
1980,4,7,28,6390.0,15661.4,11.77778,7.568302,9.658955,9.540246,2.023969,1.907796,0.3448451,0.3352446
1980,4,7,29,9010.0,10951.82,11.48502,5.342839,9.301261,9.158762,1.675757,1.534783,0.3631288,0.3551119
1980,4,7,30,3230.0,13342.96,12.79876,6.512158,9.498744,9.438714,1.873671,1.816916,0.149092,0.1413416
1980,4,7,31,30190.0,11157.65,12.75853,5.469503,9.319881,9.2105,1.699188,1.589719,0.2592737,0.2594805
1980,4,7,32,62090.0,6520.385,11.02947,3.242785,8.782689,8.570677,1.176433,0.9730687,0.445542,0.4272558
1980,4,7,33,0.0,,,,,,,,,
1980,4,7,34,780.0,12812.79,11.79487,6.213166,9.4582,9.371632,1.826671,1.740384,0.225822,0.22707
1980,4,7,35,2890.0,11255.26,12.85121,5.468699,9.32859,9.187249,1.699041,1.556094,0.344553,0.3495956
1980,4,7,36,48700.0,7331.036,10.62752,3.588993,8.899872,8.736615,1.277872,1.116035,0.3509381,0.3495766
1980,4,7,37,59680.0,9274.571,11.19135,4.489536,9.135032,9.017742,1.501749,1.381872,0.2654766,0.2759423
1980,4,7,38,27710.0,8593.672,10.85529,4.226211,9.058782,8.869299,1.441306,1.250506,0.406474,0.4082771
1980,4,7,39,26070.0,7530.031,12.12965,3.645113,8.926655,8.741108,1.293387,1.10272,0.4354422,0.4500487
1980,4,7,40,440.0,10609.23,10.04545,5.221495,9.26948,8.686712,1.652784,1.071757,0.7971933,0.8223156
1980,4,7,41,2600.0,7285.0,9.776923,3.483578,8.893573,8.719711,1.24806,1.057985,0.3427907,0.4202103
1980,4,7,42,560.0,7715.625,9.5,3.868946,8.951003,8.862204,1.352982,1.258966,0.2126106,0.2251824
1980,4,7,43,170.0,8031.667,10.35294,3.833998,8.991147,8.975855,1.343908,1.3275,0.0300125,0.0321839
1980,4,7,44,530.0,12641.32,11.09434,6.045124,9.444726,9.336848,1.799252,1.70263,0.2312394,0.2114416
1980,4,7,45,490.0,15582.63,12.57143,7.434246,9.653913,9.404828,2.006097,1.753802,0.6226746,0.6237251
1980,4,7,46,640.0,9509.546,11.03125,4.48724,9.160051,9.01468,1.501238,1.357995,0.3756765,0.3675563
1980,4,7,47,1510.0,10500.71,10.49007,5.101382,9.259198,9.097227,1.629511,1.466334,0.3780302,0.3844098
1980,4,7,48,20.0,,19.0,,,,,,,
1980,4,7,49,4960.0,11332.17,11.18548,5.484172,9.335401,9.200969,1.701866,1.557535,0.3038157,0.3158114
1980,4,7,50,900.0,11997.86,10.35556,5.537254,9.392484,9.275307,1.711499,1.604049,0.2623146,0.239827
1980,4,7,51,460.0,7943.0,9.043478,3.850623,8.980046,8.848934,1.348235,1.214688,0.4040137,0.4132708
1980,4,7,52,2500.0,8741.111,11.168,4.232131,9.075792,8.851232,1.442706,1.214543,0.4398952,0.4496504
1980,4,7,53,1130.0,10392.22,10.54867,5.138683,9.248813,9.132081,1.636797,1.516453,0.2865041,0.2960279
1980,4,7,54,1950.0,7492.5,10.26667,3.66952,8.921658,8.787127,1.300061,1.174459,0.3614641,0.3391037
1980,4,7,55,100.0,7092.5,10.8,3.409856,8.866794,8.513712,1.22667,0.8735886,1.128411,1.128411
1980,4,7,56,2360.0,10721.08,10.15254,5.112627,9.279967,9.159108,1.631713,1.507814,0.2884844,0.2948594
1980,4,7,57,1350.0,9081.964,9.614815,4.371907,9.114046,9.010451,1.475199,1.375858,0.2843597,0.27457
1980,4,7,58,400.0,6413.333,8.05,3.134853,8.766134,8.736141,1.142582,1.104563,0.0590413,0.078972
1980,4,7,59,820.0,11800.14,11.7561,5.72429,9.375867,9.277061,1.744719,1.644231,0.1831581,0.1884572
1980,4,7,60,29150.0,7515.669,10.10154,3.686948,8.924746,8.809497,1.304799,1.190674,0.2533704,0.2509513
1980,4,7,61,21390.0,9692.509,10.28424,4.678148,9.179109,9.057467,1.542902,1.423493,0.2808419,0.2780179
1980,4,7,62,15720.0,10304.12,10.66285,4.967569,9.240299,9.110441,1.602931,1.473829,0.3489051,0.3469212
1980,4,7,63,9440.0,10112.05,10.75847,4.816407,9.221483,9.060374,1.572028,1.427468,0.3754604,0.3491694
1980,4,7,64,3760.0,10543.14,11.94681,5.151201,9.26323,9.063256,1.63923,1.427571,0.4230091,0.4404613
1980,4,7,65,700.0,13891.61,10.6,7.157257,9.539041,9.330626,1.968127,1.709961,0.3209434,0.3601779
1980,4,7,66,16630.0,9164.114,10.21287,4.479164,9.123051,8.956533,1.499436,1.333537,0.3823896,0.3837855
1970,0,0,0,24600000.0,,11.21911,,,,,,,
1970,0,0,1,4425250.0,13091.15,13.39652,,9.479692,9.280553,,,0.4298625,
1970,0,0,2,831700.0,11171.59,13.92515,,9.321129,9.201867,,,0.2468611,
1970,0,0,3,41150.0,16037.7,17.00243,,9.682697,9.547251,,,0.3014472,
1970,0,0,4,891900.0,14082.59,15.44848,,9.552695,9.474591,,,0.1793813,
1970,0,0,5,156400.0,12428.55,14.76535,,9.427752,9.348525,,,0.1792658,
1970,0,0,6,178750.0,12168.19,16.1572,,9.40658,9.300759,,,0.239705,
1970,0,0,7,289500.0,25424.53,18.58618,,10.14347,9.897413,,,0.5999177,
1970,0,0,8,526400.0,8252.243,14.14162,,9.01824,8.89241,,,0.271563,
1970,0,0,9,43250.0,8770.963,15.40809,,9.079202,8.939408,,,0.2792847,
1970,0,0,10,272350.0,13522.62,18.39416,,9.512119,9.374093,,,0.3253022,
1970,0,0,11,1539250.0,8930.479,16.86006,,9.097225,8.992606,,,0.2590746,
1970,0,0,12,63700.0,8186.429,16.52198,,9.010233,8.923252,,,0.197943,
1970,0,0,13,85650.0,14389.96,16.91594,,9.574286,9.433009,,,0.3161692,
1970,0,0,14,315800.0,7850.694,16.25269,,8.968357,8.833815,,,0.3093793,
1970,0,0,15,189900.0,20983.7,18.69326,,9.951501,9.746758,,,0.5062888,
1970,0,0,16,401400.0,11146.88,13.97882,,9.318914,9.145393,,,0.3872223,
1970,0,0,17,250400.0,6650.53,12.75,,8.802452,8.668226,,,0.2875288,
1970,0,0,18,471250.0,9724.318,12.85995,,9.182385,9.111469,,,0.1566695,
1970,0,0,19,59950.0,9085.902,13.43203,,9.114479,9.035821,,,0.1665406,
1970,0,0,20,209850.0,11705.85,13.7665,,9.367844,9.264712,,,0.2219144,
1970,0,0,21,3301450.0,9931.164,12.41112,,9.203433,8.971395,,,0.4951751,
1970,0,0,22,1894850.0,5928.597,12.39837,,8.687543,8.612356,,,0.1587792,
1970,0,0,23,226050.0,6441.639,12.38509,,8.770538,8.661005,,,0.235445,
1970,0,0,24,379300.0,9336.2,13.41708,,9.141655,8.987411,,,0.3302175,
1970,0,0,25,1039900.0,6356.941,12.23507,,8.757302,8.655778,,,0.2071325,
1970,0,0,26,68100.0,6561.587,11.35756,,8.788988,8.682907,,,0.2121299,
1970,0,0,27,260600.0,6614.448,11.92671,,8.797011,8.714317,,,0.1652259,
1970,0,0,28,383800.0,8040.243,11.96613,,8.992214,8.951627,,,0.1016339,
1970,0,0,29,676850.0,7624.434,11.36337,,8.939114,8.862567,,,0.1691014,
1970,0,0,30,260600.0,9474.752,13.31312,,9.156385,9.044548,,,0.2216522,
1970,0,0,31,1493350.0,6480.664,12.04537,,8.776578,8.664047,,,0.2404304,
1970,0,0,32,546650.0,3451.785,9.386627,,8.146646,7.891374,,,0.5498561,
1970,0,0,33,145500.0,9813.305,11.6378,,9.191494,9.12728,,,0.1458086,
1970,0,0,34,307050.0,9280.116,12.1814,,9.13563,9.074229,,,0.1402502,
1970,0,0,35,156600.0,7612.875,11.05524,,8.937596,8.847551,,,0.2077792,
1970,0,0,36,1104400.0,4573.737,10.27861,,8.428086,8.228683,,,0.426406,
1970,0,0,37,445450.0,4388.574,10.87518,,8.38676,8.283103,,,0.2291032,
1970,0,0,38,526200.0,6177.719,9.785348,,8.728704,8.615224,,,0.2626943,
1970,0,0,39,950600.0,5426.034,10.32169,,8.598964,8.350403,,,0.5897756,
1970,0,0,40,761900.0,7881.424,10.75082,,8.972264,8.628955,,,0.7484114,
1970,0,0,41,361600.0,4482.207,8.404452,,8.40787,8.174222,,,0.4906158,
1970,0,0,42,128800.0,6486.972,9.738354,,8.777551,8.633682,,,0.3316576,
1970,0,0,43,65900.0,6330.562,8.996965,,8.753144,8.542762,,,0.4449748,
1970,0,0,44,1145600.0,8372.594,10.48141,,9.032719,8.944485,,,0.2016811,
1970,0,0,45,473800.0,9099.343,11.62252,,9.115957,9.037725,,,0.1836093,
1970,0,0,46,727750.0,8728.155,10.53136,,9.074309,8.970922,,,0.2428257,
1970,0,0,47,2093350.0,8904.022,10.33458,,9.094258,8.980035,,,0.265169,
1970,0,0,48,103000.0,8063.118,9.814563,,8.995055,8.921156,,,0.1733886,
1970,0,0,49,1165700.0,10295.21,11.54718,,9.239434,9.150981,,,0.2014194,
1970,0,0,50,525350.0,9487.744,11.04626,,9.157756,9.091756,,,0.153024,
1970,0,0,51,49350.0,7452.567,10.17021,,8.916314,8.810309,,,0.2375032,
1970,0,0,52,135000.0,6425.387,10.06556,,8.768012,8.614171,,,0.3358448,
1970,0,0,53,54600.0,8239.121,11.26099,,9.016649,8.885553,,,0.2584905,
1970,0,0,54,230550.0,7691.85,10.39493,,8.947917,8.848705,,,0.2384755,
1970,0,0,55,117000.0,9451.266,11.18803,,9.153904,9.082826,,,0.1802918,
1970,0,0,56,523200.0,7970.875,10.26281,,8.98355,8.906907,,,0.1782565,
1970,0,0,57,71200.0,7903.281,9.844101,,8.975034,8.893493,,,0.1979507,
1970,0,0,58,52400.0,6170.347,9.169847,,8.72751,8.600931,,,0.2779249,
1970,0,0,59,222550.0,9345.067,11.44844,,9.142604,9.052259,,,0.2086891,
1970,0,0,60,995200.0,4629.432,9.658159,,8.440189,8.336452,,,0.2135162,
1970,0,0,61,2560700.0,6992.527,10.0652,,8.852597,8.746861,,,0.2407709,
1970,0,0,62,947100.0,7181.69,10.34822,,8.87929,8.788996,,,0.2050798,
1970,0,0,63,568300.0,7220.199,10.89812,,8.884638,8.786708,,,0.2218033,
1970,0,0,64,1630450.0,8042.058,10.14245,,8.99244,8.885282,,,0.2429356,
1970,0,0,65,528350.0,8862.89,10.14876,,9.089628,8.995488,,,0.2133766,
1970,0,0,66,1193850.0,6588.521,9.872346,,8.793084,8.679791,,,0.2643361,
1970,1,0,0,2881750.0,,12.20644,,,,,,,
1970,1,0,1,3603200.0,14092.88,13.62414,5.998928,9.553425,9.378924,1.791581,1.603458,0.3655487,0.4008315
1970,1,0,2,635900.0,12180.43,14.38088,5.471632,9.407586,9.305851,1.699577,1.597799,0.2049949,0.2132204
1970,1,0,3,39100.0,16129.01,17.23529,7.131053,9.688375,9.556955,1.964459,1.834014,0.29143,0.3040032
1970,1,0,4,871900.0,14143.91,15.57667,6.619992,9.557039,9.480356,1.890094,1.810658,0.1752289,0.1844015
1970,1,0,5,132350.0,12955.55,15.15527,6.133731,9.469279,9.399283,1.813803,1.739055,0.1577229,0.1696108
1970,1,0,6,159650.0,12421.64,16.29753,5.855098,9.427196,9.321756,1.767313,1.651657,0.2400313,0.2652368
1970,1,0,7,265150.0,26168.85,18.83274,10.24855,10.17233,9.937483,2.327136,2.086462,0.5758067,0.5936142
1970,1,0,8,72250.0,13322.35,16.45536,5.31259,9.497199,9.365446,1.670079,1.545989,0.3144417,0.2973967
1970,1,0,9,16350.0,10814.03,16.4159,4.914917,9.288599,9.150393,1.592275,1.465205,0.2583562,0.2335416
1970,1,0,10,203950.0,14318.05,19.70679,6.134331,9.569276,9.442374,1.813901,1.683513,0.2954289,0.3069395
1970,1,0,11,533900.0,10211.92,17.92564,4.657425,9.231311,9.151222,1.538463,1.447847,0.190881,0.2129264
1970,1,0,12,11650.0,10330.98,17.98283,4.815311,9.242903,9.168351,1.571801,1.493497,0.1556388,0.1673672
1970,1,0,13,68250.0,15267.84,17.17802,6.937906,9.633504,9.504304,1.937,1.80874,0.2787092,0.2788374
1970,1,0,14,202150.0,8069.909,16.92011,3.256453,8.995897,8.858519,1.180638,1.015072,0.3003135,0.3641487
1970,1,0,15,178250.0,21394.01,18.91725,8.943822,9.970866,9.773956,2.190963,1.995518,0.4825644,0.4816779
1970,1,0,16,291350.0,12148.21,14.4359,5.509061,9.404938,9.253674,1.706394,1.55038,0.3322029,0.3454888
1970,1,0,17,44600.0,10122.91,14.43049,4.414816,9.222556,9.08946,1.484966,1.360121,0.2865438,0.2764132
1970,1,0,18,421600.0,10000.01,12.98601,4.687232,9.210341,9.145336,1.544842,1.475087,0.1441836,0.1549905
1970,1,0,19,47450.0,9615.581,13.82297,4.423024,9.17114,9.102365,1.486824,1.407732,0.1391912,0.1630916
1970,1,0,20,176100.0,12209.8,14.35207,5.748404,9.409994,9.310729,1.748922,1.6392,0.2103345,0.2285241
1970,1,0,21,2052200.0,11937.97,13.16465,5.175608,9.387479,9.23013,1.643957,1.47735,0.3214594,0.3424502
1970,1,0,22,62050.0,10722.88,13.24738,4.949365,9.280134,9.115816,1.599259,1.440514,0.3150992,0.3081827
1970,1,0,23,52550.0,8993.229,12.97621,4.142573,9.104227,9.038278,1.421317,1.353716,0.1470404,0.1528652
1970,1,0,24,168950.0,12197.67,14.61675,5.567147,9.409,9.303538,1.716883,1.609426,0.2404018,0.2514268
1970,1,0,25,188800.0,9300.838,13.03814,4.246556,9.137859,9.045838,1.446108,1.349447,0.1933413,0.2064243
1970,1,0,26,27050.0,8108.163,11.70795,3.830325,9.000627,8.923206,1.34295,1.260153,0.1679441,0.1778923
1970,1,0,27,61400.0,9199.65,12.50163,4.252412,9.126921,9.076172,1.447486,1.395396,0.0993224,0.1019167
1970,1,0,28,273100.0,8332.344,12.18711,3.865111,9.0279,8.997994,1.35199,1.321589,0.0694262,0.0718083
1970,1,0,29,490700.0,8210.713,11.52945,3.789678,9.013195,8.949573,1.332281,1.26627,0.1409712,0.1469146
1970,1,0,30,181400.0,10772.21,13.83131,4.927247,9.284725,9.198015,1.59478,1.508984,0.1652463,0.1694976
1970,1,0,31,359100.0,9160.013,12.64328,4.347842,9.122602,9.036446,1.46968,1.378779,0.1825716,0.1934362
1970,1,0,32,52250.0,6621.891,9.672728,3.027819,8.798136,8.671735,1.107843,0.9811267,0.2973683,0.2980236
1970,1,0,33,141400.0,9826.543,11.66761,3.731747,9.192842,9.128477,1.316876,1.242263,0.1463011,0.167448
1970,1,0,34,282650.0,9402.032,12.21086,4.173226,9.148681,9.09199,1.428689,1.363063,0.1255608,0.1488423
1970,1,0,35,124600.0,7810.517,11.22632,3.516584,8.963226,8.87876,1.25749,1.170106,0.1947477,0.2003468
1970,1,0,36,232750.0,7003.542,10.63287,2.952781,8.854171,8.719698,1.082748,0.9513445,0.2939741,0.2930948
1970,1,0,37,39150.0,6290.367,11.74968,2.901453,8.746775,8.634597,1.065212,0.962936,0.2435901,0.2303178
1970,1,0,38,336500.0,6777.803,10.08886,3.106716,8.821408,8.728837,1.133566,1.042334,0.2116744,0.2117967
1970,1,0,39,260150.0,7752.501,10.70728,3.473963,8.95577,8.819578,1.245296,1.104401,0.2990934,0.3081901
1970,1,0,40,713800.0,8024.553,10.95839,2.974437,8.990261,8.656303,1.090055,0.7438104,0.7250866,0.7391857
1970,1,0,41,230550.0,4995.473,8.835828,1.983485,8.516287,8.300076,0.6848555,0.4652665,0.4518102,0.4492002
1970,1,0,42,99600.0,6963.85,10.04116,3.186333,8.848488,8.725917,1.158871,1.03804,0.2737596,0.274228
1970,1,0,43,50200.0,7079.268,9.938247,3.137642,8.864925,8.666739,1.143472,0.9461601,0.427195,0.4323298
1970,1,0,44,1056300.0,8505.199,10.57919,3.790372,9.048433,8.96446,1.332464,1.237758,0.1919631,0.2191992
1970,1,0,45,445400.0,9226.799,11.707,4.165462,9.129868,9.056429,1.426827,1.350499,0.1714627,0.1806886
1970,1,0,46,639200.0,9041.14,10.70228,4.297434,9.109541,9.016681,1.458018,1.358716,0.2150218,0.2293458
1970,1,0,47,1859800.0,9198.681,10.7339,4.338793,9.126816,9.022825,1.467596,1.357821,0.2387784,0.2517642
1970,1,0,48,96300.0,8178.671,10.00935,3.652457,9.009285,8.936853,1.2954,1.218971,0.169991,0.1833195
1970,1,0,49,1040750.0,10681.66,11.64612,4.783959,9.276283,9.198269,1.565268,1.477815,0.177305,0.1981309
1970,1,0,50,492550.0,9640.595,11.15643,4.427686,9.173738,9.111432,1.487877,1.42145,0.1443553,0.1533094
1970,1,0,51,42050.0,7762.188,10.3258,3.563756,8.95702,8.860449,1.270815,1.165661,0.2194132,0.2429935
1970,1,0,52,70850.0,7766.423,10.05363,3.525823,8.957565,8.846246,1.260114,1.143745,0.2420279,0.2589834
1970,1,0,53,36750.0,9500.0,11.61633,4.227989,9.159047,9.05177,1.441727,1.347428,0.2158524,0.1969925
1970,1,0,54,176500.0,8251.508,10.56657,3.610935,9.018151,8.942158,1.283967,1.202375,0.1801645,0.1977327
1970,1,0,55,109350.0,9568.9,11.2556,4.379888,9.166273,9.098603,1.477023,1.404893,0.1694847,0.180599
1970,1,0,56,406050.0,8454.568,10.41202,3.960118,9.042462,8.98049,1.376274,1.310935,0.1475062,0.1545685
1970,1,0,57,54200.0,8373.481,9.953875,3.899036,9.032825,8.957607,1.360729,1.285279,0.1905546,0.1925741
1970,1,0,58,38950.0,6721.936,9.617458,3.140002,8.813131,8.700124,1.144223,1.036412,0.2401151,0.231099
1970,1,0,59,189800.0,9741.034,11.5627,4.602815,9.184103,9.11066,1.526668,1.447552,0.1668609,0.1841722
1970,1,0,60,178250.0,6625.562,9.756522,3.023431,8.798691,8.706261,1.106392,1.01989,0.1901562,0.1820227
1970,1,0,61,1468350.0,8029.206,10.29932,3.760206,8.990841,8.916584,1.324474,1.2468,0.169126,0.1772649
1970,1,0,62,555700.0,8142.188,10.44107,3.827348,9.004814,8.932657,1.342172,1.267671,0.1718996,0.180042
1970,1,0,63,299250.0,8730.472,11.39749,4.099138,9.074574,9.018085,1.410777,1.351541,0.1293385,0.1368533
1970,1,0,64,1340150.0,8383.766,10.36615,3.624925,9.034053,8.937309,1.287834,1.187752,0.2168795,0.2262637
1970,1,0,65,458850.0,9151.984,10.36156,4.151746,9.121726,9.034171,1.423529,1.334451,0.197012,0.2014297
1970,1,0,66,785500.0,7205.033,10.23348,3.293551,8.882535,8.789144,1.191966,1.093152,0.2141552,0.2302536
1970,2,0,0,19200000.0,,12.08209,,,,,,,
1970,2,0,1,679050.0,7203.944,13.21861,3.378371,8.882384,8.692066,1.217394,1.0177,0.4305162,0.4690091
1970,2,0,2,171650.0,7200.753,13.02418,3.49709,8.881941,8.784694,1.251931,1.15061,0.2120425,0.2267024
1970,2,0,3,1450.0,14092.86,19.24138,6.295554,9.553423,9.336742,1.839844,1.648028,0.3732719,0.3256047
1970,2,0,4,10000.0,10585.88,13.59,5.024985,9.267277,9.14475,1.614422,1.494296,0.2570245,0.2598333
1970,2,0,5,20350.0,9056.906,14.18673,4.5012,9.111283,9.0211,1.504344,1.406366,0.2045275,0.2194259
1970,2,0,6,12700.0,9278.432,17.03937,4.596049,9.135448,9.068292,1.525197,1.454169,0.1472111,0.1577656
1970,2,0,7,17200.0,16111.94,18.40698,6.995561,9.687316,9.4009,1.945276,1.647035,0.6271883,0.6235601
1970,2,0,8,406450.0,7170.751,15.8728,3.478472,8.877766,8.79909,1.246593,1.167878,0.1870883,0.1921815
1970,2,0,9,22350.0,7113.542,16.88591,3.517436,8.869756,8.755968,1.257732,1.140033,0.259394,0.2683058
1970,2,0,10,59000.0,9581.474,20.25932,4.412787,9.167586,9.039204,1.484506,1.36128,0.324434,0.3176573
1970,2,0,11,848750.0,7552.491,17.90209,3.703533,8.929633,8.821095,1.309287,1.188641,0.2824039,0.3121096
1970,2,0,12,47550.0,7419.017,17.43007,3.723471,8.911802,8.837976,1.314656,1.235877,0.1783623,0.1879811
1970,2,0,13,14700.0,9877.143,17.81633,4.726862,9.197979,9.050575,1.553262,1.414987,0.3898636,0.3716581
1970,2,0,14,78550.0,7202.115,16.3641,3.527506,8.88213,8.768156,1.260591,1.133791,0.3201392,0.3576922
1970,2,0,15,7850.0,13429.31,18.58599,5.897857,9.505195,9.276483,1.774589,1.555244,0.5845803,0.5463328
1970,2,0,16,97400.0,7498.56,15.31828,3.667357,8.922466,8.739816,1.299471,1.105289,0.4111839,0.4397402
1970,2,0,17,151950.0,5740.361,13.60184,2.786565,8.655277,8.565175,1.02481,0.9353839,0.2061837,0.2046915
1970,2,0,18,35450.0,6710.0,12.9591,3.306667,8.811355,8.753852,1.195941,1.134883,0.1140296,0.1231622
1970,2,0,19,9450.0,6564.0,12.96296,3.268835,8.789355,8.736225,1.184434,1.123359,0.1121812,0.1264801
1970,2,0,20,27350.0,8642.824,14.31444,4.213908,9.064485,8.976234,1.43839,1.34139,0.2275734,0.2568494
1970,2,0,21,1123900.0,4651.215,12.9774,2.268574,8.444884,8.284322,0.8191512,0.6656459,0.3174278,0.3137218
1970,2,0,22,1743050.0,5733.348,13.14053,2.863412,8.654055,8.592254,1.052014,0.9881441,0.1402054,0.1443466
1970,2,0,23,157000.0,5132.211,13.37771,2.530352,8.543292,8.465826,0.9283583,0.8517761,0.16761,0.1652983
1970,2,0,24,174300.0,6287.122,13.42456,3.112556,8.746259,8.648423,1.135444,1.040831,0.2057245,0.1969615
1970,2,0,25,815950.0,5518.997,12.94614,2.729125,8.615952,8.54422,1.003981,0.9303578,0.1551361,0.1607521
1970,2,0,26,30000.0,5204.808,12.25,2.598146,8.557338,8.462312,0.9547981,0.8603407,0.1585946,0.1628578
1970,2,0,27,175700.0,5630.281,12.36255,2.792692,8.635915,8.580118,1.027006,0.9689168,0.1118138,0.1178205
1970,2,0,28,40450.0,6325.0,13.11743,3.114557,8.752265,8.674484,1.136087,1.057716,0.2068274,0.2195986
1970,2,0,29,112250.0,5533.725,11.80312,2.722998,8.618616,8.553688,1.001734,0.9330944,0.1314707,0.1375113
1970,2,0,30,68750.0,5823.893,12.90618,2.918862,8.669724,8.614513,1.071194,1.014401,0.1197155,0.123012
1970,2,0,31,979800.0,5289.234,12.67381,2.651229,8.573429,8.499355,0.9750233,0.8996361,0.1728606,0.1759965
1970,2,0,32,175950.0,3346.016,11.26002,1.617026,8.115525,7.939426,0.4805889,0.3020373,0.4067106,0.4174801
1970,2,0,33,700.0,9983.333,10.28571,4.285295,9.208673,9.154574,1.455189,1.393586,0.114213,0.1218017
1970,2,0,34,8750.0,6580.882,13.02857,3.104082,8.791924,8.693028,1.132718,1.027799,0.224002,0.2431549
1970,2,0,35,10500.0,5588.461,14.85714,2.636797,8.628459,8.531488,0.969565,0.8778616,0.2067186,0.2087569
1970,2,0,36,681100.0,3415.376,11.99794,1.636371,8.136043,7.997823,0.4924807,0.3544978,0.2999455,0.3085964
1970,2,0,37,279850.0,4066.95,11.54368,1.99916,8.310649,8.224099,0.6927273,0.6047527,0.1956125,0.1989683
1970,2,0,38,46100.0,4244.941,11.05423,2.120359,8.353483,8.22333,0.7515854,0.6130102,0.2934405,0.301894
1970,2,0,39,468450.0,4116.492,11.52652,2.002206,8.322757,8.107954,0.6942494,0.4794689,0.5103368,0.5178528
1970,2,0,40,29450.0,5565.845,11.50085,2.09173,8.624404,8.192806,0.7379914,0.3534857,0.9061003,0.8410149
1970,2,0,41,49450.0,3303.448,10.78059,1.494085,8.102722,7.890993,0.4015141,0.1750389,0.5098189,0.5508227
1970,2,0,42,7600.0,4169.444,12.47368,2.011608,8.335538,8.228396,0.6989344,0.5887859,0.2213301,0.2332
1970,2,0,43,900.0,4533.333,10.55556,1.995224,8.419213,8.36515,0.6907563,0.6379786,0.1264913,0.1248838
1970,2,0,44,16000.0,7040.4,10.4,3.261548,8.85942,8.752158,1.182202,1.078535,0.2275457,0.2199664
1970,2,0,45,10000.0,7065.476,11.44,3.237582,8.862976,8.735851,1.174827,1.072776,0.2187497,0.2072126
1970,2,0,46,22100.0,5126.19,11.0724,2.556458,8.542118,8.442986,0.9386226,0.8386739,0.24757,0.246381
1970,2,0,47,26300.0,6752.162,10.94297,3.173994,8.817618,8.668941,1.154991,1.017923,0.3553475,0.3336218
1970,2,0,48,1650.0,6276.667,11.0303,3.033041,8.744595,8.694918,1.109566,1.047535,0.1038567,0.1272058
1970,2,0,49,77700.0,6255.804,11.31403,2.983387,8.741265,8.649844,1.093059,1.001863,0.1812757,0.1840042
1970,2,0,50,14100.0,6587.624,10.4539,3.157834,8.792948,8.713974,1.149886,1.066797,0.1655705,0.173938
1970,2,0,51,3900.0,4704.348,10.23077,2.166028,8.456243,8.341191,0.7728952,0.6633527,0.2195524,0.2098061
1970,2,0,52,48850.0,4175.427,11.19754,2.070662,8.336972,8.229282,0.7278686,0.6125637,0.2481527,0.2612583
1970,2,0,53,15250.0,4864.348,11.04918,2.356784,8.489688,8.428987,0.8572979,0.8046842,0.1164999,0.1037403
1970,2,0,54,26500.0,4732.692,11.15472,2.259305,8.46225,8.332307,0.8150572,0.6792507,0.2890901,0.3016867
1970,2,0,55,1350.0,7559.091,12.07407,3.708098,8.930506,8.873956,1.310519,1.252122,0.1260371,0.1390108
1970,2,0,56,71450.0,5130.738,10.39328,2.52796,8.543005,8.482077,0.9274126,0.8618039,0.1298765,0.1384881
1970,2,0,57,5250.0,5408.75,10.22857,2.664953,8.595774,8.519677,0.9801864,0.9036112,0.1658886,0.1665907
1970,2,0,58,4400.0,4667.241,10.45455,2.293479,8.448323,8.408413,0.8300698,0.78161,0.082864,0.100441
1970,2,0,59,20600.0,5543.706,12.09223,2.693098,8.620419,8.499394,0.9906921,0.8651403,0.2755471,0.2847888
1970,2,0,60,653400.0,4038.401,10.12519,2.021158,8.303604,8.238884,0.7036707,0.6376614,0.1404794,0.1424765
1970,2,0,61,697850.0,4725.338,10.29204,2.354789,8.460694,8.382076,0.8564513,0.7777112,0.1760695,0.1783028
1970,2,0,62,282700.0,5090.066,10.607,2.534395,8.535046,8.477937,0.9299551,0.8703119,0.1223885,0.1262619
1970,2,0,63,226150.0,5004.512,10.68981,2.470428,8.518095,8.452366,0.9043915,0.8382527,0.1480371,0.147699
1970,2,0,64,47600.0,6084.971,13.86345,2.806763,8.713577,8.560171,1.032032,0.8834653,0.3639742,0.3675795
1970,2,0,65,8350.0,5669.565,10.8982,2.706965,8.642868,8.489842,0.9958282,0.854576,0.3477204,0.3190143
1970,2,0,66,135250.0,4601.314,10.98928,2.270117,8.434097,8.320509,0.8198313,0.7005926,0.2517797,0.2699006
1970,3,0,0,582000.0,,9.738832,,,,,,,
1970,3,0,1,93100.0,9306.895,12.90011,4.206479,9.138511,8.993134,1.436626,1.289306,0.3097057,0.3246878
1970,3,0,2,14650.0,9079.845,13.99317,4.232536,9.113812,9.047565,1.442801,1.371951,0.1792579,0.1887294
1970,3,0,3,600.0,12150.0,13.0,6.108399,9.405085,9.139298,1.809665,1.495073,0.6929655,0.8090022
1970,3,0,4,10000.0,11703.93,15.55,5.546695,9.367681,9.251963,1.713202,1.587986,0.335972,0.3587943
1970,3,0,5,2600.0,11782.69,14.73077,5.583682,9.374387,9.289278,1.719848,1.643423,0.169076,0.1501251
1970,3,0,6,4800.0,10897.62,15.70833,5.238624,9.2963,9.185061,1.656059,1.553152,0.2645054,0.2493819
1970,3,0,7,5900.0,17674.49,18.62712,6.987261,9.779878,9.50671,1.944089,1.664976,0.5685574,0.6170257
1970,3,0,8,4850.0,7286.046,13.60825,3.399163,8.893717,8.756851,1.223529,1.087403,0.3126305,0.318364
1970,3,0,9,2750.0,8486.0,14.83636,4.035382,9.046173,8.981472,1.395101,1.336402,0.125324,0.1128524
1970,3,0,10,4650.0,11526.39,18.30107,5.282296,9.352394,9.191995,1.664361,1.481976,0.4052911,0.4623166
1970,3,0,11,40750.0,8802.027,16.77301,4.249458,9.082737,8.982005,1.446792,1.337056,0.2338214,0.2463448
1970,3,0,12,500.0,7610.0,16.0,3.710319,8.937219,8.88107,1.311118,1.260402,0.1199791,0.1099968
1970,3,0,13,1900.0,11521.88,16.68421,5.305807,9.352003,9.280502,1.668802,1.587042,0.1516271,0.1713658
1970,3,0,14,18200.0,7862.893,15.98352,3.62638,8.96991,8.836791,1.288235,1.13075,0.3330072,0.3956055
1970,3,0,15,3100.0,13866.07,18.45161,6.260841,9.5372,9.197257,1.834314,1.464225,0.940256,0.9769835
1970,3,0,16,9550.0,8860.274,13.93717,4.141834,9.089333,8.99341,1.421139,1.30379,0.2124927,0.2578534
1970,3,0,17,7450.0,7160.0,12.6443,3.302145,8.876266,8.776228,1.194572,1.109601,0.2663844,0.2383738
1970,3,0,18,11600.0,8373.5,13.0431,4.014019,9.032827,8.915982,1.389793,1.264111,0.2655413,0.2801814
1970,3,0,19,2550.0,8065.217,13.68627,3.963759,8.995316,8.858797,1.377193,1.238019,0.4102933,0.4133574
1970,3,0,20,4900.0,9576.596,13.18367,4.647099,9.167077,9.101372,1.536243,1.462176,0.1252771,0.1394972
1970,3,0,21,54800.0,7182.222,11.87956,3.287404,8.879364,8.74135,1.190098,1.053211,0.3024108,0.3108346
1970,3,0,22,5800.0,7209.184,12.55172,3.413514,8.883111,8.78815,1.227742,1.133817,0.2273902,0.2215591
1970,3,0,23,4100.0,8033.871,12.29268,3.764982,8.991422,8.936567,1.325743,1.267343,0.1271957,0.1348793
1970,3,0,24,12600.0,8606.521,13.65079,4.112369,9.060275,8.990673,1.413999,1.33517,0.1403259,0.1561194
1970,3,0,25,7600.0,7348.461,12.88158,3.415361,8.902246,8.796618,1.228283,1.12341,0.2990874,0.3015847
1970,3,0,26,6600.0,6092.373,11.37879,2.892911,8.714793,8.641429,1.062263,0.9942837,0.1805692,0.1696838
1970,3,0,27,5400.0,7614.773,12.61111,3.62439,8.937845,8.886825,1.287686,1.239379,0.106213,0.0997469
1970,3,0,28,50400.0,7910.22,12.48016,3.695611,8.975911,8.934405,1.307146,1.262747,0.1022586,0.1092635
1970,3,0,29,58700.0,6568.217,10.82964,3.118615,8.789998,8.717267,1.137389,1.064541,0.1716623,0.171072
1970,3,0,30,3750.0,8995.714,13.86667,4.136316,9.104504,9.017441,1.419806,1.335791,0.2240371,0.2084228
1970,3,0,31,37950.0,7107.338,11.58366,3.445825,8.868883,8.787029,1.237163,1.152164,0.1925636,0.1948909
1970,3,0,32,40800.0,5024.458,9.671569,2.357884,8.522073,8.341246,0.8577647,0.6850545,0.4004099,0.3845898
1970,3,0,33,3400.0,9171.667,12.17647,3.721817,9.123875,9.066871,1.314212,1.243388,0.1257396,0.1475333
1970,3,0,34,14600.0,8502.963,12.21233,3.870209,9.04817,8.96797,1.353309,1.27337,0.2224289,0.2177203
1970,3,0,35,18300.0,6939.384,11.19126,3.177369,8.844968,8.742282,1.156053,1.062141,0.2399607,0.2243973
1970,3,0,36,48400.0,5403.571,10.15289,2.436938,8.594815,8.465437,0.8907422,0.7583427,0.3018601,0.3015743
1970,3,0,37,17850.0,5615.625,10.9972,2.641458,8.633308,8.569209,0.9713309,0.9095312,0.1395183,0.1369313
1970,3,0,38,119200.0,5357.396,9.572147,2.492936,8.586233,8.47445,0.913461,0.8008619,0.2592829,0.2642277
1970,3,0,39,66950.0,5749.248,9.81628,2.797009,8.656824,8.485453,1.028551,0.8536676,0.3988501,0.4016987
1970,3,0,40,15700.0,2636.842,8.203821,1.124778,7.877337,7.576118,0.1175856,-0.1999783,0.634857,0.6431807
1970,3,0,41,67300.0,2894.097,7.384844,1.292036,7.970428,7.791774,0.2562193,0.0709042,0.3816132,0.4011967
1970,3,0,42,20800.0,4888.957,9.317307,2.309494,8.494734,8.33232,0.8370286,0.6814163,0.3835671,0.3660231
1970,3,0,43,13800.0,3800.0,7.514493,1.76782,8.242756,8.108987,0.569747,0.4503828,0.3045046,0.2838827
1970,3,0,44,71800.0,6689.729,10.16992,3.092373,8.808329,8.69001,1.128939,1.003808,0.2595458,0.2833204
1970,3,0,45,17600.0,6830.263,11.11364,3.15852,8.829119,8.705481,1.150104,1.019539,0.3217594,0.3497051
1970,3,0,46,62900.0,6501.193,9.734499,3.253976,8.779741,8.652451,1.179878,1.054372,0.3037812,0.3008136
1970,3,0,47,203550.0,6139.499,9.457627,2.952978,8.722499,8.581558,1.082814,0.9399803,0.3236762,0.325625
1970,3,0,48,4850.0,6665.909,9.134021,3.123521,8.804762,8.725395,1.138961,1.055354,0.198379,0.2052051
1970,3,0,49,41050.0,7987.567,10.84531,3.709589,8.985641,8.899643,1.310921,1.222792,0.2047542,0.205711
1970,3,0,50,17400.0,7069.463,11.26437,3.37914,8.86354,8.782137,1.217621,1.137366,0.1943431,0.195499
1970,3,0,51,2800.0,5676.087,9.5,2.605277,8.644017,8.547535,0.9575388,0.8475478,0.1946815,0.2232107
1970,3,0,52,8550.0,5868.919,9.988304,2.693577,8.677425,8.518064,0.9908701,0.8414258,0.359449,0.3448474
1970,3,0,53,1200.0,6030.0,11.08333,3.028816,8.704502,8.68206,1.108172,1.084744,0.0448955,0.0466958
1970,3,0,54,19950.0,6346.667,10.17544,2.937392,8.755685,8.675441,1.077522,0.9966261,0.1870525,0.1865741
1970,3,0,55,6100.0,7676.786,10.91803,3.470742,8.945956,8.832788,1.244368,1.141195,0.3217363,0.293333
1970,3,0,56,38650.0,7395.045,10.24838,3.596357,8.908566,8.815047,1.279921,1.184368,0.2052652,0.2069024
1970,3,0,57,11150.0,6799.01,9.461884,3.26896,8.824533,8.763549,1.184472,1.123904,0.1339395,0.1355173
1970,3,0,58,8450.0,4240.0,8.118343,2.103109,8.352319,8.235099,0.7434167,0.6136966,0.2868704,0.2978525
1970,3,0,59,9250.0,8481.098,11.37297,4.129519,9.045595,8.890132,1.418161,1.243119,0.3248607,0.3386837
1970,3,0,60,38900.0,5473.344,9.74293,2.559955,8.607645,8.48111,0.9399898,0.8231001,0.2774778,0.2812939
1970,3,0,61,266050.0,6483.212,9.871452,3.135224,8.776972,8.67684,1.142701,1.03902,0.2324898,0.2392652
1970,3,0,62,68750.0,6982.222,10.48582,3.411237,8.851123,8.771465,1.227075,1.139945,0.1935583,0.2106056
1970,3,0,63,20550.0,6901.724,10.95864,3.291061,8.839526,8.730034,1.19121,1.085101,0.2976505,0.2907634
1970,3,0,64,236250.0,6284.213,9.766349,2.902577,8.745796,8.620063,1.065599,0.9386867,0.2851707,0.2914517
1970,3,0,65,59450.0,6985.818,9.626577,3.417774,8.851637,8.756176,1.228989,1.131748,0.2202721,0.2240888
1970,3,0,66,248000.0,5564.075,9.191532,2.670678,8.624086,8.506075,0.9823325,0.8598469,0.2848951,0.2940277
1970,4,0,0,1892950.0,,10.32859,,,,,,,
1970,4,0,1,49900.0,6585.048,13.01403,3.211071,8.792557,8.594978,1.166604,0.9578453,0.5153741,0.5602959
1970,4,0,2,9500.0,7388.356,13.27368,3.625372,8.90766,8.854332,1.287957,1.23173,0.1091565,0.1158002
1970,4,0,3,0.0,,,,,,,,,
1970,4,0,4,0.0,,,,,,,,,
1970,4,0,5,1100.0,8680.0,13.36364,4.077497,9.068777,9.028334,1.405483,1.359304,0.0885251,0.0971218
1970,4,0,6,1600.0,9750.0,15.0,4.779325,9.185022,9.078058,1.564299,1.460547,0.2887496,0.2810183
1970,4,0,7,1250.0,9938.889,15.84,4.915118,9.20421,8.847657,1.592316,1.226973,0.6995656,0.7073351
1970,4,0,8,42850.0,6608.648,12.9755,3.231382,8.796134,8.682645,1.17291,1.055253,0.2821078,0.2899449
1970,4,0,9,1800.0,6042.857,13.38889,2.951565,8.706633,8.656341,1.082336,1.032791,0.0955548,0.093504
1970,4,0,10,4750.0,8707.895,18.37895,4.114252,9.071985,8.9358,1.414457,1.262617,0.3719456,0.3996866
1970,4,0,11,115850.0,7075.912,16.88994,3.601114,8.864451,8.765861,1.281243,1.171796,0.2467494,0.2682679
1970,4,0,12,4000.0,7405.263,17.125,3.673258,8.909946,8.797811,1.301079,1.194371,0.2680802,0.2407887
1970,4,0,13,800.0,9566.667,16.625,4.838967,9.16604,9.105691,1.576701,1.522207,0.1102903,0.1003931
1970,4,0,14,16900.0,7620.0,14.53254,3.843407,8.938532,8.769099,1.346359,1.169549,0.3312121,0.3304556
1970,4,0,15,700.0,15416.67,18.0,7.311601,9.643205,9.44539,1.989462,1.745342,0.3528984,0.4107589
1970,4,0,16,3100.0,6838.235,13.90323,3.453008,8.830285,8.677244,1.239246,1.087519,0.3013828,0.2996441
1970,4,0,17,46400.0,5274.925,12.44828,2.592933,8.57072,8.468676,0.9527895,0.8468171,0.2635191,0.2731751
1970,4,0,18,2600.0,5752.273,12.61539,2.86524,8.657351,8.593819,1.052652,0.989115,0.1379143,0.1355173
1970,4,0,19,500.0,5300.0,13.2,2.429256,8.575462,8.517653,0.8875849,0.8173343,0.1181266,0.1356742
1970,4,0,20,1500.0,9021.429,14.46667,4.326303,9.107358,9.050801,1.464713,1.413283,0.1120163,0.1020118
1970,4,0,21,70550.0,4065.813,11.78313,2.004718,8.310369,8.18102,0.6955034,0.5596773,0.2777563,0.2979631
1970,4,0,22,83950.0,5594.711,12.79214,2.802145,8.629577,8.565797,1.030385,0.96716,0.1593167,0.1575726
1970,4,0,23,12400.0,5206.896,12.56452,2.574251,8.557739,8.480215,0.9455585,0.8592827,0.2213593,0.2418038
1970,4,0,24,23450.0,5576.667,12.60128,2.817738,8.626347,8.532971,1.035935,0.9420049,0.2219157,0.2209225
1970,4,0,25,27550.0,5527.913,12.62795,2.736236,8.617565,8.558318,1.006583,0.9456491,0.1430332,0.146822
1970,4,0,26,4450.0,4644.444,12.20225,2.286727,8.443427,8.390063,0.8271217,0.7741296,0.1112754,0.113394
1970,4,0,27,18100.0,5000.354,12.09945,2.499882,8.517264,8.445065,0.9162436,0.842166,0.1684769,0.1717306
1970,4,0,28,19850.0,6637.586,12.85139,3.230552,8.800504,8.727656,1.172653,1.095961,0.2243155,0.2343628
1970,4,0,29,15200.0,5038.362,11.7171,2.530972,8.524837,8.417698,0.9286036,0.8105896,0.2354173,0.2544261
1970,4,0,30,6700.0,5532.353,12.62687,2.735513,8.618368,8.538832,1.006319,0.9283871,0.1724676,0.1705675
1970,4,0,31,116500.0,5126.515,12.26266,2.596857,8.542181,8.45315,0.9543019,0.8639354,0.2169018,0.2195335
1970,4,0,32,277650.0,2400.654,10.42824,1.194622,7.783496,7.578904,0.1778301,-0.0232531,0.4304829,0.4209486
1970,4,0,33,0.0,,,,,,,,,
1970,4,0,34,1050.0,4100.0,12.0,1.96956,8.318742,8.100074,0.6778101,0.4443295,0.5300949,0.608295
1970,4,0,35,3200.0,5537.5,15.03125,2.684515,8.619298,8.501143,0.9875,0.8755758,0.2550981,0.2418915
1970,4,0,36,142150.0,3151.284,10.4045,1.518484,8.055565,7.896288,0.4177128,0.2585457,0.3814732,0.3844067
1970,4,0,37,108600.0,4089.443,11.04144,2.011059,8.316164,8.214484,0.6986612,0.5911984,0.2385163,0.2515843
1970,4,0,38,24400.0,3791.667,10.7418,1.854708,8.240561,8.117782,0.617727,0.4910491,0.2823362,0.2957728
1970,4,0,39,155050.0,3149.243,9.818769,1.588151,8.054917,7.782967,0.4625703,0.187442,0.619065,0.6193704
1970,4,0,40,2950.0,3823.684,9.898305,1.779036,8.24897,8.060007,0.5760714,0.4204451,0.3571429,0.3121077
1970,4,0,41,14300.0,2208.108,9.181818,1.044593,7.699892,7.517142,0.0436272,-0.1175548,0.4092058,0.3437564
1970,4,0,42,800.0,2562.5,7.875,1.279221,7.848739,7.524206,0.2462511,-0.0538605,0.810463,0.7630347
1970,4,0,43,1000.0,3910.0,8.7,1.916667,8.271293,8.257409,0.6505876,0.6367037,0.0274554,0.0274554
1970,4,0,44,1500.0,5073.077,9.133333,2.468881,8.531703,8.413842,0.9037651,0.8012561,0.2378138,0.2127899
1970,4,0,45,800.0,6850.0,11.875,3.03338,8.832004,8.732825,1.109678,1.03737,0.2071569,0.1492712
1970,4,0,46,3550.0,4316.667,10.22535,2.139908,8.370238,8.184992,0.7607629,0.5812379,0.4947904,0.4990039
1970,4,0,47,3700.0,5250.0,9.648648,2.602854,8.565984,8.28322,0.9566084,0.6687154,0.7158961,0.7189199
1970,4,0,48,200.0,5050.0,8.5,3.094363,8.527143,8.527143,1.129582,1.129582,0.0,0.0
1970,4,0,49,6200.0,4737.5,11.16129,2.352396,8.463264,8.327574,0.8554342,0.7236335,0.3003208,0.2920938
1970,4,0,50,1300.0,7704.545,11.0,3.708055,8.949566,8.88044,1.310507,1.234252,0.1391396,0.1456083
1970,4,0,51,600.0,3600.0,9.166667,1.764706,8.188689,8.17688,0.567984,0.5561751,0.0238301,0.02383
1970,4,0,52,6750.0,4034.615,11.36296,2.000895,8.302667,8.174907,0.6935946,0.5655749,0.228287,0.2264264
1970,4,0,53,1400.0,5622.222,11.07143,2.862863,8.634482,8.592375,1.051822,1.006319,0.0885527,0.097945
1970,4,0,54,7600.0,3509.259,9.934211,1.7042,8.16316,8.057731,0.533096,0.4239332,0.2536831,0.2582868
1970,4,0,55,200.0,8550.0,8.0,4.191176,9.053686,9.051973,1.432981,1.431269,0.0034449,0.0034449
1970,4,0,56,7050.0,5138.372,10.73759,2.527903,8.544492,8.424723,0.9273899,0.8117617,0.2475084,0.2405335
1970,4,0,57,600.0,3710.0,10.33333,1.818627,8.218787,8.17434,0.5980821,0.5536352,0.0966856,0.0966856
1970,4,0,58,600.0,3275.0,8.5,1.635654,8.094073,7.79669,0.4920428,0.1859858,0.805492,0.8240637
1970,4,0,59,2900.0,5588.095,11.31034,2.791991,8.628394,8.58064,1.026755,0.9722488,0.096952,0.1136689
1970,4,0,60,124650.0,3612.738,10.40674,1.814203,8.192222,8.093992,0.5956464,0.4924354,0.2299275,0.2422414
1970,4,0,61,128450.0,4212.054,10.40016,2.119934,8.345706,8.221164,0.751385,0.6245947,0.2812372,0.2848179
1970,4,0,62,39950.0,4766.334,11.20401,2.379246,8.469333,8.388311,0.8667839,0.7870331,0.201962,0.1981646
1970,4,0,63,22350.0,4365.923,10.91275,2.166393,8.381585,8.305907,0.7730637,0.6942829,0.1811713,0.1872512
1970,4,0,64,6450.0,4938.158,11.55039,2.361817,8.504747,8.409102,0.8594314,0.7617826,0.1996942,0.2117873
1970,4,0,65,1700.0,3322.727,9.176471,1.719586,8.108541,8.061339,0.5420833,0.5014917,0.1035345,0.092208
1970,4,0,66,25100.0,4069.688,10.41434,2.043336,8.311321,8.172282,0.7145838,0.5704198,0.3519808,0.3669413
1970,0,6,0,8962050.0,,11.79754,,,,,,,
1970,0,6,1,1225000.0,10667.6,13.70796,,9.274966,9.137333,,,0.2941315,
1970,0,6,2,268750.0,9957.012,14.50995,,9.206033,9.122624,,,0.1809282,
1970,0,6,3,12750.0,12116.02,17.63922,,9.402284,9.297919,,,0.3139882,
1970,0,6,4,310650.0,11968.93,15.83116,,9.39007,9.326255,,,0.1550666,
1970,0,6,5,71150.0,11359.29,15.31694,,9.337791,9.259754,,,0.1770514,
1970,0,6,6,74050.0,10456.99,16.47198,,9.255026,9.181469,,,0.1683348,
1970,0,6,7,88200.0,17227.63,18.68821,,9.75427,9.487652,,,0.5438728,
1970,0,6,8,174050.0,7936.53,14.51882,,8.979232,8.878839,,,0.2281095,
1970,0,6,9,20500.0,8140.068,15.76098,,9.004554,8.898617,,,0.2131665,
1970,0,6,10,114800.0,10616.8,18.40157,,9.270193,9.151551,,,0.28803,
1970,0,6,11,685200.0,8214.585,16.77058,,9.013666,8.931296,,,0.2033829,
1970,0,6,12,19700.0,7558.333,16.65736,,8.930406,8.863676,,,0.1480943,
1970,0,6,13,38100.0,11476.63,17.05118,,9.348067,9.269722,,,0.1608214,
1970,0,6,14,116350.0,7262.06,16.46154,,8.890419,8.795,,,0.2267494,
1970,0,6,15,73900.0,16187.95,18.80514,,9.692022,9.512262,,,0.4128157,
1970,0,6,16,162200.0,9683.721,14.34587,,9.178202,9.040786,,,0.3003161,
1970,0,6,17,100100.0,6736.736,13.35465,,8.815331,8.681972,,,0.305812,
1970,0,6,18,227250.0,8903.63,13.08383,,9.094214,9.037436,,,0.1243806,
1970,0,6,19,25350.0,8553.111,14.16174,,9.05405,8.980084,,,0.1453559,
1970,0,6,20,119200.0,10502.36,14.14807,,9.259356,9.183794,,,0.1697247,
1970,0,6,21,1002100.0,9307.734,12.88818,,9.138601,8.975176,,,0.3539707,
1970,0,6,22,702450.0,5625.01,12.49114,,8.634978,8.573831,,,0.1398291,
1970,0,6,23,87200.0,6446.937,12.60952,,8.77136,8.686857,,,0.1881839,
1970,0,6,24,123850.0,8604.804,13.91885,,9.060076,8.941799,,,0.2601748,
1970,0,6,25,304950.0,6044.996,12.40728,,8.706986,8.616011,,,0.1922269,
1970,0,6,26,23100.0,6245.135,11.72078,,8.739558,8.656764,,,0.1846132,
1970,0,6,27,99150.0,6658.496,12.22844,,8.803649,8.715734,,,0.1858783,
1970,0,6,28,92700.0,7299.43,12.22384,,8.895552,8.854053,,,0.1113422,
1970,0,6,29,227650.0,7312.289,11.84867,,8.897311,8.829176,,,0.1521532,
1970,0,6,30,99500.0,8411.086,13.79397,,9.037306,8.953589,,,0.1699471,
1970,0,6,31,535600.0,6252.785,12.27437,,8.740782,8.636757,,,0.2251809,
1970,0,6,32,127450.0,3806.032,10.27736,,8.244343,7.951826,,,0.6252153,
1970,0,6,33,54700.0,9092.096,12.03656,,9.115161,9.06241,,,0.1205934,
1970,0,6,34,139250.0,8839.978,12.44596,,9.08704,9.040833,,,0.1037246,
1970,0,6,35,34250.0,7401.533,11.88029,,8.909442,8.830821,,,0.1799088,
1970,0,6,36,294900.0,4596.576,10.74144,,8.433067,8.221697,,,0.4660453,
1970,0,6,37,142250.0,4337.583,11.44921,,8.375072,8.259314,,,0.2533753,
1970,0,6,38,119850.0,6112.006,10.53191,,8.71801,8.6027,,,0.2696295,
1970,0,6,39,341800.0,5468.195,10.56115,,8.606704,8.358829,,,0.5940739,
1970,0,6,40,172850.0,7628.404,11.6766,,8.939634,8.610308,,,0.7094501,
1970,0,6,41,124950.0,4539.471,9.382153,,8.420566,8.209093,,,0.4590468,
1970,0,6,42,43650.0,6354.03,10.45361,,8.756845,8.644383,,,0.2390281,
1970,0,6,43,25050.0,6302.353,10.06786,,8.748678,8.54061,,,0.408249,
1970,0,6,44,401850.0,8072.099,11.00896,,8.996169,8.910743,,,0.192003,
1970,0,6,45,196300.0,8619.973,11.9241,,9.061837,8.994844,,,0.161258,
1970,0,6,46,253800.0,8312.494,10.96631,,9.025515,8.924153,,,0.2457306,
1970,0,6,47,717800.0,8686.191,10.90889,,9.069489,8.959243,,,0.2514819,
1970,0,6,48,35750.0,7778.472,10.54126,,8.959115,8.888115,,,0.1656247,
1970,0,6,49,306100.0,9434.19,12.01013,,9.152096,9.077289,,,0.1760724,
1970,0,6,50,179450.0,8983.773,11.52689,,9.103175,9.036028,,,0.1591872,
1970,0,6,51,15400.0,7067.669,10.90584,,8.863286,8.750618,,,0.2404665,
1970,0,6,52,34400.0,6071.747,10.16715,,8.711402,8.591105,,,0.2774171,
1970,0,6,53,19500.0,8347.093,11.74359,,9.029669,8.909685,,,0.2392932,
1970,0,6,54,82400.0,7475.486,10.91201,,8.919384,8.819358,,,0.2448525,
1970,0,6,55,26100.0,9131.781,11.85632,,9.119516,9.042876,,,0.2069379,
1970,0,6,56,178900.0,7745.519,10.88262,,8.954869,8.8859,,,0.1629142,
1970,0,6,57,24350.0,7688.249,10.37782,,8.947449,8.887502,,,0.1319523,
1970,0,6,58,18450.0,5885.616,9.734417,,8.680266,8.572742,,,0.2618141,
1970,0,6,59,85450.0,8738.563,11.71621,,9.075501,8.99718,,,0.173142,
1970,0,6,60,306650.0,4671.588,10.21311,,8.449254,8.337607,,,0.2429389,
1970,0,6,61,907050.0,6862.947,10.57285,,8.833892,8.734334,,,0.2271662,
1970,0,6,62,348300.0,7083.472,10.82486,,8.86552,8.777678,,,0.2024997,
1970,0,6,63,165000.0,7068.621,11.45848,,8.86342,8.773108,,,0.2038609,
1970,0,6,64,556500.0,7770.866,10.73351,,8.958137,8.850692,,,0.2383417,
1970,0,6,65,160400.0,8351.229,10.73286,,9.030164,8.950467,,,0.1735348,
1970,0,6,66,420000.0,6431.644,10.58512,,8.768986,8.667012,,,0.2439897,
1970,1,6,0,979450.0,,13.87473,,,,,,,
1970,1,6,1,1005750.0,11186.99,13.92473,4.768202,9.322507,9.196865,1.561969,1.424596,0.2637992,0.2925281
1970,1,6,2,216400.0,10567.13,14.95887,4.750511,9.265504,9.193639,1.558252,1.48485,0.1520408,0.1614389
1970,1,6,3,11650.0,12240.72,18.13734,5.438147,9.412523,9.304957,1.693438,1.578087,0.327977,0.3553318
1970,1,6,4,304500.0,11990.49,16.0023,5.611927,9.39187,9.329387,1.724894,1.657442,0.1512209,0.1626771
1970,1,6,5,61100.0,11700.17,15.70867,5.502601,9.367359,9.292894,1.705221,1.626252,0.1734731,0.184452
1970,1,6,6,64900.0,10630.59,16.67026,4.998132,9.271491,9.19681,1.609064,1.526609,0.1715648,0.1890884
1970,1,6,7,79700.0,17733.78,18.98369,7.03625,9.783226,9.516589,1.951075,1.657827,0.5516713,0.608977
1970,1,6,8,25450.0,11606.89,17.15914,4.799781,9.359354,9.235497,1.56857,1.452597,0.3404139,0.3191994
1970,1,6,9,8150.0,9482.813,16.72393,4.477961,9.157236,9.029385,1.499168,1.348841,0.2463665,0.2590732
1970,1,6,10,86150.0,11018.9,20.35984,4.797517,9.307367,9.197688,1.568099,1.44737,0.2694596,0.2938313
1970,1,6,11,266950.0,9091.237,17.87114,4.156136,9.115067,9.048013,1.424586,1.346226,0.1599063,0.1831487
1970,1,6,12,4750.0,8795.588,18.0,4.080152,9.082006,9.02104,1.406134,1.343451,0.1186629,0.1295565
1970,1,6,13,29750.0,12005.66,17.44202,5.54844,9.393133,9.318116,1.713517,1.633909,0.1559715,0.1642329
1970,1,6,14,70500.0,7289.95,17.20567,3.012093,8.894252,8.800673,1.102635,0.9798425,0.2058417,0.2679352
1970,1,6,15,69450.0,16346.59,19.08279,6.807202,9.701775,9.529967,1.917981,1.755863,0.3789805,0.3658405
1970,1,6,16,117300.0,10393.23,14.93862,4.746394,9.24891,9.126457,1.557385,1.426932,0.2543043,0.2729063
1970,1,6,17,20700.0,9451.955,14.92754,4.050675,9.153976,9.004191,1.398884,1.263443,0.339508,0.3151526
1970,1,6,18,209000.0,9065.85,13.19187,4.217718,9.112269,9.058897,1.439294,1.380434,0.1170108,0.1288857
1970,1,6,19,20750.0,8844.149,14.58313,4.054937,9.087511,9.01715,1.399935,1.32417,0.1354561,0.1467841
1970,1,6,20,100550.0,10785.01,14.65738,5.060405,9.285913,9.210608,1.621446,1.537807,0.1702159,0.188164
1970,1,6,21,700550.0,10334.14,13.56948,4.529325,9.243209,9.121128,1.510573,1.378228,0.2528018,0.2742168
1970,1,6,22,20650.0,8723.988,13.39952,4.083078,9.073832,8.948545,1.406851,1.2822,0.24966,0.2511749
1970,1,6,23,24450.0,8356.338,13.40695,3.858168,9.030776,8.990263,1.350193,1.309534,0.0921865,0.0905782
1970,1,6,24,60450.0,10337.9,15.26385,4.714637,9.243572,9.155114,1.550672,1.459177,0.2233457,0.2407401
1970,1,6,25,66650.0,8398.676,13.32633,3.809716,9.03583,8.950472,1.337555,1.251304,0.1964446,0.2011354
1970,1,6,26,10100.0,7177.778,12.54455,3.341028,8.878745,8.795396,1.206279,1.112279,0.2036439,0.2186511
1970,1,6,27,34850.0,8637.304,12.72023,4.006923,9.063846,9.012955,1.388023,1.333673,0.0969169,0.1028394
1970,1,6,28,57600.0,7548.656,12.52083,3.488056,8.929125,8.900469,1.249344,1.220135,0.0682108,0.0703582
1970,1,6,29,169600.0,7773.792,12.07429,3.550066,8.958513,8.903348,1.266966,1.209779,0.1201476,0.1281245
1970,1,6,30,70950.0,9256.366,14.31994,4.253093,9.133067,9.067671,1.447646,1.381009,0.127788,0.1374418
1970,1,6,31,132650.0,8550.612,13.19337,4.024742,9.053759,8.975565,1.392461,1.312073,0.1613881,0.1660803
1970,1,6,32,14350.0,7100.98,10.78746,3.274005,8.867989,8.703347,1.186014,1.036604,0.3653153,0.3456385
1970,1,6,33,52400.0,9089.307,12.07252,3.409273,9.114854,9.061468,1.226499,1.162688,0.1222852,0.1446349
1970,1,6,34,128400.0,8909.068,12.46729,3.948626,9.094825,9.05116,1.373368,1.319161,0.0952333,0.1200333
1970,1,6,35,26700.0,7578.505,12.3221,3.32724,8.933071,8.867172,1.202143,1.13563,0.1489134,0.1501108
1970,1,6,36,70650.0,6728.443,11.36589,2.851902,8.814099,8.681431,1.047986,0.9255366,0.3015325,0.2864789
1970,1,6,37,14600.0,6068.75,12.99315,2.782014,8.710908,8.598112,1.023175,0.9279422,0.2076264,0.1845496
1970,1,6,38,76500.0,6657.68,10.90196,3.031235,8.803526,8.710377,1.10897,1.015454,0.2144644,0.2172553
1970,1,6,39,95150.0,7623.375,10.98686,3.422283,8.938974,8.806918,1.230308,1.094767,0.3076013,0.3118059
1970,1,6,40,161200.0,7796.956,11.884,2.870812,8.961489,8.643557,1.054595,0.7218565,0.6798448,0.7038833
1970,1,6,41,86300.0,4996.494,9.983777,1.990728,8.516492,8.323047,0.6885006,0.4844829,0.4218167,0.4238663
1970,1,6,42,33150.0,6760.385,10.7632,3.133916,8.818835,8.716338,1.142283,1.036299,0.2184266,0.2288557
1970,1,6,43,19250.0,7048.88,11.10649,3.137384,8.860624,8.665015,1.143389,0.9320362,0.3922382,0.4156438
1970,1,6,44,373600.0,8179.124,11.10385,3.603199,9.00934,8.927196,1.281822,1.187625,0.185848,0.214106
1970,1,6,45,183850.0,8753.702,12.02176,3.939906,9.077232,9.015127,1.371157,1.307568,0.1455556,0.1516511
1970,1,6,46,222000.0,8592.816,11.10901,4.10255,9.058681,8.967666,1.411609,1.312991,0.2167514,0.233599
1970,1,6,47,645400.0,8928.71,11.27022,4.186967,9.097027,8.995715,1.431977,1.325239,0.2286992,0.2404127
1970,1,6,48,34350.0,7868.613,10.72489,3.435801,8.970637,8.903135,1.23425,1.161204,0.1578548,0.1668727
1970,1,6,49,274400.0,9738.11,12.10241,4.295782,9.183803,9.118239,1.457634,1.382926,0.153468,0.1733483
1970,1,6,50,167150.0,9133.367,11.63446,4.154203,9.11969,9.055905,1.424121,1.354787,0.1516285,0.1616566
1970,1,6,51,13200.0,7430.435,10.9697,3.389727,8.91334,8.806724,1.220749,1.108739,0.2350237,0.2492937
1970,1,6,52,20600.0,6906.111,10.1165,3.179373,8.840162,8.73832,1.156684,1.041123,0.2390947,0.2730934
1970,1,6,53,14350.0,9201.471,11.97213,4.05823,9.127119,9.027968,1.400747,1.319668,0.1976061,0.1681658
1970,1,6,54,64350.0,7964.796,11.08003,3.464477,8.982786,8.899928,1.242562,1.15565,0.2057547,0.2214859
1970,1,6,55,24400.0,9301.948,11.87705,4.220709,9.13798,9.064508,1.440003,1.364878,0.2017163,0.2142823
1970,1,6,56,143700.0,8099.362,11.07655,3.750325,8.99954,8.939692,1.321842,1.261072,0.1437158,0.1440771
1970,1,6,57,19100.0,8019.828,10.41885,3.646366,8.989673,8.936477,1.293731,1.238529,0.1185428,0.1214956
1970,1,6,58,14200.0,6306.637,9.915493,2.925918,8.749358,8.644822,1.073608,0.9663994,0.270282,0.2665308
1970,1,6,59,72400.0,9073.788,11.79282,4.227958,9.113145,9.043963,1.441719,1.364042,0.1562563,0.1775476
1970,1,6,60,63400.0,6341.078,10.22713,2.93822,8.754804,8.674201,1.077804,0.9987939,0.18103,0.1780504
1970,1,6,61,546150.0,7681.352,10.82706,3.57274,8.94655,8.873532,1.273333,1.197118,0.1667136,0.1733197
1970,1,6,62,215700.0,7820.455,10.98934,3.67069,8.964498,8.893416,1.30038,1.226684,0.1675329,0.1769743
1970,1,6,63,93900.0,8144.478,12.05218,3.767315,9.005095,8.946123,1.326362,1.266138,0.1361934,0.1412284
1970,1,6,64,464950.0,8070.74,10.93343,3.468098,8.996,8.895984,1.243606,1.140968,0.2198445,0.2299279
1970,1,6,65,138000.0,8584.706,10.98043,3.937998,9.057737,8.983598,1.370673,1.2893,0.1572526,0.1717188
1970,1,6,66,291700.0,6905.119,11.00994,3.142175,8.840018,8.756236,1.144915,1.053769,0.1938041,0.2124061
1970,2,6,0,7093200.0,,12.44062,,,,,,,
1970,2,6,1,167700.0,7233.513,13.8545,3.463778,8.88648,8.730765,1.24236,1.083521,0.3380156,0.3601816
1970,2,6,2,42750.0,6716.361,13.49942,3.261041,8.812302,8.735168,1.182046,1.101772,0.1870115,0.2027141
1970,2,6,3,800.0,10250.0,19.375,4.442464,9.235033,9.185234,1.491209,1.45547,0.1032,0.0801588
1970,2,6,4,2450.0,10528.57,14.0,4.99341,9.261847,9.128967,1.608119,1.473906,0.2158025,0.2147706
1970,2,6,5,8150.0,9090.411,14.92025,4.524716,9.114975,9.039458,1.509555,1.429716,0.1475923,0.1575306
1970,2,6,6,6050.0,8716.667,17.10744,4.391335,9.072992,9.02957,1.479633,1.431485,0.097469,0.1080987
1970,2,6,7,6500.0,12994.23,18.75385,5.872777,9.47226,9.256446,1.770328,1.499943,0.3965141,0.4520084
1970,2,6,8,131950.0,7129.525,16.52899,3.47499,8.872,8.809215,1.245592,1.183989,0.1475364,0.1458373
1970,2,6,9,10250.0,7188.889,17.85366,3.594837,8.880292,8.802012,1.279499,1.195686,0.1882751,0.2015232
1970,2,6,10,25250.0,8190.449,21.02178,3.760064,9.010724,8.881588,1.324436,1.200543,0.3095618,0.2973034
1970,2,6,11,351400.0,7133.628,17.85515,3.548812,8.872575,8.782219,1.266613,1.16344,0.2379761,0.2669373
1970,2,6,12,13350.0,7182.857,17.72285,3.636759,8.879453,8.830393,1.291093,1.239518,0.1115992,0.1196531
1970,2,6,13,7150.0,8966.326,17.44056,4.358787,9.101232,9.036306,1.472194,1.412001,0.1237596,0.1146313
1970,2,6,14,31900.0,7125.982,16.96552,3.521523,8.871503,8.779328,1.258894,1.156103,0.2644106,0.2994412
1970,2,6,15,3350.0,13697.73,18.83582,5.87395,9.524985,9.326003,1.770527,1.588495,0.5955414,0.5173307
1970,2,6,16,37900.0,7167.782,15.84433,3.539691,8.877352,8.726039,1.264039,1.106542,0.3673739,0.3878485
1970,2,6,17,57750.0,6017.857,14.74805,2.946055,8.702486,8.613784,1.080467,0.9901866,0.225422,0.2262056
1970,2,6,18,11250.0,6418.023,13.47556,3.217141,8.766866,8.708282,1.168493,1.102129,0.106787,0.1273812
1970,2,6,19,3150.0,6394.0,14.09524,3.079906,8.763115,8.697654,1.124899,1.060535,0.1471584,0.1481506
1970,2,6,20,14850.0,8523.113,15.0505,4.215494,9.050537,8.992144,1.438767,1.373515,0.1393167,0.1541516
1970,2,6,21,247400.0,4956.234,13.37995,2.409096,8.508402,8.34114,0.8792517,0.7194244,0.3297886,0.32488
1970,2,6,22,629750.0,5522.366,13.1549,2.750098,8.616562,8.562477,1.011637,0.9544662,0.1288295,0.1352662
1970,2,6,23,55050.0,5216.495,13.38601,2.547447,8.559581,8.486937,0.9350916,0.8649251,0.1615452,0.1550128
1970,2,6,24,46150.0,6333.11,13.74648,3.139911,8.753547,8.666423,1.144195,1.055553,0.1582802,0.1582418
1970,2,6,25,221550.0,5140.23,12.96592,2.547785,8.544853,8.488041,0.9352245,0.8762976,0.1269619,0.1323225
1970,2,6,26,7500.0,4678.125,12.4,2.301146,8.450653,8.388491,0.8334073,0.7730882,0.1344924,0.1304418
1970,2,6,27,48900.0,5277.53,12.78732,2.614404,8.571214,8.517865,0.9610362,0.9054521,0.1203724,0.1271246
1970,2,6,28,9850.0,6160.656,12.99492,3.032506,8.725939,8.660992,1.109389,1.040516,0.1776928,0.2000509
1970,2,6,29,28800.0,5240.594,12.15625,2.593369,8.56419,8.49916,0.952958,0.8817452,0.1388188,0.1495345
1970,2,6,30,22550.0,5646.023,13.26386,2.820301,8.638706,8.584436,1.036844,0.9801575,0.118855,0.1246346
1970,2,6,31,331050.0,5121.63,12.77843,2.563744,8.541228,8.47052,0.9414688,0.8690115,0.1679045,0.1714247
1970,2,6,32,39600.0,3665.029,12.4798,1.811867,8.206592,7.97904,0.5943579,0.3471034,0.5327708,0.5734608
1970,2,6,33,300.0,9916.667,11.0,4.225672,9.201972,9.144301,1.441178,1.34918,0.1191789,0.1744202
1970,2,6,34,3050.0,6678.0,12.98361,3.2307,8.806574,8.734818,1.172699,1.081473,0.1606034,0.208963
1970,2,6,35,1750.0,4130.0,15.14286,2.02451,8.326033,8.230325,0.7053276,0.6096201,0.2153704,0.2153705
1970,2,6,36,165950.0,3337.379,12.58692,1.604271,8.112941,7.949426,0.4726692,0.3110191,0.3368274,0.3443585
1970,2,6,37,80700.0,4149.792,12.37794,2.039761,8.330813,8.224185,0.7128328,0.6070467,0.2183265,0.2123876
1970,2,6,38,7500.0,4220.313,11.26667,2.091678,8.347665,8.226481,0.7379667,0.5979801,0.2285981,0.244274
1970,2,6,39,168550.0,4186.114,11.78997,2.071786,8.339528,8.124535,0.7284113,0.5131587,0.5046197,0.5044674
1970,2,6,40,6800.0,5655.714,12.26471,2.220119,8.640422,8.293257,0.7975608,0.522937,0.7179347,0.607145
1970,2,6,41,13400.0,2701.667,11.73134,1.217054,7.901624,7.751365,0.1964331,0.0362642,0.3577006,0.370656
1970,2,6,42,3200.0,4403.571,12.78125,2.192893,8.390171,8.257617,0.7852218,0.6548339,0.2668469,0.2557156
1970,2,6,43,100.0,4150.0,9.0,2.117347,8.330864,8.330864,0.7501639,0.7501639,0.0,0.0
1970,2,6,44,3950.0,7206.25,10.93671,3.342285,8.882704,8.798744,1.206655,1.121171,0.173206,0.176428
1970,2,6,45,3500.0,6890.0,11.94286,3.231895,8.837827,8.774665,1.173069,1.096577,0.1724893,0.2251466
1970,2,6,46,6400.0,4998.837,11.34375,2.514029,8.516961,8.380297,0.9218866,0.7826142,0.3865757,0.3975921
1970,2,6,47,8800.0,7547.414,10.95455,3.471208,8.92896,8.811167,1.244503,1.140538,0.2468973,0.2168964
1970,2,6,48,400.0,6000.0,11.5,2.796125,8.699514,8.606821,1.028235,0.9142414,0.1847863,0.219191
1970,2,6,49,16850.0,6067.931,11.727,2.894427,8.710773,8.618717,1.062787,0.9686896,0.1845407,0.1906282
1970,2,6,50,4150.0,7375.926,11.37349,3.404075,8.905976,8.80989,1.224973,1.123081,0.2157213,0.2288095
1970,2,6,51,1100.0,3825.0,10.81818,1.790152,8.249313,8.226712,0.5823004,0.5537714,0.0411795,0.0568349
1970,2,6,52,9200.0,4299.039,11.04348,2.033841,8.366147,8.278797,0.7099261,0.6325094,0.2275601,0.194384
1970,2,6,53,4050.0,5124.074,12.0,2.425035,8.541705,8.448847,0.8858461,0.8139906,0.1686094,0.1301273
1970,2,6,54,5350.0,4287.097,11.15888,1.951418,8.363365,8.233111,0.6685565,0.5478799,0.2792967,0.2454599
1970,2,6,55,300.0,6016.667,11.66667,2.893972,8.702289,8.608188,1.06263,0.9482217,0.2012662,0.2504711
1970,2,6,56,17800.0,5047.087,10.69101,2.470652,8.526567,8.471272,0.9044822,0.8438922,0.1156414,0.1229065
1970,2,6,57,1800.0,5591.667,10.83333,2.776473,8.629033,8.532092,1.021181,0.9201667,0.1995182,0.2115884
1970,2,6,58,1600.0,4613.636,11.5625,2.268426,8.436771,8.407292,0.8190864,0.7890944,0.0589594,0.0600232
1970,2,6,59,7550.0,5747.727,12.60927,2.812764,8.65656,8.539484,1.034168,0.9062744,0.1829856,0.1918349
1970,2,6,60,177950.0,4015.781,10.58668,2.012707,8.297987,8.219149,0.6994808,0.6199413,0.1673913,0.1669936
1970,2,6,61,197500.0,4543.321,10.58937,2.27493,8.421413,8.346553,0.8219495,0.7435317,0.1731392,0.1806557
1970,2,6,62,79450.0,5074.554,10.98049,2.517654,8.531994,8.465526,0.9233276,0.854437,0.1418187,0.1463391
1970,2,6,63,52550.0,4922.892,11.16651,2.436845,8.501652,8.42565,0.890704,0.8109298,0.1598183,0.1694712
1970,2,6,64,12350.0,6882.895,14.67206,3.246901,8.836795,8.688877,1.177701,1.046212,0.3440941,0.3100775
1970,2,6,65,2550.0,6438.889,9.960784,2.879592,8.770111,8.650288,1.057649,0.9836088,0.2446967,0.1533024
1970,2,6,66,33200.0,4526.111,11.39759,2.240164,8.417619,8.303298,0.8065492,0.6846387,0.2770703,0.2952657
1970,3,6,0,200600.0,,11.02193,,,,,,,
1970,3,6,1,33600.0,8612.182,13.23214,3.960628,9.060933,8.949665,1.376403,1.2651,0.2393811,0.2454744
1970,3,6,2,5600.0,8345.745,14.30357,3.885147,9.029507,9.000039,1.357161,1.318737,0.0587941,0.0751787
1970,3,6,3,300.0,9800.0,15.33333,4.502995,9.190138,9.181936,1.504743,1.50234,0.0165306,0.0048347
1970,3,6,4,3700.0,10977.42,16.94595,5.257164,9.303596,9.17412,1.659592,1.528115,0.4146693,0.4143849
1970,3,6,5,1400.0,10182.14,14.14286,5.07006,9.228391,9.131672,1.623353,1.52658,0.1830512,0.178415
1970,3,6,6,2400.0,9466.667,15.41667,4.677708,9.155532,9.125068,1.542808,1.510926,0.0644954,0.0666266
1970,3,6,7,1500.0,8883.333,18.6,3.546357,9.091932,9.052764,1.265921,1.180627,0.0903663,0.1868885
1970,3,6,8,1450.0,7970.833,15.24138,3.809315,8.983544,8.913815,1.33745,1.266175,0.1599786,0.158618
1970,3,6,9,1300.0,7357.692,13.46154,3.53627,8.903502,8.865512,1.263072,1.223402,0.0739175,0.0763773
1970,3,6,10,1750.0,11663.33,19.71428,5.771825,9.364205,9.198096,1.752988,1.571211,0.3423626,0.3667054
1970,3,6,11,19200.0,8122.549,16.16667,3.884816,9.002399,8.928051,1.357076,1.277324,0.1758323,0.1795998
1970,3,6,12,400.0,7000.0,15.25,3.498443,8.853665,8.797505,1.252318,1.196291,0.1150464,0.1169624
1970,3,6,13,1000.0,9806.25,15.2,4.512527,9.190775,9.137257,1.506857,1.451145,0.1266638,0.1256419
1970,3,6,14,7100.0,7964.167,16.1831,3.717427,8.982708,8.865104,1.313032,1.181307,0.269412,0.2967953
1970,3,6,15,900.0,8278.571,18.0,3.480056,9.021425,8.499704,1.247048,0.734948,1.46527,1.419506
1970,3,6,16,5050.0,8032.051,14.09901,3.793351,8.991196,8.895399,1.33325,1.20066,0.2367025,0.3075699
1970,3,6,17,3350.0,6625.0,12.92537,3.10101,8.798606,8.66536,1.131728,1.005245,0.3992981,0.3831159
1970,3,6,18,6000.0,7533.333,13.26667,3.605329,8.927093,8.856707,1.282413,1.210862,0.1741473,0.1768572
1970,3,6,19,1150.0,9180.0,15.3913,4.444717,9.124783,9.079915,1.491716,1.447431,0.080011,0.0778342
1970,3,6,20,2700.0,9454.0,14.14815,4.537938,9.154193,9.101527,1.512473,1.457695,0.1027641,0.1075114
1970,3,6,21,24800.0,6867.805,12.18145,3.181731,8.834599,8.723279,1.157425,1.038837,0.2548092,0.2724682
1970,3,6,22,3000.0,6330.769,12.2,3.106892,8.753177,8.691107,1.133623,1.069114,0.1246955,0.1326444
1970,3,6,23,1200.0,7362.5,13.58333,3.529454,8.904155,8.895939,1.261143,1.250789,0.0168447,0.0215028
1970,3,6,24,5950.0,8909.091,14.01681,4.205599,9.094828,9.002306,1.436417,1.333222,0.1874909,0.2033421
1970,3,6,25,3300.0,6806.896,13.09091,3.195342,8.825691,8.66965,1.161694,1.012004,0.4942872,0.4802752
1970,3,6,26,3250.0,6515.0,11.6,3.045866,8.781862,8.740045,1.113785,1.07778,0.0838757,0.0753195
1970,3,6,27,3500.0,7186.539,12.28571,3.550884,8.879965,8.834156,1.267196,1.217349,0.0922215,0.1001647
1970,3,6,28,15200.0,7284.21,12.66447,3.41557,8.893464,8.851032,1.228344,1.183192,0.1044463,0.1120536
1970,3,6,29,23750.0,6483.744,11.44842,3.050041,8.777053,8.703503,1.115155,1.040353,0.1771458,0.1781039
1970,3,6,30,1850.0,10400.0,14.64865,4.510638,9.249561,9.194887,1.506439,1.448629,0.1194694,0.1206752
1970,3,6,31,17450.0,6989.394,12.02865,3.425203,8.852149,8.777608,1.231161,1.153468,0.1760255,0.1769919
1970,3,6,32,11750.0,5428.022,10.37447,2.589113,8.59933,8.382797,0.9513155,0.7417014,0.4567965,0.4395784
1970,3,6,33,2000.0,9029.412,12.5,3.864816,9.108243,9.075924,1.351914,1.296135,0.0693054,0.1177093
1970,3,6,34,7350.0,8509.286,12.54422,3.867351,9.048913,8.982308,1.35257,1.287021,0.1923573,0.1870555
1970,3,6,35,5000.0,7251.352,11.86,3.402165,8.888943,8.790847,1.224412,1.137224,0.2157302,0.2008627
1970,3,6,36,15700.0,4908.397,11.13376,2.172833,8.498703,8.352477,0.7760317,0.6376761,0.3849262,0.3697745
1970,3,6,37,5250.0,5305.556,11.50476,2.477883,8.576509,8.525846,0.9074047,0.8577231,0.1054695,0.103468
1970,3,6,38,30950.0,5399.207,10.65913,2.502336,8.594007,8.475355,0.9172247,0.7987857,0.2817656,0.280513
1970,3,6,39,23050.0,5655.899,10.16486,2.809799,8.640454,8.467226,1.033113,0.8463063,0.3995278,0.4183639
1970,3,6,40,4150.0,2388.889,9.036144,1.014699,7.778584,7.441404,0.0145925,-0.338022,0.6690218,0.635805
1970,3,6,41,20300.0,2881.539,8.285714,1.292788,7.96608,7.798474,0.2568012,0.0993824,0.3688691,0.3596331
1970,3,6,42,7200.0,5086.667,10.04167,2.366412,8.534378,8.428458,0.861375,0.7559837,0.2200057,0.2189695
1970,3,6,43,5400.0,3489.706,8.740741,1.661164,8.157573,8.063366,0.5075186,0.4039246,0.2037564,0.2283867
1970,3,6,44,24000.0,6473.153,10.8625,2.92063,8.775418,8.662843,1.071799,0.9648025,0.222707,0.227827
1970,3,6,45,8750.0,6328.082,11.13143,2.941216,8.752752,8.631277,1.078823,0.9521272,0.3498296,0.3669683
1970,3,6,46,24250.0,6344.18,10.62268,3.18098,8.755293,8.623006,1.157189,1.023136,0.328642,0.3324755
1970,3,6,47,62500.0,6118.621,10.5552,2.95828,8.719092,8.578113,1.084608,0.9446411,0.3102576,0.3054329
1970,3,6,48,900.0,6127.778,10.44444,2.913943,8.720588,8.59597,1.069507,0.9302137,0.2706971,0.294965
1970,3,6,49,12350.0,7457.522,11.47368,3.430912,8.916979,8.828418,1.232826,1.14559,0.2386088,0.2258251
1970,3,6,50,7850.0,6368.657,11.78344,3.089346,8.759144,8.691514,1.127959,1.061693,0.1593725,0.1573265
1970,3,6,51,900.0,5638.889,11.88889,2.409725,8.637443,8.546048,0.8795126,0.8087464,0.1684743,0.1379254
1970,3,6,52,2950.0,4970.833,10.88136,2.300206,8.511343,8.448856,0.8329986,0.755374,0.1311513,0.1691611
1970,3,6,53,500.0,5525.0,12.0,2.758512,8.617039,8.596981,1.014691,0.9957668,0.0410563,0.0394696
1970,3,6,54,10050.0,6169.277,10.73632,2.901393,8.727337,8.658459,1.065191,0.9886677,0.1541711,0.1640061
1970,3,6,55,1400.0,6826.923,12.35714,3.22649,8.828629,8.758787,1.171395,1.098543,0.1686837,0.1670532
1970,3,6,56,14450.0,6650.0,11.0519,3.235824,8.802372,8.731427,1.174284,1.096371,0.174118,0.1854095
1970,3,6,57,3350.0,6725.0,10.29851,3.210616,8.813587,8.76498,1.166463,1.123153,0.0964907,0.0844954
1970,3,6,58,2550.0,4421.429,9.09804,2.182803,8.394218,8.297733,0.7806098,0.6757081,0.2027806,0.2252487
1970,3,6,59,4400.0,7187.5,11.79545,3.418068,8.880098,8.820769,1.229076,1.166421,0.1192845,0.1249993
1970,3,6,60,16850.0,4999.646,10.61128,2.380236,8.517122,8.410044,0.8671997,0.7664173,0.2729593,0.2766108
1970,3,6,61,109100.0,6424.89,10.69386,3.082175,8.767935,8.671314,1.125636,1.026376,0.2094875,0.2131067
1970,3,6,62,32550.0,6652.703,11.14593,3.28227,8.802778,8.719923,1.188535,1.096503,0.2128083,0.2365154
1970,3,6,63,9500.0,6827.108,11.8,3.197674,8.828656,8.761261,1.162424,1.097197,0.1627844,0.1577799
1970,3,6,64,76350.0,6031.662,10.56058,2.77373,8.704778,8.588995,1.020193,0.902702,0.2628041,0.272506
1970,3,6,65,19050.0,6841.781,10.57743,3.330449,8.830803,8.743617,1.203107,1.113501,0.2156622,0.2152705
1970,3,6,66,85050.0,5432.851,10.19753,2.613065,8.600219,8.483412,0.9605237,0.8348383,0.2921057,0.3110867
1970,4,6,0,688800.0,,11.04007,,,,,,,
1970,4,6,1,17950.0,6784.112,12.90251,3.389457,8.822339,8.704185,1.22067,1.095545,0.295109,0.3154983
1970,4,6,2,4000.0,6295.833,13.6,3.107819,8.747643,8.709096,1.133921,1.092719,0.0834885,0.0930221
1970,4,6,3,0.0,,,,,,,,,
1970,4,6,4,0.0,,,,,,,,,
1970,4,6,5,500.0,8225.0,14.0,3.662173,9.014934,8.997734,1.298057,1.275662,0.0368652,0.0448452
1970,4,6,6,700.0,9450.0,14.57143,4.477805,9.15377,8.931208,1.499133,1.281057,0.5983515,0.5770034
1970,4,6,7,500.0,5625.0,13.4,2.817468,8.634976,8.588629,1.035839,0.9874136,0.0953665,0.1011666
1970,4,6,8,15200.0,6286.697,13.30921,3.127089,8.746191,8.650406,1.140103,1.041137,0.2454338,0.2540057
1970,4,6,9,800.0,5500.0,15.375,2.726219,8.612503,8.589834,1.002916,0.9821227,0.044552,0.0410517
1970,4,6,10,1650.0,7500.0,18.78788,3.319717,8.922658,8.882114,1.19988,1.130597,0.0791108,0.1535082
1970,4,6,11,47650.0,6769.817,16.63379,3.435336,8.82023,8.765348,1.234115,1.171995,0.1200933,0.1345464
1970,4,6,12,1200.0,5300.0,17.91667,2.698329,8.575462,8.404366,0.9926327,0.8342168,0.3965337,0.3385867
1970,4,6,13,200.0,7650.0,16.0,3.75,8.942461,8.942461,1.321756,1.321756,0.0,0.0
1970,4,6,14,6850.0,6658.696,14.93431,3.344351,8.803679,8.707341,1.207273,1.110226,0.2416608,0.2337285
1970,4,6,15,200.0,24700.0,19.0,12.60201,10.11456,9.90867,2.533857,2.268054,0.4430161,0.5832563
1970,4,6,16,1950.0,7972.222,14.76923,4.000876,8.983719,8.890774,1.386513,1.294883,0.1762307,0.1776549
1970,4,6,17,18300.0,5074.793,12.98361,2.493649,8.532042,8.430051,0.913747,0.8102797,0.2626597,0.2684789
1970,4,6,18,1000.0,5981.25,13.8,2.938862,8.696384,8.650221,1.078022,1.03454,0.0994536,0.0939962
1970,4,6,19,300.0,5050.0,13.0,2.137923,8.527143,8.527143,0.7598349,0.7472116,0.0,0.0254806
1970,4,6,20,1100.0,8750.0,14.54545,4.263796,9.076809,9.015766,1.45016,1.395079,0.1167673,0.1078863
1970,4,6,21,29350.0,4345.031,12.03407,2.133843,8.376788,8.261777,0.7579246,0.635117,0.2273307,0.2483987
1970,4,6,22,49050.0,5352.0,12.76656,2.67954,8.585226,8.524939,0.985645,0.927007,0.1527307,0.1477648
1970,4,6,23,6500.0,5145.349,12.70769,2.559205,8.545849,8.497986,0.9396965,0.8852304,0.1056212,0.1196284
1970,4,6,24,11300.0,5379.629,12.65487,2.748445,8.590375,8.513564,1.011035,0.9316585,0.1628418,0.1681411
1970,4,6,25,13450.0,5324.21,12.66171,2.635374,8.58002,8.520692,0.9690252,0.9083585,0.1343199,0.1360321
1970,4,6,26,2250.0,5255.882,12.04444,2.563745,8.567103,8.533348,0.9414693,0.9110903,0.0709043,0.0641023
1970,4,6,27,11900.0,4647.778,12.17647,2.304799,8.444144,8.366749,0.8349934,0.7549865,0.1877171,0.1919993
1970,4,6,28,10050.0,6521.333,12.98507,3.189993,8.782834,8.694004,1.160019,1.069246,0.2983838,0.2994065
1970,4,6,29,5500.0,4613.415,11.70909,2.290587,8.436724,8.34385,0.8288082,0.727453,0.2206809,0.2401783
1970,4,6,30,4150.0,5426.667,12.74699,2.671884,8.59908,8.541633,0.982784,0.9261432,0.1221115,0.1190059
1970,4,6,31,54450.0,5043.675,12.41873,2.552403,8.52589,8.442264,0.9370354,0.8491086,0.206769,0.2179716
1970,4,6,32,61750.0,2379.658,11.29717,1.190978,7.774712,7.577349,0.1747745,-0.0163743,0.4328158,0.4170579
1970,4,6,33,0.0,,,,,,,,,
1970,4,6,34,450.0,6383.333,13.11111,2.981118,8.761446,8.743345,1.092299,1.083379,0.0350472,0.017465
1970,4,6,35,800.0,4210.0,15.875,2.071929,8.345218,8.171269,0.7284799,0.5585651,0.343469,0.3349761
1970,4,6,36,42600.0,3126.667,10.92723,1.512045,8.047723,7.869719,0.4134633,0.2351608,0.4264743,0.4255274
1970,4,6,37,41700.0,3796.691,11.46283,1.872086,8.241885,8.137833,0.6270534,0.5166336,0.2827261,0.2965483
1970,4,6,38,4900.0,3122.414,11.34694,1.477503,8.046362,7.900354,0.3903535,0.2696127,0.3192904,0.2802609
1970,4,6,39,55050.0,3187.625,10.13079,1.618128,8.067032,7.75283,0.4812701,0.154098,0.6619496,0.6643371
1970,4,6,40,700.0,3292.857,9.571428,1.614146,8.099511,7.916732,0.4788058,0.2960269,0.389695,0.3896953
1970,4,6,41,4950.0,2596.667,9.313131,1.252405,7.861984,7.699689,0.2250655,0.0848633,0.3644905,0.2970347
1970,4,6,42,100.0,4050.0,9.0,1.985294,8.306472,8.306472,0.6857671,0.6857671,0.0,0.0
1970,4,6,43,300.0,4050.0,9.333333,1.985294,8.306472,8.306472,0.6857671,0.6857671,0.0,0.0
1970,4,6,44,300.0,4150.0,11.33333,2.097224,8.330864,8.182966,0.7406146,0.6212443,0.3122232,0.2496382
1970,4,6,45,200.0,3550.0,11.5,1.740196,8.174703,8.174703,0.5539978,0.5539978,0.0,0.0
1970,4,6,46,1150.0,4966.667,9.826087,2.43464,8.510504,8.478386,0.8897991,0.8576803,0.0594595,0.0594596
1970,4,6,47,1100.0,3064.286,10.18182,1.394334,8.02757,7.610301,0.3324171,-0.0195982,1.056867,0.9454512
1970,4,6,48,100.0,5050.0,8.0,3.094363,8.527143,8.527143,1.129582,1.129582,0.0,0.0
1970,4,6,49,2500.0,4750.0,11.56,2.387615,8.465899,8.372474,0.8702949,0.7879562,0.1907773,0.1726418
1970,4,6,50,300.0,6550.0,12.66667,3.210784,8.78722,8.781477,1.166515,1.160772,0.0115668,0.0115668
1970,4,6,51,200.0,4150.0,8.0,2.034314,8.330864,8.330864,0.7101585,0.7101585,0.0,0.0
1970,4,6,52,1650.0,3642.308,12.36364,1.863311,8.200373,8.064585,0.622355,0.4853477,0.2731463,0.2775421
1970,4,6,53,600.0,4770.0,11.16667,2.386328,8.470101,8.431053,0.8697556,0.8259405,0.0792788,0.0889012
1970,4,6,54,2650.0,3005.556,11.32076,1.425792,8.008218,7.938949,0.3547277,0.2847699,0.1827333,0.1797861
1970,4,6,55,0.0,,,,,,,,,
1970,4,6,56,2950.0,5881.579,11.11864,2.846551,8.679581,8.550904,1.046108,0.9220126,0.2317592,0.2196942
1970,4,6,57,100.0,4050.0,12.0,1.985294,8.306472,8.306472,0.6857671,0.6857671,0.0,0.0
1970,4,6,58,100.0,3050.0,10.0,1.495098,8.022897,8.022897,0.4021918,0.4021918,0.0,0.0
1970,4,6,59,1100.0,5287.5,11.36364,2.664588,8.573101,8.536984,0.9800494,0.9410264,0.0816928,0.0886117
1970,4,6,60,48450.0,3683.333,11.23426,1.856349,8.211574,8.091433,0.6186118,0.4915397,0.2725701,0.2845533
1970,4,6,61,54300.0,4132.121,10.90424,2.086808,8.326546,8.21595,0.7356355,0.622174,0.2600178,0.2622466
1970,4,6,62,20600.0,4579.921,11.45631,2.28288,8.429437,8.352556,0.8254378,0.7523134,0.1707321,0.1634768
1970,4,6,63,9050.0,4195.614,11.14917,2.073166,8.341795,8.285681,0.729077,0.6728426,0.1307293,0.1281591
1970,4,6,64,2850.0,5431.579,12.0,2.523056,8.599985,8.519528,0.9254709,0.8408438,0.1726502,0.1890379
1970,4,6,65,800.0,3550.0,9.0,1.906658,8.174703,8.133626,0.6453522,0.6244925,0.0866277,0.0440217
1970,4,6,66,10050.0,4024.107,10.64677,2.051931,8.300058,8.174097,0.7187812,0.5871987,0.3154629,0.3300014
1970,0,7,0,7761350.0,,11.19592,,,,,,,
1970,0,7,1,1569250.0,13745.91,13.52684,,9.528497,9.339027,,,0.4147592,
1970,0,7,2,272800.0,11651.21,13.89296,,9.363165,9.248288,,,0.2429209,
1970,0,7,3,16900.0,16970.63,16.88461,,9.739239,9.601445,,,0.2758333,
1970,0,7,4,320050.0,14786.25,15.45446,,9.601453,9.528287,,,0.1745546,
1970,0,7,5,51050.0,13355.23,14.44662,,9.499663,9.431396,,,0.1585755,
1970,0,7,6,59600.0,12844.4,16.10906,,9.460663,9.352076,,,0.2645556,
1970,0,7,7,100950.0,28170.19,18.62853,,10.24602,10.03219,,,0.5460511,
1970,0,7,8,182700.0,8508.253,14.10591,,9.048792,8.908899,,,0.299876,
1970,0,7,9,13650.0,9618.138,15.21612,,9.171406,8.964964,,,0.4207593,
1970,0,7,10,94350.0,14493.66,18.50397,,9.581467,9.459674,,,0.2936974,
1970,0,7,11,466550.0,9577.999,16.99582,,9.167224,9.049765,,,0.3038507,
1970,0,7,12,21650.0,8945.133,16.82679,,9.098865,9.005868,,,0.2231379,
1970,0,7,13,27150.0,16325.91,16.97238,,9.700509,9.555519,,,0.3300595,
1970,0,7,14,110350.0,7986.911,16.39465,,8.985559,8.846531,,,0.3254326,
1970,0,7,15,62250.0,23553.4,18.69719,,10.06703,9.895655,,,0.4305417,
1970,0,7,16,127100.0,12207.57,13.82848,,9.409812,9.232421,,,0.4136568,
1970,0,7,17,79650.0,6561.175,12.59259,,8.788925,8.650788,,,0.3006239,
1970,0,7,18,141650.0,10351.18,12.72997,,9.244856,9.174963,,,0.1519392,
1970,0,7,19,19600.0,9212.717,13.04592,,9.12834,9.063385,,,0.1483215,
1970,0,7,20,55700.0,13183.63,13.38869,,9.486732,9.37213,,,0.2435307,
1970,0,7,21,1080150.0,10733.18,12.46688,,9.281096,9.031803,,,0.5388989,
1970,0,7,22,579600.0,5970.291,12.29374,,8.694551,8.614442,,,0.1653422,
1970,0,7,23,70000.0,6363.248,12.25857,,8.758294,8.629031,,,0.2795796,
1970,0,7,24,122700.0,9773.257,13.49715,,9.187405,9.021352,,,0.3732291,
1970,0,7,25,347650.0,6287.159,12.149,,8.746264,8.641673,,,0.2123306,
1970,0,7,26,19650.0,6848.438,11.33079,,8.831776,8.702475,,,0.2658132,
1970,0,7,27,90500.0,6715.297,11.87845,,8.812143,8.724981,,,0.1647034,
1970,0,7,28,133400.0,8101.004,11.90442,,8.999743,8.95887,,,0.1088905,
1970,0,7,29,218750.0,7852.297,11.25417,,8.968561,8.884608,,,0.1882982,
1970,0,7,30,83600.0,10183.15,13.20993,,9.22849,9.105569,,,0.2411575,
1970,0,7,31,480800.0,6600.158,11.96995,,8.794848,8.675266,,,0.2497612,
1970,0,7,32,172300.0,3419.828,9.308764,,8.137345,7.889478,,,0.5459383,
1970,0,7,33,53450.0,10352.29,11.5304,,9.244963,9.186706,,,0.1288409,
1970,0,7,34,101250.0,9739.771,12.15457,,9.183973,9.119295,,,0.150808,
1970,0,7,35,50150.0,7927.407,11.14955,,8.978082,8.892784,,,0.1939315,
1970,0,7,36,377200.0,4582.613,10.2268,,8.430024,8.223239,,,0.444167,
1970,0,7,37,147250.0,4436.558,10.76469,,8.397635,8.287331,,,0.2349525,
1970,0,7,38,156700.0,6310.995,9.791959,,8.750049,8.625879,,,0.2894974,
1970,0,7,39,289100.0,5418.468,10.31788,,8.597569,8.344287,,,0.5969725,
1970,0,7,40,253950.0,8340.896,10.8671,,9.028926,8.686268,,,0.7688097,
1970,0,7,41,119850.0,4576.549,8.180225,,8.4287,8.178542,,,0.5103168,
1970,0,7,42,39150.0,6630.5,9.393359,,8.799436,8.65057,,,0.3493258,
1970,0,7,43,20800.0,6825.0,8.692307,,8.828347,8.630677,,,0.420188,
1970,0,7,44,375800.0,8580.185,10.36868,,9.057211,8.972275,,,0.1985735,
1970,0,7,45,160850.0,9707.783,11.56606,,9.180683,9.105658,,,0.1745098,
1970,0,7,46,225900.0,8983.503,10.46016,,9.103146,9.003388,,,0.2251061,
1970,0,7,47,697400.0,9239.229,10.21171,,9.131214,9.017282,,,0.263249,
1970,0,7,48,31650.0,8528.27,9.608214,,9.051142,8.965,,,0.201892,
1970,0,7,49,412450.0,10439.61,11.57025,,9.253363,9.164933,,,0.2063816,
1970,0,7,50,156700.0,9732.271,10.83344,,9.183203,9.118378,,,0.1467523,
1970,0,7,51,14600.0,8047.521,9.979452,,8.993119,8.911884,,,0.173688,
1970,0,7,52,42850.0,6780.615,10.15403,,8.821823,8.662413,,,0.3443137,
1970,0,7,53,16550.0,8566.313,11.31722,,9.055593,8.917116,,,0.2844881,
1970,0,7,54,72050.0,7912.834,10.17418,,8.976241,8.873114,,,0.251666,
1970,0,7,55,35850.0,9602.041,11.15342,,9.169731,9.095871,,,0.1909053,
1970,0,7,56,163650.0,8126.66,10.04277,,9.002905,8.916326,,,0.2010364,
1970,0,7,57,23600.0,8021.801,9.622881,,8.989918,8.877049,,,0.2934995,
1970,0,7,58,15500.0,6519.231,9.141935,,8.782512,8.605103,,,0.342775,
1970,0,7,59,77650.0,9935.493,11.32968,,9.203869,9.105307,,,0.2208682,
1970,0,7,60,323350.0,4576.546,9.631668,,8.428699,8.33107,,,0.1996069,
1970,0,7,61,828550.0,7082.728,9.931688,,8.865415,8.752645,,,0.2632647,
1970,0,7,62,299250.0,7243.376,10.20267,,8.887843,8.791371,,,0.2226175,
1970,0,7,63,186400.0,7397.838,10.81947,,8.908943,8.799043,,,0.2546791,
1970,0,7,64,575050.0,8247.438,10.02078,,9.017658,8.913509,,,0.2388893,
1970,0,7,65,173750.0,9064.903,9.983022,,9.112165,9.01004,,,0.2318128,
1970,0,7,66,378950.0,6772.691,9.705766,,8.820654,8.698518,,,0.2832902,
1970,1,7,0,804350.0,,11.84683,,,,,,,
1970,1,7,1,1296950.0,14741.46,13.77833,6.21999,9.598419,9.434524,1.827768,1.652237,0.350248,0.3820032
1970,1,7,2,206850.0,12782.1,14.39014,5.682893,9.455801,9.362842,1.73746,1.644103,0.1854856,0.1947909
1970,1,7,3,16250.0,17042.31,17.07077,7.595994,9.743454,9.605807,2.027621,1.895242,0.2749445,0.2810397
1970,1,7,4,312600.0,14866.2,15.5755,6.929893,9.606846,9.535586,1.935844,1.86174,0.169163,0.178482
1970,1,7,5,43900.0,13873.17,14.8041,6.544207,9.537712,9.481605,1.87858,1.816428,0.1245653,0.1380325
1970,1,7,6,53850.0,13158.69,16.23027,6.120121,9.484838,9.379992,1.811582,1.69682,0.2559508,0.2835461
1970,1,7,7,91550.0,29016.25,18.84981,11.26673,10.27561,10.07488,2.421854,2.215309,0.517316,0.5303547
1970,1,7,8,26500.0,14147.44,16.4,5.502831,9.557289,9.451597,1.705263,1.607384,0.223665,0.2116214
1970,1,7,9,5600.0,12645.92,16.46428,5.520634,9.445089,9.289947,1.708493,1.591178,0.2848307,0.221611
1970,1,7,10,73050.0,15261.9,19.43737,6.44393,9.633115,9.520515,1.863139,1.751415,0.2692373,0.2706788
1970,1,7,11,166450.0,11142.62,18.14178,5.025317,9.318533,9.238774,1.614489,1.524565,0.2006829,0.2244201
1970,1,7,12,4800.0,11102.5,18.27083,5.181058,9.314925,9.243547,1.645009,1.573927,0.1566853,0.1627315
1970,1,7,13,22800.0,17187.44,17.08333,7.683127,9.751934,9.614997,2.039026,1.907476,0.3137389,0.303032
1970,1,7,14,78500.0,8211.074,16.99873,3.27082,9.013239,8.881617,1.185041,1.024354,0.3004105,0.3608344
1970,1,7,15,59100.0,23966.0,18.8714,9.922882,10.08439,9.917293,2.294843,2.125347,0.42472,0.4316056
1970,1,7,16,94600.0,13116.07,14.20507,5.869523,9.481593,9.32613,1.769773,1.610897,0.3707644,0.3760868
1970,1,7,17,12850.0,10374.59,14.42802,4.499471,9.247115,9.146069,1.50396,1.408147,0.2087587,0.2069148
1970,1,7,18,124100.0,10708.28,12.88961,5.043907,9.278772,9.218981,1.618181,1.554386,0.1312964,0.1420351
1970,1,7,19,15350.0,9826.979,13.42671,4.49218,9.192886,9.138681,1.502338,1.432565,0.1279309,0.166856
1970,1,7,20,47200.0,13960.0,14.13983,6.580044,9.543951,9.438272,1.884041,1.766326,0.2270788,0.2465969
1970,1,7,21,663500.0,13011.01,13.2737,5.606813,9.473551,9.311173,1.723982,1.551704,0.3332461,0.3561486
1970,1,7,22,20100.0,10705.43,13.06965,4.9409,9.278507,9.139387,1.597547,1.458178,0.2725192,0.2744865
1970,1,7,23,14150.0,9340.741,12.67138,4.234924,9.142141,9.031581,1.443365,1.331497,0.261858,0.2738222
1970,1,7,24,55050.0,12975.38,14.70845,5.859766,9.470809,9.379902,1.76811,1.673635,0.2034851,0.214749
1970,1,7,25,54850.0,9775.656,12.93892,4.440957,9.187651,9.105087,1.49087,1.401785,0.1613455,0.1787211
1970,1,7,26,7750.0,9286.111,11.49677,4.359942,9.136275,9.058388,1.472459,1.396085,0.1471312,0.1454661
1970,1,7,27,17050.0,10010.25,12.65689,4.606577,9.211365,9.164663,1.527485,1.484802,0.0936373,0.0871146
1970,1,7,28,94950.0,8395.713,12.0653,3.857828,9.035477,9.006115,1.350104,1.320264,0.0729003,0.074696
1970,1,7,29,155400.0,8525.99,11.34299,3.906965,9.050875,8.979454,1.362761,1.289557,0.1640923,0.1678735
1970,1,7,30,58400.0,11651.18,13.72774,5.254776,9.363162,9.271568,1.659137,1.569554,0.1679438,0.1697538
1970,1,7,31,112200.0,9624.42,12.43939,4.561438,9.172059,9.084489,1.517638,1.42593,0.1835241,0.1916749
1970,1,7,32,16350.0,6782.258,9.180429,3.065772,8.822065,8.726634,1.120299,1.024255,0.199643,0.1918394
1970,1,7,33,52450.0,10386.31,11.56339,3.939802,9.248244,9.190112,1.371131,1.306004,0.1289422,0.1446922
1970,1,7,34,93050.0,9897.593,12.21924,4.374147,9.200047,9.1422,1.475711,1.410763,0.1300527,0.1503688
1970,1,7,35,37700.0,8198.313,11.16711,3.644775,9.011683,8.935963,1.293295,1.217773,0.1663383,0.1668746
1970,1,7,36,73150.0,7259.947,10.31032,3.036219,8.890128,8.751698,1.110613,0.9746969,0.2966666,0.2951987
1970,1,7,37,11500.0,6761.386,11.11304,3.115978,8.818983,8.704073,1.136543,1.034757,0.2425539,0.221864
1970,1,7,38,95550.0,6957.917,10.14652,3.176096,8.847635,8.74654,1.155653,1.057202,0.2371062,0.2344202
1970,1,7,39,79100.0,7802.312,10.73072,3.466423,8.962175,8.830445,1.243123,1.103434,0.276695,0.2913718
1970,1,7,40,236450.0,8500.095,11.05942,3.138375,9.047832,8.716736,1.143705,0.7982162,0.7383379,0.7588392
1970,1,7,41,73900.0,5201.026,8.415426,2.050928,8.556611,8.331784,0.7182922,0.4927729,0.4556648,0.4514034
1970,1,7,42,30050.0,7105.648,9.567388,3.188768,8.868646,8.737876,1.159635,1.03582,0.2988929,0.2886426
1970,1,7,43,15750.0,7763.917,9.377778,3.410907,8.957242,8.768363,1.226978,1.058046,0.4226563,0.3948246
1970,1,7,44,343150.0,8740.677,10.44733,3.881398,9.075743,8.99492,1.356195,1.265203,0.1880162,0.2138167
1970,1,7,45,152250.0,9794.464,11.63218,4.390813,9.189572,9.119403,1.479514,1.406959,0.16551,0.1737103
1970,1,7,46,194800.0,9352.082,10.68583,4.416455,9.143354,9.054567,1.485337,1.391912,0.1966631,0.2087527
1970,1,7,47,612100.0,9584.495,10.61248,4.502557,9.167902,9.06547,1.504645,1.395737,0.2341224,0.2491171
1970,1,7,48,29650.0,8632.099,9.831366,3.86927,9.063243,8.975017,1.353066,1.269001,0.2091378,0.2145552
1970,1,7,49,366900.0,10844.79,11.67648,4.839642,9.29144,9.213297,1.576841,1.489912,0.1848848,0.2040187
1970,1,7,50,145800.0,9892.073,10.96159,4.538201,9.199489,9.138874,1.512531,1.449066,0.1361623,0.14288
1970,1,7,51,12650.0,8369.266,10.11067,3.856537,9.032321,8.965213,1.34977,1.270072,0.1385708,0.1638923
1970,1,7,52,22750.0,8235.93,10.17143,3.696248,9.016261,8.913239,1.307318,1.205388,0.2252551,0.22897
1970,1,7,53,10800.0,9988.119,11.68519,4.34724,9.209151,9.095281,1.469541,1.369676,0.2485475,0.2292945
1970,1,7,54,55050.0,8490.117,10.35059,3.731546,9.046659,8.9671,1.316823,1.230851,0.1914755,0.2082258
1970,1,7,55,32800.0,9759.873,11.23476,4.426309,9.186034,9.113805,1.487566,1.408052,0.1879999,0.1982332
1970,1,7,56,123200.0,8698.036,10.16802,4.052852,9.070852,9.002765,1.399421,1.327033,0.1639527,0.174396
1970,1,7,57,17800.0,8561.18,9.825843,4.012354,9.054994,8.943979,1.389378,1.281911,0.3113741,0.3084449
1970,1,7,58,10950.0,7168.75,9.744292,3.287869,8.877486,8.704492,1.19024,1.036483,0.3176624,0.291585
1970,1,7,59,66850.0,10330.96,11.46447,4.847448,9.242901,9.159849,1.578452,1.49297,0.1829087,0.1960994
1970,1,7,60,52850.0,6711.233,9.672659,3.033762,8.811538,8.724135,1.109803,1.030195,0.1849913,0.1755678
1970,1,7,61,461750.0,8251.296,10.10374,3.85146,9.018126,8.942144,1.348452,1.268661,0.1737158,0.1824105
1970,1,7,62,167500.0,8417.602,10.23881,3.92776,9.03808,8.968532,1.368069,1.295419,0.1660767,0.1751886
1970,1,7,63,94500.0,9182.649,11.26772,4.323109,9.125072,9.067687,1.463975,1.403969,0.1328293,0.1413676
1970,1,7,64,464050.0,8647.354,10.19675,3.720246,9.065009,8.973204,1.31379,1.218272,0.2101724,0.2191896
1970,1,7,65,151250.0,9409.691,10.14612,4.232173,9.149495,9.056345,1.442716,1.349214,0.2124844,0.2123231
1970,1,7,66,240700.0,7498.137,9.948068,3.409736,8.92241,8.823187,1.226635,1.12366,0.2312134,0.2432521
1970,2,7,0,6145650.0,,12.17617,,,,,,,
1970,2,7,1,222200.0,7227.5,13.06526,3.382998,8.885649,8.70406,1.218762,1.030553,0.3982579,0.4248907
1970,2,7,2,57600.0,7215.46,12.88715,3.474218,8.883982,8.791716,1.245369,1.148825,0.2186428,0.2366224
1970,2,7,3,450.0,8800.0,19.11111,4.42402,9.082507,9.009187,1.487049,1.427462,0.1510147,0.1221695
1970,2,7,4,3250.0,9623.077,13.56923,4.599223,9.17192,9.019313,1.525887,1.366032,0.3789462,0.4074075
1970,2,7,5,5950.0,9372.642,13.73109,4.620146,9.145551,9.047832,1.530426,1.424579,0.2531437,0.2636954
1970,2,7,6,3950.0,9305.556,16.75949,4.573539,9.138367,9.05497,1.520287,1.43595,0.1965312,0.2030175
1970,2,7,7,6500.0,18582.29,18.26154,7.770815,9.829965,9.569238,2.050375,1.797834,0.5801788,0.5302885
1970,2,7,8,138650.0,7120.023,16.08511,3.4578,8.870667,8.784715,1.240633,1.156446,0.2053155,0.210114
1970,2,7,9,6400.0,6553.659,16.04688,3.181585,8.787779,8.599804,1.15738,0.977515,0.4062167,0.3917179
1970,2,7,10,17500.0,10178.4,20.15429,4.673315,9.228023,9.118393,1.541869,1.444515,0.2818282,0.2462434
1970,2,7,11,243600.0,7605.379,18.18432,3.707587,8.936611,8.805811,1.310381,1.165464,0.3530803,0.3904032
1970,2,7,12,15000.0,7866.406,17.85333,3.91961,8.970357,8.881818,1.365992,1.268449,0.2338971,0.2502426
1970,2,7,13,3450.0,10745.65,18.69565,5.203115,9.282256,9.158203,1.649258,1.516844,0.3138012,0.3724616
1970,2,7,14,18750.0,6711.151,16.25067,3.232348,8.811525,8.662175,1.173209,1.008496,0.430573,0.4632843
1970,2,7,15,1950.0,13114.71,18.8718,5.731786,9.481489,9.360973,1.746027,1.634217,0.259781,0.2458348
1970,2,7,16,28900.0,8071.386,15.41868,3.975105,8.99608,8.787947,1.380051,1.15651,0.4179387,0.448422
1970,2,7,17,46100.0,5501.84,13.27115,2.658021,8.612838,8.519898,0.9775819,0.889019,0.214134,0.2054245
1970,2,7,18,12250.0,6583.333,12.72653,3.208149,8.792296,8.73611,1.165694,1.105834,0.1074457,0.114344
1970,2,7,19,3350.0,6660.0,12.74627,3.310073,8.803875,8.756375,1.19697,1.142589,0.0953778,0.1076103
1970,2,7,20,6600.0,8513.793,13.40909,4.060941,9.049443,8.96662,1.401415,1.314695,0.1736688,0.1843278
1970,2,7,21,375400.0,4642.77,13.1878,2.2617,8.443067,8.278228,0.8161169,0.6594234,0.3247786,0.3191585
1970,2,7,22,535300.0,5747.523,13.18644,2.872525,8.656525,8.589292,1.055191,0.9862397,0.1467281,0.1491234
1970,2,7,23,50150.0,4986.979,13.52742,2.464464,8.514585,8.444693,0.9019745,0.8359184,0.1595226,0.1504682
1970,2,7,24,56050.0,6152.771,13.58608,3.04019,8.724658,8.607486,1.11192,1.001994,0.2705615,0.2576815
1970,2,7,25,282300.0,5438.151,13.00531,2.681509,8.601194,8.527376,0.9863795,0.9110372,0.1625344,0.1679429
1970,2,7,26,8700.0,4853.279,12.2069,2.464819,8.48741,8.420691,0.9021184,0.8347614,0.1454662,0.1587345
1970,2,7,27,67750.0,5694.557,12.42657,2.831043,8.647266,8.588589,1.040645,0.9794763,0.1071555,0.1132072
1970,2,7,28,13500.0,6201.686,13.05926,3.071801,8.732576,8.631911,1.122264,1.015614,0.3098187,0.3428441
1970,2,7,29,39350.0,5587.201,11.90343,2.739941,8.628234,8.569721,1.007936,0.9462552,0.1222577,0.1264568
1970,2,7,30,22100.0,5804.294,12.8733,2.912249,8.666353,8.616738,1.068925,1.016104,0.1086506,0.1143679
1970,2,7,31,319100.0,5272.392,12.73676,2.646604,8.570239,8.496977,0.9732774,0.9001138,0.1675776,0.1671137
1970,2,7,32,52150.0,3280.2,11.00288,1.592292,8.095659,7.949327,0.4651744,0.3182859,0.3368163,0.342047
1970,2,7,33,200.0,6050.0,7.5,2.965686,8.707813,8.707813,1.087108,1.087108,0.0,0.0
1970,2,7,34,3350.0,6587.037,13.19403,3.051743,8.792859,8.691724,1.115713,1.023228,0.2404556,0.2187893
1970,2,7,35,3850.0,5303.846,15.58442,2.455937,8.576187,8.463967,0.8985083,0.7644914,0.2514724,0.3135623
1970,2,7,36,232750.0,3406.663,12.0971,1.630018,8.133489,7.990277,0.4885908,0.347394,0.3178925,0.3248613
1970,2,7,37,89200.0,3939.223,11.57287,1.947338,8.278739,8.201893,0.6664634,0.5855611,0.1785188,0.1868513
1970,2,7,38,14050.0,4580.0,11.03203,2.336785,8.429454,8.226368,0.848776,0.624673,0.4596878,0.4947069
1970,2,7,39,135250.0,3946.269,11.4854,1.932353,8.280526,8.065224,0.6587387,0.4446679,0.5201318,0.5267153
1970,2,7,40,10150.0,6172.093,11.76355,2.252085,8.727794,8.226975,0.8118564,0.3523293,1.157173,1.070119
1970,2,7,41,18200.0,2957.609,10.76374,1.364876,7.992136,7.814964,0.3110633,0.1030213,0.4612186,0.5417004
1970,2,7,42,3050.0,3776.667,12.19672,1.856213,8.236597,8.150887,0.6185382,0.504121,0.1875578,0.2655879
1970,2,7,43,500.0,4550.0,11.2,1.863653,8.422882,8.31832,0.6225384,0.5231994,0.241981,0.2200222
1970,2,7,44,5800.0,7075.0,10.53448,3.237036,8.864323,8.736137,1.174658,1.04688,0.2902665,0.277771
1970,2,7,45,3150.0,8382.0,11.61905,3.570645,9.033842,8.7627,1.272746,1.084945,0.4163712,0.3144295
1970,2,7,46,7850.0,5086.735,11.03185,2.610717,8.534391,8.46004,0.9596249,0.8784804,0.1707661,0.1820691
1970,2,7,47,8900.0,6511.719,11.10112,3.095222,8.781359,8.616356,1.129859,0.9707232,0.4341936,0.4269263
1970,2,7,48,350.0,8116.667,12.57143,3.716076,9.001675,8.997568,1.312668,1.296699,0.0082325,0.0329425
1970,2,7,49,27450.0,6291.77,11.30419,2.978639,8.746998,8.655692,1.091467,1.0043,0.1622232,0.1582656
1970,2,7,50,4500.0,6629.311,10.06667,3.335478,8.799256,8.705636,1.204616,1.104735,0.2010042,0.2137043
1970,2,7,51,750.0,3775.0,10.53333,1.774918,8.236156,8.161711,0.5737544,0.5115604,0.1557927,0.1312517
1970,2,7,52,14850.0,4024.699,11.76431,2.044956,8.300205,8.183858,0.7153761,0.5824515,0.243859,0.2613635
1970,2,7,53,4850.0,4710.0,10.78351,2.376009,8.457443,8.417894,0.865422,0.8254899,0.0813778,0.0838875
1970,2,7,54,8500.0,5041.667,10.91765,2.46781,8.525492,8.390515,0.9033311,0.7562357,0.3255961,0.3434676
1970,2,7,55,350.0,7650.0,12.28571,3.75,8.942461,8.93658,1.321756,1.315874,0.0115287,0.0115287
1970,2,7,56,25100.0,5053.371,10.31076,2.503827,8.527811,8.467587,0.9178202,0.8518253,0.1253351,0.1378102
1970,2,7,57,1550.0,5315.385,10.19355,2.607658,8.578361,8.488423,0.9584526,0.8707954,0.2128235,0.2050497
1970,2,7,58,1800.0,4259.091,9.777778,2.166131,8.356811,8.304168,0.7729427,0.6981013,0.1074897,0.153974
1970,2,7,59,6350.0,5975.51,12.25197,2.86751,8.695425,8.619597,1.053444,0.9868548,0.1392538,0.1277349
1970,2,7,60,218350.0,4011.382,10.12136,2.002695,8.296891,8.23566,0.6944937,0.6327959,0.1317468,0.1327675
1970,2,7,61,237300.0,4714.083,10.34766,2.345263,8.458309,8.376569,0.8523974,0.7704263,0.1979735,0.200414
1970,2,7,62,96050.0,4931.14,10.59032,2.45001,8.503325,8.443359,0.8960919,0.8343986,0.1384235,0.139852
1970,2,7,63,78500.0,4988.828,10.66879,2.446502,8.514956,8.449302,0.8946592,0.8308076,0.1539092,0.147124
1970,2,7,64,20100.0,6048.529,14.10945,2.765463,8.70757,8.603632,1.017208,0.9278733,0.2300588,0.205297
1970,2,7,65,3050.0,4471.053,11.31148,2.20667,8.405379,8.265889,0.7914846,0.6590435,0.3047005,0.2911156
1970,2,7,66,49200.0,4685.065,11.10163,2.330104,8.452135,8.333557,0.8459129,0.7230974,0.2310632,0.2443623
1970,3,7,0,177650.0,,9.728117,,,,,,,
1970,3,7,1,32850.0,9695.588,13.05327,4.327506,9.179426,9.022885,1.464991,1.302259,0.348783,0.3664035
1970,3,7,2,5450.0,9246.0,14.0367,4.188983,9.131947,9.027889,1.432458,1.332788,0.3298399,0.3174127
1970,3,7,3,200.0,19550.0,10.0,10.32138,9.880731,9.853512,2.334217,2.29179,0.0552095,0.0864937
1970,3,7,4,4200.0,12110.0,14.33333,5.803221,9.401787,9.308377,1.758413,1.651902,0.2278794,0.2482414
1970,3,7,5,700.0,15342.86,15.0,6.8411,9.638406,9.583611,1.922949,1.87192,0.1068266,0.1070252
1970,3,7,6,1300.0,11342.31,16.30769,5.298209,9.336295,9.166662,1.667369,1.490664,0.4775003,0.4839096
1970,3,7,7,2500.0,18384.09,18.48,6.939095,9.819241,9.499914,1.937171,1.62743,0.6800699,0.7088185
1970,3,7,8,1800.0,5862.5,12.94444,2.668725,8.676332,8.512482,0.9816008,0.8287025,0.3784799,0.3849097
1970,3,7,9,850.0,9483.333,16.82353,4.359939,9.157291,9.109218,1.472458,1.415807,0.0970829,0.1120356
1970,3,7,10,1800.0,11764.29,18.0,5.302259,9.372824,9.314609,1.668133,1.588599,0.1348945,0.1684231
1970,3,7,11,14200.0,9600.658,17.09859,4.745829,9.169587,9.07778,1.557266,1.451054,0.1913862,0.2166311
1970,3,7,12,100.0,10050.0,19.0,4.557823,9.215328,9.215328,1.516845,1.516845,0.0,0.0
1970,3,7,13,500.0,11510.0,18.4,5.138712,9.350971,9.282804,1.636803,1.557485,0.1271165,0.1602142
1970,3,7,14,6400.0,8154.311,16.29688,3.741764,9.006302,8.896909,1.319557,1.185399,0.2449648,0.3108975
1970,3,7,15,900.0,19477.78,19.0,8.701447,9.877029,9.647685,2.163489,1.871899,0.494387,0.5941351
1970,3,7,16,3050.0,9539.583,13.57377,4.368899,9.163205,9.076566,1.474511,1.389833,0.1716239,0.1720429
1970,3,7,17,2800.0,7948.0,12.96429,3.52029,8.980676,8.887379,1.258543,1.191415,0.2027484,0.1530523
1970,3,7,18,4300.0,10022.86,13.16279,4.800938,9.212624,9.062412,1.568811,1.396393,0.2876351,0.3302264
1970,3,7,19,700.0,7178.571,11.57143,3.467943,8.878856,8.823324,1.243562,1.185793,0.1227745,0.1256924
1970,3,7,20,1700.0,9658.823,12.11765,4.804233,9.175627,9.084558,1.569497,1.465475,0.1707381,0.1903868
1970,3,7,21,16800.0,7307.692,11.72024,3.302415,8.896683,8.754793,1.194654,1.055887,0.3414811,0.3416485
1970,3,7,22,1500.0,8525.0,12.93333,3.685839,9.050758,8.992605,1.304498,1.240693,0.1158795,0.1140976
1970,3,7,23,2100.0,8132.353,11.52381,3.753272,9.003606,8.918254,1.322628,1.234434,0.2030449,0.2076326
1970,3,7,24,3750.0,7853.125,13.41333,3.793282,8.968667,8.909517,1.333232,1.260282,0.1171572,0.1409023
1970,3,7,25,2450.0,7769.565,12.40816,3.573678,8.95797,8.892619,1.273595,1.185995,0.1291137,0.1861565
1970,3,7,26,1850.0,5600.0,11.78378,2.723567,8.630522,8.504937,1.001943,0.8790469,0.3585794,0.3514197
1970,3,7,27,1500.0,8123.333,13.13333,3.615567,9.002496,8.942885,1.285249,1.236984,0.1306935,0.1030262
1970,3,7,28,18350.0,7900.904,12.33787,3.686949,8.974732,8.932895,1.304799,1.261362,0.1069575,0.1125166
1970,3,7,29,17400.0,6769.079,10.82759,3.168482,8.82012,8.748413,1.153253,1.083743,0.166309,0.1599406
1970,3,7,30,1300.0,8126.923,13.53846,3.942219,9.002937,8.894029,1.371744,1.257772,0.3160771,0.3119479
1970,3,7,31,11850.0,7370.109,11.56118,3.560248,8.905188,8.835599,1.26983,1.196837,0.1399018,0.1422958
1970,3,7,32,12400.0,5219.072,9.919354,2.430184,8.560075,8.386786,0.8879669,0.7355816,0.3673548,0.3376634
1970,3,7,33,800.0,8700.0,11.125,3.222357,9.071078,9.027308,1.170113,1.125412,0.0837101,0.0888582
1970,3,7,34,4550.0,8692.683,12.08791,3.9193,9.070237,8.952929,1.365913,1.254204,0.3360377,0.3157838
1970,3,7,35,7100.0,7324.138,11.43662,3.277973,8.898931,8.793589,1.187225,1.091014,0.2672924,0.2485868
1970,3,7,36,15750.0,5335.433,9.828571,2.419512,8.582126,8.47156,0.8835659,0.7617135,0.2242352,0.2455024
1970,3,7,37,6400.0,5850.877,11.10938,2.697292,8.674347,8.604685,0.9922482,0.929718,0.1355042,0.1282198
1970,3,7,38,38500.0,5589.177,9.496104,2.586157,8.628588,8.519053,0.9501731,0.8398795,0.2424815,0.2490108
1970,3,7,39,21950.0,6130.337,10.17768,2.989926,8.721005,8.54128,1.095248,0.9176874,0.3902021,0.3804625
1970,3,7,40,6150.0,2705.128,8.03252,1.126509,7.902905,7.6306,0.1191233,-0.1333734,0.5889034,0.5346638
1970,3,7,41,22350.0,2843.836,7.351231,1.280755,7.952909,7.760409,0.24745,0.0358561,0.3710429,0.4073924
1970,3,7,42,6050.0,5092.391,9.157024,2.468142,8.535502,8.359897,0.9034656,0.73395,0.458725,0.4432501
1970,3,7,43,4250.0,4057.143,7.929412,1.850573,8.308234,8.222256,0.6154952,0.5253425,0.1997561,0.1992388
1970,3,7,44,26450.0,6829.08,10.21172,3.203025,8.828945,8.731406,1.164096,1.051194,0.2360408,0.2682428
1970,3,7,45,5250.0,7686.667,11.31429,3.477698,8.947243,8.85596,1.246371,1.154717,0.1993256,0.2025786
1970,3,7,46,21950.0,6666.185,9.302961,3.350775,8.804803,8.690907,1.209192,1.092363,0.2726319,0.2841882
1970,3,7,47,74800.0,6272.393,9.360963,2.994603,8.743913,8.604604,1.096812,0.9524183,0.3120081,0.3208547
1970,3,7,48,1650.0,6814.286,8.727273,3.232591,8.826777,8.78415,1.173284,1.120515,0.0830191,0.1035285
1970,3,7,49,16300.0,8045.036,10.71166,3.696918,8.99281,8.92344,1.3075,1.237142,0.154394,0.1535603
1970,3,7,50,5800.0,7595.0,10.62069,3.573081,8.935246,8.855771,1.273428,1.194711,0.1943255,0.1977924
1970,3,7,51,900.0,6192.857,9.333333,3.143342,8.731152,8.637145,1.145287,1.026096,0.2017685,0.242645
1970,3,7,52,2900.0,5997.917,9.586206,2.689985,8.699167,8.565066,0.9895356,0.8845549,0.2811268,0.2326868
1970,3,7,53,400.0,6516.667,12.25,3.262675,8.782118,8.765463,1.182547,1.170745,0.0334073,0.0233571
1970,3,7,54,5950.0,6555.0,9.899159,2.993773,8.787983,8.664905,1.096534,0.978847,0.3038061,0.2949611
1970,3,7,55,2600.0,7876.0,11.15385,3.486981,8.971576,8.889154,1.249036,1.176907,0.2068204,0.1799141
1970,3,7,56,12900.0,7889.13,9.937984,3.830526,8.973241,8.86736,1.343002,1.235619,0.2173187,0.2199134
1970,3,7,57,3850.0,6844.118,8.805195,3.311631,8.831145,8.758457,1.197441,1.129517,0.1415178,0.1363908
1970,3,7,58,2350.0,4903.125,7.957447,2.483531,8.497628,8.402387,0.9096813,0.7848215,0.1980888,0.2455805
1970,3,7,59,2850.0,9822.917,11.1579,4.939779,9.192473,8.931021,1.597321,1.292884,0.7120494,0.7350875
1970,3,7,60,10850.0,5951.744,9.67742,2.739631,8.69144,8.614206,1.007823,0.9283765,0.1545742,0.1598502
1970,3,7,61,84500.0,6572.946,9.663905,3.173465,8.790717,8.684346,1.154824,1.045454,0.2608387,0.2667035
1970,3,7,62,21800.0,7161.271,10.1789,3.46637,8.876443,8.799438,1.243108,1.158076,0.1776523,0.1939173
1970,3,7,63,6300.0,6497.321,10.80952,3.058741,8.779145,8.586107,1.118003,0.9408043,0.5651364,0.5323012
1970,3,7,64,88950.0,6364.248,9.790894,2.93575,8.758451,8.632381,1.076963,0.9511436,0.2789477,0.2854724
1970,3,7,65,18850.0,7014.78,9.655172,3.436956,8.855775,8.752951,1.234586,1.131748,0.2135493,0.2187684
1970,3,7,66,80400.0,5680.449,9.044776,2.716612,8.644786,8.517707,0.9993855,0.8677341,0.3064085,0.3152623
1970,4,7,0,633700.0,,10.36453,,,,,,,
1970,4,7,1,17250.0,6642.92,13.37971,3.245362,8.801307,8.61903,1.177227,0.9872867,0.4167427,0.4442231
1970,4,7,2,2900.0,7787.931,12.41379,3.880791,8.960331,8.93094,1.356039,1.324263,0.0596004,0.0641992
1970,4,7,3,0.0,,,,,,,,,
1970,4,7,4,0.0,,,,,,,,,
1970,4,7,5,500.0,8970.0,13.0,4.338002,9.101641,9.036376,1.467414,1.400115,0.1455811,0.1478898
1970,4,7,6,500.0,8875.0,13.0,4.297109,9.090994,9.013448,1.457942,1.392789,0.1793781,0.1523426
1970,4,7,7,400.0,14750.0,17.25,7.279579,9.598998,9.30374,1.985073,1.657108,0.5751289,0.6268021
1970,4,7,8,15750.0,6836.403,12.95238,3.311372,8.830017,8.696554,1.197363,1.062175,0.3351476,0.3382437
1970,4,7,9,800.0,5966.667,11.375,2.869916,8.693944,8.661947,1.054283,1.021612,0.0683141,0.0684403
1970,4,7,10,2000.0,8512.5,18.45,4.091609,9.049291,8.856894,1.408938,1.216745,0.5847982,0.5784701
1970,4,7,11,42300.0,7385.227,17.27423,3.773348,8.907237,8.798602,1.327963,1.208227,0.2805156,0.3059892
1970,4,7,12,1750.0,6650.0,16.22857,3.23448,8.802372,8.783695,1.173868,1.156077,0.0370655,0.0349077
1970,4,7,13,400.0,8125.0,17.75,4.20698,9.002701,8.98403,1.436745,1.419156,0.0382077,0.0359272
1970,4,7,14,6700.0,7956.522,14.13433,3.9471,8.981748,8.764998,1.372981,1.156284,0.3868312,0.387414
1970,4,7,15,300.0,12000.0,16.66667,4.816176,9.392662,9.33532,1.57198,1.555389,0.1174783,0.0335347
1970,4,7,16,550.0,8950.0,12.36364,4.556174,9.099409,8.928789,1.516483,1.334072,0.4151175,0.4438243
1970,4,7,17,17900.0,5381.298,12.25698,2.65995,8.590685,8.47011,0.9783074,0.8554113,0.3057276,0.3126578
1970,4,7,18,1000.0,6100.0,12.1,3.070184,8.716044,8.649449,1.121738,1.048235,0.1349126,0.1478172
1970,4,7,19,200.0,5550.0,13.5,2.720588,8.621553,8.508162,1.000848,0.887457,0.2366657,0.2366657
1970,4,7,20,200.0,11650.0,13.0,5.431645,9.363062,9.355788,1.692242,1.676192,0.0146551,0.0324351
1970,4,7,21,24450.0,3920.833,11.75869,1.944872,8.274059,8.154634,0.6651964,0.5365033,0.2646123,0.2965186
1970,4,7,22,22700.0,5723.563,12.59471,2.864742,8.652347,8.590602,1.052478,0.9891652,0.1520998,0.1559034
1970,4,7,23,3600.0,5089.286,12.52778,2.506364,8.534893,8.408631,0.918833,0.7793858,0.4164582,0.4478321
1970,4,7,24,7850.0,5817.692,12.77707,2.89576,8.668659,8.577047,1.063247,0.975858,0.2302632,0.2131927
1970,4,7,25,8050.0,5553.03,12.45963,2.780005,8.622099,8.571596,1.022453,0.9705208,0.1088402,0.1131379
1970,4,7,26,1350.0,3925.0,11.92593,1.951791,8.275122,8.246305,0.6687473,0.6420977,0.0535382,0.0497125
1970,4,7,27,4200.0,5382.353,11.80952,2.716287,8.590881,8.536562,0.9992658,0.9483193,0.1125646,0.1035731
1970,4,7,28,6600.0,6615.476,12.69697,3.173095,8.797167,8.744232,1.154707,1.100691,0.1373894,0.1433788
1970,4,7,29,6600.0,5189.623,11.69697,2.635211,8.554417,8.440856,0.9689633,0.8454261,0.2312466,0.2426364
1970,4,7,30,1800.0,5725.0,12.33333,2.782796,8.652597,8.520038,1.023456,0.9034399,0.2950887,0.2773918
1970,4,7,31,37650.0,5008.547,12.25498,2.561563,8.518901,8.42532,0.9406176,0.8467689,0.2314001,0.2288869
1970,4,7,32,91400.0,2349.519,10.54376,1.172324,7.761966,7.568308,0.1589883,-0.0346455,0.4442571,0.44137
1970,4,7,33,0.0,,,,,,,,,
1970,4,7,34,300.0,3300.0,11.0,1.748808,8.101678,8.07516,0.5589342,0.5324168,0.0537739,0.053774
1970,4,7,35,1500.0,5525.0,14.53333,2.643314,8.617039,8.549259,0.9720336,0.9138313,0.129626,0.1130124
1970,4,7,36,55550.0,3199.063,10.39604,1.545318,8.070613,7.913224,0.4352298,0.2730616,0.401567,0.4103656
1970,4,7,37,40150.0,4317.078,10.97634,2.11501,8.370334,8.245703,0.7490598,0.620479,0.2664405,0.2754993
1970,4,7,38,8600.0,3699.206,10.80233,1.788924,8.215874,8.085238,0.5816141,0.4431202,0.2831203,0.3076969
1970,4,7,39,52800.0,3106.354,9.882576,1.568381,8.041205,7.789718,0.4500442,0.1995318,0.5811428,0.5922731
1970,4,7,40,1200.0,4266.667,11.25,1.789658,8.358588,8.074284,0.5820248,0.3938664,0.4671001,0.3235896
1970,4,7,41,5400.0,1871.429,9.666667,0.9569278,7.534457,7.330344,-0.0440273,-0.2428701,0.4502987,0.4360825
1970,4,7,42,0.0,,,,,,,,,
1970,4,7,43,300.0,3450.0,8.333333,1.691176,8.14613,8.139362,0.5254244,0.5186576,0.0136325,0.0136324
1970,4,7,44,400.0,4100.0,8.0,2.009804,8.318742,8.230572,0.6980372,0.6098672,0.1878161,0.1878161
1970,4,7,45,200.0,8550.0,12.0,3.72549,9.053686,9.053686,1.315198,1.315198,0.0,0.0
1970,4,7,46,1300.0,4440.0,11.15385,2.077944,8.39841,8.222896,0.7313789,0.5561323,0.389853,0.4159357
1970,4,7,47,1600.0,6808.333,9.625,3.454293,8.825903,8.728765,1.239618,1.126842,0.1888775,0.2172145
1970,4,7,48,0.0,,,,,,,,,
1970,4,7,49,1800.0,4707.143,11.16667,2.295962,8.456837,8.279665,0.8311518,0.6417947,0.4401804,0.4560641
1970,4,7,50,600.0,7170.0,11.0,3.451293,8.877661,8.760115,1.238749,1.106904,0.2201314,0.2294663
1970,4,7,51,300.0,3050.0,10.33333,1.495098,8.022897,8.022897,0.4021918,0.4021918,0.0,0.0
1970,4,7,52,2350.0,4565.79,11.19149,2.263211,8.426347,8.24881,0.8167845,0.6350298,0.2678794,0.2771049
1970,4,7,53,500.0,7325.0,11.0,3.710917,8.899049,8.883665,1.311279,1.301941,0.0310794,0.0188279
1970,4,7,54,2550.0,4310.0,9.333333,2.165419,8.368693,8.295305,0.7726137,0.7074624,0.1631723,0.1441965
1970,4,7,55,100.0,9050.0,8.0,4.436275,9.11052,9.11052,1.489815,1.489815,0.0,0.0
1970,4,7,56,2450.0,4180.769,11.34694,2.079399,8.33825,8.212909,0.732079,0.6033859,0.3150551,0.3232405
1970,4,7,57,400.0,4150.0,10.25,2.034314,8.330864,8.313211,0.7101585,0.6925064,0.03546,0.03546
1970,4,7,58,400.0,3300.0,8.25,1.678171,8.101678,7.508866,0.5177047,-0.0918365,1.444698,1.493306
1970,4,7,59,1600.0,5733.333,11.1875,2.854282,8.654053,8.596436,1.04882,0.9807818,0.1116391,0.1374068
1970,4,7,60,41300.0,3505.036,10.26877,1.763643,8.161956,8.081025,0.5673814,0.4830026,0.1930511,0.2050233
1970,4,7,61,45000.0,4028.223,10.25111,2.034653,8.301081,8.180611,0.7103252,0.5834534,0.2960028,0.3115854
1970,4,7,62,13900.0,4746.591,11.1223,2.364339,8.465182,8.368478,0.8604987,0.7633597,0.2783704,0.2760639
1970,4,7,63,7100.0,4133.333,10.77465,2.08722,8.326839,8.251761,0.735833,0.6510888,0.1779651,0.1930578
1970,4,7,64,1950.0,3420.0,11.84615,1.724886,8.137396,8.070717,0.5451611,0.4550177,0.1315682,0.1818969
1970,4,7,65,600.0,3425.0,9.0,1.678922,8.138857,8.131742,0.5181517,0.5110371,0.0140528,0.0140528
1970,4,7,66,8650.0,4183.333,10.42775,2.036316,8.338863,8.213676,0.7111424,0.5891601,0.2944484,0.2854064
1970,0,8,0,7838850.0,,10.58075,,,,,,,
1970,0,8,1,1631000.0,14225.56,13.03722,,9.562796,9.328567,,,0.5226633,
1970,0,8,2,290150.0,11804.02,13.41375,,9.376196,9.228942,,,0.3009548,
1970,0,8,3,11500.0,18331.98,16.46956,,9.816402,9.700493,,,0.2413762,
1970,0,8,4,261200.0,15644.72,14.98603,,9.657888,9.578918,,,0.173541,
1970,0,8,5,34200.0,13207.93,14.09357,,9.488572,9.404396,,,0.1852845,
1970,0,8,6,45100.0,13836.95,15.70399,,9.535097,9.411531,,,0.2766408,
1970,0,8,7,100350.0,29330.21,18.45391,,10.28637,10.09517,,,0.5057322,
1970,0,8,8,169650.0,8286.043,13.7931,,9.022327,8.888437,,,0.2826187,
1970,0,8,9,9100.0,8847.973,14.9011,,9.087944,8.984664,,,0.2085738,
1970,0,8,10,63200.0,16202.12,18.21677,,9.692898,9.56253,,,0.3086976,
1970,0,8,11,387500.0,9484.271,16.85484,,9.15739,9.037804,,,0.2958087,
1970,0,8,12,22350.0,8071.545,16.10738,,8.9961,8.90257,,,0.211041,
1970,0,8,13,20400.0,16932.97,16.58824,,9.737018,9.556535,,,0.490108,
1970,0,8,14,89100.0,8369.077,15.80415,,9.032299,8.863355,,,0.3831356,
1970,0,8,15,53750.0,23778.66,18.53488,,10.07654,9.855714,,,0.6052868,
1970,0,8,16,112100.0,11913.4,13.6182,,9.38542,9.188125,,,0.4479152,
1970,0,8,17,70650.0,6636.096,12.07077,,8.80028,8.669359,,,0.2494038,
1970,0,8,18,102350.0,10642.05,12.54275,,9.272569,9.184654,,,0.2105837,
1970,0,8,19,15000.0,9816.791,12.70333,,9.19185,9.093821,,,0.2160978,
1970,0,8,20,34950.0,13278.14,13.06724,,9.493875,9.357579,,,0.309428,
1970,0,8,21,1219200.0,9733.999,11.96961,,9.18338,8.915307,,,0.565203,
1970,0,8,22,612800.0,6208.633,12.39099,,8.733696,8.650706,,,0.1697599,
1970,0,8,23,68850.0,6514.056,12.22948,,8.781717,8.662328,,,0.2455941,
1970,0,8,24,132750.0,9577.623,12.87495,,9.167185,8.996446,,,0.3493771,
1970,0,8,25,387300.0,6641.428,12.17674,,8.801083,8.69641,,,0.2106117,
1970,0,8,26,25350.0,6623.892,11.04734,,8.798438,8.691309,,,0.1939208,
1970,0,8,27,70950.0,6438.003,11.5666,,8.769974,8.699852,,,0.1387874,
1970,0,8,28,157700.0,8396.731,11.86684,,9.035598,8.999212,,,0.0827332,
1970,0,8,29,230450.0,7706.513,10.98763,,8.949821,8.873537,,,0.1655252,
1970,0,8,30,77500.0,10028.8,12.8071,,9.213217,9.091464,,,0.2480577,
1970,0,8,31,476950.0,6593.801,11.86424,,8.793885,8.680515,,,0.2456143,
1970,0,8,32,246900.0,3314.355,8.981167,,8.106018,7.865637,,,0.516484,
1970,0,8,33,37350.0,10077.61,11.2075,,9.218071,9.135296,,,0.1953936,
1970,0,8,34,66550.0,9500.396,11.66867,,9.159089,9.075418,,,0.1951422,
1970,0,8,35,72200.0,7492.5,10.59834,,8.921658,8.824296,,,0.227213,
1970,0,8,36,432300.0,4553.188,10.0081,,8.423583,8.237156,,,0.388732,
1970,0,8,37,155950.0,4386.89,10.45592,,8.386375,8.298003,,,0.2044494,
1970,0,8,38,249650.0,6123.494,9.422791,,8.719888,8.614109,,,0.2427201,
1970,0,8,39,319700.0,5391.536,10.06913,,8.592586,8.347556,,,0.5791485,
1970,0,8,40,335100.0,7659.766,10.18517,,8.943737,8.594559,,,0.7491695,
1970,0,8,41,116800.0,4314.794,7.588613,,8.369805,8.129847,,,0.5018448,
1970,0,8,42,46000.0,6491.086,9.353261,,8.778185,8.609586,,,0.4024227,
1970,0,8,43,20050.0,5862.205,7.975062,,8.676281,8.455649,,,0.5040711,
1970,0,8,44,367950.0,8485.717,10.02038,,9.04614,8.952538,,,0.2133794,
1970,0,8,45,116650.0,9052.972,11.19288,,9.110848,9.014567,,,0.2240531,
1970,0,8,46,248050.0,8907.694,10.15118,,9.09467,8.98776,,,0.2525391,
1970,0,8,47,678150.0,8788.002,9.853056,,9.081142,8.963419,,,0.2799225,
1970,0,8,48,35600.0,7934.106,9.268258,,8.978926,8.914917,,,0.1535296,
1970,0,8,49,447150.0,10748.51,11.20899,,9.282522,9.188296,,,0.2088262,
1970,0,8,50,189200.0,9762.016,10.76665,,9.186255,9.122432,,,0.1479277,
1970,0,8,51,19350.0,7318.387,9.728683,,8.898146,8.782235,,,0.2729069,
1970,0,8,52,57750.0,6379.205,9.939394,,8.760798,8.592641,,,0.362817,
1970,0,8,53,18550.0,7846.97,10.7035,,8.967883,8.833425,,,0.2521416,
1970,0,8,54,76100.0,7715.814,10.04402,,8.951027,8.857436,,,0.2167542,
1970,0,8,55,55050.0,9503.973,10.89373,,9.159465,9.093278,,,0.1595027,
1970,0,8,56,180650.0,8046.404,9.848326,,8.992981,8.918497,,,0.1719107,
1970,0,8,57,23250.0,8005.424,9.509678,,8.987875,8.915991,,,0.1696144,
1970,0,8,58,18450.0,6175.714,8.628726,,8.72838,8.626841,,,0.2390559,
1970,0,8,59,59450.0,9414.019,11.21867,,9.149955,9.05928,,,0.2344515,
1970,0,8,60,365200.0,4642.576,9.215635,,8.443025,8.340146,,,0.2031544,
1970,0,8,61,825100.0,7040.854,9.641195,,8.859485,8.754423,,,0.2327801,
1970,0,8,62,299550.0,7230.766,9.939409,,8.8861,8.799253,,,0.1906427,
1970,0,8,63,216900.0,7182.208,10.53942,,8.879362,8.786273,,,0.2072711,
1970,0,8,64,498900.0,8102.908,9.623371,,8.999978,8.890678,,,0.2504434,
1970,0,8,65,194200.0,9090.012,9.814624,,9.114931,9.018302,,,0.2263803,
1970,0,8,66,394900.0,6574.921,9.27412,,8.791018,8.675117,,,0.26677,
1970,1,8,0,1097950.0,,10.98165,,,,,,,
1970,1,8,1,1300500.0,15641.03,13.23791,6.708231,9.657653,9.460953,1.903335,1.689892,0.4228892,0.4674953
1970,1,8,2,212650.0,13181.38,13.78368,5.975615,9.486561,9.36062,1.787687,1.663777,0.2577534,0.2633286
1970,1,8,3,11200.0,18282.11,16.53572,7.972166,9.813678,9.711295,2.075956,1.974137,0.1987991,0.2079526
1970,1,8,4,254800.0,15738.75,15.06947,7.401293,9.663881,9.586515,2.001655,1.924512,0.1690731,0.1734936
1970,1,8,5,27350.0,14186.52,14.48263,6.833149,9.560047,9.496387,1.921786,1.857713,0.1322095,0.1371344
1970,1,8,6,40900.0,14079.77,15.79462,6.763972,9.552494,9.428443,1.91161,1.775724,0.2808096,0.311879
1970,1,8,7,93900.0,30019.7,18.68797,11.78069,10.30961,10.13428,2.466462,2.297861,0.4552924,0.4376661
1970,1,8,8,20300.0,14241.15,15.64532,5.661862,9.56389,9.403759,1.733753,1.574212,0.3730522,0.3693475
1970,1,8,9,2600.0,10638.46,15.34615,4.848958,9.272231,9.185254,1.578764,1.514228,0.1641802,0.1276823
1970,1,8,10,44750.0,17746.03,18.88939,7.640371,9.783917,9.683546,2.033446,1.928326,0.2187352,0.2339348
1970,1,8,11,100500.0,11511.66,17.71244,5.321353,9.351116,9.267788,1.671728,1.578791,0.1998635,0.2162563
1970,1,8,12,2100.0,11516.67,17.28572,5.391175,9.35155,9.279502,1.684763,1.598182,0.1574011,0.1813983
1970,1,8,13,15700.0,18383.45,16.81529,8.372293,9.819206,9.680449,2.124928,1.981857,0.3385686,0.3521636
1970,1,8,14,53150.0,8781.862,16.42521,3.523652,9.080443,8.892652,1.259498,1.042936,0.4057924,0.480264
1970,1,8,15,49700.0,24531.29,18.74044,10.40521,10.10771,9.902502,2.342307,2.135107,0.5660723,0.5750705
1970,1,8,16,79450.0,13363.06,13.96853,6.106913,9.500249,9.339065,1.809421,1.644628,0.3562754,0.3732454
1970,1,8,17,11050.0,10974.29,13.50226,4.93723,9.30331,9.169048,1.596804,1.469134,0.2642289,0.2606723
1970,1,8,18,88500.0,11154.44,12.63503,5.26647,9.319593,9.240747,1.66136,1.581458,0.1909471,0.192538
1970,1,8,19,11350.0,10738.35,12.96916,5.001545,9.281577,9.208893,1.609747,1.526741,0.1348474,0.1600664
1970,1,8,20,28350.0,14238.61,13.62257,6.750451,9.563712,9.445729,1.909609,1.779301,0.2415455,0.2562526
1970,1,8,21,688150.0,12497.99,12.64739,5.40244,9.433323,9.26025,1.686851,1.504098,0.3595864,0.3815537
1970,1,8,22,21300.0,12503.57,13.26761,5.721942,9.433769,9.241331,1.744308,1.563669,0.3718905,0.3525808
1970,1,8,23,13950.0,9665.53,12.53047,4.507048,9.176321,9.122606,1.505642,1.447732,0.107274,0.117199
1970,1,8,24,53450.0,13340.65,13.79046,6.157473,9.498571,9.379897,1.817666,1.700332,0.2616707,0.2645359
1970,1,8,25,67300.0,9791.918,12.83358,4.512204,9.189313,9.090647,1.506786,1.402333,0.2020089,0.2190597
1970,1,8,26,9200.0,8095.181,10.96739,3.901462,8.999024,8.94453,1.361351,1.302582,0.1133035,0.120322
1970,1,8,27,9500.0,9730.979,11.42105,4.483831,9.18307,9.140507,1.500478,1.452952,0.0859314,0.0941303
1970,1,8,28,120550.0,8644.974,12.1236,4.045703,9.064734,9.036712,1.397655,1.369673,0.0612547,0.0630901
1970,1,8,29,165700.0,8346.035,11.14665,3.916335,9.029542,8.967165,1.365156,1.300247,0.1365218,0.1409322
1970,1,8,30,52050.0,11760.38,13.28146,5.437391,9.372492,9.285245,1.693299,1.607613,0.1751806,0.1757568
1970,1,8,31,114250.0,9366.05,12.20481,4.489123,9.144847,9.055409,1.501657,1.404951,0.1980012,0.2171871
1970,1,8,32,21550.0,6231.25,9.303945,2.858403,8.737332,8.614736,1.050263,0.9185893,0.320924,0.3382681
1970,1,8,33,36550.0,10061.9,11.23666,3.887772,9.216512,9.134353,1.357836,1.262877,0.1934567,0.217312
1970,1,8,34,61200.0,9675.127,11.66013,4.335346,9.177314,9.100714,1.466801,1.381976,0.1744163,0.1985887
1970,1,8,35,60200.0,7664.286,10.77741,3.514164,8.944326,8.847964,1.256802,1.154559,0.2280432,0.2394783
1970,1,8,36,88950.0,6992.535,10.31591,2.957215,8.852598,8.721101,1.084248,0.9508737,0.2846405,0.2951819
1970,1,8,37,13050.0,6090.79,10.91954,2.828733,8.714533,8.608888,1.039829,0.9336851,0.2736378,0.276184
1970,1,8,38,164450.0,6724.526,9.677106,3.098471,8.813517,8.726398,1.130909,1.045067,0.1955227,0.1960323
1970,1,8,39,85900.0,7847.18,10.37602,3.53801,8.96791,8.823165,1.263564,1.115924,0.3107578,0.3199924
1970,1,8,40,316150.0,7777.836,10.41088,2.902375,8.959033,8.6166,1.065529,0.7134751,0.7338415,0.7389274
1970,1,8,41,70350.0,4765.589,7.869226,1.899444,8.469176,8.236165,0.6415614,0.4107091,0.4790861,0.4740834
1970,1,8,42,36400.0,7029.861,9.774725,3.231635,8.857923,8.72464,1.172988,1.041453,0.3026716,0.3032274
1970,1,8,43,15200.0,6436.598,9.039474,2.864733,8.769755,8.567499,1.052475,0.8537861,0.4599315,0.4716464
1970,1,8,44,339550.0,8623.066,10.13518,3.903328,9.062196,8.974291,1.36183,1.264868,0.2001772,0.226061
1970,1,8,45,109300.0,9217.971,11.28179,4.22605,9.12891,9.036462,1.441268,1.342621,0.2150047,0.2322302
1970,1,8,46,222400.0,9201.977,10.3107,4.381497,9.127173,9.030856,1.477391,1.373819,0.2256595,0.2400688
1970,1,8,47,602300.0,9091.931,10.28258,4.334515,9.115143,9.008018,1.46661,1.353998,0.2518319,0.2643589
1970,1,8,48,32300.0,8086.264,9.411765,3.676921,8.997922,8.936725,1.302076,1.232416,0.1449017,0.166279
1970,1,8,49,399450.0,11176.67,11.30479,5.066646,9.321584,9.23915,1.622679,1.531583,0.180345,0.2004585
1970,1,8,50,179600.0,9908.678,10.86971,4.59284,9.201166,9.14085,1.524499,1.461149,0.1399131,0.1477082
1970,1,8,51,16200.0,7557.664,9.969136,3.476896,8.930318,8.822195,1.24614,1.130372,0.2580408,0.2880341
1970,1,8,52,27500.0,8026.695,9.909091,3.646358,8.990528,8.872071,1.293729,1.170038,0.2450925,0.2616232
1970,1,8,53,11600.0,9418.691,11.11207,4.331192,9.150452,9.040952,1.465843,1.36171,0.2055987,0.2015282
1970,1,8,54,57100.0,8340.209,10.19615,3.657485,9.028844,8.965134,1.296776,1.226942,0.1374506,0.1571616
1970,1,8,55,52150.0,9572.357,10.97795,4.424998,9.166635,9.10491,1.48727,1.421663,0.1418093,0.1524984
1970,1,8,56,139150.0,8598.671,9.94179,4.090283,9.059363,9.00206,1.408614,1.347115,0.1342421,0.1436274
1970,1,8,57,17300.0,8570.44,9.572254,4.060798,9.056074,8.994532,1.40138,1.33985,0.1450047,0.1476728
1970,1,8,58,13800.0,6791.743,9.210145,3.242564,8.823462,8.753929,1.176364,1.108938,0.140198,0.135235
1970,1,8,59,50550.0,9894.85,11.36301,4.805626,9.19977,9.139149,1.569787,1.504912,0.1500066,0.1616316
1970,1,8,60,62000.0,6844.253,9.346774,3.102268,8.831164,8.723756,1.132133,1.032671,0.202418,0.1910233
1970,1,8,61,460450.0,8209.048,9.869475,3.885533,9.012992,8.940765,1.35726,1.282335,0.1639495,0.1720906
1970,1,8,62,172500.0,8268.906,9.951884,3.921489,9.020258,8.945913,1.366471,1.290878,0.1795372,0.1851282
1970,1,8,63,110850.0,8832.388,10.95354,4.184073,9.086181,9.035628,1.431285,1.37783,0.1140082,0.1203287
1970,1,8,64,411150.0,8431.372,9.915846,3.690917,9.039715,8.942338,1.305875,1.205048,0.2178468,0.2264684
1970,1,8,65,169600.0,9373.725,10.05012,4.249833,9.145666,9.054637,1.44688,1.357111,0.2119535,0.2130081
1970,1,8,66,253100.0,7261.417,9.610036,3.352509,8.89033,8.793522,1.209709,1.108221,0.2183498,0.2350107
1970,2,8,0,5966700.0,,11.55895,,,,,,,
1970,2,8,1,289150.0,7172.172,12.96766,3.331934,8.877964,8.66395,1.203553,0.9752732,0.4986432,0.5514042
1970,2,8,2,71300.0,7448.611,12.84993,3.640256,8.915783,8.805924,1.292054,1.178036,0.2187076,0.2301066
1970,2,8,3,200.0,40050.0,19.0,17.45098,10.59788,10.59788,2.859396,2.859396,0.0,0.0
1970,2,8,4,4300.0,11276.32,13.37209,5.333745,9.33046,9.239297,1.674054,1.593324,0.1766777,0.1626101
1970,2,8,5,6250.0,8708.182,13.664,4.355366,9.072019,8.970974,1.471409,1.357825,0.2296767,0.2556017
1970,2,8,6,2700.0,10435.71,17.2963,5.073312,9.252989,9.174105,1.623994,1.534012,0.1546826,0.1787314
1970,2,8,7,4200.0,17392.65,18.09524,7.618283,9.763803,9.384175,2.030551,1.659105,0.97454,0.9526565
1970,2,8,8,135850.0,7250.886,15.01877,3.500003,8.888879,8.803585,1.252764,1.164721,0.203414,0.2143938
1970,2,8,9,5700.0,7568.75,16.08772,3.739778,8.931784,8.843515,1.319026,1.218961,0.1850426,0.2089447
1970,2,8,10,16250.0,10512.96,19.18769,4.869449,9.260365,9.133198,1.582981,1.454658,0.3410538,0.3674731
1970,2,8,11,253750.0,8101.756,17.69616,3.920776,8.999836,8.890793,1.36629,1.246123,0.2731236,0.2993568
1970,2,8,12,19200.0,7298.0,16.89583,3.658639,8.895355,8.815224,1.297091,1.212482,0.1878016,0.1947653
1970,2,8,13,4100.0,10624.24,17.73171,4.941463,9.270894,8.996749,1.597661,1.348429,0.8269926,0.7413294
1970,2,8,14,27900.0,7586.323,15.75269,3.717627,8.934102,8.822742,1.313086,1.188977,0.2984531,0.3383842
1970,2,8,15,2550.0,13400.0,18.03922,6.074128,9.50301,9.143545,1.804038,1.446083,0.8361821,0.8305555
1970,2,8,16,30600.0,7425.682,14.5719,3.573839,8.9127,8.718465,1.27364,1.065279,0.4513082,0.4860206
1970,2,8,17,48100.0,5654.432,12.54262,2.72946,8.640195,8.55328,1.004104,0.9177451,0.1735668,0.1751656
1970,2,8,18,11950.0,7086.5,12.7113,3.48119,8.865947,8.810605,1.247374,1.191811,0.1214801,0.1232892
1970,2,8,19,2950.0,6638.0,12.0,3.416528,8.800566,8.754644,1.228625,1.166954,0.0918633,0.1175612
1970,2,8,20,5900.0,9030.77,13.47458,4.38129,9.108393,8.954526,1.477343,1.305677,0.4666218,0.5430304
1970,2,8,21,501100.0,4542.081,12.62103,2.220206,8.421141,8.266891,0.7976002,0.6494387,0.3065351,0.3046742
1970,2,8,22,578000.0,5930.559,13.08235,2.968048,8.687874,8.624333,1.087904,1.02319,0.1439953,0.1469128
1970,2,8,23,51800.0,5187.66,13.22394,2.575226,8.554038,8.465646,0.9459372,0.85415,0.1799145,0.1881925
1970,2,8,24,72100.0,6355.321,13.09293,3.147873,8.757048,8.667017,1.146727,1.059762,0.1849836,0.1744595
1970,2,8,25,312100.0,5825.042,12.87856,2.883094,8.669922,8.593667,1.058864,0.9805405,0.1620267,0.1679759
1970,2,8,26,13800.0,5676.768,12.19565,2.824297,8.644137,8.523749,1.03826,0.9184059,0.1709151,0.1736796
1970,2,8,27,59050.0,5809.297,11.93734,2.87716,8.667215,8.614655,1.056804,1.002154,0.1066939,0.112079
1970,2,8,28,17100.0,6486.539,13.23392,3.182329,8.777484,8.709962,1.157613,1.094611,0.1474369,0.1417174
1970,2,8,29,44100.0,5656.04,11.48299,2.782607,8.640479,8.571431,1.023388,0.9513991,0.1326776,0.1378214
1970,2,8,30,24100.0,5993.842,12.60166,3.009623,8.698488,8.638804,1.101815,1.042724,0.1279793,0.1267368
1970,2,8,31,329650.0,5446.891,12.50781,2.729845,8.6028,8.526023,1.004245,0.9253066,0.1803209,0.1862716
1970,2,8,32,84200.0,3263.248,10.84561,1.558215,8.090478,7.919493,0.4435407,0.2766984,0.3964366,0.3986014
1970,2,8,33,200.0,12050.0,12.0,5.034536,9.39682,9.393364,1.616321,1.613433,0.0069535,0.0058124
1970,2,8,34,2350.0,6418.75,12.85106,2.994565,8.766978,8.629934,1.096799,0.9516449,0.2888755,0.3276808
1970,2,8,35,4900.0,6111.905,14.18367,2.894542,8.717994,8.644992,1.062827,1.01191,0.1398439,0.0994453
1970,2,8,36,282400.0,3456.25,11.57011,1.655177,8.14794,8.024719,0.5039077,0.3788939,0.2689045,0.2795922
1970,2,8,37,109950.0,4108.601,10.90769,2.011744,8.320838,8.240181,0.6990018,0.6172804,0.1933956,0.1990636
1970,2,8,38,24550.0,4082.667,11.00204,2.018265,8.314506,8.221137,0.702238,0.6103853,0.2241797,0.2177004
1970,2,8,39,164650.0,4183.267,11.29062,1.995336,8.338848,8.125464,0.6908123,0.4768618,0.5060576,0.5206987
1970,2,8,40,12500.0,5109.375,10.872,1.913779,8.538833,8.114914,0.6490796,0.2615941,0.828225,0.7910898
1970,2,8,41,17850.0,4152.5,10.08403,1.85045,8.331466,8.083148,0.6154287,0.3619404,0.6218376,0.6413487
1970,2,8,42,1350.0,4542.857,12.37037,1.982028,8.421311,8.336048,0.6841208,0.638115,0.1770813,0.0927921
1970,2,8,43,300.0,4700.0,10.0,2.131519,8.455317,8.452538,0.756835,0.7540545,0.005594,0.0055941
1970,2,8,44,6250.0,6901.021,9.936,3.230833,8.839424,8.736119,1.17274,1.079115,0.204897,0.1944936
1970,2,8,45,3350.0,6112.069,10.74627,2.956343,8.71802,8.672554,1.083953,1.037664,0.0902142,0.0944326
1970,2,8,46,7850.0,5260.909,10.89172,2.54129,8.568059,8.476802,0.9326717,0.8470384,0.2029361,0.1816124
1970,2,8,47,8600.0,6264.286,10.76744,2.980392,8.74262,8.591425,1.092055,0.9529895,0.3477594,0.3260781
1970,2,8,48,900.0,5725.0,10.22222,2.89536,8.652597,8.625471,1.063109,1.020746,0.0563806,0.0839408
1970,2,8,49,33400.0,6320.951,11.11377,3.032868,8.751625,8.660732,1.109509,1.016715,0.1952809,0.2018704
1970,2,8,50,5450.0,6087.778,10.07339,2.895607,8.714039,8.661798,1.063195,1.008577,0.1044369,0.109254
1970,2,8,51,2050.0,5681.818,9.804878,2.581615,8.645026,8.489715,0.9484152,0.7982455,0.3294381,0.3145816
1970,2,8,52,24800.0,4213.924,10.91532,2.096285,8.346149,8.236849,0.7401669,0.6218178,0.2552677,0.2825495
1970,2,8,53,6350.0,4833.962,10.64567,2.309319,8.483421,8.426193,0.8369525,0.7862036,0.1129039,0.1027769
1970,2,8,54,12650.0,4692.253,11.31225,2.235153,8.453669,8.331347,0.8043099,0.6780578,0.2588078,0.2824953
1970,2,8,55,700.0,8430.0,12.14286,4.171432,9.039552,8.995843,1.428259,1.39621,0.0903699,0.0703975
1970,2,8,56,28550.0,5232.5,10.28021,2.574316,8.562644,8.498859,0.945584,0.8782635,0.1397207,0.145842
1970,2,8,57,1900.0,5343.333,9.684211,2.625393,8.583605,8.536833,0.9652305,0.9188073,0.097273,0.0961088
1970,2,8,58,1000.0,5392.857,9.9,2.532966,8.592831,8.57399,0.9293908,0.9010766,0.0374091,0.0547529
1970,2,8,59,6700.0,4941.0,11.35821,2.416867,8.505323,8.346317,0.8824722,0.7096622,0.4516617,0.4804236
1970,2,8,60,257100.0,4072.722,9.809024,2.04068,8.312067,8.252537,0.7132833,0.6514981,0.1319603,0.1361095
1970,2,8,61,263050.0,4845.971,10.01863,2.411508,8.485903,8.408356,0.8802524,0.8046379,0.1582722,0.1571069
1970,2,8,62,107200.0,5231.159,10.34515,2.614386,8.562388,8.514025,0.9610291,0.9095742,0.0951129,0.1002528
1970,2,8,63,95100.0,5053.429,10.44374,2.503643,8.527822,8.466828,0.9177467,0.8562721,0.1377365,0.1375121
1970,2,8,64,15150.0,5669.403,12.87789,2.599049,8.642839,8.443065,0.9551457,0.7460907,0.4862415,0.5291026
1970,2,8,65,2750.0,6550.0,11.30909,3.148741,8.78722,8.646014,1.147003,0.996455,0.3547488,0.3627789
1970,2,8,66,52850.0,4566.189,10.62819,2.232625,8.426435,8.317871,0.8031783,0.6889601,0.2567232,0.2786587
1970,3,8,0,203750.0,,8.484908,,,,,,,
1970,3,8,1,26650.0,9679.476,12.29268,4.357961,9.177763,9.009994,1.472004,1.302987,0.344164,0.3692029
1970,3,8,2,3600.0,9898.438,13.44444,4.810818,9.200132,9.148114,1.570867,1.511299,0.106971,0.1285698
1970,3,8,3,100.0,2050.0,12.0,0.8932462,7.625595,7.625595,-0.1128931,-0.1128931,0.0,0.0
1970,3,8,4,2100.0,12052.78,15.52381,5.475274,9.397051,9.260658,1.700242,1.549063,0.4234651,0.4924038
1970,3,8,5,500.0,11280.0,16.0,5.261438,9.330787,9.318506,1.660404,1.650688,0.0256963,0.0201898
1970,3,8,6,1100.0,12713.64,15.63636,6.086067,9.450431,9.304979,1.806002,1.696098,0.3199464,0.2437964
1970,3,8,7,1900.0,21202.78,18.84211,8.766582,9.961887,9.74199,2.170947,1.953041,0.5133108,0.5183443
1970,3,8,8,1600.0,8256.667,12.875,3.850175,9.018776,8.891942,1.348119,1.220333,0.2631816,0.2608772
1970,3,8,9,600.0,9933.333,15.0,4.792234,9.203651,9.104973,1.566997,1.501828,0.2046572,0.1317072
1970,3,8,10,1100.0,10757.14,16.54545,4.19338,9.283325,8.933695,1.433507,1.077515,0.985575,1.053204
1970,3,8,11,7350.0,8997.728,17.72789,4.237398,9.104728,8.941653,1.443949,1.278623,0.417452,0.4183924
1970,3,8,12,0.0,,,,,,,,,
1970,3,8,13,400.0,16116.67,18.25,7.69971,9.68761,9.65866,2.041183,1.998694,0.0618634,0.0924109
1970,3,8,14,4700.0,7302.439,15.25532,3.329915,8.895964,8.710314,1.202947,0.9794576,0.5285119,0.629387
1970,3,8,15,1300.0,12916.67,18.38461,6.05251,9.466273,9.266343,1.800473,1.583881,0.5289148,0.5581015
1970,3,8,16,1450.0,10460.0,14.13793,4.955958,9.255314,9.176077,1.600591,1.499496,0.1290579,0.1727502
1970,3,8,17,1300.0,6766.667,11.23077,3.316993,8.819764,8.803355,1.199059,1.18265,0.0339806,0.0339806
1970,3,8,18,1300.0,7250.0,11.61539,3.516482,8.888757,8.741061,1.257461,1.104621,0.5284929,0.5338328
1970,3,8,19,700.0,7241.667,13.0,3.740616,8.887607,8.531653,1.31925,0.9499288,1.107723,1.150473
1970,3,8,20,500.0,9910.0,11.6,4.658645,9.2013,9.157761,1.538725,1.473365,0.0795889,0.1267089
1970,3,8,21,13200.0,7638.235,11.51515,3.478742,8.940922,8.758824,1.246671,1.078348,0.3421528,0.3437496
1970,3,8,22,1300.0,7850.0,12.92308,3.841174,8.968268,8.794485,1.345778,1.170159,0.5243583,0.5257761
1970,3,8,23,800.0,8650.0,12.375,4.1122,9.065314,9.042624,1.413958,1.382659,0.0452549,0.0634446
1970,3,8,24,2900.0,8873.214,13.2069,4.293907,9.090793,9.06057,1.457197,1.424583,0.0615609,0.0664309
1970,3,8,25,1850.0,7811.539,13.13513,3.626072,8.963357,8.910008,1.28815,1.261206,0.0995653,0.0539044
1970,3,8,26,1500.0,5714.286,10.4,2.746593,8.650724,8.576349,1.010361,0.938831,0.1523047,0.145221
1970,3,8,27,400.0,8783.333,13.5,4.305555,9.080611,9.062979,1.459906,1.442274,0.0347894,0.0347894
1970,3,8,28,16850.0,8453.846,12.46884,3.943583,9.042377,9.007093,1.37209,1.332046,0.0841935,0.0932363
1970,3,8,29,17550.0,6485.093,9.994302,3.157998,8.777262,8.705216,1.149938,1.076909,0.1685237,0.1714972
1970,3,8,30,600.0,7133.333,12.16667,3.558669,8.872534,8.811646,1.269387,1.203934,0.1447406,0.154215
1970,3,8,31,8650.0,6982.609,10.71676,3.332712,8.851178,8.740293,1.203786,1.090107,0.2889778,0.2928047
1970,3,8,32,16650.0,4612.593,8.990991,2.15007,8.436545,8.280517,0.7655002,0.6105657,0.3798697,0.3717514
1970,3,8,33,600.0,10410.0,12.5,4.03476,9.250523,9.099391,1.394947,1.252809,0.381841,0.3117388
1970,3,8,34,2700.0,8160.417,11.51852,3.794684,9.007051,8.951845,1.333601,1.266298,0.1149856,0.1385897
1970,3,8,35,6200.0,6275.49,10.37097,2.899869,8.744407,8.648701,1.064666,0.9748344,0.213084,0.2013851
1970,3,8,36,16950.0,5952.239,9.545723,2.711646,8.691523,8.570065,0.9975558,0.8731132,0.2708101,0.2606692
1970,3,8,37,6200.0,5625.0,10.45161,2.713497,8.634976,8.56799,0.9982384,0.9298885,0.1672295,0.1686037
1970,3,8,38,49750.0,5144.717,8.954774,2.411988,8.545726,8.437943,0.8804513,0.7707033,0.255979,0.2642817
1970,3,8,39,21950.0,5458.239,9.088839,2.588966,8.604881,8.447423,0.9512586,0.7963653,0.4020218,0.3988833
1970,3,8,40,5400.0,2775.862,7.759259,1.224937,7.928717,7.628271,0.2028893,-0.161027,0.6416764,0.7712067
1970,3,8,41,24650.0,2951.603,6.673428,1.301967,7.990104,7.815545,0.2638761,0.0799736,0.4006516,0.4281775
1970,3,8,42,7550.0,4516.667,8.754967,2.121549,8.415529,8.208867,0.7521465,0.5605289,0.4696341,0.4359272
1970,3,8,43,4150.0,3928.846,5.493976,1.818174,8.276101,8.046662,0.5978324,0.43041,0.5288774,0.4385609
1970,3,8,44,21350.0,6747.043,9.339579,3.137633,8.816859,8.666471,1.143469,0.985488,0.3264206,0.358409
1970,3,8,45,3600.0,6775.0,10.77778,3.202644,8.820994,8.665636,1.163977,0.9853654,0.3803348,0.4724597
1970,3,8,46,16700.0,6509.22,9.011976,3.233053,8.780975,8.644734,1.173427,1.049629,0.3056824,0.2757123
1970,3,8,47,66250.0,6010.393,8.531321,2.900642,8.701245,8.558993,1.064932,0.9212515,0.3492283,0.3507653
1970,3,8,48,2300.0,6797.619,8.913043,3.140627,8.824327,8.741693,1.144422,1.065546,0.2347319,0.2250742
1970,3,8,49,12400.0,8434.052,10.39516,3.996461,9.040032,8.9401,1.385409,1.280555,0.2257577,0.24015
1970,3,8,50,3750.0,7715.625,11.17333,3.682863,8.951003,8.856823,1.30369,1.206204,0.2364691,0.2501004
1970,3,8,51,1000.0,5207.143,7.5,2.318635,8.557787,8.459836,0.8409784,0.7188876,0.2061106,0.263662
1970,3,8,52,2700.0,6578.846,9.444445,3.060005,8.791615,8.538562,1.118417,0.8810466,0.635867,0.600683
1970,3,8,53,300.0,6216.667,8.0,3.155361,8.734989,8.712096,1.149103,1.117378,0.0442392,0.060909
1970,3,8,54,3950.0,6481.25,9.164557,2.942669,8.776669,8.73595,1.079317,1.045048,0.0854399,0.0728603
1970,3,8,55,2100.0,8013.889,9.666667,3.624591,8.988932,8.807948,1.287742,1.122401,0.5832492,0.5389521
1970,3,8,56,11300.0,7716.667,9.575221,3.757709,8.951138,8.854793,1.32381,1.230609,0.2155802,0.2031671
1970,3,8,57,3950.0,6817.567,9.392406,3.277054,8.827258,8.767067,1.186945,1.119355,0.1573723,0.1761044
1970,3,8,58,3550.0,3613.043,7.521127,1.765704,8.192306,8.061538,0.5685492,0.4380342,0.3724473,0.345992
1970,3,8,59,2000.0,9566.667,10.75,4.630172,9.16604,8.989752,1.532594,1.347203,0.2430167,0.2582246
1970,3,8,60,11200.0,5758.333,8.5,2.669825,8.658403,8.465263,0.9820127,0.8113059,0.3769659,0.3889744
1970,3,8,61,72450.0,6465.456,8.875086,3.170804,8.774229,8.676345,1.153985,1.050697,0.2337784,0.246154
1970,3,8,62,14400.0,7485.648,9.458333,3.632206,8.920743,8.850264,1.28984,1.215084,0.1590723,0.1645392
1970,3,8,63,4750.0,7725.714,9.473684,3.884232,8.95231,8.886265,1.356925,1.287288,0.1297941,0.1452783
1970,3,8,64,70950.0,6453.625,8.880902,2.998799,8.772397,8.637742,1.098212,0.9614791,0.3156539,0.3173771
1970,3,8,65,21550.0,7078.09,8.761021,3.472266,8.864759,8.769358,1.244807,1.146716,0.2297707,0.2356022
1970,3,8,66,82550.0,5584.823,8.298001,2.684749,8.627808,8.517799,0.9875874,0.8775421,0.2561442,0.2553721
1970,4,8,0,570450.0,,9.429573,,,,,,,
1970,4,8,1,14700.0,6279.121,12.72109,2.958738,8.744986,8.436706,1.084763,0.7593756,0.8571677,0.9296317
1970,4,8,2,2600.0,8120.0,13.73077,3.876081,9.002086,8.917535,1.354825,1.264372,0.1741021,0.1813967
1970,4,8,3,0.0,,,,,,,,,
1970,4,8,4,0.0,,,,,,,,,
1970,4,8,5,100.0,9050.0,12.0,4.436275,9.11052,9.11052,1.489815,1.489815,0.0,0.0
1970,4,8,6,400.0,10925.0,18.25,5.563063,9.298809,9.289519,1.716149,1.707795,0.0193347,0.0169328
1970,4,8,7,350.0,11350.0,17.71428,5.563725,9.336973,8.681593,1.716268,1.060888,1.628832,1.628833
1970,4,8,8,11900.0,6704.737,12.57983,3.255057,8.81057,8.702945,1.18021,1.063141,0.2587605,0.272934
1970,4,8,9,200.0,7900.0,13.5,3.872549,8.974618,8.839041,1.353913,1.218335,0.2850544,0.2850541
1970,4,8,10,1100.0,9621.429,17.63636,4.594151,9.171748,9.056654,1.524784,1.390482,0.2734594,0.3082373
1970,4,8,11,25900.0,7182.386,16.73359,3.651711,8.879387,8.717702,1.295196,1.116778,0.4282795,0.455948
1970,4,8,12,1050.0,11140.0,17.71428,5.545218,9.318297,9.292528,1.712936,1.687826,0.0531732,0.0517127
1970,4,8,13,200.0,17250.0,15.0,8.455882,9.755568,9.755568,2.134862,2.134862,0.0,0.0
1970,4,8,14,3350.0,8646.429,14.50746,4.492933,9.064901,8.877296,1.502506,1.2888,0.3691956,0.3757367
1970,4,8,15,200.0,9550.0,19.0,4.516612,9.164296,9.092178,1.507762,1.412582,0.1484789,0.1974636
1970,4,8,16,600.0,3530.0,12.5,1.804947,8.169053,8.141962,0.5905312,0.5663323,0.0525378,0.0479476
1970,4,8,17,10200.0,5398.795,11.82353,2.631898,8.593931,8.522722,0.9677051,0.8865181,0.1931147,0.2141293
1970,4,8,18,600.0,4983.333,11.5,2.493817,8.513854,8.44444,0.9138146,0.849722,0.1629479,0.148061
1970,4,8,19,0.0,,,,,,,,,
1970,4,8,20,200.0,7750.0,15.5,3.533497,8.955448,8.920988,1.262288,1.241392,0.0700642,0.0422948
1970,4,8,21,16750.0,3894.167,11.3791,1.915259,8.267235,8.109611,0.6498531,0.4909059,0.3490356,0.3534174
1970,4,8,22,12200.0,6220.0,13.26229,3.122345,8.735525,8.665641,1.138584,1.069407,0.178075,0.1778966
1970,4,8,23,2300.0,5578.125,12.21739,2.733489,8.626608,8.557731,1.005579,0.9293678,0.1754549,0.1920316
1970,4,8,24,4300.0,5585.294,12.13953,2.83366,8.627892,8.494944,1.041569,0.9019343,0.3407856,0.3575447
1970,4,8,25,6050.0,5921.111,12.77686,2.884974,8.686279,8.618274,1.059516,0.9878953,0.2048035,0.2134465
1970,4,8,26,850.0,4392.857,13.05882,2.188146,8.387735,8.28853,0.7830546,0.6678513,0.2130232,0.2559019
1970,4,8,27,2000.0,6102.941,12.25,3.099867,8.716526,8.676679,1.131359,1.091398,0.0757045,0.0759688
1970,4,8,28,3200.0,6982.143,12.75,3.425381,8.851111,8.792933,1.231213,1.160424,0.1487293,0.1906566
1970,4,8,29,3100.0,5465.909,11.77419,2.727842,8.606286,8.499535,1.003511,0.8816017,0.2549897,0.2887692
1970,4,8,30,750.0,5550.0,12.66667,2.965984,8.621553,8.582166,1.087209,1.021682,0.0798105,0.1280811
1970,4,8,31,24400.0,5470.938,11.92623,2.740716,8.607205,8.51644,1.008219,0.9198066,0.2113662,0.2051134
1970,4,8,32,124500.0,2444.306,9.91245,1.211335,7.801517,7.586771,0.1917232,-0.0183984,0.4199966,0.4085681
1970,4,8,33,0.0,,,,,,,,,
1970,4,8,34,300.0,2350.0,11.33333,1.105169,7.762171,7.473411,0.0999985,-0.2534451,0.5360876,0.6687978
1970,4,8,35,900.0,7783.333,15.11111,3.81536,8.95974,8.922618,1.339035,1.301913,0.0782172,0.0782171
1970,4,8,36,44000.0,3115.568,9.909091,1.492338,8.044167,7.898336,0.400344,0.2608041,0.3199371,0.3194134
1970,4,8,37,26750.0,4158.796,10.48224,2.049384,8.332981,8.269963,0.7175391,0.6465962,0.1343923,0.1523435
1970,4,8,38,10900.0,4123.684,10.42202,2.053172,8.324502,8.227725,0.7193861,0.6152752,0.2366542,0.2558327
1970,4,8,39,47200.0,3154.406,9.383474,1.576456,8.056556,7.809759,0.4551794,0.2117906,0.6116168,0.5969126
1970,4,8,40,1050.0,4000.0,8.571428,1.960784,8.294049,8.212883,0.6733446,0.5921785,0.1627882,0.1627883
1970,4,8,41,3950.0,2068.75,8.35443,0.8083595,7.6347,7.501764,-0.2127484,-0.2777871,0.2982328,0.1404704
1970,4,8,42,700.0,2350.0,7.714286,1.178353,7.762171,7.412453,0.1641178,-0.1595216,0.8263575,0.7827537
1970,4,8,43,400.0,4300.0,8.5,2.107843,8.36637,8.350924,0.7456653,0.7302181,0.0312097,0.0312096
1970,4,8,44,800.0,5892.857,8.875,2.837399,8.681497,8.584533,1.042888,0.9620531,0.182201,0.1610382
1970,4,8,45,400.0,8075.0,12.0,3.506944,8.996528,8.931671,1.254745,1.2096,0.1413319,0.0953051
1970,4,8,46,1100.0,3675.0,9.545455,1.996314,8.209309,7.917567,0.6913025,0.4052879,0.815551,0.844462
1970,4,8,47,1000.0,4764.286,9.1,2.351763,8.468903,8.192348,0.8551652,0.5716694,0.478444,0.5108312
1970,4,8,48,100.0,,9.0,,,,,,,
1970,4,8,49,1900.0,4750.0,10.63158,2.363651,8.465899,8.322129,0.8602076,0.7267072,0.2911156,0.2672042
1970,4,8,50,400.0,8950.0,9.75,4.277642,9.099409,9.080328,1.453402,1.430177,0.0390654,0.0468036
1970,4,8,51,100.0,,8.0,,,,,,,
1970,4,8,52,2750.0,3785.0,10.90909,1.841125,8.238801,8.17641,0.6103765,0.5517406,0.1486444,0.1363311
1970,4,8,53,300.0,6050.0,11.0,3.206147,8.707813,8.704387,1.16507,1.161643,0.0068958,0.0068959
1970,4,8,54,2400.0,3075.0,9.041667,1.440887,8.03106,7.894391,0.3652586,0.2260804,0.3338016,0.3280402
1970,4,8,55,100.0,8050.0,8.0,3.946079,8.993427,8.993427,1.372722,1.372722,0.0,0.0
1970,4,8,56,1650.0,4986.364,9.151515,2.50756,8.514462,8.457099,0.9193101,0.8675905,0.1136873,0.1037256
1970,4,8,57,100.0,2050.0,9.0,1.004902,7.625595,7.625595,0.00489,0.00489,0.0,0.0
1970,4,8,58,100.0,3450.0,8.0,1.691176,8.14613,8.14613,0.5254244,0.5254244,0.0,0.0
1970,4,8,59,200.0,6250.0,12.0,3.063725,8.740336,8.740336,1.119632,1.119632,0.0,0.0
1970,4,8,60,34900.0,3645.313,9.421204,1.818732,8.201198,8.111133,0.5981393,0.5037494,0.2185353,0.2318751
1970,4,8,61,29150.0,4615.816,9.691252,2.300584,8.437244,8.289325,0.833163,0.6889132,0.2882716,0.2770292
1970,4,8,62,5450.0,5472.222,10.45872,2.755645,8.60744,8.56293,1.013651,0.9673846,0.0894885,0.0920587
1970,4,8,63,6200.0,4767.308,10.72581,2.341668,8.469537,8.378059,0.8508636,0.7576563,0.2311312,0.240495
1970,4,8,64,1650.0,5583.333,10.42424,2.729125,8.627542,8.551965,1.003981,0.9357256,0.1593959,0.1453509
1970,4,8,65,300.0,1550.0,10.0,0.759804,7.34601,7.34601,-0.2746948,-0.2746948,0.0,0.0
1970,4,8,66,6400.0,3972.727,10.03125,2.04197,8.287209,8.113525,0.7139148,0.5235101,0.471284,0.5222771
1960,0,0,0,25000000.0,,10.48701,,,,,,,
1960,0,0,1,3348236.0,8247.015,12.35606,,9.017607,8.800425,,,0.4774367,
1960,0,0,2,906680.5,7358.282,13.9179,,8.903582,8.793269,,,0.2228809,
1960,0,0,3,21326.0,10565.98,16.70918,,9.265395,9.111475,,,0.2998085,
1960,0,0,4,641900.5,8956.618,15.13607,,9.100148,9.03053,,,0.1514511,
1960,0,0,5,17985.5,7496.811,15.46009,,8.922233,8.846104,,,0.1473654,
1960,0,0,6,134592.0,7798.214,16.00032,,8.96165,8.866877,,,0.2046442,
1960,0,0,7,256004.5,15033.89,18.57445,,9.618062,9.341198,,,0.682429,
1960,0,0,8,421412.0,4881.711,13.76129,,8.493251,8.350425,,,0.2830997,
1960,0,0,9,20024.0,6005.215,15.6077,,8.700383,8.525449,,,0.3802031,
1960,0,0,10,104149.5,8587.884,18.61616,,9.058107,8.940509,,,0.2437607,
1960,0,0,11,1068000.0,5740.104,16.71825,,8.655232,8.559075,,,0.2330327,
1960,0,0,12,44072.0,4930.49,16.21682,,8.503194,8.417807,,,0.1922583,
1960,0,0,13,35806.5,8141.781,17.06207,,9.004765,8.893505,,,0.2298906,
1960,0,0,14,248170.0,4843.273,16.4094,,8.485346,8.352109,,,0.3186931,
1960,0,0,15,147464.5,12438.56,18.48209,,9.428556,9.232654,,,0.4400548,
1960,0,0,16,370356.5,7319.392,14.69623,,8.898282,8.749931,,,0.3267602,
1960,0,0,17,191410.0,3894.692,11.64372,,8.26737,8.120195,,,0.3114818,
1960,0,0,18,250019.5,6433.584,12.66835,,8.769287,8.713796,,,0.1188008,
1960,0,0,19,132323.5,6106.17,12.53931,,8.717055,8.662948,,,0.1096076,
1960,0,0,20,80037.0,7079.794,12.63261,,8.865,8.738203,,,0.2579043,
1960,0,0,21,2987785.0,6182.731,11.96823,,8.729515,8.522478,,,0.433276,
1960,0,0,22,1200648.0,4091.044,12.32478,,8.316555,8.260148,,,0.1129301,
1960,0,0,23,107156.5,4444.185,12.02899,,8.399352,8.305303,,,0.2054108,
1960,0,0,24,145304.5,6004.473,13.11209,,8.70026,8.552121,,,0.2963834,
1960,0,0,25,610844.0,4068.45,12.05534,,8.311017,8.236819,,,0.1618818,
1960,0,0,26,168022.5,4351.648,11.69347,,8.37831,8.323724,,,0.1122603,
1960,0,0,27,207954.0,3962.227,11.12885,,8.284561,8.226524,,,0.1346388,
1960,0,0,28,314025.0,5335.116,11.78446,,8.582066,8.554178,,,0.0629525,
1960,0,0,29,456222.0,4821.538,10.58283,,8.480848,8.418671,,,0.1421753,
1960,0,0,30,63808.5,6021.536,13.48967,,8.703097,8.622556,,,0.1588049,
1960,0,0,31,1763843.0,4676.142,11.88471,,8.450229,8.365512,,,0.1784001,
1960,0,0,32,288448.5,2434.259,9.14361,,7.797398,7.589015,,,0.4421998,
1960,0,0,33,110687.0,5681.878,11.07201,,8.645037,8.606382,,,0.0848575,
1960,0,0,34,232277.5,5449.737,11.57405,,8.603323,8.560346,,,0.0927333,
1960,0,0,35,121125.5,4833.771,10.05978,,8.483382,8.416687,,,0.1533335,
1960,0,0,36,1043806.0,2975.919,9.709577,,7.998308,7.824377,,,0.3714129,
1960,0,0,37,268718.5,2827.743,10.30023,,7.947234,7.851684,,,0.2235651,
1960,0,0,38,299821.0,3575.967,8.9334,,8.181991,8.087811,,,0.2139406,
1960,0,0,39,1032476.0,2748.269,9.311108,,7.918726,7.610122,,,0.6621675,
1960,0,0,40,1357420.0,3755.172,9.647028,,8.230889,7.842793,,,0.8430898,
1960,0,0,41,571151.5,2502.577,7.63004,,7.825076,7.57341,,,0.5881566,
1960,0,0,42,76973.5,3852.559,8.709179,,8.256493,8.124211,,,0.3060529,
1960,0,0,43,89164.0,3826.06,8.156381,,8.249591,7.996865,,,0.5627283,
1960,0,0,44,622872.5,5076.279,9.843066,,8.532333,8.451879,,,0.1804131,
1960,0,0,45,338166.0,5852.953,11.1936,,8.674702,8.615537,,,0.1415575,
1960,0,0,46,940580.5,5391.033,10.03646,,8.592492,8.526659,,,0.148974,
1960,0,0,47,1494043.0,5829.032,9.873543,,8.670607,8.57891,,,0.2097639,
1960,0,0,48,198839.0,5423.241,8.982609,,8.598449,8.512179,,,0.2213037,
1960,0,0,49,902472.5,6934.844,10.93907,,8.844314,8.771063,,,0.1573692,
1960,0,0,50,647241.5,6157.034,10.42918,,8.72535,8.678409,,,0.1001478,
1960,0,0,51,41054.5,5241.019,10.11527,,8.564271,8.47962,,,0.1814091,
1960,0,0,52,449990.0,3140.449,9.251133,,8.052121,7.95215,,,0.1992164,
1960,0,0,53,105804.0,5777.332,10.27205,,8.661697,8.570052,,,0.1971893,
1960,0,0,54,185971.0,5139.129,10.00306,,8.544639,8.45952,,,0.1850433,
1960,0,0,55,211435.0,7193.13,12.08373,,8.880881,8.81232,,,0.1392207,
1960,0,0,56,178782.0,5755.27,9.511285,,8.657871,8.610156,,,0.1052418,
1960,0,0,57,51013.5,5296.296,9.222402,,8.574763,8.52246,,,0.1278149,
1960,0,0,58,51311.0,3938.299,8.251759,,8.278504,8.16193,,,0.2620327,
1960,0,0,59,199327.5,6402.767,10.98529,,8.764485,8.692122,,,0.1672928,
1960,0,0,60,368239.0,2937.252,9.014915,,7.985229,7.850429,,,0.288287,
1960,0,0,61,3536242.0,4594.668,9.414379,,8.432652,8.348684,,,0.1863583,
1960,0,0,62,710184.5,4999.652,9.762398,,8.517123,8.457064,,,0.1328126,
1960,0,0,63,377895.0,4718.124,10.27246,,8.459167,8.383597,,,0.1640158,
1960,0,0,64,1619051.0,5064.385,9.434815,,8.529988,8.419109,,,0.2469519,
1960,0,0,65,471712.5,6209.373,9.845284,,8.733815,8.661982,,,0.1581932,
1960,0,0,66,1580384.0,4210.903,8.780189,,8.345432,8.243267,,,0.2398272,
1960,1,0,0,2433474.0,,10.92081,,,,,,,
1960,1,0,1,2876404.0,8716.864,12.54201,3.606721,9.073015,8.878987,1.282799,1.067637,0.4120793,0.4647641
1960,1,0,2,760677.5,7770.143,14.14073,3.476858,8.958044,8.85734,1.246129,1.142869,0.2014589,0.213911
1960,1,0,3,20780.0,10664.22,16.70659,4.605554,9.274649,9.123809,1.527263,1.379844,0.2933327,0.2975151
1960,1,0,4,634383.5,8979.994,15.19024,4.145236,9.102755,9.033721,1.42196,1.350781,0.1496783,0.1582405
1960,1,0,5,13204.5,8056.558,15.96274,3.8823,8.994242,8.925179,1.356428,1.279713,0.1320229,0.1504697
1960,1,0,6,124627.0,7890.48,16.09836,3.667867,8.973413,8.881884,1.29961,1.198008,0.2010612,0.2271487
1960,1,0,7,239967.5,15335.24,18.7441,5.837243,9.637908,9.371061,1.764259,1.496037,0.6556503,0.6714699
1960,1,0,8,64411.5,8442.943,15.87259,3.251439,9.041086,8.900983,1.179098,1.044418,0.2926345,0.2881424
1960,1,0,9,10012.5,7265.167,16.02028,3.259239,8.890846,8.702042,1.181494,0.9864095,0.4488733,0.4559683
1960,1,0,10,82625.0,8963.257,19.62445,3.748314,9.100889,8.988713,1.321306,1.20529,0.2291782,0.2427258
1960,1,0,11,343882.0,6454.685,17.66372,2.851094,8.772561,8.703366,1.047703,0.9682434,0.1506113,0.1724232
1960,1,0,12,5424.0,6584.587,17.78355,3.133955,8.792487,8.727081,1.142296,1.080105,0.1326647,0.1240714
1960,1,0,13,26240.5,8842.97,17.38065,3.943048,9.087379,8.984763,1.371954,1.269347,0.2080585,0.2103705
1960,1,0,14,174995.5,4963.384,17.00241,1.909365,8.509843,8.369917,0.6467708,0.4839683,0.3319878,0.3814017
1960,1,0,15,141239.5,12682.18,18.57751,5.316574,9.447953,9.262464,1.670829,1.487135,0.4046093,0.4032406
1960,1,0,16,263771.5,7823.838,14.87592,3.52744,8.964931,8.831264,1.260572,1.118965,0.2909378,0.3162722
1960,1,0,17,39202.5,5912.907,12.41579,2.614922,8.684893,8.571907,0.9612342,0.8516722,0.2117989,0.2099592
1960,1,0,18,233083.0,6526.041,12.72872,3.025484,8.783556,8.728919,1.107071,1.050498,0.1176269,0.1242719
1960,1,0,19,114338.5,6328.631,12.66582,2.960058,8.752839,8.703141,1.085209,1.033659,0.1006354,0.1068487
1960,1,0,20,69582.5,7454.251,13.32461,3.440568,8.91654,8.801225,1.235637,1.106803,0.221598,0.2485895
1960,1,0,21,1958047.0,7222.16,12.61251,3.086715,8.88491,8.735456,1.127107,0.9652396,0.3016509,0.3301862
1960,1,0,22,41669.5,6719.547,12.92408,3.078533,8.812776,8.677279,1.124453,0.9986547,0.2533821,0.2394571
1960,1,0,23,35917.0,5981.8,12.27472,2.75427,8.696477,8.652134,1.013152,0.9653718,0.0942824,0.1021647
1960,1,0,24,65998.0,7971.098,14.68757,3.682298,8.983578,8.878373,1.303537,1.199337,0.2231307,0.2229975
1960,1,0,25,110014.0,5382.612,12.70284,2.426481,8.590929,8.535796,0.8864422,0.8227175,0.1236258,0.1421431
1960,1,0,26,42384.5,5577.976,12.30096,2.607603,8.626581,8.579757,0.9584312,0.913351,0.0987452,0.0963355
1960,1,0,27,14991.0,5893.727,11.33554,2.755722,8.681643,8.65225,1.013679,0.9796984,0.0580632,0.0683032
1960,1,0,28,249419.0,5446.033,11.86082,2.498822,8.602643,8.578341,0.9158193,0.8898354,0.0541211,0.0592766
1960,1,0,29,364083.0,5113.358,10.63775,2.363256,8.539612,8.49003,0.8600403,0.8060767,0.1118148,0.122327
1960,1,0,30,57233.5,6176.736,13.67142,2.799912,8.728545,8.657661,1.029588,0.9499752,0.1421768,0.1623349
1960,1,0,31,718984.5,5778.035,12.18477,2.704509,8.661819,8.59958,0.9949205,0.9294003,0.1292436,0.13925
1960,1,0,32,29775.0,4991.628,9.902703,2.202325,8.515517,8.400457,0.7895136,0.6752365,0.2660874,0.2700222
1960,1,0,33,108745.5,5690.048,11.08747,2.09832,8.646474,8.60794,0.7411368,0.695181,0.084665,0.1009369
1960,1,0,34,217028.5,5489.507,11.55718,2.400244,8.610594,8.569996,0.8755704,0.8235249,0.084761,0.1124279
1960,1,0,35,109866.5,4910.221,10.12619,2.240559,8.499074,8.433298,0.8067253,0.7340932,0.151736,0.1723608
1960,1,0,36,241813.5,4351.742,9.898645,1.790059,8.378331,8.276773,0.5822486,0.4814725,0.2207684,0.2231089
1960,1,0,37,42677.5,3558.196,10.16149,1.649121,8.177009,8.103534,0.5002427,0.4220711,0.1809469,0.1916459
1960,1,0,38,162487.0,3982.462,9.232006,1.79821,8.289656,8.211994,0.5867917,0.4993891,0.1777095,0.1985838
1960,1,0,39,183144.0,4904.327,10.21465,2.044282,8.497873,8.349992,0.7150468,0.5686305,0.3094159,0.310493
1960,1,0,40,1250298.0,3876.582,10.0034,1.405585,8.262709,7.895125,0.3404538,-0.0305071,0.7903072,0.7903279
1960,1,0,41,350985.0,2799.468,7.986404,1.052333,7.937185,7.725181,0.0510099,-0.1642168,0.5033511,0.4984386
1960,1,0,42,53523.5,4288.341,9.456594,1.929909,8.363655,8.268082,0.6574727,0.5685403,0.2092855,0.1961903
1960,1,0,43,69575.0,4352.943,9.098541,1.92466,8.378608,8.154223,0.6547496,0.4271299,0.522761,0.533148
1960,1,0,44,585262.0,5154.438,9.973482,2.226148,8.547613,8.470509,0.8002729,0.7092623,0.1721919,0.2068073
1960,1,0,45,327157.5,5902.881,11.26378,2.714879,8.683196,8.626816,0.9987475,0.9328455,0.1338336,0.1612438
1960,1,0,46,884425.0,5474.102,10.15364,2.495413,8.607783,8.546089,0.9144541,0.8453177,0.1380571,0.1583331
1960,1,0,47,1398970.0,5941.719,10.25231,2.802289,8.689754,8.605174,1.030436,0.9377126,0.1909634,0.212448
1960,1,0,48,191364.0,5487.4,9.360659,2.479164,8.610209,8.527999,0.9079213,0.8211104,0.2105609,0.2239708
1960,1,0,49,829003.5,7153.81,11.0179,3.218318,8.875401,8.812523,1.168859,1.098645,0.1324494,0.1502662
1960,1,0,50,623140.5,6222.137,10.50967,2.862201,8.735868,8.692049,1.051591,1.007277,0.0917458,0.0948592
1960,1,0,51,39709.0,5288.976,10.21081,2.355135,8.57338,8.489611,0.8565983,0.7693241,0.180186,0.1987049
1960,1,0,52,64587.5,4933.128,9.456737,2.266452,8.503729,8.418801,0.8182157,0.7256405,0.1801074,0.1981652
1960,1,0,53,87313.5,6145.279,10.52766,2.857227,8.723439,8.647751,1.049852,0.9734185,0.1595733,0.1643725
1960,1,0,54,163807.0,5333.05,10.13379,2.238587,8.581678,8.50876,0.805845,0.7256387,0.1534728,0.1799101
1960,1,0,55,206054.5,7246.521,12.17367,3.344311,8.888277,8.821428,1.207261,1.135637,0.1352897,0.1480968
1960,1,0,56,158866.0,5879.098,9.640955,2.748726,8.679158,8.636174,1.011138,0.9664567,0.0924943,0.0962791
1960,1,0,57,41194.0,5486.376,9.641453,2.603153,8.610023,8.558712,0.9567236,0.9084852,0.1306898,0.1247987
1960,1,0,58,40250.0,4243.735,8.924348,1.990227,8.353199,8.247103,0.6882485,0.5854683,0.2479652,0.2425788
1960,1,0,59,183334.0,6577.743,11.06257,3.15957,8.791447,8.727396,1.150436,1.078914,0.1478827,0.1685923
1960,1,0,60,93032.5,4188.19,9.2442,1.835653,8.340024,8.242364,0.6074001,0.5124145,0.2021977,0.2054923
1960,1,0,61,2193568.0,5179.896,9.645768,2.420544,8.55254,8.490872,0.8839923,0.8181141,0.1379583,0.1493618
1960,1,0,62,471378.5,5481.76,9.814885,2.575064,8.609181,8.565377,0.9458745,0.8968375,0.0996912,0.113072
1960,1,0,63,189965.5,5695.159,10.78913,2.667772,8.647372,8.605689,0.9812438,0.9385185,0.0880208,0.0900251
1960,1,0,64,1387604.0,5319.726,9.749661,2.272416,8.579177,8.482911,0.8208436,0.7172561,0.2108345,0.2321457
1960,1,0,65,442418.5,6298.178,10.07084,2.778322,8.748015,8.680739,1.021847,0.9540103,0.1437831,0.1487024
1960,1,0,66,1101966.0,4555.08,9.311637,2.080902,8.423999,8.33704,0.7328016,0.636301,0.2018525,0.227037
1960,2,0,0,20000000.0,,11.15473,,,,,,,
1960,2,0,1,416659.5,4442.218,11.97975,2.003289,8.398909,8.178163,0.6947904,0.4531986,0.5203764,0.5927026
1960,2,0,2,133799.5,4768.31,13.51575,2.284215,8.469748,8.388156,0.8260225,0.7402159,0.1719781,0.1834087
1960,2,0,3,546.0,4322.483,19.64652,2.065486,8.371586,8.327562,0.7253654,0.6677276,0.0874736,0.1171023
1960,2,0,4,4833.0,6435.562,14.43575,3.172685,8.769594,8.676004,1.154578,1.058232,0.2549611,0.270172
1960,2,0,5,4483.0,5779.938,14.59848,2.846681,8.662148,8.604917,1.046154,0.9926931,0.1160339,0.1071474
1960,2,0,6,7626.0,6393.64,16.70679,3.120352,8.763059,8.614554,1.137946,0.964432,0.2345502,0.2920357
1960,2,0,7,11457.0,9592.57,18.20084,3.88239,9.168744,8.807192,1.356451,1.015374,0.8674517,0.8900588
1960,2,0,8,328420.5,3979.561,14.4669,1.895018,8.288927,8.219124,0.6392286,0.5665535,0.1673968,0.1776785
1960,2,0,9,8616.5,4356.676,16.63483,2.115374,8.379465,8.300804,0.7492316,0.6635283,0.1881789,0.2053868
1960,2,0,10,17741.5,6246.277,19.73627,2.749686,8.739741,8.636522,1.011487,0.894142,0.2450885,0.2881938
1960,2,0,11,625694.0,4825.769,17.23661,2.353277,8.481726,8.371819,0.8558088,0.7304879,0.2914319,0.3290929
1960,2,0,12,36358.0,4623.191,16.76808,2.295202,8.438841,8.362573,0.8308211,0.752343,0.1772129,0.1844772
1960,2,0,13,8173.0,5983.283,17.51499,2.730859,8.696725,8.617049,1.004616,0.9241439,0.1953051,0.1866695
1960,2,0,14,54341.0,4686.82,16.366,2.283053,8.45251,8.344961,0.8255138,0.7036796,0.270182,0.3203852
1960,2,0,15,3839.0,5787.574,18.46392,2.659845,8.663468,8.410288,0.9782678,0.747716,0.75173,0.6776497
1960,2,0,16,96318.5,5165.112,16.71458,2.530801,8.549682,8.395719,0.9285359,0.7621352,0.3499426,0.3790154
1960,2,0,17,123659.0,3251.461,11.94439,1.537515,8.08686,7.984004,0.4301672,0.320531,0.2403096,0.2616868
1960,2,0,18,13045.5,4830.934,12.88475,2.323641,8.482795,8.44819,0.8431355,0.8085436,0.0709362,0.070028
1960,2,0,19,15397.0,4455.918,12.31571,2.163597,8.401988,8.365952,0.7717723,0.7345825,0.0722235,0.0735162
1960,2,0,20,8265.5,4354.945,12.96461,2.1437,8.379067,8.309963,0.7625334,0.6856161,0.1622939,0.1924337
1960,2,0,21,975658.0,2887.458,12.10387,1.375713,7.968132,7.847041,0.3189719,0.1957101,0.2451303,0.2603457
1960,2,0,22,1123719.0,3987.66,12.83433,1.982751,8.29096,8.245259,0.6844855,0.6370305,0.0976367,0.101903
1960,2,0,23,68697.5,3404.997,12.6494,1.673378,8.132999,8.075038,0.5148444,0.4554707,0.1333201,0.1360513
1960,2,0,24,70590.0,3934.908,12.56495,1.951809,8.277643,8.207142,0.6687568,0.6003643,0.1481764,0.1447392
1960,2,0,25,494655.0,3706.797,12.65491,1.812886,8.217923,8.154274,0.5949199,0.5276387,0.1416528,0.1517975
1960,2,0,26,118613.5,3859.853,11.78574,1.915299,8.258385,8.22153,0.6498739,0.6119568,0.079585,0.0816211
1960,2,0,27,187088.5,3795.163,11.38984,1.869705,8.241483,8.19051,0.6257806,0.5708451,0.1221591,0.1314454
1960,2,0,28,16391.5,4226.231,13.86444,2.063882,8.349066,8.273284,0.7245885,0.6504759,0.1841541,0.1806141
1960,2,0,29,45673.5,3373.812,11.00139,1.649717,8.123798,8.068307,0.500604,0.4402106,0.1259448,0.1415216
1960,2,0,30,5327.0,4489.824,12.85921,2.338565,8.409569,8.264276,0.8495376,0.6800691,0.1901235,0.2226332
1960,2,0,31,966117.0,3679.636,12.26543,1.823277,8.210569,8.154097,0.6006353,0.5417293,0.1262645,0.1331971
1960,2,0,32,138118.0,2225.102,10.24159,1.040807,7.707558,7.546691,0.0399964,-0.1354558,0.3749796,0.4143564
1960,2,0,33,248.5,7507.789,13.19517,2.775971,8.923697,8.901887,1.021001,1.018835,0.0441895,0.0043575
1960,2,0,34,5783.0,4172.022,13.47657,2.000735,8.336156,8.231282,0.6935144,0.5806011,0.2551171,0.2709362
1960,2,0,35,2143.0,3268.85,12.18339,1.587377,8.092194,7.998518,0.4620832,0.3221561,0.2041487,0.3199981
1960,2,0,36,624049.0,2207.917,10.86786,1.03096,7.699805,7.580063,0.0304908,-0.09599,0.2553885,0.2749725
1960,2,0,37,160130.5,2587.458,10.80481,1.24159,7.858431,7.776016,0.2163928,0.1287731,0.1890586,0.2002135
1960,2,0,38,26591.5,2689.724,10.59196,1.329481,7.897194,7.807023,0.2847885,0.1839453,0.20036,0.2318107
1960,2,0,39,332505.5,2620.184,11.29108,1.190118,7.871,7.623293,0.1740523,-0.0753183,0.545693,0.5476674
1960,2,0,40,33616.0,2055.361,11.08433,0.8202587,7.628207,7.129064,-0.1981355,-0.6657266,0.8876851,0.8558691
1960,2,0,41,88969.0,1822.92,11.12895,0.7704061,7.508195,7.020938,-0.2608376,-0.7436773,0.9664284,1.017969
1960,2,0,42,7072.0,2350.072,10.1851,1.007661,7.762201,7.697969,0.0076317,-0.0331952,0.1354675,0.0861312
1960,2,0,43,1147.0,2795.91,10.7864,1.391808,7.935913,7.641011,0.3306035,0.0638649,0.9596937,0.8210194
1960,2,0,44,2239.0,3815.588,11.02055,1.843279,8.24685,8.226496,0.6115461,0.5809363,0.0394856,0.0614091
1960,2,0,45,4389.0,4060.538,11.29665,1.958709,8.309071,8.279268,0.6722857,0.6457596,0.0612821,0.053224
1960,2,0,46,9212.0,3597.587,10.97232,1.74155,8.188019,8.082902,0.5547757,0.4541201,0.2329755,0.2238934
1960,2,0,47,7521.0,3593.194,11.98458,1.763815,8.186797,8.076224,0.5674793,0.4398617,0.2861669,0.3148798
1960,2,0,48,597.0,4045.987,8.99665,1.920434,8.305481,8.233929,0.652551,0.5876048,0.1601877,0.144917
1960,2,0,49,58674.0,3943.85,10.61095,1.902898,8.279913,8.203717,0.6433778,0.5642404,0.1692335,0.1745644
1960,2,0,50,9066.5,4055.462,10.4938,1.964651,8.30782,8.220771,0.6753145,0.5908879,0.2150566,0.2097528
1960,2,0,51,447.5,3401.171,14.87374,1.574338,8.131875,8.061959,0.453835,0.4018621,0.1401289,0.1056761
1960,2,0,52,357311.5,2667.795,9.742208,1.338679,7.889008,7.830476,0.2916831,0.2310157,0.1269065,0.1334859
1960,2,0,53,11564.5,3211.421,9.974058,1.603082,8.074469,8.024604,0.4719282,0.4245264,0.1074806,0.1012887
1960,2,0,54,11005.5,2854.472,10.47113,1.340013,7.956642,7.878778,0.2926794,0.2240224,0.1704373,0.1442231
1960,2,0,55,2192.5,4325.869,11.17765,2.099027,8.372369,8.281329,0.7414737,0.6419449,0.1773511,0.184616
1960,2,0,56,7424.0,3905.203,10.40504,1.915776,8.270065,8.215005,0.6501228,0.5883707,0.1355754,0.1554433
1960,2,0,57,896.0,3727.309,9.113839,1.938286,8.223442,8.208826,0.6618043,0.6408817,0.0290609,0.0425637
1960,2,0,58,1097.0,3764.47,9.454877,1.826531,8.233362,8.201124,0.6024184,0.5748823,0.0663676,0.05768
1960,2,0,59,11858.5,3794.254,11.18497,1.855809,8.241243,8.154746,0.6183208,0.5268388,0.1836434,0.1904386
1960,2,0,60,173255.5,2495.552,9.451613,1.20077,7.822265,7.746669,0.1829628,0.1036013,0.1763238,0.1867439
1960,2,0,61,967692.0,3192.927,9.783578,1.577389,8.068693,8.011892,0.4557706,0.3983125,0.1269603,0.1285913
1960,2,0,62,196322.0,3669.526,10.00917,1.814031,8.207818,8.157543,0.5955512,0.5436679,0.1027786,0.1061642
1960,2,0,63,172631.0,3465.51,9.986966,1.703177,8.150615,8.09843,0.5324954,0.4790151,0.1182536,0.1204687
1960,2,0,64,16048.5,3240.66,14.00237,1.520378,8.083532,7.955113,0.4189591,0.2894848,0.2953668,0.3150848
1960,2,0,65,4483.5,5185.643,15.93465,2.499242,8.553649,8.342526,0.9159873,0.699412,0.5862684,0.580279
1960,2,0,66,47174.0,3132.85,10.02904,1.514021,8.049699,7.941717,0.4147688,0.3020014,0.2553647,0.2834829
1960,3,0,0,529314.5,,8.53263,,,,,,,
1960,3,0,1,38696.0,4291.36,10.86073,1.768318,8.364359,8.13684,0.5700286,0.3155186,0.5148044,0.5730987
1960,3,0,2,7819.5,5674.183,14.52228,2.664192,8.643682,8.564025,0.9799007,0.8969448,0.1922253,0.2067706
1960,3,0,3,0.0,,,,,,,,,
1960,3,0,4,2387.0,7504.24,14.58819,3.577619,8.923223,8.84484,1.274698,1.187773,0.1796798,0.2017768
1960,3,0,5,199.0,4854.02,14.01005,2.379421,8.487562,8.473778,0.8668573,0.8530729,0.0278514,0.0278513
1960,3,0,6,2240.0,6557.86,16.32054,3.075469,8.78842,8.729626,1.123457,1.058499,0.1134246,0.1231206
1960,3,0,7,3886.0,10467.45,18.40968,4.121214,9.256025,8.927943,1.416148,1.113774,0.7564268,0.7271533
1960,3,0,8,2591.0,4236.955,12.6565,1.910006,8.3516,8.266978,0.6471063,0.5543726,0.1949875,0.229104
1960,3,0,9,698.0,5154.34,14.7235,2.392972,8.547594,8.440867,0.8725363,0.780836,0.2194396,0.1879563
1960,3,0,10,2041.5,7066.475,19.51114,3.214155,8.863117,8.798433,1.167565,1.115623,0.1199488,0.1094485
1960,3,0,11,27442.0,5134.004,17.56854,2.396643,8.543641,8.453438,0.8740692,0.7829571,0.213736,0.212498
1960,3,0,12,199.0,,17.01005,,,,,,,
1960,3,0,13,896.0,4987.814,16.99442,2.341253,8.514753,8.474244,0.8506862,0.7891124,0.0827277,0.1279693
1960,3,0,14,12055.5,3971.036,15.1885,1.712539,8.286782,8.137795,0.5379773,0.3599963,0.367695,0.4432582
1960,3,0,15,2186.0,6351.247,18.45517,2.769772,8.756407,8.501084,1.018765,0.7638234,0.7305034,0.725373
1960,3,0,16,7025.5,4703.437,14.87695,2.224971,8.456049,8.378304,0.7997439,0.7139716,0.1600557,0.1825109
1960,3,0,17,3034.0,4029.183,13.18227,1.880936,8.301319,8.260135,0.6317696,0.5915068,0.0970737,0.090781
1960,3,0,18,3491.0,5287.046,11.91378,2.525815,8.573015,8.536686,0.926564,0.8883321,0.0810571,0.0843123
1960,3,0,19,1792.0,4705.247,11.10938,2.278966,8.456433,8.403745,0.8237219,0.7739513,0.1169826,0.1109957
1960,3,0,20,1793.0,4815.226,12.50474,2.342398,8.479538,8.389287,0.8511752,0.7554972,0.1578446,0.1702075
1960,3,0,21,26694.0,4322.549,11.27718,1.948861,8.3716,8.226205,0.6672453,0.5170438,0.3294893,0.3478675
1960,3,0,22,2092.0,4149.799,12.76434,1.974385,8.330815,8.284719,0.6802567,0.6304721,0.0942755,0.1042871
1960,3,0,23,797.0,3996.485,10.12547,1.829591,8.293171,8.231339,0.6040925,0.5649455,0.1218016,0.080661
1960,3,0,24,3038.0,4357.738,13.01843,2.05038,8.379708,8.342513,0.7180251,0.6789669,0.0722138,0.0747445
1960,3,0,25,1395.0,4850.913,13.35197,2.341585,8.486922,8.465157,0.8508279,0.8300004,0.0430484,0.0422468
1960,3,0,26,1941.5,4717.545,12.0958,2.176004,8.459044,8.361672,0.7774904,0.6707599,0.2552399,0.2615193
1960,3,0,27,596.0,4146.58,12.66946,1.993236,8.330039,8.272721,0.6897595,0.5959097,0.1274506,0.2282984
1960,3,0,28,44581.0,4996.477,12.36984,2.354289,8.516488,8.488455,0.8562389,0.8282127,0.0597266,0.062516
1960,3,0,29,37258.0,3851.054,10.50572,1.810857,8.256103,8.200359,0.5938004,0.5370547,0.1241505,0.1249015
1960,3,0,30,748.0,3751.169,12.26872,1.756168,8.229823,8.141374,0.563134,0.4545193,0.1851276,0.223632
1960,3,0,31,36460.0,4575.673,11.60291,2.176877,8.428509,8.369412,0.7778913,0.7151022,0.1299391,0.1406046
1960,3,0,32,9663.5,3360.436,9.307497,1.566502,8.119826,8.006966,0.448845,0.3270719,0.2524084,0.2724223
1960,3,0,33,1693.0,4956.202,11.70171,1.936917,8.508395,8.474192,0.6610978,0.626058,0.0738623,0.0759804
1960,3,0,34,8868.0,5209.746,12.31349,2.364406,8.558287,8.519534,0.8605268,0.8151146,0.1084602,0.1314106
1960,3,0,35,8618.0,4226.397,10.2301,1.972561,8.349105,8.298912,0.6793327,0.6227019,0.114346,0.1295711
1960,3,0,36,63406.5,3335.454,9.392539,1.488757,8.112364,7.998119,0.3979413,0.2758646,0.2498643,0.2682019
1960,3,0,37,20759.0,3452.361,10.18801,1.615455,8.146813,8.079787,0.4796165,0.4043541,0.1596673,0.1836266
1960,3,0,38,92414.5,3222.928,8.660935,1.502434,8.078046,7.988788,0.4070864,0.3098699,0.2006511,0.2223846
1960,3,0,39,101240.0,2904.891,9.148419,1.320976,7.974151,7.865044,0.278371,0.1606082,0.2520548,0.2723224
1960,3,0,40,69319.5,1127.421,6.635737,0.4718094,7.027689,6.71622,-0.7511803,-1.086195,0.6613376,0.6998119
1960,3,0,41,109275.0,1455.913,6.346456,0.6071228,7.283389,7.081851,-0.4990242,-0.7029902,0.4479859,0.435904
1960,3,0,42,15780.5,2546.809,7.899623,1.195364,7.842597,7.68256,0.1784509,0.0165189,0.3775066,0.372817
1960,3,0,43,18442.0,1817.247,6.857716,0.8461282,7.505078,7.400095,-0.1670844,-0.277846,0.232093,0.2350529
1960,3,0,44,35371.5,3798.198,9.082114,1.702918,8.242282,8.142591,0.5323432,0.417264,0.2269502,0.2705886
1960,3,0,45,6619.5,4088.253,10.64642,1.840147,8.315873,8.169707,0.6098456,0.4455799,0.3763657,0.4316989
1960,3,0,46,45302.5,3939.734,9.244501,1.844731,8.278869,8.190652,0.6123332,0.5164825,0.214065,0.2358654
1960,3,0,47,86757.0,3774.704,8.947751,1.809965,8.236077,8.100372,0.5933077,0.4505009,0.3087818,0.3298323
1960,3,0,48,6779.0,3774.96,8.161086,1.84173,8.236145,8.102339,0.6107055,0.4707336,0.3391818,0.350755
1960,3,0,49,13050.5,5229.61,9.840236,2.47772,8.562092,8.455822,0.9073387,0.7805189,0.1577842,0.1662962
1960,3,0,50,14140.5,4538.232,9.634101,2.143756,8.420293,8.351069,0.7625596,0.6926875,0.1591066,0.1593029
1960,3,0,51,848.0,3804.155,9.653302,1.820159,8.243849,8.195016,0.5989239,0.5167097,0.0958198,0.1824752
1960,3,0,52,5534.0,3814.037,9.569028,1.754131,8.246444,8.17138,0.5619736,0.4742283,0.1507017,0.1856537
1960,3,0,53,5579.5,4550.683,9.962542,2.159009,8.423033,8.318164,0.7696492,0.6465791,0.272014,0.3178414
1960,3,0,54,9168.5,3588.751,8.923161,1.621623,8.185559,8.087738,0.4834277,0.3701481,0.2303634,0.2628399
1960,3,0,55,3089.0,4766.936,9.935577,2.291025,8.469459,8.42443,0.8289995,0.7745915,0.0944199,0.1223423
1960,3,0,56,12292.0,4755.866,8.721282,2.35406,8.467134,8.403514,0.8561416,0.786965,0.1587627,0.1716036
1960,3,0,57,8823.5,4400.841,8.394741,2.184648,8.389551,8.35253,0.7814547,0.7397504,0.0772404,0.0872909
1960,3,0,58,9864.0,2476.077,7.331002,1.20554,7.814431,7.743003,0.1869279,0.1035967,0.1451529,0.177619
1960,3,0,59,3637.0,4561.946,10.5477,2.091678,8.425505,8.365295,0.7379668,0.6815211,0.1177133,0.1106832
1960,3,0,60,28290.5,3170.411,9.461692,1.435246,8.061616,7.961342,0.3613363,0.2540437,0.2260578,0.2383961
1960,3,0,61,280730.5,3970.462,8.586847,1.896179,8.286637,8.201617,0.6398406,0.5462385,0.1909907,0.2108939
1960,3,0,62,31825.5,4797.562,9.640572,2.336647,8.475863,8.427912,0.8487168,0.7991372,0.0975992,0.1001991
1960,3,0,63,7280.5,4900.227,10.45354,2.357239,8.497037,8.453144,0.8574908,0.8167894,0.0937569,0.0862663
1960,3,0,64,213307.0,3349.884,8.489951,1.530564,8.116681,7.990303,0.4256361,0.2879106,0.2790076,0.3142426
1960,3,0,65,23813.5,4422.114,9.007496,2.076276,8.394373,8.290073,0.7305758,0.6232021,0.283323,0.285348
1960,3,0,66,417201.0,3387.942,8.06424,1.605532,8.127978,8.021211,0.4734553,0.3564934,0.2546071,0.2771193
1960,4,0,0,1972531.0,,9.329007,,,,,,,
1960,4,0,1,16477.0,2558.059,11.10676,1.153448,7.847004,7.514208,0.1427555,-0.2403843,0.7920531,0.9336464
1960,4,0,2,4384.0,4534.288,14.54676,2.23229,8.419423,8.363408,0.8030279,0.7478124,0.1079209,0.106845
1960,4,0,3,0.0,,,,,,,,,
1960,4,0,4,297.0,5900.0,14.33333,2.892157,8.682708,8.676601,1.062003,1.055897,0.0122985,0.0122986
1960,4,0,5,99.0,4050.0,13.0,1.985294,8.306472,8.306472,0.6857671,0.6857671,0.0,0.0
1960,4,0,6,99.0,4050.0,16.0,1.985294,8.306472,8.306472,0.6857671,0.6857671,0.0,0.0
1960,4,0,7,694.0,2607.258,15.5634,1.103401,7.866055,7.757044,0.0983973,0.0479513,0.2078643,0.103519
1960,4,0,8,25989.0,3379.29,13.08811,1.635694,8.125421,8.020738,0.492067,0.3786694,0.2702117,0.2955409
1960,4,0,9,697.0,3145.238,14.4132,1.404408,8.053645,7.979747,0.3396158,0.1994162,0.1445168,0.2832814
1960,4,0,10,1741.5,5095.781,21.03991,2.454947,8.536168,8.428178,0.8981054,0.8028138,0.20905,0.1909083
1960,4,0,11,70981.5,4097.441,17.02287,2.099153,8.318118,8.235499,0.7415339,0.6457128,0.2007186,0.2285377
1960,4,0,12,2091.0,3822.956,16.42659,1.928409,8.248779,8.148303,0.6566955,0.5516165,0.2445895,0.2501121
1960,4,0,13,497.0,4113.087,16.0,1.933889,8.321929,8.30295,0.6595331,0.6431158,0.0400528,0.0337235
1960,4,0,14,6778.0,4313.555,16.2039,2.12618,8.369517,8.328024,0.7543268,0.6998147,0.0941457,0.1293384
1960,4,0,15,200.0,4575.0,19.0,2.242647,8.428362,8.246723,0.8076569,0.6260175,0.3877382,0.387738
1960,4,0,16,3241.0,5183.102,15.81456,2.304852,8.553159,8.472002,0.8350163,0.7659529,0.1604059,0.1402862
1960,4,0,17,25514.5,2716.354,11.48022,1.298998,7.907046,7.806473,0.2615934,0.1448113,0.2666108,0.3107615
1960,4,0,18,400.0,5083.333,12.0,2.535514,8.533723,8.505615,0.9303964,0.8982455,0.0574095,0.0653019
1960,4,0,19,796.0,4019.684,13.37186,2.002375,8.298959,8.277083,0.6943341,0.6674672,0.0429807,0.0517708
1960,4,0,20,396.0,1600.0,12.0,0.7843137,7.377759,6.516766,-0.2429462,-1.103939,2.279944,2.279945
1960,4,0,21,27386.5,2487.271,11.36732,1.195603,7.818942,7.665168,0.1786505,0.0135789,0.3894741,0.433596
1960,4,0,22,33167.5,3529.828,12.87646,1.744951,8.169004,8.120425,0.5567264,0.504974,0.1163657,0.1246887
1960,4,0,23,1745.0,2849.599,12.39771,1.378771,7.954934,7.804267,0.3211927,0.1924931,0.3808121,0.3101438
1960,4,0,24,5678.5,3465.557,12.66514,1.726711,8.150629,8.112081,0.5462182,0.5103016,0.085354,0.080343
1960,4,0,25,4780.0,3761.873,12.7908,1.874069,8.232672,8.176883,0.6281121,0.57059,0.1152309,0.1195381
1960,4,0,26,5083.0,3656.432,12.29431,1.793362,8.204244,8.182581,0.5840922,0.5635144,0.0441837,0.0415657
1960,4,0,27,5278.5,3390.163,11.86871,1.650928,8.128633,8.062761,0.5013374,0.4328522,0.1762306,0.182588
1960,4,0,28,3633.5,4361.186,12.98307,2.142812,8.380499,8.351435,0.7621189,0.7266676,0.0661784,0.0784407
1960,4,0,29,9207.5,2649.898,11.2101,1.291474,7.882277,7.782872,0.2557838,0.1521568,0.2652166,0.2747169
1960,4,0,30,500.0,4550.0,13.6,2.372152,8.422882,8.385956,0.8637974,0.8172245,0.0797628,0.1017893
1960,4,0,31,42281.0,3435.216,12.23308,1.699388,8.141835,8.071433,0.5302679,0.4543107,0.1831595,0.2033714
1960,4,0,32,110892.0,1754.569,9.358475,0.8391038,7.469978,7.335363,-0.1754208,-0.3192857,0.2959447,0.3181093
1960,4,0,33,0.0,,,,,,,,,
1960,4,0,34,598.0,3522.49,15.83445,1.700607,8.166924,7.970276,0.5309855,0.341655,0.4692631,0.4553893
1960,4,0,35,498.0,4021.608,9.202811,1.717582,8.299438,8.278123,0.5409176,0.475528,0.0443604,0.1345297
1960,4,0,36,114537.0,1848.165,9.656015,0.8649431,7.521949,7.37966,-0.1450915,-0.3039058,0.3110392,0.3489389
1960,4,0,37,45151.5,2440.837,10.64016,1.17391,7.800096,7.689268,0.1603404,0.0421038,0.2697397,0.2857691
1960,4,0,38,18328.0,2442.579,10.49002,1.196122,7.800809,7.699551,0.1790843,0.0662708,0.2304098,0.2544672
1960,4,0,39,415586.0,1312.58,9.804423,0.6308814,7.17975,7.000368,-0.4606373,-0.6434368,0.3719145,0.3811564
1960,4,0,40,4187.0,476.8915,7.641748,0.2390495,6.167289,6.014728,-1.431085,-1.578251,0.3043021,0.3019345
1960,4,0,41,21922.5,1063.55,8.227209,0.5013368,6.969368,6.720554,-0.6904771,-0.9531129,0.4942006,0.5159267
1960,4,0,42,597.5,1950.0,8.174059,1.033386,7.575585,7.575585,0.0328411,0.0328411,0.0,0.0
1960,4,0,43,0.0,,,,,,,,,
1960,4,0,44,0.0,,,,,,,,,
1960,4,0,45,0.0,,,,,,,,,
1960,4,0,46,1641.0,3454.275,9.577087,1.689974,8.147367,8.078118,0.5247134,0.4509589,0.1406141,0.1523524
1960,4,0,47,795.0,4879.522,11.2478,2.288649,8.492803,8.129412,0.8279617,0.5354752,0.7312163,0.5998604
1960,4,0,48,99.0,2050.0,10.0,1.004902,7.625595,7.625595,0.00489,0.00489,0.0,0.0
1960,4,0,49,1744.5,3444.926,10.91029,1.699655,8.144658,8.088377,0.5304253,0.4669393,0.1205528,0.1321515
1960,4,0,50,894.0,3349.137,10.55369,1.692026,8.116458,8.036451,0.5259264,0.4436551,0.1881416,0.1954055
1960,4,0,51,50.0,,16.0,,,,,,,
1960,4,0,52,22557.0,2593.872,10.87942,1.308779,7.860907,7.76746,0.2690946,0.1726745,0.2262429,0.2258989
1960,4,0,53,1346.5,3217.297,9.694764,1.608052,8.076297,8.031322,0.4750233,0.4281652,0.1000821,0.1035128
1960,4,0,54,1990.0,2167.388,9.351759,1.083466,7.681278,7.577852,0.0801653,-0.046694,0.237652,0.2964596
1960,4,0,55,99.0,4050.0,8.0,1.985294,8.306472,8.306472,0.6857671,0.6857671,0.0,0.0
1960,4,0,56,200.0,4450.0,9.0,2.181373,8.40066,8.40066,0.7799543,0.7799543,0.0,0.0
1960,4,0,57,100.0,4050.0,4.0,1.764706,8.306472,8.306472,0.567984,0.567984,0.0,0.0
1960,4,0,58,100.0,2050.0,8.0,1.004902,7.625595,7.625595,0.00489,0.00489,0.0,0.0
1960,4,0,59,498.0,3120.677,12.60241,1.544187,8.045805,7.935058,0.4344977,0.333892,0.2356289,0.2110836
1960,4,0,60,73660.5,1880.951,9.26859,0.9123659,7.539533,7.428522,-0.0917142,-0.2109418,0.2462817,0.2632852
1960,4,0,61,94251.5,2841.132,9.890495,1.417645,7.951958,7.865773,0.3489974,0.2626709,0.1937016,0.1919347
1960,4,0,62,10658.5,3412.282,10.87067,1.694037,8.135137,8.065101,0.5271145,0.4553375,0.1653004,0.1678749
1960,4,0,63,8018.0,3173.927,10.37428,1.580986,8.062725,8.011622,0.4580486,0.4095741,0.1020226,0.0966358
1960,4,0,64,2092.0,3745.894,10.52294,1.779895,8.228415,8.190743,0.5765545,0.5272835,0.0727543,0.0956081
1960,4,0,65,997.0,4244.966,15.10231,2.080866,8.353489,8.316278,0.7327841,0.6955726,0.0804373,0.0804373
1960,4,0,66,14043.5,2815.078,9.29049,1.394136,7.942745,7.818399,0.332275,0.2054256,0.3116279,0.3197362
1960,0,7,0,8992574.0,,11.0927,,,,,,,
1960,0,7,1,755215.0,7029.088,12.96886,,8.857812,8.707902,,,0.316079,
1960,0,7,2,317332.5,6491.863,14.63606,,8.778305,8.700978,,,0.1551455,
1960,0,7,3,7123.0,7844.398,17.21058,,8.967555,8.870652,,,0.1755372,
1960,0,7,4,265065.5,7945.511,15.60878,,8.980363,8.929873,,,0.1105113,
1960,0,7,5,8716.5,7362.078,15.96082,,8.904098,8.845959,,,0.1123111,
1960,0,7,6,59371.5,7044.485,16.29943,,8.860001,8.794858,,,0.1336368,
1960,0,7,7,77112.5,9884.1,18.57632,,9.198683,8.845828,,,0.7424386,
1960,0,7,8,143137.5,4606.625,14.12009,,8.435251,8.317077,,,0.2533975,
1960,0,7,9,7917.5,5342.232,16.52858,,8.583399,8.41714,,,0.4111462,
1960,0,7,10,33765.0,6808.938,18.56788,,8.825992,8.732304,,,0.1994523,
1960,0,7,11,370627.5,5120.892,16.6612,,8.541084,8.467505,,,0.1798989,
1960,0,7,12,10700.5,4601.013,16.37232,,8.434031,8.358083,,,0.1647767,
1960,0,7,13,14837.0,6942.229,17.17763,,8.845378,8.78258,,,0.1175269,
1960,0,7,14,84455.5,4331.519,16.85099,,8.373673,8.267103,,,0.2695424,
1960,0,7,15,47998.0,9495.198,18.76868,,9.158542,8.966196,,,0.4116445,
1960,0,7,16,156010.0,6300.224,15.03161,,8.748341,8.652365,,,0.2073587,
1960,0,7,17,62136.0,4010.873,12.55133,,8.296764,8.182601,,,0.2561668,
1960,0,7,18,138122.0,6091.236,12.78946,,8.714606,8.667312,,,0.1017299,
1960,0,7,19,64382.0,5731.919,12.91897,,8.653806,8.607347,,,0.0999943,
1960,0,7,20,31727.5,6018.713,12.83918,,8.702629,8.621469,,,0.1680287,
1960,0,7,21,888723.0,5965.665,12.72169,,8.693776,8.544827,,,0.3143086,
1960,0,7,22,444076.5,3918.261,12.42652,,8.273403,8.226382,,,0.0978879,
1960,0,7,23,41829.0,4215.945,12.32883,,8.346629,8.279411,,,0.1474393,
1960,0,7,24,43677.0,5111.211,13.4285,,8.539192,8.44933,,,0.1875323,
1960,0,7,25,192776.0,3936.978,12.21653,,8.278169,8.217603,,,0.1248125,
1960,0,7,26,79504.5,4378.356,11.96575,,8.384429,8.330577,,,0.114135,
1960,0,7,27,77102.0,3852.219,11.54333,,8.256405,8.201036,,,0.1286759,
1960,0,7,28,88110.0,5166.101,12.12174,,8.549873,8.521953,,,0.0617845,
1960,0,7,29,159670.0,4551.817,11.01709,,8.423282,8.363837,,,0.1348152,
1960,0,7,30,29532.5,5470.762,14.26555,,8.607173,8.565228,,,0.0881106,
1960,0,7,31,593462.0,4490.434,12.3027,,8.409704,8.339326,,,0.1533096,
1960,0,7,32,61342.0,2551.676,9.801253,,7.844506,7.639091,,,0.4280376,
1960,0,7,33,42842.5,5331.539,11.40942,,8.581395,8.549664,,,0.0738483,
1960,0,7,34,96422.5,5209.779,11.85816,,8.558292,8.528564,,,0.0660041,
1960,0,7,35,25998.5,4939.382,10.99025,,8.504995,8.447966,,,0.1255891,
1960,0,7,36,292313.5,2869.984,10.04352,,7.962062,7.779548,,,0.3844089,
1960,0,7,37,89003.5,2862.461,10.78212,,7.959437,7.872987,,,0.1960141,
1960,0,7,38,62499.5,3375.803,9.502796,,8.124389,8.028597,,,0.2119835,
1960,0,7,39,286768.0,2945.947,9.976126,,7.988185,7.688759,,,0.6530547,
1960,0,7,40,309061.0,3792.327,10.52383,,8.240735,7.884547,,,0.7830062,
1960,0,7,41,201334.0,2552.079,8.063961,,7.844664,7.60142,,,0.5686011,
1960,0,7,42,22954.0,4136.434,9.265248,,8.327589,8.192916,,,0.2955912,
1960,0,7,43,29399.5,3490.822,8.569125,,8.157892,7.911408,,,0.5712343,
1960,0,7,44,227284.5,4864.861,10.31661,,8.489794,8.418128,,,0.1596021,
1960,0,7,45,165021.5,5692.047,11.56779,,8.646825,8.597455,,,0.1204273,
1960,0,7,46,287553.5,5216.606,10.67971,,8.559603,8.500555,,,0.134968,
1960,0,7,47,474770.5,5714.018,10.3714,,8.650678,8.559619,,,0.2114469,
1960,0,7,48,68045.5,5447.822,9.681397,,8.602971,8.539217,,,0.1406827,
1960,0,7,49,206198.0,6282.798,11.45133,,8.745571,8.683192,,,0.1332099,
1960,0,7,50,199597.5,5881.642,10.77857,,8.679591,8.630677,,,0.1054817,
1960,0,7,51,12065.0,4831.571,10.33966,,8.482927,8.417801,,,0.1679909,
1960,0,7,52,111505.0,3100.968,9.664795,,8.03947,7.948091,,,0.1818132,
1960,0,7,53,37003.5,5417.694,10.51482,,8.597425,8.511054,,,0.1923072,
1960,0,7,54,58298.5,4936.813,10.41045,,8.504476,8.433824,,,0.1622599,
1960,0,7,55,61479.0,6857.286,13.21959,,8.833067,8.783504,,,0.1083892,
1960,0,7,56,48166.5,5518.109,9.863121,,8.61579,8.564322,,,0.1147995,
1960,0,7,57,14796.0,4916.038,9.719418,,8.500258,8.448273,,,0.1148146,
1960,0,7,58,17033.0,4123.74,8.687196,,8.324515,8.183925,,,0.32037,
1960,0,7,59,70412.5,5982.266,11.26676,,8.696555,8.635304,,,0.1488395,
1960,0,7,60,98522.0,2988.979,9.502035,,8.002687,7.861594,,,0.2989498,
1960,0,7,61,1160830.0,4511.472,9.900255,,8.414379,8.334867,,,0.1801904,
1960,0,7,62,225363.0,4877.276,10.15915,,8.492342,8.430375,,,0.1362774,
1960,0,7,63,109227.5,4673.599,10.7486,,8.449685,8.37783,,,0.1608514,
1960,0,7,64,584028.5,4885.049,9.813263,,8.493935,8.385233,,,0.2419829,
1960,0,7,65,136241.0,5839.751,10.25554,,8.672443,8.608211,,,0.1381117,
1960,0,7,66,564628.5,4134.55,9.41507,,8.327134,8.225099,,,0.2344432,
1960,1,7,0,758343.0,,12.39491,,,,,,,
1960,1,7,1,677158.0,7272.378,13.12687,2.988563,8.891839,8.752703,1.094792,0.9412578,0.2856034,0.3236551
1960,1,7,2,279716.0,6685.004,14.90524,3.012151,8.807622,8.734895,1.102654,1.027746,0.1442428,0.1545439
1960,1,7,3,6825.0,7957.34,17.28586,3.503409,8.98185,8.888259,1.253736,1.155976,0.1676437,0.185914
1960,1,7,4,262123.5,7954.377,15.67976,3.668638,8.981478,8.931431,1.29982,1.247415,0.1094537,0.1163322
1960,1,7,5,7321.5,7598.48,16.3543,3.643389,8.935703,8.881699,1.292914,1.227919,0.1029301,0.1260536
1960,1,7,6,55486.5,7071.034,16.44762,3.269041,8.863762,8.803737,1.184497,1.115251,0.1274576,0.1507764
1960,1,7,7,72684.0,10073.49,18.77858,3.844043,9.217663,8.86592,1.346525,0.9758932,0.7450884,0.800947
1960,1,7,8,21768.5,7498.885,16.6627,2.863607,8.922509,8.811647,1.052082,0.9482647,0.24656,0.2364523
1960,1,7,9,3734.5,6470.713,17.386,2.96835,8.775042,8.557592,1.088006,0.8641214,0.6244503,0.6314428
1960,1,7,10,28783.5,7128.902,20.47058,3.017106,8.871913,8.784726,1.104298,1.011181,0.1858129,0.1961412
1960,1,7,11,164780.0,5557.98,17.35242,2.484367,8.62299,8.569706,0.9100178,0.8460913,0.1202579,0.1414487
1960,1,7,12,1590.5,5522.045,17.87425,2.783548,8.616504,8.536248,1.023726,0.9257407,0.1672401,0.1906707
1960,1,7,13,11399.0,7337.578,17.5633,3.264735,8.900764,8.842602,1.183178,1.12232,0.107937,0.1196283
1960,1,7,14,63925.0,4318.499,17.50778,1.682742,8.370664,8.257019,0.5204243,0.3817652,0.2832539,0.3379315
1960,1,7,15,45807.0,9691.171,18.87207,4.055761,9.17897,8.996128,1.400138,1.232013,0.375414,0.3575198
1960,1,7,16,111436.5,6667.142,15.24691,2.971074,8.804947,8.71693,1.088923,0.999365,0.1851903,0.1972378
1960,1,7,17,16382.5,5360.582,13.10301,2.383233,8.586827,8.500408,0.8684579,0.7791422,0.1772048,0.1833034
1960,1,7,18,131152.0,6156.0,12.85194,2.854942,8.725183,8.678942,1.049052,0.9993807,0.0994291,0.1080034
1960,1,7,19,57211.5,5868.04,13.02743,2.752281,8.677276,8.633555,1.01243,0.9667451,0.0941429,0.1021265
1960,1,7,20,28740.0,6203.606,13.54551,2.879554,8.732886,8.66094,1.057635,0.9773178,0.1481119,0.1674109
1960,1,7,21,673530.0,6496.63,13.29294,2.794403,8.779039,8.660878,1.027619,0.9007922,0.2379262,0.2597111
1960,1,7,22,16830.5,5513.64,12.99926,2.588407,8.614981,8.538218,0.9510427,0.8771753,0.1436987,0.1441436
1960,1,7,23,13693.0,5349.364,12.57584,2.467255,8.584733,8.553936,0.9031063,0.8699689,0.0666957,0.0738434
1960,1,7,24,21364.0,6284.668,15.40315,2.931019,8.745869,8.685095,1.07535,1.011487,0.1355102,0.1385138
1960,1,7,25,43286.0,5015.091,13.12313,2.265105,8.520206,8.470905,0.8176214,0.7605011,0.107211,0.1242446
1960,1,7,26,27292.5,5326.136,12.5075,2.491608,8.580381,8.539348,0.9129282,0.8719077,0.0908785,0.0918025
1960,1,7,27,6527.0,5906.564,11.72453,2.733724,8.68382,8.663185,1.005665,0.9783681,0.0400148,0.0536178
1960,1,7,28,65594.0,5294.607,12.22731,2.349867,8.574444,8.547965,0.8543588,0.8258614,0.0581973,0.0625784
1960,1,7,29,126099.0,4847.931,11.03713,2.20448,8.486307,8.438962,0.7904918,0.7390773,0.1084264,0.1181949
1960,1,7,30,27890.0,5535.424,14.35626,2.474745,8.618923,8.579502,0.9061373,0.8592786,0.0825348,0.1003132
1960,1,7,31,270526.0,5327.334,12.8074,2.481869,8.580606,8.52967,0.9090119,0.8547603,0.1106133,0.1196615
1960,1,7,32,8958.0,4794.452,10.4443,2.156051,8.475215,8.421091,0.7682782,0.7126907,0.118253,0.1215671
1960,1,7,33,41944.5,5331.571,11.45354,1.94225,8.581401,8.549471,0.663847,0.6262558,0.0745461,0.0876688
1960,1,7,34,90088.0,5227.191,11.8489,2.271657,8.561629,8.532155,0.8205096,0.7797213,0.0653136,0.0917077
1960,1,7,35,23010.5,5012.051,11.15608,2.25875,8.519601,8.461143,0.8148118,0.7462299,0.1297634,0.1605871
1960,1,7,36,66143.0,4234.818,10.45362,1.746366,8.351095,8.237106,0.5575371,0.45098,0.2332458,0.2257702
1960,1,7,37,15297.5,3434.146,10.96421,1.578865,8.141523,8.075068,0.4567064,0.3916177,0.1595522,0.158297
1960,1,7,38,28144.0,3868.042,10.08581,1.773063,8.260504,8.184472,0.5727085,0.4828284,0.1539826,0.1786182
1960,1,7,39,63846.0,4890.035,10.96017,2.019384,8.494955,8.347127,0.7027923,0.5616101,0.3184115,0.3126074
1960,1,7,40,290824.5,3879.739,10.84751,1.389848,8.263523,7.921489,0.3291946,-0.0151173,0.7441823,0.7403581
1960,1,7,41,133243.5,2759.881,8.441455,1.034415,7.922943,7.70842,0.0338365,-0.1855624,0.5275914,0.5236375
1960,1,7,42,16029.0,4583.592,10.02901,1.977295,8.430239,8.323087,0.6817297,0.5895302,0.2265144,0.1987418
1960,1,7,43,22367.0,4057.834,9.474315,1.819174,8.308405,8.096828,0.5983827,0.3831276,0.5343322,0.5426771
1960,1,7,44,213233.5,4943.656,10.44361,2.117413,8.50586,8.43849,0.750195,0.6654779,0.1469374,0.1862338
1960,1,7,45,160593.0,5731.003,11.63154,2.640547,8.653646,8.606606,0.9709859,0.9160751,0.1139941,0.1358963
1960,1,7,46,270280.5,5288.322,10.80175,2.391447,8.573256,8.518895,0.8718985,0.809728,0.1204207,0.1405018
1960,1,7,47,445042.5,5808.589,10.70863,2.725917,8.667093,8.581519,1.002805,0.9064587,0.197274,0.2225363
1960,1,7,48,66103.0,5493.017,10.06186,2.395568,8.611233,8.549887,0.8736202,0.8058987,0.1350752,0.1495098
1960,1,7,49,189763.5,6468.597,11.55684,2.851576,8.774714,8.721309,1.047872,0.9886301,0.1109772,0.1264894
1960,1,7,50,192176.5,5929.169,10.84699,2.702373,8.687639,8.641361,0.9941301,0.9465617,0.0985421,0.1024478
1960,1,7,51,11767.0,4878.221,10.39942,2.184879,8.492536,8.427464,0.7815606,0.7032917,0.1698743,0.1961676
1960,1,7,52,18124.5,4626.638,9.614223,2.125979,8.439586,8.371755,0.7542323,0.6782542,0.1577354,0.179188
1960,1,7,53,30622.0,5745.442,10.84635,2.68784,8.656162,8.587243,0.9887378,0.9108091,0.1515688,0.1700481
1960,1,7,54,52419.0,5074.643,10.50604,2.166058,8.532011,8.468466,0.772909,0.6959237,0.1457105,0.1821003
1960,1,7,55,60085.5,6902.651,13.32736,3.158866,8.839661,8.791518,1.150213,1.096524,0.1053522,0.1201217
1960,1,7,56,43335.0,5615.804,9.976532,2.578748,8.63334,8.587929,0.947304,0.9032025,0.0966144,0.0938295
1960,1,7,57,11904.0,5000.682,10.20766,2.367971,8.517329,8.463565,0.8620335,0.8109777,0.1212071,0.1151152
1960,1,7,58,13694.0,4309.332,9.295604,2.035201,8.368538,8.23253,0.7105944,0.5795642,0.3189799,0.3107023
1960,1,7,59,65032.5,6078.155,11.32337,2.905696,8.712457,8.653929,1.066673,0.9969677,0.1436357,0.1678289
1960,1,7,60,28141.5,4167.26,9.67436,1.824236,8.335014,8.241333,0.6011614,0.5186062,0.1745976,0.1631491
1960,1,7,61,765538.0,4964.268,10.11316,2.305148,8.510021,8.448706,0.8351451,0.7688161,0.1414823,0.1536573
1960,1,7,62,155637.5,5226.227,10.23096,2.436613,8.561445,8.513013,0.8906089,0.8352588,0.1130395,0.1283901
1960,1,7,63,64306.0,5376.897,11.10284,2.49203,8.589867,8.544373,0.9130978,0.8655856,0.0988278,0.1026252
1960,1,7,64,498416.5,5149.376,10.12044,2.157521,8.546631,8.453605,0.7689598,0.6693268,0.202636,0.2214689
1960,1,7,65,127928.0,5925.289,10.55663,2.62103,8.686985,8.627793,0.9635675,0.9006128,0.1218601,0.1338867
1960,1,7,66,400650.0,4474.486,9.876892,2.019509,8.406147,8.317409,0.7028545,0.6030615,0.2050125,0.2307045
1960,2,7,0,7277525.0,,11.57923,,,,,,,
1960,2,7,1,66600.5,4196.356,12.52288,1.974513,8.341972,8.189679,0.6803219,0.5043622,0.381552,0.4478965
1960,2,7,2,32632.5,4559.771,14.31818,2.204312,8.425028,8.357734,0.7904153,0.723672,0.1459102,0.1443581
1960,2,7,3,298.0,4507.789,18.00336,2.129766,8.413562,8.350492,0.7560123,0.671191,0.1296198,0.1756172
1960,2,7,4,1845.0,6839.9,16.22114,3.351827,8.830528,8.771328,1.209506,1.150577,0.114144,0.1133556
1960,2,7,5,1295.0,5855.422,14.30656,2.878441,8.675123,8.612923,1.057249,0.9962339,0.1226512,0.1203316
1960,2,7,6,3039.0,6900.433,17.83547,3.384359,8.839339,8.659995,1.219165,1.013393,0.2516316,0.2963896
1960,2,7,7,3136.5,5428.9,18.25825,2.2284,8.599492,8.374229,0.8012837,0.5369588,0.4384988,0.5352546
1960,2,7,8,107765.5,3891.983,15.26315,1.861146,8.266674,8.211145,0.6211925,0.5649237,0.1414703,0.1470868
1960,2,7,9,3585.0,4095.668,17.74979,2.002324,8.317685,8.254218,0.6943086,0.6185477,0.1476097,0.1829876
1960,2,7,10,3987.5,4633.365,20.49956,2.121114,8.441039,8.378796,0.7519414,0.6775978,0.1463941,0.1867611
1960,2,7,11,164103.0,4379.184,17.05099,2.153392,8.384618,8.286638,0.7670443,0.6551526,0.2680473,0.3018777
1960,2,7,12,8114.0,4494.317,16.79874,2.248282,8.410569,8.349937,0.8101665,0.749938,0.1296104,0.1282414
1960,2,7,13,2941.0,5699.325,17.11697,2.71332,8.648103,8.603374,0.9981732,0.9410687,0.0839361,0.1083778
1960,2,7,14,14301.0,4386.837,16.87917,2.137322,8.386364,8.298808,0.7595538,0.6621793,0.2408,0.2725813
1960,2,7,15,1295.0,5423.3,18.23089,2.451593,8.59846,8.312854,0.896738,0.6127288,1.059319,1.02805
1960,2,7,16,38639.0,4846.282,16.86563,2.370216,8.485967,8.394328,0.8629813,0.7656052,0.2245361,0.2404268
1960,2,7,17,34650.0,3500.027,13.10419,1.66162,8.160526,8.064533,0.5077931,0.4054277,0.2440338,0.2623796
1960,2,7,18,4676.0,4463.87,13.00107,2.162537,8.403771,8.370261,0.7712822,0.7383741,0.0760319,0.0735929
1960,2,7,19,5977.5,4337.497,13.11552,2.121666,8.375052,8.342387,0.7522016,0.721526,0.0734501,0.068456
1960,2,7,20,1892.5,3621.326,13.9461,1.847868,8.194595,8.139144,0.6140323,0.5595453,0.130376,0.128072
1960,2,7,21,193662.5,2907.884,12.69808,1.395169,7.975181,7.872473,0.3330157,0.2232499,0.232544,0.2559031
1960,2,7,22,407526.0,3858.07,12.84328,1.914316,8.257922,8.216093,0.6493604,0.6056223,0.0894042,0.094073
1960,2,7,23,26638.0,3486.301,12.83388,1.700252,8.156596,8.111824,0.5307764,0.485804,0.0939255,0.0928208
1960,2,7,24,19074.0,3700.317,12.52716,1.834455,8.216174,8.160771,0.6067474,0.5494671,0.1137591,0.1164628
1960,2,7,25,146404.0,3520.537,12.64146,1.727548,8.166368,8.119463,0.5467033,0.4953637,0.0981145,0.1084007
1960,2,7,26,48527.5,3763.917,12.0083,1.87735,8.233215,8.194881,0.6298611,0.590009,0.0844061,0.0867157
1960,2,7,27,67488.0,3616.723,11.94304,1.783767,8.193324,8.150645,0.5787272,0.5333183,0.1044284,0.1085849
1960,2,7,28,2590.5,3680.955,15.38622,1.891216,8.210927,8.129109,0.6372199,0.5582784,0.1809307,0.1715286
1960,2,7,29,11454.0,3157.895,11.09647,1.548613,8.057661,7.99485,0.4373598,0.3624869,0.1409779,0.1796822
1960,2,7,30,1342.5,3593.865,13.77654,1.820161,8.186984,8.152181,0.5989247,0.5509247,0.0751403,0.1079121
1960,2,7,31,291250.0,3575.169,12.47497,1.772023,8.181767,8.131301,0.572122,0.5180372,0.1176113,0.1267269
1960,2,7,32,21310.5,2209.962,11.43009,1.048767,7.700731,7.5405,0.0476156,-0.1253082,0.3539208,0.3829252
1960,2,7,33,0.0,,,,,,,,,
1960,2,7,34,1847.5,4682.854,12.64628,2.253602,8.451663,8.391994,0.8125296,0.7414985,0.1357309,0.1601429
1960,2,7,35,99.0,4050.0,11.0,1.985294,8.306472,8.306472,0.6857671,0.6857671,0.0,0.0
1960,2,7,36,160429.5,2061.876,11.20027,0.9557481,7.631371,7.50909,-0.0452609,-0.1726752,0.2610545,0.2747285
1960,2,7,37,43466.5,2623.451,11.22094,1.258021,7.872246,7.79514,0.2295399,0.1489329,0.1824262,0.1901012
1960,2,7,38,3288.5,2663.346,12.09396,1.345479,7.887338,7.81107,0.2967505,0.1985526,0.1610389,0.2195202
1960,2,7,39,75049.5,2728.349,11.69592,1.234923,7.911452,7.680348,0.2110089,-0.0257566,0.5358722,0.5418509
1960,2,7,40,4483.0,1677.727,12.86995,0.6626955,7.425195,7.21045,-0.4114397,-0.5739796,0.4444281,0.3342515
1960,2,7,41,21321.0,2818.819,11.52995,1.13483,7.944073,7.326688,0.1264827,-0.4251018,0.9725369,0.9467822
1960,2,7,42,1445.5,2550.0,10.75061,0.8333333,7.843849,7.843849,-0.1823216,-0.1823216,0.0,0.0
1960,2,7,43,200.0,,11.0,,,,,,,
1960,2,7,44,1047.0,3592.873,11.23973,1.652584,8.186707,8.15842,0.5023402,0.4673579,0.0519046,0.0657339
1960,2,7,45,1696.0,3785.519,11.82547,1.839181,8.238938,8.212866,0.6093203,0.5850772,0.0564381,0.0525872
1960,2,7,46,2390.0,4357.931,11.16695,2.131168,8.379752,8.286041,0.7566702,0.6477043,0.2346026,0.2736808
1960,2,7,47,2239.5,3898.555,11.77674,1.99687,8.268361,8.219515,0.6915811,0.6231411,0.1047558,0.1423859
1960,2,7,48,199.0,4998.744,10.50251,2.355867,8.516942,8.51569,0.8569088,0.8564926,0.0025168,0.0008366
1960,2,7,49,12301.0,3591.214,10.90529,1.732397,8.186246,8.115447,0.5495059,0.482198,0.1573133,0.1561561
1960,2,7,50,2094.0,4110.401,11.43314,1.962992,8.321276,8.231721,0.67447,0.5847465,0.1833875,0.2023269
1960,2,7,51,99.0,3050.0,12.0,1.495098,8.022897,8.022897,0.4021918,0.4021918,0.0,0.0
1960,2,7,52,83567.0,2517.431,10.31481,1.267941,7.830994,7.785532,0.2373944,0.18755,0.0978121,0.105797
1960,2,7,53,3790.0,2833.219,9.791556,1.420771,7.949169,7.880571,0.3511995,0.2907349,0.1512253,0.1317212
1960,2,7,54,1794.5,3071.264,11.61271,1.333768,8.029844,7.982349,0.288008,0.2499491,0.0983096,0.0754782
1960,2,7,55,696.5,3752.256,12.14501,1.717789,8.230112,8.196254,0.5410382,0.5056621,0.0664828,0.0650272
1960,2,7,56,1546.0,3162.709,11.03364,1.525475,8.059184,7.899414,0.4223059,0.2525502,0.4456867,0.4913032
1960,2,7,57,299.0,3895.729,9.668897,1.956951,8.267636,8.243285,0.6713877,0.6424823,0.0493094,0.0586173
1960,2,7,58,400.0,4600.0,9.75,2.254902,8.433811,8.432333,0.8131065,0.8116274,0.0029744,0.0029744
1960,2,7,59,3437.0,4379.541,11.48065,2.114066,8.384699,8.320584,0.7486131,0.6866493,0.1486029,0.1417052
1960,2,7,60,36854.5,2517.993,9.797609,1.216804,7.831217,7.755681,0.1962276,0.1210985,0.1817543,0.1810999
1960,2,7,61,256608.0,3113.49,10.1805,1.538215,8.0435,7.988201,0.4306228,0.374388,0.1209218,0.1225854
1960,2,7,62,53484.0,3663.024,10.33496,1.811885,8.206044,8.139083,0.5943679,0.5257823,0.1088495,0.1119232
1960,2,7,63,40783.5,3316.425,10.3739,1.635355,8.106643,8.054307,0.4918601,0.4357456,0.1288111,0.1351807
1960,2,7,64,3486.0,3446.136,14.94148,1.666598,8.145009,8.058715,0.5107843,0.4166296,0.1759205,0.1931303
1960,2,7,65,647.5,4182.107,15.37297,2.050052,8.338571,8.336655,0.7178653,0.7159493,0.0037977,0.0037977
1960,2,7,66,13640.5,3064.049,10.64353,1.511986,8.027493,7.972891,0.413424,0.3478443,0.1180738,0.1418649
1960,3,7,0,182701.0,,9.75733,,,,,,,
1960,3,7,1,8267.5,4105.495,11.67596,1.760179,8.320082,8.20187,0.5654153,0.4083182,0.2365505,0.3064171
1960,3,7,2,3290.0,5270.61,14.75775,2.368975,8.569901,8.506016,0.8624575,0.8002118,0.1305462,0.1378025
1960,3,7,3,0.0,,,,,,,,,
1960,3,7,4,1097.0,7245.792,15.36372,3.503479,8.888176,8.760384,1.253757,1.103779,0.2990925,0.3558304
1960,3,7,5,100.0,5650.0,16.0,2.769608,8.639411,8.639411,1.018706,1.018706,0.0,0.0
1960,3,7,6,846.0,5585.294,17.54492,2.677328,8.627892,8.579587,0.9848192,0.9419835,0.0987388,0.0877248
1960,3,7,7,995.0,6873.579,18.19598,3.098271,8.83544,8.620103,1.130844,0.8783409,0.4805832,0.5165749
1960,3,7,8,1297.0,3702.506,13.07787,1.653163,8.216765,8.165261,0.5026903,0.42766,0.1201257,0.1876323
1960,3,7,9,399.0,4133.333,15.0,1.920842,8.326839,8.280266,0.6527638,0.6202999,0.0934265,0.0661603
1960,3,7,10,448.5,5250.0,19.7592,2.782194,8.565984,8.565984,1.02324,1.02324,0.0,0.0
1960,3,7,11,12550.0,4290.09,17.33426,2.029265,8.364063,8.284783,0.7076736,0.6300748,0.156833,0.1548125
1960,3,7,12,0.0,,,,,,,,,
1960,3,7,13,100.0,3750.0,16.0,1.391466,8.229511,8.229511,0.3303576,0.3303576,0.0,0.0
1960,3,7,14,3687.5,4258.909,16.9478,1.976019,8.356769,8.269463,0.681084,0.5812971,0.2294163,0.2607189
1960,3,7,15,696.0,4717.529,18.14224,2.157995,8.459041,8.267779,0.7691794,0.5248975,0.4623836,0.5872691
1960,3,7,16,4387.5,4626.879,14.76832,2.170624,8.439638,8.360346,0.7750146,0.6906503,0.16232,0.1816445
1960,3,7,17,1789.0,4111.234,13.44997,1.923008,8.321479,8.267941,0.6538905,0.5970353,0.1320235,0.1320902
1960,3,7,18,2194.0,5380.465,12.27393,2.500838,8.59053,8.549578,0.916626,0.8721626,0.095085,0.0998518
1960,3,7,19,994.0,4836.455,12.0,2.311153,8.483937,8.41256,0.8377467,0.7721589,0.1634006,0.1505524
1960,3,7,20,996.0,4697.54,12.70181,2.250946,8.454794,8.298119,0.8113504,0.6460315,0.2553374,0.2690598
1960,3,7,21,10970.0,4149.168,11.83637,1.851976,8.330664,8.244233,0.6162531,0.5198907,0.1906775,0.2164764
1960,3,7,22,1396.0,3875.135,13.0745,1.885128,8.262336,8.217966,0.6339957,0.5817723,0.0905882,0.108519
1960,3,7,23,399.0,4119.9,10.49624,1.717751,8.323585,8.226003,0.5410156,0.4987911,0.186827,0.0831005
1960,3,7,24,1446.0,3891.722,13.79737,1.819828,8.266607,8.240027,0.5987418,0.569263,0.0548987,0.0594328
1960,3,7,25,797.0,4738.379,13.24592,2.297282,8.46345,8.435671,0.8317265,0.8091401,0.0537587,0.0450845
1960,3,7,26,845.5,3953.42,12.70254,1.723529,8.282336,8.232957,0.5443741,0.4998541,0.0900462,0.0795428
1960,3,7,27,198.0,3950.0,10.5,2.015306,8.281471,8.281471,0.7007712,0.7007712,0.0,0.0
1960,3,7,28,18133.5,4810.971,12.84782,2.281223,8.478654,8.455038,0.8247117,0.7960778,0.0525126,0.066299
1960,3,7,29,17888.5,3499.964,11.40979,1.657666,8.160508,8.113216,0.5054104,0.4539292,0.1013798,0.1108535
1960,3,7,30,100.0,3250.0,14.0,1.158645,8.086411,8.086411,0.1472515,0.1472515,0.0,0.0
1960,3,7,31,13152.0,4385.693,11.9997,2.101215,8.386103,8.338082,0.7425158,0.6967591,0.0992937,0.0982808
1960,3,7,32,3290.0,3618.761,10.57508,1.694692,8.193887,8.076587,0.5275012,0.4080789,0.2464931,0.2552987
1960,3,7,33,898.0,5330.067,11.88864,2.02191,8.58112,8.558405,0.7040428,0.682732,0.0423095,0.0434107
1960,3,7,34,4387.0,5046.451,12.63483,2.346148,8.526441,8.506082,0.8527749,0.8328795,0.0446955,0.0445251
1960,3,7,35,2789.0,4412.966,10.92793,2.01721,8.392303,8.357028,0.7017154,0.6597756,0.0767446,0.0932632
1960,3,7,36,22566.0,2982.976,9.640566,1.321675,8.000677,7.908972,0.2788999,0.1803033,0.20937,0.2247013
1960,3,7,37,9610.0,3527.781,11.08803,1.634296,8.168425,8.102507,0.4912122,0.4169938,0.1454495,0.1689782
1960,3,7,38,26234.5,3048.906,9.361451,1.39999,8.022538,7.924018,0.3364649,0.2319906,0.2343721,0.2472387
1960,3,7,39,32566.0,2847.843,9.990726,1.287233,7.954317,7.855896,0.2524947,0.1534518,0.2132999,0.2179685
1960,3,7,40,13254.5,1246.46,7.581048,0.5331445,7.128063,6.782565,-0.6289627,-0.9808078,0.7625047,0.7591731
1960,3,7,41,38799.5,1542.823,7.222,0.6617744,7.341369,7.139095,-0.4128306,-0.6277434,0.4053558,0.4001131
1960,3,7,42,5229.5,2705.13,8.591643,1.259701,7.902905,7.772717,0.2308745,0.1035621,0.2972197,0.2804593
1960,3,7,43,6832.5,1650.783,7.675375,0.7867402,7.409005,7.309697,-0.2398572,-0.350178,0.2174183,0.2247051
1960,3,7,44,13004.0,3565.312,9.816749,1.61454,8.179007,8.076198,0.47905,0.3513862,0.2657883,0.3282433
1960,3,7,45,2732.5,3575.797,10.69277,1.627564,8.181943,8.061498,0.4870847,0.3390199,0.3175322,0.4093788
1960,3,7,46,14137.0,3718.866,10.00106,1.750901,8.221174,8.117137,0.5601302,0.4499951,0.2914558,0.3184438
1960,3,7,47,27190.5,3731.997,9.728066,1.801531,8.224699,8.096375,0.5886366,0.4503859,0.302295,0.3300269
1960,3,7,48,1743.5,2962.894,7.425294,1.389564,7.993922,7.929,0.3289898,0.2693032,0.1253424,0.1152047
1960,3,7,49,3884.0,4289.989,9.773945,1.982774,8.364039,8.315094,0.6844966,0.6342754,0.1030915,0.1043963
1960,3,7,50,5327.0,4661.114,10.3914,2.148874,8.44701,8.356537,0.7649441,0.6854692,0.2103152,0.1835355
1960,3,7,51,199.0,3451.005,10.0,1.640304,8.14642,8.144738,0.4948818,0.4855405,0.0033851,0.0188441
1960,3,7,52,2345.0,3896.393,10.42644,1.798773,8.267806,8.170571,0.5871047,0.4779247,0.1939047,0.2198052
1960,3,7,53,2042.0,4229.875,10.976,1.942736,8.349928,8.28546,0.6640974,0.5911837,0.1281761,0.136657
1960,3,7,54,3637.0,3554.791,9.806434,1.568338,8.176052,8.089854,0.4500164,0.3570189,0.1945253,0.2054601
1960,3,7,55,697.0,4767.42,11.28264,2.336971,8.469561,8.440249,0.8488556,0.8195441,0.0612308,0.0612308
1960,3,7,56,3185.5,4293.145,8.997018,2.125086,8.364775,8.309451,0.7538123,0.6916379,0.1218763,0.1333707
1960,3,7,57,2593.0,4541.097,8.039722,2.230941,8.420924,8.383111,0.8024234,0.7511634,0.0742622,0.1041576
1960,3,7,58,2939.0,2341.675,8.095611,1.154237,7.758622,7.692406,0.1434395,0.0824522,0.1213569,0.1089259
1960,3,7,59,1844.0,4443.918,11.24241,2.058037,8.399292,8.341027,0.7217528,0.6536207,0.1171974,0.1349384
1960,3,7,60,8821.0,2820.498,9.864641,1.262306,7.944669,7.855189,0.2329399,0.1358498,0.2000082,0.2092191
1960,3,7,61,102562.5,3786.277,9.504087,1.789472,8.239139,8.162015,0.5819208,0.4988644,0.1708235,0.1853457
1960,3,7,62,11057.0,4671.735,10.76639,2.286728,8.449286,8.420595,0.827122,0.7931005,0.0594602,0.0709769
1960,3,7,63,2047.0,4514.488,11.66146,2.224361,8.415047,8.387919,0.7994695,0.7759072,0.0576538,0.0495934
1960,3,7,64,81579.5,3172.174,9.058501,1.444074,8.062173,7.940909,0.3674681,0.235146,0.2730786,0.3061928
1960,3,7,65,7367.0,4349.042,9.553007,2.007747,8.377711,8.256527,0.6970134,0.5598541,0.3293947,0.3571479
1960,3,7,66,145055.0,3265.807,8.944028,1.5433,8.091262,7.988475,0.4339232,0.3188877,0.2354535,0.2583674
1960,4,7,0,774006.0,,10.09352,,,,,,,
1960,4,7,1,3189.0,3230.718,12.37253,1.44058,8.08046,7.86294,0.3650461,0.1443234,0.4458931,0.5022803
1960,4,7,2,1694.0,4348.997,14.52597,2.134577,8.377701,8.364795,0.7582683,0.7476768,0.0261535,0.02151
1960,4,7,3,0.0,,,,,,,,,
1960,4,7,4,0.0,,,,,,,,,
1960,4,7,5,0.0,,,,,,,,,
1960,4,7,6,0.0,,,,,,,,,
1960,4,7,7,297.0,2350.0,17.33333,1.151961,7.762171,7.753955,0.1414656,0.1332499,0.0165599,0.0165599
1960,4,7,8,12306.5,3200.4,12.95584,1.54123,8.071032,7.953059,0.4325809,0.3042694,0.3284152,0.3541828
1960,4,7,9,199.0,5050.0,17.49246,2.47549,8.527143,8.527143,0.9064384,0.9064384,0.0,0.0
1960,4,7,10,545.5,4056.297,19.09074,1.988381,8.308025,8.243403,0.6873208,0.6226989,0.1227104,0.1227105
1960,4,7,11,29194.5,3910.926,16.71305,1.99867,8.271529,8.211678,0.6924822,0.6217882,0.131041,0.1510125
1960,4,7,12,996.0,3631.574,16.19779,1.79464,8.197422,8.068548,0.5848047,0.4539703,0.2998764,0.2944687
1960,4,7,13,397.0,4113.087,16.0,1.933889,8.321929,8.30295,0.6595331,0.6431158,0.0400528,0.0337235
1960,4,7,14,2542.0,4559.533,16.66444,2.1709,8.424975,8.395509,0.7751419,0.7462792,0.0700694,0.0673191
1960,4,7,15,200.0,4575.0,19.0,2.242647,8.428362,8.246723,0.8076569,0.6260175,0.3877382,0.387738
1960,4,7,16,1547.0,5027.629,14.58048,2.299074,8.522704,8.479961,0.8325066,0.813266,0.0783719,0.0376122
1960,4,7,17,9314.5,2804.277,12.08524,1.328788,7.938901,7.876713,0.2842672,0.210781,0.1356132,0.1622907
1960,4,7,18,100.0,,12.0,,,,,,,
1960,4,7,19,199.0,3647.99,14.49749,1.78823,8.201932,8.195889,0.5812265,0.5751832,0.0121676,0.0121676
1960,4,7,20,99.0,,12.0,,,,,,,
1960,4,7,21,10560.5,2540.161,12.14848,1.236966,7.839983,7.716237,0.212662,0.0800694,0.2794401,0.2996379
1960,4,7,22,18324.0,3452.06,12.95661,1.707137,8.146727,8.103349,0.5348174,0.4877633,0.1057237,0.1150998
1960,4,7,23,1099.0,2905.284,12.17925,1.378536,7.974287,7.793805,0.3210224,0.179367,0.4679616,0.343578
1960,4,7,24,1793.0,3457.563,11.99888,1.74185,8.148319,8.132617,0.5549479,0.5448288,0.03101,0.0197227
1960,4,7,25,2289.0,3929.95,12.4775,1.946404,8.276381,8.220287,0.6659837,0.6054459,0.0993805,0.1096404
1960,4,7,26,2839.0,3549.639,12.17577,1.743398,8.174602,8.153565,0.5558363,0.5373379,0.04113,0.035552
1960,4,7,27,2889.0,3154.823,11.62271,1.538786,8.056687,7.959018,0.4309938,0.3356459,0.2685432,0.2642913
1960,4,7,28,1792.0,4730.161,14.16685,2.398535,8.461715,8.44734,0.8748583,0.8566546,0.0295317,0.0365198
1960,4,7,29,4228.5,2796.518,11.78645,1.366311,7.936131,7.869081,0.3121142,0.2422766,0.1406529,0.149087
1960,4,7,30,200.0,2950.0,14.0,1.446078,7.989561,7.989561,0.3688554,0.3688554,0.0,0.0
1960,4,7,31,18534.0,3258.222,12.4891,1.617427,8.088937,8.040133,0.4808366,0.4280864,0.1068295,0.1169793
1960,4,7,32,27783.5,1628.93,10.26494,0.7854891,7.395679,7.294241,-0.2414486,-0.35331,0.2175509,0.2417058
1960,4,7,33,0.0,,,,,,,,,
1960,4,7,34,100.0,,23.0,,,,,,,
1960,4,7,35,100.0,2850.0,12.0,1.016043,7.955074,7.955074,0.0159155,0.0159155,0.0,0.0
1960,4,7,36,43175.0,1712.041,10.51585,0.8006646,7.445442,7.319043,-0.2223131,-0.3627365,0.2879737,0.3257222
1960,4,7,37,20629.5,2401.395,11.1613,1.1497,7.783805,7.700689,0.1395011,0.047948,0.1752906,0.1931774
1960,4,7,38,4832.5,2530.802,11.19462,1.252936,7.836292,7.763155,0.2254898,0.1453535,0.1566253,0.1706558
1960,4,7,39,115306.5,1303.61,10.6018,0.6248301,7.172893,7.002758,-0.4702756,-0.6386346,0.3465777,0.3511465
1960,4,7,40,499.0,449.4975,11.1984,0.2573925,6.10813,6.08279,-1.357153,-1.406801,0.0513293,0.1013521
1960,4,7,41,7970.0,983.7792,9.037516,0.4990131,6.891401,6.677893,-0.695123,-0.9507279,0.481925,0.5596121
1960,4,7,42,250.0,,10.0,,,,,,,
1960,4,7,43,0.0,,,,,,,,,
1960,4,7,44,0.0,,,,,,,,,
1960,4,7,45,0.0,,,,,,,,,
1960,4,7,46,746.0,3158.048,10.53485,1.527992,8.05771,7.970586,0.4239542,0.3264194,0.188511,0.211776
1960,4,7,47,298.0,6650.251,12.66443,3.05338,8.80241,8.408314,1.116249,0.8411453,0.8988331,0.6040037
1960,4,7,48,0.0,,,,,,,,,
1960,4,7,49,249.5,3650.0,13.58717,1.711601,8.202482,8.177867,0.5374294,0.4982702,0.049886,0.0797446
1960,4,7,50,0.0,,,,,,,,,
1960,4,7,51,0.0,,,,,,,,,
1960,4,7,52,7468.5,2573.693,10.99859,1.308269,7.853097,7.806598,0.2687046,0.2210038,0.0984493,0.1015604
1960,4,7,53,549.5,3225.0,9.625113,1.571056,8.078689,8.013128,0.4517483,0.3824682,0.1530109,0.1575532
1960,4,7,54,448.0,1450.0,10.66964,0.6318083,7.279319,7.279319,-0.4591693,-0.4591693,0.0,0.0
1960,4,7,55,0.0,,,,,,,,,
1960,4,7,56,100.0,,10.0,,,,,,,
1960,4,7,57,0.0,,,,,,,,,
1960,4,7,58,0.0,,,,,,,,,
1960,4,7,59,99.0,,12.0,,,,,,,
1960,4,7,60,24705.0,1797.438,10.05655,0.8666029,7.494118,7.387912,-0.1431744,-0.2522582,0.2428053,0.2417654
1960,4,7,61,36121.0,2851.775,10.57814,1.416695,7.955697,7.845078,0.3483266,0.2368366,0.2542885,0.2527943
1960,4,7,62,5184.5,3113.623,11.23156,1.551357,8.043542,7.965918,0.43913,0.354283,0.1851563,0.1971758
1960,4,7,63,2091.0,2806.164,11.86609,1.397956,7.939574,7.910995,0.3350108,0.3071389,0.056739,0.0533043
1960,4,7,64,546.5,4994.221,10.71729,2.377181,8.516037,8.488841,0.8659155,0.8290517,0.0551201,0.0749465
1960,4,7,65,298.5,3794.724,13.01508,1.860159,8.241366,8.20162,0.6206618,0.5809144,0.0808839,0.0808838
1960,4,7,66,5283.0,2487.306,10.86731,1.244356,7.818955,7.712865,0.2186184,0.1088383,0.2315314,0.2369022
1960,0,8,0,8693573.0,,10.56268,,,,,,,
1960,0,8,1,1307010.0,8584.47,12.54471,,9.05771,8.852661,,,0.4475185,
1960,0,8,2,339145.0,7800.543,13.84857,,8.961948,8.851695,,,0.231947,
1960,0,8,3,7772.0,11608.14,16.93747,,9.359462,9.222977,,,0.2684621,
1960,0,8,4,244999.5,9466.871,14.96655,,9.155554,9.088043,,,0.153554,
1960,0,8,5,5880.0,7649.373,15.57789,,8.942379,8.857119,,,0.1647439,
1960,0,8,6,48811.5,8444.241,16.14245,,9.04124,8.946511,,,0.2081003,
1960,0,8,7,103581.5,16948.09,18.62841,,9.73791,9.532218,,,0.5214267,
1960,0,8,8,145277.5,4999.062,13.80568,,8.517006,8.369524,,,0.2913508,
1960,0,8,9,6427.5,6782.33,15.97122,,8.822076,8.698806,,,0.2347302,
1960,0,8,10,40288.0,8974.339,18.5555,,9.102124,8.999255,,,0.2026578,
1960,0,8,11,319342.5,6109.961,16.91953,,8.717675,8.625778,,,0.2256311,
1960,0,8,12,14038.0,5064.255,15.98999,,8.529963,8.460355,,,0.1522031,
1960,0,8,13,13149.5,8763.127,17.24412,,9.078308,8.966007,,,0.2460824,
1960,0,8,14,86023.5,5048.14,16.56991,,8.526775,8.413847,,,0.2640849,
1960,0,8,15,50996.0,12536.85,18.49312,,9.436427,9.269658,,,0.3827334,
1960,0,8,16,125276.0,7941.069,14.65552,,8.979803,8.828896,,,0.3504742,
1960,0,8,17,62612.0,3911.907,11.74436,,8.27178,8.111815,,,0.3511819,
1960,0,8,18,78317.0,6778.172,12.59506,,8.821463,8.760632,,,0.1322124,
1960,0,8,19,45931.5,6400.0,12.5017,,8.764053,8.711925,,,0.1056294,
1960,0,8,20,32128.0,7915.956,12.73996,,8.976636,8.833957,,,0.3162215,
1960,0,8,21,1117324.0,6526.531,12.01531,,8.783631,8.571006,,,0.4531462,
1960,0,8,22,432682.5,4173.911,12.39899,,8.336609,8.275868,,,0.118587,
1960,0,8,23,39281.5,4694.71,12.0826,,8.454192,8.346416,,,0.2337185,
1960,0,8,24,55001.0,6102.638,13.19164,,8.716476,8.555855,,,0.3366653,
1960,0,8,25,226607.0,4026.146,12.10108,,8.300565,8.223199,,,0.1736242,
1960,0,8,26,54341.5,4307.536,11.74061,,8.368121,8.316764,,,0.1021208,
1960,0,8,27,64678.5,4013.458,11.3964,,8.297408,8.234901,,,0.15378,
1960,0,8,28,135134.0,5376.884,11.75584,,8.589865,8.564206,,,0.059457,
1960,0,8,29,159543.0,4941.95,10.62778,,8.505515,8.445715,,,0.1400418,
1960,0,8,30,21521.0,6281.213,13.27183,,8.745318,8.646388,,,0.1964364,
1960,0,8,31,629794.0,4794.33,11.93413,,8.475189,8.384387,,,0.1922475,
1960,0,8,32,98839.0,2506.022,9.262169,,7.826452,7.605401,,,0.4422403,
1960,0,8,33,43232.5,5856.859,11.08976,,8.675368,8.636992,,,0.0838563,
1960,0,8,34,81537.5,5650.131,11.72985,,8.639434,8.59481,,,0.1011253,
1960,0,8,35,38599.5,4940.779,10.38798,,8.505279,8.443764,,,0.1396842,
1960,0,8,36,392154.0,3008.197,9.888396,,8.009096,7.825134,,,0.3887653,
1960,0,8,37,90772.5,2853.234,10.35138,,7.956208,7.858846,,,0.2239712,
1960,0,8,38,98298.5,3765.387,9.25535,,8.233606,8.13261,,,0.213716,
1960,0,8,39,368503.5,2731.209,9.472765,,7.912499,7.604282,,,0.6620947,
1960,0,8,40,485039.5,3971.289,9.799837,,8.286846,7.912663,,,0.8159903,
1960,0,8,41,184089.0,2575.092,7.588881,,7.853641,7.609332,,,0.5627778,
1960,0,8,42,25448.5,3858.417,8.797591,,8.258012,8.146562,,,0.2483891,
1960,0,8,43,31126.0,4012.013,8.10578,,8.297049,8.009761,,,0.6410137,
1960,0,8,44,227986.0,5266.787,9.799441,,8.569176,8.491944,,,0.1780528,
1960,0,8,45,117756.5,6090.185,11.0947,,8.714434,8.660752,,,0.1204984,
1960,0,8,46,348328.0,5581.984,10.16545,,8.627299,8.5599,,,0.1532834,
1960,0,8,47,558100.0,6045.732,9.990243,,8.707108,8.616936,,,0.204116,
1960,0,8,48,71609.0,5479.873,8.958448,,8.608837,8.517481,,,0.2362174,
1960,0,8,49,359123.5,7109.62,11.20728,,8.869205,8.801311,,,0.1446812,
1960,0,8,50,254570.5,6345.685,10.63251,,8.75553,8.709727,,,0.099183,
1960,0,8,51,15943.0,5840.964,10.50583,,8.672651,8.588347,,,0.1403621,
1960,0,8,52,161909.5,3190.032,9.421235,,8.067786,7.961996,,,0.2013287,
1960,0,8,53,40209.5,6035.865,10.52527,,8.705475,8.604908,,,0.2150642,
1960,0,8,54,62767.0,5320.631,10.09209,,8.579348,8.484211,,,0.1948219,
1960,0,8,55,79870.5,7507.729,12.31756,,8.923688,8.852973,,,0.1439338,
1960,0,8,56,68213.0,5841.688,9.803248,,8.672775,8.628095,,,0.1010295,
1960,0,8,57,19227.0,5607.574,9.502211,,8.631873,8.588134,,,0.0903103,
1960,0,8,58,18186.0,3872.081,8.230562,,8.261547,8.152486,,,0.2437649,
1960,0,8,59,65870.0,6613.06,11.34215,,8.796802,8.718467,,,0.1858776,
1960,0,8,60,139158.5,3053.476,9.204842,,8.024035,7.88791,,,0.2847941,
1960,0,8,61,1311019.0,4660.395,9.496266,,8.446856,8.360302,,,0.1902888,
1960,0,8,62,286379.0,5084.046,9.882584,,8.533863,8.4764,,,0.1280386,
1960,0,8,63,146739.0,4789.303,10.41584,,8.47414,8.394812,,,0.1730749,
1960,0,8,64,585406.5,5286.148,9.49483,,8.572845,8.465734,,,0.2349669,
1960,0,8,65,184131.0,6411.21,10.00967,,8.765803,8.68963,,,0.1666341,
1960,0,8,66,545691.0,4332.785,8.795164,,8.373965,8.269616,,,0.2517416,
1960,1,8,0,740940.5,,10.68308,,,,,,,
1960,1,8,1,1133483.0,9052.031,12.72245,3.717441,9.110744,8.928432,1.313035,1.111585,0.383776,0.4339987
1960,1,8,2,284852.0,8265.896,14.0532,3.672103,9.019894,8.924182,1.300765,1.201866,0.1976071,0.2117763
1960,1,8,3,7673.0,11713.78,16.91086,5.083806,9.368522,9.235964,1.62606,1.483661,0.2597679,0.2915148
1960,1,8,4,242316.5,9492.441,15.00442,4.373076,9.158251,9.090796,1.475467,1.405667,0.1537916,0.1639342
1960,1,8,5,3792.0,8507.357,15.97495,4.09777,9.048687,8.964961,1.410443,1.329357,0.164411,0.1655938
1960,1,8,6,45026.0,8626.634,16.24364,4.034748,9.06261,8.972008,1.394944,1.294834,0.2000015,0.2230981
1960,1,8,7,97854.0,17266.42,18.7329,6.55805,9.756519,9.568436,1.880693,1.693072,0.458138,0.4611649
1960,1,8,8,21017.0,8862.7,16.1466,3.429663,9.089606,8.968092,1.232462,1.118204,0.2565091,0.250754
1960,1,8,9,3086.0,8153.845,16.29553,3.588225,9.006245,8.89238,1.277658,1.153764,0.2150025,0.2263878
1960,1,8,10,31916.0,9398.053,19.19056,3.927762,9.148258,9.045506,1.36807,1.255193,0.2056474,0.2362045
1960,1,8,11,106145.0,6970.833,17.94046,3.031667,8.84949,8.795177,1.109113,1.044371,0.1127233,0.1348151
1960,1,8,12,1741.5,7233.222,18.96985,3.347661,8.88644,8.833566,1.208262,1.159381,0.1064322,0.0937144
1960,1,8,13,9857.5,9507.004,17.64382,4.272213,9.159784,9.056494,1.452132,1.342944,0.2357579,0.2436644
1960,1,8,14,61964.5,5257.262,17.15758,1.993789,8.567366,8.454296,0.6900368,0.557096,0.262096,0.3040254
1960,1,8,15,48906.0,12768.3,18.61714,5.288719,9.454721,9.297053,1.665576,1.506889,0.3525617,0.3556282
1960,1,8,16,92945.0,8446.972,14.824,3.833889,9.041563,8.909605,1.34388,1.203084,0.2990257,0.3287239
1960,1,8,17,13010.5,6141.101,12.38377,2.690491,8.722759,8.614305,0.9897238,0.8896335,0.2014374,0.1861561
1960,1,8,18,71141.5,6922.671,12.66151,3.203683,8.842557,8.783075,1.164301,1.102912,0.1311876,0.1360118
1960,1,8,19,38654.0,6722.185,12.63137,3.114405,8.813169,8.76763,1.136038,1.090248,0.0921674,0.0947845
1960,1,8,20,27747.0,8405.152,13.64054,3.886358,9.0366,8.915171,1.357472,1.216273,0.2380876,0.275613
1960,1,8,21,720465.5,7673.563,12.61603,3.25574,8.945537,8.802395,1.18042,1.023806,0.2857898,0.3166068
1960,1,8,22,12836.0,8015.868,13.16282,3.558525,8.989179,8.836519,1.269346,1.126387,0.2702744,0.2504803
1960,1,8,23,14742.0,6242.344,12.473,2.896046,8.739111,8.682154,1.063347,1.00392,0.1229314,0.1287267
1960,1,8,24,24460.0,8200.065,14.72244,3.733811,9.011897,8.908331,1.31743,1.221427,0.2333858,0.2212839
1960,1,8,25,35461.0,5564.191,12.66324,2.472623,8.624107,8.570129,0.9052797,0.8391121,0.1282687,0.1556562
1960,1,8,26,9912.0,6035.763,12.32234,2.78746,8.705458,8.66288,1.025131,0.9852547,0.0865809,0.0817292
1960,1,8,27,4976.0,5898.831,11.34003,2.737712,8.682509,8.648232,1.007123,0.9723374,0.0680182,0.0726101
1960,1,8,28,110136.0,5467.389,11.83713,2.516098,8.606557,8.587108,0.9227092,0.9021917,0.0438693,0.0476097
1960,1,8,29,126523.5,5241.923,10.7519,2.426409,8.564444,8.519476,0.8864123,0.8367128,0.0989084,0.1105753
1960,1,8,30,18732.0,6510.927,13.55189,2.949968,8.781237,8.697335,1.081794,0.9936451,0.1737853,0.1862745
1960,1,8,31,242058.0,6057.936,12.1596,2.825472,8.709125,8.64766,1.038676,0.9738387,0.124418,0.1352063
1960,1,8,32,10014.0,5335.619,9.9999,2.380294,8.58216,8.447244,0.8672242,0.724449,0.2970911,0.3343437
1960,1,8,33,42586.0,5868.588,11.0994,2.148446,8.677369,8.63994,0.7647448,0.7210016,0.0816477,0.0963357
1960,1,8,34,76064.5,5699.868,11.70012,2.509447,8.648198,8.607924,0.9200625,0.8701628,0.0862269,0.1099512
1960,1,8,35,34613.5,5048.043,10.39407,2.295962,8.526756,8.470737,0.831152,0.7698806,0.1254489,0.1384509
1960,1,8,36,83582.0,4508.833,10.06225,1.837627,8.413794,8.314073,0.6084749,0.5089452,0.2244454,0.2257299
1960,1,8,37,13788.0,3620.51,9.99253,1.687093,8.19437,8.116106,0.5230067,0.4355399,0.1834873,0.2084146
1960,1,8,38,50642.0,4306.175,9.39641,1.941927,8.367805,8.286272,0.6636808,0.5744588,0.1683076,0.1857211
1960,1,8,39,53147.5,5071.987,10.34493,2.130386,8.531487,8.385877,0.7563033,0.6052284,0.2957455,0.3084071
1960,1,8,40,448150.5,4090.37,10.14217,1.470327,8.316391,7.962319,0.3854845,0.0262718,0.7608678,0.7636335
1960,1,8,41,109466.5,2922.2,7.816309,1.092946,7.980092,7.773762,0.0888771,-0.1240657,0.4777524,0.4808885
1960,1,8,42,17435.0,4305.614,9.457355,1.972168,8.367675,8.294414,0.6791337,0.6037517,0.1555788,0.1602476
1960,1,8,43,23951.5,4555.063,9.132121,1.945515,8.423995,8.162146,0.6655267,0.4081678,0.6021678,0.5954915
1960,1,8,44,213398.0,5359.812,9.931063,2.315687,8.586684,8.512768,0.8397063,0.7536528,0.1713297,0.2031728
1960,1,8,45,113672.5,6149.485,11.13925,2.826597,8.724124,8.674008,1.039074,0.9813941,0.1106949,0.133324
1960,1,8,46,326678.0,5672.64,10.27563,2.574542,8.64341,8.579628,0.9456716,0.8741103,0.1449873,0.1661012
1960,1,8,47,522392.5,6175.174,10.35931,2.901395,8.728292,8.646489,1.065192,0.9772966,0.1816644,0.2006818
1960,1,8,48,68668.5,5556.63,9.2978,2.541168,8.622747,8.535454,0.9326238,0.8409489,0.2280314,0.2394825
1960,1,8,49,330330.5,7340.588,11.29086,3.291692,8.901175,8.845531,1.191402,1.128249,0.1160787,0.1334631
1960,1,8,50,243962.0,6430.782,10.73804,2.944024,8.768851,8.727407,1.079777,1.038756,0.0867422,0.0882424
1960,1,8,51,15394.5,5885.509,10.67258,2.603828,8.680248,8.595663,0.9569827,0.8771782,0.1406797,0.1488682
1960,1,8,52,24202.0,5051.628,9.794273,2.291087,8.527466,8.432113,0.8290262,0.7278854,0.2047274,0.2225374
1960,1,8,53,32882.5,6466.325,10.7698,2.963957,8.774364,8.692259,1.086525,1.007078,0.1682818,0.1672691
1960,1,8,54,53555.0,5579.571,10.2774,2.30637,8.626867,8.546346,0.8356746,0.7526962,0.1592125,0.1771699
1960,1,8,55,77577.5,7552.014,12.37782,3.488218,8.929569,8.859637,1.249391,1.175732,0.1424613,0.1514592
1960,1,8,56,59305.0,5964.278,9.922013,2.793586,8.693543,8.651088,1.027326,0.980327,0.0974963,0.1069992
1960,1,8,57,15439.0,5833.334,9.792214,2.750385,8.671344,8.632428,1.011741,0.9742836,0.0795497,0.0795688
1960,1,8,58,13355.0,4395.636,9.239012,2.082466,8.388368,8.308092,0.7335529,0.6591765,0.1833674,0.1703601
1960,1,8,59,60039.0,6834.484,11.43443,3.232675,8.829737,8.763023,1.17331,1.102384,0.158037,0.1755657
1960,1,8,60,33574.5,4553.757,9.370862,1.977865,8.423708,8.332644,0.682018,0.5992226,0.1829497,0.1714994
1960,1,8,61,770746.5,5363.026,9.724955,2.503515,8.587284,8.528399,0.9176958,0.855642,0.1270911,0.1365525
1960,1,8,62,182348.0,5652.294,9.910945,2.653632,8.639816,8.600405,0.9759293,0.9315767,0.0896027,0.102857
1960,1,8,63,67285.0,5946.521,10.95901,2.785712,8.690561,8.653483,1.024504,0.9863064,0.0745864,0.0768871
1960,1,8,64,499653.5,5553.876,9.799749,2.372787,8.622252,8.530194,0.8640652,0.7673907,0.1971341,0.2141641
1960,1,8,65,172869.0,6513.676,10.18693,2.852113,8.781659,8.710019,1.04806,0.9777256,0.1529767,0.1538733
1960,1,8,66,372243.0,4706.313,9.306389,2.146973,8.45666,8.370155,0.7640588,0.6693217,0.2065326,0.2288776
1960,2,8,0,7125161.0,,11.3058,,,,,,,
1960,2,8,1,153962.5,4376.972,12.12041,1.990962,8.384112,8.177735,0.6886181,0.4630632,0.4901471,0.5467409
1960,2,8,2,49166.5,4714.989,13.39241,2.257355,8.458502,8.369082,0.814194,0.7214245,0.1926808,0.2048913
1960,2,8,3,99.0,3950.0,19.0,1.936275,8.281471,8.281471,0.6607658,0.6607658,0.0,0.0
1960,2,8,4,1493.0,6644.933,13.06899,3.270015,8.80161,8.779809,1.184795,1.162397,0.0414161,0.0428105
1960,2,8,5,1890.0,6053.392,15.89735,2.973578,8.708374,8.668734,1.089766,1.055407,0.0851783,0.0717985
1960,2,8,6,2691.5,5064.58,15.33903,2.518353,8.530026,8.457712,0.9236051,0.8123276,0.1541538,0.2564859
1960,2,8,7,4033.5,9875.32,18.54568,3.796197,9.197794,8.79455,1.334,0.9802319,1.18677,1.164244
1960,2,8,8,113810.0,4026.384,14.51114,1.919241,8.300624,8.221913,0.6519296,0.5696072,0.1817401,0.1916934
1960,2,8,9,2843.5,4630.401,16.34605,2.203006,8.440399,8.387403,0.7898229,0.7405943,0.1213463,0.1108034
1960,2,8,10,6382.0,6080.602,19.61,2.732645,8.712859,8.687382,1.00527,0.9632913,0.0548678,0.0933826
1960,2,8,11,181412.5,4590.241,17.61168,2.22859,8.431687,8.320616,0.801369,0.6771841,0.2964926,0.3307249
1960,2,8,12,11500.5,4605.763,16.47746,2.264204,8.435063,8.380215,0.8172233,0.7591242,0.1294519,0.1365774
1960,2,8,13,2694.0,6041.198,17.78248,2.698894,8.706358,8.641225,0.9928421,0.9202152,0.1345966,0.1606483
1960,2,8,14,17583.0,4459.455,16.14645,2.171082,8.402781,8.297134,0.7752256,0.6541626,0.2597232,0.3160799
1960,2,8,15,1198.0,5592.632,19.56845,2.563439,8.629206,8.510064,0.9413496,0.8783492,0.253697,0.1331834
1960,2,8,16,29594.5,5076.007,16.67796,2.48652,8.53228,8.364144,0.9108841,0.728853,0.4175508,0.4455865
1960,2,8,17,39484.5,3183.04,12.06866,1.513293,8.065592,7.96104,0.4142882,0.2989875,0.2526154,0.2838504
1960,2,8,18,5977.5,4942.079,12.6476,2.381157,8.505541,8.471393,0.8675867,0.831917,0.0638517,0.0670615
1960,2,8,19,6281.5,4452.144,11.99761,2.152996,8.401141,8.375754,0.7668602,0.7391914,0.0538632,0.0575996
1960,2,8,20,3487.0,4404.131,13.2604,2.135994,8.390298,8.311236,0.7589321,0.6606499,0.210563,0.2841003
1960,2,8,21,377697.0,2853.929,12.35158,1.360978,7.956452,7.830359,0.3082038,0.1800132,0.2620279,0.2775091
1960,2,8,22,407994.0,4035.297,13.00518,2.00468,8.302835,8.257506,0.6954843,0.648346,0.0979366,0.1020129
1960,2,8,23,23943.5,3353.487,12.88112,1.666773,8.117756,8.053655,0.5108892,0.4453534,0.1516585,0.156136
1960,2,8,24,26606.0,3847.521,12.65621,1.911439,8.255184,8.173304,0.6478564,0.5695761,0.1783478,0.1739992
1960,2,8,25,189254.0,3667.293,12.82732,1.798023,8.207209,8.141711,0.5866878,0.5169889,0.150752,0.1606757
1960,2,8,26,41488.5,3829.152,11.97339,1.892096,8.250399,8.222255,0.6376852,0.6096275,0.0589447,0.0590657
1960,2,8,27,57414.0,3858.289,11.5809,1.89899,8.257979,8.200885,0.6413223,0.5789775,0.1467768,0.1591865
1960,2,8,28,7122.0,3791.043,14.02499,1.872362,8.240396,8.142605,0.6272006,0.5261194,0.2292693,0.2359996
1960,2,8,29,18274.0,3366.923,11.10644,1.644318,8.121755,8.071568,0.4973258,0.4457438,0.1233516,0.1318319
1960,2,8,30,2191.0,4591.467,11.49795,2.320441,8.431955,8.248076,0.8417574,0.6382676,0.2257763,0.2498703
1960,2,8,31,358455.0,3677.759,12.44787,1.81945,8.210059,8.151669,0.5985342,0.538105,0.134412,0.1408921
1960,2,8,32,44617.0,2273.47,10.49878,1.063065,7.729063,7.557518,0.0611565,-0.1210934,0.3837756,0.4157329
1960,2,8,33,248.5,7507.789,13.19517,2.775971,8.923697,8.901887,1.021001,1.018835,0.0441895,0.0043575
1960,2,8,34,2191.0,3677.066,14.58603,1.769315,8.20987,8.056437,0.5705926,0.4304808,0.3766299,0.3296664
1960,2,8,35,898.0,2983.333,13.7706,1.404423,8.000796,7.916194,0.3396265,0.2279426,0.1851234,0.2396606
1960,2,8,36,243143.0,2186.389,11.218,1.028364,7.690006,7.56316,0.0279695,-0.1061934,0.2652548,0.285488
1960,2,8,37,54312.5,2577.54,11.03558,1.244787,7.854591,7.767675,0.2189645,0.1247476,0.1933168,0.2122914
1960,2,8,38,10754.0,2568.301,10.84099,1.285471,7.851,7.781669,0.2511254,0.1637847,0.1475461,0.193614
1960,2,8,39,128093.0,2776.947,11.70372,1.260579,7.929107,7.696068,0.2315713,0.0033225,0.5114071,0.4960673
1960,2,8,40,10950.5,2091.376,11.47226,0.799429,7.645578,7.210794,-0.2238576,-0.6056643,0.7978184,0.7316782
1960,2,8,41,33574.5,1624.19,11.42007,0.7161309,7.392765,7.08238,-0.3338923,-0.6769049,0.7478329,0.8498482
1960,2,8,42,2987.5,2286.261,9.970209,0.9634311,7.734673,7.674798,-0.0372543,-0.0588239,0.1201136,0.0474878
1960,2,8,43,648.0,2881.579,12.0,1.444461,7.966094,7.535039,0.3677362,-0.0202731,1.38758,1.191683
1960,2,8,44,993.0,4012.516,10.69285,1.962971,8.297174,8.287271,0.6744593,0.661912,0.0194694,0.0253573
1960,2,8,45,1495.0,4415.385,11.20134,2.061494,8.39285,8.376194,0.7234308,0.7092648,0.0304846,0.0267152
1960,2,8,46,3632.5,3573.025,10.81982,1.658855,8.181168,8.111796,0.5061278,0.4449873,0.1612711,0.1500706
1960,2,8,47,2642.0,3550.668,12.56737,1.705632,8.174891,8.102655,0.5339355,0.4586248,0.1522409,0.1515003
1960,2,8,48,100.0,,4.0,,,,,,,
1960,2,8,49,22264.0,3731.743,10.86328,1.808475,8.22463,8.170747,0.5924838,0.5331367,0.1234846,0.1330671
1960,2,8,50,4929.5,4067.484,10.28137,1.988755,8.31078,8.212464,0.6875086,0.5895206,0.2709003,0.263291
1960,2,8,51,49.5,,26.0,,,,,,,
1960,2,8,52,128744.0,2672.903,9.915802,1.337797,7.89092,7.833713,0.291024,0.2331893,0.1161326,0.1187665
1960,2,8,53,4436.0,3369.476,10.67313,1.667502,8.122513,8.079344,0.5113264,0.4684889,0.0912762,0.0899609
1960,2,8,54,5276.5,2652.391,10.09154,1.278232,7.883217,7.805526,0.2454778,0.1769426,0.1605578,0.1316598
1960,2,8,55,896.0,5342.295,11.4375,2.683034,8.58341,8.492206,0.9869483,0.8844293,0.1738805,0.1926667
1960,2,8,56,3386.0,4046.166,10.50089,1.956625,8.305525,8.266171,0.6712208,0.625135,0.0775137,0.0938792
1960,2,8,57,298.0,3750.0,10.33221,2.297794,8.229511,8.229511,0.8319496,0.8319496,0.0,0.0
1960,2,8,58,199.0,,10.51256,,,,,,,
1960,2,8,59,4435.0,3624.628,11.01037,1.754331,8.195507,8.105381,0.5620875,0.4698463,0.19216,0.1873832
1960,2,8,60,64103.0,2525.663,9.728968,1.219777,7.834259,7.760924,0.1986677,0.1188344,0.1728507,0.1885041
1960,2,8,61,399054.0,3213.615,9.9663,1.585735,8.075151,8.016453,0.4610483,0.4016648,0.1330004,0.1348088
1960,2,8,62,86998.5,3671.729,10.20138,1.808792,8.208418,8.167434,0.5926591,0.5502139,0.0919555,0.0956766
1960,2,8,63,72325.0,3539.788,10.23725,1.740119,8.171823,8.115723,0.5539533,0.4972826,0.129356,0.1301123
1960,2,8,64,7630.0,3179.263,13.83775,1.460911,8.064404,7.957287,0.3790602,0.2680033,0.2399417,0.2561586
1960,2,8,65,1992.0,550.0,18.001,0.2696078,6.309918,6.309918,-1.310787,-1.310787,0.0,0.0
1960,2,8,66,17487.5,2898.522,10.11848,1.407973,7.971956,7.852523,0.3421512,0.2104999,0.3409564,0.3651565
1960,3,8,0,173955.0,,8.395591,,,,,,,
1960,3,8,1,13895.0,4749.052,11.50766,1.953695,8.4657,8.252192,0.6697224,0.4281759,0.5060745,0.5415471
1960,3,8,2,3233.5,6349.498,14.85882,3.058697,8.756131,8.663033,1.117989,1.025099,0.2611012,0.2712526
1960,3,8,3,0.0,,,,,,,,,
1960,3,8,4,992.0,7571.875,14.20161,3.481511,8.932196,8.894993,1.247466,1.218676,0.0738857,0.0573723
1960,3,8,5,99.0,4050.0,12.0,1.985294,8.306472,8.306472,0.6857671,0.6857671,0.0,0.0
1960,3,8,6,995.0,7430.503,15.30251,3.535252,8.913349,8.842268,1.262785,1.185336,0.1371875,0.1464169
1960,3,8,7,1495.0,11759.89,18.80134,4.459688,9.37245,8.847504,1.495079,1.003017,1.254005,1.204643
1960,3,8,8,895.0,4681.955,11.99888,2.066621,8.451471,8.322709,0.725915,0.6140457,0.315994,0.2930813
1960,3,8,9,200.0,7975.0,17.5,3.666939,8.984067,8.977295,1.299357,1.297698,0.0136432,0.0033368
1960,3,8,10,1094.0,7667.052,18.4543,3.490392,8.944688,8.876244,1.250014,1.21072,0.1308417,0.0786835
1960,3,8,11,8269.5,5546.191,17.46962,2.587612,8.620867,8.577934,0.9507354,0.8969623,0.0895105,0.108858
1960,3,8,12,100.0,,19.0,,,,,,,
1960,3,8,13,498.0,5191.767,17.79518,2.468857,8.55483,8.508812,0.9037552,0.841041,0.0975761,0.1346101
1960,3,8,14,3887.0,4299.813,15.48289,1.804667,8.366327,8.2402,0.5903762,0.4458109,0.3199777,0.3690018
1960,3,8,15,892.0,5573.206,18.33408,2.57495,8.625726,8.396555,0.9458303,0.710169,0.8475037,0.8373149
1960,3,8,16,1640.5,5314.676,16.36696,2.615089,8.578227,8.514826,0.9612981,0.8827757,0.133458,0.1665724
1960,3,8,17,996.0,3813.002,13.5994,1.790068,8.246172,8.224408,0.5822535,0.5672908,0.0436727,0.0294714
1960,3,8,18,898.0,5299.875,12.77728,2.645194,8.575438,8.549152,0.9727444,0.9482434,0.0535032,0.0502544
1960,3,8,19,399.0,4800.376,10.24812,2.353126,8.47645,8.44812,0.8557445,0.8274151,0.0604442,0.0604442
1960,3,8,20,597.0,4999.916,12.51256,2.483228,8.517177,8.509026,0.9095595,0.9013793,0.0163632,0.016629
1960,3,8,21,8308.5,3921.18,11.42565,1.819458,8.274148,8.15751,0.5985384,0.4699902,0.2425562,0.2658798
1960,3,8,22,398.0,4149.498,10.75628,1.944123,8.330743,8.296746,0.6648109,0.6171498,0.0691389,0.097213
1960,3,8,23,199.0,3304.271,8.994975,1.619741,8.102971,8.068678,0.4822662,0.4479726,0.0697866,0.0697865
1960,3,8,24,1095.0,4560.32,12.18082,2.153152,8.425148,8.388433,0.7669329,0.7278889,0.0676037,0.0697173
1960,3,8,25,498.0,5046.656,13.39157,2.400075,8.526481,8.513161,0.8755001,0.8530635,0.0269888,0.0464257
1960,3,8,26,897.0,4759.142,12.21182,2.196088,8.467823,8.357497,0.7866777,0.6789109,0.3378389,0.3213285
1960,3,8,27,199.0,3094.724,15.51759,1.379301,8.037454,7.976458,0.3215767,0.1957252,0.1249759,0.2633184
1960,3,8,28,16732.5,5210.861,12.20338,2.404534,8.5585,8.525378,0.877356,0.85085,0.0702724,0.0593482
1960,3,8,29,11409.5,4237.912,9.887725,1.988799,8.351826,8.295531,0.6875308,0.6333191,0.1422501,0.1309526
1960,3,8,30,398.0,4856.02,12.00251,2.380402,8.487974,8.444478,0.8672694,0.8237725,0.0933722,0.0933722
1960,3,8,31,14142.5,4841.041,11.6746,2.30158,8.484885,8.414809,0.8335959,0.7513606,0.1641667,0.1944221
1960,3,8,32,2486.5,3462.735,9.562035,1.6391,8.149814,8.065581,0.4941475,0.4107865,0.1893268,0.1846719
1960,3,8,33,398.0,3795.477,11.24121,1.534969,8.241566,8.193902,0.4285102,0.3724651,0.1044453,0.1145315
1960,3,8,34,3084.0,5290.555,12.32231,2.337101,8.573678,8.504047,0.8489112,0.7619996,0.2193167,0.2764768
1960,3,8,35,2989.0,4232.043,10.39746,1.989865,8.35044,8.271157,0.688067,0.5962692,0.1868761,0.2108316
1960,3,8,36,20861.0,3774.785,9.479028,1.693924,8.236098,8.111879,0.5270476,0.3921335,0.2590547,0.2808529
1960,3,8,37,7072.0,3461.844,9.985577,1.648743,8.149557,8.099622,0.5000134,0.4475347,0.1111922,0.1169239
1960,3,8,38,30283.5,3385.097,9.139003,1.582421,8.127138,8.03885,0.4589562,0.3680156,0.1928302,0.206843
1960,3,8,39,31866.0,3009.823,9.066497,1.370962,8.009637,7.887258,0.3155126,0.1826837,0.2936308,0.316562
1960,3,8,40,24642.5,1184.366,6.700253,0.4941323,7.076963,6.736929,-0.7049519,-1.081665,0.7341965,0.7814375
1960,3,8,41,33873.0,1449.72,6.017979,0.6100394,7.279126,7.099348,-0.4942318,-0.6680512,0.4079155,0.3900753
1960,3,8,42,4678.5,2673.02,8.427701,1.257529,7.890964,7.74075,0.2291484,0.0719404,0.3177481,0.3181463
1960,3,8,43,6526.5,1829.565,6.655022,0.8289567,7.511834,7.418366,-0.1875874,-0.2843754,0.2292288,0.2302021
1960,3,8,44,13595.0,3917.686,9.024274,1.753745,8.273256,8.184933,0.5617535,0.4534221,0.1883226,0.2388864
1960,3,8,45,2589.0,4205.172,11.07609,1.88887,8.34407,8.192493,0.6359788,0.4602755,0.3541053,0.428104
1960,3,8,46,17420.5,4213.707,9.463046,1.943299,8.346098,8.263733,0.6643868,0.58101,0.1816,0.1845733
1960,3,8,47,32866.5,3836.126,9.093332,1.819684,8.252218,8.108911,0.5986627,0.4486856,0.3274039,0.3520327
1960,3,8,48,2741.5,3836.064,9.125661,1.904721,8.252202,8.138084,0.6443354,0.5110441,0.2478986,0.2964396
1960,3,8,49,5433.0,5894.685,10.14486,2.851748,8.681807,8.513947,1.047932,0.8399439,0.2207033,0.2351539
1960,3,8,50,5083.0,4444.504,9.589416,2.147961,8.399424,8.337997,0.764519,0.6988044,0.1466651,0.1544346
1960,3,8,51,499.0,4394.862,8.408817,2.189947,8.388191,8.350866,0.7838775,0.7502145,0.0720976,0.065013
1960,3,8,52,1394.0,3946.566,9.073171,1.809078,8.280602,8.216384,0.5928175,0.5322737,0.126015,0.1306344
1960,3,8,53,2293.0,4646.989,9.213258,2.249734,8.443974,8.288507,0.8108121,0.6376466,0.4360087,0.4947856
1960,3,8,54,3237.5,3778.16,8.214672,1.716413,8.236993,8.160695,0.5402367,0.4337943,0.1653978,0.2377272
1960,3,8,55,1397.0,5347.328,11.07015,2.621239,8.584352,8.55107,0.9636471,0.9303657,0.0627004,0.0627005
1960,3,8,56,5422.0,5307.276,9.048322,2.625491,8.576834,8.545789,0.9652679,0.9280011,0.0621076,0.0740799
1960,3,8,57,3490.0,4422.313,9.572493,2.178629,8.394419,8.355322,0.7786959,0.7348397,0.0838885,0.0909206
1960,3,8,58,4532.0,2311.372,6.812004,1.108326,7.745597,7.688119,0.1028509,0.0280725,0.1392028,0.1921657
1960,3,8,59,997.0,4878.084,10.999,2.194793,8.492508,8.437979,0.7860875,0.7519677,0.1050678,0.0639386
1960,3,8,60,12044.0,3393.395,9.596065,1.545218,8.129586,8.050038,0.4351651,0.3500683,0.1682562,0.1826492
1960,3,8,61,102360.5,4085.491,8.497126,1.967049,8.315197,8.229981,0.6765344,0.5810907,0.2046542,0.2277264
1960,3,8,62,12653.5,4916.126,9.465524,2.377363,8.500277,8.449336,0.8659921,0.813143,0.1031287,0.1064626
1960,3,8,63,3392.0,5003.38,10.96993,2.372211,8.517869,8.46027,0.8638225,0.8105735,0.1252298,0.1143946
1960,3,8,64,77325.5,3563.302,8.537791,1.629786,8.178443,8.050283,0.4884486,0.3517056,0.2813238,0.3150318
1960,3,8,65,8970.5,4425.905,9.365252,2.078421,8.39523,8.31453,0.7316085,0.6524558,0.2045856,0.1945492
1960,3,8,66,151033.0,3505.905,8.078989,1.662096,8.162204,8.0512,0.5080793,0.38778,0.2653741,0.2891262
1960,4,8,0,653516.5,,9.324034,,,,,,,
1960,4,8,1,5670.0,2592.396,11.65026,1.221743,7.860338,7.632583,0.2002782,-0.1015018,0.5173399,0.7067106
1960,4,8,2,1893.0,4658.328,14.32118,2.301344,8.446412,8.343234,0.8334935,0.7304585,0.198253,0.1997262
1960,4,8,3,0.0,,,,,,,,,
1960,4,8,4,198.0,5900.0,13.5,2.892157,8.682708,8.676601,1.062003,1.055897,0.0122985,0.0122986
1960,4,8,5,99.0,4050.0,13.0,1.985294,8.306472,8.306472,0.6857671,0.6857671,0.0,0.0
1960,4,8,6,99.0,4050.0,16.0,1.985294,8.306472,8.306472,0.6857671,0.6857671,0.0,0.0
1960,4,8,7,199.0,1250.0,14.47739,0.6377551,7.130899,7.130899,-0.4498009,-0.4498009,0.0,0.0
1960,4,8,8,9555.5,3700.585,13.58129,1.804204,8.216247,8.135201,0.5901194,0.500412,0.1888815,0.2146503
1960,4,8,9,298.0,3450.0,15.31879,1.691176,8.14613,8.14613,0.5254244,0.5254244,0.0,0.0
1960,4,8,10,896.0,6135.265,20.78906,2.921514,8.721808,8.612952,1.072102,0.9829287,0.2274621,0.1945417
1960,4,8,11,23515.5,4718.604,17.14767,2.411656,8.459269,8.347389,0.8803137,0.7475246,0.3231313,0.3705488
1960,4,8,12,696.0,4400.0,16.71552,2.331744,8.389359,8.388779,0.8466164,0.8460349,0.001169,0.001169
1960,4,8,13,100.0,,16.0,,,,,,,
1960,4,8,14,2589.0,4388.646,15.92121,2.207269,8.386776,8.34555,0.7917562,0.7309655,0.0874537,0.1395804
1960,4,8,15,0.0,,,,,,,,,
1960,4,8,16,1096.0,4428.068,17.36314,1.919856,8.395719,8.313917,0.6522504,0.5734907,0.1737953,0.1649337
1960,4,8,17,9121.0,2653.657,11.62767,1.283724,7.883694,7.755524,0.2497656,0.1083715,0.3751985,0.4153296
1960,4,8,18,300.0,5083.333,12.0,2.535514,8.533723,8.505615,0.9303964,0.8982455,0.0574095,0.0653019
1960,4,8,19,597.0,4168.511,12.99665,2.08812,8.335314,8.309593,0.7362639,0.7044179,0.0516636,0.0628996
1960,4,8,20,297.0,1600.0,12.0,0.7843137,7.377759,6.516766,-0.2429462,-1.103939,2.279944,2.279945
1960,4,8,21,10852.5,2487.758,11.07404,1.209203,7.819137,7.657523,0.1899616,0.0072105,0.4396881,0.5201093
1960,4,8,22,11454.5,3573.283,12.8601,1.776571,8.18124,8.122727,0.5746853,0.5135737,0.1451724,0.1527586
1960,4,8,23,397.0,3448.992,12.24937,1.725868,8.145838,8.135175,0.5457301,0.5339113,0.0209199,0.0236013
1960,4,8,24,2840.0,3475.567,13.01514,1.718258,8.153513,8.099592,0.5413108,0.4838847,0.1242549,0.1310263
1960,4,8,25,1394.0,3694.982,12.78479,1.849912,8.214731,8.19873,0.6151379,0.5957593,0.032267,0.0387154
1960,4,8,26,2044.0,3743.329,12.29207,1.832569,8.227731,8.205043,0.6057187,0.5819975,0.04846,0.0503423
1960,4,8,27,2089.5,3537.015,12.23786,1.718233,8.171039,8.13802,0.5412965,0.5003465,0.0767247,0.096428
1960,4,8,28,1143.5,3785.176,12.51421,1.770813,8.238848,8.189927,0.571439,0.5195925,0.1094577,0.1107545
1960,4,8,29,3336.0,2626.431,11.10492,1.289671,7.873381,7.747704,0.254387,0.1266404,0.3867944,0.388893
1960,4,8,30,200.0,5150.0,14.0,2.7292,8.546752,8.546752,1.004009,1.004009,0.0,0.0
1960,4,8,31,15138.5,3620.23,12.24236,1.7896,8.194293,8.117439,0.5819923,0.4983949,0.2024252,0.2353702
1960,4,8,32,41721.5,1794.177,9.491605,0.8536893,7.492301,7.36518,-0.158188,-0.2953286,0.2645821,0.2873848
1960,4,8,33,0.0,,,,,,,,,
1960,4,8,34,198.0,5400.0,15.5,2.581405,8.594154,8.588941,0.9483338,0.9483244,0.0104991,1.89e-05
1960,4,8,35,99.0,5050.0,13.0,2.47549,8.527143,8.527143,0.9064384,0.9064384,0.0,0.0
1960,4,8,36,44568.0,1957.944,9.37675,0.9132451,7.57965,7.43775,-0.090751,-0.2502764,0.2931583,0.3274764
1960,4,8,37,15600.0,2552.826,10.56147,1.233804,7.844956,7.734698,0.2101024,0.0978902,0.2749766,0.2776857
1960,4,8,38,6619.0,2150.352,10.99668,1.057703,7.673387,7.601633,0.0560995,-0.0234212,0.1528867,0.1677408
1960,4,8,39,155397.0,1341.593,9.926105,0.651057,7.201612,7.017108,-0.4291581,-0.6226904,0.3938079,0.414349
1960,4,8,40,1296.0,615.2174,7.150463,0.2942582,6.421976,6.305739,-1.223298,-1.362563,0.2209572,0.271473
1960,4,8,41,7175.0,1335.251,8.122927,0.6083637,7.196875,6.885977,-0.4969823,-0.8068104,0.6636469,0.6294785
1960,4,8,42,347.5,1950.0,6.860432,1.033386,7.575585,7.575585,0.0328411,0.0328411,0.0,0.0
1960,4,8,43,0.0,,,,,,,,,
1960,4,8,44,0.0,,,,,,,,,
1960,4,8,45,0.0,,,,,,,,,
1960,4,8,46,597.0,3552.345,9.830821,1.751465,8.175364,8.11792,0.5604527,0.5038494,0.0981862,0.0971451
1960,4,8,47,199.0,,9.98995,,,,,,,
1960,4,8,48,99.0,2050.0,10.0,1.004902,7.625595,7.625595,0.00489,0.00489,0.0,0.0
1960,4,8,49,1096.0,3369.526,10.81296,1.68285,8.122527,8.049168,0.5204888,0.4380758,0.1544295,0.1689013
1960,4,8,50,596.0,3567.907,10.49497,1.809936,8.179734,8.081135,0.5932916,0.4914887,0.245732,0.2573
1960,4,8,51,0.0,,,,,,,,,
1960,4,8,52,7569.5,2424.108,11.34381,1.215717,7.793219,7.707632,0.1953338,0.0993918,0.1900586,0.2155998
1960,4,8,53,598.0,3350.0,9.494984,1.70841,8.116715,8.086395,0.5355629,0.5051834,0.0633549,0.0634016
1960,4,8,54,698.0,2317.446,8.571633,1.184402,7.748221,7.713907,0.1692382,0.1304856,0.069524,0.0841213
1960,4,8,55,0.0,,,,,,,,,
1960,4,8,56,100.0,4450.0,8.0,2.181373,8.40066,8.40066,0.7799543,0.7799543,0.0,0.0
1960,4,8,57,0.0,,,,,,,,,
1960,4,8,58,100.0,2050.0,8.0,1.004902,7.625595,7.625595,0.00489,0.00489,0.0,0.0
1960,4,8,59,399.0,3120.677,12.75188,1.544187,8.045805,7.935058,0.4344977,0.333892,0.2356289,0.2110836
1960,4,8,60,29437.0,1934.931,9.327241,0.9441608,7.567827,7.475812,-0.0574588,-0.1595597,0.2054503,0.2256105
1960,4,8,61,38858.0,2767.798,9.819599,1.380753,7.925807,7.86316,0.3226292,0.259514,0.1356116,0.1350712
1960,4,8,62,4379.0,3743.574,10.75063,1.855752,8.227797,8.171142,0.6182902,0.5665419,0.1378791,0.1259728
1960,4,8,63,3737.0,3227.955,10.08055,1.606117,8.079604,8.024242,0.4738197,0.4219044,0.1148054,0.1078711
1960,4,8,64,797.5,3463.253,10.01128,1.639997,8.149963,8.108998,0.4946943,0.4412274,0.0793188,0.1040349
1960,4,8,65,299.5,,17.3222,,,,,,,
1960,4,8,66,4927.5,3038.301,9.009437,1.491438,8.019053,7.877896,0.3997405,0.2482795,0.3700671,0.4008591
1960,0,9,0,7289753.0,,9.649601,,,,,,,
1960,0,9,1,1286011.0,8625.301,11.80447,,9.062455,8.801601,,,0.5969244,
1960,0,9,2,250203.0,7794.958,13.10103,,8.961232,8.824285,,,0.2760745,
1960,0,9,3,6431.0,12088.59,15.87794,,9.400017,9.222359,,,0.3794512,
1960,0,9,4,131835.5,9949.738,14.50067,,9.205301,9.116882,,,0.1931397,
1960,0,9,5,3389.0,7577.388,13.96784,,8.932923,8.826581,,,0.2081614,
1960,0,9,6,26409.0,8227.608,15.06517,,9.01525,8.87546,,,0.3265533,
1960,0,9,7,75310.5,17253.71,18.49832,,9.755782,9.544802,,,0.5251853,
1960,0,9,8,132997.0,5029.798,13.32664,,8.523135,8.363282,,,0.3020736,
1960,0,9,9,5679.0,5996.137,13.9124,,8.698871,8.476583,,,0.4453258,
1960,0,9,10,30096.5,10012.05,18.75153,,9.211544,9.086287,,,0.2818463,
1960,0,9,11,378029.5,6210.503,16.60415,,8.733997,8.615348,,,0.2967229,
1960,0,9,12,19333.5,5014.478,16.29545,,8.520084,8.420789,,,0.2304529,
1960,0,9,13,7820.0,9404.032,16.5367,,9.148894,8.98485,,,0.3781554,
1960,0,9,14,77691.0,5136.38,15.75162,,8.544104,8.370983,,,0.4150706,
1960,0,9,15,48470.5,15091.7,18.1867,,9.621901,9.442142,,,0.4173533,
1960,0,9,16,89070.5,8132.212,14.16606,,9.003589,8.798287,,,0.4682264,
1960,0,9,17,66662.0,3763.542,10.70321,,8.233116,8.067532,,,0.3189628,
1960,0,9,18,33580.5,7043.496,12.34109,,8.859859,8.796494,,,0.1371359,
1960,0,9,19,22010.0,6558.733,11.50722,,8.788552,8.718865,,,0.1286242,
1960,0,9,20,16181.5,7480.912,12.01443,,8.92011,8.77501,,,0.2710091,
1960,0,9,21,981738.5,5989.577,11.23259,,8.697776,8.445064,,,0.5136396,
1960,0,9,22,323889.0,4204.617,12.08617,,8.343939,8.282931,,,0.1224993,
1960,0,9,23,26046.0,4420.29,11.46662,,8.393961,8.283864,,,0.2475001,
1960,0,9,24,46626.5,6660.082,12.72186,,8.803887,8.636158,,,0.327953,
1960,0,9,25,191461.0,4239.995,11.83891,,8.352318,8.270297,,,0.181821,
1960,0,9,26,34176.5,4363.568,10.98512,,8.381045,8.320165,,,0.123614,
1960,0,9,27,66173.5,4021.684,10.38441,,8.299456,8.243575,,,0.121533,
1960,0,9,28,90781.0,5427.723,11.49971,,8.599275,8.568818,,,0.0678193,
1960,0,9,29,137009.0,4982.424,10.0244,,8.513672,8.448428,,,0.1477377,
1960,0,9,30,12755.0,6797.385,12.06076,,8.824293,8.709055,,,0.2347795,
1960,0,9,31,540586.5,4738.859,11.36825,,8.463552,8.371883,,,0.1880892,
1960,0,9,32,128267.5,2336.768,8.737743,,7.756524,7.557544,,,0.4456137,
1960,0,9,33,24612.0,5979.073,10.45348,,8.696021,8.650421,,,0.0966019,
1960,0,9,34,54317.5,5574.014,10.83583,,8.625871,8.5648,,,0.1240616,
1960,0,9,35,56527.5,4709.798,9.407713,,8.4574,8.383216,,,0.1736532,
1960,0,9,36,359338.5,3016.891,9.242771,,8.011982,7.8549,,,0.3422773,
1960,0,9,37,88942.5,2770.244,9.765815,,7.926691,7.824697,,,0.2478111,
1960,0,9,38,139023.0,3525.78,8.449781,,8.167857,8.08099,,,0.2119667,
1960,0,9,39,377204.0,2623.392,8.647602,,7.872223,7.559543,,,0.6617435,
1960,0,9,40,563319.5,3536.193,9.034402,,8.170806,7.754407,,,0.8900403,
1960,0,9,41,185728.5,2373.756,7.200454,,7.772229,7.505633,,,0.6290115,
1960,0,9,42,28571.0,3614.847,8.183682,,8.192805,8.04721,,,0.3580268,
1960,0,9,43,28638.5,3923.621,7.787663,,8.27477,8.057545,,,0.4640011,
1960,0,9,44,167602.0,5097.764,9.260242,,8.536557,8.44186,,,0.2080609,
1960,0,9,45,55388.0,5825.326,10.28903,,8.669971,8.571174,,,0.246504,
1960,0,9,46,304699.0,5332.894,9.281947,,8.58165,8.51253,,,0.1550073,
1960,0,9,47,461172.5,5676.635,9.219777,,8.644114,8.551173,,,0.2121467,
1960,0,9,48,59184.5,5319.016,8.208433,,8.579043,8.470119,,,0.3048479,
1960,0,9,49,337151.0,7146.999,10.34009,,8.874448,8.792534,,,0.1794619,
1960,0,9,50,193073.5,6184.623,9.79989,,8.729821,8.68505,,,0.0922887,
1960,0,9,51,13046.5,4850.492,9.430499,,8.486835,8.396575,,,0.2228404,
1960,0,9,52,176575.5,3118.648,8.833938,,8.045155,7.945659,,,0.2071404,
1960,0,9,53,28591.0,5854.509,9.60171,,8.674968,8.593456,,,0.1712461,
1960,0,9,54,64905.5,5147.755,9.55104,,8.546316,8.459023,,,0.1951983,
1960,0,9,55,70085.5,7119.636,10.82089,,8.870612,8.790077,,,0.1575235,
1960,0,9,56,62402.5,5836.201,8.920564,,8.671835,8.62439,,,0.1006588,
1960,0,9,57,16990.5,5274.942,8.47294,,8.570723,8.512745,,,0.1714625,
1960,0,9,58,16092.0,3835.179,7.814815,,8.251971,8.151469,,,0.2261221,
1960,0,9,59,63045.0,6662.073,10.29807,,8.804186,8.729417,,,0.1625734,
1960,0,9,60,130558.5,2779.944,8.444889,,7.930186,7.803586,,,0.2806639,
1960,0,9,61,1064393.0,4601.869,8.78362,,8.434217,8.349032,,,0.1876682,
1960,0,9,62,198442.5,5006.556,9.138375,,8.518503,8.45725,,,0.1347327,
1960,0,9,63,121928.5,4670.615,9.673349,,8.449046,8.37502,,,0.1555254,
1960,0,9,64,449616.0,4997.337,8.865094,,8.516661,8.400163,,,0.2644605,
1960,0,9,65,151340.5,6274.018,9.275954,,8.744172,8.673423,,,0.1612875,
1960,0,9,66,470064.5,4158.979,8.000202,,8.333025,8.233966,,,0.2310758,
1960,1,9,0,934190.0,,9.912738,,,,,,,
1960,1,9,1,1065763.0,9275.675,11.9785,3.88113,9.135151,8.906126,1.356126,1.100762,0.5096297,0.5744676
1960,1,9,2,196109.5,8515.839,13.17745,3.821465,9.049684,8.925338,1.340634,1.2125,0.2535081,0.2699607
1960,1,9,3,6282.0,12088.59,15.82776,5.123415,9.400017,9.222359,1.633821,1.476891,0.3794512,0.3437906
1960,1,9,4,129943.5,10002.47,14.54932,4.639622,9.210588,9.124537,1.534633,1.447773,0.1851316,0.1928607
1960,1,9,5,2091.0,8825.063,14.56958,4.320529,9.085351,9.003858,1.463378,1.36913,0.1579023,0.1863375
1960,1,9,6,24114.5,8318.81,15.02345,3.860564,9.026275,8.886166,1.350813,1.200001,0.3346801,0.368376
1960,1,9,7,69429.5,17725.0,18.7238,6.758423,9.782731,9.582752,1.91079,1.723197,0.5018441,0.4747249
1960,1,9,8,21626.0,8973.076,14.81097,3.463327,9.101984,8.923224,1.24223,1.066771,0.3630694,0.3633158
1960,1,9,9,3192.0,7200.535,14.15633,3.232103,8.88191,8.662541,1.173133,0.9469708,0.4422488,0.4591525
1960,1,9,10,21925.5,10428.55,19.14524,4.322896,9.252302,9.138563,1.463926,1.354306,0.2402928,0.2371894
1960,1,9,11,72957.0,7617.398,17.9642,3.377969,8.93819,8.851645,1.217275,1.116845,0.2064982,0.2402525
1960,1,9,12,2092.0,6734.789,16.72705,3.183639,8.815042,8.761561,1.158025,1.113136,0.1002425,0.08699
1960,1,9,13,4984.0,10880.09,16.44242,4.802403,9.29469,9.159507,1.569116,1.451221,0.2904538,0.2548596
1960,1,9,14,49106.0,5377.423,16.14872,2.077711,8.589965,8.40249,0.7312667,0.5174053,0.4499994,0.5070387
1960,1,9,15,46526.5,15372.57,18.24586,6.520962,9.64034,9.472537,1.875022,1.70302,0.3773474,0.3903575
1960,1,9,16,59390.0,8844.26,14.26105,4.007107,9.087523,8.904354,1.38807,1.191824,0.4265692,0.464549
1960,1,9,17,9809.5,6456.577,11.31057,2.86974,8.772855,8.625214,1.054221,0.9124491,0.2655692,0.2688015
1960,1,9,18,30789.5,7170.205,12.35915,3.333013,8.877689,8.81456,1.203877,1.144986,0.1384074,0.1394707
1960,1,9,19,18473.0,6902.638,11.61798,3.268814,8.839659,8.77905,1.184427,1.118308,0.1092297,0.1194903
1960,1,9,20,13095.5,8143.262,12.17044,3.708852,9.004946,8.863063,1.310722,1.154769,0.2717093,0.302955
1960,1,9,21,564051.0,7498.279,11.79551,3.21492,8.922429,8.736713,1.167802,0.9653774,0.3866032,0.4233231
1960,1,9,22,12003.0,6936.813,12.56336,3.218309,8.844598,8.691625,1.168856,1.023676,0.3297375,0.318444
1960,1,9,23,7482.0,6593.647,11.33293,2.983225,8.793862,8.768734,1.093005,1.059231,0.0522046,0.0703074
1960,1,9,24,20174.0,9334.201,13.88748,4.351167,9.14144,9.030058,1.470444,1.355338,0.2354862,0.2480941
1960,1,9,25,31267.0,5672.56,12.16589,2.591329,8.643395,8.584449,0.9521709,0.887831,0.131128,0.1413239
1960,1,9,26,5180.0,5951.558,11.17181,2.840371,8.691408,8.62077,1.043935,0.9815472,0.1388389,0.1244056
1960,1,9,27,3488.0,5864.138,10.6012,2.818474,8.676611,8.637928,1.036196,0.9916511,0.0769798,0.0887838
1960,1,9,28,73689.0,5541.372,11.57,2.598119,8.619997,8.590845,0.9547876,0.9251885,0.0648101,0.0688437
1960,1,9,29,111460.5,5253.69,10.05634,2.462735,8.566686,8.511709,0.9012726,0.843551,0.1257846,0.1327542
1960,1,9,30,10611.5,7206.744,12.08246,3.35812,8.882772,8.785148,1.211381,1.102305,0.2021334,0.2296238
1960,1,9,31,206400.5,6015.571,11.39821,2.842483,8.702106,8.630863,1.044678,0.9710227,0.1486839,0.157754
1960,1,9,32,10803.0,4802.028,9.36351,2.059211,8.476793,8.336342,0.7223231,0.5950739,0.3474436,0.31475
1960,1,9,33,24215.0,5991.023,10.43238,2.278792,8.698017,8.651874,0.8236454,0.7682867,0.0979136,0.1173958
1960,1,9,34,50876.0,5635.91,10.82689,2.462812,8.636914,8.579653,0.9013039,0.8305715,0.1121768,0.1461268
1960,1,9,35,52242.5,4771.887,9.495086,2.195042,8.470497,8.395639,0.7862014,0.7045208,0.1765494,0.1987054
1960,1,9,36,92088.5,4287.571,9.351537,1.776493,8.363476,8.26996,0.574641,0.477357,0.2060478,0.217401
1960,1,9,37,13592.0,3637.955,9.429443,1.691567,8.199177,8.123593,0.5256552,0.443513,0.2015898,0.2113914
1960,1,9,38,83701.0,3813.165,8.845449,1.715011,8.246215,8.173545,0.5394198,0.4570041,0.1858938,0.2075418
1960,1,9,39,66150.5,4780.39,9.39042,1.99736,8.472278,8.323281,0.6918262,0.5452927,0.3102963,0.3085113
1960,1,9,40,511322.5,3676.293,9.401679,1.355082,8.209661,7.816747,0.3038621,-0.0925484,0.8349177,0.8384998
1960,1,9,41,108275.0,2722.396,7.598384,1.032841,7.909267,7.696035,0.0323137,-0.1789567,0.4958683,0.4826513
1960,1,9,42,20059.5,4029.926,8.998529,1.852579,8.301503,8.198951,0.6165785,0.5193114,0.2360239,0.2228478
1960,1,9,43,23256.5,4389.753,8.702557,1.990407,8.387029,8.193502,0.6883389,0.4828597,0.4277107,0.4565
1960,1,9,44,158630.5,5156.61,9.39859,2.249731,8.548035,8.455693,0.8108106,0.7073457,0.2032809,0.2341638
1960,1,9,45,52892.0,5895.521,10.41483,2.700277,8.681949,8.584953,0.9933543,0.8769566,0.2411838,0.295679
1960,1,9,46,287466.5,5420.348,9.405663,2.502234,8.597916,8.533054,0.917184,0.8456849,0.1445426,0.1640494
1960,1,9,47,431535.0,5789.354,9.652179,2.759923,8.663775,8.578316,1.015203,0.9216345,0.1923429,0.2129485
1960,1,9,48,56592.5,5390.89,8.617891,2.511968,8.592465,8.488973,0.9210666,0.8160865,0.28745,0.3033956
1960,1,9,49,308909.5,7376.071,10.39492,3.365716,8.905996,8.833399,1.213641,1.134741,0.1564552,0.1731845
1960,1,9,50,187002.0,6241.974,9.865098,2.915741,8.739052,8.69647,1.070124,1.027089,0.0872003,0.0904958
1960,1,9,51,12547.5,4904.292,9.467384,2.193785,8.497866,8.410445,0.7856284,0.6916167,0.2178442,0.2415978
1960,1,9,52,22261.0,5068.424,8.961547,2.364296,8.530786,8.44546,0.8604803,0.76597,0.1677866,0.1823253
1960,1,9,53,23809.0,6196.909,9.78336,2.919545,8.731806,8.661196,1.071428,1.004452,0.15002,0.1459767
1960,1,9,54,57833.0,5336.149,9.66341,2.240794,8.582259,8.510056,0.8068301,0.7272182,0.1523226,0.1790026
1960,1,9,55,68391.5,7191.245,10.92852,3.33886,8.88062,8.80302,1.205629,1.123099,0.150353,0.1653417
1960,1,9,56,56226.0,5988.569,9.085868,2.830705,8.697608,8.657009,1.040526,1.000115,0.081225,0.0817663
1960,1,9,57,13851.0,5515.549,8.986788,2.641349,8.615327,8.557768,0.9712897,0.9188108,0.184055,0.1722632
1960,1,9,58,13201.0,4020.518,8.220892,1.849369,8.299166,8.199753,0.6148445,0.516146,0.2344742,0.2357387
1960,1,9,59,58262.5,6887.591,10.38828,3.379316,8.837477,8.775273,1.217673,1.149983,0.1318351,0.1483643
1960,1,9,60,31316.5,3802.636,8.721856,1.688795,8.24345,8.143191,0.5240154,0.4101907,0.2310717,0.2648498
1960,1,9,61,657283.0,5210.432,9.008544,2.454491,8.558418,8.494834,0.8979195,0.8301786,0.1429963,0.1549269
1960,1,9,62,133393.0,5530.263,9.198113,2.620578,8.61799,8.575203,0.9633948,0.917366,0.0939325,0.1038168
1960,1,9,63,58374.5,5745.292,10.24773,2.720196,8.656136,8.616099,1.000704,0.9616468,0.085201,0.0827592
1960,1,9,64,389533.5,5226.22,9.210998,2.284423,8.561443,8.457695,0.8261136,0.7114854,0.2342841,0.2627136
1960,1,9,65,141621.5,6347.412,9.490325,2.819375,8.755802,8.689294,1.036515,0.9695299,0.1474209,0.1514441
1960,1,9,66,329072.5,4478.016,8.629369,2.07822,8.406936,8.322512,0.7315117,0.6379857,0.190861,0.2180464
1960,2,9,0,5637896.0,,10.41585,,,,,,,
1960,2,9,1,196096.5,4571.216,11.68486,2.021976,8.427535,8.174785,0.7040753,0.4291953,0.5881087,0.6729587
1960,2,9,2,52000.5,4919.461,13.1288,2.347668,8.500955,8.419934,0.8534225,0.7647484,0.1655189,0.1835753
1960,2,9,3,149.0,,23.36242,,,,,,,
1960,2,9,4,1495.0,5917.559,13.59732,2.939534,8.685679,8.510402,1.078251,0.8949234,0.5040357,0.5453593
1960,2,9,5,1298.0,5314.982,12.99846,2.633884,8.578285,8.505127,0.9684595,0.8985518,0.1390582,0.132062
1960,2,9,6,1895.5,7332.487,16.83936,3.495095,8.90007,8.746405,1.25136,1.085128,0.2599914,0.2836441
1960,2,9,7,4287.0,11804.86,17.83438,4.940864,9.376266,9.07529,1.59754,1.330778,0.6500404,0.6164129
1960,2,9,8,106845.0,4010.476,13.61667,1.900914,8.296665,8.223403,0.6423348,0.5649647,0.1759936,0.1907895
1960,2,9,9,2188.0,4439.71,15.18327,2.186291,8.398344,8.272967,0.7822067,0.6440495,0.3124453,0.3361011
1960,2,9,10,7372.0,7845.291,19.43272,3.319309,8.967669,8.804918,1.199757,1.005875,0.4565168,0.5377438
1960,2,9,11,280178.5,5289.75,17.10248,2.573498,8.573526,8.464408,0.9452659,0.8175973,0.2890838,0.3335843
1960,2,9,12,16743.5,4693.16,16.95285,2.33634,8.453861,8.35714,0.8485858,0.7491337,0.2290415,0.2405984
1960,2,9,13,2538.0,6273.24,17.69228,2.782542,8.744048,8.610691,1.023365,0.9073144,0.3876925,0.3060744
1960,2,9,14,22457.0,5001.319,16.21111,2.436922,8.517457,8.402535,0.8907358,0.7601082,0.2865385,0.341891
1960,2,9,15,1346.0,6210.037,17.70505,2.89177,8.733922,8.426396,1.061869,0.7748792,0.8044897,0.7126745
1960,2,9,16,28085.0,5687.021,16.54535,2.793082,8.645942,8.428699,1.027146,0.790179,0.4521407,0.5003693
1960,2,9,17,49524.5,3131.372,11.03385,1.469251,8.049227,7.945763,0.3847525,0.2779897,0.2208601,0.2353545
1960,2,9,18,2392.0,5365.329,13.25,2.53781,8.587713,8.562561,0.9313015,0.9057392,0.0490434,0.0479387
1960,2,9,19,3138.0,4656.004,11.42894,2.25196,8.445912,8.38582,0.8118008,0.747144,0.1035097,0.1114339
1960,2,9,20,2886.0,4701.295,11.96362,2.310938,8.455593,8.4008,0.8376536,0.7785929,0.1073031,0.1176579
1960,2,9,21,404298.5,2906.616,11.58782,1.380046,7.974745,7.85062,0.322117,0.1976718,0.2358813,0.2476995
1960,2,9,22,308199.0,4085.365,12.59634,2.038324,8.315166,8.265369,0.7121277,0.6609936,0.1055862,0.1092941
1960,2,9,23,18116.0,3358.503,12.07187,1.6458,8.11925,8.051751,0.4982263,0.4274607,0.1607686,0.1672383
1960,2,9,24,24910.0,4172.725,12.49643,2.0676,8.336325,8.269879,0.7263886,0.6631933,0.1358132,0.1290729
1960,2,9,25,158997.0,3906.418,12.46207,1.900685,8.270376,8.19744,0.6422142,0.5665321,0.1645313,0.1753507
1960,2,9,26,28597.5,4033.949,11.13583,1.999088,8.302501,8.257405,0.692691,0.6454524,0.0985027,0.1032193
1960,2,9,27,62186.5,3900.101,10.61309,1.921237,8.268758,8.217269,0.6529691,0.5974874,0.1140327,0.1253788
1960,2,9,28,6679.0,4706.856,13.10301,2.259781,8.456776,8.413067,0.8152677,0.7730542,0.1100141,0.1081542
1960,2,9,29,15945.5,3510.693,10.81271,1.716037,8.163568,8.109138,0.5400174,0.4812843,0.1146567,0.1231635
1960,2,9,30,1793.5,4719.377,13.83552,2.586678,8.459432,8.336327,0.9503745,0.7977549,0.1749677,0.207381
1960,2,9,31,316412.0,3769.405,11.86587,1.870303,8.234673,8.175759,0.6261004,0.5653728,0.1242621,0.1296918
1960,2,9,32,72190.5,2203.25,9.731793,1.02763,7.697689,7.542385,0.0272549,-0.1450063,0.3747627,0.4200151
1960,2,9,33,0.0,,,,,,,,,
1960,2,9,34,1744.5,4036.729,12.96245,1.920184,8.30319,8.207829,0.6524212,0.5322152,0.218327,0.2924763
1960,2,9,35,1146.0,3386.763,11.04188,1.675682,8.12763,8.02224,0.5162203,0.347916,0.2266455,0.3968552
1960,2,9,36,220476.5,2306.107,10.23985,1.073161,7.743316,7.634127,0.0706086,-0.0455163,0.236825,0.2589944
1960,2,9,37,62351.5,2573.112,10.31371,1.229053,7.852871,7.770776,0.2062437,0.1195525,0.1895213,0.1967038
1960,2,9,38,12549.0,2782.047,9.984939,1.357093,7.930942,7.824114,0.3053449,0.1949284,0.2461812,0.2613624
1960,2,9,39,129363.0,2402.698,10.64763,1.094307,7.784348,7.51884,0.0901211,-0.1820244,0.5681652,0.5850369
1960,2,9,40,18182.5,2099.453,10.41045,0.8524354,7.649432,7.08517,-0.1596579,-0.7028834,0.9848838,0.9797119
1960,2,9,41,34073.5,1495.44,10.59119,0.6378736,7.310176,6.836086,-0.4496152,-0.9381778,1.034133,1.079108
1960,2,9,42,2639.0,2412.173,10.11861,1.113665,7.788283,7.705775,0.107656,0.037909,0.1824789,0.1550813
1960,2,9,43,299.0,2625.0,8.013378,1.286765,7.872836,7.852425,0.2521311,0.2317201,0.041307,0.041307
1960,2,9,44,199.0,4250.0,11.50251,2.604167,8.354674,8.354674,0.9571127,0.9571127,0.0,0.0
1960,2,9,45,1198.0,3958.347,10.66694,1.965648,8.283582,8.243365,0.6758217,0.6379774,0.0818485,0.0728931
1960,2,9,46,3189.5,3205.015,11.00016,1.613837,8.072472,7.940873,0.4786145,0.3571874,0.2636659,0.2439651
1960,2,9,47,2639.5,3301.708,11.57757,1.561994,8.102195,7.902223,0.4459633,0.2293736,0.5346791,0.5498568
1960,2,9,48,298.0,2150.0,9.667786,1.053922,7.673223,7.673223,0.052518,0.052518,0.0,0.0
1960,2,9,49,24109.0,4294.212,10.22776,2.065107,8.365024,8.273621,0.725182,0.6296179,0.2057687,0.211542
1960,2,9,50,2043.0,3984.248,10.04356,1.911386,8.290104,8.230816,0.6478287,0.5989018,0.1138168,0.0945767
1960,2,9,51,299.0,3575.0,13.98328,1.613562,8.181721,8.081295,0.4784442,0.4016989,0.2087064,0.1582485
1960,2,9,52,145000.5,2734.521,9.258072,1.372776,7.913712,7.849013,0.3168346,0.24973,0.148204,0.1574303
1960,2,9,53,3338.5,3360.262,9.252358,1.69072,8.119774,8.088648,0.5251543,0.493311,0.0595333,0.0630335
1960,2,9,54,3934.5,2991.519,10.45953,1.416458,8.003536,7.916552,0.3481596,0.2676598,0.203766,0.1871693
1960,2,9,55,600.0,3570.0,9.666667,1.705949,8.180321,8.097433,0.5341216,0.4611721,0.1777597,0.1531821
1960,2,9,56,2492.0,3990.05,9.884831,2.006109,8.291559,8.263102,0.696197,0.6638697,0.0559956,0.0644551
1960,2,9,57,299.0,3547.488,7.344481,1.738964,8.173995,8.163972,0.5532898,0.5432669,0.0202047,0.0202048
1960,2,9,58,498.0,3428.916,8.79518,1.654494,8.139999,8.108269,0.5034953,0.4798039,0.0617324,0.0480875
1960,2,9,59,3986.5,3587.622,11.12429,1.788915,8.185245,8.097385,0.5816091,0.4801536,0.1751173,0.2025016
1960,2,9,60,72298.0,2461.74,9.029323,1.178644,7.808624,7.731337,0.1643648,0.0839218,0.1764374,0.1869861
1960,2,9,61,312030.0,3223.07,9.223475,1.594501,8.07809,8.022832,0.4665609,0.410878,0.1233062,0.1246652
1960,2,9,62,55839.5,3671.156,9.397649,1.822868,8.208262,8.157116,0.600411,0.5474784,0.1130741,0.1162959
1960,2,9,63,59522.5,3467.921,9.417733,1.700579,8.151311,8.104642,0.5309687,0.4835729,0.0973441,0.0987976
1960,2,9,64,4932.5,3181.22,13.59331,1.498899,8.065021,7.881425,0.4047311,0.2309191,0.4376774,0.4614338
1960,2,9,65,1844.0,6464.74,13.89967,3.097685,8.774118,8.685938,1.130655,1.027846,0.1655043,0.1806651
1960,2,9,66,16046.0,3401.675,9.409199,1.615914,8.132023,8.00508,0.4799007,0.357589,0.2553232,0.2898619
1960,3,9,0,172658.5,,7.374766,,,,,,,
1960,3,9,1,16533.5,4026.229,9.909396,1.624662,8.300586,8.009584,0.4852995,0.1754127,0.6430579,0.7080235
1960,3,9,2,1296.0,4802.007,13.08488,2.279188,8.476789,8.433731,0.8238193,0.7736215,0.0975582,0.1109385
1960,3,9,3,0.0,,,,,,,,,
1960,3,9,4,298.0,8144.631,13.02013,4.145847,9.005115,8.960734,1.422107,1.366191,0.0871895,0.1089908
1960,3,9,5,0.0,,,,,,,,,
1960,3,9,6,399.0,6299.374,16.26316,2.739623,8.748205,8.739056,1.00782,0.9775254,0.0182541,0.0667834
1960,3,9,7,1396.0,10714.51,18.14255,4.220935,9.279354,9.14025,1.440057,1.325383,0.2857764,0.2599778
1960,3,9,8,399.0,4976.065,12.7619,2.393601,8.512395,8.472612,0.8727991,0.8324148,0.0848373,0.0837581
1960,3,9,9,99.0,2550.0,8.0,1.25,7.843849,7.843849,0.2231435,0.2231435,0.0,0.0
1960,3,9,10,499.0,5677.425,21.60521,2.440297,8.644253,8.617503,0.8921196,0.8303802,0.0531329,0.1343933
1960,3,9,11,6622.5,6108.232,18.13605,2.806425,8.717393,8.595807,1.031911,0.910583,0.3788001,0.3693902
1960,3,9,12,99.0,,15.0,,,,,,,
1960,3,9,13,298.0,5100.0,15.98993,2.5,8.536996,8.510904,0.9162908,0.8901987,0.0529065,0.0529067
1960,3,9,14,4481.0,3445.406,13.48538,1.414291,8.144797,7.939393,0.3466282,0.1021054,0.4609656,0.5458059
1960,3,9,15,598.0,10028.11,19.0,3.973744,9.213148,9.014378,1.379709,1.193848,0.5387902,0.450328
1960,3,9,16,997.5,4351.335,12.90426,2.025829,8.378238,8.303671,0.7059792,0.6268939,0.1521351,0.1624119
1960,3,9,17,249.0,4750.0,9.590362,2.069717,8.465899,8.465899,0.7274117,0.7274117,0.0,0.0
1960,3,9,18,399.0,4346.482,7.989975,2.284824,8.377122,8.363997,0.8262891,0.8019792,0.0264836,0.049226
1960,3,9,19,399.0,4315.886,9.75188,2.115631,8.370058,8.326897,0.7493529,0.7061915,0.0915689,0.0915689
1960,3,9,20,200.0,4850.0,11.5,2.377451,8.486734,8.485883,0.8660289,0.8651779,0.001711,0.001711
1960,3,9,21,7415.5,4970.901,10.2836,2.213314,8.511356,8.272672,0.794491,0.5617187,0.5994818,0.6059071
1960,3,9,22,298.0,5345.638,13.99329,2.403277,8.584036,8.559186,0.8768331,0.8602231,0.0493612,0.0324207
1960,3,9,23,199.0,4503.266,10.51256,2.207484,8.412559,8.402021,0.7918532,0.7813162,0.0212654,0.0212655
1960,3,9,24,497.0,5202.896,12.59759,2.461476,8.556971,8.524601,0.9007611,0.8745243,0.0667736,0.0539109
1960,3,9,25,100.0,5050.0,14.0,2.47549,8.527143,8.527143,0.9064384,0.9064384,0.0,0.0
1960,3,9,26,199.0,6438.442,8.994975,3.215527,8.770041,8.701962,1.167991,1.060854,0.1398075,0.222809
1960,3,9,27,199.0,5296.231,11.9799,2.596192,8.574751,8.564631,0.9540457,0.943927,0.0203984,0.0203984
1960,3,9,28,9715.0,4960.919,11.76439,2.396766,8.509346,8.484851,0.8741203,0.8460028,0.0505259,0.0583297
1960,3,9,29,7960.0,4109.478,9.359799,1.910487,8.321052,8.265722,0.6473581,0.5915337,0.1161027,0.1165218
1960,3,9,30,250.0,2350.0,12.0,1.121699,7.762171,7.715714,0.1148442,0.0561198,0.0948356,0.1203677
1960,3,9,31,9165.5,4375.406,10.92292,2.064848,8.383755,8.333612,0.7250568,0.6777173,0.1061521,0.1009468
1960,3,9,32,3887.0,3072.682,8.071777,1.41112,8.030306,7.911514,0.3443834,0.207068,0.2788082,0.3141096
1960,3,9,33,397.0,5274.181,11.74055,2.147627,8.570579,8.564703,0.7643636,0.7520949,0.0117931,0.0236481
1960,3,9,34,1397.0,5558.598,11.2849,2.490925,8.623101,8.601597,0.9126543,0.8839028,0.045964,0.0588556
1960,3,9,35,2840.0,4049.477,9.368662,1.91081,8.306343,8.279713,0.647527,0.6210723,0.056073,0.0617888
1960,3,9,36,19979.5,3259.467,9.022098,1.456022,8.089319,7.976083,0.3757081,0.2582873,0.262027,0.2782689
1960,3,9,37,4077.0,3276.176,8.417709,1.516198,8.094432,7.996382,0.4162056,0.3005185,0.2676443,0.319393
1960,3,9,38,35896.5,3205.264,7.745657,1.505689,8.07255,7.991296,0.4092505,0.3146922,0.1780297,0.2108272
1960,3,9,39,36808.0,2860.175,8.474109,1.305216,7.958638,7.853106,0.2663686,0.1471132,0.2473313,0.2783963
1960,3,9,40,31422.5,1033.53,6.186395,0.4289402,6.940735,6.672548,-0.8464378,-1.133302,0.5583586,0.6044693
1960,3,9,41,36602.5,1384.459,5.722342,0.5557735,7.233065,7.01446,-0.5873945,-0.8028218,0.5159481,0.4947996
1960,3,9,42,5872.5,2293.83,6.862665,1.0829,7.737978,7.550654,0.0796422,-0.1101583,0.4745848,0.4782357
1960,3,9,43,5083.0,1988.478,6.018887,0.929529,7.595125,7.481101,-0.0730773,-0.1911501,0.2354917,0.2383237
1960,3,9,44,8772.5,3934.864,8.082759,1.745042,8.277632,8.166844,0.5567784,0.4517351,0.2270712,0.2305865
1960,3,9,45,1298.0,4738.477,9.691833,2.109373,8.463471,8.311373,0.7463908,0.602863,0.4914676,0.435216
1960,3,9,46,13745.0,3766.714,8.189378,1.795369,8.233958,8.157593,0.5852108,0.4887075,0.1754975,0.2209507
1960,3,9,47,26700.0,3729.312,7.973895,1.804409,8.223979,8.092184,0.590233,0.4531771,0.2886183,0.2983151
1960,3,9,48,2294.0,4088.997,7.567567,1.985723,8.316055,8.145181,0.6859828,0.5218265,0.5194332,0.4956936
1960,3,9,49,3733.5,5279.733,9.465917,2.469262,8.57163,8.524353,0.9039194,0.8531717,0.0938337,0.0989634
1960,3,9,50,3730.5,4497.721,8.61359,2.129611,8.411326,8.362945,0.7559392,0.6941281,0.1009764,0.1303594
1960,3,9,51,150.0,2150.0,13.33333,0.7026144,7.673223,7.673223,-0.3529471,-0.3529471,0.0,0.0
1960,3,9,52,1795.0,3565.485,8.833983,1.634938,8.179055,8.131227,0.4916052,0.4151495,0.1037088,0.1774011
1960,3,9,53,1244.5,4866.189,9.680193,2.30909,8.490067,8.446131,0.8368534,0.7630966,0.1004859,0.1802879
1960,3,9,54,2294.0,3375.461,8.522668,1.573976,8.124288,7.980836,0.453605,0.3012748,0.3621202,0.3814132
1960,3,9,55,995.0,4111.809,7.398995,1.884039,8.321618,8.269696,0.6334178,0.5651418,0.1130516,0.1629071
1960,3,9,56,3684.5,4323.539,8.001629,2.142011,8.371829,8.275854,0.761745,0.6617413,0.2611287,0.2769089
1960,3,9,57,2740.5,4271.306,7.230797,2.155657,8.359674,8.326269,0.7680954,0.7362019,0.0711916,0.070561
1960,3,9,58,2393.0,2884.158,7.374843,1.427726,7.966988,7.882859,0.3560831,0.2637388,0.1456015,0.1584828
1960,3,9,59,796.0,4306.539,8.373116,1.99279,8.367889,8.297372,0.6895357,0.6297427,0.1281031,0.1118816
1960,3,9,60,7425.5,3268.88,8.765066,1.484275,8.092203,7.958838,0.3949265,0.2554598,0.3215773,0.3292182
1960,3,9,61,75807.5,4043.707,7.467031,1.932942,8.304917,8.212497,0.6590432,0.5580171,0.1944504,0.2153457
1960,3,9,62,8115.0,4751.058,8.379544,2.329237,8.466123,8.399827,0.8455408,0.7823775,0.1350028,0.1259294
1960,3,9,63,1841.5,5321.317,8.159653,2.564068,8.579476,8.55534,0.9415952,0.9129405,0.049112,0.0588782
1960,3,9,64,54402.0,3292.25,7.569373,1.509532,8.099327,7.973288,0.4117995,0.2701527,0.2749982,0.3144471
1960,3,9,65,7476.0,4489.69,8.040664,2.14165,8.409539,8.288878,0.7615764,0.6449578,0.3471616,0.3368873
1960,3,9,66,121113.0,3384.775,6.992139,1.608235,8.127043,8.022346,0.4751374,0.3616531,0.2612088,0.2812314
1960,4,9,0,545008.5,,8.249236,,,,,,,
1960,4,9,1,7618.0,2216.575,10.17235,0.9702698,7.703719,7.267023,-0.0301811,-0.5188569,1.019011,1.134962
1960,4,9,2,797.0,4569.639,15.12673,2.240019,8.42719,8.420807,0.8064845,0.8001023,0.0126207,0.0126207
1960,4,9,3,0.0,,,,,,,,,
1960,4,9,4,99.0,,16.0,,,,,,,
1960,4,9,5,0.0,,,,,,,,,
1960,4,9,6,0.0,,,,,,,,,
1960,4,9,7,198.0,3550.0,14.0,1.290016,8.174703,8.076369,0.2546547,0.2140428,0.2042288,0.082747
1960,4,9,8,4127.0,3139.009,12.34068,1.511673,8.051662,7.947446,0.4132169,0.3082609,0.2387102,0.2547605
1960,4,9,9,200.0,2050.0,10.0,0.7308378,7.625595,7.625595,-0.3135638,-0.3135638,0.0,0.0
1960,4,9,10,300.0,,25.33333,,,,,,,
1960,4,9,11,18271.5,3816.778,17.35731,1.971259,8.247162,8.165377,0.6786726,0.5864081,0.192182,0.2187496
1960,4,9,12,399.0,,16.49373,,,,,,,
1960,4,9,13,0.0,,,,,,,,,
1960,4,9,14,1647.0,3803.39,15.93746,1.914452,8.243648,8.193486,0.6494312,0.5735136,0.1174239,0.1857198
1960,4,9,15,0.0,,,,,,,,,
1960,4,9,16,598.0,7525.0,16.1689,3.278867,8.925986,8.841006,1.187498,1.102518,0.1757064,0.1757062
1960,4,9,17,7079.0,2682.3,10.49414,1.279381,7.89443,7.780434,0.246376,0.1049086,0.2860541,0.3608883
1960,4,9,18,0.0,,,,,,,,,
1960,4,9,19,0.0,,,,,,,,,
1960,4,9,20,0.0,,,,,,,,,
1960,4,9,21,5973.5,2398.996,10.51913,1.096236,7.782805,7.598549,0.0918821,-0.0813848,0.4469669,0.4397265
1960,4,9,22,3389.0,3729.566,12.49838,1.815257,8.224048,8.182795,0.5962272,0.5517786,0.0802574,0.087765
1960,4,9,23,249.0,1402.261,13.59839,0.687383,7.245842,7.191376,-0.3748637,-0.4293291,0.1116066,0.1116066
1960,4,9,24,1045.5,3451.757,12.85701,1.72264,8.146639,8.109495,0.5438578,0.5215487,0.0742879,0.0439989
1960,4,9,25,1097.0,3471.047,13.45214,1.743256,8.152211,8.05403,0.5557545,0.4626294,0.2320393,0.2252772
1960,4,9,26,200.0,4250.0,14.0,2.083333,8.354674,8.353565,0.7339693,0.7328607,0.002229,0.002229
1960,4,9,27,300.0,4050.0,11.66667,1.985294,8.306472,8.275021,0.6857671,0.6543151,0.0638856,0.0638856
1960,4,9,28,698.0,4515.217,10.71203,2.213342,8.415209,8.407164,0.7945036,0.7864582,0.0164713,0.0164712
1960,4,9,29,1643.0,2340.585,9.940353,1.105814,7.758156,7.659352,0.1005815,-0.0076752,0.2133573,0.2353567
1960,4,9,30,100.0,5550.0,12.0,2.941176,8.621553,8.621553,1.07881,1.07881,0.0,0.0
1960,4,9,31,8608.5,3483.623,11.66556,1.71416,8.155828,8.057618,0.538923,0.4334098,0.3002651,0.3201446
1960,4,9,32,41387.0,1783.478,8.615749,0.8536227,7.48632,7.328949,-0.158266,-0.323921,0.365059,0.3861728
1960,4,9,33,0.0,,,,,,,,,
1960,4,9,34,300.0,2283.333,13.66667,1.119281,7.733392,7.561958,0.1126866,-0.0587468,0.3523571,0.3523573
1960,4,9,35,299.0,4098.744,7.010034,1.693065,8.318436,8.316573,0.5265405,0.4921165,0.003746,0.0699316
1960,4,9,36,26794.0,1855.438,8.735015,0.8738825,7.525876,7.368566,-0.1348094,-0.3103913,0.3589208,0.4037354
1960,4,9,37,8922.0,2326.014,9.572742,1.118511,7.751911,7.589798,0.1119982,-0.0642631,0.4294083,0.4615462
1960,4,9,38,6876.5,2642.542,9.507162,1.28169,7.879497,7.74583,0.2481798,0.095984,0.329788,0.3692026
1960,4,9,39,144882.5,1289.49,9.039305,0.6146988,7.162003,6.981954,-0.4866228,-0.6674953,0.3663681,0.367009
1960,4,9,40,2392.0,416.9449,7.16597,0.2053973,6.032954,5.846854,-1.582809,-1.742874,0.3584989,0.3243491
1960,4,9,41,6777.5,711.8569,7.384729,0.3300502,6.567877,6.499781,-1.10851,-1.193516,0.1384314,0.1907612
1960,4,9,42,0.0,,,,,,,,,
1960,4,9,43,0.0,,,,,,,,,
1960,4,9,44,0.0,,,,,,,,,
1960,4,9,45,0.0,,,,,,,,,
1960,4,9,46,298.0,4350.0,6.671141,2.132353,8.377932,8.377932,0.757226,0.757226,0.0,0.0
1960,4,9,47,298.0,3108.794,10.67114,1.523919,8.04199,7.850511,0.4212851,0.2298051,0.4109346,0.4109344
1960,4,9,48,0.0,,,,,,,,,
1960,4,9,49,399.0,3549.248,9.503759,1.739828,8.174491,8.151224,0.553786,0.5305189,0.0510707,0.0510707
1960,4,9,50,298.0,2800.0,10.67114,1.396058,7.937375,7.924291,0.3336529,0.323588,0.0264163,0.0202998
1960,4,9,51,50.0,,16.0,,,,,,,
1960,4,9,52,7519.0,2797.791,10.29352,1.410319,7.936585,7.794416,0.3438159,0.2053137,0.3836491,0.3487792
1960,4,9,53,199.0,2650.0,10.48744,1.352041,7.882315,7.882315,0.3016151,0.3016151,0.0,0.0
1960,4,9,54,844.0,2136.891,9.297394,1.05776,7.667107,7.491056,0.0561538,-0.1557412,0.4061044,0.4884254
1960,4,9,55,99.0,4050.0,8.0,1.985294,8.306472,8.306472,0.6857671,0.6857671,0.0,0.0
1960,4,9,56,0.0,,,,,,,,,
1960,4,9,57,100.0,4050.0,4.0,1.764706,8.306472,8.306472,0.567984,0.567984,0.0,0.0
1960,4,9,58,0.0,,,,,,,,,
1960,4,9,59,0.0,,,,,,,,,
1960,4,9,60,19518.5,1884.223,8.182801,0.9109118,7.541271,7.399273,-0.0933092,-0.2454927,0.3038345,0.3330273
1960,4,9,61,19272.5,2980.004,8.744637,1.497405,7.99968,7.903797,0.4037333,0.3099163,0.2197501,0.2137844
1960,4,9,62,1095.0,3151.839,9.642009,1.552399,8.055741,7.998494,0.4398017,0.3716694,0.1034462,0.1243741
1960,4,9,63,2190.0,3461.161,9.451141,1.729216,8.14936,8.096711,0.5476681,0.4977415,0.0990819,0.0949851
1960,4,9,64,748.0,3476.065,10.92647,1.656611,8.153656,8.144095,0.5047739,0.4841859,0.0187215,0.0391841
1960,4,9,65,399.0,5150.0,14.99749,2.52451,8.546752,8.546752,0.926047,0.926047,0.0,0.0
1960,4,9,66,3833.0,2943.456,7.478477,1.457018,7.987339,7.870833,0.3763916,0.263815,0.322633,0.3158301
2023,0,0,0,20575114.166666668,,12.941887458947676,,,,,,,
2023,0,0,1,11116205.0,120257.56059177541,15.392135745367536,,11.697391059935603,11.427563617391888,,,0.5246901044043683,
2023,0,0,2,4979444.166666667,104530.04370169698,15.619447016593048,,11.557229808604701,11.296808654675344,,,0.46464965256215895,
2023,0,0,3,142641.66666666666,117080.68407191437,16.98995384705264,,11.670618583562193,11.495008243408563,,,0.3557396443525782,
2023,0,0,4,1385226.5,118473.94099061997,16.31792418063039,,11.682448308122025,11.55616298775863,,,0.25602967921175024,
2023,0,0,5,2223553.6666666665,97787.86120144141,15.40229851284603,,11.490555729724889,11.313780677551149,,,0.35366939281285076,
2023,0,0,6,534060.1666666666,100797.50627096478,17.616197425945455,,11.520868894938033,11.354614588631279,,,0.31427955363829707,
2023,0,0,7,709854.6666666666,254048.0204381376,18.95036213985586,,12.445278584974742,12.090618631229084,,,0.8170444421786233,
2023,0,0,8,2496804.3333333335,92950.0742495959,16.23996160158325,,11.439817791961492,11.3145744728353,,,0.2712648643620159,
2023,0,0,9,907483.0,85566.37914026287,17.494871712931996,,11.357047717923647,11.21293225522548,,,0.2909296979354963,
2023,0,0,10,609379.6666666666,89696.75352275255,18.165248649035988,,11.404189854780466,11.221838382956815,,,0.36893919683888127,
2023,0,0,11,5192923.0,60282.6720257729,16.735180552455716,,11.00679997866202,10.871661987457234,,,0.29912823372887404,
2023,0,0,12,165099.83333333334,63492.27972278947,17.354398702199376,,11.058673598320768,10.952107916205186,,,0.22997541361720616,
2023,0,0,13,514058.6666666667,110756.72658342257,17.076847259975516,,11.615091422707886,11.390663399746863,,,0.4436932232203761,
2023,0,0,14,920905.3333333334,60057.177802557104,16.38043396425836,,11.00305235079886,10.867879699916243,,,0.2947142548898484,
2023,0,0,15,735313.5,207037.85712208712,18.62109472127648,,12.240656940173912,11.95169746342591,,,0.5755271757977661,
2023,0,0,16,1585961.8333333333,82164.11994512001,15.517522647402929,,11.316473988733712,11.038013239204675,,,0.5719516483362403,
2023,0,0,17,1294823.3333333333,73602.3375996172,14.259146550237228,,11.206432065076966,10.997058702981237,,,0.3510151670712749,
2023,0,0,18,565529.5,72461.60809189103,14.059181410224106,,11.190812157024935,11.056659656497814,,,0.27965799941335984,
2023,0,0,19,70892.33333333333,67191.30197777099,14.024088171264408,,11.115299083279229,10.996036213964159,,,0.23989829951781758,
2023,0,0,20,1723089.1666666667,128919.99887148541,15.59060940452395,,11.766947327175771,11.537015155948156,,,0.46571814423980323,
2023,0,0,21,6321659.0,88708.99695304706,13.960407703104517,,11.393116594417082,11.021679248413372,,,0.700709385015126,
2023,0,0,22,1138647.3333333333,51769.12134525187,13.964172840171175,,10.854549137475537,10.714418176731746,,,0.2770779315743555,
2023,0,0,23,754603.0,43273.27221832595,13.448349441141016,,10.675290453616533,10.520251573342735,,,0.28393200861576495,
2023,0,0,24,253711.66666666666,55517.75023704391,14.336325356211448,,10.924458072692584,10.755494112457022,,,0.31607736081646254,
2023,0,0,25,817751.1666666666,53038.31500562584,13.528126832388093,,10.878769855984565,10.747994577845441,,,0.24411210266118158,
2023,0,0,26,34538.333333333336,48739.51323991292,13.019109202335567,,10.79424534025844,10.68331896964517,,,0.2702084449250877,
2023,0,0,27,21658.166666666668,52656.79764297208,13.761537218447238,,10.8715506192561,10.687734114667927,,,0.36834881545495235,
2023,0,0,28,541530.1666666666,52909.2738719071,13.048564238188025,,10.876333911969326,10.725116219725056,,,0.3482685324068026,
2023,0,0,29,1512451.8333333333,52645.20536176119,13.055128146780653,,10.87133044716199,10.691769175041754,,,0.3464674926773032,
2023,0,0,30,1973873.8333333333,56569.44407438585,13.859110127183914,,10.943224261072825,10.764006141901055,,,0.3397514273219331,
2023,0,0,31,1252827.8333333333,54264.2326598209,13.99111662988543,,10.901620590170552,10.725241531054362,,,0.318838899657393,
2023,0,0,32,406896.0,31212.681275137224,11.421275952577563,,10.348579742344883,10.185760357259996,,,0.302137802656597,
2023,0,0,33,318347.8333333333,92060.32744970762,13.95693180467696,,11.43019937428113,11.310740540131288,,,0.25945506238546384,
2023,0,0,34,1082350.8333333333,85331.44631349186,14.375351183881383,,11.354298321035316,11.227342979490555,,,0.2726745803769819,
2023,0,0,35,526423.1666666666,52963.172480570895,13.113900129141987,,10.8773520921508,10.672309232324539,,,0.39688227749472693,
2023,0,0,36,2383136.3333333335,37399.21642698139,12.47665562286337,,10.529405032032914,10.348667613974776,,,0.3555155089402497,
2023,0,0,37,2047869.8333333333,41354.94615742096,12.907530825323452,,10.629947310164598,10.467460699457197,,,0.30602388251165275,
2023,0,0,38,1023194.3333333334,44514.36405483062,12.095804544135147,,10.703567203818578,10.528576313163512,,,0.3449790951117925,
2023,0,0,39,1489430.1666666667,48170.97018003258,13.589321128516598,,10.782511840173626,10.55870906872821,,,0.46365380053766303,
2023,0,0,40,256727.66666666666,80368.83057740766,13.29616467774542,,11.2943817006145,10.879662370874588,,,0.8127460409318994,
2023,0,0,41,279916.0,43890.52983831458,11.337768592482508,,10.68945385456919,10.470731820877631,,,0.41423482766194664,
2023,0,0,42,730554.6666666666,47653.20841297156,12.110269411734647,,10.771705239721603,10.549256043574319,,,0.41854823908503264,
2023,0,0,43,74671.5,64411.50593410839,12.22752545036147,,11.07304755970712,10.817142341071353,,,0.4640843995698861,
2023,0,0,44,1235455.1666666667,65146.90574800953,12.513575361091613,,11.084400087150499,10.942408331519843,,,0.3133347977355386,
2023,0,0,45,540031.0,66809.94403634602,12.837900355103072,,11.109607211265319,10.967836855183274,,,0.29168988709487825,
2023,0,0,46,630126.3333333334,65025.80160038827,12.645986333957369,,11.08253941781316,10.934271422821626,,,0.30853869861828653,
2023,0,0,47,3571706.8333333335,64694.52522872449,11.934863728317382,,11.077431859114647,10.887627451767099,,,0.3886014666042786,
2023,0,0,48,87198.16666666667,79825.10376132379,12.263900808312101,,11.287593317442129,11.142673639903029,,,0.33215527076570706,
2023,0,0,49,456423.3333333333,73521.4806103703,12.971373432558956,,11.205332895705597,11.062191916621922,,,0.3039066366245215,
2023,0,0,50,200709.83333333334,63614.2888931174,12.612276927139426,,11.060593392224884,10.94836872138723,,,0.2267897289300151,
2023,0,0,51,26296.5,52395.69741403174,12.032837069571997,,10.866579756518647,10.69154718627129,,,0.34126866100355635,
2023,0,0,52,29664.166666666668,48801.59495227795,12.750917212124616,,10.795518274755464,10.543805320442846,,,0.523871579088141,
2023,0,0,53,533892.5,47888.36873292963,13.622047509564192,,10.77662792996531,10.644279544168057,,,0.24709758293524983,
2023,0,0,54,221078.0,40475.50960319882,12.247682567540265,,10.608452369033563,10.469047395331764,,,0.2837791397814464,
2023,0,0,55,165022.83333333334,83304.6893745161,13.142538860783912,,11.330260121582628,11.177700661034146,,,0.3269632147860277,
2023,0,0,56,65900.83333333333,50370.62670847275,12.000649966490055,,10.827163480760225,10.723623754796574,,,0.22589376606412778,
2023,0,0,57,19376.166666666668,56302.35807225971,12.226188530583103,,10.938491697305016,10.802265302140796,,,0.2579523625645987,
2023,0,0,58,219802.0,52029.521739950076,12.161276967452526,,10.85956656223653,10.737618828137386,,,0.24775336475940246,
2023,0,0,59,66119.16666666667,49062.67517358699,12.907765020228625,,10.80085384493545,10.679907963911585,,,0.24457362150833553,
2023,0,0,60,101657.66666666667,38630.834130886375,11.559269181206204,,10.561806048253672,10.36890054481998,,,0.342142918997581,
2023,0,0,61,1116992.6666666667,54672.19070427036,12.304320708760248,,10.909110462501433,10.735641679716657,,,0.33677022154587305,
2023,0,0,62,823601.0,51774.1230620383,12.218470068232877,,10.854645748641605,10.719068524020887,,,0.2812591109831944,
2023,0,0,63,416523.0,60284.50999177165,13.08331832815955,,11.006830467323496,10.85025319256971,,,0.32246575421621093,
2023,0,0,64,2759010.0,57861.6993662752,12.369962112013608,,10.965810948411223,10.788102158915635,,,0.3654147386414359,
2023,0,0,65,403835.5,74708.82445506834,12.306324811298989,,11.221353496072508,11.066893811772578,,,0.32303799916535675,
2023,0,0,66,1471307.1666666667,43812.667005553565,12.148798862870578,,10.687678255594014,10.527899579856848,,,0.31470298406028674,
2023,1,0,0,5654762.666666667,,13.955666633341758,,,,,,,
2023,1,0,1,5601111.166666667,140226.20611190703,15.287200780726037,59.778183024301725,11.851012155601142,11.569859129744316,4.09064076201953,3.8222564912300037,0.5517425424792278,0.5357159278689342
2023,1,0,2,1935863.0,132319.08636502497,15.940693117229886,57.875139475788416,11.792971605495357,11.497238931929614,4.0582879223523225,3.791185005057365,0.5306096811247798,0.4885967141797744
2023,1,0,3,93199.33333333333,124760.42778488637,17.008712508673167,55.20208386181824,11.734150599578369,11.562900668301891,4.01100070369039,3.8462495126641203,0.3463358570541206,0.33882584466788057
2023,1,0,4,1085172.5,121460.47597760193,16.320353062147568,54.84519901771203,11.707344188245155,11.579021844420843,4.00451465358699,3.880937284009822,0.2568060079526113,0.25501336053615614
2023,1,0,5,1370130.0,104365.96306943303,15.40541432808079,48.00929302547339,11.555658877034071,11.370983569793214,3.871394596866282,3.69836271353749,0.36354885888564953,0.34817989780534664
2023,1,0,6,270044.8333333333,108200.97709665945,17.724830876848227,49.31220903564979,11.591745675821945,11.412856266676906,3.898171698170937,3.7246267249093123,0.33155564614941635,0.33036776826149433
2023,1,0,7,358948.1666666667,293012.5525443835,19.139151474516513,121.84582043545383,12.587970728529944,12.237875688339024,4.802756478583901,4.427255511703127,0.8437845048973187,0.930241579572302
2023,1,0,8,309216.5,116638.0708570453,16.930718983840343,55.36141808578279,11.66683100781426,11.515208856255127,4.013882926692732,3.8698548789585314,0.31150169728704563,0.30176418795418974
2023,1,0,9,184173.16666666666,103499.01567678773,17.682478174978442,47.801993424719164,11.547317381273137,11.369311335743634,3.8670673420738533,3.7057784893857297,0.32951583031413184,0.3087602330299608
2023,1,0,10,260622.0,99211.76394233032,18.91559679024283,43.70173471014276,11.505011874370277,11.303296459825713,3.7773877971979575,3.588424269950089,0.3963196346545849,0.37955308521316805
2023,1,0,11,1039981.6666666666,69797.96915874282,17.401145853532675,32.226081227947226,11.15336019318024,11.030603242073859,3.472776100720013,3.3481863635393343,0.2576934235489837,0.25841142249241783
2023,1,0,12,38542.833333333336,68559.90129800324,17.28372330351081,32.898516541760685,11.135463113626566,11.021164933310196,3.493427566838657,3.3853517138619966,0.22842649010941807,0.21795773840504787
2023,1,0,13,172586.83333333334,129486.70893344293,17.139399394121412,57.699237583026076,11.771333521135942,11.51978267856727,4.055243959961003,3.827169782616143,0.5012653948372063,0.46589660996103677
2023,1,0,14,278150.6666666667,62421.933026047765,16.70960342835777,28.21279705211074,11.041671983401146,10.89767517657561,3.3397756711838635,3.1959562951943177,0.3065581782422969,0.3119415606318209
2023,1,0,15,379333.5,231945.29279398423,18.869082219208163,94.39393055995643,12.354256815919141,12.066777246388659,4.5474767761687325,4.286740375790372,0.5895216543054096,0.5410976456329164
2023,1,0,16,743495.0,88951.46313360179,15.930105784168017,40.29195007046628,11.39584614190307,11.111497886566351,3.696151698887427,3.426544093907728,0.5724370477322579,0.549190335379069
2023,1,0,17,298858.3333333333,96994.38330812663,14.883450910409056,42.25538633728947,11.482408351769084,11.194982682943987,3.7437318329504947,3.4731642693559834,0.45879777031586755,0.44463215013536567
2023,1,0,18,388309.5,75856.1807869765,13.950990983566802,34.56354301645639,11.236594468430777,11.10860888830232,3.5427994565185403,3.4194203050504104,0.2661970143862208,0.25941653379413915
2023,1,0,19,40567.833333333336,71468.41690646534,14.076916440365313,32.24640188868478,11.177010909506482,11.051945638343245,3.473406467674352,3.360135929192662,0.2463533654857104,0.23107430827340056
2023,1,0,20,1150118.1666666667,146883.44021406324,15.96965384281528,67.83199031296131,11.897394627516734,11.683844348190757,4.217033917192418,4.007017668342291,0.43184188735844287,0.42806750607219085
2023,1,0,21,3187490.0,106806.71525839514,14.363221008797938,46.331442974403565,11.578776080482823,11.215427252722629,3.8358208445166833,3.497431173968579,0.6935570324459382,0.644817276835065
2023,1,0,22,70961.66666666667,63921.16580824512,15.188843741926393,29.504614697194118,11.065405818825855,10.884310390897502,3.3845466815251726,3.2240106801329396,0.32939957668877723,0.30630725855661617
2023,1,0,23,104831.66666666667,58772.57967986612,14.359916691839297,27.378051519396443,10.98143069314508,10.74351027640585,3.309741652952412,3.0954157280377186,0.4320326846046181,0.39532282474033
2023,1,0,24,51860.833333333336,64693.530552916454,15.181925987819968,30.702322681132873,11.077416484035362,10.89591499913273,3.424338309097169,3.245410269180155,0.3301151106729273,0.32383674617394864
2023,1,0,25,100815.0,67032.99063470028,14.348479888905421,31.0525279679622,11.112940174718059,10.930591233904732,3.435680221102812,3.270664437380257,0.31066725799919087,0.2869799454178655
2023,1,0,26,10448.833333333334,53380.263179286594,13.35495190850653,25.042646449738218,10.885196353243975,10.8173947467413,3.22058022953453,3.1556589022322923,0.14268623606297454,0.1347781989370524
2023,1,0,27,4665.666666666667,72458.99695653793,14.368650425091088,33.526680796583896,11.19077612163366,11.036412957277738,3.512341563528709,3.3746837307871607,0.29982345208549654,0.2769678156528926
2023,1,0,28,254249.83333333334,55938.56324703711,13.732605527765012,25.16452006670114,10.932009282604827,10.79587443061532,3.2254350685861444,3.103084618162292,0.3079927485524263,0.27810753910663655
2023,1,0,29,751276.1666666666,57636.125699661185,13.434489358884226,26.3732608825355,10.961904832373154,10.780069097621485,3.272350651519299,3.1104075606400836,0.3482955932294001,0.3097913316441693
2023,1,0,30,512606.0,70887.89891425298,14.505103984996923,32.64213176431303,11.168855019733753,10.962744531470534,3.4856038393698583,3.2994682571763945,0.3882311041459419,0.3522474094468776
2023,1,0,31,239738.16666666666,73994.8459354872,14.742614338281557,33.60542540521478,11.211750720240223,10.960981935894631,3.5146875243275146,3.293158222727748,0.4356827728622936,0.3979643250190923
2023,1,0,32,36320.166666666664,35529.9845455275,12.88305395074362,17.257139947860733,10.478132254045304,10.347360816601773,2.848225967861158,2.724584231755129,0.2758608074607043,0.27116110808880295
2023,1,0,33,279857.0,93566.0740741486,13.982279044893165,34.87109790974626,11.446423140289689,11.3304049445184,3.5516583459890323,3.4192743939483274,0.25100000048503185,0.2851922431257194
2023,1,0,34,739876.6666666666,89877.7238181815,14.358767001707491,39.80345672588919,11.406205401303263,11.292370426498369,3.6839537609282162,3.5702123835162314,0.24420125035403678,0.24632844142879357
2023,1,0,35,242253.33333333334,57518.19448547789,13.636749408332873,26.432227086662646,10.959856602567744,10.756589939083684,3.2745839886554244,3.088105906636906,0.38096472957370087,0.3528229988419643
2023,1,0,36,927147.1666666666,42824.4117896399,13.361784168388946,20.259000891086067,10.664863587888181,10.485470775368574,3.008599183245515,2.8510448359326657,0.34666498754735303,0.3100943790587428
2023,1,0,37,186584.5,52008.91580850923,14.148794067388591,24.24746169318948,10.859170440722293,10.618255984258864,3.1883119394591546,2.9575700739644954,0.39394894187989055,0.38248086400919357
2023,1,0,38,556941.6666666666,50444.948063047814,12.689901096763576,23.408671790822964,10.828637883266131,10.66287429022697,3.153106543063791,2.9992079882141613,0.3221136337347892,0.29954195244167753
2023,1,0,39,271091.6666666667,59496.27657135599,14.60823337739387,28.10755693183964,10.993669010942924,10.767495359063359,3.336038470143227,3.121103185180284,0.4553951403237396,0.43248701744197104
2023,1,0,40,215249.5,84119.9841882303,13.274500831205957,31.139254097808916,11.33999944184979,10.932377148732797,3.438469212933643,3.0279176797867935,0.7919083230605588,0.822458917875664
2023,1,0,41,192390.5,46489.81765901185,11.292685103127928,19.765937480110185,10.746988592521891,10.540415890419249,2.9839601269473803,2.78766773148575,0.3826842585935802,0.36816930398815884
2023,1,0,42,521567.1666666667,50155.03573811211,12.168747841041885,22.716849141547456,10.822874201870658,10.602111103952426,3.123106902085492,2.919115118026673,0.40926519405472583,0.3830570375702584
2023,1,0,43,63473.5,65775.9837156573,12.31638400277281,27.445148647664546,11.094010061564918,10.82299411730086,3.3121894181892086,3.061504421468194,0.4911749618476052,0.4632738980875818
2023,1,0,44,1088807.5,66048.04995420485,12.56794398152719,29.30665367244136,11.098137785732726,10.957677956810338,3.3778145780391244,3.2437800776545482,0.3107244532087199,0.2993035591474027
2023,1,0,45,457343.3333333333,68139.82170561391,12.859392287340656,31.202836681578187,11.129317074622364,10.9879582337869,3.4405090099638813,3.30467798703605,0.2910166779043355,0.2827486456987731
2023,1,0,46,536501.5,66797.61886206082,12.692293187126845,30.137273809557772,11.10942271311188,10.965786130801524,3.4057627381969273,3.2688185840540567,0.2982674298176123,0.2853916873658482
2023,1,0,47,3209716.8333333335,65692.59599773861,12.042256687129358,29.772864306416206,11.092741504023898,10.904411490464357,3.393597384924598,3.2163863957917926,0.3834121000826598,0.36461125628107505
2023,1,0,48,78600.0,80368.90559971593,12.248748939779473,30.350297718584727,11.29438263408924,11.14851979446141,3.412806326965952,3.2607988795774685,0.33568874532623577,0.3508308974029085
2023,1,0,49,306495.8333333333,78414.15423477495,12.917222909501218,34.0840210852645,11.269759728752211,11.14074412516335,3.528828684591985,3.402144919445467,0.26933344141463095,0.26309686065275456
2023,1,0,50,179852.5,64646.572823539005,12.63932203703961,28.751122691329865,11.07669037155803,10.970797805878222,3.3586768166141354,3.2589657540617627,0.21479584214480602,0.2045191267387371
2023,1,0,51,22548.166666666668,54357.89300384391,12.13368418718447,25.10584725884182,10.903345107466869,10.734600696166341,3.22310077752671,3.0587818283736334,0.3163342556356447,0.3109159128138954
2023,1,0,52,12704.333333333334,54834.644254951374,12.275129221000709,25.691977463695995,10.912077467618808,10.7093012624085,3.246178782223123,3.0463791255949673,0.391904242015456,0.3950407268070127
2023,1,0,53,103675.5,56330.478433553755,14.052815435340719,26.672574393577086,10.93899102525858,10.773907594103925,3.283635861228604,3.1318958717231307,0.28386509734842447,0.2663145044266092
2023,1,0,54,104411.0,45273.66599995038,12.294490044152436,21.027305935189013,10.720480817932117,10.58510615865118,3.045821875716112,2.9199083153257073,0.25387166876416184,0.2346577349695628
2023,1,0,55,140590.5,84349.75598876875,13.109477525152837,37.398382958516265,11.342727195127829,11.201147553574993,3.6216274670824578,3.487588944609289,0.30194970739472093,0.2917460698729958
2023,1,0,56,49836.0,52187.152084699715,12.05005083340022,23.72433263578619,10.862591614930505,10.757795545674842,3.1665012149448777,3.0687435755379,0.22232213051757435,0.2144542083713331
2023,1,0,57,13579.833333333334,57699.37597879197,12.30314559579769,25.713669404544987,10.963001637512093,10.849129791064492,3.247022733946641,3.1406410260695785,0.22298181195481548,0.2109996605527299
2023,1,0,58,146222.66666666666,54606.64668772672,12.191089844711719,24.459619207066595,10.907910888531438,10.789830503726247,3.197023562152014,3.087327607343179,0.24467954337861245,0.2296191421881556
2023,1,0,59,43868.833333333336,52262.76427788662,13.053466204176846,24.70037174935431,10.864039432392271,10.75368284068485,3.2068182941018186,3.0976780928854266,0.2064715340295443,0.20349459197297073
2023,1,0,60,29749.0,43106.04966712098,12.056405257319573,20.061619867930432,10.671418629748091,10.546847190838362,2.998808530416684,2.8858394312945226,0.2672024307142971,0.25081837050555794
2023,1,0,61,648176.0,60546.43446673906,12.51521963170497,27.08531735074295,11.011165861479263,10.846451847441932,3.2989917858860776,3.1486734171116586,0.3201801417926244,0.2937509778977998
2023,1,0,62,531951.6666666666,56072.67757519871,12.283030726475777,25.26891660416288,10.934403942127672,10.806045728130213,3.2295750476738703,3.1111800298528993,0.26111415862999426,0.24578321160775138
2023,1,0,63,227328.66666666666,67686.93366031827,13.227548659356644,30.05408122070285,11.122648436732435,10.976558912966151,3.402998466092159,3.263460293552293,0.3047951592403491,0.28847323085549875
2023,1,0,64,1730141.6666666667,61547.30069256223,12.509696604805963,25.742389072144427,11.027561275127965,10.855884853940902,3.2481390134065107,3.0974822840282217,0.3450149123566352,0.3055089736330372
2023,1,0,65,347841.3333333333,75728.30357641753,12.294344931213848,31.720277287443768,11.234907260911731,11.085166695005837,3.45695613845113,3.3157561512226508,0.3169137223932726,0.2988773272026813
2023,1,0,66,808038.6666666666,47227.79390176309,12.685626430418345,21.96117216499699,10.762737852118162,10.603952168661483,3.0892759924935436,2.9437373037950967,0.3138856533474723,0.288136856217133
2023,2,0,0,11010997.166666666,,15.360339071924503,,,,,,,
2023,2,0,1,4337469.666666667,101687.11002436913,15.906281765351826,45.55220083852232,11.52965582891403,11.300474094052705,3.8188589395205685,3.6063977107385212,0.45438234260390625,0.42787466325280343
2023,2,0,2,2346016.1666666665,88541.79384094095,15.80150477792246,40.749914771140126,11.391229966312892,11.1841686796358,3.7074537481789207,3.5197938970611458,0.38393579075417106,0.3553188221637944
2023,2,0,3,41999.666666666664,101516.26815815186,17.70455321073977,47.80899327611512,11.52797434204114,11.352095447698483,3.867213765652356,3.695340510193404,0.35747288960607365,0.35278221168623014
2023,2,0,4,192681.16666666666,109320.11147493777,16.888175370884717,50.97649010942399,11.602035659753685,11.494605375802482,3.9313645481946016,3.8263422185638407,0.23322006039002574,0.2323065284843226
2023,2,0,5,519912.0,88663.54359791982,15.913662953217724,41.61180319420333,11.392604075895544,11.239726058706243,3.7283838576531823,3.583120229583101,0.3160495013838712,0.30289901751072146
2023,2,0,6,224889.66666666666,93346.06698540025,17.933703786597576,43.70641008200287,11.444069016163711,11.298086089535735,3.7774947751432206,3.6370829012157015,0.2832501513605336,0.2747923427441136
2023,2,0,7,298117.6666666667,210522.33793704226,19.708574802119518,91.62322666623206,12.257347044940166,11.935712661957133,4.517684805762843,4.174307087534015,0.7086346575005777,0.7824326927710802
2023,2,0,8,1803493.8333333333,89613.61031926966,17.079436090854394,44.24358382046909,11.403262488311956,11.293441835905965,3.789710362533175,3.682372325208006,0.24084060252139075,0.23832806815142768
2023,2,0,9,646930.8333333334,80875.08023981875,18.8259301290581,39.9441715831101,11.300661023948846,11.178976873403599,3.687482768780663,3.569724645609936,0.2590574641617577,0.2537047356798527
2023,2,0,10,285206.8333333333,82104.64622940503,19.38657266860717,37.396014276168735,11.31574988615842,11.162005806471276,3.6215641285855673,3.47403532234916,0.33249000780134175,0.3199759586398274
2023,2,0,11,3472767.8333333335,58420.135674704914,17.4629639077034,27.581255096275154,10.975415898340694,10.84464983757446,3.317136378808879,3.189187735779995,0.2931868401553086,0.2793276536634485
2023,2,0,12,113997.16666666667,61245.05642891834,18.37109694246787,29.818091313818712,11.022638413785037,10.921636784996613,3.3951153003738677,3.3000248255187183,0.22716839830845215,0.2117211092622549
2023,2,0,13,296238.0,101341.93234756323,17.957889714801386,47.18017389751847,11.526255546813012,11.328704806555363,3.8539737598039885,3.669704778764505,0.3947125627788994,0.37203755516453896
2023,2,0,14,469135.8333333333,59524.25392244347,17.584628474695496,28.787243005355197,10.994139137424241,10.870340966803472,3.359932337807092,3.238421245826384,0.27050112360253004,0.26527036794367465
2023,2,0,15,293118.6666666667,185806.24648116407,18.977526735474594,78.63881090020088,12.132459724178695,11.856521834312282,4.364865354923483,4.121567935081261,0.5347480069142876,0.4806938373771219
2023,2,0,16,689241.5,75364.18977281442,17.05638734754074,35.43198317958485,11.230087504477817,10.972954996091529,3.567614891896943,3.3243391601042194,0.5455594680608705,0.5213219338412531
2023,2,0,17,753322.6666666666,65832.95162418466,14.985374571675353,31.909403308945777,11.094875776524743,10.94871559770252,3.4629007409284127,3.323044907995537,0.2688728999078823,0.26667848954104106
2023,2,0,18,113651.0,63863.046860099596,15.266579264590721,30.22743359578557,11.064496176688703,10.93479168338441,3.4087499092492153,3.2859140882829134,0.26240044210017327,0.2536616094267083
2023,2,0,19,20381.166666666668,59365.71439780309,14.63184148764791,27.985778402645494,10.991472140017262,10.880439304230629,3.331696466951865,3.224139495884186,0.23998382758831327,0.23434093481562407
2023,2,0,20,413432.0,88688.29898618035,15.532632532879248,42.1851673342768,11.392883242867375,11.199079287879094,3.742068674286902,3.55532198798463,0.3859905392183381,0.37294461219574265
2023,2,0,21,2361387.1666666665,72481.65350030524,14.793042055859399,33.33914001306513,11.191088753650702,10.85671411866702,3.5067320825408093,3.203159624899404,0.6301389666994406,0.5727551436505787
2023,2,0,22,917887.5,50993.88417009619,14.627632108146877,24.7054525270152,10.839460986282289,10.705945376232048,3.2070239693538043,3.0811709120339676,0.26475611440620056,0.2514865512209074
2023,2,0,23,505575.0,40753.35142302815,14.134831957012643,20.011576231162753,10.61529335879709,10.485210158898802,2.996310917665329,2.8753924031404234,0.24090728698674232,0.22603172249087547
2023,2,0,24,154463.33333333334,52398.2614744365,15.268279419063855,25.158842684643485,10.866628691789963,10.707546736016694,3.2252094325486724,3.081680884455247,0.2995052394438499,0.2762341537574966
2023,2,0,25,602157.5,51050.92274940893,14.058550019443972,24.658247054382247,10.840578898834133,10.722899876620472,3.205111410634641,3.092430592410312,0.22606922384453376,0.21498356460013227
2023,2,0,26,8446.0,44873.569202953535,13.506314626253058,21.592151904317884,10.711604241225526,10.601342618110055,3.0723299109039006,2.96880524581036,0.27955330880009654,0.2637129738363392
2023,2,0,27,11572.333333333334,47466.03409091099,14.348417201947171,22.874877517803018,10.767769662466675,10.577168601436545,3.130039256734267,2.9584020836486355,0.3720154878957177,0.33582704374079725
2023,2,0,28,129479.33333333333,49748.979206566786,14.150103748860822,23.020371728873094,10.814745223915263,10.652703612506237,3.1363795512464634,2.986373924385805,0.39348655909251334,0.36106680245153444
2023,2,0,29,465333.1666666667,49291.15583023254,13.731161794828722,23.257518097039277,10.805499949013297,10.645259967696942,3.1466284387765495,3.004300169439793,0.3053017209512665,0.2711013007725199
2023,2,0,30,970098.6666666666,53740.08247706182,14.206595480322278,25.64541127101313,10.891914416910803,10.735166513212125,3.244364657796403,3.0999536836865262,0.29787970787875073,0.27484541886438574
2023,2,0,31,792210.6666666666,49330.82008555386,14.526834192251894,23.850400987374492,10.806304318568696,10.670298894917082,3.1718010300808346,3.045440784751659,0.2610715241621268,0.24531505412272717
2023,2,0,32,273590.5,30103.20305662551,12.923842994061076,15.288572660032338,10.312386858916796,10.152472595875327,2.7271056643756495,2.575772610091529,0.2963668907369053,0.2873616562263676
2023,2,0,33,14657.833333333334,78842.35306986824,15.022161074283375,31.333693048131206,11.275205606963688,11.144044106918022,3.444693973795503,3.306848464648576,0.32155364771206446,0.3217679367605324
2023,2,0,34,156225.16666666666,75672.89329547383,14.909294383854075,34.575417522745376,11.234175294658327,11.10725704766236,3.5431429533346086,3.4151696804112626,0.25683366024862314,0.2604408002556534
2023,2,0,35,77538.0,52026.717451172095,14.21201647364303,24.597218937883238,10.859512662752934,10.65053223904753,3.202633385241977,3.002891463837428,0.41748088480044865,0.38852518790683105
2023,2,0,36,1020758.6666666666,33751.08051737996,14.281289472274871,17.193086082592615,10.426767711117973,10.258753520214553,2.8445073310647393,2.688309773572465,0.3360126396159382,0.31552942582184323
2023,2,0,37,1126128.6666666667,40142.25465938279,13.950422775846217,19.642646873735227,10.600184790662814,10.464217235601962,2.977703063384175,2.847122044074645,0.2663182648075833,0.2574713238615633
2023,2,0,38,254911.0,35573.033404281145,13.136193939584142,17.472484524551977,10.47934314115685,10.322640515160757,2.86062733066562,2.711647837731189,0.3058606103782998,0.2889559384699445
2023,2,0,39,914521.3333333334,45601.9026656698,15.080102377783058,22.510181729033576,10.727704719756346,10.515322721779528,3.1139677281438742,2.9081044398950464,0.44187752025169136,0.43376265249665075
2023,2,0,40,37139.333333333336,60134.9833026289,15.215773034877666,24.966407974781678,11.004347036079906,10.58096273019961,3.217531240310663,2.795888888190607,0.8696838690018863,0.8959401570208217
2023,2,0,41,75702.5,37674.58689566534,12.661448873330912,17.214581734783174,10.536741058488737,10.295521271053486,2.845756799939014,2.628235329107917,0.4554294296179479,0.4412728378144702
2023,2,0,42,141834.83333333334,41627.37385095778,14.339869496092284,19.987203870043743,10.636513255109067,10.422789019200515,2.995092262292657,2.7968197644756128,0.4121654566796581,0.3936463036968896
2023,2,0,43,7020.666666666667,58621.21935574706,13.281454752635078,26.748035352587905,10.978852015067773,10.784460300907458,3.286461025881748,3.103097361454607,0.34839828542760054,0.3284566697137339
2023,2,0,44,34097.166666666664,58098.396398191115,13.363006701436582,26.34820253794135,10.969893341739494,10.830044712272018,3.2714000577817446,3.1409716013685767,0.290357766353084,0.27108644034266066
2023,2,0,45,16049.5,54794.172964013436,14.189870920174046,26.10310198985884,10.9113391345089,10.791561503048285,3.2620541574526865,3.144314135947381,0.2689404916623477,0.26035688074013263
2023,2,0,46,31045.333333333332,51402.722582319984,14.126331386359734,24.44060964613222,10.847446418568099,10.67880060092731,3.1962460785967113,3.0370030469162552,0.35330432459796796,0.3334145534959647
2023,2,0,47,111722.66666666667,50427.99889860134,13.081800768569792,23.66897179746954,10.828301833510146,10.591798958234687,3.1641649835232233,2.9405904258884816,0.48858418779759977,0.4646155362957053
2023,2,0,48,3062.8333333333335,72908.46276253946,13.571638461119877,32.829899107741944,11.196959998536776,11.025301208955941,3.4913396583361305,3.3179576290741326,0.4104229286097861,0.4612620394338082
2023,2,0,49,77830.66666666667,62202.69684773807,13.263075394446062,28.005653050738147,11.03815363546803,10.86811933944586,3.3324063844664376,3.1714551434598,0.3448197259688605,0.3251927318304029
2023,2,0,50,9132.5,50515.81749896759,12.996222283055022,22.987413176539537,10.830041784022335,10.660375378247155,3.1349468129375335,2.9879901112842875,0.310661082629794,0.27634333802656164
2023,2,0,51,2295.5,40863.38736136941,14.236404559645685,20.353857284206267,10.617989766584248,10.470973226274985,3.0132704410622586,2.822758010046383,0.3248971222476307,0.3504801852633308
2023,2,0,52,14386.0,42751.44507864121,14.68575930302609,19.732295258642235,10.663158276802749,10.383028544565288,2.9822566467017784,2.725010541553127,0.6299967476696737,0.6250276629742394
2023,2,0,53,343680.1666666667,45508.79593431875,14.303694180781452,22.599860417261084,10.725660903493447,10.617015855475108,3.1179437300317816,3.0124420174413147,0.21117529116532777,0.20520652860349145
2023,2,0,54,80309.0,33936.240124376774,13.6965221830679,16.515206559469338,10.432238752580254,10.310604963460387,2.8042815661499034,2.691074736013499,0.27528772625039316,0.25897787463396016
2023,2,0,55,7851.0,82856.93710342572,14.19831868551777,37.46631907488058,11.324870750229689,11.131308214677276,3.6234423713876076,3.44158988187072,0.3874170093943995,0.3648160632891595
2023,2,0,56,9094.0,42872.68377680733,12.254673411040246,20.174739232811643,10.66599016031059,10.582206832240828,3.004431288809117,2.9206971994966313,0.18708090566835592,0.1854960215014993
2023,2,0,57,2612.0,38916.61583750976,12.390505359877489,17.183023569124494,10.569176580759649,10.487398211219801,2.8439218946173073,2.773554812684254,0.18197833717918802,0.15151791042265333
2023,2,0,58,32228.333333333332,42519.62935956227,12.232155970419404,19.91537084551027,10.657721115568464,10.539234191501777,2.9914918378767648,2.8753604907766697,0.22108351706050317,0.21107051249974537
2023,2,0,59,15018.666666666666,40027.37824715985,13.691961115056818,19.090073319439533,10.59731895514177,10.468130104519194,2.949168478455243,2.840013383776144,0.3000309090004774,0.26385536004940724
2023,2,0,60,51408.666666666664,37198.78722720029,12.22127916174964,18.411024193887492,10.524031438310454,10.280685387510273,2.912949626173793,2.68152919209146,0.36517293702903525,0.3462144983312787
2023,2,0,61,218719.16666666666,44328.20785754284,12.508252972799976,20.81361539177291,10.699376499616296,10.54158081488745,3.0356073587021384,2.890663800441789,0.29009868177050324,0.26640683862716275
2023,2,0,62,133819.0,41692.85371569588,12.336611393000993,19.493539411165916,10.638085019376419,10.520412229471354,2.970083098425771,2.861335372223398,0.24394421481099077,0.23128814135416093
2023,2,0,63,116065.33333333333,49741.255650674,13.304228078438582,23.09824693149246,10.81458996132252,10.685328300010026,3.139756724236343,3.018865216332462,0.26193110753123233,0.24291705211807157
2023,2,0,64,236095.66666666666,42497.14856719451,13.859696704866813,19.835867063299744,10.657192260125104,10.480970613958933,2.9874917668147423,2.829493192860968,0.36154633082932036,0.3233120007491389
2023,2,0,65,11652.0,67572.91953642824,13.999313422588397,30.820349169537067,11.120962583196464,10.87480523364147,3.428175159144376,3.1976618580465255,0.49702837306191533,0.46091391089158906
2023,2,0,66,265181.1666666667,36908.58169971703,12.967409073168216,17.995636306709965,10.516199369377244,10.392318029668225,2.8901293011008895,2.774387980911552,0.25443523774301036,0.23749764835141524
2023,3,0,0,1956721.5,,12.941507005468075,,,,,,,
2023,3,0,1,518070.8333333333,99474.53146318362,15.271003160764696,43.75149672906064,11.507656925187868,11.270780999880742,3.7785258231684,3.5542492464757576,0.4713412370542242,0.46060690485953576
2023,3,0,2,258533.83333333334,88872.65815918529,15.645598931925736,40.4674734125714,11.394959816932053,11.185791300175497,3.7004985258188166,3.506448181320029,0.4137332064367017,0.39456592581173777
2023,3,0,3,5528.0,111312.24458709979,16.895200192957066,50.942469118915206,11.620094545472169,11.46025726952087,3.930696939497849,3.7660905305687407,0.3284598635291679,0.3409698005516698
2023,3,0,4,88408.66666666667,106027.25496993952,16.15714522708935,49.0466746014862,11.571451462401836,11.443068624985818,3.892772387617011,3.7631831058870926,0.2745738326372964,0.28122678854060645
2023,3,0,5,205611.0,88775.07978662751,15.264685903640046,41.74470512476115,11.39386125656197,11.230728089164534,3.731572619895088,3.568773467254463,0.3462707239802237,0.3501635596115242
2023,3,0,6,15893.0,93133.39917710915,17.784391451162985,42.829995656410645,11.44178814412063,11.267776082286208,3.757238690212627,3.5924761995509655,0.34352557630496694,0.3479771855961335
2023,3,0,7,22483.666666666668,249179.0964835475,19.105899097122354,97.42156589484247,12.425927179887324,12.015737133962919,4.579047601897774,4.171461918899252,0.965875656190286,0.9758285801092497
2023,3,0,8,54275.166666666664,103842.04127883493,16.626191843415192,48.07640936665631,11.550626189668767,11.385640693702607,3.872791607044229,3.711720255228067,0.3611063363588834,0.363521643862505
2023,3,0,9,19378.833333333332,91488.66448568998,16.67922905575671,41.77339720443223,11.423970358186887,11.235458808779507,3.732259706406866,3.56315638614614,0.31071403659437336,0.2947004166683503
2023,3,0,10,25723.333333333332,88630.46137552154,19.298937410910977,39.727175636641796,11.392230885354927,11.204491390786425,3.682035478365308,3.513851979818861,0.3477898560164048,0.3214177663832515
2023,3,0,11,170783.66666666666,59233.95025864776,16.56444507769088,27.720706633104005,10.989250140591714,10.84580265734902,3.3221796658115106,3.1792695159597044,0.3193678784853556,0.3194441732390729
2023,3,0,12,4803.166666666667,73700.96392990153,17.211076026232693,35.59248889344698,11.207771157195038,11.103423069687786,3.5721346294581484,3.4662158120489677,0.17508130686044845,0.19142134627643134
2023,3,0,13,14876.833333333334,107458.5998980017,17.055668208960242,49.30380592491098,11.58486093514528,11.353322467128244,3.898001277357188,3.663157213037165,0.40492116899223596,0.44080222037429834
2023,3,0,14,55501.666666666664,56185.778648546155,16.35408546289901,26.09727947458822,10.936418954901239,10.764685589099626,3.261831074205728,3.0920657656252204,0.34368310391454654,0.3452515075635685
2023,3,0,15,23620.166666666668,172159.43589541083,18.212600814275937,72.52801491581721,12.056176279320372,11.796861575869944,4.283972899854456,4.041329778078972,0.5361726524360947,0.5127417563423934
2023,3,0,16,86586.83333333333,79532.6139780093,15.525108705904094,35.31555876714249,11.283922455234626,10.978776700855766,3.5643236251098456,3.272197640631184,0.6102683469195581,0.597455217660699
2023,3,0,17,55329.5,88711.9794737499,14.402696572352903,39.16735379773796,11.393150215252264,11.083871788655928,3.6678435885342466,3.388259452458109,0.5222543547718338,0.4953813896439557
2023,3,0,18,45306.0,70104.29029925287,13.929486896511133,32.17551533241912,11.157739273706984,11.014054631729666,3.4712057699015295,3.3294572993381,0.28877704760290257,0.28514839129876357
2023,3,0,19,4323.0,67372.65653083108,13.696429948338345,30.324711394590725,11.117994525132623,10.996322536680005,3.411962937706202,3.2970244392610417,0.23976687085777465,0.22288492400726306
2023,3,0,20,103736.0,114117.63908108653,15.827674738438601,53.455160042098534,11.644985117075288,11.459114165128188,3.978843172420359,3.792917715547588,0.4237566752482183,0.4236488428154029
2023,3,0,21,349524.0,66704.56575387447,14.0866321053776,30.178745299115622,11.108028681643054,10.816651616628421,3.4071378785561865,3.1356615421622367,0.545078444905902,0.5090254168342861
2023,3,0,22,13634.833333333334,66474.98574112769,14.703785647055946,32.27447808669404,11.104581001611425,10.843075288618044,3.474276765779154,3.215191102050979,0.4479865539135409,0.43510358960613676
2023,3,0,23,29429.166666666668,46689.0396625365,14.05460569163245,21.987193921752876,10.751264719377707,10.601042130168725,3.090460189409781,2.944459791638218,0.3091932737305097,0.2965705885562427
2023,3,0,24,12943.0,57919.73891437334,14.650699219655412,27.611472470765193,10.966813519355608,10.83931175012842,3.318231355587205,3.1908336287090577,0.2561613887684213,0.24977653860834376
2023,3,0,25,20967.333333333332,53816.82103046117,14.1168643286382,25.840294792002165,10.893341355841132,10.771455614667651,3.251935087208543,3.1333157527614284,0.2743739198962688,0.2643215258394386
2023,3,0,26,5997.0,50494.49821788278,13.783891945972986,23.95023065061224,10.829619663147845,10.718539849143518,3.1759779543162816,3.079620612694053,0.2524152427278365,0.22378681192698982
2023,3,0,27,1304.3333333333333,45830.55248334087,14.438538205980068,21.484809622817306,10.732706232489223,10.683778623307203,3.0673461562529694,3.0226847122954985,0.10046745902283832,0.08928725686105887
2023,3,0,28,92936.5,53042.96043984133,13.289927351829833,23.987407262819698,10.878857438532926,10.726400508632212,3.1775289952635912,3.034209245333749,0.3362364707402058,0.31607525549512866
2023,3,0,29,181665.66666666666,45468.131571504724,13.22052781941919,21.47293239227354,10.724766954518978,10.552591905028159,3.0667931834806925,2.904164548077732,0.3324634040565448,0.31108983560923503
2023,3,0,30,117977.83333333333,53819.09414632983,14.233611681290412,25.451513838397215,10.893383592967378,10.707871562645364,3.236775224072182,3.068997871772211,0.3642975674711825,0.32829790180714785
2023,3,0,31,51183.166666666664,59474.076587633856,14.342026512622967,28.18888636049975,10.993295808991508,10.786288464439387,3.338927799574483,3.1411681290523874,0.386814021084205,0.3827086252514312
2023,3,0,32,19196.5,34966.052056709144,12.104914958455968,17.067705975542903,10.462132928537278,10.355985950483129,2.8371881385276723,2.7315464950403947,0.21288411724774467,0.21245649707145425
2023,3,0,33,22139.5,82662.51093094853,13.819929688264564,32.55928399159649,11.32252146421879,11.190086542073285,3.483062550462463,3.3158119737062157,0.2649394613971604,0.3368115062345549
2023,3,0,34,120128.5,79809.98200918059,14.327579772216142,35.02791510662084,11.287403863449413,11.12635760928912,3.5561453180707914,3.3922605233150724,0.3478366577651319,0.35461225106251393
2023,3,0,35,136575.66666666666,49715.000651439084,13.265366939449926,23.386280335334206,10.814061990517645,10.630731495061672,3.1521495399606643,2.973585197667709,0.3581266602357625,0.34951150777732826
2023,3,0,36,229893.83333333334,35033.772853089584,13.302608522919636,16.93661112024437,10.464067813877215,10.291372028146034,2.8294776172772247,2.6724705961235062,0.36160057580137134,0.33389369627271814
2023,3,0,37,112415.0,46948.0123397415,13.714299693101454,21.61191901051353,10.756796148058472,10.552755106726966,3.0732449685434418,2.8729544114478283,0.3666972756030644,0.36307259236088457
2023,3,0,38,144188.66666666666,40467.00857950498,12.833040507113367,19.21374098345761,10.608242318150147,10.455654864723929,2.9556256992813816,2.8086544225422485,0.31690283804531344,0.3027517611824731
2023,3,0,39,89947.33333333333,51266.17262151952,14.156387812127097,23.95631423946755,10.844786410567735,10.619344696892757,3.1762319316758245,2.9643045571514546,0.45059861960869463,0.43620770382693086
2023,3,0,40,3710.3333333333335,45695.58922537745,12.340221004402121,20.790385745312737,10.729757056368268,10.522998335714654,3.034490656065888,2.7948317077965306,0.4300769738575864,0.46456023427320015
2023,3,0,41,9296.5,35069.12213181823,12.631743129134621,15.874317505271556,10.465076310936638,10.293455858496522,2.764702552060664,2.585785980090615,0.39543563181931113,0.3969804639037605
2023,3,0,42,55929.5,40559.857363101706,12.865869830173104,18.74458288872982,10.610534121570067,10.39682229107369,2.9309047980720577,2.7369558918995116,0.41966696275429705,0.3873313777143092
2023,3,0,43,3814.3333333333335,55606.088686141,11.87494538145591,23.49421060173233,10.926047982986573,10.81192853077844,3.1567540334260586,3.0471455772927425,0.26485177204000515,0.23700812997299886
2023,3,0,44,107078.16666666667,58226.43930653841,12.871652951348624,26.40609603331416,10.972094814181466,10.823310835982987,3.2735948938493875,3.128081394913299,0.3234266019287935,0.31650576943481
2023,3,0,45,61900.0,60478.22466983066,13.294001077005923,28.136667205755263,11.010038656418455,10.875254006736746,3.3370736084871657,3.2037627169987877,0.27571662648133577,0.2729119365523259
2023,3,0,46,58820.666666666664,56813.50315519451,12.79084448776507,26.126927938709976,10.9475293080611,10.795251205795486,3.2629665042591656,3.1193460139630678,0.3057734762947647,0.2903531806824822
2023,3,0,47,234773.66666666666,57362.20877957091,12.603251926323367,26.145101519117148,10.957140981846809,10.788080007808386,3.2636618505592008,3.1013451348720134,0.3663688852041359,0.354230060836681
2023,3,0,48,5363.333333333333,75912.57584322653,12.203542573026725,27.493927700093305,11.237337639292788,11.126481355697347,3.3139651693845105,3.2181353175849408,0.22293005655507936,0.20479364644181025
2023,3,0,49,52279.833333333336,66668.12882373926,13.141357884971578,29.658649956665588,11.107482288977643,10.983981577580245,3.3897538183665454,3.2667900763927373,0.27839541945340934,0.2744212781609912
2023,3,0,50,10846.833333333334,58694.95488861799,12.996850079132157,26.619514271001346,10.9801090547395,10.836449964325055,3.2816445660311953,3.153719418989408,0.2690788389962334,0.24940512218784464
2023,3,0,51,1073.1666666666667,50286.09515615181,12.075477558627115,24.752029904001475,10.825483879624256,10.741603882403473,3.2089075019748363,3.128068299711721,0.20513264965869193,0.19480168839277187
2023,3,0,52,1256.3333333333333,51306.83756594287,12.254709472008491,24.10342484985532,10.845579308162913,10.51032049251893,3.1823539403524492,2.917525418417933,0.3448390404012637,0.29999440451782816
2023,3,0,53,22974.0,53803.097784589394,13.83340587910972,25.514829218569687,10.89308632413144,10.699873673445635,3.2392598211198202,3.0455193242992813,0.3834062053590264,0.37900224059995896
2023,3,0,54,19458.833333333332,42514.25358521135,12.07386533964866,20.185843307676457,10.65759467716128,10.537747367215758,3.004981532360921,2.8851142590032084,0.2671888528530536,0.2695658996402791
2023,3,0,55,15478.0,74905.98560187346,13.096007236077012,33.68365460326259,11.22398908089006,11.007440842309267,3.517012693085443,3.3011897437372086,0.46270924507655103,0.4681267958714243
2023,3,0,56,5773.5,48425.329325412014,12.178112641090037,22.529426009726,10.787778288983347,10.724669844534436,3.114822277409718,3.0480283853563077,0.15508340647998103,0.15858071346974623
2023,3,0,57,2639.3333333333335,65717.65010973274,12.180980045466026,30.745217707667486,11.093122815421447,10.866665829649973,3.4257344604559026,3.1854018016920453,0.39273624090207626,0.4054327822070698
2023,3,0,58,31823.166666666668,52418.85837916417,12.531876672654617,23.565070268896676,10.867021698295419,10.737254039246828,3.159765542289206,3.037657698713484,0.2633559990907281,0.2508077766471568
2023,3,0,59,4871.0,51721.93098305749,12.664887429001574,24.160084281061632,10.853637167514785,10.728737924087296,3.1847018615150673,3.0747481499490505,0.26528971596615514,0.2413239306842653
2023,3,0,60,9096.666666666666,40733.2994723335,12.183657017222426,19.393030539262007,10.614801205766401,10.415861390453657,2.9649137509698384,2.7710356115576102,0.4275366219922314,0.42009927561002763
2023,3,0,61,169927.0,50944.91575098311,12.422118517559502,23.139955294069605,10.838500244682082,10.667656776524572,3.1415607897874156,2.984797487231393,0.3384268387600498,0.31749824762798445
2023,3,0,62,103992.66666666667,47142.56350156458,12.56274801428306,21.674076455826373,10.76093155561326,10.628863758264238,3.076116913031094,2.950634967301399,0.3013143189753123,0.28686911715551194
2023,3,0,63,39538.0,58912.41187675917,13.324127000185477,26.962873826073665,10.98380707539822,10.791838353616738,3.294460876285778,3.107702585099495,0.3820421373386497,0.3650406728475371
2023,3,0,64,673152.1666666666,55419.84654167086,12.728425692754463,23.871332827083496,10.922693049406837,10.753077560497717,3.1726782757036673,3.019573945367115,0.363155743308553,0.33120833244956555
2023,3,0,65,39825.833333333336,67177.93348942646,12.628938503065429,27.804029299437325,11.115100101892722,10.963525050928952,3.3251809490226547,3.181190678774156,0.29699846109469574,0.2907897820246877
2023,3,0,66,287969.6666666667,43599.51125544169,12.881444689197588,20.638945303750088,10.68280121953672,10.507880989912582,3.0271798396832206,2.860375222599844,0.33020024512721086,0.3117780084917717
2023,4,0,0,1952632.8333333333,,14.327036564392504,,,,,,,
2023,4,0,1,659553.3333333334,85938.09844258644,15.782462373525515,39.41533027161144,11.361382530514332,11.15535577936472,3.674154833814871,3.475973915065661,0.42008172189179116,0.4099674717921059
2023,4,0,2,439031.1666666667,74475.3060041695,15.758275323657735,35.06655794185947,11.218222886390356,11.064592666832521,3.557247911113378,3.410428100203073,0.3208027447958209,0.3115681149612935
2023,4,0,3,1914.6666666666667,83735.32759886829,17.535689415041784,39.49449536423127,11.33541624148992,11.26982590484806,3.6761613043283035,3.615098260170009,0.13647804467022562,0.12465656969857342
2023,4,0,4,18964.166666666668,95995.1099960403,16.339306586984222,45.101029677586205,11.472052531611366,11.382040872129267,3.8089050772366173,3.7249014912688883,0.19525533367725528,0.18386438199348742
2023,4,0,5,127900.66666666667,77894.93548653221,15.780389468910768,37.24405027280668,11.263116216735547,11.126824968531306,3.617492207848342,3.4814862261223496,0.307227700728194,0.30719975594415344
2023,4,0,6,23232.666666666668,90750.7870744675,18.224913196935347,41.94822407116602,11.415872425086373,11.273809991412417,3.736436097599115,3.588358819828755,0.30763319200144673,0.33254968015185254
2023,4,0,7,30305.166666666668,193894.00367149204,19.274293162332054,82.37930164938344,12.17506691590208,11.811343037582281,4.411334211785592,4.021202264754874,0.842663635099449,0.9186498864885746
2023,4,0,8,329818.8333333333,86189.98922989881,16.419662713823197,41.98649675769326,11.364309315683771,11.221939494622589,3.7373480608201,3.593046842837289,0.33183709378923854,0.3401866424833513
2023,4,0,9,57000.166666666664,73045.53378911178,17.362569115294985,35.28030763214329,11.198838276214795,11.038522734897391,3.5633249508325266,3.4052995527026586,0.3718394653264908,0.3662138001610254
2023,4,0,10,37827.5,80285.23098386083,19.095375939021437,36.97727049721869,11.29334096002842,11.108128102973335,3.6103034129919993,3.436672585674162,0.37591945465892584,0.35824586613811393
2023,4,0,11,509389.8333333333,53405.02209503705,16.47327472508776,25.670375492236968,10.885660067249711,10.733802747567736,3.2453376224440427,3.092400752258945,0.3380526237396979,0.3363058375832637
2023,4,0,12,7756.666666666667,62759.07303916188,17.44804469273743,30.69559862972643,11.047058436807394,10.932486056571044,3.4241192772052167,3.3126428112028536,0.259203252318396,0.2572452122591151
2023,4,0,13,30357.0,92354.71672213603,17.423702386050447,43.57283318145552,11.433392058737166,11.243311638291592,3.774433863983937,3.5902136261552253,0.4336317291612855,0.4436468357930844
2023,4,0,14,118117.16666666667,58199.21160219093,16.60692278711957,27.853996835776332,10.971627087273669,10.834682429128618,3.326976469030561,3.188150184123963,0.327394661964955,0.3340694251389978
2023,4,0,15,39241.166666666664,138698.532773892,18.0580088087765,61.98115684914696,11.840058027832349,11.610780367573275,4.126830417063553,3.9056583897542674,0.4334202738861712,0.4185208687139181
2023,4,0,16,66638.5,76565.98713529667,16.565859075459382,34.918361548909196,11.24590822494092,10.930204237990301,3.5530128097362876,3.2699881281246608,0.6643683333478958,0.6239984561631
2023,4,0,17,187312.83333333334,61171.7346632711,14.06043365955527,29.140782677562605,11.02144050990664,10.834441419705977,3.3721386596226437,3.1874801103737394,0.34555873891937794,0.34856722707287274
2023,4,0,18,18263.0,56597.29355710825,15.184361824453815,26.93100017724463,10.943716446035783,10.769287940822604,3.2932780460240965,3.118133367698953,0.4248252218876677,0.42150086022963645
2023,4,0,19,5620.333333333333,63088.20597994587,13.636913587568946,29.65244302103966,11.052289121074446,10.991674214878163,3.389544517362738,3.3301665094974386,0.12017340213706121,0.11889123328910642
2023,4,0,20,55803.0,80908.60372447834,15.467388252722374,38.89461343236527,11.301075447508971,11.130978936653019,3.660855768860544,3.4932561559723267,0.36927471931154926,0.36204482124103515
2023,4,0,21,423257.8333333333,49857.70560491598,14.26703030107338,23.549503912097165,10.81692833927017,10.528660915787867,3.1591047549368203,2.900780508862029,0.552201029887129,0.49637607121835847
2023,4,0,22,136163.33333333334,49195.31172946847,14.427853803030674,23.821096876554872,10.80355360788856,10.670362164297188,3.170571611420893,3.040877772380793,0.2957572533783343,0.29004039890415756
2023,4,0,23,114767.16666666667,38952.30626676433,13.929500742808264,18.995331802711032,10.570093260502716,10.4449031262713,2.9441932543844227,2.8258095486512538,0.2670134945921671,0.25599289235107375
2023,4,0,24,34444.5,54111.58459561675,14.690753724590767,26.076733938411785,10.898803574917228,10.717257272827034,3.2610434967933566,3.086547256921896,0.3442096125201142,0.33323279236554443
2023,4,0,25,93811.33333333333,50340.20229786493,13.877712003524806,24.04845733416546,10.826559287311843,10.704546864247215,3.1800708503849044,3.063721663562045,0.2376005058820564,0.231978798969657
2023,4,0,26,9646.5,46092.50820015574,13.269164982117866,21.77170705718985,10.738405703851038,10.589598432657901,3.080611285456165,2.940531768396907,0.37608280257471827,0.35308384578783025
2023,4,0,27,4115.833333333333,45211.64406361401,13.830653978538166,21.704576111062067,10.719109944670901,10.571099391515498,3.07752311900831,2.931733034435798,0.3355846394004738,0.32172489209844113
2023,4,0,28,64864.5,46596.76268165669,13.792315776220684,22.177570283078893,10.749286347349846,10.577735173854826,3.09908143052398,2.928913135119786,0.38962858564294695,0.37855005612797676
2023,4,0,29,114176.83333333333,43687.551870665346,13.588553428088886,20.75543732035862,10.684818486286828,10.499673925121888,3.0328082518857,2.8632811970572023,0.39634577380407293,0.3680790755083306
2023,4,0,30,373191.3333333333,44551.18403370104,13.968235239475014,21.523371772783836,10.704394010182163,10.575487114054804,3.069139403911857,2.9452111018066516,0.27836998803100976,0.27138270070459275
2023,4,0,31,169695.83333333334,47398.77790923823,14.359696515824881,23.060734980659003,10.76635172484527,10.625429177174047,3.138131386868077,2.997152670808439,0.29402004788212666,0.2925281471590313
2023,4,0,32,77788.83333333333,31722.441410289648,12.348653298566848,15.741236434598802,10.36477964032444,10.170063280718248,2.7562837935634703,2.5661172188341874,0.33354611655136596,0.3236659798243339
2023,4,0,33,1693.5,79723.84376863453,14.257258143883476,32.94660065364882,11.286323989027837,11.074342723221656,3.494888088817618,3.2998822194138606,0.4986365203502704,0.43831842025428674
2023,4,0,34,66120.5,65979.67837253488,14.35035024437706,30.14390724775519,11.097102070150124,10.94782643077969,3.4059828214171906,3.254654781470163,0.32171049178151184,0.3331058933821898
2023,4,0,35,70056.16666666667,44130.28447966688,13.343931179030157,21.241322876546665,10.694901548643605,10.477814345444585,3.055948476757564,2.8436877080950516,0.439464058715357,0.4222500747077561
2023,4,0,36,205336.66666666666,31639.379964487824,13.663331764094739,15.798722777717295,10.362157825118393,10.191097397260917,2.7599290999121107,2.5968796834454024,0.3266974635314378,0.31711701098953826
2023,4,0,37,622741.6666666666,39228.534621752,13.568090567249664,18.94020424132206,10.577159684994646,10.410694086483467,2.9412868712965192,2.7774808909156032,0.32848873478191093,0.32179968919004504
2023,4,0,38,67153.0,32890.54112958096,12.729488382251477,15.799102802893275,10.40094039175621,10.236450896888353,2.7599531537936053,2.6114497807725217,0.341262894950768,0.32128447897894374
2023,4,0,39,213869.83333333334,42655.54204953299,14.747993912184903,20.608839861337096,10.66091248702276,10.43927404852563,3.025720103232485,2.812169955480151,0.48893808490620766,0.48540885540942375
2023,4,0,40,628.5,55026.58878145563,14.429594272076372,26.316148328967515,10.91557177978892,10.631518716944226,3.2701827556635408,3.0032312525188543,0.33632876469709383,0.3251638103974698
2023,4,0,41,2526.5,36668.636812122255,13.355894188270993,16.805063098439955,10.50967708590267,10.325830029505155,2.821680215912058,2.5746397867639113,0.4968696194852165,0.7313904791232836
2023,4,0,42,11223.166666666666,36369.943677060495,13.623665335095561,17.64776038667921,10.501497989370005,10.313204516064863,2.870608885054921,2.6815114464587526,0.435888766226602,0.4302301961784512
2023,4,0,43,363.0,39147.93587788399,12.76951331496786,17.871362525313128,10.575102976603324,10.510942201007701,2.883199572784759,2.8141244036954776,0.12262304997652486,0.12149714825283676
2023,4,0,44,5472.333333333333,59972.26084940697,13.99664981421697,27.506195234032976,11.001637415125227,10.84619649022481,3.3144112605380807,3.1553323138475466,0.3819513240636479,0.3751080840869635
2023,4,0,45,4738.166666666667,59207.10189781412,13.588448415350522,27.905575439040298,10.988796778167037,10.787605600015501,3.3288265053874033,3.093593492339881,0.36189759035420205,0.4357710145534202
2023,4,0,46,3758.8333333333335,46325.62495367307,14.255043674899127,22.140288532650178,10.743450541697706,10.597708096929662,3.0973989593839275,2.948265885178158,0.3941288278323354,0.4096900883156061
2023,4,0,47,15493.666666666666,57145.785024343604,13.278156666164671,26.856985639851803,10.9533609136482,10.772772091981562,3.290525959922197,3.1127552780560412,0.36577101485905394,0.344742772033675
2023,4,0,48,172.0,67154.10185785861,14.937984496124033,32.35383355432014,11.114745285087388,11.03263350250444,3.476732516377985,3.3930380254797172,0.17422344389427566,0.17523283090928188
2023,4,0,49,19817.0,58623.847807739985,13.318581689122134,26.831162644202283,10.978896851956128,10.78571098583739,3.2895639972370914,3.1059586809313284,0.42322792455862596,0.4078093455908145
2023,4,0,50,878.0,44873.80825611577,11.810933940774488,22.0697962827189,10.711609568471157,10.654340305469152,3.094209989719424,3.038216708536016,0.0944706924059448,0.09199398322605046
2023,4,0,51,379.66666666666663,13852.626615609033,12.783143107989465,6.790503242945606,9.536230140971094,9.441360539387855,1.9155250541328321,1.8206554525495917,0.1622612448999539,0.1622612448999509
2023,4,0,52,1317.5,47362.36098337369,15.6202403542062,23.056343996754666,10.765583120160208,10.555229240416965,3.137940959199414,2.953542370071297,0.4070577736828194,0.36549646639783434
2023,4,0,53,63562.833333333336,44785.30945710515,13.957317824619732,22.05954930492932,10.709635450723653,10.558806477315102,3.0937455831964042,2.943786835307446,0.29227895748001864,0.28660636229612363
2023,4,0,54,16899.166666666668,36089.242516937426,12.741081907391882,17.87001120662868,10.493750108692197,10.34124302741584,2.8831239562908197,2.732162859719056,0.3150537582240021,0.30252619443955686
2023,4,0,55,1103.3333333333333,72092.33411490265,14.3380664652568,33.75650734165191,11.185702994664775,10.927805456712232,3.5191732088560754,3.2614616267341168,0.6085691045854341,0.5886086749627534
2023,4,0,56,1197.3333333333333,36850.391532223905,12.34521158129176,17.059498363319246,10.514621522587467,10.286415487325662,2.8367071373709174,2.644649088457112,0.62600494741481,0.5250325908321087
2023,4,0,57,545.0,47368.58377884695,12.139449541284403,23.219894009238708,10.76571449846532,10.669366466270276,3.145009411627058,3.048661379432013,0.2168364094795744,0.21683640947959237
2023,4,0,58,9527.833333333334,42604.56220557286,12.466213024996938,19.665432735468993,10.659716620550837,10.59271496232029,2.978862411004943,2.9141104784397016,0.1389285299850295,0.13658995363655138
2023,4,0,59,2360.6666666666665,39605.83747279597,13.06862468229314,18.992312379520968,10.58673179730784,10.509296573456197,2.9440342856849195,2.8423872841101465,0.1573251674433813,0.2380665490367814
2023,4,0,60,11403.333333333334,30624.28176366678,12.170359543992983,14.719432171466213,10.329548494957049,10.220787855128737,2.689168537248682,2.5999734020697813,0.23201933755174936,0.19026794744910516
2023,4,0,61,80170.5,40948.26127822147,12.558534623084551,19.200600855108696,10.62006462875149,10.468698151923611,2.9549415730809834,2.8140965019940465,0.3131679329965595,0.29865780134974673
2023,4,0,62,53837.666666666664,41985.719074444576,12.784364106913996,19.94576590129374,10.645084817407872,10.500846303508437,2.993016885286603,2.8491509190235718,0.30094056514661716,0.2957466332282742
2023,4,0,63,33591.0,46473.57640096694,13.659660821847122,22.073103991254214,10.746639180618972,10.603400730226998,3.0943598533904093,2.950802171814647,0.3165405115664169,0.31141254409500974
2023,4,0,64,119620.5,42772.79615795753,13.546334728021813,19.885166181107607,10.663657575702128,10.496361171684809,2.989974035733489,2.8361324347569528,0.36908167961025135,0.3444898151781773
2023,4,0,65,4516.333333333333,80674.45571470947,13.203557458114991,36.15744725907847,11.298177270256058,11.045166851188382,3.5878829373206558,3.327172738949775,0.40354059686462473,0.39162496598190416
2023,4,0,66,110117.66666666667,34429.047852929,12.884581039070326,16.908476183010162,10.446655901373614,10.316072254235548,2.827815045485764,2.70155957695634,0.2887371185579958,0.27541070371953674
2023,0,1,0,6803893.0,,12.924858018784246,,,,,,,
2023,0,1,1,2891686.0,86435.35223351046,15.255804111050322,,11.367152040474522,11.16372168098606,,,0.40364599620309577,
2023,0,1,2,1657180.6666666667,83688.67955305152,15.736457018768018,,11.334858997068197,11.152985376568532,,,0.3425169649424465,
2023,0,1,3,44673.0,82223.48950331844,16.953417052805946,,11.317196300603554,11.210556459548775,,,0.216457706023293,
2023,0,1,4,592493.6666666666,97309.28174841813,16.35278098612587,,11.485649656722286,11.401888145056905,,,0.1801529828715034,
2023,0,1,5,804473.0,80665.99246232072,15.475524142305998,,11.298072358530671,11.147091818410141,,,0.3089332482183132,
2023,0,1,6,236834.66666666666,76665.05376429555,17.444421847026902,,11.24720126115891,11.128551990201647,,,0.23252899656186748,
2023,0,1,7,219561.0,132889.17544521196,18.961236285132607,,11.79727079251446,11.491606590059371,,,0.5591183493104936,
2023,0,1,8,900927.5,82223.86069750399,16.234215294793422,,11.317200815047661,11.21079656312207,,,0.23314109918489806,
2023,0,1,9,392822.1666666667,75538.40109365845,17.696698209070853,,11.232396429688961,11.115302354235022,,,0.2570928440045607,
2023,0,1,10,154743.0,56367.01758718967,17.653244411701984,,10.939639471873749,10.772994445993753,,,0.3224246718983372,
2023,0,1,11,1688678.0,50407.73243434077,16.379812591072227,,10.827899863607898,10.715724431892063,,,0.24748325967978088,
2023,0,1,12,44688.333333333336,49422.11733527961,17.15348152015813,,10.80815332231726,10.725197758583107,,,0.19240143216990505,
2023,0,1,13,206889.16666666666,83323.64881814024,16.76543157165471,,11.330487687240565,11.161214839154368,,,0.33837542023021183,
2023,0,1,14,314609.5,52648.97288577004,16.218620226026232,,10.871402009029381,10.756285388376629,,,0.25030113185767605,
2023,0,1,15,200491.0,146494.6986611965,18.57508982115573,,11.894744520171514,11.66593451135151,,,0.4341625807451835,
2023,0,1,16,626773.8333333334,68041.39797073847,15.456673499717999,,11.127871592605876,10.894854707913504,,,0.4769473408150716,
2023,0,1,17,466971.6666666667,59885.2532206954,14.420125418030358,,11.000185563822118,10.866371192984296,,,0.25572909919138614,
2023,0,1,18,218145.16666666666,61650.722355406426,14.392093644064236,,11.029240225562068,10.914334781145806,,,0.2363860929648762,
2023,0,1,19,30523.0,61084.40050426886,14.45279515993404,,11.020011801666548,10.915017305894965,,,0.22221906213955273,
2023,0,1,20,664866.1666666666,110063.20094814125,15.609527932563873,,11.608810033855567,11.408711762415997,,,0.4125072873025892,
2023,0,1,21,2189847.8333333335,66229.32919405689,13.863297122547403,,11.100878682997367,10.801813362950503,,,0.566970062870086,
2023,0,1,22,312672.3333333333,45840.89801907094,14.245454506688047,,10.732931941490602,10.617470781050667,,,0.24025316129437183,
2023,0,1,23,322009.0,38955.15984778428,13.53739491753336,,10.570166516152362,10.44398161460565,,,0.24585251486161702,
2023,0,1,24,90361.5,47696.33803471962,14.484830375768441,,10.772609903168812,10.651303218456263,,,0.24752164270779006,
2023,0,1,25,220296.66666666666,46824.58299091727,13.711632041640819,,10.754163621579462,10.64071553020985,,,0.22297609221244566,
2023,0,1,26,13000.0,43776.42619845333,13.144756410256411,,10.68685073682786,10.575743897506266,,,0.28264092079623354,
2023,0,1,27,6936.0,42285.38291635367,13.971981930026914,,10.652196747782597,10.553958497929871,,,0.2116994857498854,
2023,0,1,28,196447.5,45449.37393776923,13.056244883068842,,10.724354324764201,10.587708348794553,,,0.30263659006061877,
2023,0,1,29,582032.5,44838.1158172458,13.112145799418418,,10.710813856170438,10.563522969134512,,,0.2988113486150172,
2023,0,1,30,775982.1666666666,49432.66144541157,13.899907708360137,,10.808366647566723,10.648738922892402,,,0.31243858050499984,
2023,0,1,31,462877.1666666667,47183.5257332498,14.168205891915889,,10.761800079572907,10.630206290809923,,,0.25714363915916066,
2023,0,1,32,104855.66666666667,28924.588923422776,12.014122587556862,,10.272447340151823,10.126941909765067,,,0.3141981705818807,
2023,0,1,33,104365.66666666667,72621.3728385738,13.747749100119131,,11.193014549204042,11.082190416682394,,,0.23787545218856787,
2023,0,1,34,359017.8333333333,71036.92570867777,14.273826694774215,,11.170955101232424,11.06492055598286,,,0.2202464834684024,
2023,0,1,35,218964.66666666666,44559.95671400184,12.94739866706044,,10.704590903191399,10.562079843001163,,,0.3000317232167263,
2023,0,1,36,1085725.5,35379.071374988314,12.778636957499847,,10.473875720195439,10.30852051641771,,,0.33595884620988203,
2023,0,1,37,777898.5,38282.52694594636,13.079999940009312,,10.55274885556024,10.407196767717853,,,0.27659247676154713,
2023,0,1,38,307037.6666666667,40583.52478649997,12.36696040550942,,10.611117469797426,10.459444199893076,,,0.30588910402908825,
2023,0,1,39,577263.0,42904.036762116084,13.64477918499309,,10.666721197508284,10.473251517741634,,,0.41121346858468444,
2023,0,1,40,77433.0,68258.73430572782,13.332724204581165,,11.131060680034581,10.764786868297497,,,0.6716489202535396,
2023,0,1,41,110517.33333333333,40904.8276951166,12.047253522825981,,10.619003371620545,10.42464425558012,,,0.37297775775213876,
2023,0,1,42,271118.0,43107.00778607086,12.55284845221146,,10.671440856519261,10.485216734641448,,,0.367247303132738,
2023,0,1,43,25256.0,52140.65514868512,12.412133090486748,,10.861700252592385,10.690409653951276,,,0.3432485227181533,
2023,0,1,44,438559.6666666667,58818.67372093896,12.570605748058608,,10.982214663756851,10.855908102876699,,,0.2731824462642841,
2023,0,1,45,195684.83333333334,58787.188339418615,12.816145690050924,,10.981679224762212,10.84318925343761,,,0.2749695687704254,
2023,0,1,46,201880.5,58602.29211585096,12.739349928959625,,10.978529089405113,10.85303073487048,,,0.2690182665998391,
2023,0,1,47,1170628.0,57601.79201495139,12.153839648462194,,10.961308957570719,10.796621124447976,,,0.3390449154973006,
2023,0,1,48,31165.0,72160.30298245509,12.330723568105245,,11.18664535348677,11.042239387420354,,,0.3412475545074913,
2023,0,1,49,130840.33333333333,63380.75409719286,13.115749221060785,,11.056915531204943,10.924748518530038,,,0.29447158789151995,
2023,0,1,50,62327.833333333336,56504.03528772189,12.801757909120324,,10.942067335605799,10.857127861365662,,,0.19368823735435528,
2023,0,1,51,7102.5,43559.23728360197,12.22829989440338,,10.681877067334419,10.568544690651832,,,0.25197602921466217,
2023,0,1,52,8227.666666666666,45759.18659339977,12.661305351861605,,10.731147850401808,10.563775959266842,,,0.4129124225265972,
2023,0,1,53,241190.83333333334,42306.08195998302,13.80045814344796,,10.652686136258675,10.547691090191199,,,0.2107268723804602,
2023,0,1,54,85369.66666666667,36954.79987608349,12.611249507045828,,10.5174508198636,10.391811699227604,,,0.2556042604042163,
2023,0,1,55,51859.833333333336,71979.17975398852,13.2761674899328,,11.184132186096969,11.035395042590888,,,0.3071094109040881,
2023,0,1,56,23498.166666666668,47704.96834451848,12.176531502457639,,10.772790829618353,10.672386547477242,,,0.21793080903835566,
2023,0,1,57,6379.0,52877.34940440023,12.526258034174635,,10.8757303485416,10.77988897645392,,,0.186255083308135,
2023,0,1,58,76195.66666666667,49816.50623930231,12.347854427417131,,10.816101658683532,10.693135463699296,,,0.2459493014871154,
2023,0,1,59,22562.5,41108.57692411225,13.092262234533704,,10.623972062997758,10.535212900246284,,,0.1923160068940078,
2023,0,1,60,29655.833333333332,36407.068238213884,12.30771911091129,,10.50251821714239,10.34413061275487,,,0.338494811090458,
2023,0,1,61,402288.3333333333,49743.591072725,12.452736635829195,,10.814636911629593,10.653472786286821,,,0.3140049125933899,
2023,0,1,62,319104.3333333333,47926.15815557308,12.382325320976525,,10.777416733622333,10.657770974476067,,,0.25450452546135505,
2023,0,1,63,153273.5,53959.95122867889,13.091927175930607,,10.895997406479157,10.753434498478367,,,0.2947409133292138,
2023,0,1,64,818082.8333333334,50763.37939436827,12.489339200981481,,10.834930495545425,10.670668746655988,,,0.33449162793450976,
2023,0,1,65,128195.16666666667,64295.45114152042,12.51287425032925,,11.071244163423376,10.944743826845608,,,0.28346905660549815,
2023,0,1,66,598054.3333333334,39144.85927496818,12.349070569396426,,10.57502438436731,10.437921361306143,,,0.2805044969711388,
2023,1,1,0,1894940.8333333333,,14.480712986201416,,,,,,,
2023,1,1,1,1304247.8333333333,97565.35182553419,15.131898372586909,42.415005913190555,11.488277707585572,11.270262962182414,3.7475022126724093,3.5418485361695784,0.42969118350793006,0.4136253093330989
2023,1,1,2,691919.3333333334,97122.31878644552,15.987441214245589,42.965373995153215,11.483726481486539,11.281486581680275,3.7603945353741817,3.5852087116517897,0.36661306606287847,0.33041951180962076
2023,1,1,3,24223.666666666668,86520.8324889614,16.894056776430762,39.57489784886368,11.368140501945826,11.263637506341848,3.678195024560047,3.5734963224586074,0.20684560468294808,0.21047450769233275
2023,1,1,4,453707.5,98376.38451043097,16.371917296202216,45.25754564634357,11.496556059424288,11.411617744729897,3.812369410859257,3.72792396224331,0.17929962130092078,0.18200673425298347
2023,1,1,5,489542.8333333333,83823.57619110744,15.476073765421276,39.185314517215815,11.336469585697868,11.17978261132438,3.668302046942332,3.5198321876485616,0.3112185789287782,0.3002884743568481
2023,1,1,6,112055.33333333333,79903.91988375335,17.60078949090628,36.85922413122997,11.288580190422726,11.157523169122582,3.6071059029487906,3.475715239556042,0.24422166644799814,0.2519758706487176
2023,1,1,7,99944.66666666667,142668.41755552686,19.07703262471901,59.93112149728095,11.868278458405985,11.525618492693217,4.093195927748711,3.646176915435327,0.6169486241613407,0.817071030411887
2023,1,1,8,109642.0,98865.3732501954,16.883061843697366,47.70510474077157,11.501514337500005,11.366752698944877,3.8650384097945563,3.7388023126705385,0.27411691810749783,0.26822486402254614
2023,1,1,9,69908.16666666667,83196.23665581383,17.90083657369549,39.40554760547957,11.328957393284043,11.19659660843309,3.673906608561725,3.5467707777678075,0.27475970645909,0.2683514690942692
2023,1,1,10,62578.333333333336,57613.65489884833,19.43801102618052,25.982835065007823,10.961514882804819,10.777469824060606,3.2574361301928376,3.0816382056133613,0.3322060998584917,0.3334281788997626
2023,1,1,11,335949.8333333333,54597.07703854511,17.257180759627307,25.313305867701395,10.907735626207415,10.801878166228335,3.2313301811086763,3.1270517622392964,0.22276925344488602,0.21605498747193783
2023,1,1,12,9726.0,47421.64304135586,17.35862636232778,23.18156346828175,10.766834007719183,10.686578399679025,3.143357284656943,3.0673840941908987,0.17886239065132556,0.17217833820365927
2023,1,1,13,62517.666666666664,94453.35728770774,16.783554515257023,42.52245926898926,11.455861417959202,11.255723807740084,3.750032389736035,3.5748969262587806,0.38417844357376324,0.3478588241108271
2023,1,1,14,90587.5,52440.93549783985,16.458205234349848,24.417415870879815,10.867442777112869,10.743833117328014,3.195296642889915,3.073900304415678,0.2589639724591712,0.26090762312450466
2023,1,1,15,89634.66666666667,154422.89106578066,18.808556213369826,62.693646024244934,11.947450163781713,11.71748147225986,4.138260103177461,3.9389381065011446,0.44142063508065665,0.3925529020354062
2023,1,1,16,264186.6666666667,71320.01444464654,15.983227768244676,32.74685787451812,11.174932274509958,10.925698590363092,3.488807014715654,3.2520935918873297,0.485926152834244,0.46704848719693587
2023,1,1,17,117422.33333333333,67126.62913923583,14.881836788572306,30.14148520198437,11.11433610174735,10.960534253895606,3.4059024687588204,3.2417899330791906,0.27666780468000773,0.28975745259035307
2023,1,1,18,142316.0,64723.2164823986,14.215454809484996,29.438229154079867,11.077875248927587,10.960567360466452,3.3822941410352216,3.27130116657256,0.23704125684635277,0.22615696797897938
2023,1,1,19,16688.833333333332,64975.26252343914,14.375440663916992,29.666856057481642,11.08176189987766,10.965923656530572,3.3900304650037083,3.278202245767793,0.24659677714524725,0.2443714703294827
2023,1,1,20,446226.8333333333,120788.98745199176,15.942234162669884,56.532429716911665,11.70180039685032,11.515060693498803,4.034814450780908,3.8515497345137226,0.3796462924692507,0.37551211598402107
2023,1,1,21,1057034.3333333333,77575.06934686845,14.330450004304497,34.31603998617252,11.259001383249387,10.959122013975456,3.535612882944115,3.2659896864023885,0.5646306863244455,0.5105965050340782
2023,1,1,22,28816.166666666668,51537.58607261085,15.251484988172148,24.28131375044626,10.850066647110504,10.72153102626779,3.1897070730654784,3.072937007263799,0.22658055941001284,0.21777358232888236
2023,1,1,23,45988.333333333336,47544.322642522035,14.402783314608778,22.537910823590586,10.769417663211465,10.586711623124643,3.1151988168088054,2.95274043320726,0.3411405161563661,0.31226880122281825
2023,1,1,24,20584.666666666668,50862.820207225384,15.394954173009035,24.033741452041383,10.836887487836462,10.731022964779724,3.1794587368395573,3.0798307725582577,0.2135375211791048,0.19601350842051848
2023,1,1,25,40317.666666666664,54640.6111642888,14.38118111993915,25.70608155149995,10.908532679472907,10.774456442546327,3.246727600152368,3.1239071406834213,0.2513586320936936,0.2318973459949086
2023,1,1,26,3878.8333333333335,47438.83794508513,13.536974176083874,22.34134434266879,10.76719653811622,10.72731234984624,3.106438968315249,3.0735117751337753,0.08538369389687923,0.0689459355877197
2023,1,1,27,1468.6666666666667,50407.54579481231,14.253517930095324,23.987240098893707,10.827896161003855,10.764585092898363,3.1775220264192043,3.122789639577902,0.1218188104528882,0.10863090559845996
2023,1,1,28,94721.0,48055.63441270222,13.837075903618699,22.044903165996665,10.78011466897447,10.667481008763385,3.093081426239431,2.992974594890541,0.2524663223539348,0.22485617035213795
2023,1,1,29,289179.3333333333,47925.64591665124,13.612602560348943,22.37005441639176,10.777406045478761,10.624087150823065,3.1077232080601775,2.9720990253525037,0.3024794414288244,0.2697161533249391
2023,1,1,30,212305.83333333334,58396.89111205632,14.567542892132812,27.364232181854103,10.975017933016721,10.800691212252415,3.3092367658011446,3.1536916787611293,0.3392528160681251,0.3059989696406443
2023,1,1,31,100504.16666666667,58170.4302430407,14.98432734961237,26.953709238823595,10.971132433182092,10.793676107119191,3.2941209219779433,3.1390811668875824,0.34186455888711553,0.3079161099416899
2023,1,1,32,12630.5,32131.699327267685,13.237691830621642,15.618293017312359,10.37759833982641,10.27650212140265,2.748442856577637,2.6434619655357348,0.21301062019647016,0.24096408778482292
2023,1,1,33,91022.66666666667,74351.7446573788,13.7793260286815,27.41935403537924,11.216562417078745,11.107522512779703,3.311249115701282,3.1919832635145915,0.22895634042280605,0.25292093263636384
2023,1,1,34,242738.5,73501.98175548964,14.22056383034967,32.55247059252796,11.205067647497165,11.110000340466414,3.4828532672343604,3.3851903960229843,0.20150333729618228,0.20986542041142295
2023,1,1,35,102308.83333333333,46305.54966856111,13.419965366301053,21.62807563321196,10.74301709614316,10.613053662817748,3.0739922685180807,2.9541587320093714,0.2698235439122174,0.25154099268879104
2023,1,1,36,436135.1666666667,38140.02079141785,13.703533805078012,18.66757454760013,10.549019424288447,10.397223781699683,2.9267880373629027,2.7886638148442766,0.3081197076261616,0.2839355388533501
2023,1,1,37,82308.16666666667,45024.33614596465,14.22128626361499,21.563280787307825,10.714958425814743,10.52071231304683,3.070991904561867,2.882605743723645,0.3189981583823584,0.2993537308175681
2023,1,1,38,181380.5,44684.432362439424,13.02164602405808,20.90884427269151,10.707380450645168,10.559508517117846,3.0401722404013714,2.904079598993452,0.2864860428617133,0.2617957606385507
2023,1,1,39,105133.16666666667,48936.851955216945,14.783279618388741,23.452386874302235,10.798286010351061,10.60265531116632,3.1549722753970073,2.970695206772226,0.4125849549658662,0.38827520625477346
2023,1,1,40,64228.333333333336,71347.88649215183,13.221034330643278,26.821685348945064,11.175323000772513,10.796406192181566,3.2892107151389256,2.9031692305237247,0.6946676700307665,0.7243717491720821
2023,1,1,41,76888.16666666667,42797.58681681385,11.95756174010305,18.38672619757407,10.664236997195596,10.472418105821264,2.9116290019733273,2.725614237547272,0.35256347291376466,0.338671336126114
2023,1,1,42,180046.5,45511.89818877383,12.614891153118778,20.70944634839921,10.725729069408597,10.542306301585498,3.0305899415107542,2.864714454845655,0.3511011900191746,0.3277877336516588
2023,1,1,43,21759.5,51977.99722471651,12.489855005859509,22.211262279108567,10.858575777724768,10.695793233968631,3.1005994701098416,2.949764381646617,0.3508607004046221,0.3269291856572951
2023,1,1,44,387460.8333333333,59597.68066011128,12.610609674526243,26.562873881735776,10.995371937197424,10.871142961340496,3.279514522133276,3.1620049714948375,0.2706219525815515,0.25765794519152624
2023,1,1,45,165432.66666666666,60356.5616381461,12.84454702618185,27.42883591446651,11.008024947013835,10.869764982353995,3.3115948656409024,3.183251452427174,0.2707323810737312,0.2571958242704726
2023,1,1,46,171255.0,60398.18704976361,12.777682403433477,27.199327440158633,11.008714367740035,10.884337502462872,3.3031922465314913,3.1851149387081517,0.2666547458088894,0.2512393226291795
2023,1,1,47,1052284.5,58422.25179842327,12.254830323928557,26.46250293742597,10.975452120190733,10.811250607927125,3.2757287474643206,3.1221030605508067,0.33787765470814923,0.3176376883345342
2023,1,1,48,28629.333333333332,71736.08798696627,12.20317157228018,25.929713509987074,11.180749219169638,11.039562141644062,3.255389550896674,3.1101405783930383,0.33259829557995213,0.3387603897592462
2023,1,1,49,87162.83333333333,67087.60637063655,13.037598211776045,29.065854798482064,11.113754602034586,11.00046655736227,3.3695641106118566,3.263822684744353,0.24995738951333965,0.23326397695229234
2023,1,1,50,56487.333333333336,57171.13880612795,12.850892825530206,25.594877868573,10.953804483705031,10.872666012106082,3.242392248207324,3.1661657359809925,0.1829833405154549,0.1750177238718921
2023,1,1,51,5988.666666666667,45419.01458605872,12.254758989201825,21.00642568114529,10.723686119828836,10.633222734180466,3.0448283757360586,2.9532246040401406,0.18264674580077037,0.18468203239073674
2023,1,1,52,4010.3333333333335,47898.82509216848,11.934086942066328,22.240337478228167,10.776846254750968,10.645457520962045,3.1019076436480146,2.9714671718830017,0.29812918754725537,0.29549393612722585
2023,1,1,53,45893.333333333336,47726.44116663195,14.3974506101104,22.803903639790168,10.773240845448274,10.65361707807613,3.1269317335767455,3.0188730117484264,0.2240991254348057,0.20918697730114733
2023,1,1,54,41697.333333333336,40863.16891316628,12.657923768106672,19.24534285740311,10.617984420752657,10.502183546599952,2.9572691019785817,2.8514144615300316,0.21266765449214103,0.19007605316234025
2023,1,1,55,43400.666666666664,73433.04578167065,13.259450699682032,32.036278820534854,11.204129328295375,11.06467383583089,3.4668689737740066,3.336634034126213,0.2994534864011797,0.28703147212436503
2023,1,1,56,18854.333333333332,49507.97012129478,12.247440906599723,22.583111198374752,10.809888948147062,10.707020809571151,3.1172023348089963,3.021257697589821,0.22126819892798308,0.21664813508770508
2023,1,1,57,5003.166666666667,55175.79562106069,12.45524501149272,24.09978451455342,10.91827965097676,10.828257982968553,3.182202899151798,3.1050318665969154,0.17299292500676097,0.15836247473404674
2023,1,1,58,52990.166666666664,52705.26851806525,12.436275912826595,23.758363734410683,10.872470701412395,10.748683065359996,3.167934625726188,3.051711459442554,0.24082475661230124,0.22674736861393435
2023,1,1,59,13732.666666666666,43142.22028155787,13.319360163114716,20.26367112558095,10.672257385506994,10.600535330357292,3.0088296830760117,2.940810435462758,0.15325284598254985,0.14509861935315452
2023,1,1,60,10753.833333333334,40088.26373800734,12.4790849774499,18.633952251298233,10.598838895594355,10.49711902939776,2.9249853065744955,2.838156149454941,0.22405414104140117,0.19100552795180514
2023,1,1,61,246699.5,54719.098923849146,12.62069846108322,24.640957522552384,10.909968085125929,10.755521408467573,3.204409998403467,3.0635854630339097,0.29976409114512687,0.27274155164948294
2023,1,1,62,215164.16666666666,51758.67434219721,12.451464579371565,23.364525364245754,10.854347317220006,10.741030224191631,3.1512188619826835,3.0467295350458454,0.23244598539973224,0.21959276421949966
2023,1,1,63,85704.66666666667,59099.52601028317,13.236000373375234,26.53868082419962,10.986978183231455,10.840699935882544,3.2786033224765405,3.1369275356032285,0.30563202988798605,0.2992544227597844
2023,1,1,64,506032.3333333333,54381.12980347926,12.698820299361635,23.173100279384474,10.903772494055218,10.742176285598498,3.1429921352498678,3.006116254258868,0.31861241006424956,0.2723964324864788
2023,1,1,65,112245.16666666667,65405.06486756284,12.491406459966353,27.637687470245776,11.08835497890477,10.964543347871134,3.3191803293444857,3.2023297050783603,0.2750527796079667,0.25821082050079347
2023,1,1,66,330590.3333333333,41993.68904676299,13.009067617423781,19.75317029010103,10.645274625183864,10.506277131369416,2.9833139994827844,2.8592283485569254,0.27374962375659884,0.24554828591710537
2023,2,1,0,3458249.3333333335,,15.421372066097412,,,,,,,
2023,2,1,1,1249901.0,79008.21534751316,15.786041987858773,36.31900172260235,11.277307117783065,11.099594628987841,3.5923410677441874,3.4260154997869936,0.3620171658126907,0.343857635837827
2023,2,1,2,746364.6666666666,75252.12046139178,15.926235343402288,34.98570142620917,11.228599361103033,11.07941021863696,3.554939447338283,3.419291952729462,0.30050759878403266,0.2793016413179973
2023,2,1,3,17735.666666666668,78112.85735899486,17.419042607175744,36.699179368882476,11.265909949153995,11.152004906914728,3.6027543942896108,3.494176420051141,0.23942567801449022,0.23700290412546485
2023,2,1,4,98732.33333333333,95021.03647187624,16.774481173003103,44.53376807250638,11.46185358261529,11.390585853438413,3.796247734493966,3.724947968569822,0.16325729171677913,0.16540860547349934
2023,2,1,5,193834.33333333334,77579.7004786282,16.143689714412478,36.80761016988001,11.25906108017996,11.122848809599203,3.605704621889672,3.4747444696296865,0.29663638015095595,0.2861965462008987
2023,2,1,6,106766.16666666667,73900.72709998136,17.714563134076492,34.89077257162278,11.210477945859221,11.105224134107644,3.552222398020963,3.4469511473246834,0.21447481732764984,0.21710826565515093
2023,2,1,7,103305.33333333333,126377.76872825259,19.3384368667639,54.87946148122656,11.74703086491168,11.486482235961828,4.00513917070962,3.65718054306397,0.48983317278914673,0.6645999303104819
2023,2,1,8,674746.6666666666,80068.04152283017,16.97987837410584,40.18548137974186,11.290632071205033,11.19606536979734,3.693505770683187,3.600009834146588,0.21254206491803213,0.2131698814040431
2023,2,1,9,296477.0,74434.7563800967,18.703797146715146,36.70063097085245,11.217678267384416,11.107408225210078,3.602793947579012,3.4936767058005915,0.24622926459661892,0.24461186526355552
2023,2,1,10,74315.66666666667,54520.30038631748,19.699161684167088,25.44785465206483,10.90632839544895,10.754169543923378,3.2366314428643905,3.0854281362627436,0.31130483080397886,0.31252316440252975
2023,2,1,11,1112149.6666666667,50055.65277158925,17.075532399865846,23.863973615290718,10.82089072085514,10.71194137425134,3.1723699415837237,3.065633492574639,0.2407539801569451,0.23084984460338487
2023,2,1,12,31150.0,49377.47427043325,18.28864633493847,24.44753851812389,10.807249612754111,10.728597678479685,3.1965295367475406,3.12004339868597,0.1855891711266432,0.176321505283289
2023,2,1,13,123319.33333333333,79054.99961717715,17.420239594764812,37.309550436518286,11.277899086901758,11.128152247357031,3.6192493377506163,3.4767306715265036,0.3086031716317017,0.29970726171727546
2023,2,1,14,164583.33333333334,54062.08661514814,17.367461265822783,26.200439381605534,10.897888417219995,10.79354067908154,3.265776180916719,3.1641113752955525,0.2178564179810784,0.21454994909804567
2023,2,1,15,91665.66666666667,144655.42559729246,18.84802743302654,60.89566419786741,11.882109818150857,11.653221664592328,4.109161976744019,3.911449884418485,0.4307115768473199,0.3758931797641072
2023,2,1,16,292203.6666666667,64351.91855117116,16.697464439757198,30.537244178979186,11.07212202689485,10.878461643819772,3.418947059274244,3.2363416927057993,0.43079167211074254,0.41438049588990733
2023,2,1,17,269874.1666666667,57626.72666600026,15.226466655756232,28.165868252434443,10.961741743685188,10.851066192760223,3.338110899225845,3.225003825326136,0.22468190782430697,0.23358664080455332
2023,2,1,18,52136.666666666664,54520.75969504033,15.798465571255036,25.9437137498325,10.906336819958442,10.8110103229905,3.255929335558106,3.164228230212913,0.2069650349490099,0.20327669695999956
2023,2,1,19,9933.833333333334,55037.73854296384,15.22144858480278,26.018806475837643,10.915774384244285,10.815690769865343,3.2588196025410707,3.1632746616545986,0.21168714686621978,0.2003985471559406
2023,2,1,20,152779.5,85621.53240566609,15.788597292175979,40.92949975101883,11.357692077292407,11.16119856358089,3.7118510683680244,3.5169019157210637,0.3991506939986699,0.3955578155585261
2023,2,1,21,807497.1666666666,58431.25910689052,14.828885467709588,27.353508643546657,10.97560628429612,10.705122930516161,3.3088448074241,3.068410449471055,0.5180074428377034,0.4649823619652494
2023,2,1,22,239447.33333333334,45508.27106195926,14.88267705354831,22.169471963131393,10.725649370000294,10.614621272472037,3.098716205714057,2.9939937388606763,0.23137229556140512,0.2198820316619681
2023,2,1,23,210218.66666666666,37711.768272882466,14.191376915465803,18.63549074582758,10.537727480505,10.423777452840199,2.925067867214339,2.818595892697733,0.22197803889503812,0.20788817648881744
2023,2,1,24,52533.333333333336,46346.74864527762,15.585647208121827,22.417390706984914,10.743906420643073,10.614273890796428,3.109837028488584,2.991711347736414,0.2538784894250921,0.2370950568181591
2023,2,1,25,145481.0,45148.40290196181,14.192341267931894,22.03618353226629,10.717710185062495,10.615310542064366,3.0926858083226683,2.9918001010928355,0.20674526749378613,0.19830549338474884
2023,2,1,26,2585.3333333333335,38691.238764314825,14.017405879319234,19.12799205554636,10.563368464869127,10.384364960433372,2.9511528148248187,2.7810181803123237,0.4911273509961891,0.4749287412974892
2023,2,1,27,3381.1666666666665,36878.37683149769,14.199635234386554,17.972807712099975,10.51538066454084,10.390598516760628,2.8888599330034896,2.766911382718288,0.2608527408205031,0.2494899502050391
2023,2,1,28,37940.833333333336,41300.891491924674,14.419653407718156,19.870381832035378,10.628639364477044,10.48499239572626,2.9892302728881686,2.852966697656135,0.32528043133140844,0.30185220448926314
2023,2,1,29,172898.33333333334,44404.72679401422,13.980148256682636,21.33331983013527,10.701101202078569,10.566564799452232,3.0602701617289525,2.936898603311738,0.27744217987988634,0.2538261469696029
2023,2,1,30,352648.8333333333,48261.51116756491,14.333518755438012,23.2125463500151,10.784389651734053,10.638946642140496,3.1446929234464633,3.0099556270868097,0.2825986249667001,0.2601611323176281
2023,2,1,31,279256.6666666667,44048.81752472301,14.67044654260716,21.46393345923077,10.693053787070378,10.587799144237525,3.066374013008136,2.9667478080366596,0.21013169301915793,0.20093691219713908
2023,2,1,32,65049.0,28138.57659137777,13.66619522718771,14.415141007771238,10.244896746282322,10.097369734586637,2.668279113059257,2.5211747224792074,0.3130708055372873,0.31542238250896976
2023,2,1,33,5840.666666666667,62191.64605464849,15.063234790549023,23.88718454079639,11.037975961904092,10.905098452507874,3.1733421034424096,3.044096801443739,0.3755314653259403,0.3436878189040893
2023,2,1,34,58120.166666666664,65775.19883490431,14.959460428250665,29.945505997209207,11.09399812885952,10.996272407338148,3.3993792631261504,3.299031508294365,0.20071771445963454,0.20726781777584727
2023,2,1,35,28887.666666666668,45508.919163285515,14.138928954686545,21.619965576471493,10.725663611295255,10.597474371647168,3.073617220002186,2.9530572924140164,0.26458019271075683,0.24458926332265327
2023,2,1,36,445234.6666666667,33967.39598939999,14.877045363343973,17.669422191540495,10.433156402031525,10.269755856734102,2.8718355858275375,2.7153609093985085,0.3379357888706225,0.32296935637970337
2023,2,1,37,440568.3333333333,37687.60168192964,14.069724333342162,18.71413089233424,10.537086451493886,10.411279458892848,2.929278901182913,2.8071722502869325,0.2465730677183258,0.23904018616657893
2023,2,1,38,60681.333333333336,33497.9719354253,13.69647997187493,16.484608115724637,10.419240176739548,10.281351109913688,2.802427104067922,2.6790552075634615,0.2877130255286199,0.2570770719330915
2023,2,1,39,353836.0,42341.88433953657,15.118236508815759,21.128849165160776,10.653532048647444,10.471112961317782,3.0506393656468873,2.8759152839546007,0.3854277310064867,0.37608185006600015
2023,2,1,40,11732.0,52613.5569147243,15.60748380497784,22.265351174884163,10.870729101538954,10.612296671310544,3.103031711156991,2.8420774793013983,0.5201767367710062,0.5593307299873521
2023,2,1,41,29350.833333333332,36604.03821972989,13.69233127963431,16.982712534236303,10.507913847175525,10.308740105396499,2.8321959169018913,2.650224613997642,0.41927087997856066,0.4051781153026189
2023,2,1,42,65784.0,39569.740491116245,14.61270724390936,19.239314537240638,10.585819976134974,10.4013532158489,2.9569558176403605,2.7877749013663786,0.37632600029586394,0.3651839993719208
2023,2,1,43,2709.8333333333335,55626.26316093066,13.44510732517375,25.42183345013893,10.92641072772182,10.691370780703283,3.235608389444319,2.9857648656486147,0.29699174728354,0.3097019859740835
2023,2,1,44,14666.833333333334,52633.641522926,13.733071215099827,24.467987974879428,10.871110766965561,10.74999968494326,3.197365649917039,3.0835662518211677,0.2509535112163128,0.23087443993842202
2023,2,1,45,6614.0,51114.19904423604,14.199929442596511,24.378720691220035,10.841817605386959,10.708710488395395,3.1937106489774005,3.0704143297749984,0.32993633612869017,0.30361127014390954
2023,2,1,46,11414.5,46779.132760673914,14.15135719187583,22.530658085287122,10.753192501288984,10.627761209426785,3.114876963306834,2.9973978292331926,0.2792642221760558,0.26506733766604945
2023,2,1,47,39781.0,47654.04990155207,13.287205785006243,22.525847722473475,10.771722898158021,10.570311333086485,3.114663437524234,2.9287687836121576,0.41614855468430606,0.3827312650274078
2023,2,1,48,1172.3333333333333,77301.26019430757,14.589138470287176,32.55460581903324,11.255465537085675,11.000084310105889,3.482918858461113,3.2447879077772277,0.6412903732142351,0.6702179644047437
2023,2,1,49,23848.0,55671.1947696848,13.57489097618249,25.47415631122127,10.927218142590597,10.761696490891925,3.2376644602569806,3.0790159183998997,0.3638762807900993,0.3454959865963616
2023,2,1,50,2633.3333333333335,45149.33297321927,12.649493670886077,21.190994651438196,10.717730785163893,10.582008025357032,3.053576310840596,2.9325233973841627,0.36124084704995335,0.32202899297163
2023,2,1,51,411.8333333333333,39175.63188357659,16.559287737757995,18.57998861919574,10.575810196859974,10.531980267226215,2.922085120855674,2.839355327673897,0.10314772109240425,0.21853310565844092
2023,2,1,52,3719.0,44280.738966544086,14.520749305368826,20.279075702953705,10.698305075177995,10.467423796638048,3.009589600906899,2.815948312891375,0.5948293087129753,0.5231361974207565
2023,2,1,53,159884.66666666666,41125.85996943982,14.460292210635167,20.424627656329644,10.624392398960037,10.535340533442918,3.0167414107796393,2.930136179819149,0.18651881218975208,0.18098027946775275
2023,2,1,54,31196.833333333332,32779.33148487979,14.410725447561452,16.31736744562385,10.397553458095954,10.277525408512599,2.7922300280454184,2.677198658573196,0.2690913221912761,0.26022970259896955
2023,2,1,55,3296.1666666666665,69856.70008653992,14.28871921929514,32.47949564786259,11.154201281152119,10.970669716188812,3.480608987089867,3.3045930825000207,0.300199399460811,0.2800361045597811
2023,2,1,56,2579.0,40211.43335054445,12.729223213131704,18.83188518500488,10.601906645874857,10.538456366113492,2.935551453696281,2.8720283181796864,0.1613994400411354,0.15824883586146415
2023,2,1,57,420.5,36047.28733358584,12.942528735632184,17.276066507817557,10.492586892547221,10.43595507484517,2.8493221048142185,2.7971749884020873,0.12103705544063816,0.11126977051494491
2023,2,1,58,11516.333333333334,40564.16256968335,12.554487828880719,19.05383876015817,10.610640260456904,10.505319985072882,2.9472685909919423,2.84343101722294,0.23174883352094752,0.21643652687142603
2023,2,1,59,5494.833333333333,35437.70414374818,14.419788285965604,17.610245842415626,10.475531621123658,10.368590936765386,2.868480882797701,2.774403799669204,0.24082147250539898,0.2152981544393387
2023,2,1,60,12428.833333333334,34409.2790222292,13.49512558164483,17.030263361528508,10.446081546006752,10.247444127668581,2.8349919591192325,2.6569497539548426,0.38467538558156217,0.34023742990521305
2023,2,1,61,70631.5,40584.40873532383,13.04776669521861,19.333313887129037,10.61113925053732,10.490215315579487,2.9618297160396505,2.8465427692783933,0.2605080815569814,0.24597032431571678
2023,2,1,62,44377.5,39237.08748246435,12.7247366345558,18.582492563186328,10.577377687745834,10.483266825688574,2.9222198774120023,2.8304464931334508,0.2203766331332124,0.21778482458806633
2023,2,1,63,40804.333333333336,48245.040195906506,13.4516187006282,22.48941268159513,10.784048307616258,10.679210629960325,3.113044650983505,3.0154660805753566,0.2140919957162369,0.1983578128882789
2023,2,1,64,67750.5,38885.151918247146,13.929319094816028,18.533427124651542,10.56836775798131,10.398732045560266,2.919575973258259,2.7660325622130393,0.3567754586804111,0.3185431114017684
2023,2,1,65,4409.666666666667,52553.10327471868,14.230554085720764,24.339678221929756,10.869579428314465,10.670842770422341,3.1921078673376377,2.993992732491229,0.471783032859219,0.45685715619682954
2023,2,1,66,93885.66666666667,35193.299829226955,13.51966753888595,17.2788410075756,10.468610997707538,10.349352654982399,2.8494826898056713,2.7369699894199138,0.255819296151858,0.24161800110932335
2023,3,1,0,742778.1666666666,,13.317936781932874,,,,,,,
2023,3,1,1,151094.33333333334,73191.61833929604,15.024803489210932,33.22842577682329,11.20083618983184,11.0108434380778,3.5034057076910243,3.3196642342736524,0.3823512704170492,0.3812029209542955
2023,3,1,2,87102.16666666667,73556.32644905773,15.533387037827225,33.55239178369059,11.205806737953262,11.03145737808047,3.5131081510015765,3.355323103582715,0.3692153094320364,0.3444976018219845
2023,3,1,3,1665.3333333333333,67905.3267592361,17.722578062449962,32.452665199480485,11.12586976053213,11.076910061235033,3.4797825722729567,3.4363774110352057,0.10656788541122503,0.09745570911140228
2023,3,1,4,32290.166666666668,92732.29487585013,16.20350880815109,43.459141515030964,11.437472071421295,11.337879066981564,3.7718212211824445,3.668054048586142,0.22968221225852434,0.24260364929547676
2023,3,1,5,75494.0,74296.26336946637,15.109147746840808,35.16732848012821,11.215815938316934,11.0737498472653,3.5601174834110685,3.4195022960103465,0.299980769593244,0.30662268395030795
2023,3,1,6,6992.5,76691.84564906423,17.78619949946371,35.49095102819405,11.247550666828218,11.13706064379965,3.569277763374435,3.4641274532364674,0.2312630943913904,0.245740161278737
2023,3,1,7,6329.0,115596.27246550245,19.022120398167168,46.149154749850524,11.65785898959242,11.3056234822475,3.8318786455016225,3.430941162646793,0.6293316074113958,0.7079794845741689
2023,3,1,8,16420.833333333332,83675.7244900599,16.660177619893428,39.53342158033205,11.3347041844234,11.203783440984521,3.6771464301105294,3.545447928643179,0.32591183232533627,0.318297461899772
2023,3,1,9,6297.666666666667,73193.55952302452,17.22510982903721,34.39302089587029,11.20086271142039,11.070704137614293,3.537853662862229,3.4107433493748696,0.256189994397208,0.2473359138863726
2023,3,1,10,7825.5,66418.53320082866,20.977530722211572,29.795782812847676,11.103731410989639,10.931499849081517,3.394366867149582,3.2374732253515486,0.3487114060882752,0.3295236159185667
2023,3,1,11,65624.83333333333,47693.52371084551,16.327218608809165,22.457231564969142,10.772550896397581,10.667748579520463,3.111612681026037,3.009914834985135,0.24661433313117054,0.23811076794262626
2023,3,1,12,1798.5,67768.93010868155,17.49606153275878,34.07056551571059,11.12385911091216,11.038894755318246,3.5284338301764633,3.417889379565947,0.1650460859429996,0.23845146927430147
2023,3,1,13,6842.5,73137.43338813775,17.192010717330408,34.24633571249402,11.200095599320315,11.089904296105557,3.533579572488246,3.404791898158396,0.20475667068630357,0.26171840955743153
2023,3,1,14,18460.333333333332,46546.95127891504,16.006157346382334,22.48217074655388,10.74821678708921,10.599725633860299,3.1127225838223422,2.9665502583101824,0.3262815448702514,0.3252920748740139
2023,3,1,15,6790.333333333333,133874.82639059922,17.72087771832507,56.563098504489574,11.804660510946963,11.602661688667657,4.035356802699007,3.854948809503286,0.42000632848784014,0.3755825811277465
2023,3,1,16,38416.333333333336,69557.89773860648,15.50325816276063,32.029513391349994,11.149914745737314,10.860924657226102,3.4666577712281104,3.174591771138937,0.5665386315463244,0.574748950073981
2023,3,1,17,19321.666666666668,65033.40873380456,14.423686707495904,29.571866569228344,11.0826563973551,10.886331557225281,3.3868234556201653,3.197122256994154,0.34611428313555775,0.35406536717382997
2023,3,1,18,15847.0,61138.0758365497,14.40722744578364,28.436696456401545,11.02089012351599,10.898322077705854,3.34768043983376,3.2292966943856602,0.27129199986102204,0.2584110577494857
2023,3,1,19,1790.6666666666667,54782.18675237363,14.98771407297096,25.365421327568423,10.911120360829639,10.844255016386562,3.233386881468849,3.1646272181066997,0.14376922540919934,0.15077013825761956
2023,3,1,20,44691.833333333336,103289.23645031701,15.57365066697495,49.19154070197834,11.545288452682883,11.372838028260619,3.8957216717637504,3.721900039501684,0.4111582309596898,0.4074030621689771
2023,3,1,21,150967.83333333334,50510.64966201249,14.16825880126782,23.45009102034037,10.82993947742675,10.618591086559759,3.154874376349164,2.96105546744741,0.4379093139196048,0.4009721585322141
2023,3,1,22,6083.833333333333,46354.013686720726,15.167739637837986,23.23874164213891,10.74406316242761,10.63775308823079,3.145820784310304,3.048290422057698,0.2187337296885495,0.19950332239975313
2023,3,1,23,14289.166666666666,38845.69698543065,14.349145623141075,18.393695394808134,10.567352589955709,10.449520303452088,2.9120079643133847,2.802549055564974,0.2654043137623007,0.25168570311551314
2023,3,1,24,4948.166666666667,55384.735789334656,15.305870861261745,26.595834834443323,10.922059307502437,10.786484528713205,3.280754618355612,3.1548779736025327,0.3223950353119268,0.3006801617661825
2023,3,1,25,9124.666666666666,47527.62596327435,13.839300065755827,22.746532764183055,10.76906642018628,10.630498526281132,3.1244127278120137,2.9914891328810653,0.34047728436265257,0.32723879723124
2023,3,1,26,2832.8333333333335,45397.82376929315,14.048126139907042,22.525117704801925,10.723219448283473,10.67320068411521,3.1146310289991472,3.0754920349483035,0.1070905300805296,0.08393618734625956
2023,3,1,27,464.33333333333337,45626.12118780578,13.966259870782483,21.51008924827013,10.728235664562161,10.711710343871788,3.068522092423524,3.051610009578638,0.035531530410296115,0.035409998647925586
2023,3,1,28,38879.833333333336,44836.31408585917,13.55990895022698,20.525648343953723,10.71077367233233,10.559741284236276,3.0216752428519627,2.8863719418441414,0.33310416164831197,0.30610787319156707
2023,3,1,29,75166.5,37246.49415240594,13.269603702003772,17.812872644003786,10.525313102664516,10.409180296423017,2.8799213781751662,2.7769328319856985,0.25352833050853363,0.23007006336076188
2023,3,1,30,54036.333333333336,46369.507413937616,14.195855874750938,22.285008999686802,10.744397354381867,10.576862345580984,3.1039142102434814,2.9485508734758814,0.32586683224280333,0.2959765736657789
2023,3,1,31,21835.5,46693.07999196695,14.400051903246242,22.305581458123577,10.751351252633707,10.611157859732858,3.1048369367508104,2.964861909129128,0.31861939454302635,0.3280922306212658
2023,3,1,32,5354.666666666667,28510.274377507554,12.656810258964143,14.029553632848437,10.258019805764567,10.164469452874139,2.6411660784156994,2.5435847613381686,0.18945440113000273,0.2006361250204412
2023,3,1,33,6942.333333333333,60045.692414325655,13.673548758822681,23.06223087121278,11.002861091618364,10.932102915085709,3.1381962521917472,3.0405248079076728,0.15169156312077,0.2054668704161121
2023,3,1,34,37774.166666666664,71159.28393326401,14.22593041981954,31.742822875590573,11.17267607895882,11.024821123643092,3.457666648622784,3.301532998858456,0.27867269080065893,0.2939121362290575
2023,3,1,35,57841.0,42919.88230743033,13.2173141312679,20.502784353445133,10.667090454602718,10.516664848169825,3.020560699040648,2.870305028995093,0.3202091689759291,0.31682440941717055
2023,3,1,36,112132.83333333333,32887.80927618391,13.583485063102245,16.253983363245634,10.400857329369215,10.234768732732427,2.788338008782171,2.6386274353775887,0.348908247108561,0.3223428571966203
2023,3,1,37,43773.333333333336,38609.68617233079,13.873537922631739,17.79779411772512,10.561258461080488,10.433571137035926,2.8790745236480833,2.7633945575842542,0.27507856261627983,0.25391382246814403
2023,3,1,38,48487.833333333336,35707.9080003031,13.204783330526215,17.08389211957545,10.483127455850966,10.362102305778665,2.838136038254029,2.7243977678765754,0.276300316082809,0.2651787357944135
2023,3,1,39,31995.666666666668,39263.15939484693,14.395251440299207,18.845812921277805,10.578041938226013,10.41549358651449,2.9362907630281843,2.782431179947924,0.3641621151681115,0.34652268708934375
2023,3,1,40,1247.3333333333333,38828.29961499298,12.35595938001069,16.130945457251126,10.566904631269662,10.382340204720483,2.7807395052520154,2.5277949032113196,0.43414733321611393,0.5778362570335746
2023,3,1,41,3036.6666666666665,27729.496284836714,14.016684961580681,12.505708177505515,10.230251973455179,10.091860445779533,2.5261851942738986,2.38339874959911,0.3376457762185523,0.3125942379728457
2023,3,1,42,19754.666666666668,34918.92600482756,12.944401322894167,16.6221477305528,10.460784253605068,10.313595464753414,2.810736006743415,2.6721707196404756,0.32703885086094503,0.30521150729270274
2023,3,1,43,751.0,41381.97410620724,12.195295162006213,16.322322038846323,10.630600656933165,10.480770674992762,2.7925336212069207,2.616928974886696,0.2701764862251722,0.26503552681386877
2023,3,1,44,34804.5,53008.25894127015,12.915839426894031,24.306325729884705,10.878203009474738,10.736747792702177,3.1907366345718757,3.0513920409940236,0.28208037858239327,0.2729425173802305
2023,3,1,45,22440.666666666668,48999.63431952444,13.262009447134664,22.766939723903775,10.799568114198069,10.686906249521224,3.1253094715660126,3.0271514922786915,0.24266562275833894,0.22408244533125127
2023,3,1,46,18267.666666666668,49483.3914977034,12.957648303924966,23.2896780409618,10.809392366956653,10.71183433830048,3.1480102598832147,3.059422439370489,0.20388647490757641,0.1887189119481301
2023,3,1,47,72863.33333333333,50455.265707725826,12.683841895786633,23.025511445874127,10.82884239511657,10.690348655466249,3.136602794527643,2.9987913987219352,0.28300801754090676,0.28396420238206804
2023,3,1,48,1311.3333333333333,76567.08892016386,13.043213014743264,28.501072955465947,11.245922614841463,11.140878976147182,3.349941734126162,3.291501766631564,0.23006806602192229,0.13780793093370763
2023,3,1,49,14489.666666666666,59220.847847420024,13.387080448135453,26.74570052084104,10.989028918463262,10.840130487003883,3.286373732230997,3.141835534783164,0.32484977743575055,0.307816941781021
2023,3,1,50,3016.1666666666665,54884.18603109615,12.788970547604576,26.63884263310509,10.91298053556772,10.821693871663813,3.2823704000251777,3.192688435150582,0.18057855690882682,0.17675347450394097
2023,3,1,51,404.6666666666667,47692.591207523925,12.443163097199342,23.63742954884995,10.772531344215956,10.759868801430597,3.162831453497848,3.1536701787313075,0.025583754746725085,0.017803857013374398
2023,3,1,52,193.66666666666669,38840.39773805986,11.783132530120481,21.306129372666717,10.567216162776615,10.541064008777035,3.0589947952942316,3.0287967427080336,0.05568955751548786,0.06918117931359175
2023,3,1,53,8645.833333333334,43460.911909038085,13.988356626506024,20.732344924247066,10.679617236310905,10.562514232127254,3.031695037476688,2.9145740510890406,0.2221154929447161,0.22141319112407287
2023,3,1,54,5695.0,35592.298295410525,11.59332748024583,17.510584470001127,10.479884553418687,10.364916256712924,2.8628055249526305,2.747084714775256,0.24869419980658886,0.25463074538125685
2023,3,1,55,4918.666666666667,58793.54114728942,12.896110056925995,25.998648949999886,10.981787283419523,10.80825378893658,3.2580445732097916,3.075292887763253,0.2955497927761039,0.3037570864795077
2023,3,1,56,1852.1666666666667,39555.504717937576,11.983622784126698,17.938382102256742,10.585460147276443,10.509299332622712,2.8869426687431505,2.8252026939076864,0.18334199760933387,0.1504121792074132
2023,3,1,57,666.3333333333334,44260.413928488204,13.605302651325662,19.508311450170865,10.697845965763934,10.593408937611857,2.970840602974149,2.885827424197015,0.18848186523752805,0.14849305591052983
2023,3,1,58,9846.166666666666,45526.85471901365,12.580022682262133,20.086745939016836,10.726057644436192,10.619676765008595,3.0000601915421976,2.9032101323016817,0.234481578127663,0.2124513720722454
2023,3,1,59,2368.0,42540.296868636106,11.957066441441441,20.766373472676698,10.658207067306185,10.547484573076307,3.033335018534942,2.924484101297725,0.21623552089694068,0.21255514450743004
2023,3,1,60,2991.5,35504.97268301042,12.890634575742382,17.02714571871746,10.477428041231597,10.323375688064768,2.8348088774988773,2.6944740399670923,0.36598205998303485,0.3196835794823156
2023,3,1,61,58098.833333333336,44164.17757733944,12.40590602794663,20.183348784708116,10.695669277412719,10.504559020552968,3.0048579468818852,2.8415004169066136,0.34081262469279455,0.31936356705677793
2023,3,1,62,38993.0,40896.94962728017,12.611323399926482,18.86416718514377,10.61881075800948,10.500980959193583,2.937264206411794,2.8237978157948462,0.2725039604677313,0.26264426347771674
2023,3,1,63,15854.833333333334,49646.923904907475,12.983464558651935,22.610506560241916,10.812691711963005,10.653683591736632,3.1184146902955154,2.978605720392909,0.3381615316849315,0.3149603721732852
2023,3,1,64,207658.83333333334,47008.9790767056,12.865209201310162,20.728487297849167,10.758093906630805,10.609376559472919,3.0315089521425413,2.898481454681851,0.31907129116435645,0.289157386519445
2023,3,1,65,10569.666666666666,56137.27347404378,12.82077643571226,21.80051929833066,10.935555282189345,10.818277740939637,3.081933790535669,2.9484368280410167,0.2645584407677175,0.2838394483595508
2023,3,1,66,126882.33333333333,37213.34386093395,13.145318365835013,17.93600466826424,10.524422681880727,10.390084225456398,2.8868101266032,2.762512913394935,0.29028813502349265,0.2660937558962091
2023,4,1,0,707924.6666666666,,14.663919513093203,,,,,,,
2023,4,1,1,186442.83333333334,67155.27400559354,15.594501263568725,31.39640363271812,11.114762739531315,10.953130640577424,3.4466933523648207,3.2881435721860335,0.34184562881203645,0.3411589725183981
2023,4,1,2,131794.5,66399.12206460048,15.611566997611181,31.614229342965917,11.103439113458448,10.96285204529699,3.4536073149036772,3.3195164490348006,0.2701213747389464,0.2614569908285487
2023,4,1,3,1048.3333333333333,72495.95833889885,17.10047694753577,33.5219832122711,11.19128609223917,11.159341553784532,3.5122014389075873,3.492664608044585,0.06168232226282272,0.038633213114026156
2023,4,1,4,7763.666666666667,82666.59859547169,16.325662272980978,39.1026889645134,11.322570913036795,11.243074777789529,3.666191236097602,3.5898117378025893,0.18265054909417588,0.17512625127545062
2023,4,1,5,45601.833333333336,69691.41032534656,15.785739608422174,33.5519182942778,11.151832351354308,11.01263476834353,3.513094038959824,3.3765678528725465,0.3102054755880859,0.3019262584099554
2023,4,1,6,11020.666666666666,70112.85469812517,18.23035509043615,33.13465846970164,11.157861432789357,11.050325778738413,3.5005798182500594,3.377554946467611,0.2707041108610138,0.32427330570687374
2023,4,1,7,9982.0,107682.69217967993,19.180792092433045,45.18972841881757,11.586944146234666,11.301864744110333,3.8108698136422965,3.4485540955419656,0.5504110254275336,0.6539239751214971
2023,4,1,8,100118.0,77633.85505542652,16.281684279217192,38.74392555165839,11.25975888751785,11.13327721016167,3.656973983554027,3.5249730572943045,0.27734624281910886,0.2938584024874471
2023,4,1,9,20139.333333333332,64750.77888247775,17.258995663543978,31.627374801981794,11.078301008562452,10.952551079628593,3.4540230367811637,3.3267028219340324,0.29779384632134503,0.30195597816277675
2023,4,1,10,10023.5,56060.80722145551,20.003392028732478,26.238698200532923,10.9341922238562,10.786791433350572,3.2672353515850308,3.129128581666195,0.30877524307967,0.29075956799526387
2023,4,1,11,174953.66666666666,45861.90626056996,16.11174387123448,22.137481332106397,10.73339012250331,10.598234297500825,3.0972721598384165,2.962821279688193,0.3057660989441857,0.298008265249735
2023,4,1,12,2013.8333333333333,43291.50362938698,17.372341305967062,21.673796795346476,10.675711673706392,10.578259106107875,3.076104009953784,2.9828227104783465,0.2671779877871386,0.25617036368002816
2023,4,1,13,14209.666666666666,74203.33886286333,16.673133313002886,35.30364916168146,11.214564426294881,11.050057402251513,3.5639863342813802,3.406399209150815,0.3816895466334386,0.3619329196059517
2023,4,1,14,40978.333333333336,50279.42988147158,16.617236751128644,24.11948870051873,10.825351323767018,10.707454426714918,3.183020173480019,3.0644895649512236,0.30516633700406054,0.3021259726349045
2023,4,1,15,12400.333333333334,109019.75082436971,17.785140184403645,49.72276924330289,11.599284345020079,11.417628671139594,3.9064629618594613,3.729659364750169,0.3297420360410217,0.3388068186870249
2023,4,1,16,31967.166666666668,72329.16845732984,16.298504194407805,32.313102670381866,11.188982763265832,10.820012290118443,3.4754728034024702,3.1703572745123934,0.7094989629833826,0.6385803132727326
2023,4,1,17,60353.5,53457.31403522866,14.352070164392565,25.858970514673537,10.88663874591722,10.734636907000029,3.252657562600522,3.0924771431275295,0.28637953133983696,0.30534810170065807
2023,4,1,18,7845.5,51179.825036967784,16.08161791260383,24.447352620443496,10.84310069112583,10.746363736294303,3.1965219327759984,3.0960635331159057,0.21042526413579868,0.21520795666922096
2023,4,1,19,2109.6666666666665,62804.74106862638,13.087533575604361,30.217544472326402,11.047785844330058,11.016447225316988,3.4084226984911514,3.375708756694113,0.06736151502708249,0.07124850314705422
2023,4,1,20,21168.0,69803.85598689922,15.340262030738222,33.9941966869881,11.153444530589924,10.981031789295828,3.5261898243708827,3.3602332912475332,0.34819353870899783,0.33440915144196043
2023,4,1,21,174348.5,41204.04103959503,14.270028133307715,19.983508080288683,10.626291614013063,10.368199974194733,2.9949073374021427,2.767157150282489,0.5047209799104003,0.45520134323926287
2023,4,1,22,38325.0,43679.98209215202,14.895481626440532,21.227396491605198,10.684645200440498,10.556533803710277,3.0552926347332297,2.9314937717517235,0.29630979852524597,0.2868370801427093
2023,4,1,23,51512.833333333336,36389.14623948927,13.903836260867033,17.829462356511783,10.502025828926456,10.397679250398083,2.8808522775511904,2.781471704709265,0.22933438196601505,0.21965905426234358
2023,4,1,24,12295.333333333334,45191.930498916874,14.477769343382313,22.21776228542929,10.718673821097138,10.622493247179404,3.100892071913766,3.010047526643574,0.22299907370307245,0.20512682037564017
2023,4,1,25,25373.333333333332,43583.838275677685,13.899211770888071,20.549466357914405,10.682441678867152,10.574924539150487,3.022834972620369,2.933636042386728,0.19018695018002096,0.18443162920101497
2023,4,1,26,3703.0,42132.27873840894,13.23287424610676,20.738064745282664,10.648569441770704,10.471568739271396,3.031970888191328,2.866646017641095,0.414821344983668,0.39092042367646274
2023,4,1,27,1621.8333333333333,44667.28566583201,13.639091563045936,20.82701516553291,10.706996648359183,10.639044736626118,3.0362509500235566,2.9711746626266686,0.14326991467424793,0.13138418776584787
2023,4,1,28,24905.833333333332,42050.893018553164,13.883333890989395,19.967388516913488,10.646635902239876,10.464339806290196,2.994100368566751,2.8123589077698545,0.3621882133069276,0.33699022742669626
2023,4,1,29,44788.333333333336,38614.131327952244,13.674855803222565,18.433614783660282,10.561373585034994,10.404340035719846,2.914175888296615,2.772276903260643,0.34678195621606195,0.31814188892695017
2023,4,1,30,156991.16666666666,40617.01418741717,13.868725098121233,19.796664418401956,10.611942326460674,10.483206346491336,2.985513459791811,2.8579339990006685,0.27681016203978726,0.27394439921961117
2023,4,1,31,61280.833333333336,43652.06983572365,14.35415097161973,21.266795908007882,10.684005979060428,10.562656072224556,3.0571469788432224,2.931981399355762,0.2546147752820353,0.25695095283147645
2023,4,1,32,21821.5,29274.130059485233,12.987710896745563,14.592167021047983,10.284459471866748,10.109139703589829,2.680484879336096,2.5051694059121496,0.3931978987951364,0.3907192558460031
2023,4,1,33,560.0,50940.85208697748,13.611904761904762,18.754026603442743,10.838420475660481,10.600792184053388,2.9314084815440835,2.788274099057981,0.4214686480768242,0.24241194760713478
2023,4,1,34,20385.0,55866.63422113687,13.9249284604693,25.514942538508873,10.9307225975946,10.78795807441651,3.2392642624463353,3.091998186649131,0.2769253822742259,0.2974892233451914
2023,4,1,35,29927.166666666668,40701.05364476716,13.10597394786231,20.073766151202918,10.614009259173413,10.437878482011259,2.9994137959864484,2.82782628494001,0.3698594154515945,0.35329377306045534
2023,4,1,36,92222.83333333333,31374.37243732483,14.175726546390356,15.761183893731292,10.353746674236428,10.142262498107348,2.75755020176897,2.555362536801264,0.3673356702983381,0.36719593750993657
2023,4,1,37,211248.66666666666,36767.94241507369,13.880650923240541,18.026033626162096,10.512381614477588,10.346502292388935,2.891817025558091,2.724794762000654,0.3158591156833963,0.31613045167225867
2023,4,1,38,16488.0,30735.671668063354,13.229742843279961,15.112068142075456,10.333179202626429,10.172564202568907,2.7154936393258513,2.551034606528309,0.34974433224216545,0.3620746267908911
2023,4,1,39,86298.16666666667,39113.096916319075,14.789055001168428,19.18483814934011,10.5742126493837,10.344031831606296,2.9541202873505914,2.7342248413860775,0.49291894442095735,0.48945035310404894
2023,4,1,40,225.33333333333334,54527.193462355266,12.928994082840237,25.624792866408075,10.906454818822906,10.645707735019485,3.2435603541637787,3.0122718810786027,0.24255188760587415,0.22406925170449146
2023,4,1,41,1241.6666666666667,39216.93801870319,13.310335570469798,18.285834531683992,10.57686402476741,10.552338047512915,2.9061266907941508,2.884103465241249,0.04889179036207212,0.0412411621879143
2023,4,1,42,5532.833333333333,32206.222165519932,13.971563695514655,15.326342797058535,10.379914947819065,10.153734865380603,2.7295730993252527,2.5016357876322646,0.5188711348573779,0.49930902185331927
2023,4,1,43,35.666666666666664,53039.354915587995,12.0,12.999841891075489,10.878789462560821,10.878789462560821,2.564937195162614,2.564937195162614,0.0,0.0
2023,4,1,44,1627.5,47579.391647867924,13.340296979006656,22.395980677969362,10.770154997896014,10.621561704537571,3.1088815087415598,2.9682413809114903,0.3883193478561557,0.3559734973364565
2023,4,1,45,1197.5,65999.80259168132,12.539178844815588,32.41423832549636,11.097407029968958,10.809697266915482,3.4785977807570676,3.1920699106334,0.5170643010260902,0.5159210881703187
2023,4,1,46,943.3333333333334,38801.64177256108,15.09434628975265,19.194597777298977,10.566217838441965,10.393625152782212,2.954628873677284,2.782488093824908,0.465244245208263,0.46221410443711936
2023,4,1,47,5699.166666666667,51726.79809362813,13.31726860652142,24.4448173571905,10.853731264573641,10.714047262569666,3.1964182244212074,3.0769156677306633,0.31688269305798406,0.26964096562194423
2023,4,1,48,52.0,87016.7713073171,18.442307692307693,41.468252301950244,11.373856152705592,11.372605117684513,3.7249281296988976,3.7180069209294264,0.002622324941262823,0.015086735299755495
2023,4,1,49,5339.833333333333,45182.52062932856,13.15090982864634,21.346937822799728,10.718465579287535,10.57948090651452,3.0609083018844,2.923313117385784,0.30785425080524703,0.31805579639587533
2023,4,1,50,191.0,43048.88266737532,15.111692844677139,21.102393464399672,10.670091555218834,10.665587794585157,3.0493864683805714,3.0448827077468943,0.009177760624531189,0.009177760624548888
2023,4,1,51,297.3333333333333,10195.179999999998,13.0,4.99763725490196,9.22967033856628,9.22967033856628,1.6089652517280182,1.6089652517280182,0.0,0.0
2023,4,1,52,304.66666666666663,38851.76883530605,16.283369803063458,19.192026461505755,10.567508884625648,10.545791440137064,2.9544949043143585,2.9334218502680223,0.047716695389149424,0.04671603566532304
2023,4,1,53,26767.0,39879.712690384615,14.475448624550129,19.83857612456745,10.593623019696379,10.43915341062314,2.9876283313663397,2.8313887909610114,0.29708095711826277,0.2982895308815428
2023,4,1,54,6780.5,30393.890778015142,13.536219059558046,15.495570407143095,10.321996905949394,10.181094196993481,2.740554202897946,2.589726678214039,0.30453984332053724,0.2973996815163913
2023,4,1,55,244.33333333333334,111207.68927145645,16.005457025920872,53.41580101225125,11.619154806532606,11.36789865442668,3.9781066013024713,3.7251795486458192,0.5963485421499632,0.5887183341372928
2023,4,1,56,212.66666666666669,36661.308327879604,12.95924764890282,18.1578194592951,10.509477208915088,10.37251120294746,2.8991012921363457,2.7716145827625818,0.28560121050299236,0.26483950604856143
2023,4,1,57,289.0,64635.68375892773,12.018454440599768,31.68415870535673,11.076521917434086,11.022332579068552,3.4558168305958237,3.40162749223029,0.1563998108086196,0.15639981080861007
2023,4,1,58,1843.0,45723.2451029442,12.70410562488696,21.524361028537793,10.730362093144631,10.626108942166127,3.0691853647878315,2.970790565607408,0.2080240761708246,0.20060941981828745
2023,4,1,59,967.0,40252.93016678896,12.515684246811444,19.07747553805329,10.602938079371858,10.502759061408085,2.948508347940142,2.7688758236063733,0.20409049979927713,0.44333984513734376
2023,4,1,60,3481.6666666666665,31071.58383980049,12.551268549545238,15.260304183534355,10.34404897758608,10.160541294387453,2.725254959047837,2.573894423631576,0.40836373700764855,0.31849130624215477
2023,4,1,61,26858.5,37299.8483114195,12.756793318068146,17.584614440857656,10.526744538905662,10.41094771022648,2.86702434022966,2.755319063931224,0.2537374024850554,0.2417112014377391
2023,4,1,62,20569.666666666668,37383.93287610745,12.80784002333533,18.049693749132647,10.528996288854026,10.406710128844328,2.8931287178278966,2.7717940118008344,0.2839585725800047,0.2825653588653357
2023,4,1,63,10909.666666666666,39111.81260137664,14.13969262733356,18.4985058404616,10.574179812913822,10.452723487553566,2.9176899634421263,2.801826365195867,0.25885000834915395,0.24417240063316595
2023,4,1,64,36641.166666666664,39627.57590920396,13.597720232707292,18.9879618424113,10.587280516239046,10.434268988977424,2.943805191123712,2.806362312749635,0.3489719468560048,0.319100449987615
2023,4,1,65,970.6666666666666,74131.30644273656,13.190590659340659,28.36863961699611,11.213593211166542,11.175397553995428,3.345284296208102,3.295563591499686,0.09188726602374248,0.11274753769030263
2023,4,1,66,46696.0,30909.36146126683,12.861494203643424,15.324012868356915,10.338814376914298,10.23232782063413,2.7294210665898717,2.626803067134594,0.25350825423246615,0.24030950674513044
2023,0,2,0,6765691.166666667,,12.982903594451683,,,,,,,
2023,0,2,1,4179846.1666666665,127279.29682909136,15.46826384400032,,11.754139138397816,11.492669890908333,,,0.5134609065712774,
2023,0,2,2,1698242.3333333333,113842.73143939358,15.64259193868484,,11.642573226145897,11.36356003978623,,,0.49949701692151816,
2023,0,2,3,49165.5,126206.74693032744,17.133752326326388,,11.745676689865645,11.578996736436652,,,0.3685494608592942,
2023,0,2,4,415823.8333333333,130617.22188839255,16.35601013730574,,11.780026354576298,11.650590903400166,,,0.2700001316167734,
2023,0,2,5,746408.5,104799.08945717862,15.422534487928974,,11.559800362445634,11.384152365500759,,,0.3463765857329419,
2023,0,2,6,160094.0,115339.99257286424,17.792488579626134,,11.655639502775992,11.505233459080474,,,0.292694933778613,
2023,0,2,7,255135.83333333334,305171.8307279207,18.95190339786323,,12.62863027638674,12.34654453225998,,,0.700678261574651,
2023,0,2,8,841157.1666666666,98204.84329994506,16.313108549076144,,11.494810813899699,11.36633685327172,,,0.2829607557837033,
2023,0,2,9,272618.1666666667,93363.23515177151,17.49321731432669,,11.444252918799767,11.293094915326423,,,0.2977567097243169,
2023,0,2,10,228060.83333333334,95615.70491456465,18.355727455759244,,11.46809236289645,11.32542109731752,,,0.2800004093250099,
2023,0,2,11,1806987.3333333333,63732.22409986914,16.90480628714977,,11.062445586489115,10.930016757752506,,,0.29749795307480353,
2023,0,2,12,61873.5,66078.93549243835,17.526057197346198,,11.098605298689169,11.014729645612961,,,0.1859549738572801,
2023,0,2,13,165943.0,125992.88943871685,17.29658276235414,,11.743980751315155,11.516638923691723,,,0.4622131526058046,
2023,0,2,14,313101.0,63378.392855637154,16.460870453942977,,11.056878275644097,10.92380339041915,,,0.2950291393448578,
2023,0,2,15,282157.5,221262.06018257595,18.6793179932012,,12.307103070684377,12.033513595233426,,,0.5500000895227309,
2023,0,2,16,505026.1666666667,90587.11551587167,15.590406371683052,,11.414067269068767,11.133863539491674,,,0.5881189865096353,
2023,0,2,17,432987.5,80242.96420251824,14.234074501765832,,11.292814363659849,11.0571426528609,,,0.391466801228967,
2023,0,2,18,175969.33333333334,77556.13950759383,13.881153534327952,,11.258757333847486,11.125009128280459,,,0.2927327927962546,
2023,0,2,19,19328.166666666668,69928.59585272052,13.659158913157826,,11.155229941170145,11.028331809827268,,,0.24753137062238986,
2023,0,2,20,555698.5,142437.55897957203,15.61827681737489,,11.866659000061299,11.619566418416516,,,0.5078449287201098,
2023,0,2,21,2097442.3333333335,99031.32267976248,14.014101937168872,,11.503191469780415,11.117865093475197,,,0.7372887838113068,
2023,0,2,22,381733.6666666667,53520.69414838885,14.00484980365892,,10.887823664605685,10.742163871386438,,,0.2865045650264922,
2023,0,2,23,220125.5,46316.46907595229,13.33630815148631,,10.743252880411086,10.564816153649792,,,0.31487147866838866,
2023,0,2,24,79536.0,59913.93388523497,14.326910665191445,,11.000664376171024,10.802411258300678,,,0.37809492091312624,
2023,0,2,25,284460.5,54864.738855771364,13.545148330494627,,10.912626141653641,10.778945221077327,,,0.24583104472610498,
2023,0,2,26,8871.666666666666,51009.12254919621,12.970430208529026,,10.839759769224155,10.72698552835204,,,0.2813870131122058,
2023,0,2,27,6270.666666666667,62134.69827327911,13.712763129917075,,11.03705986024181,10.816191391001432,,,0.41342990554947984,
2023,0,2,28,171884.16666666666,54952.71355291375,13.088886410906571,,10.914228340831137,10.768964364669758,,,0.3329111798616694,
2023,0,2,29,470508.6666666667,56775.95039450829,13.05385873161387,,10.946868106499144,10.757839750639102,,,0.35698332407184896,
2023,0,2,30,605853.8333333334,60536.366572283296,13.884589599856731,,11.010999563798789,10.824095864288548,,,0.3523466547865174,
2023,0,2,31,386305.1666666667,58534.10694170258,13.996185226619197,,10.9773648879716,10.778147146894637,,,0.3501736230621064,
2023,0,2,32,147353.16666666666,31443.035485038734,11.330216859947587,,10.355932790388957,10.199328051450145,,,0.28368974791641105,
2023,0,2,33,115970.83333333333,99193.69772749953,14.076589659756404,,11.504829760282,11.405671637350917,,,0.20667358392185825,
2023,0,2,34,368736.6666666667,91526.17079940224,14.507910342520859,,11.424380230033384,11.302610652719538,,,0.27126334685273423,
2023,0,2,35,152517.33333333334,57426.90609702428,13.209433026191558,,10.958268219814864,10.733531043374793,,,0.4441698160159333,
2023,0,2,36,701288.1666666666,39288.6279152211,12.291334826933959,,10.578690389958018,10.38590304912901,,,0.3738411066802932,
2023,0,2,37,657573.3333333334,42836.513523073416,12.840912547143029,,10.665146137568094,10.49496367858648,,,0.3233424246008662,
2023,0,2,38,339793.5,46244.55519026169,12.043190447531614,,10.741699010394404,10.55102389491508,,,0.36689666855294517,
2023,0,2,39,469589.3333333333,51503.54176999572,13.602894160003634,,10.849405856520052,10.618886028256979,,,0.47136973128221676,
2023,0,2,40,94994.5,83189.8771423139,13.299392771862232,,11.328880950444457,10.91316218915926,,,0.8194860984861829,
2023,0,2,41,90363.5,47231.544009637444,10.916479920912021,,10.762817253646041,10.5144778538567,,,0.4560430699821935,
2023,0,2,42,236953.83333333334,49659.48466326578,11.909772156742205,,10.812944681707986,10.580446505507018,,,0.44044649035593475,
2023,0,2,43,26615.833333333332,65568.61065157752,12.377989292088044,,11.090852364251383,10.867683933308497,,,0.422260452399304,
2023,0,2,44,406535.0,68007.38196559556,12.496332419102906,,11.127371536583798,10.987343442511627,,,0.3129488487051947,
2023,0,2,45,180069.83333333334,70118.40476704751,12.874956845446073,,11.157940588734279,11.01667969915134,,,0.2902813959109609,
2023,0,2,46,217582.0,67358.97947016504,12.630785941239012,,11.117791498417905,10.969338063964214,,,0.31857735036817475,
2023,0,2,47,1267813.1666666667,67281.40653514877,11.832901114898764,,11.116639200123148,10.924446817506542,,,0.39441195033408644,
2023,0,2,48,30027.833333333332,84581.872571201,12.149944218419577,,11.34547525042672,11.204630774561545,,,0.3275854571855781,
2023,0,2,49,161254.33333333334,76864.61982487307,12.980192780349054,,11.24980096932358,11.098353577866568,,,0.31641643175566936,
2023,0,2,50,65187.333333333336,65945.98752783594,12.592794101103486,,11.096591315170015,10.967187654106128,,,0.2607663713735865,
2023,0,2,51,8276.333333333334,58509.142545694456,11.650227556486367,,10.976938303841441,10.762279134280588,,,0.4159556124538253,
2023,0,2,52,8884.666666666666,50649.58787906049,12.735368049823666,,10.832686373001287,10.551816596096483,,,0.5843472168588694,
2023,0,2,53,160312.83333333334,52363.15337421331,13.501507989067209,,10.865958443080775,10.71630123869587,,,0.26125224440285444,
2023,0,2,54,69172.5,41448.09727328886,11.983671256641006,,10.632197255367204,10.487599512215345,,,0.30409908044570916,
2023,0,2,55,58331.0,88692.34706926967,13.163189384718246,,11.392928885762245,11.238770654085853,,,0.331598150030894,
2023,0,2,56,20693.333333333332,52625.469799699735,11.902657860824743,,10.870955498255043,10.747371533142974,,,0.2787773078966038,
2023,0,2,57,5776.666666666667,59785.98134251604,12.013098672821696,,10.998526486746288,10.802075676619856,,,0.3965130177003092,
2023,0,2,58,71461.66666666667,52707.80203858177,12.048823378501293,,10.872518769844584,10.753347289206014,,,0.2510149599664484,
2023,0,2,59,20772.0,52889.38452804403,12.8758825983696,,10.875957927161991,10.736060588077905,,,0.25817178988457323,
2023,0,2,60,33169.666666666664,35851.9391162043,11.317137143373968,,10.487152934277782,10.354910647890872,,,0.2712448739319991,
2023,0,2,61,358929.8333333333,57886.94771167709,12.283911107974216,,10.966247210025328,10.789030023948056,,,0.34213989431875286,
2023,0,2,62,248372.33333333334,53487.19575128256,12.187245090368357,,10.887197572487956,10.743588903296953,,,0.2982277606585034,
2023,0,2,63,131091.66666666666,63269.664725109345,13.111653423177167,,11.055161263013714,10.895395441893884,,,0.33446564635947723,
2023,0,2,64,929974.5,59868.68189709077,12.36823142283292,,10.999908807593705,10.820222314454176,,,0.36955150074762955,
2023,0,2,65,139419.66666666666,80230.41748322686,12.294345130648713,,11.292657992314206,11.128204026852254,,,0.3193382372796643,
2023,0,2,66,445901.5,46478.503916612026,12.077830342949435,,10.746745203327293,10.57844242697832,,,0.3303404645324175,
2023,1,2,0,1793837.0,,13.703269769401196,,,,,,,
2023,1,2,1,2162386.3333333335,146597.76747746422,15.330749716478353,62.54840970927358,11.895447839652048,11.625277392657035,4.135940812277544,3.874885386612014,0.5341484225405816,0.5261974547023954
2023,1,2,2,641402.6666666666,148374.29416597227,15.951056746464001,64.68909176363172,11.90749337480527,11.600439530951569,4.169592590130959,3.8910987686992624,0.5612167959134712,0.5190966319085428
2023,1,2,3,33883.5,131713.7827560013,17.19687556873798,58.587782507404306,11.788386534920821,11.622167655309743,4.070526185211243,3.9044801499804187,0.3655730273251375,0.36637025572672854
2023,1,2,4,326998.8333333333,134209.3369001313,16.350052217311685,60.40467446402984,11.80715607561615,11.677287907283342,4.101066493734753,3.974009576606747,0.26649872456181783,0.2695894763457136
2023,1,2,5,467007.0,112307.46672215524,15.401266647680512,51.490810024130745,11.628995627582622,11.448186930402889,3.941403345612901,3.7713838378217432,0.3521131842360915,0.33892995731314907
2023,1,2,6,80634.83333333333,122694.89087375373,17.787606266109147,55.979833630065734,11.717455990661357,11.562818768997301,4.024991512129796,3.874226088712011,0.28961883038886893,0.28878376403804656
2023,1,2,7,127958.33333333333,349164.9885900184,19.136156300879193,145.23811799186697,12.76329983615133,12.501363466322346,4.9783745885433355,4.71471809628548,0.6813923468830203,0.6840241565440244
2023,1,2,8,104191.66666666667,124703.45106162496,17.062704950811806,58.94773748735294,11.733693806197975,11.593250851830295,4.076651246049266,3.9385692977172826,0.29583048090797237,0.2907153190977104
2023,1,2,9,60372.0,112961.31023578461,17.643747653437575,51.81780377400254,11.634800651772624,11.450553609199233,3.9477337924141875,3.781939307523249,0.3297993867041958,0.30673001840126757
2023,1,2,10,97789.16666666667,106226.96847150473,18.828428506906864,47.110134631294486,11.573333295962216,11.40831832637529,3.8524881505150086,3.697846494222579,0.309408736497486,0.29521106026080135
2023,1,2,11,356329.0,74488.35110851486,17.446301966254033,34.50535598444187,11.21839803118247,11.108504020593228,3.5411145579137635,3.4273334910974502,0.22789961139947193,0.23430101370052028
2023,1,2,12,14504.666666666666,70757.62630206865,17.30482143677897,33.90510116127519,11.167015601951704,11.088740317816328,3.523565479799698,3.44813006613269,0.16373403835587752,0.1583131464081566
2023,1,2,13,57396.166666666664,147222.66587246556,17.295278139945466,65.33600754454912,11.89970145353505,11.640191239875941,4.179543301529048,3.941550324071078,0.537676404896127,0.510014860322206
2023,1,2,14,96186.83333333333,66915.29445116676,16.82972201670014,30.110838777886702,11.111182836596894,10.966863132829003,3.4048851992257565,3.2553861324597766,0.3152717073114191,0.3280756226264958
2023,1,2,15,151143.16666666666,244511.5456807975,18.899828970104505,99.73302269837423,12.407017808380512,12.13724991656067,4.602496842772023,4.357830872448562,0.5554815546176527,0.5092134725160713
2023,1,2,16,247797.16666666666,97568.5626712865,15.93370384245717,44.01925963062119,11.488310616736818,11.221024477773614,3.7846272570250536,3.5314750870021094,0.5548224751703825,0.5331222101737144
2023,1,2,17,94111.0,111769.22659507747,14.862230061664771,48.0633787174986,11.624191547744708,11.32413499574821,3.872520529907548,3.5978851546861286,0.49108899207477386,0.4635826639912432
2023,1,2,18,124732.16666666667,80650.53070220395,13.799458305996982,36.78367637152625,11.297880663844214,11.174990544425057,3.6050541699048675,3.4856654678282117,0.26262092058163045,0.25791239985134523
2023,1,2,19,10650.666666666666,74327.01909383123,13.956340761141714,33.62298561645014,11.216229813240084,11.080774072009445,3.51520992881002,3.397344723390058,0.2479805933878151,0.21662147934289497
2023,1,2,20,378602.3333333333,164512.33912739766,15.996650839447195,75.70631202479771,12.010740856267457,11.790641799028624,4.326861539065034,4.109007997736918,0.450143169294531,0.4485084294901216
2023,1,2,21,1071176.0,120056.95392103426,14.372492164375103,51.7384177057199,11.695721525178248,11.320142722731433,3.946200594645877,3.5918371905148283,0.7296933757212227,0.6902692745020903
2023,1,2,22,21271.5,73498.9429341655,15.433577008360167,33.55862538192246,11.20502630324942,11.03225652946693,3.5132939207458915,3.3589903941479364,0.30779675921334565,0.28307493480596
2023,1,2,23,32558.833333333332,67313.60680983099,14.213582591513825,31.199876400589474,11.117117676620847,10.87253808164905,3.4404141332880216,3.2130015107008516,0.432532428517868,0.40288816474021943
2023,1,2,24,16536.666666666668,75966.07398863326,15.118605119935497,36.31249363562448,11.238042124718206,11.013115236707801,3.592161859345319,3.362628519415376,0.3995078516738169,0.4043062174149005
2023,1,2,25,31100.333333333332,73499.94797531207,14.469062496650627,33.82696141441102,11.205039977381794,11.020093884893566,3.5212581594979406,3.3551251401499735,0.30365944082108176,0.2774988990182633
2023,1,2,26,2734.5,57944.61305049854,13.974766867800328,27.078110931793148,10.967242885870597,10.873992494083556,3.2987256868144037,3.216124586168139,0.2080469099435806,0.17788582351228574
2023,1,2,27,1628.3333333333333,84435.81291608063,14.44360286591607,39.3826476112039,11.34374691423447,11.214014061968474,3.673325303333003,3.5547504968919394,0.2515043162934349,0.2363294355063278
2023,1,2,28,80500.16666666667,58782.146852787875,13.745743797631889,26.395432741881898,10.981593462830743,10.832557082785485,3.2731909929842202,3.1309657357517695,0.33582664976723114,0.3244547058447352
2023,1,2,29,233134.83333333334,61969.87518715706,13.341421166149201,28.237861241665673,11.034403661869197,10.856420946094854,3.3406636746885003,3.1782832804046657,0.3366928093326781,0.30305746749536555
2023,1,2,30,155856.16666666666,78569.97754798275,14.420661357640647,36.01959394241906,11.271744940411685,11.054263170822582,3.5840630665698607,3.3852682906927596,0.40659125450763745,0.37424834204945534
2023,1,2,31,74675.66666666667,85399.19547087458,14.574805715382519,38.468096894690206,11.355091959016532,11.07129820706883,3.6498292456858437,3.399563572054672,0.47880272944303987,0.43475262882146776
2023,1,2,32,12531.333333333334,37597.59075608434,12.924110230355907,18.118268920759835,10.534695251689,10.367027315674516,2.896920761876751,2.7475324433360835,0.3515519913681255,0.3233076790777904
2023,1,2,33,101912.83333333333,100240.01773038732,14.098224463062389,37.10568657155092,11.515322766449296,11.417188194485698,3.6137702347289022,3.4977253792082315,0.20491865429335895,0.24301715827875128
2023,1,2,34,253132.66666666666,97142.4459952133,14.4410914961588,43.16804111694914,11.483933695685803,11.377278904919567,3.7651004325116677,3.65862721682123,0.23057636087781264,0.23147459728449946
2023,1,2,35,67787.83333333333,65191.96382613426,13.697497338509615,29.32051789428355,11.085091486117927,10.849731278374852,3.378287540378263,3.1648489110743214,0.4422124517420504,0.40649726885584797
2023,1,2,36,273245.1666666667,46638.565490115056,13.13432808509574,21.6308400964341,10.75018306347836,10.556760961800448,3.0741200786205427,2.903925294498688,0.36956328782501385,0.3264053178407132
2023,1,2,37,53890.666666666664,58919.270232211966,14.067315305062102,26.983883201278186,10.98392348476008,10.685860913491233,3.295239769306392,3.007055435330796,0.4751213910420146,0.48081570255772865
2023,1,2,38,177208.16666666666,53246.63671670529,12.59265515415486,24.597383912417513,10.882689921327312,10.703467254635745,3.202640092259606,3.036477978362044,0.34523200497213075,0.3203949299687997
2023,1,2,39,81438.5,65279.566772053935,14.592618970143114,30.827921641245464,11.08643435315846,10.872579643349068,3.428420826107841,3.2227577774222507,0.42391045918026576,0.40536755363440913
2023,1,2,40,79205.0,86917.14728504706,13.347204511499694,31.72482567525758,11.372710613825417,10.971622331807351,3.457099518715617,3.0593485011931247,0.7823035160521166,0.8038345527521394
2023,1,2,41,62835.5,50272.70803424746,10.88290324206327,21.235605454603824,10.82521762502379,10.590275279983421,3.0556792754663222,2.8334831320952607,0.4283787684710648,0.4200422984425821
2023,1,2,42,175444.5,51669.814214509686,11.985362892538665,23.30001453387996,10.852629025658542,10.623175054971261,3.1484539843431323,2.9363007210266128,0.43116796035590227,0.4031366082007987
2023,1,2,43,21847.333333333332,67401.67668507357,12.433782917823686,28.278478903706226,11.11842517322412,10.869991850431509,3.3421010525841415,3.1034145851765915,0.46746986167673943,0.46187972684569467
2023,1,2,44,359359.6666666667,69097.94817203139,12.568964797570493,30.678811875067062,11.143280315711879,11.003671844745371,3.4235722493823864,3.289250142728997,0.3125301397446427,0.3035052158011104
2023,1,2,45,154034.5,71682.09250230702,12.880495386855975,33.04380823075053,11.179996239498214,11.033988384114874,3.4978342032319762,3.355239859326467,0.3016719235724582,0.2943585938610936
2023,1,2,46,184735.0,68820.26073921943,12.67804332331899,31.109408309254114,11.13925346805716,10.995270503883093,3.4375102914182976,3.2972092183454897,0.30697273291896915,0.29944189847394403
2023,1,2,47,1138449.5,68323.76488762719,11.926882717825135,30.936120100297252,11.13201293361315,10.942372585285739,3.4319244365154993,3.2537839945310445,0.3864653391287547,0.36925902810761635
2023,1,2,48,26379.166666666668,85392.65207045131,12.1776528194598,32.422765488279126,11.355015334745284,11.212238876409078,3.4788608145905373,3.338564998861844,0.3383541896207581,0.3485119089676546
2023,1,2,49,108734.33333333333,82726.17276546928,12.958565678427238,36.09918594142895,11.323291309364686,11.183634091491465,3.586270314985657,3.4465728024353925,0.2812154880835049,0.2813119163626717
2023,1,2,50,57469.333333333336,67952.68829951812,12.657620296041946,30.26602794832853,11.126566981703514,11.003189583471752,3.410025893687673,3.2907160101180026,0.248509704876454,0.23799506416878377
2023,1,2,51,7394.0,59080.75807566102,11.809349923361284,27.310092419390653,10.986660567904583,10.77532658844612,3.3072563195659606,3.103605807529028,0.4087950104795907,0.3935458035038677
2023,1,2,52,3899.5,54909.73666489101,12.2749925204086,25.980209768478222,10.91344596450274,10.688378025301501,3.257335085439196,3.0402982896311896,0.4038233926953514,0.3979770789895973
2023,1,2,53,30038.666666666668,62701.1642411051,13.770584579874827,29.672181693019404,11.046135294887298,10.847582159871974,3.3902099635515093,3.2077226613388756,0.3077988318480881,0.2840972308423883
2023,1,2,54,31961.333333333332,46396.28853569056,12.028544908431021,21.47901227508704,10.744974746560155,10.60901139588687,3.067076285114446,2.9320377219409575,0.2772908059269261,0.27192333745541253
2023,1,2,55,50741.5,89730.9369185131,13.093260283331526,39.96894709689975,11.404570881767883,11.261827007234764,3.6881028300420096,3.55154803296711,0.29898418772873736,0.2903024519486912
2023,1,2,56,14478.666666666666,55323.545971458545,12.004765632194493,24.70192537832729,10.92095388299157,10.798116270534434,3.2068811911355124,3.097101846853769,0.26423843216162785,0.24872216595402152
2023,1,2,57,3664.3333333333335,54417.28378323979,12.20231056126626,24.557616213494203,10.904437098986474,10.780760275415878,3.2010220388571953,3.0811205998221167,0.2949583556143421,0.2866161265353108
2023,1,2,58,48285.833333333336,55507.815753997704,12.050511709783752,24.587112627693894,10.924279114216056,10.807341841431695,3.202222428743845,3.0948167996622216,0.2556750591919028,0.23981915849417296
2023,1,2,59,14597.166666666666,56291.73297993722,12.942123471449941,26.451674596265264,10.93830296462367,10.800753603548474,3.275319468068266,3.1406398224978633,0.23867183761842,0.23661020382264591
2023,1,2,60,9289.333333333334,42025.06584659248,11.649382804650495,19.634932740954387,10.646021525118956,10.534639105919839,2.977310262557052,2.8706806077047062,0.2297778798534077,0.23751582374172803
2023,1,2,61,205297.5,64554.73322124468,12.511719171771047,28.745682858086962,11.075268720019452,10.908277283128836,3.358487594510154,3.2050956252082243,0.3220473261764533,0.2987760720728152
2023,1,2,62,156453.83333333334,58319.4523093048,12.260530529240254,26.079297894973198,10.973690975508552,10.840163108227628,3.2611418154910545,3.1413202301498893,0.2714696674601419,0.24759395191962738
2023,1,2,63,71033.5,72376.93919989956,13.204267470043478,31.758226279814515,11.189643008297345,11.039242353052487,3.4581517872065057,3.3149378598094383,0.316744930935444,0.29148166337310055
2023,1,2,64,570120.8333333334,63793.95022666218,12.467024972776239,26.62876275574174,11.06341364080329,10.890640000139223,3.281991938203585,3.125370371562038,0.34889809189338483,0.3187296712330037
2023,1,2,65,119098.83333333333,81414.08879794112,12.311363251529192,33.87013423761899,11.307303618069621,11.152727673395445,3.522533630140958,3.3758521241714545,0.31092317393720015,0.2918644604980412
2023,1,2,66,245299.66666666666,50190.746262905406,12.52539682755378,23.103083912236723,10.823585951295273,10.653612415263435,3.1399661113112867,2.9818933813196087,0.3402043548224089,0.31791892072947875
2023,2,2,0,3740234.8333333335,,15.50005919860023,,,,,,,
2023,2,2,1,1578648.6666666667,108170.13137379562,16.025128664896094,48.39232474834344,11.5914605571359,11.36497607314801,3.879341221567834,3.6672440446041334,0.45299740499543417,0.43167412871047334
2023,2,2,2,807927.3333333334,94647.92879786652,15.832112376443096,43.482996921208525,11.457919273649665,11.233575631959475,3.7723699863084303,3.568419923159614,0.4138468776900139,0.3845065477019449
2023,2,2,3,13067.666666666666,111736.59799445246,17.897252761268273,52.28738881992678,11.623899576822547,11.456697456147632,3.9567552104438337,3.803916818362905,0.3796052286727657,0.3632100417614632
2023,2,2,4,50550.5,124158.94218248934,17.034760618919034,57.51639519016375,11.729317815587658,11.61180270600245,4.052070040902383,3.9351703788511005,0.25775626250121864,0.259260319013342
2023,2,2,5,165102.0,93788.2292751867,15.934460717213199,43.951655184257355,11.448794639648748,11.290753235989648,3.783090284042233,3.6333419258957913,0.317665689960125,0.3051121506134593
2023,2,2,6,66566.16666666667,108190.07924713273,18.252455576781998,50.68627089022105,11.591644952162474,11.451836168727876,3.925655082806702,3.79244268651605,0.28318390300433693,0.2651981520086478
2023,2,2,7,105863.5,258021.43509539193,19.796014049538634,112.21280462507906,12.460797942217742,12.188930401106871,4.72039710979521,4.462984399989569,0.6426991353115621,0.6046393270966858
2023,2,2,8,589303.3333333334,94937.36319926214,17.292848052219853,46.68537736719494,11.460972618381327,11.349558165398781,3.8434309971675433,3.732712589213193,0.24576723826335067,0.24577269983535058
2023,2,2,9,183283.83333333334,87896.57895363345,19.136921514263395,43.5498045669571,11.38391616316199,11.259502964507242,3.7739052157329227,3.655913012540384,0.2557369355743002,0.24712458866816756
2023,2,2,10,106427.5,87696.16323742273,19.336509204231362,40.03551084450318,11.381633428685172,11.268153936239631,3.689766831390815,3.580905312604455,0.2422387543664119,0.2317671003219529
2023,2,2,11,1227047.8333333333,61365.281063711154,17.667338151854175,28.994314480521393,11.024599499216853,10.893790996324167,3.3670997583698767,3.237502020792545,0.2996871049532082,0.28815165837215556
2023,2,2,12,42168.833333333336,64019.473769271106,18.593898337239587,31.17591956414981,11.066942593703615,10.979902658506454,3.439645987976299,3.3557467995280073,0.19743476304392432,0.18724157383924195
2023,2,2,13,94252.33333333333,115331.21256082426,18.365005994546557,53.70608426271138,11.65556337700174,11.457246022660517,3.9835262960783373,3.798305088564849,0.39756651092490913,0.37416084703389924
2023,2,2,14,158041.5,62577.55599418124,17.72685022604822,30.33804715181795,11.044161962356394,10.916088393213093,3.4124026063846995,3.2859660213035595,0.2918839582247937,0.29047008088674103
2023,2,2,15,107281.5,198323.0990939284,19.03646326098473,85.26100859216808,12.197652793321186,11.930733789673,4.445717240872632,4.207123530167312,0.5273116488385169,0.4808002505532735
2023,2,2,16,211772.0,84401.55042484343,17.33357573239144,39.751135013768234,11.343341050377923,11.052779237496187,3.682638394498179,3.402879581040456,0.615212805837301,0.5937730878906621
2023,2,2,17,253174.33333333334,70638.82134677556,14.966472378058333,34.02264305335118,11.165335149787218,10.995157625357049,3.5270262751124997,3.369864016926417,0.29915933574796855,0.2874722635798282
2023,2,2,18,31687.166666666668,71808.51328905928,14.847335672170122,33.936699310646205,11.181758317493015,11.039064592931071,3.524497004359368,3.3861589047613148,0.29896766088960425,0.29115395283941836
2023,2,2,19,5119.166666666667,62767.06115965709,14.251863910141624,29.749244653909077,11.047185711028925,10.928154638076968,3.392803741884744,3.267356207112896,0.26487359198961513,0.28125419373894717
2023,2,2,20,129452.16666666667,89392.6545938553,15.488124957352328,42.397836949316,11.400793794406315,11.195110499223832,3.7470973455902645,3.5523243376798876,0.41281871088401173,0.39303126741642996
2023,2,2,21,782257.5,78658.41127451685,14.759814596429777,36.14793352734851,11.272869848407268,10.926624191159306,3.5876197831354104,3.266785497387807,0.6655889394796402,0.6152117469528008
2023,2,2,22,310165.5,51764.76260052333,14.745700816714518,25.114525747702455,10.854464938089501,10.720177051338641,3.2234463937946694,3.09602721327172,0.2695089818627426,0.2575854689287356
2023,2,2,23,147012.0,42359.16405177283,14.030841019780699,20.82622082346809,10.653940065143205,10.509529609131063,3.0362128093103053,2.9004973783816976,0.2564433892501314,0.24617858487286018
2023,2,2,24,50001.166666666664,55318.8570224832,15.192852166782776,26.48531636328445,10.920869124366464,10.742964803997179,3.276590479923618,3.1147057266888916,0.33985237486682224,0.3134829859556377
2023,2,2,25,212384.83333333334,52492.56202249435,14.10325439120339,25.309633629404683,10.868426762780745,10.74771824233354,3.23118509912254,3.11592390359086,0.22712051109690712,0.21756616063473047
2023,2,2,26,2420.3333333333335,47073.430145810606,12.813524307946563,22.966717656704617,10.759464005031127,10.677369085319606,3.1340461095248564,3.053715819351322,0.18784342437380017,0.1878525703738522
2023,2,2,27,3423.5,53906.09605055278,14.18119857845285,25.61878993873528,10.894998849769989,10.650745040700803,3.243326064234322,3.037236971532981,0.42517955223366194,0.36141462676930347
2023,2,2,28,44826.833333333336,50954.90491142382,14.064150564579995,23.30382555160614,10.838696303132583,10.694200651653343,3.1486175338586952,3.015075286745406,0.3461658416766832,0.3180236038265083
2023,2,2,29,144391.5,53464.42201919142,13.651147516762876,25.01837097838142,10.886771702680466,10.69632828063622,3.2196103941413754,3.051644412610581,0.34370236866257164,0.30192821175431545
2023,2,2,30,302441.0,56473.13321892905,14.255388654316048,26.92156096125496,10.941520285790833,10.78441516643018,3.2929274882832282,3.146391351913625,0.3001201963387165,0.28152693425028685
2023,2,2,31,243949.0,51825.27726112794,14.62103007869131,24.980430129515,10.855633287239074,10.70862657999874,3.218092723504952,3.082565643505229,0.28735942872154213,0.2655953669920382
2023,2,2,32,99101.33333333333,30363.426106182975,13.024900438608293,15.28451282195102,10.320994074489823,10.164417867501749,2.726840081884306,2.5888701042433007,0.28191000662923515,0.26256674189681234
2023,2,2,33,5387.0,92843.81238354775,14.935461914485488,37.356563261433436,11.438673923564526,11.345864265699936,3.620508619338996,3.525999162931908,0.18491406798761242,0.19078746599054636
2023,2,2,34,51406.5,81080.10180694207,15.051170571814849,37.03811117183313,11.303192856200843,11.188279704036493,3.611947414196763,3.4973779385217774,0.24265369927619823,0.24531592498103288
2023,2,2,35,22982.333333333332,54583.42948951297,14.158135959505127,25.617333999146485,10.90748562646777,10.657570553932091,3.2432692316920733,3.0105555552360386,0.5347191632109747,0.4961191244860115
2023,2,2,36,304931.1666666667,34273.6526575525,13.859671062376373,17.225937846797546,10.44213219388551,10.261832332495832,2.8464162622563016,2.683194332451308,0.349531663272201,0.3230173187861179
2023,2,2,37,349071.1666666667,41313.53026746859,13.898517351046372,20.068596597047325,10.628945334678694,10.493503398550569,2.999156234954648,2.8707664185542283,0.27203970010322415,0.2669666782470225
2023,2,2,38,91534.0,36575.4121076847,13.139660308373575,17.99254379750586,10.507131493294013,10.33486625324416,2.8899574386058835,2.7214709649437654,0.31331894811944916,0.3077901382625715
2023,2,2,39,291728.0,48548.431674490406,15.128123914513976,23.92539084790926,10.79031716989164,10.567784872056826,3.1749402735863232,2.958485063370365,0.4552307710349819,0.44795458745314715
2023,2,2,40,13826.166666666666,64456.60601945785,14.856564244126476,26.098236614314395,11.073747501477154,10.588595565795556,3.261867749376241,2.8103691038717207,0.9786535071398947,0.9306442902889871
2023,2,2,41,24563.166666666668,39064.76375654156,11.990975647819566,17.86230476354521,10.572976156967059,10.29845079682214,2.882692613233774,2.6321537434318008,0.4886790573661788,0.47525560489578894
2023,2,2,42,39693.5,43405.09910134345,13.900353122467573,20.61671723483298,10.678332204001356,10.451276166547357,3.0261022629482834,2.814812853086822,0.4235474125470906,0.4067215799314198
2023,2,2,43,2548.8333333333335,56222.243463008934,13.68011508533316,25.835534017003194,10.937067748733867,10.813834203013313,3.2517508318178834,3.163685550415737,0.2733328290842896,0.2190152941022247
2023,2,2,44,10668.833333333334,60838.265645595166,12.986112195960194,27.192507651106123,11.015974239155515,10.857362702696955,3.302941481354078,3.161606974037521,0.3290080094928068,0.29368078666386926
2023,2,2,45,4564.0,56387.85686665316,14.412357581069237,27.210835389023778,10.940009110522219,10.83842543125579,3.3036152538682964,3.192183481393674,0.17692235020754543,0.19567474407944774
2023,2,2,46,9828.833333333334,54622.90076292119,14.032353789022093,26.11600786755425,10.908208501690035,10.723725292041772,3.262548454578525,3.0791408747637488,0.3831974416652704,0.384945042777752
2023,2,2,47,41008.666666666664,50862.81720882901,12.847503779688846,23.752010046902566,10.83688742888581,10.592767259899443,3.167667160453225,2.9337558341563725,0.5138326437564372,0.49569951887490676
2023,2,2,48,1289.0,73599.86735339073,12.592966123610035,34.982111584484315,11.20639850245163,11.11401938775375,3.55483683324836,3.4650401218464455,0.18345991390964747,0.18098880192933006
2023,2,2,49,27937.5,65994.13195425239,13.252128262490677,29.643237843689988,11.0973211072718,10.935817501035812,3.3892340334526323,3.2378879894753525,0.3318438462308547,0.30407617636424433
2023,2,2,50,3687.1666666666665,48974.37685456114,13.325859964742575,22.366717623866663,10.799052518986233,10.649295535034982,3.107574033572207,2.9786916246003923,0.2641573970197093,0.23649827842524548
2023,2,2,51,602.3333333333334,49393.591434364724,12.44881018262313,26.991023716392174,10.807575966711305,10.577912386872116,3.2955043557804933,2.96500030348964,0.34416758886865423,0.4696812170207454
2023,2,2,52,4384.666666666667,47844.744338798366,15.234377375703207,22.236796145830056,10.775716554668904,10.430339173557904,3.1017484008139093,2.7758236627704567,0.7585232361828157,0.7873907198374094
2023,2,2,53,100195.16666666667,49424.40684426807,14.17239021842371,24.54412549083124,10.808199646839197,10.689188818539645,3.200472538064182,3.086631967442689,0.22111724045243422,0.21218114835397595
2023,2,2,54,24730.5,33439.54592264835,13.282761502328434,16.220533691461277,10.417494488238273,10.28654901961318,2.786277951441975,2.667719572965482,0.29920756353245803,0.27051794489289377
2023,2,2,55,2324.5,100730.57855984585,14.841614684161469,45.05001423647563,11.520204692589902,11.3150591819954,3.8077733000692944,3.6224884704071982,0.45691870159313797,0.4175955034983529
2023,2,2,56,3385.6666666666665,43990.54221296482,11.707590824062224,21.272468731008438,10.691729940090054,10.595913652254206,3.057413688814931,2.957979530665497,0.19339285436655404,0.2030653876112855
2023,2,2,57,762.0,39476.02123221786,12.70909886264217,17.789125529180144,10.583448709143052,10.433062908770825,2.8785873452801636,2.7454576131576687,0.3341931290636699,0.3048504536497448
2023,2,2,58,10342.5,42361.057807967525,12.038868745467731,19.709288505421934,10.65398477126303,10.539100303381403,2.981090022360966,2.869793194509453,0.2010597314002433,0.19520327569950585
2023,2,2,59,4658.5,45463.36844052421,13.325820185324318,20.641846883636205,10.724662191461418,10.589612257742122,3.0273204174065222,2.9225595127192254,0.2837203305857867,0.23118825191521333
2023,2,2,60,17052.0,32945.95333642795,12.07707795761983,16.419248651584912,10.402623720140598,10.252455549732135,2.7984543448521895,2.658987199908196,0.30732412715862467,0.2908350710362021
2023,2,2,61,70459.0,45898.398189373525,12.386943707215071,21.583611088146146,10.734185497604694,10.56596052414146,3.0719342807775893,2.9158961331406736,0.31751353753418676,0.288994430360229
2023,2,2,62,42641.166666666664,43391.36460124876,12.286804222836306,20.20018858646968,10.67801572796942,10.5280415216504,3.005691940327425,2.8674718640962356,0.29736204477723904,0.27820507005330314
2023,2,2,63,35814.5,49692.24008066305,13.31505395859219,23.01400108181519,10.813604064696424,10.671529676417308,3.136102773408096,2.998777261225961,0.29190349243073277,0.2739209626274569
2023,2,2,64,78725.83333333333,43149.58116418831,13.919010066581281,20.110891934672424,10.672427989956663,10.49520824797654,3.001261555594263,2.8376095748657852,0.3613515008425845,0.32890726217090427
2023,2,2,65,3250.3333333333335,81027.1340795405,14.169521074761562,36.20334563089694,11.302539366194713,11.005897295190636,3.589151535304201,3.31604149301933,0.47175422142108586,0.41248437978450136
2023,2,2,66,83307.5,37025.62380262142,12.881501265392272,18.10148206577221,10.519365487140497,10.401687366757754,2.8959938170064876,2.7878125148317245,0.24440997200325779,0.2267101992478094
2023,3,2,0,607385.0,,12.66628799416076,,,,,,,
2023,3,2,1,190205.16666666666,109321.06677882005,15.442792913967462,47.45644877968674,11.602044398307784,11.372750640935275,3.859812422664152,3.6441437681480817,0.46156730289563874,0.45239824935530515
2023,3,2,2,91031.5,98743.86082092165,15.726237621043266,45.28397090325417,11.500284511928744,11.273925655601216,3.812953126676441,3.600339755664928,0.4243874436935691,0.4079382875588005
2023,3,2,3,1614.3333333333335,135689.13864758043,16.70225067107165,60.9842462522426,11.8181218031766,11.686344266162711,4.110615572658973,3.987649394531973,0.2846767305819824,0.26246484636261264
2023,3,2,4,32114.0,107949.62973521225,16.095420481202382,50.13105350716458,11.58942000597146,11.467710987745086,3.914640646557573,3.7858367558091817,0.28305779447336993,0.3003274657834607
2023,3,2,5,70659.16666666667,95567.76930352379,15.427387340637566,44.9253618712025,11.4675909010181,11.306652605288601,3.805002487644471,3.6423415429621087,0.34226386965223743,0.3480521936852362
2023,3,2,6,5260.333333333333,114249.68598206241,18.015208161713453,51.580458387002295,11.646141560236808,11.410047529182815,3.943142887327287,3.721263846936005,0.4893865642365251,0.4883869770979805
2023,3,2,7,9184.5,296257.5906429653,19.12377737855445,116.82085874659454,12.59898459352674,12.269271708799655,4.760641639608895,4.44401301125235,0.8352375313252757,0.8033901507062435
2023,3,2,8,20571.666666666668,113008.42806648818,16.59214129466094,52.642532009394,11.635217679572367,11.469792991271992,3.9635243863426797,3.805491418033108,0.3489891936438745,0.3446014436622045
2023,3,2,9,8224.166666666666,93621.17889650378,16.616070523862604,43.654263857480686,11.447011907132222,11.290206062705929,3.7763009603896505,3.6336485081404795,0.2733903232416757,0.2684431580437404
2023,3,2,10,9532.5,87601.2325110671,18.49119678293557,40.1960961816145,11.380550346586544,11.228022006700726,3.6937698809994157,3.537976368998498,0.2966814115262474,0.2858351954085398
2023,3,2,11,53960.5,64847.70725937471,16.67405478698925,30.13271688169652,11.079796834599554,10.924766147539865,3.405611521054941,3.2546719483170015,0.3282751428325506,0.32598501296356175
2023,3,2,12,2161.0,67597.60936846024,17.0394878914083,32.17106475412826,11.121327897033831,11.064768986474933,3.471067438438009,3.4130592734147447,0.11191789441037582,0.11277570704554549
2023,3,2,13,4738.833333333333,111002.13884028028,16.561038230225442,49.7739719247834,11.617304748940184,11.450082173697993,3.9074921952876,3.737806171185685,0.38648633261160786,0.410584348714841
2023,3,2,14,20090.0,61072.50220563285,16.33142525302804,27.930308402372525,11.019816998124387,10.859726472306525,3.329712421871509,3.169937116858255,0.31855425539130255,0.33075636662379726
2023,3,2,15,8774.5,193337.67257347296,18.54198719775106,80.90376394230738,12.172193537948171,11.886621970953724,4.393260348845036,4.113826481692222,0.5909512446079163,0.6011109424041831
2023,3,2,16,27988.666666666668,82269.75747207129,15.580234856965914,35.26641037701511,11.317758852207632,11.029266525023058,3.562930963537295,3.3094672178535234,0.5875991692096835,0.5462418634757572
2023,3,2,17,19232.166666666668,105192.2318725495,14.603988110197324,45.426564728865635,11.563544735043639,11.183956651003042,3.8160970601141906,3.475800181150088,0.6396893640998941,0.585148268175893
2023,3,2,18,13573.833333333334,71168.94559850243,13.877042839777511,32.416253481270445,11.172811844931392,11.06753514890589,3.4786599476701534,3.3689476252556543,0.20654058052182334,0.2116849815835094
2023,3,2,19,1459.3333333333333,71005.1822884562,12.506852444038374,31.55992954239222,11.17050814333807,11.043307646777896,3.4518882634781036,3.3336776334922917,0.27220362328133857,0.2385343566424474
2023,3,2,20,31511.666666666668,122395.52990966254,16.19721796160152,56.6359386818542,11.715013128047584,11.510581380388325,4.036643742751297,3.83334746352136,0.4553037324324186,0.4604442813201975
2023,3,2,21,107065.5,75933.39620496669,14.019424246528216,34.29781559568753,11.237611869311403,10.948299759320356,3.535081666886979,3.255984983765731,0.5481087550201604,0.5296244142199246
2023,3,2,22,3971.1666666666665,92353.53795862882,13.95274268686784,43.581958789835255,11.43337929521981,11.023626043277893,3.7746432754966417,3.345060531202936,0.6760644709236825,0.6866215845336847
2023,3,2,23,8213.333333333334,54826.26150254064,13.636160714285714,25.6012555393409,10.911924582643636,10.756411889715615,3.2426413947883783,3.078758009455093,0.2922750278749582,0.30211668437952455
2023,3,2,24,3253.3333333333335,53794.3318002868,14.449692622950819,25.74554251697061,10.892923383727458,10.797914650297754,3.2482615059880846,3.149638563756263,0.1555660042788701,0.15972154232332883
2023,3,2,25,5215.333333333333,62135.471601732155,14.792790489582002,29.780947870564304,11.037072306164331,10.918098518172973,3.3938688558481966,3.2861042027068668,0.24313948345069414,0.2130893048832562
2023,3,2,26,1247.3333333333333,50975.2479117417,13.59353287012293,23.520326630583515,10.83909545882939,10.726081693071436,3.157865010288739,3.0367530196476764,0.23967018300519236,0.2670218303910711
2023,3,2,27,294.5,59148.93081862193,15.94680249009621,27.243888899572834,10.987813793480221,10.928258128396184,3.304829235392958,3.2372825188636614,0.14761574597492189,0.15655317003063834
2023,3,2,28,26111.166666666668,55639.29536180291,13.220869742830333,25.074006782624767,10.926644981719281,10.791887417003075,3.2218317231980946,3.0902133305501405,0.3038758748711386,0.2886300316783577
2023,3,2,29,55976.833333333336,50474.40004293486,13.211673876990778,23.615204930255718,10.829221556888205,10.644928776113868,3.16189078128018,2.9802386789137207,0.34946748327024024,0.3382113465628751
2023,3,2,30,33832.5,58624.84783320707,14.32445134116604,27.83481425963755,10.978913910149597,10.804227816565918,3.3262875487063472,3.165094336950878,0.3567524244533947,0.31582799049735205
2023,3,2,31,16633.333333333332,66199.27355822564,14.192585170340683,31.32750023066816,11.10042476842419,10.850659573691171,3.4444963134204234,3.1981803487106486,0.4245094826782245,0.41881649976657354
2023,3,2,32,7896.666666666667,34260.07447012932,12.149556775010552,16.777890061202104,10.441735945551445,10.35626765867648,2.8200619518458403,2.7303792693618725,0.16755485742897477,0.1730495546663021
2023,3,2,33,8430.666666666666,90718.70391798478,13.752965364542149,36.97171744740377,11.41551883224119,11.307361043349813,3.610153227033281,3.463421797465921,0.2239079183361791,0.2994026203653648
2023,3,2,34,40178.833333333336,81505.47978530571,14.573585594405012,35.738476306766835,11.308425533598191,11.151861583007106,3.576227876107508,3.4200598025780335,0.38183537425540326,0.384847560583247
2023,3,2,35,41267.666666666664,52355.0010005988,13.189050346114394,24.327317906308394,10.865802741833372,10.713469704976443,3.1915999125892265,3.04609571388724,0.3088876079149315,0.30030903965894507
2023,3,2,36,64149.0,35198.609042573284,13.056041403607226,16.77432756058335,10.46876184496943,10.309648789726436,2.8198495962470362,2.6731762610786,0.3470313387606806,0.3207184695269899
2023,3,2,37,37144.0,52989.76640365847,13.639466221552157,24.420023540634652,10.877854087167192,10.634088493906347,3.195403432672047,2.943689878346362,0.4107487720221189,0.4365982807872501
2023,3,2,38,47395.166666666664,42509.91809179742,12.641310119526956,20.15522384772375,10.657492694552518,10.48809859522555,3.003463502819722,2.839089826710867,0.33517622994697027,0.32236253216090544
2023,3,2,39,29978.666666666668,57631.763730442086,13.871619818537626,26.468204858954543,10.961829148342801,10.705786880131045,3.2759441959927083,3.026847889040183,0.4897831310280118,0.49458390874890135
2023,3,2,40,1706.0,42689.96943002135,11.953497459945291,17.67800104759731,10.66171926365949,10.535715836132976,2.8723209878986995,2.8089077845774053,0.24038871154513336,0.12138662342975996
2023,3,2,41,2478.666666666667,43188.22799766933,12.7477138246369,19.950855914464068,10.673323237043364,10.495680196806106,2.993272045396221,2.809183404795941,0.3745186450901162,0.36746148648263854
2023,3,2,42,18667.333333333332,42963.861146219075,12.955823006321204,19.507006011681476,10.668114602849274,10.409525698332965,2.970773683693477,2.735115435704495,0.5216814206197666,0.48117765621771336
2023,3,2,43,2060.6666666666665,60463.69468119517,11.818181818181818,26.252219375494075,11.009798375979987,10.929356510138758,3.267750533101552,3.1941004484564592,0.16392356056335644,0.1447396839418881
2023,3,2,44,34897.833333333336,58797.33595447803,12.957471094194004,26.55749564712343,10.981851825963698,10.853552923207747,3.2793120297681653,3.1523195166489026,0.29272929113301893,0.28747069436834194
2023,3,2,45,20071.5,61471.93140708534,13.34656934791454,28.638956588927957,11.02633594972769,10.924268906191427,3.3547679094779457,3.2467986641837197,0.21785346527975036,0.22878933477219504
2023,3,2,46,21804.833333333332,61079.270258748795,12.743122702153194,27.896462017169632,11.019927811958462,10.862904930782573,3.3284998713658824,3.183875467107022,0.34640341173340516,0.32521203569098006
2023,3,2,47,83309.83333333333,60724.09323814268,12.649127053829181,27.420760252984863,11.014095821492813,10.835570862827419,3.3113003999709876,3.1478528197766327,0.3838256377740149,0.35118613796725073
2023,3,2,48,2239.6666666666665,83358.47607484803,12.145706206280696,26.832467084153233,11.330905575568266,11.189661621904612,3.289612612657174,3.157401106985456,0.2846596775704947,0.2693272837433266
2023,3,2,49,17785.333333333332,64149.432552133054,12.940456555963717,28.640533833017773,11.06897052436371,10.941905422486505,3.3548229813397445,3.2313636330482294,0.3111078927912599,0.3144012272193435
2023,3,2,50,3573.5,53544.11218417314,12.687188097570075,24.684966767326706,10.88826111995558,10.755383674372245,3.2061944254399872,3.066661738503712,0.28376800154892357,0.29030305150068786
2023,3,2,51,280.0,62997.07074520843,10.83095238095238,30.895520969224478,11.05084350818489,10.812316825825064,3.4306112209447956,3.1979127402836687,0.692835426402146,0.6630424203067028
2023,3,2,52,351.3333333333333,38756.406512236106,12.0,19.250986584671328,10.565051350464131,10.52277093762708,2.9575623105722553,2.9237880267276,0.10798262658143631,0.08376629308596757
2023,3,2,53,8342.666666666666,60962.286191647065,13.763624740290874,28.820458766056028,11.01801069280112,10.768615570894356,3.3610855087672356,3.111627783565134,0.49788692458512257,0.49052692111258234
2023,3,2,54,7144.666666666667,43926.317143485336,12.235933563497248,20.744357575918176,10.690268898797761,10.585614926740075,3.0322742856465226,2.9217669127411647,0.217777525468289,0.22816484394405523
2023,3,2,55,4647.666666666667,74499.22894814747,13.16158645915513,33.25807947979673,11.218544054624797,11.000186438393213,3.504297729457705,3.3021114828230282,0.5098163694624098,0.50079709606609
2023,3,2,56,2262.666666666667,52638.34988835322,12.243812610489098,24.420471874596373,10.871200218402116,10.827240676754542,3.195421791779911,3.138823203337103,0.1196235232777549,0.1466534861498103
2023,3,2,57,1272.3333333333333,85170.83746644694,11.382761330888133,41.4594279791364,11.352414370967457,11.072331423440172,3.7247153099789383,3.4420262070141012,0.5355564351891594,0.5367300570144028
2023,3,2,58,9194.0,53037.12463204858,12.476506417228627,24.128484268686147,10.878747412078956,10.755104947165867,3.183393062441692,3.0610339918803353,0.26429020536236514,0.27974857879643356
2023,3,2,59,977.6666666666666,49379.985199018716,13.180020456870098,24.27923547450354,10.807300463162768,10.68468678815158,3.1896214778250145,3.090164939449483,0.2880666335037011,0.22329753239907
2023,3,2,60,2731.0,38387.97044113161,12.02062736482363,18.847313920752633,10.555499419734398,10.4496213157911,2.9363704061674714,2.809141001594734,0.21285296182965724,0.26378321242761565
2023,3,2,61,55979.333333333336,54298.90898065361,12.461807333658848,24.59112848957098,10.902259413282852,10.748238572684047,3.2023857473902537,3.0553453285214855,0.30535890459784554,0.2886249945229271
2023,3,2,62,33119.5,48999.42656455587,12.539007734617572,22.57871191946746,10.79956387426012,10.670306188963954,3.117007511898073,2.9936953217872078,0.3033906617169203,0.2850655339695236
2023,3,2,63,12327.333333333334,60282.11379555863,13.560786328484127,27.685989820727084,11.006790718408945,10.866517888470066,3.3209265025968735,3.1756811527571536,0.3387962593758803,0.34287419858668644
2023,3,2,64,238626.0,58264.35437977828,12.762055825154565,24.93966511225557,10.972745768190428,10.801613054999477,3.216459512425393,3.060591425364195,0.3620011698860659,0.33338374972038165
2023,3,2,65,15175.5,68325.55329272262,12.577465871525376,29.15144381526117,11.132039108717708,10.97315853561203,3.3725044421105967,3.241320431067391,0.26166555830065436,0.23139054462693115
2023,3,2,66,83305.0,47832.840430471595,12.723405958025728,22.423612182746623,10.775467720871166,10.594126661699162,3.11011451897277,2.9279442430349083,0.330475889438523,0.3262455628824885
2023,4,2,0,624234.3333333334,,14.281038157145046,,,,,,,
2023,4,2,1,248606.0,91045.3092908283,15.909380036416392,41.8465598648108,11.41911256588059,11.219425050045093,3.7340095919990643,3.539994328784601,0.4083179560839049,0.4005403369314035
2023,4,2,2,157880.83333333334,77153.60151702278,15.931178050956152,36.08721559608453,11.253553538711104,11.095364295153233,3.585938664004331,3.4355909910815443,0.3277961525969501,0.3200144267273882
2023,4,2,3,600.0,94116.44865924725,18.347777777777775,44.51238908964771,11.45228811007723,11.416569637316103,3.795767556933231,3.762692074159026,0.07626266409058002,0.06962203998737641
2023,4,2,4,6160.5,109390.36516867358,16.648486324162,51.09854783667239,11.602678095335467,11.493692606277193,3.9337560787368244,3.836137093826876,0.23784194569607328,0.215288256207929
2023,4,2,5,43640.333333333336,80512.4554884131,15.77698764904026,38.472809130365704,11.296167178001873,11.173153715070383,3.6499517354230933,3.525712748649738,0.26826960449465087,0.2734699719599433
2023,4,2,6,7632.666666666667,98830.49481457919,18.367892392348676,45.66913479125197,11.501161488082165,11.414456181218917,3.82142268222332,3.7264679707882364,0.1951655307663676,0.21492911602638026
2023,4,2,7,12129.5,232752.70826450098,19.431908432609205,101.3264639149162,12.357731831009323,12.055257479944268,4.618347620126918,4.294595052478943,0.7422203624707071,0.804372227394319
2023,4,2,8,127090.5,87991.51008752042,16.524403213982687,42.65006275626312,11.384995612528032,11.230558842555233,3.7530287453612976,3.5993877387473248,0.3679255212519753,0.367392379442468
2023,4,2,9,20738.166666666668,77587.2853184897,17.768735584148388,37.20302859731246,11.259158843758064,11.081090642716827,3.6163901718714175,3.4431662363101894,0.4298631197759459,0.4206195728827869
2023,4,2,10,14311.666666666666,85673.77834326916,18.732269710026785,39.806230262281936,11.358302087443821,11.237255139895023,3.6840234392927167,3.563934276995364,0.25670351850012874,0.2590303178497965
2023,4,2,11,169650.0,56564.862140639794,16.671177915315848,27.076885753121477,10.943143261172763,10.798727394434268,3.2986804396997558,3.151446685040626,0.3257430762232858,0.3309759311348032
2023,4,2,12,3039.0,68644.92271639127,18.039925414061646,33.5951012199913,11.136702449486382,11.064336750625985,3.5143802593156708,3.4339697757290115,0.15653093825479664,0.18625850519570863
2023,4,2,13,9555.666666666666,102966.00023881241,18.072417762584156,49.07754724855038,11.542154117949691,11.347965147235168,3.8934016440330277,3.6924836949880184,0.48134568462805316,0.5672700162267484
2023,4,2,14,38782.666666666664,58715.86975794512,16.485173788977896,28.17933556952417,10.980465322904916,10.877662897928383,3.3385889281061285,3.2321726635067916,0.23497737699825644,0.2451682651851554
2023,4,2,15,14958.333333333334,161924.8745442101,18.22740947075209,71.4242891752698,11.994887769273669,11.784734821506804,4.26863799602349,4.059903365722075,0.37144925602812773,0.35767572428403666
2023,4,2,16,17468.333333333332,75090.16379450395,17.016735044365998,34.09766070920646,11.226444854400699,10.985482610274591,3.529228781033285,3.29778422277503,0.530440437707498,0.5226490566318432
2023,4,2,17,66470.0,62681.31405041586,14.013560002005917,29.569298368655218,11.045818660679304,10.860661828785199,3.386736605772773,3.210236523809903,0.3561258606485028,0.34999771476585745
2023,4,2,18,5976.166666666667,57343.24493627013,14.608862983517861,27.106425469402975,10.956810328981419,10.658074088338713,3.2997708019733647,3.0003681545809107,0.7709694961453046,0.7565078637785508
2023,4,2,19,2099.0,62155.50597029294,13.41289502937907,28.857591883171025,11.037394684652709,10.971636458043902,3.3623731085327377,3.302507758140779,0.1384393612563455,0.12239788987990216
2023,4,2,20,16132.333333333334,84541.69738338173,15.499390458086244,40.62816329210579,11.345000151792203,11.184805196901593,3.704461503270364,3.5399774482227104,0.39305456173266856,0.3999317292231145
2023,4,2,21,136943.33333333334,55407.48731874667,14.310157486064796,25.928057883716836,10.922470013761297,10.62635623088847,3.255325698315805,2.9841974004629495,0.5467433285036563,0.48927069748855834
2023,4,2,22,46325.5,52442.779469182584,14.35466427777358,25.313840813378334,10.86747793931786,10.727720930043686,3.2313513138689456,3.092677782533316,0.3048991922330616,0.30339018167793014
2023,4,2,23,32341.333333333332,39895.75552191713,13.859993403693933,19.515935299607012,10.594025219322612,10.441709690820808,2.9712313266994284,2.830035964135052,0.3221828990956648,0.3098246532604622
2023,4,2,24,9744.833333333334,56053.26253032495,14.860661205083034,26.68265474254106,10.934057634305422,10.722328229514178,3.284013719191061,3.087232496407826,0.4980167905129443,0.4774158867286334
2023,4,2,25,35760.0,51245.57672711442,13.917626771066368,24.571769752165856,10.844384585512303,10.728759465909823,3.201598212924304,3.0904557359317577,0.2422647894691973,0.23366359735286246
2023,4,2,26,2469.5,47376.167158996526,12.945535533508808,22.448422988590952,10.76587457868276,10.614288027911439,3.1112203662238707,2.9730594993425044,0.4437904302028229,0.38458142851886384
2023,4,2,27,924.3333333333334,50180.617216384955,14.51388388027407,24.682552108790073,10.823384119892296,10.631199862762005,3.206096601664617,3.01872751156338,0.30111423200850923,0.2897401470969295
2023,4,2,28,20446.0,47178.12969289479,13.787195539469822,22.306088223305863,10.761685710227933,10.64224733162473,3.1048596557024175,2.9819400884214318,0.2870994917213189,0.29842982782277183
2023,4,2,29,37005.5,44869.29447579786,13.56778496890102,21.299939971911016,10.71150897510667,10.51650150774432,3.058704254491268,2.884962086485819,0.3977779678748598,0.36273089464252345
2023,4,2,30,113724.16666666667,46303.42505203157,14.063056078669879,22.21557995270757,10.74297121254416,10.60878703954811,3.1007938424035135,2.974910553477286,0.28688240269736043,0.2804285932540502
2023,4,2,31,51047.166666666664,47290.29398929787,14.48039884681814,22.97512956724195,10.764060352351477,10.641935387968813,3.134412307714073,3.0147657670425345,0.2563156744495408,0.2506535620000902
2023,4,2,32,27823.833333333332,31214.64864992643,12.077751088694944,15.649174778019441,10.348642771623638,10.185013231425472,2.750418185756882,2.592131019363433,0.2709258464110927,0.2624485012393011
2023,4,2,33,240.33333333333334,97226.676351593,14.962552011095699,36.81721694821607,11.484800400856207,11.333100865249333,3.6059655876200276,3.4971853006354254,0.35662276608674504,0.24257868735637653
2023,4,2,34,24018.666666666668,69279.8614554352,14.514835683357388,31.672721244554136,11.145909543457112,10.982767993088412,3.455455781853023,3.297249682090169,0.36533237461359563,0.35659350840192316
2023,4,2,35,20479.5,44082.23312687431,13.739560698910292,20.935497492628468,10.693812103316594,10.453674734289246,3.0414461628681657,2.8049508086666974,0.5022385425062001,0.4886217706853219
2023,4,2,36,58962.833333333336,32387.35369971116,13.267058061999508,16.222294912204113,10.385523307676408,10.239683358984133,2.7863865252513724,2.645404490323295,0.29879363832029426,0.28557645696260864
2023,4,2,37,217467.5,39309.63381217731,13.51343534091301,18.94818318072877,10.579224902986542,10.422715998137699,2.9417080525643193,2.7899644889717155,0.33341852905067176,0.32758328923739305
2023,4,2,38,23656.166666666668,32829.34543755862,12.497333323939493,15.754602194928326,10.3990780723608,10.24097876842652,2.7571325254412953,2.621234805799789,0.34070748765812137,0.3017235632059337
2023,4,2,39,66444.16666666667,43603.25496883606,14.793423049427462,21.061429504777095,10.682887081799095,10.472029464128067,3.0474433821219513,2.8426518253325948,0.47150543665962397,0.4671095138971648
2023,4,2,40,257.3333333333333,175357.096,15.677461139896373,85.95936078431372,12.074579722385687,12.074579722385687,4.453874635547425,4.453874635547425,0.0,0.0
2023,4,2,41,486.1666666666667,30486.947576838556,13.123757284881727,12.090675186840834,10.325053922699121,10.302292967957396,2.492434509787003,2.4354857539049437,0.04458395974999668,0.1104388363944748
2023,4,2,42,3148.5,47343.65827703564,13.277539569106983,22.83785477849366,10.765188156741258,10.659251216659886,3.1284194564928702,3.0301977417011985,0.2139772866812859,0.19517269828668726
2023,4,2,43,159.0,37551.33204283481,13.633123689727462,18.407515707271966,10.533464130406902,10.451881065989,2.91275904356864,2.8311759791507356,0.17174014697999296,0.1717401469800135
2023,4,2,44,1608.6666666666667,63462.21736306781,13.734355573974305,27.888254952495934,11.058200005640341,10.988102900610407,3.328205630750218,3.2608373900698653,0.1674246773001273,0.14624813239625348
2023,4,2,45,1399.8333333333335,61646.33835662394,14.541254911298964,28.84492321542111,11.029169112775454,10.96675725414166,3.3619340057334295,3.3034452584988387,0.1301843523969286,0.11930172015622642
2023,4,2,46,1213.3333333333333,57148.06271159828,14.95054945054945,26.149971268858483,10.953400770338655,10.84908068689367,3.263848091805108,3.146751671412462,0.29322932839330157,0.32894832578774474
2023,4,2,47,5045.166666666667,61582.54591518634,13.329325096627135,28.90063893595458,11.028133763838992,10.815578594978449,3.363863703384536,3.1458811926742167,0.412062951625584,0.40708595878122816
2023,4,2,48,120.0,58546.94509642659,13.419444444444446,28.404252097013757,10.9775841916856,10.885312469259743,3.346538855685818,3.2522181707848437,0.17683912234368857,0.17919591673558943
2023,4,2,49,6797.166666666667,60404.523080875624,13.221783586298212,28.11478985972067,11.008819266564092,10.80137117833612,3.336295767404323,3.133755919888879,0.4555429961731549,0.4462782133198817
2023,4,2,50,457.3333333333333,34275.013059698744,10.449708454810496,16.968444867544388,10.442171885457393,10.431916860910462,2.8313554349493635,2.8217149513628246,0.019607585676496217,0.01854437296425925
2023,4,2,51,0.0,,,,,,,,,
2023,4,2,52,249.16666666666666,39331.03492530019,15.39531772575251,19.65284108770482,10.579769178969816,10.308769166561001,2.9782219124799436,2.737141957354157,0.6590622818325799,0.5610951099340484
2023,4,2,53,21736.333333333332,48309.00781061468,13.604349092916623,23.65897727344194,10.785373319366414,10.63756504602256,3.1637426316414126,3.0212744175698796,0.25911318755905116,0.2461137775542557
2023,4,2,54,5336.0,41848.83082913513,12.260994502748625,20.389102086627368,10.641819138350193,10.464898748726085,3.015000546668566,2.843813704766061,0.3299420783807146,0.318598585993635
2023,4,2,55,617.3333333333334,63597.90459997262,13.983261339092873,28.899637157711048,11.060335802244154,10.826391494786675,3.363829039943067,3.139924896700908,0.5723434917783465,0.5318439053043338
2023,4,2,56,566.3333333333334,32819.298728920694,12.118304885226603,14.861693448042809,10.39877199722874,10.043192573923125,2.698786992961035,2.408920079075227,0.9118213044760325,0.7453916828882607
2023,4,2,57,78.0,25260.807592628476,12.320512820512821,12.382748819915921,10.137009366598026,10.069592884750183,2.5163042797597632,2.4488877979119192,0.1273793680854172,0.1273793680854268
2023,4,2,58,3639.333333333333,42146.4666224248,12.495328814801246,18.66467493029741,10.648906131266713,10.604895571990006,2.9266326962115334,2.888490632875881,0.09760064758445258,0.08404984123812356
2023,4,2,59,538.6666666666666,33823.83141855025,12.966584158415843,16.90372950936772,10.428920904579677,10.387367113046977,2.8275342786102273,2.7938645507191726,0.08541766809823584,0.06870086913319345
2023,4,2,60,4097.333333333333,30688.369750043414,11.348031239830785,14.508671445005325,10.33163902629552,10.259372042205175,2.6747465013674594,2.630676631648909,0.13770419910973958,0.09640221284678151
2023,4,2,61,27194.0,43941.419392648226,12.455811330930842,20.127365293371277,10.690612648390204,10.511447311758527,3.0020803465039103,2.847290126980021,0.3225631689825835,0.3003906689239301
2023,4,2,62,16157.833333333334,41561.167517108624,12.767924742385015,19.631026802506483,10.634921537145546,10.506941110750384,2.9771113147403576,2.850052656573657,0.2727919625411377,0.26352283044371316
2023,4,2,63,11916.333333333334,50794.85351941964,13.63187781476405,24.609231077961464,10.835550319761662,10.70790664685002,3.203121619622347,3.078381554713566,0.2532580281352161,0.24192409868238585
2023,4,2,64,42501.833333333336,41426.69920616206,13.478673468987612,19.361132797397623,10.631680860310775,10.473042860343044,2.963267592398929,2.8196510609907275,0.3498800099493647,0.31939698111259796
2023,4,2,65,1895.0,100894.24257246847,13.31222515391381,47.57431549112853,11.52182814398492,11.020426307421435,3.8622930250835084,3.3481073854298793,0.8241216377290297,0.8390122435951898
2023,4,2,66,33989.333333333336,37524.915843432886,13.00850266750353,18.323599257811736,10.532760413819144,10.39090997528633,2.9081898059868183,2.7711009822493198,0.3072295600627174,0.2920184947864051
2023,0,3,0,5585600.166666667,,12.885344967853499,,,,,,,
2023,0,3,1,3252984.5,142617.2639745119,15.38896947300753,,11.867919845374383,11.58076522121674,,,0.569710678461214,
2023,0,3,2,1273241.8333333333,119297.76589901253,15.422843866660052,,11.68937788116307,11.390965918248032,,,0.5391987445322017,
2023,0,3,3,38289.5,147285.48054125233,16.829661743645996,,11.90012802692872,11.7168453850033,,,0.3799576738011688,
2023,0,3,4,280559.1666666667,142766.45414061408,16.14388408862064,,11.86896538630908,11.720578022416037,,,0.3058822800514435,
2023,0,3,5,508170.6666666667,114295.83111770065,15.25489271320921,,11.646545375956766,11.470473527718477,,,0.3582430307092949,
2023,0,3,6,95589.0,133823.253323816,17.64125230587899,,11.804275203234061,11.629231397753928,,,0.32424597172734687,
2023,0,3,7,174704.16666666666,318852.38383267156,18.938470271172697,,12.672483528060685,12.391046448803872,,,0.7175709598442117,
2023,0,3,8,568213.6666666666,101084.64750091806,16.094311060217372,,11.523713538887161,11.391931209145065,,,0.28033972156923687,
2023,0,3,9,175411.66666666666,94592.13598078603,17.01199179073988,,11.457329622417383,11.2930171507178,,,0.3128474129945083,
2023,0,3,10,187130.16666666666,108062.30622831578,18.346965258585602,,11.590463249279477,11.42632795720477,,,0.33112691114624065,
2023,0,3,11,1349491.6666666667,68217.46328834078,16.966018315538566,,11.130455871000146,10.990789185158802,,,0.320354830478887,
2023,0,3,12,46222.0,73806.46844274289,17.378470569570045,,11.209201655023326,11.08578964221989,,,0.26347385237593657,
2023,0,3,13,102054.66666666667,137188.71137867135,17.286147293607346,,11.829112712307742,11.606192424905705,,,0.459780927078383,
2023,0,3,14,231430.83333333334,64848.89320630818,16.45593319818376,,11.07981512261835,10.930271558870027,,,0.3368190013631549,
2023,0,3,15,196875.66666666666,245221.99868240245,18.571992983727462,,12.409919196321642,12.106637912914184,,,0.6445283330681743,
2023,0,3,16,330456.0,95957.56033978674,15.463599289063195,,11.471661292910005,11.155939463355352,,,0.6567043383169978,
2023,0,3,17,303959.6666666667,84073.0567731754,14.049367843759972,,11.339441423325308,11.099278085509422,,,0.39135820678177197,
2023,0,3,18,131656.83333333334,82890.94335104576,13.704471599777703,,11.325281087278995,11.18663196345164,,,0.28596922283635823,
2023,0,3,19,15814.333333333334,74456.88374176972,13.614927386548068,,11.217975495110807,11.099309510923597,,,0.2124682404095835,
2023,0,3,20,376632.5,138937.51328331884,15.440382866587456,,11.841779566312981,11.6161260781649,,,0.4514541922943887,
2023,0,3,21,1598041.0,104303.6298369735,13.998334627626367,,11.555061442271821,11.173093280309043,,,0.7382764839795579,
2023,0,3,22,375125.5,54824.90356825819,13.653786088477943,,10.911899814383643,10.764900834847282,,,0.2874897720538848,
2023,0,3,23,165046.16666666666,47484.413242475086,13.411587868848818,,10.768156793908597,10.605004656493065,,,0.29409072146358534,
2023,0,3,24,65343.666666666664,60815.53235074905,14.12171289234866,,11.015600501623515,10.839371447220692,,,0.3100002872206916,
2023,0,3,25,262823.3333333333,56400.47551026137,13.343130366405825,,10.940232868483612,10.802032084058434,,,0.2558886396355392,
2023,0,3,26,10378.0,53280.76396020316,12.895419798291256,,10.883330643703875,10.778940088865228,,,0.2373493333530378,
2023,0,3,27,6480.333333333333,51980.93864669062,13.509927472866622,,10.85863236587566,10.638415725781291,,,0.4851968408959554,
2023,0,3,28,139290.66666666666,61285.51590880829,13.016041993720567,,11.02329881193039,10.871348910135536,,,0.3785279087097109,
2023,0,3,29,355854.3333333333,59281.46971158537,12.941660117482527,,10.99005205236819,10.801292112654615,,,0.3630042447770745,
2023,0,3,30,453678.3333333333,62564.0873731285,13.734419394064076,,11.043946708333156,10.861936084950484,,,0.33627653712015787,
2023,0,3,31,321663.0,58693.64962048642,13.702166035053247,,10.980086816326546,10.792297181437995,,,0.34549161665256267,
2023,0,3,32,127256.5,32037.463976706706,10.989229102901096,,10.374661246261446,10.209796480408878,,,0.2979404346861383,
2023,0,3,33,73005.0,109599.34778958313,14.08017259091843,,11.604586702653375,11.496559209550629,,,0.24031969779606657,
2023,0,3,34,276236.8333333333,96336.34825067437,14.291185522567895,,11.47560097465653,11.339599908917519,,,0.29618480671696334,
2023,0,3,35,120294.83333333333,61802.993660225184,13.262729488243469,,11.031707083376517,10.776293180093928,,,0.47924094181818827,
2023,0,3,36,432351.5,38609.61959942713,11.991819156403992,,10.561256736825058,10.368280322154597,,,0.36665017674505035,
2023,0,3,37,475918.3333333333,43849.499203558014,12.69641605177359,,10.688518577063688,10.521082162485769,,,0.31433732251593394,
2023,0,3,38,310912.0,46241.990418570625,11.84402178108275,,10.741643547804147,10.56502149183363,,,0.35367028470759904,
2023,0,3,39,337579.8333333333,51890.253600257085,13.461831497635867,,10.856886259616312,10.611517981910014,,,0.5132730564870429,
2023,0,3,40,66724.5,89293.86326711802,13.176606793606547,,11.399688044090222,10.945725794043339,,,0.9511951166767021,
2023,0,3,41,59765.0,43778.403894125026,10.54730193256923,,10.686895912991641,10.478821517942025,,,0.4082243111269758,
2023,0,3,42,167339.66666666666,51660.936393291195,11.662175136797613,,10.852457192565526,10.601616571429759,,,0.45670081084930775,
2023,0,3,43,17812.666666666668,80888.46369412138,11.682323440248512,,11.300826493300068,10.918910816610818,,,0.6797470891664692,
2023,0,3,44,299335.8333333333,70270.50714159667,12.405439264148686,,11.160107461202989,11.003634135245404,,,0.3545648581514606,
2023,0,3,45,128048.66666666667,74425.76465965388,12.818091298620836,,11.217557460062356,11.0836887718314,,,0.292268172901064,
2023,0,3,46,166358.66666666666,69384.65197942246,12.528340373009321,,11.147420969002699,10.982955643474911,,,0.329752892951624,
2023,0,3,47,880454.5,70781.82844143573,11.790675156978583,,11.167357586307187,10.961830857193283,,,0.42613350050276244,
2023,0,3,48,18362.833333333332,87460.17484803913,12.197527614656417,,11.378938824142127,11.238719930726072,,,0.30020347875771025,
2023,0,3,49,132026.0,79877.17164438935,12.809228232822829,,11.28824537934642,11.157909309230492,,,0.26830054249636476,
2023,0,3,50,60061.833333333336,68749.10343202642,12.42121313868208,,11.138218974455077,11.029643421216633,,,0.20293028565472673,
2023,0,3,51,9136.666666666666,54258.97529443509,12.169883254286757,,10.901523700933879,10.727745928205502,,,0.32536912505681637,
2023,0,3,52,10626.166666666666,48804.37060994033,12.747604184638549,,10.795575149509936,10.499862940138229,,,0.5785948385797897,
2023,0,3,53,93283.16666666667,52450.41175835101,13.361915958399067,,10.867623464286497,10.733061992502357,,,0.2698300392269039,
2023,0,3,54,50029.166666666664,44481.94167694847,12.019461980511368,,10.702838580780801,10.552693930500231,,,0.295461102312616,
2023,0,3,55,43402.333333333336,89587.27298827366,12.892690101146636,,11.402968546332437,11.265415802044703,,,0.3039395400467057,
2023,0,3,56,17195.666666666668,52393.54508382246,11.988989474092309,,10.866538677297951,10.782097934885254,,,0.17736884470556988,
2023,0,3,57,6012.833333333333,58609.79625022738,12.08143692657372,,10.978657133099091,10.843512186253523,,,0.23611476828897987,
2023,0,3,58,57317.833333333336,53761.07665665231,11.985687991230186,,10.892305002091959,10.774496808471174,,,0.23818380136291625,
2023,0,3,59,18423.5,54661.46617290814,12.605196262020428,,10.908914282629599,10.791777262577865,,,0.2596211164754547,
2023,0,3,60,33375.5,42852.28045327721,11.083639196416533,,10.665514142056198,10.394268497322198,,,0.41381352699325313,
2023,0,3,61,276648.5,57463.901944741025,12.083294625972428,,10.958912237375989,10.786331323392263,,,0.3347777624522579,
2023,0,3,62,200931.66666666666,55118.323511452356,11.96485952935907,,10.917237489975575,10.769906065862989,,,0.29781734477638594,
2023,0,3,63,101201.83333333333,65631.42155192363,12.99492762812268,,11.091809847326497,10.932578291816831,,,0.32222536958029696,
2023,0,3,64,835948.1666666666,62191.65400409932,12.226516037976038,,11.037976089725927,10.859341247345847,,,0.3773663148681835,
2023,0,3,65,108474.33333333333,79754.1561194973,12.113469238498816,,11.28670413364025,11.127385503321978,,,0.3518967693155918,
2023,0,3,66,324068.0,48276.87685759024,11.87589178814323,,10.784707984999596,10.618059606331736,,,0.319434288776044,
2023,1,3,0,1599948.8333333333,,13.60774766443052,,,,,,,
2023,1,3,1,1741589.3333333333,166770.87071909464,15.331492230851207,70.27494935173152,12.024376117679495,11.734255325037607,4.252415396077025,3.974109573851556,0.5840724095196537,0.5694504286349802
2023,1,3,2,462761.5,162818.01001313425,15.859288207856531,70.82450213612026,12.000388353048209,11.668481795970738,4.260205016198337,3.952829993169728,0.6335036240884208,0.5922504244172213
2023,1,3,3,28990.5,150438.86330048702,16.89760438764423,65.12402701454809,11.921312056722751,11.751959360102004,4.176293559686271,4.012345678282981,0.3402874922795595,0.33953275590503307
2023,1,3,4,229737.16666666666,146827.99268471828,16.148829495735345,64.88833708374335,11.897017062847517,11.74995070434213,4.172667901609429,4.029899330397812,0.30147537123577467,0.30113921635377644
2023,1,3,5,310389.1666666667,125255.62772871983,15.305432159090602,56.810773880425465,11.738111949903528,11.558411626247779,4.0397259887333465,3.8723481385124447,0.36191097789494536,0.34585903930650835
2023,1,3,6,56070.666666666664,142847.45737418966,17.76351865503056,63.92199042551271,11.869532608229875,11.690497778663891,4.15766344029599,3.988868942900653,0.3302483583904027,0.31924727045598306
2023,1,3,7,100203.0,359508.98875940643,19.20499718903958,148.27816840611686,12.792494459333874,12.545055869313977,4.9990900259410465,4.764680995962572,0.6310550657778953,0.5873702586610987
2023,1,3,8,69872.33333333333,130247.37079807675,16.727569805884066,61.25562544011027,11.777190773600566,11.614720984935435,4.115055689127609,3.958594830768697,0.3277116761606341,0.31993964191852187
2023,1,3,9,40179.0,123427.03176054121,17.328629383508797,55.91597487851379,11.723405424490794,11.528034698314977,4.023850115336905,3.850123289136499,0.35184068982872735,0.32237383531724934
2023,1,3,10,83637.0,120179.06066751092,18.66535943023622,52.14960397278716,11.6967380818107,11.532798629129193,3.954116587415783,3.7994428457045633,0.3169579848247323,0.3061850090296919
2023,1,3,11,274566.8333333333,81668.18263059892,17.551514172930577,37.382255504386166,11.310419763510128,11.197891237387067,3.621196140078259,3.5036786932322888,0.2496661235667964,0.25871230480718554
2023,1,3,12,11474.166666666666,83037.35672500136,17.19631055269083,39.41485442385201,11.327045866546765,11.196037685319205,3.674142761085084,3.5496355104954507,0.2505455056566439,0.24116369639494356
2023,1,3,13,37851.666666666664,158419.0553954035,17.41387873717582,70.09605808095486,11.972999050340498,11.751979055218825,4.249866559662772,4.043580472874123,0.46667692138899136,0.44331842226479146
2023,1,3,14,72119.16666666667,68722.3835322502,16.859064280184416,30.413678829885562,11.137830240751779,10.98494362368476,3.4148924687192466,3.262008888608332,0.3287062308449227,0.33592889114388363
2023,1,3,15,110134.16666666667,276763.6627385832,18.87465137218998,112.43629878394364,12.53091921787473,12.240647443774153,4.722386828242398,4.458397565601677,0.644679413524022,0.5938253666329241
2023,1,3,16,170602.83333333334,105719.65031891126,15.837361044218685,47.47418062704143,11.568546061097463,11.250718171248849,3.8601859975086823,3.555338178375185,0.6524990658255654,0.6302767728056178
2023,1,3,17,65797.83333333333,127434.0698377194,14.939169729499707,55.060706244342256,11.755354410526657,11.399998818979713,4.008436326445534,3.6831992330607553,0.5931319540292702,0.552104665844401
2023,1,3,18,93493.83333333333,86186.91273416618,13.686182511146013,39.22315514837179,11.364273620695663,11.237140680029574,3.669267264966742,3.546929620654588,0.26900316328987617,0.2636349072453261
2023,1,3,19,9694.166666666666,77895.99269716277,13.604710736697328,34.87044764846327,11.263129788907468,11.14621517963417,3.5516396982439096,3.449976998716109,0.2031343672869437,0.18955868227752132
2023,1,3,20,238980.5,164400.2680296809,15.912868762653579,74.78142229663148,12.010059391953744,11.80781099019678,4.314569489114437,4.113166196756758,0.4115937250929264,0.41626725758155014
2023,1,3,21,835015.5,125911.3784048263,14.382172945691828,54.166776099483904,11.743333592476338,11.38861475735437,3.992067733397806,3.652334367366739,0.6952502681541968,0.6633253212156329
2023,1,3,22,15400.833333333334,69930.36216102995,14.80629836047833,32.2655663585863,11.155255199592409,10.937425269510914,3.4740006045759517,3.2778091205344078,0.4384326168494387,0.4183495572721755
2023,1,3,23,19822.0,69297.29070559188,14.471378602899136,31.861312398630123,11.146161089256355,10.870260214129399,3.4613924963086524,3.2143011990658237,0.5292146378655527,0.4887740558528589
2023,1,3,24,11132.833333333334,71295.01201136023,14.746949713310478,33.47936823294206,11.174581646190296,10.995072180906016,3.510929375459425,3.3388557928285896,0.3459069445391595,0.3455870664608911
2023,1,3,25,22965.0,80546.45476351817,14.12909499963713,36.877908070448555,11.296589374768967,11.073607175981413,3.607612674477885,3.40906315119124,0.37768057456443604,0.3469530240732897
2023,1,3,26,3108.1666666666665,58335.67616881549,12.614617405759024,27.001496382449016,10.973969126325013,10.911141629575242,3.295892286040796,3.220561093867248,0.13303464840780377,0.1611899372926469
2023,1,3,27,1221.6666666666667,81751.2983120243,14.257844474761253,37.50711483906103,11.311436970126042,11.10417026891489,3.624530644021714,3.4361857574385684,0.4515559428042382,0.4311129898412767
2023,1,3,28,64496.666666666664,64777.52788217909,13.519334332523645,28.581253641371696,11.078714030252454,10.95087642689989,3.3527510358284345,3.2421048901280036,0.3087921614371879,0.26566695713928073
2023,1,3,29,175177.16666666666,66768.08365403711,13.238302556554652,29.939496366569404,11.108980455736688,10.914291280280926,3.399178557426133,3.2257771263461485,0.37472254940484173,0.33578202246470734
2023,1,3,30,106307.33333333333,83685.53956619781,14.488658668890828,37.82173214435425,11.334821476512515,11.12410402138405,3.6328838618736117,3.4397118210261595,0.389079369450136,0.3563628511322487
2023,1,3,31,48536.166666666664,87628.77636326915,14.399324215275895,39.35264978076996,11.380864720278652,11.116451699786005,3.6725633113705904,3.4285463500801474,0.4686930904962542,0.44934299069557654
2023,1,3,32,8937.5,37168.754773502995,12.263048951048951,18.184669454932475,10.523223761882754,10.40399399884281,2.900578901475978,2.7856814352023207,0.25816664450432897,0.248531071569967
2023,1,3,33,65214.166666666664,110754.08805158698,14.112337554467972,42.24453337765387,11.615067599655815,11.514400805052905,3.743474957920746,3.6266102067062804,0.22131807546484875,0.25967524750848525
2023,1,3,34,190291.5,101954.05810899772,14.390998371796252,44.95356883287341,11.53227758010494,11.412381474167422,3.8056301533805006,3.6892194806668637,0.2694056473485219,0.2630128046784205
2023,1,3,35,56099.666666666664,68794.50368305745,13.932126750604578,31.6359400590301,11.13887913240254,10.894973422447148,3.4542938179477676,3.225656220327136,0.4600451622603871,0.43122045149552324
2023,1,3,36,149734.5,48127.90226088915,12.760706450417238,21.910106120600727,10.781617376491482,10.579183573429871,3.0869479970735427,2.912991696431635,0.3776299327752352,0.33599793229940994
2023,1,3,37,39135.833333333336,58012.82302882915,13.978672572024784,26.561566638151632,10.968419351796443,10.728601379167836,3.279465307738861,3.0517025879400026,0.41790054001868293,0.4073339922753623
2023,1,3,38,161722.5,53436.440110223455,12.389397476129378,24.744046732860323,10.886248191287766,10.72321553865676,3.2085849240352173,3.0554289464433877,0.3224589154429612,0.30629375626940836
2023,1,3,39,63792.5,69192.27372008638,14.399853692309701,32.50958278227247,11.144644483928436,10.90239167921499,3.4815349007136995,3.24285918050827,0.478056338753604,0.4757940369789965
2023,1,3,40,57126.166666666664,93721.73792681863,13.16400832076369,34.735982799090856,11.448085436269885,11.013561904262524,3.547776117946121,3.0995690213852964,0.9002690803781445,0.9477688122189181
2023,1,3,41,39001.5,46846.18057662862,10.490570875479149,19.7660483320186,10.754624759831602,10.573501614056589,2.983965735160888,2.8183018168613767,0.34870226549326133,0.32368081071484434
2023,1,3,42,126381.83333333333,54482.80409438101,11.758430470624075,24.65583528288756,10.905640409660029,10.654688098184476,3.2050135979457575,2.9704210465551535,0.450422102116889,0.42028353482866826
2023,1,3,43,15201.666666666666,84109.68809683534,11.856419252274971,33.90444818577666,11.339877036672771,10.93560186758573,3.5235462206981456,3.1486950585833315,0.7084401105614081,0.66283836965149
2023,1,3,44,263316.3333333333,71256.89785837677,12.458967604237742,31.496237390050528,11.174046905492306,11.019544028214845,3.4498680907622106,3.302077488031606,0.34653146341890084,0.3353365196416767
2023,1,3,45,106910.83333333333,75218.69087539309,12.845442853468233,34.49766308522734,11.228155027929684,11.100106636070356,3.540891585083006,3.4155934831158254,0.28418613306240864,0.2830527575599397
2023,1,3,46,142305.83333333334,71944.00182526896,12.585588550481065,32.41346159212934,11.183643342965041,11.024681220060288,3.478573817748414,3.329160179027913,0.312392751868128,0.29825031344106634
2023,1,3,47,790026.0,71963.99444910235,11.920466330643972,32.67676881964806,11.183921195822139,10.979433939169999,3.48666439177573,3.2935794105471534,0.41968800267760126,0.4010102218303614
2023,1,3,48,16530.166666666668,89883.6995401402,12.28543773505006,35.02026289761048,11.406271886334915,11.26302859172547,3.5559268339000725,3.402364899923045,0.3116028821477493,0.32546091724964527
2023,1,3,49,88733.33333333333,84619.36770610031,12.70455672426747,36.7165996793331,11.345918452089444,11.229491608997085,3.603228960139171,3.4862497286880596,0.24374500467896218,0.24286660863993462
2023,1,3,50,53904.166666666664,69820.08986123235,12.399771198886915,30.812928890325086,11.153677067699624,11.051815279879667,3.4279343710674985,3.3334255126482906,0.19049814335706738,0.1832624718236279
2023,1,3,51,7576.0,57557.751379526955,12.248768039422739,26.517400277073907,10.960544094559397,10.782942111231373,3.277801131744576,3.1055624462312066,0.3183906816601103,0.3244311454478826
2023,1,3,52,4024.5,61659.10677141151,12.555348490495714,28.77234066341188,11.0293762149812,10.776182777265518,3.359414532036917,3.1084212416189168,0.4965927389587566,0.5130919476343162
2023,1,3,53,19776.666666666668,64374.313074375175,13.825012641159615,29.945632944400884,11.072469967219787,10.913028296698602,3.39938350239072,3.2495812973356073,0.3059873972265152,0.29682547205371257
2023,1,3,54,22802.333333333332,51332.608459600706,12.014223690557984,23.51589705573672,10.846081471711086,10.691746619318902,3.1576766629039903,3.018480067103361,0.26472207369764783,0.23999520781561368
2023,1,3,55,36435.333333333336,89502.93706371538,12.883684335718074,40.13893924071999,11.402026720078863,11.272412388080841,3.6923469165297185,3.572631086069546,0.2862892029698635,0.2741475113878923
2023,1,3,56,12701.333333333334,54612.47971785502,11.889460424102456,25.249798105142247,10.908017701876789,10.824644478669878,3.2288181598534513,3.144800198773089,0.1694985827982977,0.17082541090097988
2023,1,3,57,4122.666666666667,65153.381393656346,12.190734152652006,29.383978696334605,11.084499482873934,10.946934122350267,3.3804495835080712,3.250246215509525,0.23264364715295863,0.21658294458766325
2023,1,3,58,35211.833333333336,56882.88569717131,11.939650969607754,25.554564054125688,10.948749796262875,10.840454822432546,3.2408159329522803,3.140116929939623,0.2234487334696053,0.20728923747282926
2023,1,3,59,12472.333333333334,57395.71608470723,12.797017398508698,27.416558266989284,10.957724946851895,10.856885119018386,3.3111471471819303,3.2094414786728724,0.19238286869257204,0.19171113637880077
2023,1,3,60,7898.5,49667.7812120743,11.8613660821675,23.074389472124295,10.813111736519264,10.65835912929142,3.138723321626071,2.999191557979767,0.3647412742996002,0.34106384835949705
2023,1,3,61,151282.16666666666,64230.000930372924,12.306544172974785,28.71108589786282,11.07022568473686,10.907282788984121,3.3572833164014293,3.209126703224263,0.32056532392141873,0.29465507791514634
2023,1,3,62,125197.5,60072.74418192131,11.996586726305772,27.213902624243584,11.00331150986921,10.858553867289201,3.303727968612915,3.169566266860038,0.29332862280757804,0.2786113521392822
2023,1,3,63,53702.333333333336,74822.78451652522,13.217097953533987,33.29906968783053,11.222877723415529,11.095704777336094,3.505529459293758,3.380190461424059,0.2576669438445437,0.2505904153032019
2023,1,3,64,547295.3333333334,65388.90221838789,12.34149508552969,26.99239882255734,11.088107832195831,10.915901926621846,3.295555301278233,3.1436889041507667,0.35473784464561886,0.31668200189019335
2023,1,3,65,92436.33333333333,80669.10487424607,12.054127345307942,33.72322625336122,11.298110941727721,11.141164241431458,3.518186806295895,3.373652813364149,0.34562167736533184,0.32432270753379355
2023,1,3,66,176044.16666666666,52589.82700776101,12.327139496243841,24.385461065777896,10.870277977126772,10.711630845143468,3.193987096745329,3.0443533998844923,0.3120859820723748,0.294319547581948
2023,2,3,0,3018907.5,,15.0661755397717,,,,,,,
2023,2,3,1,1191648.0,116693.75507238052,15.830675109875846,51.24061804989173,11.667308304181102,11.419166823134326,3.9365325388194066,3.706705771409882,0.4958435370161959,0.464360366389921
2023,2,3,2,632674.3333333334,96256.24863803,15.57409367536642,43.97274216236629,11.474769170957357,11.241899413669413,3.783569945641279,3.5729148524047276,0.42214371694712216,0.38716819337645747
2023,2,3,3,7632.0,140043.31228355676,17.984189378057305,66.82847575891596,11.849707027199319,11.608052825713468,4.202129273525574,3.954609523644571,0.5152938211348259,0.514436952935756
2023,2,3,4,29194.833333333332,126528.17669407031,16.859958097608597,58.54079749519491,11.74822030301128,11.596557057048486,4.069723904252513,3.927048473627334,0.34948599435674826,0.33547605568517685
2023,2,3,5,122386.83333333333,98410.63651667297,15.522622940103853,45.63018670327901,11.496904171880171,11.347539105865936,3.8205694866092004,3.6783970558945347,0.3062110936251088,0.2947227254639125
2023,2,3,6,34564.5,121062.87319267719,17.87586492885282,55.695486558536146,11.704065302789326,11.546871225607134,4.019899112384968,3.875397631576312,0.29467517977735,0.2743759667913462
2023,2,3,7,63698.833333333336,255772.0573049484,20.146847273497944,111.32235505916603,12.452041925666583,12.158344036008945,4.712430092193576,4.436945199544785,0.7343698332350441,0.6936923752846985
2023,2,3,8,403621.3333333333,96808.90776959338,16.81244301589609,46.904384919921945,11.480494291444021,11.363041695578218,3.8481111661761243,3.7341312222268064,0.2515389885309809,0.24772222739496236
2023,2,3,9,121204.0,84931.4049770943,18.428132184856388,41.77778280758763,11.349599209402966,11.221067806878914,3.7323646864480526,3.60844343863991,0.26788329030042496,0.26151319309416887
2023,2,3,10,86010.66666666667,97421.46377752605,19.215907329323493,43.776526696759895,11.486801832679044,11.3499180271322,3.7790977535605617,3.6456571690666286,0.29874636692296297,0.29104724514190466
2023,2,3,11,906084.8333333334,65209.76564010312,17.6740698856564,30.407485201859036,11.08536451645506,10.947852533269856,3.4146888018494477,3.2804139385132816,0.3166969342296604,0.2986017384471747
2023,2,3,12,31759.333333333332,69504.0423370734,18.382879573458723,33.302444086988714,11.149140192984833,11.038993615034247,3.50563079029871,3.404173429962463,0.25575839522273486,0.2341663421747166
2023,2,3,13,57200.5,123004.62837298731,18.277258648671488,56.20886568497569,11.719977262695277,11.507677625099051,4.029074496859747,3.8349682182540255,0.4399364689493298,0.3997986583575148
2023,2,3,14,114650.5,62578.83141141838,17.63328841420956,30.00596518015649,11.044182343533315,10.91023003963024,3.401396201234784,3.271720123131154,0.30465972122549645,0.2898702094090758
2023,2,3,15,72493.16666666667,212468.20832244065,19.006094827328553,88.39637488498997,12.266547648259834,11.968025606601634,4.481830960714395,4.220122319393744,0.5975570552819915,0.5380456993751118
2023,2,3,16,134019.66666666666,83120.92547981151,17.334776736747592,38.419727305836076,11.32805175997257,11.032858117847335,3.6485710596014287,3.372935299918777,0.6275182731423731,0.5893147395571884
2023,2,3,17,179807.83333333334,70592.5456060806,14.612416774575077,34.156820936446024,11.164679831590567,11.021358484672751,3.530962300668284,3.3942345764984694,0.264452654792949,0.259912414429999
2023,2,3,18,22832.333333333332,71762.94460804288,14.602551936581165,33.785809591341646,11.181123530005111,11.03853140409938,3.520040879758072,3.3921584557882265,0.2751961153567323,0.25844517164103814
2023,2,3,19,4136.833333333333,65771.07905054178,13.889206720116032,30.439668238939948,11.09393549258535,10.986675490705155,3.4157466340819225,3.3209920823272614,0.20507924117536633,0.1881444141107532
2023,2,3,20,105278.0,92052.24373013376,15.144503125059366,43.62187332335239,11.430111561487825,11.25013097506036,3.7755587062830487,3.60563080482419,0.34132804959307017,0.32280776287299706
2023,2,3,21,611173.0,81008.49475335918,14.744190270185365,36.65012810764119,11.302309301653997,10.94145899819007,3.6014169237601448,3.2741531347212747,0.6794564698014787,0.6161818849178365
2023,2,3,22,313427.1666666667,54482.145721507375,14.281254071254192,26.259519391748594,10.905628325538029,10.761886740850347,3.2680285667935576,3.1328778676026876,0.27689484126186853,0.2625621573792344
2023,2,3,23,116081.83333333333,44056.774516842306,14.135111580767017,21.366780386793074,10.69323441106839,10.559665975748388,3.0618373975591595,2.9404945632670985,0.244208039932049,0.22461791252783847
2023,2,3,24,40956.833333333336,56481.10701733625,14.994494203246507,26.969668852342892,10.941661472140344,10.782831479559773,3.2947128587055836,3.156881816980377,0.2878900747203848,0.2566954203797807
2023,2,3,25,207821.16666666666,53852.31960355864,13.929721627649414,25.872650161430823,10.894000756931819,10.773771990400556,3.2531864324444335,3.138671303112007,0.23251734050490394,0.21956104828993206
2023,2,3,26,2785.5,48566.48774731367,13.507927960270449,22.738091795608288,10.790689019513486,10.708181004334069,3.1240415708000184,3.0495902294147723,0.17906747796975767,0.1578124975119251
2023,2,3,27,3828.1666666666665,46024.31430122955,14.470111889938613,22.73714334406371,10.736925107592242,10.568296046843763,3.1239998579186317,2.9622156906938364,0.3732745901232602,0.3485302268588383
2023,2,3,28,38137.333333333336,56583.51694926788,13.854962766143412,25.83119538806505,10.943473001800903,10.766418891512226,3.2515828850947868,3.0833194380315847,0.47027391594940704,0.44394485021374813
2023,2,3,29,117462.16666666667,51379.720996902004,13.452479025161292,23.943597435526968,10.846998840460381,10.69767847422594,3.1757009576596036,3.0461163063643033,0.28391240906589704,0.24611182151078803
2023,2,3,30,248657.33333333334,57328.522142726295,13.978570241242299,27.154924826190804,10.956553547491087,10.799590586529112,3.3015584231600457,3.1593893827852946,0.2938318923969205,0.26661168101564015
2023,2,3,31,217325.0,52981.16625072776,14.201312933778137,25.528244575533922,10.877691775621296,10.728444446450725,3.2397854696074972,3.101266885527284,0.2815531383787221,0.2645670298073076
2023,2,3,32,91123.83333333333,30932.336425805985,12.190766045472918,15.748822683079723,10.339557401972831,10.170302176083721,2.7567656121970483,2.590565659764807,0.2970768434860125,0.2929348976265218
2023,2,3,33,2499.5,86971.4755360718,15.575381743015269,35.437673313402875,11.37333547647498,11.259228407958705,3.5677754721540467,3.4286236430629655,0.2731969002897537,0.31361408240698024
2023,2,3,34,35170.5,84442.64523361818,14.550224383124116,38.72067099227853,11.343827828255314,11.172582277619965,3.6563735916042615,3.4856076917510417,0.32821913824423143,0.32301563386749255
2023,2,3,35,20643.333333333332,57833.76833784585,14.521120620054901,27.394550761762925,10.965328111364512,10.711032564304215,3.310344116307388,3.056331865037243,0.5031991422021028,0.4754389035975388
2023,2,3,36,203974.33333333334,32490.92598512436,13.51607800327819,16.194827811699774,10.388716128876412,10.229456314678755,2.7846919203778095,2.640932407781039,0.3085653490189817,0.28289915393919
2023,2,3,37,261232.83333333334,42476.96615029944,13.78072051943445,20.504883128675903,10.65671723505796,10.504696340904713,3.020663059177738,2.873022679434892,0.29015007099874573,0.27825453515582216
2023,2,3,38,86595.83333333333,35897.2539722926,12.653272386084783,17.547735994255877,10.488416080528292,10.338259865228267,2.864924938413946,2.721763837587853,0.3038050944053656,0.2856912189877995
2023,2,3,39,206624.0,46150.49035398445,14.917708817304216,22.366024341795356,10.739662865096316,10.505352607474018,3.1075430369446404,2.8772863425572397,0.4999959189552594,0.4921170041644012
2023,2,3,40,8893.5,60524.98755605297,15.17306647176777,25.47627350183679,11.010811576206121,10.490079794184183,3.237747568117876,2.6768165196049454,1.078006684664693,1.1733785284157674
2023,2,3,41,17062.0,37335.683385561635,11.724397296135662,16.83703880808951,10.527704807455533,10.268523037552614,2.8235811506020028,2.58546646726374,0.46542408010728237,0.47357880490663645
2023,2,3,42,26337.833333333332,42520.31393585507,14.363963120226291,20.13199334975835,10.657737215680159,10.42248112007256,3.002310258582167,2.778534122472275,0.4766395312728152,0.4491638881119165
2023,2,3,43,1552.0,69873.70665680442,12.106529209621993,31.466164906733596,11.154444700902262,10.916689978362644,3.4489128385956254,3.2300568211432537,0.5586147581822374,0.5087476544811675
2023,2,3,44,5901.5,67213.68518711776,13.015899912451635,29.86214850040016,11.1156321543955,10.985593647163542,3.3965917419807337,3.258769763564489,0.27008996077937747,0.2970596618150525
2023,2,3,45,3949.6666666666665,59615.81767572312,13.818634483922695,27.961981406062737,10.9956762150855,10.8752790812908,3.330845780593762,3.2122991108178147,0.2703619413223311,0.2637767402428101
2023,2,3,46,8096.0,53932.84122332184,14.109724967061924,25.080535236239193,10.895494870483722,10.689810270152902,3.2220920566948634,3.038891205170932,0.4262235877322589,0.37307345510937123
2023,2,3,47,23205.833333333332,55168.67884889785,13.230480841742377,25.690022951258896,10.91815065906834,10.647572233313717,3.24610270451411,2.986573798286238,0.5672844833151747,0.5455327387551508
2023,2,3,48,435.0,62373.11101581442,13.655172413793103,28.484959677737123,11.04088954827964,10.970083211639917,3.3493762173700836,3.2244582510542696,0.13645793264811534,0.26336811351483147
2023,2,3,49,21096.5,65051.182933518474,13.009172137558362,28.881761322139266,11.082929668764061,10.899299729454624,3.363210299773657,3.188657728340953,0.333152846161897,0.3233118094404114
2023,2,3,50,2041.0,46843.83754827742,12.447656377592685,21.82530690178701,10.754574743225808,10.664745933994185,3.0830701635643467,2.9952992300001466,0.1981243868933717,0.19771021400144315
2023,2,3,51,1089.8333333333333,36909.14194450987,14.178926441351889,17.028101375735922,10.516214548517569,10.402886514047015,2.834865001421048,2.7325022461649295,0.3511759184310915,0.28755660949307865
2023,2,3,52,5347.333333333333,36414.34444155791,14.258134895898268,17.004447563663298,10.502718054061242,10.263668461630076,2.833474931231266,2.5944732747967345,0.5558584219679648,0.5815260429903656
2023,2,3,53,57901.166666666664,48915.34765555241,14.012953106874647,24.16182882454767,10.797846484206605,10.688303294251797,3.1847740665820723,3.0784326309656644,0.21828906840155865,0.2105358613911319
2023,2,3,54,18762.166666666668,35963.33897113292,13.185008838709104,17.057241550494783,10.490255336642477,10.372902097161594,2.836574837928857,2.7229548524283307,0.26435698478497244,0.26271539728312626
2023,2,3,55,1684.0,85552.280059226,12.951306413301662,36.3425391260976,11.356882930738724,11.197031261637376,3.592988931911217,3.4376841316349633,0.3781439994438487,0.37470094249479413
2023,2,3,56,2534.0,42241.33025675604,12.502499342278348,19.241824918282852,10.651154410705184,10.561066415206051,2.957086290962164,2.874400290873721,0.21199781770835685,0.1939706759558039
2023,2,3,57,1125.1666666666667,39142.06671993836,11.94163827581099,16.454725265602065,10.574953042824761,10.510396618336351,2.8006126861515197,2.7541014611685988,0.14712361787568537,0.09358671203384407
2023,2,3,58,8821.833333333334,45309.08451747238,11.966975874251384,21.292263538682207,10.721262832589979,10.572762504919723,3.0583437925907693,2.912363147357562,0.2508297243941303,0.2404584328961327
2023,2,3,59,4022.8333333333335,40613.70171480413,12.942867796329287,19.46866263865249,10.611860769316236,10.468771387379885,2.9688061287174334,2.8340160054965757,0.40121187775230766,0.3821620833190459
2023,2,3,60,19595.333333333332,42074.29259800648,11.431259143333447,20.73079477050609,10.647192206036063,10.313751766987465,3.0316202648592205,2.7047778371056816,0.39720640309636135,0.39200583445867926
2023,2,3,61,63818.833333333336,46177.99081724643,11.973241963579195,21.29210238396114,10.740258574323336,10.579667303873372,3.0583362238637224,2.9165561626484386,0.2630535142508421,0.23888505741218885
2023,2,3,62,38913.666666666664,42672.87694401004,11.912490042058918,19.791635538427,10.661318797017016,10.55301325021298,2.9852594008901914,2.8870607846516156,0.21600917294740823,0.2050928954993414
2023,2,3,63,31953.166666666668,51867.90500210255,12.9884674967009,23.939621061347925,10.856455477135182,10.714249065909879,3.1755348713223435,3.047186173471183,0.2803677766072719,0.25524208777445984
2023,2,3,64,73400.33333333333,45685.92868726745,13.695473680864303,20.936321654953893,10.729545623282746,10.546180547302413,3.0414855288351723,2.8813859404034177,0.3689541131010864,0.32622576570747275
2023,2,3,65,3251.0,73011.81593910599,13.486619501691788,33.22998040673419,11.198376569211794,10.986787141461937,3.503452492740515,3.322339223740542,0.4987241231697593,0.43532528972145895
2023,2,3,66,70863.0,39417.57115155508,12.291270950049157,18.9909945916074,10.581966964185293,10.451075107649531,2.943964897944926,2.820649905706418,0.2433309989837219,0.22611143066056993
2023,3,3,0,473552.0,,12.739048721154171,,,,,,,
2023,3,3,1,138854.0,115551.5654111062,15.264748104723909,50.34391374583646,11.657472163088963,11.41121128422396,3.918877732927369,3.679761290649999,0.4987214081433625,0.49822838247853907
2023,3,3,2,59253.833333333336,98930.0948951125,15.731932955111203,44.27718871044509,11.502168767531531,11.29017136578433,3.790469616900925,3.599254705177668,0.42970648265819217,0.40148343416900445
2023,3,3,3,1400.6666666666667,129134.72630548307,16.617087101380296,58.63689223543275,11.76861152831302,11.634669958607136,4.071364058824614,3.917246480196691,0.3666336347768207,0.42773436039875645
2023,3,3,4,17418.166666666668,125296.72541737035,16.243825890593154,55.961798217898284,11.73844000660308,11.596202607492149,4.02466928326774,3.892601008073382,0.26355151458877785,0.24869897145181827
2023,3,3,5,44336.333333333336,99408.07354682854,15.23869813320903,46.31974237260851,11.506988612151389,11.351954183608099,3.835568271345311,3.680796503862572,0.3459145876917696,0.3483598712438651
2023,3,3,6,2235.5,91955.95187191934,17.208827257138598,43.58486417704583,11.429064957376644,11.302855972957678,3.774709938181199,3.6449885741527246,0.23779101781516934,0.24268797314614726
2023,3,3,7,5384.5,333967.9685940483,19.01922184046801,125.16427985983836,12.718800364946878,12.426310271971237,4.829627113325009,4.569643951486416,0.764785164915143,0.6680883595038994
2023,3,3,8,14243.833333333334,114164.33967385179,16.721458408902098,51.28094713321344,11.645394265389767,11.475323633023402,3.9373192822783047,3.7659568722761887,0.36866574975236854,0.3997506415184948
2023,3,3,9,3793.6666666666665,106013.24774170692,15.691766980054478,45.71824679084003,11.571319343980367,11.308505574404048,3.8224974915343157,3.5903314927133705,0.3923135775097993,0.36057430620563435
2023,3,3,10,6649.5,111738.29676544531,18.518434970047874,48.99501847777638,11.62391478006043,11.425396233386888,3.891718629223671,3.7420719794141224,0.3273011321110085,0.26891955788949423
2023,3,3,11,39564.333333333336,70140.34752358751,16.79881711642641,32.64377323185987,11.158253478395146,11.028167571012917,3.485654124880867,3.3461492955141408,0.32441827071214724,0.34803432104381227
2023,3,3,12,587.3333333333334,114450.8105530494,16.966515323496026,52.55643347005324,11.647900407514214,11.41969343009926,3.961887515520379,3.760215656902683,0.348827821425294,0.30753318711850997
2023,3,3,13,2362.5,158449.38014418556,17.717671957671957,74.55848755514775,11.97319045311511,11.673557377151866,4.311583885235271,3.995970797041855,0.504219771645844,0.5522903840652459
2023,3,3,14,14247.166666666666,57543.90185683796,16.906800182492425,26.50235881426232,10.96030344601324,10.819387913520856,3.2772337408898116,3.1195905505273016,0.30977726165437675,0.32203318233462525
2023,3,3,15,6185.666666666667,185426.41344734826,17.96055396885272,77.30685797240872,12.130413389319934,11.874811804873843,4.347782670576698,4.127124070957841,0.5585593418543163,0.4848225952267168
2023,3,3,16,13280.5,100750.29105339508,15.436140707553681,45.310719104286235,11.5204003686722,11.179978300565699,3.813543629316432,3.4772588355991396,0.7149338416338661,0.7095642722100736
2023,3,3,17,13549.166666666666,96529.39358387057,14.09400332123747,42.20351385773242,11.477602837670961,11.17310352483818,3.742503484346391,3.476788552231171,0.548465154999122,0.5116836458447778
2023,3,3,18,11672.5,82633.9162089845,13.558106660955236,37.341500933533524,11.322175483089687,11.12520704743026,3.6201053337045854,3.4241556547822007,0.36891318986746957,0.3767002954794787
2023,3,3,19,888.3333333333334,84411.7131298225,13.220637898686679,37.03982518864828,11.34346145211387,11.194585201784854,3.6119936902379073,3.4544907904508206,0.28362137056808057,0.2988022704185563
2023,3,3,20,18326.5,113881.50458911087,15.879555106903483,52.67248490653234,11.642913753362219,11.507698584927576,3.9640932111660168,3.829906276934124,0.3078093424033001,0.30553184372297476
2023,3,3,21,70009.0,84655.10568817022,14.00443276340661,37.39937343125561,11.34634070101906,11.004463586025455,3.6216539511051664,3.2938099961954124,0.6291472056657403,0.6044034807104898
2023,3,3,22,3005.5,70656.61640548085,14.805745023013364,34.82487633598521,11.165587034194562,10.98485510864885,3.550331968646936,3.3622036611732153,0.46638645355261155,0.47703506571544724
2023,3,3,23,4861.166666666667,57350.88927902124,13.921418040936674,26.58339691708724,10.956943628610292,10.81444701918899,3.2802868448593343,3.147659396044309,0.3020163559118468,0.26249853014981633
2023,3,3,24,4070.5,64710.97414628286,14.176472996765344,30.3971818199312,11.077686081968025,10.935764622701244,3.414349900823223,3.261308864296435,0.2638402795301336,0.27315797760657756
2023,3,3,25,5054.0,56427.427313811364,13.742448225827726,27.191635390627567,10.940710619170952,10.857283389867726,3.302909403603843,3.213641356434461,0.1671214862160978,0.17590388784963495
2023,3,3,26,1811.0,58184.34673903201,13.320265046935395,26.59813996544613,10.971371641170256,10.812866125371887,3.2808412872316612,3.141646143078472,0.39562687551720205,0.3509769432346326
2023,3,3,27,335.5,41049.50630728389,14.785891703924491,18.857868653454272,10.622534088189104,10.574147684706931,2.9369302619887,2.9060994595080336,0.0983766173011511,0.06501261719921558
2023,3,3,28,22079.0,63539.7740041086,13.070836541510031,28.64590366285594,11.059421351067238,10.930574721656857,3.355010454329465,3.23168844200411,0.267178307469359,0.2555508016808052
2023,3,3,29,39331.833333333336,54130.84101203541,13.220834692848456,25.37334672332543,10.899159376563647,10.701363767267958,3.2336992814787786,3.041668281939553,0.37080358974698235,0.35785049919875794
2023,3,3,30,20514.833333333332,64730.02387934788,14.165230036802638,29.483657177865577,11.077980420446453,10.862722093717375,3.3838361158637573,3.19960774693863,0.4088439959183941,0.3701048447148659
2023,3,3,31,9865.5,70726.48984030329,14.495430202895612,33.62417584265037,11.166575461204927,11.048296476540912,3.5152453273658706,3.3981972708830313,0.23196635399516868,0.23090159350511008
2023,3,3,32,4463.5,40387.83744746511,11.722489824875845,19.34556599148619,10.606283965343039,10.485206650819093,2.962463245490627,2.853231673464111,0.2453778376913424,0.2242591849431403
2023,3,3,33,4630.166666666667,106051.84383241883,13.776033980058314,40.62020276292917,11.571683346285994,11.380952877408285,3.7042655478416306,3.492374794934389,0.4227814622238578,0.4729145368111559
2023,3,3,34,33816.166666666664,88811.11428330015,14.167828996978765,38.68692415292309,11.39426708199627,11.234380198736744,3.6555016657569293,3.4860742584728617,0.32991444809782694,0.35080906184714367
2023,3,3,35,28352.166666666668,56994.095007182994,13.446661924720626,27.018608218730606,10.950702945085002,10.700168061815035,3.296525821906018,3.051282166178148,0.4455112235803832,0.43375383379742266
2023,3,3,36,37720.0,38533.33204854772,12.913246730293391,18.150550152606577,10.559278913210116,10.369815554994016,2.898700871689856,2.724704527973606,0.3924081001821251,0.3646406733922436
2023,3,3,37,24349.833333333332,49372.45269135388,13.503788526957749,22.605818047585156,10.807147909811372,10.630216423188033,3.118207308881204,2.9482274998136093,0.3297534531558387,0.326128565260885
2023,3,3,38,40098.833333333336,43467.540436867035,12.604223730532476,20.45208606489401,10.679769741679698,10.523434104616353,3.018084885349619,2.8697729308559423,0.3274130890334276,0.30705509452587687
2023,3,3,39,22049.166666666668,60198.920283005784,14.159008276956799,28.103803824424013,11.005409695637827,10.800506153782624,3.3359049345955825,3.1465469935692423,0.41538807356491053,0.40343762575008885
2023,3,3,40,559.0,72748.21486986626,12.32737030411449,40.47930363390568,11.194759646861426,10.849068867823913,3.70079082211152,3.3207233060269137,0.9028648316258358,0.9128844184336035
2023,3,3,41,3078.5,35027.689913559734,11.26338584808619,15.402243459134764,10.463894168072377,10.353521956847805,2.7345131779739993,2.63701013436263,0.27510008063779856,0.23937475345677905
2023,3,3,42,13026.333333333334,43831.11735609863,12.496276772691214,20.16197229042707,10.688099286040199,10.465669379776763,3.003798270284365,2.80287514606229,0.37884179876035884,0.3550727913237769
2023,3,3,43,910.3333333333334,53993.47236647124,11.720981325521786,21.581506199665395,10.896618436137198,10.747245300263076,3.071836753486356,2.9627754383226312,0.4316613782195963,0.29271459830461505
2023,3,3,44,28379.5,61616.680415623225,12.643257750606365,27.94935141851021,11.028687898833617,10.860545715588849,3.33039399426962,3.162424126051994,0.41589813009403326,0.4125038881059022
2023,3,3,45,15523.666666666666,74255.2999114635,13.376156835799103,34.67941839599944,11.215264433396536,11.058278540729745,3.546146381183462,3.3843685715181135,0.3138698907125252,0.3176864418117845
2023,3,3,46,14623.833333333334,55536.68277758995,12.706198785088269,25.22870019490086,10.924799032350213,10.78284042569469,3.227982243089664,3.0938796434297497,0.3151281808584745,0.3040477512891466
2023,3,3,47,63218.166666666664,61716.82125216419,12.467413111737397,28.354499057835927,11.030311802431477,10.854888360134801,3.3447857145081654,3.173154195626356,0.4113761428415963,0.40746832587925086
2023,3,3,48,1397.6666666666667,62909.89774617665,11.44812783210112,29.427546329299304,11.049458787164195,10.996978610350496,3.3819311856571566,3.297839638589607,0.11191111789312895,0.19011436275804292
2023,3,3,49,15901.166666666666,76213.134215465,13.256469651073822,33.29261255906065,11.241289091853941,11.152632029180594,3.5053355273018862,3.4065367588461086,0.17590257331347112,0.18830789596047318
2023,3,3,50,3887.0,65904.04286256184,13.191836034645398,28.231467293668963,11.095955067054412,10.920725692235134,3.340437217311022,3.204601108000335,0.2924355072302813,0.23953730409698967
2023,3,3,51,388.5,43599.529932377285,12.58944658944659,21.37231859430259,10.682801647911512,10.66958193331983,3.062096561073251,3.048876846481568,0.026222941057954655,0.026222941057964407
2023,3,3,52,646.6666666666666,61636.664068002,12.476288659793815,27.58356824975438,11.029012168371903,10.524308674201437,3.317220242160206,2.9125034225335003,0.5128858756889583,0.43345232055913274
2023,3,3,53,4564.833333333333,56890.18881763631,13.759246412793457,26.65733002873479,10.948878176734375,10.771598762395369,3.2830641607756355,3.103205339509563,0.44782200930213534,0.4409548453983987
2023,3,3,54,4768.333333333333,47953.516888287384,12.13554701153443,22.40635795781053,10.77798742252891,10.64394175543171,3.1093447559890355,2.977990292511609,0.3349699918748795,0.3374636307964926
2023,3,3,55,5120.666666666667,92958.19538106288,13.287071995833877,42.387595968378484,11.439905159042992,11.261071570605656,3.746855771521821,3.570208428158077,0.38056217640495194,0.3728802418144617
2023,3,3,56,1569.6666666666667,53359.92795475993,12.316627734126142,25.390798056265695,10.88481533041543,10.839868262388867,3.234386827135403,3.1842376069983924,0.09728584676577588,0.1059278660323605
2023,3,3,57,700.6666666666666,50798.620131488104,12.27592768791627,21.975681552833493,10.835624470431677,10.753066855190896,3.089936458008763,3.0042951534990276,0.16762402320059433,0.17427467772636368
2023,3,3,58,9558.666666666666,54826.468737559044,12.526502999023576,24.227619173864568,10.911928362486016,10.799952927179064,3.187493270564612,3.0982544595077304,0.24409560674999306,0.20203341189187304
2023,3,3,59,1450.3333333333333,67511.37170788021,13.349115145943463,29.35868474421334,11.12005133241756,11.034581621066426,3.3795884052024574,3.2932859072774723,0.19094027522890852,0.2260754253923303
2023,3,3,60,2387.8333333333335,45704.05547367665,11.427654079709638,20.354650256275498,10.729942314163335,10.433930629952942,3.0133093996051894,2.7507551559780024,0.6887738190708366,0.6337427160020958
2023,3,3,61,41819.833333333336,56414.44131772045,12.332848449101103,25.45964760008195,10.940480456443131,10.781788433319544,3.2370947517169704,3.084060286903529,0.3319733720746499,0.3203531724219071
2023,3,3,62,23494.333333333332,53916.41904185333,12.539378289800377,24.69660896911771,10.89519033095225,10.766105819276751,3.2066659455092874,3.0836249635455357,0.29044476720829376,0.28141661693929737
2023,3,3,63,7168.333333333333,75451.47680861536,13.542431992559871,33.99222800372559,11.231245037345928,10.963181452271535,3.526131910360196,3.262903187258864,0.4928502517029753,0.46571909691999386
2023,3,3,64,183808.5,60547.949259631554,12.517881381981791,25.729153756950765,11.011190879863204,10.839768678307635,3.2476247363999207,3.09007233438314,0.38989564739512395,0.3599922068673205
2023,3,3,65,11899.666666666666,75167.97091644825,12.713213255273258,30.94802977941315,11.227480500544562,11.064160034923589,3.4323093389270563,3.2848550431134687,0.3586935857133239,0.32496855016464815
2023,3,3,66,57111.0,48929.09319185127,12.478495094348434,22.770033796402444,10.798127451347309,10.604153095760724,3.125445364325862,2.9449490406121797,0.35340943432585176,0.327811245547345
2023,4,3,0,493191.8333333333,,13.868921187191868,,,,,,,
2023,4,3,1,180893.16666666666,99296.87265854487,15.872296631805698,44.813425082725736,11.505869355665668,11.283243579461066,3.802507761554873,3.5903560535460355,0.45879190725857444,0.4447243744993179
2023,4,3,2,118552.16666666667,80471.27147036976,15.770208051870272,37.64766660473181,11.295655523566733,11.140358088046524,3.628270976355374,3.4789090490593355,0.3547709144568156,0.3461489438983576
2023,4,3,3,266.3333333333333,94151.08031854834,17.41927409261577,46.15249035222958,11.452656008459705,11.271521996416485,3.8319509216214427,3.6508169095782237,0.4134123665822497,0.4134123665822343
2023,4,3,4,4209.0,99491.79714943365,15.939969905757502,46.51028900424145,11.507830479039052,11.445235103436826,3.8396735570253746,3.7792468633533987,0.1272488776444422,0.12497299644900726
2023,4,3,5,31058.333333333332,86915.03406375679,15.783021196672927,41.41141262049465,11.372686300475909,11.231551543173717,3.723556510003765,3.5820276236577477,0.328934312669407,0.3341618834642741
2023,4,3,6,2718.3333333333335,143482.00221896122,18.085959534028202,64.50941728812825,11.873964886239133,11.675799218019497,4.166811217611216,3.9607645778202913,0.3927918732067294,0.40931242554335895
2023,4,3,7,5417.833333333333,242701.36952314893,19.34961700556803,98.87438257654692,12.399587034563003,12.049392990644945,4.593850181583334,4.296641188164888,0.9654594689252984,0.8640417549892213
2023,4,3,8,80476.16666666667,93845.41414081254,16.475851028358292,45.07761976830543,11.449404177110743,11.321275791256275,3.8083858876069105,3.6738392405257625,0.30868368223043313,0.32710182529905424
2023,4,3,9,10235.0,75915.7307182191,16.786516853932586,35.96487744434267,11.23737919774871,11.096592986746405,3.5825428356767186,3.457822256652751,0.2880572409199258,0.25795064237444215
2023,4,3,10,10833.0,92586.61297505103,18.562232684082588,41.74432132183796,11.435899841879282,11.177571607867858,3.731563425802414,3.504403371183002,0.5025883191055296,0.45541076513256606
2023,4,3,11,129275.66666666667,59001.38822900673,16.724325536901762,28.320728057260034,10.985316251916245,10.825070320351765,3.343593976731651,3.183241930891936,0.3599156763585829,0.3571974778392382
2023,4,3,12,2401.1666666666665,70407.95716513282,17.004789338516,33.96183531922191,11.16206156367278,11.028451137236152,3.5252374035406175,3.401056628777139,0.2809250558718546,0.2637944883230639
2023,4,3,13,4640.0,121325.6082068276,18.12801724137931,55.14604408933984,11.706233187298787,11.548608603218659,4.009985013105754,3.8650218904015117,0.32124481332395377,0.3126669637269245
2023,4,3,14,30414.0,66929.21622614155,16.739275772122486,31.89257196989499,11.111390865674135,10.920176687918385,3.4623731290678808,3.270415903480498,0.4692313519625538,0.48400152819465103
2023,4,3,15,8062.666666666667,148135.25858396338,18.00694559285596,65.66274137866851,11.905881044736473,11.672576043155187,4.184531662323862,3.9638457071041278,0.4780274941075121,0.44754441885487795
2023,4,3,16,12553.0,85280.18808403643,16.515388087840886,40.516865120776025,11.353697444885471,11.061806001744358,3.7017183101678195,3.4120958048245726,0.6580969413686182,0.6606797928540933
2023,4,3,17,44804.833333333336,68105.0979679684,13.789725066864067,32.153997909110394,11.128807349364637,10.928698574943516,3.4705367947134103,3.2727704852696076,0.3525441224094859,0.3557496865493115
2023,4,3,18,3658.1666666666665,65931.77770037246,13.889197685543762,31.306224564869222,11.096375815195566,10.969263962658346,3.4438169456617063,3.3205567168437566,0.2758032080997953,0.2690412192900518
2023,4,3,19,1095.0,66997.70964940224,14.463013698630137,31.046575193058327,11.112413713451526,11.01043214288193,3.4354885025555517,3.3295074110455487,0.1821133928338784,0.19941496394552183
2023,4,3,20,14047.5,91929.11183239271,15.53790116865397,43.47775901319024,11.428773035464372,11.25531694185971,3.7722495202897455,3.5972999006722524,0.36700322857670953,0.3667750878842615
2023,4,3,21,81843.5,58548.22594696107,14.264855079104226,27.082535139416645,10.977606068771104,10.686257539432962,3.2988890603320504,3.033284769497455,0.5761927892491785,0.5323234822210787
2023,4,3,22,43292.0,50734.5126830283,14.02560904247128,24.591345257137142,10.834361681523234,10.709142722510974,3.202394562219995,3.080921923815971,0.27859481960027815,0.274009828544096
2023,4,3,23,24281.166666666668,43184.74744831773,13.960353360286092,20.926561166049364,10.673242643562928,10.552681567928284,3.041019221289028,2.923738887047347,0.2471688044165272,0.23745665558886705
2023,4,3,24,9183.5,64130.48275479724,14.609281138273353,31.17528009975368,11.068675079867534,10.837484439709147,3.4396254762812686,3.20239808503274,0.33152545999433664,0.3526699453828285
2023,4,3,25,26983.166666666668,55065.997305965495,13.799974057900295,26.346372792681937,10.916287695866352,10.773421049182573,3.2713306105853808,3.1272491901217307,0.2753462044126947,0.2737835534589946
2023,4,3,26,2673.3333333333335,48978.751806610664,13.622568578553615,22.893702050365597,10.799141846445442,10.673629248034832,3.130861853100669,3.001858985106565,0.28035444291938083,0.31351278796871884
2023,4,3,27,1095.0,38835.45790547251,13.818264840182648,18.973971577072994,10.567088971835412,10.320681536017915,2.943068122976151,2.6995079276255334,0.6426970510992581,0.6255670161518936
2023,4,3,28,14577.666666666666,54030.64611883109,13.629799007614388,25.915484641464452,10.897306685286525,10.68820016990791,3.2548406526616516,3.0639458196870226,0.5389842168816182,0.4887944582715856
2023,4,3,29,23883.166666666668,50457.94166402866,13.524741973077273,23.76248530017455,10.82889542992486,10.627094339982058,3.1681080891999236,2.975414988797725,0.45631149810592325,0.43753970244755336
2023,4,3,30,78198.83333333333,49470.85666448859,13.973307359657966,23.79807740724876,10.809139020920183,10.697681936420986,3.169604796206416,3.062517096988128,0.24534354116767126,0.23691786816814062
2023,4,3,31,45936.333333333336,51307.107368787714,14.144344708981272,24.898484629108818,10.845584566762902,10.683567082888505,3.21480694335,3.053111400683042,0.37165533498949954,0.37136754097235025
2023,4,3,32,22731.666666666668,32310.605515830895,11.87502016276853,15.733891430123698,10.383150799460978,10.220027903527097,2.7558170755478995,2.6009457163536323,0.29109362449077186,0.2664867460834651
2023,4,3,33,661.1666666666667,105071.78248716317,15.541215023947567,47.20523489404614,11.562399038297302,11.443660352796147,3.854504795213751,3.750075494031332,0.3510317925019656,0.31198488187566015
2023,4,3,34,16958.666666666668,71863.8893237514,14.455696202531644,32.659850441029256,11.182529182828699,11.065781189195649,3.48614650826145,3.363897931097587,0.25148278920726014,0.275650384522079
2023,4,3,35,15199.666666666666,50208.53475851162,13.180420623259282,23.96128117734139,10.823940306338683,10.566593658905832,3.176439243326104,2.9247076287475657,0.4705452585468778,0.45612423577020256
2023,4,3,36,40922.666666666664,31204.61489265418,12.88320246318259,15.452623975400732,10.348321276085587,10.216146547990576,2.737778825518669,2.611762850239928,0.29083401837667,0.27737251076053787
2023,4,3,37,151199.83333333334,41554.11636723805,13.20246164292509,19.58761934168082,10.634751865586766,10.476565906828785,2.9748977004105255,2.8250627937180877,0.30975746746054966,0.29613661849865003
2023,4,3,38,22494.833333333332,34754.75550019422,12.518415339818775,16.385931642950755,10.45607169055643,10.273944928539402,2.7964231400369775,2.6365313981148213,0.35605174014819285,0.3356817851992745
2023,4,3,39,45114.166666666664,47681.06081814537,14.35157470860964,22.558590975003096,10.772289550194445,10.557449222347485,3.1161159678975743,2.9024551687625664,0.4798941256396817,0.499691158358033
2023,4,3,40,145.83333333333331,29362.1184,14.546285714285714,14.393195294117646,10.287460632714135,10.287460632714135,2.6667555458758727,2.6667555458758727,0.0,0.0
2023,4,3,41,623.0,37906.28620402079,13.508293204922417,17.197400540784653,10.54287224021971,9.999619996160247,2.8447582410481846,2.118409908238755,1.3787296351071405,1.9634690986519228
2023,4,3,42,1593.6666666666667,33479.60742721064,14.15101443212717,16.928054713731118,10.418691798943586,10.275949367724984,2.828972287814517,2.6701609376946562,0.3202001147155589,0.35700048485512836
2023,4,3,43,148.66666666666666,31605.058,12.0,15.492675490196078,10.361072450057382,10.361072450057382,2.740367363219119,2.740367363219119,0.0,0.0
2023,4,3,44,1738.5,69037.77998710728,14.520180232000767,32.958992131432005,11.142409169781264,10.933255410465039,3.4952641260370876,3.261854911100587,0.5122652403688481,0.574683373129549
2023,4,3,45,1664.5,58349.41956935339,13.595273856012817,26.614264582878647,10.974204690267683,10.7175243741836,3.281447334564531,2.9287686099496475,0.4298040459271686,0.6168295908056443
2023,4,3,46,1333.0,40936.1081673186,12.67966991747937,20.14107336506182,10.619767792833366,10.47678946800961,3.002761181057062,2.847724016221858,0.38476608702701753,0.4300681937776851
2023,4,3,47,4004.5,60791.61028182222,12.883173096932618,28.391774280439474,11.015207069647111,10.8248490302531,3.3460994652012754,3.141187789703142,0.37746810042947904,0.3823551514347109
2023,4,3,48,0.0,,,,,,,,,
2023,4,3,49,6295.0,70371.8895121921,13.54847762774689,31.457826189146406,11.161549165704162,11.000374461223918,3.4486477976314154,3.300713403515933,0.32499277779210717,0.29820814208000673
2023,4,3,50,229.66666666666669,60407.118071816934,11.776487663280117,29.611332388145563,11.008862225850415,10.94407630664942,3.388157139012153,3.323371219811159,0.1070167611613708,0.10701676116134494
2023,4,3,51,82.33333333333333,27060.895365095916,12.0,13.265144786811723,10.205844989318395,10.205844989318395,2.585139902480133,2.585139902480133,0.0,0.0
2023,4,3,52,607.6666666666667,49815.15398213244,13.893582007679646,23.77231849586603,10.816074513553822,10.567156433019308,3.1685218153561916,2.956384830931312,0.42571406380962157,0.3865817841484966
2023,4,3,53,11040.5,46967.6485777794,13.353018432136226,22.7937763391197,10.757214315553268,10.617067104833247,3.1264875311154943,2.983745515558817,0.3137931700713541,0.30751038516395657
2023,4,3,54,3696.3333333333335,36658.75564436097,12.265488321760303,17.843896228283068,10.50940757767416,10.39888663590961,2.8816615017527547,2.773856529078596,0.27523066844847444,0.26782723212153925
2023,4,3,55,162.33333333333334,44857.309515954854,14.051334702258726,22.004071874250553,10.711241831152009,10.567306980882472,3.0912275214253717,2.953485561976856,0.49741910996683203,0.467518057900675
2023,4,3,56,390.6666666666667,40752.56799192338,12.36433447098976,19.523738844859242,10.615274134890154,10.573851524019453,2.971631101827022,2.928677532680883,0.09964395595583325,0.10244669544706628
2023,4,3,57,64.33333333333334,36876.254002237874,12.709844559585491,18.076595099136213,10.51532309990425,10.501678615567526,2.8946180130659886,2.8809735287292644,0.02693240677459851,0.026932406774595963
2023,4,3,58,3725.5,41699.4293270514,12.33337807005771,19.690598647417342,10.638242722490645,10.567175532578046,2.9801412958159403,2.9080315705396624,0.14875822405541714,0.15817567798761792
2023,4,3,59,478.0,50152.85031326755,13.861227336122734,23.500940036869867,10.822830627533067,10.792520355759038,3.1570404219190022,3.1302544488077153,0.061071488006210435,0.05195482017137333
2023,4,3,60,3493.8333333333335,29486.359638545997,12.748843199923675,14.138118683140549,10.291683050260907,10.20621319004024,2.648874602333739,2.564580907343026,0.1847695128890441,0.18219498454418837
2023,4,3,61,19727.666666666668,41630.263773031744,12.473227109136069,19.843604415635465,10.636582676297502,10.488300864221534,2.987881759531147,2.839963615836811,0.3430923789101143,0.3356158484503226
2023,4,3,62,13326.166666666666,47144.737141304926,12.733544280050529,22.28921330628616,10.760977662347166,10.581637405292607,3.1041028532032158,2.922657612190042,0.3406536519401038,0.33708642913734344
2023,4,3,63,8378.0,48499.89309184668,13.261040821198376,22.591143302799797,10.789316872631325,10.65912257368992,3.1175579402129316,2.9753865226300658,0.3242472691477511,0.34250877703141036
2023,4,3,64,31444.0,47186.130395296896,13.51968579061188,21.27399554794662,10.761855280834725,10.579930527143611,3.057485460557411,2.8863716502169456,0.39546943441747684,0.38444356641595706
2023,4,3,65,887.3333333333334,73309.22301694982,13.60405709992487,31.840597239071084,11.202441705565775,11.077270933462968,3.4607421183087763,3.3704337161447655,0.2693101491283986,0.1904256913739184
2023,4,3,66,20049.833333333332,38195.06464883637,12.813190467086178,18.608166253593993,10.550461588573487,10.390505247279346,2.923600530258859,2.7650778111007766,0.32821178619666336,0.32094114348363884
