SolveEqmBasic_Benchmark                 05-Oct-2026 
 
'SolveEqmBasic' is a script from the file /workspace/eval/followup/001-living-update/workspace/cases/R8_bands/SolveEqmBasic.m

 SolveEqmBasic.m    

  Takes the TalentData.mat data on Taus, Z's, A(i,t).
  Solves for the equilibrium w(i) and Y

  See 2015-06-02-SolvingGE.pdf notes (old but somewhat useful?)

  Method: For each year,
    1. Guess values for {mgtilde}, Y ==> 5 unknowns
    2. Solve for {wi} from Hi^supply = Hi^demand
    3. Compute mghat, Yhat 
    4. Iterate until converge.


Additional help for built-in functions and operators is
available in the online version of the manual.  Use the command
'doc <topic>' to search the manual index.

Help and information about Octave is also available on the WWW
at https://www.octave.org and via the help@octave.org
mailing list.
 
=============================================================
KEY PARAMETER VALUES:    CaseName = Benchmark
                   theta =  2.0000
                     eta =  0.1030
            theta*(1-eta)=  1.7940
                    dlta =  0.0000
                      mu =  0.5574
                   sigma =  3.0000
           EstimateDelta =  0.0000
           ConstrainTauH = -0.8000
PurgeWageGrowthSelection =     0
      AlphaSplitTauW1960 =  0.5000
   OccupationforWageHome = 23 Secretaries                               
   Alpha0FixedSplit =  0.5000
=============================================================
 
....... 
 
                                         Wages                          H(i,t)                 HYoung
 
                 Data60 Model60Data2010   Model      Data60   ModelData2010   Model      Data60   ModelData2010   Model
-----------------------------------------------------------------------------------------------------------------------
Home               7780    7772   12043    8145       0.838   0.854   0.261   0.845       0.295   0.310   0.261   0.179
Managers           9173    9219   16734   19131       0.405   0.405   0.958   0.642       0.077   0.077   0.198   0.225
MgmtRelated        6201    6191   12687   13016       0.147   0.150   0.499   0.463       0.045   0.048   0.144   0.150
Architects         1206    1203    2409    2597       0.023   0.024   0.074   0.059       0.006   0.007   0.018   0.021
Engineers          7360    7312   11699   11202       0.099   0.102   0.180   0.205       0.036   0.040   0.071   0.075
Math/CompSci       1204    1194    9569    9818       0.016   0.017   0.268   0.248       0.007   0.008   0.088   0.093
Science            3100    3084    4822    4662       0.045   0.046   0.130   0.144       0.018   0.019   0.048   0.050
Doctors            4047    4114    6638    7877       0.124   0.119   0.294   0.176       0.024   0.020   0.054   0.057
Nurses             1970    1967    5620    5613       0.115   0.118   0.248   0.249       0.037   0.039   0.085   0.092
Therapists          665     669    3983    3916       0.023   0.023   0.144   0.152       0.008   0.008   0.058   0.061
Professors         2493    2493    2715    2971       0.050   0.051   0.218   0.166       0.013   0.013   0.038   0.042
Teachers           4464    4457    6001    6040       0.174   0.177   0.425   0.417       0.054   0.058   0.124   0.135
Librarians          433     432     924     996       0.043   0.044   0.083   0.066       0.010   0.011   0.019   0.022
Soc.Scientists     1510    1503    3829    3937       0.027   0.027   0.147   0.135       0.009   0.010   0.049   0.051
SocialWork         2111    2114    2880    2787       0.078   0.079   0.173   0.191       0.024   0.024   0.055   0.058
Lawyers            3622    3653    7405    8077       0.065   0.064   0.229   0.177       0.016   0.016   0.049   0.052
Arts/Athletes      3899    3895    5697    5667       0.093   0.094   0.254   0.258       0.034   0.036   0.092   0.087
HealthTechs        1137    1136    3769    3839       0.079   0.081   0.221   0.210       0.027   0.028   0.070   0.076
Eng.Techs          3738    3699    4050    3935       0.057   0.060   0.127   0.138       0.029   0.032   0.046   0.048
ScienceTechs       2387    2367    1402    1241       0.046   0.048   0.041   0.059       0.021   0.023   0.018   0.017
OtherTechs         1769    1763   12544   12365       0.044   0.045   0.243   0.254       0.014   0.015   0.088   0.087
Sales              8480    8502   11070   11313       0.295   0.297   0.654   0.614       0.083   0.085   0.188   0.176
Secretaries        1187    1181    1527    1447       0.196   0.203   0.105   0.123       0.070   0.076   0.030   0.030
Info.Clerks        1068    1061    1658    1513       0.055   0.057   0.141   0.186       0.021   0.023   0.058   0.056
Records            1668    1665    1308    1260       0.070   0.071   0.087   0.098       0.018   0.020   0.029   0.030
FinancialClerk     1801    1794    1835    1738       0.155   0.160   0.143   0.169       0.048   0.052   0.039   0.039
OfficeMachine      1484    1470     529     441       0.063   0.065   0.026   0.044       0.030   0.032   0.009   0.008
ComputerTech        786     781     346     286       0.086   0.089   0.027   0.048       0.031   0.034   0.008   0.007
Mail               2293    2283    2505    2542       0.094   0.097   0.121   0.116       0.025   0.027   0.039   0.042
Clerks             2743    2732    4173    4031       0.109   0.112   0.221   0.245       0.035   0.038   0.078   0.079
Insurance          1670    1657    4341    4078       0.032   0.033   0.258   0.312       0.013   0.014   0.096   0.093
Misc.Admin         4688    4669    3013    2894       0.235   0.241   0.198   0.224       0.076   0.082   0.069   0.070
PrivateHshld        701     703     629     614       0.121   0.122   0.087   0.094       0.025   0.026   0.023   0.024
Firefighting       1778    1760    3635    3699       0.044   0.047   0.091   0.087       0.016   0.018   0.026   0.028
Police             2608    2585    6049    5951       0.063   0.066   0.182   0.192       0.025   0.028   0.055   0.059
Guards             1201    1200    2440    2309       0.063   0.064   0.123   0.145       0.013   0.015   0.046   0.046
FoodPrep           1616    1621    4196    3776       0.231   0.233   0.178   0.244       0.061   0.062   0.082   0.076
HealthService       687     686    2076    1928       0.111   0.113   0.209   0.262       0.036   0.038   0.081   0.078
Cleaning            989     990    3049    3068       0.125   0.126   0.145   0.143       0.023   0.024   0.042   0.044
PersonalService    1792    1806    2578    2429       0.196   0.194   0.206   0.247       0.056   0.054   0.077   0.072
FarmMgrs           2597    2644    2261    2449       0.253   0.243   0.103   0.081       0.057   0.047   0.029   0.026
FarmWork           1299    1325    1759    1678       0.144   0.137   0.066   0.076       0.053   0.047   0.026   0.025
Agriculture         843     844    2944    2859       0.046   0.046   0.123   0.134       0.014   0.015   0.045   0.044
Forest              792     798    1169    1156       0.055   0.054   0.046   0.047       0.016   0.016   0.014   0.014
Mechanics          3474    3464    5799    5371       0.115   0.118   0.143   0.180       0.040   0.043   0.050   0.048
Elec.Repairer      3690    3659    3820    3483       0.069   0.072   0.099   0.131       0.032   0.035   0.034   0.032
Misc.Repairer      4271    4259    3927    3893       0.152   0.156   0.112   0.115       0.045   0.049   0.035   0.037
Construction       5773    5773    8928    8675       0.191   0.194   0.274   0.299       0.060   0.063   0.087   0.085
Extractive         2101    2093    1804    1692       0.065   0.067   0.039   0.048       0.022   0.024   0.014   0.013
Supervisor(P)      4432    4428    3141    3119       0.187   0.191   0.122   0.124       0.039   0.042   0.032   0.034
MetalWork          4027    4011    2238    2132       0.127   0.131   0.062   0.072       0.037   0.041   0.018   0.019
WoodWork            807     804     574     546       0.034   0.035   0.025   0.029       0.009   0.010   0.006   0.006
Textiles            919     917     469     455       0.171   0.175   0.025   0.028       0.041   0.045   0.007   0.007
Other              1531    1528    1758    1644       0.054   0.055   0.112   0.137       0.018   0.019   0.048   0.049
Food               1774    1771    1369    1273       0.072   0.073   0.069   0.086       0.021   0.023   0.027   0.027
PlantOperator      2851    2838    2368    2418       0.068   0.070   0.064   0.060       0.019   0.021   0.019   0.020
MetalMach.         1754    1746    1088     952       0.078   0.080   0.032   0.047       0.020   0.022   0.011   0.011
MetalProc.          831     828     630     529       0.040   0.041   0.018   0.030       0.011   0.012   0.006   0.006
WoodMach.           694     696    1908    1683       0.037   0.037   0.059   0.086       0.013   0.013   0.021   0.020
TextileMach.       2418    2405     881     808       0.069   0.071   0.041   0.053       0.023   0.025   0.013   0.013
PrintMach.         1021    1022     687     627       0.135   0.137   0.046   0.060       0.035   0.037   0.014   0.013
OtherMach.         6546    6528    4173    3982       0.344   0.352   0.149   0.171       0.108   0.116   0.052   0.051
Fabricators        3143    3133    3821    3466       0.157   0.161   0.112   0.150       0.048   0.052   0.043   0.042
Prod.Inspectors    2159    2152    2720    2595       0.117   0.120   0.104   0.119       0.032   0.035   0.037   0.037
MotorVehicle       5307    5308    5924    6067       0.197   0.200   0.278   0.259       0.068   0.071   0.078   0.081
OtherVehicle       3205    3199    3378    3354       0.116   0.119   0.087   0.089       0.032   0.034   0.026   0.027
Freight            4164    4162    3922    3741       0.200   0.203   0.160   0.185       0.070   0.073   0.062   0.062
 
 
1960 and 2010 quantities
White Men p(:,WM) for        Young Cohort                          Middle-Aged Cohort                      Old-Aged Cohort
 
                     Data60  Model60 Data2010Model2010      Data60  Model60 Data2010Model2010      Data60  Model60 Data2010Model2010
------------------------------------------------------------------------------------------------------------------------------------
Home                 0.0863   0.0862   0.1505   0.1609      0.0769   0.0769   0.1237   0.1578      0.1108   0.1108   0.1621   0.0947
Managers             0.0771   0.0779   0.0740   0.0932      0.1176   0.1176   0.1180   0.0932      0.1264   0.1264   0.1236   0.0995
MgmtRelated          0.0318   0.0318   0.0398   0.0411      0.0296   0.0296   0.0410   0.0426      0.0233   0.0233   0.0407   0.0387
Architects           0.0008   0.0008   0.0015   0.0015      0.0008   0.0008   0.0017   0.0024      0.0007   0.0007   0.0017   0.0022
Engineers            0.0298   0.0295   0.0185   0.0173      0.0251   0.0251   0.0186   0.0207      0.0154   0.0154   0.0219   0.0257
Math/CompSci         0.0008   0.0008   0.0240   0.0235      0.0004   0.0004   0.0236   0.0227      0.0002   0.0002   0.0175   0.0099
Science              0.0063   0.0063   0.0054   0.0051      0.0047   0.0047   0.0048   0.0062      0.0029   0.0029   0.0042   0.0049
Doctors              0.0083   0.0086   0.0058   0.0081      0.0102   0.0102   0.0095   0.0103      0.0082   0.0082   0.0103   0.0119
Nurses               0.0025   0.0025   0.0044   0.0047      0.0022   0.0022   0.0054   0.0035      0.0026   0.0026   0.0044   0.0029
Therapists           0.0004   0.0004   0.0028   0.0029      0.0003   0.0003   0.0033   0.0025      0.0004   0.0004   0.0023   0.0015
Professors           0.0033   0.0033   0.0070   0.0082      0.0033   0.0033   0.0068   0.0066      0.0026   0.0026   0.0062   0.0049
Teachers             0.0188   0.0187   0.0239   0.0236      0.0110   0.0110   0.0229   0.0196      0.0087   0.0087   0.0171   0.0148
Librarians           0.0002   0.0002   0.0004   0.0005      0.0002   0.0002   0.0006   0.0005      0.0002   0.0002   0.0005   0.0006
Soc.Scientists       0.0013   0.0013   0.0028   0.0028      0.0010   0.0010   0.0031   0.0018      0.0006   0.0006   0.0024   0.0029
SocialWork           0.0073   0.0073   0.0070   0.0065      0.0064   0.0064   0.0068   0.0055      0.0058   0.0058   0.0065   0.0059
Lawyers              0.0052   0.0053   0.0073   0.0080      0.0051   0.0051   0.0098   0.0094      0.0055   0.0055   0.0094   0.0103
Arts/Athletes        0.0127   0.0127   0.0180   0.0168      0.0096   0.0096   0.0162   0.0176      0.0070   0.0070   0.0125   0.0169
HealthTechs          0.0019   0.0019   0.0069   0.0064      0.0014   0.0014   0.0058   0.0048      0.0012   0.0012   0.0044   0.0041
Eng.Techs            0.0149   0.0146   0.0078   0.0069      0.0074   0.0074   0.0080   0.0084      0.0037   0.0037   0.0082   0.0148
ScienceTechs         0.0065   0.0064   0.0013   0.0011      0.0040   0.0040   0.0011   0.0011      0.0022   0.0022   0.0011   0.0021
OtherTechs           0.0033   0.0033   0.0197   0.0190      0.0029   0.0029   0.0200   0.0218      0.0016   0.0016   0.0172   0.0199
Sales                0.0767   0.0771   0.0889   0.0948      0.0748   0.0748   0.0912   0.0966      0.0669   0.0669   0.0896   0.1136
Secretaries          0.0019   0.0019   0.0024   0.0019      0.0013   0.0013   0.0017   0.0013      0.0014   0.0014   0.0016   0.0009
Info.Clerks          0.0016   0.0015   0.0035   0.0029      0.0015   0.0015   0.0020   0.0022      0.0009   0.0009   0.0019   0.0024
Records              0.0024   0.0024   0.0021   0.0018      0.0025   0.0025   0.0014   0.0014      0.0024   0.0024   0.0014   0.0017
FinancialClerk       0.0049   0.0049   0.0030   0.0027      0.0037   0.0037   0.0023   0.0024      0.0037   0.0037   0.0022   0.0028
OfficeMachine        0.0031   0.0031   0.0002   0.0003      0.0010   0.0010   0.0004   0.0008      0.0006   0.0006   0.0007   0.0003
ComputerTech         0.0007   0.0007   0.0010   0.0007      0.0005   0.0005   0.0009   0.0013      0.0004   0.0004   0.0010   0.0047
Mail                 0.0075   0.0074   0.0033   0.0035      0.0114   0.0114   0.0048   0.0041      0.0087   0.0087   0.0066   0.0069
Clerks               0.0144   0.0142   0.0210   0.0196      0.0131   0.0131   0.0171   0.0188      0.0132   0.0132   0.0165   0.0186
Insurance            0.0032   0.0031   0.0155   0.0140      0.0019   0.0019   0.0100   0.0123      0.0013   0.0013   0.0081   0.0049
Misc.Admin           0.0308   0.0306   0.0067   0.0056      0.0251   0.0251   0.0043   0.0045      0.0245   0.0245   0.0039   0.0071
PrivateHshld         0.0010   0.0010   0.0010   0.0011      0.0010   0.0010   0.0012   0.0008      0.0013   0.0013   0.0012   0.0011
Firefighting         0.0048   0.0047   0.0058   0.0057      0.0044   0.0044   0.0065   0.0050      0.0029   0.0029   0.0046   0.0045
Police               0.0103   0.0101   0.0181   0.0182      0.0079   0.0079   0.0226   0.0193      0.0060   0.0060   0.0144   0.0135
Guards               0.0026   0.0026   0.0084   0.0080      0.0036   0.0036   0.0062   0.0051      0.0062   0.0062   0.0059   0.0067
FoodPrep             0.0075   0.0076   0.0440   0.0359      0.0087   0.0087   0.0227   0.0201      0.0109   0.0109   0.0127   0.0166
HealthService        0.0017   0.0017   0.0056   0.0053      0.0014   0.0014   0.0038   0.0027      0.0016   0.0016   0.0034   0.0031
Cleaning             0.0032   0.0032   0.0132   0.0147      0.0053   0.0053   0.0160   0.0108      0.0099   0.0099   0.0207   0.0179
PersonalService      0.0073   0.0074   0.0081   0.0077      0.0055   0.0055   0.0068   0.0061      0.0078   0.0078   0.0059   0.0039
FarmMgrs             0.0331   0.0343   0.0045   0.0052      0.0465   0.0465   0.0054   0.0054      0.0606   0.0606   0.0080   0.0114
FarmWork             0.0152   0.0158   0.0090   0.0076      0.0114   0.0114   0.0066   0.0040      0.0128   0.0128   0.0050   0.0053
Agriculture          0.0018   0.0018   0.0183   0.0176      0.0018   0.0018   0.0157   0.0114      0.0024   0.0024   0.0120   0.0090
Forest               0.0025   0.0026   0.0017   0.0017      0.0025   0.0025   0.0023   0.0024      0.0028   0.0028   0.0022   0.0025
Mechanics            0.0243   0.0241   0.0291   0.0272      0.0221   0.0221   0.0317   0.0359      0.0188   0.0188   0.0350   0.0379
Elec.Repairer        0.0183   0.0180   0.0145   0.0133      0.0118   0.0118   0.0142   0.0147      0.0063   0.0063   0.0121   0.0114
Misc.Repairer        0.0308   0.0306   0.0097   0.0095      0.0339   0.0339   0.0113   0.0103      0.0341   0.0341   0.0136   0.0130
Construction         0.0507   0.0507   0.0910   0.0836      0.0542   0.0542   0.0892   0.0875      0.0512   0.0512   0.0801   0.0932
Extractive           0.0075   0.0075   0.0041   0.0036      0.0071   0.0071   0.0023   0.0011      0.0067   0.0067   0.0020   0.0021
Supervisor(P)        0.0216   0.0216   0.0064   0.0068      0.0343   0.0343   0.0107   0.0121      0.0366   0.0366   0.0121   0.0153
MetalWork            0.0219   0.0217   0.0039   0.0035      0.0253   0.0253   0.0055   0.0069      0.0222   0.0222   0.0071   0.0136
WoodWork             0.0013   0.0013   0.0007   0.0007      0.0016   0.0016   0.0008   0.0012      0.0015   0.0015   0.0010   0.0013
Textiles             0.0021   0.0021   0.0004   0.0004      0.0025   0.0025   0.0006   0.0006      0.0026   0.0026   0.0007   0.0013
Other                0.0035   0.0035   0.0027   0.0026      0.0034   0.0034   0.0020   0.0023      0.0028   0.0028   0.0018   0.0031
Food                 0.0060   0.0059   0.0038   0.0034      0.0056   0.0056   0.0030   0.0031      0.0069   0.0069   0.0029   0.0039
PlantOperator        0.0068   0.0068   0.0024   0.0024      0.0080   0.0080   0.0031   0.0025      0.0081   0.0081   0.0042   0.0049
MetalMach.           0.0049   0.0049   0.0017   0.0014      0.0062   0.0062   0.0017   0.0022      0.0067   0.0067   0.0019   0.0034
MetalProc.           0.0014   0.0013   0.0005   0.0004      0.0016   0.0016   0.0006   0.0012      0.0016   0.0016   0.0006   0.0015
WoodMach.            0.0016   0.0016   0.0041   0.0039      0.0014   0.0014   0.0042   0.0087      0.0016   0.0016   0.0046   0.0017
TextileMach.         0.0074   0.0073   0.0019   0.0015      0.0062   0.0062   0.0023   0.0030      0.0069   0.0069   0.0027   0.0058
PrintMach.           0.0032   0.0032   0.0016   0.0012      0.0035   0.0035   0.0016   0.0022      0.0037   0.0037   0.0014   0.0032
OtherMach.           0.0872   0.0867   0.0176   0.0155      0.0800   0.0800   0.0172   0.0171      0.0779   0.0779   0.0156   0.0223
Fabricators          0.0177   0.0176   0.0158   0.0126      0.0189   0.0189   0.0152   0.0156      0.0158   0.0158   0.0130   0.0217
Prod.Inspectors      0.0073   0.0073   0.0053   0.0047      0.0070   0.0070   0.0050   0.0054      0.0069   0.0069   0.0055   0.0063
MotorVehicle         0.0567   0.0568   0.0356   0.0381      0.0518   0.0518   0.0472   0.0446      0.0462   0.0462   0.0514   0.0486
OtherVehicle         0.0146   0.0145   0.0081   0.0077      0.0179   0.0179   0.0087   0.0074      0.0168   0.0168   0.0091   0.0094
Freight              0.0456   0.0456   0.0249   0.0216      0.0386   0.0386   0.0192   0.0163      0.0390   0.0390   0.0179   0.0266
 
 
1960 and 2010 quantities
White women p(:,WW) for      Young Cohort                          Middle-Aged Cohort                      Old-Aged Cohort
 
                     Data60  Model60 Data2010Model2010      Data60  Model60 Data2010Model2010      Data60  Model60 Data2010Model2010
------------------------------------------------------------------------------------------------------------------------------------
Home                 0.7388   0.7391   0.3087   0.3258      0.6698   0.6698   0.3235   0.3630      0.6238   0.6238   0.3149   0.3291
Managers             0.0068   0.0068   0.0587   0.0730      0.0145   0.0145   0.0722   0.0692      0.0217   0.0217   0.0727   0.0732
MgmtRelated          0.0033   0.0033   0.0467   0.0476      0.0046   0.0046   0.0509   0.0568      0.0058   0.0058   0.0525   0.0514
Architects           0.0000   0.0000   0.0008   0.0008      0.0000   0.0000   0.0005   0.0009      0.0000   0.0000   0.0004   0.0006
Engineers            0.0002   0.0002   0.0032   0.0029      0.0001   0.0001   0.0024   0.0031      0.0002   0.0002   0.0024   0.0037
Math/CompSci         0.0001   0.0001   0.0075   0.0072      0.0002   0.0002   0.0083   0.0092      0.0001   0.0001   0.0089   0.0060
Science              0.0003   0.0003   0.0046   0.0043      0.0003   0.0003   0.0029   0.0038      0.0002   0.0002   0.0021   0.0024
Doctors              0.0003   0.0003   0.0059   0.0081      0.0004   0.0004   0.0061   0.0062      0.0005   0.0005   0.0044   0.0047
Nurses               0.0109   0.0109   0.0328   0.0344      0.0107   0.0107   0.0322   0.0226      0.0118   0.0118   0.0346   0.0260
Therapists           0.0004   0.0004   0.0122   0.0123      0.0003   0.0003   0.0099   0.0088      0.0002   0.0002   0.0073   0.0055
Professors           0.0004   0.0004   0.0069   0.0080      0.0006   0.0006   0.0067   0.0063      0.0008   0.0008   0.0060   0.0039
Teachers             0.0167   0.0167   0.0772   0.0750      0.0171   0.0171   0.0731   0.0596      0.0310   0.0310   0.0637   0.0423
Librarians           0.0008   0.0008   0.0013   0.0015      0.0011   0.0011   0.0017   0.0014      0.0019   0.0019   0.0020   0.0014
Soc.Scientists       0.0003   0.0003   0.0051   0.0050      0.0003   0.0003   0.0043   0.0026      0.0003   0.0003   0.0031   0.0037
SocialWork           0.0015   0.0015   0.0119   0.0110      0.0017   0.0017   0.0103   0.0091      0.0025   0.0025   0.0089   0.0070
Lawyers              0.0001   0.0001   0.0062   0.0066      0.0001   0.0001   0.0058   0.0063      0.0001   0.0001   0.0043   0.0055
Arts/Athletes        0.0039   0.0039   0.0155   0.0142      0.0028   0.0028   0.0113   0.0145      0.0031   0.0031   0.0104   0.0148
HealthTechs          0.0035   0.0035   0.0178   0.0163      0.0037   0.0037   0.0170   0.0123      0.0055   0.0055   0.0160   0.0165
Eng.Techs            0.0005   0.0005   0.0024   0.0021      0.0006   0.0006   0.0017   0.0021      0.0003   0.0003   0.0021   0.0032
ScienceTechs         0.0006   0.0006   0.0007   0.0006      0.0006   0.0006   0.0005   0.0005      0.0003   0.0003   0.0006   0.0010
OtherTechs           0.0002   0.0002   0.0085   0.0081      0.0003   0.0003   0.0096   0.0112      0.0003   0.0003   0.0103   0.0113
Sales                0.0197   0.0198   0.0700   0.0737      0.0355   0.0355   0.0650   0.0725      0.0447   0.0447   0.0655   0.0790
Secretaries          0.0414   0.0410   0.0296   0.0238      0.0384   0.0384   0.0366   0.0269      0.0341   0.0341   0.0481   0.0512
Info.Clerks          0.0027   0.0027   0.0154   0.0126      0.0023   0.0023   0.0114   0.0126      0.0020   0.0020   0.0118   0.0136
Records              0.0019   0.0019   0.0050   0.0044      0.0025   0.0025   0.0051   0.0036      0.0028   0.0028   0.0063   0.0055
FinancialClerk       0.0149   0.0148   0.0145   0.0127      0.0178   0.0178   0.0197   0.0192      0.0176   0.0176   0.0237   0.0241
OfficeMachine        0.0049   0.0048   0.0003   0.0004      0.0039   0.0039   0.0004   0.0009      0.0032   0.0032   0.0006   0.0003
ComputerTech         0.0069   0.0068   0.0010   0.0007      0.0054   0.0054   0.0012   0.0017      0.0069   0.0069   0.0014   0.0074
Mail                 0.0003   0.0003   0.0012   0.0013      0.0007   0.0007   0.0024   0.0023      0.0007   0.0007   0.0040   0.0046
Clerks               0.0012   0.0012   0.0107   0.0099      0.0017   0.0017   0.0118   0.0114      0.0018   0.0018   0.0131   0.0129
Insurance            0.0001   0.0001   0.0275   0.0244      0.0002   0.0002   0.0226   0.0272      0.0002   0.0002   0.0219   0.0131
Misc.Admin           0.0296   0.0294   0.0220   0.0181      0.0337   0.0337   0.0198   0.0189      0.0350   0.0350   0.0232   0.0342
PrivateHshld         0.0022   0.0022   0.0076   0.0083      0.0042   0.0042   0.0108   0.0058      0.0080   0.0080   0.0105   0.0046
Firefighting         0.0000   0.0000   0.0003   0.0002      0.0000   0.0000   0.0003   0.0002      0.0000   0.0000   0.0002   0.0002
Police               0.0002   0.0002   0.0038   0.0038      0.0002   0.0002   0.0042   0.0033      0.0002   0.0002   0.0031   0.0022
Guards               0.0000   0.0000   0.0022   0.0021      0.0001   0.0001   0.0018   0.0014      0.0001   0.0001   0.0022   0.0016
FoodPrep             0.0163   0.0164   0.0416   0.0336      0.0229   0.0229   0.0266   0.0221      0.0244   0.0244   0.0242   0.0249
HealthService        0.0044   0.0044   0.0353   0.0332      0.0051   0.0051   0.0290   0.0200      0.0069   0.0069   0.0276   0.0173
Cleaning             0.0003   0.0003   0.0044   0.0048      0.0010   0.0010   0.0066   0.0033      0.0014   0.0014   0.0083   0.0052
PersonalService      0.0076   0.0078   0.0299   0.0283      0.0120   0.0120   0.0248   0.0277      0.0143   0.0143   0.0211   0.0210
FarmMgrs             0.0005   0.0005   0.0006   0.0007      0.0010   0.0010   0.0008   0.0007      0.0020   0.0020   0.0014   0.0015
FarmWork             0.0022   0.0023   0.0021   0.0018      0.0032   0.0032   0.0018   0.0011      0.0038   0.0038   0.0014   0.0012
Agriculture          0.0001   0.0001   0.0030   0.0029      0.0003   0.0003   0.0026   0.0018      0.0003   0.0003   0.0025   0.0020
Forest               0.0000   0.0000   0.0001   0.0001      0.0001   0.0001   0.0002   0.0001      0.0000   0.0000   0.0002   0.0001
Mechanics            0.0001   0.0001   0.0008   0.0008      0.0001   0.0001   0.0008   0.0010      0.0000   0.0000   0.0008   0.0009
Elec.Repairer        0.0002   0.0002   0.0008   0.0007      0.0001   0.0001   0.0008   0.0009      0.0001   0.0001   0.0009   0.0009
Misc.Repairer        0.0002   0.0002   0.0005   0.0005      0.0003   0.0003   0.0005   0.0006      0.0004   0.0004   0.0007   0.0009
Construction         0.0002   0.0002   0.0017   0.0015      0.0002   0.0002   0.0021   0.0023      0.0003   0.0003   0.0023   0.0024
Extractive           0.0000   0.0000   0.0001   0.0000      0.0000   0.0000   0.0001   0.0000      0.0000   0.0000   0.0001   0.0000
Supervisor(P)        0.0012   0.0012   0.0013   0.0013      0.0021   0.0021   0.0019   0.0026      0.0027   0.0027   0.0024   0.0029
MetalWork            0.0002   0.0002   0.0001   0.0001      0.0005   0.0005   0.0003   0.0004      0.0002   0.0002   0.0003   0.0006
WoodWork             0.0000   0.0000   0.0001   0.0000      0.0000   0.0000   0.0001   0.0001      0.0000   0.0000   0.0001   0.0002
Textiles             0.0085   0.0085   0.0003   0.0003      0.0121   0.0121   0.0004   0.0004      0.0160   0.0160   0.0007   0.0010
Other                0.0004   0.0004   0.0079   0.0073      0.0004   0.0004   0.0052   0.0051      0.0004   0.0004   0.0046   0.0018
Food                 0.0002   0.0002   0.0020   0.0017      0.0005   0.0005   0.0021   0.0015      0.0004   0.0004   0.0022   0.0015
PlantOperator        0.0001   0.0001   0.0001   0.0001      0.0001   0.0001   0.0002   0.0001      0.0001   0.0001   0.0002   0.0003
MetalMach.           0.0002   0.0002   0.0003   0.0002      0.0003   0.0003   0.0004   0.0005      0.0003   0.0003   0.0004   0.0007
MetalProc.           0.0000   0.0000   0.0001   0.0001      0.0000   0.0000   0.0001   0.0002      0.0000   0.0000   0.0002   0.0003
WoodMach.            0.0000   0.0000   0.0006   0.0006      0.0000   0.0000   0.0009   0.0023      0.0001   0.0001   0.0012   0.0003
TextileMach.         0.0003   0.0003   0.0004   0.0003      0.0004   0.0004   0.0006   0.0008      0.0004   0.0004   0.0007   0.0023
PrintMach.           0.0037   0.0038   0.0019   0.0013      0.0060   0.0060   0.0025   0.0028      0.0080   0.0080   0.0029   0.0073
OtherMach.           0.0261   0.0260   0.0045   0.0039      0.0375   0.0375   0.0059   0.0062      0.0345   0.0345   0.0066   0.0078
Fabricators          0.0054   0.0054   0.0032   0.0026      0.0082   0.0082   0.0042   0.0053      0.0062   0.0062   0.0051   0.0088
Prod.Inspectors      0.0041   0.0041   0.0023   0.0020      0.0068   0.0068   0.0027   0.0034      0.0066   0.0066   0.0034   0.0044
MotorVehicle         0.0004   0.0004   0.0030   0.0032      0.0007   0.0007   0.0053   0.0046      0.0005   0.0005   0.0073   0.0048
OtherVehicle         0.0001   0.0001   0.0002   0.0002      0.0002   0.0002   0.0002   0.0002      0.0002   0.0002   0.0002   0.0003
Freight              0.0014   0.0014   0.0052   0.0045      0.0016   0.0016   0.0064   0.0045      0.0018   0.0018   0.0067   0.0085
 
 
1980 and 2010 quantities (the 1960 ones fit by construction)
White Women p(:,WW) for      Young Cohort                          Middle-Aged Cohort                      Old-Aged Cohort
 
                     Data80  Model80 Data2010Model2010      Data80  Model80 Data2010Model2010      Data80  Model80 Data2010Model2010
------------------------------------------------------------------------------------------------------------------------------------
Home                 0.4606   0.4451   0.3087   0.3258      0.4763   0.6499   0.3235   0.3630      0.5097   0.7391   0.3149   0.3291
Managers             0.0341   0.0439   0.0587   0.0730      0.0377   0.0180   0.0722   0.0692      0.0356   0.0068   0.0727   0.0732
MgmtRelated          0.0264   0.0307   0.0467   0.0476      0.0221   0.0039   0.0509   0.0568      0.0200   0.0033   0.0525   0.0514
Architects           0.0003   0.0003   0.0008   0.0008      0.0001   0.0001   0.0005   0.0009      0.0001   0.0000   0.0004   0.0006
Engineers            0.0014   0.0013   0.0032   0.0029      0.0008   0.0002   0.0024   0.0031      0.0006   0.0002   0.0024   0.0037
Math/CompSci         0.0023   0.0024   0.0075   0.0072      0.0012   0.0008   0.0083   0.0092      0.0007   0.0001   0.0089   0.0060
Science              0.0015   0.0015   0.0046   0.0043      0.0008   0.0005   0.0029   0.0038      0.0005   0.0003   0.0021   0.0024
Doctors              0.0016   0.0020   0.0059   0.0081      0.0009   0.0007   0.0061   0.0062      0.0007   0.0003   0.0044   0.0047
Nurses               0.0226   0.0219   0.0328   0.0344      0.0183   0.0126   0.0322   0.0226      0.0169   0.0109   0.0346   0.0260
Therapists           0.0039   0.0033   0.0122   0.0123      0.0015   0.0009   0.0099   0.0088      0.0009   0.0004   0.0073   0.0055
Professors           0.0033   0.0042   0.0069   0.0080      0.0037   0.0026   0.0067   0.0063      0.0025   0.0004   0.0060   0.0039
Teachers             0.0512   0.0508   0.0772   0.0750      0.0432   0.0323   0.0731   0.0596      0.0318   0.0167   0.0637   0.0423
Librarians           0.0022   0.0023   0.0013   0.0015      0.0022   0.0013   0.0017   0.0014      0.0025   0.0008   0.0020   0.0014
Soc.Scientists       0.0020   0.0022   0.0051   0.0050      0.0013   0.0007   0.0043   0.0026      0.0008   0.0003   0.0031   0.0037
SocialWork           0.0064   0.0063   0.0119   0.0110      0.0045   0.0030   0.0103   0.0091      0.0037   0.0015   0.0089   0.0070
Lawyers              0.0024   0.0026   0.0062   0.0066      0.0009   0.0003   0.0058   0.0063      0.0005   0.0001   0.0043   0.0055
Arts/Athletes        0.0089   0.0090   0.0155   0.0142      0.0058   0.0034   0.0113   0.0145      0.0043   0.0039   0.0104   0.0148
HealthTechs          0.0143   0.0138   0.0178   0.0163      0.0094   0.0055   0.0170   0.0123      0.0073   0.0035   0.0160   0.0165
Eng.Techs            0.0028   0.0026   0.0024   0.0021      0.0019   0.0010   0.0017   0.0021      0.0015   0.0005   0.0021   0.0032
ScienceTechs         0.0009   0.0008   0.0007   0.0006      0.0005   0.0002   0.0005   0.0005      0.0006   0.0006   0.0006   0.0010
OtherTechs           0.0063   0.0071   0.0085   0.0081      0.0034   0.0014   0.0096   0.0112      0.0021   0.0002   0.0103   0.0113
Sales                0.0431   0.0484   0.0700   0.0737      0.0488   0.0240   0.0650   0.0725      0.0511   0.0198   0.0655   0.0790
Secretaries          0.0674   0.0645   0.0296   0.0238      0.0660   0.0574   0.0366   0.0269      0.0571   0.0410   0.0481   0.0512
Info.Clerks          0.0091   0.0100   0.0154   0.0126      0.0084   0.0050   0.0114   0.0126      0.0078   0.0027   0.0118   0.0136
Records              0.0086   0.0079   0.0050   0.0044      0.0075   0.0046   0.0051   0.0036      0.0078   0.0019   0.0063   0.0055
FinancialClerk       0.0265   0.0267   0.0145   0.0127      0.0284   0.0215   0.0197   0.0192      0.0303   0.0148   0.0237   0.0241
OfficeMachine        0.0004   0.0002   0.0003   0.0004      0.0004   0.0005   0.0004   0.0009      0.0004   0.0048   0.0006   0.0003
ComputerTech         0.0078   0.0080   0.0010   0.0007      0.0066   0.0040   0.0012   0.0017      0.0073   0.0068   0.0014   0.0074
Mail                 0.0022   0.0023   0.0012   0.0013      0.0022   0.0010   0.0024   0.0023      0.0023   0.0003   0.0040   0.0046
Clerks               0.0085   0.0090   0.0107   0.0099      0.0078   0.0027   0.0118   0.0114      0.0072   0.0012   0.0131   0.0129
Insurance            0.0060   0.0059   0.0275   0.0244      0.0041   0.0023   0.0226   0.0272      0.0031   0.0001   0.0219   0.0131
Misc.Admin           0.0336   0.0318   0.0220   0.0181      0.0330   0.0296   0.0198   0.0189      0.0317   0.0294   0.0232   0.0342
PrivateHshld         0.0034   0.0034   0.0076   0.0083      0.0051   0.0041   0.0108   0.0058      0.0064   0.0022   0.0105   0.0046
Firefighting         0.0001   0.0001   0.0003   0.0002      0.0000   0.0000   0.0003   0.0002      0.0000   0.0000   0.0002   0.0002
Police               0.0009   0.0009   0.0038   0.0038      0.0006   0.0003   0.0042   0.0033      0.0005   0.0002   0.0031   0.0022
Guards               0.0009   0.0011   0.0022   0.0021      0.0009   0.0002   0.0018   0.0014      0.0010   0.0000   0.0022   0.0016
FoodPrep             0.0206   0.0205   0.0416   0.0336      0.0240   0.0161   0.0266   0.0221      0.0262   0.0164   0.0242   0.0249
HealthService        0.0144   0.0151   0.0353   0.0332      0.0141   0.0080   0.0290   0.0200      0.0143   0.0044   0.0276   0.0173
Cleaning             0.0027   0.0034   0.0044   0.0048      0.0039   0.0008   0.0066   0.0033      0.0049   0.0003   0.0083   0.0052
PersonalService      0.0179   0.0187   0.0299   0.0283      0.0161   0.0156   0.0248   0.0277      0.0108   0.0078   0.0211   0.0210
FarmMgrs             0.0011   0.0014   0.0006   0.0007      0.0019   0.0007   0.0008   0.0007      0.0023   0.0005   0.0014   0.0015
FarmWork             0.0017   0.0015   0.0021   0.0018      0.0021   0.0012   0.0018   0.0011      0.0021   0.0023   0.0014   0.0012
Agriculture          0.0010   0.0010   0.0030   0.0029      0.0007   0.0003   0.0026   0.0018      0.0006   0.0001   0.0025   0.0020
Forest               0.0001   0.0001   0.0001   0.0001      0.0001   0.0000   0.0002   0.0001      0.0001   0.0000   0.0002   0.0001
Mechanics            0.0006   0.0006   0.0008   0.0008      0.0005   0.0004   0.0008   0.0010      0.0004   0.0001   0.0008   0.0009
Elec.Repairer        0.0010   0.0009   0.0008   0.0007      0.0007   0.0003   0.0008   0.0009      0.0006   0.0002   0.0009   0.0009
Misc.Repairer        0.0007   0.0006   0.0005   0.0005      0.0006   0.0006   0.0005   0.0006      0.0007   0.0002   0.0007   0.0009
Construction         0.0016   0.0017   0.0017   0.0015      0.0013   0.0008   0.0021   0.0023      0.0010   0.0002   0.0023   0.0024
Extractive           0.0001   0.0001   0.0001   0.0000      0.0001   0.0000   0.0001   0.0000      0.0000   0.0000   0.0001   0.0000
Supervisor(P)        0.0036   0.0043   0.0013   0.0013      0.0053   0.0017   0.0019   0.0026      0.0051   0.0012   0.0024   0.0029
MetalWork            0.0006   0.0006   0.0001   0.0001      0.0007   0.0004   0.0003   0.0004      0.0005   0.0002   0.0003   0.0006
WoodWork             0.0002   0.0002   0.0001   0.0000      0.0002   0.0001   0.0001   0.0001      0.0002   0.0000   0.0001   0.0002
Textiles             0.0011   0.0009   0.0003   0.0003      0.0017   0.0007   0.0004   0.0004      0.0021   0.0085   0.0007   0.0010
Other                0.0011   0.0011   0.0079   0.0073      0.0011   0.0003   0.0052   0.0051      0.0011   0.0004   0.0046   0.0018
Food                 0.0009   0.0008   0.0020   0.0017      0.0012   0.0005   0.0021   0.0015      0.0011   0.0002   0.0022   0.0015
PlantOperator        0.0002   0.0001   0.0001   0.0001      0.0002   0.0000   0.0002   0.0001      0.0001   0.0001   0.0002   0.0003
MetalMach.           0.0018   0.0017   0.0003   0.0002      0.0021   0.0018   0.0004   0.0005      0.0021   0.0002   0.0004   0.0007
MetalProc.           0.0007   0.0007   0.0001   0.0001      0.0008   0.0002   0.0001   0.0002      0.0008   0.0000   0.0002   0.0003
WoodMach.            0.0003   0.0003   0.0006   0.0006      0.0003   0.0001   0.0009   0.0023      0.0003   0.0000   0.0012   0.0003
TextileMach.         0.0017   0.0016   0.0004   0.0003      0.0015   0.0007   0.0006   0.0008      0.0013   0.0003   0.0007   0.0023
PrintMach.           0.0117   0.0117   0.0019   0.0013      0.0156   0.0180   0.0025   0.0028      0.0172   0.0038   0.0029   0.0073
OtherMach.           0.0105   0.0084   0.0045   0.0039      0.0125   0.0171   0.0059   0.0062      0.0122   0.0260   0.0066   0.0078
Fabricators          0.0108   0.0104   0.0032   0.0026      0.0128   0.0073   0.0042   0.0053      0.0126   0.0054   0.0051   0.0088
Prod.Inspectors      0.0048   0.0049   0.0023   0.0020      0.0064   0.0051   0.0027   0.0034      0.0078   0.0041   0.0034   0.0044
MotorVehicle         0.0034   0.0035   0.0030   0.0032      0.0046   0.0011   0.0053   0.0046      0.0032   0.0004   0.0073   0.0048
OtherVehicle         0.0007   0.0007   0.0002   0.0002      0.0007   0.0002   0.0002   0.0002      0.0007   0.0001   0.0002   0.0003
Freight              0.0086   0.0079   0.0052   0.0045      0.0100   0.0029   0.0064   0.0045      0.0103   0.0014   0.0067   0.0085
 
 
====================================================================== 
    PRODUCTION: w*H in data and model for various groups/cohorts
====================================================================== 
 
 
 
/// 1960 ///          Young                       Middle                      Old
 
               Data   Model       %        Data   Model       %        Data   Model       %
-------------------------------------------------------------------------------------------
White Men      6230    6511   104.5        7972    7976   100.1        6822    6828   100.1
White Women    2875    3014   104.8        3498    3495    99.9        3110    3109   100.0
Black Men       419     436   104.2         460     460   100.0         358     358   100.0
Black Women     309     353   114.3         282     282   100.0         181     181   100.1
 
Total income for the year:    Data = 32516  Model = 33004
 
 
/// 1970 ///          Young                       Middle                      Old
 
               Data   Model       %        Data   Model       %        Data   Model       %
-------------------------------------------------------------------------------------------
White Men      8221    8572   104.3        9331    9600   102.9        9539    9626   100.9
White Women    4179    4257   101.9        4198    4073    97.0        4399    4384    99.7
Black Men       649     666   102.6         627     617    98.4         537     534    99.4
Black Women     547     571   104.4         460     492   106.9         331     329    99.5
 
Total income for the year:    Data = 43018  Model = 43723
 
 
/// 1980 ///          Young                       Middle                      Old
 
               Data   Model       %        Data   Model       %        Data   Model       %
-------------------------------------------------------------------------------------------
White Men      9859   10099   102.4        9127    9697   106.2        8383    9082   108.3
White Women    6006    6240   103.9        4585    4367    95.2        3911    3605    92.2
Black Men       852     849    99.6         705     734   104.2         559     554    99.1
Black Women     791     802   101.4         576     593   102.9         401     419   104.5
 
Total income for the year:    Data = 45755  Model = 47040
 
 
/// 1990 ///          Young                       Middle                      Old
 
               Data   Model       %        Data   Model       %        Data   Model       %
-------------------------------------------------------------------------------------------
White Men      9720    9768   100.5       12137   12092    99.6        9312    9827   105.5
White Women    7166    7490   104.5        7373    7434   100.8        4866    4432    91.1
Black Men       892     903   101.2         982    1030   104.9         718     749   104.4
Black Women     919     959   104.3         961     969   100.9         595     607   102.0
 
Total income for the year:    Data = 55641  Model = 56259
 
 
/// 2000 ///          Young                       Middle                      Old
 
               Data   Model       %        Data   Model       %        Data   Model       %
-------------------------------------------------------------------------------------------
White Men      8334    8119    97.4       14812   14216    96.0       14361   13904    96.8
White Women    6624    6738   101.7       10375   11819   113.9        8900    9790   110.0
Black Men       963     960    99.7        1430    1486   103.9        1199    1255   104.6
Black Women    1039    1069   102.9        1465    1620   110.6        1194    1263   105.8
 
Total income for the year:    Data = 70698  Model = 72239
 
 
/// 2010 ///          Young                       Middle                      Old
 
               Data   Model       %        Data   Model       %        Data   Model       %
-------------------------------------------------------------------------------------------
White Men      8151    7893    96.8       12071   11440    94.8       15959   15371    96.3
White Women    6809    6878   101.0        8885    9638   108.5       11255   13164   117.0
Black Men       968     955    98.6        1326    1315    99.2        1499    1585   105.7
Black Women    1081    1097   101.5        1417    1512   106.7        1567    1754   111.9
 
Total income for the year:    Data = 70989  Model = 72603
 
 
/// 2023 ///          Young                       Middle                      Old
 
               Data   Model       %        Data   Model       %        Data   Model       %
-------------------------------------------------------------------------------------------
White Men     10627   10150    95.5       14037   12776    91.0       11411   11080    97.1
White Women    9168    9164   100.0        9799   10558   107.7        7609    8914   117.2
Black Men      1573    1517    96.5        1610    1562    97.0        1172    1230   105.0
Black Women    1670    1647    98.6        1751    1801   102.8        1296    1405   108.4
 
Total income for the year:    Data = 71725  Model = 71806
 
 
==================================================================================== 
    EARNINGS (Market): (1-tauw)*w*H in data and model for various groups/cohorts
==================================================================================== 
 
 
 
/// 1960 ///          Young                       Middle                      Old
 
               Data   Model       %        Data   Model       %        Data   Model       %
-------------------------------------------------------------------------------------------
White Men      5700    5961   104.6        7367    7372   100.1        6039    6047   100.1
White Women    1101    1169   106.2        1504    1501    99.9        1512    1511    99.9
Black Men       307     321   104.4         339     339   100.0         258     258   100.0
Black Women     123     132   107.7         133     133   100.1          89      89   100.2
 
Market income for the year:   Data = 24473  Model = 24833
 
 
/// 1970 ///          Young                       Middle                      Old
 
               Data   Model       %        Data   Model       %        Data   Model       %
-------------------------------------------------------------------------------------------
White Men      7469    7823   104.7        8610    8855   102.9        8528    8635   101.3
White Women    1839    1921   104.5        1959    1764    90.0        2280    2275    99.8
Black Men       499     512   102.5         491     509   103.7         418     416    99.5
Black Women     279     289   103.6         248     237    95.8         189     190   100.4
 
Market income for the year:   Data = 32810  Model = 33428
 
 
/// 1980 ///          Young                       Middle                      Old
 
               Data   Model       %        Data   Model       %        Data   Model       %
-------------------------------------------------------------------------------------------
White Men      9074    9364   103.2        8468    8885   104.9        7434    8407   113.1
White Women    3595    3768   104.8        2548    2257    88.6        2191    1779    81.2
Black Men       669     668    99.8         535     611   114.2         415     494   119.2
Black Women     521     532   102.1         362     381   105.3         250     243    97.2
 
Market income for the year:   Data = 36062  Model = 37391
 
 
/// 1990 ///          Young                       Middle                      Old
 
               Data   Model       %        Data   Model       %        Data   Model       %
-------------------------------------------------------------------------------------------
White Men      8931    9045   101.3       11260   11224    99.7        8301    9012   108.6
White Women    4783    4997   104.5        4976    5062   101.7        3206    2576    80.3
Black Men       706     715   101.3         771     847   109.9         524     658   125.6
Black Women     644     667   103.6         694     696   100.4         406     422   104.0
 
Market income for the year:   Data = 45202  Model = 45921
 
 
/// 2000 ///          Young                       Middle                      Old
 
               Data   Model       %        Data   Model       %        Data   Model       %
-------------------------------------------------------------------------------------------
White Men      7245    6993    96.5       12643   12577    99.5       11810   12352   104.6
White Women    4228    4141    97.9        6172    7634   123.7        5741    6241   108.7
Black Men       676     647    95.8         945    1070   113.3         753     951   126.3
Black Women     670     649    96.8         893    1048   117.4         702     835   119.0
 
Market income for the year:   Data = 52478  Model = 55139
 
 
/// 2010 ///          Young                       Middle                      Old
 
               Data   Model       %        Data   Model       %        Data   Model       %
-------------------------------------------------------------------------------------------
White Men      7082    6812    96.2       10932   10072    92.1       13430   13822   102.9
White Women    4799    4757    99.1        6013    6562   109.1        7448    9364   125.7
Black Men       694     666    96.0        1028     953    92.7        1054    1226   116.3
Black Women     757     740    97.8        1020    1021   100.1        1047    1261   120.4
 
Market income for the year:   Data = 55304  Model = 57255
 
 
/// 2023 ///          Young                       Middle                      Old
 
               Data   Model       %        Data   Model       %        Data   Model       %
-------------------------------------------------------------------------------------------
White Men      9497    9645   101.6       14037   11699    83.3       11411   10272    90.0
White Women    6776    7375   108.8        8439    8197    97.1        6554    6748   103.0
Black Men      1170    1242   106.1        1456    1198    82.3        1075     976    90.8
Black Women    1158    1224   105.6        1411    1303    92.3        1055    1012    95.9
 
Market income for the year:   Data = 64041  Model = 60891
Production GDP = Total Labor Income (pre-tax) has been confirmed to the nearest dime per person :-).
 
 
GDP per person in data and model
 
        Year        Data       Model    ExitFlag
------------------------------------------------
        1960       32516       33004           1
        1970       43018       43723           1
        1980       45755       47040           1
        1990       55641       56259           1
        2000       70698       72239           1
        2010       70989       72603           1
        2023       71725       71806           1
 
 
GDP (mkt) per person in data and model
 
        Year        Data       Model
------------------------------------
        1960       23241       23571
        1970       31251       31320
        1980       34587       34658
        1990       44435       43806
        2000       49901       51914
        2010       53340       55008
        2023       67061       61735
 
 
GDP per worker (market) in data and model
 
        Year        Data       Model
------------------------------------
        1960       38828       39372
        1970       49167       50989
        1980       49258       53054
        1990       58194       60837
        2000       66808       69874
        2010       70264       73560
        2023       84706       77803
 
 
LFP in data and model
 
        Year        Data       Model
------------------------------------
        1960       0.599       0.599
        1970       0.636       0.614
        1980       0.702       0.653
        1990       0.764       0.720
        2000       0.747       0.743
        2010       0.759       0.748
        2023       0.792       0.793
 
 
Market Wage Gap in data and model
 
  Year      WWdata WWmodel      BMdata BMmodel      BWdata BWmodel
------------------------------------------------------------------
  1960       0.555   0.556       0.559   0.560       0.347   0.350
  1970       0.527   0.562       0.627   0.627       0.418   0.445
  1980       0.549   0.614       0.714   0.710       0.513   0.552
  1990       0.613   0.695       0.700   0.738       0.555   0.608
  2000       0.647   0.796       0.694   0.757       0.566   0.668
  2010       0.714   0.868       0.710   0.788       0.604   0.725
  2023       0.748   0.856       0.691   0.734       0.607   0.673
 
 
Earnings (market, after tauw) in data and model
 
        Year        Data       Model
------------------------------------
        1960       24473       24833
        1970       32810       33428
        1980       36062       37391
        1990       45202       45921
        2000       52478       55139
        2010       55304       57255
        2023       64041       60891
 
 
Earnings (market, after tauw) by Group in data and model
 
  Year      WMdata WMmodel      WWdata WWmodel      BMdata BMmodel      BWdata BWmodel
--------------------------------------------------------------------------------------
  1960       19107   19380        4117    4181         904     917         345     355
  1970       24607   25313        6078    5960        1409    1438         716     716
  1980       24975   26657        8335    7804        1619    1773        1134    1157
  1990       28492   29280       12965   12635        2001    2221        1744    1786
  2000       31699   31922       16140   18016        2373    2669        2265    2532
  2010       31444   30706       18260   20683        2776    2844        2824    3022
  2023       34946   31616       21769   22320        3701    3415        3624    3539
 
 
ConsumptionYoung (total) per young person in data and model (and Utility)
 
        Year        Data       Model     Utility
------------------------------------------------
        1960       35313       37051       29671
        1970       48207       49844       32754
        1980       46206       47101       27368
        1990       55123       55706       32007
        2000       63040       62132       46811
        2010       59216       58189       35691
        2023       67470       64981       35506
 
 
EarningsYoung (market) per young person in data and model
 
        Year        Data       Model
------------------------------------
        1960       21687       22743
        1970       29246       30575
        1980       32471       33577
        1990       37923       38829
        2000       42076       40799
        2010       42685       41542
        2023       50977       53397
 
 
GDP (mkt) of only Young Cohorts...
 
  Year    Data   Model
----------------------
  1960   20221   21193
  1970   27644   28774
  1980   31369   32436
  1990   37732   38795
  2000   40341   39899
  2010   40769   40124
  2023   53308   54774
 
 
Share of growth accounted for by the Full Model:
 
                                      Share
-------------------------------------------
GDP per person                         98.3
GDP per person (mkt)                   90.9
GDP (mkt) per worker                   87.3
Labor Force Participation (LFP)       100.7
Earnings                               93.2
ConsumpYoung (total)                   86.8
EarningsYoung (market)                 99.9
GDPYoung (market)                      98.0
WageGapWW                             144.6
WageGapBM                             128.3
WageGapBW                             117.0
EarningsWM                             81.1
EarningsWW                            100.6
EarningsBM                             93.2
EarningsBW                             97.8
..................... 
 
********************************************************************
       Counterfactual results with ZERO TAUW AND TAUH
********************************************************************
 
 
 
OVERALL: Additional output gain over baseline with no frictions (percent):
 
  Year      NoTauH      NoTauW    NoTauH/W
------------------------------------------
  1960         7.8         1.5        13.4
  1970        15.3         3.6        25.9
  1980        19.1         6.9        34.2
  1990        11.7         8.2        24.1
  2000         4.8         7.5        14.1
  2010         1.6         7.1         9.9
  2023        -0.5         8.3         8.8
 
GDPYoung: Additional output gain over baseline with no frictions (percent):
 
  Year      NoTauH      NoTauW    NoTauH/W
------------------------------------------
  1960        34.5         8.4        63.6
  1970        28.2         9.4        50.2
  1980        14.1        11.4        30.5
  1990         5.2        10.5        17.7
  2000         2.7        10.2        14.8
  2010         1.1         9.5        12.1
  2023        -2.0         8.7         7.4
....... 
 
                                         Wages                          H(i,t)                 HYoung
 
                 Data60 Model60Data2010   Model      Data60   ModelData2010   Model      Data60   ModelData2010   Model
-----------------------------------------------------------------------------------------------------------------------
Home               7780    8351   12043    8547       0.838   0.780   0.261   0.796       0.295   0.237   0.261   0.168
Managers           9173    9062   16734   19424       0.405   0.484   0.958   0.667       0.077   0.156   0.198   0.220
MgmtRelated        6201    6016   12687   13583       0.147   0.186   0.499   0.443       0.045   0.083   0.144   0.145
Architects         1206    1162    2409    2484       0.023   0.030   0.074   0.074       0.006   0.013   0.018   0.024
Engineers          7360    6955   11699   10658       0.099   0.135   0.180   0.259       0.036   0.072   0.071   0.092
Math/CompSci       1204    1152    9569    9447       0.016   0.021   0.268   0.303       0.007   0.012   0.088   0.106
Science            3100    2964    4822    4826       0.045   0.059   0.130   0.141       0.018   0.032   0.048   0.047
Doctors            4047    4057    6638    8102       0.124   0.141   0.294   0.176       0.024   0.042   0.054   0.055
Nurses             1970    2126    5620    6643       0.115   0.106   0.248   0.164       0.037   0.027   0.085   0.061
Therapists          665     692    3983    4520       0.023   0.024   0.144   0.107       0.008   0.009   0.058   0.043
Professors         2493    2452    2715    3153       0.050   0.061   0.218   0.151       0.013   0.023   0.038   0.036
Teachers           4464    4629    6001    6929       0.174   0.179   0.425   0.301       0.054   0.060   0.124   0.094
Librarians          433     470     924    1143       0.043   0.039   0.083   0.048       0.010   0.006   0.019   0.016
Soc.Scientists     1510    1481    3829    4271       0.027   0.032   0.147   0.115       0.009   0.015   0.049   0.043
SocialWork         2111    2147    2880    3115       0.078   0.086   0.173   0.149       0.024   0.031   0.055   0.044
Lawyers            3622    3492    7405    8263       0.065   0.083   0.229   0.180       0.016   0.035   0.049   0.049
Arts/Athletes      3899    3858    5697    5893       0.093   0.110   0.254   0.250       0.034   0.052   0.092   0.077
HealthTechs        1137    1208    3769    4224       0.079   0.076   0.221   0.171       0.027   0.024   0.070   0.060
Eng.Techs          3738    3440    4050    3773       0.057   0.085   0.127   0.171       0.029   0.057   0.046   0.057
ScienceTechs       2387    2254    1402    1249       0.046   0.063   0.041   0.063       0.021   0.038   0.018   0.018
OtherTechs         1769    1685   12544   11791       0.044   0.058   0.243   0.318       0.014   0.029   0.088   0.111
Sales              8480    8203   11070   11373       0.295   0.375   0.654   0.657       0.083   0.163   0.188   0.184
Secretaries        1187    1358    1527    1592       0.196   0.151   0.105   0.101       0.070   0.025   0.030   0.027
Info.Clerks        1068    1112    1658    1796       0.055   0.056   0.141   0.121       0.021   0.022   0.058   0.036
Records            1668    1695    1308    1397       0.070   0.077   0.087   0.078       0.018   0.025   0.029   0.023
FinancialClerk     1801    1934    1835    1992       0.155   0.144   0.143   0.122       0.048   0.037   0.039   0.035
OfficeMachine      1484    1553     529     459       0.063   0.063   0.026   0.043       0.030   0.030   0.009   0.009
ComputerTech        786     874     346     286       0.086   0.072   0.027   0.051       0.031   0.017   0.008   0.005
Mail               2293    2256    2505    2494       0.094   0.114   0.121   0.134       0.025   0.044   0.039   0.049
Clerks             2743    2654    4173    4042       0.109   0.139   0.221   0.265       0.035   0.065   0.078   0.082
Insurance          1670    1555    4341    4496       0.032   0.045   0.258   0.253       0.013   0.026   0.096   0.077
Misc.Admin         4688    4803    3013    3283       0.235   0.251   0.198   0.167       0.076   0.092   0.069   0.055
PrivateHshld        701     738     629     716       0.121   0.120   0.087   0.065       0.025   0.023   0.023   0.020
Firefighting       1778    1705    3635    3239       0.044   0.058   0.091   0.140       0.016   0.030   0.026   0.047
Police             2608    2477    6049    5583       0.063   0.084   0.182   0.253       0.025   0.047   0.055   0.075
Guards             1201    1188    2440    2301       0.063   0.075   0.123   0.160       0.013   0.025   0.046   0.047
FoodPrep           1616    1700    4196    3616       0.231   0.229   0.178   0.303       0.061   0.058   0.082   0.089
HealthService       687     750    2076    2373       0.111   0.098   0.209   0.153       0.036   0.023   0.081   0.050
Cleaning            989    1012    3049    2752       0.125   0.134   0.145   0.215       0.023   0.032   0.042   0.067
PersonalService    1792    1875    2578    2752       0.196   0.196   0.206   0.185       0.056   0.057   0.077   0.053
FarmMgrs           2597    2534    2261    2111       0.253   0.313   0.103   0.138       0.057   0.117   0.029   0.040
FarmWork           1299    1303    1759    1459       0.144   0.164   0.066   0.125       0.053   0.073   0.026   0.039
Agriculture         843     824    2944    2552       0.046   0.056   0.123   0.205       0.014   0.025   0.045   0.062
Forest              792     779    1169    1019       0.055   0.066   0.046   0.075       0.016   0.028   0.014   0.020
Mechanics          3474    3293    5799    4624       0.115   0.156   0.143   0.307       0.040   0.081   0.050   0.085
Elec.Repairer      3690    3357    3820    3052       0.069   0.105   0.099   0.211       0.032   0.069   0.034   0.055
Misc.Repairer      4271    4107    3927    3357       0.152   0.197   0.112   0.196       0.045   0.090   0.035   0.064
Construction       5773    5524    8928    7384       0.191   0.251   0.274   0.527       0.060   0.120   0.087   0.150
Extractive         2101    2006    1804    1413       0.065   0.086   0.039   0.089       0.022   0.043   0.014   0.022
Supervisor(P)      4432    4309    3141    2841       0.187   0.235   0.122   0.179       0.039   0.086   0.032   0.048
MetalWork          4027    3835    2238    1815       0.127   0.169   0.062   0.127       0.037   0.080   0.018   0.034
WoodWork            807     772     574     458       0.034   0.045   0.025   0.053       0.009   0.020   0.006   0.012
Textiles            919     984     469     409       0.171   0.160   0.025   0.041       0.041   0.030   0.007   0.010
Other              1531    1458    1758    1886       0.054   0.072   0.112   0.099       0.018   0.036   0.048   0.036
Food               1774    1692    1369    1228       0.072   0.095   0.069   0.104       0.021   0.045   0.027   0.031
PlantOperator      2851    2695    2368    2156       0.068   0.093   0.064   0.093       0.019   0.044   0.019   0.031
MetalMach.         1754    1678    1088     835       0.078   0.102   0.032   0.076       0.020   0.044   0.011   0.018
MetalProc.          831     817     630     465       0.040   0.049   0.018   0.048       0.011   0.019   0.006   0.010
WoodMach.           694     688    1908    1490       0.037   0.043   0.059   0.134       0.013   0.019   0.021   0.031
TextileMach.       2418    2312     881     734       0.069   0.091   0.041   0.077       0.023   0.045   0.013   0.016
PrintMach.         1021    1070     687     601       0.135   0.136   0.046   0.074       0.035   0.036   0.014   0.016
OtherMach.         6546    6483    4173    3599       0.344   0.407   0.149   0.252       0.108   0.172   0.052   0.077
Fabricators        3143    3124    3821    3080       0.157   0.184   0.112   0.233       0.048   0.075   0.043   0.067
Prod.Inspectors    2159    2165    2720    2465       0.117   0.134   0.104   0.152       0.032   0.049   0.037   0.045
MotorVehicle       5307    5082    5924    5434       0.197   0.258   0.278   0.393       0.068   0.129   0.078   0.118
OtherVehicle       3205    3094    3378    2833       0.116   0.149   0.087   0.161       0.032   0.064   0.026   0.050
Freight            4164    4064    3922    3435       0.200   0.248   0.160   0.259       0.070   0.118   0.062   0.082
 
 
1960 and 2010 quantities
White Men p(:,WM) for        Young Cohort                          Middle-Aged Cohort                      Old-Aged Cohort
 
                     Data60  Model60 Data2010Model2010      Data60  Model60 Data2010Model2010      Data60  Model60 Data2010Model2010
------------------------------------------------------------------------------------------------------------------------------------
Home                 0.0863   0.1024   0.1505   0.1836      0.0769   0.0769   0.1237   0.1864      0.1108   0.1108   0.1621   0.1221
Managers             0.0771   0.0774   0.0740   0.0972      0.1176   0.1176   0.1180   0.0951      0.1264   0.1264   0.1236   0.0998
MgmtRelated          0.0318   0.0308   0.0398   0.0472      0.0296   0.0296   0.0410   0.0486      0.0233   0.0233   0.0407   0.0433
Architects           0.0008   0.0007   0.0015   0.0013      0.0008   0.0008   0.0017   0.0020      0.0007   0.0007   0.0017   0.0019
Engineers            0.0298   0.0274   0.0185   0.0157      0.0251   0.0251   0.0186   0.0184      0.0154   0.0154   0.0219   0.0228
Math/CompSci         0.0008   0.0008   0.0240   0.0229      0.0004   0.0004   0.0236   0.0231      0.0002   0.0002   0.0175   0.0103
Science              0.0063   0.0059   0.0054   0.0055      0.0047   0.0047   0.0048   0.0065      0.0029   0.0029   0.0042   0.0050
Doctors              0.0083   0.0086   0.0058   0.0083      0.0102   0.0102   0.0095   0.0098      0.0082   0.0082   0.0103   0.0111
Nurses               0.0025   0.0030   0.0044   0.0071      0.0022   0.0022   0.0054   0.0054      0.0026   0.0026   0.0044   0.0048
Therapists           0.0004   0.0005   0.0028   0.0040      0.0003   0.0003   0.0033   0.0034      0.0004   0.0004   0.0023   0.0021
Professors           0.0033   0.0033   0.0070   0.0093      0.0033   0.0033   0.0068   0.0075      0.0026   0.0026   0.0062   0.0054
Teachers             0.0188   0.0208   0.0239   0.0318      0.0110   0.0110   0.0229   0.0260      0.0087   0.0087   0.0171   0.0196
Librarians           0.0002   0.0002   0.0004   0.0006      0.0002   0.0002   0.0006   0.0006      0.0002   0.0002   0.0005   0.0008
Soc.Scientists       0.0013   0.0013   0.0028   0.0033      0.0010   0.0010   0.0031   0.0021      0.0006   0.0006   0.0024   0.0033
SocialWork           0.0073   0.0077   0.0070   0.0083      0.0064   0.0064   0.0068   0.0069      0.0058   0.0058   0.0065   0.0074
Lawyers              0.0052   0.0050   0.0073   0.0083      0.0051   0.0051   0.0098   0.0097      0.0055   0.0055   0.0094   0.0104
Arts/Athletes        0.0127   0.0128   0.0180   0.0184      0.0096   0.0096   0.0162   0.0196      0.0070   0.0070   0.0125   0.0188
HealthTechs          0.0019   0.0022   0.0069   0.0083      0.0014   0.0014   0.0058   0.0066      0.0012   0.0012   0.0044   0.0062
Eng.Techs            0.0149   0.0130   0.0078   0.0063      0.0074   0.0074   0.0080   0.0076      0.0037   0.0037   0.0082   0.0135
ScienceTechs         0.0065   0.0060   0.0013   0.0011      0.0040   0.0040   0.0011   0.0011      0.0022   0.0022   0.0011   0.0022
OtherTechs           0.0033   0.0031   0.0197   0.0189      0.0029   0.0029   0.0200   0.0226      0.0016   0.0016   0.0172   0.0213
Sales                0.0767   0.0738   0.0889   0.0945      0.0748   0.0748   0.0912   0.0937      0.0669   0.0669   0.0896   0.1087
Secretaries          0.0019   0.0026   0.0024   0.0035      0.0013   0.0013   0.0017   0.0030      0.0014   0.0014   0.0016   0.0024
Info.Clerks          0.0016   0.0017   0.0035   0.0042      0.0015   0.0015   0.0020   0.0033      0.0009   0.0009   0.0019   0.0036
Records              0.0024   0.0026   0.0021   0.0025      0.0025   0.0025   0.0014   0.0020      0.0024   0.0024   0.0014   0.0023
FinancialClerk       0.0049   0.0058   0.0030   0.0042      0.0037   0.0037   0.0023   0.0039      0.0037   0.0037   0.0022   0.0045
OfficeMachine        0.0031   0.0035   0.0002   0.0004      0.0010   0.0010   0.0004   0.0009      0.0006   0.0006   0.0007   0.0003
ComputerTech         0.0007   0.0009   0.0010   0.0007      0.0005   0.0005   0.0009   0.0014      0.0004   0.0004   0.0010   0.0052
Mail                 0.0075   0.0074   0.0033   0.0037      0.0114   0.0114   0.0048   0.0044      0.0087   0.0087   0.0066   0.0077
Clerks               0.0144   0.0138   0.0210   0.0201      0.0131   0.0131   0.0171   0.0193      0.0132   0.0132   0.0165   0.0191
Insurance            0.0032   0.0028   0.0155   0.0181      0.0019   0.0019   0.0100   0.0165      0.0013   0.0013   0.0081   0.0063
Misc.Admin           0.0308   0.0333   0.0067   0.0079      0.0251   0.0251   0.0043   0.0067      0.0245   0.0245   0.0039   0.0108
PrivateHshld         0.0010   0.0012   0.0010   0.0015      0.0010   0.0010   0.0012   0.0010      0.0013   0.0013   0.0012   0.0015
Firefighting         0.0048   0.0045   0.0058   0.0045      0.0044   0.0044   0.0065   0.0040      0.0029   0.0029   0.0046   0.0038
Police               0.0103   0.0095   0.0181   0.0165      0.0079   0.0079   0.0226   0.0173      0.0060   0.0060   0.0144   0.0123
Guards               0.0026   0.0026   0.0084   0.0080      0.0036   0.0036   0.0062   0.0051      0.0062   0.0062   0.0059   0.0066
FoodPrep             0.0075   0.0086   0.0440   0.0342      0.0087   0.0087   0.0227   0.0201      0.0109   0.0109   0.0127   0.0182
HealthService        0.0017   0.0021   0.0056   0.0083      0.0014   0.0014   0.0038   0.0041      0.0016   0.0016   0.0034   0.0050
Cleaning             0.0032   0.0035   0.0132   0.0122      0.0053   0.0053   0.0160   0.0092      0.0099   0.0099   0.0207   0.0158
PersonalService      0.0073   0.0082   0.0081   0.0103      0.0055   0.0055   0.0068   0.0084      0.0078   0.0078   0.0059   0.0053
FarmMgrs             0.0331   0.0324   0.0045   0.0038      0.0465   0.0465   0.0054   0.0040      0.0606   0.0606   0.0080   0.0088
FarmWork             0.0152   0.0157   0.0090   0.0059      0.0114   0.0114   0.0066   0.0032      0.0128   0.0128   0.0050   0.0044
Agriculture          0.0018   0.0018   0.0183   0.0140      0.0018   0.0018   0.0157   0.0093      0.0024   0.0024   0.0120   0.0078
Forest               0.0025   0.0025   0.0017   0.0014      0.0025   0.0025   0.0023   0.0019      0.0028   0.0028   0.0022   0.0022
Mechanics            0.0243   0.0224   0.0291   0.0209      0.0221   0.0221   0.0317   0.0284      0.0188   0.0188   0.0350   0.0318
Elec.Repairer        0.0183   0.0156   0.0145   0.0109      0.0118   0.0118   0.0142   0.0126      0.0063   0.0063   0.0121   0.0100
Misc.Repairer        0.0308   0.0293   0.0097   0.0074      0.0339   0.0339   0.0113   0.0083      0.0341   0.0341   0.0136   0.0108
Construction         0.0507   0.0477   0.0910   0.0627      0.0542   0.0542   0.0892   0.0671      0.0512   0.0512   0.0801   0.0758
Extractive           0.0075   0.0071   0.0041   0.0026      0.0071   0.0071   0.0023   0.0008      0.0067   0.0067   0.0020   0.0017
Supervisor(P)        0.0216   0.0210   0.0064   0.0057      0.0343   0.0343   0.0107   0.0102      0.0366   0.0366   0.0121   0.0130
MetalWork            0.0219   0.0204   0.0039   0.0026      0.0253   0.0253   0.0055   0.0054      0.0222   0.0222   0.0071   0.0113
WoodWork             0.0013   0.0013   0.0007   0.0005      0.0016   0.0016   0.0008   0.0009      0.0015   0.0015   0.0010   0.0011
Textiles             0.0021   0.0024   0.0004   0.0003      0.0025   0.0025   0.0006   0.0005      0.0026   0.0026   0.0007   0.0012
Other                0.0035   0.0032   0.0027   0.0030      0.0034   0.0034   0.0020   0.0024      0.0028   0.0028   0.0018   0.0029
Food                 0.0060   0.0056   0.0038   0.0031      0.0056   0.0056   0.0030   0.0027      0.0069   0.0069   0.0029   0.0034
PlantOperator        0.0068   0.0063   0.0024   0.0019      0.0080   0.0080   0.0031   0.0021      0.0081   0.0081   0.0042   0.0043
MetalMach.           0.0049   0.0046   0.0017   0.0011      0.0062   0.0062   0.0017   0.0018      0.0067   0.0067   0.0019   0.0030
MetalProc.           0.0014   0.0013   0.0005   0.0003      0.0016   0.0016   0.0006   0.0010      0.0016   0.0016   0.0006   0.0014
WoodMach.            0.0016   0.0016   0.0041   0.0032      0.0014   0.0014   0.0042   0.0074      0.0016   0.0016   0.0046   0.0015
TextileMach.         0.0074   0.0070   0.0019   0.0013      0.0062   0.0062   0.0023   0.0027      0.0069   0.0069   0.0027   0.0054
PrintMach.           0.0032   0.0036   0.0016   0.0012      0.0035   0.0035   0.0016   0.0026      0.0037   0.0037   0.0014   0.0043
OtherMach.           0.0872   0.0880   0.0176   0.0132      0.0800   0.0800   0.0172   0.0151      0.0779   0.0779   0.0156   0.0209
Fabricators          0.0177   0.0180   0.0158   0.0106      0.0189   0.0189   0.0152   0.0139      0.0158   0.0158   0.0130   0.0207
Prod.Inspectors      0.0073   0.0076   0.0053   0.0044      0.0070   0.0070   0.0050   0.0053      0.0069   0.0069   0.0055   0.0064
MotorVehicle         0.0567   0.0535   0.0356   0.0309      0.0518   0.0518   0.0472   0.0367      0.0462   0.0462   0.0514   0.0423
OtherVehicle         0.0146   0.0140   0.0081   0.0057      0.0179   0.0179   0.0087   0.0056      0.0168   0.0168   0.0091   0.0075
Freight              0.0456   0.0447   0.0249   0.0186      0.0386   0.0386   0.0192   0.0146      0.0390   0.0390   0.0179   0.0248
 
 
1960 and 2010 quantities
White women p(:,WW) for      Young Cohort                          Middle-Aged Cohort                      Old-Aged Cohort
 
                     Data60  Model60 Data2010Model2010      Data60  Model60 Data2010Model2010      Data60  Model60 Data2010Model2010
------------------------------------------------------------------------------------------------------------------------------------
Home                 0.7388   0.2968   0.3087   0.2462      0.6698   0.6698   0.3235   0.2546      0.6238   0.6238   0.3149   0.2211
Managers             0.0068   0.0720   0.0587   0.0922      0.0145   0.0145   0.0722   0.0909      0.0217   0.0217   0.0727   0.0953
MgmtRelated          0.0033   0.0206   0.0467   0.0454      0.0046   0.0046   0.0509   0.0465      0.0058   0.0058   0.0525   0.0384
Architects           0.0000   0.0007   0.0008   0.0010      0.0000   0.0000   0.0005   0.0016      0.0000   0.0000   0.0004   0.0014
Engineers            0.0002   0.0124   0.0032   0.0113      0.0001   0.0001   0.0024   0.0127      0.0002   0.0002   0.0024   0.0148
Math/CompSci         0.0001   0.0004   0.0075   0.0173      0.0002   0.0002   0.0083   0.0168      0.0001   0.0001   0.0089   0.0074
Science              0.0003   0.0026   0.0046   0.0038      0.0003   0.0003   0.0029   0.0043      0.0002   0.0002   0.0021   0.0031
Doctors              0.0003   0.0070   0.0059   0.0068      0.0004   0.0004   0.0061   0.0083      0.0005   0.0005   0.0044   0.0104
Nurses               0.0109   0.0030   0.0328   0.0068      0.0107   0.0107   0.0322   0.0046      0.0118   0.0118   0.0346   0.0038
Therapists           0.0004   0.0003   0.0122   0.0029      0.0003   0.0003   0.0099   0.0025      0.0002   0.0002   0.0073   0.0013
Professors           0.0004   0.0023   0.0069   0.0063      0.0006   0.0006   0.0067   0.0052      0.0008   0.0008   0.0060   0.0039
Teachers             0.0167   0.0117   0.0772   0.0257      0.0171   0.0171   0.0731   0.0204      0.0310   0.0310   0.0637   0.0146
Librarians           0.0008   0.0001   0.0013   0.0003      0.0011   0.0011   0.0017   0.0004      0.0019   0.0019   0.0020   0.0005
Soc.Scientists       0.0003   0.0007   0.0051   0.0026      0.0003   0.0003   0.0043   0.0015      0.0003   0.0003   0.0031   0.0024
SocialWork           0.0015   0.0024   0.0119   0.0053      0.0017   0.0017   0.0103   0.0043      0.0025   0.0025   0.0089   0.0041
Lawyers              0.0001   0.0058   0.0062   0.0070      0.0001   0.0001   0.0058   0.0071      0.0001   0.0001   0.0043   0.0076
Arts/Athletes        0.0039   0.0077   0.0155   0.0148      0.0028   0.0028   0.0113   0.0137      0.0031   0.0031   0.0104   0.0136
HealthTechs          0.0035   0.0016   0.0178   0.0064      0.0037   0.0037   0.0170   0.0051      0.0055   0.0055   0.0160   0.0045
Eng.Techs            0.0005   0.0077   0.0024   0.0054      0.0006   0.0006   0.0017   0.0060      0.0003   0.0003   0.0021   0.0101
ScienceTechs         0.0006   0.0034   0.0007   0.0009      0.0006   0.0006   0.0005   0.0007      0.0003   0.0003   0.0006   0.0015
OtherTechs           0.0002   0.0026   0.0085   0.0240      0.0003   0.0003   0.0096   0.0235      0.0003   0.0003   0.0103   0.0152
Sales                0.0197   0.1029   0.0700   0.1065      0.0355   0.0355   0.0650   0.1071      0.0447   0.0447   0.0655   0.1237
Secretaries          0.0414   0.0016   0.0296   0.0030      0.0384   0.0384   0.0366   0.0028      0.0341   0.0341   0.0481   0.0016
Info.Clerks          0.0027   0.0013   0.0154   0.0037      0.0023   0.0023   0.0114   0.0031      0.0020   0.0020   0.0118   0.0034
Records              0.0019   0.0022   0.0050   0.0019      0.0025   0.0025   0.0051   0.0016      0.0028   0.0028   0.0063   0.0017
FinancialClerk       0.0149   0.0037   0.0145   0.0036      0.0178   0.0178   0.0197   0.0033      0.0176   0.0176   0.0237   0.0037
OfficeMachine        0.0049   0.0022   0.0003   0.0002      0.0039   0.0039   0.0004   0.0008      0.0032   0.0032   0.0006   0.0002
ComputerTech         0.0069   0.0008   0.0010   0.0007      0.0054   0.0054   0.0012   0.0015      0.0069   0.0069   0.0014   0.0048
Mail                 0.0003   0.0053   0.0012   0.0031      0.0007   0.0007   0.0024   0.0036      0.0007   0.0007   0.0040   0.0052
Clerks               0.0012   0.0104   0.0107   0.0137      0.0017   0.0017   0.0118   0.0152      0.0018   0.0018   0.0131   0.0148
Insurance            0.0001   0.0021   0.0275   0.0147      0.0002   0.0002   0.0226   0.0140      0.0002   0.0002   0.0219   0.0051
Misc.Admin           0.0296   0.0230   0.0220   0.0066      0.0337   0.0337   0.0198   0.0061      0.0350   0.0350   0.0232   0.0106
PrivateHshld         0.0022   0.0019   0.0076   0.0014      0.0042   0.0042   0.0108   0.0011      0.0080   0.0080   0.0105   0.0016
Firefighting         0.0000   0.0011   0.0003   0.0035      0.0000   0.0000   0.0003   0.0031      0.0000   0.0000   0.0002   0.0029
Police               0.0002   0.0041   0.0038   0.0135      0.0002   0.0002   0.0042   0.0131      0.0002   0.0002   0.0031   0.0085
Guards               0.0000   0.0012   0.0022   0.0054      0.0001   0.0001   0.0018   0.0034      0.0001   0.0001   0.0022   0.0042
FoodPrep             0.0163   0.0107   0.0416   0.0286      0.0229   0.0229   0.0266   0.0190      0.0244   0.0244   0.0242   0.0170
HealthService        0.0044   0.0012   0.0353   0.0067      0.0051   0.0051   0.0290   0.0032      0.0069   0.0069   0.0276   0.0044
Cleaning             0.0003   0.0023   0.0044   0.0146      0.0010   0.0010   0.0066   0.0101      0.0014   0.0014   0.0083   0.0167
PersonalService      0.0076   0.0092   0.0299   0.0108      0.0120   0.0120   0.0248   0.0106      0.0143   0.0143   0.0211   0.0073
FarmMgrs             0.0005   0.0394   0.0006   0.0056      0.0010   0.0010   0.0008   0.0044      0.0020   0.0020   0.0014   0.0131
FarmWork             0.0022   0.0106   0.0021   0.0056      0.0032   0.0032   0.0018   0.0027      0.0038   0.0038   0.0014   0.0039
Agriculture          0.0001   0.0014   0.0030   0.0112      0.0003   0.0003   0.0026   0.0082      0.0003   0.0003   0.0025   0.0074
Forest               0.0000   0.0015   0.0001   0.0008      0.0001   0.0001   0.0002   0.0016      0.0000   0.0000   0.0002   0.0013
Mechanics            0.0001   0.0126   0.0008   0.0157      0.0001   0.0001   0.0008   0.0198      0.0000   0.0000   0.0008   0.0194
Elec.Repairer        0.0002   0.0107   0.0008   0.0085      0.0001   0.0001   0.0008   0.0084      0.0001   0.0001   0.0009   0.0058
Misc.Repairer        0.0002   0.0151   0.0005   0.0078      0.0003   0.0003   0.0005   0.0071      0.0004   0.0004   0.0007   0.0083
Construction         0.0002   0.0310   0.0017   0.0553      0.0002   0.0002   0.0021   0.0607      0.0003   0.0003   0.0023   0.0596
Extractive           0.0000   0.0025   0.0001   0.0030      0.0000   0.0000   0.0001   0.0010      0.0000   0.0000   0.0001   0.0010
Supervisor(P)        0.0012   0.0211   0.0013   0.0054      0.0021   0.0021   0.0019   0.0091      0.0027   0.0027   0.0024   0.0118
MetalWork            0.0002   0.0144   0.0001   0.0031      0.0005   0.0005   0.0003   0.0058      0.0002   0.0002   0.0003   0.0114
WoodWork             0.0000   0.0009   0.0001   0.0005      0.0000   0.0000   0.0001   0.0012      0.0000   0.0000   0.0001   0.0012
Textiles             0.0085   0.0024   0.0003   0.0004      0.0121   0.0121   0.0004   0.0006      0.0160   0.0160   0.0007   0.0012
Other                0.0004   0.0039   0.0079   0.0025      0.0004   0.0004   0.0052   0.0021      0.0004   0.0004   0.0046   0.0029
Food                 0.0002   0.0045   0.0020   0.0030      0.0005   0.0005   0.0021   0.0026      0.0004   0.0004   0.0022   0.0037
PlantOperator        0.0001   0.0062   0.0001   0.0010      0.0001   0.0001   0.0002   0.0014      0.0001   0.0001   0.0002   0.0028
MetalMach.           0.0002   0.0054   0.0003   0.0013      0.0003   0.0003   0.0004   0.0018      0.0003   0.0003   0.0004   0.0029
MetalProc.           0.0000   0.0007   0.0001   0.0004      0.0000   0.0000   0.0001   0.0011      0.0000   0.0000   0.0002   0.0014
WoodMach.            0.0000   0.0004   0.0006   0.0037      0.0000   0.0000   0.0009   0.0068      0.0001   0.0001   0.0012   0.0011
TextileMach.         0.0003   0.0043   0.0004   0.0013      0.0004   0.0004   0.0006   0.0031      0.0004   0.0004   0.0007   0.0053
PrintMach.           0.0037   0.0029   0.0019   0.0013      0.0060   0.0060   0.0025   0.0028      0.0080   0.0080   0.0029   0.0047
OtherMach.           0.0261   0.0681   0.0045   0.0149      0.0375   0.0375   0.0059   0.0162      0.0345   0.0345   0.0066   0.0214
Fabricators          0.0054   0.0119   0.0032   0.0124      0.0082   0.0082   0.0042   0.0142      0.0062   0.0062   0.0051   0.0208
Prod.Inspectors      0.0041   0.0062   0.0023   0.0046      0.0068   0.0068   0.0027   0.0056      0.0066   0.0066   0.0034   0.0070
MotorVehicle         0.0004   0.0368   0.0030   0.0330      0.0007   0.0007   0.0053   0.0401      0.0005   0.0005   0.0073   0.0399
OtherVehicle         0.0001   0.0080   0.0002   0.0049      0.0002   0.0002   0.0002   0.0041      0.0002   0.0002   0.0002   0.0059
Freight              0.0014   0.0281   0.0052   0.0183      0.0016   0.0016   0.0064   0.0143      0.0018   0.0018   0.0067   0.0222
 
 
1980 and 2010 quantities (the 1960 ones fit by construction)
White Women p(:,WW) for      Young Cohort                          Middle-Aged Cohort                      Old-Aged Cohort
 
                     Data80  Model80 Data2010Model2010      Data80  Model80 Data2010Model2010      Data80  Model80 Data2010Model2010
------------------------------------------------------------------------------------------------------------------------------------
Home                 0.4606   0.2553   0.3087   0.2462      0.4763   0.3070   0.3235   0.2546      0.5097   0.2968   0.3149   0.2211
Managers             0.0341   0.0904   0.0587   0.0922      0.0377   0.0907   0.0722   0.0909      0.0356   0.0720   0.0727   0.0953
MgmtRelated          0.0264   0.0346   0.0467   0.0454      0.0221   0.0162   0.0509   0.0465      0.0200   0.0206   0.0525   0.0384
Architects           0.0003   0.0013   0.0008   0.0010      0.0001   0.0006   0.0005   0.0016      0.0001   0.0007   0.0004   0.0014
Engineers            0.0014   0.0127   0.0032   0.0113      0.0008   0.0144   0.0024   0.0127      0.0006   0.0124   0.0024   0.0148
Math/CompSci         0.0023   0.0037   0.0075   0.0173      0.0012   0.0036   0.0083   0.0168      0.0007   0.0004   0.0089   0.0074
Science              0.0015   0.0031   0.0046   0.0038      0.0008   0.0029   0.0029   0.0043      0.0005   0.0026   0.0021   0.0031
Doctors              0.0016   0.0106   0.0059   0.0068      0.0009   0.0051   0.0061   0.0083      0.0007   0.0070   0.0044   0.0104
Nurses               0.0226   0.0042   0.0328   0.0068      0.0183   0.0029   0.0322   0.0046      0.0169   0.0030   0.0346   0.0038
Therapists           0.0039   0.0014   0.0122   0.0029      0.0015   0.0005   0.0099   0.0025      0.0009   0.0003   0.0073   0.0013
Professors           0.0033   0.0041   0.0069   0.0063      0.0037   0.0060   0.0067   0.0052      0.0025   0.0023   0.0060   0.0039
Teachers             0.0512   0.0212   0.0772   0.0257      0.0432   0.0183   0.0731   0.0204      0.0318   0.0117   0.0637   0.0146
Librarians           0.0022   0.0006   0.0013   0.0003      0.0022   0.0003   0.0017   0.0004      0.0025   0.0001   0.0020   0.0005
Soc.Scientists       0.0020   0.0026   0.0051   0.0026      0.0013   0.0018   0.0043   0.0015      0.0008   0.0007   0.0031   0.0024
SocialWork           0.0064   0.0041   0.0119   0.0053      0.0045   0.0029   0.0103   0.0043      0.0037   0.0024   0.0089   0.0041
Lawyers              0.0024   0.0075   0.0062   0.0070      0.0009   0.0034   0.0058   0.0071      0.0005   0.0058   0.0043   0.0076
Arts/Athletes        0.0089   0.0096   0.0155   0.0148      0.0058   0.0082   0.0113   0.0137      0.0043   0.0077   0.0104   0.0136
HealthTechs          0.0143   0.0034   0.0178   0.0064      0.0094   0.0020   0.0170   0.0051      0.0073   0.0016   0.0160   0.0045
Eng.Techs            0.0028   0.0101   0.0024   0.0054      0.0019   0.0117   0.0017   0.0060      0.0015   0.0077   0.0021   0.0101
ScienceTechs         0.0009   0.0015   0.0007   0.0009      0.0005   0.0010   0.0005   0.0007      0.0006   0.0034   0.0006   0.0015
OtherTechs           0.0063   0.0113   0.0085   0.0240      0.0034   0.0049   0.0096   0.0235      0.0021   0.0026   0.0103   0.0152
Sales                0.0431   0.0915   0.0700   0.1065      0.0488   0.0968   0.0650   0.1071      0.0511   0.1029   0.0655   0.1237
Secretaries          0.0674   0.0018   0.0296   0.0030      0.0660   0.0026   0.0366   0.0028      0.0571   0.0016   0.0481   0.0016
Info.Clerks          0.0091   0.0028   0.0154   0.0037      0.0084   0.0026   0.0114   0.0031      0.0078   0.0013   0.0118   0.0034
Records              0.0086   0.0024   0.0050   0.0019      0.0075   0.0062   0.0051   0.0016      0.0078   0.0022   0.0063   0.0017
FinancialClerk       0.0265   0.0053   0.0145   0.0036      0.0284   0.0077   0.0197   0.0033      0.0303   0.0037   0.0237   0.0037
OfficeMachine        0.0004   0.0001   0.0003   0.0002      0.0004   0.0007   0.0004   0.0008      0.0004   0.0022   0.0006   0.0002
ComputerTech         0.0078   0.0057   0.0010   0.0007      0.0066   0.0034   0.0012   0.0015      0.0073   0.0008   0.0014   0.0048
Mail                 0.0022   0.0047   0.0012   0.0031      0.0022   0.0035   0.0024   0.0036      0.0023   0.0053   0.0040   0.0052
Clerks               0.0085   0.0132   0.0107   0.0137      0.0078   0.0122   0.0118   0.0152      0.0072   0.0104   0.0131   0.0148
Insurance            0.0060   0.0033   0.0275   0.0147      0.0041   0.0066   0.0226   0.0140      0.0031   0.0021   0.0219   0.0051
Misc.Admin           0.0336   0.0082   0.0220   0.0066      0.0330   0.0137   0.0198   0.0061      0.0317   0.0230   0.0232   0.0106
PrivateHshld         0.0034   0.0016   0.0076   0.0014      0.0051   0.0026   0.0108   0.0011      0.0064   0.0019   0.0105   0.0016
Firefighting         0.0001   0.0027   0.0003   0.0035      0.0000   0.0015   0.0003   0.0031      0.0000   0.0011   0.0002   0.0029
Police               0.0009   0.0073   0.0038   0.0135      0.0006   0.0068   0.0042   0.0131      0.0005   0.0041   0.0031   0.0085
Guards               0.0009   0.0034   0.0022   0.0054      0.0009   0.0033   0.0018   0.0034      0.0010   0.0012   0.0022   0.0042
FoodPrep             0.0206   0.0126   0.0416   0.0286      0.0240   0.0119   0.0266   0.0190      0.0262   0.0107   0.0242   0.0170
HealthService        0.0144   0.0037   0.0353   0.0067      0.0141   0.0016   0.0290   0.0032      0.0143   0.0012   0.0276   0.0044
Cleaning             0.0027   0.0134   0.0044   0.0146      0.0039   0.0074   0.0066   0.0101      0.0049   0.0023   0.0083   0.0167
PersonalService      0.0179   0.0062   0.0299   0.0108      0.0161   0.0135   0.0248   0.0106      0.0108   0.0092   0.0211   0.0073
FarmMgrs             0.0011   0.0181   0.0006   0.0056      0.0019   0.0104   0.0008   0.0044      0.0023   0.0394   0.0014   0.0131
FarmWork             0.0017   0.0051   0.0021   0.0056      0.0021   0.0076   0.0018   0.0027      0.0021   0.0106   0.0014   0.0039
Agriculture          0.0010   0.0037   0.0030   0.0112      0.0007   0.0026   0.0026   0.0082      0.0006   0.0014   0.0025   0.0074
Forest               0.0001   0.0015   0.0001   0.0008      0.0001   0.0011   0.0002   0.0016      0.0001   0.0015   0.0002   0.0013
Mechanics            0.0006   0.0189   0.0008   0.0157      0.0005   0.0157   0.0008   0.0198      0.0004   0.0126   0.0008   0.0194
Elec.Repairer        0.0010   0.0061   0.0008   0.0085      0.0007   0.0083   0.0008   0.0084      0.0006   0.0107   0.0009   0.0058
Misc.Repairer        0.0007   0.0087   0.0005   0.0078      0.0006   0.0192   0.0005   0.0071      0.0007   0.0151   0.0007   0.0083
Construction         0.0016   0.0609   0.0017   0.0553      0.0013   0.0292   0.0021   0.0607      0.0010   0.0310   0.0023   0.0596
Extractive           0.0001   0.0020   0.0001   0.0030      0.0001   0.0016   0.0001   0.0010      0.0000   0.0025   0.0001   0.0010
Supervisor(P)        0.0036   0.0238   0.0013   0.0054      0.0053   0.0236   0.0019   0.0091      0.0051   0.0211   0.0024   0.0118
MetalWork            0.0006   0.0099   0.0001   0.0031      0.0007   0.0079   0.0003   0.0058      0.0005   0.0144   0.0003   0.0114
WoodWork             0.0002   0.0010   0.0001   0.0005      0.0002   0.0012   0.0001   0.0012      0.0002   0.0009   0.0001   0.0012
Textiles             0.0011   0.0010   0.0003   0.0004      0.0017   0.0017   0.0004   0.0006      0.0021   0.0024   0.0007   0.0012
Other                0.0011   0.0022   0.0079   0.0025      0.0011   0.0011   0.0052   0.0021      0.0011   0.0039   0.0046   0.0029
Food                 0.0009   0.0042   0.0020   0.0030      0.0012   0.0067   0.0021   0.0026      0.0011   0.0045   0.0022   0.0037
PlantOperator        0.0002   0.0016   0.0001   0.0010      0.0002   0.0016   0.0002   0.0014      0.0001   0.0062   0.0002   0.0028
MetalMach.           0.0018   0.0070   0.0003   0.0013      0.0021   0.0121   0.0004   0.0018      0.0021   0.0054   0.0004   0.0029
MetalProc.           0.0007   0.0021   0.0001   0.0004      0.0008   0.0013   0.0001   0.0011      0.0008   0.0007   0.0002   0.0014
WoodMach.            0.0003   0.0013   0.0006   0.0037      0.0003   0.0007   0.0009   0.0068      0.0003   0.0004   0.0012   0.0011
TextileMach.         0.0017   0.0039   0.0004   0.0013      0.0015   0.0057   0.0006   0.0031      0.0013   0.0043   0.0007   0.0053
PrintMach.           0.0117   0.0038   0.0019   0.0013      0.0156   0.0071   0.0025   0.0028      0.0172   0.0029   0.0029   0.0047
OtherMach.           0.0105   0.0249   0.0045   0.0149      0.0125   0.0467   0.0059   0.0162      0.0122   0.0681   0.0066   0.0214
Fabricators          0.0108   0.0234   0.0032   0.0124      0.0128   0.0167   0.0042   0.0142      0.0126   0.0119   0.0051   0.0208
Prod.Inspectors      0.0048   0.0074   0.0023   0.0046      0.0064   0.0095   0.0027   0.0056      0.0078   0.0062   0.0034   0.0070
MotorVehicle         0.0034   0.0400   0.0030   0.0330      0.0046   0.0220   0.0053   0.0401      0.0032   0.0368   0.0073   0.0399
OtherVehicle         0.0007   0.0130   0.0002   0.0049      0.0007   0.0082   0.0002   0.0041      0.0007   0.0080   0.0002   0.0059
Freight              0.0086   0.0213   0.0052   0.0183      0.0100   0.0214   0.0064   0.0143      0.0103   0.0281   0.0067   0.0222
 
 
====================================================================== 
    PRODUCTION: w*H in data and model for various groups/cohorts
====================================================================== 
 
 
 
/// 1960 ///          Young                       Middle                      Old
 
               Data   Model       %        Data   Model       %        Data   Model       %
-------------------------------------------------------------------------------------------
White Men      6230    6395   102.6        7972    7845    98.4        6822    6752    99.0
White Women    2875    6869   238.9        3498    3630   103.8        3110    3210   103.2
Black Men       419     637   152.3         460     459    99.8         358     359   100.2
Black Women     309     794   256.8         282     294   104.2         181     189   104.3
 
Total income for the year:    Data = 32516  Model = 37432
 
 
/// 1970 ///          Young                       Middle                      Old
 
               Data   Model       %        Data   Model       %        Data   Model       %
-------------------------------------------------------------------------------------------
White Men      8221    8364   101.7        9331    9354   100.2        9539    9423    98.8
White Women    4179    8685   207.8        4198    9623   229.2        4399    4637   105.4
Black Men       649     878   135.3         627     947   150.9         537     535    99.6
Black Women     547    1101   201.3         460    1132   246.0         331     351   106.2
 
Total income for the year:    Data = 43018  Model = 55030
 
 
/// 1980 ///          Young                       Middle                      Old
 
               Data   Model       %        Data   Model       %        Data   Model       %
-------------------------------------------------------------------------------------------
White Men      9859    9800    99.4        9127    9439   103.4        8383    8825   105.3
White Women    6006    9978   166.1        4585    9436   205.8        3911    9063   231.7
Black Men       852    1110   130.3         705     989   140.4         559     861   154.1
Black Women     791    1364   172.5         576    1222   212.2         401    1034   257.6
 
Total income for the year:    Data = 45755  Model = 63123
 
 
/// 1990 ///          Young                       Middle                      Old
 
               Data   Model       %        Data   Model       %        Data   Model       %
-------------------------------------------------------------------------------------------
White Men      9720    9549    98.2       12137   11801    97.2        9312    9593   103.0
White Women    7166    9515   132.8        7373   11694   158.6        4866    9568   196.6
Black Men       892    1275   143.0         982    1381   140.7         718    1056   147.1
Black Women     919    1497   162.9         961    1658   172.5         595    1254   210.7
 
Total income for the year:    Data = 55641  Model = 69840
 
 
/// 2000 ///          Young                       Middle                      Old
 
               Data   Model       %        Data   Model       %        Data   Model       %
-------------------------------------------------------------------------------------------
White Men      8334    8023    96.3       14812   14036    94.8       14361   13729    95.6
White Women    6624    7928   119.7       10375   14046   135.4        8900   13923   156.4
Black Men       963    1268   131.7        1430    2035   142.3        1199    1659   138.3
Black Women    1039    1445   139.1        1465    2331   159.1        1194    1968   164.8
 
Total income for the year:    Data = 70698  Model = 82391
 
 
/// 2010 ///          Young                       Middle                      Old
 
               Data   Model       %        Data   Model       %        Data   Model       %
-------------------------------------------------------------------------------------------
White Men      8151    7842    96.2       12071   11298    93.6       15959   15170    95.1
White Women    6809    7812   114.7        8885   11158   125.6       11255   15344   136.3
Black Men       968    1254   129.5        1326    1761   132.8        1499    2187   145.9
Black Women    1081    1422   131.5        1417    2030   143.2        1567    2498   159.4
 
Total income for the year:    Data = 70989  Model = 79776
 
 
/// 2023 ///          Young                       Middle                      Old
 
               Data   Model       %        Data   Model       %        Data   Model       %
-------------------------------------------------------------------------------------------
White Men     10627   10054    94.6       14037   12634    90.0       11411   10888    95.4
White Women    9168    9826   107.2        9799   12089   123.4        7609   10410   136.8
Black Men      1573    1966   125.0        1610    2138   132.7        1172    1723   147.0
Black Women    1670    2050   122.7        1751    2414   137.8        1296    1963   151.4
 
Total income for the year:    Data = 71725  Model = 78153
 
 
==================================================================================== 
    EARNINGS (Market): (1-tauw)*w*H in data and model for various groups/cohorts
==================================================================================== 
 
 
 
/// 1960 ///          Young                       Middle                      Old
 
               Data   Model       %        Data   Model       %        Data   Model       %
-------------------------------------------------------------------------------------------
White Men      5700    5753   100.9        7367    7196    97.7        6039    5912    97.9
White Women    1101    2608   236.8        1504    1559   103.7        1512    1564   103.4
Black Men       307     394   128.4         339     334    98.7         258     255    98.9
Black Women     123     284   231.8         133     138   103.7          89      92   103.7
 
Market income for the year:   Data = 24473  Model = 26089
 
 
/// 1970 ///          Young                       Middle                      Old
 
               Data   Model       %        Data   Model       %        Data   Model       %
-------------------------------------------------------------------------------------------
White Men      7469    7383    98.8        8610    8433    98.0        8528    8297    97.3
White Women    1839    3729   202.7        1959    4131   210.9        2280    2451   107.5
Black Men       499     616   123.3         491     680   138.5         418     407    97.3
Black Women     279     447   159.9         248     485   196.1         189     204   107.8
 
Market income for the year:   Data = 32810  Model = 37264
 
 
/// 1980 ///          Young                       Middle                      Old
 
               Data   Model       %        Data   Model       %        Data   Model       %
-------------------------------------------------------------------------------------------
White Men      9074    8778    96.7        8468    8345    98.5        7434    7966   107.2
White Women    3595    4908   136.5        2548    4574   179.5        2191    4361   199.1
Black Men       669     854   127.6         535     770   143.9         415     682   164.5
Black Women     521     695   133.4         362     611   168.6         250     526   210.0
 
Market income for the year:   Data = 36062  Model = 43071
 
 
/// 1990 ///          Young                       Middle                      Old
 
               Data   Model       %        Data   Model       %        Data   Model       %
-------------------------------------------------------------------------------------------
White Men      8931    8634    96.7       11260   10650    94.6        8301    8543   102.9
White Women    4783    5287   110.5        4976    6515   130.9        3206    5227   163.0
Black Men       706    1014   143.6         771    1107   143.7         524     855   163.2
Black Women     644     853   132.5         694     954   137.6         406     709   174.7
 
Market income for the year:   Data = 45202  Model = 50349
 
 
/// 2000 ///          Young                       Middle                      Old
 
               Data   Model       %        Data   Model       %        Data   Model       %
-------------------------------------------------------------------------------------------
White Men      7245    6714    92.7       12643   12045    95.3       11810   11753    99.5
White Women    4228    4353   102.9        6172    7657   124.1        5741    7583   132.1
Black Men       676     908   134.4         945    1520   161.0         753    1253   166.3
Black Women     670     800   119.3         893    1282   143.5         702    1091   155.5
 
Market income for the year:   Data = 52478  Model = 56959
 
 
/// 2010 ///          Young                       Middle                      Old
 
               Data   Model       %        Data   Model       %        Data   Model       %
-------------------------------------------------------------------------------------------
White Men      7082    6626    93.6       10932    9734    89.0       13430   13320    99.2
White Women    4799    4698    97.9        6013    6642   110.5        7448    9040   121.4
Black Men       694     962   138.7        1028    1354   131.7        1054    1748   165.8
Black Women     757     873   115.4        1020    1221   119.7        1047    1489   142.2
 
Market income for the year:   Data = 55304  Model = 57706
 
 
/// 2023 ///          Young                       Middle                      Old
 
               Data   Model       %        Data   Model       %        Data   Model       %
-------------------------------------------------------------------------------------------
White Men      9497    9490    99.9       14037   11429    81.4       11411    9969    87.4
White Women    6776    6789   100.2        8439    7999    94.8        6554    6776   103.4
Black Men      1170    1665   142.3        1456    1740   119.5        1075    1396   129.8
Black Women    1158    1351   116.6        1411    1555   110.2        1055    1231   116.7
 
Market income for the year:   Data = 64041  Model = 61389
Production GDP = Total Labor Income (pre-tax) has been confirmed to the nearest dime per person :-).
 
 
GDP per person in data and model
 
        Year        Data       Model    ExitFlag
------------------------------------------------
        1960       32516       37432           1
        1970       43018       55030           1
        1980       45755       63123           1
        1990       55641       69840           1
        2000       70698       82391           1
        2010       70989       79776           1
        2023       71725       78153           1
 
 
GDP (mkt) per person in data and model
 
        Year        Data       Model
------------------------------------
        1960       23241       28096
        1970       31251       42780
        1980       34587       50831
        1990       44435       57346
        2000       49901       62071
        2010       53340       62298
        2023       67061       68176
 
 
GDP per worker (market) in data and model
 
        Year        Data       Model
------------------------------------
        1960       38828       41521
        1970       49167       57337
        1980       49258       63501
        1990       58194       70849
        2000       66808       77259
        2010       70264       78416
        2023       84706       82393
 
 
LFP in data and model
 
        Year        Data       Model
------------------------------------
        1960       0.599       0.677
        1970       0.636       0.746
        1980       0.702       0.800
        1990       0.764       0.809
        2000       0.747       0.803
        2010       0.759       0.794
        2023       0.792       0.827
 
 
Market Wage Gap in data and model
 
  Year      WWdata WWmodel      BMdata BMmodel      BWdata BWmodel
------------------------------------------------------------------
  1960       0.555   0.917       0.559   0.736       0.347   0.680
  1970       0.527   1.016       0.627   0.864       0.418   0.856
  1980       0.549   1.107       0.714   1.002       0.513   0.986
  1990       0.613   1.083       0.700   1.028       0.555   1.012
  2000       0.647   1.063       0.694   1.052       0.566   1.018
  2010       0.714   1.048       0.710   1.067       0.604   1.014
  2023       0.748   1.027       0.691   1.033       0.607   0.997
 
 
Earnings (market, after tauw) in data and model
 
        Year        Data       Model
------------------------------------
        1960       24473       30916
        1970       32810       46526
        1980       36062       54637
        1990       45202       61240
        2000       52478       68216
        2010       55304       67651
        2023       64041       71352
 
 
Earnings (market, after tauw) by Group in data and model
 
  Year      WMdata WMmodel      WWdata WWmodel      BMdata BMmodel      BWdata BWmodel
--------------------------------------------------------------------------------------
  1960       19107   18861        4117    9860         904    1228         345     968
  1970       24607   24113        6078   18226        1409    2038         716    2149
  1980       24975   25089        8335   23822        1619    2602        1134    3124
  1990       28492   27826       12965   26306        2001    3256        1744    3851
  2000       31699   30513       16140   28968        2373    4025        2265    4710
  2010       31444   29680       18260   28635        2776    4310        2824    5027
  2023       34946   30887       21769   29318        3701    5262        3624    5884
 
 
ConsumptionYoung (total) per young person in data and model (and Utility)
 
        Year        Data       Model     Utility
------------------------------------------------
        1960       35313       54489       41593
        1970       48207       70147       44652
        1980       46206       61680       35428
        1990       55123       68367       38700
        2000       63040       73648       54513
        2010       59216       66448       40350
        2023       67470       74135       40375
 
 
EarningsYoung (market) per young person in data and model
 
        Year        Data       Model
------------------------------------
        1960       21687       38146
        1970       29246       46993
        1980       32471       45490
        1990       37923       48745
        2000       42076       50334
        2010       42685       48851
        2023       50977       61544
 
 
GDP (mkt) of only Young Cohorts...
 
  Year    Data   Model
----------------------
  1960   20221   34667
  1970   27644   43209
  1980   31369   42322
  1990   37732   45646
  2000   40341   45800
  2010   40769   44985
  2023   53308   58805
 
 
Share of growth accounted for by the Full Model:
 
                                      Share
-------------------------------------------
GDP per person                         93.1
GDP per person (mkt)                   83.7
GDP (mkt) per worker                   87.9
Labor Force Participation (LFP)        71.9
Earnings                               86.9
ConsumpYoung (total)                   47.6
EarningsYoung (market)                 56.0
GDPYoung (market)                      54.5
WageGapWW                              37.9
WageGapBM                             160.4
WageGapBW                              68.7
EarningsWM                             81.7
EarningsWW                             65.4
EarningsBM                            103.2
EarningsBW                             76.7
********************************************************************
    END of Counterfactual results with ZERO TAUW AND TAUH
********************************************************************
