year,group,cohort,occ_code,num,occ_income,occ_grade,occ_wage,occ_ln_income_arith,occ_ln_income_geo,occ_ln_wage_arith,occ_ln_wage_geo,occ_var_ln_income,occ_var_ln_wage
2023,0,0,0,17309287.333333332,,13.140436910343045,,,,,,,
2023,0,0,1,9907842.0,122482.11087619429,15.487387936411043,,11.715720264639245,11.446106488360765,,,0.5237661288447018,
2023,0,0,2,4434880.666666667,106546.4430465954,15.694000597686129,,11.57633625401877,11.314462581127964,,,0.46602601236552815,
2023,0,0,3,127246.5,119293.67948911725,17.028244391790736,,11.689343626708649,11.51107771826655,,,0.36321804672653246,
2023,0,0,4,1247851.5,119363.94649694531,16.332697573923394,,11.689932478705883,11.563978621290195,,,0.2530719224482329,
2023,0,0,5,1995246.5,98884.39493327239,15.458642077557835,,11.501706718844472,11.324064575379706,,,0.35361351101120864,
2023,0,0,6,491229.3333333333,101271.65094449861,17.638531018777382,,11.525561798597897,11.358777132648102,,,0.3162439443947504,
2023,0,0,7,650598.5,256368.96685021758,18.959541355638947,,12.454372962577915,12.102313689554768,,,0.8125729415172078,
2023,0,0,8,2292711.8333333335,93237.59560987061,16.27184569132143,,11.442906305707275,11.318498918382126,,,0.2690934780671079,
2023,0,0,9,830929.1666666666,85940.58389109158,17.56578007551787,,11.361411451477323,11.221272388481607,,,0.2836386092574094,
2023,0,0,10,558589.5,90147.1202517261,18.203395039350603,,11.409198284158139,11.226595660797265,,,0.36675193760022734,
2023,0,0,11,4653162.333333333,60694.73855297928,16.82093862045217,,11.013612293768121,10.880707547722345,,,0.2933552942274025,
2023,0,0,12,152246.0,63706.41221520241,17.40870148750487,,11.062040499213136,10.955809198951165,,,0.22820681321744024,
2023,0,0,13,461791.6666666667,111607.53023902109,17.11446828476044,,11.62274380191304,11.399904761729752,,,0.4403310479108761,
2023,0,0,14,822345.5,60411.08644536863,16.465669640477554,,11.0089279174996,10.875131141126424,,,0.29110826207201473,
2023,0,0,15,676199.6666666666,209317.14419486234,18.6424256346375,,12.251605817142847,11.962236106351714,,,0.5767411564863206,
2023,0,0,16,1412805.0,83237.85042223659,15.594970171632555,,11.32945745631825,11.051572340616595,,,0.5698554106365277,
2023,0,0,17,1160512.5,74233.07353025017,14.2991998506407,,11.214965064754209,11.002997091514768,,,0.353094293491296,
2023,0,0,18,500006.6666666667,72870.50438782384,14.110927520966387,,11.196439232389018,11.064953287217332,,,0.27359570426021296,
2023,0,0,19,61216.166666666664,67506.86433807109,14.145375540774904,,11.119984565587497,11.005245147158691,,,0.22779700747806023,
2023,0,0,20,1546746.1666666667,130983.61435767105,15.651876191277667,,11.782827513120825,11.553489262999634,,,0.46399933111141867,
2023,0,0,21,5500661.333333333,91486.57865167357,14.07325470682798,,11.42394755910237,11.05098152753252,,,0.7082242589600274,
2023,0,0,22,980750.0,52118.36941999632,14.039724530546351,,10.86127274563804,10.71992373724709,,,0.2796641282784392,
2023,0,0,23,622473.5,43916.503143011585,13.53505651244591,,10.690045454229779,10.533930855511866,,,0.28479956074212154,
2023,0,0,24,217216.0,56432.53079769316,14.417099415635434,,10.940801058401494,10.769725678808424,,,0.31910184338240877,
2023,0,0,25,698335.6666666666,53701.08474485691,13.603864808088947,,10.891188480383382,10.757294102811892,,,0.24484396801959735,
2023,0,0,26,29564.833333333332,49003.99691520435,13.163493790483063,,10.799657143464184,10.685761669223059,,,0.2822467352947229,
2023,0,0,27,18613.0,54947.44191256447,13.882438797256398,,10.914132405746587,10.735250206321515,,,0.3556685993507633,
2023,0,0,28,465421.3333333333,53819.522990424244,13.082203293932952,,10.893391561187444,10.743832600832349,,,0.3413105140388911,
2023,0,0,29,1279453.3333333333,53440.92104291055,13.169972592461363,,10.886332043146409,10.702576537489877,,,0.35543664410918097,
2023,0,0,30,1687569.5,57315.54447638144,13.94780629775544,,10.95632714822276,10.775725630673579,,,0.3422798756244974,
2023,0,0,31,1053675.1666666667,55187.69489815838,14.072673409309731,,10.91849528890354,10.737730445876938,,,0.3241454117202543,
2023,0,0,32,237635.16666666666,32570.957567467816,11.952917322141575,,10.39117629812879,10.20151204348396,,,0.3401454454658273,
2023,0,0,33,286934.0,92345.09229441642,13.985327636320548,,11.433287841761745,11.31515024911278,,,0.2542228202394252,
2023,0,0,34,936873.3333333334,84707.54045528195,14.41832424874227,,11.346959902123684,11.219627294720294,,,0.2737767245046071,
2023,0,0,35,454563.0,53483.69156147522,13.167677894299947,,10.887132055787166,10.676985654794219,,,0.4036842449292629,
2023,0,0,36,1841545.1666666667,37625.59522608897,12.792677272554904,,10.53543982188854,10.349193928847754,,,0.36967038167036304,
2023,0,0,37,1728435.1666666667,41433.02096877528,12.958760771183105,,10.631833449834662,10.469806933140152,,,0.3067260549009378,
2023,0,0,38,775938.1666666666,46194.574576328094,12.405741737582613,,10.740617636761176,10.559245462020808,,,0.3577096584837616,
2023,0,0,39,1248264.3333333333,49036.347063787885,13.685256301216116,,10.800317078924316,10.575046655925586,,,0.46302877079918625,
2023,0,0,40,237218.33333333334,81584.33154406474,13.471900007728463,,11.309392507123519,10.889350342001862,,,0.826200815875062,
2023,0,0,41,157919.66666666666,50077.711286763384,12.992747367332337,,10.821331303586748,10.592630274657177,,,0.44502806349820506,
2023,0,0,42,520860.0,50956.290703206585,12.895449512984934,,10.838723499198226,10.609175785741703,,,0.4380685150996047,
2023,0,0,43,61091.333333333336,66551.85562541484,12.550612743760707,,11.105736706611312,10.824508944011834,,,0.5085237903726558,
2023,0,0,44,1038255.3333333334,66294.25720380284,12.620324448128686,,11.10185855407852,10.962259785637096,,,0.3082039971157967,
2023,0,0,45,452710.1666666667,67821.94553547287,12.940060988248185,,11.124641102019469,10.9836060831169,,,0.28800741878270325,
2023,0,0,46,534559.6666666666,66163.01098556319,12.772175416651338,,11.099876839326493,10.952736993821146,,,0.3083858131187957,
2023,0,0,47,2536340.6666666665,69340.18469521875,12.48312069540606,,11.146779882852698,10.964626601374395,,,0.38033519069615457,
2023,0,0,48,69057.33333333333,81087.9139308531,12.446469600139016,,11.303289202251344,11.168433853944933,,,0.3172004543864638,
2023,0,0,49,398030.1666666667,74562.31015118415,13.065896596614746,,11.219390432666826,11.078713544762673,,,0.2967346353058206,
2023,0,0,50,178875.5,64281.438856414046,12.660969967006848,,11.071026203801518,10.958788424391152,,,0.22339425469463925,
2023,0,0,51,21543.166666666668,53967.82597214163,12.3384754639909,,10.896143332647211,10.711113697764029,,,0.36136069711433044,
2023,0,0,52,22987.666666666668,49375.6965906562,13.216964169192176,,10.807213610269093,10.536298793892254,,,0.5581054886689683,
2023,0,0,53,463816.6666666667,47427.437568091926,13.679738043048618,,10.766956191860686,10.637333638906778,,,0.24707549453471755,
2023,0,0,54,168070.0,40716.05002088818,12.619307431427382,,10.614377643102966,10.471706302199854,,,0.2957503622546725,
2023,0,0,55,145729.33333333334,84530.04216486495,13.202516994976989,,11.344862278738239,11.190602070453552,,,0.3308002084932197,
2023,0,0,56,57709.0,50086.18191078168,12.167839216297862,,10.8215004388663,10.718113960771118,,,0.2273945246359858,
2023,0,0,57,17552.166666666668,57458.666229847826,12.301672158233076,,10.958821120113646,10.81375437780116,,,0.27795410198820913,
2023,0,0,58,189800.83333333334,52909.391944340685,12.33015134285501,,10.876336143568688,10.751637276000485,,,0.2529128874944593,
2023,0,0,59,57410.333333333336,49828.52524875752,13.074490074376854,,10.81634289518743,10.699558766439106,,,0.23455112481451326,
2023,0,0,60,71769.0,40770.86039398774,12.270509087024573,,10.615722899195912,10.40811640393297,,,0.37190726590828665,
2023,0,0,61,922331.8333333334,56106.40917466106,12.531321608582305,,10.935005330522893,10.761159174695614,,,0.34009002767773944,
2023,0,0,62,685839.5,52166.703224292425,12.427808304032261,,10.862199701079149,10.72787415590404,,,0.28335564385690337,
2023,0,0,63,348410.5,60905.19661001871,13.188271210731786,,11.017073780271344,10.865922863069269,,,0.31528758512666877,
2023,0,0,64,2245896.1666666665,58192.36057893359,12.490975948205383,,10.97150936357363,10.794958272066461,,,0.3687100558859706,
2023,0,0,65,349803.3333333333,76012.93249150425,12.469892606321649,,11.238658769154053,11.085349158182304,,,0.3222601142286829,
2023,0,0,66,1179427.8333333333,44696.43072703609,12.369367519589655,,10.707648927906495,10.545165097264242,,,0.31896934700134094,
2023,1,0,0,4625176.0,,14.138642507874295,,,,,,,
2023,1,0,1,4928126.333333333,143872.27575493034,15.401805175584313,61.180303465008635,11.876681211039916,11.597522893011073,4.113825298910008,3.847220993882101,0.5474079606669314,0.531876592656201
2023,1,0,2,1706695.1666666667,135704.94144985694,16.03019734729039,59.249419248417325,11.818238259676232,11.52242451934881,4.081755978252728,3.8150668823464224,0.5302305783060365,0.4858068333940769
2023,1,0,3,82606.16666666667,127846.70472705376,17.03614136959105,56.49173853063387,11.758587205862751,11.584520100842338,4.034094406764361,3.8653474807670793,0.35535243080242623,0.3509706283914812
2023,1,0,4,971457.3333333334,122532.73023746001,16.33956646577719,55.27372337902328,11.716133458891118,11.587870122977224,4.012297630665369,3.888851947397775,0.2548764084198143,0.2530540254688733
2023,1,0,5,1205336.0,106119.46400393156,15.471925117422305,48.73824196301619,11.572320757390179,11.386714946699874,3.8864639778505174,3.7128502160301213,0.36267592846564417,0.3468728148530512
2023,1,0,6,248219.5,108925.4077821629,17.728149212021346,49.56429034713256,11.598418594675334,11.419576839021568,3.903270621761714,3.7303308084979694,0.333563625022927,0.3314780244615392
2023,1,0,7,326417.5,295819.43300257035,19.144784414642803,122.97190222299459,12.597504523526108,12.251557148042009,4.811955892065237,4.441524358731893,0.8360239335131826,0.9204783400911046
2023,1,0,8,271707.8333333333,118309.09778034416,17.001162400544214,56.15420527696239,11.681055951323476,11.532911448039252,4.0281015720036155,3.8878515077336693,0.3024640567845451,0.29230997840369577
2023,1,0,9,164719.66666666666,104543.22949339531,17.79766431452225,48.37960817519653,11.55735594420792,11.38853958189201,3.879078406248641,3.725386867247458,0.31494594549354293,0.294625784526273
2023,1,0,10,235582.33333333334,100396.75327202084,18.92452178785336,44.114177899209736,11.516885147788804,11.314217313606415,3.786781225097723,3.596992884397962,0.3945383660229673,0.37761581903899605
2023,1,0,11,919064.0,70403.8211591255,17.478320697289128,32.412467886877124,11.162002818501632,11.0426188281194,3.478543160100763,3.3574873192787984,0.24870948722691816,0.2503247822732122
2023,1,0,12,34476.666666666664,69198.32470179668,17.399748622256602,33.15343855848297,11.144731931801097,11.03213004562027,3.50114643850696,3.395582692030629,0.2187652649622292,0.20598025428239272
2023,1,0,13,152701.5,130951.6095411268,17.176679120157083,58.22102811310208,11.78258314112513,11.531922425173178,4.0642465972667114,3.838342412175163,0.5022702322427428,0.4648951203498921
2023,1,0,14,244829.5,63676.69335354654,16.837159465396667,28.656521915377542,11.061573893189324,10.922433822060135,3.355381058279856,3.2169948238395953,0.29245837947197584,0.29581290272048616
2023,1,0,15,349591.5,234372.44877251313,18.876629818898152,95.27309835735024,12.36466679041029,12.076295114237722,4.556747487047219,4.2954913448995615,0.591304220091852,0.5411101544975948
2023,1,0,16,648780.5,90333.1522592118,15.999263233096556,40.78077898851189,11.411259806681148,11.127759482650207,3.708210867183381,3.439782719495263,0.5689272863665263,0.5453481690770892
2023,1,0,17,255192.83333333334,99394.55414929922,14.96368171258728,43.219479293599996,11.5068526039134,11.212362823328721,3.766291303194966,3.4869018332013333,0.4681876642449415,0.4570045719110894
2023,1,0,18,339172.8333333333,76377.54155979225,13.997929275978766,34.824821599011706,11.243443973298838,11.119636474707765,3.5503303968677287,3.4310956030235973,0.2564296223723354,0.2495648862748377
2023,1,0,19,33691.0,71769.27227631022,14.226539234018976,32.305251745311544,11.181211700708648,11.061670227578931,3.475229809745948,3.369940403795281,0.2299426237533732,0.20727737205671717
2023,1,0,20,1033517.0,148999.31924983393,16.015871695063232,68.75633267715529,11.911697016124098,11.698156754735212,4.2305688439723745,4.020449603687967,0.4306440243223304,0.42722880349402176
2023,1,0,21,2756689.1666666665,110783.25577916118,14.483140192023825,47.96600856414932,11.615330920748669,11.253559403202512,3.8704926051342055,3.5322804445887996,0.6949256058411789,0.6480263888934675
2023,1,0,22,59233.5,65491.768469078175,15.293564171175658,30.125426222890717,11.089679741498113,10.897849043539166,3.4053695401884303,3.235151237035246,0.3479950272182823,0.3249929159599637
2023,1,0,23,81343.0,61045.88783311776,14.522888673067545,28.26488837273041,11.019381119909353,10.770346750866093,3.3416203408086615,3.121816278527325,0.4672783214893237,0.4211127472417265
2023,1,0,24,43527.666666666664,65562.63132324265,15.268480583230591,30.971183149840826,11.090761168160366,10.904445265771258,3.4330571963500263,3.2505219113929105,0.3356133823566207,0.3277229383806258
2023,1,0,25,82246.5,69344.15369174833,14.539771702544586,32.03495915424116,11.146837120700559,10.95092682664452,3.466827780054778,3.291920777683487,0.32848948738464323,0.30053325568522526
2023,1,0,26,8173.5,53054.35669022364,13.773658775310455,25.31527465641286,10.879072264896767,10.812138685720875,3.231407954915174,3.1688670863953616,0.14284888234264054,0.13221056935534983
2023,1,0,27,3931.6666666666665,75316.95225650788,14.605680373039423,34.53787025161122,11.229460518018625,11.068869286839416,3.5420564104703565,3.3980919546626565,0.3178487221427557,0.295617033774505
2023,1,0,28,201496.0,57698.097637622755,13.845179722343538,25.817834369469875,10.962979482067452,10.828732331848908,3.251065507751749,3.13092774837224,0.2997601231949545,0.2663035645234074
2023,1,0,29,611348.1666666666,59093.431863762664,13.602222301585376,26.963985269978323,10.986875061241186,10.799595837502803,3.2945020967063052,3.127970619929985,0.3599862939225006,0.3196034995027812
2023,1,0,30,413562.5,73584.98555829738,14.672045136265176,33.737699204054955,11.20619628333941,10.997453461168002,3.518615882855923,3.3308135057094774,0.39585650701702874,0.35745397483417846
2023,1,0,31,193402.16666666666,77210.93136747502,14.894117870103145,34.91709193441095,11.2542963240131,10.99574085211499,3.5529764495657705,3.324520157914957,0.44723780186985607,0.4085273851165584
2023,1,0,32,20368.833333333332,35296.03743227363,13.494227291695648,17.16162626884768,10.471525982577191,10.335266699674957,2.8426758604812066,2.7107290070440753,0.2733322936828307,0.28670408020587224
2023,1,0,33,250211.66666666666,93928.10467505243,14.019038547363232,35.11833870590792,11.450284924727411,11.336300498573145,3.5587234642855456,3.428629109785473,0.2434427412171642,0.27618775975377446
2023,1,0,34,624079.6666666666,89587.64906252234,14.41551425859626,39.72087750426651,11.402972744177138,11.288733774075201,3.6818769311853714,3.5678456270023178,0.24339143270739996,0.24594295022015322
2023,1,0,35,187672.83333333334,59383.96964344804,13.802953188927184,27.273720703980427,10.991779597606495,10.779344118075267,3.3059236270070422,3.1110421056135533,0.389577737277468,0.36060716208698607
2023,1,0,36,651408.6666666666,43483.8539822528,13.926327865866076,20.551792373177875,10.680144975353318,10.495077491627026,3.0229481572447705,2.86454076515175,0.36572359513494024,0.32020053479810334
2023,1,0,37,139560.0,50498.51320475446,14.252644024075666,23.496732474165928,10.829699173340032,10.611444862622275,3.156861367830135,2.946694324240345,0.3764473279976764,0.36791469202976784
2023,1,0,38,419091.5,52787.11325985585,13.051723390556317,24.372988171885833,10.87402237285696,10.702156717034029,3.1934754769395663,3.033793963693321,0.33070759481437095,0.3068832333633715
2023,1,0,39,206756.5,62177.3570462242,14.83396168923347,29.393031965228452,11.03774617782396,10.810394698190748,3.380757638268378,3.1647732972230918,0.4472374970889553,0.4253013509441421
2023,1,0,40,198876.16666666666,85587.55647255706,13.451839796456255,31.471327918657412,11.357295183251587,10.94622204429082,3.449076906520915,3.030925106207639,0.8014306936959605,0.8387150650943404
2023,1,0,41,103626.0,53315.04163462907,13.015279305708347,21.869867100015654,10.883973777369711,10.672362454516442,3.08510975785337,2.8826708737523554,0.3991059443121839,0.39587512262289887
2023,1,0,42,338124.5,55866.710379934244,13.20049074625865,24.89721300088947,10.93072396081876,10.706543717007058,3.2147558695311704,3.009160426248095,0.4164887769615099,0.39089894242452006
2023,1,0,43,52024.333333333336,67841.63224415574,12.629038975351278,28.308101865489288,11.12493133037911,10.826028389190315,3.3431480486770826,3.0646372463248572,0.5401145837050497,0.5157948326295654
2023,1,0,44,897934.0,67453.95518354537,12.679602287027777,29.864765991161217,11.119200498664611,10.981992859736721,3.3966793905989494,3.265467386870015,0.303518644007697,0.29349357886748034
2023,1,0,45,372655.5,69534.81608048886,12.967069227924094,31.83423344717188,11.149582856917322,11.009623702019205,3.46054223424621,3.3258932582261114,0.2852435995627278,0.27778146166260836
2023,1,0,46,446398.8333333333,68290.00534339108,12.823611770192052,30.73027205246739,11.131518700200719,10.989993069321555,3.4252482290959616,3.290962333542722,0.2961768106024629,0.28274763769273675
2023,1,0,47,2216189.6666666665,71025.61670892285,12.647141211890862,32.048159678286176,11.17079588966847,10.991746592766964,3.4672397613837838,3.298678063483761,0.3718912849803714,0.3549075406138969
2023,1,0,48,60978.833333333336,81966.51314044184,12.447707264542613,31.523000645426162,11.31406606650199,11.17797196185459,3.450717458600316,3.3114444119427526,0.3238466461851793,0.33347002872420944
2023,1,0,49,263267.5,79553.86745213858,13.000451378667453,34.60346682316078,11.284189649204404,11.158617078000153,3.543953874245453,3.4204321460859974,0.25930622362642775,0.254823914849952
2023,1,0,50,159450.83333333334,65276.401587776,12.692083766678337,29.04015259575024,11.0863858653824,10.980536813695688,3.3686794446173844,3.2692089878237622,0.21089481534222992,0.2005742247989155
2023,1,0,51,18232.666666666668,56103.26348627136,12.438480383194996,25.914057204209627,10.934949262479632,10.756129936745875,3.2547855706677016,3.078619728626752,0.33282744478893256,0.3311336540553497
2023,1,0,52,8659.333333333334,57231.38357781611,13.046308414812533,26.397681245738084,10.954857690854691,10.726144907666622,3.2732761746940193,3.0479180418031997,0.4447145913734588,0.4516956392807149
2023,1,0,53,81417.16666666667,55009.78086917458,14.199139002216977,25.91241725023179,10.915266282389013,10.756457745760326,3.2547222843262844,3.1116572189822618,0.28066853742448156,0.26210482802555635
2023,1,0,54,72966.83333333333,45823.75550498524,12.81733481650339,21.285652357203695,10.732557914782891,10.594430578463342,3.0580332474927987,2.9332110158153197,0.2682343584149376,0.2401273755245035
2023,1,0,55,122759.33333333333,85706.86863764371,13.160908335550861,37.98349781813472,11.35868824883799,11.216483580363208,3.637151797460931,3.503505239910452,0.30281176275061045,0.2911132326486989
2023,1,0,56,42348.333333333336,51943.606192108455,12.254342949348656,23.63567844308119,10.857913912766323,10.753055015767162,3.1627573688504045,3.0643740414093386,0.22341951435192808,0.21682265573743265
2023,1,0,57,12382.166666666666,58715.48529119961,12.41145195375069,26.05198614405738,10.980458774964712,10.859471335495675,3.260094008826858,3.1462839450190323,0.2395910935972591,0.2276159057179989
2023,1,0,58,123341.5,55593.58913567432,12.38277195158699,24.881808118942754,10.925823170275525,10.803449066971563,3.214136938821328,3.1003919391185413,0.25477500539400244,0.23982887366297428
2023,1,0,59,38447.666666666664,52481.47479701753,13.223316542833116,24.810060834448638,10.86821552530043,10.758952335102764,3.2112492497139495,3.1039777556335406,0.20870046933306244,0.2022652715422053
2023,1,0,60,20701.333333333332,45155.89793270074,12.75925866288806,20.889215814621732,10.717876180052475,10.597614004081532,3.0392330360712356,2.9332041466005343,0.2554974974483221,0.2302451167119876
2023,1,0,61,524098.0,62192.56675505396,12.736879998270043,27.76035113734217,11.037990766040158,10.874857350315141,3.3236087845983087,3.175150950741789,0.3192020106726567,0.2925313006174858
2023,1,0,62,428063.1666666667,56548.10673367934,12.523612753413728,25.55301602950904,10.942847001473282,10.818225662412049,3.2407553538908345,3.1246335477827323,0.25771634541796384,0.24522261261820028
2023,1,0,63,188233.66666666666,67881.82522202117,13.300086240328953,30.02174259520886,11.125523607938064,10.988712074293081,3.40192187232903,3.273777933308395,0.2911536138880542,0.27602657938585096
2023,1,0,64,1274882.6666666667,62711.38215314712,12.700944766681797,26.02074453462777,11.046298243688808,10.877551231598634,3.2588940866114897,3.1115231412866144,0.3454860568626436,0.30412242593402716
2023,1,0,65,295408.0,77407.39827619643,12.475988012060157,32.322377609487965,11.256837639973645,11.109728351232485,3.4757597955971473,3.336393661872439,0.31369892231953994,0.296819506469307
2023,1,0,66,611575.3333333334,48431.7921502775,12.982565244074591,22.441013728414532,10.787911739673945,10.628347824479201,3.1108902546971695,2.965765561992039,0.31318111443838076,0.28365388728397495
2023,2,0,0,8774757.0,,15.837394471436644,,,,,,,
2023,2,0,1,3802091.5,103684.43042509473,16.0050150467622,46.33327915133799,11.54910724239665,11.320295889040873,3.8358604750663154,3.623931178126863,0.45267470418807193,0.42615288599107976
2023,2,0,2,2030620.5,90756.57912814562,15.9001213340126,41.6899695243362,11.415936246779138,11.206736782786855,3.730260560885871,3.5410096276537817,0.3848882029639291,0.355277891624674
2023,2,0,3,37197.666666666664,102454.27826194442,17.703619402650705,48.19216261671902,11.537171912306556,11.360542312952184,3.8751964065226443,3.703447938390689,0.35965802112369594,0.35580378988959177
2023,2,0,4,169021.33333333334,110485.07693321462,16.920907419970654,51.53874168967867,11.612635740441673,11.508478566905378,3.942333790678586,3.8408929892288404,0.21971117165256893,0.21861085715105802
2023,2,0,5,456398.8333333333,89925.29787142009,16.00477141155415,42.15650193472499,11.406734581001153,11.25344233379051,3.7413889296030702,3.595809781064815,0.3152795880145403,0.3017022337986509
2023,2,0,6,203884.16666666666,93602.93185165316,17.974573798030747,43.79454814402202,11.446816985176545,11.30010510808919,3.7795093380374976,3.6388968899650873,0.28406352754489805,0.2749365402397325
2023,2,0,7,271392.1666666667,213234.34225589933,19.727872273395263,92.72937673068753,12.270147038301364,11.950222036239994,4.529685323455432,4.188747765103838,0.7043926834141601,0.7771555399700311
2023,2,0,8,1636910.0,89949.3143049603,17.147577244116455,44.42474138524783,11.40700161628081,11.29849497323716,3.7937965526449937,3.6879811445314203,0.23711892238562735,0.23419510712398522
2023,2,0,9,589830.5,81298.00100409071,18.921298576455438,40.13909436384314,11.30587670733805,11.187554098539655,3.6923507811765264,3.577874889119719,0.2509948829882706,0.24532226604959798
2023,2,0,10,259456.33333333334,82152.8879221654,19.394260305844657,37.40155474950251,11.316337277103944,11.164158808943634,3.6217122743987558,3.4750441080732912,0.3279918692598957,0.31730130946257495
2023,2,0,11,3053924.8333333335,59003.997104328635,17.591105194741477,27.81853075207235,10.98536046812409,10.85775539338675,3.3257023724504924,3.200414109207701,0.2850229024571032,0.27262565072114786
2023,2,0,12,105209.5,61359.16189845912,18.41859971453782,29.89333343715182,11.024499777187412,10.923570958328401,3.3976354935687594,3.302777407804761,0.2274703737084345,0.21030064083622982
2023,2,0,13,263856.3333333333,102306.68028658468,17.99820735779193,47.5935084576212,11.535730250751836,11.340497636969763,3.8626963749964625,3.6812568726668196,0.38795964907096037,0.36455074382473057
2023,2,0,14,403897.1666666667,59566.53600817916,17.73508603468787,28.783858232746997,10.994849218993721,10.872447747165156,3.3598147519857577,3.240105271852119,0.2678975889510938,0.26287466598594933
2023,2,0,15,263746.8333333333,188961.12176525177,19.04254269087591,79.93698552003383,12.149296567935858,11.87377489829508,4.381238643290627,4.138482330347494,0.5352442649984154,0.48061039940686473
2023,2,0,16,610799.1666666666,76612.24715260335,17.1463702608195,35.98146688166585,11.246512227447257,10.990684030771387,3.5830039970539254,3.340218202696905,0.542123546268416,0.5197490179080091
2023,2,0,17,662677.3333333334,66548.02937847142,15.048406665486269,32.2790314651744,11.10567921224241,10.959365103535937,3.47441783877486,3.335218426773907,0.2662108973757124,0.2637566904999805
2023,2,0,18,97264.83333333333,64452.86205294479,15.364837239906851,30.46145930165202,11.073689414719523,10.945167639850036,3.4164622551064263,3.2950799838158606,0.2579211502121537,0.24952950026662385
2023,2,0,19,17581.833333333332,60428.61083603062,14.828449820363824,28.384904361807834,11.009217961105783,10.898834494275972,3.3458574672954646,3.2389909278358777,0.2374757045690889,0.23227253986047755
2023,2,0,20,353690.1666666667,90693.96211250954,15.653532917935236,43.069239709793735,11.415246064014253,11.22099576763233,3.7628090464791413,3.575921332005547,0.3862142015199964,0.3732254052646899
2023,2,0,21,1971190.3333333333,75607.99333913844,14.928938199947208,34.63986971967578,11.233317288577576,10.897298258691277,3.545005322707825,3.2397196693826387,0.6383294930753526,0.5805893592738227
2023,2,0,22,771718.3333333334,51354.49776325795,14.739125026186152,24.89377712962384,10.846507801847244,10.712893686846753,3.2146178577638977,3.0887888280983438,0.26523059295078943,0.25110399202352196
2023,2,0,23,396934.1666666667,41599.350084516074,14.279697934796072,20.414967006279213,10.635839823158951,10.505967453455987,3.016268308619325,2.89631770177676,0.2347841456788783,0.21924829693446743
2023,2,0,24,126300.83333333333,53606.916964993725,15.443273665388853,25.66477302761478,10.889433386587296,10.728154913400925,3.2451193523189543,3.101278665294114,0.3028690642766643,0.27452800279427864
2023,2,0,25,501310.5,51736.853839297495,14.164061328591096,24.97984019603266,10.853925646765129,10.734563057521974,3.218069107400454,3.103740328248799,0.22376495276500508,0.21248665389677718
2023,2,0,26,5747.833333333333,46620.58339398194,13.789021950300114,22.295597327457163,10.749797426324877,10.633913844499961,3.10438922971234,2.992575533457786,0.31175577813513816,0.2989206730543668
2023,2,0,27,9261.166666666666,51324.00517694257,14.560368564075802,24.60003271376588,10.845913858882774,10.663290049175112,3.2027477727653144,3.037835906745254,0.35170505865411417,0.3176330420668074
2023,2,0,28,106124.33333333333,51329.13775421052,14.103752516702107,23.685952367198617,10.846013857326575,10.694823089977193,3.1648821452864992,3.025255940827598,0.36446403747879247,0.3327726480070916
2023,2,0,29,372262.6666666667,50674.60059695369,13.904126835173729,23.840358407842672,10.833180089630604,10.672118546885677,3.1713798759701595,3.0282237190091887,0.3064573273509214,0.2714253645749053
2023,2,0,30,782837.8333333334,55069.39367678137,14.317311780409183,26.20719770541368,10.916349372150181,10.760467141962387,3.2660340946186626,3.1230835804417825,0.29393454924545676,0.2705945483689265
2023,2,0,31,639394.0,50127.9555655572,14.649452450288868,24.213139028046736,10.822334126771958,10.684355969402064,3.1868954208699907,3.0591428320658043,0.2619002812268406,0.24495048597495295
2023,2,0,32,120281.0,32196.5051734928,14.023065432889096,16.334287339439737,10.379613190657457,10.168824587788686,2.7932664162739314,2.5995785474491817,0.3721498960242277,0.3545842674299956
2023,2,0,33,12889.333333333334,79832.07358478328,15.065997724216405,31.598978956203442,11.28768062730918,11.150358009149404,3.453124808558289,3.310845780321638,0.3428763692681209,0.33794432785225054
2023,2,0,34,126544.66666666667,74438.77155291471,14.998348409257337,34.036638118191924,11.217732208106783,11.100318756087033,3.5274375361425045,3.4101475816667524,0.24718351257331306,0.25110728642811136
2023,2,0,35,60258.333333333336,54123.06957341204,14.382829484165399,25.513495451956555,10.899015798588595,10.688067067102187,3.2392075455798315,3.0365462195497464,0.4258554973724602,0.39853416032908073
2023,2,0,36,754906.0,34702.58707298112,14.84801595607047,17.72408566408611,10.454569518573157,10.276792812295486,2.8749244865509134,2.709883631345345,0.35485940809729233,0.3328895025711561
2023,2,0,37,853718.5,40781.21653230728,14.027181871620055,19.95188910040836,10.615976875275138,10.477761816262598,2.993323830602684,2.8609643327711334,0.26475552566391014,0.25492336388217596
2023,2,0,38,145505.0,37415.219692426646,13.925720765609428,18.225865793686232,10.529832844271285,10.363564963245143,2.902841782592761,2.7459361266105375,0.33047059618153235,0.3122717002491091
2023,2,0,39,737690.6666666666,46763.22944399217,15.222505639220055,23.106507332191775,10.752852477443955,10.540332434695653,3.140114280549279,2.933907814073881,0.4378243750643058,0.4308822555825009
2023,2,0,40,34003.333333333336,60212.76221838869,15.456965003431037,24.75186950880966,11.005639605811929,10.568718092784318,3.2089010218715024,2.7739603557087307,0.8948269027133077,0.918238130434051
2023,2,0,41,42470.666666666664,44966.81649268563,15.174967820927385,20.10062821643239,10.713680085457375,10.449327286724165,3.000751069125492,2.758345735276372,0.5173385427841523,0.5179569152945352
2023,2,0,42,115582.83333333333,42451.63143940292,14.863204887692376,20.274303345779128,10.656120623024629,10.444306644922804,3.0093542391536463,2.8154540327859716,0.4262297679018952,0.40662646821618254
2023,2,0,43,4889.666666666667,64062.10326514151,14.49342150112482,29.468510801840637,11.067608255361312,10.842167728078406,3.383322262790078,3.1855657448762225,0.3992481439484525,0.3452740764915694
2023,2,0,44,27770.833333333332,59943.75715203956,13.496390097524381,27.122948531755306,11.001162020788769,10.86231283542975,3.3003801788348155,3.1673673466032986,0.2913317251557402,0.27831724087583276
2023,2,0,45,13416.5,56009.45344188685,14.226338215381556,26.644945690042352,10.9332757669325,10.81094204442395,3.2825994774671545,3.1614173050695418,0.2833567213085231,0.2757670131946772
2023,2,0,46,25581.333333333332,52322.71387902679,14.408136140936099,24.88407798335749,10.865185855562345,10.696606435563643,3.2142281605233447,3.0571497732899795,0.3564308219592817,0.332944250790269
2023,2,0,47,69883.66666666667,55727.86910546176,13.82722238386652,26.087010478955822,10.928235643792044,10.685922598621175,3.261437507644831,3.0318918684994216,0.5092825196784757,0.48770388633004114
2023,2,0,48,2543.1666666666665,71246.59293602151,13.490268038534635,32.19683435549779,11.173902278545755,11.032841758476122,3.4718681357763646,3.3453175280550855,0.3273405293639314,0.3034856502637774
2023,2,0,49,62665.833333333336,64796.07196694459,13.494397531882072,29.04037347060783,11.079000262708968,10.90749009945824,3.36868705043202,3.2054578348965106,0.34218313027658637,0.32470423014531674
2023,2,0,50,7699.833333333333,53165.84428877655,13.083356782614343,23.91066358285893,10.8811714444966,10.704437904409286,3.1743245344460083,3.0188932539165036,0.32920412916033803,0.2958810831151748
2023,2,0,51,1857.6666666666667,43962.14323138422,14.819486811412165,21.940327967909024,10.691084161455233,10.538296933396428,3.0883264031359516,2.881433413831264,0.35552687186111664,0.3966302264804397
2023,2,0,52,11754.5,43026.511640898614,14.974803975782326,19.719267034142227,10.669571754475307,10.383654286234302,2.9815961798296726,2.7199561768494203,0.6408564958873587,0.6254769233232256
2023,2,0,53,295862.6666666667,45392.15246924644,14.356448036701712,22.512874178050538,10.723094515988322,10.616137916913594,3.114087331265694,3.010863649584852,0.2115259642399393,0.20500598250955074
2023,2,0,54,58745.166666666664,34256.977295448916,14.356012267675924,16.708175321243818,10.441645539598394,10.314182965137109,2.8158981398312406,2.6948312099755785,0.2862284068063439,0.2766946219319368
2023,2,0,55,6388.666666666667,87467.31964848874,14.651518313680477,39.64717519502263,11.379020512849488,11.18368168342717,3.6800197020378143,3.4927244274113334,0.3945020874191008,0.38104346871181377
2023,2,0,56,8389.833333333334,43165.0530612313,12.382486739903454,20.275826808039568,10.672786489934044,10.587373144439386,3.0094293788513675,2.9246614866053995,0.1913128785541082,0.1865614382886003
2023,2,0,57,1985.6666666666667,38597.86762328362,12.480611045828436,17.31379687447362,10.560952311006863,10.459897678606223,2.8515036908588525,2.766652440394583,0.22250964210490035,0.18460863362994404
2023,2,0,58,25108.333333333332,44024.69270503042,12.532850979090608,20.542167666175725,10.69250595332938,10.57078668319468,3.02247973282576,2.89956029524076,0.21830946291481607,0.2143442933597174
2023,2,0,59,11731.0,42073.73242891383,14.151138010399796,19.94392711437935,10.6471788921385,10.523662898624263,2.992924691700908,2.892082818665972,0.27464285390030735,0.23244929582122661
2023,2,0,60,30567.666666666668,41320.45885473492,13.583666837508042,20.3791682907525,10.629113028078375,10.33289243267212,3.0145132168907995,2.729912778879412,0.44993386482465436,0.433293498683455
2023,2,0,61,148136.33333333334,47717.49428824564,13.193927215695451,22.24474793920904,10.773053366204676,10.605960418337814,3.1021059330726137,2.9493330639094393,0.30571247817464364,0.27932263535963714
2023,2,0,62,99946.0,43524.71679250625,12.686637450890148,20.194758447236484,10.68108425783765,10.553971851526887,3.0054230879255948,2.887935637981614,0.26382944400759434,0.25040278043182407
2023,2,0,63,87047.83333333333,51689.262125671616,13.526409809166227,23.914974038789875,10.853005343096353,10.724389944092048,3.1745047915698845,3.055140875045084,0.2567246370263036,0.2358490666586784
2023,2,0,64,178240.83333333334,43413.47982487963,14.029705127425908,20.143560164404633,10.678525266907151,10.498381629819441,3.0028846424927553,2.843777739526621,0.3710077783539228,0.3251823496453512
2023,2,0,65,10053.166666666666,68227.83663160763,14.155606027951391,30.848485787125203,11.13060792230998,10.866852014940129,3.429087666071425,3.182054664791173,0.5313475818393986,0.49066843737490246
2023,2,0,66,169765.16666666666,39058.366066640054,13.711725314674881,19.02575619182896,10.572812372184492,10.442348097776613,2.9457936502287523,2.826294874479114,0.2671144094727456,0.24216128775437373
2023,3,0,0,1956721.5,,12.941507005468075,,,,,,,
2023,3,0,1,518070.8333333333,99474.53146318362,15.271003160764696,43.75149672906064,11.507656925187868,11.270780999880742,3.7785258231684,3.5542492464757576,0.4713412370542242,0.46060690485953576
2023,3,0,2,258533.83333333334,88872.65815918529,15.645598931925736,40.4674734125714,11.394959816932053,11.185791300175497,3.7004985258188166,3.506448181320029,0.4137332064367017,0.39456592581173777
2023,3,0,3,5528.0,111312.24458709979,16.895200192957066,50.942469118915206,11.620094545472169,11.46025726952087,3.930696939497849,3.7660905305687407,0.3284598635291679,0.3409698005516698
2023,3,0,4,88408.66666666667,106027.25496993952,16.15714522708935,49.0466746014862,11.571451462401836,11.443068624985818,3.892772387617011,3.7631831058870926,0.2745738326372964,0.28122678854060645
2023,3,0,5,205611.0,88775.07978662751,15.264685903640046,41.74470512476115,11.39386125656197,11.230728089164534,3.731572619895088,3.568773467254463,0.3462707239802237,0.3501635596115242
2023,3,0,6,15893.0,93133.39917710915,17.784391451162985,42.829995656410645,11.44178814412063,11.267776082286208,3.757238690212627,3.5924761995509655,0.34352557630496694,0.3479771855961335
2023,3,0,7,22483.666666666668,249179.0964835475,19.105899097122354,97.42156589484247,12.425927179887324,12.015737133962919,4.579047601897774,4.171461918899252,0.965875656190286,0.9758285801092497
2023,3,0,8,54275.166666666664,103842.04127883493,16.626191843415192,48.07640936665631,11.550626189668767,11.385640693702607,3.872791607044229,3.711720255228067,0.3611063363588834,0.363521643862505
2023,3,0,9,19378.833333333332,91488.66448568998,16.67922905575671,41.77339720443223,11.423970358186887,11.235458808779507,3.732259706406866,3.56315638614614,0.31071403659437336,0.2947004166683503
2023,3,0,10,25723.333333333332,88630.46137552154,19.298937410910977,39.727175636641796,11.392230885354927,11.204491390786425,3.682035478365308,3.513851979818861,0.3477898560164048,0.3214177663832515
2023,3,0,11,170783.66666666666,59233.95025864776,16.56444507769088,27.720706633104005,10.989250140591714,10.84580265734902,3.3221796658115106,3.1792695159597044,0.3193678784853556,0.3194441732390729
2023,3,0,12,4803.166666666667,73700.96392990153,17.211076026232693,35.59248889344698,11.207771157195038,11.103423069687786,3.5721346294581484,3.4662158120489677,0.17508130686044845,0.19142134627643134
2023,3,0,13,14876.833333333334,107458.5998980017,17.055668208960242,49.30380592491098,11.58486093514528,11.353322467128244,3.898001277357188,3.663157213037165,0.40492116899223596,0.44080222037429834
2023,3,0,14,55501.666666666664,56185.778648546155,16.35408546289901,26.09727947458822,10.936418954901239,10.764685589099626,3.261831074205728,3.0920657656252204,0.34368310391454654,0.3452515075635685
2023,3,0,15,23620.166666666668,172159.43589541083,18.212600814275937,72.52801491581721,12.056176279320372,11.796861575869944,4.283972899854456,4.041329778078972,0.5361726524360947,0.5127417563423934
2023,3,0,16,86586.83333333333,79532.6139780093,15.525108705904094,35.31555876714249,11.283922455234626,10.978776700855766,3.5643236251098456,3.272197640631184,0.6102683469195581,0.597455217660699
2023,3,0,17,55329.5,88711.9794737499,14.402696572352903,39.16735379773796,11.393150215252264,11.083871788655928,3.6678435885342466,3.388259452458109,0.5222543547718338,0.4953813896439557
2023,3,0,18,45306.0,70104.29029925287,13.929486896511133,32.17551533241912,11.157739273706984,11.014054631729666,3.4712057699015295,3.3294572993381,0.28877704760290257,0.28514839129876357
2023,3,0,19,4323.0,67372.65653083108,13.696429948338345,30.324711394590725,11.117994525132623,10.996322536680005,3.411962937706202,3.2970244392610417,0.23976687085777465,0.22288492400726306
2023,3,0,20,103736.0,114117.63908108653,15.827674738438601,53.455160042098534,11.644985117075288,11.459114165128188,3.978843172420359,3.792917715547588,0.4237566752482183,0.4236488428154029
2023,3,0,21,349524.0,66704.56575387447,14.0866321053776,30.178745299115622,11.108028681643054,10.816651616628421,3.4071378785561865,3.1356615421622367,0.545078444905902,0.5090254168342861
2023,3,0,22,13634.833333333334,66474.98574112769,14.703785647055946,32.27447808669404,11.104581001611425,10.843075288618044,3.474276765779154,3.215191102050979,0.4479865539135409,0.43510358960613676
2023,3,0,23,29429.166666666668,46689.0396625365,14.05460569163245,21.987193921752876,10.751264719377707,10.601042130168725,3.090460189409781,2.944459791638218,0.3091932737305097,0.2965705885562427
2023,3,0,24,12943.0,57919.73891437334,14.650699219655412,27.611472470765193,10.966813519355608,10.83931175012842,3.318231355587205,3.1908336287090577,0.2561613887684213,0.24977653860834376
2023,3,0,25,20967.333333333332,53816.82103046117,14.1168643286382,25.840294792002165,10.893341355841132,10.771455614667651,3.251935087208543,3.1333157527614284,0.2743739198962688,0.2643215258394386
2023,3,0,26,5997.0,50494.49821788278,13.783891945972986,23.95023065061224,10.829619663147845,10.718539849143518,3.1759779543162816,3.079620612694053,0.2524152427278365,0.22378681192698982
2023,3,0,27,1304.3333333333333,45830.55248334087,14.438538205980068,21.484809622817306,10.732706232489223,10.683778623307203,3.0673461562529694,3.0226847122954985,0.10046745902283832,0.08928725686105887
2023,3,0,28,92936.5,53042.96043984133,13.289927351829833,23.987407262819698,10.878857438532926,10.726400508632212,3.1775289952635912,3.034209245333749,0.3362364707402058,0.31607525549512866
2023,3,0,29,181665.66666666666,45468.131571504724,13.22052781941919,21.47293239227354,10.724766954518978,10.552591905028159,3.0667931834806925,2.904164548077732,0.3324634040565448,0.31108983560923503
2023,3,0,30,117977.83333333333,53819.09414632983,14.233611681290412,25.451513838397215,10.893383592967378,10.707871562645364,3.236775224072182,3.068997871772211,0.3642975674711825,0.32829790180714785
2023,3,0,31,51183.166666666664,59474.076587633856,14.342026512622967,28.18888636049975,10.993295808991508,10.786288464439387,3.338927799574483,3.1411681290523874,0.386814021084205,0.3827086252514312
2023,3,0,32,19196.5,34966.052056709144,12.104914958455968,17.067705975542903,10.462132928537278,10.355985950483129,2.8371881385276723,2.7315464950403947,0.21288411724774467,0.21245649707145425
2023,3,0,33,22139.5,82662.51093094853,13.819929688264564,32.55928399159649,11.32252146421879,11.190086542073285,3.483062550462463,3.3158119737062157,0.2649394613971604,0.3368115062345549
2023,3,0,34,120128.5,79809.98200918059,14.327579772216142,35.02791510662084,11.287403863449413,11.12635760928912,3.5561453180707914,3.3922605233150724,0.3478366577651319,0.35461225106251393
2023,3,0,35,136575.66666666666,49715.000651439084,13.265366939449926,23.386280335334206,10.814061990517645,10.630731495061672,3.1521495399606643,2.973585197667709,0.3581266602357625,0.34951150777732826
2023,3,0,36,229893.83333333334,35033.772853089584,13.302608522919636,16.93661112024437,10.464067813877215,10.291372028146034,2.8294776172772247,2.6724705961235062,0.36160057580137134,0.33389369627271814
2023,3,0,37,112415.0,46948.0123397415,13.714299693101454,21.61191901051353,10.756796148058472,10.552755106726966,3.0732449685434418,2.8729544114478283,0.3666972756030644,0.36307259236088457
2023,3,0,38,144188.66666666666,40467.00857950498,12.833040507113367,19.21374098345761,10.608242318150147,10.455654864723929,2.9556256992813816,2.8086544225422485,0.31690283804531344,0.3027517611824731
2023,3,0,39,89947.33333333333,51266.17262151952,14.156387812127097,23.95631423946755,10.844786410567735,10.619344696892757,3.1762319316758245,2.9643045571514546,0.45059861960869463,0.43620770382693086
2023,3,0,40,3710.3333333333335,45695.58922537745,12.340221004402121,20.790385745312737,10.729757056368268,10.522998335714654,3.034490656065888,2.7948317077965306,0.4300769738575864,0.46456023427320015
2023,3,0,41,9296.5,35069.12213181823,12.631743129134621,15.874317505271556,10.465076310936638,10.293455858496522,2.764702552060664,2.585785980090615,0.39543563181931113,0.3969804639037605
2023,3,0,42,55929.5,40559.857363101706,12.865869830173104,18.74458288872982,10.610534121570067,10.39682229107369,2.9309047980720577,2.7369558918995116,0.41966696275429705,0.3873313777143092
2023,3,0,43,3814.3333333333335,55606.088686141,11.87494538145591,23.49421060173233,10.926047982986573,10.81192853077844,3.1567540334260586,3.0471455772927425,0.26485177204000515,0.23700812997299886
2023,3,0,44,107078.16666666667,58226.43930653841,12.871652951348624,26.40609603331416,10.972094814181466,10.823310835982987,3.2735948938493875,3.128081394913299,0.3234266019287935,0.31650576943481
2023,3,0,45,61900.0,60478.22466983066,13.294001077005923,28.136667205755263,11.010038656418455,10.875254006736746,3.3370736084871657,3.2037627169987877,0.27571662648133577,0.2729119365523259
2023,3,0,46,58820.666666666664,56813.50315519451,12.79084448776507,26.126927938709976,10.9475293080611,10.795251205795486,3.2629665042591656,3.1193460139630678,0.3057734762947647,0.2903531806824822
2023,3,0,47,234773.66666666666,57362.20877957091,12.603251926323367,26.145101519117148,10.957140981846809,10.788080007808386,3.2636618505592008,3.1013451348720134,0.3663688852041359,0.354230060836681
2023,3,0,48,5363.333333333333,75912.57584322653,12.203542573026725,27.493927700093305,11.237337639292788,11.126481355697347,3.3139651693845105,3.2181353175849408,0.22293005655507936,0.20479364644181025
2023,3,0,49,52279.833333333336,66668.12882373926,13.141357884971578,29.658649956665588,11.107482288977643,10.983981577580245,3.3897538183665454,3.2667900763927373,0.27839541945340934,0.2744212781609912
2023,3,0,50,10846.833333333334,58694.95488861799,12.996850079132157,26.619514271001346,10.9801090547395,10.836449964325055,3.2816445660311953,3.153719418989408,0.2690788389962334,0.24940512218784464
2023,3,0,51,1073.1666666666667,50286.09515615181,12.075477558627115,24.752029904001475,10.825483879624256,10.741603882403473,3.2089075019748363,3.128068299711721,0.20513264965869193,0.19480168839277187
2023,3,0,52,1256.3333333333333,51306.83756594287,12.254709472008491,24.10342484985532,10.845579308162913,10.51032049251893,3.1823539403524492,2.917525418417933,0.3448390404012637,0.29999440451782816
2023,3,0,53,22974.0,53803.097784589394,13.83340587910972,25.514829218569687,10.89308632413144,10.699873673445635,3.2392598211198202,3.0455193242992813,0.3834062053590264,0.37900224059995896
2023,3,0,54,19458.833333333332,42514.25358521135,12.07386533964866,20.185843307676457,10.65759467716128,10.537747367215758,3.004981532360921,2.8851142590032084,0.2671888528530536,0.2695658996402791
2023,3,0,55,15478.0,74905.98560187346,13.096007236077012,33.68365460326259,11.22398908089006,11.007440842309267,3.517012693085443,3.3011897437372086,0.46270924507655103,0.4681267958714243
2023,3,0,56,5773.5,48425.329325412014,12.178112641090037,22.529426009726,10.787778288983347,10.724669844534436,3.114822277409718,3.0480283853563077,0.15508340647998103,0.15858071346974623
2023,3,0,57,2639.3333333333335,65717.65010973274,12.180980045466026,30.745217707667486,11.093122815421447,10.866665829649973,3.4257344604559026,3.1854018016920453,0.39273624090207626,0.4054327822070698
2023,3,0,58,31823.166666666668,52418.85837916417,12.531876672654617,23.565070268896676,10.867021698295419,10.737254039246828,3.159765542289206,3.037657698713484,0.2633559990907281,0.2508077766471568
2023,3,0,59,4871.0,51721.93098305749,12.664887429001574,24.160084281061632,10.853637167514785,10.728737924087296,3.1847018615150673,3.0747481499490505,0.26528971596615514,0.2413239306842653
2023,3,0,60,9096.666666666666,40733.2994723335,12.183657017222426,19.393030539262007,10.614801205766401,10.415861390453657,2.9649137509698384,2.7710356115576102,0.4275366219922314,0.42009927561002763
2023,3,0,61,169927.0,50944.91575098311,12.422118517559502,23.139955294069605,10.838500244682082,10.667656776524572,3.1415607897874156,2.984797487231393,0.3384268387600498,0.31749824762798445
2023,3,0,62,103992.66666666667,47142.56350156458,12.56274801428306,21.674076455826373,10.76093155561326,10.628863758264238,3.076116913031094,2.950634967301399,0.3013143189753123,0.28686911715551194
2023,3,0,63,39538.0,58912.41187675917,13.324127000185477,26.962873826073665,10.98380707539822,10.791838353616738,3.294460876285778,3.107702585099495,0.3820421373386497,0.3650406728475371
2023,3,0,64,673152.1666666666,55419.84654167086,12.728425692754463,23.871332827083496,10.922693049406837,10.753077560497717,3.1726782757036673,3.019573945367115,0.363155743308553,0.33120833244956555
2023,3,0,65,39825.833333333336,67177.93348942646,12.628938503065429,27.804029299437325,11.115100101892722,10.963525050928952,3.3251809490226547,3.181190678774156,0.29699846109469574,0.2907897820246877
2023,3,0,66,287969.6666666667,43599.51125544169,12.881444689197588,20.638945303750088,10.68280121953672,10.507880989912582,3.0271798396832206,2.860375222599844,0.33020024512721086,0.3117780084917717
2023,4,0,0,1952632.8333333333,,14.327036564392504,,,,,,,
2023,4,0,1,659553.3333333334,85938.09844258644,15.782462373525515,39.41533027161144,11.361382530514332,11.15535577936472,3.674154833814871,3.475973915065661,0.42008172189179116,0.4099674717921059
2023,4,0,2,439031.1666666667,74475.3060041695,15.758275323657735,35.06655794185947,11.218222886390356,11.064592666832521,3.557247911113378,3.410428100203073,0.3208027447958209,0.3115681149612935
2023,4,0,3,1914.6666666666667,83735.32759886829,17.535689415041784,39.49449536423127,11.33541624148992,11.26982590484806,3.6761613043283035,3.615098260170009,0.13647804467022562,0.12465656969857342
2023,4,0,4,18964.166666666668,95995.1099960403,16.339306586984222,45.101029677586205,11.472052531611366,11.382040872129267,3.8089050772366173,3.7249014912688883,0.19525533367725528,0.18386438199348742
2023,4,0,5,127900.66666666667,77894.93548653221,15.780389468910768,37.24405027280668,11.263116216735547,11.126824968531306,3.617492207848342,3.4814862261223496,0.307227700728194,0.30719975594415344
2023,4,0,6,23232.666666666668,90750.7870744675,18.224913196935347,41.94822407116602,11.415872425086373,11.273809991412417,3.736436097599115,3.588358819828755,0.30763319200144673,0.33254968015185254
2023,4,0,7,30305.166666666668,193894.00367149204,19.274293162332054,82.37930164938344,12.17506691590208,11.811343037582281,4.411334211785592,4.021202264754874,0.842663635099449,0.9186498864885746
2023,4,0,8,329818.8333333333,86189.98922989881,16.419662713823197,41.98649675769326,11.364309315683771,11.221939494622589,3.7373480608201,3.593046842837289,0.33183709378923854,0.3401866424833513
2023,4,0,9,57000.166666666664,73045.53378911178,17.362569115294985,35.28030763214329,11.198838276214795,11.038522734897391,3.5633249508325266,3.4052995527026586,0.3718394653264908,0.3662138001610254
2023,4,0,10,37827.5,80285.23098386083,19.095375939021437,36.97727049721869,11.29334096002842,11.108128102973335,3.6103034129919993,3.436672585674162,0.37591945465892584,0.35824586613811393
2023,4,0,11,509389.8333333333,53405.02209503705,16.47327472508776,25.670375492236968,10.885660067249711,10.733802747567736,3.2453376224440427,3.092400752258945,0.3380526237396979,0.3363058375832637
2023,4,0,12,7756.666666666667,62759.07303916188,17.44804469273743,30.69559862972643,11.047058436807394,10.932486056571044,3.4241192772052167,3.3126428112028536,0.259203252318396,0.2572452122591151
2023,4,0,13,30357.0,92354.71672213603,17.423702386050447,43.57283318145552,11.433392058737166,11.243311638291592,3.774433863983937,3.5902136261552253,0.4336317291612855,0.4436468357930844
2023,4,0,14,118117.16666666667,58199.21160219093,16.60692278711957,27.853996835776332,10.971627087273669,10.834682429128618,3.326976469030561,3.188150184123963,0.327394661964955,0.3340694251389978
2023,4,0,15,39241.166666666664,138698.532773892,18.0580088087765,61.98115684914696,11.840058027832349,11.610780367573275,4.126830417063553,3.9056583897542674,0.4334202738861712,0.4185208687139181
2023,4,0,16,66638.5,76565.98713529667,16.565859075459382,34.918361548909196,11.24590822494092,10.930204237990301,3.5530128097362876,3.2699881281246608,0.6643683333478958,0.6239984561631
2023,4,0,17,187312.83333333334,61171.7346632711,14.06043365955527,29.140782677562605,11.02144050990664,10.834441419705977,3.3721386596226437,3.1874801103737394,0.34555873891937794,0.34856722707287274
2023,4,0,18,18263.0,56597.29355710825,15.184361824453815,26.93100017724463,10.943716446035783,10.769287940822604,3.2932780460240965,3.118133367698953,0.4248252218876677,0.42150086022963645
2023,4,0,19,5620.333333333333,63088.20597994587,13.636913587568946,29.65244302103966,11.052289121074446,10.991674214878163,3.389544517362738,3.3301665094974386,0.12017340213706121,0.11889123328910642
2023,4,0,20,55803.0,80908.60372447834,15.467388252722374,38.89461343236527,11.301075447508971,11.130978936653019,3.660855768860544,3.4932561559723267,0.36927471931154926,0.36204482124103515
2023,4,0,21,423257.8333333333,49857.70560491598,14.26703030107338,23.549503912097165,10.81692833927017,10.528660915787867,3.1591047549368203,2.900780508862029,0.552201029887129,0.49637607121835847
2023,4,0,22,136163.33333333334,49195.31172946847,14.427853803030674,23.821096876554872,10.80355360788856,10.670362164297188,3.170571611420893,3.040877772380793,0.2957572533783343,0.29004039890415756
2023,4,0,23,114767.16666666667,38952.30626676433,13.929500742808264,18.995331802711032,10.570093260502716,10.4449031262713,2.9441932543844227,2.8258095486512538,0.2670134945921671,0.25599289235107375
2023,4,0,24,34444.5,54111.58459561675,14.690753724590767,26.076733938411785,10.898803574917228,10.717257272827034,3.2610434967933566,3.086547256921896,0.3442096125201142,0.33323279236554443
2023,4,0,25,93811.33333333333,50340.20229786493,13.877712003524806,24.04845733416546,10.826559287311843,10.704546864247215,3.1800708503849044,3.063721663562045,0.2376005058820564,0.231978798969657
2023,4,0,26,9646.5,46092.50820015574,13.269164982117866,21.77170705718985,10.738405703851038,10.589598432657901,3.080611285456165,2.940531768396907,0.37608280257471827,0.35308384578783025
2023,4,0,27,4115.833333333333,45211.64406361401,13.830653978538166,21.704576111062067,10.719109944670901,10.571099391515498,3.07752311900831,2.931733034435798,0.3355846394004738,0.32172489209844113
2023,4,0,28,64864.5,46596.76268165669,13.792315776220684,22.177570283078893,10.749286347349846,10.577735173854826,3.09908143052398,2.928913135119786,0.38962858564294695,0.37855005612797676
2023,4,0,29,114176.83333333333,43687.551870665346,13.588553428088886,20.75543732035862,10.684818486286828,10.499673925121888,3.0328082518857,2.8632811970572023,0.39634577380407293,0.3680790755083306
2023,4,0,30,373191.3333333333,44551.18403370104,13.968235239475014,21.523371772783836,10.704394010182163,10.575487114054804,3.069139403911857,2.9452111018066516,0.27836998803100976,0.27138270070459275
2023,4,0,31,169695.83333333334,47398.77790923823,14.359696515824881,23.060734980659003,10.76635172484527,10.625429177174047,3.138131386868077,2.997152670808439,0.29402004788212666,0.2925281471590313
2023,4,0,32,77788.83333333333,31722.441410289648,12.348653298566848,15.741236434598802,10.36477964032444,10.170063280718248,2.7562837935634703,2.5661172188341874,0.33354611655136596,0.3236659798243339
2023,4,0,33,1693.5,79723.84376863453,14.257258143883476,32.94660065364882,11.286323989027837,11.074342723221656,3.494888088817618,3.2998822194138606,0.4986365203502704,0.43831842025428674
2023,4,0,34,66120.5,65979.67837253488,14.35035024437706,30.14390724775519,11.097102070150124,10.94782643077969,3.4059828214171906,3.254654781470163,0.32171049178151184,0.3331058933821898
2023,4,0,35,70056.16666666667,44130.28447966688,13.343931179030157,21.241322876546665,10.694901548643605,10.477814345444585,3.055948476757564,2.8436877080950516,0.439464058715357,0.4222500747077561
2023,4,0,36,205336.66666666666,31639.379964487824,13.663331764094739,15.798722777717295,10.362157825118393,10.191097397260917,2.7599290999121107,2.5968796834454024,0.3266974635314378,0.31711701098953826
2023,4,0,37,622741.6666666666,39228.534621752,13.568090567249664,18.94020424132206,10.577159684994646,10.410694086483467,2.9412868712965192,2.7774808909156032,0.32848873478191093,0.32179968919004504
2023,4,0,38,67153.0,32890.54112958096,12.729488382251477,15.799102802893275,10.40094039175621,10.236450896888353,2.7599531537936053,2.6114497807725217,0.341262894950768,0.32128447897894374
2023,4,0,39,213869.83333333334,42655.54204953299,14.747993912184903,20.608839861337096,10.66091248702276,10.43927404852563,3.025720103232485,2.812169955480151,0.48893808490620766,0.48540885540942375
2023,4,0,40,628.5,55026.58878145563,14.429594272076372,26.316148328967515,10.91557177978892,10.631518716944226,3.2701827556635408,3.0032312525188543,0.33632876469709383,0.3251638103974698
2023,4,0,41,2526.5,36668.636812122255,13.355894188270993,16.805063098439955,10.50967708590267,10.325830029505155,2.821680215912058,2.5746397867639113,0.4968696194852165,0.7313904791232836
2023,4,0,42,11223.166666666666,36369.943677060495,13.623665335095561,17.64776038667921,10.501497989370005,10.313204516064863,2.870608885054921,2.6815114464587526,0.435888766226602,0.4302301961784512
2023,4,0,43,363.0,39147.93587788399,12.76951331496786,17.871362525313128,10.575102976603324,10.510942201007701,2.883199572784759,2.8141244036954776,0.12262304997652486,0.12149714825283676
2023,4,0,44,5472.333333333333,59972.26084940697,13.99664981421697,27.506195234032976,11.001637415125227,10.84619649022481,3.3144112605380807,3.1553323138475466,0.3819513240636479,0.3751080840869635
2023,4,0,45,4738.166666666667,59207.10189781412,13.588448415350522,27.905575439040298,10.988796778167037,10.787605600015501,3.3288265053874033,3.093593492339881,0.36189759035420205,0.4357710145534202
2023,4,0,46,3758.8333333333335,46325.62495367307,14.255043674899127,22.140288532650178,10.743450541697706,10.597708096929662,3.0973989593839275,2.948265885178158,0.3941288278323354,0.4096900883156061
2023,4,0,47,15493.666666666666,57145.785024343604,13.278156666164671,26.856985639851803,10.9533609136482,10.772772091981562,3.290525959922197,3.1127552780560412,0.36577101485905394,0.344742772033675
2023,4,0,48,172.0,67154.10185785861,14.937984496124033,32.35383355432014,11.114745285087388,11.03263350250444,3.476732516377985,3.3930380254797172,0.17422344389427566,0.17523283090928188
2023,4,0,49,19817.0,58623.847807739985,13.318581689122134,26.831162644202283,10.978896851956128,10.78571098583739,3.2895639972370914,3.1059586809313284,0.42322792455862596,0.4078093455908145
2023,4,0,50,878.0,44873.80825611577,11.810933940774488,22.0697962827189,10.711609568471157,10.654340305469152,3.094209989719424,3.038216708536016,0.0944706924059448,0.09199398322605046
2023,4,0,51,379.66666666666663,13852.626615609033,12.783143107989465,6.790503242945606,9.536230140971094,9.441360539387855,1.9155250541328321,1.8206554525495917,0.1622612448999539,0.1622612448999509
2023,4,0,52,1317.5,47362.36098337369,15.6202403542062,23.056343996754666,10.765583120160208,10.555229240416965,3.137940959199414,2.953542370071297,0.4070577736828194,0.36549646639783434
2023,4,0,53,63562.833333333336,44785.30945710515,13.957317824619732,22.05954930492932,10.709635450723653,10.558806477315102,3.0937455831964042,2.943786835307446,0.29227895748001864,0.28660636229612363
2023,4,0,54,16899.166666666668,36089.242516937426,12.741081907391882,17.87001120662868,10.493750108692197,10.34124302741584,2.8831239562908197,2.732162859719056,0.3150537582240021,0.30252619443955686
2023,4,0,55,1103.3333333333333,72092.33411490265,14.3380664652568,33.75650734165191,11.185702994664775,10.927805456712232,3.5191732088560754,3.2614616267341168,0.6085691045854341,0.5886086749627534
2023,4,0,56,1197.3333333333333,36850.391532223905,12.34521158129176,17.059498363319246,10.514621522587467,10.286415487325662,2.8367071373709174,2.644649088457112,0.62600494741481,0.5250325908321087
2023,4,0,57,545.0,47368.58377884695,12.139449541284403,23.219894009238708,10.76571449846532,10.669366466270276,3.145009411627058,3.048661379432013,0.2168364094795744,0.21683640947959237
2023,4,0,58,9527.833333333334,42604.56220557286,12.466213024996938,19.665432735468993,10.659716620550837,10.59271496232029,2.978862411004943,2.9141104784397016,0.1389285299850295,0.13658995363655138
2023,4,0,59,2360.6666666666665,39605.83747279597,13.06862468229314,18.992312379520968,10.58673179730784,10.509296573456197,2.9440342856849195,2.8423872841101465,0.1573251674433813,0.2380665490367814
2023,4,0,60,11403.333333333334,30624.28176366678,12.170359543992983,14.719432171466213,10.329548494957049,10.220787855128737,2.689168537248682,2.5999734020697813,0.23201933755174936,0.19026794744910516
2023,4,0,61,80170.5,40948.26127822147,12.558534623084551,19.200600855108696,10.62006462875149,10.468698151923611,2.9549415730809834,2.8140965019940465,0.3131679329965595,0.29865780134974673
2023,4,0,62,53837.666666666664,41985.719074444576,12.784364106913996,19.94576590129374,10.645084817407872,10.500846303508437,2.993016885286603,2.8491509190235718,0.30094056514661716,0.2957466332282742
2023,4,0,63,33591.0,46473.57640096694,13.659660821847122,22.073103991254214,10.746639180618972,10.603400730226998,3.0943598533904093,2.950802171814647,0.3165405115664169,0.31141254409500974
2023,4,0,64,119620.5,42772.79615795753,13.546334728021813,19.885166181107607,10.663657575702128,10.496361171684809,2.989974035733489,2.8361324347569528,0.36908167961025135,0.3444898151781773
2023,4,0,65,4516.333333333333,80674.45571470947,13.203557458114991,36.15744725907847,11.298177270256058,11.045166851188382,3.5878829373206558,3.327172738949775,0.40354059686462473,0.39162496598190416
2023,4,0,66,110117.66666666667,34429.047852929,12.884581039070326,16.908476183010162,10.446655901373614,10.316072254235548,2.827815045485764,2.70155957695634,0.2887371185579958,0.27541070371953674
2023,0,1,0,5629140.333333333,,13.037597866482988,,,,,,,
2023,0,1,1,2531543.5,87922.70555223998,15.35642293591505,,11.384213361491197,11.180776383520858,,,0.4026404541449925,
2023,0,1,2,1454533.0,85176.61875110726,15.816680336575383,,11.352482247351302,11.170667487199276,,,0.34106765026714275,
2023,0,1,3,38166.0,84001.67728116961,17.052821883351676,,11.338592045259071,11.225082205540218,,,0.23152590600090625,
2023,0,1,4,528913.1666666666,97949.98237824025,16.376919147723996,,11.492212243467007,11.409647818570097,,,0.1747731762750574,
2023,0,1,5,713885.5,81242.08106706587,15.523566220820193,,11.305188631652122,11.154610411294591,,,0.3065915501587986,
2023,0,1,6,214995.0,76853.67427638573,17.46347822042373,,11.249658558837309,11.128903910446914,,,0.2360335170989786,
2023,0,1,7,199359.0,134256.60429074592,18.96761871799116,,11.807508205133164,11.498004939648371,,,0.5663838760191194,
2023,0,1,8,815288.0,82692.92355415755,16.281301822178175,,11.322889309686303,11.217742255119777,,,0.22914209383744047,
2023,0,1,9,356511.1666666667,76200.32817285828,17.781248553691867,,11.241121048395888,11.127134717463694,,,0.2492034038189051,
2023,0,1,10,138868.16666666666,56954.75815392224,17.721522451149713,,10.950012515059036,10.78313472880815,,,0.32305618269383035,
2023,0,1,11,1484464.1666666667,50531.1612786102,16.46401176181978,,10.830345479985265,10.722427646919229,,,0.23845768808269233,
2023,0,1,12,40099.166666666664,49733.70051460053,17.258700305492635,,10.814438061057785,10.73285115098973,,,0.18788507199639826,
2023,0,1,13,183820.0,84428.27290803172,16.799284626264825,,11.343657611550396,11.173938219785281,,,0.33655586612721267,
2023,0,1,14,277771.5,52854.69072763031,16.291213581426938,,10.875301742849542,10.759539281487232,,,0.24995296899143787,
2023,0,1,15,181573.33333333334,147638.1484899674,18.603657842561315,,11.902519616357953,11.672195436482252,,,0.4378271101347221,
2023,0,1,16,552329.3333333334,68770.15119255356,15.518993499047669,,11.13852508083631,10.9079844237423,,,0.4682945494697089,
2023,0,1,17,408755.1666666667,60108.24165658252,14.475767278782612,,11.003902243510572,10.871040787996343,,,0.25292258981777893,
2023,0,1,18,190752.16666666666,61680.2800597859,14.458069065183183,,11.029719548755208,10.920403351979278,,,0.22433365698188892,
2023,0,1,19,26118.833333333332,60817.721661987154,14.600486239176075,,11.015636500187496,10.926263809300131,,,0.19167785100894602,
2023,0,1,20,590117.0,111425.73103681674,15.668455859883153,,11.621113558590334,11.422115967749278,,,0.4095448357400258,
2023,0,1,21,1868448.6666666667,68189.93171002917,13.960750148162129,,11.130052204048134,10.825785551289663,,,0.5786827966312688,
2023,0,1,22,258258.5,46467.378255496966,14.364687577240115,,10.746505802486542,10.628091540142174,,,0.24563001360375922,
2023,0,1,23,254061.33333333334,39509.69916546847,13.636328629307359,,10.584301469239989,10.456799062281062,,,0.24750360000377314,
2023,0,1,24,76341.5,48121.41612527705,14.568950046829052,,10.781482598692934,10.66374654133166,,,0.2440801457950026,
2023,0,1,25,180530.33333333334,47189.94439454604,13.775654506814181,,10.761936106388442,10.64588357477138,,,0.22812329144280455,
2023,0,1,26,11680.666666666666,43989.13311763286,13.27408538325438,,10.691697907797897,10.578464962874156,,,0.2910855893371414,
2023,0,1,27,5627.333333333333,45081.71558266653,14.156616514630969,,10.716232023833014,10.637414245335544,,,0.16297800442988528,
2023,0,1,28,167410.33333333334,46077.619089742584,13.082178320334666,,10.738082624975476,10.603621157700177,,,0.291437866773638,
2023,0,1,29,485019.3333333333,45180.36282399709,13.175880617817297,,10.718417820622708,10.566745027123824,,,0.30679328017781116,
2023,0,1,30,649974.3333333334,50124.93382809334,13.995627263230393,,10.82227384447021,10.660181025094646,,,0.3176036238395513,
2023,0,1,31,377289.5,47948.38848200578,14.264908423549203,,10.77788047144662,10.64385224831409,,,0.26152286262890506,
2023,0,1,32,69870.16666666667,29224.64140929474,12.267341092168568,,10.282767516266523,10.128531505987148,,,0.3403998161168214,
2023,0,1,33,92432.33333333333,72763.2485302032,13.787619411677731,,11.194966278834457,11.084307488126738,,,0.23414308099493067,
2023,0,1,34,305092.8333333333,70577.10638546804,14.318459354174713,,11.164461098733238,11.056106409554499,,,0.2232933311520796,
2023,0,1,35,184476.0,44749.59942224356,12.986952232268695,,10.708837772204692,10.560900914414107,,,0.30882978339102996,
2023,0,1,36,873292.8333333334,35359.095097327656,12.917985509633365,,10.473310925285197,10.304402070935458,,,0.34398934995686087,
2023,0,1,37,643723.3333333334,38010.43052820407,13.09252836363448,,10.545615888628015,10.40287130283124,,,0.27563656781812357,
2023,0,1,38,245518.83333333334,41279.56771682639,12.495972135199404,,10.628122928124508,10.470579627263312,,,0.3156512217815995,
2023,0,1,39,477755.0,43442.32439605116,13.718062256456411,,10.679189461372694,10.484601907007464,,,0.4072308646744261,
2023,0,1,40,71692.5,68823.9963642324,13.422996361776569,,11.13930774747415,10.769766637431264,,,0.6796542003422463,
2023,0,1,41,68955.66666666667,44428.279887264725,13.097939739059393,,10.701631480061547,10.518822951893112,,,0.36659333005662575,
2023,0,1,42,209794.66666666666,44905.21269217708,12.947597968807596,,10.712309162585917,10.51975603036112,,,0.36988367934843114,
2023,0,1,43,20788.833333333332,51795.32823566846,12.637128907346092,,10.855055235679739,10.680963748207635,,,0.35336880615266597,
2023,0,1,44,367402.1666666667,59809.06449663951,12.62543860882693,,10.998912508662967,10.876052952330788,,,0.26563499229667675,
2023,0,1,45,164693.33333333334,59631.97453583184,12.88700210492228,,10.995947194697079,10.85686405158167,,,0.27096362219098935,
2023,0,1,46,170362.5,59296.78539542487,12.801966395186733,,10.990310374333054,10.865438581702941,,,0.26676979439632675,
2023,0,1,47,840778.0,60896.033189909685,12.511072482867059,,11.016923315121833,10.858564252721358,,,0.3285327884852936,
2023,0,1,48,22881.333333333332,72696.6364148164,12.404798671406095,,11.194050395805009,11.059390294288608,,,0.3305287473651431,
2023,0,1,49,112851.33333333333,63888.02112944873,13.161658110670677,,11.064887160029356,10.937430543171622,,,0.28013881800906626,
2023,0,1,50,56841.5,57004.97675023666,12.842421470228619,,10.950893854412929,10.870460358693801,,,0.18005713955799205,
2023,0,1,51,6102.833333333333,43429.19027571052,12.27689324630636,,10.678887081001168,10.558963553260032,,,0.27424037145921154,
2023,0,1,52,6352.333333333333,45924.25168022542,13.044445610536812,,10.734748615562447,10.57284594661747,,,0.3789864582031015,
2023,0,1,53,205038.33333333334,41906.264865499346,13.87656860912187,,10.6431906141963,10.537402401366473,,,0.21214397995291628,
2023,0,1,54,68712.66666666667,36458.80277980122,12.747198478689032,,10.503938211154884,10.382581875638106,,,0.25744863533079865,
2023,0,1,55,44133.666666666664,72763.6786494238,13.282441220232478,,11.194972190032184,11.040097678277782,,,0.3206843147582961,
2023,0,1,56,20147.666666666668,46799.9924426309,12.259360058236686,,10.75363832042348,10.655511489054307,,,0.21676746169683214,
2023,0,1,57,6091.333333333333,53420.309976131655,12.497428039838022,,10.885946289270322,10.787378119858268,,,0.1925717869673034,
2023,0,1,58,67317.33333333333,50523.06062027246,12.381476786563145,,10.83018515697841,10.704612448048028,,,0.2507727787731317,
2023,0,1,59,20172.833333333332,41081.575297132586,13.070061220948968,,10.62331501036502,10.535419094318003,,,0.1893234409129189,
2023,0,1,60,23553.5,37442.819093773614,12.557249099567652,,10.53057022406496,10.365636406269267,,,0.35416804972798305,
2023,0,1,61,336458.3333333333,50390.3155881771,12.545932879256968,,10.827554284567853,10.668443049009058,,,0.30855748001186645,
2023,0,1,62,270473.3333333333,47909.33339746541,12.469688940376132,,10.777065616139492,10.661059077271272,,,0.2535373596098318,
2023,0,1,63,124571.0,54070.07288635932,13.180705514659646,,10.898036130375129,10.759517589341247,,,0.29015367847885454,
2023,0,1,64,656742.5,51119.374059637295,12.568266101249728,,10.841918844446665,10.677136549447672,,,0.3398842835674415,
2023,0,1,65,111217.16666666667,65561.87385373235,12.630819882422227,,11.090749614720997,10.962665200681851,,,0.2903316337664248,
2023,0,1,66,488124.0,39170.7215863166,12.438936622661455,,10.575684848402798,10.440616326408524,,,0.2801958004126645,
2023,1,1,0,1492029.1666666667,,14.641812520421013,,,,,,,
2023,1,1,1,1125629.5,100045.5732103348,15.25990212587712,43.40341922307028,11.513381093259241,11.295743237798344,3.770538221944779,3.5645186402873694,0.4281555188988046,0.41434593130980363
2023,1,1,2,603816.8333333334,99444.25336223716,16.071054660339875,43.94185540860087,11.50735249842187,11.306425388816704,3.782867292023118,3.6095288912108443,0.3621685771570769,0.32332946949142943
2023,1,1,3,20159.833333333332,89425.92892672216,16.993956629932455,40.7588527569415,11.401165951847625,11.289306872677331,3.7076730616615867,3.5933315792447433,0.22544118723506523,0.23420308109129861
2023,1,1,4,402575.8333333333,99118.96068733282,16.399668799460144,45.5292475283144,11.504076030849877,11.420238859720955,3.8183549222677606,3.7351752771770936,0.17453359242745725,0.17673067238178558
2023,1,1,5,425897.1666666667,84658.16306188377,15.538186643645982,39.515683727049,11.34637681601154,11.190945581799811,3.6766976494820383,3.5300438450853497,0.3055939982231528,0.2940813518546063
2023,1,1,6,100426.83333333333,80247.63766316998,17.600548326227553,36.965968667985635,11.292872603339914,11.158664352269664,3.6099977236700638,3.4756591622134367,0.2487334124283499,0.25646022554080605
2023,1,1,7,89910.33333333333,145743.72828651115,19.078715460959256,61.25866828083802,11.889605072662615,11.539824023889812,4.115105362363866,3.663145008554651,0.6332267716481949,0.8323049160006261
2023,1,1,8,94595.5,100229.59274745705,16.972357740766387,48.380555159502926,11.515218760830543,11.389133684466117,3.879097980095435,3.7628609811072162,0.2533802689151409,0.24570755145294565
2023,1,1,9,61677.0,85380.49733626973,18.01287892299128,40.48582626944121,11.354872985268866,11.225001756870874,3.7009519442033993,3.577183546103237,0.2709693446803652,0.26295597391234204
2023,1,1,10,55451.833333333336,58683.854256910134,19.418516370062907,26.32226756667696,10.979919912733004,10.791523084987722,3.27041525649522,3.0915692963787587,0.3403179357505677,0.3392969113593437
2023,1,1,11,290710.8333333333,54619.57483168196,17.29765259292596,25.24334055802492,10.908147610883193,10.80841849754867,3.228562380659545,3.130386120486293,0.21233247823669593,0.2066791450603148
2023,1,1,12,8219.166666666666,47870.78993109061,17.612653350907433,23.362438417101373,10.77626078383993,10.702633703212348,3.151129536806088,3.0810604434758435,0.15019351590735405,0.14545253901365546
2023,1,1,13,54981.166666666664,96311.92519366842,16.85789982630416,43.21046955928401,11.475347423906243,11.27484944869107,3.7660828167971787,3.5928784687172084,0.38816212374807124,0.34809892132921394
2023,1,1,14,78866.66666666667,53212.36859066945,16.55535080304311,24.66207675262871,10.882046140613404,10.765074208781767,3.205266709625343,3.0896021481361235,0.24039988449251226,0.2467365801108967
2023,1,1,15,81341.66666666667,154863.2069248615,18.819477512549945,62.867804167989284,11.950297470268602,11.717339213072945,4.14103417523801,3.9396525748112454,0.44809443044227676,0.39713823494119405
2023,1,1,16,227195.16666666666,72461.77345142287,16.00889690288306,33.195117852036574,11.190814439051893,10.945043856267889,3.502402812459641,3.269630634688147,0.46916087868031453,0.4506592477115476
2023,1,1,17,97562.33333333333,68049.41230487329,14.938330024907152,30.49665085128069,11.127989371817092,10.974803700744,3.4176168694292777,3.249918014206509,0.271779388676546,0.2911161400461557
2023,1,1,18,122766.83333333333,64960.50245242273,14.258829406965237,29.603257672144668,11.081534709602794,10.971750778251492,3.3878844117656173,3.28330924463791,0.21868968844045214,0.2099068037433243
2023,1,1,19,13495.666666666666,64400.13177243283,14.612566996813793,29.365188473418527,11.07287095824614,10.983036993688035,3.379809907255215,3.299958373828023,0.1931878757594319,0.17054482523708736
2023,1,1,20,395716.5,122011.92748299665,15.980635126409943,57.00253097214557,11.711874085190656,11.52649230721297,4.043095669868863,3.861589433222091,0.3751895578635808,0.3707145051249635
2023,1,1,21,888670.1666666666,80516.82400440946,14.440742825281447,35.52489019933711,11.296221435414079,10.992866737961316,3.570233583178588,3.2964546220047657,0.5735013699974332,0.5195801854361073
2023,1,1,22,23967.166666666668,52223.95519114361,15.317385590008552,24.549370644810622,10.863296580310688,10.727344972638715,3.200686218262669,3.0775277721958014,0.23304054730516702,0.22293082215199855
2023,1,1,23,34061.166666666664,49671.4118338637,14.630610617174007,23.387393087518728,10.81318483197494,10.604076303447389,3.152197120238342,2.9683594301077054,0.3892009244809474,0.3525375225369791
2023,1,1,24,17195.333333333332,51932.90947298582,15.513317566781687,24.47877759678338,10.857707962093219,10.744483587173983,3.1978065216254223,3.091092454716916,0.22659311733597381,0.20869938919865175
2023,1,1,25,32543.833333333332,55836.924184296564,14.586880258932824,26.130544262033084,10.930190653259704,10.793854669439781,3.2631049083256687,3.140190806766498,0.25803954465221574,0.23705366287254692
2023,1,1,26,3085.6666666666665,47544.08071762958,13.765474775845306,22.30080971075324,10.769412574790923,10.734472452041317,3.104622987706133,3.0760774187577544,0.07595964045730295,0.05972300512359224
2023,1,1,27,1262.6666666666667,51665.129627445494,14.61325237592397,24.357389823842016,10.852538357644542,10.782301822446609,3.1928352870121284,3.1303766740510324,0.13728230190155535,0.12527146701586547
2023,1,1,28,73859.0,49153.32330300134,13.95864642990924,22.35550234630636,10.80269973881342,10.694890632415541,3.107072480751131,3.0106438844534864,0.23297757798935834,0.20511746782365253
2023,1,1,29,229242.16666666666,48740.00454567975,13.711545214558406,22.704009464125512,10.794255420443037,10.634941255454939,3.1225415372659753,2.980513821959472,0.3120893527777688,0.2798595451155393
2023,1,1,30,166891.5,60187.443725359546,14.746071549479751,28.059630358886753,11.00521903355121,10.827133671035375,3.3343319013475883,3.177364840955109,0.3536140350932256,0.3149478118120932
2023,1,1,31,79476.83333333333,59879.46158824405,15.116111403532688,27.521246628075602,11.00008884698085,10.819428093445982,3.3149583110244802,3.1603441769679663,0.3456358532313617,0.30571027662190203
2023,1,1,32,8320.333333333334,31162.744927054566,13.426705660830896,15.14401188372436,10.346978587473757,10.242775150040972,2.71760519862174,2.606305053709518,0.2184722628119113,0.26456820026312994
2023,1,1,33,79810.5,74638.68121916818,13.829746712525294,27.368969094638867,11.220414166811654,11.112151985963504,3.3094098568203476,3.1900331825576056,0.22243682801700995,0.2479713025769374
2023,1,1,34,200798.5,72893.85484812922,14.282397527869978,32.34832989396165,11.196759618807585,11.10099433060485,3.47656239346158,3.3768946482092024,0.20196500837778653,0.21309132793641447
2023,1,1,35,75916.0,47171.59122851657,13.558990638776192,21.94494029054965,10.761547109618947,10.628673927217763,3.0885366022684004,2.968259890616312,0.2691909763966854,0.24814593568281668
2023,1,1,36,322405.3333333333,38312.98181565247,13.990765247886719,18.73338068349014,10.553544068538217,10.402431768812122,2.930306995816783,2.7965905805642968,0.3116439032868995,0.2816850928865593
2023,1,1,37,59549.333333333336,42046.59175545128,14.296135417133133,20.048813780442124,10.646533609927157,10.494512108318258,2.9981699889321565,2.858287728431356,0.28950453560999106,0.2669114152535753
2023,1,1,38,139952.5,46223.5400345713,13.234656996719124,21.60056081792662,10.74124447186409,10.588828452454443,3.072719278145965,2.931701963942239,0.2901187202220692,0.2657975739872441
2023,1,1,39,75185.83333333333,50748.843720370685,15.141478337009412,24.458243019425723,10.834644112809418,10.642402011731438,3.196967296911523,3.013635798677197,0.39167342350266393,0.3721269892734078
2023,1,1,40,59469.0,72015.99692869399,13.313636796762458,26.983165208725325,11.184643552885163,10.802071299556795,3.2952131607526893,2.8999510252675935,0.7048666429218146,0.7429669663412558
2023,1,1,41,44639.333333333336,47114.15742079983,13.111090368733105,19.47513559607487,10.760328817021321,10.5908562995085,2.969138554303812,2.8103658252025063,0.3200613617193368,0.3141002026445148
2023,1,1,42,128549.5,48673.29705757462,13.127018515565341,21.96803923578303,10.792885843651481,10.606090210801659,3.0895886350665838,2.9220024953213954,0.3402924862236794,0.3165437258362829
2023,1,1,43,18092.0,51152.01467509493,12.59565922322942,21.612559033436046,10.842557158191491,10.68361031841989,3.0732745824544256,2.9279091346757453,0.35384817850310174,0.3316459866642015
2023,1,1,44,318967.0,60783.00891773134,12.659484105461274,27.02685880303359,11.015065570308485,10.895566283630972,3.2968311420307845,3.1836829515443448,0.2603833630784431,0.24891445321299854
2023,1,1,45,135560.66666666666,61638.14875224756,12.92067512208556,27.976636073788328,11.029036255761884,10.890652869911383,3.331369735911969,3.2041739088086203,0.2636626275575432,0.24860342053537
2023,1,1,46,141135.33333333334,61497.48326253735,12.839428350094234,27.681440256643725,11.02675153039689,10.903127931314222,3.320762161789029,3.2035381873641793,0.2648475186550263,0.24873029569331617
2023,1,1,47,738311.3333333334,62178.98905228434,12.635665441949962,28.068861732874076,11.037772425074083,10.880627602750945,3.3346608385317715,3.187496574726062,0.32673784037942405,0.3079040396573492
2023,1,1,48,20451.333333333332,72406.92604252939,12.254783714183265,26.99396244215335,11.190057237369189,11.056122083022663,3.2956132277455783,3.1602408028382127,0.33141549287209704,0.32609675990357134
2023,1,1,49,73772.5,67671.93810783557,13.065058117862348,29.295781122169757,11.12242686939299,11.014551489793726,3.3774435166511645,3.2771916376428427,0.2356408796889404,0.21955597688681588
2023,1,1,50,51267.666666666664,57765.53375527923,12.887902056526856,25.83579448729162,10.964147574990058,10.888391773399912,3.251760913629053,3.182049723030044,0.1664250382588357,0.15563988380870605
2023,1,1,51,5020.333333333333,45693.42487001105,12.317508797556604,21.192274204761873,10.729709690601425,10.63723367451681,3.0536366909556083,2.9548238923033376,0.19307920955426827,0.20284394503129757
2023,1,1,52,2879.6666666666665,49784.641426829876,12.581548790369256,22.901681938821675,10.815461810362379,10.66593233197741,3.131210354973204,2.985426762146867,0.3523603138829128,0.34255542534771316
2023,1,1,53,35836.5,46845.7337561068,14.513173254456582,22.23961434884776,10.754615221750862,10.633280467358581,3.1018751288025275,2.9944017661565354,0.21937688219171234,0.2042758516202841
2023,1,1,54,31597.0,40154.167800756266,12.885885790845121,18.89740751124895,10.600481519734817,10.493454464744618,2.939024743940121,2.8437514981038476,0.21151878183436512,0.1820631028924684
2023,1,1,55,36276.166666666664,74244.0183572,13.239904988123516,32.23981855560164,11.215112492573956,11.070900964561423,3.4732022896946018,3.3394051783926364,0.31146593117972865,0.2967936886982542
2023,1,1,56,15629.666666666666,48717.708730054044,12.371984900509714,22.26631602121444,10.793797871927577,10.692880432075603,3.1030750442002466,3.0068863880743626,0.22079064134108947,0.2217471099035396
2023,1,1,57,4888.5,55500.73541138954,12.465923425727047,24.19945391997971,10.924151550302405,10.83275460043941,3.1863300676179462,3.1076303720482783,0.17642215413283563,0.16203030203734936
2023,1,1,58,46219.833333333336,53460.82921968732,12.506723304209231,24.140237776229053,10.886704500603056,10.758263371398037,3.1838800655060893,3.0625107259857263,0.24974238318775346,0.23672752226222157
2023,1,1,59,12377.833333333334,42592.35193171847,13.31959012751289,19.9557117504647,10.659429984020356,10.587281209035844,2.9935154056403475,2.92517636884604,0.15247775262463636,0.14407328176679338
2023,1,1,60,7969.5,40980.048355938954,12.799841060710625,18.90989165373134,10.620840601780944,10.514074660830836,2.939685153078666,2.851255895916648,0.2431861656561831,0.20065334246061298
2023,1,1,61,200861.66666666666,55584.41416990006,12.736277869512186,25.022180242996573,10.925658120256236,10.775756494984927,3.219762641250152,3.0830099416910244,0.28896553769839356,0.2632624942936809
2023,1,1,62,175895.66666666666,52104.58042350553,12.55613081239447,23.587411251023656,10.86100813987526,10.755446128104422,3.160713148144873,3.0630393857849545,0.22256604173425365,0.21078892175467584
2023,1,1,63,68519.16666666667,59491.63829854284,13.27309390316578,26.654439184654088,10.993591048860463,10.854877627707076,3.2829557102730096,3.1507728266414783,0.29589406491764986,0.2917531608555292
2023,1,1,64,362750.8333333333,55860.50765681564,12.808867427366351,23.574794901775267,10.930612927478203,10.768753938118174,3.160178128663025,3.0253196202122195,0.32445270411576604,0.27452059777683274
2023,1,1,65,95890.33333333333,66995.43685729345,12.619982549509682,28.21760815463613,11.112379789446182,10.987430257612314,3.339946185732516,3.2223720164007204,0.2808617808819143,0.2627140681283511
2023,1,1,66,252262.66666666666,42206.6127983598,13.139966542809876,19.82867532435793,10.650332189130658,10.514473690179008,2.987129138704712,2.8659415665954118,0.2706713467868056,0.24064982661347978
2023,2,1,0,2686408.3333333335,,15.747403999764245,,,,,,,
2023,2,1,1,1068376.8333333333,80530.14135849345,15.89488665126116,36.93092631699575,11.296386820140011,11.120194394450296,3.609049311598794,3.4441651427157645,0.3576687733253102,0.33957929825152566
2023,2,1,2,631819.5,76776.24581599889,16.03789742692863,35.609988546705225,11.248650572022031,11.100601310013252,3.5726261756582174,3.4385543103822194,0.2970579193305367,0.2749103620584073
2023,2,1,3,15292.5,79225.82602176488,17.475472726281946,37.23208528576227,11.280057610781384,11.159628833011746,3.6171708972148724,3.5011302412768437,0.2512116167186226,0.2535368879932282
2023,2,1,4,86283.5,95787.46065817213,16.824441134940827,44.85934355249216,11.469887064558723,11.402113004187605,3.8035318957369384,3.7355466493095464,0.1488409642277707,0.15147456589302613
2023,2,1,5,166892.5,78618.94014088095,16.241760414638165,37.2254232979867,11.272367918102498,11.135017534181939,3.6169919498415295,3.484970240674422,0.29899873702548285,0.28873037091863285
2023,2,1,6,96555.0,74040.08432164887,17.737669376693766,34.94364889896945,11.212361905552923,11.105667453184422,3.553736732537893,3.4478219276928748,0.21709724227875962,0.21810750027705483
2023,2,1,7,93137.66666666667,126606.56821145589,19.359976092737273,54.87977439937173,11.748839668953485,11.489248055533992,4.00514487261056,3.6585781971781666,0.4869685937813797,0.6604917922651399
2023,2,1,8,604153.6666666666,80661.0864720492,17.05513718640015,40.517593990453804,11.298011538111615,11.204151674832016,3.701736299297032,3.609214341640577,0.2088448264562944,0.20936881658423312
2023,2,1,9,268397.1666666667,74929.47212459316,18.79307344898698,36.93283449027311,11.22430257841953,11.118250418768142,3.609100978972806,3.503379650230825,0.2351365437893766,0.2342175661121414
2023,2,1,10,65567.33333333333,54760.85538296869,19.663490966029833,25.572987484157125,10.91073089986053,10.7617336396968,3.2415366179948664,3.091469294043746,0.30581394785667027,0.31062829786102414
2023,2,1,11,953174.8333333334,50380.144238012275,17.19699516475554,23.977150280132932,10.827352412903938,10.723884460087492,3.1771013051787227,3.075064601318511,0.22746796943269987,0.22008778046127428
2023,2,1,12,28067.666666666668,49577.917457282434,18.388169067610416,24.57885030847284,10.811300801021694,10.733152008797877,3.2018863295888442,3.124974645110364,0.18632143632860151,0.17888377053917326
2023,2,1,13,107786.66666666667,80155.77580770338,17.451289584364176,37.815014548477585,11.291727217920467,11.141947541240642,3.6327062340356084,3.4906663287650743,0.30201156190944517,0.29291453983213844
2023,2,1,14,139466.16666666666,54268.93224395171,17.515077133402723,26.32296739006612,10.901707191978172,10.793429853613533,3.2704418428857935,3.1650280666448745,0.22318941705569262,0.22053920327542895
2023,2,1,15,81041.0,147436.7393188917,18.918103182339802,61.89477460464835,11.901154476790502,11.671661841038585,4.12543575940106,3.9286255540508206,0.43300033610110705,0.3750864608356506
2023,2,1,16,254750.66666666666,64859.59157524317,16.764079125733396,30.751264449485095,11.079980082820871,10.891701464207184,3.4259311137155684,3.2480078114656767,0.42132046484860936,0.4073224037370609
2023,2,1,17,231517.66666666666,57914.445821362846,15.295319435665817,28.312440539300763,10.966722128493295,10.859182661747793,3.3433013030839,3.234625973411496,0.2186000725594821,0.22607062376038178
2023,2,1,18,44292.833333333336,54082.865070406195,15.879483889417777,25.750812028635444,10.898272687686436,10.807885561544246,3.248466161705163,3.160424998302115,0.20103677363057118,0.20069737374000396
2023,2,1,19,8722.833333333334,55702.75667655513,15.282534344727438,26.24646735199018,10.927784916190804,10.827040761108966,3.267531402914286,3.1711849056602244,0.2129773009056772,0.20210379452231925
2023,2,1,20,128540.66666666667,87691.40217078266,15.942306196223244,41.84627913268963,11.381579136733173,11.182418782370894,3.7340028833696395,3.5359316892335038,0.40282917582527594,0.3998352193860149
2023,2,1,21,654462.1666666666,61223.2795853273,14.927010041069348,28.54204802062708,11.022282781553404,10.747232913398372,3.3513783691316603,3.1075631524543295,0.5276026255081103,0.47206787949866863
2023,2,1,22,189882.5,46325.79084682832,15.031132410833015,22.568787729173295,10.743454122714875,10.630113264940647,3.1165678777862733,3.0108360470469004,0.23534932425560376,0.22034593527548038
2023,2,1,23,154198.16666666666,38438.67623306244,14.29855737584429,18.992069224011033,10.556819425266031,10.446012470445641,2.944021482764368,2.8409489618992496,0.21485669481486952,0.20119692545390533
2023,2,1,24,41902.666666666664,46594.58714117173,15.774875107391734,22.588279980968966,10.749239657598286,10.62853224198811,3.117431186853701,3.0091428701274334,0.24209492521477247,0.21807770692983794
2023,2,1,25,113488.5,45480.68745811041,14.324626136862618,22.14940592458073,10.725043063363918,10.620499271513538,3.0978106755707775,2.9939670277855055,0.21067076260781986,0.2022707377559138
2023,2,1,26,2059.1666666666665,39700.76614568686,14.335410764872522,19.637210606388926,10.589125764869092,10.39153600663254,2.9774262666883744,2.7899586451831144,0.5565093125076422,0.5382949400003443
2023,2,1,27,2278.5,41478.944465419394,14.591909882232462,20.253762861453353,10.632941215187946,10.535016602441,3.0083405966087753,2.9113850885890598,0.19954809785461428,0.19721488826412775
2023,2,1,28,29765.666666666668,43070.482848517524,14.357705186064482,20.681812420684057,10.670593188770491,10.542750574244849,3.0292546870322643,2.9059255043156385,0.280037238763212,0.26264555343845564
2023,2,1,29,135822.33333333334,45482.642064161286,14.108028380212383,21.784696569456177,10.725086039056682,10.587134855133614,3.081207731056346,2.954090425049172,0.28401106258364106,0.26066198440482025
2023,2,1,30,272055.3333333333,49964.85545306744,14.458590531828085,23.96005111532676,10.819075146327979,10.672394823966886,3.1763879066058562,3.0403790632926677,0.28034287209835745,0.25774505106946
2023,2,1,31,214696.33333333334,44875.91062830579,14.801174992896943,21.85141841262215,10.711656418137464,10.605260098165198,3.0842658353441332,2.9844593247216253,0.2116726131292886,0.19981325383073822
2023,2,1,32,34373.666666666664,28814.92868993009,14.309461700332621,14.868549195292116,10.268648889112546,10.105234310481638,2.699248189827342,2.5350383005984245,0.3596288774124503,0.36055099485595515
2023,2,1,33,5119.5,62655.210690885724,15.116580395220886,23.972526204019005,11.045402128308371,10.90287333435181,3.176908433131722,3.0379410089697916,0.40851634017966854,0.3729898765707409
2023,2,1,34,46135.166666666664,66297.0056809861,15.065911398029705,30.191077632990392,11.101900011971352,11.000925697354797,3.407546438112844,3.3031610932556617,0.2041347008725201,0.2134843117000578
2023,2,1,35,20791.833333333332,46696.74186099946,14.271645117073211,22.033807992141472,10.75142967379271,10.610633346398993,3.092578000717314,2.960254020689023,0.2884148199804466,0.2637846470263644
2023,2,1,36,346531.8333333333,34352.87413521181,15.115639688705848,17.920529622074884,10.444440966208752,10.275167191255415,2.8859469619133358,2.723596136527532,0.3487360937002979,0.3343541071740518
2023,2,1,37,329152.0,37976.64334443824,14.099474812042256,18.882001562980122,10.54472660090392,10.41718725253234,2.938209170086517,2.8144431299776325,0.24461747919934781,0.23642781154246725
2023,2,1,38,40590.5,33399.18324936669,14.03753751904181,16.360503634547502,10.416286725054022,10.26998033514216,2.7948701152085613,2.665537428615474,0.30389830495899955,0.2638897009824641
2023,2,1,39,284275.3333333333,43328.354316396384,15.182030097581455,21.604504204064785,10.6765625337772,10.494140671372417,3.0729018209171475,2.898469211515659,0.3766276424107814,0.3680810921746433
2023,2,1,40,10750.833333333334,53018.65445292788,15.723153243934577,22.341409287581563,10.878399101417024,10.618262453010404,3.1064418752494687,2.8412314851858524,0.5181176902089741,0.5630823868345459
2023,2,1,41,20038.0,40159.74355358596,14.94094553681339,18.401928918567357,10.600620368727343,10.391590142390157,2.9124554916512286,2.7205980172300133,0.4520752494713364,0.4397492264411922
2023,2,1,42,55957.666666666664,40595.591578191765,14.830067968047274,19.734651049788877,10.611414757876455,10.421433013194443,2.9823760271641544,2.809734651234582,0.38309526051104315,0.3736860373165873
2023,2,1,43,1910.1666666666667,61068.87618198258,15.113864409737369,29.50510241791723,11.019757623918869,10.71521745894351,3.384563211708572,3.1017746062838887,0.36908109265592254,0.32397005432591375
2023,2,1,44,12003.166666666666,54373.912637181464,13.86481345200572,25.131526369826297,10.90363977071391,10.777668448115001,3.2241230886614747,3.104315029008498,0.25966270401665464,0.24098978846937857
2023,2,1,45,5494.5,51748.00447912204,14.212818879485546,24.49281656302561,10.854141149594216,10.719713418516738,3.1983798730495563,3.0730150345582348,0.35118579603915234,0.32509269632807103
2023,2,1,46,10016.166666666666,46758.53941167839,14.278815914271927,22.619480025164105,10.752752179248677,10.635409766362804,3.1188114830304845,3.0107778411331734,0.25434703834121297,0.23710251275975533
2023,2,1,47,23904.166666666668,52590.70950905752,13.750768694439603,24.926283052749724,10.870294757822627,10.672996560187892,3.215922791062638,3.0350503328127836,0.39840179797982095,0.3702781015257197
2023,2,1,48,1066.6666666666667,73321.25713667911,14.434375,31.262638869702137,11.202605847696983,11.02094576912906,3.4424237382475185,3.2962231044966943,0.41860904566346796,0.3257150872295517
2023,2,1,49,19249.333333333332,57238.42387239324,13.707955253861606,26.115767990843096,10.95498069786838,10.79773109613738,3.2625392694912017,3.1105081011821976,0.33216482066926617,0.31847822439284784
2023,2,1,50,2366.6666666666665,44590.07936867897,12.915633802816902,20.829720715590692,10.705266677585827,10.567233687516298,3.036380847386101,2.915084364199316,0.3739447299539873,0.3300873155801617
2023,2,1,51,380.5,38435.26555814322,16.9347349978099,18.14816531882073,10.55673069103849,10.509693378856138,2.898569471238997,2.8091242957607863,0.1095704086410178,0.23353702494949855
2023,2,1,52,2974.3333333333335,43027.35110962134,14.843438305502634,19.756312249673435,10.66959126478422,10.473662537310522,2.9834730478619105,2.827929170953367,0.4574213111521774,0.3721152583421963
2023,2,1,53,133789.0,40909.83883124611,14.534403675439187,20.310818234575688,10.61912587132258,10.53024323520925,3.011153662056789,2.925247467917271,0.18805576679689417,0.18125346618795393
2023,2,1,54,24640.166666666668,33046.25803635184,14.65236301161383,16.44574022025935,10.405663617579405,10.283815619830467,2.8000664905014947,2.6817115129786937,0.27335076486144516,0.26900932377487535
2023,2,1,55,2694.5,74850.82155224553,14.656151419558359,34.817173353342234,11.223252365769444,11.020164156092662,3.550110752220689,3.3549410802403083,0.3430141442257715,0.3221796886055556
2023,2,1,56,2453.1666666666665,40159.42729807598,12.544602214824378,18.77859074378239,10.600612493757852,10.535152141405057,2.9327174306972768,2.8674241869064137,0.16688727685082916,0.16300264913573181
2023,2,1,57,247.50000000000003,31682.680526043783,12.280134680134678,14.857078686755923,10.363525454913434,10.30404666140985,2.698476430916073,2.6524511039354812,0.12021035393790427,0.09490893753178795
2023,2,1,58,9408.333333333334,41787.43186540083,12.558901682905224,19.48501523189804,10.6403509002251,10.536167478279438,2.9696457205146696,2.863007608364965,0.2311037984654424,0.2241904990088486
2023,2,1,59,4460.0,36197.5002684061,14.493124065769805,18.00058247245465,10.496745342070621,10.389008503112862,2.8904041169534187,2.7962651702805834,0.24684445238392283,0.21923043742454212
2023,2,1,60,9110.833333333334,36776.47455101992,14.057404189152107,18.21784729266352,10.512613641226498,10.303167010767819,2.9024017340646044,2.7043624941907787,0.40103074542909234,0.37969062701555223
2023,2,1,61,50639.333333333336,42602.71290871536,13.351821377321976,20.21288270781176,10.659673213532944,10.542519198312403,3.0063201589385335,2.8942633084104883,0.25098109400069174,0.2370854491892323
2023,2,1,62,35015.0,39531.89663088794,12.816421533628445,18.664823605387387,10.584863134671446,10.485876526974968,2.926640661766701,2.828998861780139,0.23384027653974612,0.23400757772817316
2023,2,1,63,29287.333333333332,48524.23507128337,13.738533154264642,22.552562464825257,10.789818644312415,10.692418495822347,3.115848694296523,3.025800511661275,0.19566504905493473,0.17916554625337727
2023,2,1,64,49691.666666666664,39434.061524763,14.104008049639443,18.66834360268371,10.582385227520842,10.40899254584688,2.9268292338900963,2.769607921131871,0.3573039649775641,0.314153161820994
2023,2,1,65,3786.5,52746.305329682495,14.343324970289185,24.258023752008736,10.873249007741858,10.665634084616721,3.1887474390274715,2.981032095421651,0.5023534801929351,0.4865538178434777
2023,2,1,66,62283.0,36415.66806374027,13.97359900240301,17.85293141114457,10.502754402323092,10.385522371811918,2.8821677194562274,2.7750886562931445,0.25519715204786786,0.2295649684147856
2023,3,1,0,742778.1666666666,,13.317936781932874,,,,,,,
2023,3,1,1,151094.33333333334,73191.61833929604,15.024803489210932,33.22842577682329,11.20083618983184,11.0108434380778,3.5034057076910243,3.3196642342736524,0.3823512704170492,0.3812029209542955
2023,3,1,2,87102.16666666667,73556.32644905773,15.533387037827225,33.55239178369059,11.205806737953262,11.03145737808047,3.5131081510015765,3.355323103582715,0.3692153094320364,0.3444976018219845
2023,3,1,3,1665.3333333333333,67905.3267592361,17.722578062449962,32.452665199480485,11.12586976053213,11.076910061235033,3.4797825722729567,3.4363774110352057,0.10656788541122503,0.09745570911140228
2023,3,1,4,32290.166666666668,92732.29487585013,16.20350880815109,43.459141515030964,11.437472071421295,11.337879066981564,3.7718212211824445,3.668054048586142,0.22968221225852434,0.24260364929547676
2023,3,1,5,75494.0,74296.26336946637,15.109147746840808,35.16732848012821,11.215815938316934,11.0737498472653,3.5601174834110685,3.4195022960103465,0.299980769593244,0.30662268395030795
2023,3,1,6,6992.5,76691.84564906423,17.78619949946371,35.49095102819405,11.247550666828218,11.13706064379965,3.569277763374435,3.4641274532364674,0.2312630943913904,0.245740161278737
2023,3,1,7,6329.0,115596.27246550245,19.022120398167168,46.149154749850524,11.65785898959242,11.3056234822475,3.8318786455016225,3.430941162646793,0.6293316074113958,0.7079794845741689
2023,3,1,8,16420.833333333332,83675.7244900599,16.660177619893428,39.53342158033205,11.3347041844234,11.203783440984521,3.6771464301105294,3.545447928643179,0.32591183232533627,0.318297461899772
2023,3,1,9,6297.666666666667,73193.55952302452,17.22510982903721,34.39302089587029,11.20086271142039,11.070704137614293,3.537853662862229,3.4107433493748696,0.256189994397208,0.2473359138863726
2023,3,1,10,7825.5,66418.53320082866,20.977530722211572,29.795782812847676,11.103731410989639,10.931499849081517,3.394366867149582,3.2374732253515486,0.3487114060882752,0.3295236159185667
2023,3,1,11,65624.83333333333,47693.52371084551,16.327218608809165,22.457231564969142,10.772550896397581,10.667748579520463,3.111612681026037,3.009914834985135,0.24661433313117054,0.23811076794262626
2023,3,1,12,1798.5,67768.93010868155,17.49606153275878,34.07056551571059,11.12385911091216,11.038894755318246,3.5284338301764633,3.417889379565947,0.1650460859429996,0.23845146927430147
2023,3,1,13,6842.5,73137.43338813775,17.192010717330408,34.24633571249402,11.200095599320315,11.089904296105557,3.533579572488246,3.404791898158396,0.20475667068630357,0.26171840955743153
2023,3,1,14,18460.333333333332,46546.95127891504,16.006157346382334,22.48217074655388,10.74821678708921,10.599725633860299,3.1127225838223422,2.9665502583101824,0.3262815448702514,0.3252920748740139
2023,3,1,15,6790.333333333333,133874.82639059922,17.72087771832507,56.563098504489574,11.804660510946963,11.602661688667657,4.035356802699007,3.854948809503286,0.42000632848784014,0.3755825811277465
2023,3,1,16,38416.333333333336,69557.89773860648,15.50325816276063,32.029513391349994,11.149914745737314,10.860924657226102,3.4666577712281104,3.174591771138937,0.5665386315463244,0.574748950073981
2023,3,1,17,19321.666666666668,65033.40873380456,14.423686707495904,29.571866569228344,11.0826563973551,10.886331557225281,3.3868234556201653,3.197122256994154,0.34611428313555775,0.35406536717382997
2023,3,1,18,15847.0,61138.0758365497,14.40722744578364,28.436696456401545,11.02089012351599,10.898322077705854,3.34768043983376,3.2292966943856602,0.27129199986102204,0.2584110577494857
2023,3,1,19,1790.6666666666667,54782.18675237363,14.98771407297096,25.365421327568423,10.911120360829639,10.844255016386562,3.233386881468849,3.1646272181066997,0.14376922540919934,0.15077013825761956
2023,3,1,20,44691.833333333336,103289.23645031701,15.57365066697495,49.19154070197834,11.545288452682883,11.372838028260619,3.8957216717637504,3.721900039501684,0.4111582309596898,0.4074030621689771
2023,3,1,21,150967.83333333334,50510.64966201249,14.16825880126782,23.45009102034037,10.82993947742675,10.618591086559759,3.154874376349164,2.96105546744741,0.4379093139196048,0.4009721585322141
2023,3,1,22,6083.833333333333,46354.013686720726,15.167739637837986,23.23874164213891,10.74406316242761,10.63775308823079,3.145820784310304,3.048290422057698,0.2187337296885495,0.19950332239975313
2023,3,1,23,14289.166666666666,38845.69698543065,14.349145623141075,18.393695394808134,10.567352589955709,10.449520303452088,2.9120079643133847,2.802549055564974,0.2654043137623007,0.25168570311551314
2023,3,1,24,4948.166666666667,55384.735789334656,15.305870861261745,26.595834834443323,10.922059307502437,10.786484528713205,3.280754618355612,3.1548779736025327,0.3223950353119268,0.3006801617661825
2023,3,1,25,9124.666666666666,47527.62596327435,13.839300065755827,22.746532764183055,10.76906642018628,10.630498526281132,3.1244127278120137,2.9914891328810653,0.34047728436265257,0.32723879723124
2023,3,1,26,2832.8333333333335,45397.82376929315,14.048126139907042,22.525117704801925,10.723219448283473,10.67320068411521,3.1146310289991472,3.0754920349483035,0.1070905300805296,0.08393618734625956
2023,3,1,27,464.33333333333337,45626.12118780578,13.966259870782483,21.51008924827013,10.728235664562161,10.711710343871788,3.068522092423524,3.051610009578638,0.035531530410296115,0.035409998647925586
2023,3,1,28,38879.833333333336,44836.31408585917,13.55990895022698,20.525648343953723,10.71077367233233,10.559741284236276,3.0216752428519627,2.8863719418441414,0.33310416164831197,0.30610787319156707
2023,3,1,29,75166.5,37246.49415240594,13.269603702003772,17.812872644003786,10.525313102664516,10.409180296423017,2.8799213781751662,2.7769328319856985,0.25352833050853363,0.23007006336076188
2023,3,1,30,54036.333333333336,46369.507413937616,14.195855874750938,22.285008999686802,10.744397354381867,10.576862345580984,3.1039142102434814,2.9485508734758814,0.32586683224280333,0.2959765736657789
2023,3,1,31,21835.5,46693.07999196695,14.400051903246242,22.305581458123577,10.751351252633707,10.611157859732858,3.1048369367508104,2.964861909129128,0.31861939454302635,0.3280922306212658
2023,3,1,32,5354.666666666667,28510.274377507554,12.656810258964143,14.029553632848437,10.258019805764567,10.164469452874139,2.6411660784156994,2.5435847613381686,0.18945440113000273,0.2006361250204412
2023,3,1,33,6942.333333333333,60045.692414325655,13.673548758822681,23.06223087121278,11.002861091618364,10.932102915085709,3.1381962521917472,3.0405248079076728,0.15169156312077,0.2054668704161121
2023,3,1,34,37774.166666666664,71159.28393326401,14.22593041981954,31.742822875590573,11.17267607895882,11.024821123643092,3.457666648622784,3.301532998858456,0.27867269080065893,0.2939121362290575
2023,3,1,35,57841.0,42919.88230743033,13.2173141312679,20.502784353445133,10.667090454602718,10.516664848169825,3.020560699040648,2.870305028995093,0.3202091689759291,0.31682440941717055
2023,3,1,36,112132.83333333333,32887.80927618391,13.583485063102245,16.253983363245634,10.400857329369215,10.234768732732427,2.788338008782171,2.6386274353775887,0.348908247108561,0.3223428571966203
2023,3,1,37,43773.333333333336,38609.68617233079,13.873537922631739,17.79779411772512,10.561258461080488,10.433571137035926,2.8790745236480833,2.7633945575842542,0.27507856261627983,0.25391382246814403
2023,3,1,38,48487.833333333336,35707.9080003031,13.204783330526215,17.08389211957545,10.483127455850966,10.362102305778665,2.838136038254029,2.7243977678765754,0.276300316082809,0.2651787357944135
2023,3,1,39,31995.666666666668,39263.15939484693,14.395251440299207,18.845812921277805,10.578041938226013,10.41549358651449,2.9362907630281843,2.782431179947924,0.3641621151681115,0.34652268708934375
2023,3,1,40,1247.3333333333333,38828.29961499298,12.35595938001069,16.130945457251126,10.566904631269662,10.382340204720483,2.7807395052520154,2.5277949032113196,0.43414733321611393,0.5778362570335746
2023,3,1,41,3036.6666666666665,27729.496284836714,14.016684961580681,12.505708177505515,10.230251973455179,10.091860445779533,2.5261851942738986,2.38339874959911,0.3376457762185523,0.3125942379728457
2023,3,1,42,19754.666666666668,34918.92600482756,12.944401322894167,16.6221477305528,10.460784253605068,10.313595464753414,2.810736006743415,2.6721707196404756,0.32703885086094503,0.30521150729270274
2023,3,1,43,751.0,41381.97410620724,12.195295162006213,16.322322038846323,10.630600656933165,10.480770674992762,2.7925336212069207,2.616928974886696,0.2701764862251722,0.26503552681386877
2023,3,1,44,34804.5,53008.25894127015,12.915839426894031,24.306325729884705,10.878203009474738,10.736747792702177,3.1907366345718757,3.0513920409940236,0.28208037858239327,0.2729425173802305
2023,3,1,45,22440.666666666668,48999.63431952444,13.262009447134664,22.766939723903775,10.799568114198069,10.686906249521224,3.1253094715660126,3.0271514922786915,0.24266562275833894,0.22408244533125127
2023,3,1,46,18267.666666666668,49483.3914977034,12.957648303924966,23.2896780409618,10.809392366956653,10.71183433830048,3.1480102598832147,3.059422439370489,0.20388647490757641,0.1887189119481301
2023,3,1,47,72863.33333333333,50455.265707725826,12.683841895786633,23.025511445874127,10.82884239511657,10.690348655466249,3.136602794527643,2.9987913987219352,0.28300801754090676,0.28396420238206804
2023,3,1,48,1311.3333333333333,76567.08892016386,13.043213014743264,28.501072955465947,11.245922614841463,11.140878976147182,3.349941734126162,3.291501766631564,0.23006806602192229,0.13780793093370763
2023,3,1,49,14489.666666666666,59220.847847420024,13.387080448135453,26.74570052084104,10.989028918463262,10.840130487003883,3.286373732230997,3.141835534783164,0.32484977743575055,0.307816941781021
2023,3,1,50,3016.1666666666665,54884.18603109615,12.788970547604576,26.63884263310509,10.91298053556772,10.821693871663813,3.2823704000251777,3.192688435150582,0.18057855690882682,0.17675347450394097
2023,3,1,51,404.6666666666667,47692.591207523925,12.443163097199342,23.63742954884995,10.772531344215956,10.759868801430597,3.162831453497848,3.1536701787313075,0.025583754746725085,0.017803857013374398
2023,3,1,52,193.66666666666669,38840.39773805986,11.783132530120481,21.306129372666717,10.567216162776615,10.541064008777035,3.0589947952942316,3.0287967427080336,0.05568955751548786,0.06918117931359175
2023,3,1,53,8645.833333333334,43460.911909038085,13.988356626506024,20.732344924247066,10.679617236310905,10.562514232127254,3.031695037476688,2.9145740510890406,0.2221154929447161,0.22141319112407287
2023,3,1,54,5695.0,35592.298295410525,11.59332748024583,17.510584470001127,10.479884553418687,10.364916256712924,2.8628055249526305,2.747084714775256,0.24869419980658886,0.25463074538125685
2023,3,1,55,4918.666666666667,58793.54114728942,12.896110056925995,25.998648949999886,10.981787283419523,10.80825378893658,3.2580445732097916,3.075292887763253,0.2955497927761039,0.3037570864795077
2023,3,1,56,1852.1666666666667,39555.504717937576,11.983622784126698,17.938382102256742,10.585460147276443,10.509299332622712,2.8869426687431505,2.8252026939076864,0.18334199760933387,0.1504121792074132
2023,3,1,57,666.3333333333334,44260.413928488204,13.605302651325662,19.508311450170865,10.697845965763934,10.593408937611857,2.970840602974149,2.885827424197015,0.18848186523752805,0.14849305591052983
2023,3,1,58,9846.166666666666,45526.85471901365,12.580022682262133,20.086745939016836,10.726057644436192,10.619676765008595,3.0000601915421976,2.9032101323016817,0.234481578127663,0.2124513720722454
2023,3,1,59,2368.0,42540.296868636106,11.957066441441441,20.766373472676698,10.658207067306185,10.547484573076307,3.033335018534942,2.924484101297725,0.21623552089694068,0.21255514450743004
2023,3,1,60,2991.5,35504.97268301042,12.890634575742382,17.02714571871746,10.477428041231597,10.323375688064768,2.8348088774988773,2.6944740399670923,0.36598205998303485,0.3196835794823156
2023,3,1,61,58098.833333333336,44164.17757733944,12.40590602794663,20.183348784708116,10.695669277412719,10.504559020552968,3.0048579468818852,2.8415004169066136,0.34081262469279455,0.31936356705677793
2023,3,1,62,38993.0,40896.94962728017,12.611323399926482,18.86416718514377,10.61881075800948,10.500980959193583,2.937264206411794,2.8237978157948462,0.2725039604677313,0.26264426347771674
2023,3,1,63,15854.833333333334,49646.923904907475,12.983464558651935,22.610506560241916,10.812691711963005,10.653683591736632,3.1184146902955154,2.978605720392909,0.3381615316849315,0.3149603721732852
2023,3,1,64,207658.83333333334,47008.9790767056,12.865209201310162,20.728487297849167,10.758093906630805,10.609376559472919,3.0315089521425413,2.898481454681851,0.31907129116435645,0.289157386519445
2023,3,1,65,10569.666666666666,56137.27347404378,12.82077643571226,21.80051929833066,10.935555282189345,10.818277740939637,3.081933790535669,2.9484368280410167,0.2645584407677175,0.2838394483595508
2023,3,1,66,126882.33333333333,37213.34386093395,13.145318365835013,17.93600466826424,10.524422681880727,10.390084225456398,2.8868101266032,2.762512913394935,0.29028813502349265,0.2660937558962091
2023,4,1,0,707924.6666666666,,14.663919513093203,,,,,,,
2023,4,1,1,186442.83333333334,67155.27400559354,15.594501263568725,31.39640363271812,11.114762739531315,10.953130640577424,3.4466933523648207,3.2881435721860335,0.34184562881203645,0.3411589725183981
2023,4,1,2,131794.5,66399.12206460048,15.611566997611181,31.614229342965917,11.103439113458448,10.96285204529699,3.4536073149036772,3.3195164490348006,0.2701213747389464,0.2614569908285487
2023,4,1,3,1048.3333333333333,72495.95833889885,17.10047694753577,33.5219832122711,11.19128609223917,11.159341553784532,3.5122014389075873,3.492664608044585,0.06168232226282272,0.038633213114026156
2023,4,1,4,7763.666666666667,82666.59859547169,16.325662272980978,39.1026889645134,11.322570913036795,11.243074777789529,3.666191236097602,3.5898117378025893,0.18265054909417588,0.17512625127545062
2023,4,1,5,45601.833333333336,69691.41032534656,15.785739608422174,33.5519182942778,11.151832351354308,11.01263476834353,3.513094038959824,3.3765678528725465,0.3102054755880859,0.3019262584099554
2023,4,1,6,11020.666666666666,70112.85469812517,18.23035509043615,33.13465846970164,11.157861432789357,11.050325778738413,3.5005798182500594,3.377554946467611,0.2707041108610138,0.32427330570687374
2023,4,1,7,9982.0,107682.69217967993,19.180792092433045,45.18972841881757,11.586944146234666,11.301864744110333,3.8108698136422965,3.4485540955419656,0.5504110254275336,0.6539239751214971
2023,4,1,8,100118.0,77633.85505542652,16.281684279217192,38.74392555165839,11.25975888751785,11.13327721016167,3.656973983554027,3.5249730572943045,0.27734624281910886,0.2938584024874471
2023,4,1,9,20139.333333333332,64750.77888247775,17.258995663543978,31.627374801981794,11.078301008562452,10.952551079628593,3.4540230367811637,3.3267028219340324,0.29779384632134503,0.30195597816277675
2023,4,1,10,10023.5,56060.80722145551,20.003392028732478,26.238698200532923,10.9341922238562,10.786791433350572,3.2672353515850308,3.129128581666195,0.30877524307967,0.29075956799526387
2023,4,1,11,174953.66666666666,45861.90626056996,16.11174387123448,22.137481332106397,10.73339012250331,10.598234297500825,3.0972721598384165,2.962821279688193,0.3057660989441857,0.298008265249735
2023,4,1,12,2013.8333333333333,43291.50362938698,17.372341305967062,21.673796795346476,10.675711673706392,10.578259106107875,3.076104009953784,2.9828227104783465,0.2671779877871386,0.25617036368002816
2023,4,1,13,14209.666666666666,74203.33886286333,16.673133313002886,35.30364916168146,11.214564426294881,11.050057402251513,3.5639863342813802,3.406399209150815,0.3816895466334386,0.3619329196059517
2023,4,1,14,40978.333333333336,50279.42988147158,16.617236751128644,24.11948870051873,10.825351323767018,10.707454426714918,3.183020173480019,3.0644895649512236,0.30516633700406054,0.3021259726349045
2023,4,1,15,12400.333333333334,109019.75082436971,17.785140184403645,49.72276924330289,11.599284345020079,11.417628671139594,3.9064629618594613,3.729659364750169,0.3297420360410217,0.3388068186870249
2023,4,1,16,31967.166666666668,72329.16845732984,16.298504194407805,32.313102670381866,11.188982763265832,10.820012290118443,3.4754728034024702,3.1703572745123934,0.7094989629833826,0.6385803132727326
2023,4,1,17,60353.5,53457.31403522866,14.352070164392565,25.858970514673537,10.88663874591722,10.734636907000029,3.252657562600522,3.0924771431275295,0.28637953133983696,0.30534810170065807
2023,4,1,18,7845.5,51179.825036967784,16.08161791260383,24.447352620443496,10.84310069112583,10.746363736294303,3.1965219327759984,3.0960635331159057,0.21042526413579868,0.21520795666922096
2023,4,1,19,2109.6666666666665,62804.74106862638,13.087533575604361,30.217544472326402,11.047785844330058,11.016447225316988,3.4084226984911514,3.375708756694113,0.06736151502708249,0.07124850314705422
2023,4,1,20,21168.0,69803.85598689922,15.340262030738222,33.9941966869881,11.153444530589924,10.981031789295828,3.5261898243708827,3.3602332912475332,0.34819353870899783,0.33440915144196043
2023,4,1,21,174348.5,41204.04103959503,14.270028133307715,19.983508080288683,10.626291614013063,10.368199974194733,2.9949073374021427,2.767157150282489,0.5047209799104003,0.45520134323926287
2023,4,1,22,38325.0,43679.98209215202,14.895481626440532,21.227396491605198,10.684645200440498,10.556533803710277,3.0552926347332297,2.9314937717517235,0.29630979852524597,0.2868370801427093
2023,4,1,23,51512.833333333336,36389.14623948927,13.903836260867033,17.829462356511783,10.502025828926456,10.397679250398083,2.8808522775511904,2.781471704709265,0.22933438196601505,0.21965905426234358
2023,4,1,24,12295.333333333334,45191.930498916874,14.477769343382313,22.21776228542929,10.718673821097138,10.622493247179404,3.100892071913766,3.010047526643574,0.22299907370307245,0.20512682037564017
2023,4,1,25,25373.333333333332,43583.838275677685,13.899211770888071,20.549466357914405,10.682441678867152,10.574924539150487,3.022834972620369,2.933636042386728,0.19018695018002096,0.18443162920101497
2023,4,1,26,3703.0,42132.27873840894,13.23287424610676,20.738064745282664,10.648569441770704,10.471568739271396,3.031970888191328,2.866646017641095,0.414821344983668,0.39092042367646274
2023,4,1,27,1621.8333333333333,44667.28566583201,13.639091563045936,20.82701516553291,10.706996648359183,10.639044736626118,3.0362509500235566,2.9711746626266686,0.14326991467424793,0.13138418776584787
2023,4,1,28,24905.833333333332,42050.893018553164,13.883333890989395,19.967388516913488,10.646635902239876,10.464339806290196,2.994100368566751,2.8123589077698545,0.3621882133069276,0.33699022742669626
2023,4,1,29,44788.333333333336,38614.131327952244,13.674855803222565,18.433614783660282,10.561373585034994,10.404340035719846,2.914175888296615,2.772276903260643,0.34678195621606195,0.31814188892695017
2023,4,1,30,156991.16666666666,40617.01418741717,13.868725098121233,19.796664418401956,10.611942326460674,10.483206346491336,2.985513459791811,2.8579339990006685,0.27681016203978726,0.27394439921961117
2023,4,1,31,61280.833333333336,43652.06983572365,14.35415097161973,21.266795908007882,10.684005979060428,10.562656072224556,3.0571469788432224,2.931981399355762,0.2546147752820353,0.25695095283147645
2023,4,1,32,21821.5,29274.130059485233,12.987710896745563,14.592167021047983,10.284459471866748,10.109139703589829,2.680484879336096,2.5051694059121496,0.3931978987951364,0.3907192558460031
2023,4,1,33,560.0,50940.85208697748,13.611904761904762,18.754026603442743,10.838420475660481,10.600792184053388,2.9314084815440835,2.788274099057981,0.4214686480768242,0.24241194760713478
2023,4,1,34,20385.0,55866.63422113687,13.9249284604693,25.514942538508873,10.9307225975946,10.78795807441651,3.2392642624463353,3.091998186649131,0.2769253822742259,0.2974892233451914
2023,4,1,35,29927.166666666668,40701.05364476716,13.10597394786231,20.073766151202918,10.614009259173413,10.437878482011259,2.9994137959864484,2.82782628494001,0.3698594154515945,0.35329377306045534
2023,4,1,36,92222.83333333333,31374.37243732483,14.175726546390356,15.761183893731292,10.353746674236428,10.142262498107348,2.75755020176897,2.555362536801264,0.3673356702983381,0.36719593750993657
2023,4,1,37,211248.66666666666,36767.94241507369,13.880650923240541,18.026033626162096,10.512381614477588,10.346502292388935,2.891817025558091,2.724794762000654,0.3158591156833963,0.31613045167225867
2023,4,1,38,16488.0,30735.671668063354,13.229742843279961,15.112068142075456,10.333179202626429,10.172564202568907,2.7154936393258513,2.551034606528309,0.34974433224216545,0.3620746267908911
2023,4,1,39,86298.16666666667,39113.096916319075,14.789055001168428,19.18483814934011,10.5742126493837,10.344031831606296,2.9541202873505914,2.7342248413860775,0.49291894442095735,0.48945035310404894
2023,4,1,40,225.33333333333334,54527.193462355266,12.928994082840237,25.624792866408075,10.906454818822906,10.645707735019485,3.2435603541637787,3.0122718810786027,0.24255188760587415,0.22406925170449146
2023,4,1,41,1241.6666666666667,39216.93801870319,13.310335570469798,18.285834531683992,10.57686402476741,10.552338047512915,2.9061266907941508,2.884103465241249,0.04889179036207212,0.0412411621879143
2023,4,1,42,5532.833333333333,32206.222165519932,13.971563695514655,15.326342797058535,10.379914947819065,10.153734865380603,2.7295730993252527,2.5016357876322646,0.5188711348573779,0.49930902185331927
2023,4,1,43,35.666666666666664,53039.354915587995,12.0,12.999841891075489,10.878789462560821,10.878789462560821,2.564937195162614,2.564937195162614,0.0,0.0
2023,4,1,44,1627.5,47579.391647867924,13.340296979006656,22.395980677969362,10.770154997896014,10.621561704537571,3.1088815087415598,2.9682413809114903,0.3883193478561557,0.3559734973364565
2023,4,1,45,1197.5,65999.80259168132,12.539178844815588,32.41423832549636,11.097407029968958,10.809697266915482,3.4785977807570676,3.1920699106334,0.5170643010260902,0.5159210881703187
2023,4,1,46,943.3333333333334,38801.64177256108,15.09434628975265,19.194597777298977,10.566217838441965,10.393625152782212,2.954628873677284,2.782488093824908,0.465244245208263,0.46221410443711936
2023,4,1,47,5699.166666666667,51726.79809362813,13.31726860652142,24.4448173571905,10.853731264573641,10.714047262569666,3.1964182244212074,3.0769156677306633,0.31688269305798406,0.26964096562194423
2023,4,1,48,52.0,87016.7713073171,18.442307692307693,41.468252301950244,11.373856152705592,11.372605117684513,3.7249281296988976,3.7180069209294264,0.002622324941262823,0.015086735299755495
2023,4,1,49,5339.833333333333,45182.52062932856,13.15090982864634,21.346937822799728,10.718465579287535,10.57948090651452,3.0609083018844,2.923313117385784,0.30785425080524703,0.31805579639587533
2023,4,1,50,191.0,43048.88266737532,15.111692844677139,21.102393464399672,10.670091555218834,10.665587794585157,3.0493864683805714,3.0448827077468943,0.009177760624531189,0.009177760624548888
2023,4,1,51,297.3333333333333,10195.179999999998,13.0,4.99763725490196,9.22967033856628,9.22967033856628,1.6089652517280182,1.6089652517280182,0.0,0.0
2023,4,1,52,304.66666666666663,38851.76883530605,16.283369803063458,19.192026461505755,10.567508884625648,10.545791440137064,2.9544949043143585,2.9334218502680223,0.047716695389149424,0.04671603566532304
2023,4,1,53,26767.0,39879.712690384615,14.475448624550129,19.83857612456745,10.593623019696379,10.43915341062314,2.9876283313663397,2.8313887909610114,0.29708095711826277,0.2982895308815428
2023,4,1,54,6780.5,30393.890778015142,13.536219059558046,15.495570407143095,10.321996905949394,10.181094196993481,2.740554202897946,2.589726678214039,0.30453984332053724,0.2973996815163913
2023,4,1,55,244.33333333333334,111207.68927145645,16.005457025920872,53.41580101225125,11.619154806532606,11.36789865442668,3.9781066013024713,3.7251795486458192,0.5963485421499632,0.5887183341372928
2023,4,1,56,212.66666666666669,36661.308327879604,12.95924764890282,18.1578194592951,10.509477208915088,10.37251120294746,2.8991012921363457,2.7716145827625818,0.28560121050299236,0.26483950604856143
2023,4,1,57,289.0,64635.68375892773,12.018454440599768,31.68415870535673,11.076521917434086,11.022332579068552,3.4558168305958237,3.40162749223029,0.1563998108086196,0.15639981080861007
2023,4,1,58,1843.0,45723.2451029442,12.70410562488696,21.524361028537793,10.730362093144631,10.626108942166127,3.0691853647878315,2.970790565607408,0.2080240761708246,0.20060941981828745
2023,4,1,59,967.0,40252.93016678896,12.515684246811444,19.07747553805329,10.602938079371858,10.502759061408085,2.948508347940142,2.7688758236063733,0.20409049979927713,0.44333984513734376
2023,4,1,60,3481.6666666666665,31071.58383980049,12.551268549545238,15.260304183534355,10.34404897758608,10.160541294387453,2.725254959047837,2.573894423631576,0.40836373700764855,0.31849130624215477
2023,4,1,61,26858.5,37299.8483114195,12.756793318068146,17.584614440857656,10.526744538905662,10.41094771022648,2.86702434022966,2.755319063931224,0.2537374024850554,0.2417112014377391
2023,4,1,62,20569.666666666668,37383.93287610745,12.80784002333533,18.049693749132647,10.528996288854026,10.406710128844328,2.8931287178278966,2.7717940118008344,0.2839585725800047,0.2825653588653357
2023,4,1,63,10909.666666666666,39111.81260137664,14.13969262733356,18.4985058404616,10.574179812913822,10.452723487553566,2.9176899634421263,2.801826365195867,0.25885000834915395,0.24417240063316595
2023,4,1,64,36641.166666666664,39627.57590920396,13.597720232707292,18.9879618424113,10.587280516239046,10.434268988977424,2.943805191123712,2.806362312749635,0.3489719468560048,0.319100449987615
2023,4,1,65,970.6666666666666,74131.30644273656,13.190590659340659,28.36863961699611,11.213593211166542,11.175397553995428,3.345284296208102,3.295563591499686,0.09188726602374248,0.11274753769030263
2023,4,1,66,46696.0,30909.36146126683,12.861494203643424,15.324012868356915,10.338814376914298,10.23232782063413,2.7294210665898717,2.626803067134594,0.25350825423246615,0.24030950674513044
2023,0,2,0,5824040.833333333,,13.241895167573375,,,,,,,
2023,0,2,1,3706735.0,123946.7082570317,15.587973737894222,,11.727606980087955,11.477471839114315,,,0.4923200819430362,
2023,0,2,2,1542064.3333333333,112598.63953073158,15.748202247506752,,11.631584912294413,11.360371182702913,,,0.4864850939092155,
2023,0,2,3,44912.166666666664,121655.6729919209,17.1412163741822,,11.708949980843387,11.549248032867112,,,0.3326366056975781,
2023,0,2,4,398099.5,128701.74031186283,16.394090757042733,,11.765252915729489,11.640562550706132,,,0.2570660998841851,
2023,0,2,5,697262.5,102972.26108920689,15.501215109087324,,11.542214921127847,11.367235810404166,,,0.3454655643740795,
2023,0,2,6,161772.16666666666,110123.73693855533,17.833312899932313,,11.609359893829282,11.464203807761171,,,0.2870650321384915,
2023,0,2,7,247402.5,294582.2530663228,18.959452040029237,,12.593313540416494,12.309961062356752,,,0.6939231381929318,
2023,0,2,8,812168.3333333334,97377.97778087723,16.363987966369862,,11.486355363253635,11.357786042062822,,,0.283941020641338,
2023,0,2,9,266204.6666666667,91859.12152196442,17.60328393942505,,11.42801139460702,11.281472450337185,,,0.2952778030013246,
2023,0,2,10,202834.66666666666,92030.11058619796,18.351874433035775,,11.429871091464236,11.294859973674049,,,0.261231476806836,
2023,0,2,11,1627557.1666666667,62418.67849079227,16.922282197358555,,11.041619844354138,10.91197027999712,,,0.29069546103888916,
2023,0,2,12,58095.166666666664,64322.47614445351,17.498876842881366,,11.071664400382579,10.985992800400211,,,0.18859232796785017,
2023,0,2,13,160308.33333333334,123225.73451392638,17.30247439829495,,11.721773192309932,11.506487137113373,,,0.4327611383426835,
2023,0,2,14,282542.0,63399.45945471468,16.58377987461451,,11.057210614438098,10.928658049114917,,,0.27833364880035466,
2023,0,2,15,263267.5,217499.01566367157,18.693427154256916,,12.289949603816366,12.01876044530631,,,0.5396531517665489,
2023,0,2,16,485554.6666666667,88998.61937923053,15.685753200463525,,11.39637613600104,11.119694748831783,,,0.5868989293739679,
2023,0,2,17,400322.0,79597.65093918034,14.301231258836637,,11.284739860582704,11.050123695159163,,,0.39022202725568844,
2023,0,2,18,160259.5,76049.76552362135,14.025496148434259,,11.23914321449559,11.112387064722599,,,0.2751502559232259,
2023,0,2,19,17618.333333333332,69614.51144041016,13.838955633336488,,11.150728322296928,11.01844043118092,,,0.26889618945879185,
2023,0,2,20,526177.6666666666,143213.64670331584,15.751934866106696,,11.87209282717561,11.628775694513356,,,0.5013327301412921,
2023,0,2,21,1869918.3333333333,98365.69899651872,14.132973899929677,,11.49644743483587,11.121209594208743,,,0.7237145377419559,
2023,0,2,22,320277.8333333333,53211.18261412136,14.149048196175508,,10.882023852754473,10.737496807728206,,,0.2813099704407536,
2023,0,2,23,187254.66666666666,46188.88080031756,13.508528492391823,,10.740494372785076,10.558253919719258,,,0.32701683131751624,
2023,0,2,24,70440.83333333333,59296.435991064514,14.433728069656569,,10.990304481848538,10.803194768808988,,,0.36498725382833197,
2023,0,2,25,230864.83333333334,54824.75968137513,13.667088751065737,,10.91189718989983,10.780275483508523,,,0.23530145507010786,
2023,0,2,26,7550.833333333333,48481.49055132066,12.985123054850458,,10.788937365966115,10.67949643476263,,,0.28676624374281995,
2023,0,2,27,5371.5,67667.88185409435,14.12228117533898,,11.122366927629455,10.92881938733989,,,0.3541765623690571,
2023,0,2,28,147824.16666666666,53602.18036219544,13.124173426762653,,10.889345024630718,10.742973629072575,,,0.3381550446175577,
2023,0,2,29,414118.0,56560.85254414432,13.217186888761175,,10.943072373726732,10.75027237505803,,,0.366842890350667,
2023,0,2,30,541478.5,60549.81359840173,14.022481040336782,,11.01122167050254,10.82615217122792,,,0.3494599017316323,
2023,0,2,31,335211.8333333333,58052.62643498592,14.140625007768719,,10.969105230460611,10.769686667551646,,,0.3463639757968878,
2023,0,2,32,81227.66666666667,34076.444117273655,11.992303525481876,,10.436361636217654,10.238381396228624,,,0.3268607537579181,
2023,0,2,33,111606.83333333333,96089.63299489499,14.080308702722803,,11.473036711874853,11.371942196757244,,,0.22368153365468232,
2023,0,2,34,323882.3333333333,87564.10017470259,14.529666123602503,,11.380126377569944,11.260875246678747,,,0.27009501534549957,
2023,0,2,35,138289.5,56309.6320945847,13.260563286921037,,10.938620884655746,10.72612069394503,,,0.4154872835162186,
2023,0,2,36,565758.3333333334,39731.065897435605,12.771607429556198,,10.589888676977223,10.395123518597101,,,0.3844047687944576,
2023,0,2,37,576757.1666666666,42856.022210201816,12.941424799518458,,10.665601455812524,10.492317111241512,,,0.3268017477655466,
2023,0,2,38,251070.83333333334,47438.59441750259,12.435531141610102,,10.767191404596552,10.5773936622424,,,0.37084953408994115,
2023,0,2,39,415504.3333333333,51305.73970009754,13.693247884298037,,10.845557909892356,10.619075573911573,,,0.4670651418211861,
2023,0,2,40,87265.16666666667,83761.30176483709,13.608106327266894,,11.335726387028677,10.93374535805119,,,0.786471467419226,
2023,0,2,41,50154.333333333336,54554.13434807605,12.883752151691777,,10.90694877845485,10.655429489429775,,,0.49321616066529556,
2023,0,2,42,172529.0,53999.91671321354,12.890550767310618,,10.896737783197324,10.658111810195718,,,0.4630274004505409,
2023,0,2,43,22593.166666666668,67613.67758369459,12.600115079043073,,11.121565572684618,10.876508568720935,,,0.4635373255598252,
2023,0,2,44,353123.1666666667,68367.6686987405,12.67685684739838,,11.132655312019335,10.99526918741361,,,0.3059390555445715,
2023,0,2,45,147423.16666666666,69550.88136525457,12.978589977378046,,11.149813869668916,11.014136429643754,,,0.26535433798825836,
2023,0,2,46,188817.5,68118.20211929205,12.800969189826155,,11.128999741581763,10.980754771901392,,,0.3141812760468758,
2023,0,2,47,882521.6666666666,71769.4476933363,12.52330481026906,,11.181214144885747,10.999195695092578,,,0.3835875621416787,
2023,0,2,48,26830.166666666668,84721.08983823906,12.530404209192389,,11.347119844194426,11.219158121782545,,,0.30954177364303775,
2023,0,2,49,143297.16666666666,76654.8538799897,13.121576025578548,,11.247068207539485,11.098771198670388,,,0.31676306781388186,
2023,0,2,50,56720.833333333336,65959.61487196069,12.649108939983838,,11.096797937844492,10.960882676552227,,,0.2681099142985698,
2023,0,2,51,6831.833333333333,60577.26386364625,12.282476641213925,,11.011674917890153,10.78612146175534,,,0.4196734102086953,
2023,0,2,52,6733.666666666667,51615.75021594188,13.338349586654125,,10.851582141637456,10.60681536490244,,,0.4899463277368271,
2023,0,2,53,152482.5,51226.90763262895,13.57928068248269,,10.844020212679759,10.706608538680573,,,0.2513650884124225,
2023,0,2,54,53728.333333333336,42358.12799738034,12.485836151006605,,10.653915606042412,10.499621448084694,,,0.3244499620330568,
2023,0,2,55,51644.666666666664,89035.59002753947,13.314766287580518,,11.39679145673028,11.238768550181463,,,0.3396631982728444,
2023,0,2,56,19176.333333333332,51648.04233392018,12.002520467937911,,10.852207571291618,10.73193554604475,,,0.26892865579949643,
2023,0,2,57,5144.666666666667,61655.10327416091,12.346637294285344,,11.029311283336249,10.842778147076016,,,0.3774233514274201,
2023,0,2,58,62986.833333333336,52908.42143473268,12.388078460842346,,10.87631780053972,10.750495368692814,,,0.2643173469749397,
2023,0,2,59,17819.166666666668,51895.068283501685,13.244147219754009,,10.856979041199693,10.72411293163388,,,0.2519758469161053,
2023,0,2,60,22221.5,39282.2766732481,12.266866173150628,,10.578528720902021,10.42280756503283,,,0.3075999184133641,
2023,0,2,61,303212.3333333333,58702.07481595474,12.572987906164768,,10.980230351289565,10.800201949108285,,,0.3583604775366125,
2023,0,2,62,212568.0,53751.04485312382,12.488065779734798,,10.892118384928857,10.756768691888595,,,0.28612965379701577,
2023,0,2,63,116910.0,63277.92131000688,13.312639352208253,,11.055291752818663,10.906136042178385,,,0.32349778869173734,
2023,0,2,64,738767.5,59410.872815506125,12.52985546873678,,10.992232532632311,10.815320659278738,,,0.3664038944128682,
2023,0,2,65,120636.33333333333,80243.27191440108,12.454874015291136,,11.292818198404687,11.135828012657175,,,0.3092451870317222,
2023,0,2,66,369705.6666666667,47328.099921241104,12.380114541567751,,10.764859476758321,10.591091268681343,,,0.33804429520982165,
2023,1,2,0,1488095.0,,13.992104446736713,,,,,,,
2023,1,2,1,1862943.8333333333,143348.78666936644,15.474706832725232,61.23815786170547,11.873036007162451,11.616823744294882,4.114770489698669,3.86750003043817,0.5059126014936148,0.49744895863019073
2023,1,2,2,585997.5,145637.05993250562,16.053769853966955,63.489086051224554,11.888872914860293,11.590135821606042,4.150868017917691,3.880923846315178,0.5420274927338903,0.4992799924031533
2023,1,2,3,29932.0,125854.30837435207,17.15423849614682,56.07212144605027,11.742880234179726,11.573386317045811,4.026638745090425,3.8566064213617164,0.37052613897517017,0.3714961112950241
2023,1,2,4,308632.5,132144.6677330837,16.396672417843227,59.666437819377876,11.791652569109257,11.666479898251605,4.088769681735869,3.9673436077629645,0.2541448536962075,0.2560770620137045
2023,1,2,5,425973.5,109844.68256999485,15.48767548529036,50.486094164117276,11.606822670359795,11.426510346066808,3.9216979352751515,3.7507412968722047,0.35183140187517953,0.34111340716666044
2023,1,2,6,81431.0,116280.49596966997,17.836630603414754,53.34517972354936,11.663760619968755,11.509523959324497,3.9767836217173134,3.82387460386602,0.2992089063975718,0.3031711521585964
2023,1,2,7,121429.66666666667,337922.9778450466,19.155173502356647,140.90796291154675,12.730573272299344,12.460321832732742,4.9481069319390185,4.668129894300766,0.6976002829783832,0.7263852929938646
2023,1,2,8,99619.5,125160.84191670388,17.173829755553214,59.18780901367245,11.737354924483618,11.59216285461454,4.080715591860608,3.940501657286317,0.3077374091683485,0.30057489021951916
2023,1,2,9,56491.166666666664,109947.22826008496,17.857074999926244,50.49245826374657,11.607755786570882,11.444997900027483,3.921823983816841,3.7762716390093702,0.2915441236615838,0.27077900547348893
2023,1,2,10,84978.33333333333,102264.5126621623,18.876172357659797,45.19248076352978,11.535317996959776,11.379001525913905,3.8109307182105288,3.6648919653332803,0.2903288817005047,0.2763852711577367
2023,1,2,11,317882.6666666667,73065.29484028078,17.510241724409845,33.7378499781278,11.199108770215478,11.093367379393293,3.518620351854684,3.4112688903720056,0.2113723552600092,0.2145381769265194
2023,1,2,12,12773.5,67895.4256629652,17.402565206612646,32.89768788604942,11.125723942543468,11.050128107982221,3.4934023782820063,3.418692243043959,0.1601507976922151,0.15793712398776336
2023,1,2,13,55407.333333333336,141365.44294071346,17.30791351325336,63.18211709406411,11.85910361036036,11.606160009207592,4.146021303740418,3.91383821200577,0.5198279572326698,0.4956819221501934
2023,1,2,14,87039.33333333333,67194.93424444801,16.942075996292864,30.174204247750204,11.115353140402638,10.9843396396477,3.406987395393124,3.27080211624689,0.27907851819248153,0.28970878378224163
2023,1,2,15,139652.83333333334,240551.23460115786,18.875475733276684,98.056888053458,12.390688379524148,12.125510839740597,4.585547800592636,4.347646959019796,0.5336960729422446,0.48183193180571776
2023,1,2,16,230787.16666666666,93663.52439914586,16.0325075845494,42.254526891005206,11.447464111744969,11.188757396038232,3.7437114934127655,3.4979115263000398,0.5488807118432318,0.5287587551686501
2023,1,2,17,85524.0,107810.53552287741,14.94653742419282,46.33128172585805,11.588130664804728,11.295455866719179,3.835817364184197,3.5662149577113214,0.48149633051208224,0.45731981108536435
2023,1,2,18,112519.33333333333,79090.84325429797,13.944611000183672,36.06475550242989,11.278352385415127,11.160438249517979,3.585316086573995,3.4708422287845666,0.24845447469988724,0.24317648178974383
2023,1,2,19,10477.333333333334,74320.41187190198,14.129581318401629,33.53768048424421,11.216140915344027,11.071745790123586,3.512669597302501,3.382439727907194,0.27780799931328004,0.25490367804561903
2023,1,2,20,362302.5,163266.30520766348,16.09006838208403,75.4645271312186,12.0031379209117,11.782019151309395,4.323662706524293,4.10347840655405,0.4534548164132433,0.4525742962121306
2023,1,2,21,951772.3333333334,118652.70198434529,14.485978264409871,51.17506205900957,11.683956034334031,11.321736906465109,3.9352523442287786,3.5935285724931902,0.7049529912376037,0.6664079776933601
2023,1,2,22,19926.333333333332,73854.88824319813,15.42755817260242,33.402163065603744,11.209857477281464,11.017270441234944,3.508620660328884,3.3426092951811515,0.3479445928070262,0.31158055522960737
2023,1,2,23,26128.833333333332,66805.83541219751,14.410721233885937,30.702658158033433,11.109545712179406,10.85332634084599,3.42434923579712,3.1895431776013075,0.48618035788705777,0.44593357893974733
2023,1,2,24,14844.833333333334,72977.24195450605,15.1842953216046,34.83348933486943,11.19790291747727,10.988128722055702,3.5505792612397253,3.342768635190657,0.3793757148508766,0.37188531999140567
2023,1,2,25,26389.666666666668,73160.4265585574,14.594664578307164,33.75227217643542,11.20040993297656,11.004425192446362,3.5190477387986316,3.3422570266304117,0.3160033715497807,0.29143443284352616
2023,1,2,26,2175.0,49117.008891581725,14.08,23.927849982749667,10.801960667065892,10.722749184178086,3.1750430517806474,3.102461957079296,0.17262466000667856,0.15437246651119163
2023,1,2,27,1155.6666666666667,89802.56022473311,15.248918373233343,39.87522975030392,11.405368764181576,11.250505507641684,3.6857553228515174,3.5482124491507303,0.30121136914449165,0.2708273947862037
2023,1,2,28,61336.333333333336,58194.08787828031,13.903146041769695,26.156652853273034,10.971539045712225,10.82100784986981,3.2641035693689164,3.1243935278835346,0.32962553230482694,0.3042690360845217
2023,1,2,29,201054.0,62458.01777695109,13.603358633335654,28.485949174334355,11.04224989445373,10.85964273302961,3.349410954277648,3.184862498186604,0.3476125184678435,0.3067044522458217
2023,1,2,30,135922.16666666666,79105.22947282979,14.652081522145641,36.2553482822417,11.278534263742742,11.072409937390187,3.590586909238363,3.4017171829605704,0.3875385798389752,0.35836848844922625
2023,1,2,31,63583.833333333336,85057.43351313965,14.869036416489516,38.43040960001578,11.351081995687709,11.073183369294641,3.648849062860202,3.4039592303991286,0.4570356075741983,0.41759797366764556
2023,1,2,32,6155.833333333333,38352.32286516331,13.804683904155949,18.264824174608883,10.55457037510878,10.406967016675845,2.904977033844979,2.776466750979691,0.27850194579657517,0.26432294316843125
2023,1,2,33,97022.16666666667,97149.26817184805,14.094998909183982,36.10678612119507,11.484003921806014,11.383677351643978,3.5864808288691234,3.470860333951268,0.22449402306676786,0.25338147773089226
2023,1,2,34,215806.66666666666,93203.89739831556,14.457225603163325,41.45991648421543,11.442544817377845,11.340746949130773,3.7247270926354994,3.6234885332276674,0.2181398265027773,0.21907529902626433
2023,1,2,35,55268.833333333336,63517.25561676683,13.80737184609771,28.914609420189187,11.059066889961942,10.833295589263967,3.3643469836576037,3.1589657933343624,0.4108714966276686,0.38167771444690995
2023,1,2,36,203944.33333333334,47020.87540976578,13.903535768747354,21.855932982178075,10.758346939737972,10.56715592589971,3.0844724170484876,2.919275419713279,0.38028566439891004,0.33173469522677357
2023,1,2,37,41182.666666666664,55577.91565495167,14.310170945705314,25.614297016487907,10.92554120088317,10.664389060950406,3.2431506728017188,2.979049203850331,0.42857606307935736,0.44942553988591716
2023,1,2,38,132185.33333333334,54892.52632517235,13.065478772228891,25.261110738271622,10.91313248572023,10.7403999766327,3.2292660881753745,3.069139766435833,0.3252186066625922,0.29913689814192723
2023,1,2,39,67870.0,64303.5022530264,14.737051225381856,30.251689640612707,11.071369376130074,10.852709249496174,3.409552038804992,3.2054863855595177,0.4347793622923945,0.4031442842517376
2023,1,2,40,73176.83333333333,87927.44450168652,13.659892361198104,32.02802437358124,11.384267259078959,10.9897926246153,3.466611281218629,3.0720773465579403,0.7631935034757136,0.800781673528438
2023,1,2,41,34064.166666666664,57782.22442992645,12.870983682755584,23.809521879501823,10.964436471547211,10.728667899889683,3.170085579637842,2.9358682666694245,0.4664629317537895,0.47844100821129504
2023,1,2,42,114394.0,58823.80609668716,13.233202790356138,25.99478782883866,10.982301917540678,10.749373295377177,3.257896049803472,3.043503037955163,0.4483913210248335,0.42222522782522715
2023,1,2,43,19318.666666666668,69642.9552423092,12.724325350265717,29.258534865756303,11.15113682897125,10.874215446272776,3.376171321397627,3.1131610731796386,0.5265990574543169,0.5099267868660425
2023,1,2,44,303526.8333333333,69613.56810191339,12.748546668855747,30.789119377896608,11.150714771316409,11.013952216223117,3.427161360614651,3.2959138274432043,0.30843045076908276,0.30049128044880263
2023,1,2,45,122430.0,71357.83214818797,13.005755669906614,32.894049776325325,11.175462387703144,11.036831400405255,3.493291783552119,3.3578029237110254,0.27045336224224054,0.26153718649560903
2023,1,2,46,157039.66666666666,69599.17291397441,12.863280827137093,31.468821430199824,11.150507962831995,11.009483063936429,3.4489972597935132,3.3120020266172836,0.3012036696506783,0.29313136100401044
2023,1,2,47,769304.1666666666,73655.06387328205,12.697590138274307,33.160433846761,11.207148175444129,11.03055377788244,3.5013574136182077,3.334838572831174,0.3693391080148997,0.3545670150967102
2023,1,2,48,23400.666666666668,85550.47898024846,12.607375858237656,33.38225512313441,11.356861878138663,11.230333155872701,3.5080244750629515,3.375259041923523,0.3120174895491864,0.33049795570920576
2023,1,2,49,94070.66666666667,83008.26087179169,13.157799810071861,36.233886908990335,11.326695410401898,11.19153084929469,3.5899947834193555,3.4571137837715216,0.28003181916887965,0.275104592334024
2023,1,2,50,50251.5,67105.238128752,12.724635085519836,29.93023198577817,11.11401738442485,10.98790249013649,3.3988690727793793,3.2781760673388276,0.2522124760839672,0.2401379202673829
2023,1,2,51,6030.666666666667,60898.30764087005,12.456831748839265,28.030429872068247,11.016960664163587,10.793471567253622,3.3332907012013844,3.1141069192088997,0.41344005832498143,0.40067182786168126
2023,1,2,52,2247.8333333333335,58914.80392655526,13.6691628976051,28.062416537504507,10.983847678068496,10.79508705181681,3.3344311913334,3.130545265082711,0.35554433489834353,0.39589355254762454
2023,1,2,53,25313.5,57944.339249622506,13.915262606909357,27.64494820752538,10.96723816064234,10.791727832440126,3.3194430063038,3.1587886145463,0.2959122475164585,0.2764556843794648
2023,1,2,54,22767.5,48419.28321606658,12.878328026060538,22.61913022832673,10.787653426914211,10.626411079029134,3.118796018504257,2.9644944756269376,0.3369090000463143,0.31739981031161624
2023,1,2,55,44386.833333333336,90703.49812337138,13.255387295782157,40.37202046789198,11.41535120342313,11.273484650725038,3.698136982358848,3.5651333159340926,0.2884291319650594,0.27183354493760625
2023,1,2,56,13521.0,53253.96517583272,12.159850109705891,23.932944025277912,10.88282754419533,10.756030931062275,3.17525592090048,3.064910086157559,0.2718188614349292,0.2482822982975416
2023,1,2,57,3290.0,54585.41026402746,12.237791286727457,24.367796760083788,10.907521914744153,10.785106310961169,3.1932624556749754,3.071473949638376,0.297701174769183,0.2932742971924046
2023,1,2,58,40793.5,55290.593900551044,12.365172556085325,24.79230353609393,10.920358080828839,10.791762188448757,3.210533263718579,3.090516884795509,0.2825492593086057,0.26943815827439366
2023,1,2,59,12776.833333333334,56222.75300318304,13.411617380415073,26.499062183092956,10.937076811656897,10.812517996716274,3.277109343048713,3.1570827160958777,0.22536306754943494,0.21364785564261812
2023,1,2,60,6174.166666666667,44445.81862369468,12.542367391010933,20.606697669867156,10.702026167309047,10.600902497132973,3.0256161525575607,2.931488989531473,0.19553859618029493,0.19378758588101466
2023,1,2,61,170525.83333333334,65874.1304812387,12.819783903709604,29.205592354273286,11.09550108623076,10.926851488113734,3.374360209918779,3.220262251561629,0.3325923049147978,0.30635181711847015
2023,1,2,62,129478.33333333333,58301.53022644106,12.576132428849101,26.287394146683067,10.973383619445945,10.849635504490548,3.269089514265906,3.1518431171681067,0.2588348244824335,0.24798060703377828
2023,1,2,63,61672.166666666664,70701.67884764324,13.420938132544936,31.0124245035143,11.16622459767972,11.038203834862152,3.434387914626058,3.3177675235741515,0.2819654747138769,0.2591878213713297
2023,1,2,64,404779.0,64158.070130975284,12.747326318806065,26.66492904303293,11.069105163082018,10.9016141546348,3.283349182996444,3.13264582146261,0.34205238264736504,0.310852967435817
2023,1,2,65,100469.66666666667,81644.28900040367,12.510562060190637,34.12630659784134,11.310127151070587,11.167038627896398,3.530068541353566,3.3893392999152,0.29470105628229704,0.28400609804672056
2023,1,2,66,190431.5,51268.848096842965,12.943002251903353,23.55773163917064,10.844838597133952,10.676546152850134,3.1594540739771273,3.005065051284804,0.3352591992700226,0.3066250451516327
2023,2,2,0,3066372.3333333335,,16.098590875624257,,,,,,,
2023,2,2,1,1404999.6666666667,106719.49760883045,16.15016326219769,47.89309619389489,11.577959153574938,11.359047771044713,3.8689713644654247,3.663350944030044,0.44062506832277093,0.42069779801750784
2023,2,2,2,700501.1666666666,95125.5651427233,15.98937808097869,43.710382404304355,11.462953036199934,11.244687051089135,3.77758565750555,3.58043119098762,0.40571112844474116,0.37516363600089153
2023,2,2,3,12907.5,111893.58075091713,17.84148750726322,52.41893878207374,11.625303526710981,11.495147835428368,3.959267953166753,3.838609290988131,0.2399078511477269,0.22708222824849192
2023,2,2,4,49679.166666666664,124600.66596618891,17.119510190388326,58.06269519467315,11.732869230154183,11.627321923728001,4.061523378371173,3.95952467299264,0.22278660882386142,0.22191125264717868
2023,2,2,5,153291.16666666666,93960.36073948315,16.00706063732744,44.069280292076925,11.450628278053294,11.291176448389416,3.785762947703455,3.6353074853489806,0.3156231201575177,0.30048366889645356
2023,2,2,6,66178.0,104131.6206172883,18.273937965285544,48.80744988279877,11.553410960807119,11.423752391521472,3.887882962740277,3.763127867839437,0.2615937105066666,0.2503755685681832
2023,2,2,7,103780.0,250877.3043235369,19.768937495985096,109.23288959456049,12.432719271202592,12.171793032428335,4.693482204726551,4.4412396823931,0.6028131394569365,0.5857375264090754
2023,2,2,8,567245.6666666666,94210.29164364327,17.426431933959243,46.51282231049102,11.453284707714,11.343630728682415,3.83972802319436,3.7308469547781637,0.24276428891384852,0.24186949778117034
2023,2,2,9,178914.83333333334,87035.0133097306,19.30705577793531,43.14479878880941,11.374065768510686,11.250643306676205,3.764561872345489,3.648750558009911,0.2561810754157004,0.24324611493588388
2023,2,2,10,93299.16666666667,84400.36211462613,19.34820425334274,38.55075868530986,11.3433269710325,11.239012581472911,3.651975780368464,3.5514988940419623,0.21884426657744166,0.21162695547561924
2023,2,2,11,1078708.0,60315.64227592383,17.737464633617254,28.556761009955174,11.00734675663588,10.880371151953106,3.3518937210244064,3.2257098101439086,0.2915938158040332,0.28166436221411983
2023,2,2,12,40165.333333333336,62525.80902685721,18.49154328774399,30.61939010463275,11.043334694916123,10.951511242478553,3.4216334718284487,3.3333732443824995,0.20399522171611065,0.19370068058483583
2023,2,2,13,89431.16666666667,113159.7333056436,18.399055511967305,52.77358421350246,11.636555668622727,11.45102640140389,3.966010766534225,3.791500328661013,0.37809418935382716,0.3559448046873148
2023,2,2,14,136104.16666666666,62043.19472246559,17.976187356497782,30.140692218479455,11.035586110524083,10.912234725477447,3.4058761597056675,3.284285539759622,0.27930420632813324,0.27859944114722396
2023,2,2,15,98538.16666666667,197372.36501177482,19.098907529908036,84.46414176987787,12.192847401306826,11.93000099889522,4.4363270865449715,4.206643066701422,0.5163686403875564,0.4620096975073917
2023,2,2,16,202992.0,85579.9243594376,17.40481234071622,40.28140062781733,11.357206006112479,11.062915189354394,3.695889839535227,3.4128738679967876,0.6207342533516739,0.5998619585271784
2023,2,2,17,227445.66666666666,71153.08502064827,15.110306197670653,34.38140835014055,11.172588961968707,10.999271380838506,3.537515963343166,3.37760279656177,0.2975078027540715,0.2881331167543596
2023,2,2,18,27304.666666666668,71280.28464661218,15.162780477085724,33.63564222006296,11.174375055495474,11.045327951993938,3.515586285098257,3.3906646869806107,0.25623528671050416,0.24549652720493167
2023,2,2,19,4024.6666666666665,60532.59655251516,14.496935564021866,28.655068658499964,11.01093728491786,10.894173319587248,3.3553303440399147,3.231622223774405,0.29434650969001064,0.31129922439285257
2023,2,2,20,110883.83333333333,92074.76908226113,15.765246812354672,43.73565632873056,11.430356233379207,11.228925574842934,3.778163703704009,3.5876278924712253,0.4081780439981969,0.389428086376848
2023,2,2,21,664646.1666666666,80664.04379999844,14.972909144389359,37.03921185484067,11.298048201066042,10.957337156409334,3.61197713133455,3.2963876371115335,0.6654234851984377,0.6148775070966395
2023,2,2,22,252545.0,51232.65035250847,14.92074151801329,24.90501645543766,10.844132309979386,10.712675314231797,3.2150692472533025,3.0902800983980176,0.2646073470834424,0.2520659566080198
2023,2,2,23,118818.16666666667,43074.030949974556,14.396367558832894,21.164236141133113,10.670675564334589,10.518201710878452,3.052312782659336,2.909528678576526,0.263801812250876,0.2499950450320897
2023,2,2,24,40420.833333333336,55771.465211151415,15.426937429131016,26.757542792049126,10.929017641427789,10.760122800711551,3.2868164071294967,3.1295236973467393,0.33035096247606904,0.3091066080002511
2023,2,2,25,164961.16666666666,52436.363798750535,14.239476563676098,25.269137380327134,10.867355595251343,10.749538261729267,3.2295837847006,3.1182081262824766,0.21554126416766772,0.20582163085409394
2023,2,2,26,1441.3333333333333,49390.56995700322,13.449814986123961,23.878944126225186,10.807514793395262,10.756583673531885,3.172997071727137,3.116453261685865,0.10104279447361582,0.12015901662517324
2023,2,2,27,2785.5,63681.7601478507,14.800813737808891,29.773914638021303,11.061653460649003,10.86150565983065,3.393632662453419,3.215480248541474,0.35290135684184976,0.3101369424598238
2023,2,2,28,36334.166666666664,50612.32499589455,14.27055342767368,23.256285712831218,10.831950402609461,10.685210230795567,3.146575448734566,3.0127121344488077,0.3691652121871553,0.33110400242240906
2023,2,2,29,115799.66666666667,53683.62972678069,13.905656032400783,25.156007196671748,10.89086338722062,10.703862643437184,3.225096722762936,3.058640851126727,0.3357931939278185,0.29663513120632606
2023,2,2,30,250370.0,57858.666830503855,14.399226478145678,27.541703862280382,10.965758536966778,10.801880287268297,3.3157013600243554,3.1644968216002307,0.3051656661018447,0.28513389789882365
2023,2,2,31,201613.66666666666,52121.134234886005,14.852600931484474,25.13557660411102,10.861325792991364,10.711133224111455,3.224284237168306,3.0855589781106634,0.2849164848332154,0.26482125341182783
2023,2,2,32,40157.0,32388.523809119037,14.293581027799222,16.578335808543056,10.38555943561332,10.19824465924327,2.8080967712401503,2.635038523883089,0.3355277514505911,0.3117450313681825
2023,2,2,33,5042.0,91082.20450391946,14.700515668385561,36.79188973028186,11.419517723924283,11.312616847839893,3.605277433121853,3.502562247581541,0.2239829840791222,0.21471965175805913
2023,2,2,34,41628.666666666664,77727.47927286763,15.224764985666928,35.63986027312049,11.260964132428743,11.148925333593501,3.573464682087642,3.4613716266701124,0.24117657391185557,0.24819543909497713
2023,2,2,35,18906.5,55299.71456404517,14.169359744003385,25.858149071573294,10.920523025906602,10.690851132141647,3.252625795823606,3.038615334894544,0.48452419843688427,0.45280108355019805
2023,2,2,36,230305.66666666666,35840.44362940529,14.793183551714606,18.041832757955827,10.486832245064862,10.293519112181531,2.8926931035958643,2.7182025006747352,0.37486263757078936,0.3463608527105876
2023,2,2,37,278626.3333333333,41929.47519863181,14.012453955656262,20.437583225193155,10.643744323955591,10.507672729176727,3.017375520829886,2.8884230518352156,0.2665407115197119,0.2584014929617497
2023,2,2,38,51372.666666666664,38869.247471224706,14.028737720447968,18.964072473657936,10.567958663515425,10.384904575708823,2.9425462666766284,2.767155506514329,0.3698217610226929,0.3599640819435595
2023,2,2,39,244540.83333333334,49598.27763562544,15.275864630651322,24.660670419228914,10.811711387021893,10.59137197739528,3.205209683872285,2.9888257968394543,0.44749095130220456,0.44352040991559094
2023,2,2,40,12273.666666666666,61643.70677294198,15.513674261970072,25.306457496165287,11.029126423462143,10.617287236851913,3.2310596001686327,2.8267482780786044,0.8643539823584242,0.875130729178914
2023,2,2,41,12923.666666666666,48786.880285564526,15.047896623765187,21.385004445338158,10.795216709088226,10.509967193841577,3.062689949550637,2.8069193769718686,0.5220342128153618,0.5225822282759816
2023,2,2,42,35300.0,44924.93505550888,14.511284230406043,21.238574539280425,10.712748266030435,10.48567149768004,3.055819082035012,2.850904099589837,0.43720056514622874,0.40029200590559366
2023,2,2,43,1471.1666666666667,51976.61026143833,14.269853857482723,24.778001973250547,10.858549093707353,10.78490875606982,3.209956242330744,3.1379783140959057,0.1652362068616851,0.17545788336025622
2023,2,2,44,9691.5,60994.15893738279,13.24180983335913,27.151012552814,11.018533383445762,10.875874537547986,3.3014143404474585,3.1696911796912954,0.30955949106689606,0.28734877171060497
2023,2,2,45,4010.6666666666665,58024.74899732381,14.562001329787234,28.21399050953281,10.96862490536549,10.865187036603995,3.3398179722778587,3.227721869155984,0.1890682516876248,0.20529594239498847
2023,2,2,46,8147.833333333333,55589.99825597625,14.539489025712356,26.92837332448218,10.925758576574538,10.755393446541726,3.2931805011551627,3.1248775147666734,0.3784111212787404,0.3742545452701972
2023,2,2,47,25666.0,55673.19353654221,13.811397698641523,26.2073406309759,10.927254045017078,10.679733346586524,3.266039548279679,3.023536867690516,0.5163234537079284,0.511331947884989
2023,2,2,48,963.1666666666666,73742.85262675438,12.371344523273923,35.3555413387369,11.208339355970113,11.080001155532692,3.5654551364574933,3.4408508895573484,0.3191475221936138,0.346388934611132
2023,2,2,49,23131.666666666668,67824.80272555641,13.369911376900351,30.392871401296883,11.124683228942828,10.9732758390675,3.414208087535913,3.2720594732290444,0.29574431834388887,0.26857906331686876
2023,2,2,50,2927.8333333333335,65165.231706525046,13.456936301018954,27.869470852036567,11.084681349648287,10.838433138859488,3.3275318550214212,3.1079695598261097,0.36880752601960504,0.3286920053315276
2023,2,2,51,629.5,52769.034532190155,13.430235636748744,29.375600282022695,10.873679830461834,10.6252744724738,3.380164407388216,3.0377398502110164,0.4558758811177737,0.5726585722397685
2023,2,2,52,3700.3333333333335,48369.39103230536,15.16241780019818,22.040366009612153,10.786622475957031,10.50731417999144,3.0928755907535477,2.865645793009281,0.5463990962876776,0.488623058801189
2023,2,2,53,96098.0,49406.93085373434,14.314033590709483,24.47047615692014,10.807845994017676,10.690337601098461,3.1974673360686987,3.084011437101233,0.22113793578179541,0.2173819249306379
2023,2,2,54,17872.5,33517.01755158631,14.085345269734695,16.343440111250292,10.419808575446153,10.284475152468739,2.7938266003971215,2.6713670660053856,0.3065336634258497,0.2807878470176159
2023,2,2,55,1895.8333333333335,106887.11100543335,15.65767032967033,48.75046797523321,11.579528519167994,11.407740367932215,3.8867147968897444,3.727585342511319,0.3855030032788665,0.3717554443020595
2023,2,2,56,3161.0,47178.84025871251,11.915849414742171,22.788707947358994,10.76170077145379,10.685561283751131,3.126265147809234,3.0483914716294356,0.14347018970014513,0.14531756640223611
2023,2,2,57,820.3333333333334,41749.51514987135,13.01747257212515,18.499472326274855,10.639443117034833,10.515945216733227,2.9177422087734315,2.8019026842555403,0.28617120118873063,0.26872972210086726
2023,2,2,58,8110.166666666667,42091.46846474905,12.691313372104972,19.622854838423617,10.647600349840959,10.562586364216271,2.9766949500977127,2.8908324529907,0.1681059180379163,0.1695225069815718
2023,2,2,59,3616.3333333333335,42797.3003720625,13.88588810028574,20.102135309634043,10.66423030416145,10.535457623005682,3.0008260437327166,2.8922067175198722,0.27456130629425357,0.24027490628279616
2023,2,2,60,8978.666666666666,37890.34179561639,13.7222675972676,18.78571061316948,10.542451524706095,10.32364779617097,2.9330965070658053,2.7309320927421896,0.43903824233978295,0.41738585614192136
2023,2,2,61,44824.5,49158.35245331314,13.284200976400554,22.977324907232607,10.802802049149959,10.607841780742275,3.1345078560375494,2.9533939187268032,0.3664950711266662,0.33085308588969986
2023,2,2,62,30662.666666666668,45897.35862839612,12.823248684611036,21.196619198240104,10.734162848170483,10.573393570118135,3.053841697179863,2.907164056305015,0.3056709423860052,0.2798514538867958
2023,2,2,63,28657.333333333332,52764.37254127316,13.582701344623832,24.492048561106053,10.873591479463807,10.7289255145772,3.198348516347127,3.05936731010577,0.294153988037027,0.27574028964328046
2023,2,2,64,58306.166666666664,43668.470776379465,14.151693502974243,20.293543249908215,10.684381628151323,10.511882530964847,3.010302768946877,2.8561582665893,0.36655544843804205,0.3219932554236217
2023,2,2,65,3118.8333333333335,83353.72031241536,14.0925559771282,37.68190074691343,11.330848522004857,11.023884073203094,3.629179892886877,3.334770724264473,0.49864312060627236,0.46529701643858107
2023,2,2,66,52166.333333333336,38347.685087749494,13.883928970792144,18.840398701078737,10.55444944220295,10.425904733282492,2.936003431401935,2.819299681036937,0.26969612192828957,0.24794206608139677
2023,3,2,0,629416.8333333334,,12.690943812804498,,,,,,,
2023,3,2,1,193987.66666666666,104347.25276245529,15.449114462603292,45.51295903290825,11.555479585014126,11.337976297296567,3.817997099315194,3.6154591089219834,0.42760034984890416,0.41377351502387666
2023,3,2,2,95969.5,95281.28677986511,15.651302410314388,43.748460444308115,11.464588709184262,11.242204164124717,3.7784564223400605,3.5653090566123637,0.42597683196787695,0.4183645673131645
2023,3,2,3,1699.3333333333333,122932.78373152897,16.131031777167518,56.900648445928276,11.71939301125596,11.531388623479412,4.041306737305104,3.8150833000966373,0.35688452813720656,0.4317324797764873
2023,3,2,4,34025.666666666664,106823.11399642407,15.999333836221677,49.890500183354156,11.578929605279603,11.44859284785499,3.909830607546364,3.770373460759559,0.2942789048266434,0.3104309625029118
2023,3,2,5,73955.33333333333,95755.22375822172,15.455639890744864,45.12853097832974,11.469550461776393,11.303620472471485,3.809514662419017,3.641899196461566,0.34649546149444177,0.3508210885687176
2023,3,2,6,5859.5,109030.33315697908,18.063998634695793,49.85739237971076,11.599381408340802,11.377069232319325,3.9091667778852357,3.705097812927176,0.48139648534120405,0.47904279612221584
2023,3,2,7,9374.5,281538.0355485507,19.228012160648568,112.37422338998181,12.54802283483595,12.20640317686208,4.721834581888988,4.382198045244433,0.846822964157487,0.8579893746833519
2023,3,2,8,19922.166666666668,108085.0311442218,16.546008215304557,51.05613102637565,11.590673521737754,11.430032372325206,3.932925635859288,3.773432337686532,0.3413553671967981,0.34693725387116386
2023,3,2,9,7900.0,97379.96291508622,16.64974683544304,44.94972935062143,11.48637574890982,11.309151091656371,3.805544739778733,3.6481578361425395,0.2789699245934948,0.27400922823497253
2023,3,2,10,9845.333333333334,86360.31149757173,18.52718716143012,39.30691853888597,11.3662834915881,11.215854148213582,3.671400547627708,3.520647710229759,0.26662094699583244,0.2528014721495864
2023,3,2,11,56646.333333333336,62026.40721818212,16.60015064228929,29.072886407440944,11.035315496221735,10.885957348072465,3.369806001263333,3.2235139154764014,0.32754299572812523,0.3277533247774217
2023,3,2,12,2228.0,70031.62718530472,17.117893476959903,33.520589091762155,11.156702235925884,11.10592864369837,3.5121598497960353,3.461435195217559,0.1000978979278422,0.09774229465789086
2023,3,2,13,5311.833333333333,127766.03641336353,16.667503372972295,57.189872379183214,11.757956029842273,11.54267079176607,4.046376826401448,3.84495868028161,0.4107992292612507,0.4208693291402837
2023,3,2,14,19094.333333333332,63571.92986198504,16.29726096747726,28.89149527683804,11.059927297531402,10.85985026101054,3.3635472707309444,3.1668970487844885,0.36011486379643814,0.37808066212697283
2023,3,2,15,9840.166666666666,188830.0162763529,18.722819735438087,79.81995542310756,12.14860250457142,11.874803698532121,4.379773541152724,4.109916350457116,0.562423646871673,0.5794867815215354
2023,3,2,16,31747.166666666668,81957.51716388235,15.584697847051967,34.71000022901771,11.313956308627542,11.02333382980506,3.5470278364717274,3.291697357594648,0.5851827977689439,0.548934121212102
2023,3,2,17,18999.333333333332,103625.78530259684,14.607372188497841,45.29990675259388,11.548541470721034,11.180632747673288,3.8133049740452334,3.4823355489588037,0.6328764577511143,0.5853851231527022
2023,3,2,18,14346.833333333334,68688.20156325225,13.87655812548646,31.90080797772056,11.137332724935524,11.04138219118907,3.462631337925229,3.3625631616992404,0.2100180857077143,0.21412472772646832
2023,3,2,19,1183.6666666666667,71772.0581325658,12.538721486905096,33.380597156452936,11.181250516793854,11.072695185924234,3.507974807721752,3.4105032777914133,0.20712200169332173,0.17474709087594684
2023,3,2,20,35693.166666666664,125248.59950178165,16.04410741551838,58.26559514603422,11.738055837262095,11.516484520278045,4.0650117844420235,3.842166950944533,0.4926041526322679,0.5027325061402269
2023,3,2,21,111455.83333333333,74396.65519154703,14.040285015738672,33.5440608651318,11.21716626270772,10.920894761444782,3.512859824353215,3.233026641062586,0.5496947660433568,0.527942340840733
2023,3,2,22,3477.1666666666665,99660.63260781294,13.904424100081485,47.00240704608565,11.509526019475423,11.101767894393493,3.8501988141451826,3.412674743400329,0.6245319591810364,0.6532670602711789
2023,3,2,23,9091.5,51642.67866826745,13.60380575262608,24.232305713022154,10.852103715580176,10.683255185317812,3.1876866897324354,3.011629945602702,0.3233915415945429,0.3312386803053
2023,3,2,24,3378.6666666666665,52256.670143521966,14.380228887134965,25.51972095658045,10.86392281992866,10.799170275282924,3.239451524113535,3.1704182355267227,0.119550828866832,0.1267836875407209
2023,3,2,25,6019.0,59548.65762558635,14.691421609348176,28.749824407871216,10.994549032557691,10.881206329333116,3.358631659672403,3.2514321389877767,0.22186717036481404,0.20411629584194146
2023,3,2,26,962.5,47518.687978981055,14.172121212121212,21.404067699304562,10.76887834378544,10.61215637800368,3.0635809833717595,2.9074333200681868,0.3397475875355973,0.3356968410156729
2023,3,2,27,378.3333333333333,48711.81655452272,12.644933920704846,23.878341448295455,10.793676919361683,10.709621289505662,3.1729718325234217,3.088916202667401,0.1725033412159729,0.17250334121593675
2023,3,2,28,27688.5,53717.87928217299,13.111496349266544,24.004122248911248,10.891501172608727,10.754560223020592,3.178225575970124,3.04564966896038,0.32669306509856855,0.3128328091309042
2023,3,2,29,57634.333333333336,48726.558787258844,13.243257780373966,23.030563370164465,10.793979515393215,10.599109628848996,3.1368221759808295,2.9465132951909996,0.37574438218981343,0.3608202704321051
2023,3,2,30,37527.166666666664,57021.114616945175,14.350554931316424,27.08470610548154,10.951176910099969,10.78351652041852,3.298969218228822,3.1447089909301407,0.34977371925143147,0.31258052336064535
2023,3,2,31,16742.666666666668,58480.70643871705,14.092119933105039,27.380360595309934,10.976452174356119,10.761794868826902,3.3098259897995077,3.123515963655731,0.4050176157499618,0.3822501822724196
2023,3,2,32,7685.333333333333,37500.71800064186,11.972718598195698,18.577195461079622,10.53211535845899,10.444465500768302,2.9219347780247777,2.8281453259747624,0.17857611927764455,0.18783272476084126
2023,3,2,33,9140.333333333334,88475.09609517804,13.918055504904999,35.3825228533379,11.39047639134111,11.292726842849218,3.566217993519463,3.423124312415187,0.1960449795939151,0.2875364898806086
2023,3,2,34,41195.5,78341.59809980523,14.510889134331016,34.24266880164344,11.268834006549733,11.115403046629696,3.533472492209299,3.3839915599612693,0.3940940879044753,0.3878097196598553
2023,3,2,35,43285.166666666664,52821.57528825091,13.249227025424414,24.233783193058844,10.874675009114299,10.71877350376888,3.1877476593741165,3.0410024478869997,0.31059163972004483,0.2972540504285174
2023,3,2,36,70482.33333333333,36266.95427792276,13.063632967126516,17.27104603733923,10.498662255161852,10.331796878516633,2.849031459944428,2.6931970626689736,0.34704185151637607,0.32397057303366394
2023,3,2,37,37427.0,53875.76086441982,13.87276565046624,24.858168569998863,10.894435950079778,10.624562897528218,3.2131864136181667,2.9384706164390035,0.47005337106485706,0.4850751161239775
2023,3,2,38,44490.166666666664,41390.70103893357,12.705706504433564,19.740829976287305,10.630811521998075,10.465559389494613,2.982689078526078,2.816120727001154,0.32697345854112014,0.3197452914430804
2023,3,2,39,31959.0,53791.85406587497,13.772343732073384,24.778586793123154,10.892877323271048,10.662677275492937,3.2099798444344074,2.991902556493508,0.4635533120730788,0.4652737211289907
2023,3,2,40,1585.0,43220.17510984982,12.30998948475289,17.7055167142638,10.674062681645678,10.536250824785423,2.8738762697900113,2.801338729743036,0.26893394458753694,0.1417653528889536
2023,3,2,41,2807.6666666666665,41175.45136629481,12.454351181289327,19.22073416337614,10.625597517130137,10.40146212247107,2.9559896006990014,2.7051195553284564,0.5105811405597422,0.5789737151543566
2023,3,2,42,19233.333333333332,42526.308647397374,12.989584055459273,19.419952053138086,10.657878190391914,10.423273687377364,2.966300993917705,2.752524928527729,0.4734559696856638,0.4405453464026995
2023,3,2,43,1755.6666666666667,61748.75848294512,11.765900892348585,27.021608827036882,11.030829148748754,10.966521641646128,3.296636872840799,3.234693322729875,0.12326183758683368,0.11531997737252617
2023,3,2,44,38113.5,60349.34858322115,13.008076753206431,27.235625161362908,11.007905432486,10.875233484637608,3.304525864908997,3.1739977060893896,0.26742741659149283,0.27207247521469863
2023,3,2,45,19507.0,61522.60667014424,13.224791100630544,28.431043292179925,11.02715997438307,10.915620780831112,3.3474816218654273,3.229521724569374,0.23209185620760578,0.24555458347571854
2023,3,2,46,22298.5,62369.59398596585,12.72102009851186,28.48321131057287,11.040833159734122,10.854813496915227,3.3493148368786803,3.168819091494075,0.3590009042277793,0.3436691780398678
2023,3,2,47,82632.5,59337.44865015028,12.663451628193103,26.935644681467448,10.990995897473065,10.804957889402326,3.2934504905580564,3.1194741090302096,0.40546379514932535,0.3771231329075549
2023,3,2,48,2350.0,82777.62343436162,12.07758865248227,25.68333400035093,11.323913055472403,11.188517790411233,3.245842299068849,3.1290638331913185,0.2731994150513242,0.23152735188390736
2023,3,2,49,18823.333333333332,64528.876828644796,12.915477244554632,28.95648713976842,11.074868105364567,10.946962523512013,3.365794259737663,3.242271089644169,0.3084430852421309,0.3108344762866258
2023,3,2,50,3114.1666666666665,50136.1628047095,12.818410489697618,23.054137200764316,10.822497839160878,10.667596221479178,3.1378452414391687,2.9738720848302953,0.32727182158206,0.3314190870069683
2023,3,2,51,171.66666666666666,78810.31424541303,12.190291262135922,38.6325069830456,11.274799158719684,11.13139857577585,3.654094071881423,3.510693488937589,0.3104026351619139,0.31040263516189864
2023,3,2,52,380.3333333333333,37371.22651855701,12.141980718667837,18.41727581252372,10.528656342881716,10.451773598386273,2.913289126975904,2.843715396212326,0.19275243046569004,0.17269387100869035
2023,3,2,53,8234.0,58168.3240135614,13.549672091328638,27.80788401804086,10.971096224620412,10.777786212923916,3.325319578261599,3.1307367384424847,0.4203512512781287,0.4132029263918269
2023,3,2,54,7672.333333333333,44072.65280396142,12.251640092105836,20.981370057268087,10.69359475125835,10.590857010768886,3.04363490385164,2.9399672084011264,0.21340937842616692,0.2117338433311836
2023,3,2,55,4808.0,70169.39742752534,13.076192457016084,31.55204030948667,11.158667560886181,10.907629142392082,3.4516382559766687,3.2136466594823765,0.6120550997133216,0.6172581908992358
2023,3,2,56,2033.6666666666667,53394.057469201485,12.228978855925257,24.76189252125021,10.885454735407547,10.861819565829215,3.2093058795178018,3.1759801810387036,0.04868779844353566,0.07033503160645946
2023,3,2,57,920.6666666666667,103865.42536900101,12.664735698769007,50.512295174769385,11.550851353363095,11.326459482655444,3.9222167754549084,3.692487308693118,0.4269749233605131,0.4352990280254426
2023,3,2,58,10813.833333333334,55151.7915067227,12.583388560948167,25.571158100637273,10.917844508410125,10.777683046170655,3.2414650796594535,3.099684756444918,0.2792659399223202,0.27749868463724436
2023,3,2,59,510.3333333333333,43448.812944042314,12.860222077073809,21.00374286504838,10.679338810275283,10.53635279638319,3.0447006535110166,2.932431226332918,0.3173715933145813,0.23250758854449471
2023,3,2,60,3428.0,40961.370078153675,12.108809801633605,20.216334381467014,10.620384708327652,10.468209836546816,3.0064909103857365,2.8391636047756137,0.2760815307457942,0.30036913428187656
2023,3,2,61,60273.333333333336,51633.21313180563,12.45618294436456,23.504137773434397,10.851920409751035,10.709010635478508,3.1571764811159415,3.022365790831916,0.30514380528018964,0.2866462023837442
2023,3,2,62,35871.166666666664,48478.28402621889,12.538361822633778,22.275601585581725,10.788871224617976,10.668391997602107,3.103491980201241,2.988546327329285,0.28358169290864116,0.2671269265163912
2023,3,2,63,14780.0,60347.42534194943,13.593008570139828,27.954077215547702,11.007873563510396,10.84143414048714,3.3305630642949913,3.1517830238186444,0.3542905941127249,0.35668136072259826
2023,3,2,64,233531.5,57654.80069501297,12.7804100660225,24.728993671337367,10.962228795344034,10.791366333371453,3.2079763880784817,3.054127431414423,0.35330960615301915,0.3238215016887281
2023,3,2,65,14724.833333333334,68127.79658084942,12.453247914520821,29.258660695494996,11.129140581851052,10.960352118826748,3.3761756220049097,3.23493494328976,0.27950373522630734,0.2502865816158242
2023,3,2,66,89853.83333333333,48406.01934450144,12.890872769293834,22.766092198402646,10.787379451593766,10.593413824667554,3.1252722447236323,2.929197856038605,0.34455639685891876,0.34499779081840215
2023,4,2,0,640156.6666666666,,14.371455424974096,,,,,,,
2023,4,2,1,244803.83333333334,87543.43224330679,15.829447115139128,40.45426863492825,11.379890317690549,11.184448143084555,3.7001721666123473,3.5091424681801238,0.40212406321604877,0.39440785098372916
2023,4,2,2,159596.16666666666,75568.73729193992,15.86811504453428,35.50540147940562,11.232797948756996,11.075908994687412,3.5696848392565252,3.4197070466649104,0.32234940789935373,0.31360940005866683
2023,4,2,3,373.3333333333333,101150.67520500644,17.951785714285716,46.97507063206781,11.524366517857906,11.482502502352817,3.8496170489081445,3.808484507145029,0.09474205182258146,0.09003118980975597
2023,4,2,4,5762.166666666667,107261.018394937,16.566453590952477,50.50670235840126,11.583020567130449,11.48929724707556,3.9221060474431404,3.8379422159389307,0.2101325184434408,0.19124828073370131
2023,4,2,5,44042.5,79549.06492317865,15.83064842670905,37.914031301820785,11.284129279117069,11.161786216429505,3.6353212626196227,3.5096098528087674,0.28186723415264603,0.29041375766239674
2023,4,2,6,8303.666666666666,96881.15513019763,18.265826341776727,44.45214416581827,11.481240301465116,11.394476783425402,3.7944131984977116,3.7017939279477745,0.18446809210844797,0.19727045425953935
2023,4,2,7,12818.333333333334,221898.29526669017,19.295202184371345,95.48576257431696,12.309974426451744,11.992896778693412,4.5589771533812655,4.222808751902424,0.788388769474694,0.8482265186667326
2023,4,2,8,125381.0,86549.3125268131,16.469637877083983,42.06513122362754,11.368469617497281,11.21257485393253,3.739219160542129,3.58432935152516,0.37150887991798603,0.37080647847026255
2023,4,2,9,22898.666666666668,78038.12619567206,17.76819611039944,37.81972435530847,11.264952783629614,11.06910847054529,3.6328307748724047,3.4353266699935943,0.48099823735898867,0.47897946608119973
2023,4,2,10,14711.833333333334,83500.2846685812,19.066647030168458,38.94389968655485,11.3326053200377,11.203928504831106,3.6621221409635405,3.5317904222371372,0.276614394189443,0.2819072150124452
2023,4,2,11,174320.16666666666,55077.47750323153,16.586285197447992,26.53206911788128,10.916496154830035,10.76945378781848,3.278354156736099,3.1254064708632856,0.33147698108242774,0.3394366535774988
2023,4,2,12,2928.3333333333335,67131.80423321133,17.834149117814455,32.62616659637162,11.114413193276695,11.05051180307168,3.485114622746756,3.4148970388460924,0.13882783818182468,0.16670369144411384
2023,4,2,13,10158.0,103839.60088507045,17.966331955109272,49.64727526960768,11.550602688373813,11.395277227041577,3.904943510226127,3.757277749199128,0.3222051213526336,0.31923898072259627
2023,4,2,14,40304.166666666664,59279.3256452349,16.493398118474104,28.459468176455793,10.990015884150118,10.890061766770675,3.348480905784922,3.2451163589163428,0.22514735547459339,0.233163312515327
2023,4,2,15,15236.333333333334,148484.48621437087,18.257389135618805,65.64158383691681,11.908235761830632,11.67762245209329,4.184209395073334,3.9659344679299657,0.4434105649884939,0.4257906251321625
2023,4,2,16,20028.333333333332,78692.66846357855,17.03614878921528,35.7811501409973,11.273305272042872,11.014368897622804,3.57742122236543,3.3326786927831638,0.5923673674213472,0.5704943021737988
2023,4,2,17,68353.0,63383.75024152859,14.06575180801623,30.2279496929438,11.056962802234825,10.857304383373334,3.408766982903542,3.215869308392727,0.37571578133037414,0.3722967266961276
2023,4,2,18,6088.666666666667,57873.700737518324,14.994689587211212,27.4073715314801,10.966018341676815,10.686243647942966,3.3108120112064925,3.0295502783607624,0.7363113655998498,0.7265917029871115
2023,4,2,19,1932.6666666666667,60227.12621892913,13.843394273887547,27.705170993529087,11.005878131449819,10.940425271670305,3.3216190742377902,3.2630627515351462,0.1390565043038805,0.11997915548091184
2023,4,2,20,17298.166666666668,84153.84858294151,15.567083216911232,40.7570542432061,11.340401933367461,11.181277944824407,3.7076289349677456,3.5504155075121164,0.3829282925283307,0.3773719171790387
2023,4,2,21,142044.0,52724.93186105186,14.18131705668666,24.665321726999053,10.87284371300004,10.58595954196319,3.2053982784684214,2.9461492898855735,0.5414444240329621,0.48614525026343947
2023,4,2,22,44329.333333333336,51060.33407691149,14.432602941618791,24.60019614122202,10.8407632336043,10.717886087428159,3.2027544161269383,3.0826084153756708,0.26635569543607635,0.26459918481156525
2023,4,2,23,33216.166666666664,38830.04473674592,13.91778100021576,18.872694489590643,10.566949574843152,10.424094101151438,2.937716141427775,2.8056404565585913,0.32214310937303575,0.31345872089262494
2023,4,2,24,11796.5,54778.600461824666,14.824142754206756,25.725200503921457,10.911054894148695,10.702290268050179,3.2474710758169096,3.060457260224616,0.46430674114999604,0.4283664187537881
2023,4,2,25,33495.0,51017.06412845454,13.942250087077674,24.557405975408503,10.83991544649747,10.73354789996328,3.201013477806977,3.0981828137484593,0.22087406899628104,0.2134599903919549
2023,4,2,26,2972.0,47890.91959413856,12.95816509645581,22.027012874297924,10.776681195368594,10.632332733402471,3.092269558079896,2.9591670323916484,0.43056941349223354,0.3733248896235352
2023,4,2,27,1052.0,57738.026114164335,13.984790874524714,28.38138044749362,10.963671266871657,10.787647532181778,3.345733312109668,3.1746097273496865,0.3159578456118027,0.3029682707059226
2023,4,2,28,22465.166666666668,45306.98586891688,13.78876927984806,21.433166984179923,10.721216513023329,10.600227914118122,3.064939581309572,2.938044230278824,0.2865040395829077,0.308630512174357
2023,4,2,29,39630.0,45240.994839040584,13.544234166035832,21.407332056292034,10.71975892024116,10.528613529268764,3.063733482800063,2.8914421876441594,0.3939306800816447,0.36271510932592776
2023,4,2,30,117659.16666666667,44988.60701571536,14.107077646592204,21.69970173390192,10.714164559269094,10.593750899552818,3.0772985154704724,2.962952943388149,0.2688472450355647,0.25836975486504055
2023,4,2,31,53271.666666666664,47065.348588996385,14.589663047899133,22.941278116332022,10.759292310497957,10.620390227260422,3.1329378257695693,2.9961276459861144,0.27349170969837977,0.26830806738090757
2023,4,2,32,27229.5,34192.920072423454,12.606070621935768,17.119009284797617,10.43977388619383,10.184709270236555,2.840189500160484,2.5899605292499137,0.34891669019013805,0.34633860699849606
2023,4,2,33,402.3333333333333,80707.68813824953,12.971002485501245,30.439022573387252,11.298589117852284,11.134707226808802,3.415725422536664,3.278114411544238,0.37894898104574876,0.29636309163146374
2023,4,2,34,25251.5,68865.86859209622,14.615567392036116,31.948260951877316,11.139915958240687,10.97465369094745,3.4641177490409816,3.29822280430218,0.38270186019721936,0.3857904119609302
2023,4,2,35,20829.0,44154.64562719592,13.92390417206779,20.847059761523695,10.695453424215525,10.468240168921763,3.037212919668791,2.8087340101193576,0.49028799014626995,0.4750359582166502
2023,4,2,36,61026.0,32483.259173109593,13.460748970384207,16.160482367868614,10.388480133241172,10.235299689916948,2.7825689021442823,2.637890164316945,0.30996900118716963,0.2895143353828642
2023,4,2,37,219521.16666666666,39577.140105152146,13.550303045947734,19.210445896842625,10.586006960486138,10.41465192046733,2.955454188215535,2.7837262487131254,0.3441656471431929,0.3389231357141867
2023,4,2,38,23022.666666666668,31627.421878898895,12.643727920310416,15.29864782913707,10.361779804248588,10.200567382947117,2.727764447312313,2.5885983416320157,0.3353038642674029,0.2987120869046933
2023,4,2,39,71134.5,42898.51716528119,14.912895055610614,20.723802413823314,10.666592539406867,10.45895587493021,3.031282914735277,2.82906038630241,0.4803179028919987,0.47376457977145553
2023,4,2,40,229.66666666666666,,16.0,,,,,,,
2023,4,2,41,358.8333333333333,29487.232906835372,13.161170459823504,15.862507898398793,10.291712665831257,10.245309871037257,2.763958330969384,2.7166470262663034,0.0898504599160581,0.09073902530870596
2023,4,2,42,3601.6666666666665,45684.09153880881,13.079870430356317,22.04935372295966,10.72950540990741,10.608453526034523,3.0932832918469777,2.9848444538172574,0.2657723438043149,0.2293483049998388
2023,4,2,43,47.66666666666667,64446.676173552834,12.412587412587413,32.88939564861472,11.073593434866037,11.055801726171627,3.4931502851040426,3.4672625900096805,0.03575858525209696,0.05193334718158228
2023,4,2,44,1791.3333333333333,59607.68826097975,14.318756978042426,25.990041380266863,10.995539842401403,10.911778774697977,3.2577134408132267,3.1801533914872455,0.20476614487694353,0.17624357838858787
2023,4,2,45,1475.5,49501.28240621214,13.925900824579239,22.807944508118428,10.809753855417402,10.739619675526393,3.1271089186066408,3.0708976594684967,0.16243415105235703,0.13438830302287758
2023,4,2,46,1331.5,60217.32654615651,15.410689698335213,27.74799486744927,11.005715406267061,10.967252384281554,3.3231635805529236,3.277842107248905,0.07731669927416401,0.08697331435366999
2023,4,2,47,4919.0,49824.74124022842,13.184861421698178,22.92967774074862,10.816266951695276,10.683282200945367,3.1324320427260743,3.0068731569256775,0.2972992490799032,0.27328719446072913
2023,4,2,48,116.33333333333334,58528.50358370651,13.43266475644699,28.690442933189463,10.977269155303839,10.882090768241266,3.356564068465576,3.261385681403006,0.1821185420318962,0.18211854203187058
2023,4,2,49,7271.5,53719.941466819204,13.152077746453047,24.908709478725296,10.891539561039023,10.68832355483712,3.2152175205745666,3.014956069150793,0.4873441424920723,0.48484932249943896
2023,4,2,50,427.3333333333333,32847.44939735873,10.340873634945398,16.28669850522242,10.399629376982292,10.395580465648967,2.790348732044291,2.786513353167545,0.008144012139378156,0.007801077878505029
2023,4,2,51,0.0,,,,,,,,,
2023,4,2,52,405.16666666666663,50677.934506044105,17.711229946524067,25.397502846122823,10.833245878001625,10.5395608793812,3.2346508560466662,2.967592576765265,0.727718082355054,0.6403920315457134
2023,4,2,53,22837.0,48902.396808375044,13.724788720059552,23.93367094198639,10.79758168874799,10.653354802152242,3.1752862934977077,3.03507505914352,0.2548404727056435,0.24286069816581776
2023,4,2,54,5416.0,40199.21698349935,12.190731166912851,19.66096395601394,10.601602796395008,10.469476366572016,2.9786351448503883,2.8598785346016027,0.25152109995746363,0.21651543487278813
2023,4,2,55,554.0,60099.52422037459,13.663056558363419,26.67972521148345,11.00375720402565,10.783474789755898,3.2839039215747228,3.075842124398983,0.5474435948744578,0.501376897288427
2023,4,2,56,460.6666666666667,27518.810895662897,12.145441389290882,12.587262477544964,10.222625082380576,9.850465291493604,2.532685388158202,2.231535831919481,0.898480214175829,0.7343253306744023
2023,4,2,57,113.66666666666667,41132.56095494579,12.0,20.163020075953817,10.62455532417658,10.624555324176582,3.0038502373383182,3.0038502373383182,-1.6144876362833046e-14,0.0
2023,4,2,58,3269.3333333333335,40875.12297220977,12.541190864600326,18.07045817935995,10.618276916689458,10.583807065033008,2.89427846008567,2.864652754119347,0.07175249047650774,0.06079226151721095
2023,4,2,59,915.6666666666666,33529.744343784936,13.238805970149254,16.563643989479075,10.420188214730489,10.367208627641201,2.8072101724240324,2.756901201730576,0.10448713974481867,0.099368956466648
2023,4,2,60,3640.6666666666665,31708.81324754712,11.992309100897272,14.965980807587627,10.36434994165221,10.284395842965356,2.705779679256411,2.655736746631898,0.15070584660650754,0.10511159154520568
2023,4,2,61,27588.666666666668,43891.566456670895,12.54364110866781,20.362932733539356,10.689477472559648,10.499944192035082,3.0137162251959992,2.8459622330132843,0.3613328055760705,0.34243641575663636
2023,4,2,62,16555.833333333332,43177.625529888064,12.855327930739417,20.163493592560016,10.673077712512512,10.54125681208761,3.0038737214713684,2.871214091006613,0.28039230416156397,0.27168863484514105
2023,4,2,63,11800.5,52558.142751927095,13.650636272474332,25.168988609524142,10.869675316764136,10.706544221658476,3.225612625961033,3.0631768764741674,0.3660714106215134,0.35786230557856397
2023,4,2,64,42150.833333333336,41084.74887572292,13.42001146675629,19.132647416785858,10.623392258036104,10.458297650657691,2.9513961647179032,2.797139402119749,0.36625266826915787,0.3396867258165864
2023,4,2,65,2323.0,89723.38233088444,12.740278375663653,42.57644392211185,11.404486686662803,11.001001566801857,3.751301140761958,3.3431354270944373,0.6149491736852791,0.6226555378057743
2023,4,2,66,37254.0,35692.75849983318,12.978203682826006,17.55826267877389,10.48270310405035,10.350245216014105,2.86552464702395,2.737857695021999,0.2948281936216855,0.27940366712048753
2023,0,3,0,5856106.166666667,,13.13838748995813,,,,,,,
2023,0,3,1,3669563.5,144302.02746866137,15.476132833419197,,11.87966379503513,11.59337415665839,,,0.5669346580574786,
2023,0,3,2,1438283.3333333333,121352.6095035866,15.511822195441324,,11.706455714867394,11.408535019151365,,,0.5368964548026504,
2023,0,3,3,44168.333333333336,146532.07967580587,16.892132372363307,,11.894999657364261,11.712734578429865,,,0.3936198066908282,
2023,0,3,4,320838.8333333333,142448.81883412407,16.183619709376412,,11.866738048098936,11.71891221956003,,,0.30492092422579986,
2023,0,3,5,584098.5,114953.25729463175,15.32847056903359,,11.65228086641127,11.473782170164636,,,0.3603294816645805,
2023,0,3,6,114462.16666666667,132651.90936593866,17.69204380486711,,11.795483753476153,11.623275265866388,,,0.3206288283541781,
2023,0,3,7,203837.0,321352.1231956675,18.951749845873582,,12.68029275789031,12.401410499281107,,,0.7062532565636535,
2023,0,3,8,665255.5,100708.64325572681,16.147766284282255,,11.519986906758444,11.390215739855368,,,0.2794506538912735,
2023,0,3,9,208213.33333333334,94540.28607365937,17.148896964651637,,11.456781330296312,11.300584381703617,,,0.30028011831508306,
2023,0,3,10,216886.66666666666,107187.21127177951,18.373068883902498,,11.582332222664409,11.415138417335038,,,0.3363336530762408,
2023,0,3,11,1541141.0,68706.6280212298,17.057712975862255,,11.13760095130392,11.000782198028634,,,0.30963868645050524,
2023,0,3,12,54051.666666666664,73095.22390897271,17.42306126853936,,11.199518307200792,11.083608000941606,,,0.24699040377155312,
2023,0,3,13,117663.33333333333,138352.42507373096,17.35071956712655,,11.837559513603054,11.608843671647968,,,0.47372882239738334,
2023,0,3,14,262032.0,64983.054089311576,16.523249704870654,,11.08188180856969,10.936680329912983,,,0.32658132233302545,
2023,0,3,15,231358.83333333334,244160.08333743317,18.61481551385186,,12.40557936840121,12.105531710872041,,,0.6340278863697378,
2023,0,3,16,374921.0,96998.41733504014,15.589326373644935,,11.482449941218803,11.174055113938863,,,0.6454133824074492,
2023,0,3,17,351435.3333333333,83844.2939032079,14.091519919264426,,11.33671671369197,11.096127820147034,,,0.39188976009272297,
2023,0,3,18,148995.0,83099.51541231401,13.75838674675884,,11.32779414944644,11.190274690009227,,,0.2883779296299666,
2023,0,3,19,17479.0,74954.70742797179,13.774167095752999,,11.224639309136439,11.10509095074485,,,0.2186796670846008,
2023,0,3,20,430451.5,142232.97578142976,15.506836426403439,,11.865221666664393,11.637377092049952,,,0.45441882270573325,
2023,0,3,21,1762294.3333333333,107846.58131572879,14.129169871926427,,11.588464952805193,11.205185861867685,,,0.7428161977917723,
2023,0,3,22,402213.6666666667,54786.946489155875,13.74401499700408,,10.911207241808695,10.763435946836529,,,0.2922179741644022,
2023,0,3,23,181157.5,47619.7921545006,13.420449976769753,,10.771003755363134,10.614358340862632,,,0.27775762611457877,
2023,0,3,24,70433.66666666667,62421.365920339624,14.235881514995196,,11.041662898320682,10.849153994640805,,,0.3336484667227008,
2023,0,3,25,286940.5,56792.59060687654,13.444913957190893,,10.947161149138251,10.807213806060469,,,0.25214004859084876,
2023,0,3,26,10333.333333333334,54358.25099485187,13.16882258064516,,10.903351693259829,10.797023404428538,,,0.24655947092525665,
2023,0,3,27,7614.166666666667,53275.38814026065,13.510605231476415,,10.883229742538788,10.66959322846665,,,0.46608332534592944,
2023,0,3,28,150186.83333333334,61868.77934152362,13.040921252528795,,11.032770958922352,10.886705626981291,,,0.3544927758989408,
2023,0,3,29,380316.0,59996.54270848217,13.111027408786377,,11.002042218018756,10.814239863861875,,,0.3644894687264437,
2023,0,3,30,496116.6666666667,62884.728670888806,13.803652366714818,,11.049058625784642,10.866875322460096,,,0.33777109642087016,
2023,0,3,31,341173.8333333333,60126.994158158195,13.79332481047052,,11.004214173729707,10.806768789202264,,,0.354228304277282,
2023,0,3,32,86537.33333333333,33726.93848406846,11.662082261220592,,10.426052158566227,10.223109907735262,,,0.3461894943751701,
2023,0,3,33,82894.83333333333,108658.1184907937,14.077903930482199,,11.595961704391394,11.490424735382566,,,0.22407469907686556,
2023,0,3,34,307898.1666666667,95683.89790774936,14.400157194830108,,11.468805307357044,11.337946119653934,,,0.2854269020426122,
2023,0,3,35,131797.5,62313.451525319375,13.323177602003073,,11.039932596803363,10.782194168774831,,,0.48760446946475117,
2023,0,3,36,402494.0,39457.13631919788,12.550411931606433,,10.582970205204628,10.37933293614752,,,0.39511458558359164,
2023,0,3,37,507954.6666666667,44000.70598190971,12.808923237244267,,10.69196095781508,10.525894482616577,,,0.3130375086622209,
2023,0,3,38,279348.5,49154.52848532253,12.299664517022048,,10.80272425734982,10.616416050460979,,,0.3708076455926819,
2023,0,3,39,355005.0,53669.18312284202,13.631753543377323,,10.890594244686906,10.641427410016087,,,0.5135613461232268,
2023,0,3,40,78260.66666666667,90846.92796028474,13.364821408796244,,11.416931258836359,10.949988242917652,,,0.9843262250400958,
2023,0,3,41,38809.666666666664,54181.89852211013,12.946701423184946,,10.90010215603864,10.640603056488615,,,0.5032354549383813,
2023,0,3,42,138536.33333333334,56193.06315822195,12.822578433094566,,10.936548596915143,10.681600573852016,,,0.48858083384501266,
2023,0,3,43,17709.333333333332,81234.52414632765,12.38589820810119,,11.305095610004681,10.915474733133047,,,0.6988638753432443,
2023,0,3,44,317730.0,71457.67678657998,12.55158100693461,,11.176860620365737,11.02487235688179,,,0.34598355470661274,
2023,0,3,45,140593.66666666666,75370.11769840715,12.961814306476585,,11.230166158444458,11.09650704524643,,,0.2988774096628387,
2023,0,3,46,175379.66666666666,70593.51240595555,12.712236690304275,,11.164693526992062,11.005696260774894,,,0.3308280069509902,
2023,0,3,47,813041.0,75549.48243620215,12.410597169556436,,11.23254311706461,11.038163587621302,,,0.41267656009918086,
2023,0,3,48,19345.833333333332,85844.05695468152,12.379349558475125,,11.360287638008389,11.225430553979416,,,0.29170628950459015,
2023,0,3,49,141881.66666666666,80771.9794764123,12.933493874002986,,11.299385395705832,11.168564410998345,,,0.2655570556510725,
2023,0,3,50,65313.166666666664,69113.04340788569,12.513354887605614,,11.143498753272333,11.032847289039962,,,0.2107195526201426,
2023,0,3,51,8608.5,55816.255394694475,12.426574509690036,,10.92982042126244,10.75429860990352,,,0.35155539979275585,
2023,0,3,52,9901.666666666666,50078.503112354876,13.245093418616396,,10.821347115398252,10.472860526087567,,,0.6965044498898516,
2023,0,3,53,106295.83333333333,52354.7652798717,13.444170749872605,,10.865798239469639,10.725803977312413,,,0.2728936115159597,
2023,0,3,54,45629.0,44936.0968432145,12.583879404180092,,10.712996689346463,10.567266755644166,,,0.2968848509495182,
2023,0,3,55,49951.0,90061.12604693176,13.015845528618046,,11.40824389707444,11.271192761688562,,,0.3018043741341703,
2023,0,3,56,18385.0,51822.409415434384,12.239978243132988,,10.855577948894608,10.766956070723353,,,0.19044191801738014,
2023,0,3,57,6316.166666666667,57903.415958652746,12.076259334511967,,10.966531659379568,10.815255883809607,,,0.2766838313614683,
2023,0,3,58,59496.666666666664,55471.6706696537,12.210754103871365,,10.923627731031887,10.803293630911666,,,0.23834935166627508,
2023,0,3,59,19418.333333333332,56587.71237710448,12.923405716247533,,10.943547144811692,10.838852176678397,,,0.21730029846260446,
2023,0,3,60,25994.0,44905.2448973614,12.013804467697673,,10.712309879767083,10.4318158340836,,,0.44032865579999547,
2023,0,3,61,282661.1666666667,59915.65384157403,12.469233776364751,,11.000693082876467,10.826191316947398,,,0.34119843924177296,
2023,0,3,62,202798.16666666666,55990.764998333856,12.308791417410909,,10.932942045373975,10.78372024462013,,,0.3090404374955167,
2023,0,3,63,106929.5,66157.82971246482,13.061108799099717,,11.09979852553898,10.94416673737968,,,0.3143687547015358,
2023,0,3,64,850386.1666666666,62461.438086456634,12.397509406020834,,11.04230465469076,10.866017183208603,,,0.37651684503968735,
2023,0,3,65,117949.83333333333,81213.8653983715,12.333511846137977,,11.304841267710179,11.145557227357818,,,0.3448842267791022,
2023,0,3,66,321598.1666666667,49670.12173086737,12.251420380194952,,10.813158858890972,10.643586337323336,,,0.32549898527394516,
2023,1,3,0,1645051.8333333333,,13.814834000671306,,,,,,,
2023,1,3,1,1939553.0,169384.7078769424,15.414137174905765,71.26887482936958,12.039927784852237,11.751177159620626,4.26645969395222,3.9890487249041877,0.5794097103463076,0.565922081800922
2023,1,3,2,516880.8333333333,166141.2971624962,15.955743506320768,72.04498296692685,12.020593893009725,11.694003908838623,4.277290687362173,3.976715052101895,0.621896389563579,0.577804085598245
2023,1,3,3,32514.333333333332,152765.55742073315,16.953579447013112,66.33614335678995,11.93665972075583,11.77219983869081,4.194734897321794,4.036902241242422,0.331985518538284,0.328591886007394
2023,1,3,4,260249.0,146695.4489508384,16.17887228513206,64.86880370149628,11.896113940819852,11.749355027672644,4.172366825579602,4.029342433319723,0.3015162104291298,0.30234622793595645
2023,1,3,5,353465.3333333333,126812.14184564607,15.373104010199963,57.4552354471879,11.75046207228145,11.568541700515835,4.051006130641987,3.881766017863631,0.36262306097760616,0.34618501625516357
2023,1,3,6,66361.66666666667,141418.62189442816,17.788135720923222,63.16669104505442,11.859479720339348,11.687048566937774,4.145777121791834,3.984377744794134,0.31837588873997746,0.305551525089564
2023,1,3,7,115077.5,360764.8566351198,19.18544169508954,149.0214169531496,12.795981658421871,12.549968388481867,5.004090033556753,4.769680912192823,0.6256816180299266,0.5861315953878118
2023,1,3,8,77492.83333333333,130597.56907034188,16.814354875827227,61.325323716452786,11.779875882101019,11.624513142927864,4.116192868833479,3.9660168752633473,0.31594199900025993,0.3081692471062147
2023,1,3,9,46551.5,121401.95928305988,17.44042619464464,55.45838165832225,11.706862296546987,11.520171418382215,4.015632859421492,3.8450070143937483,0.3424822581541705,0.3172798958919122
2023,1,3,10,95152.16666666667,119833.6898050848,18.679816364314703,52.16256532282608,11.693860142200203,11.5222069198064,3.95436509821166,3.7935926241477915,0.32678476945019186,0.3124899841587536
2023,1,3,11,310470.5,81866.07507760779,17.61480720390504,37.49697963215248,11.312839960310185,11.200946226734947,3.6242603865899916,3.5062467041026575,0.2432426621186312,0.2553590375898862
2023,1,3,12,13484.0,81926.504017305,17.267304459606446,38.68269809764995,11.313577831864231,11.193809275275033,3.655392422486653,3.544477022567217,0.22447344868785746,0.20663648687014438
2023,1,3,13,42313.0,162402.84355495902,17.419051670487402,71.26219985945069,11.997835216131294,11.769326439197581,4.266366030588799,4.058982616055342,0.47821961554163367,0.4420313627979982
2023,1,3,14,78923.5,69772.74298384071,17.00305992511736,30.79096708413372,11.152998710820661,11.004185900747743,3.427221370476404,3.279110864086534,0.3223213880847944,0.32680581419258475
2023,1,3,15,128597.0,274067.4227526087,18.914033764395747,111.16115186059433,12.521129423540511,12.232194990574357,4.710980967006603,4.44635614646765,0.6357290298600782,0.5903256749446816
2023,1,3,16,190798.16666666666,107254.94440038186,15.94757985969467,47.8911697608107,11.582963937362878,11.268411052730823,3.868931140049332,3.5691720811522303,0.6464592711949276,0.6214265782827086
2023,1,3,17,72106.5,129729.96660860442,15.01831781231003,55.895904478555764,11.773210389173554,11.419199108804113,4.023491112334916,3.6975128269132695,0.5816355932845018,0.5461584524122811
2023,1,3,18,103886.66666666667,86468.69852136615,13.747362510428031,39.44106139853658,11.367537760625364,11.244259049591426,3.6748074410999214,3.556740828107143,0.2657835260256186,0.2592656736348278
2023,1,3,19,9718.0,78758.17326878027,13.794985250737462,34.86047606616042,11.274137338842392,11.154873549658443,3.5513536965149886,3.4490521994523275,0.20968639801031763,0.19131868026858853
2023,1,3,20,275498.0,168433.00823690463,15.968909635157667,76.57292011328893,12.03429337249072,11.830790711796313,4.338243490917233,4.13609307913767,0.41068314196875916,0.41582334399211013
2023,1,3,21,916246.6666666666,130935.25453687947,14.521313401776816,56.27627385220449,11.782458239829861,11.42672235813821,4.030273022737481,3.6893686282086082,0.6997336537259288,0.6685227384949618
2023,1,3,22,15340.0,74035.60332955302,15.082290308561495,34.03051940361232,11.212301382557309,10.991865660293982,3.5272577515057177,3.325950832990349,0.44723936694381544,0.43326719913236383
2023,1,3,23,21153.0,71019.31472851083,14.487984367859562,32.58084203679169,11.170707157457437,10.917623883117544,3.48372444804531,3.2685534789345434,0.48955041715801734,0.43104102314326076
2023,1,3,24,11487.5,74564.44484317154,15.010779833151977,34.82729987082671,11.219419061895533,11.014452771290129,3.550401558284316,3.3486081831550556,0.37164709449503425,0.37769634705245214
2023,1,3,25,23313.0,83189.91539463843,14.411873203791876,38.032372357109004,11.328881410263815,11.101724044377201,3.6384377011964615,3.4390925303099213,0.37796242203884617,0.34052153078465286
2023,1,3,26,2912.8333333333335,60894.77332311615,13.553584711334898,29.12228709744719,11.016902626092346,10.94396781027904,3.3715037606786598,3.300959436899826,0.1610484469183025,0.160313724078272
2023,1,3,27,1513.3333333333333,82535.0982519588,14.108149779735683,38.355960798180064,11.320978915208737,11.151470697784442,3.646909947239084,3.4907604144828346,0.3762219666304059,0.3671278564706031
2023,1,3,28,66300.66666666667,66025.85630549438,13.665151682738232,29.06903489174877,11.097801706494247,10.973021968208139,3.369673514561424,3.260236738884358,0.3023679052561861,0.26357681162847985
2023,1,3,29,181052.0,67717.72026887354,13.46253930730766,30.3613827462226,11.123103171605905,10.929569762576373,3.4131714964910316,3.2409458780463805,0.3774607330048572,0.3388751213615353
2023,1,3,30,110748.83333333333,86142.35482686535,14.584993370885774,38.84116291847448,11.363756495439757,11.151228331167836,3.659480584233248,3.465218408805662,0.39462387660728565,0.35946134827794735
2023,1,3,31,50341.5,93095.97238338088,14.575323871292406,41.49403125268458,11.44138620114119,11.160248122758889,3.7255495916562955,3.468746502172946,0.5045401265597124,0.48045648569400223
2023,1,3,32,5892.666666666667,37360.43851574404,13.265244937210092,18.5946091338855,10.528367629847343,10.377841602120366,2.9228717071983534,2.7754409957784114,0.320940110505523,0.3170868557950402
2023,1,3,33,73379.0,110243.94366123412,14.12448611546446,42.07614054094908,11.610450859022311,11.512778878684465,3.7394808470404075,3.6272950873875174,0.20316420207237051,0.23384136228198868
2023,1,3,34,207474.5,101924.3809463327,14.500961162295447,45.01945862019622,11.531986454049513,11.415508850634073,3.807094810088561,3.693899653553538,0.25707921554389745,0.2516329033512395
2023,1,3,35,56488.0,71365.31280795073,14.12649884341217,32.665102910568464,11.175567215266632,10.92419280262698,3.486307318772014,3.2515260830200723,0.47334837334999963,0.43905070142627234
2023,1,3,36,125059.0,50664.09667282371,13.797375638698535,22.978541926427322,10.83297278631113,10.609533224836376,3.134560820730802,2.945440130092618,0.4343302784777436,0.3748451860110285
2023,1,3,37,38828.0,57531.076080282,14.124927028604786,26.31821277685824,10.960080534363131,10.726821585676559,3.270261200536753,3.041930542026246,0.4127521303135805,0.40870024341305705
2023,1,3,38,146953.66666666666,56844.69264795894,12.8651320937892,26.087951449623898,10.948078137704698,10.770543076002326,3.2614735774619765,3.0946087278671337,0.35462476056428377,0.33659560411613454
2023,1,3,39,63700.666666666664,72462.06129752053,14.574253539994348,33.89787089615503,11.190818411429497,10.949667494635502,3.523352206990906,3.287226362159536,0.46942031253854355,0.4657575208286043
2023,1,3,40,66230.33333333333,95235.32976817805,13.346059962454264,34.898007537206006,11.464106262945071,11.028339570204924,3.55242973695418,3.1038349525849935,0.902318246886956,0.9434476017337442
2023,1,3,41,24922.5,58136.81133029411,13.040893436319257,23.445683809038304,10.970554327928658,10.738961784194707,3.15468641863523,2.9374155591811593,0.42648346681471505,0.4120518676548305
2023,1,3,42,95181.0,61959.33924632187,13.260405613165092,27.50716759174673,11.034233630276425,10.789766875378604,3.314446610411781,3.0847808223035664,0.45761765033911367,0.4356041415086549
2023,1,3,43,14613.666666666666,84623.0308568244,12.544399078488173,34.7565386642951,11.345961740895982,10.928324593186309,3.548367717311662,3.1600269082887644,0.732915692675024,0.6997808879685028
2023,1,3,44,275440.1666666667,72778.87115892506,12.626925024854158,32.12386980701177,11.195180960726066,11.046605402500635,3.4695993614918224,3.3263855559196447,0.3339857557948894,0.32480269999192646
2023,1,3,45,114664.83333333333,76677.95581563236,12.980611608615837,35.14473560022573,11.247369538166158,11.117514526013288,3.5594748374874836,3.431968952147856,0.29699759881744403,0.29913434199422023
2023,1,3,46,148223.83333333334,73262.98220341337,12.766523152484474,32.803506522715004,11.201810742621593,11.050696321376645,3.490535415856375,3.3505568017924694,0.30904261908446695,0.2924632846696746
2023,1,3,47,708574.1666666666,77537.06791639871,12.604325823337712,35.05478338290407,11.258511396689979,11.067161346907154,3.5569120772903613,3.377077649283619,0.4022567954536342,0.38454725764288455
2023,1,3,48,17126.833333333332,88269.89585961407,12.45992156557449,34.297906740374266,11.388154398219928,11.24956123992468,3.535084324332185,3.4018009248872754,0.30487765400558814,0.3060780308454709
2023,1,3,49,95424.33333333333,85250.86646007712,12.795387619510048,37.06298626814126,11.353353558848683,11.236457280530313,3.612618796891538,3.49396038010711,0.23416296435308703,0.23955211064321855
2023,1,3,50,57931.666666666664,70287.86618234988,12.49055496418194,31.08483159860741,11.160354462366007,11.054827875459141,3.4367199702579345,3.33778049557409,0.20167185478189456,0.19482415339169112
2023,1,3,51,7181.666666666667,58986.29075546786,12.50763518217684,27.272587603170088,10.985060335811255,10.804169816724295,3.30588208062762,3.1315819465762678,0.34446407071428936,0.3434387666664627
2023,1,3,52,3531.8333333333335,62021.49648258104,13.028832995139444,28.155058273049615,11.035236321395605,10.733781192560919,3.3377270284273886,3.049618652437732,0.5606951948883867,0.560535031926805
2023,1,3,53,20267.166666666668,64730.07649710718,13.998421091584909,29.803179407749074,11.077981233326392,10.913645955730711,3.3946150793554257,3.2454362894290534,0.3110041821230168,0.2958668047948974
2023,1,3,54,18602.333333333332,51893.59134802801,12.62624760334725,23.565158975875153,10.85695058075943,10.718987873854434,3.159769306623897,3.04015482296519,0.2466554590868636,0.21840923592735198
2023,1,3,55,42096.333333333336,90108.11397221987,12.993213977464386,40.31088471158356,11.408765494727275,11.279227606954967,3.6966215245831804,3.57701108707984,0.28543842324204904,0.27454669749558797
2023,1,3,56,13197.666666666666,54146.45052374513,12.211830374056019,24.82363454611385,10.899447701319401,10.815107375285725,3.2117962052408164,3.1259082781287573,0.17126461825624842,0.17346731265525023
2023,1,3,57,4203.666666666667,66118.38081219413,12.484021885655379,29.740564282703975,11.099202063011306,10.954222613826229,3.392511914715625,3.256166313960071,0.2551698352198501,0.23579580081842497
2023,1,3,58,36328.166666666664,58541.625862708344,12.244832980836724,25.889119894064088,10.977493333394678,10.871801868206958,3.2538227991363535,3.157781812109951,0.22254454296875878,0.20534614495604991
2023,1,3,59,13293.0,57769.205147804256,12.952681862634469,27.539360860840382,10.964211129771261,10.861058949006274,3.3156162853638276,3.212758916492396,0.2040798125624289,0.20060013407026772
2023,1,3,60,6557.666666666667,50903.86363897167,12.91414629187211,23.561512990841578,10.837694106120962,10.695710645055192,3.159614575348011,3.034203863809313,0.3103132082140222,0.28305561469061763
2023,1,3,61,152710.5,66570.84456454116,12.645096440650773,29.6627316116259,11.106021991378341,10.94405239002613,3.3898914299615166,3.2430367902988935,0.3227591192345514,0.29699232718177015
2023,1,3,62,122689.16666666667,60952.83295630261,12.421566696326082,27.544695337442832,11.01785561383422,10.873500775930784,3.3158099703241337,3.1826457415590905,0.2963034987713774,0.28123951088974364
2023,1,3,63,58042.333333333336,74743.25342041613,13.203541093569637,32.92401932278761,11.221814231934413,11.093409839044291,3.4942024620008705,3.3715810007213713,0.26075647144086134,0.24600997160130728
2023,1,3,64,507352.8333333333,66312.14509572455,12.58677705226179,27.205736760150177,11.102128343345404,10.93387681305447,3.30342786136314,3.1545313608659686,0.3509271748845355,0.31196140039026
2023,1,3,65,99048.0,82861.27966059314,12.301513744177907,34.333968878747726,11.324923159159173,11.165966711507274,3.536135210421686,3.389330270493807,0.34374683304787795,0.32436309088377685
2023,1,3,66,168881.16666666666,54165.3568184728,12.792061873881735,24.92891475897476,10.899796809978625,10.737330317571484,3.2160283650586505,3.064574848212203,0.31638911668828645,0.2938363050943777
2023,2,3,0,3021976.3333333335,,15.652358517257303,,,,,,,
2023,2,3,1,1328715.0,118707.18748985125,15.940084216705614,52.089144846002796,11.684415130490368,11.436946149352288,3.9529565747669535,3.723879689508485,0.493411884352432,0.46295639159439744
2023,2,3,2,698299.8333333334,98890.47295526271,15.685923835487095,45.10676842478686,11.50176818289253,11.263696296938566,3.80903231118599,3.593201567944507,0.42785904229859567,0.39360237026904854
2023,2,3,3,8997.666666666666,128778.5865991545,17.893602044974624,60.93651759609269,11.765849825718655,11.512767176885529,4.109832627128096,3.8572852593543385,0.5979693642207491,0.5946395725753678
2023,2,3,4,33058.666666666664,126646.35885433851,16.874233685569088,58.72048122025396,11.749153905346889,11.600518410481683,4.072788579440493,3.9306666905859706,0.33646155839693803,0.32659912848548744
2023,2,3,5,136215.16666666666,98834.89754666094,15.71183336167901,45.872349567858755,11.501206035405596,11.351795551775135,3.825862529618142,3.6832189686083137,0.3063201271784349,0.29450007191606753
2023,2,3,6,41151.166666666664,120989.41038822524,18.049006306018054,55.79070499552619,11.703458303296319,11.542248426017913,4.021607278370644,3.8725469069024254,0.3024466527559815,0.28053633894475466
2023,2,3,7,74474.5,262944.7364471624,20.13073826164213,114.36975578522237,12.47969916150268,12.18492624354451,4.739436671486328,4.461962829569823,0.7287711010625689,0.6870345369151335
2023,2,3,8,465510.6666666667,96571.63732970657,16.92775174503699,46.856297944652894,11.478040367665596,11.363537066779475,3.847085427497265,3.736077268890765,0.24814575310874154,0.24399949704239676
2023,2,3,9,142518.5,86000.54707956355,18.678506065294446,42.3595215474163,11.362108936605685,11.237903915830072,3.7461932257547885,3.628161570330707,0.2576204697229695,0.24947714156653986
2023,2,3,10,100589.83333333333,96680.12977453749,19.26148600173311,43.51283422839414,11.479163177126587,11.339667031732363,3.773055934312174,3.6377023531876183,0.30651996715279317,0.296391038590642
2023,2,3,11,1022042.0,65854.77928790233,17.80418515090378,30.706581354804662,11.095207282941725,10.961707664889287,3.4244770079958213,3.293373999074697,0.30458251860970326,0.28890790863688537
2023,2,3,12,36976.5,69085.76482590391,18.362464448140486,33.15716592469015,11.143103980224943,11.038378783741345,3.5012588599285457,3.404979514637869,0.24322033657783165,0.2170918555832918
2023,2,3,13,66638.5,123981.44638419701,18.344885714214257,56.65593401074036,11.727887207458203,11.517552751087177,4.036996730633279,3.8458230406824425,0.4287360560701636,0.38991797301081355
2023,2,3,14,128326.83333333333,62644.70606775695,17.718479247650208,29.999178442649615,11.045234456638267,10.915401947153917,3.4011699960421597,3.2742856076800253,0.2935985635154028,0.2824943628008424
2023,2,3,15,84167.66666666667,215178.21427989594,19.09637113222417,90.31071894103,12.279221867386335,11.983555961406813,4.503256157044109,4.241063598824969,0.5947962566021772,0.5397160282449712
2023,2,3,16,153056.5,84763.816786876,17.439904000592374,39.19707900829819,11.347624041888402,11.0637309676543,3.6686022289255953,3.40111436078542,0.6149530668319539,0.5800069171444436
2023,2,3,17,203714.0,70906.25979387245,14.698683775620069,34.29581951091163,11.169113999086491,11.024577555389465,3.535023466595556,3.398193012662108,0.2670263096748459,0.2612994378607851
2023,2,3,18,25667.333333333332,74097.48806600207,14.691683332900444,34.76658243222478,11.21313691146535,11.062635114587298,3.5486566504850043,3.4130769256480114,0.2969619343821914,0.27996109615024967
2023,2,3,19,4834.333333333333,68574.41200444658,14.285113424808662,31.87905767379551,11.135674741280477,11.02794810443543,3.4619492949467428,3.3634831915752015,0.2057131250749646,0.1934581861327252
2023,2,3,20,114265.66666666667,92610.76930967455,15.220276140106243,43.751472935553664,11.436160713112585,11.254913872880522,3.778525279335269,3.6077798850333633,0.3447706033796581,0.32645003053112737
2023,2,3,21,652082.0,84359.84466438582,14.886055230272675,38.09117732638805,11.34284679324898,10.981231598988797,3.6399826890805205,3.3098029095376797,0.685261596225752,0.6255281579301365
2023,2,3,22,329290.8333333333,54279.98585127901,14.431453451735928,26.195353502134974,10.901910853287,10.75970271382429,3.265582047792412,3.1315872323398706,0.2764875614768185,0.26245340194950717
2023,2,3,23,123917.83333333333,44007.07456896736,14.144361788120355,21.41923558568881,10.692105685634118,10.566323455205508,3.064289377440176,2.9502724445076134,0.2234854412630599,0.20543205234714976
2023,2,3,24,43977.333333333336,58263.21103629772,15.142330897735198,27.576552062262852,10.972726144619362,10.793191843118555,3.3169658486784774,3.1626369948311366,0.3206918441799097,0.2837870137067359
2023,2,3,25,222860.83333333334,54320.872140906125,14.026473920570758,26.16871350451424,10.902663817716835,10.78005660270826,3.2645645561634407,3.14748192205634,0.22756783360975466,0.21437245677183112
2023,2,3,26,2247.3333333333335,50503.56933169542,13.505932957579352,23.4575434359373,10.829799292601303,10.753631809221982,3.1551921248669057,3.0791053143304006,0.17448353020091525,0.16682607861180235
2023,2,3,27,4197.166666666667,48025.18486970616,14.38367152444109,23.342096353990257,10.779480837076639,10.594104937097605,3.1502584409051386,2.982139279370846,0.393072280821308,0.3550687711063236
2023,2,3,28,40024.5,57232.283424184905,13.763469874701745,25.97739647008033,10.954873413684345,10.800461812503034,3.2572267933678587,3.112416967955044,0.3885107302559875,0.3622916697228764
2023,2,3,29,120640.66666666667,53373.62046375607,13.673098070855046,24.79279441662329,10.885071904084612,10.73266645988458,3.210553063236968,3.078492470399145,0.2905908360163606,0.250061465260981
2023,2,3,30,260412.5,57623.43393953156,14.090960815373046,27.231115278686357,10.961684603175321,10.810858052649355,3.30436026356585,3.168025070376908,0.2851235318162868,0.2593630193411939
2023,2,3,31,223084.0,53289.02621506369,14.31983766951761,25.61146271292536,10.883485701809246,10.734827997349184,3.243040013493573,3.105797285265433,0.27958776977376176,0.26167156144363457
2023,2,3,32,45750.333333333336,34349.64945706844,13.570443931191758,17.13647280712429,10.444347092564026,10.188275958970793,2.84120910477692,2.6147553369861587,0.4067292429452475,0.381348647398563
2023,2,3,33,2727.8333333333335,89691.97880306037,15.646605975438382,35.595599330378306,11.404136621563067,11.292098789707321,3.5722220159018896,3.4425105524212407,0.2683810726124514,0.2863288617707862
2023,2,3,34,38780.833333333336,80523.80175559036,14.674929625889076,36.857371331257404,11.296308093686205,11.165552010221084,3.6070556347571756,3.4815373229660103,0.28596893593475664,0.27721093818435855
2023,2,3,35,20560.0,60421.665989020396,14.691569390402076,28.663064022585125,11.009103028029909,10.762841971704583,3.355609326057054,3.1108653669389437,0.4954839129264119,0.46993772956411645
2023,2,3,36,178068.5,33916.750638768455,14.398122071000767,16.941653626787502,10.431664290469591,10.258512332668507,2.829775301153186,2.672994792318786,0.3403060028696011,0.3110523124546959
2023,2,3,37,245940.16666666666,43161.91050277015,13.947114508203553,20.806637843835894,10.672713683980195,10.523451111281814,3.035272062904543,2.8910222118764866,0.2812059074552665,0.2706373894152266
2023,2,3,38,53541.833333333336,38876.56837749773,13.742108195772152,18.84654577490052,10.568146992783431,10.40921204585211,2.9363296490861632,2.782483632383894,0.304052308722952,0.2957325397719294
2023,2,3,39,208874.5,48098.79120635297,15.21512199909515,23.32684880367114,10.781012324933014,10.543357281912675,3.1496050063434557,2.918001444570682,0.5029728772306167,0.49520940544259157
2023,2,3,40,10978.833333333334,65619.94816009025,15.132907260941506,26.482174738621374,11.091635016513107,10.468162702685397,3.276471855287963,2.6516878915433644,1.2773408921066178,1.2862977584152897
2023,2,3,41,9509.0,50055.7549933957,15.840817471167666,21.993922780589486,10.820892763016143,10.489060392827222,3.090766177951848,2.771382336778532,0.6406682417942386,0.6775424454432641
2023,2,3,42,24325.166666666668,43112.015844082496,15.450130523257805,20.09979314321234,10.671557027123065,10.436172223088278,3.000709523629603,2.7758823193798983,0.5073090729925523,0.4899707704912
2023,2,3,43,1508.3333333333333,81705.78761491427,13.925745856353593,34.790868819754124,11.310880118178904,11.069307198783081,3.549354962113137,3.3466962982834456,0.6302837743582473,0.5298469578449245
2023,2,3,44,6076.166666666667,68648.16713468774,13.174644101269989,30.789473258133167,11.13674971214615,10.998423647584074,3.427172854227006,3.2811668895509136,0.2891989661807916,0.31320445317228496
2023,2,3,45,3911.3333333333335,59933.3612199622,13.901141980569285,28.080417775890123,11.00098857764558,10.883945230174032,3.335072457105698,3.2185453433295246,0.2628751403485443,0.2587242994052633
2023,2,3,46,7417.333333333333,56191.21183593934,14.438477440230093,25.68955509401478,10.936515650628255,10.714559267592017,3.2460844927162738,3.045804833737624,0.4593598056882697,0.4078706338242624
2023,2,3,47,20313.5,59256.51608419227,13.937184630910478,27.21520737280366,10.98963102905496,10.707987866695484,3.303775911655173,3.038952246468706,0.6220201397115476,0.5872950737343612
2023,2,3,48,513.3333333333334,60243.19799875751,13.627922077922078,27.426211885517013,11.006144948693454,10.95634117562837,3.311499194264913,3.2546217340743295,0.10133384668500557,0.11502202033738197
2023,2,3,49,20284.833333333332,68530.65382305901,13.433698411785489,30.280487188589873,11.13503642521813,10.936954710475431,3.410503517891263,3.219933262903858,0.3872764738976462,0.38061675456930044
2023,2,3,50,2405.3333333333335,47810.50083364847,12.793652993348115,22.401025957745723,10.775000577065144,10.68698717806556,3.109106759497206,3.0201689712336925,0.1964770546394854,0.202212330642417
2023,2,3,51,847.6666666666666,39885.91250915369,14.90169091624066,18.185138630379377,10.593778470588063,10.488710966594143,2.9006047017466767,2.7998297268028245,0.36755638264368395,0.30961239974371474
2023,2,3,52,5079.833333333333,39473.40478140553,14.915056268250272,18.15679170576646,10.583382427449937,10.255039630333833,2.899044689380819,2.5674344393161626,0.7675777686855771,0.8039073923543019
2023,2,3,53,65975.66666666667,48382.8160804274,14.057359531544456,24.003606510587485,10.78689999000263,10.677429565581532,3.178204090332827,3.073137384542781,0.21748895556658604,0.20770074457313636
2023,2,3,54,16232.5,36838.65982753146,14.204178859284358,17.487552344427467,10.514303111518927,10.390926831112886,2.861489333235295,2.739419147844688,0.2752283220402356,0.28083576024791584
2023,2,3,55,1798.3333333333333,85761.47590730475,13.583873957367933,37.285080115026624,11.359325185896571,11.189873464104696,3.618593249713488,3.4507657952379165,0.3883438294867377,0.39017541105208264
2023,2,3,56,2775.6666666666665,41231.84233085089,12.77062567551339,18.77220116824147,10.626966108933798,10.523828117368376,2.9323771142737214,2.838049813558188,0.2441957542458275,0.22197659843663117
2023,2,3,57,917.8333333333334,37661.18744051234,12.054839295442163,16.911307781200268,10.536385332264048,10.454612563707306,2.8279824976610777,2.7689261092314554,0.1794233790930439,0.12138367028194304
2023,2,3,58,7589.833333333333,48476.43832324349,12.331232569885154,22.65159106287214,10.788833151114574,10.61774715748063,3.1202300950633552,2.94921372326156,0.25115484183215775,0.24462544725748642
2023,2,3,59,3654.6666666666665,48546.97812792545,13.996260488872673,22.16433129710189,10.790287229309113,10.6766973255366,3.098484298425509,3.009098947317435,0.2631413460329489,0.216145126764012
2023,2,3,60,12478.166666666666,46793.32222605256,13.138041111808626,22.956260088469495,10.753495784247402,10.359664853773284,3.133590670050791,2.7467892977631734,0.4897288724536336,0.48039610520359444
2023,2,3,61,52672.5,51220.516494217954,12.965304475770088,23.50360922687086,10.843895443541369,10.662659028842198,3.1571539934794437,2.996538416950136,0.2987095072374433,0.2703978756935901
2023,2,3,62,34268.333333333336,45141.05643557675,12.431788337143134,20.731478090142478,10.71754745363282,10.600284414064765,3.0316532258905053,2.9258643823856523,0.247773125213995,0.23448663820957513
2023,2,3,63,29103.166666666668,53754.953967860274,13.257514932510208,24.69258180415957,10.892191108586719,10.751431779093512,3.206502866709898,3.0798947022297782,0.27854329232830494,0.2512348932060823
2023,2,3,64,70243.0,45848.167035889,13.87588324340741,21.000289710646673,10.733090499478491,10.546646677398861,3.0445362333733423,2.882851324449671,0.3760195477416615,0.3298518255068607
2023,2,3,65,3147.8333333333335,71335.01392445699,13.992269815216815,31.74990985376212,11.175142564747004,10.949503535853452,3.457889886083083,3.2690739568300993,0.5192079728065202,0.4404821034948944
2023,2,3,66,55315.833333333336,42380.866577690766,13.254469033881197,20.386413234161967,10.654452279411508,10.51480868926178,3.0148686610284634,2.884740892398361,0.2682551651910637,0.2438426215138655
2023,3,3,0,584526.5,,12.732970475533046,,,,,,,
2023,3,3,1,172988.83333333334,116488.49397559407,15.286310388050095,50.77546229925457,11.665547782952402,11.417787200843112,3.9274132122847645,3.686281607925535,0.511931712927504,0.5122180897367524
2023,3,3,2,75462.16666666667,98120.95347196421,15.767866016745696,44.15298981887298,11.493956215732103,11.289299945499854,3.7876606443238745,3.6032276317594816,0.40697705223948455,0.3815913723652929
2023,3,3,3,2163.3333333333335,136010.48518533912,16.85855161787365,60.63293477606705,11.820487258697394,11.70430983922703,4.104838223597426,3.9860311942035453,0.30069657233954505,0.32255492818699294
2023,3,3,4,22092.833333333332,124608.41135427388,16.33243057703479,56.0567857110037,11.732931389913135,11.591294582710617,4.026365207507102,3.8937897382938402,0.27211957019926125,0.2624066037986782
2023,3,3,5,56161.666666666664,98471.3642595792,15.222310591447311,45.869094882748094,11.497521066716597,11.339523252370089,3.8257915761874104,3.667206835312896,0.3553946258032149,0.3603128990670939
2023,3,3,6,3041.0,98765.99398813986,17.241477584128027,45.47601447983996,11.500508634085405,11.345419508549078,3.817185032673001,3.6585098195874317,0.25920142190027806,0.2562651133748146
2023,3,3,7,6780.166666666667,329762.2428923306,19.015265111477103,124.66322236870552,12.706127197691192,12.416950318535138,4.825615880306248,4.572516291143808,0.7652152864880267,0.6539464810854969
2023,3,3,8,17932.166666666668,116004.88804934623,16.684152314741663,52.00877426466658,11.661387607557138,11.488998464781947,3.951412440206106,3.7844191813895156,0.37055384671656094,0.3858802816910987
2023,3,3,9,5181.166666666667,102414.56564147111,16.060668446617555,44.993404405329656,11.536784224064517,11.303203146582467,3.8065159102576156,3.6008351307366357,0.3747619958610379,0.3393434393666226
2023,3,3,10,8052.5,105947.41821785901,18.61123874573114,46.80449551921969,11.570698195469944,11.373393840888497,3.845979256413302,3.6901174843363136,0.35982238846167597,0.3109325798965135
2023,3,3,11,48512.5,71250.85339881589,16.843658850811646,33.10884956629102,11.173962075586408,11.034662521546005,3.499800605147321,3.3517658781711472,0.32663013149741504,0.34744633382669105
2023,3,3,12,776.6666666666666,97212.52608922007,16.81845493562232,45.00850722030154,11.484654851376265,11.232204204430287,3.806851521242779,3.5825888969083755,0.39597742379393225,0.3546311006252318
2023,3,3,13,2722.5,150455.78751797756,17.47033976124885,70.28547244168743,11.921424549367352,11.614022838582313,4.252565126560774,3.9269592471396533,0.57489503973767,0.6227060936265911
2023,3,3,14,17947.0,57810.61461007716,16.772422503296745,26.680948535737983,10.964927681572977,10.826012606364298,3.2839497727294717,3.1361301287233525,0.302897610574924,0.30628793136299315
2023,3,3,15,6989.666666666667,182804.1570807958,17.972006295006913,76.4767984389494,12.116170678885819,11.860394479662133,4.336987406451522,4.1112620596937965,0.5567468439166914,0.49778853286167357
2023,3,3,16,16423.333333333332,97487.37531346851,15.461031053379338,43.755073623482005,11.487478164637741,11.162320013854615,3.778607574616524,3.4554923944078113,0.6849432736545553,0.6799608153226215
2023,3,3,17,17008.5,98384.5078051086,14.150219008142987,42.99343331709239,11.496638629640215,11.193691554462541,3.761047390475669,3.4940440520562004,0.5308608841065836,0.49245110136438913
2023,3,3,18,15112.166666666666,80106.85914113643,13.4787643510196,36.04594516833568,11.291116761614147,11.09976040185967,3.5847943794113717,3.3946325823770525,0.35966481219190866,0.3636157548049336
2023,3,3,19,1348.6666666666667,78135.84522359699,12.998022738507167,33.38963408525573,11.266204196266298,11.105689546362699,3.508245495083168,3.3505289829592835,0.33686585332860547,0.31525291491854524
2023,3,3,20,23351.0,116402.37253679545,15.983027136596577,53.68745678606984,11.66480819669027,11.526179958674092,3.983179394828105,3.8449626970078357,0.3160943621254642,0.31413084323105445
2023,3,3,21,87100.33333333333,83172.30022145917,14.004458459783928,36.80678433459578,11.328669641345254,11.00518280170288,3.6056821851016005,3.2949408625153946,0.5999085634481425,0.5732473343019828
2023,3,3,22,4073.8333333333335,66279.37543653806,14.693204598453544,32.33075662454726,11.101634048390158,10.90700650157996,3.4760189946353837,3.277714700359308,0.4960086226743675,0.4998997400264758
2023,3,3,23,6048.5,57792.481867293005,14.036372654377118,27.11207424339877,10.964613974700317,10.836362371412665,3.2999791726972374,3.1800273283333764,0.27137189095688047,0.2398559784660713
2023,3,3,24,4616.166666666667,64308.47203956119,14.146369642921615,30.05023970889018,11.071446659548894,10.919318328955528,3.4028706379507376,3.2405766060279175,0.2732160773802068,0.279043353079743
2023,3,3,25,5823.666666666667,57603.024394867294,13.957930284471407,27.6164630218047,10.96133035216088,10.874277150050096,3.3184120811931357,3.2293917044524116,0.1757569257649109,0.17694439453103694
2023,3,3,26,2201.6666666666665,57360.814812176126,13.274186222558669,26.519145155724917,10.957116680405804,10.809877261724244,3.2778669308511126,3.149463226048407,0.36834709975230906,0.32304628679698083
2023,3,3,27,461.6666666666667,43220.88296750955,16.383393501805052,19.07932610867964,10.674079059456766,10.624128000158844,2.94860534614481,2.9217531732329785,0.1034505924925024,0.057232995822512005
2023,3,3,28,26368.166666666668,63270.61189381642,13.07920535494188,28.57254014379828,11.055176233246629,10.919492849827328,3.352446121768882,3.2191791359050024,0.27506087336038026,0.26922550937365763
2023,3,3,29,48864.833333333336,53778.55856126619,13.118227491481603,25.048109365517384,10.892630126958386,10.709543874291526,3.220798350252092,3.0421549179040244,0.3409155826206255,0.3275802608324651
2023,3,3,30,26414.333333333332,64388.70130005771,14.144706787981274,29.546658175092485,11.072693451048778,10.865507206297663,3.3859706469354873,3.2049191900375438,0.39586410773212716,0.3608966372270268
2023,3,3,31,12605.0,80788.24210100483,14.573449689276742,38.46840068422432,11.299586715368415,11.092850474161398,3.6498371428359264,3.440448843628633,0.3265137406618684,0.33019803155872235
2023,3,3,32,6156.5,37175.83504464795,11.789923928639109,17.721432362345066,10.523414233608637,10.405335752205849,2.8747747749995676,2.768074125990346,0.23193499100778275,0.21053814382384425
2023,3,3,33,6056.833333333333,98666.09873989879,13.839630169780689,38.69522846608275,11.499496688606982,11.317136832663278,3.6557162969841692,3.4547625837819482,0.38937577430738063,0.436397281447789
2023,3,3,34,41158.833333333336,89346.03075903928,14.237397399505166,38.88121615955853,11.40027209608699,11.231884843575497,3.660511258927071,3.4850053613644008,0.34414619819806436,0.36088539627413263
2023,3,3,35,35449.5,56229.13494161052,13.363479503707152,26.709060515919,10.937190316882127,10.697497404267988,3.2850028530071613,3.0486294051881315,0.4382763669601482,0.43356156342363666
2023,3,3,36,47278.666666666664,37955.260752614486,12.992702839899602,17.953225598984993,10.544163396473758,10.356511303849498,2.8877697978981365,2.716614737384774,0.39802954960063963,0.3694813583783597
2023,3,3,37,31214.666666666668,49755.94165681307,13.300990987142796,22.805917120933834,10.81488516574321,10.624697393681053,3.1270200251381413,2.939663675894056,0.33596262746722627,0.3380978834938613
2023,3,3,38,51210.666666666664,43785.38724483119,12.591686627785878,20.60096982623232,10.687055416152253,10.527988471477876,3.025338153630673,2.875051847340678,0.3304618644871782,0.31002289900930724
2023,3,3,39,25992.666666666668,62461.424016707744,14.334555900382158,29.034480217559775,11.042304429435774,10.808937950612055,3.3684840967371237,3.1470772691302007,0.4499161770324128,0.43357715847235345
2023,3,3,40,878.0,57831.46948719832,12.372437357630979,31.269289134063644,10.96528836129455,10.669412727978717,3.442636438050607,3.1025909700692966,0.6384428545529838,0.6665874374439064
2023,3,3,41,3452.1666666666665,35248.66088142094,11.557765654419931,15.45151030360466,10.470182818339259,10.353859587141985,2.737706752844735,2.6362984322527834,0.28796787486228836,0.2470700488451422
2023,3,3,42,16941.5,44315.03384484159,12.633847848970477,20.23016838509071,10.699079262905515,10.455112200536753,3.0071749746789096,2.787985727356057,0.445655934012257,0.40703968974170357
2023,3,3,43,1307.6666666666667,52402.19176795616,11.837369360183533,21.217934699367838,10.866703697067134,10.719545168693076,3.054846800426907,2.94753972742297,0.38718470914530506,0.2669818550358326
2023,3,3,44,34160.166666666664,61169.42196396446,12.67442098740736,27.617299006977206,11.021402702526514,10.853909775506029,3.318442351996422,3.155281570604599,0.4147623346048708,0.39992210777381176
2023,3,3,45,19952.333333333332,72070.85194548576,13.39764772708288,33.745157809312246,11.185404968932088,11.043292566808473,3.518836934708727,3.3728763269317503,0.28494495415447885,0.28917177660243604
2023,3,3,46,18254.5,57101.66157655632,12.709213253353054,25.991913954184025,10.952588494635018,10.802924713929473,3.2577854878882517,3.116844873859517,0.32767417847406516,0.316469657543574
2023,3,3,47,79277.83333333333,61660.148573808416,12.466435552602977,28.19098692240398,11.029393111002733,10.860301989827443,3.3390023141763394,3.176699804476103,0.3882659188089219,0.3794202334295571
2023,3,3,48,1702.0,63528.95896431647,11.730513121817468,29.826024834704835,11.059251127605249,11.007860353411427,3.395381328993125,3.314004493070197,0.10982665584051733,0.1847381111197197
2023,3,3,49,18966.833333333332,74152.4797350123,13.17781038830942,32.45340066660758,11.21387878915137,11.124306609763583,3.4798052347812236,3.3811519101983194,0.17929182387438,0.18950395344287926
2023,3,3,50,4716.5,65989.742742769,13.24760592247076,28.692287618761007,11.097254595942363,10.944037165726735,3.3566283625678066,3.23543269459318,0.26000044892831675,0.21874196129909673
2023,3,3,51,496.8333333333333,43522.89423734076,11.736330090573633,21.34290882861939,10.681042382933924,10.606200702511973,3.0607195453294653,2.989014920147096,0.2514014990451116,0.23625536181171453
2023,3,3,52,682.3333333333333,60379.94617440635,12.451392281387397,27.155729607841234,11.00841231181304,10.524847430469048,3.3015880593947355,2.9152581534646416,0.48604242358504773,0.41089960118048774
2023,3,3,53,6094.166666666667,62870.99078481446,13.996936961575278,29.329433641692773,11.04884014051513,10.792807765681925,3.3785915729390545,3.119018142805407,0.5233736827999128,0.5214554054704508
2023,3,3,54,6091.5,46386.715343482625,12.299214752797615,21.45193852675517,10.74476838996807,10.61749410982111,3.0658150154982238,2.9339616172059833,0.3123077658788925,0.3292840519024617
2023,3,3,55,5751.333333333333,92721.50969867114,13.283528457169353,42.07102176594513,11.437355760222225,11.263241849071786,3.7393591845892935,3.569181429347558,0.3687681348206888,0.357910920982824
2023,3,3,56,1887.6666666666667,52079.77645416639,12.314144446406498,24.764854992984496,10.860531984518524,10.79668197686588,3.2094255107024243,3.1366643627728235,0.1656636085488402,0.18305659046719486
2023,3,3,57,1052.3333333333333,45929.515760733346,10.855875831485589,20.56653783582723,10.734863234280011,10.637426189986716,3.023665378163349,2.9314515357039554,0.20773362239991275,0.19607239988881187
2023,3,3,58,11163.166666666666,55465.72581338422,12.439510891473448,24.520892336552908,10.923520556058188,10.794984392920725,3.1995255025980374,3.089005845201803,0.2559773453299052,0.23629702926154417
2023,3,3,59,1992.6666666666667,63652.078597754036,13.456005352960855,28.594909197735973,11.061187260133467,10.971693433751591,3.3532287019027507,3.2717662083031755,0.20099298278285305,0.20639836936140932
2023,3,3,60,2677.1666666666665,45315.110439466946,11.48951005416174,20.528017828275864,10.721395819636237,10.433953992242772,3.0217906763586724,2.7537061444278517,0.670820957702871,0.6583591062709704
2023,3,3,61,51554.833333333336,57461.910453405064,12.400563801001523,25.906118042348663,10.9588775803865,10.795207647333877,3.254479158661748,3.0954088750527413,0.32802802872738723,0.3157406600673082
2023,3,3,62,29128.5,53521.51478681008,12.52775346024226,24.54325816980064,10.887838997593102,10.744511261964933,3.200437200225169,3.0669265817010216,0.3238282371616987,0.3063093564599278
2023,3,3,63,8903.166666666666,72179.94495432822,13.484415657350382,32.716810455811384,11.186917515579811,10.947130879363788,3.4878890270262017,3.256228174515024,0.43746080290279094,0.408396901647188
2023,3,3,64,231961.83333333334,60657.83976422306,12.55363705667096,25.806286299414115,11.013004168412976,10.842466369582109,3.25061811726456,3.0926345219558975,0.384216804830367,0.3562586064357427
2023,3,3,65,14531.333333333334,73616.72070306035,12.66743129788503,30.446055772735587,11.206627462380206,11.06258152471474,3.415956454492955,3.2860491163589427,0.3107481723565983,0.2830192334752215
2023,3,3,66,71233.5,48357.828134791,12.399535798933554,22.53965935145098,10.786383393356106,10.599465934863472,3.115276395429591,2.9391897172227326,0.33868887072497,0.31932434350884414
2023,4,3,0,604551.5,,13.885514578438174,,,,,,,
2023,4,3,1,228306.66666666666,98745.78167433976,15.885577877708347,44.51310766185351,11.500303964629087,11.280886164312818,3.795783699998579,3.5861328959451977,0.4510464136538848,0.4388374686530254
2023,4,3,2,147640.5,80230.73986167795,15.770503351045276,37.557392840691996,11.2926620104636,11.139727114301264,3.625870238743741,3.4784564503429984,0.347952592188362,0.3405508639206198
2023,4,3,3,493.0,88808.36006190533,18.14604462474645,43.53350983426731,11.39423606939019,11.28828169010859,3.773530982551928,3.667576603270328,0.23570021192620524,0.23570021192619045
2023,4,3,4,5438.333333333333,103098.08577093479,16.118112166717747,47.94330780968757,11.543436103110425,11.466872846990908,3.8700192255764327,3.7981006048498984,0.15071068002335705,0.1437231021831542
2023,4,3,5,38256.333333333336,85337.99446357046,15.716151574031315,40.68054303159276,11.354375055921794,11.216548980940393,3.705749919950476,3.5685752887370734,0.30897580597136587,0.3116849488047255
2023,4,3,6,3908.3333333333335,131265.7127993141,18.122643923240936,59.491554907916935,11.784978889854617,11.597800678189197,4.085834368157231,3.8947805665296813,0.3986443026547108,0.4038625822358946
2023,4,3,7,7504.833333333333,247711.39576833148,19.362943880610274,103.84731143181973,12.420019620750768,12.10203430128123,4.642921661030036,4.352122571858029,0.8331473093101147,0.7856459646569275
2023,4,3,8,104319.83333333333,93350.27334394069,16.492018935357454,44.766544863550834,11.444114077127775,11.311256775543528,3.8014610940133933,3.6633880242822143,0.31922079931153335,0.3367007475077808
2023,4,3,9,13962.166666666666,76605.78290659076,16.846716722571713,36.29224249668384,11.246427847743197,11.10995087363329,3.5916040131070543,3.4672306697792075,0.28122404768181275,0.2589325509447178
2023,4,3,10,13092.166666666666,92427.54218790351,18.432472343513297,41.74321975223686,11.434180288840723,11.208653487253487,3.7315370369643435,3.5289769117241514,0.4449677553884687,0.4087480348272667
2023,4,3,11,160116.0,59576.42234405261,16.74527217767119,28.476527136281938,10.995015176529659,10.83870396483867,3.3490801386688966,3.1938187609377757,0.3474516443826581,0.34421016966456147
2023,4,3,12,2814.5,71047.43662826768,17.10049150233908,34.63465630143747,11.171103054454527,11.043984112623988,3.5448548079790325,3.424267479271054,0.2682746081513899,0.2562177592470983
2023,4,3,13,5989.333333333333,115723.48882938371,18.284116206589495,52.76979220905925,11.658958907524159,11.44103840636879,3.965938909738026,3.739535720543972,0.5813377163315573,0.7014082367141117
2023,4,3,14,36834.666666666664,65636.30205910964,16.71966625642511,31.252758689558302,11.091884206918543,10.911388538150351,3.442107650351997,3.2591745390596722,0.43967226492406103,0.4570688761182838
2023,4,3,15,11604.5,155492.52413401016,18.087810763066052,69.4010302755882,11.954352933137107,11.716080491071525,4.239901712872136,4.002405790285421,0.46936851705475946,0.4433564585633576
2023,4,3,16,14643.0,82055.1443421609,16.50627148353024,38.90334479237917,11.315146792202558,11.033431431471163,3.661080231307883,3.381693053469176,0.6291714787796048,0.6309363994997925
2023,4,3,17,58606.333333333336,66008.96041696618,13.753900317940609,31.028782906759382,11.097545775686907,10.903709288485935,3.434915254576617,3.2457162413176737,0.35238481360311485,0.34951256618358495
2023,4,3,18,4328.833333333333,63727.29190266599,13.824972086397414,30.36171677507229,11.062368194116067,10.931116791146955,3.413182498197213,3.2867830578732886,0.2813967175267744,0.2704708314960788
2023,4,3,19,1578.0,66883.98625929207,14.11850443599493,31.144166056182367,11.110714849141656,11.016675209742806,3.438626942177525,3.3440278782346513,0.1694375958817875,0.17788446113216855
2023,4,3,20,17336.833333333332,90547.31088454853,15.52313475163669,42.730250613781,11.413627765295189,11.254840045138298,3.754907114693286,3.590964390197665,0.33664677414806277,0.3459353755379698
2023,4,3,21,106865.33333333333,59351.002358578065,14.37606832274888,27.547274662573873,10.991224288835014,10.699295204223345,3.3159036073871366,3.045939006211975,0.5660943389047625,0.5216537396257865
2023,4,3,22,53509.0,51469.97558620895,14.08898814529643,24.971171555056323,10.848753918316184,10.709898147814062,3.2177220216955016,3.082100368762579,0.30715308174698214,0.3017503768917379
2023,4,3,23,30038.166666666668,43541.91669016974,13.986472765204267,21.154859905848443,10.681479355183194,10.54937252812071,3.0518696618786993,2.924572295817035,0.25816579994946226,0.2439452989244972
2023,4,3,24,10352.666666666666,64326.38875967211,14.791712280249856,31.240598263115533,11.071725226651397,10.851433429050676,3.441718475335988,3.2111564770606496,0.3246113271388198,0.35696578368195564
2023,4,3,25,34943.0,54475.93507379389,13.80023657575671,26.0397093219647,10.90551432485676,10.768670168857243,3.2596226545270928,3.122983144636951,0.27025333106595245,0.26661476739613993
2023,4,3,26,2971.5,48607.37705350263,13.625441696113073,22.63048139189648,10.791530589593798,10.674821756773346,3.1192977317080355,3.0015531300525233,0.2597900171329003,0.2840655420415791
2023,4,3,27,1442.0,37842.14803325076,13.933656957928802,18.502040258765113,10.54117878776109,10.348152529006226,2.917881010260991,2.727090332825927,0.500705368382749,0.4876716603536137
2023,4,3,28,17493.5,54046.191491845835,13.66728594430312,25.943931278398303,10.89759435789919,10.696236760767746,3.25593772015778,3.067942638746858,0.52081420145295,0.4813425729040057
2023,4,3,29,29758.5,48577.30877675977,13.517684023052237,23.071307009015467,10.790911803260428,10.591888588567274,3.1385897246344348,2.9505991881064353,0.44536605903235454,0.42355232419135025
2023,4,3,30,98541.0,49873.480533802314,13.96099085659776,23.87731396037895,10.81724468824041,10.691132911323153,3.172928801476821,3.0540482364394674,0.26526050595992323,0.2590609584760174
2023,4,3,31,55143.333333333336,51665.1558548276,14.143698240947831,25.066313216640737,10.852538865286267,10.696402534070888,3.2215248417883022,3.0669460311193086,0.3454256276982514,0.34316957147390276
2023,4,3,32,28737.833333333332,31252.537177626622,11.619491146978142,15.324820536544014,10.349855841552895,10.200388952808211,2.729473771250869,2.5882076441083526,0.2734629382769283,0.2518613100822537
2023,4,3,33,731.1666666666667,101430.20634160208,15.459311602461819,45.312072879705845,11.527126218693143,11.406926685473385,3.8135735064674243,3.707510100820447,0.33965390159225833,0.3003979572466034
2023,4,3,34,20484.0,72635.00425031727,14.44677146390679,32.602108878413674,11.193202236823087,11.07590943393343,3.484376975802277,3.365169713368557,0.2495721948447789,0.2637131082882828
2023,4,3,35,19300.0,49247.239759167074,13.08699481865285,23.391696669932998,10.804608599530482,10.547400893249018,3.152381116226666,2.9029128663945607,0.4850170137018478,0.4670424388598448
2023,4,3,36,52087.833333333336,31121.398324781,12.993469364246927,15.44989695605685,10.345650910598442,10.222220603076456,2.7376023338106297,2.6194366165797716,0.27084157715017776,0.25976354721407957
2023,4,3,37,191971.83333333334,41354.63169185674,13.244484650960079,19.577729257424973,10.629939706073937,10.471721251151077,2.9743926578246773,2.824324672733744,0.31643464417803707,0.3039703213885244
2023,4,3,38,27642.333333333332,35075.33393685011,12.502526318328169,16.57349444177684,10.465253425576805,10.299978761522627,2.807804698871049,2.662702068472984,0.3341009317730192,0.31192455654729395
2023,4,3,39,56437.166666666664,47399.87410543682,14.477362730824547,22.49449711615102,10.766374851676199,10.550493505330854,3.113270706682105,2.9022177795875774,0.4682241921488316,0.477021073265438
2023,4,3,40,173.5,55762.081669716776,14.29971181556196,27.33435375966508,10.928849377408232,10.610621600998968,3.3081442905699703,2.9899165141607065,0.4762065853781343,0.47620658537812083
2023,4,3,41,926.0,36012.09150638705,13.49244060475162,15.276018530336412,10.491610036222225,10.06932441701817,2.7262841823984343,2.1346688584015054,1.0736112098835586,1.5076030550687443
2023,4,3,42,2088.6666666666665,32696.418592758255,13.639802106607087,16.8639997259297,10.395020827730006,10.270736809487872,2.825181156107155,2.6810554794318104,0.27514646278760196,0.3315025033738996
2023,4,3,43,279.6666666666667,31461.035728313254,12.928486293206197,15.422076337408457,10.356505098140065,10.334323874073025,2.735800011301803,2.713618787234763,0.04396298693258835,0.04396298693255739
2023,4,3,44,2053.5,69942.7756294637,14.235857479100721,32.69321007243476,11.155432695695842,10.970069248608812,3.4871674132975974,3.2819712281449367,0.458703956384981,0.5031437414859176
2023,4,3,45,2065.1666666666665,61462.08104970725,13.955774352352515,28.5343228859615,11.026175695340767,10.805539085311457,3.3511076744609922,3.0501031815901753,0.39734444295534727,0.5754888332152484
2023,4,3,46,1484.0,38908.82801226303,12.684636118598382,19.094086139212603,10.568976445048563,10.402651595004375,2.9493786608892543,2.7650418556280596,0.44409118488315374,0.5113978075859634
2023,4,3,47,4875.5,70037.71556463692,13.326564796772981,33.19819012342079,11.15678916971477,10.9216322366166,3.502495360081686,3.249817860856472,0.4510374319827656,0.46612907274609683
2023,4,3,48,3.6666666666666665,59132.043999999994,13.0,19.324197385620913,10.987528256118654,10.987528256118654,2.9613580611722274,2.9613580611722274,0.0,0.0
2023,4,3,49,7205.666666666667,72400.13411043945,13.61086182171439,32.37196902196426,11.189963430726229,11.019703371719803,3.477292894693799,3.318046254318739,0.3409051179280749,0.31255571073555005
2023,4,3,50,259.6666666666667,58914.52638970987,11.802310654685494,28.87966979887739,10.983842967240646,10.92376034661902,3.363137880402385,3.3030552597807583,0.09777697935395238,0.09777697935392249
2023,4,3,51,82.33333333333333,27060.895365095916,12.0,13.265144786811723,10.205844989318395,10.205844989318395,2.585139902480133,2.585139902480133,0.0,0.0
2023,4,3,52,607.6666666666667,49815.15398213244,13.893582007679646,23.77231849586603,10.816074513553822,10.567156433019308,3.1685218153561916,2.956384830931312,0.42571406380962157,0.3865817841484966
2023,4,3,53,13958.833333333334,47675.55352512885,13.344190655857103,23.352211604108366,10.772174040786723,10.638495539709904,3.150691695009061,3.0147730134558484,0.29420463435120914,0.2907736805803055
2023,4,3,54,4702.666666666667,39408.37202383172,12.228451942160476,19.177303003723896,10.581733560628177,10.422071723385463,2.953727444538035,2.7905609244196916,0.3355404207668976,0.3484182540811295
2023,4,3,55,305.0,60574.927809735964,14.228415300546448,29.70167927636817,11.011636353933888,10.813750434322376,3.391203585502113,3.196709113913838,0.5202380595904431,0.5025695918651012
2023,4,3,56,524.0,45481.08516971205,12.271628498727734,20.951069832662036,10.725051807951676,10.670079441031707,3.0421897110625107,2.9988730610051566,0.12285997283270726,0.10112095377541831
2023,4,3,57,142.33333333333334,29550.069474344076,12.496487119437939,14.485328173698077,10.293841373909114,10.229150149229902,2.6731362870708524,2.6084450623916395,0.13360353849816914,0.13360353849819137
2023,4,3,58,4415.5,42413.37695362761,12.311403012116408,19.941603043139388,10.655219085651552,10.584021521189005,2.9928081546393015,2.923102197040094,0.15409679782245295,0.1574004532531183
2023,4,3,59,478.0,50152.85031326755,13.861227336122734,23.500940036869867,10.822830627533067,10.792520355759038,3.1570404219190022,3.1302544488077153,0.061071488006210435,0.05195482017137333
2023,4,3,60,4281.0,29317.927969161326,12.011990967842404,14.112161807640904,10.285954483965906,10.205270592214521,2.6470369651596504,2.5674792286511177,0.17531876752250017,0.17317219012604645
2023,4,3,61,25723.333333333332,41367.39063848405,12.367500323960089,19.53611381333924,10.630248183704659,10.491601406256533,2.972264743177507,2.8373391586217394,0.3149930782746688,0.3025491828893618
2023,4,3,62,16712.166666666668,45966.02802160738,12.685169487299671,21.82873829767652,10.735657881360654,10.568023666389095,3.0832273721749535,2.914259130086979,0.3221695587621308,0.32037599300681574
2023,4,3,63,10880.833333333334,46765.45504831499,13.188144290418931,22.05859430922237,10.75290006935301,10.633004168715201,3.093702290544952,2.968588467390498,0.2825921594409901,0.28881119676609573
2023,4,3,64,40828.5,47389.00419757449,13.630633830126833,21.49599064318622,10.766145501817764,10.592634262487904,3.067866436031472,2.9047961740376285,0.37572435728962067,0.36505250587860616
2023,4,3,65,1222.6666666666667,68185.20988837384,14.094056706652125,30.34285880165483,11.129982956506362,11.011028271017464,3.4125611949809427,3.3245546026006303,0.24428922601637118,0.17995908087518095
2023,4,3,66,26167.666666666668,38644.70391852324,12.792492006674903,18.693678557900125,10.562165017938927,10.410663731049828,2.9281854216783603,2.7779386611691783,0.3176065535285141,0.31230529297467874
