year,group,cohort,occ_code,num,occ_income,occ_grade,occ_wage,occ_ln_income_arith,occ_ln_income_geo,occ_ln_wage_arith,occ_ln_wage_geo,occ_var_ln_income,occ_var_ln_wage
2023,0,0,0,18283942.833333332,,13.07860218369931,,,,,,,
2023,0,0,1,10301173.5,121619.2652799173,15.454316588299381,,11.708650667543514,11.438825786704554,,,0.5243804684196234,
2023,0,0,2,4618328.166666667,105705.11765654112,15.665630264689216,,11.568408587493662,11.30712494705404,,,0.46558900055977687,
2023,0,0,3,130996.5,118885.66012903173,17.016772712756957,,11.685917470939899,11.50762208372915,,,0.3630089805266447,
2023,0,0,4,1290800.1666666667,118954.67856313306,16.326013799450752,,11.686497847140322,11.5603715857603,,,0.2545340043075976,
2023,0,0,5,2073607.3333333333,98428.18317071366,15.43403878137005,,11.49708245636811,11.31947768516186,,,0.3539042034054803,
2023,0,0,6,505318.8333333333,101003.13584517708,17.625162067645082,,11.522906843313468,11.35696357871843,,,0.31427412384932757,
2023,0,0,7,667150.0,255395.10808799628,18.955483274625895,,12.450567068473864,12.097087170658781,,,0.8150362470410965,
2023,0,0,8,2366647.0,93136.6460630341,16.258944123620182,,11.441823006257708,11.31729203275078,,,0.2691280747777602,
2023,0,0,9,859399.3333333334,85944.11553537448,17.540180001691102,,11.361452544655426,11.218960538223547,,,0.28752910219030525,
2023,0,0,10,574346.3333333334,89849.09460666946,18.186072108640605,,11.405886815440505,11.222967613204766,,,0.36918769835376186,
2023,0,0,11,4840394.833333333,60528.602182562114,16.788889466971515,,11.010871295649684,10.877043824690348,,,0.29604284964130895,
2023,0,0,12,156178.83333333334,63566.37723996771,17.391857411322277,,11.059839949789444,10.952787785157483,,,0.23055769356165387,
2023,0,0,13,478787.3333333333,111261.42772761993,17.102379483723464,,11.619637915900176,11.3974444483841,,,0.43918468956331824,
2023,0,0,14,855214.1666666666,60284.96696441164,16.435535933007035,,11.006838047561075,10.872903003181191,,,0.29181384316338743,
2023,0,0,15,695402.5,208422.65680562402,18.633810634848164,,12.247323300829263,11.957577573536025,,,0.57762672279731,
2023,0,0,16,1466182.3333333333,82976.70270327658,15.570604224531419,,11.326315157055864,11.048059408210662,,,0.5696918763565784,
2023,0,0,17,1209155.1666666667,73963.18923856487,14.285042545545918,,11.211322805698533,11.000698456663029,,,0.35247691549901444,
2023,0,0,18,523963.5,72668.20261278132,14.085853944660903,,11.193659189752873,11.061648691658245,,,0.27556456495412984,
2023,0,0,19,64714.333333333336,67405.13270417105,14.111304553859783,,11.118476446881791,11.001778281214984,,,0.23497191458716732,
2023,0,0,20,1603827.0,130132.32013882913,15.62170639352,,11.776307059004232,11.546989060732908,,,0.4640602090153032,
2023,0,0,21,5766949.666666667,90511.16758933768,14.035121918005295,,11.413228520852227,11.041378813214314,,,0.7050537115399816,
2023,0,0,22,1034147.6666666666,52059.48362909295,14.013753516180635,,10.860142259734342,10.718840574847288,,,0.27901490467894013,
2023,0,0,23,670470.1666666666,43746.614947772236,13.4937331290654,,10.686169516169995,10.528623408158348,,,0.2868470744653314,
2023,0,0,24,230350.66666666666,56006.812308514025,14.386313909807077,,10.933228610685045,10.76217008248683,,,0.3192394658459935,
2023,0,0,25,739378.8333333334,53408.66859983238,13.564807666254984,,10.885728345103852,10.752491120195673,,,0.24588247976429467,
2023,0,0,26,31225.333333333332,48899.793125582844,13.097031256671935,,10.797528444893336,10.684179121745553,,,0.27839039824196493,
2023,0,0,27,19963.0,53907.02385867657,13.795196112808696,,10.895016061184046,10.71192414773147,,,0.3650473573348376,
2023,0,0,28,487877.8333333333,53584.295229057556,13.070406286819754,,10.889011304668285,10.73983827561002,,,0.34141692300939247,
2023,0,0,29,1349431.6666666667,53155.098518355735,13.135894987889964,,10.88096930613752,10.6975534670915,,,0.35468136421673063,
2023,0,0,30,1789147.0,57003.804185035224,13.917679579524023,,10.950873284678003,10.770432359964493,,,0.3430683489355719,
2023,0,0,31,1120910.5,54816.98416972791,14.045168340083054,,10.911755355022217,10.732149618930427,,,0.3234771565886353,
2023,0,0,32,269735.1666666667,32297.044831808944,11.772808019718106,,10.3827310137499,10.198288316623202,,,0.33137719954570843,
2023,0,0,33,300554.6666666667,92215.64973046537,13.96948697075629,,11.431885131913972,11.313330693624714,,,0.25560551307128987,
2023,0,0,34,990505.3333333334,84838.50861724826,14.403094918553357,,11.34850482975523,11.22164872898267,,,0.2723374235773584,
2023,0,0,35,478204.0,53272.97794551575,13.142025857862613,,10.883184501211607,10.673153233819725,,,0.40521110197931376,
2023,0,0,36,1983161.0,37664.09927250126,12.703708120520725,,10.536462645796261,10.35010322817354,,,0.3682996633556511,
2023,0,0,37,1832462.1666666667,41296.79072891912,12.939438313096597,,10.62854006960826,10.466849593024081,,,0.30771494810083316,
2023,0,0,38,839912.8333333334,45728.254300078785,12.304537752627901,,10.73047164186001,10.551016359072609,,,0.354103246334276,
2023,0,0,39,1323190.5,48770.0045612966,13.655053700380506,,10.794870742230783,10.567546129464224,,,0.4689665157195578,
2023,0,0,40,243324.5,81053.00533106618,13.415595223662228,,11.30285860644018,10.884299468262485,,,0.8224108077929742,
2023,0,0,41,185409.83333333334,47782.78917469636,12.441298960231341,,10.774420794535933,10.535026004491225,,,0.4603081391624968,
2023,0,0,42,566475.1666666666,50100.76712103342,12.695377938014936,,10.821791598752807,10.592294574148049,,,0.4369982635079608,
2023,0,0,43,64425.333333333336,65851.80039193941,12.473343819201556,,11.095162047601614,10.814822901173587,,,0.508368209033274,
2023,0,0,44,1092807.1666666667,65989.67598720323,12.587792326276531,,11.09725358433667,10.957048322675227,,,0.30977723737782764,
2023,0,0,45,474854.0,67536.97586632732,12.919202182846377,,11.120430517490371,10.978603039537013,,,0.28979477632925016,
2023,0,0,46,562334.3333333334,65931.67214394362,12.746829436580727,,11.096374214199551,10.949658116064565,,,0.30836190189050866,
2023,0,0,47,2777387.5,68237.98685561467,12.33452816120665,,11.130756680786886,10.94583314837859,,,0.383519857564364,
2023,0,0,48,75773.66666666667,80294.83269591861,12.392664997954434,,11.293460547875743,11.153897424828072,,,0.33113223555411964,
2023,0,0,49,413840.8333333333,74300.64260981319,13.03377022969781,,11.215874879521925,11.07364028037763,,,0.3017473231168814,
2023,0,0,50,184224.5,64107.465143054964,12.650611979767438,,11.068316097017812,10.955573760296087,,,0.22610860339851396,
2023,0,0,51,23077.833333333332,53671.03584790958,12.275928560595665,,10.890628765299692,10.709218477759162,,,0.3522962594682369,
2023,0,0,52,24823.166666666668,49368.67927327665,13.031650541496854,,10.807071479290393,10.542112005091731,,,0.5491520448979769,
2023,0,0,53,488481.1666666667,47412.77996179724,13.660896513581042,,10.766647090789576,10.637648441909247,,,0.24529717343833146,
2023,0,0,54,183338.5,40881.8838311605,12.504915770555558,,10.618442305791396,10.476276943457657,,,0.2906675060581581,
2023,0,0,55,152340.0,84136.84587220766,13.16751126865345,,11.340199869779255,11.18634909444088,,,0.33070470340450603,
2023,0,0,56,60368.0,50197.586296787675,12.097432966693171,,10.823722222786559,10.719978053314172,,,0.22683601825872615,
2023,0,0,57,17990.166666666668,57045.56271815608,12.266034222399274,,10.951605573442436,10.80858356665889,,,0.2728572966812462,
2023,0,0,58,196811.33333333334,52774.051703287,12.304299887879084,,10.87377490388217,10.750178032268794,,,0.25040377926524393,
2023,0,0,59,59653.166666666664,49540.11547915273,13.040464462629814,,10.81053803406915,10.691712535148751,,,0.24236458154463983,
2023,0,0,60,78866.83333333333,40034.072570738754,12.040644461867156,,10.597486184776658,10.397204861168595,,,0.3599195835366195,
2023,0,0,61,973057.0,55902.288852283775,12.477637144244033,,10.931360603784084,10.756978362739437,,,0.3400413889518615,
2023,0,0,62,720281.8333333334,52147.29111537675,12.371916455850267,,10.861827514983455,10.726247127457476,,,0.2831214019285679,
2023,0,0,63,370431.1666666667,60636.415478087736,13.1432335382147,,11.012650907059992,10.858396620970757,,,0.3241898104353695,
2023,0,0,64,2388482.5,58197.86274951607,12.450517291488076,,10.971603910528335,10.794179538534689,,,0.36894810624289676,
2023,0,0,65,366432.0,75819.87226242393,12.421112693942305,,11.236115704321135,11.084043597272098,,,0.3205166791471194,
2023,0,0,66,1257707.8333333333,44566.9891182552,12.314552518622834,,10.704748709659517,10.541379539908247,,,0.32020823682230093,
2023,1,0,0,4950083.166666667,,14.066061853034858,,,,,,,
2023,1,0,1,5136232.0,142596.44511059433,15.364581727097477,60.68627550600027,11.86777385755338,11.587978191926414,4.105717568809884,3.8385907265674466,0.5484635812748406,0.5328282643837849
2023,1,0,2,1782414.1666666667,134400.58605259148,15.998208796403006,58.726226675145234,11.808580067572032,11.51269542261783,4.072886418792464,3.8058960245756905,0.5308737073853671,0.4874115360835759
2023,1,0,3,85107.83333333333,127263.09365823082,17.051325083668367,56.216324986452214,11.754011826236951,11.580942542977857,4.029207194904427,3.8620008048798016,0.3530109592259737,0.34757860020573567
2023,1,0,4,1006557.0,122064.6075371865,16.330643636343165,55.076147477091766,11.712305753519637,11.583877869016712,4.008716727280112,3.8851447035886735,0.25611823304938963,0.2542359533218571
2023,1,0,5,1260008.6666666667,105440.61201226606,15.438688516957288,48.450599008472494,11.565903154084683,11.380013224764673,3.8805447016963135,3.706544841513852,0.3639420840706468,0.34843379506036115
2023,1,0,6,255027.33333333334,108590.31447619922,17.73049163357653,49.408267789540986,11.595337497202694,11.416939540418168,3.900117774350807,3.7277611855270756,0.33193553720225727,0.32990921526576117
2023,1,0,7,335436.3333333333,294918.6601755674,19.140915961200786,122.65645669682944,12.594454869083528,12.246826640834904,4.809387412586966,4.436788262166133,0.8393000125015644,0.9245198032628082
2023,1,0,8,283379.1666666667,117736.4312565395,16.973476643484144,55.879770103508,11.676203771748664,11.526158336369676,4.023202420269847,3.8813355508438394,0.3067855769579615,0.29570874513219003
2023,1,0,9,171254.16666666666,104705.09050954923,17.745701564438825,48.37477620745093,11.558903015634206,11.383724797714073,3.8789785251366804,3.719807616687952,0.32421920408773314,0.303484932195162
2023,1,0,10,243812.66666666666,99665.98861396707,18.91144020409112,43.814040746384435,11.509579760477228,11.306085204163711,3.779954330998369,3.589611012731013,0.3988054251800746,0.3812492997656792
2023,1,0,11,959232.6666666666,70147.09097598819,17.448185320349808,32.322435233519634,11.158349616046214,11.037158935211666,3.4757615783861797,3.3525982585667773,0.25399281747594,0.2555403604358393
2023,1,0,12,35661.166666666664,68837.63179508894,17.37593180256769,33.00679883552588,11.139505848151638,11.02620803808016,3.4967135655651447,3.3898809657967472,0.22132394009163697,0.2104528566661602
2023,1,0,13,158558.0,130197.33445295399,17.16848303670161,57.913215336731795,11.77680653583547,11.526585637974208,4.058945602692932,3.8330115429511236,0.5006351332223361,0.4639933013099763
2023,1,0,14,254777.5,63189.832090645104,16.8027985202775,28.491602233120503,11.053898682549935,10.912155250587137,3.3496093853672635,3.208847621844907,0.3011318234595551,0.3036606378560758
2023,1,0,15,359863.5,233224.82337901313,18.872894861523882,94.91052814506176,12.359758174530185,12.071366515889755,4.552934638820435,4.2911298763322,0.5921758328083817,0.5436285200586194
2023,1,0,16,677959.1666666666,89981.51894907246,15.984239955454544,40.675786746628354,11.407359583215923,11.1235044417655,3.7056329951830294,3.4363458589010194,0.5680027806490471,0.5449476646960676
2023,1,0,17,269311.6666666667,98488.48742606881,14.935144535142058,42.89428130086454,11.497694941406147,11.207171226483682,3.758738514038185,3.4830394432385106,0.4641666630281846,0.4523292194881175
2023,1,0,18,357350.6666666667,76094.99193225864,13.967382179222648,34.684202983913934,11.23973773264693,11.115132795219479,3.546284337876809,3.4262942501107023,0.2593676299443923,0.2523998448265979
2023,1,0,19,36316.833333333336,71577.98826813644,14.178099228548744,32.13104927369157,11.178542879260872,11.055974864042883,3.4698228297277924,3.360661114612598,0.24215505762415976,0.2244025069440878
2023,1,0,20,1069748.0,148194.10152631998,15.992781477506853,68.38977644265206,11.906278190284981,11.693383133034223,4.225223346244479,4.015730990990165,0.4296864582664149,0.4264006575670041
2023,1,0,21,2893179.3333333335,109341.58822967108,14.441497346978604,47.36447763328306,11.602232097948681,11.240126321243913,3.8578725307283754,3.519801621432064,0.6951334967246199,0.6471605981813275
2023,1,0,22,62293.5,64899.26496248658,15.268404140613923,29.90182888681361,11.080591576934465,10.892731242802192,3.397919645309093,3.2310744405320313,0.3394277023606121,0.31710764074056597
2023,1,0,23,89987.66666666667,60780.34375177803,14.45023577305038,28.162568686875595,11.015021722127349,10.76324541868167,3.337993744703479,3.1133450733490533,0.45856832135067144,0.41583210800936515
2023,1,0,24,46383.666666666664,64932.32996238199,15.238395699635648,30.714083554727726,11.08110092907836,10.897048079531263,3.4247212971115912,3.2447802055344654,0.33463584827085174,0.326221844759014
2023,1,0,25,88044.0,68213.72209842398,14.468182575378979,31.5222745075503,11.130401027381994,10.939451252282735,3.45069442315875,3.2799067425933113,0.3206977587273874,0.2935179409871466
2023,1,0,26,9005.166666666666,53261.96192424266,13.581647572689754,25.379290139667347,10.882977695419521,10.81363142391594,3.2339334926148475,3.1689815633810134,0.14679512047970594,0.13594604514305567
2023,1,0,27,4259.666666666667,74666.55030012898,14.47969324673292,34.42622951289587,11.220787483687438,11.062751057814404,3.5388187596747023,3.396795183617156,0.3114910863697302,0.28998934689285044
2023,1,0,28,216758.0,57160.20000100326,13.802251051095386,25.608220542049697,10.953613131005548,10.818918211318564,3.2429134148629704,3.122000201882563,0.30367070931246576,0.27200460321193076
2023,1,0,29,652744.1666666666,58590.9319163385,13.556927995015913,26.746696853353377,10.978335218135816,10.790820699769366,3.2864109835998403,3.1198508291318325,0.360134868580959,0.3200156667447807
2023,1,0,30,446385.6666666667,72653.96910176247,14.623012835686927,33.37248089563533,11.193463300703096,10.98538341449473,3.507731635089285,3.3201753432883376,0.3938347011096398,0.35649645314114864
2023,1,0,31,206632.16666666666,76375.22657216103,14.857965805582062,34.564356034137155,11.243413663044436,10.986246108132905,3.5428229786475787,3.31576031346724,0.44767831905689487,0.4098905565062376
2023,1,0,32,24483.0,35326.414933968044,13.15300412531144,17.162666119152906,10.472386261498414,10.338065003976851,2.8427364502404235,2.7131908634245923,0.2789452845031799,0.28709242577761673
2023,1,0,33,262753.0,93824.17648399944,13.99842056988883,34.98081012901923,11.449177846815749,11.33462466215652,3.5547996290998376,3.4244524233347153,0.2455019938885483,0.2781140598012617
2023,1,0,34,665809.3333333334,89580.84766633177,14.397307938008279,39.70671314456684,11.402896822390463,11.288619077984942,3.68152027023836,3.5671622705921795,0.24344534215029165,0.2463131490436912
2023,1,0,35,205329.33333333334,58604.74390838345,13.723080644428137,26.980812452195156,10.978570926356477,10.767822368507085,3.295125963454282,3.1009107107304605,0.391958359722201,0.36422724035534965
2023,1,0,36,722918.6666666666,43461.59251928097,13.774070942051573,20.547088458422056,10.679632896472732,10.494209972730808,3.022719250049189,2.8622848715910383,0.3624801999570592,0.31972266135660665
2023,1,0,37,153215.5,50020.90851114892,14.215754933410784,23.297890026017317,10.820196367224462,10.604439223423663,3.148362799647847,2.9401062840935333,0.3782635518139637,0.36956892018306625
2023,1,0,38,457534.6666666667,52053.12137644463,12.93747359034361,24.05208997115573,10.860020041052831,10.689838362997499,3.1802218938636457,3.022132759197355,0.3290903197249537,0.30537927997199543
2023,1,0,39,227431.83333333334,60950.497985654205,14.733062140963849,28.793234711824773,11.017817305272336,10.785356943955446,3.3601404537077846,3.1409244473375693,0.4648406837720692,0.4373649097606728
2023,1,0,40,204388.83333333334,84941.98400455648,13.397204511335827,31.29489932436814,11.349723761312353,10.939692578364271,3.443455123383733,3.028368565981348,0.798656008623456,0.8329602838583007
2023,1,0,41,122669.66666666667,50822.09154312461,12.445521712784197,21.13352954528648,10.836086411932914,10.608471534830647,3.050860857209248,2.8297396377580277,0.4281234268676364,0.4241811291973834
2023,1,0,42,377096.1666666667,54192.96654279321,12.91793649453698,24.23533473821755,10.900306410423916,10.675442393817674,3.1878116813834065,2.9805471344555663,0.4204151799076347,0.3956597881024298
2023,1,0,43,54858.666666666664,67107.23413463826,12.536925189578067,28.042243901547756,11.11404712839503,10.815815308420573,3.3337120839840932,3.0561092121274727,0.5392683715646449,0.5132353321389399
2023,1,0,44,950378.1666666666,67070.24607321173,12.642367450570992,29.707736414795335,11.113495797988376,10.975542737380362,3.391407497234881,3.2593827361266614,0.3055072661154789,0.29570300048671455
2023,1,0,45,394101.0,69120.88398676462,12.943486568164,31.628800339567785,11.143612192556525,11.00260046518542,3.454068108668076,3.3182932682787127,0.28768269948846753,0.2806380987181895
2023,1,0,46,472640.8333333333,67920.44315380105,12.795771983306564,30.581770763848073,11.126092345607658,10.98498377208352,3.4204041047710656,3.286586906211518,0.2963426377843255,0.2828331735220628
2023,1,0,47,2447676.0,69708.00793941073,12.480395008707578,31.459207670686265,11.152070481675786,10.969505667391482,3.4486917120201057,3.276831225733189,0.3766451078785405,0.3592682465406284
2023,1,0,48,67454.66666666667,80972.39856560687,12.38274594295428,30.983607383191096,11.301863617133925,11.161760376125535,3.433458270533634,3.288111766122437,0.3350889159908399,0.3530374516374405
2023,1,0,49,275085.5,79299.68663338489,12.968876949166713,34.4893356568,11.280989455955421,11.153751126506279,3.540650164855437,3.4155312577083734,0.26514941434219363,0.2602505288611163
2023,1,0,50,164593.83333333334,65095.1572846732,12.685550187684228,28.951891092919013,11.083605436561365,10.977089663924714,3.3656355246116134,3.265385715134478,0.21422811030918987,0.20434617388284818
2023,1,0,51,19651.166666666668,55702.191696570495,12.399755739693147,25.68484591303088,10.927774773374118,10.752142695790436,3.2459011647979032,3.073864461800027,0.3255173794454335,0.3235541597197786
2023,1,0,52,9703.0,57433.75659098706,12.726854237521042,26.618035734892594,10.958387503367833,10.739830134548093,3.281589021172014,3.0636972085124055,0.42723419661506357,0.43859392081216236
2023,1,0,53,88089.5,55114.33425113185,14.176021735469797,25.98394733907823,10.917165111056237,10.760211801991217,3.257478937309966,3.116051744904913,0.27676601269700196,0.25793042813270967
2023,1,0,54,82072.16666666667,46005.29583763075,12.63939662857688,21.38632312186281,10.736511795749655,10.597745593781514,3.062751611257209,2.935411665868436,0.26214369416876115,0.23691127807761406
2023,1,0,55,128628.66666666667,85323.64563245204,13.130890988530291,37.82504467336179,11.354206900604124,11.212330739015082,3.63297144072757,3.49918878465296,0.3032042044888021,0.29224863523549727
2023,1,0,56,44665.333333333336,52111.002347375994,12.186565270605092,23.69299324976797,10.861131382939451,10.755867112602392,3.1651793609602334,3.067156436188447,0.22331366456809873,0.21533248730495771
2023,1,0,57,12754.5,58224.86807921343,12.351483790034889,25.878356055601127,10.972067829043036,10.8529959365463,3.253406945806802,3.141863388402618,0.23454484433944428,0.22210842400626715
2023,1,0,58,128515.33333333333,55476.481360108235,12.344490670373963,24.795903399494993,10.92371445064586,10.802518868884597,3.2106784540220743,3.0986423230283187,0.2518485039780901,0.23609488680035154
2023,1,0,59,39780.333333333336,52438.67792722864,13.190496141309357,24.748909151866197,10.867399726408584,10.758502797850676,3.2087814133713097,3.102633181188853,0.20952719893096003,0.20156784140310657
2023,1,0,60,22818.333333333332,44670.16160063375,12.561536775984223,20.645276757795557,10.707061031994282,10.5864293260564,3.027486564808653,2.918717251693439,0.2589997671968726,0.24335437237060836
2023,1,0,61,558230.3333333334,61904.65091865625,12.675204560124822,27.647041234375052,11.033350591854258,10.869222551466864,3.3195187144442304,3.1698501431953225,0.3199341391962903,0.2943461655854448
2023,1,0,62,455660.6666666667,56482.1674898479,12.459532751711434,25.48444979298794,10.941680247667458,10.814520148438854,3.238068454113705,3.1196306605325628,0.25968771268407537,0.24753162708734783
2023,1,0,63,201584.5,67677.28685711948,13.273657779574652,29.91023725502058,11.12250590566805,10.982453846895902,3.398200804907975,3.26762282278167,0.3006444323662751,0.2823818625134129
2023,1,0,64,1400341.5,62500.61924614997,12.632914661649796,25.974046156142062,11.04293174361381,10.872734545470951,3.257097814699566,3.1083321658764667,0.346652457567905,0.30563991174521443
2023,1,0,65,311401.8333333333,77130.85175257821,12.418737633208112,32.187871228601736,11.253258631944709,11.107284452243132,3.4715897116732286,3.333070924373315,0.312041098447743,0.2953224964688102
2023,1,0,66,666295.1666666666,48237.79036735478,12.903725601091208,22.35867698205936,10.783898025363486,10.62202607679741,3.1072144775765684,2.9600405816119837,0.31617735322893536,0.28700015289756947
2023,2,0,0,9424505.333333334,,15.692931257647617,,,,,,,
2023,2,0,1,3987317.3333333335,102846.73240978639,15.965706015205544,45.99831705386781,11.540995124131943,11.31164760337774,3.8286048100343364,3.6160780214260013,0.4545420361776196,0.4280581309703239
2023,2,0,2,2138349.0,89785.06149982182,15.858497061673907,41.27770327142891,11.405173887443429,11.197017359829363,3.720322481820935,3.531855005085505,0.38432512682998127,0.3550827653690368
2023,2,0,3,38446.0,102341.66397631656,17.69143734068564,48.209445838481535,11.53607214152255,11.356605524949716,3.875554973609328,3.700487726435966,0.3639479521302643,0.35863683157925225
2023,2,0,4,176870.33333333334,109934.76025804714,16.903660120125664,51.2831212167012,11.607642380264751,11.502629689001632,3.9373616769204647,3.8350401708348536,0.22467502330495898,0.22348637039398694
2023,2,0,5,480087.0,89354.82491736086,15.969658277215032,41.929990461650775,11.400370519323918,11.247577578060687,3.7360013336999547,3.5908261614025023,0.3146732615673029,0.30134826384986696
2023,2,0,6,211165.83333333334,93389.6754026891,17.943972943855343,43.70720075387111,11.44453607637965,11.299075938270029,3.7775128655037653,3.6378296562858212,0.2819050709947907,0.27353684200343825
2023,2,0,7,278924.8333333333,211805.6272502918,19.72622134159203,92.10385562328233,12.263424280494762,11.94240197530656,4.522916805829988,4.181082289768979,0.7064296344972567,0.7787246793852851
2023,2,0,8,1699173.8333333333,89848.49538784663,17.116523392790008,44.366994820151845,11.405880146248974,11.297175291213096,3.7924958331027145,3.6863602124191734,0.2374523570050055,0.23473321002673095
2023,2,0,9,611766.1666666666,81192.04749253643,18.885334456493045,40.08243826637378,11.304572584069566,11.184879385393533,3.6909382899156022,3.575232526658253,0.2544421757849425,0.24867211619331145
2023,2,0,10,266982.8333333333,82103.07070340596,19.38679578025304,37.37541100443812,11.31573069673141,11.16298574060146,3.6210130284246507,3.4741067955531473,0.33033743942867666,0.3189443355527922
2023,2,0,11,3200988.6666666665,58779.29783267416,17.539956821673638,27.729203857979194,10.981544994217213,10.85275085329546,3.3224861487207322,3.1961109270070276,0.2884404619179559,0.27560407454867925
2023,2,0,12,107957.83333333333,61273.55871329425,18.401879128733906,29.841026085019056,11.023103686508811,10.921100805034484,3.3958841609715473,3.299605479330682,0.230237835938016,0.215012407110067
2023,2,0,13,274995.5,102078.82322709984,17.987311307518368,47.509212254945076,11.53350057056448,11.338723814246142,3.8609236344456064,3.679436809970128,0.38767899351349044,0.365606706632938
2023,2,0,14,426817.8333333333,59585.03609462742,17.67206930981875,28.789137307647323,10.995159749291735,10.873422325644873,3.359998139175032,3.2407667802628843,0.2655731807209492,0.2610836961868969
2023,2,0,15,272677.6666666667,187849.5210728904,19.01740516580627,79.43926183747273,12.14339650148005,11.86664890573635,4.374992727617622,4.13135718649438,0.5365748072325598,0.48141161806866023
2023,2,0,16,634997.8333333334,76308.02575245014,17.1090715007689,35.86803971645795,11.242533398535695,10.985879480495454,3.579846640384213,3.336000987514793,0.5435969283523919,0.5214141495044241
2023,2,0,17,697201.1666666666,66253.20472154923,15.02973723270209,32.13860579634263,11.101239115833986,10.954891987535536,3.4700579802876526,3.330191910873021,0.2677871022240321,0.2657060719795634
2023,2,0,18,103043.83333333333,64244.97138099116,15.334176555931698,30.36246744319804,11.07045873325077,10.940841973005421,3.4132072220575815,3.290860641325694,0.26101437522989496,0.2517519837826314
2023,2,0,19,18454.166666666668,60151.537506366105,14.793136148114698,28.274579052199208,11.004622282279238,10.89457096372403,3.3419631342591503,3.2350271923532814,0.23692852066621406,0.23246461734724305
2023,2,0,20,374540.0,89804.25826148727,15.596287000943379,42.68926950977735,11.40538767255898,11.210913885943034,3.753947589116729,3.5667254702460593,0.38594664127828376,0.3731709051031964
2023,2,0,21,2100988.5,74586.30487913551,14.88822031470742,34.212491400304856,11.219712188630211,10.885080220891808,3.532590823005563,3.228413114399144,0.6340144361515858,0.5770459895562554
2023,2,0,22,822056.0,51324.85475528194,14.702470391311541,24.8718909934655,10.84593041198117,10.71171198195068,3.2137382900460403,3.087412149957372,0.2657280158066804,0.2517806073048984
2023,2,0,23,436286.1666666667,41239.843430284236,14.204985489264118,20.254146183136847,10.62716014157384,10.496769087731886,3.0083595223787074,2.887416149578778,0.23940870014448118,0.22403312745429832
2023,2,0,24,136579.5,53118.21517439619,15.35798564206195,25.44457651182615,10.880275183706237,10.718042221054752,3.236502616625665,3.0907089363470868,0.3036895394200438,0.27872418063361165
2023,2,0,25,536556.1666666666,51474.02305472706,14.11006738343951,24.860014368260025,10.848832552691643,10.729147220036603,3.213260664049414,3.0985633184594477,0.22697118906371017,0.21582997632740608
2023,2,0,26,6576.666666666667,45698.19899326266,13.594678155093765,21.86184816593335,10.72981416676793,10.616895099962157,3.0847430247342404,2.9783161289131876,0.2954572837903894,0.2794568765930854
2023,2,0,27,10283.166666666666,49187.472730983776,14.360524481758214,23.605392825276446,10.803394250770458,10.615082955323244,3.161475195472847,2.988519564186796,0.36403509266972245,0.33732138006843426
2023,2,0,28,113318.83333333333,50956.98562529361,14.108102065999622,23.54564048924397,10.838737136716556,10.687558760952358,3.158940686096562,3.0189862079384135,0.36283164634382087,0.33318541006602204
2023,2,0,29,400845.0,50150.7553361627,13.857177545767899,23.625912636967307,10.822788854815295,10.661754984140996,3.162344102769864,3.018973328908614,0.3077038503174493,0.27312346449491304
2023,2,0,30,851592.1666666666,54456.4059434422,14.27536459647253,25.949888978829435,10.905155769621858,10.748373908966828,3.256167331330277,3.1121079153349984,0.2988050080272779,0.2752867781406958
2023,2,0,31,693399.3333333334,49760.733341506224,14.602132104732336,24.040859165844427,10.814981464874927,10.677477461969481,3.179754848040215,3.0522709330625633,0.26251182295828357,0.24637904840950683
2023,2,0,32,148266.83333333334,31649.978734852484,13.581484283403459,16.066209438119497,10.3624927556875,10.164021161509693,2.7767182737751726,2.5924526857473653,0.3491834096107198,0.3352630910967705
2023,2,0,33,13968.666666666666,78499.81149995716,15.041616952226413,31.12426194368433,11.270851502493185,11.135911522256773,3.4379876418510102,3.3000701019879854,0.3308994176082823,0.32309321274553476
2023,2,0,34,138447.0,74809.58824303943,14.947597275491704,34.21014437060358,11.222701340814936,11.104608014721132,3.5325222191093304,3.414446958803957,0.24655507010669372,0.2501026143419004
2023,2,0,35,66242.83333333333,53371.10297681775,14.323743197377327,25.188622847131878,10.88502473572148,10.667056166630328,3.226392418251998,3.017386759730285,0.43610926965116636,0.40644964725705
2023,2,0,36,825011.8333333334,34505.3089414661,14.676183028485852,17.603022768086653,10.448868473542111,10.272021186108626,2.8680706354838166,2.7037143269418484,0.3531808568481977,0.3318664201722647
2023,2,0,37,944090.0,40524.92402438147,13.990878341401068,19.824591527198056,10.609672471818195,10.470335569041968,2.986923163384212,2.853194486830899,0.2694808526127347,0.2605023559566379
2023,2,0,38,171036.5,36813.67206171406,13.570438668549306,17.959412086061583,10.51362457857543,10.350580899136382,2.888114327709176,2.7343184394734745,0.32134259155964284,0.3035602485506531
2023,2,0,39,791941.5,46454.320166570025,15.177474177911709,22.93874779031859,10.746224746732405,10.53062728454474,3.132827523913108,2.92393588760341,0.44589784086162965,0.43889867645968633
2023,2,0,40,34596.833333333336,60018.357032797954,15.39776761842365,24.69581051584056,11.002405744957546,10.568098481122492,3.206633614504427,2.774883410355833,0.8892309558694503,0.9116434501003738
2023,2,0,41,50917.166666666664,42113.31516530565,14.266969555127119,18.9332477991558,10.648119244376518,10.384127305834301,2.9409195193985695,2.6994610787178384,0.5081798350223099,0.5017687056949041
2023,2,0,42,122226.33333333333,42571.018815524745,14.744689496807835,20.383718317629647,10.658928991247226,10.440063826369931,3.014736460496669,2.8133131731208083,0.42810713205800327,0.4083887554000633
2023,2,0,43,5389.333333333333,62739.295275963304,14.285997031172688,28.306768201082388,11.046743249229612,10.827322126019567,3.343100935104073,3.1319480589844813,0.40152534259588774,0.38431400806752003
2023,2,0,44,29878.5,59455.92013865774,13.480507165129886,26.877385969397377,10.992990478971883,10.849743300758114,3.29128526276374,3.155618636968515,0.2988392294097704,0.28319157909684883
2023,2,0,45,14114.833333333334,56010.685650969266,14.23903930852885,26.6779863843719,10.933297766710263,10.80847051592195,3.283838745349575,3.16060650554243,0.28597997104154665,0.2772313940257153
2023,2,0,46,27114.0,52739.17887478497,14.38689729782892,25.097800540188928,10.873113890479761,10.699063043300344,3.222780214417272,3.058887555325389,0.36481167458144814,0.34321611002644814
2023,2,0,47,79444.16666666667,54441.10294728967,13.626316175930683,25.496697486634744,10.904874716429566,10.667167596463129,3.2385489334491444,3.0135302905667136,0.49683181582582087,0.4739661778695535
2023,2,0,48,2783.6666666666665,72542.04683640017,13.670578373847444,32.46233344965442,11.191921629097209,11.020342001037761,3.480080446429827,3.312358975580585,0.41600914537642464,0.45854748871729745
2023,2,0,49,66658.5,63912.020979332054,13.427024810539292,28.710320028510125,11.065262744415236,10.892004338247869,3.3572566410060647,3.192978987789507,0.34802027655025464,0.32863826740123964
2023,2,0,50,7905.833333333333,52564.407424332945,13.029240012648888,23.70148757856243,10.869794504748118,10.694593229426397,3.1655378131992684,3.012513488001157,0.3238630451188532,0.2894431051649326
2023,2,0,51,1973.8333333333333,43550.05547738355,14.865827915224184,21.721028914771438,10.68166625615776,10.53453654109353,3.0782808657103686,2.879275473244647,0.3400666036770344,0.3791426482163302
2023,2,0,52,12546.333333333334,42537.83304743138,14.794920162597306,19.536066264594936,10.658149148280277,10.376721511450501,2.9722623092849414,2.713379192222859,0.6305420289583433,0.6267041729405384
2023,2,0,53,313854.8333333333,45296.47871855157,14.335795370364963,22.47257101359441,10.720984575967494,10.614284183328323,3.1122954994824252,3.008989676268814,0.21049748455326608,0.20452084823999117
2023,2,0,54,64908.333333333336,34334.65116382006,14.154561561176017,16.72995050827113,10.443910361219274,10.319554965030768,2.8172005567320215,2.700131006665416,0.2805861187754439,0.2682972546204368
2023,2,0,55,7130.0,84718.74823032816,14.328705002337541,38.29620104256312,11.34709220479229,11.1477549761441,3.645350701777784,3.457556533689331,0.40250544540636096,0.3807493692363398
2023,2,0,56,8731.833333333334,42849.27425701328,12.211066786280085,20.162303440616657,10.665443987056669,10.581607960929492,3.0038146946433195,2.9207901654005264,0.18681997417149382,0.18200902415542888
2023,2,0,57,2051.3333333333335,38423.715005643884,12.515274618134546,17.24153253919773,10.556430126224813,10.457994012673417,2.8473211556696945,2.7640422603263843,0.21588583117363644,0.1803276304250494
2023,2,0,58,26945.0,43686.53079977719,12.511164718253232,20.420869599169684,10.6847951138895,10.567038963670754,3.0165573974894078,2.8983009948138516,0.21222250244057483,0.20702079057558662
2023,2,0,59,12641.166666666666,41143.12412709538,14.01007290993711,19.549937272526606,10.62481209924195,10.494602140156251,2.972972077859813,2.864832752774287,0.29607973365392387,0.2558279822051017
2023,2,0,60,35548.5,39578.02011048926,13.062163898148539,19.60259453930111,10.586029195431648,10.313393084184037,2.975661931929885,2.713705045493589,0.4129969392009438,0.3998331989997704
2023,2,0,61,164729.16666666666,46998.815267027516,13.03297635006956,21.958679658404463,10.75787767328997,10.591044984578197,3.089162489988789,2.9360118509700417,0.3052784507354392,0.27978993506134736
2023,2,0,62,106790.83333333333,43061.487472051966,12.576613161241992,20.022406292785192,10.670384314493848,10.54602298369585,2.996851961109116,2.881989716650391,0.25760780013402607,0.2442433818093443
2023,2,0,63,95717.66666666667,50924.882232909076,13.433848854095205,23.622543629289904,10.838106928532865,10.703885912157826,3.1622014946108115,3.037610631434927,0.27301664899211886,0.25096383104323927
2023,2,0,64,195368.33333333334,43193.16976290455,13.970172579998465,20.082914484229452,10.673437654391746,10.49255894727606,2.9998694279281346,2.8391503248473944,0.3716909306739402,0.3276588862639763
2023,2,0,65,10688.0,67882.50362035248,14.138566616766466,30.82641800223218,11.125533601702067,10.867160537670172,3.4283720496868373,3.185963765348156,0.5208829854675655,0.4826109463283971
2023,2,0,66,193325.33333333334,38432.595666675654,13.48332862049464,18.716733005517813,10.55666122399658,10.426811488479688,2.92941793688323,2.809625533956095,0.2696926490419284,0.24730055723847805
2023,3,0,0,1956721.5,,12.941507005468075,,,,,,,
2023,3,0,1,518070.8333333333,99474.53146318362,15.271003160764696,43.75149672906064,11.507656925187868,11.270780999880742,3.7785258231684,3.5542492464757576,0.4713412370542242,0.46060690485953576
2023,3,0,2,258533.83333333334,88872.65815918529,15.645598931925736,40.4674734125714,11.394959816932053,11.185791300175497,3.7004985258188166,3.506448181320029,0.4137332064367017,0.39456592581173777
2023,3,0,3,5528.0,111312.24458709979,16.895200192957066,50.942469118915206,11.620094545472169,11.46025726952087,3.930696939497849,3.7660905305687407,0.3284598635291679,0.3409698005516698
2023,3,0,4,88408.66666666667,106027.25496993952,16.15714522708935,49.0466746014862,11.571451462401836,11.443068624985818,3.892772387617011,3.7631831058870926,0.2745738326372964,0.28122678854060645
2023,3,0,5,205611.0,88775.07978662751,15.264685903640046,41.74470512476115,11.39386125656197,11.230728089164534,3.731572619895088,3.568773467254463,0.3462707239802237,0.3501635596115242
2023,3,0,6,15893.0,93133.39917710915,17.784391451162985,42.829995656410645,11.44178814412063,11.267776082286208,3.757238690212627,3.5924761995509655,0.34352557630496694,0.3479771855961335
2023,3,0,7,22483.666666666668,249179.0964835475,19.105899097122354,97.42156589484247,12.425927179887324,12.015737133962919,4.579047601897774,4.171461918899252,0.965875656190286,0.9758285801092497
2023,3,0,8,54275.166666666664,103842.04127883493,16.626191843415192,48.07640936665631,11.550626189668767,11.385640693702607,3.872791607044229,3.711720255228067,0.3611063363588834,0.363521643862505
2023,3,0,9,19378.833333333332,91488.66448568998,16.67922905575671,41.77339720443223,11.423970358186887,11.235458808779507,3.732259706406866,3.56315638614614,0.31071403659437336,0.2947004166683503
2023,3,0,10,25723.333333333332,88630.46137552154,19.298937410910977,39.727175636641796,11.392230885354927,11.204491390786425,3.682035478365308,3.513851979818861,0.3477898560164048,0.3214177663832515
2023,3,0,11,170783.66666666666,59233.95025864776,16.56444507769088,27.720706633104005,10.989250140591714,10.84580265734902,3.3221796658115106,3.1792695159597044,0.3193678784853556,0.3194441732390729
2023,3,0,12,4803.166666666667,73700.96392990153,17.211076026232693,35.59248889344698,11.207771157195038,11.103423069687786,3.5721346294581484,3.4662158120489677,0.17508130686044845,0.19142134627643134
2023,3,0,13,14876.833333333334,107458.5998980017,17.055668208960242,49.30380592491098,11.58486093514528,11.353322467128244,3.898001277357188,3.663157213037165,0.40492116899223596,0.44080222037429834
2023,3,0,14,55501.666666666664,56185.778648546155,16.35408546289901,26.09727947458822,10.936418954901239,10.764685589099626,3.261831074205728,3.0920657656252204,0.34368310391454654,0.3452515075635685
2023,3,0,15,23620.166666666668,172159.43589541083,18.212600814275937,72.52801491581721,12.056176279320372,11.796861575869944,4.283972899854456,4.041329778078972,0.5361726524360947,0.5127417563423934
2023,3,0,16,86586.83333333333,79532.6139780093,15.525108705904094,35.31555876714249,11.283922455234626,10.978776700855766,3.5643236251098456,3.272197640631184,0.6102683469195581,0.597455217660699
2023,3,0,17,55329.5,88711.9794737499,14.402696572352903,39.16735379773796,11.393150215252264,11.083871788655928,3.6678435885342466,3.388259452458109,0.5222543547718338,0.4953813896439557
2023,3,0,18,45306.0,70104.29029925287,13.929486896511133,32.17551533241912,11.157739273706984,11.014054631729666,3.4712057699015295,3.3294572993381,0.28877704760290257,0.28514839129876357
2023,3,0,19,4323.0,67372.65653083108,13.696429948338345,30.324711394590725,11.117994525132623,10.996322536680005,3.411962937706202,3.2970244392610417,0.23976687085777465,0.22288492400726306
2023,3,0,20,103736.0,114117.63908108653,15.827674738438601,53.455160042098534,11.644985117075288,11.459114165128188,3.978843172420359,3.792917715547588,0.4237566752482183,0.4236488428154029
2023,3,0,21,349524.0,66704.56575387447,14.0866321053776,30.178745299115622,11.108028681643054,10.816651616628421,3.4071378785561865,3.1356615421622367,0.545078444905902,0.5090254168342861
2023,3,0,22,13634.833333333334,66474.98574112769,14.703785647055946,32.27447808669404,11.104581001611425,10.843075288618044,3.474276765779154,3.215191102050979,0.4479865539135409,0.43510358960613676
2023,3,0,23,29429.166666666668,46689.0396625365,14.05460569163245,21.987193921752876,10.751264719377707,10.601042130168725,3.090460189409781,2.944459791638218,0.3091932737305097,0.2965705885562427
2023,3,0,24,12943.0,57919.73891437334,14.650699219655412,27.611472470765193,10.966813519355608,10.83931175012842,3.318231355587205,3.1908336287090577,0.2561613887684213,0.24977653860834376
2023,3,0,25,20967.333333333332,53816.82103046117,14.1168643286382,25.840294792002165,10.893341355841132,10.771455614667651,3.251935087208543,3.1333157527614284,0.2743739198962688,0.2643215258394386
2023,3,0,26,5997.0,50494.49821788278,13.783891945972986,23.95023065061224,10.829619663147845,10.718539849143518,3.1759779543162816,3.079620612694053,0.2524152427278365,0.22378681192698982
2023,3,0,27,1304.3333333333333,45830.55248334087,14.438538205980068,21.484809622817306,10.732706232489223,10.683778623307203,3.0673461562529694,3.0226847122954985,0.10046745902283832,0.08928725686105887
2023,3,0,28,92936.5,53042.96043984133,13.289927351829833,23.987407262819698,10.878857438532926,10.726400508632212,3.1775289952635912,3.034209245333749,0.3362364707402058,0.31607525549512866
2023,3,0,29,181665.66666666666,45468.131571504724,13.22052781941919,21.47293239227354,10.724766954518978,10.552591905028159,3.0667931834806925,2.904164548077732,0.3324634040565448,0.31108983560923503
2023,3,0,30,117977.83333333333,53819.09414632983,14.233611681290412,25.451513838397215,10.893383592967378,10.707871562645364,3.236775224072182,3.068997871772211,0.3642975674711825,0.32829790180714785
2023,3,0,31,51183.166666666664,59474.076587633856,14.342026512622967,28.18888636049975,10.993295808991508,10.786288464439387,3.338927799574483,3.1411681290523874,0.386814021084205,0.3827086252514312
2023,3,0,32,19196.5,34966.052056709144,12.104914958455968,17.067705975542903,10.462132928537278,10.355985950483129,2.8371881385276723,2.7315464950403947,0.21288411724774467,0.21245649707145425
2023,3,0,33,22139.5,82662.51093094853,13.819929688264564,32.55928399159649,11.32252146421879,11.190086542073285,3.483062550462463,3.3158119737062157,0.2649394613971604,0.3368115062345549
2023,3,0,34,120128.5,79809.98200918059,14.327579772216142,35.02791510662084,11.287403863449413,11.12635760928912,3.5561453180707914,3.3922605233150724,0.3478366577651319,0.35461225106251393
2023,3,0,35,136575.66666666666,49715.000651439084,13.265366939449926,23.386280335334206,10.814061990517645,10.630731495061672,3.1521495399606643,2.973585197667709,0.3581266602357625,0.34951150777732826
2023,3,0,36,229893.83333333334,35033.772853089584,13.302608522919636,16.93661112024437,10.464067813877215,10.291372028146034,2.8294776172772247,2.6724705961235062,0.36160057580137134,0.33389369627271814
2023,3,0,37,112415.0,46948.0123397415,13.714299693101454,21.61191901051353,10.756796148058472,10.552755106726966,3.0732449685434418,2.8729544114478283,0.3666972756030644,0.36307259236088457
2023,3,0,38,144188.66666666666,40467.00857950498,12.833040507113367,19.21374098345761,10.608242318150147,10.455654864723929,2.9556256992813816,2.8086544225422485,0.31690283804531344,0.3027517611824731
2023,3,0,39,89947.33333333333,51266.17262151952,14.156387812127097,23.95631423946755,10.844786410567735,10.619344696892757,3.1762319316758245,2.9643045571514546,0.45059861960869463,0.43620770382693086
2023,3,0,40,3710.3333333333335,45695.58922537745,12.340221004402121,20.790385745312737,10.729757056368268,10.522998335714654,3.034490656065888,2.7948317077965306,0.4300769738575864,0.46456023427320015
2023,3,0,41,9296.5,35069.12213181823,12.631743129134621,15.874317505271556,10.465076310936638,10.293455858496522,2.764702552060664,2.585785980090615,0.39543563181931113,0.3969804639037605
2023,3,0,42,55929.5,40559.857363101706,12.865869830173104,18.74458288872982,10.610534121570067,10.39682229107369,2.9309047980720577,2.7369558918995116,0.41966696275429705,0.3873313777143092
2023,3,0,43,3814.3333333333335,55606.088686141,11.87494538145591,23.49421060173233,10.926047982986573,10.81192853077844,3.1567540334260586,3.0471455772927425,0.26485177204000515,0.23700812997299886
2023,3,0,44,107078.16666666667,58226.43930653841,12.871652951348624,26.40609603331416,10.972094814181466,10.823310835982987,3.2735948938493875,3.128081394913299,0.3234266019287935,0.31650576943481
2023,3,0,45,61900.0,60478.22466983066,13.294001077005923,28.136667205755263,11.010038656418455,10.875254006736746,3.3370736084871657,3.2037627169987877,0.27571662648133577,0.2729119365523259
2023,3,0,46,58820.666666666664,56813.50315519451,12.79084448776507,26.126927938709976,10.9475293080611,10.795251205795486,3.2629665042591656,3.1193460139630678,0.3057734762947647,0.2903531806824822
2023,3,0,47,234773.66666666666,57362.20877957091,12.603251926323367,26.145101519117148,10.957140981846809,10.788080007808386,3.2636618505592008,3.1013451348720134,0.3663688852041359,0.354230060836681
2023,3,0,48,5363.333333333333,75912.57584322653,12.203542573026725,27.493927700093305,11.237337639292788,11.126481355697347,3.3139651693845105,3.2181353175849408,0.22293005655507936,0.20479364644181025
2023,3,0,49,52279.833333333336,66668.12882373926,13.141357884971578,29.658649956665588,11.107482288977643,10.983981577580245,3.3897538183665454,3.2667900763927373,0.27839541945340934,0.2744212781609912
2023,3,0,50,10846.833333333334,58694.95488861799,12.996850079132157,26.619514271001346,10.9801090547395,10.836449964325055,3.2816445660311953,3.153719418989408,0.2690788389962334,0.24940512218784464
2023,3,0,51,1073.1666666666667,50286.09515615181,12.075477558627115,24.752029904001475,10.825483879624256,10.741603882403473,3.2089075019748363,3.128068299711721,0.20513264965869193,0.19480168839277187
2023,3,0,52,1256.3333333333333,51306.83756594287,12.254709472008491,24.10342484985532,10.845579308162913,10.51032049251893,3.1823539403524492,2.917525418417933,0.3448390404012637,0.29999440451782816
2023,3,0,53,22974.0,53803.097784589394,13.83340587910972,25.514829218569687,10.89308632413144,10.699873673445635,3.2392598211198202,3.0455193242992813,0.3834062053590264,0.37900224059995896
2023,3,0,54,19458.833333333332,42514.25358521135,12.07386533964866,20.185843307676457,10.65759467716128,10.537747367215758,3.004981532360921,2.8851142590032084,0.2671888528530536,0.2695658996402791
2023,3,0,55,15478.0,74905.98560187346,13.096007236077012,33.68365460326259,11.22398908089006,11.007440842309267,3.517012693085443,3.3011897437372086,0.46270924507655103,0.4681267958714243
2023,3,0,56,5773.5,48425.329325412014,12.178112641090037,22.529426009726,10.787778288983347,10.724669844534436,3.114822277409718,3.0480283853563077,0.15508340647998103,0.15858071346974623
2023,3,0,57,2639.3333333333335,65717.65010973274,12.180980045466026,30.745217707667486,11.093122815421447,10.866665829649973,3.4257344604559026,3.1854018016920453,0.39273624090207626,0.4054327822070698
2023,3,0,58,31823.166666666668,52418.85837916417,12.531876672654617,23.565070268896676,10.867021698295419,10.737254039246828,3.159765542289206,3.037657698713484,0.2633559990907281,0.2508077766471568
2023,3,0,59,4871.0,51721.93098305749,12.664887429001574,24.160084281061632,10.853637167514785,10.728737924087296,3.1847018615150673,3.0747481499490505,0.26528971596615514,0.2413239306842653
2023,3,0,60,9096.666666666666,40733.2994723335,12.183657017222426,19.393030539262007,10.614801205766401,10.415861390453657,2.9649137509698384,2.7710356115576102,0.4275366219922314,0.42009927561002763
2023,3,0,61,169927.0,50944.91575098311,12.422118517559502,23.139955294069605,10.838500244682082,10.667656776524572,3.1415607897874156,2.984797487231393,0.3384268387600498,0.31749824762798445
2023,3,0,62,103992.66666666667,47142.56350156458,12.56274801428306,21.674076455826373,10.76093155561326,10.628863758264238,3.076116913031094,2.950634967301399,0.3013143189753123,0.28686911715551194
2023,3,0,63,39538.0,58912.41187675917,13.324127000185477,26.962873826073665,10.98380707539822,10.791838353616738,3.294460876285778,3.107702585099495,0.3820421373386497,0.3650406728475371
2023,3,0,64,673152.1666666666,55419.84654167086,12.728425692754463,23.871332827083496,10.922693049406837,10.753077560497717,3.1726782757036673,3.019573945367115,0.363155743308553,0.33120833244956555
2023,3,0,65,39825.833333333336,67177.93348942646,12.628938503065429,27.804029299437325,11.115100101892722,10.963525050928952,3.3251809490226547,3.181190678774156,0.29699846109469574,0.2907897820246877
2023,3,0,66,287969.6666666667,43599.51125544169,12.881444689197588,20.638945303750088,10.68280121953672,10.507880989912582,3.0271798396832206,2.860375222599844,0.33020024512721086,0.3117780084917717
2023,4,0,0,1952632.8333333333,,14.327036564392504,,,,,,,
2023,4,0,1,659553.3333333334,85938.09844258644,15.782462373525515,39.41533027161144,11.361382530514332,11.15535577936472,3.674154833814871,3.475973915065661,0.42008172189179116,0.4099674717921059
2023,4,0,2,439031.1666666667,74475.3060041695,15.758275323657735,35.06655794185947,11.218222886390356,11.064592666832521,3.557247911113378,3.410428100203073,0.3208027447958209,0.3115681149612935
2023,4,0,3,1914.6666666666667,83735.32759886829,17.535689415041784,39.49449536423127,11.33541624148992,11.26982590484806,3.6761613043283035,3.615098260170009,0.13647804467022562,0.12465656969857342
2023,4,0,4,18964.166666666668,95995.1099960403,16.339306586984222,45.101029677586205,11.472052531611366,11.382040872129267,3.8089050772366173,3.7249014912688883,0.19525533367725528,0.18386438199348742
2023,4,0,5,127900.66666666667,77894.93548653221,15.780389468910768,37.24405027280668,11.263116216735547,11.126824968531306,3.617492207848342,3.4814862261223496,0.307227700728194,0.30719975594415344
2023,4,0,6,23232.666666666668,90750.7870744675,18.224913196935347,41.94822407116602,11.415872425086373,11.273809991412417,3.736436097599115,3.588358819828755,0.30763319200144673,0.33254968015185254
2023,4,0,7,30305.166666666668,193894.00367149204,19.274293162332054,82.37930164938344,12.17506691590208,11.811343037582281,4.411334211785592,4.021202264754874,0.842663635099449,0.9186498864885746
2023,4,0,8,329818.8333333333,86189.98922989881,16.419662713823197,41.98649675769326,11.364309315683771,11.221939494622589,3.7373480608201,3.593046842837289,0.33183709378923854,0.3401866424833513
2023,4,0,9,57000.166666666664,73045.53378911178,17.362569115294985,35.28030763214329,11.198838276214795,11.038522734897391,3.5633249508325266,3.4052995527026586,0.3718394653264908,0.3662138001610254
2023,4,0,10,37827.5,80285.23098386083,19.095375939021437,36.97727049721869,11.29334096002842,11.108128102973335,3.6103034129919993,3.436672585674162,0.37591945465892584,0.35824586613811393
2023,4,0,11,509389.8333333333,53405.02209503705,16.47327472508776,25.670375492236968,10.885660067249711,10.733802747567736,3.2453376224440427,3.092400752258945,0.3380526237396979,0.3363058375832637
2023,4,0,12,7756.666666666667,62759.07303916188,17.44804469273743,30.69559862972643,11.047058436807394,10.932486056571044,3.4241192772052167,3.3126428112028536,0.259203252318396,0.2572452122591151
2023,4,0,13,30357.0,92354.71672213603,17.423702386050447,43.57283318145552,11.433392058737166,11.243311638291592,3.774433863983937,3.5902136261552253,0.4336317291612855,0.4436468357930844
2023,4,0,14,118117.16666666667,58199.21160219093,16.60692278711957,27.853996835776332,10.971627087273669,10.834682429128618,3.326976469030561,3.188150184123963,0.327394661964955,0.3340694251389978
2023,4,0,15,39241.166666666664,138698.532773892,18.0580088087765,61.98115684914696,11.840058027832349,11.610780367573275,4.126830417063553,3.9056583897542674,0.4334202738861712,0.4185208687139181
2023,4,0,16,66638.5,76565.98713529667,16.565859075459382,34.918361548909196,11.24590822494092,10.930204237990301,3.5530128097362876,3.2699881281246608,0.6643683333478958,0.6239984561631
2023,4,0,17,187312.83333333334,61171.7346632711,14.06043365955527,29.140782677562605,11.02144050990664,10.834441419705977,3.3721386596226437,3.1874801103737394,0.34555873891937794,0.34856722707287274
2023,4,0,18,18263.0,56597.29355710825,15.184361824453815,26.93100017724463,10.943716446035783,10.769287940822604,3.2932780460240965,3.118133367698953,0.4248252218876677,0.42150086022963645
2023,4,0,19,5620.333333333333,63088.20597994587,13.636913587568946,29.65244302103966,11.052289121074446,10.991674214878163,3.389544517362738,3.3301665094974386,0.12017340213706121,0.11889123328910642
2023,4,0,20,55803.0,80908.60372447834,15.467388252722374,38.89461343236527,11.301075447508971,11.130978936653019,3.660855768860544,3.4932561559723267,0.36927471931154926,0.36204482124103515
2023,4,0,21,423257.8333333333,49857.70560491598,14.26703030107338,23.549503912097165,10.81692833927017,10.528660915787867,3.1591047549368203,2.900780508862029,0.552201029887129,0.49637607121835847
2023,4,0,22,136163.33333333334,49195.31172946847,14.427853803030674,23.821096876554872,10.80355360788856,10.670362164297188,3.170571611420893,3.040877772380793,0.2957572533783343,0.29004039890415756
2023,4,0,23,114767.16666666667,38952.30626676433,13.929500742808264,18.995331802711032,10.570093260502716,10.4449031262713,2.9441932543844227,2.8258095486512538,0.2670134945921671,0.25599289235107375
2023,4,0,24,34444.5,54111.58459561675,14.690753724590767,26.076733938411785,10.898803574917228,10.717257272827034,3.2610434967933566,3.086547256921896,0.3442096125201142,0.33323279236554443
2023,4,0,25,93811.33333333333,50340.20229786493,13.877712003524806,24.04845733416546,10.826559287311843,10.704546864247215,3.1800708503849044,3.063721663562045,0.2376005058820564,0.231978798969657
2023,4,0,26,9646.5,46092.50820015574,13.269164982117866,21.77170705718985,10.738405703851038,10.589598432657901,3.080611285456165,2.940531768396907,0.37608280257471827,0.35308384578783025
2023,4,0,27,4115.833333333333,45211.64406361401,13.830653978538166,21.704576111062067,10.719109944670901,10.571099391515498,3.07752311900831,2.931733034435798,0.3355846394004738,0.32172489209844113
2023,4,0,28,64864.5,46596.76268165669,13.792315776220684,22.177570283078893,10.749286347349846,10.577735173854826,3.09908143052398,2.928913135119786,0.38962858564294695,0.37855005612797676
2023,4,0,29,114176.83333333333,43687.551870665346,13.588553428088886,20.75543732035862,10.684818486286828,10.499673925121888,3.0328082518857,2.8632811970572023,0.39634577380407293,0.3680790755083306
2023,4,0,30,373191.3333333333,44551.18403370104,13.968235239475014,21.523371772783836,10.704394010182163,10.575487114054804,3.069139403911857,2.9452111018066516,0.27836998803100976,0.27138270070459275
2023,4,0,31,169695.83333333334,47398.77790923823,14.359696515824881,23.060734980659003,10.76635172484527,10.625429177174047,3.138131386868077,2.997152670808439,0.29402004788212666,0.2925281471590313
2023,4,0,32,77788.83333333333,31722.441410289648,12.348653298566848,15.741236434598802,10.36477964032444,10.170063280718248,2.7562837935634703,2.5661172188341874,0.33354611655136596,0.3236659798243339
2023,4,0,33,1693.5,79723.84376863453,14.257258143883476,32.94660065364882,11.286323989027837,11.074342723221656,3.494888088817618,3.2998822194138606,0.4986365203502704,0.43831842025428674
2023,4,0,34,66120.5,65979.67837253488,14.35035024437706,30.14390724775519,11.097102070150124,10.94782643077969,3.4059828214171906,3.254654781470163,0.32171049178151184,0.3331058933821898
2023,4,0,35,70056.16666666667,44130.28447966688,13.343931179030157,21.241322876546665,10.694901548643605,10.477814345444585,3.055948476757564,2.8436877080950516,0.439464058715357,0.4222500747077561
2023,4,0,36,205336.66666666666,31639.379964487824,13.663331764094739,15.798722777717295,10.362157825118393,10.191097397260917,2.7599290999121107,2.5968796834454024,0.3266974635314378,0.31711701098953826
2023,4,0,37,622741.6666666666,39228.534621752,13.568090567249664,18.94020424132206,10.577159684994646,10.410694086483467,2.9412868712965192,2.7774808909156032,0.32848873478191093,0.32179968919004504
2023,4,0,38,67153.0,32890.54112958096,12.729488382251477,15.799102802893275,10.40094039175621,10.236450896888353,2.7599531537936053,2.6114497807725217,0.341262894950768,0.32128447897894374
2023,4,0,39,213869.83333333334,42655.54204953299,14.747993912184903,20.608839861337096,10.66091248702276,10.43927404852563,3.025720103232485,2.812169955480151,0.48893808490620766,0.48540885540942375
2023,4,0,40,628.5,55026.58878145563,14.429594272076372,26.316148328967515,10.91557177978892,10.631518716944226,3.2701827556635408,3.0032312525188543,0.33632876469709383,0.3251638103974698
2023,4,0,41,2526.5,36668.636812122255,13.355894188270993,16.805063098439955,10.50967708590267,10.325830029505155,2.821680215912058,2.5746397867639113,0.4968696194852165,0.7313904791232836
2023,4,0,42,11223.166666666666,36369.943677060495,13.623665335095561,17.64776038667921,10.501497989370005,10.313204516064863,2.870608885054921,2.6815114464587526,0.435888766226602,0.4302301961784512
2023,4,0,43,363.0,39147.93587788399,12.76951331496786,17.871362525313128,10.575102976603324,10.510942201007701,2.883199572784759,2.8141244036954776,0.12262304997652486,0.12149714825283676
2023,4,0,44,5472.333333333333,59972.26084940697,13.99664981421697,27.506195234032976,11.001637415125227,10.84619649022481,3.3144112605380807,3.1553323138475466,0.3819513240636479,0.3751080840869635
2023,4,0,45,4738.166666666667,59207.10189781412,13.588448415350522,27.905575439040298,10.988796778167037,10.787605600015501,3.3288265053874033,3.093593492339881,0.36189759035420205,0.4357710145534202
2023,4,0,46,3758.8333333333335,46325.62495367307,14.255043674899127,22.140288532650178,10.743450541697706,10.597708096929662,3.0973989593839275,2.948265885178158,0.3941288278323354,0.4096900883156061
2023,4,0,47,15493.666666666666,57145.785024343604,13.278156666164671,26.856985639851803,10.9533609136482,10.772772091981562,3.290525959922197,3.1127552780560412,0.36577101485905394,0.344742772033675
2023,4,0,48,172.0,67154.10185785861,14.937984496124033,32.35383355432014,11.114745285087388,11.03263350250444,3.476732516377985,3.3930380254797172,0.17422344389427566,0.17523283090928188
2023,4,0,49,19817.0,58623.847807739985,13.318581689122134,26.831162644202283,10.978896851956128,10.78571098583739,3.2895639972370914,3.1059586809313284,0.42322792455862596,0.4078093455908145
2023,4,0,50,878.0,44873.80825611577,11.810933940774488,22.0697962827189,10.711609568471157,10.654340305469152,3.094209989719424,3.038216708536016,0.0944706924059448,0.09199398322605046
2023,4,0,51,379.66666666666663,13852.626615609033,12.783143107989465,6.790503242945606,9.536230140971094,9.441360539387855,1.9155250541328321,1.8206554525495917,0.1622612448999539,0.1622612448999509
2023,4,0,52,1317.5,47362.36098337369,15.6202403542062,23.056343996754666,10.765583120160208,10.555229240416965,3.137940959199414,2.953542370071297,0.4070577736828194,0.36549646639783434
2023,4,0,53,63562.833333333336,44785.30945710515,13.957317824619732,22.05954930492932,10.709635450723653,10.558806477315102,3.0937455831964042,2.943786835307446,0.29227895748001864,0.28660636229612363
2023,4,0,54,16899.166666666668,36089.242516937426,12.741081907391882,17.87001120662868,10.493750108692197,10.34124302741584,2.8831239562908197,2.732162859719056,0.3150537582240021,0.30252619443955686
2023,4,0,55,1103.3333333333333,72092.33411490265,14.3380664652568,33.75650734165191,11.185702994664775,10.927805456712232,3.5191732088560754,3.2614616267341168,0.6085691045854341,0.5886086749627534
2023,4,0,56,1197.3333333333333,36850.391532223905,12.34521158129176,17.059498363319246,10.514621522587467,10.286415487325662,2.8367071373709174,2.644649088457112,0.62600494741481,0.5250325908321087
2023,4,0,57,545.0,47368.58377884695,12.139449541284403,23.219894009238708,10.76571449846532,10.669366466270276,3.145009411627058,3.048661379432013,0.2168364094795744,0.21683640947959237
2023,4,0,58,9527.833333333334,42604.56220557286,12.466213024996938,19.665432735468993,10.659716620550837,10.59271496232029,2.978862411004943,2.9141104784397016,0.1389285299850295,0.13658995363655138
2023,4,0,59,2360.6666666666665,39605.83747279597,13.06862468229314,18.992312379520968,10.58673179730784,10.509296573456197,2.9440342856849195,2.8423872841101465,0.1573251674433813,0.2380665490367814
2023,4,0,60,11403.333333333334,30624.28176366678,12.170359543992983,14.719432171466213,10.329548494957049,10.220787855128737,2.689168537248682,2.5999734020697813,0.23201933755174936,0.19026794744910516
2023,4,0,61,80170.5,40948.26127822147,12.558534623084551,19.200600855108696,10.62006462875149,10.468698151923611,2.9549415730809834,2.8140965019940465,0.3131679329965595,0.29865780134974673
2023,4,0,62,53837.666666666664,41985.719074444576,12.784364106913996,19.94576590129374,10.645084817407872,10.500846303508437,2.993016885286603,2.8491509190235718,0.30094056514661716,0.2957466332282742
2023,4,0,63,33591.0,46473.57640096694,13.659660821847122,22.073103991254214,10.746639180618972,10.603400730226998,3.0943598533904093,2.950802171814647,0.3165405115664169,0.31141254409500974
2023,4,0,64,119620.5,42772.79615795753,13.546334728021813,19.885166181107607,10.663657575702128,10.496361171684809,2.989974035733489,2.8361324347569528,0.36908167961025135,0.3444898151781773
2023,4,0,65,4516.333333333333,80674.45571470947,13.203557458114991,36.15744725907847,11.298177270256058,11.045166851188382,3.5878829373206558,3.327172738949775,0.40354059686462473,0.39162496598190416
2023,4,0,66,110117.66666666667,34429.047852929,12.884581039070326,16.908476183010162,10.446655901373614,10.316072254235548,2.827815045485764,2.70155957695634,0.2887371185579958,0.27541070371953674
2023,0,1,0,6021905.166666667,,12.997914613456633,,,,,,,
2023,0,1,1,2666160.0,87356.14072180373,15.317019921285045,,11.377748613283632,11.173793656288792,,,0.4039504000847809,
2023,0,1,2,1534050.0,84488.51206712547,15.781587192942428,,11.344370852234634,11.162647667563261,,,0.3427544234778173,
2023,0,1,3,40152.666666666664,83676.10183068352,17.036510651015295,,11.334708693972317,11.222345636238417,,,0.2294701618459637,
2023,0,1,4,552723.0,97628.43657126786,16.366870626576667,,11.488924088276764,11.405535896272397,,,0.17837841160587667,
2023,0,1,5,749829.8333333334,81043.18304416357,15.500225051061584,,11.302737415596482,11.152424717203898,,,0.30632252167340196,
2023,0,1,6,223138.33333333334,76864.57467104046,17.458459251734723,,11.249800381877158,11.130109113161298,,,0.2343908284012782,
2023,0,1,7,205539.83333333334,133534.7211561849,18.965439789043323,,11.802116806573501,11.493925360460029,,,0.5653071758579343,
2023,0,1,8,850242.3333333334,82468.47671986761,16.259433290979395,,11.320171398938585,11.215322468626242,,,0.22893081523111003,
2023,0,1,9,371890.0,75951.41230795617,17.747626090152107,,11.237849103084159,11.122349873685705,,,0.25325392994727947,
2023,0,1,10,144314.16666666666,56551.39440385601,17.692108074397872,,10.942905139133387,10.775836858771399,,,0.32335569577527506,
2023,0,1,11,1563806.8333333333,50467.37008458848,16.43081258650765,,10.829082269488175,10.719702874548089,,,0.24291558411976322,
2023,0,1,12,41600.833333333336,49573.55445108189,17.21603333266561,,10.811212794134466,10.728887885456917,,,0.1887650145270009,
2023,0,1,13,192091.5,83984.54721932828,16.78706848906207,,11.338388099227762,11.169754461486555,,,0.3360915862564268,
2023,0,1,14,292237.6666666667,52770.60575045578,16.26041418343289,,10.873709605402539,10.758186405507226,,,0.25173896496251746,
2023,0,1,15,188494.16666666666,147020.86171253183,18.59262488229079,,11.898329772103473,11.669365556948174,,,0.4342790123200206,
2023,0,1,16,579023.3333333334,68756.19045054987,15.496918661884667,,11.138322054392287,10.905956453647525,,,0.4699452412896826,
2023,0,1,17,431864.0,60128.18966778745,14.451680004198852,,11.00423405660862,10.870080890153382,,,0.2543853943437346,
2023,0,1,18,202042.33333333334,61648.993236715636,14.420033260356327,,11.029212178154456,10.918160522798408,,,0.22993404652954474,
2023,0,1,19,27959.666666666668,60218.714693432055,14.535020684557516,,11.005738458291377,10.9107819041983,,,0.20878863260809602,
2023,0,1,20,617529.0,110877.57409437784,15.640596096161744,,11.61618193552618,11.416819222491783,,,0.41118161090817495,
2023,0,1,21,1987479.8333333333,67464.23431504396,13.92376048427829,,11.119352874434796,10.817733106236552,,,0.5733475698707148,
2023,0,1,22,278856.3333333333,46231.61281435139,14.318121995914264,,10.741419103121556,10.624771274299865,,,0.2421869922567612,
2023,0,1,23,278534.8333333333,39224.938729083464,13.591143896424684,,10.577068015562626,10.450572918050948,,,0.24808836870776363,
2023,0,1,24,81932.5,47906.23287151376,14.5380587678882,,10.777000897512373,10.654108962677228,,,0.2506341594587285,
2023,0,1,25,195816.0,46954.20026118779,13.734916962863096,,10.756927943067,10.640751102851128,,,0.22807004213472803,
2023,0,1,26,12414.666666666666,43780.67131704396,13.132410589625175,,10.68694770483421,10.574756904858116,,,0.2868134913172325,
2023,0,1,27,6089.666666666667,43966.92364886125,14.044008976955498,,10.691192894952616,10.608036737881196,,,0.17087519015288602,
2023,0,1,28,176429.33333333334,45905.37562362285,13.081411254364353,,10.734337505174164,10.599847830960876,,,0.2944703394624956,
2023,0,1,29,518536.1666666667,45050.50401965921,13.16264921411782,,10.715539450979653,10.563808138780757,,,0.3069239016952174,
2023,0,1,30,697842.3333333334,49876.785720380074,13.962140922949644,,10.817310957468615,10.654993604367398,,,0.3193531166850188,
2023,0,1,31,407642.5,47575.530419588715,14.232681414065837,,10.770073841226502,10.637461732805809,,,0.25985356572381063,
2023,0,1,32,77289.66666666667,29252.670274547167,12.18517136831573,,10.283726139930703,10.13059376292805,,,0.3338934749833803,
2023,0,1,33,98118.83333333333,72560.27336747249,13.768299663842994,,11.192172852249843,11.081420357167257,,,0.23638531958490924,
2023,0,1,34,327823.6666666667,70706.36426417634,14.298271123398656,,11.166290865714151,11.0594110788112,,,0.22079592724760388,
2023,0,1,35,196208.16666666666,44695.005288378095,12.963301731409413,,10.707617035843416,10.560237496136676,,,0.3099078770225507,
2023,0,1,36,935947.5,35456.81528417936,12.878997486504318,,10.476070764094041,10.308275721702191,,,0.34286204101694284,
2023,0,1,37,689626.6666666666,37937.99221788042,13.080392047871312,,10.543708322159345,10.400435617435143,,,0.27851476403316944,
2023,0,1,38,264628.8333333333,41179.05012532423,12.463837714837073,,10.625684913907884,10.469628184785048,,,0.3142217516105931,
2023,0,1,39,513278.5,43134.516748053335,13.691014072607107,,10.672078808203535,10.475408246490629,,,0.41606591281166055,
2023,0,1,40,73688.66666666667,68811.33760117147,13.386601738847222,,11.139123801059638,10.768872664475264,,,0.6777895042650951,
2023,0,1,41,78530.0,43580.36900129865,12.766091514919987,,10.682362075679347,10.4762667344366,,,0.39564034703619494,
2023,0,1,42,225709.33333333334,44383.42447146148,12.86645951725523,,10.700621356003213,10.509367824416207,,,0.37087884631166484,
2023,0,1,43,22275.5,51896.126609519866,12.608029748677547,,10.85699943456773,10.670441398034678,,,0.3712547919983214,
2023,0,1,44,390164.0,59417.266200889615,12.599813582664385,,10.992340139895079,10.868860811905746,,,0.26787202739506155,
2023,0,1,45,174167.5,59377.40847060391,12.869134597442118,,10.991669104229691,10.852024431155751,,,0.27353266550808414,
2023,0,1,46,182532.5,59165.73268365873,12.779872077575225,,10.9880978134766,10.86330721950309,,,0.2679128927127886,
2023,0,1,47,927851.0,60097.69245720199,12.417423882354674,,11.003726724731315,10.843746148358491,,,0.33119702779057786,
2023,0,1,48,26757.666666666668,73203.87617735303,12.33245300412343,,11.201003651789957,11.05664058220993,,,0.34927590875866166,
2023,0,1,49,117803.66666666667,63581.33621512731,13.129526245646003,,11.060075250524662,10.92915554457262,,,0.2907100213503064,
2023,0,1,50,58865.5,56741.70212975514,12.820375828513024,,10.946264706674876,10.863902822128512,,,0.18595571605265546,
2023,0,1,51,6411.833333333333,43348.64922343535,12.29349380052507,,10.677030821940868,10.562693508428438,,,0.26112598352489225,
2023,0,1,52,7109.0,45579.22660346541,12.83785811412763,,10.72720733476334,10.572009092920547,,,0.35972004035475047,
2023,0,1,53,219404.83333333334,42022.79764729887,13.845267006424198,,10.645967551128425,10.54086055200578,,,0.21058167846062228,
2023,0,1,54,73966.66666666667,36552.28350299013,12.671854438936457,,10.506498939368372,10.386807582499303,,,0.25438442222587887,
2023,0,1,55,47025.333333333336,72708.654832663,13.261607218804048,,11.194215705028228,11.042241699845938,,,0.3146769128233396,
2023,0,1,56,21482.666666666668,47325.39556704476,12.243149515888778,,10.764802334564404,10.663984649227118,,,0.2202649121093855,
2023,0,1,57,6220.666666666667,53186.13648981869,12.503590183260101,,10.881553049073021,10.7846476905902,,,0.18870135072565672,
2023,0,1,58,69555.33333333333,50501.39609377913,12.377521972913652,,10.829756260302693,10.705292965600208,,,0.24853535200007373,
2023,0,1,59,20518.833333333332,40802.03969773725,13.060172361976397,,10.616487351734264,10.52729149675871,,,0.19223548233069487,
2023,0,1,60,24653.166666666668,37266.86542068869,12.554472380154003,,10.525859884312988,10.3618520819488,,,0.3530531735364703,
2023,0,1,61,355986.1666666667,50427.36052202196,12.513715654681338,,10.828289174260641,10.667246182641877,,,0.31244752472024195,
2023,0,1,62,285316.6666666667,48030.015332405004,12.445672060283894,,10.779581413884408,10.660796580437465,,,0.2551143220266453,
2023,0,1,63,133944.5,54087.433883117934,13.154926107454953,,10.89835716212644,10.758213465373151,,,0.29582929795917534,
2023,0,1,64,707705.6666666666,51138.37456563306,12.534950970671895,,10.842290464328187,10.676566009492054,,,0.34045539026592886,
2023,0,1,65,116836.33333333333,65434.9776239978,12.601085849436107,,11.088812220531821,10.962357082115053,,,0.2855435849043409,
2023,0,1,66,520395.6666666667,39297.18736430776,12.416622095879609,,10.578908226957992,10.440256840818877,,,0.28309193575693953,
2023,1,1,0,1626456.6666666667,,14.565863011003469,,,,,,,
2023,1,1,1,1187693.1666666667,99131.22296216903,15.207086454287646,43.04814325998705,11.504199735904027,11.286008422313934,3.7623191000943077,3.5559531315147734,0.4291289069691368,0.4146070980533138
2023,1,1,2,637539.0,98435.53420670495,16.030549765060123,43.524666247777006,11.497157137839055,11.296430730741202,3.7733278175668863,3.599422870668691,0.3644166808594911,0.327538603803978
2023,1,1,3,21255.666666666668,89174.19917320719,16.985744977809837,40.600976014199134,11.398347029790997,11.288450779425435,3.7037921060773358,3.592157597964132,0.22082479789743736,0.22769363496050882
2023,1,1,4,421591.1666666667,98771.4140703993,16.38774136238623,45.40548474370147,11.50056351060033,11.415971410125882,3.815632907083074,3.7316746542581436,0.1776128629266593,0.1801442618090471
2023,1,1,5,450968.5,84326.0992555302,15.501306632281413,39.38852708236134,11.342446695783575,11.186850429128299,3.6734745830966027,3.526212004074816,0.3071966849166154,0.2962243260899642
2023,1,1,6,104555.66666666667,80319.03153438489,17.615340472539348,37.002147837305905,11.293761877263034,11.161144210639488,3.6109759606163245,3.478182314180355,0.2463985532761558,0.2541318568535665
2023,1,1,7,92888.66666666667,144829.93346152108,19.07944277378654,60.859994067510335,11.883315460370099,11.534624734465234,4.108576046991172,3.657530893474907,0.6319783522847484,0.8297783826370497
2023,1,1,8,99909.33333333333,99378.00466834259,16.93886790690226,47.958026117924156,11.506686087155822,11.378315947745685,3.8703261724717337,3.751339023314856,0.2614892746446784,0.2542020401320331
2023,1,1,9,64741.833333333336,84373.84893610285,17.95003745646169,39.96257509616647,11.343012785842994,11.211901870790872,3.687943393550074,3.562025187865903,0.27417835001462876,0.26752916547267314
2023,1,1,10,57934.5,58062.59322848699,19.424263608040114,26.066762968557843,10.969276901212378,10.780945439694595,3.260661053322284,3.0811620055958433,0.3384119535759437,0.3387454517806042
2023,1,1,11,306544.0,54382.47762906053,17.274745767872368,25.156809522260975,10.903797278550936,10.802864118799917,3.225128616250187,3.1256861908792777,0.21752767906581982,0.21176958265278686
2023,1,1,12,8672.333333333334,47598.3918190937,17.49778990659953,23.248960267067147,10.770554254335616,10.698593005294642,3.1462604113373733,3.078143496407119,0.1466870657296099,0.14132598780377373
2023,1,1,13,57486.166666666664,95488.8750098334,16.821009112337173,42.91630356051466,11.466765027639466,11.267223476402823,3.759251790114072,3.586182594768184,0.3867232725095182,0.3478274185715767
2023,1,1,14,83219.0,52664.81727498934,16.498632123273133,24.468752974561387,10.8717029076926,10.749489096669237,3.1973969147567964,3.0769002916179944,0.25967494717100165,0.26369596530037204
2023,1,1,15,84665.83333333333,154286.46383224317,18.81082294117068,62.57794617090873,11.946566308205234,11.714930155330885,4.136412918445361,3.9360091947608065,0.4453696167599858,0.39521191502272524
2023,1,1,16,240672.5,72211.39399739985,15.995004276212141,33.08894260603292,11.187353124028313,10.939833598189956,3.499199166331768,3.26467347155099,0.4726789906084247,0.453493624442768
2023,1,1,17,104489.0,67893.18731385857,14.895366976428141,30.4590232516604,11.125690974401918,10.969250669047733,3.4163822803626025,3.2481960459064614,0.27805960049256756,0.29330623822135227
2023,1,1,18,130828.83333333333,64785.17318300217,14.210646735620205,29.478198627488556,11.078832047255327,10.967128678821688,3.383650960552139,3.2777738584260243,0.2264933069765571,0.21592636535980053
2023,1,1,19,14837.833333333334,63369.793623573656,14.518134947824816,28.874383178610863,11.056742585622558,10.95743881414531,3.362954806834081,3.270071478877024,0.22339531998526338,0.21737477722172746
2023,1,1,20,413706.0,121710.45321050308,15.96362070326915,56.887043053196486,11.709400168553257,11.524203040499732,4.041067600846365,3.859655283832249,0.37586151931638495,0.37138393245555784
2023,1,1,21,950361.1666666666,79373.71239604778,14.39449037532573,35.02357204808396,11.281922514281343,10.98006577212131,3.5560213218868744,3.2840336790334526,0.5708174105654117,0.5160912678101798
2023,1,1,22,25386.0,51934.724160606056,15.285787441897108,24.42385552498617,10.857742904405024,10.725087293073875,3.195560340126274,3.075391125930001,0.2284770936673296,0.21894937069255466
2023,1,1,23,38599.666666666664,48800.844116140615,14.514244509883506,23.071067206747028,10.795502889153537,10.599176699225206,3.13857933061928,2.964803707638946,0.36201497388023873,0.3296847342228214
2023,1,1,24,18699.666666666668,51340.847079117695,15.44704896700476,24.26089806433244,10.846241953687493,10.73524835033701,3.188865921146178,3.085088847618242,0.22474667793280276,0.20470320225766825
2023,1,1,25,35624.333333333336,55097.23359765065,14.490179933191731,25.78292367377023,10.916854786941405,10.784791242785055,3.249712399683186,3.1306141039345983,0.25029331833008095,0.22968795288302857
2023,1,1,26,3476.0,47272.64727933855,13.439873417721518,22.2383592497697,10.76368712558997,10.72457031860451,3.101818691920321,3.068822854564233,0.08502194193589338,0.0693248404519086
2023,1,1,27,1308.6666666666667,51132.90939121517,14.521395822720326,24.18574590549325,10.842183588297855,10.77303289596523,3.1857634474571257,3.124997374800464,0.13411587470290817,0.12117268400662481
2023,1,1,28,80183.5,48800.080111300456,13.92591992118079,22.214002192601217,10.7954872334649,10.685823098228328,3.1007228194484986,3.0026133058581426,0.24272490104764946,0.21620436136291088
2023,1,1,29,248955.33333333334,48421.17857702029,13.691235107770336,22.568812633069623,10.787692570902559,10.627328788234932,3.116568981251948,2.973965767794894,0.31467687454180293,0.28235846486976246
2023,1,1,30,182716.16666666666,59646.87187939623,14.694432256952268,27.886060538132494,10.99619698490028,10.818108902774139,3.3281269416853583,3.1700271837955274,0.3499561799430939,0.31429165471300446
2023,1,1,31,85547.83333333333,59306.41599889679,15.099642110554136,27.318846572571086,10.990472774730005,10.812372898780415,3.307576814652151,3.1537820857589414,0.3463305516150846,0.31061388789798805
2023,1,1,32,9368.166666666666,32095.648028825097,13.330854489494566,15.511057826037185,10.376475724500919,10.265975076794522,2.7415531777020163,2.6265628892845356,0.22988903809559588,0.26677068658094827
2023,1,1,33,85045.33333333333,74388.56268234974,13.803551831180235,27.351275626791764,11.217057481616145,11.10845742841838,3.308763168613677,3.1899639438453193,0.22610640109223204,0.25062350124926513
2023,1,1,34,218392.33333333334,73054.5934086854,14.255221108189085,32.373813437120354,11.198962295539884,11.104173476749931,3.4773498687571753,3.3791295436770468,0.20016550696124405,0.21033700435184569
2023,1,1,35,84725.5,46960.900010363286,13.4836816149408,21.88394643477813,10.757070619786024,10.622752271861373,3.0857533285097762,2.963270412251778,0.27777125313417966,0.25674490551903784
2023,1,1,36,355277.0,38309.357351205486,13.917942900891417,18.72880940744397,10.553449462591987,10.40322636026697,2.930062948362122,2.7967221225472207,0.3100012592708104,0.2817590449986634
2023,1,1,37,66788.0,41882.816282721986,14.245049010800344,19.95621683924627,10.642630909206863,10.492670304603202,2.9935407158069793,2.8551632624827636,0.29287067611996526,0.2708299817844022
2023,1,1,38,153536.0,45733.50149030463,13.165505158399332,21.348545672028493,10.730586382500757,10.578609635885961,3.06098361894831,2.9208238143128553,0.2920714732048667,0.26655667505451325
2023,1,1,39,85896.33333333333,49256.29904816692,14.976692835161765,23.723198880718847,10.804792537876963,10.602955375963216,3.166453425100756,2.976224093430013,0.4249834267959037,0.39926143819921184
2023,1,1,40,61244.666666666664,71980.50036208578,13.267228711071441,26.930371288125574,11.18415053301322,10.801258889446999,3.293254693885004,2.902327322770091,0.7011102853219019,0.7346461250145394
2023,1,1,41,51299.0,46206.90919005953,12.78699389851654,19.461065144205886,10.740884615456796,10.535831907425525,2.9684158103167793,2.7649760917991353,0.3737405558347441,0.36703277897352093
2023,1,1,42,141475.16666666666,47690.356391960464,13.00730281286115,21.555403169855772,10.772484484360604,10.586020370995723,3.0706265122624394,2.9023483155852374,0.3471146830785457,0.32452412547076026
2023,1,1,43,19268.333333333332,51454.99336457678,12.573133811953985,21.81372155910192,10.848462789314334,10.672805597191852,3.082539201104096,2.9219356854241587,0.3765688202914325,0.34643299259366656
2023,1,1,44,340528.1666666667,60320.6656290754,12.629093334912579,26.864995652368602,11.007430037585731,10.88694774399623,3.290824162348224,3.176316051081027,0.263436612345792,0.25278808257174934
2023,1,1,45,144683.83333333334,61206.287129420656,12.899856353451145,27.773246045017327,11.022005194096849,10.883003142550889,3.324073184837485,3.1952897259341615,0.2670196746338061,0.25427857308638513
2023,1,1,46,152876.0,61210.564665067584,12.815434295333036,27.58088740129984,11.022075078848596,10.89868229599676,3.317123047384149,3.200519681265551,0.26564422481967565,0.24899803968252
2023,1,1,47,820790.5,61241.84155125338,12.536395097165476,27.646090734935846,11.022585920371966,10.863435279587325,3.319484334064409,3.1703489623246024,0.3300967886161924,0.311561909023587
2023,1,1,48,24228.333333333332,72790.43794201766,12.181825686180092,26.779141354894787,11.195339878607705,11.054560555371575,3.2876232768249816,3.142686716805286,0.34023113897698004,0.34915719406296597
2023,1,1,49,77225.83333333333,67441.46383643453,13.051042936841084,29.194717719728384,11.119015298199876,11.006951710646442,3.3739877929005537,3.2695670522147156,0.2486737041574874,0.23242811659127094
2023,1,1,50,53182.333333333336,57504.885868694706,12.868195578732285,25.73849719232749,10.95962519480503,10.88167823838929,3.2479878163270994,3.175471886541945,0.17342669714994224,0.16468819750186148
2023,1,1,51,5329.333333333333,45446.04426408382,12.335126344758569,21.10243539911738,10.724281060924223,10.63650081950066,3.0493884555805595,2.9558987512384007,0.18246440341225198,0.19127477328890696
2023,1,1,52,3304.3333333333335,48132.07540340586,12.294865328356703,22.099320291634413,10.781704082152975,10.64223008586229,3.0955468520160885,2.957261985997528,0.3193950744793977,0.3150960620215184
2023,1,1,53,39450.166666666664,47394.53042750868,14.491928635704962,22.562426124040172,10.766262109200309,10.64533858829823,3.1162859618069714,3.0071909593417256,0.2183837723719983,0.20337858690001948
2023,1,1,54,34375.333333333336,40151.03182590359,12.770697981110485,18.91707342296761,10.600403418319994,10.495955011114855,2.940064869997959,2.8458725201732573,0.20674871801430242,0.18088907673307147
2023,1,1,55,38982.833333333336,74211.36766000169,13.223812190836137,32.32871694868149,11.214672620386079,11.07294948668788,3.475955904858937,3.3451117999658995,0.3057358172407004,0.2894510291393243
2023,1,1,56,16907.333333333332,49254.52965400093,12.34375616103466,22.44533800022634,10.804756615041077,10.700974072499006,3.1110829311637858,3.014068307235033,0.22479872475970686,0.2217516000151575
2023,1,1,57,5003.166666666667,55175.79562106069,12.45524501149272,24.09978451455342,10.91827965097676,10.828257982968553,3.182202899151798,3.1050318665969154,0.17299292500676097,0.15836247473404674
2023,1,1,58,47813.5,53491.5414297521,12.496080256273508,24.14184694689156,10.887278816267541,10.760020668727973,3.1839467225558966,3.0643775364575747,0.24728426796839995,0.23333708186653299
2023,1,1,59,12528.833333333334,42413.88031988165,13.305122849959426,19.882610734050363,10.655230953682425,10.582273393237447,2.9898455172565215,2.9209342632155146,0.1541700013686563,0.14527345542233147
2023,1,1,60,8456.166666666666,40791.673958923595,12.778918737804759,18.828388134946675,10.616233269932986,10.512807177529693,2.935365738099448,2.850054085670003,0.23405373191815246,0.192466072463568
2023,1,1,61,214904.83333333334,55625.55911853438,12.70410856278244,25.049523837248532,10.926398070987181,10.773006888661628,3.2208548188571378,3.080162901007622,0.29629654688003343,0.2722087787669384
2023,1,1,62,188350.5,52116.28057755197,12.531316172065731,23.561985372531186,10.861232666020664,10.7508344250778,3.1596346240161286,3.0568522821028594,0.22831413986946333,0.21819024817185162
2023,1,1,63,74610.83333333333,59353.40596197655,13.278983168217307,26.549758665528564,10.991264786124589,10.85087438174753,3.279020657836035,3.1454665974279297,0.3026815495235681,0.29608096558781705
2023,1,1,64,407986.8333333333,55554.74840653454,12.75626378465645,23.486419399802994,10.92512427128019,10.762240274468395,3.156422356222049,3.0200777176319025,0.3241731042264366,0.2748608012817198
2023,1,1,65,101202.16666666667,66820.85538144824,12.58640378252771,28.127297940188242,11.109770517107595,10.986652196856506,3.3367405617269763,3.2204292506138343,0.27559972665181304,0.258450460691819
2023,1,1,66,275894.3333333333,42364.732790985676,13.095453210951538,19.89605184731032,10.654071521306776,10.512283207589862,2.9905213124139887,2.8643587980777774,0.27597616407056275,0.24570166126610915
2023,2,1,0,2944745.6666666665,,15.635492459620451,,,,,,,
2023,2,1,1,1140929.6666666667,79961.62030307256,15.850689014134378,36.69668496319474,11.289302052329393,11.111542272037202,3.6026864230023623,3.4362813497094473,0.361444647968669,0.3431189536593142
2023,2,1,2,677614.3333333334,76024.45623014226,15.987740322297393,35.28979329265497,11.238810360006237,11.089812897088354,3.5635937802785524,3.428233198939778,0.30041105095772147,0.2789458826787647
2023,2,1,3,16183.333333333334,78647.62826624255,17.476930998970133,36.95660661155297,11.272732752484915,11.153161719340636,3.6097444301004793,3.495858730887469,0.2505003910697275,0.2483446898241727
2023,2,1,4,91078.0,95316.43257420976,16.796247904726354,44.6601939341941,11.464957504727694,11.395073132890717,3.799082588861027,3.72903371047235,0.15828360612427872,0.16075716897029643
2023,2,1,5,177765.5,78304.61220452536,16.204188476766674,37.11325058021069,11.268361784516461,11.132317981201265,3.6139740643437213,3.483042311793684,0.29474696753911767,0.28474490916806455
2023,2,1,6,100569.5,73967.8999048777,17.71894726200952,34.91945727068198,11.211386493005126,11.10550233120033,3.553044188773932,3.4475068973928127,0.2159214971524446,0.2178274594061367
2023,2,1,7,96340.16666666667,125860.70748272593,19.358232374520146,54.58051860340649,11.742931078253159,11.484609317520409,3.99967701694642,3.655267075854877,0.4868058086328961,0.6585540773893065
2023,2,1,8,633794.1666666666,80440.55947860092,17.013468883825325,40.38220814746878,11.295273799091154,11.201802894483555,3.698389295576509,3.606028378238132,0.20824517330902353,0.20904574000452045
2023,2,1,9,280711.1666666667,74786.77368965113,18.75743928961382,36.851056724547014,11.22239632599679,11.114246511421728,3.6068842946026667,3.499698443661645,0.2405462771361316,0.23889028922291583
2023,2,1,10,68530.66666666667,54479.92303540703,19.658230865014204,25.45899566506022,10.905587528109603,10.756093179884612,3.2370691447887427,3.0865352484493624,0.3080240809264971,0.3128591565595537
2023,2,1,11,1016684.3333333334,50298.66654947357,17.146243032498123,23.95767809833262,10.825733845785612,10.719900121793751,3.1762888611362556,3.071993501478013,0.23409394335468467,0.22612463805735555
2023,2,1,12,29116.166666666668,49466.35662910484,18.364127603793996,24.50793958257526,10.809048053421968,10.729173997387614,3.1989971296480006,3.1209533301905106,0.18921739511056743,0.180537692098607
2023,2,1,13,113553.16666666667,79772.31354841181,17.447947290476268,37.651677818957594,11.286931775222623,11.138100742701695,3.6283775168375065,3.486714587290598,0.30279681890466376,0.2946973640079079
2023,2,1,14,149580.0,54308.15692497387,17.44530463074386,26.319192433413125,10.90242971425297,10.797211864173798,3.2702984233653134,3.1677054076388895,0.2173572258504915,0.214965206924856
2023,2,1,15,84637.66666666667,146319.0617593929,18.89774844139528,61.41803910592244,11.89354487079291,11.665741327558043,4.117703588516747,3.92245653954819,0.4276074360851962,0.37028038488194503
2023,2,1,16,267967.3333333333,65064.480243524005,16.742049404031835,30.859600856876835,11.08313406091374,10.8909827094637,3.429447912855156,3.2475051456227466,0.42420750771814103,0.4100555100619303
2023,2,1,17,247699.83333333334,57907.80565617888,15.269005025571945,28.30361355981166,10.96660746718933,10.857472429504487,3.3429894841236747,3.231809289462947,0.22002984877687132,0.22799319043958585
2023,2,1,18,47521.0,54403.405327682114,15.853538435638981,25.853153652136623,10.904182028820198,10.810210225014675,3.252432591661688,3.162052868738652,0.20611497140776408,0.203159186783151
2023,2,1,19,9221.5,55387.57822400278,15.262737443293753,26.152836891547892,10.922110627811017,10.819906849804546,3.2639576699632626,3.1660717473446796,0.21652577767687922,0.2058716504254049
2023,2,1,20,137963.16666666666,86366.34827130049,15.876063538698132,41.235324407108244,11.366353391321462,11.16814083553849,3.7192952775299446,3.522669274903474,0.4023276242623538,0.3983678672719488
2023,2,1,21,711802.3333333334,60191.231461629926,14.892116584800931,28.09144887179382,11.005281963904377,10.733258438021231,3.3354652194155103,3.0937225392453027,0.5212510376943281,0.46785496422443107
2023,2,1,22,209061.5,46024.271881900066,14.98013104596813,22.422024205114223,10.736924185919651,10.625170535828497,3.1100436992560274,3.0056026296885126,0.23233030127101678,0.21803073973062428
2023,2,1,23,174133.16666666666,38015.04366517182,14.235147621695658,18.77854706319009,10.54573724629194,10.434201166410425,2.9327151046098883,2.8288097248228437,0.22111410003684012,0.20643439192719698
2023,2,1,24,45989.333333333336,46464.86317960032,15.6832743824655,22.51847514242075,10.746451675396559,10.615491544863456,3.114336089718799,2.9946090981872002,0.2547947173848194,0.23746802776793494
2023,2,1,25,125693.66666666667,45262.31388833424,14.254475828800707,22.072860040391806,10.720230042236318,10.613633790607043,3.094348801378396,2.9890910702957614,0.21347243698566307,0.20414057497470278
2023,2,1,26,2402.8333333333335,39356.10527228861,13.84282444336547,19.409649922577117,10.580406394854744,10.400913631310948,2.9657703610871575,2.793719271765106,0.5011467488497439,0.48723445293687406
2023,2,1,27,2694.8333333333335,39524.04352344565,14.30700723606902,19.050467193712485,10.584664462504554,10.482788019294333,2.947091625876317,2.83380628642793,0.20273984381294577,0.22911802156145228
2023,2,1,28,32460.166666666668,42581.20238950372,14.423986321696848,20.48478879798969,10.659168176411944,10.529847381307116,3.019682600864635,2.893806667389785,0.2858967242037916,0.27394074999470036
2023,2,1,29,149626.0,45068.28815550792,14.099441273575447,21.633924662436947,10.715934133057615,10.578817558126348,3.0742626688333994,2.9478025645805928,0.2828078734280595,0.2600084708205239
2023,2,1,30,304098.6666666667,49217.44718618968,14.399232266720448,23.62929801635428,10.804003457223919,10.65606651914214,3.1624873834513365,3.0254933648233684,0.2889822149615383,0.2657534418097265
2023,2,1,31,238978.33333333334,44480.48511174743,14.756083884871014,21.658469440854315,10.702805835154276,10.596715399000086,3.0753965761423214,2.9753459553649044,0.21108313566419187,0.20080514059850882
2023,2,1,32,40745.333333333336,28626.722615442213,14.009309859615824,14.780050608780467,10.26209591775128,10.103043703901367,2.6932783396536024,2.5341635552629955,0.34265011148539726,0.342684970557646
2023,2,1,33,5571.166666666667,61837.75615781013,15.090256379573397,23.71550211359275,11.032269397962155,10.894709880937794,3.1661289319324224,3.0343139990603527,0.38835651135974514,0.35099653805821207
2023,2,1,34,51272.166666666664,66065.89481646573,14.991909190496468,30.084165100279897,11.098407929242564,10.998529172528816,3.4039989569254274,3.301458552420962,0.20264011590705328,0.20987458590314906
2023,2,1,35,23714.5,45791.68765785742,14.143864161870024,21.680376064706426,10.731857861444057,10.593469541966474,3.076407522579048,2.946588317466725,0.2859352510890325,0.2628946963590308
2023,2,1,36,376314.8333333333,34419.28054943007,15.040386839211317,17.902293305874167,10.446372167438714,10.27773651146367,2.884928822286946,2.7240608720891313,0.3491586076595479,0.3328661324538627
2023,2,1,37,367816.6666666667,37794.71613298902,14.074671258326159,18.779198757175386,10.539924586995307,10.409638859401339,2.9327498081828067,2.8057221954208504,0.25242847729272355,0.24563112426192035
2023,2,1,38,46117.0,33849.828581443995,13.950755686623154,16.59607670627299,10.429689214263906,10.285653341229624,2.8091663244334875,2.6803039423117507,0.3029250048840611,0.26665827992655367
2023,2,1,39,309088.3333333333,42965.7838380359,15.158689263587002,21.442056628170135,10.668159353221919,10.483120790827236,3.065354256423478,2.8878612715100025,0.38741981712407636,0.3796286378832274
2023,2,1,40,10971.333333333334,52955.35110452311,15.717901197059001,22.278182171389364,10.877204405498885,10.614674325895468,3.103607821577345,2.8379824981679382,0.5254057962642975,0.5650871291780561
2023,2,1,41,22952.666666666668,38878.57239926288,14.41781637572976,17.860224172508413,10.568198539774293,10.362964961155756,2.8825761270217884,2.6939684187107646,0.43792205161043174,0.42628953286375604
2023,2,1,42,58946.666666666664,40352.719607472485,14.821646686270075,19.61729730651958,10.60541407185981,10.415852176755841,2.976411692687259,2.8034371468443795,0.3808515073482527,0.3717863552545024
2023,2,1,43,2220.5,58302.1220984666,14.693237258875628,26.408541854226637,10.973393771306778,10.69687819116728,3.2736875129039547,2.974537514551092,0.35036717093315256,0.36903799666547693
2023,2,1,44,13203.833333333334,53653.61130004088,13.816164497683754,24.775010971915293,10.890304058003002,10.76509288870793,3.209835523078327,3.0908534347000236,0.26010116862559657,0.24062447896819736
2023,2,1,45,5845.5,52260.09600138297,14.176831180680296,24.863153066148527,10.86398837606838,10.72142798717873,3.21338691095019,3.0807869082150536,0.36026935065206284,0.332059480868211
2023,2,1,46,10445.5,46709.796480463374,14.271408740606002,22.572316957407306,10.7517091963996,10.63018044324366,3.116724242069589,3.0040883996009695,0.2640756125448667,0.2470311575627836
2023,2,1,47,28498.0,50961.9795683727,13.595913163496853,24.132122812843573,10.838835135024793,10.646746859180556,3.1835438497767194,3.0078811114671207,0.38758239549278395,0.3575719238337075
2023,2,1,48,1166.0,77639.37220129429,14.603201829616923,32.68896543737721,11.2598299512288,11.006593942088823,3.4870375725564347,3.2505063160614247,0.6378064630366147,0.6685612704250548
2023,2,1,49,20748.333333333332,56196.49782734228,13.605189171821031,25.685758158352904,10.936609717700584,10.776235010985847,3.2459366810367563,3.091954729636486,0.3426425765921277,0.3261403453705389
2023,2,1,50,2476.0,43967.95148368303,12.776386645126548,20.571265087672238,10.691216272135339,10.556793376554293,3.0238952033620645,2.9060664376760106,0.35932695135363474,0.31686984028741916
2023,2,1,51,380.5,38435.26555814322,16.9347349978099,18.14816531882073,10.55673069103849,10.509693378856138,2.898569471238997,2.8091242957607863,0.1095704086410178,0.23353702494949855
2023,2,1,52,3306.3333333333335,43899.94093758244,14.564573041637262,20.067044905228183,10.689668253676992,10.496669058019464,2.9990789125667736,2.846070810450853,0.45202264237218903,0.36647187481852794
2023,2,1,53,144541.83333333334,40889.953512725275,14.504174685298718,20.28688934543759,10.61863967647189,10.530401887813321,3.0099748323476496,2.9244792865417972,0.18666782994391423,0.1803834207944102
2023,2,1,54,27115.833333333332,33214.182628900475,14.480445004456191,16.544172218570903,10.410732251303411,10.288923525363579,2.806033908001704,2.6886893700830785,0.27300627695452606,0.2662322850476169
2023,2,1,55,2879.5,72923.01212508374,14.485500955026914,33.921054732600986,11.197159535195151,11.001158813125773,3.524035905151386,3.335614999845163,0.3254648858084884,0.30582292639749675
2023,2,1,56,2510.5,40049.38453488526,12.532164907388966,18.75080429142611,10.59786858495983,10.53390335048834,2.9312366470391584,2.8675308398036035,0.16262843730779586,0.15880365637191665
2023,2,1,57,262.1666666666667,32648.12507471604,12.656071201525746,15.368532301315495,10.393542708085288,10.33180663522901,2.7323220618598687,2.6819625992855562,0.12623785557468944,0.10405193041297224
2023,2,1,58,10052.666666666666,41634.87676735446,12.550931759400491,19.45175912090933,10.636693478832573,10.535833470731221,2.9679375092091256,2.8657763890008745,0.22522168769432308,0.21569177257078173
2023,2,1,59,4655.0,35628.788425432285,14.42076620121733,17.75196147988651,10.480909253683587,10.371946499951532,2.8764960157251958,2.7803843145910783,0.24881539160809718,0.22379594495309607
2023,2,1,60,9723.833333333334,36317.09149587645,14.072365150917848,17.99333594031487,10.50004374954931,10.288486062593593,2.8900014638077076,2.6910006054459,0.40855849843567454,0.38291040695122547
2023,2,1,61,56124.0,42009.729472977066,13.235383555460528,19.95737671976266,10.645656524556335,10.528797436937886,2.9935988353804523,2.8818558426630947,0.2514784671585638,0.23753138798957138
2023,2,1,62,37403.5,39450.221602913916,12.744297547912183,18.648824300046417,10.582794943569116,10.48564020321944,2.9257831038907187,2.8299398618422424,0.2271618770857395,0.22711267406292857
2023,2,1,63,32569.166666666668,48426.71006307484,13.647836655323287,22.52411847615125,10.787806801292879,10.684874795111568,3.1145866673745983,3.019037842972109,0.20956821549146168,0.19414188142128933
2023,2,1,64,55418.833333333336,39006.223155124055,14.01859776910978,18.545892598700554,10.571476480462255,10.396735512949654,2.920248341285053,2.760618496890186,0.3687367788959293,0.3290949155313167
2023,2,1,65,4093.8333333333335,52323.271687092885,14.301510401823881,24.14313704137306,10.86519651642168,10.661957086477607,3.18400015923021,2.981247577791593,0.48590035735353776,0.4700754397625295
2023,2,1,66,70923.0,35958.783576530135,13.841513566356001,17.62333473229879,10.490128660886882,10.371701798559396,2.869223860960679,2.7597615247115788,0.25924489527345795,0.23812372283204214
2023,3,1,0,742778.1666666666,,13.317936781932874,,,,,,,
2023,3,1,1,151094.33333333334,73191.61833929604,15.024803489210932,33.22842577682329,11.20083618983184,11.0108434380778,3.5034057076910243,3.3196642342736524,0.3823512704170492,0.3812029209542955
2023,3,1,2,87102.16666666667,73556.32644905773,15.533387037827225,33.55239178369059,11.205806737953262,11.03145737808047,3.5131081510015765,3.355323103582715,0.3692153094320364,0.3444976018219845
2023,3,1,3,1665.3333333333333,67905.3267592361,17.722578062449962,32.452665199480485,11.12586976053213,11.076910061235033,3.4797825722729567,3.4363774110352057,0.10656788541122503,0.09745570911140228
2023,3,1,4,32290.166666666668,92732.29487585013,16.20350880815109,43.459141515030964,11.437472071421295,11.337879066981564,3.7718212211824445,3.668054048586142,0.22968221225852434,0.24260364929547676
2023,3,1,5,75494.0,74296.26336946637,15.109147746840808,35.16732848012821,11.215815938316934,11.0737498472653,3.5601174834110685,3.4195022960103465,0.299980769593244,0.30662268395030795
2023,3,1,6,6992.5,76691.84564906423,17.78619949946371,35.49095102819405,11.247550666828218,11.13706064379965,3.569277763374435,3.4641274532364674,0.2312630943913904,0.245740161278737
2023,3,1,7,6329.0,115596.27246550245,19.022120398167168,46.149154749850524,11.65785898959242,11.3056234822475,3.8318786455016225,3.430941162646793,0.6293316074113958,0.7079794845741689
2023,3,1,8,16420.833333333332,83675.7244900599,16.660177619893428,39.53342158033205,11.3347041844234,11.203783440984521,3.6771464301105294,3.545447928643179,0.32591183232533627,0.318297461899772
2023,3,1,9,6297.666666666667,73193.55952302452,17.22510982903721,34.39302089587029,11.20086271142039,11.070704137614293,3.537853662862229,3.4107433493748696,0.256189994397208,0.2473359138863726
2023,3,1,10,7825.5,66418.53320082866,20.977530722211572,29.795782812847676,11.103731410989639,10.931499849081517,3.394366867149582,3.2374732253515486,0.3487114060882752,0.3295236159185667
2023,3,1,11,65624.83333333333,47693.52371084551,16.327218608809165,22.457231564969142,10.772550896397581,10.667748579520463,3.111612681026037,3.009914834985135,0.24661433313117054,0.23811076794262626
2023,3,1,12,1798.5,67768.93010868155,17.49606153275878,34.07056551571059,11.12385911091216,11.038894755318246,3.5284338301764633,3.417889379565947,0.1650460859429996,0.23845146927430147
2023,3,1,13,6842.5,73137.43338813775,17.192010717330408,34.24633571249402,11.200095599320315,11.089904296105557,3.533579572488246,3.404791898158396,0.20475667068630357,0.26171840955743153
2023,3,1,14,18460.333333333332,46546.95127891504,16.006157346382334,22.48217074655388,10.74821678708921,10.599725633860299,3.1127225838223422,2.9665502583101824,0.3262815448702514,0.3252920748740139
2023,3,1,15,6790.333333333333,133874.82639059922,17.72087771832507,56.563098504489574,11.804660510946963,11.602661688667657,4.035356802699007,3.854948809503286,0.42000632848784014,0.3755825811277465
2023,3,1,16,38416.333333333336,69557.89773860648,15.50325816276063,32.029513391349994,11.149914745737314,10.860924657226102,3.4666577712281104,3.174591771138937,0.5665386315463244,0.574748950073981
2023,3,1,17,19321.666666666668,65033.40873380456,14.423686707495904,29.571866569228344,11.0826563973551,10.886331557225281,3.3868234556201653,3.197122256994154,0.34611428313555775,0.35406536717382997
2023,3,1,18,15847.0,61138.0758365497,14.40722744578364,28.436696456401545,11.02089012351599,10.898322077705854,3.34768043983376,3.2292966943856602,0.27129199986102204,0.2584110577494857
2023,3,1,19,1790.6666666666667,54782.18675237363,14.98771407297096,25.365421327568423,10.911120360829639,10.844255016386562,3.233386881468849,3.1646272181066997,0.14376922540919934,0.15077013825761956
2023,3,1,20,44691.833333333336,103289.23645031701,15.57365066697495,49.19154070197834,11.545288452682883,11.372838028260619,3.8957216717637504,3.721900039501684,0.4111582309596898,0.4074030621689771
2023,3,1,21,150967.83333333334,50510.64966201249,14.16825880126782,23.45009102034037,10.82993947742675,10.618591086559759,3.154874376349164,2.96105546744741,0.4379093139196048,0.4009721585322141
2023,3,1,22,6083.833333333333,46354.013686720726,15.167739637837986,23.23874164213891,10.74406316242761,10.63775308823079,3.145820784310304,3.048290422057698,0.2187337296885495,0.19950332239975313
2023,3,1,23,14289.166666666666,38845.69698543065,14.349145623141075,18.393695394808134,10.567352589955709,10.449520303452088,2.9120079643133847,2.802549055564974,0.2654043137623007,0.25168570311551314
2023,3,1,24,4948.166666666667,55384.735789334656,15.305870861261745,26.595834834443323,10.922059307502437,10.786484528713205,3.280754618355612,3.1548779736025327,0.3223950353119268,0.3006801617661825
2023,3,1,25,9124.666666666666,47527.62596327435,13.839300065755827,22.746532764183055,10.76906642018628,10.630498526281132,3.1244127278120137,2.9914891328810653,0.34047728436265257,0.32723879723124
2023,3,1,26,2832.8333333333335,45397.82376929315,14.048126139907042,22.525117704801925,10.723219448283473,10.67320068411521,3.1146310289991472,3.0754920349483035,0.1070905300805296,0.08393618734625956
2023,3,1,27,464.33333333333337,45626.12118780578,13.966259870782483,21.51008924827013,10.728235664562161,10.711710343871788,3.068522092423524,3.051610009578638,0.035531530410296115,0.035409998647925586
2023,3,1,28,38879.833333333336,44836.31408585917,13.55990895022698,20.525648343953723,10.71077367233233,10.559741284236276,3.0216752428519627,2.8863719418441414,0.33310416164831197,0.30610787319156707
2023,3,1,29,75166.5,37246.49415240594,13.269603702003772,17.812872644003786,10.525313102664516,10.409180296423017,2.8799213781751662,2.7769328319856985,0.25352833050853363,0.23007006336076188
2023,3,1,30,54036.333333333336,46369.507413937616,14.195855874750938,22.285008999686802,10.744397354381867,10.576862345580984,3.1039142102434814,2.9485508734758814,0.32586683224280333,0.2959765736657789
2023,3,1,31,21835.5,46693.07999196695,14.400051903246242,22.305581458123577,10.751351252633707,10.611157859732858,3.1048369367508104,2.964861909129128,0.31861939454302635,0.3280922306212658
2023,3,1,32,5354.666666666667,28510.274377507554,12.656810258964143,14.029553632848437,10.258019805764567,10.164469452874139,2.6411660784156994,2.5435847613381686,0.18945440113000273,0.2006361250204412
2023,3,1,33,6942.333333333333,60045.692414325655,13.673548758822681,23.06223087121278,11.002861091618364,10.932102915085709,3.1381962521917472,3.0405248079076728,0.15169156312077,0.2054668704161121
2023,3,1,34,37774.166666666664,71159.28393326401,14.22593041981954,31.742822875590573,11.17267607895882,11.024821123643092,3.457666648622784,3.301532998858456,0.27867269080065893,0.2939121362290575
2023,3,1,35,57841.0,42919.88230743033,13.2173141312679,20.502784353445133,10.667090454602718,10.516664848169825,3.020560699040648,2.870305028995093,0.3202091689759291,0.31682440941717055
2023,3,1,36,112132.83333333333,32887.80927618391,13.583485063102245,16.253983363245634,10.400857329369215,10.234768732732427,2.788338008782171,2.6386274353775887,0.348908247108561,0.3223428571966203
2023,3,1,37,43773.333333333336,38609.68617233079,13.873537922631739,17.79779411772512,10.561258461080488,10.433571137035926,2.8790745236480833,2.7633945575842542,0.27507856261627983,0.25391382246814403
2023,3,1,38,48487.833333333336,35707.9080003031,13.204783330526215,17.08389211957545,10.483127455850966,10.362102305778665,2.838136038254029,2.7243977678765754,0.276300316082809,0.2651787357944135
2023,3,1,39,31995.666666666668,39263.15939484693,14.395251440299207,18.845812921277805,10.578041938226013,10.41549358651449,2.9362907630281843,2.782431179947924,0.3641621151681115,0.34652268708934375
2023,3,1,40,1247.3333333333333,38828.29961499298,12.35595938001069,16.130945457251126,10.566904631269662,10.382340204720483,2.7807395052520154,2.5277949032113196,0.43414733321611393,0.5778362570335746
2023,3,1,41,3036.6666666666665,27729.496284836714,14.016684961580681,12.505708177505515,10.230251973455179,10.091860445779533,2.5261851942738986,2.38339874959911,0.3376457762185523,0.3125942379728457
2023,3,1,42,19754.666666666668,34918.92600482756,12.944401322894167,16.6221477305528,10.460784253605068,10.313595464753414,2.810736006743415,2.6721707196404756,0.32703885086094503,0.30521150729270274
2023,3,1,43,751.0,41381.97410620724,12.195295162006213,16.322322038846323,10.630600656933165,10.480770674992762,2.7925336212069207,2.616928974886696,0.2701764862251722,0.26503552681386877
2023,3,1,44,34804.5,53008.25894127015,12.915839426894031,24.306325729884705,10.878203009474738,10.736747792702177,3.1907366345718757,3.0513920409940236,0.28208037858239327,0.2729425173802305
2023,3,1,45,22440.666666666668,48999.63431952444,13.262009447134664,22.766939723903775,10.799568114198069,10.686906249521224,3.1253094715660126,3.0271514922786915,0.24266562275833894,0.22408244533125127
2023,3,1,46,18267.666666666668,49483.3914977034,12.957648303924966,23.2896780409618,10.809392366956653,10.71183433830048,3.1480102598832147,3.059422439370489,0.20388647490757641,0.1887189119481301
2023,3,1,47,72863.33333333333,50455.265707725826,12.683841895786633,23.025511445874127,10.82884239511657,10.690348655466249,3.136602794527643,2.9987913987219352,0.28300801754090676,0.28396420238206804
2023,3,1,48,1311.3333333333333,76567.08892016386,13.043213014743264,28.501072955465947,11.245922614841463,11.140878976147182,3.349941734126162,3.291501766631564,0.23006806602192229,0.13780793093370763
2023,3,1,49,14489.666666666666,59220.847847420024,13.387080448135453,26.74570052084104,10.989028918463262,10.840130487003883,3.286373732230997,3.141835534783164,0.32484977743575055,0.307816941781021
2023,3,1,50,3016.1666666666665,54884.18603109615,12.788970547604576,26.63884263310509,10.91298053556772,10.821693871663813,3.2823704000251777,3.192688435150582,0.18057855690882682,0.17675347450394097
2023,3,1,51,404.6666666666667,47692.591207523925,12.443163097199342,23.63742954884995,10.772531344215956,10.759868801430597,3.162831453497848,3.1536701787313075,0.025583754746725085,0.017803857013374398
2023,3,1,52,193.66666666666669,38840.39773805986,11.783132530120481,21.306129372666717,10.567216162776615,10.541064008777035,3.0589947952942316,3.0287967427080336,0.05568955751548786,0.06918117931359175
2023,3,1,53,8645.833333333334,43460.911909038085,13.988356626506024,20.732344924247066,10.679617236310905,10.562514232127254,3.031695037476688,2.9145740510890406,0.2221154929447161,0.22141319112407287
2023,3,1,54,5695.0,35592.298295410525,11.59332748024583,17.510584470001127,10.479884553418687,10.364916256712924,2.8628055249526305,2.747084714775256,0.24869419980658886,0.25463074538125685
2023,3,1,55,4918.666666666667,58793.54114728942,12.896110056925995,25.998648949999886,10.981787283419523,10.80825378893658,3.2580445732097916,3.075292887763253,0.2955497927761039,0.3037570864795077
2023,3,1,56,1852.1666666666667,39555.504717937576,11.983622784126698,17.938382102256742,10.585460147276443,10.509299332622712,2.8869426687431505,2.8252026939076864,0.18334199760933387,0.1504121792074132
2023,3,1,57,666.3333333333334,44260.413928488204,13.605302651325662,19.508311450170865,10.697845965763934,10.593408937611857,2.970840602974149,2.885827424197015,0.18848186523752805,0.14849305591052983
2023,3,1,58,9846.166666666666,45526.85471901365,12.580022682262133,20.086745939016836,10.726057644436192,10.619676765008595,3.0000601915421976,2.9032101323016817,0.234481578127663,0.2124513720722454
2023,3,1,59,2368.0,42540.296868636106,11.957066441441441,20.766373472676698,10.658207067306185,10.547484573076307,3.033335018534942,2.924484101297725,0.21623552089694068,0.21255514450743004
2023,3,1,60,2991.5,35504.97268301042,12.890634575742382,17.02714571871746,10.477428041231597,10.323375688064768,2.8348088774988773,2.6944740399670923,0.36598205998303485,0.3196835794823156
2023,3,1,61,58098.833333333336,44164.17757733944,12.40590602794663,20.183348784708116,10.695669277412719,10.504559020552968,3.0048579468818852,2.8415004169066136,0.34081262469279455,0.31936356705677793
2023,3,1,62,38993.0,40896.94962728017,12.611323399926482,18.86416718514377,10.61881075800948,10.500980959193583,2.937264206411794,2.8237978157948462,0.2725039604677313,0.26264426347771674
2023,3,1,63,15854.833333333334,49646.923904907475,12.983464558651935,22.610506560241916,10.812691711963005,10.653683591736632,3.1184146902955154,2.978605720392909,0.3381615316849315,0.3149603721732852
2023,3,1,64,207658.83333333334,47008.9790767056,12.865209201310162,20.728487297849167,10.758093906630805,10.609376559472919,3.0315089521425413,2.898481454681851,0.31907129116435645,0.289157386519445
2023,3,1,65,10569.666666666666,56137.27347404378,12.82077643571226,21.80051929833066,10.935555282189345,10.818277740939637,3.081933790535669,2.9484368280410167,0.2645584407677175,0.2838394483595508
2023,3,1,66,126882.33333333333,37213.34386093395,13.145318365835013,17.93600466826424,10.524422681880727,10.390084225456398,2.8868101266032,2.762512913394935,0.29028813502349265,0.2660937558962091
2023,4,1,0,707924.6666666666,,14.663919513093203,,,,,,,
2023,4,1,1,186442.83333333334,67155.27400559354,15.594501263568725,31.39640363271812,11.114762739531315,10.953130640577424,3.4466933523648207,3.2881435721860335,0.34184562881203645,0.3411589725183981
2023,4,1,2,131794.5,66399.12206460048,15.611566997611181,31.614229342965917,11.103439113458448,10.96285204529699,3.4536073149036772,3.3195164490348006,0.2701213747389464,0.2614569908285487
2023,4,1,3,1048.3333333333333,72495.95833889885,17.10047694753577,33.5219832122711,11.19128609223917,11.159341553784532,3.5122014389075873,3.492664608044585,0.06168232226282272,0.038633213114026156
2023,4,1,4,7763.666666666667,82666.59859547169,16.325662272980978,39.1026889645134,11.322570913036795,11.243074777789529,3.666191236097602,3.5898117378025893,0.18265054909417588,0.17512625127545062
2023,4,1,5,45601.833333333336,69691.41032534656,15.785739608422174,33.5519182942778,11.151832351354308,11.01263476834353,3.513094038959824,3.3765678528725465,0.3102054755880859,0.3019262584099554
2023,4,1,6,11020.666666666666,70112.85469812517,18.23035509043615,33.13465846970164,11.157861432789357,11.050325778738413,3.5005798182500594,3.377554946467611,0.2707041108610138,0.32427330570687374
2023,4,1,7,9982.0,107682.69217967993,19.180792092433045,45.18972841881757,11.586944146234666,11.301864744110333,3.8108698136422965,3.4485540955419656,0.5504110254275336,0.6539239751214971
2023,4,1,8,100118.0,77633.85505542652,16.281684279217192,38.74392555165839,11.25975888751785,11.13327721016167,3.656973983554027,3.5249730572943045,0.27734624281910886,0.2938584024874471
2023,4,1,9,20139.333333333332,64750.77888247775,17.258995663543978,31.627374801981794,11.078301008562452,10.952551079628593,3.4540230367811637,3.3267028219340324,0.29779384632134503,0.30195597816277675
2023,4,1,10,10023.5,56060.80722145551,20.003392028732478,26.238698200532923,10.9341922238562,10.786791433350572,3.2672353515850308,3.129128581666195,0.30877524307967,0.29075956799526387
2023,4,1,11,174953.66666666666,45861.90626056996,16.11174387123448,22.137481332106397,10.73339012250331,10.598234297500825,3.0972721598384165,2.962821279688193,0.3057660989441857,0.298008265249735
2023,4,1,12,2013.8333333333333,43291.50362938698,17.372341305967062,21.673796795346476,10.675711673706392,10.578259106107875,3.076104009953784,2.9828227104783465,0.2671779877871386,0.25617036368002816
2023,4,1,13,14209.666666666666,74203.33886286333,16.673133313002886,35.30364916168146,11.214564426294881,11.050057402251513,3.5639863342813802,3.406399209150815,0.3816895466334386,0.3619329196059517
2023,4,1,14,40978.333333333336,50279.42988147158,16.617236751128644,24.11948870051873,10.825351323767018,10.707454426714918,3.183020173480019,3.0644895649512236,0.30516633700406054,0.3021259726349045
2023,4,1,15,12400.333333333334,109019.75082436971,17.785140184403645,49.72276924330289,11.599284345020079,11.417628671139594,3.9064629618594613,3.729659364750169,0.3297420360410217,0.3388068186870249
2023,4,1,16,31967.166666666668,72329.16845732984,16.298504194407805,32.313102670381866,11.188982763265832,10.820012290118443,3.4754728034024702,3.1703572745123934,0.7094989629833826,0.6385803132727326
2023,4,1,17,60353.5,53457.31403522866,14.352070164392565,25.858970514673537,10.88663874591722,10.734636907000029,3.252657562600522,3.0924771431275295,0.28637953133983696,0.30534810170065807
2023,4,1,18,7845.5,51179.825036967784,16.08161791260383,24.447352620443496,10.84310069112583,10.746363736294303,3.1965219327759984,3.0960635331159057,0.21042526413579868,0.21520795666922096
2023,4,1,19,2109.6666666666665,62804.74106862638,13.087533575604361,30.217544472326402,11.047785844330058,11.016447225316988,3.4084226984911514,3.375708756694113,0.06736151502708249,0.07124850314705422
2023,4,1,20,21168.0,69803.85598689922,15.340262030738222,33.9941966869881,11.153444530589924,10.981031789295828,3.5261898243708827,3.3602332912475332,0.34819353870899783,0.33440915144196043
2023,4,1,21,174348.5,41204.04103959503,14.270028133307715,19.983508080288683,10.626291614013063,10.368199974194733,2.9949073374021427,2.767157150282489,0.5047209799104003,0.45520134323926287
2023,4,1,22,38325.0,43679.98209215202,14.895481626440532,21.227396491605198,10.684645200440498,10.556533803710277,3.0552926347332297,2.9314937717517235,0.29630979852524597,0.2868370801427093
2023,4,1,23,51512.833333333336,36389.14623948927,13.903836260867033,17.829462356511783,10.502025828926456,10.397679250398083,2.8808522775511904,2.781471704709265,0.22933438196601505,0.21965905426234358
2023,4,1,24,12295.333333333334,45191.930498916874,14.477769343382313,22.21776228542929,10.718673821097138,10.622493247179404,3.100892071913766,3.010047526643574,0.22299907370307245,0.20512682037564017
2023,4,1,25,25373.333333333332,43583.838275677685,13.899211770888071,20.549466357914405,10.682441678867152,10.574924539150487,3.022834972620369,2.933636042386728,0.19018695018002096,0.18443162920101497
2023,4,1,26,3703.0,42132.27873840894,13.23287424610676,20.738064745282664,10.648569441770704,10.471568739271396,3.031970888191328,2.866646017641095,0.414821344983668,0.39092042367646274
2023,4,1,27,1621.8333333333333,44667.28566583201,13.639091563045936,20.82701516553291,10.706996648359183,10.639044736626118,3.0362509500235566,2.9711746626266686,0.14326991467424793,0.13138418776584787
2023,4,1,28,24905.833333333332,42050.893018553164,13.883333890989395,19.967388516913488,10.646635902239876,10.464339806290196,2.994100368566751,2.8123589077698545,0.3621882133069276,0.33699022742669626
2023,4,1,29,44788.333333333336,38614.131327952244,13.674855803222565,18.433614783660282,10.561373585034994,10.404340035719846,2.914175888296615,2.772276903260643,0.34678195621606195,0.31814188892695017
2023,4,1,30,156991.16666666666,40617.01418741717,13.868725098121233,19.796664418401956,10.611942326460674,10.483206346491336,2.985513459791811,2.8579339990006685,0.27681016203978726,0.27394439921961117
2023,4,1,31,61280.833333333336,43652.06983572365,14.35415097161973,21.266795908007882,10.684005979060428,10.562656072224556,3.0571469788432224,2.931981399355762,0.2546147752820353,0.25695095283147645
2023,4,1,32,21821.5,29274.130059485233,12.987710896745563,14.592167021047983,10.284459471866748,10.109139703589829,2.680484879336096,2.5051694059121496,0.3931978987951364,0.3907192558460031
2023,4,1,33,560.0,50940.85208697748,13.611904761904762,18.754026603442743,10.838420475660481,10.600792184053388,2.9314084815440835,2.788274099057981,0.4214686480768242,0.24241194760713478
2023,4,1,34,20385.0,55866.63422113687,13.9249284604693,25.514942538508873,10.9307225975946,10.78795807441651,3.2392642624463353,3.091998186649131,0.2769253822742259,0.2974892233451914
2023,4,1,35,29927.166666666668,40701.05364476716,13.10597394786231,20.073766151202918,10.614009259173413,10.437878482011259,2.9994137959864484,2.82782628494001,0.3698594154515945,0.35329377306045534
2023,4,1,36,92222.83333333333,31374.37243732483,14.175726546390356,15.761183893731292,10.353746674236428,10.142262498107348,2.75755020176897,2.555362536801264,0.3673356702983381,0.36719593750993657
2023,4,1,37,211248.66666666666,36767.94241507369,13.880650923240541,18.026033626162096,10.512381614477588,10.346502292388935,2.891817025558091,2.724794762000654,0.3158591156833963,0.31613045167225867
2023,4,1,38,16488.0,30735.671668063354,13.229742843279961,15.112068142075456,10.333179202626429,10.172564202568907,2.7154936393258513,2.551034606528309,0.34974433224216545,0.3620746267908911
2023,4,1,39,86298.16666666667,39113.096916319075,14.789055001168428,19.18483814934011,10.5742126493837,10.344031831606296,2.9541202873505914,2.7342248413860775,0.49291894442095735,0.48945035310404894
2023,4,1,40,225.33333333333334,54527.193462355266,12.928994082840237,25.624792866408075,10.906454818822906,10.645707735019485,3.2435603541637787,3.0122718810786027,0.24255188760587415,0.22406925170449146
2023,4,1,41,1241.6666666666667,39216.93801870319,13.310335570469798,18.285834531683992,10.57686402476741,10.552338047512915,2.9061266907941508,2.884103465241249,0.04889179036207212,0.0412411621879143
2023,4,1,42,5532.833333333333,32206.222165519932,13.971563695514655,15.326342797058535,10.379914947819065,10.153734865380603,2.7295730993252527,2.5016357876322646,0.5188711348573779,0.49930902185331927
2023,4,1,43,35.666666666666664,53039.354915587995,12.0,12.999841891075489,10.878789462560821,10.878789462560821,2.564937195162614,2.564937195162614,0.0,0.0
2023,4,1,44,1627.5,47579.391647867924,13.340296979006656,22.395980677969362,10.770154997896014,10.621561704537571,3.1088815087415598,2.9682413809114903,0.3883193478561557,0.3559734973364565
2023,4,1,45,1197.5,65999.80259168132,12.539178844815588,32.41423832549636,11.097407029968958,10.809697266915482,3.4785977807570676,3.1920699106334,0.5170643010260902,0.5159210881703187
2023,4,1,46,943.3333333333334,38801.64177256108,15.09434628975265,19.194597777298977,10.566217838441965,10.393625152782212,2.954628873677284,2.782488093824908,0.465244245208263,0.46221410443711936
2023,4,1,47,5699.166666666667,51726.79809362813,13.31726860652142,24.4448173571905,10.853731264573641,10.714047262569666,3.1964182244212074,3.0769156677306633,0.31688269305798406,0.26964096562194423
2023,4,1,48,52.0,87016.7713073171,18.442307692307693,41.468252301950244,11.373856152705592,11.372605117684513,3.7249281296988976,3.7180069209294264,0.002622324941262823,0.015086735299755495
2023,4,1,49,5339.833333333333,45182.52062932856,13.15090982864634,21.346937822799728,10.718465579287535,10.57948090651452,3.0609083018844,2.923313117385784,0.30785425080524703,0.31805579639587533
2023,4,1,50,191.0,43048.88266737532,15.111692844677139,21.102393464399672,10.670091555218834,10.665587794585157,3.0493864683805714,3.0448827077468943,0.009177760624531189,0.009177760624548888
2023,4,1,51,297.3333333333333,10195.179999999998,13.0,4.99763725490196,9.22967033856628,9.22967033856628,1.6089652517280182,1.6089652517280182,0.0,0.0
2023,4,1,52,304.66666666666663,38851.76883530605,16.283369803063458,19.192026461505755,10.567508884625648,10.545791440137064,2.9544949043143585,2.9334218502680223,0.047716695389149424,0.04671603566532304
2023,4,1,53,26767.0,39879.712690384615,14.475448624550129,19.83857612456745,10.593623019696379,10.43915341062314,2.9876283313663397,2.8313887909610114,0.29708095711826277,0.2982895308815428
2023,4,1,54,6780.5,30393.890778015142,13.536219059558046,15.495570407143095,10.321996905949394,10.181094196993481,2.740554202897946,2.589726678214039,0.30453984332053724,0.2973996815163913
2023,4,1,55,244.33333333333334,111207.68927145645,16.005457025920872,53.41580101225125,11.619154806532606,11.36789865442668,3.9781066013024713,3.7251795486458192,0.5963485421499632,0.5887183341372928
2023,4,1,56,212.66666666666669,36661.308327879604,12.95924764890282,18.1578194592951,10.509477208915088,10.37251120294746,2.8991012921363457,2.7716145827625818,0.28560121050299236,0.26483950604856143
2023,4,1,57,289.0,64635.68375892773,12.018454440599768,31.68415870535673,11.076521917434086,11.022332579068552,3.4558168305958237,3.40162749223029,0.1563998108086196,0.15639981080861007
2023,4,1,58,1843.0,45723.2451029442,12.70410562488696,21.524361028537793,10.730362093144631,10.626108942166127,3.0691853647878315,2.970790565607408,0.2080240761708246,0.20060941981828745
2023,4,1,59,967.0,40252.93016678896,12.515684246811444,19.07747553805329,10.602938079371858,10.502759061408085,2.948508347940142,2.7688758236063733,0.20409049979927713,0.44333984513734376
2023,4,1,60,3481.6666666666665,31071.58383980049,12.551268549545238,15.260304183534355,10.34404897758608,10.160541294387453,2.725254959047837,2.573894423631576,0.40836373700764855,0.31849130624215477
2023,4,1,61,26858.5,37299.8483114195,12.756793318068146,17.584614440857656,10.526744538905662,10.41094771022648,2.86702434022966,2.755319063931224,0.2537374024850554,0.2417112014377391
2023,4,1,62,20569.666666666668,37383.93287610745,12.80784002333533,18.049693749132647,10.528996288854026,10.406710128844328,2.8931287178278966,2.7717940118008344,0.2839585725800047,0.2825653588653357
2023,4,1,63,10909.666666666666,39111.81260137664,14.13969262733356,18.4985058404616,10.574179812913822,10.452723487553566,2.9176899634421263,2.801826365195867,0.25885000834915395,0.24417240063316595
2023,4,1,64,36641.166666666664,39627.57590920396,13.597720232707292,18.9879618424113,10.587280516239046,10.434268988977424,2.943805191123712,2.806362312749635,0.3489719468560048,0.319100449987615
2023,4,1,65,970.6666666666666,74131.30644273656,13.190590659340659,28.36863961699611,11.213593211166542,11.175397553995428,3.345284296208102,3.295563591499686,0.09188726602374248,0.11274753769030263
2023,4,1,66,46696.0,30909.36146126683,12.861494203643424,15.324012868356915,10.338814376914298,10.23232782063413,2.7294210665898717,2.626803067134594,0.25350825423246615,0.24030950674513044
2023,0,2,0,6145798.333333333,,13.170496509946227,,,,,,,
2023,0,2,1,3858290.8333333335,123189.31215866146,15.549648689434807,,11.72147757435947,11.471006258680196,,,0.4937746959910238,
2023,0,2,2,1604546.0,111806.7749172591,15.71963460900051,,11.624527436411475,11.354428916306556,,,0.4844225769176544,
2023,0,2,3,46039.166666666664,121763.4615824927,17.12774268286061,,11.70983560224538,11.549865866889434,,,0.3343874379294363,
2023,0,2,4,409768.8333333333,128401.67920011941,16.387446092573335,,11.762918748035034,11.638540294669617,,,0.2573147556537917,
2023,0,2,5,723605.6666666666,102387.3604750847,15.473691932576537,,11.536518551108582,11.362053712556634,,,0.34597938992841537,
2023,0,2,6,165471.33333333334,110016.94350388876,17.810995459435066,,11.608389664766399,11.46283520869454,,,0.28652066794788306,
2023,0,2,7,254012.33333333334,293465.03342785424,18.95254167448562,,12.589513774620954,12.30484536230234,,,0.6962995561860809,
2023,0,2,8,835756.1666666666,97473.1598683757,16.35598680396615,,11.487332335687233,11.35826771539037,,,0.28418832494338964,
2023,0,2,9,275095.6666666667,92487.7919955256,17.586450531754405,,11.434831936363848,11.283882481448579,,,0.30020658465425365,
2023,0,2,10,208520.83333333334,91886.77764856932,18.342416625037465,,11.428312420392505,11.292573439800957,,,0.2667089658807718,
2023,0,2,11,1689423.0,62316.37516741368,16.893940219037308,,11.039979514016881,10.909944485674965,,,0.29197578287364495,
2023,0,2,12,59326.0,64456.16567273466,17.490608389800986,,11.073740669776656,10.988822014565212,,,0.18682113839758738,
2023,0,2,13,166308.33333333334,123376.59685604324,17.28148719747457,,11.722996719760781,11.50865294677437,,,0.4305913650233201,
2023,0,2,14,293828.8333333333,63348.49811242779,16.55136465504577,,11.05640647769284,10.926543447147882,,,0.2806297882866197,
2023,0,2,15,271116.1666666667,216367.10001379013,18.68614437722575,,12.28473178118825,12.011902333020267,,,0.5459330600411482,
2023,0,2,16,502614.1666666667,88822.40188852162,15.663060631332517,,11.394394170684036,11.11815363359836,,,0.5866885580405966,
2023,0,2,17,415487.1666666667,79258.31340730083,14.292274169719642,,11.280467587276295,11.048359981306081,,,0.38841837093127585,
2023,0,2,18,167847.83333333334,76008.94399842348,13.998848163068335,,11.23860629653401,11.112534201177414,,,0.2728640793772035,
2023,0,2,19,18643.0,70453.99191274321,13.808239017325537,,11.162715178783895,11.030620075261552,,,0.26905494865139123,
2023,0,2,20,544696.5,141990.7412855784,15.720009522122258,,11.863517132243404,11.620442614261945,,,0.5003183842734873,
2023,0,2,21,1956741.3333333333,97566.75847776582,14.090734953214733,,11.4882921250203,11.113549561191109,,,0.72267886986847,
2023,0,2,22,337938.1666666667,53279.36204953388,14.115671062112447,,10.883304331597802,10.738108672336105,,,0.28188418394376574,
2023,0,2,23,200684.66666666666,45865.70546258738,13.439131705793832,,10.733472959109394,10.552636782501601,,,0.3232195955704363,
2023,0,2,24,75683.16666666667,58650.16400933923,14.39616030865516,,10.979345650485882,10.794758649960823,,,0.3595338583407222,
2023,0,2,25,246881.83333333334,54517.12574787568,13.61585670877633,,10.906270165196178,10.777186712164019,,,0.23297771890922642,
2023,0,2,26,7966.0,48155.40093485181,12.994246380450248,,10.782188579883922,10.675184633810897,,,0.2769594241014018,
2023,0,2,27,6176.833333333333,64485.07530778997,13.895442648606352,,11.074189085432034,10.864130965591627,,,0.4032757813613856,
2023,0,2,28,156176.16666666666,53279.517707296705,13.097355870560703,,10.883307253133074,10.738084346007945,,,0.33550573480518003,
2023,0,2,29,435887.0,56122.48604021079,13.164882947491742,,10.935291831884756,10.74402439177935,,,0.3653628344596808,
2023,0,2,30,576737.5,60132.96882862369,13.982713972994647,,11.004313536315925,10.820211228902266,,,0.34936396785010976,
2023,0,2,31,355584.3333333333,57740.297587417816,14.109320526869856,,10.963710607124979,10.764068526084854,,,0.3483635710180908,
2023,0,2,32,93497.0,33516.001158387175,11.825438249355594,,10.41977825029539,10.230318487996954,,,0.3170027137543997,
2023,0,2,33,116211.83333333333,96099.40351174264,14.06399520416022,,11.47313838798535,11.371947250693143,,,0.22340612611117805,
2023,0,2,34,342825.1666666667,88028.61832654914,14.517039054406252,,11.38541724884784,11.26586451116999,,,0.27025958376583153,
2023,0,2,35,145479.33333333334,56178.19163689973,13.21987544622604,,10.936283911405736,10.721809528479003,,,0.4198593729728782,
2023,0,2,36,612034.0,39709.78133282153,12.654299706661178,,10.589352817507807,10.391673710591464,,,0.38490499417001894,
2023,0,2,37,609686.0,42740.307204184195,12.918238240668147,,10.66289771659144,10.490527635679223,,,0.32627442385680927,
2023,0,2,38,273165.3333333333,46804.41403244282,12.327851508732197,,10.753732794390714,10.565581199401182,,,0.3700131892909969,
2023,0,2,39,438951.3333333333,51202.54201196164,13.661831911510312,,10.84354445846627,10.614910128802281,,,0.4702335583805132,
2023,0,2,40,89091.5,83061.3844632265,13.563014803133107,,11.327335185276345,10.925977581280241,,,0.7839558626991671,
2023,0,2,41,59764.0,50973.17778806357,12.341233853155746,,10.839054847634776,10.580637755309986,,,0.5086418240031899,
2023,0,2,42,189463.83333333334,52860.432683062325,12.622136326809954,,10.875410373578097,10.635648747947267,,,0.46196251538892347,
2023,0,2,43,23506.166666666668,67062.30520546346,12.57703297716202,,11.113377394697276,10.868676644003152,,,0.466644690780554,
2023,0,2,44,372219.6666666667,68245.78104081505,12.646235332361982,,11.130870894884708,10.993056625324877,,,0.3069372320757029,
2023,0,2,45,155027.5,69361.84006223248,12.94889186327157,,11.147092140258133,11.011776607133692,,,0.26437031526059346,
2023,0,2,46,198312.66666666666,67858.83359934013,12.764491425997333,,11.125184849851863,10.976922517627111,,,0.31612217503311774,
2023,0,2,47,969911.8333333334,70750.35948322555,12.343960817057082,,11.166912896527565,10.980646632336077,,,0.38766838250927443,
2023,0,2,48,28780.5,83755.63282865181,12.481570276170785,,11.335658705081162,11.204268330030729,,,0.32619900419935943,
2023,0,2,49,148944.16666666666,76352.84394834991,13.092507818925437,,11.243120558785408,11.094573994399758,,,0.31920854428273643,
2023,0,2,50,58195.5,65736.29753547692,12.654477866272591,,11.09340652581894,10.957262162281555,,,0.27084692866411036,
2023,0,2,51,7189.5,60396.042889134624,12.180332429237081,,11.008678866696147,10.787973271306933,,,0.4104953452401096,
2023,0,2,52,7216.0,52300.73428297362,13.065502586844051,,10.86476568978187,10.628940532314354,,,0.47660695752833465,
2023,0,2,53,159707.5,51260.40939433239,13.565335587454149,,10.8446739865099,10.706600060679778,,,0.25128823721993937,
2023,0,2,54,59178.0,42092.37719907992,12.350746899185507,,10.647621939121509,10.502087628248358,,,0.3071191341260886,
2023,0,2,55,53623.666666666664,88499.6369324153,13.272516488366456,,11.390753728529022,11.23114069781096,,,0.3451432825073925,
2023,0,2,56,20110.0,51307.63878177154,11.837626388198242,,10.845594924201842,10.727065298961374,,,0.26311107418631274,
2023,0,2,57,5258.0,61071.43432352868,12.291745910992773,,11.019799512490069,10.834507304162694,,,0.3723504527492516,
2023,0,2,58,65805.66666666667,52851.03177924186,12.340702675048247,,10.87523251389385,10.75110520766012,,,0.2596849704069261,
2023,0,2,59,18878.5,51600.691057766526,13.223172745009755,,10.851290343972348,10.721852450428248,,,0.24817281818390863,
2023,0,2,60,24404.5,38433.38552330648,12.014594302963252,,10.55668177552324,10.403452240591385,,,0.30410113538391187,
2023,0,2,61,320203.6666666667,58279.55137278298,12.508970852925898,,10.97300656248924,10.794258599377182,,,0.3548623382874486,
2023,0,2,62,222251.66666666666,53842.5935864388,12.414059137164328,,10.893820135269047,10.7567267787091,,,0.28593323282078353,
2023,0,2,63,124865.16666666667,62603.268093230494,13.249938934130281,,11.044572761687654,10.890505369500348,,,0.3390929022822246,
2023,0,2,64,784912.0,59519.94400881819,12.47924969083583,,10.99406672879447,10.816563315367963,,,0.3665551065539695,
2023,0,2,65,126516.66666666667,79836.42345241093,12.4007522065604,,11.287735113544217,11.131725643326924,,,0.3090313302851322,
2023,0,2,66,395442.0,47130.408017471884,12.317882689918287,,10.760673677157449,10.58647007193079,,,0.3393827198980527,
2023,1,2,0,1591669.1666666667,,13.911748620290124,,,,,,,
2023,1,2,1,1946723.6666666667,142240.24589739795,15.43575059702875,60.805355167066615,11.865272779496223,11.608523641988265,4.1076778634991475,3.8599089002704066,0.5076102370412594,0.4994783968369168
2023,1,2,2,611414.1666666666,144527.74392837955,16.0285033194902,63.050144179954664,11.881226767609435,11.583852993149993,4.143930349164138,3.8753938741838083,0.5387517885631565,0.49632665306661644
2023,1,2,3,30926.833333333332,126077.93411392717,17.210868663135034,56.0610916038934,11.744655519439752,11.575854084293475,4.0264420176108064,3.858403948302376,0.37002476511260496,0.3690530636786797
2023,1,2,4,318054.5,131740.4670770869,16.385205470550904,59.48249896687518,11.788589107634634,11.663836686984567,4.085682134274896,3.9644825906107726,0.25409588961426033,0.2559603136973587
2023,1,2,5,444615.8333333333,109008.61312537847,15.445536315058506,50.14865230377135,11.59918217758829,11.419476624670724,3.914991640742192,3.7443855164208895,0.35261705426127143,0.34216596569745583
2023,1,2,6,83213.33333333333,116180.10674715492,17.830355712225604,53.23427474370766,11.662896910354458,11.506371652428031,3.9747024509996356,3.820230195535065,0.3016794456949367,0.305242700657169
2023,1,2,7,125175.33333333333,336692.7970764753,19.148077629777966,140.52963796704825,12.726926212216078,12.456319548863048,4.945418412912425,4.664344484598795,0.6953901184454403,0.7262816071731965
2023,1,2,8,103734.16666666667,125045.85323550306,17.15558840304946,59.0986507411088,11.736435774904297,11.588911677873966,4.07920809405176,3.937504331656847,0.31061668950520566,0.30145741725732506
2023,1,2,9,58805.5,112466.92052618001,17.807688056389285,51.440151694469435,11.630414417621155,11.454400567419295,3.940419028884375,3.784363039056298,0.3089471607386581,0.2858886110914388
2023,1,2,10,88130.33333333333,101305.63090397586,18.836257663838786,44.819870350730575,11.525897275108253,11.367331312106499,3.802651575703059,3.6548411521933235,0.3024364168739089,0.2866169820901108
2023,1,2,11,332562.8333333333,72935.68774424924,17.479597088670463,33.72044381620405,11.19733334202613,11.090078528081913,3.5181042948561743,3.408374623109195,0.21471476499029363,0.2181279665970212
2023,1,2,12,13208.166666666666,67985.37717947399,17.393304647377253,32.97331520040198,11.127047919555187,11.052746717516351,3.4956986040578006,3.4222364227291706,0.15745088193068615,0.15545263140369844
2023,1,2,13,57451.166666666664,141203.73901576726,17.305485528289243,63.08529567303594,11.85795908397232,11.607461113119593,4.14448771026792,3.9151521623283805,0.5150246013474479,0.4896080036002351
2023,1,2,14,90095.5,66794.80658984043,16.916238879855264,30.032745287012077,11.109380610841315,10.977477987397995,3.402288295965775,3.264866074713968,0.2816726203664616,0.29397260956983995
2023,1,2,15,144093.83333333334,239106.25125000367,18.868572909088172,97.65143089400432,12.384663298023103,12.118559032796744,4.581404310507745,4.341914855514608,0.5400036635851557,0.4902538267995649
2023,1,2,16,240946.66666666666,93668.90458715925,16.01690830612584,42.31959924493822,11.447521551751954,11.190038066168043,3.745250317867641,3.4999469793057116,0.5450191643296011,0.5259549404996158
2023,1,2,17,89417.16666666667,107295.8899772811,14.935021798573352,46.12564866941855,11.583345623852377,11.297931546915072,3.831369165555431,3.567493429306963,0.469422273186321,0.4469710181918248
2023,1,2,18,118546.33333333333,78969.1547737408,13.91767494566119,36.03370307630828,11.276812609303295,11.1592999007471,3.5844546970615476,3.4701097438352275,0.24712242506462087,0.24278065262403278
2023,1,2,19,11262.666666666666,75361.94465774632,14.07952527524565,33.61538502878298,11.230057713823705,11.087122675525434,3.5149838499319452,3.388530478202772,0.277207393567017,0.2477284667867524
2023,1,2,20,373539.1666666667,162134.54644638018,16.068963763282294,74.94739351084965,11.99618180313195,11.776063772786141,4.3167864475709745,4.097220495684141,0.45135192491788984,0.4516599210937298
2023,1,2,21,995176.3333333334,117537.89571210097,14.446843758677272,50.708424089813306,11.674516077267752,11.311416126939307,3.926092052412441,3.583946970348146,0.7078502951604849,0.6680770596157775
2023,1,2,22,20788.833333333332,73024.76713828143,15.425380612989347,33.08797173871849,11.198553938456355,11.010994969650232,3.4991698247607954,3.3377688559023837,0.33643656373617625,0.3010171965592242
2023,1,2,23,27884.166666666668,67207.25798209984,14.381351424045903,30.727253904510775,11.115536526365057,10.855002812461377,3.4251500101093675,3.187225555917236,0.4882241938209958,0.4472555157241799
2023,1,2,24,15810.5,72349.16484240537,15.20616046298346,34.5221913246573,11.189259188695223,10.984505889628469,3.541602344057283,3.338061019929257,0.3736848737232125,0.37003741257695705
2023,1,2,25,28152.5,72318.49317094655,14.548986176479294,33.37852914268721,11.188835159270269,10.99850240789364,3.507912853233099,3.3357353528109273,0.30810454152847766,0.28462756489030877
2023,1,2,26,2328.6666666666665,48990.90436426448,14.004580589750931,23.767790452878383,10.799389934643179,10.720230940899029,3.1683313217666114,3.0973130333992875,0.16939151251584372,0.149248095028424
2023,1,2,27,1437.6666666666667,86298.39678390064,14.83283097611871,38.97522362886801,11.365566299655631,11.214205344822409,3.662926152678964,3.5280054138712504,0.29316999287742246,0.26507989462189785
2023,1,2,28,67007.0,57481.99274144868,13.850070390655702,25.846792928207822,10.95922700802363,10.810644189645828,3.2521865285849687,3.1133329493902053,0.3271140877629592,0.30535511299967566
2023,1,2,29,215136.83333333334,61647.36868427979,13.516389956469565,28.13970762153904,11.02918582616141,10.848878021318908,3.33718166149506,3.1743024631313506,0.34386018592180906,0.3050191039886333
2023,1,2,30,147705.33333333334,78066.3068360499,14.580157340290127,35.84707928977186,11.265313832193536,11.060549027566829,3.5792620934274937,3.391206933255619,0.38522110233098333,0.3566057574868171
2023,1,2,31,67960.83333333333,84209.35548705244,14.79931332998173,38.05296631870904,11.34106130435566,11.061500903958343,3.6389790397108555,3.3931932015720254,0.46392110591096014,0.4230216418162778
2023,1,2,32,7992.5,37351.77550377436,13.355520800750703,17.970518860570692,10.528135726346097,10.38279310215041,2.888732574088741,2.761183353153827,0.29293214538889273,0.2763318270286329
2023,1,2,33,101180.16666666667,97274.02195933984,14.073031440615008,36.009448166917885,11.485287243413515,11.385119701620503,3.583781353103427,3.4680204379650137,0.22365143109801522,0.25381716340073984
2023,1,2,34,230437.0,93532.55505309453,14.447869338112659,41.614610042713274,11.446064837061396,11.342592660180191,3.7284513085597357,3.624702812003071,0.22234509661846025,0.22452626829648648
2023,1,2,35,60637.0,62679.035430055585,13.70717548691393,28.616708381639828,11.04578230755218,10.820679939451365,3.353990756390323,3.1480564930193116,0.41364861421088617,0.38537224887453336
2023,1,2,36,227065.0,47129.1754429358,13.703958484721703,21.938003146137795,10.760647524388872,10.562137057262907,3.0882204363995522,2.9134920404951083,0.3851890241394124,0.3392860138735262
2023,1,2,37,45208.833333333336,54926.18747115615,14.233715387479585,25.36122276378539,10.913745516885399,10.653673069392019,3.233221344644254,2.968999438366765,0.43388074703210017,0.4544886889340881
2023,1,2,38,144648.66666666666,54116.029020026435,12.971028653334747,24.92199708091458,10.898885705979048,10.727756799938392,3.2157508303918103,3.056913858732958,0.3275473861031197,0.3027913306416973
2023,1,2,39,73953.5,63629.82436538298,14.628394869749235,29.840526352705147,11.06083757597445,10.840083757369559,3.395867414345714,3.1912666276319026,0.4417174927018724,0.40562984687202136
2023,1,2,40,74745.83333333333,87088.03617010346,13.626106248954791,31.793050203361528,11.37467479600211,10.979977364917778,3.4592477188371387,3.0664008056595815,0.7626033934114039,0.7953431808985363
2023,1,2,41,40719.166666666664,54114.31275856867,12.355762028528744,22.532153763400558,10.898853991000978,10.657752713974626,3.1149433452325344,2.877218308564288,0.4769431943271191,0.489057050667316
2023,1,2,42,129382.16666666667,56539.29649581013,12.864127333365108,25.111187536733198,10.942691188577497,10.71061627401444,3.22331346542966,3.0089827568524856,0.4490466679456091,0.42366319414169845
2023,1,2,43,20091.0,68866.15062062068,12.662917060707116,28.911615181892035,11.139920053563271,10.86422812092862,3.364243423782463,3.101529396565824,0.5248078871461638,0.5117274693509642
2023,1,2,44,321970.3333333333,69422.92514431414,12.714070965130327,30.663482253144142,11.14797242543836,11.011055437714061,3.4230724434178423,3.291908756428372,0.30873653172080645,0.30027533100950593
2023,1,2,45,129747.5,71075.70448018762,12.97245547441505,32.772776389305406,11.171500848256047,11.033322960417268,3.4895981826283102,3.354645700989291,0.2693011047031944,0.26053501523384276
2023,1,2,46,165836.16666666666,69279.13684043032,12.817813162991186,31.32159916244116,11.145899084157985,11.004458799151418,3.444307928645491,3.307119269358165,0.3042385095737611,0.29554927344857224
2023,1,2,47,853511.1666666666,72412.15513229753,12.492450499085445,32.597075987620045,11.190129452849744,11.008210313807417,3.4842225907186606,3.3129541731798264,0.3756557629167496,0.3598887515285463
2023,1,2,48,25264.333333333332,84466.63579237444,12.544456612088187,33.09057904381639,11.344111892680571,11.213142355431513,3.4992486208380265,3.3618367373910805,0.33220176253597844,0.3544523450254306
2023,1,2,49,98646.0,82483.47904662018,13.120886807371814,35.99325727061536,11.320353298288905,11.184397475031409,3.5833316228751797,3.449272448327641,0.2847950681423326,0.27995247864799333
2023,1,2,50,51664.166666666664,66871.9892587541,12.742016549187865,29.844485169476055,11.110535462755012,10.98399795130753,3.396000071328623,3.2751069118827796,0.2556495705715467,0.2429991366414903
2023,1,2,51,6388.333333333333,60686.091254928964,12.332115836159668,27.94848703583569,11.013469811663185,10.795325069897231,3.330363067038854,3.116347528284902,0.40333015962197655,0.39120002450147245
2023,1,2,52,2659.8333333333335,59898.86009702169,12.973745222131711,28.67750242606159,11.000412753822662,10.824966060493121,3.3561129277713673,3.1669312448426328,0.33860985083038725,0.3761466870896842
2023,1,2,53,27404.166666666668,58207.37466857671,13.861809335563326,27.693229962161926,10.971767338210677,10.795625478818598,3.3211879776232274,3.1622679949561614,0.295466573914999,0.2741229954488813
2023,1,2,54,26142.5,47349.70242323839,12.659781326703005,22.000372627817974,10.765315813974379,10.615887291451953,3.0910593908429655,2.9476874815660494,0.31028361250562353,0.2918673573341799
2023,1,2,55,45988.833333333336,90354.57066954034,13.218969822384418,40.17553780580023,11.411496883224942,11.26854298584628,3.693258298112701,3.5582286041272764,0.2934909725257306,0.2787985281382679
2023,1,2,56,14173.0,53050.5691518564,12.015498953409063,23.8467621139683,10.879000872577535,10.754274084803846,3.171648447697454,3.0631636650470373,0.2659248979249117,0.24281428334151448
2023,1,2,57,3352.3333333333335,54322.050626666816,12.158993735706472,24.286265116131183,10.902685512379142,10.782017564657162,3.189910968990193,3.0702348467967013,0.2922437002128389,0.28751066810355086
2023,1,2,58,43120.666666666664,55203.86136092667,12.296037476229497,24.642607140897084,10.918788182009347,10.79275062652608,3.2044769423575654,3.088195583886049,0.2748898300100502,0.2595135457845318
2023,1,2,59,13643.5,55891.29465968055,13.341102600750053,26.31064837565296,10.931163916419868,10.813131042576757,3.269973738444976,3.156387576303467,0.21357315409847286,0.20186354752379265
2023,1,2,60,6874.166666666667,42832.53485940537,12.407661534731481,19.802200447939992,10.665053253060888,10.553612914739869,2.9857930652599367,2.8717361652445397,0.2303812263426023,0.26206830314402546
2023,1,2,61,182236.33333333334,65069.03201181862,12.733393816454457,28.879612336614713,11.083204016272934,10.916607939240734,3.36313589068712,3.210769558144032,0.3283621396227992,0.30296867307576253
2023,1,2,62,137639.33333333334,58385.324361318366,12.475166982306414,26.23551968669768,10.974819842053488,10.847877535726145,3.26711420585034,3.1482353696390972,0.2605479201398878,0.24832013614016737
2023,1,2,63,66232.5,70270.90497909534,13.364244643239095,30.811757900092655,11.160113122701512,11.027436849334805,3.4278963671345437,3.307579466635025,0.2987824376572114,0.2705272571490398
2023,1,2,64,444586.5,64181.151351391156,12.662393032626946,26.73135712546642,11.069464853913832,10.900755093885923,3.28583730048438,3.133713719417333,0.3434905823312228,0.31292956302418745
2023,1,2,65,106217.16666666667,81139.77884205677,12.444714680458116,33.873409845708615,11.303928611122718,11.161307516463332,3.5226303362739633,3.3823897545686914,0.29522922601206353,0.28419831001004653
2023,1,2,66,208277.0,51057.6502878202,12.86158657300934,23.473571790450368,10.840710671088331,10.671754811027263,3.1558751836460948,3.000755635038079,0.33469564615530334,0.305913277054071
2023,2,2,0,3284555.6666666665,,15.932926188798547,,,,,,,
2023,2,2,1,1472775.6666666667,105879.0907257886,16.101744393296375,47.55673366859254,11.57005306852355,11.350511966457212,3.861923391343705,3.655626625767096,0.4430452594358849,0.42310685104767815
2023,2,2,2,737566.1666666666,94062.48699765399,15.93996425631418,43.249145194216176,11.451714595694401,11.234832358415906,3.766977468886992,3.5710297317894475,0.4037116374868436,0.3732193449535572
2023,2,2,3,13039.666666666666,111518.13352824384,17.833533577034178,52.24424119626074,11.621942489199377,11.490023183804539,3.955929668431146,3.8341700565316,0.24471587454866747,0.22949598620833925
2023,2,2,4,51926.5,124249.66503402985,17.114594667462665,57.90265262387204,11.73004824805206,11.623312949866358,4.058763197413326,3.955314950205657,0.22771069807639854,0.22711284432772752
2023,2,2,5,160992.0,93263.41563326045,15.986024150268337,43.793761094396814,11.443183194538951,11.283963387687193,3.779491366469555,3.6290236732996943,0.3169155504687222,0.3022499788533872
2023,2,2,6,68094.83333333333,104005.49659437849,18.231672006442,48.75420947542383,11.552199028595924,11.424311640745804,3.886791541929886,3.763871124380429,0.2578531688643002,0.2466620413076248
2023,2,2,7,106644.16666666667,249164.9819658936,19.776227798051153,108.569388095709,12.425870534215116,12.162129950387714,4.687389490193145,4.432601073565307,0.611053643126139,0.5934020809184452
2023,2,2,8,586718.8333333334,94268.02643405485,17.395695780460432,46.53071408157353,11.453897348921817,11.343650656387245,3.8401126124306852,3.7307564998824003,0.24368486678980925,0.24246992233994472
2023,2,2,9,185491.5,87009.53572354552,19.269783251523656,43.120717930673386,11.373772997648185,11.249701869764099,3.7640035760603157,3.6474100346500404,0.2573797232302147,0.24447907604174807
2023,2,2,10,95833.33333333333,84850.24946227191,19.342695652173916,38.73177491118789,11.348643210696611,11.243659009697039,3.656660320289351,3.5558580084646247,0.22155479654774946,0.21346978566622712
2023,2,2,11,1125893.6666666667,60136.40216662929,17.689272314348216,28.473286130817513,11.004370630453495,10.877045233890696,3.3489663189640724,3.2226227793454827,0.29325149417685176,0.28272940573530353
2023,2,2,12,40961.5,62686.660491318915,18.48007682010343,30.690508983795898,11.04590395265161,10.954736285398985,3.4239534531730356,3.336516715339648,0.20235699284975764,0.19185344410151545
2023,2,2,13,93387.33333333333,113514.41854936442,18.374451210371145,52.958557506546484,11.639685143512466,11.453989023517291,3.969509673843655,3.794380909811123,0.3771880333471694,0.3565085307570586
2023,2,2,14,144334.83333333334,62208.28198310251,17.889005772457327,30.192812954503722,11.03824342071722,10.91222192885101,3.4076039144197505,3.2834326430285077,0.2827564261977029,0.2823329379511803
2023,2,2,15,101945.83333333333,196058.72131782954,19.07905668860097,83.91159267942967,12.186169491902323,11.919781514446976,4.429763776507824,4.196991915010929,0.52472464166905,0.4693805997848225
2023,2,2,16,209892.0,85015.60453340974,17.3645144487006,40.04905345229549,11.3505901013692,11.055942749396097,3.690105039085152,3.406759333348868,0.6243036984170365,0.6035196820777939
2023,2,2,17,238717.66666666666,70659.46217012421,15.095943185324925,34.15897719921117,11.165627309365972,10.993186609649642,3.5310254269970316,3.370967567957855,0.29968407362508037,0.29141303155496606
2023,2,2,18,28866.0,71141.7499199557,15.087392318529297,33.60227524281877,11.17242964345625,11.04407112573589,3.514593780236646,3.3898150765558066,0.25479636202051353,0.2452899757421005
2023,2,2,19,4264.0,60662.979960816076,14.404393370856786,28.758612308486512,11.013088905667601,10.898175980229563,3.3589372809407063,3.2372766097981875,0.2898322008892406,0.3066584396957024
2023,2,2,20,118166.0,91230.3181102443,15.689580759270855,43.36630783558138,11.421142556237358,11.219142781773545,3.769682822463651,3.578099859074981,0.40652964801496627,0.3888889502924257
2023,2,2,21,708065.1666666666,79775.2156361499,14.91771543626752,36.67497598112768,11.286968154197005,10.947514702185293,3.60209466911752,3.2872214723390254,0.6614737254260813,0.6118431945655717
2023,2,2,22,269342.8333333333,51449.19214077124,14.85923825706643,25.00204936661123,10.848350039307459,10.714679660498389,3.218957796172911,3.0919259169415176,0.2672319495624733,0.25514297773507627
2023,2,2,23,130492.83333333333,42477.01308395619,14.26025184013937,20.909949102159896,10.656718339977521,10.508596249914058,3.040225079298885,2.9017433620614868,0.2587028154412834,0.24475402510950167
2023,2,2,24,44697.5,54900.628034849615,15.318679269906966,26.341825138891522,10.913280067046937,10.74652453679011,3.2711579854442583,3.1157420945570884,0.3243469393640294,0.3041886944312499
2023,2,2,25,179215.33333333334,52147.0526508813,14.164193539987275,25.121996510459883,10.861822942070162,10.74635457625496,3.223743817361297,3.114189976740338,0.21397780906284736,0.20546743323314923
2023,2,2,26,1702.8333333333333,47890.370381565765,13.48066947244788,23.165589197917654,10.776669727313132,10.725362058394794,3.142667953378636,3.0878284414140222,0.1011253007547663,0.1146122549492918
2023,2,2,27,3308.8333333333335,58054.17676479452,14.354807837606407,27.440739701987717,10.969131935696929,10.74029730044238,3.3120287595638724,3.1134195585312576,0.4295961044874037,0.37084422126195843
2023,2,2,28,39015.5,50069.13185263232,14.201432763901526,23.04758411892389,10.821159966500463,10.675803554663938,3.137560953490824,3.004750192472745,0.36218950563184044,0.3259501329481414
2023,2,2,29,123485.83333333333,53052.36078041174,13.82973485487539,24.87651946742702,10.879034644096507,10.690748803918906,3.213924365296767,3.0456399248370714,0.34277487680539626,0.3039577533905457
2023,2,2,30,273845.8333333333,56950.340929271406,14.343000775984056,27.15042081105024,10.949934955323984,10.786895201111609,3.301392545746025,3.1511502842611874,0.30788044938905224,0.2868628244132151
2023,2,2,31,217609.16666666666,51741.8724470042,14.786916911435256,24.937636935023423,10.854022644629149,10.703470834739596,3.216378185763765,3.0780396274031836,0.2873232708300399,0.26708666796380626
2023,2,2,32,50589.666666666664,31666.498228014778,13.871291238658753,16.19440249433164,10.363014562785098,10.18869292605891,2.7846656574895507,2.622335647660223,0.31285631676316317,0.2949092390840363
2023,2,2,33,5489.0,88663.63539679881,14.698427157344994,35.69052124026757,11.392605111257181,11.282901270817273,3.574885142054082,3.4707134476881385,0.22742704654638102,0.21532583784862538
2023,2,2,34,45941.166666666664,78650.42614289274,15.157647280761264,35.95555940134151,11.272768326690343,11.161781522427093,3.5822837148075477,3.471682683810848,0.23865860847822468,0.24466492166345435
2023,2,2,35,20728.166666666668,55059.89257213268,14.075083019080317,25.78737930560313,10.916176827589222,10.672145607761413,3.2498851980414103,3.0215852614435037,0.5067980123999467,0.4690701942740322
2023,2,2,36,253460.66666666666,35247.07818371416,14.56707549626372,17.767860968210588,10.47013791639971,10.280443041319256,2.8773912617196946,2.705395738162337,0.36726062728243447,0.34082548356956427
2023,2,2,37,307529.0,41714.03811036592,13.982782111605735,20.337798803251186,10.638592996467082,10.502025212453537,3.012481164668385,2.8827823596221394,0.2691800550539154,0.2621299266006914
2023,2,2,38,61003.833333333336,37530.786374632924,13.639722093966773,18.372429698555152,10.53291684513718,10.354860191612616,2.9108511549639915,2.740832819681191,0.356907288946735,0.34571370413243674
2023,2,2,39,261904.33333333334,49391.53318030405,15.233239108936724,24.50810109198586,10.807534295375282,10.583582283332989,3.1990037197115133,2.9805603918538965,0.45289033338999585,0.448643405695651
2023,2,2,40,12531.0,61535.314431771905,15.380602771792622,25.324859995765735,11.027366507397103,10.619129172856825,3.231786521818014,2.8309042973580962,0.8570369985972335,0.8686003940533741
2023,2,2,41,15878.333333333334,44347.92294415523,14.04332948462265,19.706972553557144,10.699821153363793,10.403256021198294,2.9809725098519033,2.720052693383036,0.5497276792647603,0.5239437762476136
2023,2,2,42,37246.666666666664,45678.44745870245,14.33383747986397,21.705902405140762,10.729381856420927,10.478951929656535,3.0775842237979574,2.8490457426727627,0.45227868043305725,0.41428328655563046
2023,2,2,43,1611.8333333333333,53793.822608422306,14.49343397787199,25.737198562182105,10.892913918152603,10.800578615521001,3.2479373602768558,3.1571234105110464,0.22647109761038428,0.23245249062709364
2023,2,2,44,10344.5,60803.78890755511,13.245106095026342,26.972353084594392,11.015407383571072,10.860955379457147,3.294812381569478,3.156125354277528,0.32906983478322854,0.3012917195862661
2023,2,2,45,4297.5,57386.09731056728,14.631762652705062,27.796839756805653,10.957557345837799,10.856892793514472,3.324922336422033,3.2150356719056186,0.18450415785884275,0.20159931498935793
2023,2,2,46,8846.5,55353.99891577847,14.471146781212909,26.765498593335593,10.921504183327912,10.754074037181757,3.287113692229115,3.119894886625843,0.37177648872451907,0.3714770841196272
2023,2,2,47,28849.166666666668,54553.416708865596,13.582310292036164,25.66978052792721,10.906935623742761,10.66300619459144,3.245314445096878,3.0058241143442377,0.5062221811828701,0.49980053237829386
2023,2,2,48,1049.8333333333333,72703.79514701501,12.423241784410225,34.91851024578587,11.194148865006614,11.075104797771804,3.55301706814228,3.43763665967287,0.2929694738016101,0.31758785811288925
2023,2,2,49,24203.333333333332,67261.86989239127,13.323633108387275,30.19960166221563,11.11634878586517,10.964037093214374,3.4078287343009754,3.2650217581954926,0.2999694745361788,0.27250258032948554
2023,2,2,50,2989.8333333333335,64354.51069884601,13.426723897653156,27.61767803390316,11.072162306897804,10.826012671558056,3.318456076159851,3.10140233224899,0.36710733643249743,0.32318163111744797
2023,2,2,51,629.5,52769.034532190155,13.430235636748744,29.375600282022695,10.873679830461834,10.6252744724738,3.380164407388216,3.0377398502110164,0.4558758811177737,0.5726585722397685
2023,2,2,52,3770.6666666666665,48017.3082816481,15.060643564356436,21.907278194346212,10.779316814094368,10.503848252263877,3.086818919251913,2.86267569045046,0.5364855805747982,0.47994475131031816
2023,2,2,53,101232.33333333333,49337.519243816736,14.291533996055279,24.48518910172872,10.80644011001545,10.68829223934433,3.1980684082908333,3.0834734389784724,0.22128205420538236,0.2178439325098377
2023,2,2,54,19947.166666666668,34078.7847291928,13.81268851883726,16.499794095650305,10.436430320952772,10.307679167590718,2.8033479017771743,2.688212891723673,0.2951442787572663,0.2670228130588058
2023,2,2,55,2272.8333333333335,97005.27795314268,15.050964288333212,44.51601239016185,11.482520667893315,11.273629802170419,3.7958489534416695,3.6031417644326877,0.4699550388663583,0.44603385417153457
2023,2,2,56,3442.6666666666665,46145.57718603969,11.524206041828041,22.316622809259897,10.739556399716363,10.66387302077423,3.1053318182360683,3.0282032510125854,0.14280801400523427,0.14414598196881756
2023,2,2,57,871.3333333333334,40976.21337843215,12.957918898240244,18.142790400386694,10.620747015825986,10.501995918414266,2.898273258677668,2.7863871483852414,0.270659060876889,0.2550114534237129
2023,2,2,58,8601.833333333334,41944.330050709155,12.67923504679235,19.55447862765828,10.644098543063416,10.559672939341915,2.9732043460089495,2.888471494311475,0.1673608712730502,0.1675574752449854
2023,2,2,59,3809.0,41924.294458568475,13.963945042443335,19.734906494608136,10.643620757893121,10.50974737335343,2.982388971054847,2.8686655893001523,0.28933867077054437,0.25528296731816047
2023,2,2,60,10461.666666666666,36749.656539142175,13.118591683925445,18.283185219632816,10.511884158723628,10.31068481212825,2.9059817969974984,2.71876523674894,0.3985627167772524,0.38169331165552006
2023,2,2,61,50105.333333333336,48730.78631192305,13.083637137763112,22.801524160010036,10.794066271802647,10.5978154006432,3.1268273828493394,2.9439174373913586,0.3626082420202347,0.3280340230232761
2023,2,2,62,32185.333333333332,45358.169862726,12.76021169062513,20.99724261623882,10.722345590646007,10.565269671091169,3.044391125113672,2.9014883879727913,0.29753478292937185,0.2720760987566753
2023,2,2,63,32052.166666666668,51071.64941574508,13.501718552567947,23.824225433510424,10.840984816275915,10.690086983010985,3.17070293835115,3.0277459854853364,0.3145152452095423,0.2899143171968303
2023,2,2,64,64643.166666666664,43205.25119968637,14.076218419580313,20.095315882924734,10.67371732239322,10.505178985133998,3.0004867472563275,2.849101600143607,0.3569966026294019,0.31519868423119307
2023,2,2,65,3251.6666666666665,81231.67162432622,14.116145566376218,36.77212589925038,11.305060494736693,10.99674560431375,3.6047401097759795,3.3104403671786176,0.49537823151909866,0.46002386742869994
2023,2,2,66,60057.166666666664,37697.63541939014,13.596484460638893,18.492432557060173,10.537352650497976,10.406119478858331,2.9173615974303893,2.796910248999422,0.28166150625217157,0.26091735072058814
2023,3,2,0,629416.8333333334,,12.690943812804498,,,,,,,
2023,3,2,1,193987.66666666666,104347.25276245529,15.449114462603292,45.51295903290825,11.555479585014126,11.337976297296567,3.817997099315194,3.6154591089219834,0.42760034984890416,0.41377351502387666
2023,3,2,2,95969.5,95281.28677986511,15.651302410314388,43.748460444308115,11.464588709184262,11.242204164124717,3.7784564223400605,3.5653090566123637,0.42597683196787695,0.4183645673131645
2023,3,2,3,1699.3333333333333,122932.78373152897,16.131031777167518,56.900648445928276,11.71939301125596,11.531388623479412,4.041306737305104,3.8150833000966373,0.35688452813720656,0.4317324797764873
2023,3,2,4,34025.666666666664,106823.11399642407,15.999333836221677,49.890500183354156,11.578929605279603,11.44859284785499,3.909830607546364,3.770373460759559,0.2942789048266434,0.3104309625029118
2023,3,2,5,73955.33333333333,95755.22375822172,15.455639890744864,45.12853097832974,11.469550461776393,11.303620472471485,3.809514662419017,3.641899196461566,0.34649546149444177,0.3508210885687176
2023,3,2,6,5859.5,109030.33315697908,18.063998634695793,49.85739237971076,11.599381408340802,11.377069232319325,3.9091667778852357,3.705097812927176,0.48139648534120405,0.47904279612221584
2023,3,2,7,9374.5,281538.0355485507,19.228012160648568,112.37422338998181,12.54802283483595,12.20640317686208,4.721834581888988,4.382198045244433,0.846822964157487,0.8579893746833519
2023,3,2,8,19922.166666666668,108085.0311442218,16.546008215304557,51.05613102637565,11.590673521737754,11.430032372325206,3.932925635859288,3.773432337686532,0.3413553671967981,0.34693725387116386
2023,3,2,9,7900.0,97379.96291508622,16.64974683544304,44.94972935062143,11.48637574890982,11.309151091656371,3.805544739778733,3.6481578361425395,0.2789699245934948,0.27400922823497253
2023,3,2,10,9845.333333333334,86360.31149757173,18.52718716143012,39.30691853888597,11.3662834915881,11.215854148213582,3.671400547627708,3.520647710229759,0.26662094699583244,0.2528014721495864
2023,3,2,11,56646.333333333336,62026.40721818212,16.60015064228929,29.072886407440944,11.035315496221735,10.885957348072465,3.369806001263333,3.2235139154764014,0.32754299572812523,0.3277533247774217
2023,3,2,12,2228.0,70031.62718530472,17.117893476959903,33.520589091762155,11.156702235925884,11.10592864369837,3.5121598497960353,3.461435195217559,0.1000978979278422,0.09774229465789086
2023,3,2,13,5311.833333333333,127766.03641336353,16.667503372972295,57.189872379183214,11.757956029842273,11.54267079176607,4.046376826401448,3.84495868028161,0.4107992292612507,0.4208693291402837
2023,3,2,14,19094.333333333332,63571.92986198504,16.29726096747726,28.89149527683804,11.059927297531402,10.85985026101054,3.3635472707309444,3.1668970487844885,0.36011486379643814,0.37808066212697283
2023,3,2,15,9840.166666666666,188830.0162763529,18.722819735438087,79.81995542310756,12.14860250457142,11.874803698532121,4.379773541152724,4.109916350457116,0.562423646871673,0.5794867815215354
2023,3,2,16,31747.166666666668,81957.51716388235,15.584697847051967,34.71000022901771,11.313956308627542,11.02333382980506,3.5470278364717274,3.291697357594648,0.5851827977689439,0.548934121212102
2023,3,2,17,18999.333333333332,103625.78530259684,14.607372188497841,45.29990675259388,11.548541470721034,11.180632747673288,3.8133049740452334,3.4823355489588037,0.6328764577511143,0.5853851231527022
2023,3,2,18,14346.833333333334,68688.20156325225,13.87655812548646,31.90080797772056,11.137332724935524,11.04138219118907,3.462631337925229,3.3625631616992404,0.2100180857077143,0.21412472772646832
2023,3,2,19,1183.6666666666667,71772.0581325658,12.538721486905096,33.380597156452936,11.181250516793854,11.072695185924234,3.507974807721752,3.4105032777914133,0.20712200169332173,0.17474709087594684
2023,3,2,20,35693.166666666664,125248.59950178165,16.04410741551838,58.26559514603422,11.738055837262095,11.516484520278045,4.0650117844420235,3.842166950944533,0.4926041526322679,0.5027325061402269
2023,3,2,21,111455.83333333333,74396.65519154703,14.040285015738672,33.5440608651318,11.21716626270772,10.920894761444782,3.512859824353215,3.233026641062586,0.5496947660433568,0.527942340840733
2023,3,2,22,3477.1666666666665,99660.63260781294,13.904424100081485,47.00240704608565,11.509526019475423,11.101767894393493,3.8501988141451826,3.412674743400329,0.6245319591810364,0.6532670602711789
2023,3,2,23,9091.5,51642.67866826745,13.60380575262608,24.232305713022154,10.852103715580176,10.683255185317812,3.1876866897324354,3.011629945602702,0.3233915415945429,0.3312386803053
2023,3,2,24,3378.6666666666665,52256.670143521966,14.380228887134965,25.51972095658045,10.86392281992866,10.799170275282924,3.239451524113535,3.1704182355267227,0.119550828866832,0.1267836875407209
2023,3,2,25,6019.0,59548.65762558635,14.691421609348176,28.749824407871216,10.994549032557691,10.881206329333116,3.358631659672403,3.2514321389877767,0.22186717036481404,0.20411629584194146
2023,3,2,26,962.5,47518.687978981055,14.172121212121212,21.404067699304562,10.76887834378544,10.61215637800368,3.0635809833717595,2.9074333200681868,0.3397475875355973,0.3356968410156729
2023,3,2,27,378.3333333333333,48711.81655452272,12.644933920704846,23.878341448295455,10.793676919361683,10.709621289505662,3.1729718325234217,3.088916202667401,0.1725033412159729,0.17250334121593675
2023,3,2,28,27688.5,53717.87928217299,13.111496349266544,24.004122248911248,10.891501172608727,10.754560223020592,3.178225575970124,3.04564966896038,0.32669306509856855,0.3128328091309042
2023,3,2,29,57634.333333333336,48726.558787258844,13.243257780373966,23.030563370164465,10.793979515393215,10.599109628848996,3.1368221759808295,2.9465132951909996,0.37574438218981343,0.3608202704321051
2023,3,2,30,37527.166666666664,57021.114616945175,14.350554931316424,27.08470610548154,10.951176910099969,10.78351652041852,3.298969218228822,3.1447089909301407,0.34977371925143147,0.31258052336064535
2023,3,2,31,16742.666666666668,58480.70643871705,14.092119933105039,27.380360595309934,10.976452174356119,10.761794868826902,3.3098259897995077,3.123515963655731,0.4050176157499618,0.3822501822724196
2023,3,2,32,7685.333333333333,37500.71800064186,11.972718598195698,18.577195461079622,10.53211535845899,10.444465500768302,2.9219347780247777,2.8281453259747624,0.17857611927764455,0.18783272476084126
2023,3,2,33,9140.333333333334,88475.09609517804,13.918055504904999,35.3825228533379,11.39047639134111,11.292726842849218,3.566217993519463,3.423124312415187,0.1960449795939151,0.2875364898806086
2023,3,2,34,41195.5,78341.59809980523,14.510889134331016,34.24266880164344,11.268834006549733,11.115403046629696,3.533472492209299,3.3839915599612693,0.3940940879044753,0.3878097196598553
2023,3,2,35,43285.166666666664,52821.57528825091,13.249227025424414,24.233783193058844,10.874675009114299,10.71877350376888,3.1877476593741165,3.0410024478869997,0.31059163972004483,0.2972540504285174
2023,3,2,36,70482.33333333333,36266.95427792276,13.063632967126516,17.27104603733923,10.498662255161852,10.331796878516633,2.849031459944428,2.6931970626689736,0.34704185151637607,0.32397057303366394
2023,3,2,37,37427.0,53875.76086441982,13.87276565046624,24.858168569998863,10.894435950079778,10.624562897528218,3.2131864136181667,2.9384706164390035,0.47005337106485706,0.4850751161239775
2023,3,2,38,44490.166666666664,41390.70103893357,12.705706504433564,19.740829976287305,10.630811521998075,10.465559389494613,2.982689078526078,2.816120727001154,0.32697345854112014,0.3197452914430804
2023,3,2,39,31959.0,53791.85406587497,13.772343732073384,24.778586793123154,10.892877323271048,10.662677275492937,3.2099798444344074,2.991902556493508,0.4635533120730788,0.4652737211289907
2023,3,2,40,1585.0,43220.17510984982,12.30998948475289,17.7055167142638,10.674062681645678,10.536250824785423,2.8738762697900113,2.801338729743036,0.26893394458753694,0.1417653528889536
2023,3,2,41,2807.6666666666665,41175.45136629481,12.454351181289327,19.22073416337614,10.625597517130137,10.40146212247107,2.9559896006990014,2.7051195553284564,0.5105811405597422,0.5789737151543566
2023,3,2,42,19233.333333333332,42526.308647397374,12.989584055459273,19.419952053138086,10.657878190391914,10.423273687377364,2.966300993917705,2.752524928527729,0.4734559696856638,0.4405453464026995
2023,3,2,43,1755.6666666666667,61748.75848294512,11.765900892348585,27.021608827036882,11.030829148748754,10.966521641646128,3.296636872840799,3.234693322729875,0.12326183758683368,0.11531997737252617
2023,3,2,44,38113.5,60349.34858322115,13.008076753206431,27.235625161362908,11.007905432486,10.875233484637608,3.304525864908997,3.1739977060893896,0.26742741659149283,0.27207247521469863
2023,3,2,45,19507.0,61522.60667014424,13.224791100630544,28.431043292179925,11.02715997438307,10.915620780831112,3.3474816218654273,3.229521724569374,0.23209185620760578,0.24555458347571854
2023,3,2,46,22298.5,62369.59398596585,12.72102009851186,28.48321131057287,11.040833159734122,10.854813496915227,3.3493148368786803,3.168819091494075,0.3590009042277793,0.3436691780398678
2023,3,2,47,82632.5,59337.44865015028,12.663451628193103,26.935644681467448,10.990995897473065,10.804957889402326,3.2934504905580564,3.1194741090302096,0.40546379514932535,0.3771231329075549
2023,3,2,48,2350.0,82777.62343436162,12.07758865248227,25.68333400035093,11.323913055472403,11.188517790411233,3.245842299068849,3.1290638331913185,0.2731994150513242,0.23152735188390736
2023,3,2,49,18823.333333333332,64528.876828644796,12.915477244554632,28.95648713976842,11.074868105364567,10.946962523512013,3.365794259737663,3.242271089644169,0.3084430852421309,0.3108344762866258
2023,3,2,50,3114.1666666666665,50136.1628047095,12.818410489697618,23.054137200764316,10.822497839160878,10.667596221479178,3.1378452414391687,2.9738720848302953,0.32727182158206,0.3314190870069683
2023,3,2,51,171.66666666666666,78810.31424541303,12.190291262135922,38.6325069830456,11.274799158719684,11.13139857577585,3.654094071881423,3.510693488937589,0.3104026351619139,0.31040263516189864
2023,3,2,52,380.3333333333333,37371.22651855701,12.141980718667837,18.41727581252372,10.528656342881716,10.451773598386273,2.913289126975904,2.843715396212326,0.19275243046569004,0.17269387100869035
2023,3,2,53,8234.0,58168.3240135614,13.549672091328638,27.80788401804086,10.971096224620412,10.777786212923916,3.325319578261599,3.1307367384424847,0.4203512512781287,0.4132029263918269
2023,3,2,54,7672.333333333333,44072.65280396142,12.251640092105836,20.981370057268087,10.69359475125835,10.590857010768886,3.04363490385164,2.9399672084011264,0.21340937842616692,0.2117338433311836
2023,3,2,55,4808.0,70169.39742752534,13.076192457016084,31.55204030948667,11.158667560886181,10.907629142392082,3.4516382559766687,3.2136466594823765,0.6120550997133216,0.6172581908992358
2023,3,2,56,2033.6666666666667,53394.057469201485,12.228978855925257,24.76189252125021,10.885454735407547,10.861819565829215,3.2093058795178018,3.1759801810387036,0.04868779844353566,0.07033503160645946
2023,3,2,57,920.6666666666667,103865.42536900101,12.664735698769007,50.512295174769385,11.550851353363095,11.326459482655444,3.9222167754549084,3.692487308693118,0.4269749233605131,0.4352990280254426
2023,3,2,58,10813.833333333334,55151.7915067227,12.583388560948167,25.571158100637273,10.917844508410125,10.777683046170655,3.2414650796594535,3.099684756444918,0.2792659399223202,0.27749868463724436
2023,3,2,59,510.3333333333333,43448.812944042314,12.860222077073809,21.00374286504838,10.679338810275283,10.53635279638319,3.0447006535110166,2.932431226332918,0.3173715933145813,0.23250758854449471
2023,3,2,60,3428.0,40961.370078153675,12.108809801633605,20.216334381467014,10.620384708327652,10.468209836546816,3.0064909103857365,2.8391636047756137,0.2760815307457942,0.30036913428187656
2023,3,2,61,60273.333333333336,51633.21313180563,12.45618294436456,23.504137773434397,10.851920409751035,10.709010635478508,3.1571764811159415,3.022365790831916,0.30514380528018964,0.2866462023837442
2023,3,2,62,35871.166666666664,48478.28402621889,12.538361822633778,22.275601585581725,10.788871224617976,10.668391997602107,3.103491980201241,2.988546327329285,0.28358169290864116,0.2671269265163912
2023,3,2,63,14780.0,60347.42534194943,13.593008570139828,27.954077215547702,11.007873563510396,10.84143414048714,3.3305630642949913,3.1517830238186444,0.3542905941127249,0.35668136072259826
2023,3,2,64,233531.5,57654.80069501297,12.7804100660225,24.728993671337367,10.962228795344034,10.791366333371453,3.2079763880784817,3.054127431414423,0.35330960615301915,0.3238215016887281
2023,3,2,65,14724.833333333334,68127.79658084942,12.453247914520821,29.258660695494996,11.129140581851052,10.960352118826748,3.3761756220049097,3.23493494328976,0.27950373522630734,0.2502865816158242
2023,3,2,66,89853.83333333333,48406.01934450144,12.890872769293834,22.766092198402646,10.787379451593766,10.593413824667554,3.1252722447236323,2.929197856038605,0.34455639685891876,0.34499779081840215
2023,4,2,0,640156.6666666666,,14.371455424974096,,,,,,,
2023,4,2,1,244803.83333333334,87543.43224330679,15.829447115139128,40.45426863492825,11.379890317690549,11.184448143084555,3.7001721666123473,3.5091424681801238,0.40212406321604877,0.39440785098372916
2023,4,2,2,159596.16666666666,75568.73729193992,15.86811504453428,35.50540147940562,11.232797948756996,11.075908994687412,3.5696848392565252,3.4197070466649104,0.32234940789935373,0.31360940005866683
2023,4,2,3,373.3333333333333,101150.67520500644,17.951785714285716,46.97507063206781,11.524366517857906,11.482502502352817,3.8496170489081445,3.808484507145029,0.09474205182258146,0.09003118980975597
2023,4,2,4,5762.166666666667,107261.018394937,16.566453590952477,50.50670235840126,11.583020567130449,11.48929724707556,3.9221060474431404,3.8379422159389307,0.2101325184434408,0.19124828073370131
2023,4,2,5,44042.5,79549.06492317865,15.83064842670905,37.914031301820785,11.284129279117069,11.161786216429505,3.6353212626196227,3.5096098528087674,0.28186723415264603,0.29041375766239674
2023,4,2,6,8303.666666666666,96881.15513019763,18.265826341776727,44.45214416581827,11.481240301465116,11.394476783425402,3.7944131984977116,3.7017939279477745,0.18446809210844797,0.19727045425953935
2023,4,2,7,12818.333333333334,221898.29526669017,19.295202184371345,95.48576257431696,12.309974426451744,11.992896778693412,4.5589771533812655,4.222808751902424,0.788388769474694,0.8482265186667326
2023,4,2,8,125381.0,86549.3125268131,16.469637877083983,42.06513122362754,11.368469617497281,11.21257485393253,3.739219160542129,3.58432935152516,0.37150887991798603,0.37080647847026255
2023,4,2,9,22898.666666666668,78038.12619567206,17.76819611039944,37.81972435530847,11.264952783629614,11.06910847054529,3.6328307748724047,3.4353266699935943,0.48099823735898867,0.47897946608119973
2023,4,2,10,14711.833333333334,83500.2846685812,19.066647030168458,38.94389968655485,11.3326053200377,11.203928504831106,3.6621221409635405,3.5317904222371372,0.276614394189443,0.2819072150124452
2023,4,2,11,174320.16666666666,55077.47750323153,16.586285197447992,26.53206911788128,10.916496154830035,10.76945378781848,3.278354156736099,3.1254064708632856,0.33147698108242774,0.3394366535774988
2023,4,2,12,2928.3333333333335,67131.80423321133,17.834149117814455,32.62616659637162,11.114413193276695,11.05051180307168,3.485114622746756,3.4148970388460924,0.13882783818182468,0.16670369144411384
2023,4,2,13,10158.0,103839.60088507045,17.966331955109272,49.64727526960768,11.550602688373813,11.395277227041577,3.904943510226127,3.757277749199128,0.3222051213526336,0.31923898072259627
2023,4,2,14,40304.166666666664,59279.3256452349,16.493398118474104,28.459468176455793,10.990015884150118,10.890061766770675,3.348480905784922,3.2451163589163428,0.22514735547459339,0.233163312515327
2023,4,2,15,15236.333333333334,148484.48621437087,18.257389135618805,65.64158383691681,11.908235761830632,11.67762245209329,4.184209395073334,3.9659344679299657,0.4434105649884939,0.4257906251321625
2023,4,2,16,20028.333333333332,78692.66846357855,17.03614878921528,35.7811501409973,11.273305272042872,11.014368897622804,3.57742122236543,3.3326786927831638,0.5923673674213472,0.5704943021737988
2023,4,2,17,68353.0,63383.75024152859,14.06575180801623,30.2279496929438,11.056962802234825,10.857304383373334,3.408766982903542,3.215869308392727,0.37571578133037414,0.3722967266961276
2023,4,2,18,6088.666666666667,57873.700737518324,14.994689587211212,27.4073715314801,10.966018341676815,10.686243647942966,3.3108120112064925,3.0295502783607624,0.7363113655998498,0.7265917029871115
2023,4,2,19,1932.6666666666667,60227.12621892913,13.843394273887547,27.705170993529087,11.005878131449819,10.940425271670305,3.3216190742377902,3.2630627515351462,0.1390565043038805,0.11997915548091184
2023,4,2,20,17298.166666666668,84153.84858294151,15.567083216911232,40.7570542432061,11.340401933367461,11.181277944824407,3.7076289349677456,3.5504155075121164,0.3829282925283307,0.3773719171790387
2023,4,2,21,142044.0,52724.93186105186,14.18131705668666,24.665321726999053,10.87284371300004,10.58595954196319,3.2053982784684214,2.9461492898855735,0.5414444240329621,0.48614525026343947
2023,4,2,22,44329.333333333336,51060.33407691149,14.432602941618791,24.60019614122202,10.8407632336043,10.717886087428159,3.2027544161269383,3.0826084153756708,0.26635569543607635,0.26459918481156525
2023,4,2,23,33216.166666666664,38830.04473674592,13.91778100021576,18.872694489590643,10.566949574843152,10.424094101151438,2.937716141427775,2.8056404565585913,0.32214310937303575,0.31345872089262494
2023,4,2,24,11796.5,54778.600461824666,14.824142754206756,25.725200503921457,10.911054894148695,10.702290268050179,3.2474710758169096,3.060457260224616,0.46430674114999604,0.4283664187537881
2023,4,2,25,33495.0,51017.06412845454,13.942250087077674,24.557405975408503,10.83991544649747,10.73354789996328,3.201013477806977,3.0981828137484593,0.22087406899628104,0.2134599903919549
2023,4,2,26,2972.0,47890.91959413856,12.95816509645581,22.027012874297924,10.776681195368594,10.632332733402471,3.092269558079896,2.9591670323916484,0.43056941349223354,0.3733248896235352
2023,4,2,27,1052.0,57738.026114164335,13.984790874524714,28.38138044749362,10.963671266871657,10.787647532181778,3.345733312109668,3.1746097273496865,0.3159578456118027,0.3029682707059226
2023,4,2,28,22465.166666666668,45306.98586891688,13.78876927984806,21.433166984179923,10.721216513023329,10.600227914118122,3.064939581309572,2.938044230278824,0.2865040395829077,0.308630512174357
2023,4,2,29,39630.0,45240.994839040584,13.544234166035832,21.407332056292034,10.71975892024116,10.528613529268764,3.063733482800063,2.8914421876441594,0.3939306800816447,0.36271510932592776
2023,4,2,30,117659.16666666667,44988.60701571536,14.107077646592204,21.69970173390192,10.714164559269094,10.593750899552818,3.0772985154704724,2.962952943388149,0.2688472450355647,0.25836975486504055
2023,4,2,31,53271.666666666664,47065.348588996385,14.589663047899133,22.941278116332022,10.759292310497957,10.620390227260422,3.1329378257695693,2.9961276459861144,0.27349170969837977,0.26830806738090757
2023,4,2,32,27229.5,34192.920072423454,12.606070621935768,17.119009284797617,10.43977388619383,10.184709270236555,2.840189500160484,2.5899605292499137,0.34891669019013805,0.34633860699849606
2023,4,2,33,402.3333333333333,80707.68813824953,12.971002485501245,30.439022573387252,11.298589117852284,11.134707226808802,3.415725422536664,3.278114411544238,0.37894898104574876,0.29636309163146374
2023,4,2,34,25251.5,68865.86859209622,14.615567392036116,31.948260951877316,11.139915958240687,10.97465369094745,3.4641177490409816,3.29822280430218,0.38270186019721936,0.3857904119609302
2023,4,2,35,20829.0,44154.64562719592,13.92390417206779,20.847059761523695,10.695453424215525,10.468240168921763,3.037212919668791,2.8087340101193576,0.49028799014626995,0.4750359582166502
2023,4,2,36,61026.0,32483.259173109593,13.460748970384207,16.160482367868614,10.388480133241172,10.235299689916948,2.7825689021442823,2.637890164316945,0.30996900118716963,0.2895143353828642
2023,4,2,37,219521.16666666666,39577.140105152146,13.550303045947734,19.210445896842625,10.586006960486138,10.41465192046733,2.955454188215535,2.7837262487131254,0.3441656471431929,0.3389231357141867
2023,4,2,38,23022.666666666668,31627.421878898895,12.643727920310416,15.29864782913707,10.361779804248588,10.200567382947117,2.727764447312313,2.5885983416320157,0.3353038642674029,0.2987120869046933
2023,4,2,39,71134.5,42898.51716528119,14.912895055610614,20.723802413823314,10.666592539406867,10.45895587493021,3.031282914735277,2.82906038630241,0.4803179028919987,0.47376457977145553
2023,4,2,40,229.66666666666666,,16.0,,,,,,,
2023,4,2,41,358.8333333333333,29487.232906835372,13.161170459823504,15.862507898398793,10.291712665831257,10.245309871037257,2.763958330969384,2.7166470262663034,0.0898504599160581,0.09073902530870596
2023,4,2,42,3601.6666666666665,45684.09153880881,13.079870430356317,22.04935372295966,10.72950540990741,10.608453526034523,3.0932832918469777,2.9848444538172574,0.2657723438043149,0.2293483049998388
2023,4,2,43,47.66666666666667,64446.676173552834,12.412587412587413,32.88939564861472,11.073593434866037,11.055801726171627,3.4931502851040426,3.4672625900096805,0.03575858525209696,0.05193334718158228
2023,4,2,44,1791.3333333333333,59607.68826097975,14.318756978042426,25.990041380266863,10.995539842401403,10.911778774697977,3.2577134408132267,3.1801533914872455,0.20476614487694353,0.17624357838858787
2023,4,2,45,1475.5,49501.28240621214,13.925900824579239,22.807944508118428,10.809753855417402,10.739619675526393,3.1271089186066408,3.0708976594684967,0.16243415105235703,0.13438830302287758
2023,4,2,46,1331.5,60217.32654615651,15.410689698335213,27.74799486744927,11.005715406267061,10.967252384281554,3.3231635805529236,3.277842107248905,0.07731669927416401,0.08697331435366999
2023,4,2,47,4919.0,49824.74124022842,13.184861421698178,22.92967774074862,10.816266951695276,10.683282200945367,3.1324320427260743,3.0068731569256775,0.2972992490799032,0.27328719446072913
2023,4,2,48,116.33333333333334,58528.50358370651,13.43266475644699,28.690442933189463,10.977269155303839,10.882090768241266,3.356564068465576,3.261385681403006,0.1821185420318962,0.18211854203187058
2023,4,2,49,7271.5,53719.941466819204,13.152077746453047,24.908709478725296,10.891539561039023,10.68832355483712,3.2152175205745666,3.014956069150793,0.4873441424920723,0.48484932249943896
2023,4,2,50,427.3333333333333,32847.44939735873,10.340873634945398,16.28669850522242,10.399629376982292,10.395580465648967,2.790348732044291,2.786513353167545,0.008144012139378156,0.007801077878505029
2023,4,2,51,0.0,,,,,,,,,
2023,4,2,52,405.16666666666663,50677.934506044105,17.711229946524067,25.397502846122823,10.833245878001625,10.5395608793812,3.2346508560466662,2.967592576765265,0.727718082355054,0.6403920315457134
2023,4,2,53,22837.0,48902.396808375044,13.724788720059552,23.93367094198639,10.79758168874799,10.653354802152242,3.1752862934977077,3.03507505914352,0.2548404727056435,0.24286069816581776
2023,4,2,54,5416.0,40199.21698349935,12.190731166912851,19.66096395601394,10.601602796395008,10.469476366572016,2.9786351448503883,2.8598785346016027,0.25152109995746363,0.21651543487278813
2023,4,2,55,554.0,60099.52422037459,13.663056558363419,26.67972521148345,11.00375720402565,10.783474789755898,3.2839039215747228,3.075842124398983,0.5474435948744578,0.501376897288427
2023,4,2,56,460.6666666666667,27518.810895662897,12.145441389290882,12.587262477544964,10.222625082380576,9.850465291493604,2.532685388158202,2.231535831919481,0.898480214175829,0.7343253306744023
2023,4,2,57,113.66666666666667,41132.56095494579,12.0,20.163020075953817,10.62455532417658,10.624555324176582,3.0038502373383182,3.0038502373383182,-1.6144876362833046e-14,0.0
2023,4,2,58,3269.3333333333335,40875.12297220977,12.541190864600326,18.07045817935995,10.618276916689458,10.583807065033008,2.89427846008567,2.864652754119347,0.07175249047650774,0.06079226151721095
2023,4,2,59,915.6666666666666,33529.744343784936,13.238805970149254,16.563643989479075,10.420188214730489,10.367208627641201,2.8072101724240324,2.756901201730576,0.10448713974481867,0.099368956466648
2023,4,2,60,3640.6666666666665,31708.81324754712,11.992309100897272,14.965980807587627,10.36434994165221,10.284395842965356,2.705779679256411,2.655736746631898,0.15070584660650754,0.10511159154520568
2023,4,2,61,27588.666666666668,43891.566456670895,12.54364110866781,20.362932733539356,10.689477472559648,10.499944192035082,3.0137162251959992,2.8459622330132843,0.3613328055760705,0.34243641575663636
2023,4,2,62,16555.833333333332,43177.625529888064,12.855327930739417,20.163493592560016,10.673077712512512,10.54125681208761,3.0038737214713684,2.871214091006613,0.28039230416156397,0.27168863484514105
2023,4,2,63,11800.5,52558.142751927095,13.650636272474332,25.168988609524142,10.869675316764136,10.706544221658476,3.225612625961033,3.0631768764741674,0.3660714106215134,0.35786230557856397
2023,4,2,64,42150.833333333336,41084.74887572292,13.42001146675629,19.132647416785858,10.623392258036104,10.458297650657691,2.9513961647179032,2.797139402119749,0.36625266826915787,0.3396867258165864
2023,4,2,65,2323.0,89723.38233088444,12.740278375663653,42.57644392211185,11.404486686662803,11.001001566801857,3.751301140761958,3.3431354270944373,0.6149491736852791,0.6226555378057743
2023,4,2,66,37254.0,35692.75849983318,12.978203682826006,17.55826267877389,10.48270310405035,10.350245216014105,2.86552464702395,2.737857695021999,0.2948281936216855,0.27940366712048753
2023,0,3,0,6116239.333333333,,13.065706824858282,,,,,,,
2023,0,3,1,3776722.6666666665,143651.3687829716,15.45384949278775,,11.875144592959126,11.588856207511713,,,0.5665808304837797,
2023,0,3,2,1479732.1666666667,120768.45236162566,15.48685724995503,,11.701630374428891,11.403463693781385,,,0.5376428924192814,
2023,0,3,3,44804.666666666664,146391.08725323074,16.8850566161263,,11.894036999238299,11.71134591690578,,,0.3936997233398373,
2023,0,3,4,328308.3333333333,142405.52437591465,16.18055435693073,,11.866434071982196,11.718750832462632,,,0.3044726236252247,
2023,0,3,5,600171.8333333334,114753.59365276068,15.303540013957113,,11.650542444667805,11.470928723079513,,,0.3621123037149899,
2023,0,3,6,116709.16666666667,132351.7412412306,17.680407851425553,,11.79321836390592,11.62190135553653,,,0.319084548706787,
2023,0,3,7,207597.83333333334,321333.93881473085,18.9492247430328,,12.680236169201006,12.399843601726742,,,0.7104516131998984,
2023,0,3,8,680648.5,100735.52616848981,16.13917609456276,,11.520253808630057,11.390496053081739,,,0.2794172975066163,
2023,0,3,9,212413.66666666666,94428.92696303784,17.11706246145493,,11.4556027348868,11.298864090777164,,,0.30160672204336686,
2023,0,3,10,221511.33333333334,107071.14068411067,18.360712920633105,,11.581248758725067,11.415578004388186,,,0.3330975619889689,
2023,0,3,11,1587165.0,68574.57139397759,17.029877590966702,,11.135677065607307,10.997570994901533,,,0.31280802535518276,
2023,0,3,12,55252.0,72847.45913246459,17.418208088998288,,11.196122932943231,11.077696581787018,,,0.2548046864671895,
2023,0,3,13,120387.5,138171.8377592037,17.35806596753539,,11.836253390673008,11.608363327659966,,,0.47110140141076734,
2023,0,3,14,269147.6666666667,64904.373805919764,16.499230905463296,,11.080670293424761,10.935946417015963,,,0.32536829949799023,
2023,0,3,15,235792.16666666666,244131.3673202765,18.606561003934964,,12.405461750051959,12.105578263948372,,,0.6328538657778509,
2023,0,3,16,384544.8333333333,96663.84646658936,15.560711386491997,,11.478994738385405,11.169666119214353,,,0.6454917090819899,
2023,0,3,17,361804.0,83648.85289186584,14.077832657092422,,11.334382993133445,11.094769878362385,,,0.39223744111718306,
2023,0,3,18,154073.33333333334,82809.43295033697,13.74241594911514,,11.324297258405423,11.185682543418906,,,0.2915989053924812,
2023,0,3,19,18111.666666666668,74824.1169854246,13.769154320419618,,11.22289553158778,11.105793831300684,,,0.21447300390069035,
2023,0,3,20,441601.5,141786.5618010471,15.474038622302386,,11.86207811990842,11.634000635629286,,,0.4543277840148722,
2023,0,3,21,1822728.5,107012.39499423598,14.096847116836106,,11.58069994780261,11.197553307844803,,,0.7414720676867338,
2023,0,3,22,417353.1666666667,54865.17733817325,13.72786397132085,,10.912634133683838,10.764466748530461,,,0.2925023377024224,
2023,0,3,23,191250.66666666666,47948.557212072614,13.409160229506826,,10.777883990433917,10.614074472417,,,0.28765517481300135,
2023,0,3,24,72735.0,62215.37298330435,14.205135079397815,,11.038357402262152,10.847784066474633,,,0.331759820059565,
2023,0,3,25,296681.0,56637.18772095138,13.41005153683586,,10.944421075315548,10.80385539683281,,,0.25677364995055024,
2023,0,3,26,10844.666666666666,54523.67529220022,13.132031105919962,,10.906390295354246,10.799730122227757,,,0.24559140246993727,
2023,0,3,27,7696.5,53188.80119643557,13.517876090863812,,10.881603149344297,10.669388652044493,,,0.4625733001768977,
2023,0,3,28,155272.33333333334,61819.791456586616,13.030795355257537,,11.031978842283243,10.886309952012384,,,0.3539482117690501,
2023,0,3,29,395008.5,59935.171954205565,13.068786283501916,,11.001018789648606,10.812158365652973,,,0.3644652656552005,
2023,0,3,30,514567.1666666667,62825.474069183816,13.784490395325781,,11.048115908251749,10.865728270535326,,,0.337820349458977,
2023,0,3,31,357683.6666666667,59912.369119581854,13.767689047398491,,11.00063825893943,10.804910125402497,,,0.3529086426296939,
2023,0,3,32,98948.5,33389.4021095891,11.400976265431007,,10.415993826505716,10.218136014256602,,,0.33791901250114625,
2023,0,3,33,86224.0,108770.25677112293,14.071051370074843,,11.596993200764736,11.491396298840865,,,0.2243858286233056,
2023,0,3,34,319856.5,95876.75540875288,14.388403341290026,,11.470818847850083,11.34014494831239,,,0.284295317452453,
2023,0,3,35,136516.5,62126.64625473622,13.31593616888801,,11.036930262118036,10.778584623920146,,,0.4909877844392798,
2023,0,3,36,435179.5,39385.00328712634,12.396198197142404,,10.581140395598798,10.378796439088985,,,0.39100266133195205,
2023,0,3,37,533149.5,43847.70807649729,12.78135869957676,,10.688477729079663,10.52269412607135,,,0.3140182234435927,
2023,0,3,38,302118.6666666667,48520.50612475231,12.143925786335611,,10.789741794263934,10.605100226059893,,,0.3643245341652029,
2023,0,3,39,370960.6666666667,53437.46407557833,13.597276710378996,,10.88626735340901,10.634921577689642,,,0.5196410645615562,
2023,0,3,40,80544.33333333333,90003.10049402155,13.27905749628569,,11.40759939865259,10.94407896703913,,,0.9779023282565681,
2023,0,3,41,47115.833333333336,50562.7479619384,12.026880560321194,,10.830970377856826,10.572610287745704,,,0.4943617294414761,
2023,0,3,42,151302.0,55014.92373029429,12.531876644062867,,10.915359767959224,10.659388960463712,,,0.4856259804431716,
2023,0,3,43,18643.666666666668,79813.96345617104,12.181688151472349,,11.287453748784344,10.90857805781836,,,0.6759511351103731,
2023,0,3,44,330423.5,71170.49500996877,12.507762008452788,,11.172833615586942,11.020132802971807,,,0.34756580056448494,
2023,0,3,45,145659.0,75115.00294044342,12.947469775297098,,11.226775590642411,11.091041998206226,,,0.3030278604522957,
2023,0,3,46,181489.16666666666,70505.53957287838,12.694297639436698,,11.163446561215288,11.005140125263878,,,0.3285591922551715,
2023,0,3,47,879624.6666666666,74143.46733994069,12.23668674593785,,11.213757243077314,11.01620592880763,,,0.41741172902456736,
2023,0,3,48,20235.5,84726.87612269126,12.345836113101562,,11.347188139903041,11.21058909216363,,,0.2950775389794896,
2023,0,3,49,147093.0,80641.89325190922,12.897604463389374,,11.29777356085585,11.165889447913385,,,0.26749655176146414,
2023,0,3,50,67163.5,69098.1730330446,12.498472632704766,,11.143283569942334,11.033308601190942,,,0.20987367699157347,
2023,0,3,51,9476.5,55386.50458583732,12.336569408536906,,10.922091243526568,10.746270766875964,,,0.3481468513755855,
2023,0,3,52,10498.166666666666,49920.29830028993,13.139611678229533,,10.81818297859216,10.470622108300551,,,0.7003486978534933,
2023,0,3,53,109368.83333333333,52330.47950084145,13.430575133378948,,10.865334262344366,10.726157064026387,,,0.2711541514805834,
2023,0,3,54,50193.833333333336,45545.409461040006,12.440674983314683,,10.726465117390775,10.571746167249831,,,0.30160804727395185,
2023,0,3,55,51691.0,89778.18556615399,12.972977242975889,,11.405097302353957,11.268144284560654,,,0.3026538865668437,
2023,0,3,56,18775.333333333332,52094.15118518944,12.208979867201649,,10.860807960118944,10.771660554512593,,,0.19108692469803426,
2023,0,3,57,6511.5,57450.75387972783,12.018326550462003,,10.958683405553343,10.810275525892527,,,0.2705764613188126,
2023,0,3,58,61450.333333333336,55139.05380991593,12.182437307093533,,10.917613524653914,10.797510309859556,,,0.23826046203173398,
2023,0,3,59,20255.833333333332,56067.56483257548,12.850215987164193,,10.934312757330547,10.82227983709741,,,0.24145222278797854,
2023,0,3,60,29809.166666666668,43504.76726046605,11.637018814123172,,10.680625803266611,10.419523142672872,,,0.4098249704696555,
2023,0,3,61,296867.1666666667,59691.75330223841,12.400577025751696,,10.99694915419819,10.82088159934553,,,0.34124202470688036,
2023,0,3,62,212713.5,55716.37683636795,12.228954282011562,,10.928029401306622,10.779343302807343,,,0.30708471067339677,
2023,0,3,63,111621.5,66139.43049831709,13.009836814592171,,11.099520375950135,10.940350305034551,,,0.3213722869746418,
2023,0,3,64,895864.8333333334,62482.853770719434,12.358643389097573,,11.042647458417994,10.865260011972943,,,0.37680331696085856,
2023,0,3,65,123079.0,81216.28996059543,12.27119709021577,,11.304871121307484,11.146635598293114,,,0.34474983719536223,
2023,0,3,66,341870.1666666667,49264.2895034322,12.155329923006832,,10.804954746718796,10.636137400314189,,,0.326038805448207,
2023,1,3,0,1731957.3333333333,,13.73851954012724,,,,,,,
2023,1,3,1,2001815.1666666667,168304.91049021017,15.388814701590414,70.86220667760581,12.033532556759853,11.744184168056112,4.260737240324245,3.9827644940819145,0.579831971857562,0.5664226172185318
2023,1,3,2,533461.0,165106.18804219604,15.924836742204835,71.65484486705247,12.01434410977638,11.685539568229931,4.271860770509471,3.9691191131927406,0.6270471935881958,0.5830158926738614
2023,1,3,3,32925.333333333336,152043.38727818237,16.943802138171215,66.07020669880214,11.93192120171704,11.767529775143894,4.190717914518846,4.0331264755137255,0.3314795314915837,0.32774157841225704
2023,1,3,4,266911.3333333333,146627.18914935418,16.175440283539853,64.81369088077068,11.895648516104197,11.748862496736459,4.171516860066198,4.0285507752786165,0.301495057864636,0.3023040294149054
2023,1,3,5,364424.3333333333,126519.59458887934,15.352845080780373,57.29603284514478,11.748152473090071,11.564609939782573,4.048231386509626,3.8776744410062483,0.36503508041542526,0.3486676483164596
2023,1,3,6,67258.33333333333,141153.2362553929,17.785944740428697,63.08814102945379,11.857601361193455,11.686023351814093,4.144532812573011,3.983895319318706,0.31672025906398726,0.30413036049945696
2023,1,3,7,117372.33333333333,361047.9563179476,19.181928165922123,149.16594909257782,12.796766071478174,12.548609616313053,5.005059438482679,4.768756028097618,0.633744193143924,0.5925851905974849
2023,1,3,8,79735.66666666667,130231.55195525939,16.779918647865657,61.18703579084306,11.77706931392414,11.621716958829163,4.1139353335954425,3.964069662935884,0.3156506988881047,0.3067840732709975
2023,1,3,9,47706.833333333336,120662.03528418097,17.391994857480235,55.153031127662544,11.700748819780395,11.512464444534782,4.010111705706183,3.838442791414252,0.3455663421847527,0.31935628003872435
2023,1,3,10,97747.83333333333,119507.36558315967,18.675278394917534,52.011476012694054,11.6911332851334,11.52125638319967,3.951464386784217,3.7927838216233334,0.3229858454951995,0.30817351333512544
2023,1,3,11,320125.8333333333,81738.7390277399,17.58163430526017,37.45303371627353,11.311283330375101,11.19727627698888,3.6230877137924375,3.5028765264988118,0.2500017848521736,0.26218048101405544
2023,1,3,12,13780.666666666666,81545.75276783324,17.28259397223163,38.51206701035022,11.308919525366495,11.185305966344153,3.6509716210254464,3.5346594063772807,0.23646975887824678,0.22397864375238263
2023,1,3,13,43620.666666666664,161481.49147074824,17.44596597942871,70.8814212134619,11.992145811181024,11.762167215218849,4.2610083570758,4.05038691159013,0.4791033405480802,0.44697728300962924
2023,1,3,14,81463.0,69504.65464164825,16.98806001906796,30.725005840340362,11.1491490025714,10.999145837430449,3.4250768455363882,3.2760634896916994,0.3250122269567675,0.32844232890630987
2023,1,3,15,131103.83333333334,273947.1409379884,18.917730602842784,111.22291197868964,12.520690450474753,12.23241455732867,4.711536403566371,4.447416529799363,0.6333219267913703,0.5887493495733128
2023,1,3,16,196340.0,106916.52010514184,15.93095480628841,47.82137822063278,11.579803623007354,11.26390897964239,3.8674727826234934,3.5658553851876804,0.6451779877419939,0.6211399168000754
2023,1,3,17,75405.5,128405.97857414567,14.990409629713128,55.46982482186307,11.762952231257955,11.413239036209827,4.015839175992264,3.69256810001168,0.5767373484982804,0.5435809127371214
2023,1,3,18,107975.5,86172.64998382986,13.727203547718387,39.294051224134755,11.364108120735649,11.239843307305362,3.6710731390752445,3.5519928514702634,0.267901711257785,0.26187653951125583
2023,1,3,19,10216.333333333334,78569.96249712673,13.792913308753954,34.92403665203564,11.271744748851779,11.155774877626081,3.5531753214278994,3.4532645372238786,0.20456042628231855,0.18748064797002884
2023,1,3,20,282502.8333333333,167910.07355979714,15.934753456749993,76.29101508566126,12.031183838644045,11.827721130645429,4.334555173632459,4.132799150852009,0.4103449562824078,0.41476687504314913
2023,1,3,21,947641.8333333334,129704.13220395202,14.483024616719643,55.782748833224915,11.773011229503672,11.416661522735883,4.021464660892351,3.6803556867824705,0.7000767215559842,0.668069369108329
2023,1,3,22,16118.666666666666,73409.32324382736,15.038568119778311,33.82071517782502,11.203806226206964,10.985528777564957,3.5210734898413194,3.3213449835899684,0.43874269531070553,0.42423713752718534
2023,1,3,23,23503.833333333332,71518.09951970937,14.426838175333103,32.92085909151261,11.177705836783336,10.905951982249304,3.49410647180836,3.253264197625083,0.4998263521198412,0.45081653787403286
2023,1,3,24,11873.5,74486.60058924671,14.952709815976755,34.86420343294473,11.218374530328825,11.011913124699166,3.5514606132284,3.3487665795378048,0.37897375423202495,0.3827998346487567
2023,1,3,25,24267.166666666668,82102.79697894974,14.342149543622039,37.53025346491739,11.315727362813323,11.090924895432497,3.625147366785658,3.4274780610580664,0.37431100817374996,0.33742821717828286
2023,1,3,26,3200.5,61590.88604647273,13.427901890329636,29.357527583686384,11.028269184784342,10.956017427723154,3.3795489898355178,3.3084166717982444,0.15825094383098176,0.15881988405101846
2023,1,3,27,1513.3333333333333,82535.0982519588,14.108149779735683,38.355960798180064,11.320978915208737,11.151470697784442,3.646909947239084,3.4907604144828346,0.3762219666304059,0.3671278564706031
2023,1,3,28,69567.5,65761.38827895182,13.613651010409553,29.00018076209071,11.09378814080515,10.968280981009157,3.36730206314259,3.257134758069602,0.3055783890185125,0.2669680319422949
2023,1,3,29,188652.0,67758.91700485257,13.425918269264749,30.35780445182048,11.123711346389069,10.928127359008727,3.4130536327787064,3.2393799889929324,0.379110353509115,0.3396497286256579
2023,1,3,30,115964.16666666667,85399.57319077247,14.565068232284398,38.503859668906365,11.355096381998042,11.142193204549542,3.650758487409354,3.4563820058019843,0.3970620934927555,0.36107956876898206
2023,1,3,31,53123.5,92174.98900687949,14.543814570450618,41.06831161631972,11.431444103838757,11.152848617891234,3.715236817221307,3.4618537392375672,0.49911720538214105,0.4740765032199597
2023,1,3,32,7122.333333333333,36964.67820084548,12.691814480273319,18.259657819202207,10.51771809244392,10.37515070511015,2.9046941356266274,2.764319497504401,0.3130269692064427,0.3098806821979141
2023,1,3,33,76527.5,110377.54210660797,14.116332908649397,41.90869694035443,11.611661969184487,11.51359041457497,3.7354933695985584,3.6215982715976343,0.2044678460179924,0.23896021036310644
2023,1,3,34,216980.0,101945.09330954848,14.48662242295757,45.02654404575519,11.53218964644369,11.415986321049145,3.80725218355021,3.694296054251979,0.25612005797134124,0.2506698760225323
2023,1,3,35,59966.833333333336,70629.94223815431,14.077403898265986,32.39815359942653,11.16520944459369,10.915462351105095,3.478101433502404,3.244116115057469,0.4748044498826753,0.4430922541598968
2023,1,3,36,140576.66666666666,50023.18206327022,13.52371422474095,22.707467443905443,10.820241818227286,10.604999593660708,3.1226938326777107,2.938488209514914,0.4131617303966443,0.359655090912016
2023,1,3,37,41218.666666666664,57315.906411674325,14.148589635763733,26.240334676910027,10.956333462986992,10.724209902530855,3.2672977184499636,3.0403338711604726,0.4140644767663443,0.40856067562288967
2023,1,3,38,159350.0,55994.76241692437,12.687302583411778,25.749551017350832,10.933013437074038,10.757780501776555,3.2484171907383472,3.0837981084109916,0.34710457740545597,0.32891613055667457
2023,1,3,39,67582.0,71941.65532386143,14.537944028488848,33.685335982285,11.183610726768901,10.942438684663433,3.5170626086031955,3.2817342282701523,0.4703818409576258,0.4630625287841907
2023,1,3,40,68398.33333333333,94212.89864953114,13.263442091668901,34.65851258558287,11.453312379529597,11.0200055878613,3.545543368928723,3.100033873060098,0.8993597763941457,0.9404701843396511
2023,1,3,41,30651.5,54013.54559682134,11.993268409920125,22.024305155984084,10.896990138475799,10.661981020535647,3.092146623355655,2.8728699154438226,0.4382831542672794,0.4210219718599423
2023,1,3,42,106238.83333333333,59902.79419848134,12.864461049239685,26.70003696845642,11.000478430736461,10.750405000506435,3.2846649499916283,3.0489439526500792,0.4644346345588402,0.4415384962203863
2023,1,3,43,15499.333333333334,82869.06296480536,12.328594778270032,34.107841094635596,11.325017086488288,10.920404465657395,3.529527301980584,3.154237709525991,0.7059065039936574,0.6732290993988829
2023,1,3,44,287879.6666666667,72393.18704571415,12.577874551751368,31.98882195396406,11.189867472367443,11.040244079422626,3.465386527836778,3.3209066414045982,0.3366106174910524,0.3280472091218333
2023,1,3,45,119669.66666666667,76316.63125063507,12.964828179794935,34.92815276318002,11.24264616535022,11.11006361943906,3.5532931734575524,3.4237068481781687,0.3023497953978461,0.30290620776582444
2023,1,3,46,153928.66666666666,73020.30249812255,12.75249791028745,32.72105607236928,11.198492797875966,11.048435972033195,3.4880187872640915,3.3486779877910924,0.30617207586993866,0.2907298166801177
2023,1,3,47,773374.3333333334,75830.40924480699,12.407656835435018,34.30638138087838,11.23625466855246,11.040807348331239,3.5353313829572155,3.351469706989758,0.40914575204298115,0.39085222658526597
2023,1,3,48,17962.0,87005.95165609736,12.426307389674498,33.66169293982367,11.373731805137075,11.23321497370445,3.5163604827986563,3.3795910124203097,0.30845623572838204,0.31268108408443845
2023,1,3,49,99213.66666666667,85283.96569416093,12.753780561145808,37.079849261130384,11.353741740360709,11.236500018024099,3.613073675455583,3.4945779297094437,0.2340527853658585,0.23842584582746834
2023,1,3,50,59747.333333333336,70255.06908936036,12.47414668437085,31.017563827452225,11.159887742448403,11.055009443501318,3.434553619121189,3.336097754407376,0.20089080260424844,0.1942743370413654
2023,1,3,51,7933.5,58412.130450257864,12.49763660427302,26.86566652391999,10.975278860436267,10.793281140555088,3.290849133994738,3.1171040120390225,0.3446264486986943,0.3433402836199398
2023,1,3,52,3738.8333333333335,63493.679545980274,12.93300049034904,29.003286711206947,11.058695645217902,10.765001154306763,3.367409158433768,3.0844120639111985,0.5605045935547424,0.5643077277615047
2023,1,3,53,21235.166666666668,64522.300208627435,13.994631546726733,29.739902920789522,11.074766182698319,10.913180871685068,3.392489676762711,3.2455393214904835,0.30619924493297207,0.2917367485434183
2023,1,3,54,21554.333333333332,53284.49785134585,12.405270401930006,24.401921111898353,10.883400720783042,10.730400960151892,3.1946618632939847,3.0563844121404506,0.2562127403942934,0.23070781498889126
2023,1,3,55,43657.0,89710.8732095602,12.955135106244894,40.14096068557098,11.404347258198523,11.27465138799971,3.6923972764542645,3.5713598166559044,0.2870793490970124,0.27929627838437665
2023,1,3,56,13585.0,54454.83706691948,12.169402527297265,24.96933759174923,10.905126959436988,10.820249943683004,3.2176485757759763,3.1318360671795267,0.17210786703473321,0.17354345883873687
2023,1,3,57,4399.0,65034.93683140075,12.380162158066227,29.300294223097882,11.082679894195774,10.939865124949227,3.377597557716559,3.243817020837698,0.25004357117738485,0.23022737088669357
2023,1,3,58,37581.166666666664,58223.360425377585,12.207222589328875,25.773914079488236,10.972041935066711,10.865845479173462,3.249362898248795,3.15265297725047,0.22466247863727232,0.20811202227501002
2023,1,3,59,13608.0,57874.29107217462,12.933960415441897,27.49682797572963,10.966028542020632,10.859862557243334,3.314070651682521,3.209597426124161,0.21373943805657208,0.20740076403476768
2023,1,3,60,7488.0,50799.91445952091,12.457309472934472,23.499919964216865,10.835649949697457,10.700825245713835,3.156997015366308,3.040945792030777,0.29420245349958446,0.2608494360325138
2023,1,3,61,161089.16666666666,66493.94811292087,12.570816369815889,29.63052705965114,11.104866216681925,10.94077132878783,3.388805149468144,3.2401579169149346,0.32152033292863474,0.29615660675066835
2023,1,3,62,129670.83333333333,60695.063411044626,12.338670351209796,27.43124686175751,11.013617646080425,10.870073448307368,3.311682760050482,3.178902987411836,0.29344305491108286,0.27851420908556884
2023,1,3,63,60741.166666666664,74987.9904749318,13.168339978103813,33.01940218405341,11.22508325269584,11.093700255229136,3.497095333665868,3.3728577677640526,0.26457574541291456,0.2476313096202088
2023,1,3,64,547768.1666666666,66167.45433623354,12.517116578211768,27.16307044620435,11.099943994696364,10.930037745259083,3.301858346602866,3.151703179233688,0.35267770484833677,0.3140016252956897
2023,1,3,65,103982.5,82741.24117644892,12.229019306133244,34.286013585571936,11.323473440826856,11.165487353087235,3.534737503827757,3.388595713167819,0.34399948270906006,0.3243277235845954
2023,1,3,66,182123.83333333334,53559.80787326073,12.66147300874954,24.666277244876866,10.888554212667621,10.724809525555905,3.2054370170415813,3.0526307312545993,0.3227161903419177,0.3017712217062261
2023,2,3,0,3195204.0,,15.499161451558857,,,,,,,
2023,2,3,1,1373612.0,118198.18364455119,15.915380519875095,51.89038992350048,11.680118017038698,11.432711409348116,3.949133607776169,3.719919851178063,0.4936196706247693,0.4636130184713303
2023,2,3,2,723168.5,98183.77238743145,15.654306015817891,44.820174808007266,11.494596230050012,11.257872792786785,3.802658368588452,3.5880034324938666,0.42655233329379766,0.39251768735878995
2023,2,3,3,9223.0,130957.41442367884,17.86692688568434,62.25270908692388,11.782627468597816,11.525774709555009,4.131202053866529,3.871360571159106,0.60365420793207,0.6051766389598932
2023,2,3,4,33865.833333333336,126324.05883111544,16.86910603115234,58.50415188375956,11.746605779755276,11.599818095625826,4.06909772409135,3.9288005598867675,0.3316814149901005,0.32169289667661394
2023,2,3,5,141329.5,98400.72416028286,15.656021330767224,45.692923326177954,11.496803442365733,11.346864546017803,3.821943435278883,3.678977650833471,0.3088868201640295,0.2969913649864893
2023,2,3,6,42501.5,120756.82261126113,18.01549749224537,55.70602575755256,11.701534071875258,11.541226286140157,4.020088323443754,3.8713299808064203,0.30119810746245634,0.28058018913983906
2023,2,3,7,75940.5,262327.7636664137,20.122837396821634,113.9437834233942,12.47735000724714,12.18227972098114,4.735705198902,4.45781314497382,0.7273840094047732,0.6865838891388122
2023,2,3,8,478660.8333333333,96640.83618584997,16.910781990727603,46.891600925239295,11.478756665716576,11.364012659406074,3.84783857466495,3.7363177685793576,0.24878015653940322,0.24531372898376733
2023,2,3,9,145563.5,86035.74222710144,18.642070299216492,42.394473245358526,11.362518096186733,11.2374384462347,3.7470180057550477,3.62780488973618,0.259627642281712,0.25241091100610646
2023,2,3,10,102618.83333333333,96641.14883978803,19.246710723989914,43.49053036326114,11.478759900926915,11.34039081981502,3.772543221597527,3.6386021918599427,0.30392254440575467,0.2932180845061853
2023,2,3,11,1058410.6666666667,65668.05790009044,17.75931333521456,30.64242726871146,11.092367905123384,10.957417605440913,3.422385560687459,3.2898162381205323,0.307798970606921,0.2919609737160706
2023,2,3,12,37880.166666666664,68882.7694399255,18.346337793304325,33.044350492839854,11.140161345028615,11.032992560092127,3.4978506134966834,3.397561973625103,0.2505676226186762,0.23152411359798328
2023,2,3,13,68055.0,124074.28656810756,18.356020865476452,56.70369828851306,11.728635750433932,11.520064395992366,4.037839434153581,3.848034557469803,0.4254888693440406,0.38801371144572433
2023,2,3,14,132903.0,62641.605488709385,17.69169243734152,30.031799546467845,11.04518496074347,10.916589065877856,3.4022568051571147,3.2763005191500416,0.2908379829982198,0.28045611677178545
2023,2,3,15,86094.16666666667,214981.81791209837,19.06203478749044,90.13693992366225,12.278308735683032,11.982041666755542,4.501330068646119,4.239061834797916,0.5947899904241958,0.5388131992054819
2023,2,3,16,157138.5,84320.60070862607,17.39375349346808,39.03191976766005,11.342381487903348,11.058106170368173,3.664379766958545,3.396085608124818,0.6168804433765597,0.5822882057611023
2023,2,3,17,210783.66666666666,70701.37460075524,14.673584765423001,34.1875890114877,11.16622029442204,11.021277586323015,3.5318626838055076,3.394920366026605,0.2692997644602534,0.262632013991762
2023,2,3,18,26656.833333333332,73408.49549244612,14.675549108733847,34.4758640266837,11.20379495030887,11.049986555372161,3.540259485778179,3.401509150339665,0.3079416325852834,0.2897320981269574
2023,2,3,19,4968.666666666667,68262.9357590621,14.255199248624713,31.668478067798098,11.131122230019043,11.025462907740627,3.4553218034374438,3.356833129783136,0.20134166068944914,0.19358859474317155
2023,2,3,20,118410.83333333333,92242.98285984824,15.177212107563356,43.64836479043694,11.432181492449656,11.250555859835366,3.776165819738239,3.6047229765137585,0.34389163967502573,0.3259861067873133
2023,2,3,21,681121.0,83694.5002834318,14.853486629639471,37.82185473674751,11.334928546832854,10.973207397955422,3.6328871031898506,3.303076765133172,0.6840246155653319,0.6234874203315136
2023,2,3,22,343651.6666666667,54379.7875018,14.410685238443966,26.22754322177281,10.903747810525278,10.760862954590488,3.2668101265784055,3.132552462108255,0.27754486751552254,0.26321012091742013
2023,2,3,23,131660.16666666666,44142.43834184605,14.110316838426202,21.495325347230768,10.695176919378017,10.564893581630974,3.0678354857830237,2.9480767681015165,0.23421894344340857,0.21808277344507052
2023,2,3,24,45892.666666666664,58018.19946075318,15.070294455178026,27.48943318183536,10.968512024114803,10.792587025698685,3.3138016828971124,3.16217485945691,0.31554356107940396,0.2801992887731488
2023,2,3,25,231647.16666666666,54227.20336622706,13.989835115617645,26.12589498869458,10.900937968640447,10.776762957954913,3.2629269676386476,3.14420867776496,0.2344835767599502,0.22131993863791102
2023,2,3,26,2471.0,49822.273909765274,13.431943882368813,23.151256455864047,10.816217430282919,10.734718684564717,3.1420490536107955,3.067773560068437,0.1814962381806623,0.1607335847229972
2023,2,3,27,4279.5,47944.14817254485,14.398644701483818,23.3071510780956,10.777792032666886,10.594860161252965,3.1487602267064134,2.9828834230567978,0.38771651144102043,0.35020306189791056
2023,2,3,28,41843.166666666664,57353.87224388205,13.776028742247838,26.03599387982041,10.956995639787891,10.803644264964332,3.2594799606440668,3.1154404612224287,0.38472598546963505,0.35930172042230885
2023,2,3,29,127733.16666666667,53037.298597807814,13.59992118987629,24.65046793092735,10.878750692148817,10.726146513894214,3.204795883307605,3.072547027031047,0.2896606398921133,0.24944748470848546
2023,2,3,30,273647.6666666667,57651.566807288356,14.070028004380328,27.27110100401929,10.962172703251367,10.809991333358475,3.305827570227274,3.1670817944025536,0.28604837973651825,0.26159569583760617
2023,2,3,31,236811.83333333334,53183.8366466991,14.276970956547075,25.582704052593396,10.881509806735883,10.733716027043537,3.2419165002039123,3.1049272985245295,0.2806804645580067,0.2634676034767534
2023,2,3,32,56931.833333333336,33578.42383062434,13.017772716494285,16.78585433851881,10.421638991787942,10.18267761702056,2.820536528065426,2.6050486422822554,0.38036167767191453,0.3609833331236397
2023,2,3,33,2908.5,89045.10423274346,15.596126296487308,35.72115160066895,11.396898309471984,11.288846442421423,3.5757429951489965,3.4515269053935524,0.2567453819066472,0.27436256685405885
2023,2,3,34,41233.666666666664,81337.80643428791,14.658466786848935,37.36533652008739,11.306366211237826,11.172024627583921,3.620743443633344,3.490334809898106,0.2875504255962227,0.28070843566221537
2023,2,3,35,21800.166666666668,59960.70018860999,14.755850490439675,28.41881515624363,11.001444629743581,10.74216471885464,3.3470514313088064,3.0903367748276187,0.5185058544542293,0.4903457401117364
2023,2,3,36,195236.33333333334,33721.95362572869,14.115832264827755,16.831197765439065,10.425904347143597,10.25056340383276,2.823234174145645,2.6633737017382755,0.3421902242227694,0.31617385723070446
2023,2,3,37,268744.3333333333,42838.714740341165,13.885459910472532,20.645156459886522,10.665197522719037,10.515841643733093,3.0274807378942974,2.88336225451806,0.28452250004256613,0.2736670180334521
2023,2,3,38,63915.666666666664,38109.000009913376,13.229901901985428,18.479580664029555,10.548205753951702,10.389358380579512,2.916666374615694,2.7638897584400914,0.2968046700943429,0.28663452857463495
2023,2,3,39,220948.83333333334,47812.465493189084,15.137651024784773,23.158494339233044,10.775041668857554,10.533913976321337,3.1423616393321034,2.907166430344352,0.5118442982427207,0.503279434770423
2023,2,3,40,11094.5,65258.08012183976,15.100575360163445,26.369756610816065,11.086105150803132,10.467076175007172,3.272217770546949,2.652303791529493,1.2643219626188353,1.2745333548711808
2023,2,3,41,12086.166666666666,45262.34255107685,14.27430809327468,19.931716310713156,10.720230675494564,10.398322333649883,2.9923122474618173,2.680944538717766,0.5850247360624674,0.6169365504904095
2023,2,3,42,26033.0,43081.90155074946,15.158260669150692,20.19567868786147,10.670858270285725,10.438347917282686,3.0054686551781633,2.783472169713785,0.49710871812028923,0.4804275820823618
2023,2,3,43,1557.0,80114.55995265661,13.49047313209163,34.21541031354337,11.291212888730854,11.05168056632818,3.532676136544841,3.3330319158404125,0.6134441509163493,0.5138483860511046
2023,2,3,44,6330.166666666667,68720.752745647,13.165056212316683,30.877984336653963,11.13780651040558,10.998736656647887,3.4300434489540437,3.282817247312625,0.28948608000671505,0.3133502905344999
2023,2,3,45,3971.8333333333335,60065.00224892734,13.905669086483991,28.16319529713592,11.003182625597036,10.885212540682842,3.338015994211201,3.220440654977187,0.26439660167223267,0.2604435047990318
2023,2,3,46,7822.0,57766.45903928925,14.445836529446858,26.56312634502141,10.964163592787164,10.728374467127571,3.2795240264544954,3.062915085846144,0.47949122838299707,0.4304239793015491
2023,2,3,47,22097.0,58473.89147068434,13.722978986589432,26.9085203655455,10.976335633952198,10.697185894633911,3.292442978669156,3.0304661378015956,0.6143783255228404,0.5794636429697885
2023,2,3,48,567.8333333333334,58750.76018094361,14.061637804520105,26.16344531440132,10.981059371172798,10.929385154974417,3.2643632195379464,3.184297996931415,0.10369008549884062,0.17187095195794186
2023,2,3,49,21706.833333333332,67543.92254268349,13.372010350043382,29.93878310988371,11.120533369580402,10.922361070359404,3.3991547338730195,3.209284948089463,0.38701854810368674,0.3775556528528096
2023,2,3,50,2440.0,47644.52222739335,12.798770491803278,22.3570382818527,10.7715229439724,10.684008516385934,3.1071411834249383,3.0193150668581,0.19483735041778363,0.1993942838589232
2023,2,3,51,963.8333333333333,39433.11188697274,14.986685111533806,18.081684413872495,10.582361145567623,10.485653290605207,2.8948995151085875,2.802683277948545,0.3357490407937702,0.2828221929919237
2023,2,3,52,5469.333333333333,38361.63991295748,14.750975134080937,17.759931048912463,10.554813278682069,10.232854363617694,2.8769448551754326,2.548769210869479,0.7464257547872813,0.8072516476493371
2023,2,3,53,68080.66666666667,48381.30999624261,14.044124127260798,23.990468746515216,10.786868861024445,10.677339347179943,3.177656615906868,3.072633510151844,0.21700548556358776,0.2074951887782313
2023,2,3,54,17845.333333333332,36267.32402695435,14.041523460848776,17.257720178350613,10.498672450314826,10.37778077575343,2.848259589929323,2.7301428977595767,0.2707814318672945,0.27153171428105866
2023,2,3,55,1977.6666666666667,87470.6732142493,13.27035226698129,37.44909435325966,11.379058852900222,11.212086618967877,3.6229825268473124,3.465143450262368,0.383153726223193,0.36820594969456494
2023,2,3,56,2778.6666666666665,41213.21050560728,12.771952975047986,18.76477145459533,10.62651412728251,10.523380937431185,2.931981253168042,2.837679643345223,0.24407549233937242,0.22182949614144265
2023,2,3,57,917.8333333333334,37661.18744051234,12.054839295442163,16.911307781200268,10.536385332264048,10.454612563707306,2.8279824976610777,2.7689261092314554,0.1794233790930439,0.12138367028194304
2023,2,3,58,8290.5,47636.20692125866,12.288563214924713,22.328707076742642,10.771348400678491,10.608538418629704,3.1058731634477046,2.9436440530445087,0.23867472400914722,0.232527442886453
2023,2,3,59,4177.166666666667,46547.6563478601,13.594461955871203,21.374810288284966,10.748231934453015,10.616820758113917,3.0622131393815644,2.9549095899174436,0.3228294542652013,0.27589994206144947
2023,2,3,60,15363.0,43305.563842648575,12.38434333572002,21.39278948454142,10.676036400947062,10.329659175438069,3.0630539252760784,2.723669419998507,0.4243400459941234,0.4210583625003941
2023,2,3,61,58499.833333333336,50094.34445448789,12.795398277487969,23.075850966300326,10.821663395560988,10.64214819905521,3.1387866579884665,2.978777136669565,0.2999741106619327,0.27322373792674765
2023,2,3,62,37202.0,44403.557821051516,12.249180151604753,20.445952097687783,10.701074876314754,10.584905244598286,3.0177849214624595,2.9130100380903734,0.2461117043624986,0.2323113706547311
2023,2,3,63,31096.333333333332,53301.21212105179,13.1397699621606,24.52736629837333,10.8837143513785,10.737198848644274,3.199789485949871,3.0664634276348064,0.2931558006500864,0.2673912767305223
2023,2,3,64,75306.33333333333,46094.11205390591,13.843505858294344,21.141055749567446,10.738440499654288,10.548429184022137,3.0512169200450154,2.885272278766806,0.37664113612814853,0.33079265118710793
2023,2,3,65,3342.5,73426.59550505085,13.960807778608826,32.98749347210247,11.204041485555635,10.988635006625575,3.496128503939388,3.312145296794769,0.5066587104556942,0.43771554334812984
2023,2,3,66,62345.166666666664,41693.91342008554,12.966859232605575,20.066718724935445,10.6381104359845,10.503394451955739,2.9990626579091866,2.873453176471935,0.26032481278660824,0.23771110976144827
2023,3,3,0,584526.5,,12.732970475533046,,,,,,,
2023,3,3,1,172988.83333333334,116488.49397559407,15.286310388050095,50.77546229925457,11.665547782952402,11.417787200843112,3.9274132122847645,3.686281607925535,0.511931712927504,0.5122180897367524
2023,3,3,2,75462.16666666667,98120.95347196421,15.767866016745696,44.15298981887298,11.493956215732103,11.289299945499854,3.7876606443238745,3.6032276317594816,0.40697705223948455,0.3815913723652929
2023,3,3,3,2163.3333333333335,136010.48518533912,16.85855161787365,60.63293477606705,11.820487258697394,11.70430983922703,4.104838223597426,3.9860311942035453,0.30069657233954505,0.32255492818699294
2023,3,3,4,22092.833333333332,124608.41135427388,16.33243057703479,56.0567857110037,11.732931389913135,11.591294582710617,4.026365207507102,3.8937897382938402,0.27211957019926125,0.2624066037986782
2023,3,3,5,56161.666666666664,98471.3642595792,15.222310591447311,45.869094882748094,11.497521066716597,11.339523252370089,3.8257915761874104,3.667206835312896,0.3553946258032149,0.3603128990670939
2023,3,3,6,3041.0,98765.99398813986,17.241477584128027,45.47601447983996,11.500508634085405,11.345419508549078,3.817185032673001,3.6585098195874317,0.25920142190027806,0.2562651133748146
2023,3,3,7,6780.166666666667,329762.2428923306,19.015265111477103,124.66322236870552,12.706127197691192,12.416950318535138,4.825615880306248,4.572516291143808,0.7652152864880267,0.6539464810854969
2023,3,3,8,17932.166666666668,116004.88804934623,16.684152314741663,52.00877426466658,11.661387607557138,11.488998464781947,3.951412440206106,3.7844191813895156,0.37055384671656094,0.3858802816910987
2023,3,3,9,5181.166666666667,102414.56564147111,16.060668446617555,44.993404405329656,11.536784224064517,11.303203146582467,3.8065159102576156,3.6008351307366357,0.3747619958610379,0.3393434393666226
2023,3,3,10,8052.5,105947.41821785901,18.61123874573114,46.80449551921969,11.570698195469944,11.373393840888497,3.845979256413302,3.6901174843363136,0.35982238846167597,0.3109325798965135
2023,3,3,11,48512.5,71250.85339881589,16.843658850811646,33.10884956629102,11.173962075586408,11.034662521546005,3.499800605147321,3.3517658781711472,0.32663013149741504,0.34744633382669105
2023,3,3,12,776.6666666666666,97212.52608922007,16.81845493562232,45.00850722030154,11.484654851376265,11.232204204430287,3.806851521242779,3.5825888969083755,0.39597742379393225,0.3546311006252318
2023,3,3,13,2722.5,150455.78751797756,17.47033976124885,70.28547244168743,11.921424549367352,11.614022838582313,4.252565126560774,3.9269592471396533,0.57489503973767,0.6227060936265911
2023,3,3,14,17947.0,57810.61461007716,16.772422503296745,26.680948535737983,10.964927681572977,10.826012606364298,3.2839497727294717,3.1361301287233525,0.302897610574924,0.30628793136299315
2023,3,3,15,6989.666666666667,182804.1570807958,17.972006295006913,76.4767984389494,12.116170678885819,11.860394479662133,4.336987406451522,4.1112620596937965,0.5567468439166914,0.49778853286167357
2023,3,3,16,16423.333333333332,97487.37531346851,15.461031053379338,43.755073623482005,11.487478164637741,11.162320013854615,3.778607574616524,3.4554923944078113,0.6849432736545553,0.6799608153226215
2023,3,3,17,17008.5,98384.5078051086,14.150219008142987,42.99343331709239,11.496638629640215,11.193691554462541,3.761047390475669,3.4940440520562004,0.5308608841065836,0.49245110136438913
2023,3,3,18,15112.166666666666,80106.85914113643,13.4787643510196,36.04594516833568,11.291116761614147,11.09976040185967,3.5847943794113717,3.3946325823770525,0.35966481219190866,0.3636157548049336
2023,3,3,19,1348.6666666666667,78135.84522359699,12.998022738507167,33.38963408525573,11.266204196266298,11.105689546362699,3.508245495083168,3.3505289829592835,0.33686585332860547,0.31525291491854524
2023,3,3,20,23351.0,116402.37253679545,15.983027136596577,53.68745678606984,11.66480819669027,11.526179958674092,3.983179394828105,3.8449626970078357,0.3160943621254642,0.31413084323105445
2023,3,3,21,87100.33333333333,83172.30022145917,14.004458459783928,36.80678433459578,11.328669641345254,11.00518280170288,3.6056821851016005,3.2949408625153946,0.5999085634481425,0.5732473343019828
2023,3,3,22,4073.8333333333335,66279.37543653806,14.693204598453544,32.33075662454726,11.101634048390158,10.90700650157996,3.4760189946353837,3.277714700359308,0.4960086226743675,0.4998997400264758
2023,3,3,23,6048.5,57792.481867293005,14.036372654377118,27.11207424339877,10.964613974700317,10.836362371412665,3.2999791726972374,3.1800273283333764,0.27137189095688047,0.2398559784660713
2023,3,3,24,4616.166666666667,64308.47203956119,14.146369642921615,30.05023970889018,11.071446659548894,10.919318328955528,3.4028706379507376,3.2405766060279175,0.2732160773802068,0.279043353079743
2023,3,3,25,5823.666666666667,57603.024394867294,13.957930284471407,27.6164630218047,10.96133035216088,10.874277150050096,3.3184120811931357,3.2293917044524116,0.1757569257649109,0.17694439453103694
2023,3,3,26,2201.6666666666665,57360.814812176126,13.274186222558669,26.519145155724917,10.957116680405804,10.809877261724244,3.2778669308511126,3.149463226048407,0.36834709975230906,0.32304628679698083
2023,3,3,27,461.6666666666667,43220.88296750955,16.383393501805052,19.07932610867964,10.674079059456766,10.624128000158844,2.94860534614481,2.9217531732329785,0.1034505924925024,0.057232995822512005
2023,3,3,28,26368.166666666668,63270.61189381642,13.07920535494188,28.57254014379828,11.055176233246629,10.919492849827328,3.352446121768882,3.2191791359050024,0.27506087336038026,0.26922550937365763
2023,3,3,29,48864.833333333336,53778.55856126619,13.118227491481603,25.048109365517384,10.892630126958386,10.709543874291526,3.220798350252092,3.0421549179040244,0.3409155826206255,0.3275802608324651
2023,3,3,30,26414.333333333332,64388.70130005771,14.144706787981274,29.546658175092485,11.072693451048778,10.865507206297663,3.3859706469354873,3.2049191900375438,0.39586410773212716,0.3608966372270268
2023,3,3,31,12605.0,80788.24210100483,14.573449689276742,38.46840068422432,11.299586715368415,11.092850474161398,3.6498371428359264,3.440448843628633,0.3265137406618684,0.33019803155872235
2023,3,3,32,6156.5,37175.83504464795,11.789923928639109,17.721432362345066,10.523414233608637,10.405335752205849,2.8747747749995676,2.768074125990346,0.23193499100778275,0.21053814382384425
2023,3,3,33,6056.833333333333,98666.09873989879,13.839630169780689,38.69522846608275,11.499496688606982,11.317136832663278,3.6557162969841692,3.4547625837819482,0.38937577430738063,0.436397281447789
2023,3,3,34,41158.833333333336,89346.03075903928,14.237397399505166,38.88121615955853,11.40027209608699,11.231884843575497,3.660511258927071,3.4850053613644008,0.34414619819806436,0.36088539627413263
2023,3,3,35,35449.5,56229.13494161052,13.363479503707152,26.709060515919,10.937190316882127,10.697497404267988,3.2850028530071613,3.0486294051881315,0.4382763669601482,0.43356156342363666
2023,3,3,36,47278.666666666664,37955.260752614486,12.992702839899602,17.953225598984993,10.544163396473758,10.356511303849498,2.8877697978981365,2.716614737384774,0.39802954960063963,0.3694813583783597
2023,3,3,37,31214.666666666668,49755.94165681307,13.300990987142796,22.805917120933834,10.81488516574321,10.624697393681053,3.1270200251381413,2.939663675894056,0.33596262746722627,0.3380978834938613
2023,3,3,38,51210.666666666664,43785.38724483119,12.591686627785878,20.60096982623232,10.687055416152253,10.527988471477876,3.025338153630673,2.875051847340678,0.3304618644871782,0.31002289900930724
2023,3,3,39,25992.666666666668,62461.424016707744,14.334555900382158,29.034480217559775,11.042304429435774,10.808937950612055,3.3684840967371237,3.1470772691302007,0.4499161770324128,0.43357715847235345
2023,3,3,40,878.0,57831.46948719832,12.372437357630979,31.269289134063644,10.96528836129455,10.669412727978717,3.442636438050607,3.1025909700692966,0.6384428545529838,0.6665874374439064
2023,3,3,41,3452.1666666666665,35248.66088142094,11.557765654419931,15.45151030360466,10.470182818339259,10.353859587141985,2.737706752844735,2.6362984322527834,0.28796787486228836,0.2470700488451422
2023,3,3,42,16941.5,44315.03384484159,12.633847848970477,20.23016838509071,10.699079262905515,10.455112200536753,3.0071749746789096,2.787985727356057,0.445655934012257,0.40703968974170357
2023,3,3,43,1307.6666666666667,52402.19176795616,11.837369360183533,21.217934699367838,10.866703697067134,10.719545168693076,3.054846800426907,2.94753972742297,0.38718470914530506,0.2669818550358326
2023,3,3,44,34160.166666666664,61169.42196396446,12.67442098740736,27.617299006977206,11.021402702526514,10.853909775506029,3.318442351996422,3.155281570604599,0.4147623346048708,0.39992210777381176
2023,3,3,45,19952.333333333332,72070.85194548576,13.39764772708288,33.745157809312246,11.185404968932088,11.043292566808473,3.518836934708727,3.3728763269317503,0.28494495415447885,0.28917177660243604
2023,3,3,46,18254.5,57101.66157655632,12.709213253353054,25.991913954184025,10.952588494635018,10.802924713929473,3.2577854878882517,3.116844873859517,0.32767417847406516,0.316469657543574
2023,3,3,47,79277.83333333333,61660.148573808416,12.466435552602977,28.19098692240398,11.029393111002733,10.860301989827443,3.3390023141763394,3.176699804476103,0.3882659188089219,0.3794202334295571
2023,3,3,48,1702.0,63528.95896431647,11.730513121817468,29.826024834704835,11.059251127605249,11.007860353411427,3.395381328993125,3.314004493070197,0.10982665584051733,0.1847381111197197
2023,3,3,49,18966.833333333332,74152.4797350123,13.17781038830942,32.45340066660758,11.21387878915137,11.124306609763583,3.4798052347812236,3.3811519101983194,0.17929182387438,0.18950395344287926
2023,3,3,50,4716.5,65989.742742769,13.24760592247076,28.692287618761007,11.097254595942363,10.944037165726735,3.3566283625678066,3.23543269459318,0.26000044892831675,0.21874196129909673
2023,3,3,51,496.8333333333333,43522.89423734076,11.736330090573633,21.34290882861939,10.681042382933924,10.606200702511973,3.0607195453294653,2.989014920147096,0.2514014990451116,0.23625536181171453
2023,3,3,52,682.3333333333333,60379.94617440635,12.451392281387397,27.155729607841234,11.00841231181304,10.524847430469048,3.3015880593947355,2.9152581534646416,0.48604242358504773,0.41089960118048774
2023,3,3,53,6094.166666666667,62870.99078481446,13.996936961575278,29.329433641692773,11.04884014051513,10.792807765681925,3.3785915729390545,3.119018142805407,0.5233736827999128,0.5214554054704508
2023,3,3,54,6091.5,46386.715343482625,12.299214752797615,21.45193852675517,10.74476838996807,10.61749410982111,3.0658150154982238,2.9339616172059833,0.3123077658788925,0.3292840519024617
2023,3,3,55,5751.333333333333,92721.50969867114,13.283528457169353,42.07102176594513,11.437355760222225,11.263241849071786,3.7393591845892935,3.569181429347558,0.3687681348206888,0.357910920982824
2023,3,3,56,1887.6666666666667,52079.77645416639,12.314144446406498,24.764854992984496,10.860531984518524,10.79668197686588,3.2094255107024243,3.1366643627728235,0.1656636085488402,0.18305659046719486
2023,3,3,57,1052.3333333333333,45929.515760733346,10.855875831485589,20.56653783582723,10.734863234280011,10.637426189986716,3.023665378163349,2.9314515357039554,0.20773362239991275,0.19607239988881187
2023,3,3,58,11163.166666666666,55465.72581338422,12.439510891473448,24.520892336552908,10.923520556058188,10.794984392920725,3.1995255025980374,3.089005845201803,0.2559773453299052,0.23629702926154417
2023,3,3,59,1992.6666666666667,63652.078597754036,13.456005352960855,28.594909197735973,11.061187260133467,10.971693433751591,3.3532287019027507,3.2717662083031755,0.20099298278285305,0.20639836936140932
2023,3,3,60,2677.1666666666665,45315.110439466946,11.48951005416174,20.528017828275864,10.721395819636237,10.433953992242772,3.0217906763586724,2.7537061444278517,0.670820957702871,0.6583591062709704
2023,3,3,61,51554.833333333336,57461.910453405064,12.400563801001523,25.906118042348663,10.9588775803865,10.795207647333877,3.254479158661748,3.0954088750527413,0.32802802872738723,0.3157406600673082
2023,3,3,62,29128.5,53521.51478681008,12.52775346024226,24.54325816980064,10.887838997593102,10.744511261964933,3.200437200225169,3.0669265817010216,0.3238282371616987,0.3063093564599278
2023,3,3,63,8903.166666666666,72179.94495432822,13.484415657350382,32.716810455811384,11.186917515579811,10.947130879363788,3.4878890270262017,3.256228174515024,0.43746080290279094,0.408396901647188
2023,3,3,64,231961.83333333334,60657.83976422306,12.55363705667096,25.806286299414115,11.013004168412976,10.842466369582109,3.25061811726456,3.0926345219558975,0.384216804830367,0.3562586064357427
2023,3,3,65,14531.333333333334,73616.72070306035,12.66743129788503,30.446055772735587,11.206627462380206,11.06258152471474,3.415956454492955,3.2860491163589427,0.3107481723565983,0.2830192334752215
2023,3,3,66,71233.5,48357.828134791,12.399535798933554,22.53965935145098,10.786383393356106,10.599465934863472,3.115276395429591,2.9391897172227326,0.33868887072497,0.31932434350884414
2023,4,3,0,604551.5,,13.885514578438174,,,,,,,
2023,4,3,1,228306.66666666666,98745.78167433976,15.885577877708347,44.51310766185351,11.500303964629087,11.280886164312818,3.795783699998579,3.5861328959451977,0.4510464136538848,0.4388374686530254
2023,4,3,2,147640.5,80230.73986167795,15.770503351045276,37.557392840691996,11.2926620104636,11.139727114301264,3.625870238743741,3.4784564503429984,0.347952592188362,0.3405508639206198
2023,4,3,3,493.0,88808.36006190533,18.14604462474645,43.53350983426731,11.39423606939019,11.28828169010859,3.773530982551928,3.667576603270328,0.23570021192620524,0.23570021192619045
2023,4,3,4,5438.333333333333,103098.08577093479,16.118112166717747,47.94330780968757,11.543436103110425,11.466872846990908,3.8700192255764327,3.7981006048498984,0.15071068002335705,0.1437231021831542
2023,4,3,5,38256.333333333336,85337.99446357046,15.716151574031315,40.68054303159276,11.354375055921794,11.216548980940393,3.705749919950476,3.5685752887370734,0.30897580597136587,0.3116849488047255
2023,4,3,6,3908.3333333333335,131265.7127993141,18.122643923240936,59.491554907916935,11.784978889854617,11.597800678189197,4.085834368157231,3.8947805665296813,0.3986443026547108,0.4038625822358946
2023,4,3,7,7504.833333333333,247711.39576833148,19.362943880610274,103.84731143181973,12.420019620750768,12.10203430128123,4.642921661030036,4.352122571858029,0.8331473093101147,0.7856459646569275
2023,4,3,8,104319.83333333333,93350.27334394069,16.492018935357454,44.766544863550834,11.444114077127775,11.311256775543528,3.8014610940133933,3.6633880242822143,0.31922079931153335,0.3367007475077808
2023,4,3,9,13962.166666666666,76605.78290659076,16.846716722571713,36.29224249668384,11.246427847743197,11.10995087363329,3.5916040131070543,3.4672306697792075,0.28122404768181275,0.2589325509447178
2023,4,3,10,13092.166666666666,92427.54218790351,18.432472343513297,41.74321975223686,11.434180288840723,11.208653487253487,3.7315370369643435,3.5289769117241514,0.4449677553884687,0.4087480348272667
2023,4,3,11,160116.0,59576.42234405261,16.74527217767119,28.476527136281938,10.995015176529659,10.83870396483867,3.3490801386688966,3.1938187609377757,0.3474516443826581,0.34421016966456147
2023,4,3,12,2814.5,71047.43662826768,17.10049150233908,34.63465630143747,11.171103054454527,11.043984112623988,3.5448548079790325,3.424267479271054,0.2682746081513899,0.2562177592470983
2023,4,3,13,5989.333333333333,115723.48882938371,18.284116206589495,52.76979220905925,11.658958907524159,11.44103840636879,3.965938909738026,3.739535720543972,0.5813377163315573,0.7014082367141117
2023,4,3,14,36834.666666666664,65636.30205910964,16.71966625642511,31.252758689558302,11.091884206918543,10.911388538150351,3.442107650351997,3.2591745390596722,0.43967226492406103,0.4570688761182838
2023,4,3,15,11604.5,155492.52413401016,18.087810763066052,69.4010302755882,11.954352933137107,11.716080491071525,4.239901712872136,4.002405790285421,0.46936851705475946,0.4433564585633576
2023,4,3,16,14643.0,82055.1443421609,16.50627148353024,38.90334479237917,11.315146792202558,11.033431431471163,3.661080231307883,3.381693053469176,0.6291714787796048,0.6309363994997925
2023,4,3,17,58606.333333333336,66008.96041696618,13.753900317940609,31.028782906759382,11.097545775686907,10.903709288485935,3.434915254576617,3.2457162413176737,0.35238481360311485,0.34951256618358495
2023,4,3,18,4328.833333333333,63727.29190266599,13.824972086397414,30.36171677507229,11.062368194116067,10.931116791146955,3.413182498197213,3.2867830578732886,0.2813967175267744,0.2704708314960788
2023,4,3,19,1578.0,66883.98625929207,14.11850443599493,31.144166056182367,11.110714849141656,11.016675209742806,3.438626942177525,3.3440278782346513,0.1694375958817875,0.17788446113216855
2023,4,3,20,17336.833333333332,90547.31088454853,15.52313475163669,42.730250613781,11.413627765295189,11.254840045138298,3.754907114693286,3.590964390197665,0.33664677414806277,0.3459353755379698
2023,4,3,21,106865.33333333333,59351.002358578065,14.37606832274888,27.547274662573873,10.991224288835014,10.699295204223345,3.3159036073871366,3.045939006211975,0.5660943389047625,0.5216537396257865
2023,4,3,22,53509.0,51469.97558620895,14.08898814529643,24.971171555056323,10.848753918316184,10.709898147814062,3.2177220216955016,3.082100368762579,0.30715308174698214,0.3017503768917379
2023,4,3,23,30038.166666666668,43541.91669016974,13.986472765204267,21.154859905848443,10.681479355183194,10.54937252812071,3.0518696618786993,2.924572295817035,0.25816579994946226,0.2439452989244972
2023,4,3,24,10352.666666666666,64326.38875967211,14.791712280249856,31.240598263115533,11.071725226651397,10.851433429050676,3.441718475335988,3.2111564770606496,0.3246113271388198,0.35696578368195564
2023,4,3,25,34943.0,54475.93507379389,13.80023657575671,26.0397093219647,10.90551432485676,10.768670168857243,3.2596226545270928,3.122983144636951,0.27025333106595245,0.26661476739613993
2023,4,3,26,2971.5,48607.37705350263,13.625441696113073,22.63048139189648,10.791530589593798,10.674821756773346,3.1192977317080355,3.0015531300525233,0.2597900171329003,0.2840655420415791
2023,4,3,27,1442.0,37842.14803325076,13.933656957928802,18.502040258765113,10.54117878776109,10.348152529006226,2.917881010260991,2.727090332825927,0.500705368382749,0.4876716603536137
2023,4,3,28,17493.5,54046.191491845835,13.66728594430312,25.943931278398303,10.89759435789919,10.696236760767746,3.25593772015778,3.067942638746858,0.52081420145295,0.4813425729040057
2023,4,3,29,29758.5,48577.30877675977,13.517684023052237,23.071307009015467,10.790911803260428,10.591888588567274,3.1385897246344348,2.9505991881064353,0.44536605903235454,0.42355232419135025
2023,4,3,30,98541.0,49873.480533802314,13.96099085659776,23.87731396037895,10.81724468824041,10.691132911323153,3.172928801476821,3.0540482364394674,0.26526050595992323,0.2590609584760174
2023,4,3,31,55143.333333333336,51665.1558548276,14.143698240947831,25.066313216640737,10.852538865286267,10.696402534070888,3.2215248417883022,3.0669460311193086,0.3454256276982514,0.34316957147390276
2023,4,3,32,28737.833333333332,31252.537177626622,11.619491146978142,15.324820536544014,10.349855841552895,10.200388952808211,2.729473771250869,2.5882076441083526,0.2734629382769283,0.2518613100822537
2023,4,3,33,731.1666666666667,101430.20634160208,15.459311602461819,45.312072879705845,11.527126218693143,11.406926685473385,3.8135735064674243,3.707510100820447,0.33965390159225833,0.3003979572466034
2023,4,3,34,20484.0,72635.00425031727,14.44677146390679,32.602108878413674,11.193202236823087,11.07590943393343,3.484376975802277,3.365169713368557,0.2495721948447789,0.2637131082882828
2023,4,3,35,19300.0,49247.239759167074,13.08699481865285,23.391696669932998,10.804608599530482,10.547400893249018,3.152381116226666,2.9029128663945607,0.4850170137018478,0.4670424388598448
2023,4,3,36,52087.833333333336,31121.398324781,12.993469364246927,15.44989695605685,10.345650910598442,10.222220603076456,2.7376023338106297,2.6194366165797716,0.27084157715017776,0.25976354721407957
2023,4,3,37,191971.83333333334,41354.63169185674,13.244484650960079,19.577729257424973,10.629939706073937,10.471721251151077,2.9743926578246773,2.824324672733744,0.31643464417803707,0.3039703213885244
2023,4,3,38,27642.333333333332,35075.33393685011,12.502526318328169,16.57349444177684,10.465253425576805,10.299978761522627,2.807804698871049,2.662702068472984,0.3341009317730192,0.31192455654729395
2023,4,3,39,56437.166666666664,47399.87410543682,14.477362730824547,22.49449711615102,10.766374851676199,10.550493505330854,3.113270706682105,2.9022177795875774,0.4682241921488316,0.477021073265438
2023,4,3,40,173.5,55762.081669716776,14.29971181556196,27.33435375966508,10.928849377408232,10.610621600998968,3.3081442905699703,2.9899165141607065,0.4762065853781343,0.47620658537812083
2023,4,3,41,926.0,36012.09150638705,13.49244060475162,15.276018530336412,10.491610036222225,10.06932441701817,2.7262841823984343,2.1346688584015054,1.0736112098835586,1.5076030550687443
2023,4,3,42,2088.6666666666665,32696.418592758255,13.639802106607087,16.8639997259297,10.395020827730006,10.270736809487872,2.825181156107155,2.6810554794318104,0.27514646278760196,0.3315025033738996
2023,4,3,43,279.6666666666667,31461.035728313254,12.928486293206197,15.422076337408457,10.356505098140065,10.334323874073025,2.735800011301803,2.713618787234763,0.04396298693258835,0.04396298693255739
2023,4,3,44,2053.5,69942.7756294637,14.235857479100721,32.69321007243476,11.155432695695842,10.970069248608812,3.4871674132975974,3.2819712281449367,0.458703956384981,0.5031437414859176
2023,4,3,45,2065.1666666666665,61462.08104970725,13.955774352352515,28.5343228859615,11.026175695340767,10.805539085311457,3.3511076744609922,3.0501031815901753,0.39734444295534727,0.5754888332152484
2023,4,3,46,1484.0,38908.82801226303,12.684636118598382,19.094086139212603,10.568976445048563,10.402651595004375,2.9493786608892543,2.7650418556280596,0.44409118488315374,0.5113978075859634
2023,4,3,47,4875.5,70037.71556463692,13.326564796772981,33.19819012342079,11.15678916971477,10.9216322366166,3.502495360081686,3.249817860856472,0.4510374319827656,0.46612907274609683
2023,4,3,48,3.6666666666666665,59132.043999999994,13.0,19.324197385620913,10.987528256118654,10.987528256118654,2.9613580611722274,2.9613580611722274,0.0,0.0
2023,4,3,49,7205.666666666667,72400.13411043945,13.61086182171439,32.37196902196426,11.189963430726229,11.019703371719803,3.477292894693799,3.318046254318739,0.3409051179280749,0.31255571073555005
2023,4,3,50,259.6666666666667,58914.52638970987,11.802310654685494,28.87966979887739,10.983842967240646,10.92376034661902,3.363137880402385,3.3030552597807583,0.09777697935395238,0.09777697935392249
2023,4,3,51,82.33333333333333,27060.895365095916,12.0,13.265144786811723,10.205844989318395,10.205844989318395,2.585139902480133,2.585139902480133,0.0,0.0
2023,4,3,52,607.6666666666667,49815.15398213244,13.893582007679646,23.77231849586603,10.816074513553822,10.567156433019308,3.1685218153561916,2.956384830931312,0.42571406380962157,0.3865817841484966
2023,4,3,53,13958.833333333334,47675.55352512885,13.344190655857103,23.352211604108366,10.772174040786723,10.638495539709904,3.150691695009061,3.0147730134558484,0.29420463435120914,0.2907736805803055
2023,4,3,54,4702.666666666667,39408.37202383172,12.228451942160476,19.177303003723896,10.581733560628177,10.422071723385463,2.953727444538035,2.7905609244196916,0.3355404207668976,0.3484182540811295
2023,4,3,55,305.0,60574.927809735964,14.228415300546448,29.70167927636817,11.011636353933888,10.813750434322376,3.391203585502113,3.196709113913838,0.5202380595904431,0.5025695918651012
2023,4,3,56,524.0,45481.08516971205,12.271628498727734,20.951069832662036,10.725051807951676,10.670079441031707,3.0421897110625107,2.9988730610051566,0.12285997283270726,0.10112095377541831
2023,4,3,57,142.33333333333334,29550.069474344076,12.496487119437939,14.485328173698077,10.293841373909114,10.229150149229902,2.6731362870708524,2.6084450623916395,0.13360353849816914,0.13360353849819137
2023,4,3,58,4415.5,42413.37695362761,12.311403012116408,19.941603043139388,10.655219085651552,10.584021521189005,2.9928081546393015,2.923102197040094,0.15409679782245295,0.1574004532531183
2023,4,3,59,478.0,50152.85031326755,13.861227336122734,23.500940036869867,10.822830627533067,10.792520355759038,3.1570404219190022,3.1302544488077153,0.061071488006210435,0.05195482017137333
2023,4,3,60,4281.0,29317.927969161326,12.011990967842404,14.112161807640904,10.285954483965906,10.205270592214521,2.6470369651596504,2.5674792286511177,0.17531876752250017,0.17317219012604645
2023,4,3,61,25723.333333333332,41367.39063848405,12.367500323960089,19.53611381333924,10.630248183704659,10.491601406256533,2.972264743177507,2.8373391586217394,0.3149930782746688,0.3025491828893618
2023,4,3,62,16712.166666666668,45966.02802160738,12.685169487299671,21.82873829767652,10.735657881360654,10.568023666389095,3.0832273721749535,2.914259130086979,0.3221695587621308,0.32037599300681574
2023,4,3,63,10880.833333333334,46765.45504831499,13.188144290418931,22.05859430922237,10.75290006935301,10.633004168715201,3.093702290544952,2.968588467390498,0.2825921594409901,0.28881119676609573
2023,4,3,64,40828.5,47389.00419757449,13.630633830126833,21.49599064318622,10.766145501817764,10.592634262487904,3.067866436031472,2.9047961740376285,0.37572435728962067,0.36505250587860616
2023,4,3,65,1222.6666666666667,68185.20988837384,14.094056706652125,30.34285880165483,11.129982956506362,11.011028271017464,3.4125611949809427,3.3245546026006303,0.24428922601637118,0.17995908087518095
2023,4,3,66,26167.666666666668,38644.70391852324,12.792492006674903,18.693678557900125,10.562165017938927,10.410663731049828,2.9281854216783603,2.7779386611691783,0.3176065535285141,0.31230529297467874
