CleanandShowTauAZ_NoBrawny                 05-Oct-2026 
 
'CleanandShowTauAZ' is a script from the file /workspace/output/replication/codebase/CleanandShowTauAZ.m

 CleanandShowTauAZ  

 After running EstimateTauZ.m to get the TauH, TauW, Z etc
 this program cleans the data up and shows/plots it.

 Also does the following:

  - shows output w*H in each occupation and labor earnings (1-tauw)*w*H.
  - computes GDP and growth rates
  - computes revenue from TauW and TauH

 Also recovers the A(i,t) from the wages, Hit, and production function.
 Specifically, from the labor demand FOC from firms:

    A(i,t) = [ w(i,t)^sigma H(i,t) / Y(t) ]^(1/(sigma-1))

 Creates the "TalentData" data set used in later programs.


Additional help for built-in functions and operators is
available in the online version of the manual.  Use the command
'doc <topic>' to search the manual index.

Help and information about Octave is also available on the WWW
at https://www.octave.org and via the help@octave.org
mailing list.
 
=============================================================
KEY PARAMETER VALUES:    CaseName = NoBrawny
                   theta =  2.0000
                     eta =  0.1030
            theta*(1-eta)=  1.7940
                    dlta =  0.0000
                      mu =  0.5574
                   sigma =  3.0000
           EstimateDelta =  0.0000
           ConstrainTauH = -0.8000
PurgeWageGrowthSelection =     0
      AlphaSplitTauW1960 =  0.5000
   OccupationforWageHome = 23 Secretaries                               
IgnoreBrawnyOccupations = 1 -- choosing T(i,g) to zero out tauw/h there
   Alpha0FixedSplit =  0.5000
=============================================================
 
 
 
--------------------------------------------------------------------------------------------------
                          >>>>> White Men <<<<<
--------------------------------------------------------------------------------------------------
 
--------------
    TauHat      
--------------
 
                   1960    1970    1980    1990    2000    2010
---------------------------------------------------------------
Home                NaN     NaN     NaN     NaN     NaN     NaN
Managers          1.000   1.000   1.000   1.000   1.000   1.000
MgmtRelated       1.000   1.000   1.000   1.000   1.000   1.000
Architects        1.000   1.000   1.000   1.000   1.000   1.000
Engineers         1.000   1.000   1.000   1.000   1.000   1.000
Math/CompSci      1.000   1.000   1.000   1.000   1.000   1.000
Science           1.000   1.000   1.000   1.000   1.000   1.000
Doctors           1.000   1.000   1.000   1.000   1.000   1.000
Nurses            1.000   1.000   1.000   1.000   1.000   1.000
Therapists        1.000   1.000   1.000   1.000   1.000   1.000
Professors        1.000   1.000   1.000   1.000   1.000   1.000
Teachers          1.000   1.000   1.000   1.000   1.000   1.000
Librarians        1.000   1.000   1.000   1.000   1.000   1.000
Soc.Scientists    1.000   1.000   1.000   1.000   1.000   1.000
SocialWork        1.000   1.000   1.000   1.000   1.000   1.000
Lawyers           1.000   1.000   1.000   1.000   1.000   1.000
Arts/Athletes     1.000   1.000   1.000   1.000   1.000   1.000
HealthTechs       1.000   1.000   1.000   1.000   1.000   1.000
Eng.Techs         1.000   1.000   1.000   1.000   1.000   1.000
ScienceTechs      1.000   1.000   1.000   1.000   1.000   1.000
OtherTechs        1.000   1.000   1.000   1.000   1.000   1.000
Sales             1.000   1.000   1.000   1.000   1.000   1.000
Secretaries       1.000   1.000   1.000   1.000   1.000   1.000
Info.Clerks       1.000   1.000   1.000   1.000   1.000   1.000
Records           1.000   1.000   1.000   1.000   1.000   1.000
FinancialClerk    1.000   1.000   1.000   1.000   1.000   1.000
OfficeMachine     1.000   1.000   1.000   1.000   1.000   1.000
ComputerTech      1.000   1.000   1.000   1.000   1.000   1.000
Mail              1.000   1.000   1.000   1.000   1.000   1.000
Clerks            1.000   1.000   1.000   1.000   1.000   1.000
Insurance         1.000   1.000   1.000   1.000   1.000   1.000
Misc.Admin        1.000   1.000   1.000   1.000   1.000   1.000
PrivateHshld      1.000   1.000   1.000   1.000   1.000   1.000
Firefighting      1.000   1.000   1.000   1.000   1.000   1.000
Police            1.000   1.000   1.000   1.000   1.000   1.000
Guards            1.000   1.000   1.000   1.000   1.000   1.000
FoodPrep          1.000   1.000   1.000   1.000   1.000   1.000
HealthService     1.000   1.000   1.000   1.000   1.000   1.000
Cleaning          1.000   1.000   1.000   1.000   1.000   1.000
PersonalService   1.000   1.000   1.000   1.000   1.000   1.000
FarmMgrs          1.000   1.000   1.000   1.000   1.000   1.000
FarmWork          1.000   1.000   1.000   1.000   1.000   1.000
Agriculture       1.000   1.000   1.000   1.000   1.000   1.000
Forest            1.000   1.000   1.000   1.000   1.000   1.000
Mechanics         1.000   1.000   1.000   1.000   1.000   1.000
Elec.Repairer     1.000   1.000   1.000   1.000   1.000   1.000
Misc.Repairer     1.000   1.000   1.000   1.000   1.000   1.000
Construction      1.000   1.000   1.000   1.000   1.000   1.000
Extractive        1.000   1.000   1.000   1.000   1.000   1.000
Supervisor(P)     1.000   1.000   1.000   1.000   1.000   1.000
MetalWork         1.000   1.000   1.000   1.000   1.000   1.000
WoodWork          1.000   1.000   1.000   1.000   1.000   1.000
Textiles          1.000   1.000   1.000   1.000   1.000   1.000
Other             1.000   1.000   1.000   1.000   1.000   1.000
Food              1.000   1.000   1.000   1.000   1.000   1.000
PlantOperator     1.000   1.000   1.000   1.000   1.000   1.000
MetalMach.        1.000   1.000   1.000   1.000   1.000   1.000
MetalProc.        1.000   1.000   1.000   1.000   1.000   1.000
WoodMach.         1.000   1.000   1.000   1.000   1.000   1.000
TextileMach.      1.000   1.000   1.000   1.000   1.000   1.000
PrintMach.        1.000   1.000   1.000   1.000   1.000   1.000
OtherMach.        1.000   1.000   1.000   1.000   1.000   1.000
Fabricators       1.000   1.000   1.000   1.000   1.000   1.000
Prod.Inspectors   1.000   1.000   1.000   1.000   1.000   1.000
MotorVehicle      1.000   1.000   1.000   1.000   1.000   1.000
OtherVehicle      1.000   1.000   1.000   1.000   1.000   1.000
Freight           1.000   1.000   1.000   1.000   1.000   1.000
 
Mean             1.000   1.000   1.000   1.000   1.000   1.000
Std Dev          0.000   0.000   0.000   0.000   0.000   0.000
Mean(weighted)   1.000   1.000   1.000   1.000   1.000   1.000
Std Dev(wghtd)   0.000   0.000   0.000   0.000   0.000   0.000
 
--------------
    TauW      
--------------
 
                   1960    1970    1980    1990    2000    2010
---------------------------------------------------------------
Home              0.000   0.000   0.000   0.000   0.000   0.000
Managers          0.000   0.000   0.000   0.000   0.000   0.000
MgmtRelated       0.000   0.000   0.000   0.000   0.000   0.000
Architects        0.000   0.000   0.000   0.000   0.000   0.000
Engineers         0.000   0.000   0.000   0.000   0.000   0.000
Math/CompSci      0.000   0.000   0.000   0.000   0.000   0.000
Science           0.000   0.000   0.000   0.000   0.000   0.000
Doctors           0.000   0.000   0.000   0.000   0.000   0.000
Nurses            0.000   0.000   0.000   0.000   0.000   0.000
Therapists        0.000   0.000   0.000   0.000   0.000   0.000
Professors        0.000   0.000   0.000   0.000   0.000   0.000
Teachers          0.000   0.000   0.000   0.000   0.000   0.000
Librarians        0.000   0.000   0.000   0.000   0.000   0.000
Soc.Scientists    0.000   0.000   0.000   0.000   0.000   0.000
SocialWork        0.000   0.000   0.000   0.000   0.000   0.000
Lawyers           0.000   0.000   0.000   0.000   0.000   0.000
Arts/Athletes     0.000   0.000   0.000   0.000   0.000   0.000
HealthTechs       0.000   0.000   0.000   0.000   0.000   0.000
Eng.Techs         0.000   0.000   0.000   0.000   0.000   0.000
ScienceTechs      0.000   0.000   0.000   0.000   0.000   0.000
OtherTechs        0.000   0.000   0.000   0.000   0.000   0.000
Sales             0.000   0.000   0.000   0.000   0.000   0.000
Secretaries       0.000   0.000   0.000   0.000   0.000   0.000
Info.Clerks       0.000   0.000   0.000   0.000   0.000   0.000
Records           0.000   0.000   0.000   0.000   0.000   0.000
FinancialClerk    0.000   0.000   0.000   0.000   0.000   0.000
OfficeMachine     0.000   0.000   0.000   0.000   0.000   0.000
ComputerTech      0.000   0.000   0.000   0.000   0.000   0.000
Mail              0.000   0.000   0.000   0.000   0.000   0.000
Clerks            0.000   0.000   0.000   0.000   0.000   0.000
Insurance         0.000   0.000   0.000   0.000   0.000   0.000
Misc.Admin        0.000   0.000   0.000   0.000   0.000   0.000
PrivateHshld      0.000   0.000   0.000   0.000   0.000   0.000
Firefighting      0.000   0.000   0.000   0.000   0.000   0.000
Police            0.000   0.000   0.000   0.000   0.000   0.000
Guards            0.000   0.000   0.000   0.000   0.000   0.000
FoodPrep          0.000   0.000   0.000   0.000   0.000   0.000
HealthService     0.000   0.000   0.000   0.000   0.000   0.000
Cleaning          0.000   0.000   0.000   0.000   0.000   0.000
PersonalService   0.000   0.000   0.000   0.000   0.000   0.000
FarmMgrs          0.000   0.000   0.000   0.000   0.000   0.000
FarmWork          0.000   0.000   0.000   0.000   0.000   0.000
Agriculture       0.000   0.000   0.000   0.000   0.000   0.000
Forest            0.000   0.000   0.000   0.000   0.000   0.000
Mechanics         0.000   0.000   0.000   0.000   0.000   0.000
Elec.Repairer     0.000   0.000   0.000   0.000   0.000   0.000
Misc.Repairer     0.000   0.000   0.000   0.000   0.000   0.000
Construction      0.000   0.000   0.000   0.000   0.000   0.000
Extractive        0.000   0.000   0.000   0.000   0.000   0.000
Supervisor(P)     0.000   0.000   0.000   0.000   0.000   0.000
MetalWork         0.000   0.000   0.000   0.000   0.000   0.000
WoodWork          0.000   0.000   0.000   0.000   0.000   0.000
Textiles          0.000   0.000   0.000   0.000   0.000   0.000
Other             0.000   0.000   0.000   0.000   0.000   0.000
Food              0.000   0.000   0.000   0.000   0.000   0.000
PlantOperator     0.000   0.000   0.000   0.000   0.000   0.000
MetalMach.        0.000   0.000   0.000   0.000   0.000   0.000
MetalProc.        0.000   0.000   0.000   0.000   0.000   0.000
WoodMach.         0.000   0.000   0.000   0.000   0.000   0.000
TextileMach.      0.000   0.000   0.000   0.000   0.000   0.000
PrintMach.        0.000   0.000   0.000   0.000   0.000   0.000
OtherMach.        0.000   0.000   0.000   0.000   0.000   0.000
Fabricators       0.000   0.000   0.000   0.000   0.000   0.000
Prod.Inspectors   0.000   0.000   0.000   0.000   0.000   0.000
MotorVehicle      0.000   0.000   0.000   0.000   0.000   0.000
OtherVehicle      0.000   0.000   0.000   0.000   0.000   0.000
Freight           0.000   0.000   0.000   0.000   0.000   0.000
 
Mean             0.000   0.000   0.000   0.000   0.000   0.000
Std Dev          0.000   0.000   0.000   0.000   0.000   0.000
Mean(weighted)   0.000   0.000   0.000   0.000   0.000   0.000
Std Dev(wghtd)   0.000   0.000   0.000   0.000   0.000   0.000
 
-------------------------
    WageGrowthRelative      
-------------------------
 
                   1960    1970    1980    1990    2000    2010
---------------------------------------------------------------
Home                NaN     NaN     NaN     NaN     NaN     NaN
Managers          1.000   1.000   1.000   1.000   1.000     NaN
MgmtRelated       1.000   1.000   1.000   1.000   1.000     NaN
Architects        1.000   1.000   1.000   1.000   1.000     NaN
Engineers         1.000   1.000   1.000   1.000   1.000     NaN
Math/CompSci      1.000   1.000   1.000   1.000   1.000     NaN
Science           1.000   1.000   1.000   1.000   1.000     NaN
Doctors           1.000   1.000   1.000   1.000   1.000     NaN
Nurses            1.000   1.000   1.000   1.000   1.000     NaN
Therapists        1.000   1.000   1.000   1.000   1.000     NaN
Professors        1.000   1.000   1.000   1.000   1.000     NaN
Teachers          1.000   1.000   1.000   1.000   1.000     NaN
Librarians        1.000   1.000   1.000   1.000   1.000     NaN
Soc.Scientists    1.000   1.000   1.000   1.000   1.000     NaN
SocialWork        1.000   1.000   1.000   1.000   1.000     NaN
Lawyers           1.000   1.000   1.000   1.000   1.000     NaN
Arts/Athletes     1.000   1.000   1.000   1.000   1.000     NaN
HealthTechs       1.000   1.000   1.000   1.000   1.000     NaN
Eng.Techs         1.000   1.000   1.000   1.000   1.000     NaN
ScienceTechs      1.000   1.000   1.000   1.000   1.000     NaN
OtherTechs        1.000   1.000   1.000   1.000   1.000     NaN
Sales             1.000   1.000   1.000   1.000   1.000     NaN
Secretaries       1.000   1.000   1.000   1.000   1.000     NaN
Info.Clerks       1.000   1.000   1.000   1.000   1.000     NaN
Records           1.000   1.000   1.000   1.000   1.000     NaN
FinancialClerk    1.000   1.000   1.000   1.000   1.000     NaN
OfficeMachine     1.000   1.000   1.000   1.000   1.000     NaN
ComputerTech      1.000   1.000   1.000   1.000   1.000     NaN
Mail              1.000   1.000   1.000   1.000   1.000     NaN
Clerks            1.000   1.000   1.000   1.000   1.000     NaN
Insurance         1.000   1.000   1.000   1.000   1.000     NaN
Misc.Admin        1.000   1.000   1.000   1.000   1.000     NaN
PrivateHshld      1.000   1.000   1.000   1.000   1.000     NaN
Firefighting      1.000   1.000   1.000   1.000   1.000     NaN
Police            1.000   1.000   1.000   1.000   1.000     NaN
Guards            1.000   1.000   1.000   1.000   1.000     NaN
FoodPrep          1.000   1.000   1.000   1.000   1.000     NaN
HealthService     1.000   1.000   1.000   1.000   1.000     NaN
Cleaning          1.000   1.000   1.000   1.000   1.000     NaN
PersonalService   1.000   1.000   1.000   1.000   1.000     NaN
FarmMgrs          1.000   1.000   1.000   1.000   1.000     NaN
FarmWork          1.000   1.000   1.000   1.000   1.000     NaN
Agriculture       1.000   1.000   1.000   1.000   1.000     NaN
Forest            1.000   1.000   1.000   1.000   1.000     NaN
Mechanics         1.000   1.000   1.000   1.000   1.000     NaN
Elec.Repairer     1.000   1.000   1.000   1.000   1.000     NaN
Misc.Repairer     1.000   1.000   1.000   1.000   1.000     NaN
Construction      1.000   1.000   1.000   1.000   1.000     NaN
Extractive        1.000   1.000   1.000   1.000   1.000     NaN
Supervisor(P)     1.000   1.000   1.000   1.000   1.000     NaN
MetalWork         1.000   1.000   1.000   1.000   1.000     NaN
WoodWork          1.000   1.000   1.000   1.000   1.000     NaN
Textiles          1.000   1.000   1.000   1.000   1.000     NaN
Other             1.000   1.000   1.000   1.000   1.000     NaN
Food              1.000   1.000   1.000   1.000   1.000     NaN
PlantOperator     1.000   1.000   1.000   1.000   1.000     NaN
MetalMach.        1.000   1.000   1.000   1.000   1.000     NaN
MetalProc.        1.000   1.000   1.000   1.000   1.000     NaN
WoodMach.         1.000   1.000   1.000   1.000   1.000     NaN
TextileMach.      1.000   1.000   1.000   1.000   1.000     NaN
PrintMach.        1.000   1.000   1.000   1.000   1.000     NaN
OtherMach.        1.000   1.000   1.000   1.000   1.000     NaN
Fabricators       1.000   1.000   1.000   1.000   1.000     NaN
Prod.Inspectors   1.000   1.000   1.000   1.000   1.000     NaN
MotorVehicle      1.000   1.000   1.000   1.000   1.000     NaN
OtherVehicle      1.000   1.000   1.000   1.000   1.000     NaN
Freight           1.000   1.000   1.000   1.000   1.000     NaN
 
Mean             1.000   1.000   1.000   1.000   1.000     NaN
Std Dev          0.000   0.000   0.000   0.000   0.000   0.000
Mean(weighted)   1.000   1.000   1.000   1.000   1.000   0.000
Std Dev(wghtd)   0.000   0.000   0.000   0.000   0.000     NaN
 
--------------
    TauH      
--------------
 
                   1940    1950    1960    1970    1980    1990    2000    2010
-------------------------------------------------------------------------------
Home              0.000   0.000   0.000   0.000   0.000   0.000   0.000   0.000
Managers          0.000   0.000   0.000   0.000   0.000   0.000   0.000   0.000
MgmtRelated       0.000   0.000   0.000   0.000   0.000   0.000   0.000   0.000
Architects        0.000   0.000   0.000   0.000   0.000   0.000   0.000   0.000
Engineers         0.000   0.000   0.000   0.000   0.000   0.000   0.000   0.000
Math/CompSci      0.000   0.000   0.000   0.000   0.000   0.000   0.000   0.000
Science           0.000   0.000   0.000   0.000   0.000   0.000   0.000   0.000
Doctors           0.000   0.000   0.000   0.000   0.000   0.000   0.000   0.000
Nurses            0.000   0.000   0.000   0.000   0.000   0.000   0.000   0.000
Therapists        0.000   0.000   0.000   0.000   0.000   0.000   0.000   0.000
Professors        0.000   0.000   0.000   0.000   0.000   0.000   0.000   0.000
Teachers          0.000   0.000   0.000   0.000   0.000   0.000   0.000   0.000
Librarians        0.000   0.000   0.000   0.000   0.000   0.000   0.000   0.000
Soc.Scientists    0.000   0.000   0.000   0.000   0.000   0.000   0.000   0.000
SocialWork        0.000   0.000   0.000   0.000   0.000   0.000   0.000   0.000
Lawyers           0.000   0.000   0.000   0.000   0.000   0.000   0.000   0.000
Arts/Athletes     0.000   0.000   0.000   0.000   0.000   0.000   0.000   0.000
HealthTechs       0.000   0.000   0.000   0.000   0.000   0.000   0.000   0.000
Eng.Techs         0.000   0.000   0.000   0.000   0.000   0.000   0.000   0.000
ScienceTechs      0.000   0.000   0.000   0.000   0.000   0.000   0.000   0.000
OtherTechs        0.000   0.000   0.000   0.000   0.000   0.000   0.000   0.000
Sales             0.000   0.000   0.000   0.000   0.000   0.000   0.000   0.000
Secretaries       0.000   0.000   0.000   0.000   0.000   0.000   0.000   0.000
Info.Clerks       0.000   0.000   0.000   0.000   0.000   0.000   0.000   0.000
Records           0.000   0.000   0.000   0.000   0.000   0.000   0.000   0.000
FinancialClerk    0.000   0.000   0.000   0.000   0.000   0.000   0.000   0.000
OfficeMachine     0.000   0.000   0.000   0.000   0.000   0.000   0.000   0.000
ComputerTech      0.000   0.000   0.000   0.000   0.000   0.000   0.000   0.000
Mail              0.000   0.000   0.000   0.000   0.000   0.000   0.000   0.000
Clerks            0.000   0.000   0.000   0.000   0.000   0.000   0.000   0.000
Insurance         0.000   0.000   0.000   0.000   0.000   0.000   0.000   0.000
Misc.Admin        0.000   0.000   0.000   0.000   0.000   0.000   0.000   0.000
PrivateHshld      0.000   0.000   0.000   0.000   0.000   0.000   0.000   0.000
Firefighting      0.000   0.000   0.000   0.000   0.000   0.000   0.000   0.000
Police            0.000   0.000   0.000   0.000   0.000   0.000   0.000   0.000
Guards            0.000   0.000   0.000   0.000   0.000   0.000   0.000   0.000
FoodPrep          0.000   0.000   0.000   0.000   0.000   0.000   0.000   0.000
HealthService     0.000   0.000   0.000   0.000   0.000   0.000   0.000   0.000
Cleaning          0.000   0.000   0.000   0.000   0.000   0.000   0.000   0.000
PersonalService   0.000   0.000   0.000   0.000   0.000   0.000   0.000   0.000
FarmMgrs          0.000   0.000   0.000   0.000   0.000   0.000   0.000   0.000
FarmWork          0.000   0.000   0.000   0.000   0.000   0.000   0.000   0.000
Agriculture       0.000   0.000   0.000   0.000   0.000   0.000   0.000   0.000
Forest            0.000   0.000   0.000   0.000   0.000   0.000   0.000   0.000
Mechanics         0.000   0.000   0.000   0.000   0.000   0.000   0.000   0.000
Elec.Repairer     0.000   0.000   0.000   0.000   0.000   0.000   0.000   0.000
Misc.Repairer     0.000   0.000   0.000   0.000   0.000   0.000   0.000   0.000
Construction      0.000   0.000   0.000   0.000   0.000   0.000   0.000   0.000
Extractive        0.000   0.000   0.000   0.000   0.000   0.000   0.000   0.000
Supervisor(P)     0.000   0.000   0.000   0.000   0.000   0.000   0.000   0.000
MetalWork         0.000   0.000   0.000   0.000   0.000   0.000   0.000   0.000
WoodWork          0.000   0.000   0.000   0.000   0.000   0.000   0.000   0.000
Textiles          0.000   0.000   0.000   0.000   0.000   0.000   0.000   0.000
Other             0.000   0.000   0.000   0.000   0.000   0.000   0.000   0.000
Food              0.000   0.000   0.000   0.000   0.000   0.000   0.000   0.000
PlantOperator     0.000   0.000   0.000   0.000   0.000   0.000   0.000   0.000
MetalMach.        0.000   0.000   0.000   0.000   0.000   0.000   0.000   0.000
MetalProc.        0.000   0.000   0.000   0.000   0.000   0.000   0.000   0.000
WoodMach.         0.000   0.000   0.000   0.000   0.000   0.000   0.000   0.000
TextileMach.      0.000   0.000   0.000   0.000   0.000   0.000   0.000   0.000
PrintMach.        0.000   0.000   0.000   0.000   0.000   0.000   0.000   0.000
OtherMach.        0.000   0.000   0.000   0.000   0.000   0.000   0.000   0.000
Fabricators       0.000   0.000   0.000   0.000   0.000   0.000   0.000   0.000
Prod.Inspectors   0.000   0.000   0.000   0.000   0.000   0.000   0.000   0.000
MotorVehicle      0.000   0.000   0.000   0.000   0.000   0.000   0.000   0.000
OtherVehicle      0.000   0.000   0.000   0.000   0.000   0.000   0.000   0.000
Freight           0.000   0.000   0.000   0.000   0.000   0.000   0.000   0.000
 
Mean             0.000   0.000   0.000   0.000   0.000   0.000   0.000   0.000
Std Dev          0.000   0.000   0.000   0.000   0.000   0.000   0.000   0.000
Mean(weighted)     NaN     NaN   0.000   0.000   0.000   0.000   0.000   0.000
Std Dev(wghtd)     NaN     NaN   0.000   0.000   0.000   0.000   0.000   0.000
 
--------------------
    1/(1-TauW)      
--------------------
 
                   1960    1970    1980    1990    2000    2010
---------------------------------------------------------------
Home              1.000   1.000   1.000   1.000   1.000   1.000
Managers          1.000   1.000   1.000   1.000   1.000   1.000
MgmtRelated       1.000   1.000   1.000   1.000   1.000   1.000
Architects        1.000   1.000   1.000   1.000   1.000   1.000
Engineers         1.000   1.000   1.000   1.000   1.000   1.000
Math/CompSci      1.000   1.000   1.000   1.000   1.000   1.000
Science           1.000   1.000   1.000   1.000   1.000   1.000
Doctors           1.000   1.000   1.000   1.000   1.000   1.000
Nurses            1.000   1.000   1.000   1.000   1.000   1.000
Therapists        1.000   1.000   1.000   1.000   1.000   1.000
Professors        1.000   1.000   1.000   1.000   1.000   1.000
Teachers          1.000   1.000   1.000   1.000   1.000   1.000
Librarians        1.000   1.000   1.000   1.000   1.000   1.000
Soc.Scientists    1.000   1.000   1.000   1.000   1.000   1.000
SocialWork        1.000   1.000   1.000   1.000   1.000   1.000
Lawyers           1.000   1.000   1.000   1.000   1.000   1.000
Arts/Athletes     1.000   1.000   1.000   1.000   1.000   1.000
HealthTechs       1.000   1.000   1.000   1.000   1.000   1.000
Eng.Techs         1.000   1.000   1.000   1.000   1.000   1.000
ScienceTechs      1.000   1.000   1.000   1.000   1.000   1.000
OtherTechs        1.000   1.000   1.000   1.000   1.000   1.000
Sales             1.000   1.000   1.000   1.000   1.000   1.000
Secretaries       1.000   1.000   1.000   1.000   1.000   1.000
Info.Clerks       1.000   1.000   1.000   1.000   1.000   1.000
Records           1.000   1.000   1.000   1.000   1.000   1.000
FinancialClerk    1.000   1.000   1.000   1.000   1.000   1.000
OfficeMachine     1.000   1.000   1.000   1.000   1.000   1.000
ComputerTech      1.000   1.000   1.000   1.000   1.000   1.000
Mail              1.000   1.000   1.000   1.000   1.000   1.000
Clerks            1.000   1.000   1.000   1.000   1.000   1.000
Insurance         1.000   1.000   1.000   1.000   1.000   1.000
Misc.Admin        1.000   1.000   1.000   1.000   1.000   1.000
PrivateHshld      1.000   1.000   1.000   1.000   1.000   1.000
Firefighting      1.000   1.000   1.000   1.000   1.000   1.000
Police            1.000   1.000   1.000   1.000   1.000   1.000
Guards            1.000   1.000   1.000   1.000   1.000   1.000
FoodPrep          1.000   1.000   1.000   1.000   1.000   1.000
HealthService     1.000   1.000   1.000   1.000   1.000   1.000
Cleaning          1.000   1.000   1.000   1.000   1.000   1.000
PersonalService   1.000   1.000   1.000   1.000   1.000   1.000
FarmMgrs          1.000   1.000   1.000   1.000   1.000   1.000
FarmWork          1.000   1.000   1.000   1.000   1.000   1.000
Agriculture       1.000   1.000   1.000   1.000   1.000   1.000
Forest            1.000   1.000   1.000   1.000   1.000   1.000
Mechanics         1.000   1.000   1.000   1.000   1.000   1.000
Elec.Repairer     1.000   1.000   1.000   1.000   1.000   1.000
Misc.Repairer     1.000   1.000   1.000   1.000   1.000   1.000
Construction      1.000   1.000   1.000   1.000   1.000   1.000
Extractive        1.000   1.000   1.000   1.000   1.000   1.000
Supervisor(P)     1.000   1.000   1.000   1.000   1.000   1.000
MetalWork         1.000   1.000   1.000   1.000   1.000   1.000
WoodWork          1.000   1.000   1.000   1.000   1.000   1.000
Textiles          1.000   1.000   1.000   1.000   1.000   1.000
Other             1.000   1.000   1.000   1.000   1.000   1.000
Food              1.000   1.000   1.000   1.000   1.000   1.000
PlantOperator     1.000   1.000   1.000   1.000   1.000   1.000
MetalMach.        1.000   1.000   1.000   1.000   1.000   1.000
MetalProc.        1.000   1.000   1.000   1.000   1.000   1.000
WoodMach.         1.000   1.000   1.000   1.000   1.000   1.000
TextileMach.      1.000   1.000   1.000   1.000   1.000   1.000
PrintMach.        1.000   1.000   1.000   1.000   1.000   1.000
OtherMach.        1.000   1.000   1.000   1.000   1.000   1.000
Fabricators       1.000   1.000   1.000   1.000   1.000   1.000
Prod.Inspectors   1.000   1.000   1.000   1.000   1.000   1.000
MotorVehicle      1.000   1.000   1.000   1.000   1.000   1.000
OtherVehicle      1.000   1.000   1.000   1.000   1.000   1.000
Freight           1.000   1.000   1.000   1.000   1.000   1.000
 
Mean             1.000   1.000   1.000   1.000   1.000   1.000
Std Dev          0.000   0.000   0.000   0.000   0.000   0.000
Mean(weighted)   1.000   1.000   1.000   1.000   1.000   1.000
Std Dev(wghtd)   0.000   0.000   0.000   0.000   0.000   0.000
eta = 0.1030
 
----------------------
    (1+tauh)^eta      
----------------------
 
                   1940    1950    1960    1970    1980    1990    2000    2010
-------------------------------------------------------------------------------
Home              1.000   1.000   1.000   1.000   1.000   1.000   1.000   1.000
Managers          1.000   1.000   1.000   1.000   1.000   1.000   1.000   1.000
MgmtRelated       1.000   1.000   1.000   1.000   1.000   1.000   1.000   1.000
Architects        1.000   1.000   1.000   1.000   1.000   1.000   1.000   1.000
Engineers         1.000   1.000   1.000   1.000   1.000   1.000   1.000   1.000
Math/CompSci      1.000   1.000   1.000   1.000   1.000   1.000   1.000   1.000
Science           1.000   1.000   1.000   1.000   1.000   1.000   1.000   1.000
Doctors           1.000   1.000   1.000   1.000   1.000   1.000   1.000   1.000
Nurses            1.000   1.000   1.000   1.000   1.000   1.000   1.000   1.000
Therapists        1.000   1.000   1.000   1.000   1.000   1.000   1.000   1.000
Professors        1.000   1.000   1.000   1.000   1.000   1.000   1.000   1.000
Teachers          1.000   1.000   1.000   1.000   1.000   1.000   1.000   1.000
Librarians        1.000   1.000   1.000   1.000   1.000   1.000   1.000   1.000
Soc.Scientists    1.000   1.000   1.000   1.000   1.000   1.000   1.000   1.000
SocialWork        1.000   1.000   1.000   1.000   1.000   1.000   1.000   1.000
Lawyers           1.000   1.000   1.000   1.000   1.000   1.000   1.000   1.000
Arts/Athletes     1.000   1.000   1.000   1.000   1.000   1.000   1.000   1.000
HealthTechs       1.000   1.000   1.000   1.000   1.000   1.000   1.000   1.000
Eng.Techs         1.000   1.000   1.000   1.000   1.000   1.000   1.000   1.000
ScienceTechs      1.000   1.000   1.000   1.000   1.000   1.000   1.000   1.000
OtherTechs        1.000   1.000   1.000   1.000   1.000   1.000   1.000   1.000
Sales             1.000   1.000   1.000   1.000   1.000   1.000   1.000   1.000
Secretaries       1.000   1.000   1.000   1.000   1.000   1.000   1.000   1.000
Info.Clerks       1.000   1.000   1.000   1.000   1.000   1.000   1.000   1.000
Records           1.000   1.000   1.000   1.000   1.000   1.000   1.000   1.000
FinancialClerk    1.000   1.000   1.000   1.000   1.000   1.000   1.000   1.000
OfficeMachine     1.000   1.000   1.000   1.000   1.000   1.000   1.000   1.000
ComputerTech      1.000   1.000   1.000   1.000   1.000   1.000   1.000   1.000
Mail              1.000   1.000   1.000   1.000   1.000   1.000   1.000   1.000
Clerks            1.000   1.000   1.000   1.000   1.000   1.000   1.000   1.000
Insurance         1.000   1.000   1.000   1.000   1.000   1.000   1.000   1.000
Misc.Admin        1.000   1.000   1.000   1.000   1.000   1.000   1.000   1.000
PrivateHshld      1.000   1.000   1.000   1.000   1.000   1.000   1.000   1.000
Firefighting      1.000   1.000   1.000   1.000   1.000   1.000   1.000   1.000
Police            1.000   1.000   1.000   1.000   1.000   1.000   1.000   1.000
Guards            1.000   1.000   1.000   1.000   1.000   1.000   1.000   1.000
FoodPrep          1.000   1.000   1.000   1.000   1.000   1.000   1.000   1.000
HealthService     1.000   1.000   1.000   1.000   1.000   1.000   1.000   1.000
Cleaning          1.000   1.000   1.000   1.000   1.000   1.000   1.000   1.000
PersonalService   1.000   1.000   1.000   1.000   1.000   1.000   1.000   1.000
FarmMgrs          1.000   1.000   1.000   1.000   1.000   1.000   1.000   1.000
FarmWork          1.000   1.000   1.000   1.000   1.000   1.000   1.000   1.000
Agriculture       1.000   1.000   1.000   1.000   1.000   1.000   1.000   1.000
Forest            1.000   1.000   1.000   1.000   1.000   1.000   1.000   1.000
Mechanics         1.000   1.000   1.000   1.000   1.000   1.000   1.000   1.000
Elec.Repairer     1.000   1.000   1.000   1.000   1.000   1.000   1.000   1.000
Misc.Repairer     1.000   1.000   1.000   1.000   1.000   1.000   1.000   1.000
Construction      1.000   1.000   1.000   1.000   1.000   1.000   1.000   1.000
Extractive        1.000   1.000   1.000   1.000   1.000   1.000   1.000   1.000
Supervisor(P)     1.000   1.000   1.000   1.000   1.000   1.000   1.000   1.000
MetalWork         1.000   1.000   1.000   1.000   1.000   1.000   1.000   1.000
WoodWork          1.000   1.000   1.000   1.000   1.000   1.000   1.000   1.000
Textiles          1.000   1.000   1.000   1.000   1.000   1.000   1.000   1.000
Other             1.000   1.000   1.000   1.000   1.000   1.000   1.000   1.000
Food              1.000   1.000   1.000   1.000   1.000   1.000   1.000   1.000
PlantOperator     1.000   1.000   1.000   1.000   1.000   1.000   1.000   1.000
MetalMach.        1.000   1.000   1.000   1.000   1.000   1.000   1.000   1.000
MetalProc.        1.000   1.000   1.000   1.000   1.000   1.000   1.000   1.000
WoodMach.         1.000   1.000   1.000   1.000   1.000   1.000   1.000   1.000
TextileMach.      1.000   1.000   1.000   1.000   1.000   1.000   1.000   1.000
PrintMach.        1.000   1.000   1.000   1.000   1.000   1.000   1.000   1.000
OtherMach.        1.000   1.000   1.000   1.000   1.000   1.000   1.000   1.000
Fabricators       1.000   1.000   1.000   1.000   1.000   1.000   1.000   1.000
Prod.Inspectors   1.000   1.000   1.000   1.000   1.000   1.000   1.000   1.000
MotorVehicle      1.000   1.000   1.000   1.000   1.000   1.000   1.000   1.000
OtherVehicle      1.000   1.000   1.000   1.000   1.000   1.000   1.000   1.000
Freight           1.000   1.000   1.000   1.000   1.000   1.000   1.000   1.000
 
Mean             1.000   1.000   1.000   1.000   1.000   1.000   1.000   1.000
Std Dev          0.000   0.000   0.000   0.000   0.000   0.000   0.000   0.000
Mean(weighted)     NaN     NaN   1.000   1.000   1.000   1.000   1.000   1.000
Std Dev(wghtd)     NaN     NaN   0.000   0.000   0.000   0.000   0.000   0.000
 
--------------------------------------------------
    z -- preference shock by Cohort of birth      
--------------------------------------------------
 
                   1940    1950    1960    1970    1980    1990    2000    2010
-------------------------------------------------------------------------------
Home              0.000   0.000   1.000   1.000   1.000   1.000   1.000   1.000
Managers          0.000   0.000   0.915   0.846   0.854   0.760   0.856   0.756
MgmtRelated       0.000   0.000   1.090   0.935   0.951   0.860   0.962   0.804
Architects        0.000   0.000   1.282   1.266   1.216   0.929   1.132   0.944
Engineers         0.000   0.000   1.030   0.950   0.889   0.792   0.936   0.753
Math/CompSci      0.000   0.000   1.149   0.943   0.908   0.799   0.916   0.783
Science           0.000   0.000   1.226   1.125   1.207   1.059   1.412   1.101
Doctors           0.000   0.000   1.614   1.247   1.097   1.020   1.203   0.990
Nurses            0.000   0.000   1.251   1.163   1.214   0.864   0.986   0.808
Therapists        0.000   0.000   1.633   1.271   1.106   0.953   1.133   0.981
Professors        0.000   0.000   2.346   2.017   2.063   2.102   2.327   2.093
Teachers          0.000   0.000   1.613   1.457   1.434   1.224   1.444   1.188
Librarians        0.000   0.000   1.771   1.511   1.586   1.490   1.722   1.598
Soc.Scientists    0.000   0.000   1.373   1.139   1.229   1.064   1.268   0.941
SocialWork        0.000   0.000   2.044   1.581   1.520   1.316   1.468   1.223
Lawyers           0.000   0.000   1.498   1.257   1.251   0.999   1.193   0.896
Arts/Athletes     0.000   0.000   1.142   0.977   1.133   0.982   1.141   0.989
HealthTechs       0.000   0.000   1.088   1.063   1.112   0.960   1.071   0.876
Eng.Techs         0.000   0.000   0.941   0.873   0.873   0.825   0.989   0.825
ScienceTechs      0.000   0.000   0.986   1.018   0.927   0.863   1.018   0.856
OtherTechs        0.000   0.000   1.011   0.897   0.988   0.856   0.903   0.745
Sales             0.000   0.000   0.989   0.864   0.879   0.799   0.924   0.860
Secretaries       0.000   0.000   1.050   0.959   1.072   1.055   1.139   1.067
Info.Clerks       0.000   0.000   1.004   0.932   1.048   1.014   1.225   1.099
Records           0.000   0.000   1.186   0.990   0.998   0.998   1.229   1.098
FinancialClerk    0.000   0.000   1.112   0.952   0.995   0.984   1.138   0.968
OfficeMachine     0.000   0.000   1.008   0.993   1.021   0.993   0.983   1.112
ComputerTech      0.000   0.000   0.871   0.866   0.856   0.868   1.043   0.939
Mail              0.000   0.000   0.980   0.922   0.807   0.787   1.011   0.865
Clerks            0.000   0.000   0.967   0.888   0.878   0.878   1.064   1.005
Insurance         0.000   0.000   1.151   0.959   1.007   0.945   1.080   0.986
Misc.Admin        0.000   0.000   1.040   0.925   1.025   0.978   1.191   1.053
PrivateHshld      0.000   0.000   0.939   0.928   1.037   1.065   1.305   1.196
Firefighting      0.000   0.000   0.923   0.796   0.797   0.717   0.846   0.681
Police            0.000   0.000   0.963   0.827   0.844   0.763   0.917   0.737
Guards            0.000   0.000   0.960   0.928   0.962   0.956   1.136   0.986
FoodPrep          0.000   0.000   1.068   0.982   1.152   1.124   1.293   1.240
HealthService     0.000   0.000   1.238   1.181   1.188   1.087   1.321   1.153
Cleaning          0.000   0.000   1.080   0.931   0.948   0.955   1.112   1.018
PersonalService   0.000   0.000   1.025   0.876   1.075   1.046   1.219   1.124
FarmMgrs          0.000   0.000   1.366   1.048   1.033   0.994   1.122   0.845
FarmWork          0.000   0.000   1.353   1.143   0.989   0.994   1.127   0.938
Agriculture       0.000   0.000   0.977   0.918   1.005   0.964   1.103   1.023
Forest            0.000   0.000   1.102   0.975   0.890   0.876   1.034   0.864
Mechanics         0.000   0.000   0.928   0.813   0.791   0.795   0.921   0.799
Elec.Repairer     0.000   0.000   0.899   0.819   0.745   0.786   0.933   0.809
Misc.Repairer     0.000   0.000   0.900   0.790   0.770   0.799   0.948   0.800
Construction      0.000   0.000   0.856   0.784   0.785   0.790   0.928   0.819
Extractive        0.000   0.000   0.837   0.804   0.676   0.710   0.846   0.625
Supervisor(P)     0.000   0.000   0.826   0.767   0.750   0.718   0.865   0.743
MetalWork         0.000   0.000   0.829   0.773   0.744   0.746   0.886   0.785
WoodWork          0.000   0.000   0.932   0.875   0.999   0.882   1.037   0.952
Textiles          0.000   0.000   0.919   0.865   0.919   0.936   1.004   1.009
Other             0.000   0.000   0.861   0.808   0.864   0.826   1.104   0.961
Food              0.000   0.000   0.913   0.827   0.769   0.852   1.046   0.972
PlantOperator     0.000   0.000   0.906   0.782   0.759   0.708   0.858   0.692
MetalMach.        0.000   0.000   0.811   0.804   0.753   0.806   0.963   0.836
MetalProc.        0.000   0.000   0.897   0.769   0.772   0.792   0.933   0.866
WoodMach.         0.000   0.000   0.992   0.910   0.908   0.941   0.975   0.856
TextileMach.      0.000   0.000   0.851   0.788   0.811   0.794   0.941   0.897
PrintMach.        0.000   0.000   1.010   0.911   0.916   0.908   1.067   0.991
OtherMach.        0.000   0.000   0.901   0.827   0.776   0.802   0.956   0.862
Fabricators       0.000   0.000   0.869   0.825   0.779   0.821   0.962   0.844
Prod.Inspectors   0.000   0.000   0.903   0.861   0.784   0.795   0.966   0.819
MotorVehicle      0.000   0.000   0.898   0.820   0.777   0.811   0.954   0.880
OtherVehicle      0.000   0.000   0.820   0.775   0.708   0.734   0.863   0.699
Freight           0.000   0.000   0.971   0.909   0.853   0.915   1.079   1.015
 
Mean             0.000   0.000   1.088   0.973   0.977   0.929   1.085   0.948
Std Dev          0.000   0.000   0.290   0.220   0.232   0.205   0.228   0.215
Mean(weighted)     NaN     NaN   1.056   0.941   0.945   0.881   1.024   0.893
Std Dev(wghtd)     NaN     NaN   0.251   0.195   0.202   0.172   0.198   0.175
 
 
--------------------------------------------------------------------------------------------------
                          >>>>> White Women <<<<<
--------------------------------------------------------------------------------------------------
 
--------------
    TauHat      
--------------
 
                   1960    1970    1980    1990    2000    2010
---------------------------------------------------------------
Home                NaN     NaN     NaN     NaN     NaN     NaN
Managers          5.595   3.872   2.334   1.578   1.473   1.352
MgmtRelated       4.349   3.533   1.657   1.131   1.100   1.120
Architects        8.210   4.423   3.565   2.215   1.907   1.435
Engineers        14.572  13.890   5.204   2.960   2.770   2.533
Math/CompSci      3.204   3.578   1.935   1.508   1.735   1.928
Science           5.148   3.961   2.286   1.557   1.354   1.113
Doctors           7.924   4.603   3.911   2.130   1.536   1.114
Nurses            0.816   0.670   0.532   0.413   0.476   0.444
Therapists        1.419   1.138   0.904   0.584   0.596   0.507
Professors        4.095   2.553   1.518   1.315   1.115   1.027
Teachers          1.368   1.152   0.883   0.707   0.658   0.619
Librarians        0.554   0.737   0.620   0.734   0.598   0.498
Soc.Scientists    2.584   2.734   1.628   1.043   0.916   0.809
SocialWork        2.157   1.577   1.152   0.955   0.802   0.758
Lawyers          11.625   5.691   2.750   1.625   1.360   1.234
Arts/Athletes     2.402   2.623   1.573   1.260   1.198   1.194
HealthTechs       1.077   0.885   0.624   0.589   0.712   0.679
Eng.Techs         7.398   6.145   3.241   2.562   2.291   2.090
ScienceTechs      4.254   3.558   2.100   1.686   1.536   1.469
OtherTechs        6.590   3.295   1.946   1.550   1.844   2.122
Sales             4.006   3.526   2.264   1.771   1.602   1.479
Secretaries       0.287   0.267   0.160   0.152   0.276   0.326
Info.Clerks       1.129   1.090   0.692   0.570   0.523   0.546
Records           1.794   1.847   0.775   0.674   0.717   0.691
FinancialClerk    0.789   0.864   0.553   0.430   0.426   0.525
OfficeMachine     1.082   1.740   1.097   1.191   1.132   0.846
ComputerTech      0.522   1.370   1.182   1.070   1.214   1.186
Mail              7.759   3.120   2.213   1.389   1.554   1.836
Clerks            5.233   3.630   1.917   1.459   1.479   1.428
Insurance         7.081   2.848   1.110   0.767   0.803   0.836
Misc.Admin        1.459   1.037   0.674   0.627   0.603   0.625
PrivateHshld      1.513   1.200   0.922   0.702   0.494   0.434
Firefighting        NaN   1.000   1.000   1.000   1.000   1.000
Police            1.000   1.000   1.000   1.000   1.000   1.000
Guards            1.000   1.000   1.000   1.000   1.000   1.000
FoodPrep          1.306   1.310   1.117   1.091   1.203   1.162
HealthService     0.808   0.619   0.595   0.547   0.419   0.441
Cleaning          1.000   1.000   1.000   1.000   1.000   1.000
PersonalService   1.776   1.442   0.788   0.702   0.687   0.658
FarmMgrs          1.000   1.000   1.000   1.000   1.000   1.000
FarmWork          1.000   1.000   1.000   1.000   1.000   1.000
Agriculture       1.000   1.000   1.000   1.000   1.000   1.000
Forest              NaN   1.000   1.000   1.000   1.000   1.000
Mechanics         1.000   1.000   1.000   1.000   1.000   1.000
Elec.Repairer    14.670   9.361   4.355   3.753   4.184   4.796
Misc.Repairer     1.000   1.000   1.000   1.000   1.000   1.000
Construction      1.000   1.000   1.000   1.000   1.000   1.000
Extractive        1.000   1.000   1.000   1.000   1.000   1.000
Supervisor(P)     1.000   1.000   1.000   1.000   1.000   1.000
MetalWork         1.000   1.000   1.000   1.000   1.000   1.000
WoodWork          1.000   1.000   1.000   1.000   1.000   1.000
Textiles          1.000   1.000   1.000   1.000   1.000   1.000
Other             5.674   3.294   2.296   1.774   0.815   0.663
Food              1.000   1.000   1.000   1.000   1.000   1.000
PlantOperator     1.000   1.000   1.000   1.000   1.000   1.000
MetalMach.        1.000   1.000   1.000   1.000   1.000   1.000
MetalProc.        1.000   1.000   1.000   1.000   1.000   1.000
WoodMach.         1.000   1.000   1.000   1.000   1.000   1.000
TextileMach.      1.000   1.000   1.000   1.000   1.000   1.000
PrintMach.        1.000   1.000   1.000   1.000   1.000   1.000
OtherMach.        1.000   1.000   1.000   1.000   1.000   1.000
Fabricators       1.000   1.000   1.000   1.000   1.000   1.000
Prod.Inspectors   2.064   2.219   1.880   1.741   1.693   1.918
MotorVehicle      1.000   1.000   1.000   1.000   1.000   1.000
OtherVehicle      1.000   1.000   1.000   1.000   1.000   1.000
Freight           1.000   1.000   1.000   1.000   1.000   1.000
 
Mean             2.817   2.112   1.408   1.159   1.118   1.098
Std Dev          3.239   2.179   0.938   0.583   0.577   0.624
Mean(weighted)   3.511   2.696   1.665   1.272   1.218   1.179
Std Dev(wghtd)   3.259   2.450   1.012   0.586   0.551   0.560
 
--------------
    TauW      
--------------
 
                   1960    1970    1980    1990    2000    2010
---------------------------------------------------------------
Home              0.000   0.000   0.000   0.000   0.000   0.000
Managers          0.577   0.556   0.525   0.463   0.425   0.374
MgmtRelated       0.520   0.467   0.366   0.251   0.229   0.244
Architects        0.651  -0.294  -0.185  -0.056   0.035   0.050
Engineers         0.738   0.727   0.683   0.633   0.657   0.652
Math/CompSci      0.441   0.541   0.479   0.407   0.406   0.419
Science           0.559   0.507   0.538   0.456   0.374   0.239
Doctors           0.645   0.612   0.685   0.602   0.448   0.239
Nurses           -0.107  -0.264  -0.592  -1.052  -1.028  -0.937
Therapists        0.160   0.112  -0.066  -0.450  -0.422  -0.673
Professors        0.506   0.463   0.412   0.356   0.240   0.175
Teachers          0.145   0.057  -0.016  -0.198  -0.288  -0.369
Librarians       -0.529  -0.479  -0.527  -0.460  -0.599  -0.700
Soc.Scientists    0.378   0.511   0.461   0.187   0.075  -0.048
SocialWork        0.319   0.281   0.150   0.113  -0.057  -0.118
Lawyers           0.707   0.632   0.688   0.479   0.377   0.314
Arts/Athletes     0.355   0.420   0.401   0.328   0.293   0.291
HealthTechs       0.036  -0.024  -0.357  -0.438  -0.370  -0.309
Eng.Techs         0.632   0.618   0.569   0.512   0.511   0.522
ScienceTechs      0.515   0.469   0.458   0.417   0.361   0.386
OtherTechs        0.610   0.499   0.507   0.454   0.525   0.559
Sales             0.500   0.499   0.411   0.399   0.414   0.427
Secretaries      -1.949  -2.179  -4.288  -4.570  -4.146  -4.173
Info.Clerks       0.059  -0.072  -0.225  -0.486  -0.620  -0.566
Records           0.253   0.289  -0.109  -0.256  -0.338  -0.447
FinancialClerk   -0.126  -0.020  -0.531  -0.972  -1.121  -1.018
OfficeMachine     0.039   0.167  -0.128  -0.095  -0.163  -0.268
ComputerTech     -0.624  -0.513  -0.307  -0.415  -0.395  -0.252
Mail              0.641   0.502   0.411   0.333   0.346   0.333
Clerks            0.563   0.439   0.331   0.298   0.315   0.285
Insurance         0.624   0.578   0.237  -0.104  -0.061  -0.048
Misc.Admin        0.172   0.085  -0.257  -0.351  -0.448  -0.425
PrivateHshld      0.187   0.020  -0.426  -0.652  -1.215  -1.352
Firefighting      0.000   0.000   0.000   0.000   0.000   0.000
Police            0.000   0.000   0.000   0.000   0.000   0.000
Guards            0.000   0.000   0.000   0.000   0.000   0.000
FoodPrep          0.125   0.063  -0.263  -0.367  -0.392  -0.384
HealthService    -0.113  -0.368  -0.528  -0.549  -1.024  -0.921
Cleaning          0.000   0.000   0.000   0.000   0.000   0.000
PersonalService   0.250   0.255  -0.075  -0.207  -0.234  -0.288
FarmMgrs          0.000   0.000   0.000   0.000   0.000   0.000
FarmWork          0.000   0.000   0.000   0.000   0.000   0.000
Agriculture       0.000   0.000   0.000   0.000   0.000   0.000
Forest            0.000   0.000   0.000   0.000   0.000   0.000
Mechanics         0.000   0.000   0.000   0.000   0.000   0.000
Elec.Repairer     0.739   0.681   0.567   0.511   0.505   0.502
Misc.Repairer     0.000   0.000   0.000   0.000   0.000   0.000
Construction      0.000   0.000   0.000   0.000   0.000   0.000
Extractive        0.000   0.000   0.000   0.000   0.000   0.000
Supervisor(P)     0.000   0.000   0.000   0.000   0.000   0.000
MetalWork         0.000   0.000   0.000   0.000   0.000   0.000
WoodWork          0.000   0.000   0.000   0.000   0.000   0.000
Textiles          0.000   0.000   0.000   0.000   0.000   0.000
Other             0.580   0.422   0.322   0.306  -0.040  -0.278
Food              0.000   0.000   0.000   0.000   0.000   0.000
PlantOperator     0.000   0.000   0.000   0.000   0.000   0.000
MetalMach.        0.000   0.000   0.000   0.000   0.000   0.000
MetalProc.        0.000   0.000   0.000   0.000   0.000   0.000
WoodMach.         0.000   0.000   0.000   0.000   0.000   0.000
TextileMach.      0.000   0.000   0.000   0.000   0.000   0.000
PrintMach.        0.000   0.000   0.000   0.000   0.000   0.000
OtherMach.        0.000   0.000   0.000   0.000   0.000   0.000
Fabricators       0.000   0.000   0.000   0.000   0.000   0.000
Prod.Inspectors   0.304   0.334   0.291   0.290   0.281   0.326
MotorVehicle      0.000   0.000   0.000   0.000   0.000   0.000
OtherVehicle      0.000   0.000   0.000   0.000   0.000   0.000
Freight           0.000   0.000   0.000   0.000   0.000   0.000
 
Mean             0.151   0.113   0.009  -0.058  -0.092  -0.108
Std Dev          0.394   0.401   0.615   0.654   0.630   0.630
Mean(weighted)   0.244   0.212   0.092   0.019   0.002  -0.013
Std Dev(wghtd)   0.451   0.475   0.769   0.814   0.761   0.756
 
-------------------------
    WageGrowthRelative      
-------------------------
 
                   1960    1970    1980    1990    2000    2010
---------------------------------------------------------------
Home                NaN     NaN     NaN     NaN     NaN     NaN
Managers          1.050   1.070   1.090   0.976   1.015     NaN
MgmtRelated       1.112   1.189   1.057   0.947   0.952     NaN
Architects        3.707   0.916   0.891   0.914   0.985     NaN
Engineers         1.042   1.160   1.159   0.936   1.012     NaN
Math/CompSci      0.822   1.133   1.139   1.001   0.978     NaN
Science           1.118   0.937   1.042   0.967   0.973     NaN
Doctors           1.093   0.812   1.068   0.927   0.945     NaN
Nurses            1.100   1.166   1.061   0.988   0.955     NaN
Therapists        1.058   1.201   1.119   0.949   0.888     NaN
Professors        1.087   1.095   0.981   1.050   0.988     NaN
Teachers          1.103   1.077   1.053   1.018   0.943     NaN
Librarians        0.968   1.032   0.956   1.095   0.916     NaN
Soc.Scientists    0.786   1.102   1.131   0.963   0.936     NaN
SocialWork        1.056   1.182   1.033   0.976   0.981     NaN
Lawyers           1.255   0.848   1.128   0.928   0.924     NaN
Arts/Athletes     0.900   1.033   1.008   0.937   0.916     NaN
HealthTechs       1.062   1.206   0.981   0.953   0.956     NaN
Eng.Techs         1.040   1.128   1.132   1.000   0.979     NaN
ScienceTechs      1.095   1.021   1.076   1.096   0.961     NaN
OtherTechs        1.286   0.985   1.064   0.869   0.928     NaN
Sales             1.003   1.175   1.021   0.974   0.947     NaN
Secretaries       0.886   1.120   1.036   0.924   1.005     NaN
Info.Clerks       1.139   1.059   1.049   1.019   0.967     NaN
Records           0.953   1.560   1.032   1.065   1.081     NaN
FinancialClerk    0.906   1.183   1.138   1.075   0.952     NaN
OfficeMachine     0.867   1.353   0.971   1.062   1.090     NaN
ComputerTech      0.932   0.864   1.082   0.986   0.897     NaN
Mail              1.388   1.182   1.132   0.981   1.019     NaN
Clerks            1.284   1.191   1.049   0.976   1.044     NaN
Insurance         1.124   1.390   1.077   0.961   0.987     NaN
Misc.Admin        1.105   1.148   0.931   1.071   0.985     NaN
PrivateHshld      1.205   1.455   1.159   1.341   1.062     NaN
Firefighting        NaN   0.261   0.354   1.026   0.910     NaN
Police            0.374   0.331   0.340   0.769   0.891     NaN
Guards            0.120   0.285   0.968   0.879   0.946     NaN
FoodPrep          1.070   1.349   1.082   1.018   0.994     NaN
HealthService     1.113   1.117   0.926   1.172   0.931     NaN
Cleaning          0.768   0.521   0.588   0.979   0.865     NaN
PersonalService   0.993   1.241   0.984   0.966   1.022     NaN
FarmMgrs          0.225   0.152   0.474   0.983   0.757     NaN
FarmWork          1.071   0.650   0.943   0.841   0.972     NaN
Agriculture       0.941   0.493   0.911   1.086   1.045     NaN
Forest              NaN   0.253   0.487   0.540   0.740     NaN
Mechanics         0.106   0.577   0.341   0.786   1.082     NaN
Elec.Repairer     1.224   1.356   1.129   1.011   1.006     NaN
Misc.Repairer     0.121   0.339   0.732   1.021   0.975     NaN
Construction      0.114   0.618   0.371   0.782   1.050     NaN
Extractive          NaN   0.181   0.746   0.494   0.615     NaN
Supervisor(P)     0.639   0.341   0.740   0.799   0.985     NaN
MetalWork         0.210   0.309   0.921   0.704   0.943     NaN
WoodWork            NaN   0.304   0.767   1.059   1.228     NaN
Textiles          0.913   1.099   0.889   1.020   1.001     NaN
Other             1.376   1.173   1.024   1.340   1.118     NaN
Food              0.254   0.331   0.523   0.799   0.918     NaN
PlantOperator     1.060   0.132   0.841   0.986   0.873     NaN
MetalMach.        0.187   0.488   0.876   0.814   1.014     NaN
MetalProc.        0.203   0.272   0.930   0.897   0.961     NaN
WoodMach.           NaN   0.661   0.919   0.619   1.004     NaN
TextileMach.      0.354   0.360   0.769   0.996   1.021     NaN
PrintMach.        1.092   1.158   0.897   1.043   1.016     NaN
OtherMach.        0.779   0.927   0.931   0.895   0.969     NaN
Fabricators       0.760   0.807   0.976   0.958   0.975     NaN
Prod.Inspectors   0.956   1.065   1.002   1.012   0.939     NaN
MotorVehicle      0.127   0.164   0.571   0.739   0.932     NaN
OtherVehicle      0.914   0.166   1.164   0.967   1.060     NaN
Freight           0.227   0.354   0.885   0.939   0.937     NaN
 
Mean             0.899   0.846   0.922   0.952   0.968     NaN
Std Dev          0.521   0.406   0.219   0.143   0.085   0.000
Mean(weighted)   0.859   0.926   0.942   0.942   0.975   0.000
Std Dev(wghtd)   0.383   0.341   0.230   0.096   0.055     NaN
 
--------------
    TauH      
--------------
 
                   1940    1950    1960    1970    1980    1990    2000    2010
-------------------------------------------------------------------------------
Home              0.000   0.000   0.000   0.000   0.000   0.000   0.000   0.000
Managers          0.000   0.0004266.954 192.184   1.725  -0.800  -0.800  -0.800
MgmtRelated       0.000   0.0001254.374 467.965   0.614  -0.800  -0.800  -0.800
Architects        0.000   0.00027443.87522631174.1691191097.4853809.179 371.733  19.352
Engineers         0.000   0.000444744.675416107.846 126.005   1.236  -0.384  -0.710
Math/CompSci      0.000   0.000 284.186 123.559   0.079  -0.661   0.333   2.013
Science           0.000   0.0002846.226 659.868   0.680  -0.800  -0.800  -0.800
Doctors           0.000   0.00023104.953 279.066   6.630  -0.800  -0.800  -0.800
Nurses            0.000   0.000  -0.628  -0.800  -0.800  -0.800  -0.297  -0.768
Therapists        0.000   0.000   4.465   0.107  -0.304  -0.800  -0.800  -0.800
Professors        0.000   0.000 936.673  20.438  -0.668  -0.800  -0.800  -0.800
Teachers          0.000   0.000   3.576   1.221  -0.651  -0.800  -0.800  -0.800
Librarians        0.000   0.000  -0.800   1.307  -0.413   0.947  -0.355  -0.800
Soc.Scientists    0.000   0.000  99.298  15.757  -0.719  -0.800  -0.800  -0.800
SocialWork        0.000   0.000  40.705   2.409  -0.183  -0.800  -0.800  -0.800
Lawyers           0.000   0.000148530.9301309.012  -0.774  -0.800  -0.800  -0.800
Arts/Athletes     0.000   0.000  69.369  58.121  -0.434  -0.800  -0.800  -0.800
HealthTechs       0.000   0.000   0.430  -0.618  -0.800  -0.800  -0.216  -0.683
Eng.Techs         0.000   0.00016551.6663996.423  24.806   7.785   1.990   0.001
ScienceTechs      0.000   0.0001127.257 481.746   2.521  -0.149  -0.162  -0.630
OtherTechs        0.000   0.0009443.151 128.582  -0.330  -0.800  -0.724  -0.477
Sales             0.000   0.000 841.568 249.624  15.286   0.831  -0.463  -0.800
Secretaries       0.000   0.000  -0.800  -0.800  -0.800  -0.800  28.860 159.956
Info.Clerks       0.000   0.000   0.801   3.528  -0.800  -0.800  -0.800  -0.782
Records           0.000   0.000  16.055  13.110  -0.771  -0.800  -0.329   0.000
FinancialClerk    0.000   0.000  -0.683  -0.705  -0.800  -0.800  -0.630   0.767
OfficeMachine     0.000   0.000   0.464  35.907   6.896  12.256  13.488   0.973
ComputerTech      0.000   0.000  -0.8001185.131  67.128  54.956 165.847  45.397
Mail              0.000   0.00020863.223  71.545  12.095  -0.524   0.174   6.115
Clerks            0.000   0.0003083.5191002.958  10.152   0.252   0.130   0.221
Insurance         0.000   0.00013389.681   4.996  -0.800  -0.800  -0.789  -0.724
Misc.Admin        0.000   0.000   5.257  -0.403  -0.800  -0.800  -0.733  -0.673
PrivateHshld      0.000   0.000   6.456   3.824  13.338   3.200   1.398   0.222
Firefighting      0.000   0.000   0.000   0.000   0.000   0.000   0.000   0.000
Police            0.000   0.000   0.000   0.000   0.000   0.000   0.000   0.000
Guards            0.000   0.000   0.000   0.000   0.000   0.000   0.000   0.000
FoodPrep          0.000   0.000   2.661   6.258  27.385  47.259 147.936  99.827
HealthService     0.000   0.000  -0.646  -0.800  -0.605  -0.800  -0.800  -0.800
Cleaning          0.000   0.000   0.000   0.000   0.000   0.000   0.000   0.000
PersonalService   0.000   0.000  15.267   1.012  -0.800  -0.800  -0.800  -0.800
FarmMgrs          0.000   0.000   0.000   0.000   0.000   0.000   0.000   0.000
FarmWork          0.000   0.000   0.000   0.000   0.000   0.000   0.000   0.000
Agriculture       0.000   0.000   0.000   0.000   0.000   0.000   0.000   0.000
Forest            0.000   0.000   0.000   0.000   0.000   0.000   0.000   0.000
Mechanics         0.000   0.000   0.000   0.000   0.000   0.000   0.000   0.000
Elec.Repairer     0.000   0.000459457.50641551.371 472.374 363.7811167.6684651.115
Misc.Repairer     0.000   0.000   0.000   0.000   0.000   0.000   0.000   0.000
Construction      0.000   0.000   0.000   0.000   0.000   0.000   0.000   0.000
Extractive        0.000   0.000   0.000   0.000   0.000   0.000   0.000   0.000
Supervisor(P)     0.000   0.000   0.000   0.000   0.000   0.000   0.000   0.000
MetalWork         0.000   0.000   0.000   0.000   0.000   0.000   0.000   0.000
WoodWork          0.000   0.000   0.000   0.000   0.000   0.000   0.000   0.000
Textiles          0.000   0.000   0.000   0.000   0.000   0.000   0.000   0.000
Other             0.000   0.0004565.592 514.299  71.977   6.486  -0.800  -0.800
Food              0.000   0.000   0.000   0.000   0.000   0.000   0.000   0.000
PlantOperator     0.000   0.000   0.000   0.000   0.000   0.000   0.000   0.000
MetalMach.        0.000   0.000   0.000   0.000   0.000   0.000   0.000   0.000
MetalProc.        0.000   0.000   0.000   0.000   0.000   0.000   0.000   0.000
WoodMach.         0.000   0.000   0.000   0.000   0.000   0.000   0.000   0.000
TextileMach.      0.000   0.000   0.000   0.000   0.000   0.000   0.000   0.000
PrintMach.        0.000   0.000   0.000   0.000   0.000   0.000   0.000   0.000
OtherMach.        0.000   0.000   0.000   0.000   0.000   0.000   0.000   0.000
Fabricators       0.000   0.000   0.000   0.000   0.000   0.000   0.000   0.000
Prod.Inspectors   0.000   0.000  32.696  43.273  15.235   6.833   5.715  11.155
MotorVehicle      0.000   0.000   0.000   0.000   0.000   0.000   0.000   0.000
OtherVehicle      0.000   0.000   0.000   0.000   0.000   0.000   0.000   0.000
Freight           0.000   0.000   0.000   0.000   0.000   0.000   0.000   0.000
 
Mean             0.000   0.00017657.152344771.67917790.450  64.120  28.182  74.311
Std Dev          0.000   0.00079047.1112764440.912145514.134 466.650 150.699 568.105
Mean(weighted)     NaN     NaN21103.10856192.5382348.727  11.842  15.393  51.122
Std Dev(wghtd)     NaN     NaN85777.3211003284.07652711.569 172.285 117.915 459.584
 
--------------------
    1/(1-TauW)      
--------------------
 
                   1960    1970    1980    1990    2000    2010
---------------------------------------------------------------
Home              1.000   1.000   1.000   1.000   1.000   1.000
Managers          2.365   2.252   2.105   1.863   1.738   1.596
MgmtRelated       2.085   1.875   1.578   1.335   1.298   1.322
Architects        2.865   0.773   0.844   0.947   1.036   1.052
Engineers         3.817   3.664   3.159   2.725   2.912   2.877
Math/CompSci      1.790   2.177   1.920   1.686   1.684   1.721
Science           2.269   2.029   2.167   1.838   1.598   1.314
Doctors           2.815   2.576   3.172   2.514   1.813   1.314
Nurses            0.903   0.791   0.628   0.487   0.493   0.516
Therapists        1.191   1.126   0.938   0.689   0.703   0.598
Professors        2.024   1.862   1.701   1.552   1.316   1.212
Teachers          1.170   1.061   0.985   0.834   0.777   0.730
Librarians        0.654   0.676   0.655   0.685   0.626   0.588
Soc.Scientists    1.607   2.045   1.855   1.230   1.081   0.954
SocialWork        1.469   1.390   1.176   1.127   0.946   0.894
Lawyers           3.410   2.717   3.206   1.918   1.605   1.457
Arts/Athletes     1.550   1.723   1.668   1.487   1.414   1.409
HealthTechs       1.038   0.977   0.737   0.695   0.730   0.764
Eng.Techs         2.720   2.615   2.319   2.048   2.047   2.090
ScienceTechs      2.063   1.883   1.844   1.714   1.565   1.628
OtherTechs        2.567   1.996   2.028   1.830   2.105   2.269
Sales             2.001   1.996   1.699   1.664   1.708   1.746
Secretaries       0.339   0.315   0.189   0.180   0.194   0.193
Info.Clerks       1.062   0.933   0.816   0.673   0.617   0.638
Records           1.339   1.406   0.902   0.796   0.747   0.691
FinancialClerk    0.888   0.980   0.653   0.507   0.472   0.495
OfficeMachine     1.040   1.200   0.887   0.913   0.860   0.789
ComputerTech      0.616   0.661   0.765   0.707   0.717   0.799
Mail              2.785   2.007   1.698   1.500   1.529   1.500
Clerks            2.288   1.781   1.495   1.425   1.460   1.399
Insurance         2.661   2.368   1.310   0.906   0.942   0.954
Misc.Admin        1.208   1.093   0.795   0.740   0.691   0.702
PrivateHshld      1.230   1.020   0.701   0.605   0.451   0.425
Firefighting      1.000   1.000   1.000   1.000   1.000   1.000
Police            1.000   1.000   1.000   1.000   1.000   1.000
Guards            1.000   1.000   1.000   1.000   1.000   1.000
FoodPrep          1.143   1.068   0.792   0.732   0.718   0.722
HealthService     0.899   0.731   0.654   0.646   0.494   0.521
Cleaning          1.000   1.000   1.000   1.000   1.000   1.000
PersonalService   1.333   1.342   0.930   0.828   0.811   0.776
FarmMgrs          1.000   1.000   1.000   1.000   1.000   1.000
FarmWork          1.000   1.000   1.000   1.000   1.000   1.000
Agriculture       1.000   1.000   1.000   1.000   1.000   1.000
Forest            1.000   1.000   1.000   1.000   1.000   1.000
Mechanics         1.000   1.000   1.000   1.000   1.000   1.000
Elec.Repairer     3.830   3.130   2.309   2.044   2.021   2.010
Misc.Repairer     1.000   1.000   1.000   1.000   1.000   1.000
Construction      1.000   1.000   1.000   1.000   1.000   1.000
Extractive        1.000   1.000   1.000   1.000   1.000   1.000
Supervisor(P)     1.000   1.000   1.000   1.000   1.000   1.000
MetalWork         1.000   1.000   1.000   1.000   1.000   1.000
WoodWork          1.000   1.000   1.000   1.000   1.000   1.000
Textiles          1.000   1.000   1.000   1.000   1.000   1.000
Other             2.382   1.731   1.476   1.441   0.962   0.783
Food              1.000   1.000   1.000   1.000   1.000   1.000
PlantOperator     1.000   1.000   1.000   1.000   1.000   1.000
MetalMach.        1.000   1.000   1.000   1.000   1.000   1.000
MetalProc.        1.000   1.000   1.000   1.000   1.000   1.000
WoodMach.         1.000   1.000   1.000   1.000   1.000   1.000
TextileMach.      1.000   1.000   1.000   1.000   1.000   1.000
PrintMach.        1.000   1.000   1.000   1.000   1.000   1.000
OtherMach.        1.000   1.000   1.000   1.000   1.000   1.000
Fabricators       1.000   1.000   1.000   1.000   1.000   1.000
Prod.Inspectors   1.437   1.502   1.411   1.409   1.392   1.483
MotorVehicle      1.000   1.000   1.000   1.000   1.000   1.000
OtherVehicle      1.000   1.000   1.000   1.000   1.000   1.000
Freight           1.000   1.000   1.000   1.000   1.000   1.000
 
Mean             1.460   1.350   1.241   1.133   1.094   1.074
Std Dev          0.778   0.640   0.607   0.467   0.449   0.442
Mean(weighted)   1.694   1.599   1.468   1.322   1.280   1.246
Std Dev(wghtd)   0.801   0.711   0.688   0.545   0.524   0.505
eta = 0.1030
 
----------------------
    (1+tauh)^eta      
----------------------
 
                   1940    1950    1960    1970    1980    1990    2000    2010
-------------------------------------------------------------------------------
Home              1.000   1.000   1.000   1.000   1.000   1.000   1.000   1.000
Managers          1.000   1.000   2.365   1.720   1.109   0.847   0.847   0.847
MgmtRelated       1.000   1.000   2.085   1.884   1.051   0.847   0.847   0.847
Architects        1.000   1.000   2.865   5.722   4.225   2.338   1.840   1.364
Engineers         1.000   1.000   3.817   3.791   1.647   1.086   0.951   0.880
Math/CompSci      1.000   1.000   1.790   1.644   1.008   0.894   1.030   1.120
Science           1.000   1.000   2.269   1.952   1.055   0.847   0.847   0.847
Doctors           1.000   1.000   2.815   1.787   1.233   0.847   0.847   0.847
Nurses            1.000   1.000   0.903   0.847   0.847   0.847   0.964   0.860
Therapists        1.000   1.000   1.191   1.011   0.963   0.847   0.847   0.847
Professors        1.000   1.000   2.024   1.371   0.893   0.847   0.847   0.847
Teachers          1.000   1.000   1.170   1.086   0.897   0.847   0.847   0.847
Librarians        1.000   1.000   0.847   1.090   0.947   1.071   0.956   0.847
Soc.Scientists    1.000   1.000   1.607   1.337   0.877   0.847   0.847   0.847
SocialWork        1.000   1.000   1.469   1.135   0.979   0.847   0.847   0.847
Lawyers           1.000   1.000   3.410   2.094   0.858   0.847   0.847   0.847
Arts/Athletes     1.000   1.000   1.550   1.522   0.943   0.847   0.847   0.847
HealthTechs       1.000   1.000   1.038   0.906   0.847   0.847   0.975   0.888
Eng.Techs         1.000   1.000   2.720   2.350   1.398   1.251   1.119   1.000
ScienceTechs      1.000   1.000   2.063   1.890   1.138   0.983   0.982   0.903
OtherTechs        1.000   1.000   2.567   1.650   0.960   0.847   0.876   0.935
Sales             1.000   1.000   2.001   1.766   1.333   1.064   0.938   0.847
Secretaries       1.000   1.000   0.847   0.847   0.847   0.847   1.419   1.688
Info.Clerks       1.000   1.000   1.062   1.168   0.847   0.847   0.847   0.855
Records           1.000   1.000   1.339   1.313   0.859   0.847   0.960   1.000
FinancialClerk    1.000   1.000   0.888   0.882   0.847   0.847   0.903   1.060
OfficeMachine     1.000   1.000   1.040   1.450   1.237   1.305   1.317   1.072
ComputerTech      1.000   1.000   0.847   2.073   1.545   1.514   1.694   1.485
Mail              1.000   1.000   2.785   1.555   1.303   0.926   1.017   1.224
Clerks            1.000   1.000   2.288   2.038   1.282   1.023   1.013   1.021
Insurance         1.000   1.000   2.661   1.203   0.847   0.847   0.852   0.876
Misc.Admin        1.000   1.000   1.208   0.948   0.847   0.847   0.873   0.891
PrivateHshld      1.000   1.000   1.230   1.176   1.316   1.159   1.094   1.021
Firefighting      1.000   1.000   1.000   1.000   1.000   1.000   1.000   1.000
Police            1.000   1.000   1.000   1.000   1.000   1.000   1.000   1.000
Guards            1.000   1.000   1.000   1.000   1.000   1.000   1.000   1.000
FoodPrep          1.000   1.000   1.143   1.226   1.411   1.491   1.674   1.608
HealthService     1.000   1.000   0.899   0.847   0.909   0.847   0.847   0.847
Cleaning          1.000   1.000   1.000   1.000   1.000   1.000   1.000   1.000
PersonalService   1.000   1.000   1.333   1.075   0.847   0.847   0.847   0.847
FarmMgrs          1.000   1.000   1.000   1.000   1.000   1.000   1.000   1.000
FarmWork          1.000   1.000   1.000   1.000   1.000   1.000   1.000   1.000
Agriculture       1.000   1.000   1.000   1.000   1.000   1.000   1.000   1.000
Forest            1.000   1.000   1.000   1.000   1.000   1.000   1.000   1.000
Mechanics         1.000   1.000   1.000   1.000   1.000   1.000   1.000   1.000
Elec.Repairer     1.000   1.000   3.830   2.990   1.886   1.836   2.070   2.387
Misc.Repairer     1.000   1.000   1.000   1.000   1.000   1.000   1.000   1.000
Construction      1.000   1.000   1.000   1.000   1.000   1.000   1.000   1.000
Extractive        1.000   1.000   1.000   1.000   1.000   1.000   1.000   1.000
Supervisor(P)     1.000   1.000   1.000   1.000   1.000   1.000   1.000   1.000
MetalWork         1.000   1.000   1.000   1.000   1.000   1.000   1.000   1.000
WoodWork          1.000   1.000   1.000   1.000   1.000   1.000   1.000   1.000
Textiles          1.000   1.000   1.000   1.000   1.000   1.000   1.000   1.000
Other             1.000   1.000   2.382   1.903   1.556   1.230   0.847   0.847
Food              1.000   1.000   1.000   1.000   1.000   1.000   1.000   1.000
PlantOperator     1.000   1.000   1.000   1.000   1.000   1.000   1.000   1.000
MetalMach.        1.000   1.000   1.000   1.000   1.000   1.000   1.000   1.000
MetalProc.        1.000   1.000   1.000   1.000   1.000   1.000   1.000   1.000
WoodMach.         1.000   1.000   1.000   1.000   1.000   1.000   1.000   1.000
TextileMach.      1.000   1.000   1.000   1.000   1.000   1.000   1.000   1.000
PrintMach.        1.000   1.000   1.000   1.000   1.000   1.000   1.000   1.000
OtherMach.        1.000   1.000   1.000   1.000   1.000   1.000   1.000   1.000
Fabricators       1.000   1.000   1.000   1.000   1.000   1.000   1.000   1.000
Prod.Inspectors   1.000   1.000   1.437   1.478   1.333   1.236   1.217   1.293
MotorVehicle      1.000   1.000   1.000   1.000   1.000   1.000   1.000   1.000
OtherVehicle      1.000   1.000   1.000   1.000   1.000   1.000   1.000   1.000
Freight           1.000   1.000   1.000   1.000   1.000   1.000   1.000   1.000
 
Mean             1.000   1.000   1.474   1.369   1.103   1.016   1.022   1.015
Std Dev          0.000   0.000   0.763   0.756   0.439   0.240   0.231   0.239
Mean(weighted)     NaN     NaN   1.708   1.458   1.086   0.960   0.968   0.966
Std Dev(wghtd)     NaN     NaN   0.782   0.608   0.243   0.163   0.187   0.222
 
--------------------------------------------------
    z -- preference shock by Cohort of birth      
--------------------------------------------------
 
                   1940    1950    1960    1970    1980    1990    2000    2010
-------------------------------------------------------------------------------
Home              0.000   0.000   1.000   1.000   1.000   1.000   1.000   1.000
Managers          0.000   0.000   0.590   0.561   0.616   0.593   0.746   0.662
MgmtRelated       0.000   0.000   0.617   0.617   0.655   0.653   0.839   0.707
Architects        0.000   0.000   0.812   0.661   0.777   0.649   0.916   0.752
Engineers         0.000   0.000   0.502   0.524   0.562   0.533   0.720   0.592
Math/CompSci      0.000   0.000   0.604   0.540   0.566   0.560   0.718   0.628
Science           0.000   0.000   0.591   0.606   0.728   0.705   1.072   0.853
Doctors           0.000   0.000   0.991   0.717   0.838   0.792   1.000   0.820
Nurses            0.000   0.000   0.828   0.750   0.798   0.625   0.827   0.709
Therapists        0.000   0.000   0.880   0.714   0.675   0.636   0.888   0.777
Professors        0.000   0.000   1.356   1.206   1.283   1.480   1.795   1.607
Teachers          0.000   0.000   0.856   0.841   0.902   0.869   1.165   0.976
Librarians        0.000   0.000   0.879   0.828   0.914   0.981   1.235   1.143
Soc.Scientists    0.000   0.000   0.707   0.665   0.795   0.751   0.983   0.763
SocialWork        0.000   0.000   0.867   0.770   0.832   0.836   1.088   0.918
Lawyers           0.000   0.000   1.049   0.695   0.814   0.704   0.938   0.747
Arts/Athletes     0.000   0.000   0.623   0.619   0.720   0.689   0.882   0.810
HealthTechs       0.000   0.000   0.642   0.669   0.708   0.673   0.857   0.709
Eng.Techs         0.000   0.000   0.509   0.534   0.582   0.585   0.803   0.695
ScienceTechs      0.000   0.000   0.526   0.610   0.609   0.600   0.782   0.693
OtherTechs        0.000   0.000   0.633   0.501   0.648   0.597   0.813   0.729
Sales             0.000   0.000   0.745   0.712   0.691   0.667   0.863   0.804
Secretaries       0.000   0.000   0.573   0.602   0.709   0.720   0.975   0.899
Info.Clerks       0.000   0.000   0.595   0.634   0.764   0.794   1.053   0.929
Records           0.000   0.000   0.744   0.667   0.651   0.714   0.995   0.883
FinancialClerk    0.000   0.000   0.619   0.630   0.712   0.728   0.947   0.815
OfficeMachine     0.000   0.000   0.559   0.632   0.677   0.715   0.815   0.833
ComputerTech      0.000   0.000   0.542   0.586   0.607   0.670   0.969   0.827
Mail              0.000   0.000   0.572   0.522   0.519   0.538   0.825   0.717
Clerks            0.000   0.000   0.574   0.564   0.583   0.632   0.860   0.774
Insurance         0.000   0.000   0.675   0.644   0.678   0.696   0.898   0.812
Misc.Admin        0.000   0.000   0.598   0.630   0.719   0.774   1.017   0.877
PrivateHshld      0.000   0.000   0.754   0.736   0.784   0.874   1.184   1.044
Firefighting      0.000   0.000   0.361   0.361   0.497   0.511   0.677   0.553
Police            0.000   0.000   0.463   0.494   0.521   0.527   0.731   0.610
Guards            0.000   0.000   0.467   0.693   0.609   0.635   0.865   0.753
FoodPrep          0.000   0.000   0.772   0.783   0.843   0.871   1.121   1.033
HealthService     0.000   0.000   0.656   0.735   0.799   0.821   1.062   0.946
Cleaning          0.000   0.000   0.610   0.625   0.666   0.776   1.022   0.973
PersonalService   0.000   0.000   0.710   0.675   0.827   0.942   1.184   1.022
FarmMgrs          0.000   0.000   0.975   0.641   0.883   0.920   1.031   0.875
FarmWork          0.000   0.000   0.769   0.815   0.703   0.753   0.942   0.821
Agriculture       0.000   0.000   0.594   0.606   0.722   0.752   0.930   0.836
Forest            0.000   0.000   0.590   0.590   0.553   0.580   0.852   0.639
Mechanics         0.000   0.000   0.492   0.426   0.483   0.522   0.711   0.639
Elec.Repairer     0.000   0.000   0.516   0.464   0.444   0.506   0.708   0.656
Misc.Repairer     0.000   0.000   0.461   0.570   0.566   0.574   0.790   0.727
Construction      0.000   0.000   0.480   0.428   0.555   0.573   0.792   0.696
Extractive        0.000   0.000   0.374   0.474   0.437   0.457   0.803   0.592
Supervisor(P)     0.000   0.000   0.548   0.520   0.554   0.548   0.735   0.650
MetalWork         0.000   0.000   0.481   0.440   0.530   0.594   0.807   0.749
WoodWork          0.000   0.000   0.538   0.628   0.674   0.718   1.011   0.849
Textiles          0.000   0.000   0.602   0.571   0.659   0.747   0.922   0.932
Other             0.000   0.000   0.613   0.580   0.619   0.651   0.928   0.797
Food              0.000   0.000   0.558   0.630   0.612   0.694   0.910   0.855
PlantOperator     0.000   0.000   0.597   0.515   0.454   0.477   0.649   0.485
MetalMach.        0.000   0.000   0.570   0.534   0.541   0.636   0.839   0.801
MetalProc.        0.000   0.000   0.456   0.489   0.551   0.638   0.863   0.838
WoodMach.         0.000   0.000   0.377   0.515   0.617   0.661   0.834   0.816
TextileMach.      0.000   0.000   0.468   0.537   0.597   0.628   0.876   0.794
PrintMach.        0.000   0.000   0.617   0.599   0.644   0.747   0.962   0.912
OtherMach.        0.000   0.000   0.541   0.572   0.583   0.644   0.872   0.807
Fabricators       0.000   0.000   0.491   0.533   0.574   0.654   0.860   0.800
Prod.Inspectors   0.000   0.000   0.553   0.593   0.592   0.656   0.873   0.743
MotorVehicle      0.000   0.000   0.515   0.455   0.573   0.630   0.875   0.806
OtherVehicle      0.000   0.000   0.438   0.468   0.538   0.530   0.678   0.590
Freight           0.000   0.000   0.538   0.597   0.609   0.697   0.949   0.901
 
Mean             0.000   0.000   0.633   0.617   0.668   0.691   0.912   0.806
Std Dev          0.000   0.000   0.178   0.134   0.143   0.154   0.170   0.162
Mean(weighted)     NaN     NaN   0.636   0.605   0.660   0.665   0.874   0.773
Std Dev(wghtd)     NaN     NaN   0.154   0.118   0.119   0.124   0.150   0.134
 
 
--------------------------------------------------------------------------------------------------
                          >>>>> Black Men <<<<<
--------------------------------------------------------------------------------------------------
 
--------------
    TauHat      
--------------
 
                   1960    1970    1980    1990    2000    2010
---------------------------------------------------------------
Home                NaN     NaN     NaN     NaN     NaN     NaN
Managers          4.760   2.238   2.030   2.011   1.910   1.748
MgmtRelated       3.633   2.423   1.592   1.579   1.555   1.523
Architects          NaN   2.280   2.610   1.926   2.100   2.004
Engineers         5.783   3.416   2.019   1.976   1.837   1.812
Math/CompSci      3.413   2.501   1.630   1.730   1.420   1.297
Science           3.178   1.817   1.959   1.983   2.108   2.035
Doctors           3.419   3.620   2.460   2.097   1.916   1.804
Nurses            2.348   1.832   1.714   1.819   1.497   1.321
Therapists        1.259   0.950   1.393   1.220   1.600   1.576
Professors        3.128   2.298   1.748   1.503   1.579   1.548
Teachers          1.501   1.360   1.423   1.234   1.117   1.202
Librarians          NaN   1.380   1.121   1.211   1.941   1.291
Soc.Scientists    5.938   2.102   1.733   1.818   2.051   1.568
SocialWork        1.321   0.974   1.071   0.863   1.005   1.023
Lawyers           5.004   7.252   2.266   2.451   2.204   2.315
Arts/Athletes     2.227   1.943   1.563   1.500   1.578   1.582
HealthTechs       1.196   1.104   1.132   1.080   1.210   1.138
Eng.Techs         2.786   2.318   1.565   1.587   1.533   1.364
ScienceTechs      2.968   1.316   1.127   1.273   1.033   1.191
OtherTechs        2.387   2.205   1.499   1.612   1.729   1.636
Sales             3.654   2.488   2.015   1.978   1.726   1.548
Secretaries       1.485   1.083   1.085   0.733   1.040   1.035
Info.Clerks       2.523   1.609   0.960   1.002   0.927   0.923
Records           1.839   1.198   0.935   0.836   0.863   0.779
FinancialClerk    2.441   1.894   1.249   0.939   0.861   0.927
OfficeMachine     2.400   0.607   0.784   0.729   0.629   0.616
ComputerTech      2.595   1.214   0.997   0.887   0.898   1.052
Mail              0.663   0.667   0.782   0.739   0.778   0.795
Clerks            1.141   1.047   1.055   1.066   0.994   0.933
Insurance         8.341   1.810   1.194   1.087   1.052   0.976
Misc.Admin        1.728   1.079   0.977   0.927   0.981   0.972
PrivateHshld      0.721   0.483   0.531   0.489   0.525   0.522
Firefighting      2.176   1.655   1.346   1.293   1.559   1.600
Police            1.489   1.457   1.159   0.983   1.102   1.337
Guards            1.012   0.811   0.736   0.679   0.692   0.699
FoodPrep          0.737   0.934   1.030   0.917   1.008   1.123
HealthService     0.395   0.583   0.657   0.644   0.611   0.616
Cleaning          0.420   0.636   0.828   0.854   0.914   0.941
PersonalService   0.698   0.903   1.113   0.880   0.794   0.835
FarmMgrs          4.175   6.003   4.603   3.870   4.717   5.762
FarmWork          0.991   1.081   1.546   1.671   2.288   2.638
Agriculture       0.920   0.910   1.244   1.326   1.520   1.699
Forest            1.176   1.061   1.929   1.612   2.010   4.390
Mechanics         1.799   1.639   1.576   1.729   1.604   1.608
Elec.Repairer     4.012   2.119   1.397   1.390   1.244   1.358
Misc.Repairer     2.012   1.350   1.433   1.542   1.433   1.573
Construction      2.006   1.531   1.610   1.705   1.811   1.912
Extractive        3.449   2.666   1.809   1.987   2.280   2.523
Supervisor(P)     3.229   2.003   1.516   1.611   1.419   1.505
MetalWork         2.489   2.096   1.398   1.799   2.062   1.765
WoodWork          3.180   1.585   1.614   1.880   2.527   2.476
Textiles          1.069   1.122   1.257   1.200   1.113   1.250
Other             1.629   2.584   1.389   1.502   1.053   1.036
Food              1.711   1.030   1.346   1.336   1.069   1.081
PlantOperator     4.083   1.799   1.147   1.533   1.443   1.388
MetalMach.        1.520   1.245   1.154   1.367   1.120   1.391
MetalProc.        0.739   0.912   1.032   1.476   1.305   0.919
WoodMach.         1.125   1.056   1.146   1.331   1.104   1.439
TextileMach.      2.523   1.624   1.205   1.514   1.345   1.669
PrintMach.        0.810   0.805   0.664   0.799   0.860   0.815
OtherMach.        1.134   0.879   0.917   1.057   1.012   1.151
Fabricators       1.308   0.985   0.995   1.171   1.121   1.174
Prod.Inspectors   2.070   1.216   1.024   1.290   1.172   1.414
MotorVehicle      1.256   1.065   1.068   1.042   0.923   0.876
OtherVehicle      1.866   1.094   1.292   1.506   1.550   1.709
Freight           0.716   0.775   0.894   0.931   0.850   0.839
 
Mean             2.277   1.662   1.383   1.384   1.407   1.463
Std Dev          1.506   1.116   0.588   0.529   0.629   0.801
Mean(weighted)   2.827   1.947   1.579   1.559   1.509   1.493
Std Dev(wghtd)   1.551   1.090   0.554   0.517   0.538   0.603
 
--------------
    TauW      
--------------
 
                   1960    1970    1980    1990    2000    2010
---------------------------------------------------------------
Home              0.000   0.000   0.000   0.000   0.000   0.000
Managers          0.542   0.352   0.318   0.335   0.343   0.306
MgmtRelated       0.475   0.408   0.281   0.288   0.325   0.344
Architects        0.338   0.338   0.411   0.470   0.479   0.404
Engineers         0.584   0.527   0.471   0.453   0.489   0.463
Math/CompSci      0.459   0.169   0.068   0.083   0.022  -0.060
Science           0.439   0.382   0.415   0.396   0.458   0.497
Doctors           0.459   0.419   0.094   0.097   0.110  -0.006
Nurses            0.347   0.305  -0.001  -0.019  -0.342  -0.444
Therapists        0.109  -0.077  -0.063  -0.111  -0.028  -0.204
Professors        0.435   0.519   0.456   0.436   0.463   0.446
Teachers          0.184   0.150   0.175   0.139   0.139   0.196
Librarians        0.149   0.149   0.245   0.283   0.363   0.344
Soc.Scientists    0.590   0.334   0.326   0.371   0.355   0.272
SocialWork        0.130   0.020  -0.001  -0.045   0.019  -0.013
Lawyers           0.553   0.308  -0.168  -0.062  -0.026  -0.062
Arts/Athletes     0.330   0.205   0.177   0.208   0.273   0.293
HealthTechs       0.086  -0.060  -0.264  -0.334  -0.386  -0.501
Eng.Techs         0.401   0.417   0.386   0.354   0.324   0.297
ScienceTechs      0.420   0.356   0.248   0.235   0.131   0.145
OtherTechs        0.353   0.312   0.271   0.294   0.324   0.305
Sales             0.477   0.396   0.361   0.359   0.394   0.425
Secretaries       0.179  -0.053   0.088  -0.155  -0.131  -0.186
Info.Clerks       0.370  -0.294  -0.320  -0.232  -0.263  -0.134
Records           0.263   0.168  -0.013  -0.037  -0.115  -0.142
FinancialClerk    0.360   0.327   0.245   0.098   0.016   0.077
OfficeMachine     0.355  -0.396  -0.758  -0.980  -1.146  -1.352
ComputerTech      0.379  -0.010   0.097   0.016  -0.012   0.102
Mail             -0.277  -0.311  -0.295  -0.377  -0.433  -0.430
Clerks            0.064   0.003  -0.069  -0.147  -0.125  -0.141
Insurance         0.654   0.532   0.290   0.221   0.195   0.132
Misc.Admin        0.239   0.193   0.133   0.086   0.075   0.055
PrivateHshld     -0.177  -0.755  -1.190  -1.261  -1.664  -1.673
Firefighting      0.322   0.110  -0.022  -0.112  -0.168  -0.162
Police            0.180   0.250   0.080   0.022   0.030   0.092
Guards            0.006  -0.059  -0.151  -0.247  -0.288  -0.368
FoodPrep         -0.164  -0.224  -0.484  -0.644  -0.680  -0.763
HealthService    -1.145  -0.984  -1.025  -0.920  -1.230  -1.125
Cleaning         -1.018  -1.016  -1.034  -1.161  -1.268  -1.240
PersonalService  -0.214  -0.430  -0.501  -0.912  -0.889  -0.935
FarmMgrs          0.511   0.436   0.133   0.006  -0.108  -0.461
FarmWork         -0.005  -0.171  -0.286  -0.347  -0.520  -0.787
Agriculture      -0.042  -0.160  -0.293  -0.363  -0.337  -0.364
Forest            0.078  -0.164  -0.160  -0.399  -0.334  -0.389
Mechanics         0.254   0.184   0.110   0.001  -0.089  -0.165
Elec.Repairer     0.501   0.294   0.137   0.050   0.018  -0.014
Misc.Repairer     0.295   0.198   0.110   0.022   0.017  -0.081
Construction      0.294   0.115   0.068  -0.052  -0.078  -0.186
Extractive        0.462   0.113  -0.047  -0.150  -0.181  -0.232
Supervisor(P)     0.444   0.276   0.147   0.095   0.050   0.024
MetalWork         0.366   0.305   0.141   0.084   0.066   0.037
WoodWork          0.439   0.349   0.229   0.242   0.266   0.218
Textiles          0.033   0.063  -0.048  -0.326  -0.604  -0.342
Other             0.217   0.200  -0.249  -0.242  -0.435  -0.632
Food              0.236   0.076   0.049  -0.097  -0.217  -0.408
PlantOperator     0.505   0.309   0.180   0.206   0.157   0.075
MetalMach.        0.189   0.102   0.047  -0.117  -0.283  -0.292
MetalProc.       -0.163  -0.130  -0.103  -0.163  -0.212  -0.378
WoodMach.         0.057  -0.039  -0.122  -0.261  -0.464  -0.498
TextileMach.      0.370   0.131   0.037  -0.040  -0.117  -0.213
PrintMach.       -0.111  -0.309  -0.314  -0.330  -0.458  -0.538
OtherMach.        0.061  -0.038  -0.079  -0.147  -0.229  -0.276
Fabricators       0.126   0.047   0.018  -0.097  -0.199  -0.198
Prod.Inspectors   0.305   0.303   0.116   0.081   0.056   0.068
MotorVehicle      0.108  -0.104  -0.183  -0.377  -0.489  -0.600
OtherVehicle      0.268  -0.002   0.006  -0.095  -0.190  -0.271
Freight          -0.183  -0.222  -0.293  -0.386  -0.558  -0.576
 
Mean             0.207   0.077  -0.020  -0.085  -0.139  -0.182
Std Dev          0.318   0.319   0.335   0.369   0.431   0.444
Mean(weighted)   0.306   0.187   0.107   0.058   0.031  -0.002
Std Dev(wghtd)   0.279   0.271   0.277   0.319   0.369   0.390
 
-------------------------
    WageGrowthRelative      
-------------------------
 
                   1960    1970    1980    1990    2000    2010
---------------------------------------------------------------
Home                NaN     NaN     NaN     NaN     NaN     NaN
Managers          1.414   1.052   0.976   0.987   1.056     NaN
MgmtRelated       1.128   1.215   0.991   0.949   0.971     NaN
Architects          NaN   0.889   0.899   0.984   1.144     NaN
Engineers         1.137   1.118   1.034   0.934   1.052     NaN
Math/CompSci      1.536   1.121   0.984   1.067   1.084     NaN
Science           1.102   0.947   1.031   0.898   0.929     NaN
Doctors           1.075   1.559   0.996   0.986   1.130     NaN
Nurses            1.065   1.439   1.018   1.317   1.076     NaN
Therapists        1.209   0.987   1.045   0.926   1.171     NaN
Professors        0.851   1.129   1.007   0.895   1.033     NaN
Teachers          1.041   0.971   1.044   1.000   0.933     NaN
Librarians          NaN   0.832   0.949   0.889   1.003     NaN
Soc.Scientists    1.623   1.011   0.933   1.027   1.128     NaN
SocialWork        1.127   1.022   1.043   0.939   1.032     NaN
Lawyers           1.547   1.688   0.909   0.966   1.035     NaN
Arts/Athletes     1.187   1.035   0.963   0.917   0.972     NaN
HealthTechs       1.160   1.192   1.055   1.040   1.082     NaN
Eng.Techs         0.974   1.052   1.052   1.047   1.041     NaN
ScienceTechs      1.092   0.928   1.019   1.135   0.985     NaN
OtherTechs        1.064   1.060   0.967   0.958   1.027     NaN
Sales             1.155   1.058   1.003   0.946   0.949     NaN
Secretaries       1.284   0.866   1.229   0.979   1.049     NaN
Info.Clerks       2.056   1.020   0.934   1.025   0.898     NaN
Records           1.129   1.217   1.023   1.076   1.024     NaN
FinancialClerk    1.051   1.122   1.120   1.039   0.938     NaN
OfficeMachine     1.076   1.259   1.127   1.084   1.096     NaN
ComputerTech      1.627   0.894   1.089   1.029   0.887     NaN
Mail              1.026   0.988   1.063   1.040   0.998     NaN
Clerks            1.065   1.073   1.072   0.981   1.014     NaN
Insurance         1.133   1.209   0.951   0.967   0.988     NaN
Misc.Admin        1.061   0.966   1.017   1.012   1.022     NaN
PrivateHshld      1.313   1.248   1.032   1.178   1.003     NaN
Firefighting      1.313   1.149   1.088   1.051   0.995     NaN
Police            0.915   1.227   1.064   0.991   0.937     NaN
Guards            1.065   0.999   1.047   1.033   1.062     NaN
FoodPrep          1.051   1.213   1.107   1.022   1.050     NaN
HealthService     0.925   1.021   0.948   1.162   0.953     NaN
Cleaning          0.999   1.009   1.062   1.050   0.987     NaN
PersonalService   1.178   1.050   1.274   0.988   1.024     NaN
FarmMgrs          1.153   1.536   1.147   1.114   1.319     NaN
FarmWork          1.165   1.098   1.048   1.128   1.176     NaN
Agriculture       1.113   1.114   1.054   0.981   1.020     NaN
Forest            1.263   0.996   1.207   0.954   1.041     NaN
Mechanics         1.095   1.090   1.122   1.091   1.069     NaN
Elec.Repairer     1.414   1.222   1.102   1.034   1.032     NaN
Misc.Repairer     1.137   1.110   1.099   1.005   1.100     NaN
Construction      1.253   1.054   1.128   1.025   1.101     NaN
Extractive        1.646   1.181   1.098   1.027   1.043     NaN
Supervisor(P)     1.301   1.179   1.060   1.049   1.028     NaN
MetalWork         1.097   1.236   1.066   1.020   1.031     NaN
WoodWork          1.160   1.185   0.982   0.969   1.066     NaN
Textiles          0.968   1.119   1.265   1.209   0.837     NaN
Other             1.021   1.562   0.995   1.155   1.137     NaN
Food              1.209   1.028   1.154   1.110   1.157     NaN
PlantOperator     1.397   1.187   0.968   1.062   1.098     NaN
MetalMach.        1.107   1.061   1.172   1.148   1.007     NaN
MetalProc.        0.972   0.976   1.054   1.042   1.137     NaN
WoodMach.         1.102   1.080   1.124   1.161   1.023     NaN
TextileMach.      1.380   1.108   1.080   1.074   1.086     NaN
PrintMach.        1.178   1.004   1.012   1.096   1.055     NaN
OtherMach.        1.105   1.040   1.063   1.071   1.038     NaN
Fabricators       1.090   1.031   1.116   1.093   0.999     NaN
Prod.Inspectors   0.931   1.269   1.039   1.028   0.987     NaN
MotorVehicle      1.237   1.072   1.164   1.081   1.075     NaN
OtherVehicle      1.368   0.992   1.102   1.087   1.068     NaN
Freight           1.034   1.058   1.072   1.124   1.012     NaN
 
Mean             1.182   1.112   1.055   1.037   1.038     NaN
Std Dev          0.207   0.164   0.079   0.081   0.076   0.000
Mean(weighted)   1.194   1.107   1.043   1.014   1.030   0.000
Std Dev(wghtd)   0.167   0.150   0.073   0.071   0.065     NaN
 
--------------
    TauH      
--------------
 
                   1940    1950    1960    1970    1980    1990    2000    2010
-------------------------------------------------------------------------------
Home              0.000   0.000   0.000   0.000   0.000   0.000   0.000   0.000
Managers          0.000   0.0001946.511  35.871  22.484  15.939   8.036   5.480
MgmtRelated       0.000   0.000 523.776  31.930   2.678   2.108   0.605  -0.005
Architects        0.000   0.000  53.634  53.634  63.864   0.212   1.385   4.607
Engineers         0.000   0.0005009.436 104.509   0.889   1.124  -0.460  -0.225
Math/CompSci      0.000   0.000 386.0391222.260  56.875  87.067  23.218  20.943
Science           0.000   0.000 272.827   2.098   2.775   4.732   2.654   0.264
Doctors           0.000   0.000 389.8761373.1452403.523 491.346 177.515 324.619
Nurses            0.000   0.000  61.985   9.478 187.790 397.362 869.538 526.252
Therapists        0.000   0.000   2.060   0.256  44.136  18.151 124.731 502.797
Professors        0.000   0.000 252.715   1.663  -0.390  -0.800  -0.800  -0.775
Teachers          0.000   0.000   6.192   3.094   3.762   0.809  -0.314  -0.287
Librarians        0.000   0.000   3.771   3.771  -0.800  -0.748   6.872  -0.800
Soc.Scientists    0.000   0.0005695.908  25.200   3.487   2.653  14.207   2.622
SocialWork        0.000   0.000   2.868  -0.360   0.965  -0.633  -0.130   0.415
Lawyers           0.000   0.0002479.9076302764.32012682.34610752.7102757.7176203.078
Arts/Athletes     0.000   0.000  47.742  67.327  10.489   4.356   2.795   1.952
HealthTechs       0.000   0.000   1.387   3.596  31.531  33.434 150.569 179.079
Eng.Techs         0.000   0.000 143.699  17.767  -0.320   0.268   0.412  -0.329
ScienceTechs      0.000   0.000 195.716  -0.800  -0.800  -0.222  -0.651   0.202
OtherTechs        0.000   0.000  67.266  56.560   1.389   2.496   3.574   2.457
Sales             0.000   0.000 538.411  51.349  10.650   8.957   0.551  -0.676
Secretaries       0.000   0.000   5.820   2.589  -0.090  -0.800   3.870   6.331
Info.Clerks       0.000   0.000  88.3291241.500   8.993   6.769   3.617   0.566
Records           0.000   0.000  18.237  -0.031  -0.411  -0.749  -0.312  -0.678
FinancialClerk    0.000   0.000  75.097   9.497  -0.436  -0.800  -0.800  -0.780
OfficeMachine     0.000   0.000  69.097  -0.800  21.365  34.139  17.550  35.504
ComputerTech      0.000   0.000 101.394   6.229  -0.638  -0.734  -0.603  -0.428
Mail              0.000   0.000  -0.800  -0.730   0.135   0.187   1.859   2.486
Clerks            0.000   0.000   0.899   0.521   2.213   6.060   1.941   0.823
Insurance         0.000   0.00029638.402  -0.800  -0.800  -0.800  -0.800  -0.800
Misc.Admin        0.000   0.000  13.242  -0.740  -0.800  -0.800  -0.611  -0.560
PrivateHshld      0.000   0.000  -0.795  -0.800   3.301   1.631  24.908  24.251
Firefighting      0.000   0.000  42.540  42.100  21.236  32.877 336.489 409.834
Police            0.000   0.000   5.900   1.354   0.861  -0.313   0.910   5.593
Guards            0.000   0.000   0.060  -0.773  -0.800  -0.800  -0.673  -0.352
FoodPrep          0.000   0.000  -0.772   2.638  60.575  52.886 165.477 760.744
HealthService     0.000   0.000  -0.800   3.108  15.056   6.835  19.244  12.724
Cleaning          0.000   0.000  -0.800  10.149 157.145 382.6601190.2651386.295
PersonalService   0.000   0.000  -0.800  10.946 145.398 154.956  50.295 103.899
FarmMgrs          0.000   0.0001029.717139755.198682503.141480643.6489399180.853962703456.271
FarmWork          0.000   0.000  -0.043   8.872 785.4992631.710179763.7333438021.024
Agriculture       0.000   0.000  -0.331   0.692  99.211 312.335 974.9413499.400
Forest            0.000   0.000   1.200   6.7862483.2552689.68014442.63241907023.204
Mechanics         0.000   0.000  16.276  15.882  25.660 200.015 224.826 441.513
Elec.Repairer     0.000   0.000 847.743  48.926   5.112  13.866   6.003  21.289
Misc.Repairer     0.000   0.000  28.780   1.163   9.593  52.964  26.861 171.604
Construction      0.000   0.000  28.366  18.103  50.718 289.697 658.0092833.090
Extractive        0.000   0.000 406.4034235.245 491.6783042.47815024.69460474.530
Supervisor(P)     0.000   0.000 295.059  35.951  11.183  38.015  17.051  40.599
MetalWork         0.000   0.000  82.583  37.757   4.960 127.202 581.095 171.030
WoodWork          0.000   0.000 273.798   0.348   7.349  29.999 402.744 611.858
Textiles          0.000   0.000   0.380   0.627  13.576  89.933 275.739 150.926
Other             0.000   0.000   9.6871148.386 209.353 425.119  54.248 162.622
Food              0.000   0.000  12.562  -0.381   9.962  39.906  11.859  57.977
PlantOperator     0.000   0.000 923.748   7.313  -0.446   5.708   5.685  10.347
MetalMach.        0.000   0.000   6.622   1.969   1.523  60.285  32.876 295.674
MetalProc.        0.000   0.000  -0.770   0.349   2.516 188.429  84.714   8.914
WoodMach.         0.000   0.000   0.768   1.447  10.452 151.200 104.9561722.990
TextileMach.      0.000   0.000  88.395  27.147   3.209  81.209  50.962 943.011
PrintMach.        0.000   0.000  -0.639   0.665  -0.732   0.801   7.963   7.970
OtherMach.        0.000   0.000   0.840  -0.591  -0.098   5.477   7.272  40.615
Fabricators       0.000   0.000   2.683  -0.456  -0.196  10.301  16.681  26.323
Prod.Inspectors   0.000   0.000  33.161  -0.800  -0.616   4.194   1.686  13.612
MotorVehicle      0.000   0.000   2.028   3.789   8.630  32.392  20.955  25.382
OtherVehicle      0.000   0.000  19.647   1.424  10.304 127.518 380.7601868.912
Freight           0.000   0.000  -0.800  -0.409   3.076  10.837  14.227  14.036
 
Mean             0.000   0.000 779.75996306.09010488.1727519.395143557.14415046755.699
Std Dev          0.000   0.0003711.691769917.13483358.86458694.1471148098.444117640750.103
Mean(weighted)     NaN     NaN 927.265109240.3958213.6285836.147109833.89111232715.985
Std Dev(wghtd)     NaN     NaN3027.587816113.96473054.02851447.4081006222.027103069065.826
 
--------------------
    1/(1-TauW)      
--------------------
 
                   1960    1970    1980    1990    2000    2010
---------------------------------------------------------------
Home              1.000   1.000   1.000   1.000   1.000   1.000
Managers          2.182   1.543   1.466   1.503   1.523   1.442
MgmtRelated       1.906   1.691   1.392   1.405   1.481   1.524
Architects        1.510   1.510   1.698   1.889   1.920   1.678
Engineers         2.405   2.114   1.891   1.828   1.957   1.861
Math/CompSci      1.847   1.203   1.073   1.091   1.023   0.943
Science           1.783   1.617   1.709   1.657   1.845   1.987
Doctors           1.849   1.720   1.103   1.107   1.123   0.994
Nurses            1.532   1.438   0.999   0.982   0.745   0.693
Therapists        1.122   0.928   0.941   0.900   0.972   0.831
Professors        1.769   2.077   1.839   1.774   1.864   1.805
Teachers          1.225   1.177   1.212   1.161   1.161   1.244
Librarians        1.175   1.175   1.324   1.395   1.569   1.524
Soc.Scientists    2.437   1.501   1.485   1.591   1.549   1.373
SocialWork        1.149   1.020   0.999   0.957   1.020   0.988
Lawyers           2.237   1.446   0.856   0.942   0.975   0.942
Arts/Athletes     1.492   1.257   1.215   1.262   1.376   1.415
HealthTechs       1.094   0.943   0.791   0.750   0.721   0.666
Eng.Techs         1.669   1.714   1.629   1.549   1.480   1.422
ScienceTechs      1.723   1.553   1.331   1.306   1.151   1.169
OtherTechs        1.545   1.452   1.371   1.417   1.479   1.440
Sales             1.912   1.655   1.565   1.561   1.650   1.739
Secretaries       1.219   0.949   1.096   0.866   0.884   0.843
Info.Clerks       1.588   0.773   0.758   0.812   0.792   0.882
Records           1.356   1.202   0.987   0.964   0.897   0.876
FinancialClerk    1.562   1.487   1.325   1.108   1.016   1.083
OfficeMachine     1.549   0.716   0.569   0.505   0.466   0.425
ComputerTech      1.611   0.990   1.107   1.016   0.988   1.114
Mail              0.783   0.763   0.772   0.726   0.698   0.699
Clerks            1.068   1.003   0.935   0.872   0.889   0.877
Insurance         2.888   2.137   1.409   1.283   1.242   1.152
Misc.Admin        1.315   1.240   1.153   1.094   1.081   1.058
PrivateHshld      0.849   0.570   0.457   0.442   0.375   0.374
Firefighting      1.475   1.123   0.978   0.899   0.856   0.861
Police            1.220   1.334   1.087   1.022   1.031   1.101
Guards            1.006   0.945   0.869   0.802   0.776   0.731
FoodPrep          0.859   0.817   0.674   0.608   0.595   0.567
HealthService     0.466   0.504   0.494   0.521   0.448   0.471
Cleaning          0.496   0.496   0.492   0.463   0.441   0.447
PersonalService   0.824   0.699   0.666   0.523   0.529   0.517
FarmMgrs          2.043   1.772   1.154   1.006   0.903   0.684
FarmWork          0.996   0.854   0.778   0.742   0.658   0.560
Agriculture       0.959   0.862   0.774   0.734   0.748   0.733
Forest            1.085   0.859   0.862   0.715   0.750   0.720
Mechanics         1.341   1.225   1.123   1.001   0.918   0.858
Elec.Repairer     2.003   1.417   1.159   1.052   1.018   0.987
Misc.Repairer     1.418   1.247   1.123   1.022   1.018   0.925
Construction      1.416   1.130   1.073   0.951   0.928   0.843
Extractive        1.857   1.128   0.955   0.870   0.847   0.812
Supervisor(P)     1.797   1.381   1.172   1.105   1.053   1.025
MetalWork         1.578   1.438   1.164   1.092   1.070   1.038
WoodWork          1.783   1.537   1.297   1.320   1.362   1.278
Textiles          1.034   1.068   0.954   0.754   0.624   0.745
Other             1.276   1.250   0.800   0.805   0.697   0.613
Food              1.308   1.082   1.052   0.912   0.822   0.710
PlantOperator     2.021   1.447   1.219   1.260   1.187   1.081
MetalMach.        1.233   1.113   1.049   0.895   0.779   0.774
MetalProc.        0.860   0.885   0.907   0.860   0.825   0.726
WoodMach.         1.060   0.963   0.891   0.793   0.683   0.668
TextileMach.      1.588   1.151   1.039   0.962   0.896   0.824
PrintMach.        0.900   0.764   0.761   0.752   0.686   0.650
OtherMach.        1.065   0.964   0.927   0.872   0.814   0.784
Fabricators       1.144   1.049   1.018   0.912   0.834   0.835
Prod.Inspectors   1.439   1.435   1.131   1.088   1.059   1.073
MotorVehicle      1.121   0.906   0.845   0.726   0.672   0.625
OtherVehicle      1.366   0.998   1.006   0.913   0.840   0.787
Freight           0.846   0.818   0.773   0.722   0.642   0.634
 
Mean             1.421   1.197   1.070   1.021   0.999   0.966
Std Dev          0.470   0.369   0.309   0.328   0.368   0.365
Mean(weighted)   1.613   1.338   1.206   1.166   1.166   1.141
Std Dev(wghtd)   0.479   0.351   0.302   0.332   0.380   0.395
eta = 0.1030
 
----------------------
    (1+tauh)^eta      
----------------------
 
                   1940    1950    1960    1970    1980    1990    2000    2010
-------------------------------------------------------------------------------
Home              1.000   1.000   1.000   1.000   1.000   1.000   1.000   1.000
Managers          1.000   1.000   2.182   1.450   1.384   1.338   1.254   1.212
MgmtRelated       1.000   1.000   1.906   1.433   1.144   1.124   1.050   0.999
Architects        1.000   1.000   1.510   1.510   1.537   1.020   1.094   1.194
Engineers         1.000   1.000   2.405   1.616   1.068   1.081   0.939   0.974
Math/CompSci      1.000   1.000   1.847   2.080   1.519   1.586   1.389   1.375
Science           1.000   1.000   1.783   1.124   1.147   1.197   1.143   1.024
Doctors           1.000   1.000   1.849   2.105   2.230   1.894   1.706   1.815
Nurses            1.000   1.000   1.532   1.274   1.716   1.853   2.008   1.907
Therapists        1.000   1.000   1.122   1.024   1.481   1.355   1.645   1.898
Professors        1.000   1.000   1.769   1.106   0.950   0.847   0.847   0.858
Teachers          1.000   1.000   1.225   1.156   1.174   1.063   0.962   0.966
Librarians        1.000   1.000   1.175   1.175   0.847   0.868   1.237   0.847
Soc.Scientists    1.000   1.000   2.437   1.400   1.167   1.143   1.324   1.142
SocialWork        1.000   1.000   1.149   0.955   1.072   0.902   0.986   1.036
Lawyers           1.000   1.000   2.237   5.016   2.646   2.602   2.261   2.458
Arts/Athletes     1.000   1.000   1.492   1.545   1.286   1.189   1.147   1.118
HealthTechs       1.000   1.000   1.094   1.170   1.431   1.440   1.677   1.707
Eng.Techs         1.000   1.000   1.669   1.353   0.961   1.025   1.036   0.960
ScienceTechs      1.000   1.000   1.723   0.847   0.847   0.974   0.897   1.019
OtherTechs        1.000   1.000   1.545   1.518   1.094   1.138   1.170   1.136
Sales             1.000   1.000   1.912   1.503   1.288   1.267   1.046   0.890
Secretaries       1.000   1.000   1.219   1.141   0.990   0.847   1.177   1.228
Info.Clerks       1.000   1.000   1.588   2.083   1.268   1.235   1.171   1.047
Records           1.000   1.000   1.356   0.997   0.947   0.867   0.962   0.890
FinancialClerk    1.000   1.000   1.562   1.274   0.943   0.847   0.847   0.855
OfficeMachine     1.000   1.000   1.549   0.847   1.377   1.443   1.351   1.449
ComputerTech      1.000   1.000   1.611   1.226   0.901   0.872   0.909   0.944
Mail              1.000   1.000   0.847   0.874   1.013   1.018   1.114   1.137
Clerks            1.000   1.000   1.068   1.044   1.128   1.223   1.118   1.064
Insurance         1.000   1.000   2.888   0.847   0.847   0.847   0.847   0.847
Misc.Admin        1.000   1.000   1.315   0.870   0.847   0.847   0.907   0.919
PrivateHshld      1.000   1.000   0.849   0.847   1.162   1.105   1.398   1.395
Firefighting      1.000   1.000   1.475   1.474   1.376   1.437   1.821   1.859
Police            1.000   1.000   1.220   1.092   1.066   0.962   1.069   1.214
Guards            1.000   1.000   1.006   0.858   0.847   0.847   0.891   0.956
FoodPrep          1.000   1.000   0.859   1.142   1.529   1.508   1.694   1.981
HealthService     1.000   1.000   0.847   1.157   1.331   1.236   1.363   1.310
Cleaning          1.000   1.000   0.847   1.282   1.685   1.846   2.074   2.107
PersonalService   1.000   1.000   0.847   1.291   1.671   1.682   1.500   1.615
FarmMgrs          1.000   1.000   2.043   3.388   3.989   3.848   5.227   8.420
FarmWork          1.000   1.000   0.996   1.266   1.987   2.251   3.477   4.712
Agriculture       1.000   1.000   0.959   1.056   1.607   1.808   2.032   2.318
Forest            1.000   1.000   1.085   1.235   2.237   2.256   2.682   6.097
Mechanics         1.000   1.000   1.341   1.338   1.402   1.727   1.748   1.873
Elec.Repairer     1.000   1.000   2.003   1.496   1.205   1.320   1.222   1.377
Misc.Repairer     1.000   1.000   1.418   1.083   1.275   1.508   1.409   1.700
Construction      1.000   1.000   1.416   1.355   1.501   1.794   1.951   2.268
Extractive        1.000   1.000   1.857   2.364   1.894   2.284   2.693   3.108
Supervisor(P)     1.000   1.000   1.797   1.450   1.294   1.458   1.347   1.468
MetalWork         1.000   1.000   1.578   1.457   1.202   1.649   1.927   1.699
WoodWork          1.000   1.000   1.783   1.031   1.244   1.424   1.855   1.937
Textiles          1.000   1.000   1.034   1.051   1.318   1.591   1.785   1.678
Other             1.000   1.000   1.276   2.066   1.735   1.866   1.512   1.691
Food              1.000   1.000   1.308   0.952   1.280   1.466   1.301   1.522
PlantOperator     1.000   1.000   2.021   1.244   0.941   1.217   1.216   1.284
MetalMach.        1.000   1.000   1.233   1.119   1.100   1.528   1.437   1.797
MetalProc.        1.000   1.000   0.860   1.031   1.138   1.716   1.582   1.267
WoodMach.         1.000   1.000   1.060   1.097   1.285   1.678   1.617   2.155
TextileMach.      1.000   1.000   1.588   1.410   1.160   1.575   1.502   2.025
PrintMach.        1.000   1.000   0.900   1.054   0.873   1.062   1.253   1.254
OtherMach.        1.000   1.000   1.065   0.912   0.989   1.212   1.243   1.468
Fabricators       1.000   1.000   1.144   0.939   0.978   1.284   1.344   1.406
Prod.Inspectors   1.000   1.000   1.439   0.847   0.906   1.185   1.107   1.318
MotorVehicle      1.000   1.000   1.121   1.175   1.263   1.435   1.375   1.401
OtherVehicle      1.000   1.000   1.366   1.095   1.284   1.649   1.845   2.173
Freight           1.000   1.000   0.847   0.947   1.156   1.290   1.324   1.322
 
Mean             1.000   1.000   1.434   1.331   1.316   1.398   1.478   1.658
Std Dev          0.000   0.000   0.450   0.621   0.488   0.498   0.672   1.183
Mean(weighted)     NaN     NaN   1.620   1.408   1.327   1.370   1.365   1.443
Std Dev(wghtd)     NaN     NaN   0.465   0.590   0.425   0.424   0.557   0.908
 
--------------------------------------------------
    z -- preference shock by Cohort of birth      
--------------------------------------------------
 
                   1940    1950    1960    1970    1980    1990    2000    2010
-------------------------------------------------------------------------------
Home              0.000   0.000   1.000   1.000   1.000   1.000   1.000   1.000
Managers          0.000   0.000   0.965   0.782   0.681   0.612   0.710   0.645
MgmtRelated       0.000   0.000   0.920   0.833   0.736   0.670   0.810   0.696
Architects        0.000   0.000   1.074   1.074   0.909   0.655   0.877   0.771
Engineers         0.000   0.000   0.835   0.824   0.653   0.554   0.708   0.587
Math/CompSci      0.000   0.000   0.979   0.822   0.663   0.577   0.680   0.611
Science           0.000   0.000   1.031   0.921   0.856   0.719   0.993   0.846
Doctors           0.000   0.000   1.379   1.340   0.840   0.683   0.896   0.758
Nurses            0.000   0.000   1.410   1.132   0.985   0.777   0.782   0.690
Therapists        0.000   0.000   1.426   1.109   0.906   0.692   0.915   0.873
Professors        0.000   0.000   1.966   1.571   1.470   1.366   1.601   1.478
Teachers          0.000   0.000   1.415   1.233   1.049   0.856   1.072   0.958
Librarians        0.000   0.000   1.375   1.375   1.079   0.992   1.191   1.162
Soc.Scientists    0.000   0.000   1.512   1.006   0.919   0.820   1.011   0.763
SocialWork        0.000   0.000   1.460   1.178   1.046   0.849   1.028   0.911
Lawyers           0.000   0.000   1.787   1.999   0.903   0.784   0.921   0.718
Arts/Athletes     0.000   0.000   1.053   0.894   0.806   0.672   0.846   0.809
HealthTechs       0.000   0.000   0.920   1.047   0.860   0.719   0.795   0.696
Eng.Techs         0.000   0.000   0.741   0.782   0.645   0.582   0.705   0.602
ScienceTechs      0.000   0.000   0.827   0.760   0.659   0.610   0.720   0.592
OtherTechs        0.000   0.000   0.936   0.754   0.711   0.624   0.701   0.585
Sales             0.000   0.000   0.951   0.886   0.718   0.644   0.784   0.759
Secretaries       0.000   0.000   0.944   0.893   0.932   0.723   0.870   0.816
Info.Clerks       0.000   0.000   0.907   0.775   0.754   0.745   0.902   0.783
Records           0.000   0.000   1.163   0.858   0.752   0.729   0.957   0.756
FinancialClerk    0.000   0.000   0.821   0.901   0.787   0.680   0.837   0.772
OfficeMachine     0.000   0.000   0.898   0.804   0.707   0.653   0.700   0.746
ComputerTech      0.000   0.000   0.817   0.764   0.636   0.621   0.780   0.728
Mail              0.000   0.000   0.753   0.743   0.600   0.568   0.772   0.664
Clerks            0.000   0.000   0.873   0.795   0.687   0.659   0.822   0.798
Insurance         0.000   0.000   1.166   0.684   0.741   0.677   0.854   0.797
Misc.Admin        0.000   0.000   0.855   0.827   0.807   0.741   0.923   0.818
PrivateHshld      0.000   0.000   0.859   0.903   0.788   0.770   0.914   0.833
Firefighting      0.000   0.000   0.661   0.614   0.603   0.515   0.631   0.540
Police            0.000   0.000   0.706   0.676   0.610   0.538   0.676   0.607
Guards            0.000   0.000   0.743   0.763   0.728   0.694   0.856   0.792
FoodPrep          0.000   0.000   0.965   0.961   0.874   0.848   0.981   1.002
HealthService     0.000   0.000   0.875   0.968   0.894   0.809   0.966   0.873
Cleaning          0.000   0.000   0.932   0.853   0.760   0.732   0.859   0.831
PersonalService   0.000   0.000   1.037   0.863   0.878   0.761   0.925   0.898
FarmMgrs          0.000   0.000   2.165   1.878   1.103   0.833   0.778   0.801
FarmWork          0.000   0.000   1.446   1.281   0.915   0.833   0.914   0.792
Agriculture       0.000   0.000   1.031   0.873   0.805   0.763   0.863   0.853
Forest            0.000   0.000   1.370   1.152   0.922   0.694   0.829   0.915
Mechanics         0.000   0.000   0.859   0.760   0.607   0.595   0.702   0.626
Elec.Repairer     0.000   0.000   0.945   0.832   0.531   0.545   0.677   0.648
Misc.Repairer     0.000   0.000   0.856   0.782   0.596   0.591   0.724   0.658
Construction      0.000   0.000   0.863   0.816   0.662   0.627   0.736   0.663
Extractive        0.000   0.000   0.927   0.775   0.544   0.517   0.676   0.532
Supervisor(P)     0.000   0.000   0.788   0.730   0.579   0.541   0.663   0.586
MetalWork         0.000   0.000   0.727   0.775   0.560   0.546   0.697   0.659
WoodWork          0.000   0.000   0.817   0.817   0.719   0.663   0.893   0.837
Textiles          0.000   0.000   0.761   0.823   0.768   0.697   0.749   0.632
Other             0.000   0.000   0.764   0.849   0.704   0.650   0.776   0.727
Food              0.000   0.000   0.855   0.761   0.622   0.669   0.776   0.784
PlantOperator     0.000   0.000   0.832   0.753   0.552   0.528   0.673   0.561
MetalMach.        0.000   0.000   0.708   0.724   0.560   0.580   0.684   0.699
MetalProc.        0.000   0.000   0.683   0.675   0.598   0.630   0.708   0.683
WoodMach.         0.000   0.000   1.039   0.902   0.758   0.729   0.716   0.717
TextileMach.      0.000   0.000   0.761   0.717   0.613   0.591   0.738   0.782
PrintMach.        0.000   0.000   0.951   0.852   0.673   0.677   0.790   0.768
OtherMach.        0.000   0.000   0.791   0.741   0.600   0.594   0.724   0.704
Fabricators       0.000   0.000   0.667   0.725   0.588   0.617   0.711   0.670
Prod.Inspectors   0.000   0.000   0.725   0.762   0.591   0.604   0.744   0.714
MotorVehicle      0.000   0.000   0.923   0.791   0.632   0.602   0.713   0.675
OtherVehicle      0.000   0.000   0.764   0.713   0.570   0.559   0.662   0.588
Freight           0.000   0.000   0.879   0.855   0.676   0.685   0.812   0.780
 
Mean             0.000   0.000   0.997   0.912   0.756   0.688   0.822   0.756
Std Dev          0.000   0.000   0.306   0.258   0.171   0.135   0.152   0.150
Mean(weighted)     NaN     NaN   0.992   0.896   0.738   0.664   0.795   0.726
Std Dev(wghtd)     NaN     NaN   0.261   0.240   0.145   0.105   0.126   0.120
 
 
--------------------------------------------------------------------------------------------------
                          >>>>> Black Women <<<<<
--------------------------------------------------------------------------------------------------
 
--------------
    TauHat      
--------------
 
                   1960    1970    1980    1990    2000    2010
---------------------------------------------------------------
Home                NaN     NaN     NaN     NaN     NaN     NaN
Managers         11.995   4.332   3.080   2.305   2.188   1.808
MgmtRelated       6.637   4.226   1.721   1.364   1.302   1.339
Architects          NaN     NaN   3.949   5.594   4.431   2.655
Engineers           NaN     NaN   6.170   4.196   3.146   3.366
Math/CompSci        NaN   5.359   2.315   2.019   2.087   2.034
Science             NaN   4.546   3.742   2.394   2.305   1.714
Doctors          15.718  10.797   4.913   2.981   2.253   1.739
Nurses            1.065   0.814   0.704   0.576   0.592   0.560
Therapists        1.650   1.761   1.302   0.925   1.090   0.827
Professors        4.374   3.568   1.812   2.138   1.486   1.336
Teachers          1.214   1.135   1.010   0.883   0.833   0.827
Librarians        0.712   1.287   0.849   0.854   1.012   0.926
Soc.Scientists    3.222   6.355   2.181   1.682   1.445   1.322
SocialWork        1.641   1.298   0.886   0.702   0.668   0.663
Lawyers          10.984   4.936   3.560   2.669   2.064   2.001
Arts/Athletes     3.890   3.564   2.661   2.078   2.103   2.021
HealthTechs       0.860   0.662   0.648   0.674   0.736   0.656
Eng.Techs           NaN   7.759   3.346   3.518   2.652   2.664
ScienceTechs      9.304   4.802   2.073   2.190   1.756   1.363
OtherTechs          NaN   4.236   2.247   2.009   2.129   2.373
Sales             6.906   3.929   3.043   2.525   2.149   1.858
Secretaries       0.525   0.353   0.168   0.155   0.296   0.361
Info.Clerks       2.587   1.122   0.653   0.562   0.477   0.514
Records           2.100   1.530   0.598   0.526   0.556   0.653
FinancialClerk    2.018   1.218   0.655   0.501   0.436   0.562
OfficeMachine     1.624   0.997   0.742   0.862   0.506   0.641
ComputerTech      1.048   1.137   0.865   0.844   0.866   0.937
Mail              2.454   1.072   1.040   0.863   0.944   1.078
Clerks            3.374   3.412   1.784   1.570   1.551   1.313
Insurance         7.428   2.466   0.888   0.694   0.668   0.684
Misc.Admin        2.196   0.937   0.527   0.528   0.518   0.617
PrivateHshld      0.578   0.492   0.465   0.412   0.351   0.322
Firefighting        NaN     NaN   1.210   1.351   1.123   2.346
Police              NaN   0.923   0.759   0.596   0.656   0.742
Guards            0.477   0.557   0.711   0.625   0.569   0.591
FoodPrep          1.045   0.992   1.084   1.201   1.341   1.375
HealthService     0.446   0.333   0.387   0.368   0.283   0.301
Cleaning          0.301   0.592   0.621   0.726   0.784   0.779
PersonalService   0.921   1.259   0.868   0.735   0.612   0.643
FarmMgrs          2.884   1.561   3.568   4.048     NaN   2.617
FarmWork          1.024   0.616   1.164   1.379   1.828   2.893
Agriculture         NaN   1.935   1.609   1.823   1.644   1.765
Forest              NaN   0.211   1.218   1.341   0.794     NaN
Mechanics           NaN   2.253   0.933   0.996   1.060   1.064
Elec.Repairer       NaN  23.969   3.956   3.470   3.206   4.683
Misc.Repairer     0.831   0.772   0.909   1.195   0.915   1.130
Construction      0.810   2.968   0.955   1.069   1.148   1.104
Extractive          NaN   0.768   1.599   0.867     NaN   1.111
Supervisor(P)     2.323   1.157   0.990   1.371   1.080   1.193
MetalWork           NaN   1.363   0.859   0.907   0.789   0.961
WoodWork            NaN   0.763   1.251   1.261   1.230   1.485
Textiles          1.149   1.023   0.815   0.784   1.641   1.971
Other             4.630   3.108   2.459   2.110   0.927   0.642
Food              1.316   0.661   0.836   0.915   0.946   0.888
PlantOperator       NaN     NaN   0.932   1.522   2.111   1.598
MetalMach.          NaN   0.817   0.849   1.114   1.044   1.303
MetalProc.          NaN   1.856   0.948   1.046   0.858   0.732
WoodMach.           NaN   2.018   0.867   1.192   0.877   0.756
TextileMach.        NaN   0.938   1.319   1.342   1.114   0.944
PrintMach.        0.594   0.768   0.644   0.643   0.746   1.030
OtherMach.        1.060   0.766   0.719   0.889   0.809   0.804
Fabricators       1.313   0.777   0.751   0.836   0.748   0.748
Prod.Inspectors   3.627   2.167   1.420   1.519   1.503   2.242
MotorVehicle      0.601   0.866   0.806   0.885   0.708   0.602
OtherVehicle      0.582   1.014   0.809   0.842   0.672   1.031
Freight           0.710   0.729   0.781   0.919   0.773   0.785
 
Mean             2.886   2.429   1.518   1.419   1.252   1.301
Std Dev          3.394   3.419   1.199   1.022   0.793   0.815
Mean(weighted)   4.244   2.904   1.939   1.634   1.433   1.402
Std Dev(wghtd)   4.619   2.976   1.363   0.961   0.756   0.737
 
--------------
    TauW      
--------------
 
                   1960    1970    1980    1990    2000    2010
---------------------------------------------------------------
Home              0.000   0.000   0.000   0.000   0.000   0.000
Managers          0.711   0.563   0.511   0.462   0.487   0.435
MgmtRelated       0.612   0.508   0.387   0.346   0.349   0.367
Architects        0.497   0.497   0.497   0.577   0.607   0.618
Engineers         0.597   0.597   0.597   0.579   0.621   0.646
Math/CompSci      0.568   0.568   0.476   0.341   0.309   0.281
Science           0.531   0.531   0.608   0.554   0.600   0.506
Doctors           0.748   0.466   0.468   0.380   0.447   0.417
Nurses            0.031  -0.167  -0.484  -0.639  -0.714  -0.714
Therapists        0.221   0.233   0.078   0.062   0.120  -0.024
Professors        0.522   0.570   0.511   0.525   0.430   0.366
Teachers          0.092   0.096   0.080   0.012  -0.017  -0.025
Librarians       -0.189  -0.594  -1.034  -1.010  -1.056  -1.138
Soc.Scientists    0.443   0.603   0.575   0.496   0.414   0.359
SocialWork        0.219   0.150   0.044  -0.207  -0.269  -0.278
Lawyers           0.698   0.550   0.757   0.683   0.590   0.577
Arts/Athletes     0.493   0.638   0.676   0.592   0.597   0.581
HealthTechs      -0.078  -0.361  -0.690  -0.713  -0.662  -0.646
Eng.Techs         0.641   0.641   0.579   0.499   0.446   0.484
ScienceTechs      0.672   0.544   0.392   0.382   0.335   0.326
OtherTechs        0.514   0.514   0.572   0.574   0.602   0.631
Sales             0.619   0.592   0.549   0.542   0.569   0.544
Secretaries      -0.615  -1.400  -4.030  -4.473  -4.147  -4.106
Info.Clerks       0.378   0.080  -0.296  -0.508  -0.776  -0.762
Records           0.310   0.380  -0.416  -0.611  -0.677  -0.714
FinancialClerk    0.296   0.258  -0.293  -0.690  -0.945  -0.793
OfficeMachine     0.215   0.150  -0.256  -0.394  -0.814  -1.019
ComputerTech      0.023  -0.039  -0.046  -0.199  -0.156  -0.006
Mail              0.362   0.162   0.127   0.018   0.063   0.078
Clerks            0.456   0.336   0.177   0.057   0.083   0.001
Insurance         0.633   0.656   0.046  -0.220  -0.269  -0.296
Misc.Admin        0.325   0.096  -0.607  -0.603  -0.711  -0.693
PrivateHshld     -0.465  -0.721  -1.905  -2.242  -3.190  -3.395
Firefighting      0.091   0.091   0.091   0.373   0.221   0.182
Police           -0.041  -0.041  -0.116  -0.421  -0.292  -0.142
Guards           -0.775  -0.520  -0.192  -0.355  -0.488  -0.454
FoodPrep          0.022  -0.071  -0.492  -0.619  -0.748  -0.859
HealthService    -0.898  -1.547  -2.064  -1.920  -2.562  -2.425
Cleaning         -1.812  -1.763  -0.774  -0.294  -0.283  -0.196
PersonalService  -0.042  -0.448  -1.103  -1.265  -1.225  -1.156
FarmMgrs          0.411   0.457   0.509   0.459   0.600   0.382
FarmWork          0.012  -0.376  -0.954  -0.881  -0.786  -0.602
Agriculture       0.281   0.281   0.212   0.479   0.484   0.464
Forest           -3.017  -3.017  -2.133  -2.074  -1.866  -1.201
Mechanics         0.334   0.334   0.092   0.149   0.200   0.204
Elec.Repairer     0.796   0.796   0.644   0.532   0.445   0.414
Misc.Repairer    -0.097  -0.097   0.067  -0.199  -0.115  -0.225
Construction     -0.111   0.420   0.112   0.132   0.262   0.233
Extractive       -0.141  -0.141   0.209  -0.597  -0.535   0.051
Supervisor(P)     0.344   0.268   0.144   0.334   0.215   0.229
MetalWork         0.144   0.144   0.014  -0.275  -0.141  -0.021
WoodWork         -0.145  -0.145   0.323   0.328   0.229   0.342
Textiles          0.067   0.100  -0.040  -0.098  -0.314  -0.775
Other             0.535   0.242   0.268   0.237  -0.157  -0.343
Food              0.128  -0.282  -0.106   0.074   0.068   0.034
PlantOperator    -0.036  -0.036  -0.036  -0.217  -0.138   0.170
MetalMach.       -0.106  -0.106   0.002   0.118   0.188   0.127
MetalProc.        0.266   0.266   0.107   0.018   0.013  -0.158
WoodMach.         0.296   0.296   0.023   0.103   0.034  -0.120
TextileMach.     -0.032  -0.032   0.257   0.166   0.240   0.102
PrintMach.       -0.425  -0.788  -1.184  -1.021  -1.230  -1.220
OtherMach.        0.029  -0.106  -0.179  -0.184  -0.121  -0.142
Fabricators       0.127  -0.091  -0.129  -0.208  -0.248  -0.276
Prod.Inspectors   0.475   0.481   0.339   0.350   0.320   0.345
MotorVehicle     -0.410   0.022  -0.052   0.042  -0.197  -0.407
OtherVehicle     -0.456   0.007  -0.048  -0.299  -0.275  -0.109
Freight          -0.193  -0.162  -0.084  -0.128  -0.125  -0.174
 
Mean             0.100   0.032  -0.114  -0.179  -0.225  -0.226
Std Dev          0.590   0.632   0.785   0.824   0.868   0.851
Mean(weighted)   0.283   0.231   0.059   0.004  -0.000  -0.017
Std Dev(wghtd)   0.459   0.495   0.807   0.864   0.861   0.845
 
-------------------------
    WageGrowthRelative      
-------------------------
 
                   1960    1970    1980    1990    2000    2010
---------------------------------------------------------------
Home                NaN     NaN     NaN     NaN     NaN     NaN
Managers          1.513   1.119   1.101   0.953   1.101     NaN
MgmtRelated       1.266   1.246   1.068   0.967   0.968     NaN
Architects          NaN     NaN     NaN   0.929   0.971     NaN
Engineers           NaN     NaN   1.046   0.901   0.934     NaN
Math/CompSci        NaN   1.213   1.257   1.050   1.040     NaN
Science             NaN   0.836   1.137   0.897   1.121     NaN
Doctors           2.117   0.997   1.164   0.892   1.053     NaN
Nurses            1.204   1.272   1.104   1.046   1.000     NaN
Therapists        0.985   1.202   1.017   0.939   0.897     NaN
Professors        0.898   1.138   0.972   1.108   0.963     NaN
Teachers          0.995   1.018   1.075   0.997   0.933     NaN
Librarians        1.340   1.276   0.988   1.023   1.040     NaN
Soc.Scientists      NaN   1.071   1.112   1.022   0.841     NaN
SocialWork        1.089   1.106   1.098   0.949   0.985     NaN
Lawyers             NaN   0.541   1.152   0.850   0.936     NaN
Arts/Athletes     0.714   0.896   1.131   0.967   0.990     NaN
HealthTechs       1.262   1.242   1.013   0.970   0.990     NaN
Eng.Techs           NaN   1.172   1.190   1.106   0.932     NaN
ScienceTechs        NaN   1.332   1.017   1.075   1.014     NaN
OtherTechs          NaN   0.882   0.995   0.920   0.927     NaN
Sales             1.072   1.104   1.017   0.941   0.966     NaN
Secretaries       1.016   1.153   1.067   0.941   0.992     NaN
Info.Clerks       1.480   1.132   1.090   1.011   0.992     NaN
Records           0.898   1.559   1.125   1.041   1.022     NaN
FinancialClerk    1.053   1.256   1.134   1.051   0.922     NaN
OfficeMachine     0.771   1.478   1.110   1.302   1.113     NaN
ComputerTech      1.063   1.007   1.146   0.964   0.870     NaN
Mail              1.312   1.042   1.014   0.955   0.984     NaN
Clerks            1.220   1.238   1.146   0.973   1.089     NaN
Insurance         0.873   1.697   1.015   0.997   1.021     NaN
Misc.Admin        1.245   1.207   0.980   1.067   0.989     NaN
PrivateHshld      1.159   1.688   1.116   1.292   1.049     NaN
Firefighting        NaN     NaN   0.461   1.243   1.050     NaN
Police              NaN   0.356   0.485   0.701   0.850     NaN
Guards            0.103   0.459   0.776   0.804   0.977     NaN
FoodPrep          1.095   1.393   1.085   1.080   1.063     NaN
HealthService     1.201   1.203   0.953   1.220   0.962     NaN
Cleaning          0.983   0.642   0.729   0.992   0.932     NaN
PersonalService   1.390   1.452   1.077   0.982   0.969     NaN
FarmMgrs          0.882   0.904   1.103   0.740     NaN     NaN
FarmWork          0.945   1.420   0.963   0.949   0.897     NaN
Agriculture         NaN     NaN   0.661   0.989   1.040     NaN
Forest              NaN   0.780   0.981   0.933   0.768     NaN
Mechanics           NaN   0.282   0.385   0.737   0.953     NaN
Elec.Repairer       NaN   1.744   1.313   1.187   1.056     NaN
Misc.Repairer     0.106   0.644   1.286   0.929   1.099     NaN
Construction        NaN   0.630   0.978   0.829   0.944     NaN
Extractive          NaN     NaN   2.019   0.961     NaN     NaN
Supervisor(P)     0.293   0.394   0.778   0.740   0.983     NaN
MetalWork           NaN   0.187   1.293   0.895   0.895     NaN
WoodWork            NaN   0.344   0.914   1.148   0.854     NaN
Textiles          0.964   1.060   1.056   1.196   1.351     NaN
Other             1.631   0.966   1.042   1.515   1.161     NaN
Food              0.256   0.863   0.551   1.006   1.036     NaN
PlantOperator       NaN     NaN   1.175   0.935   0.730     NaN
MetalMach.          NaN   0.452   0.884   0.900   1.075     NaN
MetalProc.          NaN   0.306   1.100   0.828   1.008     NaN
WoodMach.           NaN   1.107   0.918   0.679   0.989     NaN
TextileMach.        NaN   0.719   1.122   0.885   1.084     NaN
PrintMach.        1.254   1.222   0.925   1.104   0.995     NaN
OtherMach.        0.714   1.065   1.005   0.946   1.019     NaN
Fabricators       0.769   0.930   1.070   1.033   1.023     NaN
Prod.Inspectors   0.989   1.274   0.983   1.046   0.963     NaN
MotorVehicle      0.093   0.233   0.493   0.850   0.708     NaN
OtherVehicle        NaN   0.420   1.240   0.981   0.870     NaN
Freight           0.274   0.395   1.041   0.997   1.044     NaN
 
Mean             0.988   0.983   1.022   0.986   0.984     NaN
Std Dev          0.427   0.393   0.234   0.144   0.099   0.000
Mean(weighted)   0.824   0.934   1.017   0.949   0.974   0.000
Std Dev(wghtd)   0.440   0.341   0.191   0.099   0.087     NaN
 
--------------
    TauH      
--------------
 
                   1940    1950    1960    1970    1980    1990    2000    2010
-------------------------------------------------------------------------------
Home              0.000   0.000   0.000   0.000   0.000   0.000   0.000   0.000
Managers          0.000   0.000172942.669 488.135  52.013   7.080   2.068   0.228
MgmtRelated       0.000   0.0009772.6321206.714   0.665  -0.669  -0.800  -0.800
Architects        0.000   0.000 785.045 785.045 785.0454262.451 216.361   0.133
Engineers         0.000   0.0006857.2766857.2766857.276 249.858   4.554   4.538
Math/CompSci      0.000   0.0003459.4843459.484   5.542  14.919  34.171  39.080
Science           0.000   0.0001555.5441555.544  40.421   0.884  -0.544  -0.800
Doctors           0.000   0.000642293.80724339318.32011326.016 387.476   7.449   0.136
Nurses            0.000   0.000   0.355  -0.396   0.521  -0.423   0.161  -0.326
Therapists        0.000   0.000  10.362  17.485   4.901  -0.749  -0.331  -0.800
Professors        0.000   0.0001291.086  62.000  -0.693   0.158  -0.800  -0.800
Teachers          0.000   0.000   1.561   0.272  -0.514  -0.733  -0.800  -0.800
Librarians        0.000   0.000  -0.8001069.213 198.751 189.6881231.558 753.472
Soc.Scientists    0.000   0.000 291.8827916.832  -0.523  -0.800  -0.800  -0.800
SocialWork        0.000   0.000  10.079   1.593  -0.800  -0.800  -0.800  -0.800
Lawyers           0.000   0.000112783.4962320.185  -0.752  -0.800  -0.800  -0.800
Arts/Athletes     0.000   0.000 729.905  10.808  -0.763  -0.800  -0.800  -0.800
HealthTechs       0.000   0.000  -0.519  -0.637   1.408   3.045   6.064   1.120
Eng.Techs         0.000   0.00020868.91920868.919  26.768 244.312  40.964  21.037
ScienceTechs      0.000   0.00050390.6482029.814   8.451  18.038   3.490  -0.562
OtherTechs        0.000   0.0001104.1061104.106  -0.309  -0.779  -0.800  -0.726
Sales             0.000   0.00011851.551  96.753  20.398   3.123  -0.520  -0.800
Secretaries       0.000   0.000  -0.800  -0.800  -0.800  -0.800  59.361 375.178
Info.Clerks       0.000   0.000  99.832   0.362  -0.800  -0.800  -0.800  -0.618
Records           0.000   0.000  35.629  -0.405  -0.800  -0.800  -0.492   1.969
FinancialClerk    0.000   0.000  29.191  -0.629  -0.800  -0.800  -0.800   0.071
OfficeMachine     0.000   0.000   9.527  -0.800  -0.493   4.963  -0.566  11.282
ComputerTech      0.000   0.000   0.253   4.022  -0.623   0.119   0.017  -0.433
Mail              0.000   0.000  77.056  -0.649  -0.606  -0.800  -0.694  -0.052
Clerks            0.000   0.000 365.2552826.818  40.565  44.114  29.707  12.842
Insurance         0.000   0.00016890.673  -0.800  -0.800  -0.800  -0.800  -0.688
Misc.Admin        0.000   0.000  44.575  -0.800  -0.800  -0.800  -0.691   0.513
PrivateHshld      0.000   0.000  -0.800  -0.800  17.414  15.555  40.974  28.292
Firefighting      0.000   0.000   1.525   1.525   1.525  -0.800  -0.726 560.910
Police            0.000   0.000  -0.321  -0.321  -0.800  -0.800  -0.800  -0.800
Guards            0.000   0.000  -0.800  -0.800  -0.800  -0.800  -0.800  -0.770
FoodPrep          0.000   0.000   0.239   0.805 105.530 633.3393930.3279082.227
HealthService     0.000   0.000  -0.800  -0.800   4.201   0.996   0.095   0.365
Cleaning          0.000   0.000  -0.800 118.579   1.574  -0.454   0.054  -0.494
PersonalService   0.000   0.000  -0.330 340.017 344.455 140.270  19.143  22.999
FarmMgrs          0.000   0.000 170.033  -0.800 228.5782022.8581064.305 105.752
FarmWork          0.000   0.000   0.123  -0.8002910.71110472.58797282.9612921310.649
Agriculture       0.000   0.000  23.635  23.635   9.074  -0.390  -0.799  -0.417
Forest            0.000   0.000  -0.800  -0.800442172.400934664.6382923.8692923.869
Mechanics         0.000   0.000  50.561  50.561  -0.800  -0.800  -0.800  -0.800
Elec.Repairer     0.000   0.0004981579.4474981579.447  26.886 109.014 267.66617992.710
Misc.Repairer     0.000   0.000  -0.592  -0.800  -0.800  31.833   0.206  22.429
Construction      0.000   0.000  -0.641 195.591  -0.800  -0.513  -0.800  -0.800
Extractive        0.000   0.000  -0.723  -0.723   8.755  22.693  11.679   0.665
Supervisor(P)     0.000   0.000  58.870  -0.800  -0.800  -0.587  -0.800  -0.555
MetalWork         0.000   0.000   3.504   3.504  -0.800   3.107  -0.639  -0.165
WoodWork          0.000   0.000  -0.730  -0.730  -0.800  -0.800  -0.402  -0.199
Textiles          0.000   0.000   0.959  -0.555  -0.800  -0.7671737.391190636.291
Other             0.000   0.0001700.6454098.266 300.762 101.590   0.968  -0.761
Food              0.000   0.000   2.790  -0.800  -0.529  -0.800  -0.706  -0.774
PlantOperator     0.000   0.000  -0.290  -0.290  -0.290 397.7124959.049  14.529
MetalMach.        0.000   0.000  -0.624  -0.624  -0.800  -0.161  -0.800   2.476
MetalProc.        0.000   0.000  19.142  19.142  -0.800   0.302  -0.800  -0.800
WoodMach.         0.000   0.000  29.214  29.214  -0.800   0.910  -0.800  -0.800
TextileMach.      0.000   0.000  -0.266  -0.266  -0.179   1.977  -0.800  -0.800
PrintMach.        0.000   0.000  -0.800  20.718  26.299  11.666 139.8813055.612
OtherMach.        0.000   0.000   0.330  -0.800  -0.800   0.652  -0.614  -0.564
Fabricators       0.000   0.000   2.748  -0.800  -0.800   0.097  -0.487  -0.364
Prod.Inspectors   0.000   0.000 519.377   2.132  -0.458  -0.116   0.235  40.739
MotorVehicle      0.000   0.000  -0.800  -0.800  -0.800  -0.800  -0.800  -0.800
OtherVehicle      0.000   0.000  -0.800   0.071  -0.800   1.378  -0.777   2.668
Freight           0.000   0.000  -0.800  -0.800  -0.800   0.418  -0.744  -0.548
 
Mean             0.000   0.00090129.876438484.5246947.77614239.4491701.31646970.182
Std Dev          0.000   0.000612132.4113025991.31654001.536114160.02811886.106357241.282
Mean(weighted)     NaN     NaN95151.610624187.4701080.6891364.309 449.89811216.158
Std Dev(wghtd)     NaN     NaN499916.9733719522.78916337.13934308.5035838.642174853.348
 
--------------------
    1/(1-TauW)      
--------------------
 
                   1960    1970    1980    1990    2000    2010
---------------------------------------------------------------
Home              1.000   1.000   1.000   1.000   1.000   1.000
Managers          3.463   2.289   2.046   1.859   1.950   1.770
MgmtRelated       2.576   2.035   1.633   1.528   1.536   1.581
Architects        1.987   1.987   1.987   2.365   2.546   2.621
Engineers         2.484   2.484   2.484   2.375   2.637   2.822
Math/CompSci      2.315   2.315   1.908   1.518   1.446   1.391
Science           2.132   2.132   2.550   2.243   2.499   2.023
Doctors           3.965   1.873   1.878   1.613   1.808   1.717
Nurses            1.032   0.857   0.674   0.610   0.583   0.583
Therapists        1.284   1.304   1.085   1.067   1.136   0.977
Professors        2.092   2.328   2.047   2.106   1.754   1.577
Teachers          1.102   1.107   1.088   1.012   0.983   0.976
Librarians        0.841   0.627   0.492   0.497   0.486   0.468
Soc.Scientists    1.795   2.521   2.354   1.986   1.705   1.560
SocialWork        1.281   1.176   1.046   0.829   0.788   0.783
Lawyers           3.314   2.222   4.110   3.150   2.437   2.362
Arts/Athletes     1.972   2.764   3.086   2.453   2.482   2.385
HealthTechs       0.927   0.735   0.592   0.584   0.602   0.608
Eng.Techs         2.786   2.786   2.376   1.996   1.804   1.937
ScienceTechs      3.050   2.191   1.645   1.617   1.504   1.483
OtherTechs        2.058   2.058   2.334   2.347   2.513   2.711
Sales             2.628   2.450   2.220   2.182   2.318   2.193
Secretaries       0.619   0.417   0.199   0.183   0.194   0.196
Info.Clerks       1.608   1.087   0.771   0.663   0.563   0.568
Records           1.449   1.614   0.706   0.621   0.596   0.583
FinancialClerk    1.420   1.348   0.773   0.592   0.514   0.558
OfficeMachine     1.274   1.177   0.796   0.718   0.551   0.495
ComputerTech      1.023   0.963   0.956   0.834   0.865   0.994
Mail              1.566   1.194   1.145   1.019   1.067   1.084
Clerks            1.837   1.505   1.215   1.060   1.090   1.001
Insurance         2.726   2.910   1.049   0.819   0.788   0.772
Misc.Admin        1.482   1.106   0.622   0.624   0.584   0.591
PrivateHshld      0.682   0.581   0.344   0.308   0.239   0.228
Firefighting      1.100   1.100   1.100   1.595   1.283   1.222
Police            0.961   0.961   0.896   0.704   0.774   0.875
Guards            0.563   0.658   0.839   0.738   0.672   0.688
FoodPrep          1.022   0.934   0.670   0.618   0.572   0.538
HealthService     0.527   0.393   0.326   0.342   0.281   0.292
Cleaning          0.356   0.362   0.564   0.773   0.779   0.836
PersonalService   0.960   0.690   0.476   0.442   0.449   0.464
FarmMgrs          1.698   1.843   2.038   1.848   2.498   1.618
FarmWork          1.012   0.727   0.512   0.531   0.560   0.624
Agriculture       1.391   1.391   1.269   1.919   1.940   1.866
Forest            0.249   0.249   0.319   0.325   0.349   0.454
Mechanics         1.501   1.501   1.101   1.175   1.251   1.256
Elec.Repairer     4.896   4.896   2.808   2.138   1.802   1.707
Misc.Repairer     0.912   0.911   1.072   0.834   0.897   0.816
Construction      0.900   1.723   1.127   1.152   1.355   1.304
Extractive        0.876   0.876   1.264   0.626   0.652   1.054
Supervisor(P)     1.524   1.366   1.168   1.502   1.274   1.297
MetalWork         1.168   1.168   1.014   0.785   0.876   0.979
WoodWork          0.874   0.874   1.477   1.489   1.297   1.520
Textiles          1.072   1.112   0.961   0.910   0.761   0.563
Other             2.152   1.319   1.366   1.310   0.864   0.744
Food              1.147   0.780   0.904   1.080   1.073   1.036
PlantOperator     0.965   0.965   0.965   0.821   0.879   1.205
MetalMach.        0.904   0.904   1.002   1.134   1.232   1.146
MetalProc.        1.362   1.362   1.119   1.018   1.013   0.863
WoodMach.         1.421   1.421   1.023   1.115   1.036   0.892
TextileMach.      0.969   0.969   1.346   1.200   1.315   1.114
PrintMach.        0.702   0.559   0.458   0.495   0.448   0.451
OtherMach.        1.030   0.904   0.848   0.844   0.892   0.875
Fabricators       1.146   0.917   0.886   0.828   0.802   0.784
Prod.Inspectors   1.904   1.926   1.512   1.539   1.471   1.527
MotorVehicle      0.709   1.022   0.951   1.044   0.835   0.711
OtherVehicle      0.687   1.007   0.954   0.770   0.785   0.902
Freight           0.838   0.861   0.922   0.886   0.889   0.852
 
Mean             1.511   1.400   1.261   1.178   1.156   1.129
Std Dev          0.883   0.789   0.740   0.645   0.651   0.618
Mean(weighted)   1.963   1.692   1.509   1.406   1.433   1.377
Std Dev(wghtd)   1.058   0.752   0.755   0.653   0.682   0.647
eta = 0.1030
 
----------------------
    (1+tauh)^eta      
----------------------
 
                   1940    1950    1960    1970    1980    1990    2000    2010
-------------------------------------------------------------------------------
Home              1.000   1.000   1.000   1.000   1.000   1.000   1.000   1.000
Managers          1.000   1.000   3.463   1.892   1.505   1.240   1.122   1.021
MgmtRelated       1.000   1.000   2.576   2.077   1.054   0.892   0.847   0.847
Architects        1.000   1.000   1.987   1.987   1.987   2.365   1.741   1.013
Engineers         1.000   1.000   2.484   2.484   2.484   1.767   1.193   1.193
Math/CompSci      1.000   1.000   2.315   2.315   1.213   1.330   1.443   1.463
Science           1.000   1.000   2.132   2.132   1.467   1.067   0.922   0.847
Doctors           1.000   1.000   3.965   5.765   2.616   1.848   1.246   1.013
Nurses            1.000   1.000   1.032   0.949   1.044   0.945   1.016   0.960
Therapists        1.000   1.000   1.284   1.350   1.201   0.867   0.959   0.847
Professors        1.000   1.000   2.092   1.532   0.885   1.015   0.847   0.847
Teachers          1.000   1.000   1.102   1.025   0.928   0.873   0.847   0.847
Librarians        1.000   1.000   0.847   2.051   1.726   1.717   2.081   1.979
Soc.Scientists    1.000   1.000   1.795   2.521   0.927   0.847   0.847   0.847
SocialWork        1.000   1.000   1.281   1.103   0.847   0.847   0.847   0.847
Lawyers           1.000   1.000   3.314   2.222   0.866   0.847   0.847   0.847
Arts/Athletes     1.000   1.000   1.972   1.290   0.862   0.847   0.847   0.847
HealthTechs       1.000   1.000   0.927   0.901   1.095   1.155   1.223   1.080
Eng.Techs         1.000   1.000   2.786   2.786   1.408   1.763   1.469   1.375
ScienceTechs      1.000   1.000   3.050   2.191   1.260   1.355   1.167   0.919
OtherTechs        1.000   1.000   2.058   2.058   0.963   0.856   0.847   0.875
Sales             1.000   1.000   2.628   1.603   1.371   1.157   0.927   0.847
Secretaries       1.000   1.000   0.847   0.847   0.847   0.847   1.526   1.842
Info.Clerks       1.000   1.000   1.608   1.032   0.847   0.847   0.847   0.906
Records           1.000   1.000   1.449   0.948   0.847   0.847   0.933   1.119
FinancialClerk    1.000   1.000   1.420   0.903   0.847   0.847   0.847   1.007
OfficeMachine     1.000   1.000   1.274   0.847   0.932   1.202   0.918   1.295
ComputerTech      1.000   1.000   1.023   1.181   0.904   1.012   1.002   0.943
Mail              1.000   1.000   1.566   0.898   0.908   0.847   0.885   0.994
Clerks            1.000   1.000   1.837   2.267   1.468   1.480   1.423   1.311
Insurance         1.000   1.000   2.726   0.847   0.847   0.847   0.847   0.887
Misc.Admin        1.000   1.000   1.482   0.847   0.847   0.847   0.886   1.044
PrivateHshld      1.000   1.000   0.847   0.847   1.350   1.335   1.469   1.416
Firefighting      1.000   1.000   1.100   1.100   1.100   0.847   0.875   1.920
Police            1.000   1.000   0.961   0.961   0.847   0.847   0.847   0.847
Guards            1.000   1.000   0.847   0.847   0.847   0.847   0.847   0.859
FoodPrep          1.000   1.000   1.022   1.063   1.617   1.944   2.346   2.557
HealthService     1.000   1.000   0.847   0.847   1.185   1.074   1.009   1.033
Cleaning          1.000   1.000   0.847   1.637   1.102   0.939   1.005   0.932
PersonalService   1.000   1.000   0.960   1.823   1.826   1.665   1.362   1.387
FarmMgrs          1.000   1.000   1.698   0.847   1.751   2.190   2.050   1.618
FarmWork          1.000   1.000   1.012   0.847   2.274   2.595   3.264   4.634
Agriculture       1.000   1.000   1.391   1.391   1.269   0.950   0.848   0.946
Forest            1.000   1.000   0.847   0.847   3.815   4.121   2.275   2.275
Mechanics         1.000   1.000   1.501   1.501   0.847   0.847   0.847   0.847
Elec.Repairer     1.000   1.000   4.896   4.896   1.409   1.623   1.779   2.743
Misc.Repairer     1.000   1.000   0.912   0.847   0.847   1.433   1.019   1.384
Construction      1.000   1.000   0.900   1.723   0.847   0.929   0.847   0.847
Extractive        1.000   1.000   0.876   0.876   1.264   1.385   1.299   1.054
Supervisor(P)     1.000   1.000   1.524   0.847   0.847   0.913   0.847   0.920
MetalWork         1.000   1.000   1.168   1.168   0.847   1.157   0.900   0.982
WoodWork          1.000   1.000   0.874   0.874   0.847   0.847   0.948   0.977
Textiles          1.000   1.000   1.072   0.920   0.847   0.861   2.156   3.498
Other             1.000   1.000   2.152   2.356   1.801   1.611   1.072   0.863
Food              1.000   1.000   1.147   0.847   0.925   0.847   0.881   0.858
PlantOperator     1.000   1.000   0.965   0.965   0.965   1.853   2.402   1.326
MetalMach.        1.000   1.000   0.904   0.904   0.847   0.982   0.847   1.137
MetalProc.        1.000   1.000   1.362   1.362   0.847   1.028   0.847   0.847
WoodMach.         1.000   1.000   1.421   1.421   0.847   1.069   0.847   0.847
TextileMach.      1.000   1.000   0.969   0.969   0.980   1.119   0.847   0.847
PrintMach.        1.000   1.000   0.847   1.373   1.406   1.299   1.665   2.285
OtherMach.        1.000   1.000   1.030   0.847   0.847   1.053   0.907   0.918
Fabricators       1.000   1.000   1.146   0.847   0.847   1.010   0.933   0.954
Prod.Inspectors   1.000   1.000   1.904   1.125   0.939   0.987   1.022   1.469
MotorVehicle      1.000   1.000   0.847   0.847   0.847   0.847   0.847   0.847
OtherVehicle      1.000   1.000   0.847   1.007   0.847   1.093   0.857   1.143
Freight           1.000   1.000   0.847   0.847   0.847   1.037   0.869   0.921
 
Mean             1.000   1.000   1.549   1.437   1.185   1.215   1.166   1.234
Std Dev          0.000   0.000   0.844   0.881   0.527   0.543   0.493   0.667
Mean(weighted)     NaN     NaN   1.986   1.599   1.203   1.135   1.056   1.069
Std Dev(wghtd)     NaN     NaN   1.031   0.898   0.439   0.340   0.329   0.424
 
--------------------------------------------------
    z -- preference shock by Cohort of birth      
--------------------------------------------------
 
                   1940    1950    1960    1970    1980    1990    2000    2010
-------------------------------------------------------------------------------
Home              0.000   0.000   1.000   1.000   1.000   1.000   1.000   1.000
Managers          0.000   0.000   0.781   0.635   0.666   0.638   0.838   0.750
MgmtRelated       0.000   0.000   0.649   0.698   0.709   0.684   0.895   0.796
Architects        0.000   0.000   0.578   0.578   0.578   0.613   0.862   0.533
Engineers         0.000   0.000   0.619   0.619   0.619   0.537   0.724   0.623
Math/CompSci      0.000   0.000   0.618   0.618   0.644   0.596   0.778   0.699
Science           0.000   0.000   0.721   0.721   0.814   0.700   1.067   0.921
Doctors           0.000   0.000   1.608   1.266   0.871   0.757   1.062   0.882
Nurses            0.000   0.000   1.045   0.931   0.890   0.673   0.843   0.772
Therapists        0.000   0.000   0.769   0.920   0.788   0.679   0.969   0.873
Professors        0.000   0.000   1.573   1.340   1.316   1.553   1.712   1.656
Teachers          0.000   0.000   0.952   0.946   1.003   0.931   1.277   1.124
Librarians        0.000   0.000   1.129   1.237   1.003   1.069   1.313   1.242
Soc.Scientists    0.000   0.000   0.919   0.789   0.904   0.848   1.095   0.831
SocialWork        0.000   0.000   0.856   0.900   0.897   0.812   1.082   0.977
Lawyers           0.000   0.000   1.160   0.516   0.856   0.757   1.015   0.857
Arts/Athletes     0.000   0.000   0.620   0.614   0.747   0.660   0.910   0.837
HealthTechs       0.000   0.000   0.772   0.844   0.804   0.710   0.945   0.772
Eng.Techs         0.000   0.000   0.618   0.618   0.619   0.616   0.782   0.708
ScienceTechs      0.000   0.000   0.615   0.763   0.637   0.613   0.843   0.690
OtherTechs        0.000   0.000   0.548   0.548   0.689   0.620   0.811   0.744
Sales             0.000   0.000   0.877   0.836   0.816   0.779   1.035   1.034
Secretaries       0.000   0.000   0.654   0.686   0.753   0.708   0.961   0.931
Info.Clerks       0.000   0.000   0.783   0.700   0.809   0.782   1.047   0.970
Records           0.000   0.000   0.802   0.824   0.707   0.735   1.001   0.950
FinancialClerk    0.000   0.000   0.610   0.684   0.743   0.696   0.924   0.859
OfficeMachine     0.000   0.000   0.607   0.636   0.722   0.759   0.776   0.867
ComputerTech      0.000   0.000   0.654   0.724   0.654   0.665   0.978   0.866
Mail              0.000   0.000   0.484   0.568   0.505   0.523   0.814   0.697
Clerks            0.000   0.000   0.661   0.698   0.632   0.652   0.901   0.861
Insurance         0.000   0.000   0.798   0.737   0.723   0.699   0.939   0.893
Misc.Admin        0.000   0.000   0.673   0.714   0.766   0.771   1.037   0.945
PrivateHshld      0.000   0.000   0.945   1.080   0.870   0.880   1.155   1.023
Firefighting      0.000   0.000   0.485   0.485   0.485   0.591   0.760   0.631
Police            0.000   0.000   0.546   0.546   0.614   0.526   0.778   0.691
Guards            0.000   0.000   0.628   0.803   0.701   0.664   0.986   0.923
FoodPrep          0.000   0.000   0.929   0.920   0.905   0.904   1.154   1.138
HealthService     0.000   0.000   0.739   0.867   0.883   0.862   1.101   1.035
Cleaning          0.000   0.000   0.666   0.871   0.757   0.801   1.018   0.979
PersonalService   0.000   0.000   1.199   0.970   0.889   0.845   1.100   1.089
FarmMgrs          0.000   0.000   2.250   0.925   1.269   0.929   0.972   1.014
FarmWork          0.000   0.000   1.273   0.939   0.778   0.783   1.031   0.813
Agriculture       0.000   0.000   0.651   0.651   0.825   0.758   0.895   0.829
Forest            0.000   0.000   0.667   0.667   0.639   0.624   0.756   0.756
Mechanics         0.000   0.000   0.726   0.726   0.534   0.530   0.736   0.689
Elec.Repairer     0.000   0.000   0.782   0.782   0.529   0.499   0.673   0.684
Misc.Repairer     0.000   0.000   0.606   0.592   0.620   0.616   0.774   0.783
Construction      0.000   0.000   0.445   1.093   0.604   0.573   0.741   0.679
Extractive        0.000   0.000   0.557   0.557   0.806   0.509   0.646   0.783
Supervisor(P)     0.000   0.000   0.555   0.686   0.596   0.619   0.792   0.740
MetalWork         0.000   0.000   0.499   0.499   0.621   0.587   0.736   0.813
WoodWork          0.000   0.000   0.649   0.649   0.921   0.827   0.991   1.020
Textiles          0.000   0.000   0.627   0.736   0.681   0.716   1.158   0.682
Other             0.000   0.000   0.590   0.652   0.669   0.663   0.943   0.800
Food              0.000   0.000   0.959   0.859   0.721   0.770   1.006   0.893
PlantOperator     0.000   0.000   0.554   0.554   0.554   0.613   0.734   0.635
MetalMach.        0.000   0.000   0.562   0.562   0.593   0.675   0.889   1.001
MetalProc.        0.000   0.000   0.635   0.635   0.651   0.664   0.875   0.840
WoodMach.         0.000   0.000   0.748   0.748   0.683   0.733   0.842   0.739
TextileMach.      0.000   0.000   0.598   0.598   0.717   0.629   0.925   0.873
PrintMach.        0.000   0.000   0.841   0.728   0.709   0.761   0.972   0.962
OtherMach.        0.000   0.000   0.631   0.696   0.641   0.691   0.891   0.844
Fabricators       0.000   0.000   0.585   0.640   0.619   0.648   0.838   0.821
Prod.Inspectors   0.000   0.000   0.645   0.726   0.642   0.706   0.919   0.945
MotorVehicle      0.000   0.000   0.404   0.568   0.600   0.643   0.856   0.862
OtherVehicle      0.000   0.000   0.508   0.745   0.585   0.543   0.645   0.702
Freight           0.000   0.000   0.680   0.726   0.679   0.717   0.945   0.919
 
Mean             0.000   0.000   0.763   0.752   0.738   0.715   0.932   0.863
Std Dev          0.000   0.000   0.300   0.182   0.158   0.157   0.173   0.170
Mean(weighted)     NaN     NaN   0.764   0.753   0.727   0.696   0.917   0.854
Std Dev(wghtd)     NaN     NaN   0.280   0.173   0.139   0.128   0.155   0.154
                                                                               
                                                                               
        |                  AvgQuality -- Home: White Men                       
    10 +|+                                                                     
        |                                                                      
       #|####################################################*############     
     9 +|+#################################################**#############     
       #|################################################**###############     
       #|##############################################**#################     
     8 +|+###########################################**######&&&&&&&######     
       #|##########################################**######&&#######&&&&&&&&   
     7 +|+#######################%%##############**######&&###############     
       #|#####################%%%##############**#######&#################     
       *|&&###############%%%%##############***#######&&##################     
     6 +|+#&&&&&&&#####%%%###############***#########&####################     
       #|#####%%%%&&&&%################**##########&&#####################     
       %|%%%%%######################***##########&&#######################     
     5 +|+########################**############&#######################%%%%   
       #|########################################################%%%%%%%##     
       +|--------------------------------------------------------------------  
     4 +-+###########+############+#############+############+############ #   
     1960          1970         1980          1990         2000          2010  
                                                                               
                                                                               
                                                                               
                                                                               
         |                AvgQuality -- Home: White Women                      
      4 +|+                                                                    
         |                                                   **&&&&&&&&&&&&&   
        #|################################################***&############     
    3.5 +|+############################################***&&##############     
        #|###########################################**#&&################     
        #|########################################***##&################%%%%   
      3 +|+####################################***###&&###########%%%%%%##     
        #|###################################**####&&#########%%%%######## #   
    2.5 +|+###############################***####&&#######################     
        #|#############################***######&#########################     
        #|#######################%%%#**###################################     
      2 +|+#################%%%%%##**#####################################     
        #|##############%%%%##############################################     
        &|&&&&&%%%%%%%%%##################################################     
    1.5 +|+####&&&&&&&####################################################     
        *|################################################################     
        +|-------------------------------------------------------------------  
      1 +-+##########+#############+############+#############+########### +   
      1960         1970          1980         1990          2000         2010  
                                                                               
                                                                               
                                                                               
                                                                               
       |                  AvgQuality -- Home: Black Men                        
    7 +|+                                                                      
       |                                                                       
      #|##################################################################     
    6 +|+#################################################################     
      #|##################################################################     
      #|##################################################################     
      #|####################################################**############     
    5 +|+###############################################****##############     
      #|#########################%%##################***##################     
      #|#####################%%%%################****#######&&&&&&&&######     
    4 +|+#################%%%#################***#########&&########&&&&&&&&   
      #|##############%%%%#################***##########&&################     
      &|&&&&&%%%%%%%%%#################****##########&&&##################     
      *|#####&&&&&&&&###############***############&&###################%%%%   
    3 +|+#########################**#############&&##############%%%%%%%##     
      #|#######################################&&############%%%%######### #   
      +|---------------------------------------------------------------------  
    2 +-+###########+#############+############+#############+############ +   
    1960          1970          1980         1990          2000          2010  
                                                                               
                                                                               
                                                                               
                                                                               
         |                AvgQuality -- Home: Black Women                      
    4.5 +|+                                                                    
         |                                                   **                
      4 +|+###############################################***#############     
        #|#############################################***###&&&&&&&&#####     
        #|###########################################**####&&########&&&&&&&   
    3.5 +|+#######################################***####&&###############     
        #|#####################################***#####&&#################     
      3 +|+##################################**######&&#################%%%%   
        #|################################***######&&#############%%%%%%## #   
        #|#############################***#######&&###########%%%%########     
    2.5 +|+##########################**#########&#########################     
        #|#########################**#####################################     
      2 +|+#####################%%%%######################################     
        #|###############%%%%%%%##########################################     
        %|%%%%%%%%%%%%%%%#################################################     
    1.5 &|&&&&&###########################################################     
        +|-------------------------------------------------------------------  
      1 *-+##########+#############+############+#############+########### +   
      1960         1970          1980         1990          2000         2010  
                                                                               
                                                                               
                                                                               
                                                                               
        |                AvgQuality -- Doctors: White Men                      
    60 +|+                                                                     
        |                                                                      
       #|#################################################################     
    50 +|+##############################################################&&&&   
       #|###################################################**###&&&&&&&## %   
       #|#################################################**#&&&&########%%    
       #|###############################################**#&&###########%#     
    40 +|+############################################**##&###########%%##     
       #|###########################################**##&&##########%%####     
       *|#########################################**###&###########%######     
    30 &|&&&&&&&&&&&&&%%%%%%###################***####&##########%%#######     
       #|#######%%%%########%%%%%%%#########***#####&&##########%#########     
       #|####%%%#########################***#######&##########%%##########     
       #|%%%%##########################**########&&##########%############ #   
    20 %|+##########################***#########&#########################     
       #|#########################**######################################     
       +|--------------------------------------------------------------------  
    10 +-+###########+############+#############+############+############ +   
     1960          1970         1980          1990         2000          2010  
                                                                               
                                                                               
                                                                               
                                                                               
        |               AvgQuality -- Doctors: White Women                     
    70 +|+                                                                     
        |                                                                      
       #|#################################################################     
    60 *|+################################################################     
       #|#################################################################     
       #|######################%%%%#######################****############     
       &|&&##############%%%%%%#####################******###&&&&#########     
    50 +|+#&&&&&&&##%%%%%######################*****#######&&####&&&&&&&##     
       #|#########&&&&#######################**##########&&#############&&&&   
       #|#######%%#########################**##########&&#################%%   
    40 +|+####%%#########################**##########&&################%%%     
       #|###%%#########################**##########&&###############%%%###     
       #|#%%#########################**##########&&###############%%######     
       #|%#########################**###########&##############%%%########     
    30 %|+########################*##########################%%###########     
       #|#################################################################     
       +|--------------------------------------------------------------------  
    20 +-+###########+############+#############+############+############ +   
     1960          1970         1980          1990         2000          2010  
                                                                               
                                                                               
                                                                               
                                                                               
        |                AvgQuality -- Doctors: Black Men                      
    50 +|+                                                                     
        |                                                                  %   
       #|####################################################*######&&&&&&&&   
       #|##################################################**&&&&&&&#####%     
    40 &|&&&&&###########################################**#&##########%%#     
       #|#####&&&&&&&&#################################**##&##########%###     
       *|############################################**##&&##########%####     
       #|##########################################**###&###########%#####     
    30 +|+#########%%%%%%%%%#####################**####&###########%######     
       #|#####%%%%%#########%%%%%%%############**#####&###########%#######     
       #|#%%%%###############################**######&##########%%########     
       %|%#################################**######&&##########%##########     
       #|###############################***#######&###########%########### #   
    20 +|+############################**#########&###########%############     
       #|###########################**##########&#########################     
       #|#########################**######################################     
       +|--------------------------------------------------------------------  
    10 +-+###########+############+#############+############+############ +   
     1960          1970         1980          1990         2000          2010  
                                                                               
                                                                               
                                                                               
                                                                               
        |               AvgQuality -- Doctors: Black Women                     
    70 +|+                                                                     
        |                                                                 &&   
    60 +|+############################################################&&&&     
       #|##########################################################&&&#### %   
       #|###################################################**#&&&&######%%    
    50 +|+################################################**#&&########%%#     
       #|###############################################**#&&########%%###     
    40 +|+############################################**#&&#########%#####     
       #|###########################################**#&&#########%%######     
       #|#########################################**#&&#########%%########     
    30 +|+#########%%%%%######################****#&&#########%%########## #   
       *|#####%%%%%#####%%%%#############*****###&&##########%############     
    20 +|+%%%%#####&&&######%%%%#####****#######&#########################     
       %|%####&&&&&#############%%%**#####################################     
       #|#&&&&############################################################     
    10 &|&################################################################     
       +|--------------------------------------------------------------------  
     0 +-+###########+############+#############+############+############ +   
     1960          1970         1980          1990         2000          2010  
                                                                               
                                                                               
                                                                               
                                                                               
        |                AvgQuality -- Teachers: White Men                     
    20 +|+                                                                     
        |                                       #                              
    18 +|+################################################################     
       #|#################################################################     
       #|#######################################****######################     
    16 +|+#####################################*####******################     
       #|####################################**###########****############     
    14 +|+##################################*#############################     
       #|##################################*##############################     
       *|################################**############&&&&&&&&&&&&&&&&&&&&&   
    12 &|&&#############################*#######&&&&&&&#################%%%%   
       #|##&&&&&&&##########%%%%%%%####*#########################%%%%%%%##     
    10 +|+####%%%%&&&&%%%%%%##########*######################%%%%#########     
       %|%%%%%######################**#################################### #   
       #|##########################*######################################     
     8 +|+########################*#######################################     
       +|--------------------------------------------------------------------  
     6 +-+###########+############+#############+############+############ +   
     1960          1970         1980          1990         2000          2010  
                                                                               
                                                                               
                                                                               
                                                                               
        |               AvgQuality -- Teachers: White Women                    
    12 +|+                                                                     
        |                                       #                              
    11 +|+################################################################     
       #|#################################################################     
       *|#######################################**########################     
    10 +|+####################################**##***#####################     
       #|####################################*#######****#################     
     9 &|+##################################*############***##############     
       %|&&&&#############################**################**############     
       #|%%%%&&&#########################*######&&&&######################     
     8 +|+###%%%&&&&###########%%%%####**###########&&&&&&################     
       #|#######%%%%&&###%%%%%%#######*###################&&&&&&&&&&######     
     7 +|+##########%%%%%############*##############################&&&&&&&&   
       #|##########################**########################%%%%%%%%%%%%%%%   
       #|#########################*#######################################     
     6 +|+################################################################ #   
       +|--------------------------------------------------------------------  
     5 +-+###########+############+#############+############+############ +   
     1960          1970         1980          1990         2000          2010  
                                                                               
                                                                               
                                                                               
                                                                               
        |                AvgQuality -- Teachers: Black Men                     
    20 +|+                                                                     
        |                                       #                              
       #|#################################################################     
    18 +|+################################################################     
       #|#################################################################     
       #|#######################################***#######################     
    16 +|+#####################################*###****###################     
       #|####################################**########****###############     
    14 +|+##################################*##############***############     
       #|##################################*########################&&&&&&&&   
       #|################################**#####&&&&&&&&&&&&&&&&&&&&######     
    12 *|+##############################*###############################%%%%   
       &|&#####################%%%%####*#########################%%%%%%%##     
       #|#&&&&###########%%%%%%#######*######################%%%%#########     
    10 +|+####&&&&&%%%%%%###########**#################################### #   
       #|##%%%%%%%#&&&#############*######################################     
       %|--------------------------------------------------------------------  
     8 +-+###########+############+#############+############+############ +   
     1960          1970         1980          1990         2000          2010  
                                                                               
                                                                               
                                                                               
                                                                               
        |               AvgQuality -- Teachers: Black Women                    
    14 +|+                                      #                              
        |                                      #                               
       #|#################################################################     
       #|#######################################**########################     
    12 +|+#####################################*##***#####################     
       #|#####################################*######****#################     
       #|####################################*###########***##############     
       #|###################################*###############**############     
    10 +|+#################################*##############################     
       #|################################**###############################     
       #|###############################*#######&&&&######################     
       &|##############################*############&&&&&&################     
       #|&&&&##################%%%%###*###################&&&&&&&&&&&&&&&&&&   
     8 +|+###&&&#########%%%%%%######*###########################%%%%%%%##     
       %|%%%%%%%&&&&%%%%%###########*########################%%%%#########     
       *|###########&&#############*###################################### #   
       +|--------------------------------------------------------------------  
     6 +-+###########+############+#############+############+############ +   
     1960          1970         1980          1990         2000          2010  
                                                                               
                                                                               
                                                                               
                                                                               
        |                AvgQuality -- Lawyers: White Men                      
    35 +|+                                                                     
        |                                                                &&&   
       *|###################################################**######&&&&&#     
    30 +|+################################################**####&&&&######     
       #|###############################################**###&&&##########     
       #|#############################################**###&&#############%%   
       &|&&&&&&&&&&&&&%%%###########################**####&#############%%     
    25 +|+######%%%%#####%%%%%%###################**####&&############%%##     
       #|####%%%###############%%%%############***#####&############%%####     
       #|%%%%################################**#######&###########%%######     
    20 %|+#################################**#######&&##########%%########     
       #|################################**########&##########%%########## #   
       #|##############################**########&&##########%############     
       #|############################**#########&#########################     
    15 +|+#########################**#####################################     
       #|#########################*#######################################     
       +|--------------------------------------------------------------------  
    10 +-+###########+############+#############+############+############ +   
     1960          1970         1980          1990         2000          2010  
                                                                               
                                                                               
                                                                               
                                                                               
        |               AvgQuality -- Lawyers: White Women                     
    45 +|+                                                                     
       *|                                                                      
       #|#################################################################     
    40 +|+################################################################     
       &|&&&&&&&&&&&&&%%%%%%##############################################     
       %|%%%%%##############%%%%%%%#######################################     
       #|#################################################################     
    35 +|+################################################****######&&&&&&&&   
       #|###########################################******##&&&&&&&&######%%   
       #|#########################*********####*****######&&############%%     
    30 +|+##############################################&&############%%##     
       #|#############################################&&############%%####     
       #|###########################################&&############%%######     
       #|#########################################&&############%%########     
    25 +|+######################################&&############%%##########     
       #|####################################################%############ #   
       +|--------------------------------------------------------------------  
    20 +-+###########+############+#############+############+############ +   
     1960          1970         1980          1990         2000          2010  
                                                                               
                                                                               
                                                                               
                                                                               
        |                AvgQuality -- Lawyers: Black Men                      
    50 +|+                                                                     
        |                                                                      
       *|#################################################################     
       #|#################################################################     
    40 +|+################################################################     
       #|#################################################################     
       #|#################################################################     
       #|#################################################################     
    30 +|+##########%%####################################################     
       #|#######%%%%##%%##################################################     
       &|&###%%%########%%################################################     
       #|%&&&&############%%###############################***############     
       %|#####&&&&&#########%%#########################****##############%%%   
    20 +|+#########&&&########%%###################****####&&&&&&&&&&&&&&&&&   
       #|#######################%%###############**####&&&&#####%%%%######     
       #|#########################%##########*#####&&&&######%%%########## #   
       +|--------------------------------------------------------------------  
    10 +-+###########+############***###########+############+############ +   
     1960          1970         1980          1990         2000          2010  
                                                                               
                                                                               
                                                                               
                                                                               
        |               AvgQuality -- Lawyers: Black Women                     
    60 +|+           ##                                                        
        |              ##                                                      
       #|#################################################################     
    50 +|+################################################################     
       #|################################****####***######################     
       #|#########################****##############******##############&&&&   
    40 +|+######################%%%#######################****###&&&&&&&%%%%   
       #|###################%%%%################&&&&&&&&&&&&&&&&&%%%%%%%##     
    30 %|%%%%%##########%%%%#################################%%%%######### #   
       #|#####%%%%%%%%%%##################################################     
       #|#################################################################     
    20 +|+##########&&####################################################     
       #|#########&&######################################################     
       #|#######&&########################################################     
    10 +|+###&&&##########################################################     
       #|##&&#############################################################     
       +|--------------------------------------------------------------------  
     0 *&+###########+############+#############+############+############ +   
     1960          1970         1980          1990         2000          2010  
                                                                               
                                                                               
                                                                               
                                                                               
        |              AvgQuality -- Secretaries: White Men                    
    80 +|+                                    ###                              
        |                                #####                                 
       #|#########################%#######################################     
    70 +|+######################%%#############***########################     
       #|#####################%%#############**###**######################     
       #|####################%#############**#######**####################     
    60 +|+#################%%###########***###########**##################     
       #|#################%###########**################**################     
    50 &|&&&&&&&&&&&&&##%%##########**####################**##############     
       #|#############%%##########**############&&&&&&&#####**############     
       *|##########%%%#################################&&&&&&&&&&&&&&&&&&&&&   
    40 +|+####%%%%%#################################################%%%%%%%%   
       #|#%%%%###############################################%%%%%%%######     
       %|%################################################################     
    30 +|+################################################################ #   
       #|#################################################################     
       +|--------------------------------------------------------------------  
    20 +-+###########+############+#############+############+############ +   
     1960          1970         1980          1990         2000          2010  
                                                                               
                                                                               
                                                                               
                                                                               
       |             AvgQuality -- Secretaries: White Women                    
    9 +|+                                                                      
      *|                                                                       
      #|&&&&##############################################################     
    8 %|%###&&&###########################################################     
      #|#%%%%##&&&&#######################################################     
      #|#####%%%%%#&&#########################***#########################     
      #|##########%%%%%%####################**#&&***######################     
    7 +|+###############%%%%%%%##########***#####&&&**####################     
      #|#######################%%%%###***###########&&***#################     
      #|############################**################&&&***##############     
    6 +|+#########################**#####################&&&**######&&&&&&&&   
      #|####################################################&&&&&&&&####%%%%   
      #|#########################################################%%%%%%%##     
      #|#####################################################%%%%#########     
    5 +|+################################################################# #   
      #|##################################################################     
      +|---------------------------------------------------------------------  
    4 +-+###########+#############+############+#############+############ +   
    1960          1970          1980         1990          2000          2010  
                                                                               
                                                                               
                                                                               
                                                                               
        |              AvgQuality -- Secretaries: Black Men                    
    60 +|+                                                                     
        |                         #######                                      
       #|#################################################################     
       #|#################################################################     
    50 +|+########################%#######################################     
       #|#######################%%############***#########################     
       #|#####################%%#########*****###**#######################     
       #|####################%#######****##########**#####################     
    40 *|+#################%%#####***################**###################     
       #|#################%############################**#################     
       #|###############%%######################&&&&#####**#############&&&&   
       #|#############%%############################&&&&&&#**####&&&&&&&##     
       &|&&&&&%%%%%%%%####################################&&&*&&&#########     
    30 %|%%%%%&&&&&&&&####################################################     
       #|####################################################%%%%%%%%%%%%%%%   
       #|################################################################# #   
       +|--------------------------------------------------------------------  
    20 +-+###########+############+#############+############+############ +   
     1960          1970         1980          1990         2000          2010  
                                                                               
                                                                               
                                                                               
                                                                               
        |             AvgQuality -- Secretaries: Black Women                   
    16 +|+                                                                     
        |                                                                      
       *|#################################################################     
    14 &|+################################################################     
       %|&&&##############################################################     
       #|%%%&&############################################################     
    12 +|+##%%&&&#########################################################     
       #|#####%%%&&&######################################################     
    10 +|+#######%%%&&####################################################     
       #|###########%%%%##################################################     
       #|###############%%%%##############################################     
     8 +|+##################%%%%#################**#######################     
       #|#######################%%%#############&&&****###################     
       #|###########################################&&&****###############     
     6 +|+################################################&***&&&&&&&&&&&&&&   
       #|####################################################%%%%%%%######     
       +|--------------------------------------------------------------------  
     4 +-+###########+############+#############+############+############ +   
     1960          1970         1980          1990         2000          2010  
                                                                               
                                                                               
                                                                               
                                                                               
         |           AvgQuality rel to WM -- Home: White Women                 
    0.7 +|+                                                                    
         |                                                                     
        #|################################################################ #   
    0.6 +|+###################################################%%%%%%%%%%%%%%   
        #|################################################################     
        #|################################################################     
        #|################################################################     
    0.5 +|+#####################################&&&&&&&&&&&&&&&&&&&&&&&&&&&&   
        #|################################################################     
        #|################################################################     
    0.4 +|+########################****************************###########     
        #|################################################################     
        #|################################################################     
        #|################################################################     
    0.3 %|%%%%%%%%%%%%%%%%%%%%%%%%%%######################################     
        &|&&&&&&&&&&&&####################################################     
        *|-------------------------------------------------------------------  
    0.2 +-+##########+#############+############+#############+########### +   
      1960         1970          1980         1990          2000         2010  
                                                                               
                                                                               
                                                                               
                                                                               
          |            AvgQuality rel to WM -- Home: Black Men                 
    0.75 +|+                                                                   
          |                                                                    
         #|###############################################################     
     0.7 +|+##############################################################     
         #|###############################################################     
         #|###############################################################     
    0.65 +|+##############################################################     
         %|%%%%%%%%%%%%%%%%%%%%%%%%%###################################### #   
         #|###############################################################     
     0.6 +|+#######################****************************%%%%%%%%%%%%%   
         #|###############################################################     
    0.55 &|&&&&&&&&&&&&###################################################     
         #|######################################&&&&&&&&&&&&&&&&&&&&&&&&&&&   
         #|###############################################################     
     0.5 +|+##############################################################     
         *|###############################################################     
         +|------------------------------------------------------------------  
    0.45 +-+##########+############+#############+############+########### +   
       1960         1970         1980          1990         2000         2010  
                                                                               
                                                                               
                                                                               
                                                                               
         |           AvgQuality rel to WM -- Home: Black Women                 
    0.7 +|+                                                                #   
         |                                                                     
        #|################################################################     
    0.6 +|+###################################################%%%%%%%%%%%%%%   
        #|################################################################     
        #|################################################################     
    0.5 +|+#####################################&&&&&&&&&&&&&&&&&&&&&&&&&&&&   
        #|#########################****************************###########     
    0.4 +|+###############################################################     
        #|################################################################     
        #|################################################################     
    0.3 +|+###############################################################     
        %|%%%%%%%%%%%%%%%%%%%%%%%%%%######################################     
        #|################################################################     
    0.2 &|&&&&&&&&&&&&####################################################     
        *|################################################################     
        +|-------------------------------------------------------------------  
    0.1 +-+##########+#############+############+#############+########### +   
      1960         1970          1980         1990          2000         2010  
                                                                               
                                                                               
                                                                               
                                                                               
         |         AvgQuality rel to WM -- Doctors: White Women                
    2.2 +|+                                                                    
         |                        %%                                           
      2 +|+#####################%%########################################     
        #|####################%%##########################################     
        *|#################%%%#######*####################################     
    1.8 +|+##############%%############***################################     
        #|#############%%#################****##&&########################     
    1.6 &|&&###%%%%%%%%#######################****&&######################     
        %|%%&&&&&&################################***&####################     
        #|########&&&&###############################**&&#################     
    1.4 +|+############################################***&###%%##########     
        #|################################################***###%%########     
    1.2 +|+##################################################**&##%%%#####     
        #|######################################################&&&##%%%##     
        #|#########################################################&&&&#%% #   
      1 +|+############################################################&&&%%   
        +|-------------------------------------------------------------------  
    0.8 +-+##########+#############+############+#############+########### +   
      1960         1970          1980         1990          2000         2010  
                                                                               
                                                                               
                                                                               
                                                                               
         |          AvgQuality rel to WM -- Doctors: Black Men                 
    1.3 +|+                                                                    
        &|&&                                                                   
        #|%%&&&&&&########################################################     
    1.2 +|+#%%####&&&&####################################################     
        #|####%%##########################################################     
        #|######%%########################################################     
        *|########%%########%%%%%%%%######################################     
    1.1 +|+#########%%%%%%%%##############################################     
        #|################################################################     
        #|################################################################     
      1 +|+#####################################&&&&&&&##############%%%%%%%   
        #|#############################################********&%%%%%#####     
        #|################################*************#########&&&#######     
        #|#########################***#############################&&&&### #   
    0.9 +|+############################################################&&&     
        #|################################################################&&   
        +|-------------------------------------------------------------------  
    0.8 +-+##########+#############+############+#############+########### +   
      1960         1970          1980         1990          2000         2010  
                                                                               
                                                                               
                                                                               
                                                                               
         |         AvgQuality rel to WM -- Doctors: Black Women                
    1.4 +|+                                                                    
         |                                                                     
        #|##############################################################&&&&   
    1.2 +|+########################***########################%%%%&&&&&&%%%%   
        #|############################****######&&&&&&&&&&&****&&&########     
        #|################################***#######*******###############     
      1 +|+####%%%%%%%%#######################******######################     
        %|%%%%%########%%%################################################     
    0.8 +|+###############%%##############################################     
        *|##################%%%###########################################     
        #|##########&&#########%%%########################################     
    0.6 +|+#######&&##############%%######################################     
        #|######&&########################################################     
        #|####&&##########################################################     
    0.4 +|+#&&############################################################     
        #|&&##############################################################     
        &|-------------------------------------------------------------------  
    0.2 +-+##########+#############+############+#############+########### +   
      1960         1970          1980         1990          2000         2010  
                                                                               
                                                                               
                                                                               
                                                                               
         |         AvgQuality rel to WM -- Teachers: White Women               
      1 +|+                                                                    
         |                                                                     
        #|################################################################     
    0.9 %|+###############################################################     
        #|%%##############################################################     
        #|##%%############################################################     
        *|####%%##########################################################     
    0.8 +|+#####%%#################**#####################################     
        &|&&&&&###%%#################**###################################     
        #|#####&&&&&&&%%%%%%###########***################################     
    0.7 +|+#################%%%%%%%%######***###&&########################     
        #|###################################**###&&&&########%%%#########     
        #|#####################################*****##&&&########%%%%##### #   
        #|##########################################*******&&########%%%%#     
    0.6 +|+################################################****&&&&&&####%%%   
        #|###########################################################&&&&&&&   
        +|-------------------------------------------------------------------  
    0.5 +-+##########+#############+############+#############+########### +   
      1960         1970          1980         1990          2000         2010  
                                                                               
                                                                               
                                                                               
                                                                               
          |          AvgQuality rel to WM -- Teachers: Black Men               
    1.15 +|+                                                                   
          |                                                                    
         #|###############################################################     
     1.1 +|+#######################**##################################### #   
         #|##########################**#######################%%%#########     
         #|############################**########################%%%%#####     
         #|##############################***#####&&&#################%%%%&&&   
    1.05 +|+####################%%%%########**######&&&&#############&&&&%%%   
         #|###############%%%%%%########################&&&&#####&&&&#####     
         #|##########%%%%%########################*#########&&&&&#########     
       1 +|+#######%%##############################***####################     
         *|#####%%%###################################****################     
         &|##%%%##########################################***#############     
         #|&&&###############################################**###########     
    0.95 %|+##&&&&########################################################     
         #|#######&&&#####################################################     
         +|------------------------------------------------------------------  
     0.9 +-+##########+############+#############+############+########### +   
       1960         1970         1980          1990         2000         2010  
                                                                               
                                                                               
                                                                               
                                                                               
          |         AvgQuality rel to WM -- Teachers: Black Women              
    0.85 +|+                       **                                          
          |           ##             ***                                       
         #|#############################**################################     
     0.8 +|+##############################***#############################     
         %|%#################################***#&&####################### #   
         #|#%%%%################################****&#########%%%#########     
    0.75 &|&####%%%%#########%%%%%%%################****#########%%%%#####     
         #|#&&&&####%%%%%%%%%###########################****#########%%%%#     
         #|#####&&&&#######################################&***##########%%%   
     0.7 +|+########&&&######################################&&&&&########     
         #|#######################################################&&&&&&##     
    0.65 +|+############################################################&&&&   
         #|###############################################################     
         #|###############################################################     
     0.6 +|+##############################################################     
         #|###############################################################     
         +|------------------------------------------------------------------  
    0.55 *-+##########+############+#############+############+########### +   
       1960         1970         1980          1990         2000         2010  
                                                                               
                                                                               
                                                                               
                                                                               
         |         AvgQuality rel to WM -- Lawyers: White Women                
         |                                                                     
    2.5 +|+                                                                    
        #|#########################*######################################     
        #|##########################*#####################################     
        #|###########################*####################################     
        #|############################**##################################     
      2 +|+#############################*#################################     
        %|###############################*################################     
        #|%%##############################*###############################     
        #|##%%%############################*##############################     
        #|#####%%%##############%%%%########**############################     
        #|########%%#####%%%%%%%##############*#&&########################     
    1.5 &|&&&&&&&&&&&&%%%######################*##&&&&####################     
        *|######################################***###&&&#####%%%%########     
        #|#########################################****##&&&&#####%%%%%%##     
        #|#############################################*****#&&&&&######%%%%   
        +|-------------------------------------------------------------------  
      1 +-+##########+#############+############+#############+#########&&&&   
      1960         1970          1980         1990          2000         2010  
                                                                               
                                                                               
                                                                               
                                                                               
         |          AvgQuality rel to WM -- Lawyers: Black Men                 
    1.6 +|+                                                                    
         |                                                                     
        *|################################################################     
    1.4 +|+###############################################################     
        #|################################################################     
        #|################################################################     
    1.2 +|+####%%%%%%%####################################################     
        %|%%%%%#######%%##################################################     
        #|##############%%################################################     
      1 &|&###############%%##############################################     
        #|#&&&&#############%%############################################     
    0.8 +|+####&&&&###########%%###****#######################%%%%%%%#####     
        #|#########&&&##########%%#####******###&&&&&&&********######%%%%%%%   
        #|########################%%#########**********&&&&&&&&&&&&&&#####     
    0.6 +|+##########################################################&&&&&&&   
        #|################################################################     
        +|-------------------------------------------------------------------  
    0.4 +-+##########+#############+############+#############+########### +   
      1960         1970          1980         1990          2000         2010  
                                                                               
                                                                               
                                                                               
                                                                               
         |         AvgQuality rel to WM -- Lawyers: Black Women                
    3.5 +|+                                                                    
         |           #             *                                           
      3 +|+#########################**####################################     
        #|############################**##################################     
        #|##############################**################################     
    2.5 +|+###############################**##############################     
        #|##################################**##&&########################     
      2 +|+###################################**##&&&#####################     
        #|######################################***##&&#######%%%%########     
        %|%######################%%%###############****&&&########%%%%%%## #   
    1.5 +|+%%%%#############%%%%%######################*****&###########%%%%   
        #|#####%%%%#####%%%%################################***&&&&&&&&&&&&&   
      1 +|+########%%%%%##################################################     
        #|##########&&####################################################     
        #|#######&&&######################################################     
    0.5 +|+##&&&&#########################################################     
        +|-------------------------------------------------------------------  
      0 *&+##########+#############+############+#############+########### +   
      1960         1970          1980         1990          2000         2010  
                                                                               
                                                                               
                                                                               
                                                                               
          |       AvgQuality rel to WM -- Secretaries: White Women             
    0.25 +|+                                                                   
         %|                                                                    
         #|%%#############################################################     
         #|##%%###########################################################     
     0.2 *|+###%%#########################################################     
         #|######%%#######################################################     
         #|########%%#####################################################     
         &|&&########%%################################################### #   
    0.15 +|+#&&&&&&####%%#################################################     
         #|########&&&&##%%######################&&&&#########%%%%%%%#####     
         #|################%%######****##############&&&&&&##########&&&&&&&   
         #|##################%%########*******##########*******&&&&&&#####     
         #|####################%%#############**********##################     
     0.1 +|+#####################%%#######################################     
         #|########################%######################################     
         #|###############################################################     
         +|------------------------------------------------------------------  
    0.05 +-+##########+############+#############+############+########### +   
       1960         1970         1980          1990         2000         2010  
                                                                               
                                                                               
                                                                               
                                                                               
         |        AvgQuality rel to WM -- Secretaries: Black Men               
      1 +|+                                                                    
         |                                                                     
        *|################################################################     
    0.9 +|+###############################################################     
        #|################################################################     
        %|%########################**#####################################     
        #|#%%%%######################**###################################     
    0.8 +|+####%%%%#####################*#######&&&######################&&&   
        #|#########%%%%%###########################&&&&##############&&&&#     
        #|##############%%%%###############*###########&&&&&#####&&&&#####     
    0.7 +|+#################%%%%%############**#############&&&&&%%%%#####     
        #|#######################%%%###########*****#################%%%%%%%   
        #|##########################################*******###############     
        &|&&&&&############################################****###########     
    0.6 +|+####&&&&&&&####################################################     
        #|################################################################     
        +|-------------------------------------------------------------------  
    0.5 +-+##########+#############+############+#############+########### +   
      1960         1970          1980         1990          2000         2010  
                                                                               
                                                                               
                                                                               
                                                                               
          |       AvgQuality rel to WM -- Secretaries: Black Women             
     0.4 +|+                                                                   
         %|                                                                    
    0.35 +|%##############################################################     
         *|#%%############################################################     
         #|###%###########################################################     
     0.3 +|+###%%#########################################################     
         &|&#####%########################################################     
    0.25 +|+&&&&##%%######################################################     
         #|#####&&&&%%####################################################     
         #|#########&&&%##################################################     
     0.2 +|+############%%################################################     
         #|###############%%############################################## #   
    0.15 +|+################%%###################&&&&&&&######%%%%%%%#####     
         #|###################%%###*******##############*******&&&&&&&&&&&&&   
         #|#####################%%################******##################     
     0.1 +|+######################%%######################################     
         +|------------------------------------------------------------------  
    0.05 +-+##########+############+#############+############+########### +   
       1960         1970         1980          1990         2000         2010  
                                                                               
                                                                               
 
 
H(i,t) --- Total human capital in each occupation
 
                                              1960    1970    1980    1990    2000    2010
------------------------------------------------------------------------------------------
Home                                        0.8139  0.7858  0.8555  0.8417  1.1310  0.9519
Executives, Administrative, and Managerial  0.3933  0.4310  0.4674  0.6528  0.7125  0.8228
Management Related                          0.1429  0.1464  0.2542  0.3573  0.4359  0.4632
Architects                                  0.0225  0.0320  0.0367  0.0496  0.0603  0.0528
Engineers                                   0.0958  0.1309  0.1359  0.1472  0.1679  0.1710
Math and Computer Science                   0.0156  0.0512  0.0744  0.1183  0.1746  0.2097
Natural Science                             0.0434  0.0562  0.0702  0.0912  0.1136  0.1087
Doctors                                     0.1201  0.1183  0.1262  0.1933  0.2752  0.2707
Health Assessment                           0.1119  0.1302  0.1395  0.1952  0.2131  0.2327
Therapists                                  0.0225  0.0308  0.0476  0.0771  0.0978  0.1224
Professors                                  0.0487  0.0763  0.1297  0.1741  0.1810  0.1688
Teachers          Non-Postsecondary         0.1688  0.1773  0.2664  0.4289  0.3665  0.3472
Librarians  and Curators                    0.0420  0.0381  0.0522  0.0733  0.0735  0.0613
Social Scientists and Urban Planners        0.0259  0.0432  0.0670  0.1180  0.1024  0.1175
Social Work                                 0.0759  0.0878  0.1124  0.1679  0.1609  0.1625
Lawyers       and Judges                    0.0630  0.0663  0.0994  0.1553  0.1940  0.1870
Arts and Athletes                           0.0898  0.1005  0.1396  0.2009  0.2118  0.2124
Health Technicians                          0.0769  0.0827  0.1086  0.1510  0.1561  0.1836
Engineering Technicians                     0.0557  0.0869  0.1115  0.1206  0.1221  0.1170
Science Technicians                         0.0448  0.0329  0.0498  0.0588  0.0537  0.0519
Technicians, Other                          0.0425  0.0557  0.1209  0.1764  0.2123  0.2255
Sales, all                                  0.2865  0.3187  0.3791  0.5146  0.5663  0.6462
Secretaries                                 0.1908  0.2425  0.2320  0.2539  0.1605  0.1418
Info. Clerks                                0.0537  0.0701  0.1046  0.1378  0.1413  0.1387
Records Processing, Non-Financial           0.0679  0.1071  0.1139  0.1126  0.0985  0.0932
Financial Records Processing                0.1507  0.2158  0.1887  0.1941  0.1876  0.1727
Office Machine Operator                     0.0608  0.0468  0.0248  0.0248  0.0624  0.0588
Computer/Communications Equip. Operator     0.0838  0.0602  0.0996  0.1054  0.0706  0.0571
Mail Distribution                           0.0917  0.1262  0.1091  0.1444  0.1616  0.1494
Scheduling and Distributing Clerks          0.1058  0.1296  0.1595  0.1938  0.2147  0.2161
Adjusters and Investigators                 0.0310  0.0866  0.0939  0.1378  0.2147  0.2351
Misc. Admin Support                         0.2280  0.2317  0.2216  0.2492  0.2050  0.1942
Private Household Occupations               0.1179  0.1453  0.0927  0.0912  0.0974  0.1283
Firefighting                                0.0429  0.0514  0.0558  0.0603  0.0637  0.0666
Police                                      0.0588  0.0657  0.0871  0.1123  0.1210  0.1523
Guards                                      0.0586  0.0690  0.0758  0.0918  0.0945  0.1006
Food Prep    and Service                    0.2248  0.2124  0.1628  0.1503  0.1507  0.1686
Health Service                              0.1079  0.1294  0.1321  0.1719  0.1786  0.2196
Cleaning and Building Service               0.1073  0.1209  0.1329  0.1452  0.1473  0.1722
Personal Service                            0.1899  0.1827  0.1579  0.1818  0.2037  0.2119
Farm Managers                               0.2352  0.1797  0.1532  0.1248  0.1200  0.1051
Farm Work                                   0.1233  0.0893  0.0799  0.0667  0.0622  0.0723
Related Agriculture                         0.0408  0.0531  0.0544  0.0719  0.0925  0.1177
Forest, Logging, Fishers and Hunter         0.0518  0.0357  0.0425  0.0450  0.0488  0.0467
Mechanics                                   0.1111  0.1532  0.1598  0.1609  0.1825  0.1688
Elec. Repairer                              0.0670  0.0907  0.1007  0.1123  0.1190  0.1143
Misc. Repairer                              0.1447  0.1267  0.0983  0.1068  0.1118  0.1081
Construction Trade                          0.1836  0.2102  0.2403  0.2459  0.2688  0.2722
Extractive                                  0.0629  0.0452  0.0411  0.0382  0.0342  0.0363
Supervisor(P)                               0.1711  0.1802  0.1888  0.1541  0.1491  0.1402
Precision Metal                             0.1201  0.1035  0.1039  0.1023  0.0909  0.0808
Precision Wood                              0.0323  0.0349  0.0320  0.0296  0.0343  0.0305
Precision, Textile                          0.1776  0.0697  0.0659  0.0564  0.0438  0.0460
Precision, Other                            0.0524  0.0354  0.0558  0.0663  0.0916  0.0977
Precision, Food                             0.0646  0.0679  0.0661  0.0647  0.0703  0.0730
Plant Operator                              0.0647  0.0596  0.0555  0.0633  0.0737  0.0630
Metal and Plastic Machine Operator          0.0711  0.1046  0.0901  0.0680  0.0557  0.0416
Metal and Plastic Processing Operator       0.0382  0.0395  0.0484  0.0370  0.0359  0.0266
Woodworking Machine Operator                0.0348  0.0351  0.0363  0.0334  0.0861  0.0678
Textile Machine Operator                    0.0637  0.0650  0.0708  0.0714  0.0617  0.0576
Print Machine Operator                      0.1179  0.2118  0.2000  0.1382  0.0973  0.0754
Machine Operator, Other                     0.2927  0.2391  0.1836  0.1679  0.1583  0.1505
Fabricators                                 0.1348  0.1430  0.1642  0.1666  0.1464  0.1275
Production Inspectors                       0.1138  0.1400  0.1334  0.1293  0.1268  0.1071
Motor Vehicle Operator                      0.1869  0.1893  0.2085  0.2097  0.2267  0.2552
Non Motor Vehicle Operator                  0.1107  0.1159  0.1078  0.1026  0.0953  0.0859
Freight, Stock, Material Handler            0.1849  0.1569  0.1590  0.1562  0.1403  0.1497
 
 
w(i,t) in each occupation
 
                                              1960    1970    1980    1990    2000    2010
------------------------------------------------------------------------------------------
Home                                          6019    7889    6837    6913    9728    9717
Executives, Administrative, and Managerial    7097   10008    9432    9758   11216   10573
Management Related                            4797    4808    6145    6404    7795    8212
Architects                                     933    1373    1508    1657    1755    1519
Engineers                                     5693    6683    5792    6924    6458    6604
Math and Computer Science                      931    2868    2792    4056    5865    5885
Natural Science                               2399    2802    2433    2374    2609    2829
Doctors                                       3131    4457    4951    5213    4827    4678
Health Assessment                             1524    1847    2080    2204    2535    3243
Therapists                                     515     856    1258    1305    1911    2217
Professors                                    1928    3630    2280    1895    2270    2592
Teachers          Non-Postsecondary           3453    5174    4383    3103    4037    4935
Librarians  and Curators                       335     676     678     593     576     551
Social Scientists and Urban Planners          1168    2170    2068    1843    1684    2185
Social Work                                   1633    2084    2036    1772    1969    2240
Lawyers       and Judges                      2802    4224    4712    5533    5436    6027
Arts and Athletes                             3016    3330    3031    3549    4180    4283
Health Technicians                             879    1253    1481    1744    2124    2439
Engineering Technicians                       2892    3920    3380    3654    2787    2709
Science Technicians                           1846    1254    1329    1317    1017    1095
Technicians, Other                            1368    3292    3584    4621    6446    6332
Sales, all                                    6560    7700    7993    9473    9810    8795
Secretaries                                    918    1125     735     705    1161    1254
Info. Clerks                                   826    1271    1102    1167    1195    1284
Records Processing, Non-Financial             1291    2482    1272    1053     953    1087
Financial Records Processing                  1393    2019    1531    1297    1329    1411
Office Machine Operator                       1148     663     312     359     612     325
Computer/Communications Equip. Operator        608    1508    1961    1865    1181     805
Mail Distribution                             1774    1739    2184    2172    1562    1475
Scheduling and Distributing Clerks            2122    2938    3062    3070    3189    3012
Adjusters and Investigators                   1292    2402    1700    1924    3047    3081
Misc. Admin Support                           3627    2898    2098    2145    1867    2012
Private Household Occupations                  542     677     522     518     436     435
Firefighting                                  1376    1882    1881    2083    2331    2783
Police                                        2018    2966    3211    3419    4480    4590
Guards                                         929    1140    1467    1676    1601    2087
Food Prep    and Service                      1250    1509    1696    2257    2784    3334
Health Service                                 532     680     998    1103    1071    1453
Cleaning and Building Service                  765    1580    2143    2358    2038    2119
Personal Service                              1386    1928    1327    1247    1805    1918
Farm Managers                                 2009    2251    2191    1883    1474    1662
Farm Work                                     1005    1138    1281    1184    1106    1425
Related Agriculture                            652    1039    1166    1709    2052    2214
Forest, Logging, Fishers and Hunter            613     768    1030     991     993     892
Mechanics                                     2688    4278    4404    4690    4797    4256
Elec. Repairer                                2854    3374    3248    2819    3295    3156
Misc. Repairer                                3304    3420    2764    2775    2496    2490
Construction Trade                            4466    6021    6872    7302    7294    6764
Extractive                                    1626    1249    1736    1273     954    2054
Supervisor(P)                                 3428    4537    4466    3565    3253    2316
Precision Metal                               3116    3284    3022    3092    2353    1574
Precision Wood                                 624     718     696     793     766     518
Precision, Textile                             711     812     561     609     543     331
Precision, Other                              1185     952    1148    1251    1060    1209
Precision, Food                               1373    1731    1526    1347    1131    1069
Plant Operator                                2206    1277    1649    2009    1410    1615
Metal and Plastic Machine Operator            1357    2680    2209    1422    1171     885
Metal and Plastic Processing Operator          643     947    1071     949     917     501
Woodworking Machine Operator                   537     614     747     761    1829    1349
Textile Machine Operator                      1871    2153    1617    1921    1530     933
Print Machine Operator                         790    1351     894    1096    1003     665
Machine Operator, Other                       5064    4870    4019    3600    3210    2844
Fabricators                                   2432    3138    3541    3307    3143    2730
Production Inspectors                         1670    2270    2050    2015    1945    1909
Motor Vehicle Operator                        4105    4606    4930    4934    5000    4113
Non Motor Vehicle Operator                    2479    2720    3286    2504    2372    2591
Freight, Stock, Material Handler              3222    3229    3397    3310    2849    2879
 
Labor income ignoring taxes: w(i,t)*H(i,t)
 
                   1960    1970    1980    1990    2000    2010
---------------------------------------------------------------
Home               4899    6200    5849    5819   11002    9250
Managers           2791    4314    4408    6370    7992    8699
MgmtRelated         685     704    1562    2288    3398    3803
Architects           21      44      55      82     106      80
Engineers           545     875     787    1019    1084    1129
Math/CompSci         14     147     208     480    1024    1234
Science             104     157     171     217     296     307
Doctors             376     527     625    1008    1329    1267
Nurses              171     240     290     430     540     755
Therapists           12      26      60     101     187     271
Professors           94     277     296     330     411     438
Teachers            583     917    1168    1331    1479    1713
Librarians           14      26      35      43      42      34
Soc.Scientists       30      94     139     218     172     257
SocialWork          124     183     229     297     317     364
Lawyers             176     280     469     859    1055    1127
Arts/Athletes       271     335     423     713     885     909
HealthTechs          68     104     161     263     332     448
Eng.Techs           161     341     377     441     340     317
ScienceTechs         83      41      66      78      55      57
OtherTechs           58     183     433     815    1369    1428
Sales              1879    2454    3031    4874    5555    5683
Secretaries         175     273     170     179     186     178
Info.Clerks          44      89     115     161     169     178
Records              88     266     145     119      94     101
FinancialClerk      210     436     289     252     249     244
OfficeMachine        70      31       8       9      38      19
ComputerTech         51      91     195     197      83      46
Mail                163     220     238     314     252     220
Clerks              225     381     488     595     685     651
Insurance            40     208     160     265     654     724
Misc.Admin          827     671     465     535     383     391
PrivateHshld         64      98      48      47      42      56
Firefighting         59      97     105     125     148     185
Police              119     195     280     384     542     699
Guards               54      79     111     154     151     210
FoodPrep            281     320     276     339     420     562
HealthService        57      88     132     190     191     319
Cleaning             82     191     285     342     300     365
PersonalService     263     352     210     227     368     406
FarmMgrs            473     405     336     235     177     175
FarmWork            124     102     102      79      69     103
Agriculture          27      55      63     123     190     261
Forest               32      27      44      45      48      42
Mechanics           299     655     704     755     875     718
Elec.Repairer       191     306     327     317     392     361
Misc.Repairer       478     433     272     296     279     269
Construction        820    1266    1651    1796    1961    1841
Extractive          102      56      71      49      33      75
Supervisor(P)       586     818     843     549     485     325
MetalWork           374     340     314     316     214     127
WoodWork             20      25      22      23      26      16
Textiles            126      57      37      34      24      15
Other                62      34      64      83      97     118
Food                 89     118     101      87      79      78
PlantOperator       143      76      91     127     104     102
MetalMach.           96     280     199      97      65      37
MetalProc.           25      37      52      35      33      13
WoodMach.            19      22      27      25     157      92
TextileMach.        119     140     114     137      94      54
PrintMach.           93     286     179     152      98      50
OtherMach.         1482    1164     738     604     508     428
Fabricators         328     449     582     551     460     348
Prod.Inspectors     190     318     273     261     247     204
MotorVehicle        767     872    1028    1035    1134    1050
OtherVehicle        274     315     354     257     226     222
Freight             596     507     540     517     400     431
---------------------------------------------------------------
TOTAL            23967   31717   33691   41093   52402   52679
 
Total labor income received by workers: (1-TauW)*w(i,t)*H(i,t)
 
                   1960    1970    1980    1990    2000    2010
---------------------------------------------------------------
Home               4899    6200    5849    5819   11002    9250
Managers           2528    3839    3717    5154    6536    7177
MgmtRelated         614     620    1323    1975    2922    3213
Architects           21      44      55      81     102      77
Engineers           534     847     731     885     910     908
Math/CompSci         12     131     177     398     856    1051
Science              97     146     146     180     249     267
Doctors             354     492     555     852    1152    1145
Nurses              182     283     414     749     934    1267
Therapists           11      25      62     126     230     374
Professors           81     237     246     273     350     384
Teachers            529     881    1164    1469    1726    2066
Librarians           20      34      48      57      60      49
Soc.Scientists       27      82     112     194     163     255
SocialWork          111     166     216     289     332     395
Lawyers             170     266     394     728     912     965
Arts/Athletes       242     295     350     591     741     760
HealthTechs          67     110     208     352     424     560
Eng.Techs           149     308     326     375     284     260
ScienceTechs         75      37      56      65      46      47
OtherTechs           52     165     353     646    1023    1044
Sales              1596    2055    2576    4050    4443    4425
Secretaries         455     754     807     901     807     735
Info.Clerks          43      93     135     217     247     254
Records              78     229     159     144     119     135
FinancialClerk      228     436     400     432     460     419
OfficeMachine        67      29       9      10      48      25
ComputerTech         76     114     217     230      96      50
Mail                155     207     219     289     228     203
Clerks              203     345     440     533     606     586
Insurance            36     164     139     282     687     760
Misc.Admin          747     630     559     676     514     514
PrivateHshld         64     122      79      82      93     126
Firefighting         59      96     105     126     150     187
Police              118     192     278     387     546     697
Guards               54      80     114     161     162     230
FoodPrep            265     315     327     417     518     685
HealthService        70     130     217     307     389     625
Cleaning             99     217     316     376     330     396
PersonalService     243     326     232     275     459     525
FarmMgrs            465     402     335     235     177     175
FarmWork            124     104     105      81      70     105
Agriculture          27      56      65     125     192     263
Forest               31      28      44      45      49      42
Mechanics           294     648     699     754     879     724
Elec.Repairer       184     291     303     293     364     342
Misc.Repairer       471     427     270     296     279     271
Construction        807    1254    1644    1801    1967    1857
Extractive          100      56      72      49      33      75
Supervisor(P)       581     808     835     543     480     322
MetalWork           371     336     311     315     213     127
WoodWork             20      25      22      23      26      16
Textiles            126      56      37      35      25      16
Other                56      30      59      75     101     142
Food                 88     117     101      87      80      80
PlantOperator       141      75      90     125     103     101
MetalMach.           95     278     198      97      66      37
MetalProc.           25      38      52      36      33      14
WoodMach.            19      22      27      26     162      95
TextileMach.        118     139     114     137      95      54
PrintMach.           98     303     197     169     110      55
OtherMach.         1475    1172     749     617     522     441
Fabricators         325     448     584     561     472     357
Prod.Inspectors     162     269     237     226     217     178
MotorVehicle        759     881    1047    1071    1192    1127
OtherVehicle        271     315     354     259     229     226
Freight             617     525     558     538     425     460
---------------------------------------------------------------
TOTAL            23282   30845   32937   39772   50421   50791
TOTAL (Mkt)      18383   24645   27088   33953   39419   41541
 
  Year    Earnings       (mkt)
------------------------------
  1960       23282       18383
  1970       30845       24645
  1980       32937       27088
  1990       39772       33953
  2000       50421       39419
  2010       50791       41541
 
Average growth rates of Earnings
---------------------------
  1960 1970   0.0281
  1970 1980   0.0066
  1980 1990   0.0189
  1990 2000   0.0237
  2000 2010   0.0007
  1960 2010   0.0156
 
Average growth rates of Earnings (mkt)
-------------------------------------
  1960 1970   0.0293
  1970 1980   0.0095
  1980 1990   0.0226
  1990 2000   0.0149
  2000 2010   0.0052
  1960 2010   0.0163
 
  Year         GDP    GDP(mkt)
------------------------------
  1960       23967       17008
  1970       31717       22888
  1980       33691       25310
  1990       41093       32682
  2000       52402       36798
  2010       52679       39432
 
Average growth rates of GDP
---------------------------
  1960 1970   0.0280
  1970 1980   0.0060
  1980 1990   0.0199
  1990 2000   0.0243
  2000 2010   0.0005
  1960 2010   0.0158
 
 
Average growth rates of GDP (mkt)
---------------------------------
  1960 1970   0.0297
  1970 1980   0.0101
  1980 1990   0.0256
  1990 2000   0.0119
  2000 2010   0.0069
  1960 2010   0.0168
 
 
GDP of only Young Cohorts (per young person)...
 
  Year    GDPYoung GDPYng(mkt)
------------------------------
  1960       21798       14837
  1970       29120       20279
  1980       30166       22927
  1990       34686       27684
  2000       41238       29738
  2010       40454       30172
 
Average growth rates of GDPYoung
---------------------------
  1960 1970   0.0290
  1970 1980   0.0035
  1980 1990   0.0140
  1990 2000   0.0173
  2000 2010  -0.0019
  1960 2010   0.0124
 
Average growth rates of GDPYoung (mkt)
--------------------------------------
  1960 1970   0.0312
  1970 1980   0.0123
  1980 1990   0.0189
  1990 2000   0.0072
  2000 2010   0.0014
  1960 2010   0.0142
 
HYoung(i,t) --- Total human capital in each occupation of Young Cohort
 
                                              1960    1970    1980    1990    2000    2010
------------------------------------------------------------------------------------------
Home                                        0.2861  0.2847  0.3088  0.2762  0.2437  0.2322
Executives, Administrative, and Managerial  0.0748  0.0993  0.1400  0.1682  0.1333  0.1348
Management Related                          0.0434  0.0415  0.1028  0.1244  0.1111  0.1085
Architects                                  0.0058  0.0076  0.0134  0.0155  0.0124  0.0124
Engineers                                   0.0352  0.0388  0.0492  0.0590  0.0437  0.0431
Math and Computer Science                   0.0070  0.0213  0.0344  0.0495  0.0548  0.0533
Natural Science                             0.0174  0.0204  0.0298  0.0333  0.0286  0.0317
Doctors                                     0.0237  0.0252  0.0376  0.0446  0.0356  0.0389
Health Assessment                           0.0361  0.0417  0.0637  0.0679  0.0466  0.0606
Therapists                                  0.0081  0.0138  0.0317  0.0360  0.0334  0.0386
Professors                                  0.0121  0.0262  0.0352  0.0299  0.0304  0.0362
Teachers          Non-Postsecondary         0.0526  0.0735  0.1121  0.0906  0.0879  0.1020
Librarians  and Curators                    0.0099  0.0114  0.0198  0.0132  0.0100  0.0115
Social Scientists and Urban Planners        0.0091  0.0158  0.0297  0.0311  0.0217  0.0299
Social Work                                 0.0229  0.0305  0.0494  0.0470  0.0410  0.0467
Lawyers       and Judges                    0.0159  0.0205  0.0439  0.0461  0.0371  0.0404
Arts and Athletes                           0.0333  0.0361  0.0663  0.0782  0.0635  0.0656
Health Technicians                          0.0261  0.0337  0.0582  0.0633  0.0438  0.0543
Engineering Technicians                     0.0285  0.0375  0.0512  0.0501  0.0318  0.0315
Science Technicians                         0.0202  0.0130  0.0236  0.0231  0.0141  0.0152
Technicians, Other                          0.0138  0.0286  0.0593  0.0763  0.0613  0.0553
Sales, all                                  0.0804  0.0903  0.1408  0.1786  0.1520  0.1636
Secretaries                                 0.0682  0.0842  0.1019  0.0897  0.0397  0.0332
Info. Clerks                                0.0203  0.0274  0.0475  0.0539  0.0436  0.0482
Records Processing, Non-Financial           0.0177  0.0326  0.0526  0.0428  0.0262  0.0272
Financial Records Processing                0.0464  0.0605  0.0760  0.0711  0.0502  0.0401
Office Machine Operator                     0.0287  0.0146  0.0107  0.0106  0.0118  0.0074
Computer/Communications Equip. Operator     0.0306  0.0246  0.0446  0.0413  0.0186  0.0133
Mail Distribution                           0.0239  0.0280  0.0417  0.0498  0.0277  0.0230
Scheduling and Distributing Clerks          0.0344  0.0410  0.0667  0.0745  0.0591  0.0606
Adjusters and Investigators                 0.0122  0.0300  0.0473  0.0621  0.0734  0.0782
Misc. Admin Support                         0.0736  0.0803  0.0957  0.0941  0.0576  0.0576
Private Household Occupations               0.0244  0.0371  0.0296  0.0312  0.0242  0.0292
Firefighting                                0.0156  0.0179  0.0220  0.0205  0.0164  0.0178
Police                                      0.0234  0.0285  0.0385  0.0415  0.0393  0.0384
Guards                                      0.0129  0.0146  0.0284  0.0335  0.0251  0.0320
Food Prep    and Service                    0.0590  0.0562  0.0673  0.0753  0.0596  0.0744
Health Service                              0.0345  0.0407  0.0582  0.0657  0.0552  0.0720
Cleaning and Building Service               0.0197  0.0269  0.0453  0.0483  0.0311  0.0345
Personal Service                            0.0542  0.0661  0.0729  0.0715  0.0643  0.0689
Farm Managers                               0.0543  0.0395  0.0449  0.0367  0.0200  0.0200
Farm Work                                   0.0459  0.0313  0.0358  0.0284  0.0206  0.0268
Related Agriculture                         0.0130  0.0176  0.0254  0.0344  0.0301  0.0370
Forest, Logging, Fishers and Hunter         0.0157  0.0134  0.0189  0.0184  0.0127  0.0103
Mechanics                                   0.0388  0.0518  0.0654  0.0616  0.0454  0.0412
Elec. Repairer                              0.0315  0.0354  0.0452  0.0379  0.0335  0.0314
Misc. Repairer                              0.0428  0.0422  0.0389  0.0369  0.0251  0.0244
Construction Trade                          0.0571  0.0704  0.0979  0.0996  0.0754  0.0749
Extractive                                  0.0214  0.0151  0.0223  0.0152  0.0084  0.0156
Supervisor(P)                               0.0354  0.0435  0.0556  0.0429  0.0311  0.0223
Precision Metal                             0.0355  0.0336  0.0411  0.0364  0.0204  0.0148
Precision Wood                              0.0088  0.0104  0.0142  0.0129  0.0087  0.0065
Precision, Textile                          0.0425  0.0170  0.0198  0.0179  0.0092  0.0073
Precision, Other                            0.0170  0.0124  0.0244  0.0270  0.0287  0.0368
Precision, Food                             0.0196  0.0238  0.0256  0.0260  0.0202  0.0217
Plant Operator                              0.0179  0.0128  0.0207  0.0215  0.0122  0.0125
Metal and Plastic Machine Operator          0.0182  0.0347  0.0375  0.0226  0.0151  0.0112
Metal and Plastic Processing Operator       0.0103  0.0131  0.0206  0.0143  0.0101  0.0062
Woodworking Machine Operator                0.0118  0.0119  0.0167  0.0148  0.0241  0.0169
Textile Machine Operator                    0.0211  0.0233  0.0275  0.0307  0.0172  0.0116
Print Machine Operator                      0.0311  0.0641  0.0733  0.0521  0.0265  0.0186
Machine Operator, Other                     0.0942  0.0829  0.0787  0.0642  0.0451  0.0397
Fabricators                                 0.0416  0.0518  0.0739  0.0625  0.0425  0.0363
Production Inspectors                       0.0315  0.0393  0.0478  0.0424  0.0303  0.0264
Motor Vehicle Operator                      0.0652  0.0627  0.0800  0.0757  0.0573  0.0521
Non Motor Vehicle Operator                  0.0303  0.0331  0.0445  0.0318  0.0220  0.0220
Freight, Stock, Material Handler            0.0650  0.0539  0.0726  0.0677  0.0437  0.0463
 
Tax Revenue from TauWabs by occupation and year, summed over groups
 
Home                                             0       0       0       0       0       0
Executives, Administrative, and Managerial     263     474     691    1216    1456    1523
Management Related                              71      84     239     313     475     590
Architects                                       0      -0       0       1       3       3
Engineers                                       11      28      56     134     174     221
Math and Computer Science                        2      16      31      82     168     183
Natural Science                                  7      12      25      36      48      40
Doctors                                         22      35      70     156     177     122
Health Assessment                              -11     -43    -124    -319    -394    -512
Therapists                                       1       1      -2     -25     -43    -102
Professors                                      13      40      49      57      60      54
Teachers          Non-Postsecondary             54      37       3    -138    -246    -353
Librarians  and Curators                        -6      -8     -13     -13     -17     -15
Social Scientists and Urban Planners             3      12      27      24      10       2
Social Work                                     12      17      13       8     -15     -31
Lawyers       and Judges                         7      14      75     131     142     163
Arts and Athletes                               29      40      73     122     144     150
Health Technicians                               1      -6     -47     -88     -93    -112
Engineering Technicians                         12      32      51      65      56      57
Science Technicians                              8       5      10      12       8      10
Technicians, Other                               6      18      80     169     346     384
Sales, all                                     283     399     455     825    1113    1259
Secretaries                                   -280    -481    -637    -722    -620    -557
Info. Clerks                                     2      -4     -20     -57     -78     -76
Records Processing, Non-Financial               10      37     -14     -25     -25     -33
Financial Records Processing                   -18      -1    -111    -180    -211    -176
Office Machine Operator                          3       2      -1      -1      -9      -6
Computer/Communications Equip. Operator        -25     -23     -21     -33     -13      -4
Mail Distribution                                8      13      19      24      25      18
Scheduling and Distributing Clerks              21      35      48      62      79      65
Adjusters and Investigators                      4      44      20     -17     -33     -35
Misc. Admin Support                             80      41     -94    -142    -131    -123
Private Household Occupations                    0     -24     -30     -35     -51     -70
Firefighting                                     0       0      -0      -1      -1      -2
Police                                           1       3       2      -3      -4       2
Guards                                          -0      -1      -3      -7     -11     -20
Food Prep    and Service                        16       5     -51     -78     -98    -123
Health Service                                 -12     -42     -85    -117    -198    -306
Cleaning and Building Service                  -17     -26     -31     -33     -30     -32
Personal Service                                20      27     -22     -49     -92    -119
Farm Managers                                    8       3       1       0      -0      -0
Farm Work                                       -0      -2      -2      -2      -1      -2
Related Agriculture                             -0      -1      -1      -2      -2      -3
Forest, Logging, Fishers and Hunter              0      -1      -1      -1      -1      -0
Mechanics                                        4       8       5       1      -4      -6
Elec. Repairer                                   7      15      24      24      29      19
Misc. Repairer                                   7       7       2       0       0      -2
Construction Trade                              13      12       7      -5      -6     -16
Extractive                                       2       0      -0      -0      -0      -1
Supervisor(P)                                    5       9       8       7       4       2
Precision Metal                                  4       4       3       1       1       0
Precision Wood                                   0       1       0       0       0       0
Precision, Textile                               0       0      -0      -1      -1      -0
Precision, Other                                 6       4       5       8      -4     -24
Precision, Food                                  1       0       0      -0      -1      -2
Plant Operator                                   1       1       1       2       1       1
Metal and Plastic Machine Operator               1       2       1      -1      -1      -1
Metal and Plastic Processing Operator           -0      -1      -0      -0      -0      -0
Woodworking Machine Operator                     0      -0      -0      -0      -5      -3
Textile Machine Operator                         1       1       1       0      -0      -1
Print Machine Operator                          -5     -17     -18     -17     -12      -5
Machine Operator, Other                          7      -8     -11     -13     -14     -14
Fabricators                                      3       1      -2     -10     -12      -9
Production Inspectors                           28      49      37      35      30      27
Motor Vehicle Operator                           8      -9     -19     -37     -59     -78
Non Motor Vehicle Operator                       3      -0       0      -2      -3      -4
Freight, Stock, Material Handler               -21     -18     -18     -21     -26     -29
-----------------------------------------------------------------------------------------
Total Revenue TauW                             685     872     754    1321    1982    1888
TauW  Revenue Share of GDP                  0.0286  0.0275  0.0224  0.0322  0.0378  0.0358
 
Tax Revenue from TauHabs by occupation and year, summed over groups
 
Home                                             0       0       0       0       0       0
Executives, Administrative, and Managerial      13      48      72    -667    -643    -685
Management Related                               7      11      33    -545    -642    -636
Architects                                       0       0       1       2       2       3
Engineers                                        1       2       6      12      -9     -31
Math and Computer Science                        0       3       2     -39      17      28
Natural Science                                  1       2       2     -30     -36     -60
Doctors                                          1       3       7     -60     -68    -116
Health Assessment                              -28    -113    -233    -375     -26    -371
Therapists                                       1       0      -3     -76     -99    -170
Professors                                       1       7     -19     -31     -51     -75
Teachers          Non-Postsecondary             27      46    -221    -368    -526    -794
Librarians  and Curators                        -6       2      -4       1      -1     -12
Social Scientists and Urban Planners             1       2     -15     -44     -33     -69
Social Work                                      3       5     -16     -80     -94    -128
Lawyers       and Judges                         0       2     -31    -103    -105    -147
Arts and Athletes                                8      10     -17    -159    -158    -168
Health Technicians                               0     -21    -118    -166      -2     -84
Engineering Technicians                          1       4       6      10       5      -0
Science Technicians                              1      -1      -1      -0      -1      -3
Technicians, Other                               0       5      -7    -149     -98     -27
Sales, all                                      25      45      99     105    -149    -757
Secretaries                                   -259    -443    -576    -540      76      64
Info. Clerks                                     2       7     -75    -117    -109     -97
Records Processing, Non-Financial                3       7     -74     -71      -6      -1
Financial Records Processing                   -44     -84    -216    -239     -97       7
Office Machine Operator                          3      -3       0       1       0       1
Computer/Communications Equip. Operator        -39      10       6       9       3       1
Mail Distribution                              -13     -11       1     -31      -2       4
Scheduling and Distributing Clerks               3       7      23      15      11      12
Adjusters and Investigators                      0      -2     -66    -158    -277    -201
Misc. Admin Support                             39     -77    -316    -357    -132     -83
Private Household Occupations                   -7     -22       7       8       6       5
Firefighting                                     0       1       1       1       1       1
Police                                           1       1      -1     -15     -12     -11
Guards                                          -0      -4     -14     -26     -15     -13
Food Prep    and Service                         1      18      31      51      46      67
Health Service                                 -21     -58     -26    -109    -124    -201
Cleaning and Building Service                  -15       5       7       6       4       3
Personal Service                               -10      19    -110    -123    -149    -173
Farm Managers                                    1       0       0       0       0       0
Farm Work                                       -0       0       1       1       0       0
Related Agriculture                             -0       0       1       2       1       2
Forest, Logging, Fishers and Hunter              0       0       0       0       0       0
Mechanics                                        2       4       5       4       4       3
Elec. Repairer                                   1       2       6       6       7       5
Misc. Repairer                                   2       2       1       3       2       2
Construction Trade                               4      11      13      16      10       8
Extractive                                       0       0       1       0       0       0
Supervisor(P)                                    1       1       0       2      -1       1
Precision Metal                                  1       1       1       2       1       1
Precision Wood                                   0      -0      -0       0       0       0
Precision, Textile                               0      -0      -1      -1       0       0
Precision, Other                                 1       1       3       4     -30     -65
Precision, Food                                  0      -2       1      -1      -1      -1
Plant Operator                                   0       0      -1       1       0       1
Metal and Plastic Machine Operator               0       1      -1       1       0       0
Metal and Plastic Processing Operator           -2       0      -0       0      -0       0
Woodworking Machine Operator                     0       0       0       0      -1      -0
Textile Machine Operator                         0       1       1       2      -0      -0
Print Machine Operator                          -9       6       0       5       3       1
Machine Operator, Other                          8     -57     -23      10       1       2
Fabricators                                      2     -17     -22       7       2       3
Production Inspectors                            6       1       2       9       7       6
Motor Vehicle Operator                           6       9      10      11       9       6
Non Motor Vehicle Operator                       1       2       3       2       1       2
Freight, Stock, Material Handler               -77     -14      -5      12       2       7
-----------------------------------------------------------------------------------------
Total Revenue TauH                            -348    -613   -1857   -4360   -3476   -4935
TauH  Revenue Share of GDP                 -0.0145 -0.0193 -0.0551 -0.1061 -0.0663 -0.0937
 
Total Revenue TauW+TauH                        337     259   -1104   -3038   -1494   -3047
Total Revenue Share of GDP                  0.0141  0.0082 -0.0328 -0.0739 -0.0285 -0.0578
        |                                                                      
     4 +|+                                             *************           
        |                                    **********             ********   
       *|*******************##########*******#############################     
     2 +|+##################**********####################################     
       =|=====############################################################     
       #|#####========####################################################     
     0 +|+&&&&&&&&&&&&==&&&&&&&&&&&&&&&&&&&&&&&&&&&&&&&&&&&&&&&&&&&&&&&&&&&&   
       #|###############==################################################     
       #|#################==##############################################     
    -2 +|+##################==############################################     
       #|#####################==##########################################     
       #|#######################==###########################==###########     
       #|#########################==#######################==##====#######     
    -4 +|+##########################==###################==########===####     
       #|#############################==###############==#############====     
       #|###############################===##########==###################==   
    -6 +|+#################################==######==#####################     
       #|####################################==##==#######################     
       +|--------------------------------------------------------------------  
    -8 +-+###########+############+#############+############+############ +   
     1960          1970         1980          1990         2000          2010  
                                                                               
                                                                               
 
 
A(i,t) -- Productivity in each occupation
 
                                              1960    1970    1980    1990    2000    2010
------------------------------------------------------------------------------------------
Home                                          2721    3488    2849    2601    4457    4072
Executives, Administrative, and Managerial    2422    3691    3412    3842    4380    4296
Management Related                             811     716    1323    1511    1985    2207
Architects                                      28      51      61      74      79      59
Engineers                                      859    1110     885    1090     929     967
Math and Computer Science                       23     195     219     438     820     901
Natural Science                                158     197     173     172     196     216
Doctors                                        392     575     674     816     769     725
Health Assessment                              129     161     193     226     257     388
Therapists                                      11      25      53      65     114     159
Professors                                     121     339     214     170     201     236
Teachers          Non-Postsecondary            539     880     816     559     678     890
Librarians  and Curators                         8      19      22      19      16      14
Social Scientists and Urban Planners            41     118     133     134      97     153
Social Work                                    117     158     168     151     153     186
Lawyers       and Judges                       240     397     556     800     771     882
Arts and Athletes                              321     342     340     467     543     563
Health Technicians                              47      72     102     140     169     225
Engineering Technicians                        237     406     357     378     225     210
Science Technicians                            109      45      59      57      33      36
Technicians, Other                              67     250     406     651    1042    1042
Sales, all                                    1837    2142    2397    3262    3194    2889
Secretaries                                     79     104      52      47      69      73
Info. Clerks                                    36      67      64      73      68      75
Records Processing, Non-Financial               78     227      83      57      40      48
Financial Records Processing                   130     237     142     102      92      96
Office Machine Operator                         62      21       5       5      17       6
Computer/Communications Equip. Operator         28      81     149     129      47      24
Mail Distribution                              146     145     184     190     108      95
Scheduling and Distributing Clerks             205     322     369     369     365     335
Adjusters and Investigators                     53     195     117     154     341     361
Misc. Admin Support                            674     422     246     245     160     173
Private Household Occupations                   28      38      20      18      12      14
Firefighting                                    68     104     105     115     124     165
Police                                         142     233     293     330     456     529
Guards                                          44      57      84     103      86     132
Food Prep    and Service                       135     152     154     205     249     344
Health Service                                  26      36      62      75      65     113
Cleaning and Building Service                   45     123     197     215     154     176
Personal Service                               145     203     105      93     151     169
Farm Managers                                  282     254     219     142      86      96
Farm Work                                       72      64      71      52      40      63
Related Agriculture                             22      43      51      93     123     156
Forest, Logging, Fishers and Hunter             22      23      37      33      30      25
Mechanics                                      300     615     637     636     620     497
Elec. Repairer                                 255     331     320     247     285     261
Misc. Repairer                                 467     400     248     236     182     178
Construction Trade                             826    1203    1521    1527    1411    1264
Extractive                                     106      53      80      44      24      77
Supervisor(P)                                  536     728     706     412     313     182
Precision Metal                                389     340     292     271     150      77
Precision Wood                                  18      20      18      19      17       9
Precision, Textile                              52      34      19      18      12       6
Precision, Other                                60      31      50      56      46      57
Precision, Food                                 84     105      83      62      44      41
Plant Operator                                 170      63      86     112      63      71
Metal and Plastic Machine Operator              86     252     170      69      41      23
Metal and Plastic Processing Operator           21      32      42      28      23       8
Woodworking Machine Operator                    15      16      21      19     100      56
Textile Machine Operator                       132     143      94     111      65      30
Print Machine Operator                          49     128      65      67      43      21
Machine Operator, Other                       1259     933     595     437     316     256
Fabricators                                    284     373     465     383     295     222
Production Inspectors                          149     227     185     160     133     119
Motor Vehicle Operator                         735     764     861     783     735     581
Non Motor Vehicle Operator                     265     271     337     198     156     168
Freight, Stock, Material Handler               508     408     430     371     249     260
 
 
phi(i,t) in each occupation
 
                                              1960    1970    1980    1990    2000    2010
------------------------------------------------------------------------------------------
Home                                          1.27    1.61    1.68    1.61    1.45    1.80
Executives, Administrative, and Managerial    1.43    1.63    1.96    1.80    1.90    1.95
Management Related                            1.91    1.93    2.21    2.11    2.10    2.23
Architects                                    2.90    3.42    3.06    2.40    2.56    2.64
Engineers                                     2.18    2.30    2.39    2.28    2.31    2.41
Math and Computer Science                     2.45    2.19    2.42    2.26    1.98    1.99
Natural Science                               2.49    2.59    3.05    2.68    3.04    3.10
Doctors                                       3.91    4.08    4.06    4.15    4.14    4.15
Health Assessment                             2.59    2.83    3.19    2.40    2.34    2.64
Therapists                                    2.96    2.62    2.25    2.24    2.50    2.91
Professors                                    5.85    5.68    5.54    5.67    4.92    5.31
Teachers          Non-Postsecondary           2.94    3.24    3.16    2.61    2.65    2.84
Librarians  and Curators                      3.25    3.33    3.40    3.23    3.17    3.63
Social Scientists and Urban Planners          3.06    2.99    3.44    2.97    3.00    2.73
Social Work                                   3.02    2.86    2.88    2.51    2.43    2.49
Lawyers       and Judges                      3.99    4.17    4.30    4.21    4.18    4.18
Arts and Athletes                             2.02    1.92    2.24    2.03    2.10    2.26
Health Technicians                            1.43    1.92    2.12    1.82    1.76    1.77
Engineering Technicians                       1.37    1.45    1.64    1.64    1.59    1.71
Science Technicians                           1.41    1.81    1.82    1.71    1.67    1.80
Technicians, Other                            1.53    1.83    2.21    1.97    2.17    2.21
Sales, all                                    1.47    1.54    1.77    1.65    1.67    1.74
Secretaries                                   1.40    1.50    1.90    1.77    1.83    2.01
Info. Clerks                                  1.31    1.50    1.98    1.79    1.76    1.77
Records Processing, Non-Financial             2.08    2.03    1.70    1.75    1.73    1.94
Financial Records Processing                  1.43    1.48    1.83    1.70    1.70    1.76
Office Machine Operator                       1.30    1.30    1.48    1.40    1.40    1.74
Computer/Communications Equip. Operator       1.14    1.34    1.64    1.63    1.67    1.70
Mail Distribution                             1.24    1.30    1.49    1.45    1.44    1.51
Scheduling and Distributing Clerks            1.02    1.21    1.43    1.39    1.38    1.49
Adjusters and Investigators                   1.75    1.74    2.01    1.83    1.73    1.75
Misc. Admin Support                           1.36    1.45    1.86    1.78    1.80    1.88
Private Household Occupations                 0.93    0.98    1.14    1.21    1.25    1.21
Firefighting                                  1.09    1.21    1.45    1.47    1.48    1.58
Police                                        1.17    1.29    1.62    1.53    1.59    1.64
Guards                                        1.04    1.26    1.50    1.48    1.46    1.60
Food Prep    and Service                      0.93    1.08    1.40    1.39    1.38    1.50
Health Service                                1.01    1.40    1.75    1.63    1.61    1.68
Cleaning and Building Service                 0.88    1.00    1.23    1.26    1.24    1.33
Personal Service                              1.01    1.01    1.64    1.55    1.70    1.78
Farm Managers                                 0.99    1.17    1.44    1.35    1.40    1.42
Farm Work                                     0.66    0.86    1.01    1.05    0.97    0.93
Related Agriculture                           0.87    0.98    1.26    1.22    1.18    1.17
Forest, Logging, Fishers and Hunter           0.79    1.03    1.24    1.18    1.16    1.25
Mechanics                                     0.93    1.03    1.20    1.26    1.26    1.32
Elec. Repairer                                1.13    1.20    1.34    1.38    1.36    1.41
Misc. Repairer                                0.98    1.04    1.27    1.30    1.28    1.34
Construction Trade                            0.97    1.06    1.27    1.24    1.19    1.21
Extractive                                    0.87    0.97    1.14    1.18    1.18    1.22
Supervisor(P)                                 1.11    1.21    1.43    1.35    1.36    1.39
Precision Metal                               0.99    1.13    1.24    1.27    1.28    1.30
Precision Wood                                0.92    1.01    1.31    1.25    1.23    1.25
Precision, Textile                            0.81    0.88    1.05    1.15    1.16    1.19
Precision, Other                              0.99    1.19    1.32    1.28    1.46    1.56
Precision, Food                               0.94    1.03    1.16    1.20    1.13    1.17
Plant Operator                                1.48    1.17    1.40    1.38    1.33    1.46
Metal and Plastic Machine Operator            0.86    1.03    1.14    1.17    1.18    1.17
Metal and Plastic Processing Operator         0.89    0.92    1.12    1.20    1.22    1.28
Woodworking Machine Operator                  0.77    0.85    1.12    1.15    1.18    1.20
Textile Machine Operator                      1.07    1.16    1.32    1.29    1.29    1.32
Print Machine Operator                        0.82    0.90    1.00    1.12    1.09    1.12
Machine Operator, Other                       0.88    0.99    1.15    1.21    1.19    1.24
Fabricators                                   0.90    1.02    1.14    1.20    1.21    1.22
Production Inspectors                         1.03    1.20    1.31    1.36    1.40    1.45
Motor Vehicle Operator                        0.88    1.01    1.19    1.23    1.23    1.30
Non Motor Vehicle Operator                    0.95    1.01    1.21    1.22    1.21    1.27
Freight, Stock, Material Handler              0.85    1.02    1.18    1.24    1.23    1.31
 
---------------------------------------------------------
The extensive margin LS elasticity in our model equals
 
      theta*(1-LFP)= theta*p(Home)
 
---------------------------------------------------------
Benchmark value for theta = 2.0000, so that theta*(1-eta) = 1.7940
 
Labor supply elasticities for White Men by Year and Cohort
 
  Year   Young  Middle     Old
------------------------------
  1960    0.17    0.15    0.22
  1970    0.20    0.17    0.23
  1980    0.19    0.16    0.24
  1990    0.20    0.18    0.24
  2000    0.29    0.27    0.31
  2010    0.30    0.25    0.32
 
Labor supply elasticities for White Women by Year and Cohort
 
  Year   Young  Middle     Old
------------------------------
  1960    1.48    1.34    1.25
  1970    1.31    1.21    1.13
  1980    0.92    0.95    1.02
  1990    0.69    0.67    0.75
  2000    0.67    0.68    0.64
  2010    0.62    0.65    0.63
 
Labor supply elasticities for Black Men by Year and Cohort
 
  Year   Young  Middle     Old
------------------------------
  1960    0.40    0.38    0.44
  1970    0.37    0.36    0.44
  1980    0.51    0.43    0.54
  1990    0.59    0.50    0.52
  2000    0.72    0.68    0.70
  2010    0.67    0.56    0.66
 
Labor supply elasticities for Black Women by Year and Cohort
 
  Year   Young  Middle     Old
------------------------------
  1960    1.28    1.16    1.20
  1970    1.00    1.00    1.06
  1980    0.78    0.80    0.98
  1990    0.71    0.58    0.73
  2000    0.67    0.67    0.74
  2010    0.56    0.50    0.62
 
Mean and Var log (1/1-tauw) and (1+tauh)^eta by Decade and Group:
meanlogtauw:
meanlogtauw =

        0   0.4107   0.4273   0.5122
        0   0.3638   0.2524   0.4106
        0   0.2653   0.1529   0.2653
        0   0.1770   0.1090   0.2047
        0   0.1482   0.0955   0.2124
        0   0.1259   0.0674   0.1811

varlogtauw:
varlogtauw =

        0   0.2469   0.1109   0.3505
        0   0.2279   0.0836   0.2623
        0   0.2706   0.0741   0.3406
        0   0.2434   0.0938   0.3266
        0   0.2317   0.1221   0.3529
        0   0.2195   0.1348   0.3295

meanlogtauh:
meanlogtauh =

        0   0.4354   0.4382   0.5455
        0   0.3094   0.2916   0.3584
        0   0.0644   0.2478   0.1304
        0  -0.0518   0.2776   0.0908
        0  -0.0463   0.2602   0.0200
        0  -0.0524   0.2769   0.0209

varlogtauh:
varlogtauh =

        0   0.1963   0.0921   0.2884
        0   0.1242   0.0826   0.1991
        0   0.0325   0.0613   0.0991
        0   0.0202   0.0679   0.0648
        0   0.0237   0.0851   0.0589
        0   0.0307   0.1359   0.0736

 
FS2 = 20
         |                                                                     
    1.8 +|+                                                                    
         |                                                                     
        #|**##############################################################     
        #|###*****########################################################     
    1.6 +|+#######*******#################################################     
        #|###############*******##########################################     
        #|######################******####################################     
        #|############################****################################     
    1.4 +|+###############################****############################     
        #|####################################*********###################     
        #|#############################################**************#####     
    1.2 +|+##########################################################*******   
        #|################################################################     
        #|################################################################     
        #|################################################################     
      1 +|+###############################################################     
        #|##################################################################   
        #|################################################################     
        +|-------------------------------------------------------------------  
    0.8 +-+##########+#############+############+#############+########### +   
      1960         1970          1980         1990          2000         2010  
                                                                               
                                                                               
                                                                               
                                                                               
         |                          White Women                                
    1.8 +|+                                                                    
         |                                                                     
        #|*****###########################################################     
    1.6 +|#####*********##################################################     
        #|##############****##############################################     
        #|##################*****#########################################     
        #|#######################******###################################     
    1.4 +|+############################******#############################     
        #|###################################**********###################     
        #|#############################################*********************   
    1.2 +|+###############################################################     
        #|################################################################     
        #|################################################################     
        #|################################################################     
      1 +|+#################################################################   
        #|################################################################     
        +|-------------------------------------------------------------------  
    0.8 +-+##########+#############+############+#############+########### +   
      1960         1970          1980         1990          2000         2010  
                                                                               
                                                                               
         |                                                                     
    1.7 +|+                                                                    
         |                                                                     
        #|################################################################     
    1.6 #|+###############################################################     
        #|################################################################     
        #|#*##############################################################     
    1.5 +|+##*############################################################     
        #|####**##########################################################     
        #|######*###########################################################   
        #|#######**#######################################################     
    1.4 +|+########**#####################################################     
        #|###########**###################################################     
        #|#############***################################################     
    1.3 +|+###############**##############################################     
        #|##################***###########################################     
        #|#####################***########################################     
    1.2 +|+#######################********################################     
        #|################################***************************#####     
        +|-------------------------------------------------------------------  
    1.1 +-+##########+#############+############+#############+########### +   
      1960         1970          1980         1990          2000         2010  
                                                                               
                                                                               
                                                                               
                                                                               
         |                           Black Men                                 
    1.7 +|+                                                                    
         |                                                                     
        #|################################################################     
    1.6 +|################################################################     
        #|#*##############################################################     
        #|###*############################################################     
    1.5 +|+###**##########################################################     
        #|######*###########################################################   
        #|#######**#######################################################     
    1.4 +|+########**#####################################################     
        #|###########**###################################################     
    1.3 +|+############****###############################################     
        #|#################***############################################     
        #|####################****########################################     
    1.2 +|+#######################********################################     
        #|################################***************************#####     
        +|-------------------------------------------------------------------  
    1.1 +-+##########+#############+############+#############+########### +   
      1960         1970          1980         1990          2000         2010  
                                                                               
                                                                               
         |                                                                     
      2 #|+                                                                    
        *|#                                                                    
        #|*###############################################################     
        #|##*#*###########################################################     
    1.8 +|+#####**########################################################     
        #|########**######################################################     
        #|##########****##################################################     
        #|##############****##############################################     
    1.6 +|+#################*****#########################################     
        #|#######################******###################################     
        #|#############################******#############################     
    1.4 +|+##################################************************#####     
        #|###########################################################*******   
        #|################################################################     
        #|################################################################     
    1.2 +|+###############################################################     
        #|################################################################     
        #|################################################################     
        +|-------------------------------------------------------------------  
      1 +-+##########+#############+############+#############+########### +   
      1960         1970          1980         1990          2000         2010  
                                                                               
                                                                               
                                                                               
                                                                               
         |                          Black Women                                
      2 #|+                                                                    
        *|#                                                                    
        #|*###############################################################     
    1.8 +|+####**#########################################################     
        #|#######***######################################################     
        #|##########****##################################################     
        #|##############****##############################################     
    1.6 +|+#################*****#########################################     
        #|#######################******###################################     
        #|#############################******#############################     
    1.4 +|+##################################************************#####     
        #|###########################################################*******   
        #|################################################################     
        #|################################################################     
    1.2 +|+###############################################################     
        #|################################################################     
        +|-------------------------------------------------------------------  
      1 +-+##########+#############+############+#############+########### +   
      1960         1970          1980         1990          2000         2010  
                                                                               
                                                                               
         |                                                                     
    2.5 +|+                                                                    
         |                                                                     
        #|################################################################     
        #|################################################################     
      2 +|+###############################################################     
        #|################################################################     
        #|################################################################     
        #|################################################################     
    1.5 +|+###############################################################     
        #|################################################################     
        #|################################################################     
      1 %|%%%%%########################################%%%%%%%%%%%%%%#####     
        #|#####%%%%%%%%%%%%%%%%%%%%%%%%%%%%%%%%%%%%%%%%####$$$$$$$$$$%%%%%%%   
        #|##########################################$$$$$$$**********$$$$$$$   
        $|$$$$$$$$$$$$$$$$$$$$$$$$$$$$$$$$$$$$$$$$$$***###################     
    0.5 +|+###############################################################     
        #|################################################################     
        #|################################################################     
        +|-------------------------------------------------------------------  
      0 +-+##########+#############+############+#############+########### +   
      1960         1970          1980         1990          2000         2010  
                                                                               
                                                                               
         |                                                                     
    2.5 +|+                                                                    
         |                                                                     
        #|################################################################     
        #|################################################################     
      2 +|+###############################################################     
        #|################################################################     
        #|################################################################     
        #|################################################################     
    1.5 +|+###############################################################     
        #|################################################################     
        #|################################################################     
      1 +|+###############################################################     
        *|******************################################################   
        #|##################**************#############$$$$$$$$$$$$$$$$$$$$$   
        #|##################$$$$$$$$$$$$$$$$$$$$$$$$$$$###################     
    0.5 $|$$$$$$$$$$$$$$$$$$##############################################     
        #|################################################################     
        #|################################################################     
        +|-------------------------------------------------------------------  
      0 +-+##########+#############+############+#############+########### +   
      1960         1970          1980         1990          2000         2010  
                                                                               
                                                                               
                                                                               
                                                                               
         |                           Mean of Z                                 
    2.5 +|+                                                                    
         |                                                                     
        #|################################################################     
      2 +|+###############################################################     
        #|################################################################     
        #|################################################################     
        #|################################################################     
    1.5 +|+###############################################################     
        #|################################################################     
        #|################################################################     
      1 +|+#############Black men######################Black women########     
        *|******************###########################$$$$$$$$$$$$$$$$$$$$$   
        #|################################$$$$$$$$$$$$$*********************   
        $|$$$$$$$$$$$$$$$$$$$$$$$$$$$$$$$$################################     
    0.5 +|+###############################################################     
        #|###########White women##########################################     
        +|-------------------------------------------------------------------  
      0 +-+##########+#############+############+#############+########### +   
      1960         1970          1980         1990          2000         2010  
                                                                               
                                                                               
 
Average Market Wage Gaps
 
  Year       WM       WW       BM       BW
------------------------------------------
  1960    1.000    0.555    0.559    0.347
  1970    1.000    0.527    0.627    0.418
  1980    1.000    0.549    0.714    0.513
  1990    1.000    0.613    0.700    0.555
  2000    1.000    0.647    0.694    0.566
  2010    1.000    0.714    0.710    0.604
 
GDP per person, per worker, Aggregate LFP, Earnings per person, Consumption per person (mkt)
   and Education Spending share of GDP
 
  Year        GDP     GDPmkt     GDPwkr        LFP   Earnings    EarnMkt  ConsYoung  EarnYoung   EduShare
---------------------------------------------------------------------------------------------------------
  1960      23967      17008      28414      0.599      18383      18383      26528      16290      0.142
  1970      31717      22888      36009      0.636      24645      24645      36221      21968      0.155
  1980      33691      25310      36045      0.702      27088      27088      34782      24391      0.207
  1990      41093      32682      42801      0.764      33953      33953      41667      28486      0.245
  2000      52402      36798      49266      0.747      39419      39419      50102      31605      0.167
  2010      52679      39432      51943      0.759      41541      41541      49974      32063      0.196
Edu2 =

   0.1417
   0.1550
   0.2069
   0.2448
   0.1667
   0.1957

 
NOTE: Those education numbers are shares of Total GDP, not GDPYoung.
Years of Education in Data and Model
 (phiFarm is chosen to match this in the benchmark case)
AvgYearsEdDataYWM =

   12.013   12.842   13.816   13.583   13.734   14.003

AvgYearsEdModel =

   12.013   12.842   13.816   13.583   13.734   14.003

 
AlphaSplitYoung for WW:
 
                   1960    1970    1980    1990    2000    2010
---------------------------------------------------------------
Home                NaN     NaN     NaN     NaN     NaN     NaN
Managers          0.500   0.600   0.878   1.000   1.000   1.000
MgmtRelated       0.500   0.498   0.902   1.000   1.000   1.000
Architects        0.500   0.000   0.000   0.000   0.055   0.141
Engineers         0.500   0.494   0.697   0.924   1.000   1.000
Math/CompSci      0.500   0.610   0.988   1.000   0.946   0.827
Science           0.500   0.514   0.935   1.000   1.000   1.000
Doctors           0.500   0.620   0.847   1.000   1.000   1.000
Nurses            0.500   0.586   0.737   0.813   0.951   0.815
Therapists        0.500   0.919   0.631   0.692   0.680   0.756
Professors        0.500   0.663   1.000   1.000   1.000   1.000
Teachers          0.500   0.417   0.125   0.522   0.604   0.655
Librarians        0.719   1.000   0.885   1.000   0.912   0.762
Soc.Scientists    0.500   0.711   1.000   1.000   0.000   0.220
SocialWork        0.500   0.723   1.000   0.000   0.250   0.403
Lawyers           0.500   0.575   1.000   1.000   1.000   1.000
Arts/Athletes     0.500   0.564   1.000   1.000   1.000   1.000
HealthTechs       0.500   0.192   0.648   0.687   0.926   0.695
Eng.Techs         0.500   0.530   0.715   0.762   0.864   1.000
ScienceTechs      0.500   0.499   0.825   1.000   1.000   1.000
OtherTechs        0.500   0.580   1.000   1.000   1.000   1.000
Sales             0.500   0.549   0.648   0.891   1.000   1.000
Secretaries       0.867   0.875   0.909   0.912   1.000   1.000
Info.Clerks       0.500   0.000   0.550   0.705   0.744   0.741
Records           0.500   0.556   0.406   0.579   0.876   1.000
FinancialClerk    0.500   0.137   0.720   0.804   0.880   1.000
OfficeMachine     0.500   0.329   0.000   0.000   0.000   1.000
ComputerTech      0.745   0.000   0.000   0.000   0.000   0.000
Mail              0.500   0.612   0.666   1.000   0.962   0.667
Clerks            0.500   0.448   0.618   0.939   0.968   0.942
Insurance         0.500   0.824   1.000   0.374   0.271   0.261
Misc.Admin        0.500   1.000   0.580   0.645   0.731   0.755
PrivateHshld      0.500   0.111   1.000   1.000   1.000   1.000
Firefighting        NaN     NaN   0.000   0.000     NaN     NaN
Police              NaN     NaN   0.000     NaN     NaN     NaN
Guards              NaN     NaN     NaN   0.000     NaN     NaN
FoodPrep          0.500   0.243   0.000   0.000   0.000   0.000
HealthService     0.500   0.654   0.816   0.725   0.810   0.798
Cleaning         -0.000     NaN  -0.000     NaN  -0.000     NaN
PersonalService   0.500   0.803   0.303   0.532   0.559   0.604
FarmMgrs            NaN     NaN   0.000   0.000  -0.000     NaN
FarmWork         -0.000     NaN     NaN     NaN   0.000     NaN
Agriculture       0.000     NaN     NaN     NaN     NaN     NaN
Forest              NaN   0.000  -0.000   0.000     NaN     NaN
Mechanics         0.000     NaN     NaN     NaN   0.000     NaN
Elec.Repairer     0.500   0.510   0.569   0.541   0.492   0.445
Misc.Repairer       NaN     NaN     NaN   0.000     NaN     NaN
Construction        NaN     NaN   0.000  -0.000     NaN     NaN
Extractive          NaN   0.000   0.000   0.000     NaN   0.000
Supervisor(P)       NaN     NaN   0.000  -0.000     NaN     NaN
MetalWork           NaN     NaN     NaN     NaN     NaN     NaN
WoodWork            NaN     NaN  -0.000     NaN   0.000     NaN
Textiles          0.000   0.000     NaN  -0.000   0.000  -0.000
Other             0.500   0.460   0.468   0.638   0.191   0.596
Food                NaN  -0.000   0.000     NaN     NaN     NaN
PlantOperator       NaN     NaN     NaN  -0.000     NaN   0.000
MetalMach.          NaN   0.000     NaN   0.000     NaN  -0.000
MetalProc.        0.000     NaN   0.000   0.000  -0.000  -0.000
WoodMach.           NaN     NaN  -0.000   0.000     NaN  -0.000
TextileMach.        NaN     NaN     NaN     NaN  -0.000   0.000
PrintMach.        0.000   0.000     NaN     NaN     NaN     NaN
OtherMach.          NaN  -0.000  -0.000   0.000   0.000     NaN
Fabricators       0.000  -0.000     NaN  -0.000  -0.000   0.000
Prod.Inspectors   0.500   0.510   0.545   0.618   0.628   0.605
MotorVehicle        NaN  -0.000     NaN     NaN  -0.000   0.000
OtherVehicle        NaN  -0.000   0.000     NaN     NaN   0.000
Freight             NaN     NaN   0.000     NaN     NaN   0.000
 
============================================
SPLIT of tauhat into TauW and TauH (young), earnings weighted
 - For comparison with our 1960 assumption
============================================
 
                 1960      1970      1980      1990      2000      2010
-----------------------------------------------------------------------
White Men       0.000     0.000     0.000     0.000     0.000     0.000
White Women     0.357     0.390     0.506     0.583     0.608     0.610
Black Men       0.505     0.492     0.478     0.421     0.519     0.515
Black Women     0.447     0.546     0.581     0.704     0.775     0.784
-----------------------------------------------------------------------
///Mean///      0.386     0.419     0.510     0.574     0.613     0.615
  And the mean for all years is      0.519
The mean for yearsafter 1960 is      0.546
 
                 1960      1970      1980      1990      2000      2010
-----------------------------------------------------------------------
White Men       0.000     0.000     0.000     0.000     0.000     0.000
White Women     0.158     0.251     0.371     0.398     0.394     0.360
Black Men       0.042     0.273     0.341     0.360     0.419     0.447
Black Women     0.075     0.246     0.331     0.340     0.285     0.319
-----------------------------------------------------------------------
/// Std///      0.134     0.254     0.363     0.387     0.386     0.368
  And the std for all years is      0.315
The std for yearsafter 1960 is      0.352
