EstimateTauZ_Delta1                 05-Oct-2026 
 
'EstimateTauZ' is a script from the file /workspace/output/replication/codebase/EstimateTauZ.m

 %%%%%%%%%%%%%%%%%%%%%%%%%%%%%%%%%%%%%%%%%%%%%%%%%%%%%%%%%%%%%
   EstimateTauZ.m   

   Main program to estimate TauW, TauH, and Z
   See the Note on Estimation for more information on how this program works.
     
 %%%%%%%%%%%%%%%%%%%%%%%%%%%%%%%%%%%%%%%%%%%%%%%%%%%%%%%%%%%%%


Additional help for built-in functions and operators is
available in the online version of the manual.  Use the command
'doc <topic>' to search the manual index.

Help and information about Octave is also available on the WWW
at https://www.octave.org and via the help@octave.org
mailing list.
 
=============================================================
KEY PARAMETER VALUES:    CaseName = Delta1
                   theta =  2.0000
                     eta =  0.1030
            theta*(1-eta)=  1.7940
                    dlta =  1.0000
                      mu =  0.5574
                   sigma =  3.0000
           EstimateDelta =  0.0000
           ConstrainTauH = -0.8000
PurgeWageGrowthSelection =     0
      AlphaSplitTauW1960 =  0.5000
   OccupationforWageHome = 23 Secretaries                               
   Alpha0FixedSplit =  0.5000
=============================================================
 
 
 
-------------------------------------------------------------
Estimating w and Z from YWM:   1960
-------------------------------------------------------------
 
                                                 s     phi         w     zWM
----------------------------------------------------------------------------
Home                                         0.496   1.273   15164.8   1.000
Executives, Administrative, and Managerial   0.525   1.431   18921.5   0.876
Management Related                           0.596   1.911   19901.9   0.741
Architects                                   0.691   2.900   24784.3   0.208
Engineers                                    0.627   2.178   24399.4   0.683
Math and Computer Science                    0.654   2.448   23883.5   0.191
Natural Science                              0.658   2.489   22341.0   0.447
Doctors                                      0.751   3.907   25481.3   0.653
Health Assessment                            0.667   2.587   22664.0   0.317
Therapists                                   0.695   2.956   18483.6   0.210
Professors                                   0.819   5.850   24939.0   0.663
Teachers          Non-Postsecondary          0.694   2.937   18665.0   0.894
Librarians  and Curators                     0.715   3.247   18422.7   0.164
Social Scientists and Urban Planners         0.703   3.057   24006.5   0.271
Social Work                                  0.700   3.025   14171.7   0.786
Lawyers       and Judges                     0.755   3.986   28721.7   0.506
Arts and Athletes                            0.610   2.023   19824.4   0.544
Health Technicians                           0.524   1.426   15075.4   0.247
Engineering Technicians                      0.514   1.369   17520.7   0.478
Science Technicians                          0.521   1.408   16937.8   0.363
Technicians, Other                           0.542   1.531   17709.5   0.285
Sales, all                                   0.532   1.470   17537.8   0.945
Secretaries                                  0.520   1.402   15532.5   0.241
Info. Clerks                                 0.503   1.310   15491.9   0.213
Records Processing, Non-Financial            0.616   2.077   19373.2   0.299
Financial Records Processing                 0.525   1.430   14693.1   0.368
Office Machine Operator                      0.500   1.296   15248.9   0.279
Computer/Communications Equip. Operator      0.469   1.143   16505.3   0.139
Mail Distribution                            0.489   1.239   15194.8   0.381
Scheduling and Distributing Clerks           0.441   1.023   13111.8   0.484
Adjusters and Investigators                  0.574   1.746   16969.8   0.321
Misc. Admin Support                          0.512   1.360   15298.2   0.698
Private Household Occupations                0.418   0.929   12573.4   0.169
Firefighting                                 0.458   1.094   14736.9   0.302
Police                                       0.474   1.166   14750.8   0.423
Guards                                       0.446   1.043   13443.6   0.249
Food Prep    and Service                     0.418   0.930   10664.9   0.416
Health Service                               0.439   1.011    9430.6   0.274
Cleaning and Building Service                0.403   0.875   10006.8   0.303
Personal Service                             0.438   1.010   12035.0   0.394
Farm Managers                                0.434   0.992    8175.5   0.943
Farm Work                                    0.338   0.660    6038.2   0.691
Related Agriculture                          0.401   0.867   11302.5   0.220
Forest, Logging, Fishers and Hunter          0.379   0.790    8993.3   0.283
Mechanics                                    0.418   0.929   12770.8   0.568
Elec. Repairer                               0.465   1.126   15628.0   0.494
Misc. Repairer                               0.432   0.985   13943.7   0.604
Construction Trade                           0.428   0.970   14689.5   0.697
Extractive                                   0.402   0.872   13873.2   0.326
Supervisor(P)                                0.462   1.113   17267.5   0.484
Precision Metal                              0.434   0.992   15593.3   0.488
Precision Wood                               0.416   0.922   12620.3   0.186
Precision, Textile                           0.385   0.809   11584.0   0.217
Precision, Other                             0.434   0.992   14854.0   0.249
Precision, Food                              0.420   0.938   13155.1   0.325
Plant Operator                               0.533   1.478   19744.4   0.340
Metal and Plastic Machine Operator           0.399   0.860   14299.2   0.268
Metal and Plastic Processing Operator        0.408   0.893   12924.3   0.180
Woodworking Machine Operator                 0.372   0.766   10072.2   0.210
Textile Machine Operator                     0.453   1.072   16095.7   0.329
Print Machine Operator                       0.387   0.817   10333.9   0.283
Machine Operator, Other                      0.405   0.879   12699.0   0.904
Fabricators                                  0.409   0.897   13524.6   0.471
Production Inspectors                        0.444   1.034   14452.7   0.348
Motor Vehicle Operator                       0.405   0.880   12759.1   0.764
Non Motor Vehicle Operator                   0.422   0.946   15210.2   0.412
Freight, Stock, Material Handler             0.395   0.845   11167.4   0.759

  MWM = 682685678.123
 
 
-------------------------------------------------------------
Estimating w and Z from YWM:   1970
-------------------------------------------------------------
 
                                                 s     phi         w     zWM
----------------------------------------------------------------------------
Home                                         0.555   1.614   18699.2   1.000
Executives, Administrative, and Managerial   0.557   1.627   23408.5   0.854
Management Related                           0.598   1.928   24243.9   0.522
Architects                                   0.725   3.421   29828.7   0.229
Engineers                                    0.640   2.302   28407.2   0.605
Math and Computer Science                    0.628   2.188   27214.0   0.323
Natural Science                              0.667   2.590   25802.1   0.394
Doctors                                      0.759   4.084   37036.3   0.473
Health Assessment                            0.686   2.833   27151.7   0.284
Therapists                                   0.669   2.616   22244.1   0.200
Professors                                   0.814   5.679   29006.4   0.789
Teachers          Non-Postsecondary          0.715   3.245   23487.5   0.882
Librarians  and Curators                     0.720   3.328   23021.1   0.193
Social Scientists and Urban Planners         0.698   2.987   29513.2   0.295
Social Work                                  0.688   2.857   18410.8   0.572
Lawyers       and Judges                     0.763   4.174   37598.5   0.452
Arts and Athletes                            0.598   1.922   22809.5   0.431
Health Technicians                           0.597   1.918   20432.0   0.240
Engineering Technicians                      0.528   1.446   20113.8   0.481
Science Technicians                          0.583   1.812   20414.6   0.230
Technicians, Other                           0.586   1.834   24349.0   0.372
Sales, all                                   0.543   1.537   21579.3   0.759
Secretaries                                  0.536   1.495   18364.7   0.216
Info. Clerks                                 0.536   1.497   19070.3   0.224
Records Processing, Non-Financial            0.611   2.029   23676.8   0.338
Financial Records Processing                 0.533   1.478   18344.7   0.337
Office Machine Operator                      0.502   1.304   15480.6   0.170
Computer/Communications Equip. Operator      0.509   1.341   18948.5   0.239
Mail Distribution                            0.501   1.299   16994.6   0.308
Scheduling and Distributing Clerks           0.483   1.209   16734.0   0.451
Adjusters and Investigators                  0.573   1.736   21155.8   0.348
Misc. Admin Support                          0.528   1.446   18666.2   0.427
Private Household Occupations                0.431   0.982   13247.2   0.182
Firefighting                                 0.483   1.209   19282.6   0.257
Police                                       0.499   1.288   19412.6   0.377
Guards                                       0.493   1.258   16363.4   0.231
Food Prep    and Service                     0.455   1.079   13315.8   0.356
Health Service                               0.520   1.401   13201.7   0.233
Cleaning and Building Service                0.436   1.001   13397.5   0.348
Personal Service                             0.439   1.015   14663.1   0.356
Farm Managers                                0.475   1.173   13152.4   0.522
Farm Work                                    0.399   0.861    9087.2   0.447
Related Agriculture                          0.431   0.979   13388.3   0.248
Forest, Logging, Fishers and Hunter          0.444   1.035   12977.1   0.214
Mechanics                                    0.444   1.034   16415.9   0.560
Elec. Repairer                               0.481   1.199   18459.1   0.429
Misc. Repairer                               0.444   1.035   17026.5   0.445
Construction Trade                           0.451   1.062   17580.8   0.668
Extractive                                   0.429   0.972   15804.0   0.220
Supervisor(P)                                0.484   1.215   20314.7   0.469
Precision Metal                              0.465   1.127   18842.9   0.390
Precision Wood                               0.439   1.012   14649.7   0.166
Precision, Textile                           0.405   0.880   13268.4   0.195
Precision, Other                             0.479   1.189   18635.0   0.158
Precision, Food                              0.443   1.030   16002.9   0.289
Plant Operator                               0.475   1.171   19180.8   0.188
Metal and Plastic Machine Operator           0.443   1.030   16581.5   0.383
Metal and Plastic Processing Operator        0.417   0.925   16065.6   0.168
Woodworking Machine Operator                 0.397   0.851   12090.0   0.177
Textile Machine Operator                     0.472   1.156   18765.2   0.288
Print Machine Operator                       0.409   0.896   12589.4   0.316
Machine Operator, Other                      0.433   0.989   15458.6   0.660
Fabricators                                  0.440   1.015   15847.7   0.460
Production Inspectors                        0.482   1.205   17372.8   0.348
Motor Vehicle Operator                       0.437   1.006   15846.0   0.615
Non Motor Vehicle Operator                   0.439   1.014   17176.4   0.363
Freight, Stock, Material Handler             0.440   1.019   14025.3   0.569

  MWM = 589135129.252
 
 
-------------------------------------------------------------
Estimating w and Z from YWM:   1980
-------------------------------------------------------------
 
                                                 s     phi         w     zWM
----------------------------------------------------------------------------
Home                                         0.565   1.684   16486.5   1.000
Executives, Administrative, and Managerial   0.602   1.962   23487.3   0.833
Management Related                           0.631   2.210   23043.5   0.676
Architects                                   0.703   3.064   23610.4   0.287
Engineers                                    0.648   2.388   27204.3   0.531
Math and Computer Science                    0.652   2.420   26835.1   0.312
Natural Science                              0.702   3.046   23693.8   0.411
Doctors                                      0.758   4.060   36820.7   0.459
Health Assessment                            0.712   3.193   24742.5   0.354
Therapists                                   0.635   2.255   19325.4   0.265
Professors                                   0.811   5.545   23207.4   0.678
Teachers          Non-Postsecondary          0.709   3.156   19706.7   0.886
Librarians  and Curators                     0.724   3.400   18753.8   0.241
Social Scientists and Urban Planners         0.727   3.442   26451.5   0.338
Social Work                                  0.690   2.876   16521.8   0.595
Lawyers       and Judges                     0.769   4.300   33121.4   0.547
Arts and Athletes                            0.633   2.235   18566.3   0.552
Health Technicians                           0.621   2.125   18086.1   0.317
Engineering Technicians                      0.558   1.636   19126.8   0.452
Science Technicians                          0.584   1.815   19573.3   0.229
Technicians, Other                           0.631   2.213   21944.9   0.481
Sales, all                                   0.577   1.765   20389.0   0.842
Secretaries                                  0.594   1.898   16932.2   0.187
Info. Clerks                                 0.604   1.976   18150.3   0.237
Records Processing, Non-Financial            0.568   1.701   16690.5   0.270
Financial Records Processing                 0.586   1.832   18001.1   0.293
Office Machine Operator                      0.534   1.484   14250.0   0.105
Computer/Communications Equip. Operator      0.559   1.643   19694.9   0.284
Mail Distribution                            0.535   1.491   19382.2   0.295
Scheduling and Distributing Clerks           0.525   1.428   16707.9   0.467
Adjusters and Investigators                  0.608   2.009   19435.3   0.303
Misc. Admin Support                          0.589   1.855   17553.6   0.392
Private Household Occupations                0.469   1.144   11044.7   0.194
Firefighting                                 0.529   1.453   19263.8   0.261
Police                                       0.556   1.621   19795.4   0.409
Guards                                       0.537   1.504   15579.2   0.306
Food Prep    and Service                     0.520   1.401   11556.0   0.516
Health Service                               0.575   1.752   13714.8   0.310
Cleaning and Building Service                0.488   1.233   13248.5   0.458
Personal Service                             0.559   1.641   14649.3   0.332
Farm Managers                                0.526   1.439   13637.2   0.497
Farm Work                                    0.437   1.006   10531.9   0.383
Related Agriculture                          0.494   1.263   12556.1   0.316
Forest, Logging, Fishers and Hunter          0.489   1.240   14439.9   0.229
Mechanics                                    0.482   1.202   16386.5   0.566
Elec. Repairer                               0.509   1.344   19561.6   0.367
Misc. Repairer                               0.495   1.267   17773.0   0.361
Construction Trade                           0.495   1.271   17381.9   0.756
Extractive                                   0.468   1.138   19125.3   0.209
Supervisor(P)                                0.525   1.433   20576.0   0.454
Precision Metal                              0.490   1.243   18245.8   0.366
Precision Wood                               0.502   1.307   13038.1   0.205
Precision, Textile                           0.448   1.049   11995.7   0.170
Precision, Other                             0.504   1.316   15829.7   0.225
Precision, Food                              0.473   1.164   16522.6   0.241
Plant Operator                               0.520   1.401   19827.4   0.219
Metal and Plastic Machine Operator           0.469   1.142   16688.2   0.312
Metal and Plastic Processing Operator        0.463   1.116   15847.8   0.190
Woodworking Machine Operator                 0.465   1.124   12923.5   0.198
Textile Machine Operator                     0.504   1.316   17175.2   0.258
Print Machine Operator                       0.435   0.996   11528.6   0.251
Machine Operator, Other                      0.472   1.155   16212.7   0.521
Fabricators                                  0.469   1.145   16018.2   0.479
Production Inspectors                        0.503   1.309   17867.6   0.291
Motor Vehicle Operator                       0.478   1.187   16579.8   0.601
Non Motor Vehicle Operator                   0.483   1.207   18977.3   0.361
Freight, Stock, Material Handler             0.478   1.183   14657.6   0.544

  MWM = 443821321.307
 
 
-------------------------------------------------------------
Estimating w and Z from YWM:   1990
-------------------------------------------------------------
 
                                                 s     phi         w     zWM
----------------------------------------------------------------------------
Home                                         0.555   1.611   16072.6   1.000
Executives, Administrative, and Managerial   0.582   1.800   25516.3   0.694
Management Related                           0.620   2.108   25434.8   0.568
Architects                                   0.649   2.398   26250.0   0.211
Engineers                                    0.638   2.279   30640.6   0.481
Math and Computer Science                    0.636   2.260   30030.5   0.326
Natural Science                              0.674   2.676   24847.6   0.331
Doctors                                      0.762   4.147   42113.4   0.390
Health Assessment                            0.650   2.405   28935.6   0.227
Therapists                                   0.633   2.236   23646.1   0.195
Professors                                   0.814   5.670   23640.2   0.574
Teachers          Non-Postsecondary          0.669   2.613   20088.0   0.555
Librarians  and Curators                     0.714   3.232   19565.1   0.192
Social Scientists and Urban Planners         0.697   2.974   27649.3   0.252
Social Work                                  0.660   2.514   17561.7   0.429
Lawyers       and Judges                     0.765   4.211   43987.4   0.387
Arts and Athletes                            0.611   2.034   20665.6   0.483
Health Technicians                           0.585   1.824   19093.6   0.290
Engineering Technicians                      0.559   1.640   20957.7   0.411
Science Technicians                          0.569   1.708   20562.1   0.198
Technicians, Other                           0.603   1.968   23874.7   0.462
Sales, all                                   0.561   1.651   22009.8   0.799
Secretaries                                  0.578   1.771   16423.9   0.178
Info. Clerks                                 0.581   1.794   17494.5   0.240
Records Processing, Non-Financial            0.575   1.752   17455.0   0.219
Financial Records Processing                 0.568   1.700   17284.3   0.255
Office Machine Operator                      0.519   1.399   14216.0   0.111
Computer/Communications Equip. Operator      0.557   1.627   19482.9   0.272
Mail Distribution                            0.529   1.453   19874.5   0.273
Scheduling and Distributing Clerks           0.518   1.391   16570.0   0.458
Adjusters and Investigators                  0.586   1.829   19530.9   0.303
Misc. Admin Support                          0.579   1.782   18224.9   0.359
Private Household Occupations                0.484   1.213   11416.9   0.187
Firefighting                                 0.532   1.469   22674.7   0.217
Police                                       0.541   1.527   21674.4   0.352
Guards                                       0.533   1.476   15687.0   0.326
Food Prep    and Service                     0.518   1.390   12036.4   0.592
Health Service                               0.557   1.630   14582.4   0.284
Cleaning and Building Service                0.493   1.261   13606.3   0.473
Personal Service                             0.545   1.553   14643.5   0.299
Farm Managers                                0.510   1.349   13736.0   0.411
Farm Work                                    0.447   1.047   11000.8   0.341
Related Agriculture                          0.485   1.217   13027.7   0.385
Forest, Logging, Fishers and Hunter          0.476   1.177   14320.0   0.214
Mechanics                                    0.493   1.257   17212.7   0.559
Elec. Repairer                               0.517   1.385   19060.5   0.345
Misc. Repairer                               0.501   1.301   17617.5   0.368
Construction Trade                           0.489   1.239   17126.0   0.785
Extractive                                   0.476   1.176   18787.8   0.170
Supervisor(P)                                0.511   1.353   20989.8   0.350
Precision Metal                              0.496   1.274   18921.8   0.353
Precision Wood                               0.492   1.252   15002.2   0.174
Precision, Textile                           0.471   1.151   12888.4   0.170
Precision, Other                             0.498   1.285   16701.9   0.214
Precision, Food                              0.481   1.200   15105.2   0.253
Plant Operator                               0.517   1.384   21829.2   0.215
Metal and Plastic Machine Operator           0.475   1.173   15908.2   0.239
Metal and Plastic Processing Operator        0.480   1.197   16549.9   0.167
Woodworking Machine Operator                 0.471   1.154   12839.6   0.203
Textile Machine Operator                     0.500   1.293   17681.0   0.274
Print Machine Operator                       0.465   1.124   13136.5   0.256
Machine Operator, Other                      0.482   1.205   16392.3   0.477
Fabricators                                  0.481   1.200   15848.6   0.469
Production Inspectors                        0.512   1.356   18435.5   0.276
Motor Vehicle Operator                       0.488   1.233   16495.8   0.612
Non Motor Vehicle Operator                   0.484   1.216   18521.1   0.300
Freight, Stock, Material Handler             0.489   1.239   14161.2   0.571

  MWM = 421762108.529
 
 
-------------------------------------------------------------
Estimating w and Z from YWM:   2000
-------------------------------------------------------------
 
                                                 s     phi         w     zWM
----------------------------------------------------------------------------
Home                                         0.528   1.448   18959.0   1.000
Executives, Administrative, and Managerial   0.595   1.898   30042.7   0.670
Management Related                           0.619   2.100   28550.1   0.591
Architects                                   0.664   2.561   28378.2   0.221
Engineers                                    0.641   2.313   32646.4   0.448
Math and Computer Science                    0.605   1.982   28735.4   0.449
Natural Science                              0.701   3.042   25598.1   0.405
Doctors                                      0.762   4.136   44206.5   0.364
Health Assessment                            0.643   2.336   30847.4   0.240
Therapists                                   0.659   2.500   27641.0   0.241
Professors                                   0.792   4.922   22947.7   0.652
Teachers          Non-Postsecondary          0.672   2.646   21434.3   0.666
Librarians  and Curators                     0.710   3.168   20693.5   0.181
Social Scientists and Urban Planners         0.699   3.004   29021.8   0.235
Social Work                                  0.653   2.432   19214.2   0.423
Lawyers       and Judges                     0.763   4.175   45159.9   0.389
Arts and Athletes                            0.618   2.097   22867.1   0.514
Health Technicians                           0.576   1.761   20896.1   0.307
Engineering Technicians                      0.551   1.588   20960.9   0.349
Science Technicians                          0.563   1.669   21179.5   0.163
Technicians, Other                           0.627   2.172   32081.0   0.438
Sales, all                                   0.564   1.673   24045.9   0.774
Secretaries                                  0.585   1.828   20010.6   0.211
Info. Clerks                                 0.576   1.758   17536.5   0.257
Records Processing, Non-Financial            0.572   1.732   17203.7   0.220
Financial Records Processing                 0.567   1.695   18608.0   0.248
Office Machine Operator                      0.519   1.397   18764.3   0.117
Computer/Communications Equip. Operator      0.563   1.671   20547.7   0.192
Mail Distribution                            0.527   1.444   18645.8   0.249
Scheduling and Distributing Clerks           0.516   1.382   16763.2   0.494
Adjusters and Investigators                  0.571   1.725   20265.0   0.418
Misc. Admin Support                          0.582   1.802   18615.1   0.338
Private Household Occupations                0.491   1.249   11743.9   0.172
Firefighting                                 0.533   1.477   23984.7   0.234
Police                                       0.551   1.588   23119.8   0.432
Guards                                       0.531   1.463   16225.2   0.318
Food Prep    and Service                     0.515   1.377   12985.7   0.659
Health Service                               0.554   1.607   14580.5   0.294
Cleaning and Building Service                0.490   1.242   14388.3   0.411
Personal Service                             0.567   1.698   17059.6   0.360
Farm Managers                                0.519   1.399   15828.7   0.300
Farm Work                                    0.429   0.974   11482.3   0.309
Related Agriculture                          0.476   1.176   13841.8   0.423
Forest, Logging, Fishers and Hunter          0.473   1.163   14916.3   0.214
Mechanics                                    0.493   1.256   18531.1   0.543
Elec. Repairer                               0.513   1.361   19597.7   0.394
Misc. Repairer                               0.498   1.285   18227.7   0.342
Construction Trade                           0.480   1.193   17531.8   0.790
Extractive                                   0.477   1.183   19634.2   0.137
Supervisor(P)                                0.512   1.360   21610.5   0.335
Precision Metal                              0.497   1.277   19770.6   0.287
Precision Wood                               0.487   1.230   15602.2   0.169
Precision, Textile                           0.472   1.157   15432.4   0.127
Precision, Other                             0.531   1.465   16857.0   0.218
Precision, Food                              0.467   1.135   14387.6   0.245
Plant Operator                               0.508   1.334   21435.7   0.176
Metal and Plastic Machine Operator           0.476   1.175   16506.6   0.209
Metal and Plastic Processing Operator        0.485   1.217   17735.6   0.158
Woodworking Machine Operator                 0.477   1.179   16289.0   0.301
Textile Machine Operator                     0.498   1.286   18416.9   0.230
Print Machine Operator                       0.458   1.094   13588.6   0.239
Machine Operator, Other                      0.480   1.194   16892.1   0.444
Fabricators                                  0.483   1.208   16929.8   0.439
Production Inspectors                        0.519   1.397   19186.9   0.276
Motor Vehicle Operator                       0.488   1.234   17454.7   0.608
Non Motor Vehicle Operator                   0.483   1.209   19510.9   0.284
Freight, Stock, Material Handler             0.487   1.227   14792.4   0.506

  MWM = 502331267.851
 
 
-------------------------------------------------------------
Estimating w and Z from YWM:   2010
-------------------------------------------------------------
 
                                                 s     phi         w     zWM
----------------------------------------------------------------------------
Home                                         0.582   1.800   18596.2   1.000
Executives, Administrative, and Managerial   0.601   1.948   28856.5   0.575
Management Related                           0.633   2.230   30563.8   0.481
Architects                                   0.671   2.642   29603.3   0.157
Engineers                                    0.651   2.415   36065.6   0.335
Math and Computer Science                    0.606   1.991   28191.7   0.385
Natural Science                              0.705   3.096   28718.5   0.303
Doctors                                      0.762   4.155   45618.7   0.281
Health Assessment                            0.671   2.644   36199.3   0.207
Therapists                                   0.692   2.912   31221.7   0.210
Professors                                   0.804   5.314   22929.5   0.641
Teachers          Non-Postsecondary          0.687   2.835   23684.6   0.584
Librarians  and Curators                     0.737   3.631   21118.6   0.158
Social Scientists and Urban Planners         0.678   2.728   30724.0   0.202
Social Work                                  0.658   2.493   19912.9   0.373
Lawyers       and Judges                     0.764   4.180   52231.1   0.279
Arts and Athletes                            0.636   2.259   23686.0   0.436
Health Technicians                           0.578   1.775   21783.5   0.266
Engineering Technicians                      0.570   1.713   22733.3   0.263
Science Technicians                          0.581   1.798   22733.6   0.136
Technicians, Other                           0.631   2.213   33477.8   0.340
Sales, all                                   0.574   1.743   21908.1   0.702
Secretaries                                  0.608   2.006   19039.0   0.215
Info. Clerks                                 0.578   1.771   16206.1   0.256
Records Processing, Non-Financial            0.600   1.943   17763.8   0.209
Financial Records Processing                 0.576   1.761   18974.9   0.215
Office Machine Operator                      0.573   1.738   15678.5   0.092
Computer/Communications Equip. Operator      0.567   1.695   19041.9   0.135
Mail Distribution                            0.539   1.515   19032.3   0.198
Scheduling and Distributing Clerks           0.535   1.491   15440.4   0.469
Adjusters and Investigators                  0.574   1.746   18384.6   0.410
Misc. Admin Support                          0.593   1.884   18186.5   0.317
Private Household Occupations                0.484   1.214   10231.0   0.172
Firefighting                                 0.550   1.584   27042.2   0.194
Police                                       0.560   1.644   25303.6   0.325
Guards                                       0.552   1.597   16878.2   0.324
Food Prep    and Service                     0.536   1.496   11801.0   0.771
Health Service                               0.564   1.677   14450.4   0.323
Cleaning and Building Service                0.507   1.330   13677.8   0.398
Personal Service                             0.579   1.784   15838.2   0.363
Farm Managers                                0.523   1.417   18445.1   0.217
Farm Work                                    0.418   0.929   11174.9   0.315
Related Agriculture                          0.475   1.173   12153.1   0.453
Forest, Logging, Fishers and Hunter          0.491   1.248   15962.9   0.154
Mechanics                                    0.504   1.316   18529.8   0.423
Elec. Repairer                               0.522   1.412   19442.7   0.328
Misc. Repairer                               0.508   1.335   18758.6   0.277
Construction Trade                           0.483   1.209   16651.3   0.674
Extractive                                   0.485   1.221   23839.8   0.155
Supervisor(P)                                0.519   1.394   21459.2   0.220
Precision Metal                              0.502   1.305   18826.4   0.190
Precision Wood                               0.491   1.248   14084.3   0.122
Precision, Textile                           0.479   1.192   12547.1   0.100
Precision, Other                             0.547   1.565   17125.1   0.205
Precision, Food                              0.474   1.165   12910.7   0.234
Plant Operator                               0.530   1.460   24550.7   0.140
Metal and Plastic Machine Operator           0.474   1.168   15726.2   0.149
Metal and Plastic Processing Operator        0.497   1.279   16267.6   0.097
Woodworking Machine Operator                 0.480   1.196   15577.7   0.213
Textile Machine Operator                     0.505   1.321   16018.2   0.165
Print Machine Operator                       0.464   1.121   12181.5   0.173
Machine Operator, Other                      0.489   1.237   15901.8   0.376
Fabricators                                  0.485   1.220   16138.6   0.353
Production Inspectors                        0.528   1.446   19555.2   0.224
Motor Vehicle Operator                       0.501   1.301   16185.6   0.504
Non Motor Vehicle Operator                   0.495   1.271   21370.0   0.226
Freight, Stock, Material Handler             0.503   1.311   13553.0   0.506

  MWM = 308130667.382
 
 
=============================================================================
 Summary of Results for w, phi, s, Z from Young WM... (solveWMfor_w_phi.m)
=============================================================================
 
Values for w(i,t) --- wage per unit of human capital
 
                                              1960    1970    1980    1990    2000    2010
------------------------------------------------------------------------------------------
Home                                         15165   18699   16486   16073   18959   18596
Executives, Administrative, and Managerial   18921   23409   23487   25516   30043   28857
Management Related                           19902   24244   23043   25435   28550   30564
Architects                                   24784   29829   23610   26250   28378   29603
Engineers                                    24399   28407   27204   30641   32646   36066
Math and Computer Science                    23884   27214   26835   30031   28735   28192
Natural Science                              22341   25802   23694   24848   25598   28718
Doctors                                      25481   37036   36821   42113   44206   45619
Health Assessment                            22664   27152   24743   28936   30847   36199
Therapists                                   18484   22244   19325   23646   27641   31222
Professors                                   24939   29006   23207   23640   22948   22930
Teachers          Non-Postsecondary          18665   23487   19707   20088   21434   23685
Librarians  and Curators                     18423   23021   18754   19565   20694   21119
Social Scientists and Urban Planners         24007   29513   26452   27649   29022   30724
Social Work                                  14172   18411   16522   17562   19214   19913
Lawyers       and Judges                     28722   37598   33121   43987   45160   52231
Arts and Athletes                            19824   22809   18566   20666   22867   23686
Health Technicians                           15075   20432   18086   19094   20896   21784
Engineering Technicians                      17521   20114   19127   20958   20961   22733
Science Technicians                          16938   20415   19573   20562   21180   22734
Technicians, Other                           17710   24349   21945   23875   32081   33478
Sales, all                                   17538   21579   20389   22010   24046   21908
Secretaries                                  15532   18365   16932   16424   20011   19039
Info. Clerks                                 15492   19070   18150   17495   17537   16206
Records Processing, Non-Financial            19373   23677   16690   17455   17204   17764
Financial Records Processing                 14693   18345   18001   17284   18608   18975
Office Machine Operator                      15249   15481   14250   14216   18764   15679
Computer/Communications Equip. Operator      16505   18948   19695   19483   20548   19042
Mail Distribution                            15195   16995   19382   19874   18646   19032
Scheduling and Distributing Clerks           13112   16734   16708   16570   16763   15440
Adjusters and Investigators                  16970   21156   19435   19531   20265   18385
Misc. Admin Support                          15298   18666   17554   18225   18615   18186
Private Household Occupations                12573   13247   11045   11417   11744   10231
Firefighting                                 14737   19283   19264   22675   23985   27042
Police                                       14751   19413   19795   21674   23120   25304
Guards                                       13444   16363   15579   15687   16225   16878
Food Prep    and Service                     10665   13316   11556   12036   12986   11801
Health Service                                9431   13202   13715   14582   14580   14450
Cleaning and Building Service                10007   13397   13248   13606   14388   13678
Personal Service                             12035   14663   14649   14644   17060   15838
Farm Managers                                 8175   13152   13637   13736   15829   18445
Farm Work                                     6038    9087   10532   11001   11482   11175
Related Agriculture                          11303   13388   12556   13028   13842   12153
Forest, Logging, Fishers and Hunter           8993   12977   14440   14320   14916   15963
Mechanics                                    12771   16416   16386   17213   18531   18530
Elec. Repairer                               15628   18459   19562   19061   19598   19443
Misc. Repairer                               13944   17027   17773   17618   18228   18759
Construction Trade                           14690   17581   17382   17126   17532   16651
Extractive                                   13873   15804   19125   18788   19634   23840
Supervisor(P)                                17268   20315   20576   20990   21610   21459
Precision Metal                              15593   18843   18246   18922   19771   18826
Precision Wood                               12620   14650   13038   15002   15602   14084
Precision, Textile                           11584   13268   11996   12888   15432   12547
Precision, Other                             14854   18635   15830   16702   16857   17125
Precision, Food                              13155   16003   16523   15105   14388   12911
Plant Operator                               19744   19181   19827   21829   21436   24551
Metal and Plastic Machine Operator           14299   16581   16688   15908   16507   15726
Metal and Plastic Processing Operator        12924   16066   15848   16550   17736   16268
Woodworking Machine Operator                 10072   12090   12923   12840   16289   15578
Textile Machine Operator                     16096   18765   17175   17681   18417   16018
Print Machine Operator                       10334   12589   11529   13137   13589   12182
Machine Operator, Other                      12699   15459   16213   16392   16892   15902
Fabricators                                  13525   15848   16018   15849   16930   16139
Production Inspectors                        14453   17373   17868   18436   19187   19555
Motor Vehicle Operator                       12759   15846   16580   16496   17455   16186
Non Motor Vehicle Operator                   15210   17176   18977   18521   19511   21370
Freight, Stock, Material Handler             11167   14025   14658   14161   14792   13553
 
 
Values for phi(i,t)
 
                                              1960    1970    1980    1990    2000    2010
------------------------------------------------------------------------------------------
Home                                         1.273   1.614   1.684   1.611   1.448   1.800
Executives, Administrative, and Managerial   1.431   1.627   1.962   1.800   1.898   1.948
Management Related                           1.911   1.928   2.210   2.108   2.100   2.230
Architects                                   2.900   3.421   3.064   2.398   2.561   2.642
Engineers                                    2.178   2.302   2.388   2.279   2.313   2.415
Math and Computer Science                    2.448   2.188   2.420   2.260   1.982   1.991
Natural Science                              2.489   2.590   3.046   2.676   3.042   3.096
Doctors                                      3.907   4.084   4.060   4.147   4.136   4.155
Health Assessment                            2.587   2.833   3.193   2.405   2.336   2.644
Therapists                                   2.956   2.616   2.255   2.236   2.500   2.912
Professors                                   5.850   5.679   5.545   5.670   4.922   5.314
Teachers          Non-Postsecondary          2.937   3.245   3.156   2.613   2.646   2.835
Librarians  and Curators                     3.247   3.328   3.400   3.232   3.168   3.631
Social Scientists and Urban Planners         3.057   2.987   3.442   2.974   3.004   2.728
Social Work                                  3.025   2.857   2.876   2.514   2.432   2.493
Lawyers       and Judges                     3.986   4.174   4.300   4.211   4.175   4.180
Arts and Athletes                            2.023   1.922   2.235   2.034   2.097   2.259
Health Technicians                           1.426   1.918   2.125   1.824   1.761   1.775
Engineering Technicians                      1.369   1.446   1.636   1.640   1.588   1.713
Science Technicians                          1.408   1.812   1.815   1.708   1.669   1.798
Technicians, Other                           1.531   1.834   2.213   1.968   2.172   2.213
Sales, all                                   1.470   1.537   1.765   1.651   1.673   1.743
Secretaries                                  1.402   1.495   1.898   1.771   1.828   2.006
Info. Clerks                                 1.310   1.497   1.976   1.794   1.758   1.771
Records Processing, Non-Financial            2.077   2.029   1.701   1.752   1.732   1.943
Financial Records Processing                 1.430   1.478   1.832   1.700   1.695   1.761
Office Machine Operator                      1.296   1.304   1.484   1.399   1.397   1.738
Computer/Communications Equip. Operator      1.143   1.341   1.643   1.627   1.671   1.695
Mail Distribution                            1.239   1.299   1.491   1.453   1.444   1.515
Scheduling and Distributing Clerks           1.023   1.209   1.428   1.391   1.382   1.491
Adjusters and Investigators                  1.746   1.736   2.009   1.829   1.725   1.746
Misc. Admin Support                          1.360   1.446   1.855   1.782   1.802   1.884
Private Household Occupations                0.929   0.982   1.144   1.213   1.249   1.214
Firefighting                                 1.094   1.209   1.453   1.469   1.477   1.584
Police                                       1.166   1.288   1.621   1.527   1.588   1.644
Guards                                       1.043   1.258   1.504   1.476   1.463   1.597
Food Prep    and Service                     0.930   1.079   1.401   1.390   1.377   1.496
Health Service                               1.011   1.401   1.752   1.630   1.607   1.677
Cleaning and Building Service                0.875   1.001   1.233   1.261   1.242   1.330
Personal Service                             1.010   1.015   1.641   1.553   1.698   1.784
Farm Managers                                0.992   1.173   1.439   1.349   1.399   1.417
Farm Work                                    0.660   0.861   1.006   1.047   0.974   0.929
Related Agriculture                          0.867   0.979   1.263   1.217   1.176   1.173
Forest, Logging, Fishers and Hunter          0.790   1.035   1.240   1.177   1.163   1.248
Mechanics                                    0.929   1.034   1.202   1.257   1.256   1.316
Elec. Repairer                               1.126   1.199   1.344   1.385   1.361   1.412
Misc. Repairer                               0.985   1.035   1.267   1.301   1.285   1.335
Construction Trade                           0.970   1.062   1.271   1.239   1.193   1.209
Extractive                                   0.872   0.972   1.138   1.176   1.183   1.221
Supervisor(P)                                1.113   1.215   1.433   1.353   1.360   1.394
Precision Metal                              0.992   1.127   1.243   1.274   1.277   1.305
Precision Wood                               0.922   1.012   1.307   1.252   1.230   1.248
Precision, Textile                           0.809   0.880   1.049   1.151   1.157   1.192
Precision, Other                             0.992   1.189   1.316   1.285   1.465   1.565
Precision, Food                              0.938   1.030   1.164   1.200   1.135   1.165
Plant Operator                               1.478   1.171   1.401   1.384   1.334   1.460
Metal and Plastic Machine Operator           0.860   1.030   1.142   1.173   1.175   1.168
Metal and Plastic Processing Operator        0.893   0.925   1.116   1.197   1.217   1.279
Woodworking Machine Operator                 0.766   0.851   1.124   1.154   1.179   1.196
Textile Machine Operator                     1.072   1.156   1.316   1.293   1.286   1.321
Print Machine Operator                       0.817   0.896   0.996   1.124   1.094   1.121
Machine Operator, Other                      0.879   0.989   1.155   1.205   1.194   1.237
Fabricators                                  0.897   1.015   1.145   1.200   1.208   1.220
Production Inspectors                        1.034   1.205   1.309   1.356   1.397   1.446
Motor Vehicle Operator                       0.880   1.006   1.187   1.233   1.234   1.301
Non Motor Vehicle Operator                   0.946   1.014   1.207   1.216   1.209   1.271
Freight, Stock, Material Handler             0.845   1.019   1.183   1.239   1.227   1.311
 
 
Values for s(i,t)
 
                                              1960    1970    1980    1990    2000    2010
------------------------------------------------------------------------------------------
Home                                         0.496   0.555   0.565   0.555   0.528   0.582
Executives, Administrative, and Managerial   0.525   0.557   0.602   0.582   0.595   0.601
Management Related                           0.596   0.598   0.631   0.620   0.619   0.633
Architects                                   0.691   0.725   0.703   0.649   0.664   0.671
Engineers                                    0.627   0.640   0.648   0.638   0.641   0.651
Math and Computer Science                    0.654   0.628   0.652   0.636   0.605   0.606
Natural Science                              0.658   0.667   0.702   0.674   0.701   0.705
Doctors                                      0.751   0.759   0.758   0.762   0.762   0.762
Health Assessment                            0.667   0.686   0.712   0.650   0.643   0.671
Therapists                                   0.695   0.669   0.635   0.633   0.659   0.692
Professors                                   0.819   0.814   0.811   0.814   0.792   0.804
Teachers          Non-Postsecondary          0.694   0.715   0.709   0.669   0.672   0.687
Librarians  and Curators                     0.715   0.720   0.724   0.714   0.710   0.737
Social Scientists and Urban Planners         0.703   0.698   0.727   0.697   0.699   0.678
Social Work                                  0.700   0.688   0.690   0.660   0.653   0.658
Lawyers       and Judges                     0.755   0.763   0.769   0.765   0.763   0.764
Arts and Athletes                            0.610   0.598   0.633   0.611   0.618   0.636
Health Technicians                           0.524   0.597   0.621   0.585   0.576   0.578
Engineering Technicians                      0.514   0.528   0.558   0.559   0.551   0.570
Science Technicians                          0.521   0.583   0.584   0.569   0.563   0.581
Technicians, Other                           0.542   0.586   0.631   0.603   0.627   0.631
Sales, all                                   0.532   0.543   0.577   0.561   0.564   0.574
Secretaries                                  0.520   0.536   0.594   0.578   0.585   0.608
Info. Clerks                                 0.503   0.536   0.604   0.581   0.576   0.578
Records Processing, Non-Financial            0.616   0.611   0.568   0.575   0.572   0.600
Financial Records Processing                 0.525   0.533   0.586   0.568   0.567   0.576
Office Machine Operator                      0.500   0.502   0.534   0.519   0.519   0.573
Computer/Communications Equip. Operator      0.469   0.509   0.559   0.557   0.563   0.567
Mail Distribution                            0.489   0.501   0.535   0.529   0.527   0.539
Scheduling and Distributing Clerks           0.441   0.483   0.525   0.518   0.516   0.535
Adjusters and Investigators                  0.574   0.573   0.608   0.586   0.571   0.574
Misc. Admin Support                          0.512   0.528   0.589   0.579   0.582   0.593
Private Household Occupations                0.418   0.431   0.469   0.484   0.491   0.484
Firefighting                                 0.458   0.483   0.529   0.532   0.533   0.550
Police                                       0.474   0.499   0.556   0.541   0.551   0.560
Guards                                       0.446   0.493   0.537   0.533   0.531   0.552
Food Prep    and Service                     0.418   0.455   0.520   0.518   0.515   0.536
Health Service                               0.439   0.520   0.575   0.557   0.554   0.564
Cleaning and Building Service                0.403   0.436   0.488   0.493   0.490   0.507
Personal Service                             0.438   0.439   0.559   0.545   0.567   0.579
Farm Managers                                0.434   0.475   0.526   0.510   0.519   0.523
Farm Work                                    0.338   0.399   0.437   0.447   0.429   0.418
Related Agriculture                          0.401   0.431   0.494   0.485   0.476   0.475
Forest, Logging, Fishers and Hunter          0.379   0.444   0.489   0.476   0.473   0.491
Mechanics                                    0.418   0.444   0.482   0.493   0.493   0.504
Elec. Repairer                               0.465   0.481   0.509   0.517   0.513   0.522
Misc. Repairer                               0.432   0.444   0.495   0.501   0.498   0.508
Construction Trade                           0.428   0.451   0.495   0.489   0.480   0.483
Extractive                                   0.402   0.429   0.468   0.476   0.477   0.485
Supervisor(P)                                0.462   0.484   0.525   0.511   0.512   0.519
Precision Metal                              0.434   0.465   0.490   0.496   0.497   0.502
Precision Wood                               0.416   0.439   0.502   0.492   0.487   0.491
Precision, Textile                           0.385   0.405   0.448   0.471   0.472   0.479
Precision, Other                             0.434   0.479   0.504   0.498   0.531   0.547
Precision, Food                              0.420   0.443   0.473   0.481   0.467   0.474
Plant Operator                               0.533   0.475   0.520   0.517   0.508   0.530
Metal and Plastic Machine Operator           0.399   0.443   0.469   0.475   0.476   0.474
Metal and Plastic Processing Operator        0.408   0.417   0.463   0.480   0.485   0.497
Woodworking Machine Operator                 0.372   0.397   0.465   0.471   0.477   0.480
Textile Machine Operator                     0.453   0.472   0.504   0.500   0.498   0.505
Print Machine Operator                       0.387   0.409   0.435   0.465   0.458   0.464
Machine Operator, Other                      0.405   0.433   0.472   0.482   0.480   0.489
Fabricators                                  0.409   0.440   0.469   0.481   0.483   0.485
Production Inspectors                        0.444   0.482   0.503   0.512   0.519   0.528
Motor Vehicle Operator                       0.405   0.437   0.478   0.488   0.488   0.501
Non Motor Vehicle Operator                   0.422   0.439   0.483   0.484   0.483   0.495
Freight, Stock, Material Handler             0.395   0.440   0.478   0.489   0.487   0.503
 
 
Values for ZWM(i,t)
 
                                              1960    1970    1980    1990    2000    2010
------------------------------------------------------------------------------------------
Home                                         1.000   1.000   1.000   1.000   1.000   1.000
Executives, Administrative, and Managerial   0.876   0.854   0.833   0.694   0.670   0.575
Management Related                           0.741   0.522   0.676   0.568   0.591   0.481
Architects                                   0.208   0.229   0.287   0.211   0.221   0.157
Engineers                                    0.683   0.605   0.531   0.481   0.448   0.335
Math and Computer Science                    0.191   0.323   0.312   0.326   0.449   0.385
Natural Science                              0.447   0.394   0.411   0.331   0.405   0.303
Doctors                                      0.653   0.473   0.459   0.390   0.364   0.281
Health Assessment                            0.317   0.284   0.354   0.227   0.240   0.207
Therapists                                   0.210   0.200   0.265   0.195   0.241   0.210
Professors                                   0.663   0.789   0.678   0.574   0.652   0.641
Teachers          Non-Postsecondary          0.894   0.882   0.886   0.555   0.666   0.584
Librarians  and Curators                     0.164   0.193   0.241   0.192   0.181   0.158
Social Scientists and Urban Planners         0.271   0.295   0.338   0.252   0.235   0.202
Social Work                                  0.786   0.572   0.595   0.429   0.423   0.373
Lawyers       and Judges                     0.506   0.452   0.547   0.387   0.389   0.279
Arts and Athletes                            0.544   0.431   0.552   0.483   0.514   0.436
Health Technicians                           0.247   0.240   0.317   0.290   0.307   0.266
Engineering Technicians                      0.478   0.481   0.452   0.411   0.349   0.263
Science Technicians                          0.363   0.230   0.229   0.198   0.163   0.136
Technicians, Other                           0.285   0.372   0.481   0.462   0.438   0.340
Sales, all                                   0.945   0.759   0.842   0.799   0.774   0.702
Secretaries                                  0.241   0.216   0.187   0.178   0.211   0.215
Info. Clerks                                 0.213   0.224   0.237   0.240   0.257   0.256
Records Processing, Non-Financial            0.299   0.338   0.270   0.219   0.220   0.209
Financial Records Processing                 0.368   0.337   0.293   0.255   0.248   0.215
Office Machine Operator                      0.279   0.170   0.105   0.111   0.117   0.092
Computer/Communications Equip. Operator      0.139   0.239   0.284   0.272   0.192   0.135
Mail Distribution                            0.381   0.308   0.295   0.273   0.249   0.198
Scheduling and Distributing Clerks           0.484   0.451   0.467   0.458   0.494   0.469
Adjusters and Investigators                  0.321   0.348   0.303   0.303   0.418   0.410
Misc. Admin Support                          0.698   0.427   0.392   0.359   0.338   0.317
Private Household Occupations                0.169   0.182   0.194   0.187   0.172   0.172
Firefighting                                 0.302   0.257   0.261   0.217   0.234   0.194
Police                                       0.423   0.377   0.409   0.352   0.432   0.325
Guards                                       0.249   0.231   0.306   0.326   0.318   0.324
Food Prep    and Service                     0.416   0.356   0.516   0.592   0.659   0.771
Health Service                               0.274   0.233   0.310   0.284   0.294   0.323
Cleaning and Building Service                0.303   0.348   0.458   0.473   0.411   0.398
Personal Service                             0.394   0.356   0.332   0.299   0.360   0.363
Farm Managers                                0.943   0.522   0.497   0.411   0.300   0.217
Farm Work                                    0.691   0.447   0.383   0.341   0.309   0.315
Related Agriculture                          0.220   0.248   0.316   0.385   0.423   0.453
Forest, Logging, Fishers and Hunter          0.283   0.214   0.229   0.214   0.214   0.154
Mechanics                                    0.568   0.560   0.566   0.559   0.543   0.423
Elec. Repairer                               0.494   0.429   0.367   0.345   0.394   0.328
Misc. Repairer                               0.604   0.445   0.361   0.368   0.342   0.277
Construction Trade                           0.697   0.668   0.756   0.785   0.790   0.674
Extractive                                   0.326   0.220   0.209   0.170   0.137   0.155
Supervisor(P)                                0.484   0.469   0.454   0.350   0.335   0.220
Precision Metal                              0.488   0.390   0.366   0.353   0.287   0.190
Precision Wood                               0.186   0.166   0.205   0.174   0.169   0.122
Precision, Textile                           0.217   0.195   0.170   0.170   0.127   0.100
Precision, Other                             0.249   0.158   0.225   0.214   0.218   0.205
Precision, Food                              0.325   0.289   0.241   0.253   0.245   0.234
Plant Operator                               0.340   0.188   0.219   0.215   0.176   0.140
Metal and Plastic Machine Operator           0.268   0.383   0.312   0.239   0.209   0.149
Metal and Plastic Processing Operator        0.180   0.168   0.190   0.167   0.158   0.097
Woodworking Machine Operator                 0.210   0.177   0.198   0.203   0.301   0.213
Textile Machine Operator                     0.329   0.288   0.258   0.274   0.230   0.165
Print Machine Operator                       0.283   0.316   0.251   0.256   0.239   0.173
Machine Operator, Other                      0.904   0.660   0.521   0.477   0.444   0.376
Fabricators                                  0.471   0.460   0.479   0.469   0.439   0.353
Production Inspectors                        0.348   0.348   0.291   0.276   0.276   0.224
Motor Vehicle Operator                       0.764   0.615   0.601   0.612   0.608   0.504
Non Motor Vehicle Operator                   0.412   0.363   0.361   0.300   0.284   0.226
Freight, Stock, Material Handler             0.759   0.569   0.544   0.571   0.506   0.506
 
 
WageBarHomeY(g,t):
 
               1960    1970    1980    1990    2000    2010
-----------------------------------------------------------
White Men     29602   35068   30147   29637   36650   33905
White Women   29602   35068   30147   29637   36650   33905
Black Men     29602   35068   30147   29637   36650   33905
Black Women   29602   35068   30147   29637   36650   33905
 
 
 
===========================================================
GetTExperience.m:
Fixing tauhat_y missing values --> tauhat_y_cleaned (just for robustness cases)
 -- Use first non-missing value
 
===========================================================
 
*********************
White Women
*********************
 
tauhat_y_cleaned Firefighting     NaN  0.9284  1.2050  1.1922  1.1422  1.0932
tauhat_y_cleaned Firefighting  0.9284  0.9284  1.2050  1.1922  1.1422  1.0932
tauhat_y_cleaned Forest     NaN  1.3495  1.1989  1.0825  1.1869  0.9686
tauhat_y_cleaned Forest  1.3495  1.3495  1.1989  1.0825  1.1869  0.9686
 
*********************
Black Men
*********************
 
tauhat_y_cleaned Architects     NaN  1.1167  1.1298  1.0875  1.1333  1.1511
tauhat_y_cleaned Architects  1.1167  1.1167  1.1298  1.0875  1.1333  1.1511
tauhat_y_cleaned Librarians     NaN  1.2220  0.9999  1.0105  0.9785  0.9903
tauhat_y_cleaned Librarians  1.2220  1.2220  0.9999  1.0105  0.9785  0.9903
 
*********************
Black Women
*********************
 
tauhat_y_cleaned Architects     NaN     NaN  0.7790  1.0914  1.0631  0.6516
tauhat_y_cleaned Architects  0.7790  0.7790  0.7790  1.0914  1.0631  0.6516
tauhat_y_cleaned Engineers     NaN     NaN  1.2741  1.1305  1.0851  1.0679
tauhat_y_cleaned Engineers  1.2741  1.2741  1.2741  1.1305  1.0851  1.0679
tauhat_y_cleaned Math/CompSci     NaN  1.3031  1.3058  1.2775  1.2263  1.1776
tauhat_y_cleaned Math/CompSci  1.3031  1.3031  1.3058  1.2775  1.2263  1.1776
tauhat_y_cleaned Science     NaN  1.2690  1.2250  1.0931  1.0534  1.0829
tauhat_y_cleaned Science  1.2690  1.2690  1.2250  1.0931  1.0534  1.0829
tauhat_y_cleaned Eng.Techs     NaN  1.4428  1.3061  1.2790  1.1160  1.1190
tauhat_y_cleaned Eng.Techs  1.4428  1.4428  1.3061  1.2790  1.1160  1.1190
tauhat_y_cleaned OtherTechs     NaN  1.1910  1.2781  1.2305  1.3164  1.3633
tauhat_y_cleaned OtherTechs  1.1910  1.1910  1.2781  1.2305  1.3164  1.3633
tauhat_y_cleaned Firefighting     NaN     NaN  1.0724  1.4545  1.3176  1.2362
tauhat_y_cleaned Firefighting  1.0724  1.0724  1.0724  1.4545  1.3176  1.2362
tauhat_y_cleaned Police     NaN  1.3180  1.3495  1.1531  1.2228  1.2548
tauhat_y_cleaned Police  1.3180  1.3180  1.3495  1.1531  1.2228  1.2548
tauhat_y_cleaned FarmMgrs  5.2034  1.9193  2.6605  1.7130     NaN  1.7305
tauhat_y_cleaned FarmMgrs  5.2034  1.9193  2.6605  1.7130  1.7217  1.7305
tauhat_y_cleaned Agriculture     NaN  1.4443  1.5791  1.3684  1.1550  1.0393
tauhat_y_cleaned Agriculture  1.4443  1.4443  1.5791  1.3684  1.1550  1.0393
tauhat_y_cleaned Forest     NaN  1.3794  1.3254  1.2039  1.0103     NaN
tauhat_y_cleaned Forest  1.3794  1.3794  1.3254  1.2039  1.0103  1.0103
tauhat_y_cleaned Mechanics     NaN  1.9495  1.2261  1.1068  1.1321  1.1275
tauhat_y_cleaned Mechanics  1.9495  1.9495  1.2261  1.1068  1.1321  1.1275
tauhat_y_cleaned Elec.Repairer     NaN  2.1252  1.3090  1.0384  0.9924  1.0979
tauhat_y_cleaned Elec.Repairer  2.1252  2.1252  1.3090  1.0384  0.9924  1.0979
tauhat_y_cleaned Extractive     NaN  1.4011  2.5577  1.2137     NaN  1.8281
tauhat_y_cleaned Extractive  1.4011  1.4011  2.5577  1.2137  1.5209  1.8281
tauhat_y_cleaned MetalWork     NaN  1.2791  1.6114  1.3712  1.1908  1.4296
tauhat_y_cleaned MetalWork  1.2791  1.2791  1.6114  1.3712  1.1908  1.4296
tauhat_y_cleaned WoodWork     NaN  1.5324  1.8340  1.7206  1.4260  1.4929
tauhat_y_cleaned WoodWork  1.5324  1.5324  1.8340  1.7206  1.4260  1.4929
tauhat_y_cleaned PlantOperator     NaN     NaN  1.3547  1.5500  1.2365  1.2203
tauhat_y_cleaned PlantOperator  1.3547  1.3547  1.3547  1.5500  1.2365  1.2203
tauhat_y_cleaned MetalMach.     NaN  1.4173  1.4936  1.4851  1.3651  1.7221
tauhat_y_cleaned MetalMach.  1.4173  1.4173  1.4936  1.4851  1.3651  1.7221
tauhat_y_cleaned MetalProc.     NaN  1.7596  1.6355  1.4851  1.3945  1.3112
tauhat_y_cleaned MetalProc.  1.7596  1.7596  1.6355  1.4851  1.3945  1.3112
tauhat_y_cleaned WoodMach.     NaN  1.7469  1.4107  1.3535  1.2520  1.1294
tauhat_y_cleaned WoodMach.  1.7469  1.7469  1.4107  1.3535  1.2520  1.1294
tauhat_y_cleaned TextileMach.     NaN  1.5758  1.7358  1.3826  1.4813  1.3179
tauhat_y_cleaned TextileMach.  1.5758  1.5758  1.7358  1.3826  1.4813  1.3179
 
GetTExperience.m:
                     TigYMO for               --- 1960 ---      and    --- 1990 ---
Home                                         1.00   1.29   1.62        1.00   1.40   1.66
Executives, Administrative, and Managerial   1.00   1.29   1.62        1.00   1.40   1.66
Management Related                           1.00   1.29   1.62        1.00   1.40   1.66
Architects                                   1.00   1.29   1.62        1.00   1.40   1.66
Engineers                                    1.00   1.29   1.62        1.00   1.40   1.66
Math and Computer Science                    1.00   1.29   1.62        1.00   1.40   1.66
Natural Science                              1.00   1.29   1.62        1.00   1.40   1.66
Doctors                                      1.00   1.29   1.62        1.00   1.40   1.66
Health Assessment                            1.00   1.29   1.62        1.00   1.40   1.66
Therapists                                   1.00   1.29   1.62        1.00   1.40   1.66
Professors                                   1.00   1.29   1.62        1.00   1.40   1.66
Teachers          Non-Postsecondary          1.00   1.29   1.62        1.00   1.40   1.66
Librarians  and Curators                     1.00   1.29   1.62        1.00   1.40   1.66
Social Scientists and Urban Planners         1.00   1.29   1.62        1.00   1.40   1.66
Social Work                                  1.00   1.29   1.62        1.00   1.40   1.66
Lawyers       and Judges                     1.00   1.29   1.62        1.00   1.40   1.66
Arts and Athletes                            1.00   1.29   1.62        1.00   1.40   1.66
Health Technicians                           1.00   1.29   1.62        1.00   1.40   1.66
Engineering Technicians                      1.00   1.29   1.62        1.00   1.40   1.66
Science Technicians                          1.00   1.29   1.62        1.00   1.40   1.66
Technicians, Other                           1.00   1.29   1.62        1.00   1.40   1.66
Sales, all                                   1.00   1.29   1.62        1.00   1.40   1.66
Secretaries                                  1.00   1.29   1.62        1.00   1.40   1.66
Info. Clerks                                 1.00   1.29   1.62        1.00   1.40   1.66
Records Processing, Non-Financial            1.00   1.29   1.62        1.00   1.40   1.66
Financial Records Processing                 1.00   1.29   1.62        1.00   1.40   1.66
Office Machine Operator                      1.00   1.29   1.62        1.00   1.40   1.66
Computer/Communications Equip. Operator      1.00   1.29   1.62        1.00   1.40   1.66
Mail Distribution                            1.00   1.29   1.62        1.00   1.40   1.66
Scheduling and Distributing Clerks           1.00   1.29   1.62        1.00   1.40   1.66
Adjusters and Investigators                  1.00   1.29   1.62        1.00   1.40   1.66
Misc. Admin Support                          1.00   1.29   1.62        1.00   1.40   1.66
Private Household Occupations                1.00   1.29   1.62        1.00   1.40   1.66
Firefighting                                 1.00   1.29   1.62        1.00   1.40   1.66
Police                                       1.00   1.29   1.62        1.00   1.40   1.66
Guards                                       1.00   1.29   1.62        1.00   1.40   1.66
Food Prep    and Service                     1.00   1.29   1.62        1.00   1.40   1.66
Health Service                               1.00   1.29   1.62        1.00   1.40   1.66
Cleaning and Building Service                1.00   1.29   1.62        1.00   1.40   1.66
Personal Service                             1.00   1.29   1.62        1.00   1.40   1.66
Farm Managers                                1.00   1.29   1.62        1.00   1.40   1.66
Farm Work                                    1.00   1.29   1.62        1.00   1.40   1.66
Related Agriculture                          1.00   1.29   1.62        1.00   1.40   1.66
Forest, Logging, Fishers and Hunter          1.00   1.29   1.62        1.00   1.40   1.66
Mechanics                                    1.00   1.29   1.62        1.00   1.40   1.66
Elec. Repairer                               1.00   1.29   1.62        1.00   1.40   1.66
Misc. Repairer                               1.00   1.29   1.62        1.00   1.40   1.66
Construction Trade                           1.00   1.29   1.62        1.00   1.40   1.66
Extractive                                   1.00   1.29   1.62        1.00   1.40   1.66
Supervisor(P)                                1.00   1.29   1.62        1.00   1.40   1.66
Precision Metal                              1.00   1.29   1.62        1.00   1.40   1.66
Precision Wood                               1.00   1.29   1.62        1.00   1.40   1.66
Precision, Textile                           1.00   1.29   1.62        1.00   1.40   1.66
Precision, Other                             1.00   1.29   1.62        1.00   1.40   1.66
Precision, Food                              1.00   1.29   1.62        1.00   1.40   1.66
Plant Operator                               1.00   1.29   1.62        1.00   1.40   1.66
Metal and Plastic Machine Operator           1.00   1.29   1.62        1.00   1.40   1.66
Metal and Plastic Processing Operator        1.00   1.29   1.62        1.00   1.40   1.66
Woodworking Machine Operator                 1.00   1.29   1.62        1.00   1.40   1.66
Textile Machine Operator                     1.00   1.29   1.62        1.00   1.40   1.66
Print Machine Operator                       1.00   1.29   1.62        1.00   1.40   1.66
Machine Operator, Other                      1.00   1.29   1.62        1.00   1.40   1.66
Fabricators                                  1.00   1.29   1.62        1.00   1.40   1.66
Production Inspectors                        1.00   1.29   1.62        1.00   1.40   1.66
Motor Vehicle Operator                       1.00   1.29   1.62        1.00   1.40   1.66
Non Motor Vehicle Operator                   1.00   1.29   1.62        1.00   1.40   1.66
Freight, Stock, Material Handler             1.00   1.29   1.62        1.00   1.40   1.66
 
Values for occupation 8:
ans =

   1.0000   1.2863   1.6246
   1.0000   1.4368   1.5946
   1.0000   1.2877   1.4636
   1.0000   1.4003   1.6594
   1.0000   1.4577        0
   1.0000   1.0000   1.0000

 
Tbar and TbarHat by Group and Years for Doctors
ans =

   3.9109   4.0314   3.7513   4.0598   4.1851   4.1851
   3.9109   4.0314   3.7513   4.0598   4.1851   4.1851
   3.9109   4.0314   3.7513   4.0598   4.1851   4.1851
   3.9109   4.0314   3.7513   4.0598   4.1851   4.1851

ans =

   1   1   1   1   1   1
   1   1   1   1   1   1
   1   1   1   1   1   1
   1   1   1   1   1   1

 
Tbar and TbarHat by Group and Years for Secretaries
ans =

   3.9109   4.0314   3.7513   4.0598   4.1851   4.1851
   3.9109   4.0314   3.7513   4.0598   4.1851   4.1851
   3.9109   4.0314   3.7513   4.0598   4.1851   4.1851
   3.9109   4.0314   3.7513   4.0598   4.1851   4.1851

ans =

   1   1   1   1   1   1
   1   1   1   1   1   1
   1   1   1   1   1   1
   1   1   1   1   1   1

 
Tbar and TbarHat by Group and Years for Farm
ans =

   3.9109   4.0314   3.7513   4.0598   4.1851   4.1851
   3.9109   4.0314   3.7513   4.0598   4.1851   4.1851
   3.9109   4.0314   3.7513   4.0598   4.1851   4.1851
   3.9109   4.0314   3.7513   4.0598   4.1851   4.1851

ans =

   1   1   1   1   1   1
   1   1   1   1   1   1
   1   1   1   1   1   1
   1   1   1   1   1   1

>>> Starting maxdiff/s_counter loop in EstimateTauZ.m
 
 
-------------------------------------------------------------
Estimating w and Z from YWM:   1960
-------------------------------------------------------------
 
                                                 s     phi         w     zWM
----------------------------------------------------------------------------
Home                                         0.496   1.273   14756.2   1.000
Executives, Administrative, and Managerial   0.525   1.431   18411.7   0.876
Management Related                           0.596   1.911   19365.7   0.741
Architects                                   0.691   2.900   24116.5   0.208
Engineers                                    0.627   2.178   23742.0   0.683
Math and Computer Science                    0.654   2.448   23240.0   0.191
Natural Science                              0.658   2.489   21739.1   0.447
Doctors                                      0.751   3.907   24794.8   0.653
Health Assessment                            0.667   2.587   22053.4   0.317
Therapists                                   0.695   2.956   17985.6   0.210
Professors                                   0.819   5.850   24267.1   0.663
Teachers          Non-Postsecondary          0.694   2.937   18162.2   0.894
Librarians  and Curators                     0.715   3.247   17926.4   0.164
Social Scientists and Urban Planners         0.703   3.057   23359.7   0.271
Social Work                                  0.700   3.025   13789.9   0.786
Lawyers       and Judges                     0.755   3.986   27947.8   0.506
Arts and Athletes                            0.610   2.023   19290.3   0.544
Health Technicians                           0.524   1.426   14669.2   0.247
Engineering Technicians                      0.514   1.369   17048.7   0.478
Science Technicians                          0.521   1.408   16481.5   0.363
Technicians, Other                           0.542   1.531   17232.4   0.285
Sales, all                                   0.532   1.470   17065.3   0.945
Secretaries                                  0.520   1.402   15114.0   0.241
Info. Clerks                                 0.503   1.310   15074.5   0.213
Records Processing, Non-Financial            0.616   2.077   18851.2   0.299
Financial Records Processing                 0.525   1.430   14297.3   0.368
Office Machine Operator                      0.500   1.296   14838.0   0.279
Computer/Communications Equip. Operator      0.469   1.143   16060.7   0.139
Mail Distribution                            0.489   1.239   14785.5   0.381
Scheduling and Distributing Clerks           0.441   1.023   12758.5   0.484
Adjusters and Investigators                  0.574   1.746   16512.6   0.321
Misc. Admin Support                          0.512   1.360   14886.0   0.698
Private Household Occupations                0.418   0.929   12234.6   0.169
Firefighting                                 0.458   1.094   14339.8   0.302
Police                                       0.474   1.166   14353.4   0.423
Guards                                       0.446   1.043   13081.4   0.249
Food Prep    and Service                     0.418   0.930   10377.6   0.416
Health Service                               0.439   1.011    9176.5   0.274
Cleaning and Building Service                0.403   0.875    9737.2   0.303
Personal Service                             0.438   1.010   11710.7   0.394
Farm Managers                                0.434   0.992    7955.2   0.943
Farm Work                                    0.338   0.660    5875.5   0.691
Related Agriculture                          0.401   0.867   10998.0   0.220
Forest, Logging, Fishers and Hunter          0.379   0.790    8751.0   0.283
Mechanics                                    0.418   0.929   12426.7   0.568
Elec. Repairer                               0.465   1.126   15206.9   0.494
Misc. Repairer                               0.432   0.985   13568.0   0.604
Construction Trade                           0.428   0.970   14293.7   0.697
Extractive                                   0.402   0.872   13499.4   0.326
Supervisor(P)                                0.462   1.113   16802.3   0.484
Precision Metal                              0.434   0.992   15173.2   0.488
Precision Wood                               0.416   0.922   12280.2   0.186
Precision, Textile                           0.385   0.809   11271.9   0.217
Precision, Other                             0.434   0.992   14453.8   0.249
Precision, Food                              0.420   0.938   12800.7   0.325
Plant Operator                               0.533   1.478   19212.5   0.340
Metal and Plastic Machine Operator           0.399   0.860   13914.0   0.268
Metal and Plastic Processing Operator        0.408   0.893   12576.1   0.180
Woodworking Machine Operator                 0.372   0.766    9800.8   0.210
Textile Machine Operator                     0.453   1.072   15662.1   0.329
Print Machine Operator                       0.387   0.817   10055.4   0.283
Machine Operator, Other                      0.405   0.879   12356.8   0.904
Fabricators                                  0.409   0.897   13160.2   0.471
Production Inspectors                        0.444   1.034   14063.4   0.348
Motor Vehicle Operator                       0.405   0.880   12415.3   0.764
Non Motor Vehicle Operator                   0.422   0.946   14800.4   0.412
Freight, Stock, Material Handler             0.395   0.845   10866.5   0.759

  MWM = 1098538849.623
 
 
-------------------------------------------------------------
Estimating w and Z from YWM:   1970
-------------------------------------------------------------
 
                                                 s     phi         w     zWM
----------------------------------------------------------------------------
Home                                         0.555   1.614   18138.6   1.000
Executives, Administrative, and Managerial   0.557   1.627   22706.8   0.854
Management Related                           0.598   1.928   23517.1   0.522
Architects                                   0.725   3.421   28934.5   0.229
Engineers                                    0.640   2.302   27555.6   0.605
Math and Computer Science                    0.628   2.188   26398.1   0.323
Natural Science                              0.667   2.590   25028.5   0.394
Doctors                                      0.759   4.084   35926.0   0.473
Health Assessment                            0.686   2.833   26337.7   0.284
Therapists                                   0.669   2.616   21577.2   0.200
Professors                                   0.814   5.679   28136.8   0.789
Teachers          Non-Postsecondary          0.715   3.245   22783.4   0.882
Librarians  and Curators                     0.720   3.328   22330.9   0.193
Social Scientists and Urban Planners         0.698   2.987   28628.4   0.295
Social Work                                  0.688   2.857   17858.8   0.572
Lawyers       and Judges                     0.763   4.174   36471.3   0.452
Arts and Athletes                            0.598   1.922   22125.6   0.431
Health Technicians                           0.597   1.918   19819.5   0.240
Engineering Technicians                      0.528   1.446   19510.8   0.481
Science Technicians                          0.583   1.812   19802.6   0.230
Technicians, Other                           0.586   1.834   23619.0   0.372
Sales, all                                   0.543   1.537   20932.4   0.759
Secretaries                                  0.536   1.495   17814.1   0.216
Info. Clerks                                 0.536   1.497   18498.6   0.224
Records Processing, Non-Financial            0.611   2.029   22967.0   0.338
Financial Records Processing                 0.533   1.478   17794.8   0.337
Office Machine Operator                      0.502   1.304   15016.5   0.170
Computer/Communications Equip. Operator      0.509   1.341   18380.4   0.239
Mail Distribution                            0.501   1.299   16485.1   0.308
Scheduling and Distributing Clerks           0.483   1.209   16232.3   0.451
Adjusters and Investigators                  0.573   1.736   20521.6   0.348
Misc. Admin Support                          0.528   1.446   18106.6   0.427
Private Household Occupations                0.431   0.982   12850.0   0.182
Firefighting                                 0.483   1.209   18704.5   0.257
Police                                       0.499   1.288   18830.6   0.377
Guards                                       0.493   1.258   15872.8   0.231
Food Prep    and Service                     0.455   1.079   12916.6   0.356
Health Service                               0.520   1.401   12805.9   0.233
Cleaning and Building Service                0.436   1.001   12995.8   0.348
Personal Service                             0.439   1.015   14223.5   0.356
Farm Managers                                0.475   1.173   12758.1   0.522
Farm Work                                    0.399   0.861    8814.8   0.447
Related Agriculture                          0.431   0.979   12986.9   0.248
Forest, Logging, Fishers and Hunter          0.444   1.035   12588.1   0.214
Mechanics                                    0.444   1.034   15923.7   0.560
Elec. Repairer                               0.481   1.199   17905.7   0.429
Misc. Repairer                               0.444   1.035   16516.1   0.445
Construction Trade                           0.451   1.062   17053.8   0.668
Extractive                                   0.429   0.972   15330.2   0.220
Supervisor(P)                                0.484   1.215   19705.7   0.469
Precision Metal                              0.465   1.127   18278.0   0.390
Precision Wood                               0.439   1.012   14210.5   0.166
Precision, Textile                           0.405   0.880   12870.6   0.195
Precision, Other                             0.479   1.189   18076.4   0.158
Precision, Food                              0.443   1.030   15523.1   0.289
Plant Operator                               0.475   1.171   18605.8   0.188
Metal and Plastic Machine Operator           0.443   1.030   16084.4   0.383
Metal and Plastic Processing Operator        0.417   0.925   15584.0   0.168
Woodworking Machine Operator                 0.397   0.851   11727.6   0.177
Textile Machine Operator                     0.472   1.156   18202.6   0.288
Print Machine Operator                       0.409   0.896   12212.0   0.316
Machine Operator, Other                      0.433   0.989   14995.2   0.660
Fabricators                                  0.440   1.015   15372.6   0.460
Production Inspectors                        0.482   1.205   16852.0   0.348
Motor Vehicle Operator                       0.437   1.006   15370.9   0.615
Non Motor Vehicle Operator                   0.439   1.014   16661.5   0.363
Freight, Stock, Material Handler             0.440   1.019   13604.8   0.569

  MWM = 1001048642.616
 
 
-------------------------------------------------------------
Estimating w and Z from YWM:   1980
-------------------------------------------------------------
 
                                                 s     phi         w     zWM
----------------------------------------------------------------------------
Home                                         0.565   1.684   16111.3   1.000
Executives, Administrative, and Managerial   0.602   1.962   22952.7   0.833
Management Related                           0.631   2.210   22519.1   0.676
Architects                                   0.703   3.064   23073.1   0.287
Engineers                                    0.648   2.388   26585.2   0.531
Math and Computer Science                    0.652   2.420   26224.4   0.312
Natural Science                              0.702   3.046   23154.6   0.411
Doctors                                      0.758   4.060   35982.8   0.459
Health Assessment                            0.712   3.193   24179.5   0.354
Therapists                                   0.635   2.255   18885.6   0.265
Professors                                   0.811   5.545   22679.2   0.678
Teachers          Non-Postsecondary          0.709   3.156   19258.3   0.886
Librarians  and Curators                     0.724   3.400   18327.0   0.241
Social Scientists and Urban Planners         0.727   3.442   25849.5   0.338
Social Work                                  0.690   2.876   16145.8   0.595
Lawyers       and Judges                     0.769   4.300   32367.6   0.547
Arts and Athletes                            0.633   2.235   18143.8   0.552
Health Technicians                           0.621   2.125   17674.5   0.317
Engineering Technicians                      0.558   1.636   18691.5   0.452
Science Technicians                          0.584   1.815   19127.9   0.229
Technicians, Other                           0.631   2.213   21445.5   0.481
Sales, all                                   0.577   1.765   19925.0   0.842
Secretaries                                  0.594   1.898   16546.9   0.187
Info. Clerks                                 0.604   1.976   17737.3   0.237
Records Processing, Non-Financial            0.568   1.701   16310.6   0.270
Financial Records Processing                 0.586   1.832   17591.5   0.293
Office Machine Operator                      0.534   1.484   13925.7   0.105
Computer/Communications Equip. Operator      0.559   1.643   19246.7   0.284
Mail Distribution                            0.535   1.491   18941.1   0.295
Scheduling and Distributing Clerks           0.525   1.428   16327.7   0.467
Adjusters and Investigators                  0.608   2.009   18993.0   0.303
Misc. Admin Support                          0.589   1.855   17154.1   0.392
Private Household Occupations                0.469   1.144   10793.4   0.194
Firefighting                                 0.529   1.453   18825.4   0.261
Police                                       0.556   1.621   19344.9   0.409
Guards                                       0.537   1.504   15224.6   0.306
Food Prep    and Service                     0.520   1.401   11293.0   0.516
Health Service                               0.575   1.752   13402.7   0.310
Cleaning and Building Service                0.488   1.233   12947.0   0.458
Personal Service                             0.559   1.641   14315.9   0.332
Farm Managers                                0.526   1.439   13326.9   0.497
Farm Work                                    0.437   1.006   10292.2   0.383
Related Agriculture                          0.494   1.263   12270.4   0.316
Forest, Logging, Fishers and Hunter          0.489   1.240   14111.3   0.229
Mechanics                                    0.482   1.202   16013.5   0.566
Elec. Repairer                               0.509   1.344   19116.4   0.367
Misc. Repairer                               0.495   1.267   17368.5   0.361
Construction Trade                           0.495   1.271   16986.3   0.756
Extractive                                   0.468   1.138   18690.1   0.209
Supervisor(P)                                0.525   1.433   20107.8   0.454
Precision Metal                              0.490   1.243   17830.5   0.366
Precision Wood                               0.502   1.307   12741.4   0.205
Precision, Textile                           0.448   1.049   11722.7   0.170
Precision, Other                             0.504   1.316   15469.5   0.225
Precision, Food                              0.473   1.164   16146.6   0.241
Plant Operator                               0.520   1.401   19376.2   0.219
Metal and Plastic Machine Operator           0.469   1.142   16308.4   0.312
Metal and Plastic Processing Operator        0.463   1.116   15487.1   0.190
Woodworking Machine Operator                 0.465   1.124   12629.4   0.198
Textile Machine Operator                     0.504   1.316   16784.3   0.258
Print Machine Operator                       0.435   0.996   11266.2   0.251
Machine Operator, Other                      0.472   1.155   15843.8   0.521
Fabricators                                  0.469   1.145   15653.7   0.479
Production Inspectors                        0.503   1.309   17461.0   0.291
Motor Vehicle Operator                       0.478   1.187   16202.5   0.601
Non Motor Vehicle Operator                   0.483   1.207   18545.4   0.361
Freight, Stock, Material Handler             0.478   1.183   14324.1   0.544

  MWM = 662738479.126
 
 
-------------------------------------------------------------
Estimating w and Z from YWM:   1990
-------------------------------------------------------------
 
                                                 s     phi         w     zWM
----------------------------------------------------------------------------
Home                                         0.555   1.611   15579.5   1.000
Executives, Administrative, and Managerial   0.582   1.800   24733.5   0.694
Management Related                           0.620   2.108   24654.5   0.568
Architects                                   0.649   2.398   25444.7   0.211
Engineers                                    0.638   2.279   29700.6   0.481
Math and Computer Science                    0.636   2.260   29109.2   0.326
Natural Science                              0.674   2.676   24085.3   0.331
Doctors                                      0.762   4.147   40821.4   0.390
Health Assessment                            0.650   2.405   28047.9   0.227
Therapists                                   0.633   2.236   22920.6   0.195
Professors                                   0.814   5.670   22915.0   0.574
Teachers          Non-Postsecondary          0.669   2.613   19471.7   0.555
Librarians  and Curators                     0.714   3.232   18964.9   0.192
Social Scientists and Urban Planners         0.697   2.974   26801.1   0.252
Social Work                                  0.660   2.514   17022.9   0.429
Lawyers       and Judges                     0.765   4.211   42637.9   0.387
Arts and Athletes                            0.611   2.034   20031.6   0.483
Health Technicians                           0.585   1.824   18507.9   0.290
Engineering Technicians                      0.559   1.640   20314.8   0.411
Science Technicians                          0.569   1.708   19931.3   0.198
Technicians, Other                           0.603   1.968   23142.3   0.462
Sales, all                                   0.561   1.651   21334.6   0.799
Secretaries                                  0.578   1.771   15920.1   0.178
Info. Clerks                                 0.581   1.794   16957.8   0.240
Records Processing, Non-Financial            0.575   1.752   16919.5   0.219
Financial Records Processing                 0.568   1.700   16754.1   0.255
Office Machine Operator                      0.519   1.399   13779.9   0.111
Computer/Communications Equip. Operator      0.557   1.627   18885.1   0.272
Mail Distribution                            0.529   1.453   19264.7   0.273
Scheduling and Distributing Clerks           0.518   1.391   16061.6   0.458
Adjusters and Investigators                  0.586   1.829   18931.7   0.303
Misc. Admin Support                          0.579   1.782   17665.8   0.359
Private Household Occupations                0.484   1.213   11066.6   0.187
Firefighting                                 0.532   1.469   21979.1   0.217
Police                                       0.541   1.527   21009.4   0.352
Guards                                       0.533   1.476   15205.7   0.326
Food Prep    and Service                     0.518   1.390   11667.1   0.592
Health Service                               0.557   1.630   14135.0   0.284
Cleaning and Building Service                0.493   1.261   13188.9   0.473
Personal Service                             0.545   1.553   14194.3   0.299
Farm Managers                                0.510   1.349   13314.6   0.411
Farm Work                                    0.447   1.047   10663.3   0.341
Related Agriculture                          0.485   1.217   12628.0   0.385
Forest, Logging, Fishers and Hunter          0.476   1.177   13880.7   0.214
Mechanics                                    0.493   1.257   16684.7   0.559
Elec. Repairer                               0.517   1.385   18475.8   0.345
Misc. Repairer                               0.501   1.301   17077.1   0.368
Construction Trade                           0.489   1.239   16600.6   0.785
Extractive                                   0.476   1.176   18211.4   0.170
Supervisor(P)                                0.511   1.353   20345.8   0.350
Precision Metal                              0.496   1.274   18341.3   0.353
Precision Wood                               0.492   1.252   14542.0   0.174
Precision, Textile                           0.471   1.151   12493.0   0.170
Precision, Other                             0.498   1.285   16189.5   0.214
Precision, Food                              0.481   1.200   14641.8   0.253
Plant Operator                               0.517   1.384   21159.5   0.215
Metal and Plastic Machine Operator           0.475   1.173   15420.2   0.239
Metal and Plastic Processing Operator        0.480   1.197   16042.2   0.167
Woodworking Machine Operator                 0.471   1.154   12445.7   0.203
Textile Machine Operator                     0.500   1.293   17138.6   0.274
Print Machine Operator                       0.465   1.124   12733.5   0.256
Machine Operator, Other                      0.482   1.205   15889.4   0.477
Fabricators                                  0.481   1.200   15362.4   0.469
Production Inspectors                        0.512   1.356   17870.0   0.276
Motor Vehicle Operator                       0.488   1.233   15989.7   0.612
Non Motor Vehicle Operator                   0.484   1.216   17952.9   0.300
Freight, Stock, Material Handler             0.489   1.239   13726.7   0.571

  MWM = 725714894.617
 
 
-------------------------------------------------------------
Estimating w and Z from YWM:   2000
-------------------------------------------------------------
 
                                                 s     phi         w     zWM
----------------------------------------------------------------------------
Home                                         0.528   1.448   18319.8   1.000
Executives, Administrative, and Managerial   0.595   1.898   29030.0   0.670
Management Related                           0.619   2.100   27587.7   0.591
Architects                                   0.664   2.561   27421.6   0.221
Engineers                                    0.641   2.313   31545.8   0.448
Math and Computer Science                    0.605   1.982   27766.7   0.449
Natural Science                              0.701   3.042   24735.2   0.405
Doctors                                      0.762   4.136   42716.2   0.364
Health Assessment                            0.643   2.336   29807.6   0.240
Therapists                                   0.659   2.500   26709.2   0.241
Professors                                   0.792   4.922   22174.1   0.652
Teachers          Non-Postsecondary          0.672   2.646   20711.8   0.666
Librarians  and Curators                     0.710   3.168   19996.0   0.181
Social Scientists and Urban Planners         0.699   3.004   28043.5   0.235
Social Work                                  0.653   2.432   18566.5   0.423
Lawyers       and Judges                     0.763   4.175   43637.5   0.389
Arts and Athletes                            0.618   2.097   22096.2   0.514
Health Technicians                           0.576   1.761   20191.7   0.307
Engineering Technicians                      0.551   1.588   20254.3   0.349
Science Technicians                          0.563   1.669   20465.6   0.163
Technicians, Other                           0.627   2.172   30999.5   0.438
Sales, all                                   0.564   1.673   23235.3   0.774
Secretaries                                  0.585   1.828   19336.0   0.211
Info. Clerks                                 0.576   1.758   16945.4   0.257
Records Processing, Non-Financial            0.572   1.732   16623.8   0.220
Financial Records Processing                 0.567   1.695   17980.7   0.248
Office Machine Operator                      0.519   1.397   18131.7   0.117
Computer/Communications Equip. Operator      0.563   1.671   19855.0   0.192
Mail Distribution                            0.527   1.444   18017.2   0.249
Scheduling and Distributing Clerks           0.516   1.382   16198.1   0.494
Adjusters and Investigators                  0.571   1.725   19581.8   0.418
Misc. Admin Support                          0.582   1.802   17987.6   0.338
Private Household Occupations                0.491   1.249   11348.0   0.172
Firefighting                                 0.533   1.477   23176.1   0.234
Police                                       0.551   1.588   22340.5   0.432
Guards                                       0.531   1.463   15678.2   0.318
Food Prep    and Service                     0.515   1.377   12548.0   0.659
Health Service                               0.554   1.607   14089.0   0.294
Cleaning and Building Service                0.490   1.242   13903.2   0.411
Personal Service                             0.567   1.698   16484.6   0.360
Farm Managers                                0.519   1.399   15295.1   0.300
Farm Work                                    0.429   0.974   11095.2   0.309
Related Agriculture                          0.476   1.176   13375.2   0.423
Forest, Logging, Fishers and Hunter          0.473   1.163   14413.5   0.214
Mechanics                                    0.493   1.256   17906.4   0.543
Elec. Repairer                               0.513   1.361   18937.0   0.394
Misc. Repairer                               0.498   1.285   17613.3   0.342
Construction Trade                           0.480   1.193   16940.8   0.790
Extractive                                   0.477   1.183   18972.3   0.137
Supervisor(P)                                0.512   1.360   20882.0   0.335
Precision Metal                              0.497   1.277   19104.1   0.287
Precision Wood                               0.487   1.230   15076.2   0.169
Precision, Textile                           0.472   1.157   14912.2   0.127
Precision, Other                             0.531   1.465   16288.7   0.218
Precision, Food                              0.467   1.135   13902.6   0.245
Plant Operator                               0.508   1.334   20713.1   0.176
Metal and Plastic Machine Operator           0.476   1.175   15950.1   0.209
Metal and Plastic Processing Operator        0.485   1.217   17137.8   0.158
Woodworking Machine Operator                 0.477   1.179   15739.9   0.301
Textile Machine Operator                     0.498   1.286   17796.1   0.230
Print Machine Operator                       0.458   1.094   13130.6   0.239
Machine Operator, Other                      0.480   1.194   16322.7   0.444
Fabricators                                  0.483   1.208   16359.1   0.439
Production Inspectors                        0.519   1.397   18540.1   0.276
Motor Vehicle Operator                       0.488   1.234   16866.3   0.608
Non Motor Vehicle Operator                   0.483   1.209   18853.2   0.284
Freight, Stock, Material Handler             0.487   1.227   14293.8   0.506

  MWM = 912814008.558
 
 
-------------------------------------------------------------
Estimating w and Z from YWM:   2010
-------------------------------------------------------------
 
                                                 s     phi         w     zWM
----------------------------------------------------------------------------
Home                                         0.582   1.800   17969.3   1.000
Executives, Administrative, and Managerial   0.601   1.948   27883.8   0.575
Management Related                           0.633   2.230   29533.5   0.481
Architects                                   0.671   2.642   28605.4   0.157
Engineers                                    0.651   2.415   34849.8   0.335
Math and Computer Science                    0.606   1.991   27241.3   0.385
Natural Science                              0.705   3.096   27750.4   0.303
Doctors                                      0.762   4.155   44080.9   0.281
Health Assessment                            0.671   2.644   34979.0   0.207
Therapists                                   0.692   2.912   30169.2   0.210
Professors                                   0.804   5.314   22156.5   0.641
Teachers          Non-Postsecondary          0.687   2.835   22886.2   0.584
Librarians  and Curators                     0.737   3.631   20406.7   0.158
Social Scientists and Urban Planners         0.678   2.728   29688.3   0.202
Social Work                                  0.658   2.493   19241.6   0.373
Lawyers       and Judges                     0.764   4.180   50470.4   0.279
Arts and Athletes                            0.636   2.259   22887.6   0.436
Health Technicians                           0.578   1.775   21049.2   0.266
Engineering Technicians                      0.570   1.713   21967.0   0.263
Science Technicians                          0.581   1.798   21967.2   0.136
Technicians, Other                           0.631   2.213   32349.3   0.340
Sales, all                                   0.574   1.743   21169.5   0.702
Secretaries                                  0.608   2.006   18397.2   0.215
Info. Clerks                                 0.578   1.771   15659.8   0.256
Records Processing, Non-Financial            0.600   1.943   17165.0   0.209
Financial Records Processing                 0.576   1.761   18335.2   0.215
Office Machine Operator                      0.573   1.738   15150.0   0.092
Computer/Communications Equip. Operator      0.567   1.695   18400.0   0.135
Mail Distribution                            0.539   1.515   18390.7   0.198
Scheduling and Distributing Clerks           0.535   1.491   14919.9   0.469
Adjusters and Investigators                  0.574   1.746   17764.8   0.410
Misc. Admin Support                          0.593   1.884   17573.4   0.317
Private Household Occupations                0.484   1.214    9886.1   0.172
Firefighting                                 0.550   1.584   26130.6   0.194
Police                                       0.560   1.644   24450.6   0.325
Guards                                       0.552   1.597   16309.2   0.324
Food Prep    and Service                     0.536   1.496   11403.1   0.771
Health Service                               0.564   1.677   13963.2   0.323
Cleaning and Building Service                0.507   1.330   13216.7   0.398
Personal Service                             0.579   1.784   15304.3   0.363
Farm Managers                                0.523   1.417   17823.3   0.217
Farm Work                                    0.418   0.929   10798.2   0.315
Related Agriculture                          0.475   1.173   11743.5   0.453
Forest, Logging, Fishers and Hunter          0.491   1.248   15424.8   0.154
Mechanics                                    0.504   1.316   17905.2   0.423
Elec. Repairer                               0.522   1.412   18787.2   0.328
Misc. Repairer                               0.508   1.335   18126.2   0.277
Construction Trade                           0.483   1.209   16090.0   0.674
Extractive                                   0.485   1.221   23036.1   0.155
Supervisor(P)                                0.519   1.394   20735.8   0.220
Precision Metal                              0.502   1.305   18191.8   0.190
Precision Wood                               0.491   1.248   13609.5   0.122
Precision, Textile                           0.479   1.192   12124.1   0.100
Precision, Other                             0.547   1.565   16547.9   0.205
Precision, Food                              0.474   1.165   12475.4   0.234
Plant Operator                               0.530   1.460   23723.1   0.140
Metal and Plastic Machine Operator           0.474   1.168   15196.0   0.149
Metal and Plastic Processing Operator        0.497   1.279   15719.3   0.097
Woodworking Machine Operator                 0.480   1.196   15052.6   0.213
Textile Machine Operator                     0.505   1.321   15478.2   0.165
Print Machine Operator                       0.464   1.121   11770.9   0.173
Machine Operator, Other                      0.489   1.237   15365.7   0.376
Fabricators                                  0.485   1.220   15594.6   0.353
Production Inspectors                        0.528   1.446   18896.0   0.224
Motor Vehicle Operator                       0.501   1.301   15640.0   0.504
Non Motor Vehicle Operator                   0.495   1.271   20649.6   0.226
Freight, Stock, Material Handler             0.503   1.311   13096.1   0.506

  MWM = 559921326.131
 
 
=============================================================================
 Summary of Results for w, phi, s, Z from Young WM... (solveWMfor_w_phi.m)
=============================================================================
 
Values for w(i,t) --- wage per unit of human capital
 
                                              1960    1970    1980    1990    2000    2010
------------------------------------------------------------------------------------------
Home                                         14756   18139   16111   15579   18320   17969
Executives, Administrative, and Managerial   18412   22707   22953   24733   29030   27884
Management Related                           19366   23517   22519   24654   27588   29534
Architects                                   24117   28935   23073   25445   27422   28605
Engineers                                    23742   27556   26585   29701   31546   34850
Math and Computer Science                    23240   26398   26224   29109   27767   27241
Natural Science                              21739   25029   23155   24085   24735   27750
Doctors                                      24795   35926   35983   40821   42716   44081
Health Assessment                            22053   26338   24179   28048   29808   34979
Therapists                                   17986   21577   18886   22921   26709   30169
Professors                                   24267   28137   22679   22915   22174   22157
Teachers          Non-Postsecondary          18162   22783   19258   19472   20712   22886
Librarians  and Curators                     17926   22331   18327   18965   19996   20407
Social Scientists and Urban Planners         23360   28628   25850   26801   28043   29688
Social Work                                  13790   17859   16146   17023   18567   19242
Lawyers       and Judges                     27948   36471   32368   42638   43638   50470
Arts and Athletes                            19290   22126   18144   20032   22096   22888
Health Technicians                           14669   19819   17675   18508   20192   21049
Engineering Technicians                      17049   19511   18692   20315   20254   21967
Science Technicians                          16481   19803   19128   19931   20466   21967
Technicians, Other                           17232   23619   21446   23142   31000   32349
Sales, all                                   17065   20932   19925   21335   23235   21170
Secretaries                                  15114   17814   16547   15920   19336   18397
Info. Clerks                                 15075   18499   17737   16958   16945   15660
Records Processing, Non-Financial            18851   22967   16311   16920   16624   17165
Financial Records Processing                 14297   17795   17591   16754   17981   18335
Office Machine Operator                      14838   15017   13926   13780   18132   15150
Computer/Communications Equip. Operator      16061   18380   19247   18885   19855   18400
Mail Distribution                            14785   16485   18941   19265   18017   18391
Scheduling and Distributing Clerks           12758   16232   16328   16062   16198   14920
Adjusters and Investigators                  16513   20522   18993   18932   19582   17765
Misc. Admin Support                          14886   18107   17154   17666   17988   17573
Private Household Occupations                12235   12850   10793   11067   11348    9886
Firefighting                                 14340   18705   18825   21979   23176   26131
Police                                       14353   18831   19345   21009   22340   24451
Guards                                       13081   15873   15225   15206   15678   16309
Food Prep    and Service                     10378   12917   11293   11667   12548   11403
Health Service                                9176   12806   13403   14135   14089   13963
Cleaning and Building Service                 9737   12996   12947   13189   13903   13217
Personal Service                             11711   14223   14316   14194   16485   15304
Farm Managers                                 7955   12758   13327   13315   15295   17823
Farm Work                                     5875    8815   10292   10663   11095   10798
Related Agriculture                          10998   12987   12270   12628   13375   11743
Forest, Logging, Fishers and Hunter           8751   12588   14111   13881   14413   15425
Mechanics                                    12427   15924   16014   16685   17906   17905
Elec. Repairer                               15207   17906   19116   18476   18937   18787
Misc. Repairer                               13568   16516   17369   17077   17613   18126
Construction Trade                           14294   17054   16986   16601   16941   16090
Extractive                                   13499   15330   18690   18211   18972   23036
Supervisor(P)                                16802   19706   20108   20346   20882   20736
Precision Metal                              15173   18278   17831   18341   19104   18192
Precision Wood                               12280   14210   12741   14542   15076   13610
Precision, Textile                           11272   12871   11723   12493   14912   12124
Precision, Other                             14454   18076   15469   16189   16289   16548
Precision, Food                              12801   15523   16147   14642   13903   12475
Plant Operator                               19212   18606   19376   21159   20713   23723
Metal and Plastic Machine Operator           13914   16084   16308   15420   15950   15196
Metal and Plastic Processing Operator        12576   15584   15487   16042   17138   15719
Woodworking Machine Operator                  9801   11728   12629   12446   15740   15053
Textile Machine Operator                     15662   18203   16784   17139   17796   15478
Print Machine Operator                       10055   12212   11266   12733   13131   11771
Machine Operator, Other                      12357   14995   15844   15889   16323   15366
Fabricators                                  13160   15373   15654   15362   16359   15595
Production Inspectors                        14063   16852   17461   17870   18540   18896
Motor Vehicle Operator                       12415   15371   16203   15990   16866   15640
Non Motor Vehicle Operator                   14800   16661   18545   17953   18853   20650
Freight, Stock, Material Handler             10867   13605   14324   13727   14294   13096
 
 
Values for phi(i,t)
 
                                              1960    1970    1980    1990    2000    2010
------------------------------------------------------------------------------------------
Home                                         1.273   1.614   1.684   1.611   1.448   1.800
Executives, Administrative, and Managerial   1.431   1.627   1.962   1.800   1.898   1.948
Management Related                           1.911   1.928   2.210   2.108   2.100   2.230
Architects                                   2.900   3.421   3.064   2.398   2.561   2.642
Engineers                                    2.178   2.302   2.388   2.279   2.313   2.415
Math and Computer Science                    2.448   2.188   2.420   2.260   1.982   1.991
Natural Science                              2.489   2.590   3.046   2.676   3.042   3.096
Doctors                                      3.907   4.084   4.060   4.147   4.136   4.155
Health Assessment                            2.587   2.833   3.193   2.405   2.336   2.644
Therapists                                   2.956   2.616   2.255   2.236   2.500   2.912
Professors                                   5.850   5.679   5.545   5.670   4.922   5.314
Teachers          Non-Postsecondary          2.937   3.245   3.156   2.613   2.646   2.835
Librarians  and Curators                     3.247   3.328   3.400   3.232   3.168   3.631
Social Scientists and Urban Planners         3.057   2.987   3.442   2.974   3.004   2.728
Social Work                                  3.025   2.857   2.876   2.514   2.432   2.493
Lawyers       and Judges                     3.986   4.174   4.300   4.211   4.175   4.180
Arts and Athletes                            2.023   1.922   2.235   2.034   2.097   2.259
Health Technicians                           1.426   1.918   2.125   1.824   1.761   1.775
Engineering Technicians                      1.369   1.446   1.636   1.640   1.588   1.713
Science Technicians                          1.408   1.812   1.815   1.708   1.669   1.798
Technicians, Other                           1.531   1.834   2.213   1.968   2.172   2.213
Sales, all                                   1.470   1.537   1.765   1.651   1.673   1.743
Secretaries                                  1.402   1.495   1.898   1.771   1.828   2.006
Info. Clerks                                 1.310   1.497   1.976   1.794   1.758   1.771
Records Processing, Non-Financial            2.077   2.029   1.701   1.752   1.732   1.943
Financial Records Processing                 1.430   1.478   1.832   1.700   1.695   1.761
Office Machine Operator                      1.296   1.304   1.484   1.399   1.397   1.738
Computer/Communications Equip. Operator      1.143   1.341   1.643   1.627   1.671   1.695
Mail Distribution                            1.239   1.299   1.491   1.453   1.444   1.515
Scheduling and Distributing Clerks           1.023   1.209   1.428   1.391   1.382   1.491
Adjusters and Investigators                  1.746   1.736   2.009   1.829   1.725   1.746
Misc. Admin Support                          1.360   1.446   1.855   1.782   1.802   1.884
Private Household Occupations                0.929   0.982   1.144   1.213   1.249   1.214
Firefighting                                 1.094   1.209   1.453   1.469   1.477   1.584
Police                                       1.166   1.288   1.621   1.527   1.588   1.644
Guards                                       1.043   1.258   1.504   1.476   1.463   1.597
Food Prep    and Service                     0.930   1.079   1.401   1.390   1.377   1.496
Health Service                               1.011   1.401   1.752   1.630   1.607   1.677
Cleaning and Building Service                0.875   1.001   1.233   1.261   1.242   1.330
Personal Service                             1.010   1.015   1.641   1.553   1.698   1.784
Farm Managers                                0.992   1.173   1.439   1.349   1.399   1.417
Farm Work                                    0.660   0.861   1.006   1.047   0.974   0.929
Related Agriculture                          0.867   0.979   1.263   1.217   1.176   1.173
Forest, Logging, Fishers and Hunter          0.790   1.035   1.240   1.177   1.163   1.248
Mechanics                                    0.929   1.034   1.202   1.257   1.256   1.316
Elec. Repairer                               1.126   1.199   1.344   1.385   1.361   1.412
Misc. Repairer                               0.985   1.035   1.267   1.301   1.285   1.335
Construction Trade                           0.970   1.062   1.271   1.239   1.193   1.209
Extractive                                   0.872   0.972   1.138   1.176   1.183   1.221
Supervisor(P)                                1.113   1.215   1.433   1.353   1.360   1.394
Precision Metal                              0.992   1.127   1.243   1.274   1.277   1.305
Precision Wood                               0.922   1.012   1.307   1.252   1.230   1.248
Precision, Textile                           0.809   0.880   1.049   1.151   1.157   1.192
Precision, Other                             0.992   1.189   1.316   1.285   1.465   1.565
Precision, Food                              0.938   1.030   1.164   1.200   1.135   1.165
Plant Operator                               1.478   1.171   1.401   1.384   1.334   1.460
Metal and Plastic Machine Operator           0.860   1.030   1.142   1.173   1.175   1.168
Metal and Plastic Processing Operator        0.893   0.925   1.116   1.197   1.217   1.279
Woodworking Machine Operator                 0.766   0.851   1.124   1.154   1.179   1.196
Textile Machine Operator                     1.072   1.156   1.316   1.293   1.286   1.321
Print Machine Operator                       0.817   0.896   0.996   1.124   1.094   1.121
Machine Operator, Other                      0.879   0.989   1.155   1.205   1.194   1.237
Fabricators                                  0.897   1.015   1.145   1.200   1.208   1.220
Production Inspectors                        1.034   1.205   1.309   1.356   1.397   1.446
Motor Vehicle Operator                       0.880   1.006   1.187   1.233   1.234   1.301
Non Motor Vehicle Operator                   0.946   1.014   1.207   1.216   1.209   1.271
Freight, Stock, Material Handler             0.845   1.019   1.183   1.239   1.227   1.311
 
 
Values for s(i,t)
 
                                              1960    1970    1980    1990    2000    2010
------------------------------------------------------------------------------------------
Home                                         0.496   0.555   0.565   0.555   0.528   0.582
Executives, Administrative, and Managerial   0.525   0.557   0.602   0.582   0.595   0.601
Management Related                           0.596   0.598   0.631   0.620   0.619   0.633
Architects                                   0.691   0.725   0.703   0.649   0.664   0.671
Engineers                                    0.627   0.640   0.648   0.638   0.641   0.651
Math and Computer Science                    0.654   0.628   0.652   0.636   0.605   0.606
Natural Science                              0.658   0.667   0.702   0.674   0.701   0.705
Doctors                                      0.751   0.759   0.758   0.762   0.762   0.762
Health Assessment                            0.667   0.686   0.712   0.650   0.643   0.671
Therapists                                   0.695   0.669   0.635   0.633   0.659   0.692
Professors                                   0.819   0.814   0.811   0.814   0.792   0.804
Teachers          Non-Postsecondary          0.694   0.715   0.709   0.669   0.672   0.687
Librarians  and Curators                     0.715   0.720   0.724   0.714   0.710   0.737
Social Scientists and Urban Planners         0.703   0.698   0.727   0.697   0.699   0.678
Social Work                                  0.700   0.688   0.690   0.660   0.653   0.658
Lawyers       and Judges                     0.755   0.763   0.769   0.765   0.763   0.764
Arts and Athletes                            0.610   0.598   0.633   0.611   0.618   0.636
Health Technicians                           0.524   0.597   0.621   0.585   0.576   0.578
Engineering Technicians                      0.514   0.528   0.558   0.559   0.551   0.570
Science Technicians                          0.521   0.583   0.584   0.569   0.563   0.581
Technicians, Other                           0.542   0.586   0.631   0.603   0.627   0.631
Sales, all                                   0.532   0.543   0.577   0.561   0.564   0.574
Secretaries                                  0.520   0.536   0.594   0.578   0.585   0.608
Info. Clerks                                 0.503   0.536   0.604   0.581   0.576   0.578
Records Processing, Non-Financial            0.616   0.611   0.568   0.575   0.572   0.600
Financial Records Processing                 0.525   0.533   0.586   0.568   0.567   0.576
Office Machine Operator                      0.500   0.502   0.534   0.519   0.519   0.573
Computer/Communications Equip. Operator      0.469   0.509   0.559   0.557   0.563   0.567
Mail Distribution                            0.489   0.501   0.535   0.529   0.527   0.539
Scheduling and Distributing Clerks           0.441   0.483   0.525   0.518   0.516   0.535
Adjusters and Investigators                  0.574   0.573   0.608   0.586   0.571   0.574
Misc. Admin Support                          0.512   0.528   0.589   0.579   0.582   0.593
Private Household Occupations                0.418   0.431   0.469   0.484   0.491   0.484
Firefighting                                 0.458   0.483   0.529   0.532   0.533   0.550
Police                                       0.474   0.499   0.556   0.541   0.551   0.560
Guards                                       0.446   0.493   0.537   0.533   0.531   0.552
Food Prep    and Service                     0.418   0.455   0.520   0.518   0.515   0.536
Health Service                               0.439   0.520   0.575   0.557   0.554   0.564
Cleaning and Building Service                0.403   0.436   0.488   0.493   0.490   0.507
Personal Service                             0.438   0.439   0.559   0.545   0.567   0.579
Farm Managers                                0.434   0.475   0.526   0.510   0.519   0.523
Farm Work                                    0.338   0.399   0.437   0.447   0.429   0.418
Related Agriculture                          0.401   0.431   0.494   0.485   0.476   0.475
Forest, Logging, Fishers and Hunter          0.379   0.444   0.489   0.476   0.473   0.491
Mechanics                                    0.418   0.444   0.482   0.493   0.493   0.504
Elec. Repairer                               0.465   0.481   0.509   0.517   0.513   0.522
Misc. Repairer                               0.432   0.444   0.495   0.501   0.498   0.508
Construction Trade                           0.428   0.451   0.495   0.489   0.480   0.483
Extractive                                   0.402   0.429   0.468   0.476   0.477   0.485
Supervisor(P)                                0.462   0.484   0.525   0.511   0.512   0.519
Precision Metal                              0.434   0.465   0.490   0.496   0.497   0.502
Precision Wood                               0.416   0.439   0.502   0.492   0.487   0.491
Precision, Textile                           0.385   0.405   0.448   0.471   0.472   0.479
Precision, Other                             0.434   0.479   0.504   0.498   0.531   0.547
Precision, Food                              0.420   0.443   0.473   0.481   0.467   0.474
Plant Operator                               0.533   0.475   0.520   0.517   0.508   0.530
Metal and Plastic Machine Operator           0.399   0.443   0.469   0.475   0.476   0.474
Metal and Plastic Processing Operator        0.408   0.417   0.463   0.480   0.485   0.497
Woodworking Machine Operator                 0.372   0.397   0.465   0.471   0.477   0.480
Textile Machine Operator                     0.453   0.472   0.504   0.500   0.498   0.505
Print Machine Operator                       0.387   0.409   0.435   0.465   0.458   0.464
Machine Operator, Other                      0.405   0.433   0.472   0.482   0.480   0.489
Fabricators                                  0.409   0.440   0.469   0.481   0.483   0.485
Production Inspectors                        0.444   0.482   0.503   0.512   0.519   0.528
Motor Vehicle Operator                       0.405   0.437   0.478   0.488   0.488   0.501
Non Motor Vehicle Operator                   0.422   0.439   0.483   0.484   0.483   0.495
Freight, Stock, Material Handler             0.395   0.440   0.478   0.489   0.487   0.503
 
 
Values for ZWM(i,t)
 
                                              1960    1970    1980    1990    2000    2010
------------------------------------------------------------------------------------------
Home                                         1.000   1.000   1.000   1.000   1.000   1.000
Executives, Administrative, and Managerial   0.876   0.854   0.833   0.694   0.670   0.575
Management Related                           0.741   0.522   0.676   0.568   0.591   0.481
Architects                                   0.208   0.229   0.287   0.211   0.221   0.157
Engineers                                    0.683   0.605   0.531   0.481   0.448   0.335
Math and Computer Science                    0.191   0.323   0.312   0.326   0.449   0.385
Natural Science                              0.447   0.394   0.411   0.331   0.405   0.303
Doctors                                      0.653   0.473   0.459   0.390   0.364   0.281
Health Assessment                            0.317   0.284   0.354   0.227   0.240   0.207
Therapists                                   0.210   0.200   0.265   0.195   0.241   0.210
Professors                                   0.663   0.789   0.678   0.574   0.652   0.641
Teachers          Non-Postsecondary          0.894   0.882   0.886   0.555   0.666   0.584
Librarians  and Curators                     0.164   0.193   0.241   0.192   0.181   0.158
Social Scientists and Urban Planners         0.271   0.295   0.338   0.252   0.235   0.202
Social Work                                  0.786   0.572   0.595   0.429   0.423   0.373
Lawyers       and Judges                     0.506   0.452   0.547   0.387   0.389   0.279
Arts and Athletes                            0.544   0.431   0.552   0.483   0.514   0.436
Health Technicians                           0.247   0.240   0.317   0.290   0.307   0.266
Engineering Technicians                      0.478   0.481   0.452   0.411   0.349   0.263
Science Technicians                          0.363   0.230   0.229   0.198   0.163   0.136
Technicians, Other                           0.285   0.372   0.481   0.462   0.438   0.340
Sales, all                                   0.945   0.759   0.842   0.799   0.774   0.702
Secretaries                                  0.241   0.216   0.187   0.178   0.211   0.215
Info. Clerks                                 0.213   0.224   0.237   0.240   0.257   0.256
Records Processing, Non-Financial            0.299   0.338   0.270   0.219   0.220   0.209
Financial Records Processing                 0.368   0.337   0.293   0.255   0.248   0.215
Office Machine Operator                      0.279   0.170   0.105   0.111   0.117   0.092
Computer/Communications Equip. Operator      0.139   0.239   0.284   0.272   0.192   0.135
Mail Distribution                            0.381   0.308   0.295   0.273   0.249   0.198
Scheduling and Distributing Clerks           0.484   0.451   0.467   0.458   0.494   0.469
Adjusters and Investigators                  0.321   0.348   0.303   0.303   0.418   0.410
Misc. Admin Support                          0.698   0.427   0.392   0.359   0.338   0.317
Private Household Occupations                0.169   0.182   0.194   0.187   0.172   0.172
Firefighting                                 0.302   0.257   0.261   0.217   0.234   0.194
Police                                       0.423   0.377   0.409   0.352   0.432   0.325
Guards                                       0.249   0.231   0.306   0.326   0.318   0.324
Food Prep    and Service                     0.416   0.356   0.516   0.592   0.659   0.771
Health Service                               0.274   0.233   0.310   0.284   0.294   0.323
Cleaning and Building Service                0.303   0.348   0.458   0.473   0.411   0.398
Personal Service                             0.394   0.356   0.332   0.299   0.360   0.363
Farm Managers                                0.943   0.522   0.497   0.411   0.300   0.217
Farm Work                                    0.691   0.447   0.383   0.341   0.309   0.315
Related Agriculture                          0.220   0.248   0.316   0.385   0.423   0.453
Forest, Logging, Fishers and Hunter          0.283   0.214   0.229   0.214   0.214   0.154
Mechanics                                    0.568   0.560   0.566   0.559   0.543   0.423
Elec. Repairer                               0.494   0.429   0.367   0.345   0.394   0.328
Misc. Repairer                               0.604   0.445   0.361   0.368   0.342   0.277
Construction Trade                           0.697   0.668   0.756   0.785   0.790   0.674
Extractive                                   0.326   0.220   0.209   0.170   0.137   0.155
Supervisor(P)                                0.484   0.469   0.454   0.350   0.335   0.220
Precision Metal                              0.488   0.390   0.366   0.353   0.287   0.190
Precision Wood                               0.186   0.166   0.205   0.174   0.169   0.122
Precision, Textile                           0.217   0.195   0.170   0.170   0.127   0.100
Precision, Other                             0.249   0.158   0.225   0.214   0.218   0.205
Precision, Food                              0.325   0.289   0.241   0.253   0.245   0.234
Plant Operator                               0.340   0.188   0.219   0.215   0.176   0.140
Metal and Plastic Machine Operator           0.268   0.383   0.312   0.239   0.209   0.149
Metal and Plastic Processing Operator        0.180   0.168   0.190   0.167   0.158   0.097
Woodworking Machine Operator                 0.210   0.177   0.198   0.203   0.301   0.213
Textile Machine Operator                     0.329   0.288   0.258   0.274   0.230   0.165
Print Machine Operator                       0.283   0.316   0.251   0.256   0.239   0.173
Machine Operator, Other                      0.904   0.660   0.521   0.477   0.444   0.376
Fabricators                                  0.471   0.460   0.479   0.469   0.439   0.353
Production Inspectors                        0.348   0.348   0.291   0.276   0.276   0.224
Motor Vehicle Operator                       0.764   0.615   0.601   0.612   0.608   0.504
Non Motor Vehicle Operator                   0.412   0.363   0.361   0.300   0.284   0.226
Freight, Stock, Material Handler             0.759   0.569   0.544   0.571   0.506   0.506
 
 
WageBarHomeY(g,t):
 
               1960    1970    1980    1990    2000    2010
-----------------------------------------------------------
White Men     29602   35068   30147   29637   36650   33905
White Women   29602   35068   30147   29637   36650   33905
Black Men     29602   35068   30147   29637   36650   33905
Black Women   29602   35068   30147   29637   36650   33905
 
 
 
>>> Calling GetTExperience: Loop = 1
 
 
===========================================================
GetTExperience.m:
Fixing tauhat_y missing values --> tauhat_y_cleaned (just for robustness cases)
 -- Use first non-missing value
 
===========================================================
 
*********************
White Women
*********************
 
tauhat_y_cleaned Firefighting     NaN  0.9284  1.2050  1.1922  1.1422  1.0932
tauhat_y_cleaned Firefighting  0.9284  0.9284  1.2050  1.1922  1.1422  1.0932
tauhat_y_cleaned Forest     NaN  1.3495  1.1989  1.0825  1.1869  0.9686
tauhat_y_cleaned Forest  1.3495  1.3495  1.1989  1.0825  1.1869  0.9686
 
*********************
Black Men
*********************
 
tauhat_y_cleaned Architects     NaN  1.1167  1.1298  1.0875  1.1333  1.1511
tauhat_y_cleaned Architects  1.1167  1.1167  1.1298  1.0875  1.1333  1.1511
tauhat_y_cleaned Librarians     NaN  1.2220  0.9999  1.0105  0.9785  0.9903
tauhat_y_cleaned Librarians  1.2220  1.2220  0.9999  1.0105  0.9785  0.9903
 
*********************
Black Women
*********************
 
tauhat_y_cleaned Architects     NaN     NaN  0.7790  1.0914  1.0631  0.6516
tauhat_y_cleaned Architects  0.7790  0.7790  0.7790  1.0914  1.0631  0.6516
tauhat_y_cleaned Engineers     NaN     NaN  1.2741  1.1305  1.0851  1.0679
tauhat_y_cleaned Engineers  1.2741  1.2741  1.2741  1.1305  1.0851  1.0679
tauhat_y_cleaned Math/CompSci     NaN  1.3031  1.3058  1.2775  1.2263  1.1776
tauhat_y_cleaned Math/CompSci  1.3031  1.3031  1.3058  1.2775  1.2263  1.1776
tauhat_y_cleaned Science     NaN  1.2690  1.2250  1.0931  1.0534  1.0829
tauhat_y_cleaned Science  1.2690  1.2690  1.2250  1.0931  1.0534  1.0829
tauhat_y_cleaned Eng.Techs     NaN  1.4428  1.3061  1.2790  1.1160  1.1190
tauhat_y_cleaned Eng.Techs  1.4428  1.4428  1.3061  1.2790  1.1160  1.1190
tauhat_y_cleaned OtherTechs     NaN  1.1910  1.2781  1.2305  1.3164  1.3633
tauhat_y_cleaned OtherTechs  1.1910  1.1910  1.2781  1.2305  1.3164  1.3633
tauhat_y_cleaned Firefighting     NaN     NaN  1.0724  1.4545  1.3176  1.2362
tauhat_y_cleaned Firefighting  1.0724  1.0724  1.0724  1.4545  1.3176  1.2362
tauhat_y_cleaned Police     NaN  1.3180  1.3495  1.1531  1.2228  1.2548
tauhat_y_cleaned Police  1.3180  1.3180  1.3495  1.1531  1.2228  1.2548
tauhat_y_cleaned FarmMgrs  5.2034  1.9193  2.6605  1.7130     NaN  1.7305
tauhat_y_cleaned FarmMgrs  5.2034  1.9193  2.6605  1.7130  1.7217  1.7305
tauhat_y_cleaned Agriculture     NaN  1.4443  1.5791  1.3684  1.1550  1.0393
tauhat_y_cleaned Agriculture  1.4443  1.4443  1.5791  1.3684  1.1550  1.0393
tauhat_y_cleaned Forest     NaN  1.3794  1.3254  1.2039  1.0103     NaN
tauhat_y_cleaned Forest  1.3794  1.3794  1.3254  1.2039  1.0103  1.0103
tauhat_y_cleaned Mechanics     NaN  1.9495  1.2261  1.1068  1.1321  1.1275
tauhat_y_cleaned Mechanics  1.9495  1.9495  1.2261  1.1068  1.1321  1.1275
tauhat_y_cleaned Elec.Repairer     NaN  2.1252  1.3090  1.0384  0.9924  1.0979
tauhat_y_cleaned Elec.Repairer  2.1252  2.1252  1.3090  1.0384  0.9924  1.0979
tauhat_y_cleaned Extractive     NaN  1.4011  2.5577  1.2137     NaN  1.8281
tauhat_y_cleaned Extractive  1.4011  1.4011  2.5577  1.2137  1.5209  1.8281
tauhat_y_cleaned MetalWork     NaN  1.2791  1.6114  1.3712  1.1908  1.4296
tauhat_y_cleaned MetalWork  1.2791  1.2791  1.6114  1.3712  1.1908  1.4296
tauhat_y_cleaned WoodWork     NaN  1.5324  1.8340  1.7206  1.4260  1.4929
tauhat_y_cleaned WoodWork  1.5324  1.5324  1.8340  1.7206  1.4260  1.4929
tauhat_y_cleaned PlantOperator     NaN     NaN  1.3547  1.5500  1.2365  1.2203
tauhat_y_cleaned PlantOperator  1.3547  1.3547  1.3547  1.5500  1.2365  1.2203
tauhat_y_cleaned MetalMach.     NaN  1.4173  1.4936  1.4851  1.3651  1.7221
tauhat_y_cleaned MetalMach.  1.4173  1.4173  1.4936  1.4851  1.3651  1.7221
tauhat_y_cleaned MetalProc.     NaN  1.7596  1.6355  1.4851  1.3945  1.3112
tauhat_y_cleaned MetalProc.  1.7596  1.7596  1.6355  1.4851  1.3945  1.3112
tauhat_y_cleaned WoodMach.     NaN  1.7469  1.4107  1.3535  1.2520  1.1294
tauhat_y_cleaned WoodMach.  1.7469  1.7469  1.4107  1.3535  1.2520  1.1294
tauhat_y_cleaned TextileMach.     NaN  1.5758  1.7358  1.3826  1.4813  1.3179
tauhat_y_cleaned TextileMach.  1.5758  1.5758  1.7358  1.3826  1.4813  1.3179
 
GetTExperience.m:
                     TigYMO for               --- 1960 ---      and    --- 1990 ---
Home                                         1.00   1.29   1.62        1.00   1.40   1.66
Executives, Administrative, and Managerial   1.00   1.29   1.62        1.00   1.40   1.66
Management Related                           1.00   1.29   1.62        1.00   1.40   1.66
Architects                                   1.00   1.29   1.62        1.00   1.40   1.66
Engineers                                    1.00   1.29   1.62        1.00   1.40   1.66
Math and Computer Science                    1.00   1.29   1.62        1.00   1.40   1.66
Natural Science                              1.00   1.29   1.62        1.00   1.40   1.66
Doctors                                      1.00   1.29   1.62        1.00   1.40   1.66
Health Assessment                            1.00   1.29   1.62        1.00   1.40   1.66
Therapists                                   1.00   1.29   1.62        1.00   1.40   1.66
Professors                                   1.00   1.29   1.62        1.00   1.40   1.66
Teachers          Non-Postsecondary          1.00   1.29   1.62        1.00   1.40   1.66
Librarians  and Curators                     1.00   1.29   1.62        1.00   1.40   1.66
Social Scientists and Urban Planners         1.00   1.29   1.62        1.00   1.40   1.66
Social Work                                  1.00   1.29   1.62        1.00   1.40   1.66
Lawyers       and Judges                     1.00   1.29   1.62        1.00   1.40   1.66
Arts and Athletes                            1.00   1.29   1.62        1.00   1.40   1.66
Health Technicians                           1.00   1.29   1.62        1.00   1.40   1.66
Engineering Technicians                      1.00   1.29   1.62        1.00   1.40   1.66
Science Technicians                          1.00   1.29   1.62        1.00   1.40   1.66
Technicians, Other                           1.00   1.29   1.62        1.00   1.40   1.66
Sales, all                                   1.00   1.29   1.62        1.00   1.40   1.66
Secretaries                                  1.00   1.29   1.62        1.00   1.40   1.66
Info. Clerks                                 1.00   1.29   1.62        1.00   1.40   1.66
Records Processing, Non-Financial            1.00   1.29   1.62        1.00   1.40   1.66
Financial Records Processing                 1.00   1.29   1.62        1.00   1.40   1.66
Office Machine Operator                      1.00   1.29   1.62        1.00   1.40   1.66
Computer/Communications Equip. Operator      1.00   1.29   1.62        1.00   1.40   1.66
Mail Distribution                            1.00   1.29   1.62        1.00   1.40   1.66
Scheduling and Distributing Clerks           1.00   1.29   1.62        1.00   1.40   1.66
Adjusters and Investigators                  1.00   1.29   1.62        1.00   1.40   1.66
Misc. Admin Support                          1.00   1.29   1.62        1.00   1.40   1.66
Private Household Occupations                1.00   1.29   1.62        1.00   1.40   1.66
Firefighting                                 1.00   1.29   1.62        1.00   1.40   1.66
Police                                       1.00   1.29   1.62        1.00   1.40   1.66
Guards                                       1.00   1.29   1.62        1.00   1.40   1.66
Food Prep    and Service                     1.00   1.29   1.62        1.00   1.40   1.66
Health Service                               1.00   1.29   1.62        1.00   1.40   1.66
Cleaning and Building Service                1.00   1.29   1.62        1.00   1.40   1.66
Personal Service                             1.00   1.29   1.62        1.00   1.40   1.66
Farm Managers                                1.00   1.29   1.62        1.00   1.40   1.66
Farm Work                                    1.00   1.29   1.62        1.00   1.40   1.66
Related Agriculture                          1.00   1.29   1.62        1.00   1.40   1.66
Forest, Logging, Fishers and Hunter          1.00   1.29   1.62        1.00   1.40   1.66
Mechanics                                    1.00   1.29   1.62        1.00   1.40   1.66
Elec. Repairer                               1.00   1.29   1.62        1.00   1.40   1.66
Misc. Repairer                               1.00   1.29   1.62        1.00   1.40   1.66
Construction Trade                           1.00   1.29   1.62        1.00   1.40   1.66
Extractive                                   1.00   1.29   1.62        1.00   1.40   1.66
Supervisor(P)                                1.00   1.29   1.62        1.00   1.40   1.66
Precision Metal                              1.00   1.29   1.62        1.00   1.40   1.66
Precision Wood                               1.00   1.29   1.62        1.00   1.40   1.66
Precision, Textile                           1.00   1.29   1.62        1.00   1.40   1.66
Precision, Other                             1.00   1.29   1.62        1.00   1.40   1.66
Precision, Food                              1.00   1.29   1.62        1.00   1.40   1.66
Plant Operator                               1.00   1.29   1.62        1.00   1.40   1.66
Metal and Plastic Machine Operator           1.00   1.29   1.62        1.00   1.40   1.66
Metal and Plastic Processing Operator        1.00   1.29   1.62        1.00   1.40   1.66
Woodworking Machine Operator                 1.00   1.29   1.62        1.00   1.40   1.66
Textile Machine Operator                     1.00   1.29   1.62        1.00   1.40   1.66
Print Machine Operator                       1.00   1.29   1.62        1.00   1.40   1.66
Machine Operator, Other                      1.00   1.29   1.62        1.00   1.40   1.66
Fabricators                                  1.00   1.29   1.62        1.00   1.40   1.66
Production Inspectors                        1.00   1.29   1.62        1.00   1.40   1.66
Motor Vehicle Operator                       1.00   1.29   1.62        1.00   1.40   1.66
Non Motor Vehicle Operator                   1.00   1.29   1.62        1.00   1.40   1.66
Freight, Stock, Material Handler             1.00   1.29   1.62        1.00   1.40   1.66
 
Values for occupation 8:
ans =

   1.0000   1.2903   1.6180
   1.0000   1.4262   1.5952
   1.0000   1.2981   1.4801
   1.0000   1.4047   1.6647
   1.0000   1.4577        0
   1.0000   1.0000   1.0000

 
Tbar and TbarHat by Group and Years for Doctors
ans =

   3.9083   4.0214   3.7782   4.0694   4.1851   4.1851
   3.9083   4.0214   3.7782   4.0694   4.1851   4.1851
   3.9083   4.0214   3.7782   4.0694   4.1851   4.1851
   3.9083   4.0214   3.7782   4.0694   4.1851   4.1851

ans =

   1   1   1   1   1   1
   1   1   1   1   1   1
   1   1   1   1   1   1
   1   1   1   1   1   1

 
Tbar and TbarHat by Group and Years for Secretaries
ans =

   3.9083   4.0214   3.7782   4.0694   4.1851   4.1851
   3.9083   4.0214   3.7782   4.0694   4.1851   4.1851
   3.9083   4.0214   3.7782   4.0694   4.1851   4.1851
   3.9083   4.0214   3.7782   4.0694   4.1851   4.1851

ans =

   1   1   1   1   1   1
   1   1   1   1   1   1
   1   1   1   1   1   1
   1   1   1   1   1   1

 
Tbar and TbarHat by Group and Years for Farm
ans =

   3.9083   4.0214   3.7782   4.0694   4.1851   4.1851
   3.9083   4.0214   3.7782   4.0694   4.1851   4.1851
   3.9083   4.0214   3.7782   4.0694   4.1851   4.1851
   3.9083   4.0214   3.7782   4.0694   4.1851   4.1851

ans =

   1   1   1   1   1   1
   1   1   1   1   1   1
   1   1   1   1   1   1
   1   1   1   1   1   1

 
 
-------------------------------------------------------------
Estimating w and Z from YWM:   1960
-------------------------------------------------------------
 
                                                 s     phi         w     zWM
----------------------------------------------------------------------------
Home                                         0.496   1.273   14757.3   1.000
Executives, Administrative, and Managerial   0.525   1.431   18413.0   0.876
Management Related                           0.596   1.911   19367.0   0.741
Architects                                   0.691   2.900   24118.2   0.208
Engineers                                    0.627   2.178   23743.7   0.683
Math and Computer Science                    0.654   2.448   23241.7   0.191
Natural Science                              0.658   2.489   21740.6   0.447
Doctors                                      0.751   3.907   24796.5   0.653
Health Assessment                            0.667   2.587   22055.0   0.317
Therapists                                   0.695   2.956   17986.9   0.210
Professors                                   0.819   5.850   24268.8   0.663
Teachers          Non-Postsecondary          0.694   2.937   18163.4   0.894
Librarians  and Curators                     0.715   3.247   17927.6   0.164
Social Scientists and Urban Planners         0.703   3.057   23361.4   0.271
Social Work                                  0.700   3.025   13790.9   0.786
Lawyers       and Judges                     0.755   3.986   27949.8   0.506
Arts and Athletes                            0.610   2.023   19291.7   0.544
Health Technicians                           0.524   1.426   14670.2   0.247
Engineering Technicians                      0.514   1.369   17049.9   0.478
Science Technicians                          0.521   1.408   16482.6   0.363
Technicians, Other                           0.542   1.531   17233.6   0.285
Sales, all                                   0.532   1.470   17066.5   0.945
Secretaries                                  0.520   1.402   15115.0   0.241
Info. Clerks                                 0.503   1.310   15075.6   0.213
Records Processing, Non-Financial            0.616   2.077   18852.5   0.299
Financial Records Processing                 0.525   1.430   14298.3   0.368
Office Machine Operator                      0.500   1.296   14839.1   0.279
Computer/Communications Equip. Operator      0.469   1.143   16061.8   0.139
Mail Distribution                            0.489   1.239   14786.5   0.381
Scheduling and Distributing Clerks           0.441   1.023   12759.4   0.484
Adjusters and Investigators                  0.574   1.746   16513.8   0.321
Misc. Admin Support                          0.512   1.360   14887.0   0.698
Private Household Occupations                0.418   0.929   12235.5   0.169
Firefighting                                 0.458   1.094   14340.8   0.302
Police                                       0.474   1.166   14354.4   0.423
Guards                                       0.446   1.043   13082.4   0.249
Food Prep    and Service                     0.418   0.930   10378.3   0.416
Health Service                               0.439   1.011    9177.1   0.274
Cleaning and Building Service                0.403   0.875    9737.9   0.303
Personal Service                             0.438   1.010   11711.6   0.394
Farm Managers                                0.434   0.992    7955.8   0.943
Farm Work                                    0.338   0.660    5875.9   0.691
Related Agriculture                          0.401   0.867   10998.8   0.220
Forest, Logging, Fishers and Hunter          0.379   0.790    8751.6   0.283
Mechanics                                    0.418   0.929   12427.6   0.568
Elec. Repairer                               0.465   1.126   15208.0   0.494
Misc. Repairer                               0.432   0.985   13568.9   0.604
Construction Trade                           0.428   0.970   14294.8   0.697
Extractive                                   0.402   0.872   13500.4   0.326
Supervisor(P)                                0.462   1.113   16803.5   0.484
Precision Metal                              0.434   0.992   15174.3   0.488
Precision Wood                               0.416   0.922   12281.1   0.186
Precision, Textile                           0.385   0.809   11272.7   0.217
Precision, Other                             0.434   0.992   14454.9   0.249
Precision, Food                              0.420   0.938   12801.6   0.325
Plant Operator                               0.533   1.478   19213.8   0.340
Metal and Plastic Machine Operator           0.399   0.860   13914.9   0.268
Metal and Plastic Processing Operator        0.408   0.893   12577.0   0.180
Woodworking Machine Operator                 0.372   0.766    9801.5   0.210
Textile Machine Operator                     0.453   1.072   15663.2   0.329
Print Machine Operator                       0.387   0.817   10056.1   0.283
Machine Operator, Other                      0.405   0.879   12357.7   0.904
Fabricators                                  0.409   0.897   13161.2   0.471
Production Inspectors                        0.444   1.034   14064.3   0.348
Motor Vehicle Operator                       0.405   0.880   12416.2   0.764
Non Motor Vehicle Operator                   0.422   0.946   14801.4   0.412
Freight, Stock, Material Handler             0.395   0.845   10867.3   0.759

  MWM = 1097191634.996
 
 
-------------------------------------------------------------
Estimating w and Z from YWM:   1970
-------------------------------------------------------------
 
                                                 s     phi         w     zWM
----------------------------------------------------------------------------
Home                                         0.555   1.614   18143.3   1.000
Executives, Administrative, and Managerial   0.557   1.627   22712.6   0.854
Management Related                           0.598   1.928   23523.1   0.522
Architects                                   0.725   3.421   28941.9   0.229
Engineers                                    0.640   2.302   27562.6   0.605
Math and Computer Science                    0.628   2.188   26404.9   0.323
Natural Science                              0.667   2.590   25034.9   0.394
Doctors                                      0.759   4.084   35935.2   0.473
Health Assessment                            0.686   2.833   26344.4   0.284
Therapists                                   0.669   2.616   21582.7   0.200
Professors                                   0.814   5.679   28144.0   0.789
Teachers          Non-Postsecondary          0.715   3.245   22789.2   0.882
Librarians  and Curators                     0.720   3.328   22336.6   0.193
Social Scientists and Urban Planners         0.698   2.987   28635.7   0.295
Social Work                                  0.688   2.857   17863.4   0.572
Lawyers       and Judges                     0.763   4.174   36480.6   0.452
Arts and Athletes                            0.598   1.922   22131.3   0.431
Health Technicians                           0.597   1.918   19824.6   0.240
Engineering Technicians                      0.528   1.446   19515.8   0.481
Science Technicians                          0.583   1.812   19807.7   0.230
Technicians, Other                           0.586   1.834   23625.0   0.372
Sales, all                                   0.543   1.537   20937.7   0.759
Secretaries                                  0.536   1.495   17818.7   0.216
Info. Clerks                                 0.536   1.497   18503.4   0.224
Records Processing, Non-Financial            0.611   2.029   22972.9   0.338
Financial Records Processing                 0.533   1.478   17799.3   0.337
Office Machine Operator                      0.502   1.304   15020.4   0.170
Computer/Communications Equip. Operator      0.509   1.341   18385.1   0.239
Mail Distribution                            0.501   1.299   16489.3   0.308
Scheduling and Distributing Clerks           0.483   1.209   16236.5   0.451
Adjusters and Investigators                  0.573   1.736   20526.8   0.348
Misc. Admin Support                          0.528   1.446   18111.3   0.427
Private Household Occupations                0.431   0.982   12853.3   0.182
Firefighting                                 0.483   1.209   18709.3   0.257
Police                                       0.499   1.288   18835.4   0.377
Guards                                       0.493   1.258   15876.9   0.231
Food Prep    and Service                     0.455   1.079   12919.9   0.356
Health Service                               0.520   1.401   12809.2   0.233
Cleaning and Building Service                0.436   1.001   12999.1   0.348
Personal Service                             0.439   1.015   14227.1   0.356
Farm Managers                                0.475   1.173   12761.4   0.522
Farm Work                                    0.399   0.861    8817.0   0.447
Related Agriculture                          0.431   0.979   12990.2   0.248
Forest, Logging, Fishers and Hunter          0.444   1.035   12591.3   0.214
Mechanics                                    0.444   1.034   15927.8   0.560
Elec. Repairer                               0.481   1.199   17910.3   0.429
Misc. Repairer                               0.444   1.035   16520.3   0.445
Construction Trade                           0.451   1.062   17058.2   0.668
Extractive                                   0.429   0.972   15334.2   0.220
Supervisor(P)                                0.484   1.215   19710.7   0.469
Precision Metal                              0.465   1.127   18282.7   0.390
Precision Wood                               0.439   1.012   14214.1   0.166
Precision, Textile                           0.405   0.880   12873.9   0.195
Precision, Other                             0.479   1.189   18081.0   0.158
Precision, Food                              0.443   1.030   15527.1   0.289
Plant Operator                               0.475   1.171   18610.6   0.188
Metal and Plastic Machine Operator           0.443   1.030   16088.5   0.383
Metal and Plastic Processing Operator        0.417   0.925   15588.0   0.168
Woodworking Machine Operator                 0.397   0.851   11730.6   0.177
Textile Machine Operator                     0.472   1.156   18207.3   0.288
Print Machine Operator                       0.409   0.896   12215.1   0.316
Machine Operator, Other                      0.433   0.989   14999.0   0.660
Fabricators                                  0.440   1.015   15376.6   0.460
Production Inspectors                        0.482   1.205   16856.3   0.348
Motor Vehicle Operator                       0.437   1.006   15374.9   0.615
Non Motor Vehicle Operator                   0.439   1.014   16665.7   0.363
Freight, Stock, Material Handler             0.440   1.019   13608.3   0.569

  MWM = 996594473.418
 
 
-------------------------------------------------------------
Estimating w and Z from YWM:   1980
-------------------------------------------------------------
 
                                                 s     phi         w     zWM
----------------------------------------------------------------------------
Home                                         0.565   1.684   16099.4   1.000
Executives, Administrative, and Managerial   0.602   1.962   22935.9   0.833
Management Related                           0.631   2.210   22502.5   0.676
Architects                                   0.703   3.064   23056.2   0.287
Engineers                                    0.648   2.388   26565.7   0.531
Math and Computer Science                    0.652   2.420   26205.2   0.312
Natural Science                              0.702   3.046   23137.6   0.411
Doctors                                      0.758   4.060   35956.4   0.459
Health Assessment                            0.712   3.193   24161.7   0.354
Therapists                                   0.635   2.255   18871.8   0.265
Professors                                   0.811   5.545   22662.6   0.678
Teachers          Non-Postsecondary          0.709   3.156   19244.1   0.886
Librarians  and Curators                     0.724   3.400   18313.5   0.241
Social Scientists and Urban Planners         0.727   3.442   25830.6   0.338
Social Work                                  0.690   2.876   16133.9   0.595
Lawyers       and Judges                     0.769   4.300   32343.8   0.547
Arts and Athletes                            0.633   2.235   18130.5   0.552
Health Technicians                           0.621   2.125   17661.5   0.317
Engineering Technicians                      0.558   1.636   18677.8   0.452
Science Technicians                          0.584   1.815   19113.8   0.229
Technicians, Other                           0.631   2.213   21429.8   0.481
Sales, all                                   0.577   1.765   19910.4   0.842
Secretaries                                  0.594   1.898   16534.7   0.187
Info. Clerks                                 0.604   1.976   17724.3   0.237
Records Processing, Non-Financial            0.568   1.701   16298.7   0.270
Financial Records Processing                 0.586   1.832   17578.6   0.293
Office Machine Operator                      0.534   1.484   13915.5   0.105
Computer/Communications Equip. Operator      0.559   1.643   19232.6   0.284
Mail Distribution                            0.535   1.491   18927.2   0.295
Scheduling and Distributing Clerks           0.525   1.428   16315.7   0.467
Adjusters and Investigators                  0.608   2.009   18979.0   0.303
Misc. Admin Support                          0.589   1.855   17141.5   0.392
Private Household Occupations                0.469   1.144   10785.4   0.194
Firefighting                                 0.529   1.453   18811.6   0.261
Police                                       0.556   1.621   19330.7   0.409
Guards                                       0.537   1.504   15213.4   0.306
Food Prep    and Service                     0.520   1.401   11284.7   0.516
Health Service                               0.575   1.752   13392.9   0.310
Cleaning and Building Service                0.488   1.233   12937.5   0.458
Personal Service                             0.559   1.641   14305.4   0.332
Farm Managers                                0.526   1.439   13317.1   0.497
Farm Work                                    0.437   1.006   10284.6   0.383
Related Agriculture                          0.494   1.263   12261.3   0.316
Forest, Logging, Fishers and Hunter          0.489   1.240   14100.9   0.229
Mechanics                                    0.482   1.202   16001.8   0.566
Elec. Repairer                               0.509   1.344   19102.4   0.367
Misc. Repairer                               0.495   1.267   17355.8   0.361
Construction Trade                           0.495   1.271   16973.9   0.756
Extractive                                   0.468   1.138   18676.4   0.209
Supervisor(P)                                0.525   1.433   20093.0   0.454
Precision Metal                              0.490   1.243   17817.4   0.366
Precision Wood                               0.502   1.307   12732.1   0.205
Precision, Textile                           0.448   1.049   11714.1   0.170
Precision, Other                             0.504   1.316   15458.1   0.225
Precision, Food                              0.473   1.164   16134.7   0.241
Plant Operator                               0.520   1.401   19361.9   0.219
Metal and Plastic Machine Operator           0.469   1.142   16296.5   0.312
Metal and Plastic Processing Operator        0.463   1.116   15475.7   0.190
Woodworking Machine Operator                 0.465   1.124   12620.1   0.198
Textile Machine Operator                     0.504   1.316   16772.0   0.258
Print Machine Operator                       0.435   0.996   11258.0   0.251
Machine Operator, Other                      0.472   1.155   15832.1   0.521
Fabricators                                  0.469   1.145   15642.2   0.479
Production Inspectors                        0.503   1.309   17448.2   0.291
Motor Vehicle Operator                       0.478   1.187   16190.6   0.601
Non Motor Vehicle Operator                   0.483   1.207   18531.8   0.361
Freight, Stock, Material Handler             0.478   1.183   14313.5   0.544

  MWM = 671269764.057
 
 
-------------------------------------------------------------
Estimating w and Z from YWM:   1990
-------------------------------------------------------------
 
                                                 s     phi         w     zWM
----------------------------------------------------------------------------
Home                                         0.555   1.611   15575.7   1.000
Executives, Administrative, and Managerial   0.582   1.800   24727.5   0.694
Management Related                           0.620   2.108   24648.5   0.568
Architects                                   0.649   2.398   25438.5   0.211
Engineers                                    0.638   2.279   29693.4   0.481
Math and Computer Science                    0.636   2.260   29102.1   0.326
Natural Science                              0.674   2.676   24079.5   0.331
Doctors                                      0.762   4.147   40811.5   0.390
Health Assessment                            0.650   2.405   28041.1   0.227
Therapists                                   0.633   2.236   22915.1   0.195
Professors                                   0.814   5.670   22909.4   0.574
Teachers          Non-Postsecondary          0.669   2.613   19467.0   0.555
Librarians  and Curators                     0.714   3.232   18960.3   0.192
Social Scientists and Urban Planners         0.697   2.974   26794.5   0.252
Social Work                                  0.660   2.514   17018.8   0.429
Lawyers       and Judges                     0.765   4.211   42627.6   0.387
Arts and Athletes                            0.611   2.034   20026.7   0.483
Health Technicians                           0.585   1.824   18503.3   0.290
Engineering Technicians                      0.559   1.640   20309.8   0.411
Science Technicians                          0.569   1.708   19926.4   0.198
Technicians, Other                           0.603   1.968   23136.7   0.462
Sales, all                                   0.561   1.651   21329.4   0.799
Secretaries                                  0.578   1.771   15916.2   0.178
Info. Clerks                                 0.581   1.794   16953.7   0.240
Records Processing, Non-Financial            0.575   1.752   16915.4   0.219
Financial Records Processing                 0.568   1.700   16750.0   0.255
Office Machine Operator                      0.519   1.399   13776.5   0.111
Computer/Communications Equip. Operator      0.557   1.627   18880.6   0.272
Mail Distribution                            0.529   1.453   19260.0   0.273
Scheduling and Distributing Clerks           0.518   1.391   16057.7   0.458
Adjusters and Investigators                  0.586   1.829   18927.1   0.303
Misc. Admin Support                          0.579   1.782   17661.5   0.359
Private Household Occupations                0.484   1.213   11063.9   0.187
Firefighting                                 0.532   1.469   21973.7   0.217
Police                                       0.541   1.527   21004.3   0.352
Guards                                       0.533   1.476   15202.0   0.326
Food Prep    and Service                     0.518   1.390   11664.3   0.592
Health Service                               0.557   1.630   14131.5   0.284
Cleaning and Building Service                0.493   1.261   13185.7   0.473
Personal Service                             0.545   1.553   14190.8   0.299
Farm Managers                                0.510   1.349   13311.4   0.411
Farm Work                                    0.447   1.047   10660.7   0.341
Related Agriculture                          0.485   1.217   12625.0   0.385
Forest, Logging, Fishers and Hunter          0.476   1.177   13877.3   0.214
Mechanics                                    0.493   1.257   16680.6   0.559
Elec. Repairer                               0.517   1.385   18471.3   0.345
Misc. Repairer                               0.501   1.301   17072.9   0.368
Construction Trade                           0.489   1.239   16596.5   0.785
Extractive                                   0.476   1.176   18206.9   0.170
Supervisor(P)                                0.511   1.353   20340.9   0.350
Precision Metal                              0.496   1.274   18336.8   0.353
Precision Wood                               0.492   1.252   14538.4   0.174
Precision, Textile                           0.471   1.151   12489.9   0.170
Precision, Other                             0.498   1.285   16185.6   0.214
Precision, Food                              0.481   1.200   14638.3   0.253
Plant Operator                               0.517   1.384   21154.3   0.215
Metal and Plastic Machine Operator           0.475   1.173   15416.4   0.239
Metal and Plastic Processing Operator        0.480   1.197   16038.3   0.167
Woodworking Machine Operator                 0.471   1.154   12442.7   0.203
Textile Machine Operator                     0.500   1.293   17134.4   0.274
Print Machine Operator                       0.465   1.124   12730.4   0.256
Machine Operator, Other                      0.482   1.205   15885.6   0.477
Fabricators                                  0.481   1.200   15358.7   0.469
Production Inspectors                        0.512   1.356   17865.6   0.276
Motor Vehicle Operator                       0.488   1.233   15985.8   0.612
Non Motor Vehicle Operator                   0.484   1.216   17948.6   0.300
Freight, Stock, Material Handler             0.489   1.239   13723.4   0.571

  MWM = 728796135.797
 
 
-------------------------------------------------------------
Estimating w and Z from YWM:   2000
-------------------------------------------------------------
 
                                                 s     phi         w     zWM
----------------------------------------------------------------------------
Home                                         0.528   1.448   18319.8   1.000
Executives, Administrative, and Managerial   0.595   1.898   29030.0   0.670
Management Related                           0.619   2.100   27587.7   0.591
Architects                                   0.664   2.561   27421.6   0.221
Engineers                                    0.641   2.313   31545.8   0.448
Math and Computer Science                    0.605   1.982   27766.7   0.449
Natural Science                              0.701   3.042   24735.2   0.405
Doctors                                      0.762   4.136   42716.2   0.364
Health Assessment                            0.643   2.336   29807.6   0.240
Therapists                                   0.659   2.500   26709.2   0.241
Professors                                   0.792   4.922   22174.1   0.652
Teachers          Non-Postsecondary          0.672   2.646   20711.8   0.666
Librarians  and Curators                     0.710   3.168   19996.0   0.181
Social Scientists and Urban Planners         0.699   3.004   28043.5   0.235
Social Work                                  0.653   2.432   18566.5   0.423
Lawyers       and Judges                     0.763   4.175   43637.5   0.389
Arts and Athletes                            0.618   2.097   22096.2   0.514
Health Technicians                           0.576   1.761   20191.7   0.307
Engineering Technicians                      0.551   1.588   20254.3   0.349
Science Technicians                          0.563   1.669   20465.6   0.163
Technicians, Other                           0.627   2.172   30999.5   0.438
Sales, all                                   0.564   1.673   23235.3   0.774
Secretaries                                  0.585   1.828   19336.0   0.211
Info. Clerks                                 0.576   1.758   16945.4   0.257
Records Processing, Non-Financial            0.572   1.732   16623.8   0.220
Financial Records Processing                 0.567   1.695   17980.7   0.248
Office Machine Operator                      0.519   1.397   18131.7   0.117
Computer/Communications Equip. Operator      0.563   1.671   19855.0   0.192
Mail Distribution                            0.527   1.444   18017.2   0.249
Scheduling and Distributing Clerks           0.516   1.382   16198.1   0.494
Adjusters and Investigators                  0.571   1.725   19581.8   0.418
Misc. Admin Support                          0.582   1.802   17987.6   0.338
Private Household Occupations                0.491   1.249   11348.0   0.172
Firefighting                                 0.533   1.477   23176.1   0.234
Police                                       0.551   1.588   22340.5   0.432
Guards                                       0.531   1.463   15678.2   0.318
Food Prep    and Service                     0.515   1.377   12548.0   0.659
Health Service                               0.554   1.607   14089.0   0.294
Cleaning and Building Service                0.490   1.242   13903.2   0.411
Personal Service                             0.567   1.698   16484.6   0.360
Farm Managers                                0.519   1.399   15295.1   0.300
Farm Work                                    0.429   0.974   11095.2   0.309
Related Agriculture                          0.476   1.176   13375.2   0.423
Forest, Logging, Fishers and Hunter          0.473   1.163   14413.5   0.214
Mechanics                                    0.493   1.256   17906.4   0.543
Elec. Repairer                               0.513   1.361   18937.0   0.394
Misc. Repairer                               0.498   1.285   17613.3   0.342
Construction Trade                           0.480   1.193   16940.8   0.790
Extractive                                   0.477   1.183   18972.3   0.137
Supervisor(P)                                0.512   1.360   20882.0   0.335
Precision Metal                              0.497   1.277   19104.1   0.287
Precision Wood                               0.487   1.230   15076.2   0.169
Precision, Textile                           0.472   1.157   14912.2   0.127
Precision, Other                             0.531   1.465   16288.7   0.218
Precision, Food                              0.467   1.135   13902.6   0.245
Plant Operator                               0.508   1.334   20713.1   0.176
Metal and Plastic Machine Operator           0.476   1.175   15950.1   0.209
Metal and Plastic Processing Operator        0.485   1.217   17137.8   0.158
Woodworking Machine Operator                 0.477   1.179   15739.9   0.301
Textile Machine Operator                     0.498   1.286   17796.1   0.230
Print Machine Operator                       0.458   1.094   13130.6   0.239
Machine Operator, Other                      0.480   1.194   16322.7   0.444
Fabricators                                  0.483   1.208   16359.1   0.439
Production Inspectors                        0.519   1.397   18540.1   0.276
Motor Vehicle Operator                       0.488   1.234   16866.3   0.608
Non Motor Vehicle Operator                   0.483   1.209   18853.2   0.284
Freight, Stock, Material Handler             0.487   1.227   14293.8   0.506

  MWM = 912814008.558
 
 
-------------------------------------------------------------
Estimating w and Z from YWM:   2010
-------------------------------------------------------------
 
                                                 s     phi         w     zWM
----------------------------------------------------------------------------
Home                                         0.582   1.800   17969.3   1.000
Executives, Administrative, and Managerial   0.601   1.948   27883.8   0.575
Management Related                           0.633   2.230   29533.5   0.481
Architects                                   0.671   2.642   28605.4   0.157
Engineers                                    0.651   2.415   34849.8   0.335
Math and Computer Science                    0.606   1.991   27241.3   0.385
Natural Science                              0.705   3.096   27750.4   0.303
Doctors                                      0.762   4.155   44080.9   0.281
Health Assessment                            0.671   2.644   34979.0   0.207
Therapists                                   0.692   2.912   30169.2   0.210
Professors                                   0.804   5.314   22156.5   0.641
Teachers          Non-Postsecondary          0.687   2.835   22886.2   0.584
Librarians  and Curators                     0.737   3.631   20406.7   0.158
Social Scientists and Urban Planners         0.678   2.728   29688.3   0.202
Social Work                                  0.658   2.493   19241.6   0.373
Lawyers       and Judges                     0.764   4.180   50470.4   0.279
Arts and Athletes                            0.636   2.259   22887.6   0.436
Health Technicians                           0.578   1.775   21049.2   0.266
Engineering Technicians                      0.570   1.713   21967.0   0.263
Science Technicians                          0.581   1.798   21967.2   0.136
Technicians, Other                           0.631   2.213   32349.3   0.340
Sales, all                                   0.574   1.743   21169.5   0.702
Secretaries                                  0.608   2.006   18397.2   0.215
Info. Clerks                                 0.578   1.771   15659.8   0.256
Records Processing, Non-Financial            0.600   1.943   17165.0   0.209
Financial Records Processing                 0.576   1.761   18335.2   0.215
Office Machine Operator                      0.573   1.738   15150.0   0.092
Computer/Communications Equip. Operator      0.567   1.695   18400.0   0.135
Mail Distribution                            0.539   1.515   18390.7   0.198
Scheduling and Distributing Clerks           0.535   1.491   14919.9   0.469
Adjusters and Investigators                  0.574   1.746   17764.8   0.410
Misc. Admin Support                          0.593   1.884   17573.4   0.317
Private Household Occupations                0.484   1.214    9886.1   0.172
Firefighting                                 0.550   1.584   26130.6   0.194
Police                                       0.560   1.644   24450.6   0.325
Guards                                       0.552   1.597   16309.2   0.324
Food Prep    and Service                     0.536   1.496   11403.1   0.771
Health Service                               0.564   1.677   13963.2   0.323
Cleaning and Building Service                0.507   1.330   13216.7   0.398
Personal Service                             0.579   1.784   15304.3   0.363
Farm Managers                                0.523   1.417   17823.3   0.217
Farm Work                                    0.418   0.929   10798.2   0.315
Related Agriculture                          0.475   1.173   11743.5   0.453
Forest, Logging, Fishers and Hunter          0.491   1.248   15424.8   0.154
Mechanics                                    0.504   1.316   17905.2   0.423
Elec. Repairer                               0.522   1.412   18787.2   0.328
Misc. Repairer                               0.508   1.335   18126.2   0.277
Construction Trade                           0.483   1.209   16090.0   0.674
Extractive                                   0.485   1.221   23036.1   0.155
Supervisor(P)                                0.519   1.394   20735.8   0.220
Precision Metal                              0.502   1.305   18191.8   0.190
Precision Wood                               0.491   1.248   13609.5   0.122
Precision, Textile                           0.479   1.192   12124.1   0.100
Precision, Other                             0.547   1.565   16547.9   0.205
Precision, Food                              0.474   1.165   12475.4   0.234
Plant Operator                               0.530   1.460   23723.1   0.140
Metal and Plastic Machine Operator           0.474   1.168   15196.0   0.149
Metal and Plastic Processing Operator        0.497   1.279   15719.3   0.097
Woodworking Machine Operator                 0.480   1.196   15052.6   0.213
Textile Machine Operator                     0.505   1.321   15478.2   0.165
Print Machine Operator                       0.464   1.121   11770.9   0.173
Machine Operator, Other                      0.489   1.237   15365.7   0.376
Fabricators                                  0.485   1.220   15594.6   0.353
Production Inspectors                        0.528   1.446   18896.0   0.224
Motor Vehicle Operator                       0.501   1.301   15640.0   0.504
Non Motor Vehicle Operator                   0.495   1.271   20649.6   0.226
Freight, Stock, Material Handler             0.503   1.311   13096.1   0.506

  MWM = 559921326.131
 
 
=============================================================================
 Summary of Results for w, phi, s, Z from Young WM... (solveWMfor_w_phi.m)
=============================================================================
 
Values for w(i,t) --- wage per unit of human capital
 
                                              1960    1970    1980    1990    2000    2010
------------------------------------------------------------------------------------------
Home                                         14757   18143   16099   15576   18320   17969
Executives, Administrative, and Managerial   18413   22713   22936   24727   29030   27884
Management Related                           19367   23523   22503   24648   27588   29534
Architects                                   24118   28942   23056   25439   27422   28605
Engineers                                    23744   27563   26566   29693   31546   34850
Math and Computer Science                    23242   26405   26205   29102   27767   27241
Natural Science                              21741   25035   23138   24079   24735   27750
Doctors                                      24797   35935   35956   40812   42716   44081
Health Assessment                            22055   26344   24162   28041   29808   34979
Therapists                                   17987   21583   18872   22915   26709   30169
Professors                                   24269   28144   22663   22909   22174   22157
Teachers          Non-Postsecondary          18163   22789   19244   19467   20712   22886
Librarians  and Curators                     17928   22337   18314   18960   19996   20407
Social Scientists and Urban Planners         23361   28636   25831   26795   28043   29688
Social Work                                  13791   17863   16134   17019   18567   19242
Lawyers       and Judges                     27950   36481   32344   42628   43638   50470
Arts and Athletes                            19292   22131   18130   20027   22096   22888
Health Technicians                           14670   19825   17662   18503   20192   21049
Engineering Technicians                      17050   19516   18678   20310   20254   21967
Science Technicians                          16483   19808   19114   19926   20466   21967
Technicians, Other                           17234   23625   21430   23137   31000   32349
Sales, all                                   17067   20938   19910   21329   23235   21170
Secretaries                                  15115   17819   16535   15916   19336   18397
Info. Clerks                                 15076   18503   17724   16954   16945   15660
Records Processing, Non-Financial            18853   22973   16299   16915   16624   17165
Financial Records Processing                 14298   17799   17579   16750   17981   18335
Office Machine Operator                      14839   15020   13916   13777   18132   15150
Computer/Communications Equip. Operator      16062   18385   19233   18881   19855   18400
Mail Distribution                            14787   16489   18927   19260   18017   18391
Scheduling and Distributing Clerks           12759   16236   16316   16058   16198   14920
Adjusters and Investigators                  16514   20527   18979   18927   19582   17765
Misc. Admin Support                          14887   18111   17142   17661   17988   17573
Private Household Occupations                12235   12853   10785   11064   11348    9886
Firefighting                                 14341   18709   18812   21974   23176   26131
Police                                       14354   18835   19331   21004   22340   24451
Guards                                       13082   15877   15213   15202   15678   16309
Food Prep    and Service                     10378   12920   11285   11664   12548   11403
Health Service                                9177   12809   13393   14132   14089   13963
Cleaning and Building Service                 9738   12999   12937   13186   13903   13217
Personal Service                             11712   14227   14305   14191   16485   15304
Farm Managers                                 7956   12761   13317   13311   15295   17823
Farm Work                                     5876    8817   10285   10661   11095   10798
Related Agriculture                          10999   12990   12261   12625   13375   11743
Forest, Logging, Fishers and Hunter           8752   12591   14101   13877   14413   15425
Mechanics                                    12428   15928   16002   16681   17906   17905
Elec. Repairer                               15208   17910   19102   18471   18937   18787
Misc. Repairer                               13569   16520   17356   17073   17613   18126
Construction Trade                           14295   17058   16974   16597   16941   16090
Extractive                                   13500   15334   18676   18207   18972   23036
Supervisor(P)                                16803   19711   20093   20341   20882   20736
Precision Metal                              15174   18283   17817   18337   19104   18192
Precision Wood                               12281   14214   12732   14538   15076   13610
Precision, Textile                           11273   12874   11714   12490   14912   12124
Precision, Other                             14455   18081   15458   16186   16289   16548
Precision, Food                              12802   15527   16135   14638   13903   12475
Plant Operator                               19214   18611   19362   21154   20713   23723
Metal and Plastic Machine Operator           13915   16089   16296   15416   15950   15196
Metal and Plastic Processing Operator        12577   15588   15476   16038   17138   15719
Woodworking Machine Operator                  9802   11731   12620   12443   15740   15053
Textile Machine Operator                     15663   18207   16772   17134   17796   15478
Print Machine Operator                       10056   12215   11258   12730   13131   11771
Machine Operator, Other                      12358   14999   15832   15886   16323   15366
Fabricators                                  13161   15377   15642   15359   16359   15595
Production Inspectors                        14064   16856   17448   17866   18540   18896
Motor Vehicle Operator                       12416   15375   16191   15986   16866   15640
Non Motor Vehicle Operator                   14801   16666   18532   17949   18853   20650
Freight, Stock, Material Handler             10867   13608   14314   13723   14294   13096
 
 
Values for phi(i,t)
 
                                              1960    1970    1980    1990    2000    2010
------------------------------------------------------------------------------------------
Home                                         1.273   1.614   1.684   1.611   1.448   1.800
Executives, Administrative, and Managerial   1.431   1.627   1.962   1.800   1.898   1.948
Management Related                           1.911   1.928   2.210   2.108   2.100   2.230
Architects                                   2.900   3.421   3.064   2.398   2.561   2.642
Engineers                                    2.178   2.302   2.388   2.279   2.313   2.415
Math and Computer Science                    2.448   2.188   2.420   2.260   1.982   1.991
Natural Science                              2.489   2.590   3.046   2.676   3.042   3.096
Doctors                                      3.907   4.084   4.060   4.147   4.136   4.155
Health Assessment                            2.587   2.833   3.193   2.405   2.336   2.644
Therapists                                   2.956   2.616   2.255   2.236   2.500   2.912
Professors                                   5.850   5.679   5.545   5.670   4.922   5.314
Teachers          Non-Postsecondary          2.937   3.245   3.156   2.613   2.646   2.835
Librarians  and Curators                     3.247   3.328   3.400   3.232   3.168   3.631
Social Scientists and Urban Planners         3.057   2.987   3.442   2.974   3.004   2.728
Social Work                                  3.025   2.857   2.876   2.514   2.432   2.493
Lawyers       and Judges                     3.986   4.174   4.300   4.211   4.175   4.180
Arts and Athletes                            2.023   1.922   2.235   2.034   2.097   2.259
Health Technicians                           1.426   1.918   2.125   1.824   1.761   1.775
Engineering Technicians                      1.369   1.446   1.636   1.640   1.588   1.713
Science Technicians                          1.408   1.812   1.815   1.708   1.669   1.798
Technicians, Other                           1.531   1.834   2.213   1.968   2.172   2.213
Sales, all                                   1.470   1.537   1.765   1.651   1.673   1.743
Secretaries                                  1.402   1.495   1.898   1.771   1.828   2.006
Info. Clerks                                 1.310   1.497   1.976   1.794   1.758   1.771
Records Processing, Non-Financial            2.077   2.029   1.701   1.752   1.732   1.943
Financial Records Processing                 1.430   1.478   1.832   1.700   1.695   1.761
Office Machine Operator                      1.296   1.304   1.484   1.399   1.397   1.738
Computer/Communications Equip. Operator      1.143   1.341   1.643   1.627   1.671   1.695
Mail Distribution                            1.239   1.299   1.491   1.453   1.444   1.515
Scheduling and Distributing Clerks           1.023   1.209   1.428   1.391   1.382   1.491
Adjusters and Investigators                  1.746   1.736   2.009   1.829   1.725   1.746
Misc. Admin Support                          1.360   1.446   1.855   1.782   1.802   1.884
Private Household Occupations                0.929   0.982   1.144   1.213   1.249   1.214
Firefighting                                 1.094   1.209   1.453   1.469   1.477   1.584
Police                                       1.166   1.288   1.621   1.527   1.588   1.644
Guards                                       1.043   1.258   1.504   1.476   1.463   1.597
Food Prep    and Service                     0.930   1.079   1.401   1.390   1.377   1.496
Health Service                               1.011   1.401   1.752   1.630   1.607   1.677
Cleaning and Building Service                0.875   1.001   1.233   1.261   1.242   1.330
Personal Service                             1.010   1.015   1.641   1.553   1.698   1.784
Farm Managers                                0.992   1.173   1.439   1.349   1.399   1.417
Farm Work                                    0.660   0.861   1.006   1.047   0.974   0.929
Related Agriculture                          0.867   0.979   1.263   1.217   1.176   1.173
Forest, Logging, Fishers and Hunter          0.790   1.035   1.240   1.177   1.163   1.248
Mechanics                                    0.929   1.034   1.202   1.257   1.256   1.316
Elec. Repairer                               1.126   1.199   1.344   1.385   1.361   1.412
Misc. Repairer                               0.985   1.035   1.267   1.301   1.285   1.335
Construction Trade                           0.970   1.062   1.271   1.239   1.193   1.209
Extractive                                   0.872   0.972   1.138   1.176   1.183   1.221
Supervisor(P)                                1.113   1.215   1.433   1.353   1.360   1.394
Precision Metal                              0.992   1.127   1.243   1.274   1.277   1.305
Precision Wood                               0.922   1.012   1.307   1.252   1.230   1.248
Precision, Textile                           0.809   0.880   1.049   1.151   1.157   1.192
Precision, Other                             0.992   1.189   1.316   1.285   1.465   1.565
Precision, Food                              0.938   1.030   1.164   1.200   1.135   1.165
Plant Operator                               1.478   1.171   1.401   1.384   1.334   1.460
Metal and Plastic Machine Operator           0.860   1.030   1.142   1.173   1.175   1.168
Metal and Plastic Processing Operator        0.893   0.925   1.116   1.197   1.217   1.279
Woodworking Machine Operator                 0.766   0.851   1.124   1.154   1.179   1.196
Textile Machine Operator                     1.072   1.156   1.316   1.293   1.286   1.321
Print Machine Operator                       0.817   0.896   0.996   1.124   1.094   1.121
Machine Operator, Other                      0.879   0.989   1.155   1.205   1.194   1.237
Fabricators                                  0.897   1.015   1.145   1.200   1.208   1.220
Production Inspectors                        1.034   1.205   1.309   1.356   1.397   1.446
Motor Vehicle Operator                       0.880   1.006   1.187   1.233   1.234   1.301
Non Motor Vehicle Operator                   0.946   1.014   1.207   1.216   1.209   1.271
Freight, Stock, Material Handler             0.845   1.019   1.183   1.239   1.227   1.311
 
 
Values for s(i,t)
 
                                              1960    1970    1980    1990    2000    2010
------------------------------------------------------------------------------------------
Home                                         0.496   0.555   0.565   0.555   0.528   0.582
Executives, Administrative, and Managerial   0.525   0.557   0.602   0.582   0.595   0.601
Management Related                           0.596   0.598   0.631   0.620   0.619   0.633
Architects                                   0.691   0.725   0.703   0.649   0.664   0.671
Engineers                                    0.627   0.640   0.648   0.638   0.641   0.651
Math and Computer Science                    0.654   0.628   0.652   0.636   0.605   0.606
Natural Science                              0.658   0.667   0.702   0.674   0.701   0.705
Doctors                                      0.751   0.759   0.758   0.762   0.762   0.762
Health Assessment                            0.667   0.686   0.712   0.650   0.643   0.671
Therapists                                   0.695   0.669   0.635   0.633   0.659   0.692
Professors                                   0.819   0.814   0.811   0.814   0.792   0.804
Teachers          Non-Postsecondary          0.694   0.715   0.709   0.669   0.672   0.687
Librarians  and Curators                     0.715   0.720   0.724   0.714   0.710   0.737
Social Scientists and Urban Planners         0.703   0.698   0.727   0.697   0.699   0.678
Social Work                                  0.700   0.688   0.690   0.660   0.653   0.658
Lawyers       and Judges                     0.755   0.763   0.769   0.765   0.763   0.764
Arts and Athletes                            0.610   0.598   0.633   0.611   0.618   0.636
Health Technicians                           0.524   0.597   0.621   0.585   0.576   0.578
Engineering Technicians                      0.514   0.528   0.558   0.559   0.551   0.570
Science Technicians                          0.521   0.583   0.584   0.569   0.563   0.581
Technicians, Other                           0.542   0.586   0.631   0.603   0.627   0.631
Sales, all                                   0.532   0.543   0.577   0.561   0.564   0.574
Secretaries                                  0.520   0.536   0.594   0.578   0.585   0.608
Info. Clerks                                 0.503   0.536   0.604   0.581   0.576   0.578
Records Processing, Non-Financial            0.616   0.611   0.568   0.575   0.572   0.600
Financial Records Processing                 0.525   0.533   0.586   0.568   0.567   0.576
Office Machine Operator                      0.500   0.502   0.534   0.519   0.519   0.573
Computer/Communications Equip. Operator      0.469   0.509   0.559   0.557   0.563   0.567
Mail Distribution                            0.489   0.501   0.535   0.529   0.527   0.539
Scheduling and Distributing Clerks           0.441   0.483   0.525   0.518   0.516   0.535
Adjusters and Investigators                  0.574   0.573   0.608   0.586   0.571   0.574
Misc. Admin Support                          0.512   0.528   0.589   0.579   0.582   0.593
Private Household Occupations                0.418   0.431   0.469   0.484   0.491   0.484
Firefighting                                 0.458   0.483   0.529   0.532   0.533   0.550
Police                                       0.474   0.499   0.556   0.541   0.551   0.560
Guards                                       0.446   0.493   0.537   0.533   0.531   0.552
Food Prep    and Service                     0.418   0.455   0.520   0.518   0.515   0.536
Health Service                               0.439   0.520   0.575   0.557   0.554   0.564
Cleaning and Building Service                0.403   0.436   0.488   0.493   0.490   0.507
Personal Service                             0.438   0.439   0.559   0.545   0.567   0.579
Farm Managers                                0.434   0.475   0.526   0.510   0.519   0.523
Farm Work                                    0.338   0.399   0.437   0.447   0.429   0.418
Related Agriculture                          0.401   0.431   0.494   0.485   0.476   0.475
Forest, Logging, Fishers and Hunter          0.379   0.444   0.489   0.476   0.473   0.491
Mechanics                                    0.418   0.444   0.482   0.493   0.493   0.504
Elec. Repairer                               0.465   0.481   0.509   0.517   0.513   0.522
Misc. Repairer                               0.432   0.444   0.495   0.501   0.498   0.508
Construction Trade                           0.428   0.451   0.495   0.489   0.480   0.483
Extractive                                   0.402   0.429   0.468   0.476   0.477   0.485
Supervisor(P)                                0.462   0.484   0.525   0.511   0.512   0.519
Precision Metal                              0.434   0.465   0.490   0.496   0.497   0.502
Precision Wood                               0.416   0.439   0.502   0.492   0.487   0.491
Precision, Textile                           0.385   0.405   0.448   0.471   0.472   0.479
Precision, Other                             0.434   0.479   0.504   0.498   0.531   0.547
Precision, Food                              0.420   0.443   0.473   0.481   0.467   0.474
Plant Operator                               0.533   0.475   0.520   0.517   0.508   0.530
Metal and Plastic Machine Operator           0.399   0.443   0.469   0.475   0.476   0.474
Metal and Plastic Processing Operator        0.408   0.417   0.463   0.480   0.485   0.497
Woodworking Machine Operator                 0.372   0.397   0.465   0.471   0.477   0.480
Textile Machine Operator                     0.453   0.472   0.504   0.500   0.498   0.505
Print Machine Operator                       0.387   0.409   0.435   0.465   0.458   0.464
Machine Operator, Other                      0.405   0.433   0.472   0.482   0.480   0.489
Fabricators                                  0.409   0.440   0.469   0.481   0.483   0.485
Production Inspectors                        0.444   0.482   0.503   0.512   0.519   0.528
Motor Vehicle Operator                       0.405   0.437   0.478   0.488   0.488   0.501
Non Motor Vehicle Operator                   0.422   0.439   0.483   0.484   0.483   0.495
Freight, Stock, Material Handler             0.395   0.440   0.478   0.489   0.487   0.503
 
 
Values for ZWM(i,t)
 
                                              1960    1970    1980    1990    2000    2010
------------------------------------------------------------------------------------------
Home                                         1.000   1.000   1.000   1.000   1.000   1.000
Executives, Administrative, and Managerial   0.876   0.854   0.833   0.694   0.670   0.575
Management Related                           0.741   0.522   0.676   0.568   0.591   0.481
Architects                                   0.208   0.229   0.287   0.211   0.221   0.157
Engineers                                    0.683   0.605   0.531   0.481   0.448   0.335
Math and Computer Science                    0.191   0.323   0.312   0.326   0.449   0.385
Natural Science                              0.447   0.394   0.411   0.331   0.405   0.303
Doctors                                      0.653   0.473   0.459   0.390   0.364   0.281
Health Assessment                            0.317   0.284   0.354   0.227   0.240   0.207
Therapists                                   0.210   0.200   0.265   0.195   0.241   0.210
Professors                                   0.663   0.789   0.678   0.574   0.652   0.641
Teachers          Non-Postsecondary          0.894   0.882   0.886   0.555   0.666   0.584
Librarians  and Curators                     0.164   0.193   0.241   0.192   0.181   0.158
Social Scientists and Urban Planners         0.271   0.295   0.338   0.252   0.235   0.202
Social Work                                  0.786   0.572   0.595   0.429   0.423   0.373
Lawyers       and Judges                     0.506   0.452   0.547   0.387   0.389   0.279
Arts and Athletes                            0.544   0.431   0.552   0.483   0.514   0.436
Health Technicians                           0.247   0.240   0.317   0.290   0.307   0.266
Engineering Technicians                      0.478   0.481   0.452   0.411   0.349   0.263
Science Technicians                          0.363   0.230   0.229   0.198   0.163   0.136
Technicians, Other                           0.285   0.372   0.481   0.462   0.438   0.340
Sales, all                                   0.945   0.759   0.842   0.799   0.774   0.702
Secretaries                                  0.241   0.216   0.187   0.178   0.211   0.215
Info. Clerks                                 0.213   0.224   0.237   0.240   0.257   0.256
Records Processing, Non-Financial            0.299   0.338   0.270   0.219   0.220   0.209
Financial Records Processing                 0.368   0.337   0.293   0.255   0.248   0.215
Office Machine Operator                      0.279   0.170   0.105   0.111   0.117   0.092
Computer/Communications Equip. Operator      0.139   0.239   0.284   0.272   0.192   0.135
Mail Distribution                            0.381   0.308   0.295   0.273   0.249   0.198
Scheduling and Distributing Clerks           0.484   0.451   0.467   0.458   0.494   0.469
Adjusters and Investigators                  0.321   0.348   0.303   0.303   0.418   0.410
Misc. Admin Support                          0.698   0.427   0.392   0.359   0.338   0.317
Private Household Occupations                0.169   0.182   0.194   0.187   0.172   0.172
Firefighting                                 0.302   0.257   0.261   0.217   0.234   0.194
Police                                       0.423   0.377   0.409   0.352   0.432   0.325
Guards                                       0.249   0.231   0.306   0.326   0.318   0.324
Food Prep    and Service                     0.416   0.356   0.516   0.592   0.659   0.771
Health Service                               0.274   0.233   0.310   0.284   0.294   0.323
Cleaning and Building Service                0.303   0.348   0.458   0.473   0.411   0.398
Personal Service                             0.394   0.356   0.332   0.299   0.360   0.363
Farm Managers                                0.943   0.522   0.497   0.411   0.300   0.217
Farm Work                                    0.691   0.447   0.383   0.341   0.309   0.315
Related Agriculture                          0.220   0.248   0.316   0.385   0.423   0.453
Forest, Logging, Fishers and Hunter          0.283   0.214   0.229   0.214   0.214   0.154
Mechanics                                    0.568   0.560   0.566   0.559   0.543   0.423
Elec. Repairer                               0.494   0.429   0.367   0.345   0.394   0.328
Misc. Repairer                               0.604   0.445   0.361   0.368   0.342   0.277
Construction Trade                           0.697   0.668   0.756   0.785   0.790   0.674
Extractive                                   0.326   0.220   0.209   0.170   0.137   0.155
Supervisor(P)                                0.484   0.469   0.454   0.350   0.335   0.220
Precision Metal                              0.488   0.390   0.366   0.353   0.287   0.190
Precision Wood                               0.186   0.166   0.205   0.174   0.169   0.122
Precision, Textile                           0.217   0.195   0.170   0.170   0.127   0.100
Precision, Other                             0.249   0.158   0.225   0.214   0.218   0.205
Precision, Food                              0.325   0.289   0.241   0.253   0.245   0.234
Plant Operator                               0.340   0.188   0.219   0.215   0.176   0.140
Metal and Plastic Machine Operator           0.268   0.383   0.312   0.239   0.209   0.149
Metal and Plastic Processing Operator        0.180   0.168   0.190   0.167   0.158   0.097
Woodworking Machine Operator                 0.210   0.177   0.198   0.203   0.301   0.213
Textile Machine Operator                     0.329   0.288   0.258   0.274   0.230   0.165
Print Machine Operator                       0.283   0.316   0.251   0.256   0.239   0.173
Machine Operator, Other                      0.904   0.660   0.521   0.477   0.444   0.376
Fabricators                                  0.471   0.460   0.479   0.469   0.439   0.353
Production Inspectors                        0.348   0.348   0.291   0.276   0.276   0.224
Motor Vehicle Operator                       0.764   0.615   0.601   0.612   0.608   0.504
Non Motor Vehicle Operator                   0.412   0.363   0.361   0.300   0.284   0.226
Freight, Stock, Material Handler             0.759   0.569   0.544   0.571   0.506   0.506
 
 
WageBarHomeY(g,t):
 
               1960    1970    1980    1990    2000    2010
-----------------------------------------------------------
White Men     29602   35068   30147   29637   36650   33905
White Women   29602   35068   30147   29637   36650   33905
Black Men     29602   35068   30147   29637   36650   33905
Black Women   29602   35068   30147   29637   36650   33905
 
 
 
>>> Calling GetTExperience: Loop = 2
 
 
===========================================================
GetTExperience.m:
Fixing tauhat_y missing values --> tauhat_y_cleaned (just for robustness cases)
 -- Use first non-missing value
 
===========================================================
 
*********************
White Women
*********************
 
tauhat_y_cleaned Firefighting     NaN  0.9284  1.2050  1.1922  1.1422  1.0932
tauhat_y_cleaned Firefighting  0.9284  0.9284  1.2050  1.1922  1.1422  1.0932
tauhat_y_cleaned Forest     NaN  1.3495  1.1989  1.0825  1.1869  0.9686
tauhat_y_cleaned Forest  1.3495  1.3495  1.1989  1.0825  1.1869  0.9686
 
*********************
Black Men
*********************
 
tauhat_y_cleaned Architects     NaN  1.1167  1.1298  1.0875  1.1333  1.1511
tauhat_y_cleaned Architects  1.1167  1.1167  1.1298  1.0875  1.1333  1.1511
tauhat_y_cleaned Librarians     NaN  1.2220  0.9999  1.0105  0.9785  0.9903
tauhat_y_cleaned Librarians  1.2220  1.2220  0.9999  1.0105  0.9785  0.9903
 
*********************
Black Women
*********************
 
tauhat_y_cleaned Architects     NaN     NaN  0.7790  1.0914  1.0631  0.6516
tauhat_y_cleaned Architects  0.7790  0.7790  0.7790  1.0914  1.0631  0.6516
tauhat_y_cleaned Engineers     NaN     NaN  1.2741  1.1305  1.0851  1.0679
tauhat_y_cleaned Engineers  1.2741  1.2741  1.2741  1.1305  1.0851  1.0679
tauhat_y_cleaned Math/CompSci     NaN  1.3031  1.3058  1.2775  1.2263  1.1776
tauhat_y_cleaned Math/CompSci  1.3031  1.3031  1.3058  1.2775  1.2263  1.1776
tauhat_y_cleaned Science     NaN  1.2690  1.2250  1.0931  1.0534  1.0829
tauhat_y_cleaned Science  1.2690  1.2690  1.2250  1.0931  1.0534  1.0829
tauhat_y_cleaned Eng.Techs     NaN  1.4428  1.3061  1.2790  1.1160  1.1190
tauhat_y_cleaned Eng.Techs  1.4428  1.4428  1.3061  1.2790  1.1160  1.1190
tauhat_y_cleaned OtherTechs     NaN  1.1910  1.2781  1.2305  1.3164  1.3633
tauhat_y_cleaned OtherTechs  1.1910  1.1910  1.2781  1.2305  1.3164  1.3633
tauhat_y_cleaned Firefighting     NaN     NaN  1.0724  1.4545  1.3176  1.2362
tauhat_y_cleaned Firefighting  1.0724  1.0724  1.0724  1.4545  1.3176  1.2362
tauhat_y_cleaned Police     NaN  1.3180  1.3495  1.1531  1.2228  1.2548
tauhat_y_cleaned Police  1.3180  1.3180  1.3495  1.1531  1.2228  1.2548
tauhat_y_cleaned FarmMgrs  5.2034  1.9193  2.6605  1.7130     NaN  1.7305
tauhat_y_cleaned FarmMgrs  5.2034  1.9193  2.6605  1.7130  1.7217  1.7305
tauhat_y_cleaned Agriculture     NaN  1.4443  1.5791  1.3684  1.1550  1.0393
tauhat_y_cleaned Agriculture  1.4443  1.4443  1.5791  1.3684  1.1550  1.0393
tauhat_y_cleaned Forest     NaN  1.3794  1.3254  1.2039  1.0103     NaN
tauhat_y_cleaned Forest  1.3794  1.3794  1.3254  1.2039  1.0103  1.0103
tauhat_y_cleaned Mechanics     NaN  1.9495  1.2261  1.1068  1.1321  1.1275
tauhat_y_cleaned Mechanics  1.9495  1.9495  1.2261  1.1068  1.1321  1.1275
tauhat_y_cleaned Elec.Repairer     NaN  2.1252  1.3090  1.0384  0.9924  1.0979
tauhat_y_cleaned Elec.Repairer  2.1252  2.1252  1.3090  1.0384  0.9924  1.0979
tauhat_y_cleaned Extractive     NaN  1.4011  2.5577  1.2137     NaN  1.8281
tauhat_y_cleaned Extractive  1.4011  1.4011  2.5577  1.2137  1.5209  1.8281
tauhat_y_cleaned MetalWork     NaN  1.2791  1.6114  1.3712  1.1908  1.4296
tauhat_y_cleaned MetalWork  1.2791  1.2791  1.6114  1.3712  1.1908  1.4296
tauhat_y_cleaned WoodWork     NaN  1.5324  1.8340  1.7206  1.4260  1.4929
tauhat_y_cleaned WoodWork  1.5324  1.5324  1.8340  1.7206  1.4260  1.4929
tauhat_y_cleaned PlantOperator     NaN     NaN  1.3547  1.5500  1.2365  1.2203
tauhat_y_cleaned PlantOperator  1.3547  1.3547  1.3547  1.5500  1.2365  1.2203
tauhat_y_cleaned MetalMach.     NaN  1.4173  1.4936  1.4851  1.3651  1.7221
tauhat_y_cleaned MetalMach.  1.4173  1.4173  1.4936  1.4851  1.3651  1.7221
tauhat_y_cleaned MetalProc.     NaN  1.7596  1.6355  1.4851  1.3945  1.3112
tauhat_y_cleaned MetalProc.  1.7596  1.7596  1.6355  1.4851  1.3945  1.3112
tauhat_y_cleaned WoodMach.     NaN  1.7469  1.4107  1.3535  1.2520  1.1294
tauhat_y_cleaned WoodMach.  1.7469  1.7469  1.4107  1.3535  1.2520  1.1294
tauhat_y_cleaned TextileMach.     NaN  1.5758  1.7358  1.3826  1.4813  1.3179
tauhat_y_cleaned TextileMach.  1.5758  1.5758  1.7358  1.3826  1.4813  1.3179
 
GetTExperience.m:
                     TigYMO for               --- 1960 ---      and    --- 1990 ---
Home                                         1.00   1.29   1.62        1.00   1.40   1.66
Executives, Administrative, and Managerial   1.00   1.29   1.62        1.00   1.40   1.66
Management Related                           1.00   1.29   1.62        1.00   1.40   1.66
Architects                                   1.00   1.29   1.62        1.00   1.40   1.66
Engineers                                    1.00   1.29   1.62        1.00   1.40   1.66
Math and Computer Science                    1.00   1.29   1.62        1.00   1.40   1.66
Natural Science                              1.00   1.29   1.62        1.00   1.40   1.66
Doctors                                      1.00   1.29   1.62        1.00   1.40   1.66
Health Assessment                            1.00   1.29   1.62        1.00   1.40   1.66
Therapists                                   1.00   1.29   1.62        1.00   1.40   1.66
Professors                                   1.00   1.29   1.62        1.00   1.40   1.66
Teachers          Non-Postsecondary          1.00   1.29   1.62        1.00   1.40   1.66
Librarians  and Curators                     1.00   1.29   1.62        1.00   1.40   1.66
Social Scientists and Urban Planners         1.00   1.29   1.62        1.00   1.40   1.66
Social Work                                  1.00   1.29   1.62        1.00   1.40   1.66
Lawyers       and Judges                     1.00   1.29   1.62        1.00   1.40   1.66
Arts and Athletes                            1.00   1.29   1.62        1.00   1.40   1.66
Health Technicians                           1.00   1.29   1.62        1.00   1.40   1.66
Engineering Technicians                      1.00   1.29   1.62        1.00   1.40   1.66
Science Technicians                          1.00   1.29   1.62        1.00   1.40   1.66
Technicians, Other                           1.00   1.29   1.62        1.00   1.40   1.66
Sales, all                                   1.00   1.29   1.62        1.00   1.40   1.66
Secretaries                                  1.00   1.29   1.62        1.00   1.40   1.66
Info. Clerks                                 1.00   1.29   1.62        1.00   1.40   1.66
Records Processing, Non-Financial            1.00   1.29   1.62        1.00   1.40   1.66
Financial Records Processing                 1.00   1.29   1.62        1.00   1.40   1.66
Office Machine Operator                      1.00   1.29   1.62        1.00   1.40   1.66
Computer/Communications Equip. Operator      1.00   1.29   1.62        1.00   1.40   1.66
Mail Distribution                            1.00   1.29   1.62        1.00   1.40   1.66
Scheduling and Distributing Clerks           1.00   1.29   1.62        1.00   1.40   1.66
Adjusters and Investigators                  1.00   1.29   1.62        1.00   1.40   1.66
Misc. Admin Support                          1.00   1.29   1.62        1.00   1.40   1.66
Private Household Occupations                1.00   1.29   1.62        1.00   1.40   1.66
Firefighting                                 1.00   1.29   1.62        1.00   1.40   1.66
Police                                       1.00   1.29   1.62        1.00   1.40   1.66
Guards                                       1.00   1.29   1.62        1.00   1.40   1.66
Food Prep    and Service                     1.00   1.29   1.62        1.00   1.40   1.66
Health Service                               1.00   1.29   1.62        1.00   1.40   1.66
Cleaning and Building Service                1.00   1.29   1.62        1.00   1.40   1.66
Personal Service                             1.00   1.29   1.62        1.00   1.40   1.66
Farm Managers                                1.00   1.29   1.62        1.00   1.40   1.66
Farm Work                                    1.00   1.29   1.62        1.00   1.40   1.66
Related Agriculture                          1.00   1.29   1.62        1.00   1.40   1.66
Forest, Logging, Fishers and Hunter          1.00   1.29   1.62        1.00   1.40   1.66
Mechanics                                    1.00   1.29   1.62        1.00   1.40   1.66
Elec. Repairer                               1.00   1.29   1.62        1.00   1.40   1.66
Misc. Repairer                               1.00   1.29   1.62        1.00   1.40   1.66
Construction Trade                           1.00   1.29   1.62        1.00   1.40   1.66
Extractive                                   1.00   1.29   1.62        1.00   1.40   1.66
Supervisor(P)                                1.00   1.29   1.62        1.00   1.40   1.66
Precision Metal                              1.00   1.29   1.62        1.00   1.40   1.66
Precision Wood                               1.00   1.29   1.62        1.00   1.40   1.66
Precision, Textile                           1.00   1.29   1.62        1.00   1.40   1.66
Precision, Other                             1.00   1.29   1.62        1.00   1.40   1.66
Precision, Food                              1.00   1.29   1.62        1.00   1.40   1.66
Plant Operator                               1.00   1.29   1.62        1.00   1.40   1.66
Metal and Plastic Machine Operator           1.00   1.29   1.62        1.00   1.40   1.66
Metal and Plastic Processing Operator        1.00   1.29   1.62        1.00   1.40   1.66
Woodworking Machine Operator                 1.00   1.29   1.62        1.00   1.40   1.66
Textile Machine Operator                     1.00   1.29   1.62        1.00   1.40   1.66
Print Machine Operator                       1.00   1.29   1.62        1.00   1.40   1.66
Machine Operator, Other                      1.00   1.29   1.62        1.00   1.40   1.66
Fabricators                                  1.00   1.29   1.62        1.00   1.40   1.66
Production Inspectors                        1.00   1.29   1.62        1.00   1.40   1.66
Motor Vehicle Operator                       1.00   1.29   1.62        1.00   1.40   1.66
Non Motor Vehicle Operator                   1.00   1.29   1.62        1.00   1.40   1.66
Freight, Stock, Material Handler             1.00   1.29   1.62        1.00   1.40   1.66
 
Values for occupation 8:
ans =

   1.0000   1.2901   1.6192
   1.0000   1.4276   1.5961
   1.0000   1.2975   1.4790
   1.0000   1.4044   1.6642
   1.0000   1.4577        0
   1.0000   1.0000   1.0000

 
Tbar and TbarHat by Group and Years for Doctors
ans =

   3.9093   4.0237   3.7765   4.0686   4.1851   4.1851
   3.9093   4.0237   3.7765   4.0686   4.1851   4.1851
   3.9093   4.0237   3.7765   4.0686   4.1851   4.1851
   3.9093   4.0237   3.7765   4.0686   4.1851   4.1851

ans =

   1   1   1   1   1   1
   1   1   1   1   1   1
   1   1   1   1   1   1
   1   1   1   1   1   1

 
Tbar and TbarHat by Group and Years for Secretaries
ans =

   3.9093   4.0237   3.7765   4.0686   4.1851   4.1851
   3.9093   4.0237   3.7765   4.0686   4.1851   4.1851
   3.9093   4.0237   3.7765   4.0686   4.1851   4.1851
   3.9093   4.0237   3.7765   4.0686   4.1851   4.1851

ans =

   1   1   1   1   1   1
   1   1   1   1   1   1
   1   1   1   1   1   1
   1   1   1   1   1   1

 
Tbar and TbarHat by Group and Years for Farm
ans =

   3.9093   4.0237   3.7765   4.0686   4.1851   4.1851
   3.9093   4.0237   3.7765   4.0686   4.1851   4.1851
   3.9093   4.0237   3.7765   4.0686   4.1851   4.1851
   3.9093   4.0237   3.7765   4.0686   4.1851   4.1851

ans =

   1   1   1   1   1   1
   1   1   1   1   1   1
   1   1   1   1   1   1
   1   1   1   1   1   1

 
 
-------------------------------------------------------------
Estimating w and Z from YWM:   1960
-------------------------------------------------------------
 
                                                 s     phi         w     zWM
----------------------------------------------------------------------------
Home                                         0.496   1.273   14756.9   1.000
Executives, Administrative, and Managerial   0.525   1.431   18412.5   0.876
Management Related                           0.596   1.911   19366.5   0.741
Architects                                   0.691   2.900   24117.6   0.208
Engineers                                    0.627   2.178   23743.1   0.683
Math and Computer Science                    0.654   2.448   23241.0   0.191
Natural Science                              0.658   2.489   21740.0   0.447
Doctors                                      0.751   3.907   24795.8   0.653
Health Assessment                            0.667   2.587   22054.4   0.317
Therapists                                   0.695   2.956   17986.4   0.210
Professors                                   0.819   5.850   24268.2   0.663
Teachers          Non-Postsecondary          0.694   2.937   18162.9   0.894
Librarians  and Curators                     0.715   3.247   17927.2   0.164
Social Scientists and Urban Planners         0.703   3.057   23360.7   0.271
Social Work                                  0.700   3.025   13790.5   0.786
Lawyers       and Judges                     0.755   3.986   27949.1   0.506
Arts and Athletes                            0.610   2.023   19291.1   0.544
Health Technicians                           0.524   1.426   14669.8   0.247
Engineering Technicians                      0.514   1.369   17049.4   0.478
Science Technicians                          0.521   1.408   16482.2   0.363
Technicians, Other                           0.542   1.531   17233.1   0.285
Sales, all                                   0.532   1.470   17066.1   0.945
Secretaries                                  0.520   1.402   15114.6   0.241
Info. Clerks                                 0.503   1.310   15075.2   0.213
Records Processing, Non-Financial            0.616   2.077   18852.0   0.299
Financial Records Processing                 0.525   1.430   14297.9   0.368
Office Machine Operator                      0.500   1.296   14838.7   0.279
Computer/Communications Equip. Operator      0.469   1.143   16061.3   0.139
Mail Distribution                            0.489   1.239   14786.1   0.381
Scheduling and Distributing Clerks           0.441   1.023   12759.1   0.484
Adjusters and Investigators                  0.574   1.746   16513.3   0.321
Misc. Admin Support                          0.512   1.360   14886.6   0.698
Private Household Occupations                0.418   0.929   12235.2   0.169
Firefighting                                 0.458   1.094   14340.4   0.302
Police                                       0.474   1.166   14354.0   0.423
Guards                                       0.446   1.043   13082.0   0.249
Food Prep    and Service                     0.418   0.930   10378.0   0.416
Health Service                               0.439   1.011    9176.9   0.274
Cleaning and Building Service                0.403   0.875    9737.6   0.303
Personal Service                             0.438   1.010   11711.2   0.394
Farm Managers                                0.434   0.992    7955.6   0.943
Farm Work                                    0.338   0.660    5875.7   0.691
Related Agriculture                          0.401   0.867   10998.5   0.220
Forest, Logging, Fishers and Hunter          0.379   0.790    8751.4   0.283
Mechanics                                    0.418   0.929   12427.2   0.568
Elec. Repairer                               0.465   1.126   15207.6   0.494
Misc. Repairer                               0.432   0.985   13568.6   0.604
Construction Trade                           0.428   0.970   14294.4   0.697
Extractive                                   0.402   0.872   13500.0   0.326
Supervisor(P)                                0.462   1.113   16803.0   0.484
Precision Metal                              0.434   0.992   15173.9   0.488
Precision Wood                               0.416   0.922   12280.8   0.186
Precision, Textile                           0.385   0.809   11272.4   0.217
Precision, Other                             0.434   0.992   14454.5   0.249
Precision, Food                              0.420   0.938   12801.3   0.325
Plant Operator                               0.533   1.478   19213.3   0.340
Metal and Plastic Machine Operator           0.399   0.860   13914.6   0.268
Metal and Plastic Processing Operator        0.408   0.893   12576.6   0.180
Woodworking Machine Operator                 0.372   0.766    9801.3   0.210
Textile Machine Operator                     0.453   1.072   15662.8   0.329
Print Machine Operator                       0.387   0.817   10055.9   0.283
Machine Operator, Other                      0.405   0.879   12357.4   0.904
Fabricators                                  0.409   0.897   13160.8   0.471
Production Inspectors                        0.444   1.034   14064.0   0.348
Motor Vehicle Operator                       0.405   0.880   12415.9   0.764
Non Motor Vehicle Operator                   0.422   0.946   14801.0   0.412
Freight, Stock, Material Handler             0.395   0.845   10867.0   0.759

  MWM = 1097709028.827
 
 
-------------------------------------------------------------
Estimating w and Z from YWM:   1970
-------------------------------------------------------------
 
                                                 s     phi         w     zWM
----------------------------------------------------------------------------
Home                                         0.555   1.614   18142.2   1.000
Executives, Administrative, and Managerial   0.557   1.627   22711.3   0.854
Management Related                           0.598   1.928   23521.8   0.522
Architects                                   0.725   3.421   28940.3   0.229
Engineers                                    0.640   2.302   27561.1   0.605
Math and Computer Science                    0.628   2.188   26403.3   0.323
Natural Science                              0.667   2.590   25033.5   0.394
Doctors                                      0.759   4.084   35933.1   0.473
Health Assessment                            0.686   2.833   26342.9   0.284
Therapists                                   0.669   2.616   21581.5   0.200
Professors                                   0.814   5.679   28142.4   0.789
Teachers          Non-Postsecondary          0.715   3.245   22787.9   0.882
Librarians  and Curators                     0.720   3.328   22335.4   0.193
Social Scientists and Urban Planners         0.698   2.987   28634.1   0.295
Social Work                                  0.688   2.857   17862.4   0.572
Lawyers       and Judges                     0.763   4.174   36478.5   0.452
Arts and Athletes                            0.598   1.922   22130.0   0.431
Health Technicians                           0.597   1.918   19823.4   0.240
Engineering Technicians                      0.528   1.446   19514.7   0.481
Science Technicians                          0.583   1.812   19806.6   0.230
Technicians, Other                           0.586   1.834   23623.7   0.372
Sales, all                                   0.543   1.537   20936.5   0.759
Secretaries                                  0.536   1.495   17817.6   0.216
Info. Clerks                                 0.536   1.497   18502.3   0.224
Records Processing, Non-Financial            0.611   2.029   22971.6   0.338
Financial Records Processing                 0.533   1.478   17798.3   0.337
Office Machine Operator                      0.502   1.304   15019.5   0.170
Computer/Communications Equip. Operator      0.509   1.341   18384.1   0.239
Mail Distribution                            0.501   1.299   16488.4   0.308
Scheduling and Distributing Clerks           0.483   1.209   16235.5   0.451
Adjusters and Investigators                  0.573   1.736   20525.7   0.348
Misc. Admin Support                          0.528   1.446   18110.2   0.427
Private Household Occupations                0.431   0.982   12852.6   0.182
Firefighting                                 0.483   1.209   18708.2   0.257
Police                                       0.499   1.288   18834.3   0.377
Guards                                       0.493   1.258   15876.0   0.231
Food Prep    and Service                     0.455   1.079   12919.2   0.356
Health Service                               0.520   1.401   12808.5   0.233
Cleaning and Building Service                0.436   1.001   12998.4   0.348
Personal Service                             0.439   1.015   14226.3   0.356
Farm Managers                                0.475   1.173   12760.6   0.522
Farm Work                                    0.399   0.861    8816.5   0.447
Related Agriculture                          0.431   0.979   12989.5   0.248
Forest, Logging, Fishers and Hunter          0.444   1.035   12590.6   0.214
Mechanics                                    0.444   1.034   15926.9   0.560
Elec. Repairer                               0.481   1.199   17909.3   0.429
Misc. Repairer                               0.444   1.035   16519.4   0.445
Construction Trade                           0.451   1.062   17057.2   0.668
Extractive                                   0.429   0.972   15333.3   0.220
Supervisor(P)                                0.484   1.215   19709.6   0.469
Precision Metal                              0.465   1.127   18281.6   0.390
Precision Wood                               0.439   1.012   14213.3   0.166
Precision, Textile                           0.405   0.880   12873.2   0.195
Precision, Other                             0.479   1.189   18080.0   0.158
Precision, Food                              0.443   1.030   15526.2   0.289
Plant Operator                               0.475   1.171   18609.5   0.188
Metal and Plastic Machine Operator           0.443   1.030   16087.6   0.383
Metal and Plastic Processing Operator        0.417   0.925   15587.1   0.168
Woodworking Machine Operator                 0.397   0.851   11729.9   0.177
Textile Machine Operator                     0.472   1.156   18206.2   0.288
Print Machine Operator                       0.409   0.896   12214.4   0.316
Machine Operator, Other                      0.433   0.989   14998.1   0.660
Fabricators                                  0.440   1.015   15375.7   0.460
Production Inspectors                        0.482   1.205   16855.3   0.348
Motor Vehicle Operator                       0.437   1.006   15374.0   0.615
Non Motor Vehicle Operator                   0.439   1.014   16664.8   0.363
Freight, Stock, Material Handler             0.440   1.019   13607.6   0.569

  MWM = 997591669.059
 
 
-------------------------------------------------------------
Estimating w and Z from YWM:   1980
-------------------------------------------------------------
 
                                                 s     phi         w     zWM
----------------------------------------------------------------------------
Home                                         0.565   1.684   16100.2   1.000
Executives, Administrative, and Managerial   0.602   1.962   22937.0   0.833
Management Related                           0.631   2.210   22503.6   0.676
Architects                                   0.703   3.064   23057.2   0.287
Engineers                                    0.648   2.388   26566.9   0.531
Math and Computer Science                    0.652   2.420   26206.4   0.312
Natural Science                              0.702   3.046   23138.6   0.411
Doctors                                      0.758   4.060   35958.0   0.459
Health Assessment                            0.712   3.193   24162.8   0.354
Therapists                                   0.635   2.255   18872.7   0.265
Professors                                   0.811   5.545   22663.6   0.678
Teachers          Non-Postsecondary          0.709   3.156   19245.0   0.886
Librarians  and Curators                     0.724   3.400   18314.4   0.241
Social Scientists and Urban Planners         0.727   3.442   25831.8   0.338
Social Work                                  0.690   2.876   16134.7   0.595
Lawyers       and Judges                     0.769   4.300   32345.3   0.547
Arts and Athletes                            0.633   2.235   18131.3   0.552
Health Technicians                           0.621   2.125   17662.4   0.317
Engineering Technicians                      0.558   1.636   18678.7   0.452
Science Technicians                          0.584   1.815   19114.7   0.229
Technicians, Other                           0.631   2.213   21430.8   0.481
Sales, all                                   0.577   1.765   19911.3   0.842
Secretaries                                  0.594   1.898   16535.5   0.187
Info. Clerks                                 0.604   1.976   17725.1   0.237
Records Processing, Non-Financial            0.568   1.701   16299.4   0.270
Financial Records Processing                 0.586   1.832   17579.4   0.293
Office Machine Operator                      0.534   1.484   13916.2   0.105
Computer/Communications Equip. Operator      0.559   1.643   19233.5   0.284
Mail Distribution                            0.535   1.491   18928.0   0.295
Scheduling and Distributing Clerks           0.525   1.428   16316.5   0.467
Adjusters and Investigators                  0.608   2.009   18979.9   0.303
Misc. Admin Support                          0.589   1.855   17142.3   0.392
Private Household Occupations                0.469   1.144   10786.0   0.194
Firefighting                                 0.529   1.453   18812.5   0.261
Police                                       0.556   1.621   19331.6   0.409
Guards                                       0.537   1.504   15214.1   0.306
Food Prep    and Service                     0.520   1.401   11285.3   0.516
Health Service                               0.575   1.752   13393.5   0.310
Cleaning and Building Service                0.488   1.233   12938.1   0.458
Personal Service                             0.559   1.641   14306.0   0.332
Farm Managers                                0.526   1.439   13317.7   0.497
Farm Work                                    0.437   1.006   10285.1   0.383
Related Agriculture                          0.494   1.263   12261.9   0.316
Forest, Logging, Fishers and Hunter          0.489   1.240   14101.6   0.229
Mechanics                                    0.482   1.202   16002.5   0.566
Elec. Repairer                               0.509   1.344   19103.3   0.367
Misc. Repairer                               0.495   1.267   17356.6   0.361
Construction Trade                           0.495   1.271   16974.7   0.756
Extractive                                   0.468   1.138   18677.2   0.209
Supervisor(P)                                0.525   1.433   20093.9   0.454
Precision Metal                              0.490   1.243   17818.3   0.366
Precision Wood                               0.502   1.307   12732.7   0.205
Precision, Textile                           0.448   1.049   11714.6   0.170
Precision, Other                             0.504   1.316   15458.8   0.225
Precision, Food                              0.473   1.164   16135.5   0.241
Plant Operator                               0.520   1.401   19362.8   0.219
Metal and Plastic Machine Operator           0.469   1.142   16297.2   0.312
Metal and Plastic Processing Operator        0.463   1.116   15476.4   0.190
Woodworking Machine Operator                 0.465   1.124   12620.7   0.198
Textile Machine Operator                     0.504   1.316   16772.8   0.258
Print Machine Operator                       0.435   0.996   11258.5   0.251
Machine Operator, Other                      0.472   1.155   15832.9   0.521
Fabricators                                  0.469   1.145   15642.9   0.479
Production Inspectors                        0.503   1.309   17449.0   0.291
Motor Vehicle Operator                       0.478   1.187   16191.4   0.601
Non Motor Vehicle Operator                   0.483   1.207   18532.7   0.361
Freight, Stock, Material Handler             0.478   1.183   14314.2   0.544

  MWM = 670726420.588
 
 
-------------------------------------------------------------
Estimating w and Z from YWM:   1990
-------------------------------------------------------------
 
                                                 s     phi         w     zWM
----------------------------------------------------------------------------
Home                                         0.555   1.611   15576.0   1.000
Executives, Administrative, and Managerial   0.582   1.800   24727.9   0.694
Management Related                           0.620   2.108   24648.9   0.568
Architects                                   0.649   2.398   25439.0   0.211
Engineers                                    0.638   2.279   29693.9   0.481
Math and Computer Science                    0.636   2.260   29102.7   0.326
Natural Science                              0.674   2.676   24079.9   0.331
Doctors                                      0.762   4.147   40812.3   0.390
Health Assessment                            0.650   2.405   28041.6   0.227
Therapists                                   0.633   2.236   22915.5   0.195
Professors                                   0.814   5.670   22909.8   0.574
Teachers          Non-Postsecondary          0.669   2.613   19467.4   0.555
Librarians  and Curators                     0.714   3.232   18960.7   0.192
Social Scientists and Urban Planners         0.697   2.974   26795.1   0.252
Social Work                                  0.660   2.514   17019.1   0.429
Lawyers       and Judges                     0.765   4.211   42628.4   0.387
Arts and Athletes                            0.611   2.034   20027.1   0.483
Health Technicians                           0.585   1.824   18503.7   0.290
Engineering Technicians                      0.559   1.640   20310.2   0.411
Science Technicians                          0.569   1.708   19926.8   0.198
Technicians, Other                           0.603   1.968   23137.1   0.462
Sales, all                                   0.561   1.651   21329.8   0.799
Secretaries                                  0.578   1.771   15916.5   0.178
Info. Clerks                                 0.581   1.794   16954.0   0.240
Records Processing, Non-Financial            0.575   1.752   16915.7   0.219
Financial Records Processing                 0.568   1.700   16750.3   0.255
Office Machine Operator                      0.519   1.399   13776.8   0.111
Computer/Communications Equip. Operator      0.557   1.627   18880.9   0.272
Mail Distribution                            0.529   1.453   19260.4   0.273
Scheduling and Distributing Clerks           0.518   1.391   16058.0   0.458
Adjusters and Investigators                  0.586   1.829   18927.5   0.303
Misc. Admin Support                          0.579   1.782   17661.8   0.359
Private Household Occupations                0.484   1.213   11064.1   0.187
Firefighting                                 0.532   1.469   21974.1   0.217
Police                                       0.541   1.527   21004.7   0.352
Guards                                       0.533   1.476   15202.3   0.326
Food Prep    and Service                     0.518   1.390   11664.5   0.592
Health Service                               0.557   1.630   14131.8   0.284
Cleaning and Building Service                0.493   1.261   13185.9   0.473
Personal Service                             0.545   1.553   14191.1   0.299
Farm Managers                                0.510   1.349   13311.6   0.411
Farm Work                                    0.447   1.047   10660.9   0.341
Related Agriculture                          0.485   1.217   12625.2   0.385
Forest, Logging, Fishers and Hunter          0.476   1.177   13877.6   0.214
Mechanics                                    0.493   1.257   16680.9   0.559
Elec. Repairer                               0.517   1.385   18471.6   0.345
Misc. Repairer                               0.501   1.301   17073.2   0.368
Construction Trade                           0.489   1.239   16596.8   0.785
Extractive                                   0.476   1.176   18207.3   0.170
Supervisor(P)                                0.511   1.353   20341.3   0.350
Precision Metal                              0.496   1.274   18337.2   0.353
Precision Wood                               0.492   1.252   14538.7   0.174
Precision, Textile                           0.471   1.151   12490.2   0.170
Precision, Other                             0.498   1.285   16185.9   0.214
Precision, Food                              0.481   1.200   14638.5   0.253
Plant Operator                               0.517   1.384   21154.7   0.215
Metal and Plastic Machine Operator           0.475   1.173   15416.7   0.239
Metal and Plastic Processing Operator        0.480   1.197   16038.6   0.167
Woodworking Machine Operator                 0.471   1.154   12442.9   0.203
Textile Machine Operator                     0.500   1.293   17134.8   0.274
Print Machine Operator                       0.465   1.124   12730.6   0.256
Machine Operator, Other                      0.482   1.205   15885.9   0.477
Fabricators                                  0.481   1.200   15358.9   0.469
Production Inspectors                        0.512   1.356   17866.0   0.276
Motor Vehicle Operator                       0.488   1.233   15986.1   0.612
Non Motor Vehicle Operator                   0.484   1.216   17948.9   0.300
Freight, Stock, Material Handler             0.489   1.239   13723.7   0.571

  MWM = 728556296.340
 
 
-------------------------------------------------------------
Estimating w and Z from YWM:   2000
-------------------------------------------------------------
 
                                                 s     phi         w     zWM
----------------------------------------------------------------------------
Home                                         0.528   1.448   18319.8   1.000
Executives, Administrative, and Managerial   0.595   1.898   29030.0   0.670
Management Related                           0.619   2.100   27587.7   0.591
Architects                                   0.664   2.561   27421.6   0.221
Engineers                                    0.641   2.313   31545.8   0.448
Math and Computer Science                    0.605   1.982   27766.7   0.449
Natural Science                              0.701   3.042   24735.2   0.405
Doctors                                      0.762   4.136   42716.2   0.364
Health Assessment                            0.643   2.336   29807.6   0.240
Therapists                                   0.659   2.500   26709.2   0.241
Professors                                   0.792   4.922   22174.1   0.652
Teachers          Non-Postsecondary          0.672   2.646   20711.8   0.666
Librarians  and Curators                     0.710   3.168   19996.0   0.181
Social Scientists and Urban Planners         0.699   3.004   28043.5   0.235
Social Work                                  0.653   2.432   18566.5   0.423
Lawyers       and Judges                     0.763   4.175   43637.5   0.389
Arts and Athletes                            0.618   2.097   22096.2   0.514
Health Technicians                           0.576   1.761   20191.7   0.307
Engineering Technicians                      0.551   1.588   20254.3   0.349
Science Technicians                          0.563   1.669   20465.6   0.163
Technicians, Other                           0.627   2.172   30999.5   0.438
Sales, all                                   0.564   1.673   23235.3   0.774
Secretaries                                  0.585   1.828   19336.0   0.211
Info. Clerks                                 0.576   1.758   16945.4   0.257
Records Processing, Non-Financial            0.572   1.732   16623.8   0.220
Financial Records Processing                 0.567   1.695   17980.7   0.248
Office Machine Operator                      0.519   1.397   18131.7   0.117
Computer/Communications Equip. Operator      0.563   1.671   19855.0   0.192
Mail Distribution                            0.527   1.444   18017.2   0.249
Scheduling and Distributing Clerks           0.516   1.382   16198.1   0.494
Adjusters and Investigators                  0.571   1.725   19581.8   0.418
Misc. Admin Support                          0.582   1.802   17987.6   0.338
Private Household Occupations                0.491   1.249   11348.0   0.172
Firefighting                                 0.533   1.477   23176.1   0.234
Police                                       0.551   1.588   22340.5   0.432
Guards                                       0.531   1.463   15678.2   0.318
Food Prep    and Service                     0.515   1.377   12548.0   0.659
Health Service                               0.554   1.607   14089.0   0.294
Cleaning and Building Service                0.490   1.242   13903.2   0.411
Personal Service                             0.567   1.698   16484.6   0.360
Farm Managers                                0.519   1.399   15295.1   0.300
Farm Work                                    0.429   0.974   11095.2   0.309
Related Agriculture                          0.476   1.176   13375.2   0.423
Forest, Logging, Fishers and Hunter          0.473   1.163   14413.5   0.214
Mechanics                                    0.493   1.256   17906.4   0.543
Elec. Repairer                               0.513   1.361   18937.0   0.394
Misc. Repairer                               0.498   1.285   17613.3   0.342
Construction Trade                           0.480   1.193   16940.8   0.790
Extractive                                   0.477   1.183   18972.3   0.137
Supervisor(P)                                0.512   1.360   20882.0   0.335
Precision Metal                              0.497   1.277   19104.1   0.287
Precision Wood                               0.487   1.230   15076.2   0.169
Precision, Textile                           0.472   1.157   14912.2   0.127
Precision, Other                             0.531   1.465   16288.7   0.218
Precision, Food                              0.467   1.135   13902.6   0.245
Plant Operator                               0.508   1.334   20713.1   0.176
Metal and Plastic Machine Operator           0.476   1.175   15950.1   0.209
Metal and Plastic Processing Operator        0.485   1.217   17137.8   0.158
Woodworking Machine Operator                 0.477   1.179   15739.9   0.301
Textile Machine Operator                     0.498   1.286   17796.1   0.230
Print Machine Operator                       0.458   1.094   13130.6   0.239
Machine Operator, Other                      0.480   1.194   16322.7   0.444
Fabricators                                  0.483   1.208   16359.1   0.439
Production Inspectors                        0.519   1.397   18540.1   0.276
Motor Vehicle Operator                       0.488   1.234   16866.3   0.608
Non Motor Vehicle Operator                   0.483   1.209   18853.2   0.284
Freight, Stock, Material Handler             0.487   1.227   14293.8   0.506

  MWM = 912814008.558
 
 
-------------------------------------------------------------
Estimating w and Z from YWM:   2010
-------------------------------------------------------------
 
                                                 s     phi         w     zWM
----------------------------------------------------------------------------
Home                                         0.582   1.800   17969.3   1.000
Executives, Administrative, and Managerial   0.601   1.948   27883.8   0.575
Management Related                           0.633   2.230   29533.5   0.481
Architects                                   0.671   2.642   28605.4   0.157
Engineers                                    0.651   2.415   34849.8   0.335
Math and Computer Science                    0.606   1.991   27241.3   0.385
Natural Science                              0.705   3.096   27750.4   0.303
Doctors                                      0.762   4.155   44080.9   0.281
Health Assessment                            0.671   2.644   34979.0   0.207
Therapists                                   0.692   2.912   30169.2   0.210
Professors                                   0.804   5.314   22156.5   0.641
Teachers          Non-Postsecondary          0.687   2.835   22886.2   0.584
Librarians  and Curators                     0.737   3.631   20406.7   0.158
Social Scientists and Urban Planners         0.678   2.728   29688.3   0.202
Social Work                                  0.658   2.493   19241.6   0.373
Lawyers       and Judges                     0.764   4.180   50470.4   0.279
Arts and Athletes                            0.636   2.259   22887.6   0.436
Health Technicians                           0.578   1.775   21049.2   0.266
Engineering Technicians                      0.570   1.713   21967.0   0.263
Science Technicians                          0.581   1.798   21967.2   0.136
Technicians, Other                           0.631   2.213   32349.3   0.340
Sales, all                                   0.574   1.743   21169.5   0.702
Secretaries                                  0.608   2.006   18397.2   0.215
Info. Clerks                                 0.578   1.771   15659.8   0.256
Records Processing, Non-Financial            0.600   1.943   17165.0   0.209
Financial Records Processing                 0.576   1.761   18335.2   0.215
Office Machine Operator                      0.573   1.738   15150.0   0.092
Computer/Communications Equip. Operator      0.567   1.695   18400.0   0.135
Mail Distribution                            0.539   1.515   18390.7   0.198
Scheduling and Distributing Clerks           0.535   1.491   14919.9   0.469
Adjusters and Investigators                  0.574   1.746   17764.8   0.410
Misc. Admin Support                          0.593   1.884   17573.4   0.317
Private Household Occupations                0.484   1.214    9886.1   0.172
Firefighting                                 0.550   1.584   26130.6   0.194
Police                                       0.560   1.644   24450.6   0.325
Guards                                       0.552   1.597   16309.2   0.324
Food Prep    and Service                     0.536   1.496   11403.1   0.771
Health Service                               0.564   1.677   13963.2   0.323
Cleaning and Building Service                0.507   1.330   13216.7   0.398
Personal Service                             0.579   1.784   15304.3   0.363
Farm Managers                                0.523   1.417   17823.3   0.217
Farm Work                                    0.418   0.929   10798.2   0.315
Related Agriculture                          0.475   1.173   11743.5   0.453
Forest, Logging, Fishers and Hunter          0.491   1.248   15424.8   0.154
Mechanics                                    0.504   1.316   17905.2   0.423
Elec. Repairer                               0.522   1.412   18787.2   0.328
Misc. Repairer                               0.508   1.335   18126.2   0.277
Construction Trade                           0.483   1.209   16090.0   0.674
Extractive                                   0.485   1.221   23036.1   0.155
Supervisor(P)                                0.519   1.394   20735.8   0.220
Precision Metal                              0.502   1.305   18191.8   0.190
Precision Wood                               0.491   1.248   13609.5   0.122
Precision, Textile                           0.479   1.192   12124.1   0.100
Precision, Other                             0.547   1.565   16547.9   0.205
Precision, Food                              0.474   1.165   12475.4   0.234
Plant Operator                               0.530   1.460   23723.1   0.140
Metal and Plastic Machine Operator           0.474   1.168   15196.0   0.149
Metal and Plastic Processing Operator        0.497   1.279   15719.3   0.097
Woodworking Machine Operator                 0.480   1.196   15052.6   0.213
Textile Machine Operator                     0.505   1.321   15478.2   0.165
Print Machine Operator                       0.464   1.121   11770.9   0.173
Machine Operator, Other                      0.489   1.237   15365.7   0.376
Fabricators                                  0.485   1.220   15594.6   0.353
Production Inspectors                        0.528   1.446   18896.0   0.224
Motor Vehicle Operator                       0.501   1.301   15640.0   0.504
Non Motor Vehicle Operator                   0.495   1.271   20649.6   0.226
Freight, Stock, Material Handler             0.503   1.311   13096.1   0.506

  MWM = 559921326.131
 
 
=============================================================================
 Summary of Results for w, phi, s, Z from Young WM... (solveWMfor_w_phi.m)
=============================================================================
 
Values for w(i,t) --- wage per unit of human capital
 
                                              1960    1970    1980    1990    2000    2010
------------------------------------------------------------------------------------------
Home                                         14757   18142   16100   15576   18320   17969
Executives, Administrative, and Managerial   18412   22711   22937   24728   29030   27884
Management Related                           19367   23522   22504   24649   27588   29534
Architects                                   24118   28940   23057   25439   27422   28605
Engineers                                    23743   27561   26567   29694   31546   34850
Math and Computer Science                    23241   26403   26206   29103   27767   27241
Natural Science                              21740   25034   23139   24080   24735   27750
Doctors                                      24796   35933   35958   40812   42716   44081
Health Assessment                            22054   26343   24163   28042   29808   34979
Therapists                                   17986   21582   18873   22915   26709   30169
Professors                                   24268   28142   22664   22910   22174   22157
Teachers          Non-Postsecondary          18163   22788   19245   19467   20712   22886
Librarians  and Curators                     17927   22335   18314   18961   19996   20407
Social Scientists and Urban Planners         23361   28634   25832   26795   28043   29688
Social Work                                  13791   17862   16135   17019   18567   19242
Lawyers       and Judges                     27949   36479   32345   42628   43638   50470
Arts and Athletes                            19291   22130   18131   20027   22096   22888
Health Technicians                           14670   19823   17662   18504   20192   21049
Engineering Technicians                      17049   19515   18679   20310   20254   21967
Science Technicians                          16482   19807   19115   19927   20466   21967
Technicians, Other                           17233   23624   21431   23137   31000   32349
Sales, all                                   17066   20937   19911   21330   23235   21170
Secretaries                                  15115   17818   16535   15917   19336   18397
Info. Clerks                                 15075   18502   17725   16954   16945   15660
Records Processing, Non-Financial            18852   22972   16299   16916   16624   17165
Financial Records Processing                 14298   17798   17579   16750   17981   18335
Office Machine Operator                      14839   15020   13916   13777   18132   15150
Computer/Communications Equip. Operator      16061   18384   19233   18881   19855   18400
Mail Distribution                            14786   16488   18928   19260   18017   18391
Scheduling and Distributing Clerks           12759   16236   16316   16058   16198   14920
Adjusters and Investigators                  16513   20526   18980   18927   19582   17765
Misc. Admin Support                          14887   18110   17142   17662   17988   17573
Private Household Occupations                12235   12853   10786   11064   11348    9886
Firefighting                                 14340   18708   18812   21974   23176   26131
Police                                       14354   18834   19332   21005   22340   24451
Guards                                       13082   15876   15214   15202   15678   16309
Food Prep    and Service                     10378   12919   11285   11664   12548   11403
Health Service                                9177   12808   13393   14132   14089   13963
Cleaning and Building Service                 9738   12998   12938   13186   13903   13217
Personal Service                             11711   14226   14306   14191   16485   15304
Farm Managers                                 7956   12761   13318   13312   15295   17823
Farm Work                                     5876    8817   10285   10661   11095   10798
Related Agriculture                          10999   12989   12262   12625   13375   11743
Forest, Logging, Fishers and Hunter           8751   12591   14102   13878   14413   15425
Mechanics                                    12427   15927   16003   16681   17906   17905
Elec. Repairer                               15208   17909   19103   18472   18937   18787
Misc. Repairer                               13569   16519   17357   17073   17613   18126
Construction Trade                           14294   17057   16975   16597   16941   16090
Extractive                                   13500   15333   18677   18207   18972   23036
Supervisor(P)                                16803   19710   20094   20341   20882   20736
Precision Metal                              15174   18282   17818   18337   19104   18192
Precision Wood                               12281   14213   12733   14539   15076   13610
Precision, Textile                           11272   12873   11715   12490   14912   12124
Precision, Other                             14454   18080   15459   16186   16289   16548
Precision, Food                              12801   15526   16135   14639   13903   12475
Plant Operator                               19213   18609   19363   21155   20713   23723
Metal and Plastic Machine Operator           13915   16088   16297   15417   15950   15196
Metal and Plastic Processing Operator        12577   15587   15476   16039   17138   15719
Woodworking Machine Operator                  9801   11730   12621   12443   15740   15053
Textile Machine Operator                     15663   18206   16773   17135   17796   15478
Print Machine Operator                       10056   12214   11258   12731   13131   11771
Machine Operator, Other                      12357   14998   15833   15886   16323   15366
Fabricators                                  13161   15376   15643   15359   16359   15595
Production Inspectors                        14064   16855   17449   17866   18540   18896
Motor Vehicle Operator                       12416   15374   16191   15986   16866   15640
Non Motor Vehicle Operator                   14801   16665   18533   17949   18853   20650
Freight, Stock, Material Handler             10867   13608   14314   13724   14294   13096
 
 
Values for phi(i,t)
 
                                              1960    1970    1980    1990    2000    2010
------------------------------------------------------------------------------------------
Home                                         1.273   1.614   1.684   1.611   1.448   1.800
Executives, Administrative, and Managerial   1.431   1.627   1.962   1.800   1.898   1.948
Management Related                           1.911   1.928   2.210   2.108   2.100   2.230
Architects                                   2.900   3.421   3.064   2.398   2.561   2.642
Engineers                                    2.178   2.302   2.388   2.279   2.313   2.415
Math and Computer Science                    2.448   2.188   2.420   2.260   1.982   1.991
Natural Science                              2.489   2.590   3.046   2.676   3.042   3.096
Doctors                                      3.907   4.084   4.060   4.147   4.136   4.155
Health Assessment                            2.587   2.833   3.193   2.405   2.336   2.644
Therapists                                   2.956   2.616   2.255   2.236   2.500   2.912
Professors                                   5.850   5.679   5.545   5.670   4.922   5.314
Teachers          Non-Postsecondary          2.937   3.245   3.156   2.613   2.646   2.835
Librarians  and Curators                     3.247   3.328   3.400   3.232   3.168   3.631
Social Scientists and Urban Planners         3.057   2.987   3.442   2.974   3.004   2.728
Social Work                                  3.025   2.857   2.876   2.514   2.432   2.493
Lawyers       and Judges                     3.986   4.174   4.300   4.211   4.175   4.180
Arts and Athletes                            2.023   1.922   2.235   2.034   2.097   2.259
Health Technicians                           1.426   1.918   2.125   1.824   1.761   1.775
Engineering Technicians                      1.369   1.446   1.636   1.640   1.588   1.713
Science Technicians                          1.408   1.812   1.815   1.708   1.669   1.798
Technicians, Other                           1.531   1.834   2.213   1.968   2.172   2.213
Sales, all                                   1.470   1.537   1.765   1.651   1.673   1.743
Secretaries                                  1.402   1.495   1.898   1.771   1.828   2.006
Info. Clerks                                 1.310   1.497   1.976   1.794   1.758   1.771
Records Processing, Non-Financial            2.077   2.029   1.701   1.752   1.732   1.943
Financial Records Processing                 1.430   1.478   1.832   1.700   1.695   1.761
Office Machine Operator                      1.296   1.304   1.484   1.399   1.397   1.738
Computer/Communications Equip. Operator      1.143   1.341   1.643   1.627   1.671   1.695
Mail Distribution                            1.239   1.299   1.491   1.453   1.444   1.515
Scheduling and Distributing Clerks           1.023   1.209   1.428   1.391   1.382   1.491
Adjusters and Investigators                  1.746   1.736   2.009   1.829   1.725   1.746
Misc. Admin Support                          1.360   1.446   1.855   1.782   1.802   1.884
Private Household Occupations                0.929   0.982   1.144   1.213   1.249   1.214
Firefighting                                 1.094   1.209   1.453   1.469   1.477   1.584
Police                                       1.166   1.288   1.621   1.527   1.588   1.644
Guards                                       1.043   1.258   1.504   1.476   1.463   1.597
Food Prep    and Service                     0.930   1.079   1.401   1.390   1.377   1.496
Health Service                               1.011   1.401   1.752   1.630   1.607   1.677
Cleaning and Building Service                0.875   1.001   1.233   1.261   1.242   1.330
Personal Service                             1.010   1.015   1.641   1.553   1.698   1.784
Farm Managers                                0.992   1.173   1.439   1.349   1.399   1.417
Farm Work                                    0.660   0.861   1.006   1.047   0.974   0.929
Related Agriculture                          0.867   0.979   1.263   1.217   1.176   1.173
Forest, Logging, Fishers and Hunter          0.790   1.035   1.240   1.177   1.163   1.248
Mechanics                                    0.929   1.034   1.202   1.257   1.256   1.316
Elec. Repairer                               1.126   1.199   1.344   1.385   1.361   1.412
Misc. Repairer                               0.985   1.035   1.267   1.301   1.285   1.335
Construction Trade                           0.970   1.062   1.271   1.239   1.193   1.209
Extractive                                   0.872   0.972   1.138   1.176   1.183   1.221
Supervisor(P)                                1.113   1.215   1.433   1.353   1.360   1.394
Precision Metal                              0.992   1.127   1.243   1.274   1.277   1.305
Precision Wood                               0.922   1.012   1.307   1.252   1.230   1.248
Precision, Textile                           0.809   0.880   1.049   1.151   1.157   1.192
Precision, Other                             0.992   1.189   1.316   1.285   1.465   1.565
Precision, Food                              0.938   1.030   1.164   1.200   1.135   1.165
Plant Operator                               1.478   1.171   1.401   1.384   1.334   1.460
Metal and Plastic Machine Operator           0.860   1.030   1.142   1.173   1.175   1.168
Metal and Plastic Processing Operator        0.893   0.925   1.116   1.197   1.217   1.279
Woodworking Machine Operator                 0.766   0.851   1.124   1.154   1.179   1.196
Textile Machine Operator                     1.072   1.156   1.316   1.293   1.286   1.321
Print Machine Operator                       0.817   0.896   0.996   1.124   1.094   1.121
Machine Operator, Other                      0.879   0.989   1.155   1.205   1.194   1.237
Fabricators                                  0.897   1.015   1.145   1.200   1.208   1.220
Production Inspectors                        1.034   1.205   1.309   1.356   1.397   1.446
Motor Vehicle Operator                       0.880   1.006   1.187   1.233   1.234   1.301
Non Motor Vehicle Operator                   0.946   1.014   1.207   1.216   1.209   1.271
Freight, Stock, Material Handler             0.845   1.019   1.183   1.239   1.227   1.311
 
 
Values for s(i,t)
 
                                              1960    1970    1980    1990    2000    2010
------------------------------------------------------------------------------------------
Home                                         0.496   0.555   0.565   0.555   0.528   0.582
Executives, Administrative, and Managerial   0.525   0.557   0.602   0.582   0.595   0.601
Management Related                           0.596   0.598   0.631   0.620   0.619   0.633
Architects                                   0.691   0.725   0.703   0.649   0.664   0.671
Engineers                                    0.627   0.640   0.648   0.638   0.641   0.651
Math and Computer Science                    0.654   0.628   0.652   0.636   0.605   0.606
Natural Science                              0.658   0.667   0.702   0.674   0.701   0.705
Doctors                                      0.751   0.759   0.758   0.762   0.762   0.762
Health Assessment                            0.667   0.686   0.712   0.650   0.643   0.671
Therapists                                   0.695   0.669   0.635   0.633   0.659   0.692
Professors                                   0.819   0.814   0.811   0.814   0.792   0.804
Teachers          Non-Postsecondary          0.694   0.715   0.709   0.669   0.672   0.687
Librarians  and Curators                     0.715   0.720   0.724   0.714   0.710   0.737
Social Scientists and Urban Planners         0.703   0.698   0.727   0.697   0.699   0.678
Social Work                                  0.700   0.688   0.690   0.660   0.653   0.658
Lawyers       and Judges                     0.755   0.763   0.769   0.765   0.763   0.764
Arts and Athletes                            0.610   0.598   0.633   0.611   0.618   0.636
Health Technicians                           0.524   0.597   0.621   0.585   0.576   0.578
Engineering Technicians                      0.514   0.528   0.558   0.559   0.551   0.570
Science Technicians                          0.521   0.583   0.584   0.569   0.563   0.581
Technicians, Other                           0.542   0.586   0.631   0.603   0.627   0.631
Sales, all                                   0.532   0.543   0.577   0.561   0.564   0.574
Secretaries                                  0.520   0.536   0.594   0.578   0.585   0.608
Info. Clerks                                 0.503   0.536   0.604   0.581   0.576   0.578
Records Processing, Non-Financial            0.616   0.611   0.568   0.575   0.572   0.600
Financial Records Processing                 0.525   0.533   0.586   0.568   0.567   0.576
Office Machine Operator                      0.500   0.502   0.534   0.519   0.519   0.573
Computer/Communications Equip. Operator      0.469   0.509   0.559   0.557   0.563   0.567
Mail Distribution                            0.489   0.501   0.535   0.529   0.527   0.539
Scheduling and Distributing Clerks           0.441   0.483   0.525   0.518   0.516   0.535
Adjusters and Investigators                  0.574   0.573   0.608   0.586   0.571   0.574
Misc. Admin Support                          0.512   0.528   0.589   0.579   0.582   0.593
Private Household Occupations                0.418   0.431   0.469   0.484   0.491   0.484
Firefighting                                 0.458   0.483   0.529   0.532   0.533   0.550
Police                                       0.474   0.499   0.556   0.541   0.551   0.560
Guards                                       0.446   0.493   0.537   0.533   0.531   0.552
Food Prep    and Service                     0.418   0.455   0.520   0.518   0.515   0.536
Health Service                               0.439   0.520   0.575   0.557   0.554   0.564
Cleaning and Building Service                0.403   0.436   0.488   0.493   0.490   0.507
Personal Service                             0.438   0.439   0.559   0.545   0.567   0.579
Farm Managers                                0.434   0.475   0.526   0.510   0.519   0.523
Farm Work                                    0.338   0.399   0.437   0.447   0.429   0.418
Related Agriculture                          0.401   0.431   0.494   0.485   0.476   0.475
Forest, Logging, Fishers and Hunter          0.379   0.444   0.489   0.476   0.473   0.491
Mechanics                                    0.418   0.444   0.482   0.493   0.493   0.504
Elec. Repairer                               0.465   0.481   0.509   0.517   0.513   0.522
Misc. Repairer                               0.432   0.444   0.495   0.501   0.498   0.508
Construction Trade                           0.428   0.451   0.495   0.489   0.480   0.483
Extractive                                   0.402   0.429   0.468   0.476   0.477   0.485
Supervisor(P)                                0.462   0.484   0.525   0.511   0.512   0.519
Precision Metal                              0.434   0.465   0.490   0.496   0.497   0.502
Precision Wood                               0.416   0.439   0.502   0.492   0.487   0.491
Precision, Textile                           0.385   0.405   0.448   0.471   0.472   0.479
Precision, Other                             0.434   0.479   0.504   0.498   0.531   0.547
Precision, Food                              0.420   0.443   0.473   0.481   0.467   0.474
Plant Operator                               0.533   0.475   0.520   0.517   0.508   0.530
Metal and Plastic Machine Operator           0.399   0.443   0.469   0.475   0.476   0.474
Metal and Plastic Processing Operator        0.408   0.417   0.463   0.480   0.485   0.497
Woodworking Machine Operator                 0.372   0.397   0.465   0.471   0.477   0.480
Textile Machine Operator                     0.453   0.472   0.504   0.500   0.498   0.505
Print Machine Operator                       0.387   0.409   0.435   0.465   0.458   0.464
Machine Operator, Other                      0.405   0.433   0.472   0.482   0.480   0.489
Fabricators                                  0.409   0.440   0.469   0.481   0.483   0.485
Production Inspectors                        0.444   0.482   0.503   0.512   0.519   0.528
Motor Vehicle Operator                       0.405   0.437   0.478   0.488   0.488   0.501
Non Motor Vehicle Operator                   0.422   0.439   0.483   0.484   0.483   0.495
Freight, Stock, Material Handler             0.395   0.440   0.478   0.489   0.487   0.503
 
 
Values for ZWM(i,t)
 
                                              1960    1970    1980    1990    2000    2010
------------------------------------------------------------------------------------------
Home                                         1.000   1.000   1.000   1.000   1.000   1.000
Executives, Administrative, and Managerial   0.876   0.854   0.833   0.694   0.670   0.575
Management Related                           0.741   0.522   0.676   0.568   0.591   0.481
Architects                                   0.208   0.229   0.287   0.211   0.221   0.157
Engineers                                    0.683   0.605   0.531   0.481   0.448   0.335
Math and Computer Science                    0.191   0.323   0.312   0.326   0.449   0.385
Natural Science                              0.447   0.394   0.411   0.331   0.405   0.303
Doctors                                      0.653   0.473   0.459   0.390   0.364   0.281
Health Assessment                            0.317   0.284   0.354   0.227   0.240   0.207
Therapists                                   0.210   0.200   0.265   0.195   0.241   0.210
Professors                                   0.663   0.789   0.678   0.574   0.652   0.641
Teachers          Non-Postsecondary          0.894   0.882   0.886   0.555   0.666   0.584
Librarians  and Curators                     0.164   0.193   0.241   0.192   0.181   0.158
Social Scientists and Urban Planners         0.271   0.295   0.338   0.252   0.235   0.202
Social Work                                  0.786   0.572   0.595   0.429   0.423   0.373
Lawyers       and Judges                     0.506   0.452   0.547   0.387   0.389   0.279
Arts and Athletes                            0.544   0.431   0.552   0.483   0.514   0.436
Health Technicians                           0.247   0.240   0.317   0.290   0.307   0.266
Engineering Technicians                      0.478   0.481   0.452   0.411   0.349   0.263
Science Technicians                          0.363   0.230   0.229   0.198   0.163   0.136
Technicians, Other                           0.285   0.372   0.481   0.462   0.438   0.340
Sales, all                                   0.945   0.759   0.842   0.799   0.774   0.702
Secretaries                                  0.241   0.216   0.187   0.178   0.211   0.215
Info. Clerks                                 0.213   0.224   0.237   0.240   0.257   0.256
Records Processing, Non-Financial            0.299   0.338   0.270   0.219   0.220   0.209
Financial Records Processing                 0.368   0.337   0.293   0.255   0.248   0.215
Office Machine Operator                      0.279   0.170   0.105   0.111   0.117   0.092
Computer/Communications Equip. Operator      0.139   0.239   0.284   0.272   0.192   0.135
Mail Distribution                            0.381   0.308   0.295   0.273   0.249   0.198
Scheduling and Distributing Clerks           0.484   0.451   0.467   0.458   0.494   0.469
Adjusters and Investigators                  0.321   0.348   0.303   0.303   0.418   0.410
Misc. Admin Support                          0.698   0.427   0.392   0.359   0.338   0.317
Private Household Occupations                0.169   0.182   0.194   0.187   0.172   0.172
Firefighting                                 0.302   0.257   0.261   0.217   0.234   0.194
Police                                       0.423   0.377   0.409   0.352   0.432   0.325
Guards                                       0.249   0.231   0.306   0.326   0.318   0.324
Food Prep    and Service                     0.416   0.356   0.516   0.592   0.659   0.771
Health Service                               0.274   0.233   0.310   0.284   0.294   0.323
Cleaning and Building Service                0.303   0.348   0.458   0.473   0.411   0.398
Personal Service                             0.394   0.356   0.332   0.299   0.360   0.363
Farm Managers                                0.943   0.522   0.497   0.411   0.300   0.217
Farm Work                                    0.691   0.447   0.383   0.341   0.309   0.315
Related Agriculture                          0.220   0.248   0.316   0.385   0.423   0.453
Forest, Logging, Fishers and Hunter          0.283   0.214   0.229   0.214   0.214   0.154
Mechanics                                    0.568   0.560   0.566   0.559   0.543   0.423
Elec. Repairer                               0.494   0.429   0.367   0.345   0.394   0.328
Misc. Repairer                               0.604   0.445   0.361   0.368   0.342   0.277
Construction Trade                           0.697   0.668   0.756   0.785   0.790   0.674
Extractive                                   0.326   0.220   0.209   0.170   0.137   0.155
Supervisor(P)                                0.484   0.469   0.454   0.350   0.335   0.220
Precision Metal                              0.488   0.390   0.366   0.353   0.287   0.190
Precision Wood                               0.186   0.166   0.205   0.174   0.169   0.122
Precision, Textile                           0.217   0.195   0.170   0.170   0.127   0.100
Precision, Other                             0.249   0.158   0.225   0.214   0.218   0.205
Precision, Food                              0.325   0.289   0.241   0.253   0.245   0.234
Plant Operator                               0.340   0.188   0.219   0.215   0.176   0.140
Metal and Plastic Machine Operator           0.268   0.383   0.312   0.239   0.209   0.149
Metal and Plastic Processing Operator        0.180   0.168   0.190   0.167   0.158   0.097
Woodworking Machine Operator                 0.210   0.177   0.198   0.203   0.301   0.213
Textile Machine Operator                     0.329   0.288   0.258   0.274   0.230   0.165
Print Machine Operator                       0.283   0.316   0.251   0.256   0.239   0.173
Machine Operator, Other                      0.904   0.660   0.521   0.477   0.444   0.376
Fabricators                                  0.471   0.460   0.479   0.469   0.439   0.353
Production Inspectors                        0.348   0.348   0.291   0.276   0.276   0.224
Motor Vehicle Operator                       0.764   0.615   0.601   0.612   0.608   0.504
Non Motor Vehicle Operator                   0.412   0.363   0.361   0.300   0.284   0.226
Freight, Stock, Material Handler             0.759   0.569   0.544   0.571   0.506   0.506
 
 
WageBarHomeY(g,t):
 
               1960    1970    1980    1990    2000    2010
-----------------------------------------------------------
White Men     29602   35068   30147   29637   36650   33905
White Women   29602   35068   30147   29637   36650   33905
Black Men     29602   35068   30147   29637   36650   33905
Black Women   29602   35068   30147   29637   36650   33905
 
 
 
>>> Calling GetTExperience: Loop = 3
 
 
===========================================================
GetTExperience.m:
Fixing tauhat_y missing values --> tauhat_y_cleaned (just for robustness cases)
 -- Use first non-missing value
 
===========================================================
 
*********************
White Women
*********************
 
tauhat_y_cleaned Firefighting     NaN  0.9284  1.2050  1.1922  1.1422  1.0932
tauhat_y_cleaned Firefighting  0.9284  0.9284  1.2050  1.1922  1.1422  1.0932
tauhat_y_cleaned Forest     NaN  1.3495  1.1989  1.0825  1.1869  0.9686
tauhat_y_cleaned Forest  1.3495  1.3495  1.1989  1.0825  1.1869  0.9686
 
*********************
Black Men
*********************
 
tauhat_y_cleaned Architects     NaN  1.1167  1.1298  1.0875  1.1333  1.1511
tauhat_y_cleaned Architects  1.1167  1.1167  1.1298  1.0875  1.1333  1.1511
tauhat_y_cleaned Librarians     NaN  1.2220  0.9999  1.0105  0.9785  0.9903
tauhat_y_cleaned Librarians  1.2220  1.2220  0.9999  1.0105  0.9785  0.9903
 
*********************
Black Women
*********************
 
tauhat_y_cleaned Architects     NaN     NaN  0.7790  1.0914  1.0631  0.6516
tauhat_y_cleaned Architects  0.7790  0.7790  0.7790  1.0914  1.0631  0.6516
tauhat_y_cleaned Engineers     NaN     NaN  1.2741  1.1305  1.0851  1.0679
tauhat_y_cleaned Engineers  1.2741  1.2741  1.2741  1.1305  1.0851  1.0679
tauhat_y_cleaned Math/CompSci     NaN  1.3031  1.3058  1.2775  1.2263  1.1776
tauhat_y_cleaned Math/CompSci  1.3031  1.3031  1.3058  1.2775  1.2263  1.1776
tauhat_y_cleaned Science     NaN  1.2690  1.2250  1.0931  1.0534  1.0829
tauhat_y_cleaned Science  1.2690  1.2690  1.2250  1.0931  1.0534  1.0829
tauhat_y_cleaned Eng.Techs     NaN  1.4428  1.3061  1.2790  1.1160  1.1190
tauhat_y_cleaned Eng.Techs  1.4428  1.4428  1.3061  1.2790  1.1160  1.1190
tauhat_y_cleaned OtherTechs     NaN  1.1910  1.2781  1.2305  1.3164  1.3633
tauhat_y_cleaned OtherTechs  1.1910  1.1910  1.2781  1.2305  1.3164  1.3633
tauhat_y_cleaned Firefighting     NaN     NaN  1.0724  1.4545  1.3176  1.2362
tauhat_y_cleaned Firefighting  1.0724  1.0724  1.0724  1.4545  1.3176  1.2362
tauhat_y_cleaned Police     NaN  1.3180  1.3495  1.1531  1.2228  1.2548
tauhat_y_cleaned Police  1.3180  1.3180  1.3495  1.1531  1.2228  1.2548
tauhat_y_cleaned FarmMgrs  5.2034  1.9193  2.6605  1.7130     NaN  1.7305
tauhat_y_cleaned FarmMgrs  5.2034  1.9193  2.6605  1.7130  1.7217  1.7305
tauhat_y_cleaned Agriculture     NaN  1.4443  1.5791  1.3684  1.1550  1.0393
tauhat_y_cleaned Agriculture  1.4443  1.4443  1.5791  1.3684  1.1550  1.0393
tauhat_y_cleaned Forest     NaN  1.3794  1.3254  1.2039  1.0103     NaN
tauhat_y_cleaned Forest  1.3794  1.3794  1.3254  1.2039  1.0103  1.0103
tauhat_y_cleaned Mechanics     NaN  1.9495  1.2261  1.1068  1.1321  1.1275
tauhat_y_cleaned Mechanics  1.9495  1.9495  1.2261  1.1068  1.1321  1.1275
tauhat_y_cleaned Elec.Repairer     NaN  2.1252  1.3090  1.0384  0.9924  1.0979
tauhat_y_cleaned Elec.Repairer  2.1252  2.1252  1.3090  1.0384  0.9924  1.0979
tauhat_y_cleaned Extractive     NaN  1.4011  2.5577  1.2137     NaN  1.8281
tauhat_y_cleaned Extractive  1.4011  1.4011  2.5577  1.2137  1.5209  1.8281
tauhat_y_cleaned MetalWork     NaN  1.2791  1.6114  1.3712  1.1908  1.4296
tauhat_y_cleaned MetalWork  1.2791  1.2791  1.6114  1.3712  1.1908  1.4296
tauhat_y_cleaned WoodWork     NaN  1.5324  1.8340  1.7206  1.4260  1.4929
tauhat_y_cleaned WoodWork  1.5324  1.5324  1.8340  1.7206  1.4260  1.4929
tauhat_y_cleaned PlantOperator     NaN     NaN  1.3547  1.5500  1.2365  1.2203
tauhat_y_cleaned PlantOperator  1.3547  1.3547  1.3547  1.5500  1.2365  1.2203
tauhat_y_cleaned MetalMach.     NaN  1.4173  1.4936  1.4851  1.3651  1.7221
tauhat_y_cleaned MetalMach.  1.4173  1.4173  1.4936  1.4851  1.3651  1.7221
tauhat_y_cleaned MetalProc.     NaN  1.7596  1.6355  1.4851  1.3945  1.3112
tauhat_y_cleaned MetalProc.  1.7596  1.7596  1.6355  1.4851  1.3945  1.3112
tauhat_y_cleaned WoodMach.     NaN  1.7469  1.4107  1.3535  1.2520  1.1294
tauhat_y_cleaned WoodMach.  1.7469  1.7469  1.4107  1.3535  1.2520  1.1294
tauhat_y_cleaned TextileMach.     NaN  1.5758  1.7358  1.3826  1.4813  1.3179
tauhat_y_cleaned TextileMach.  1.5758  1.5758  1.7358  1.3826  1.4813  1.3179
 
GetTExperience.m:
                     TigYMO for               --- 1960 ---      and    --- 1990 ---
Home                                         1.00   1.29   1.62        1.00   1.40   1.66
Executives, Administrative, and Managerial   1.00   1.29   1.62        1.00   1.40   1.66
Management Related                           1.00   1.29   1.62        1.00   1.40   1.66
Architects                                   1.00   1.29   1.62        1.00   1.40   1.66
Engineers                                    1.00   1.29   1.62        1.00   1.40   1.66
Math and Computer Science                    1.00   1.29   1.62        1.00   1.40   1.66
Natural Science                              1.00   1.29   1.62        1.00   1.40   1.66
Doctors                                      1.00   1.29   1.62        1.00   1.40   1.66
Health Assessment                            1.00   1.29   1.62        1.00   1.40   1.66
Therapists                                   1.00   1.29   1.62        1.00   1.40   1.66
Professors                                   1.00   1.29   1.62        1.00   1.40   1.66
Teachers          Non-Postsecondary          1.00   1.29   1.62        1.00   1.40   1.66
Librarians  and Curators                     1.00   1.29   1.62        1.00   1.40   1.66
Social Scientists and Urban Planners         1.00   1.29   1.62        1.00   1.40   1.66
Social Work                                  1.00   1.29   1.62        1.00   1.40   1.66
Lawyers       and Judges                     1.00   1.29   1.62        1.00   1.40   1.66
Arts and Athletes                            1.00   1.29   1.62        1.00   1.40   1.66
Health Technicians                           1.00   1.29   1.62        1.00   1.40   1.66
Engineering Technicians                      1.00   1.29   1.62        1.00   1.40   1.66
Science Technicians                          1.00   1.29   1.62        1.00   1.40   1.66
Technicians, Other                           1.00   1.29   1.62        1.00   1.40   1.66
Sales, all                                   1.00   1.29   1.62        1.00   1.40   1.66
Secretaries                                  1.00   1.29   1.62        1.00   1.40   1.66
Info. Clerks                                 1.00   1.29   1.62        1.00   1.40   1.66
Records Processing, Non-Financial            1.00   1.29   1.62        1.00   1.40   1.66
Financial Records Processing                 1.00   1.29   1.62        1.00   1.40   1.66
Office Machine Operator                      1.00   1.29   1.62        1.00   1.40   1.66
Computer/Communications Equip. Operator      1.00   1.29   1.62        1.00   1.40   1.66
Mail Distribution                            1.00   1.29   1.62        1.00   1.40   1.66
Scheduling and Distributing Clerks           1.00   1.29   1.62        1.00   1.40   1.66
Adjusters and Investigators                  1.00   1.29   1.62        1.00   1.40   1.66
Misc. Admin Support                          1.00   1.29   1.62        1.00   1.40   1.66
Private Household Occupations                1.00   1.29   1.62        1.00   1.40   1.66
Firefighting                                 1.00   1.29   1.62        1.00   1.40   1.66
Police                                       1.00   1.29   1.62        1.00   1.40   1.66
Guards                                       1.00   1.29   1.62        1.00   1.40   1.66
Food Prep    and Service                     1.00   1.29   1.62        1.00   1.40   1.66
Health Service                               1.00   1.29   1.62        1.00   1.40   1.66
Cleaning and Building Service                1.00   1.29   1.62        1.00   1.40   1.66
Personal Service                             1.00   1.29   1.62        1.00   1.40   1.66
Farm Managers                                1.00   1.29   1.62        1.00   1.40   1.66
Farm Work                                    1.00   1.29   1.62        1.00   1.40   1.66
Related Agriculture                          1.00   1.29   1.62        1.00   1.40   1.66
Forest, Logging, Fishers and Hunter          1.00   1.29   1.62        1.00   1.40   1.66
Mechanics                                    1.00   1.29   1.62        1.00   1.40   1.66
Elec. Repairer                               1.00   1.29   1.62        1.00   1.40   1.66
Misc. Repairer                               1.00   1.29   1.62        1.00   1.40   1.66
Construction Trade                           1.00   1.29   1.62        1.00   1.40   1.66
Extractive                                   1.00   1.29   1.62        1.00   1.40   1.66
Supervisor(P)                                1.00   1.29   1.62        1.00   1.40   1.66
Precision Metal                              1.00   1.29   1.62        1.00   1.40   1.66
Precision Wood                               1.00   1.29   1.62        1.00   1.40   1.66
Precision, Textile                           1.00   1.29   1.62        1.00   1.40   1.66
Precision, Other                             1.00   1.29   1.62        1.00   1.40   1.66
Precision, Food                              1.00   1.29   1.62        1.00   1.40   1.66
Plant Operator                               1.00   1.29   1.62        1.00   1.40   1.66
Metal and Plastic Machine Operator           1.00   1.29   1.62        1.00   1.40   1.66
Metal and Plastic Processing Operator        1.00   1.29   1.62        1.00   1.40   1.66
Woodworking Machine Operator                 1.00   1.29   1.62        1.00   1.40   1.66
Textile Machine Operator                     1.00   1.29   1.62        1.00   1.40   1.66
Print Machine Operator                       1.00   1.29   1.62        1.00   1.40   1.66
Machine Operator, Other                      1.00   1.29   1.62        1.00   1.40   1.66
Fabricators                                  1.00   1.29   1.62        1.00   1.40   1.66
Production Inspectors                        1.00   1.29   1.62        1.00   1.40   1.66
Motor Vehicle Operator                       1.00   1.29   1.62        1.00   1.40   1.66
Non Motor Vehicle Operator                   1.00   1.29   1.62        1.00   1.40   1.66
Freight, Stock, Material Handler             1.00   1.29   1.62        1.00   1.40   1.66
 
Values for occupation 8:
ans =

   1.0000   1.2901   1.6191
   1.0000   1.4275   1.5959
   1.0000   1.2975   1.4791
   1.0000   1.4044   1.6643
   1.0000   1.4577        0
   1.0000   1.0000   1.0000

 
Tbar and TbarHat by Group and Years for Doctors
ans =

   3.9092   4.0234   3.7766   4.0687   4.1851   4.1851
   3.9092   4.0234   3.7766   4.0687   4.1851   4.1851
   3.9092   4.0234   3.7766   4.0687   4.1851   4.1851
   3.9092   4.0234   3.7766   4.0687   4.1851   4.1851

ans =

   1   1   1   1   1   1
   1   1   1   1   1   1
   1   1   1   1   1   1
   1   1   1   1   1   1

 
Tbar and TbarHat by Group and Years for Secretaries
ans =

   3.9092   4.0234   3.7766   4.0687   4.1851   4.1851
   3.9092   4.0234   3.7766   4.0687   4.1851   4.1851
   3.9092   4.0234   3.7766   4.0687   4.1851   4.1851
   3.9092   4.0234   3.7766   4.0687   4.1851   4.1851

ans =

   1   1   1   1   1   1
   1   1   1   1   1   1
   1   1   1   1   1   1
   1   1   1   1   1   1

 
Tbar and TbarHat by Group and Years for Farm
ans =

   3.9092   4.0234   3.7766   4.0687   4.1851   4.1851
   3.9092   4.0234   3.7766   4.0687   4.1851   4.1851
   3.9092   4.0234   3.7766   4.0687   4.1851   4.1851
   3.9092   4.0234   3.7766   4.0687   4.1851   4.1851

ans =

   1   1   1   1   1   1
   1   1   1   1   1   1
   1   1   1   1   1   1
   1   1   1   1   1   1

 
Done with iteration to get Tbar convergence. MaxDiff=0.0003  s_counter= 4
 
 
Iteration to get Tbar ended after  3 iterations 
Markup of geometric mean over arithmetic mean is   0.8785
pterm = 0.9997
GeoArith_model =   0.9997
GeoArith_markup =   0.8785
GeoArith_adjust =   1.1380
Using WageforTauW=WageBar to get WageGrowth for estimating TauW...
 
 
--------------------------------------------------------------------------------------------------
                          >>>>> White Men <<<<<
--------------------------------------------------------------------------------------------------
 
======================================
 YEAR = 1960
======================================
  Note: tauh* := (1+tauh)^eta - 1 
 
                       pY     pfitY         Z    TauHat      TauH     tauh*     TauW0     TauW1  wagegrth  wagegrWM ExpFactor     alpha
---------------------------------------------------------------------------------------------------------------------------------------
Home                0.086       NaN     1.000       NaN     0.000     0.000     0.000     0.000       NaN       NaN     1.000       NaN
Managers            0.077     0.077     0.876     1.000     0.000     0.000     0.000     0.000     1.446     1.446     1.000       NaN
MgmtRelated         0.032     0.032     0.741     1.000     0.000     0.000     0.000     0.000     1.344     1.344     1.000       NaN
Architects          0.001     0.001     0.208     1.000     0.000     0.000     0.000     0.000     1.437     1.437     1.000       NaN
Engineers           0.030     0.030     0.683     1.000     0.000     0.000     0.000     0.000     1.364     1.364     1.000       NaN
Math/CompSci        0.001     0.001     0.191     1.000     0.000     0.000     0.000     0.000     1.385     1.385     1.000       NaN
Science             0.006     0.006     0.447     1.000     0.000     0.000     0.000     0.000     1.320     1.320     1.000       NaN
Doctors             0.008     0.008     0.653     1.000     0.000     0.000     0.000     0.000     2.008     2.008     1.000       NaN
Nurses              0.002     0.002     0.317     1.000     0.000     0.000     0.000     0.000     1.353     1.353     1.000       NaN
Therapists          0.000     0.000     0.210     1.000     0.000     0.000     0.000     0.000     1.344     1.344     1.000       NaN
Professors          0.003     0.003     0.663     1.000     0.000     0.000     0.000     0.000     1.564     1.564     1.000       NaN
Teachers            0.019     0.019     0.894     1.000     0.000     0.000     0.000     0.000     1.398     1.398     1.000       NaN
Librarians          0.000     0.000     0.164     1.000     0.000     0.000     0.000     0.000     1.411     1.411     1.000       NaN
Soc.Scientists      0.001     0.001     0.271     1.000     0.000     0.000     0.000     0.000     1.584     1.584     1.000       NaN
SocialWork          0.007     0.007     0.786     1.000     0.000     0.000     0.000     0.000     1.343     1.343     1.000       NaN
Lawyers             0.005     0.005     0.506     1.000     0.000     0.000     0.000     0.000     1.707     1.707     1.000       NaN
Arts/Athletes       0.013     0.013     0.544     1.000     0.000     0.000     0.000     0.000     1.326     1.326     1.000       NaN
HealthTechs         0.002     0.002     0.247     1.000     0.000     0.000     0.000     0.000     1.434     1.434     1.000       NaN
Eng.Techs           0.015     0.015     0.478     1.000     0.000     0.000     0.000     0.000     1.295     1.295     1.000       NaN
ScienceTechs        0.007     0.007     0.363     1.000     0.000     0.000     0.000     0.000     1.262     1.262     1.000       NaN
OtherTechs          0.003     0.003     0.285     1.000     0.000     0.000     0.000     0.000     1.523     1.523     1.000       NaN
Sales               0.077     0.077     0.945     1.000     0.000     0.000     0.000     0.000     1.374     1.374     1.000       NaN
Secretaries         0.002     0.002     0.241     1.000     0.000     0.000     0.000     0.000     1.306     1.306     1.000       NaN
Info.Clerks         0.002     0.002     0.213     1.000     0.000     0.000     0.000     0.000     1.244     1.244     1.000       NaN
Records             0.002     0.002     0.299     1.000     0.000     0.000     0.000     0.000     1.417     1.417     1.000       NaN
FinancialClerk      0.005     0.005     0.368     1.000     0.000     0.000     0.000     0.000     1.402     1.402     1.000       NaN
OfficeMachine       0.003     0.003     0.279     1.000     0.000     0.000     0.000     0.000     1.181     1.181     1.000       NaN
ComputerTech        0.001     0.001     0.139     1.000     0.000     0.000     0.000     0.000     1.292     1.292     1.000       NaN
Mail                0.007     0.007     0.381     1.000     0.000     0.000     0.000     0.000     1.237     1.237     1.000       NaN
Clerks              0.014     0.014     0.484     1.000     0.000     0.000     0.000     0.000     1.290     1.290     1.000       NaN
Insurance           0.003     0.003     0.321     1.000     0.000     0.000     0.000     0.000     1.493     1.493     1.000       NaN
Misc.Admin          0.031     0.031     0.698     1.000     0.000     0.000     0.000     0.000     1.275     1.275     1.000       NaN
PrivateHshld        0.001     0.001     0.169     1.000     0.000     0.000     0.000     0.000     0.998     0.998     1.000       NaN
Firefighting        0.005     0.005     0.302     1.000     0.000     0.000     0.000     0.000     1.390     1.390     1.000       NaN
Police              0.010     0.010     0.423     1.000     0.000     0.000     0.000     0.000     1.367     1.367     1.000       NaN
Guards              0.003     0.003     0.249     1.000     0.000     0.000     0.000     0.000     1.205     1.205     1.000       NaN
FoodPrep            0.008     0.008     0.416     1.000     0.000     0.000     0.000     0.000     1.248     1.248     1.000       NaN
HealthService       0.002     0.002     0.274     1.000     0.000     0.000     0.000     0.000     1.380     1.380     1.000       NaN
Cleaning            0.003     0.003     0.303     1.000     0.000     0.000     0.000     0.000     1.300     1.300     1.000       NaN
PersonalService     0.007     0.007     0.394     1.000     0.000     0.000     0.000     0.000     1.246     1.246     1.000       NaN
FarmMgrs            0.033     0.033     0.943     1.000     0.000     0.000     0.000     0.000     1.626     1.626     1.000       NaN
FarmWork            0.015     0.015     0.691     1.000     0.000     0.000     0.000     0.000     1.357     1.357     1.000       NaN
Agriculture         0.002     0.002     0.220     1.000     0.000     0.000     0.000     0.000     1.199     1.199     1.000       NaN
Forest              0.003     0.003     0.283     1.000     0.000     0.000     0.000     0.000     1.359     1.359     1.000       NaN
Mechanics           0.024     0.024     0.568     1.000     0.000     0.000     0.000     0.000     1.309     1.309     1.000       NaN
Elec.Repairer       0.018     0.018     0.494     1.000     0.000     0.000     0.000     0.000     1.221     1.221     1.000       NaN
Misc.Repairer       0.031     0.031     0.604     1.000     0.000     0.000     0.000     0.000     1.288     1.288     1.000       NaN
Construction        0.051     0.051     0.697     1.000     0.000     0.000     0.000     0.000     1.202     1.202     1.000       NaN
Extractive          0.008     0.008     0.326     1.000     0.000     0.000     0.000     0.000     1.188     1.188     1.000       NaN
Supervisor(P)       0.022     0.022     0.484     1.000     0.000     0.000     0.000     0.000     1.225     1.225     1.000       NaN
MetalWork           0.022     0.022     0.488     1.000     0.000     0.000     0.000     0.000     1.240     1.240     1.000       NaN
WoodWork            0.001     0.001     0.186     1.000     0.000     0.000     0.000     0.000     1.166     1.166     1.000       NaN
Textiles            0.002     0.002     0.217     1.000     0.000     0.000     0.000     0.000     1.285     1.285     1.000       NaN
Other               0.003     0.003     0.249     1.000     0.000     0.000     0.000     0.000     1.210     1.210     1.000       NaN
Food                0.006     0.006     0.325     1.000     0.000     0.000     0.000     0.000     1.244     1.244     1.000       NaN
PlantOperator       0.007     0.007     0.340     1.000     0.000     0.000     0.000     0.000     1.045     1.045     1.000       NaN
MetalMach.          0.005     0.005     0.268     1.000     0.000     0.000     0.000     0.000     1.153     1.153     1.000       NaN
MetalProc.          0.001     0.001     0.180     1.000     0.000     0.000     0.000     0.000     1.200     1.200     1.000       NaN
WoodMach.           0.002     0.002     0.210     1.000     0.000     0.000     0.000     0.000     1.244     1.244     1.000       NaN
TextileMach.        0.007     0.007     0.329     1.000     0.000     0.000     0.000     0.000     1.224     1.224     1.000       NaN
PrintMach.          0.003     0.003     0.283     1.000     0.000     0.000     0.000     0.000     1.218     1.218     1.000       NaN
OtherMach.          0.087     0.087     0.904     1.000     0.000     0.000     0.000     0.000     1.237     1.237     1.000       NaN
Fabricators         0.018     0.018     0.471     1.000     0.000     0.000     0.000     0.000     1.175     1.175     1.000       NaN
Prod.Inspectors     0.007     0.007     0.348     1.000     0.000     0.000     0.000     0.000     1.239     1.239     1.000       NaN
MotorVehicle        0.057     0.057     0.764     1.000     0.000     0.000     0.000     0.000     1.254     1.254     1.000       NaN
OtherVehicle        0.015     0.015     0.412     1.000     0.000     0.000     0.000     0.000     1.158     1.158     1.000       NaN
Freight             0.046     0.046     0.759     1.000     0.000     0.000     0.000     0.000     1.252     1.252     1.000       NaN
 
======================================
 YEAR = 1970
======================================
  Note: tauh* := (1+tauh)^eta - 1 
 
                       pY     pfitY         Z    TauHat      TauH     tauh*     TauW0     TauW1  wagegrth  wagegrWM ExpFactor     alpha
---------------------------------------------------------------------------------------------------------------------------------------
Home                0.098       NaN     1.000       NaN     0.000     0.000     0.000     0.000       NaN       NaN     1.000       NaN
Managers            0.101     0.101     0.854     1.000     0.000     0.000     0.000     0.000     1.204     1.204     1.000       NaN
MgmtRelated         0.022     0.022     0.522     1.000     0.000     0.000     0.000     0.000     1.111     1.111     1.000       NaN
Architects          0.001     0.001     0.229     1.000     0.000     0.000     0.000     0.000     1.071     1.071     1.000       NaN
Engineers           0.031     0.031     0.605     1.000     0.000     0.000     0.000     0.000     1.092     1.092     1.000       NaN
Math/CompSci        0.006     0.006     0.323     1.000     0.000     0.000     0.000     0.000     1.124     1.124     1.000       NaN
Science             0.007     0.007     0.394     1.000     0.000     0.000     0.000     0.000     1.246     1.246     1.000       NaN
Doctors             0.008     0.008     0.473     1.000     0.000     0.000     0.000     0.000     1.420     1.420     1.000       NaN
Nurses              0.003     0.003     0.284     1.000     0.000     0.000     0.000     0.000     1.007     1.007     1.000       NaN
Therapists          0.001     0.001     0.200     1.000     0.000     0.000     0.000     0.000     1.030     1.030     1.000       NaN
Professors          0.009     0.009     0.789     1.000     0.000     0.000     0.000     0.000     1.097     1.097     1.000       NaN
Teachers            0.027     0.027     0.882     1.000     0.000     0.000     0.000     0.000     1.048     1.048     1.000       NaN
Librarians          0.000     0.000     0.193     1.000     0.000     0.000     0.000     0.000     1.043     1.043     1.000       NaN
Soc.Scientists      0.003     0.003     0.295     1.000     0.000     0.000     0.000     0.000     1.141     1.141     1.000       NaN
SocialWork          0.007     0.007     0.572     1.000     0.000     0.000     0.000     0.000     0.978     0.978     1.000       NaN
Lawyers             0.007     0.007     0.452     1.000     0.000     0.000     0.000     0.000     1.153     1.153     1.000       NaN
Arts/Athletes       0.012     0.012     0.431     1.000     0.000     0.000     0.000     0.000     0.993     0.993     1.000       NaN
HealthTechs         0.002     0.002     0.240     1.000     0.000     0.000     0.000     0.000     1.010     1.010     1.000       NaN
Eng.Techs           0.021     0.021     0.481     1.000     0.000     0.000     0.000     0.000     1.094     1.094     1.000       NaN
ScienceTechs        0.002     0.002     0.230     1.000     0.000     0.000     0.000     0.000     1.154     1.154     1.000       NaN
OtherTechs          0.010     0.010     0.372     1.000     0.000     0.000     0.000     0.000     1.086     1.086     1.000       NaN
Sales               0.070     0.070     0.759     1.000     0.000     0.000     0.000     0.000     1.040     1.040     1.000       NaN
Secretaries         0.002     0.002     0.216     1.000     0.000     0.000     0.000     0.000     1.120     1.120     1.000       NaN
Info.Clerks         0.002     0.002     0.224     1.000     0.000     0.000     0.000     0.000     1.118     1.118     1.000       NaN
Records             0.006     0.006     0.338     1.000     0.000     0.000     0.000     0.000     0.813     0.813     1.000       NaN
FinancialClerk      0.007     0.007     0.337     1.000     0.000     0.000     0.000     0.000     1.056     1.056     1.000       NaN
OfficeMachine       0.001     0.001     0.170     1.000     0.000     0.000     0.000     0.000     1.059     1.059     1.000       NaN
ComputerTech        0.003     0.003     0.239     1.000     0.000     0.000     0.000     0.000     1.245     1.245     1.000       NaN
Mail                0.006     0.006     0.308     1.000     0.000     0.000     0.000     0.000     1.177     1.177     1.000       NaN
Clerks              0.017     0.017     0.451     1.000     0.000     0.000     0.000     0.000     1.110     1.110     1.000       NaN
Insurance           0.007     0.007     0.348     1.000     0.000     0.000     0.000     0.000     1.025     1.025     1.000       NaN
Misc.Admin          0.013     0.013     0.427     1.000     0.000     0.000     0.000     0.000     1.075     1.075     1.000       NaN
PrivateHshld        0.001     0.001     0.182     1.000     0.000     0.000     0.000     0.000     0.828     0.828     1.000       NaN
Firefighting        0.005     0.005     0.257     1.000     0.000     0.000     0.000     0.000     1.075     1.075     1.000       NaN
Police              0.013     0.013     0.377     1.000     0.000     0.000     0.000     0.000     1.067     1.067     1.000       NaN
Guards              0.003     0.003     0.231     1.000     0.000     0.000     0.000     0.000     0.979     0.979     1.000       NaN
FoodPrep            0.007     0.007     0.356     1.000     0.000     0.000     0.000     0.000     0.875     0.875     1.000       NaN
HealthService       0.001     0.001     0.233     1.000     0.000     0.000     0.000     0.000     1.094     1.094     1.000       NaN
Cleaning            0.008     0.008     0.348     1.000     0.000     0.000     0.000     0.000     1.009     1.009     1.000       NaN
PersonalService     0.010     0.010     0.356     1.000     0.000     0.000     0.000     0.000     0.951     0.951     1.000       NaN
FarmMgrs            0.016     0.016     0.522     1.000     0.000     0.000     0.000     0.000     1.100     1.100     1.000       NaN
FarmWork            0.009     0.009     0.447     1.000     0.000     0.000     0.000     0.000     1.190     1.190     1.000       NaN
Agriculture         0.003     0.003     0.248     1.000     0.000     0.000     0.000     0.000     0.966     0.966     1.000       NaN
Forest              0.002     0.002     0.214     1.000     0.000     0.000     0.000     0.000     1.092     1.092     1.000       NaN
Mechanics           0.037     0.037     0.560     1.000     0.000     0.000     0.000     0.000     1.069     1.069     1.000       NaN
Elec.Repairer       0.018     0.018     0.429     1.000     0.000     0.000     0.000     0.000     1.077     1.077     1.000       NaN
Misc.Repairer       0.022     0.022     0.445     1.000     0.000     0.000     0.000     0.000     1.082     1.082     1.000       NaN
Construction        0.065     0.065     0.668     1.000     0.000     0.000     0.000     0.000     1.074     1.074     1.000       NaN
Extractive          0.003     0.003     0.220     1.000     0.000     0.000     0.000     0.000     1.200     1.200     1.000       NaN
Supervisor(P)       0.027     0.027     0.469     1.000     0.000     0.000     0.000     0.000     1.115     1.115     1.000       NaN
MetalWork           0.017     0.017     0.390     1.000     0.000     0.000     0.000     0.000     1.054     1.054     1.000       NaN
WoodWork            0.001     0.001     0.166     1.000     0.000     0.000     0.000     0.000     0.882     0.882     1.000       NaN
Textiles            0.002     0.002     0.195     1.000     0.000     0.000     0.000     0.000     0.885     0.885     1.000       NaN
Other               0.001     0.001     0.158     1.000     0.000     0.000     0.000     0.000     0.932     0.932     1.000       NaN
Food                0.006     0.006     0.289     1.000     0.000     0.000     0.000     0.000     1.053     1.053     1.000       NaN
PlantOperator       0.002     0.002     0.188     1.000     0.000     0.000     0.000     0.000     1.127     1.127     1.000       NaN
MetalMach.          0.014     0.014     0.383     1.000     0.000     0.000     0.000     0.000     1.067     1.067     1.000       NaN
MetalProc.          0.002     0.002     0.168     1.000     0.000     0.000     0.000     0.000     1.080     1.080     1.000       NaN
WoodMach.           0.001     0.001     0.177     1.000     0.000     0.000     0.000     0.000     1.013     1.013     1.000       NaN
TextileMach.        0.007     0.007     0.288     1.000     0.000     0.000     0.000     0.000     0.980     0.980     1.000       NaN
PrintMach.          0.006     0.006     0.316     1.000     0.000     0.000     0.000     0.000     0.958     0.958     1.000       NaN
OtherMach.          0.055     0.055     0.660     1.000     0.000     0.000     0.000     0.000     1.081     1.081     1.000       NaN
Fabricators         0.022     0.022     0.460     1.000     0.000     0.000     0.000     0.000     1.054     1.054     1.000       NaN
Prod.Inspectors     0.009     0.009     0.348     1.000     0.000     0.000     0.000     0.000     1.099     1.099     1.000       NaN
MotorVehicle        0.047     0.047     0.615     1.000     0.000     0.000     0.000     0.000     1.113     1.113     1.000       NaN
OtherVehicle        0.014     0.014     0.363     1.000     0.000     0.000     0.000     0.000     1.152     1.152     1.000       NaN
Freight             0.029     0.029     0.569     1.000     0.000     0.000     0.000     0.000     1.077     1.077     1.000       NaN
 
======================================
 YEAR = 1980
======================================
  Note: tauh* := (1+tauh)^eta - 1 
 
                       pY     pfitY         Z    TauHat      TauH     tauh*     TauW0     TauW1  wagegrth  wagegrWM ExpFactor     alpha
---------------------------------------------------------------------------------------------------------------------------------------
Home                0.093       NaN     1.000       NaN     0.000     0.000     0.000     0.000       NaN       NaN     1.000       NaN
Managers            0.088     0.088     0.833     1.000     0.000     0.000     0.000     0.000     1.434     1.434     1.000       NaN
MgmtRelated         0.039     0.039     0.676     1.000     0.000     0.000     0.000     0.000     1.342     1.342     1.000       NaN
Architects          0.002     0.002     0.287     1.000     0.000     0.000     0.000     0.000     1.445     1.445     1.000       NaN
Engineers           0.025     0.025     0.531     1.000     0.000     0.000     0.000     0.000     1.318     1.318     1.000       NaN
Math/CompSci        0.006     0.006     0.312     1.000     0.000     0.000     0.000     0.000     1.298     1.298     1.000       NaN
Science             0.006     0.006     0.411     1.000     0.000     0.000     0.000     0.000     1.351     1.351     1.000       NaN
Doctors             0.010     0.010     0.459     1.000     0.000     0.000     0.000     0.000     1.791     1.791     1.000       NaN
Nurses              0.004     0.004     0.354     1.000     0.000     0.000     0.000     0.000     1.366     1.366     1.000       NaN
Therapists          0.002     0.002     0.265     1.000     0.000     0.000     0.000     0.000     1.418     1.418     1.000       NaN
Professors          0.005     0.005     0.678     1.000     0.000     0.000     0.000     0.000     1.505     1.505     1.000       NaN
Teachers            0.027     0.027     0.886     1.000     0.000     0.000     0.000     0.000     1.377     1.377     1.000       NaN
Librarians          0.001     0.001     0.241     1.000     0.000     0.000     0.000     0.000     1.373     1.373     1.000       NaN
Soc.Scientists      0.003     0.003     0.338     1.000     0.000     0.000     0.000     0.000     1.366     1.366     1.000       NaN
SocialWork          0.008     0.008     0.595     1.000     0.000     0.000     0.000     0.000     1.291     1.291     1.000       NaN
Lawyers             0.011     0.011     0.547     1.000     0.000     0.000     0.000     0.000     1.722     1.722     1.000       NaN
Arts/Athletes       0.014     0.014     0.552     1.000     0.000     0.000     0.000     0.000     1.331     1.331     1.000       NaN
HealthTechs         0.004     0.004     0.317     1.000     0.000     0.000     0.000     0.000     1.332     1.332     1.000       NaN
Eng.Techs           0.017     0.017     0.452     1.000     0.000     0.000     0.000     0.000     1.265     1.265     1.000       NaN
ScienceTechs        0.003     0.003     0.229     1.000     0.000     0.000     0.000     0.000     1.292     1.292     1.000       NaN
OtherTechs          0.014     0.014     0.481     1.000     0.000     0.000     0.000     0.000     1.321     1.321     1.000       NaN
Sales               0.084     0.084     0.842     1.000     0.000     0.000     0.000     0.000     1.285     1.285     1.000       NaN
Secretaries         0.001     0.001     0.187     1.000     0.000     0.000     0.000     0.000     1.202     1.202     1.000       NaN
Info.Clerks         0.002     0.002     0.237     1.000     0.000     0.000     0.000     0.000     1.158     1.158     1.000       NaN
Records             0.003     0.003     0.270     1.000     0.000     0.000     0.000     0.000     1.253     1.253     1.000       NaN
FinancialClerk      0.004     0.004     0.293     1.000     0.000     0.000     0.000     0.000     1.131     1.131     1.000       NaN
OfficeMachine       0.000     0.000     0.105     1.000     0.000     0.000     0.000     0.000     1.166     1.166     1.000       NaN
ComputerTech        0.005     0.005     0.284     1.000     0.000     0.000     0.000     0.000     1.188     1.188     1.000       NaN
Mail                0.007     0.007     0.295     1.000     0.000     0.000     0.000     0.000     1.144     1.144     1.000       NaN
Clerks              0.018     0.018     0.467     1.000     0.000     0.000     0.000     0.000     1.191     1.191     1.000       NaN
Insurance           0.004     0.004     0.303     1.000     0.000     0.000     0.000     0.000     1.255     1.255     1.000       NaN
Misc.Admin          0.008     0.008     0.392     1.000     0.000     0.000     0.000     0.000     1.274     1.274     1.000       NaN
PrivateHshld        0.001     0.001     0.194     1.000     0.000     0.000     0.000     0.000     1.150     1.150     1.000       NaN
Firefighting        0.005     0.005     0.261     1.000     0.000     0.000     0.000     0.000     1.336     1.336     1.000       NaN
Police              0.014     0.014     0.409     1.000     0.000     0.000     0.000     0.000     1.254     1.254     1.000       NaN
Guards              0.005     0.005     0.306     1.000     0.000     0.000     0.000     0.000     1.133     1.133     1.000       NaN
FoodPrep            0.012     0.012     0.516     1.000     0.000     0.000     0.000     0.000     1.136     1.136     1.000       NaN
HealthService       0.003     0.003     0.310     1.000     0.000     0.000     0.000     0.000     1.326     1.326     1.000       NaN
Cleaning            0.014     0.014     0.458     1.000     0.000     0.000     0.000     0.000     1.130     1.130     1.000       NaN
PersonalService     0.004     0.004     0.332     1.000     0.000     0.000     0.000     0.000     1.120     1.120     1.000       NaN
FarmMgrs            0.014     0.014     0.497     1.000     0.000     0.000     0.000     0.000     1.084     1.084     1.000       NaN
FarmWork            0.008     0.008     0.383     1.000     0.000     0.000     0.000     0.000     1.145     1.145     1.000       NaN
Agriculture         0.005     0.005     0.316     1.000     0.000     0.000     0.000     0.000     1.115     1.115     1.000       NaN
Forest              0.003     0.003     0.229     1.000     0.000     0.000     0.000     0.000     1.102     1.102     1.000       NaN
Mechanics           0.039     0.039     0.566     1.000     0.000     0.000     0.000     0.000     1.160     1.160     1.000       NaN
Elec.Repairer       0.015     0.015     0.367     1.000     0.000     0.000     0.000     0.000     1.153     1.153     1.000       NaN
Misc.Repairer       0.013     0.013     0.361     1.000     0.000     0.000     0.000     0.000     1.102     1.102     1.000       NaN
Construction        0.085     0.085     0.756     1.000     0.000     0.000     0.000     0.000     1.118     1.118     1.000       NaN
Extractive          0.004     0.004     0.209     1.000     0.000     0.000     0.000     0.000     1.132     1.132     1.000       NaN
Supervisor(P)       0.026     0.026     0.454     1.000     0.000     0.000     0.000     0.000     1.237     1.237     1.000       NaN
MetalWork           0.015     0.015     0.366     1.000     0.000     0.000     0.000     0.000     1.171     1.171     1.000       NaN
WoodWork            0.002     0.002     0.205     1.000     0.000     0.000     0.000     0.000     1.156     1.156     1.000       NaN
Textiles            0.001     0.001     0.170     1.000     0.000     0.000     0.000     0.000     1.131     1.131     1.000       NaN
Other               0.003     0.003     0.225     1.000     0.000     0.000     0.000     0.000     1.216     1.216     1.000       NaN
Food                0.005     0.005     0.241     1.000     0.000     0.000     0.000     0.000     1.054     1.054     1.000       NaN
PlantOperator       0.004     0.004     0.219     1.000     0.000     0.000     0.000     0.000     1.219     1.219     1.000       NaN
MetalMach.          0.010     0.010     0.312     1.000     0.000     0.000     0.000     0.000     1.135     1.135     1.000       NaN
MetalProc.          0.002     0.002     0.190     1.000     0.000     0.000     0.000     0.000     1.205     1.205     1.000       NaN
WoodMach.           0.002     0.002     0.198     1.000     0.000     0.000     0.000     0.000     1.061     1.061     1.000       NaN
TextileMach.        0.005     0.005     0.258     1.000     0.000     0.000     0.000     0.000     1.172     1.172     1.000       NaN
PrintMach.          0.003     0.003     0.251     1.000     0.000     0.000     0.000     0.000     1.222     1.222     1.000       NaN
OtherMach.          0.033     0.033     0.521     1.000     0.000     0.000     0.000     0.000     1.160     1.160     1.000       NaN
Fabricators         0.027     0.027     0.479     1.000     0.000     0.000     0.000     0.000     1.128     1.128     1.000       NaN
Prod.Inspectors     0.007     0.007     0.291     1.000     0.000     0.000     0.000     0.000     1.195     1.195     1.000       NaN
MotorVehicle        0.048     0.048     0.601     1.000     0.000     0.000     0.000     0.000     1.078     1.078     1.000       NaN
OtherVehicle        0.016     0.016     0.361     1.000     0.000     0.000     0.000     0.000     1.149     1.149     1.000       NaN
Freight             0.029     0.029     0.544     1.000     0.000     0.000     0.000     0.000     1.105     1.105     1.000       NaN
 
======================================
 YEAR = 1990
======================================
  Note: tauh* := (1+tauh)^eta - 1 
 
                       pY     pfitY         Z    TauHat      TauH     tauh*     TauW0     TauW1  wagegrth  wagegrWM ExpFactor     alpha
---------------------------------------------------------------------------------------------------------------------------------------
Home                0.102       NaN     1.000       NaN     0.000     0.000     0.000     0.000       NaN       NaN     1.000       NaN
Managers            0.080     0.080     0.694     1.000     0.000     0.000     0.000     0.000     1.469     1.469     1.000       NaN
MgmtRelated         0.035     0.035     0.568     1.000     0.000     0.000     0.000     0.000     1.340     1.340     1.000       NaN
Architects          0.002     0.002     0.211     1.000     0.000     0.000     0.000     0.000     1.360     1.360     1.000       NaN
Engineers           0.028     0.028     0.481     1.000     0.000     0.000     0.000     0.000     1.279     1.279     1.000       NaN
Math/CompSci        0.010     0.010     0.326     1.000     0.000     0.000     0.000     0.000     1.178     1.178     1.000       NaN
Science             0.005     0.005     0.331     1.000     0.000     0.000     0.000     0.000     1.426     1.426     1.000       NaN
Doctors             0.008     0.008     0.390     1.000     0.000     0.000     0.000     0.000     1.778     1.778     1.000       NaN
Nurses              0.003     0.003     0.227     1.000     0.000     0.000     0.000     0.000     1.243     1.243     1.000       NaN
Therapists          0.002     0.002     0.195     1.000     0.000     0.000     0.000     0.000     1.329     1.329     1.000       NaN
Professors          0.004     0.004     0.574     1.000     0.000     0.000     0.000     0.000     1.440     1.440     1.000       NaN
Teachers            0.013     0.013     0.555     1.000     0.000     0.000     0.000     0.000     1.238     1.238     1.000       NaN
Librarians          0.001     0.001     0.192     1.000     0.000     0.000     0.000     0.000     1.286     1.286     1.000       NaN
Soc.Scientists      0.002     0.002     0.252     1.000     0.000     0.000     0.000     0.000     1.389     1.389     1.000       NaN
SocialWork          0.006     0.006     0.429     1.000     0.000     0.000     0.000     0.000     1.251     1.251     1.000       NaN
Lawyers             0.009     0.009     0.387     1.000     0.000     0.000     0.000     0.000     1.391     1.391     1.000       NaN
Arts/Athletes       0.016     0.016     0.483     1.000     0.000     0.000     0.000     0.000     1.311     1.311     1.000       NaN
HealthTechs         0.005     0.005     0.290     1.000     0.000     0.000     0.000     0.000     1.295     1.295     1.000       NaN
Eng.Techs           0.017     0.017     0.411     1.000     0.000     0.000     0.000     0.000     1.191     1.191     1.000       NaN
ScienceTechs        0.002     0.002     0.198     1.000     0.000     0.000     0.000     0.000     1.216     1.216     1.000       NaN
OtherTechs          0.021     0.021     0.462     1.000     0.000     0.000     0.000     0.000     1.580     1.580     1.000       NaN
Sales               0.102     0.102     0.799     1.000     0.000     0.000     0.000     0.000     1.266     1.266     1.000       NaN
Secretaries         0.001     0.001     0.178     1.000     0.000     0.000     0.000     0.000     1.291     1.291     1.000       NaN
Info.Clerks         0.002     0.002     0.240     1.000     0.000     0.000     0.000     0.000     1.188     1.188     1.000       NaN
Records             0.002     0.002     0.219     1.000     0.000     0.000     0.000     0.000     1.061     1.061     1.000       NaN
FinancialClerk      0.003     0.003     0.255     1.000     0.000     0.000     0.000     0.000     1.208     1.208     1.000       NaN
OfficeMachine       0.000     0.000     0.111     1.000     0.000     0.000     0.000     0.000     1.547     1.547     1.000       NaN
ComputerTech        0.005     0.005     0.272     1.000     0.000     0.000     0.000     0.000     1.160     1.160     1.000       NaN
Mail                0.007     0.007     0.273     1.000     0.000     0.000     0.000     0.000     1.105     1.105     1.000       NaN
Clerks              0.019     0.019     0.458     1.000     0.000     0.000     0.000     0.000     1.175     1.175     1.000       NaN
Insurance           0.005     0.005     0.303     1.000     0.000     0.000     0.000     0.000     1.239     1.239     1.000       NaN
Misc.Admin          0.008     0.008     0.359     1.000     0.000     0.000     0.000     0.000     1.190     1.190     1.000       NaN
PrivateHshld        0.001     0.001     0.187     1.000     0.000     0.000     0.000     0.000     1.005     1.005     1.000       NaN
Firefighting        0.005     0.005     0.217     1.000     0.000     0.000     0.000     0.000     1.267     1.267     1.000       NaN
Police              0.014     0.014     0.352     1.000     0.000     0.000     0.000     0.000     1.235     1.235     1.000       NaN
Guards              0.006     0.006     0.326     1.000     0.000     0.000     0.000     0.000     1.164     1.164     1.000       NaN
FoodPrep            0.019     0.019     0.592     1.000     0.000     0.000     0.000     0.000     1.210     1.210     1.000       NaN
HealthService       0.003     0.003     0.284     1.000     0.000     0.000     0.000     0.000     1.124     1.124     1.000       NaN
Cleaning            0.017     0.017     0.473     1.000     0.000     0.000     0.000     0.000     1.137     1.137     1.000       NaN
PersonalService     0.004     0.004     0.299     1.000     0.000     0.000     0.000     0.000     1.359     1.359     1.000       NaN
FarmMgrs            0.010     0.010     0.411     1.000     0.000     0.000     0.000     0.000     1.211     1.211     1.000       NaN
FarmWork            0.006     0.006     0.341     1.000     0.000     0.000     0.000     0.000     1.112     1.112     1.000       NaN
Agriculture         0.009     0.009     0.385     1.000     0.000     0.000     0.000     0.000     1.186     1.186     1.000       NaN
Forest              0.003     0.003     0.214     1.000     0.000     0.000     0.000     0.000     1.182     1.182     1.000       NaN
Mechanics           0.041     0.041     0.559     1.000     0.000     0.000     0.000     0.000     1.206     1.206     1.000       NaN
Elec.Repairer       0.012     0.012     0.345     1.000     0.000     0.000     0.000     0.000     1.164     1.164     1.000       NaN
Misc.Repairer       0.014     0.014     0.368     1.000     0.000     0.000     0.000     0.000     1.152     1.152     1.000       NaN
Construction        0.100     0.100     0.785     1.000     0.000     0.000     0.000     0.000     1.167     1.167     1.000       NaN
Extractive          0.003     0.003     0.170     1.000     0.000     0.000     0.000     0.000     1.140     1.140     1.000       NaN
Supervisor(P)       0.016     0.016     0.350     1.000     0.000     0.000     0.000     0.000     1.170     1.170     1.000       NaN
MetalWork           0.015     0.015     0.353     1.000     0.000     0.000     0.000     0.000     1.142     1.142     1.000       NaN
WoodWork            0.002     0.002     0.174     1.000     0.000     0.000     0.000     0.000     1.155     1.155     1.000       NaN
Textiles            0.001     0.001     0.170     1.000     0.000     0.000     0.000     0.000     1.141     1.141     1.000       NaN
Other               0.003     0.003     0.214     1.000     0.000     0.000     0.000     0.000     1.150     1.150     1.000       NaN
Food                0.004     0.004     0.253     1.000     0.000     0.000     0.000     0.000     1.098     1.098     1.000       NaN
PlantOperator       0.005     0.005     0.215     1.000     0.000     0.000     0.000     0.000     1.146     1.146     1.000       NaN
MetalMach.          0.004     0.004     0.239     1.000     0.000     0.000     0.000     0.000     1.116     1.116     1.000       NaN
MetalProc.          0.002     0.002     0.167     1.000     0.000     0.000     0.000     0.000     1.157     1.157     1.000       NaN
WoodMach.           0.002     0.002     0.203     1.000     0.000     0.000     0.000     0.000     1.448     1.448     1.000       NaN
TextileMach.        0.006     0.006     0.274     1.000     0.000     0.000     0.000     0.000     1.127     1.127     1.000       NaN
PrintMach.          0.004     0.004     0.256     1.000     0.000     0.000     0.000     0.000     1.134     1.134     1.000       NaN
OtherMach.          0.027     0.027     0.477     1.000     0.000     0.000     0.000     0.000     1.140     1.140     1.000       NaN
Fabricators         0.024     0.024     0.469     1.000     0.000     0.000     0.000     0.000     1.165     1.165     1.000       NaN
Prod.Inspectors     0.007     0.007     0.276     1.000     0.000     0.000     0.000     0.000     1.193     1.193     1.000       NaN
MotorVehicle        0.049     0.049     0.612     1.000     0.000     0.000     0.000     0.000     1.166     1.166     1.000       NaN
OtherVehicle        0.010     0.010     0.300     1.000     0.000     0.000     0.000     0.000     1.150     1.150     1.000       NaN
Freight             0.030     0.030     0.571     1.000     0.000     0.000     0.000     0.000     1.152     1.152     1.000       NaN
 
======================================
 YEAR = 2000
======================================
  Note: tauh* := (1+tauh)^eta - 1 
 
                       pY     pfitY         Z    TauHat      TauH     tauh*     TauW0     TauW1  wagegrth  wagegrWM ExpFactor     alpha
---------------------------------------------------------------------------------------------------------------------------------------
Home                0.145       NaN     1.000       NaN     0.000     0.000     0.000     0.000       NaN       NaN     1.000       NaN
Managers            0.077     0.077     0.670     1.000     0.000     0.000     0.000     0.000     1.282     1.282     1.000       NaN
MgmtRelated         0.041     0.041     0.591     1.000     0.000     0.000     0.000     0.000     1.335     1.335     1.000       NaN
Architects          0.002     0.002     0.221     1.000     0.000     0.000     0.000     0.000     1.349     1.349     1.000       NaN
Engineers           0.022     0.022     0.448     1.000     0.000     0.000     0.000     0.000     1.316     1.316     1.000       NaN
Math/CompSci        0.023     0.023     0.449     1.000     0.000     0.000     0.000     0.000     1.229     1.229     1.000       NaN
Science             0.006     0.006     0.405     1.000     0.000     0.000     0.000     0.000     1.548     1.548     1.000       NaN
Doctors             0.007     0.007     0.364     1.000     0.000     0.000     0.000     0.000     1.761     1.761     1.000       NaN
Nurses              0.004     0.004     0.240     1.000     0.000     0.000     0.000     0.000     1.357     1.357     1.000       NaN
Therapists          0.003     0.003     0.241     1.000     0.000     0.000     0.000     0.000     1.396     1.396     1.000       NaN
Professors          0.005     0.005     0.652     1.000     0.000     0.000     0.000     0.000     1.540     1.540     1.000       NaN
Teachers            0.020     0.020     0.666     1.000     0.000     0.000     0.000     0.000     1.351     1.351     1.000       NaN
Librarians          0.000     0.000     0.181     1.000     0.000     0.000     0.000     0.000     1.431     1.431     1.000       NaN
Soc.Scientists      0.002     0.002     0.235     1.000     0.000     0.000     0.000     0.000     1.510     1.510     1.000       NaN
SocialWork          0.006     0.006     0.423     1.000     0.000     0.000     0.000     0.000     1.250     1.250     1.000       NaN
Lawyers             0.008     0.008     0.389     1.000     0.000     0.000     0.000     0.000     1.525     1.525     1.000       NaN
Arts/Athletes       0.018     0.018     0.514     1.000     0.000     0.000     0.000     0.000     1.226     1.226     1.000       NaN
HealthTechs         0.006     0.006     0.307     1.000     0.000     0.000     0.000     0.000     1.295     1.295     1.000       NaN
Eng.Techs           0.010     0.010     0.349     1.000     0.000     0.000     0.000     0.000     1.242     1.242     1.000       NaN
ScienceTechs        0.001     0.001     0.163     1.000     0.000     0.000     0.000     0.000     1.251     1.251     1.000       NaN
OtherTechs          0.022     0.022     0.438     1.000     0.000     0.000     0.000     0.000     1.287     1.287     1.000       NaN
Sales               0.092     0.092     0.774     1.000     0.000     0.000     0.000     0.000     1.154     1.154     1.000       NaN
Secretaries         0.002     0.002     0.211     1.000     0.000     0.000     0.000     0.000     1.136     1.136     1.000       NaN
Info.Clerks         0.003     0.003     0.257     1.000     0.000     0.000     0.000     0.000     1.156     1.156     1.000       NaN
Records             0.002     0.002     0.220     1.000     0.000     0.000     0.000     0.000     1.179     1.179     1.000       NaN
FinancialClerk      0.003     0.003     0.248     1.000     0.000     0.000     0.000     0.000     1.251     1.251     1.000       NaN
OfficeMachine       0.001     0.001     0.117     1.000     0.000     0.000     0.000     0.000     1.070     1.070     1.000       NaN
ComputerTech        0.002     0.002     0.192     1.000     0.000     0.000     0.000     0.000     1.264     1.264     1.000       NaN
Mail                0.004     0.004     0.249     1.000     0.000     0.000     0.000     0.000     1.199     1.199     1.000       NaN
Clerks              0.020     0.020     0.494     1.000     0.000     0.000     0.000     0.000     1.080     1.080     1.000       NaN
Insurance           0.012     0.012     0.418     1.000     0.000     0.000     0.000     0.000     1.118     1.118     1.000       NaN
Misc.Admin          0.006     0.006     0.338     1.000     0.000     0.000     0.000     0.000     1.220     1.220     1.000       NaN
PrivateHshld        0.001     0.001     0.172     1.000     0.000     0.000     0.000     0.000     1.036     1.036     1.000       NaN
Firefighting        0.005     0.005     0.234     1.000     0.000     0.000     0.000     0.000     1.315     1.315     1.000       NaN
Police              0.021     0.021     0.432     1.000     0.000     0.000     0.000     0.000     1.285     1.285     1.000       NaN
Guards              0.005     0.005     0.318     1.000     0.000     0.000     0.000     0.000     1.158     1.158     1.000       NaN
FoodPrep            0.025     0.025     0.659     1.000     0.000     0.000     0.000     0.000     1.000     1.000     1.000       NaN
HealthService       0.003     0.003     0.294     1.000     0.000     0.000     0.000     0.000     1.158     1.158     1.000       NaN
Cleaning            0.011     0.011     0.411     1.000     0.000     0.000     0.000     0.000     1.075     1.075     1.000       NaN
PersonalService     0.006     0.006     0.360     1.000     0.000     0.000     0.000     0.000     1.087     1.087     1.000       NaN
FarmMgrs            0.005     0.005     0.300     1.000     0.000     0.000     0.000     0.000     1.308     1.308     1.000       NaN
FarmWork            0.005     0.005     0.309     1.000     0.000     0.000     0.000     0.000     1.046     1.046     1.000       NaN
Agriculture         0.012     0.012     0.423     1.000     0.000     0.000     0.000     0.000     0.982     0.982     1.000       NaN
Forest              0.002     0.002     0.214     1.000     0.000     0.000     0.000     0.000     1.122     1.122     1.000       NaN
Mechanics           0.037     0.037     0.543     1.000     0.000     0.000     0.000     0.000     1.090     1.090     1.000       NaN
Elec.Repairer       0.016     0.016     0.394     1.000     0.000     0.000     0.000     0.000     1.138     1.138     1.000       NaN
Misc.Repairer       0.010     0.010     0.342     1.000     0.000     0.000     0.000     0.000     1.103     1.103     1.000       NaN
Construction        0.095     0.095     0.790     1.000     0.000     0.000     0.000     0.000     1.068     1.068     1.000       NaN
Extractive          0.001     0.001     0.137     1.000     0.000     0.000     0.000     0.000     1.282     1.282     1.000       NaN
Supervisor(P)       0.012     0.012     0.335     1.000     0.000     0.000     0.000     0.000     1.177     1.177     1.000       NaN
MetalWork           0.008     0.008     0.287     1.000     0.000     0.000     0.000     0.000     1.076     1.076     1.000       NaN
WoodWork            0.001     0.001     0.169     1.000     0.000     0.000     0.000     0.000     1.043     1.043     1.000       NaN
Textiles            0.001     0.001     0.127     1.000     0.000     0.000     0.000     0.000     0.989     0.989     1.000       NaN
Other               0.002     0.002     0.218     1.000     0.000     0.000     0.000     0.000     1.107     1.107     1.000       NaN
Food                0.003     0.003     0.245     1.000     0.000     0.000     0.000     0.000     1.001     1.001     1.000       NaN
PlantOperator       0.002     0.002     0.176     1.000     0.000     0.000     0.000     0.000     1.181     1.181     1.000       NaN
MetalMach.          0.003     0.003     0.209     1.000     0.000     0.000     0.000     0.000     0.990     0.990     1.000       NaN
MetalProc.          0.001     0.001     0.158     1.000     0.000     0.000     0.000     0.000     1.009     1.009     1.000       NaN
WoodMach.           0.007     0.007     0.301     1.000     0.000     0.000     0.000     0.000     1.030     1.030     1.000       NaN
TextileMach.        0.004     0.004     0.230     1.000     0.000     0.000     0.000     0.000     1.022     1.022     1.000       NaN
PrintMach.          0.003     0.003     0.239     1.000     0.000     0.000     0.000     0.000     0.981     0.981     1.000       NaN
OtherMach.          0.020     0.020     0.444     1.000     0.000     0.000     0.000     0.000     1.058     1.058     1.000       NaN
Fabricators         0.019     0.019     0.439     1.000     0.000     0.000     0.000     0.000     1.053     1.053     1.000       NaN
Prod.Inspectors     0.006     0.006     0.276     1.000     0.000     0.000     0.000     0.000     1.154     1.154     1.000       NaN
MotorVehicle        0.045     0.045     0.608     1.000     0.000     0.000     0.000     0.000     1.043     1.043     1.000       NaN
OtherVehicle        0.008     0.008     0.284     1.000     0.000     0.000     0.000     0.000     1.155     1.155     1.000       NaN
Freight             0.020     0.020     0.506     1.000     0.000     0.000     0.000     0.000     1.022     1.022     1.000       NaN
 
======================================
 YEAR = 2010
======================================
  Note: tauh* := (1+tauh)^eta - 1 
 
                       pY     pfitY         Z    TauHat      TauH     tauh*     TauW0     TauW1  wagegrth  wagegrWM ExpFactor     alpha
---------------------------------------------------------------------------------------------------------------------------------------
Home                0.151       NaN     1.000       NaN     0.000     0.000     0.000       NaN     0.000     0.000     0.000       NaN
Managers            0.074     0.074     0.575     1.000     0.000     0.000     0.000       NaN     0.000     0.000     0.000       NaN
MgmtRelated         0.040     0.040     0.481     1.000     0.000     0.000     0.000       NaN     0.000     0.000     0.000       NaN
Architects          0.001     0.001     0.157     1.000     0.000     0.000     0.000       NaN     0.000     0.000     0.000       NaN
Engineers           0.018     0.018     0.335     1.000     0.000     0.000     0.000       NaN     0.000     0.000     0.000       NaN
Math/CompSci        0.024     0.024     0.385     1.000     0.000     0.000     0.000       NaN     0.000     0.000     0.000       NaN
Science             0.005     0.005     0.303     1.000     0.000     0.000     0.000       NaN     0.000     0.000     0.000       NaN
Doctors             0.006     0.006     0.281     1.000     0.000     0.000     0.000       NaN     0.000     0.000     0.000       NaN
Nurses              0.004     0.004     0.207     1.000     0.000     0.000     0.000       NaN     0.000     0.000     0.000       NaN
Therapists          0.003     0.003     0.210     1.000     0.000     0.000     0.000       NaN     0.000     0.000     0.000       NaN
Professors          0.007     0.007     0.641     1.000     0.000     0.000     0.000       NaN     0.000     0.000     0.000       NaN
Teachers            0.024     0.024     0.584     1.000     0.000     0.000     0.000       NaN     0.000     0.000     0.000       NaN
Librarians          0.000     0.000     0.158     1.000     0.000     0.000     0.000       NaN     0.000     0.000     0.000       NaN
Soc.Scientists      0.003     0.003     0.202     1.000     0.000     0.000     0.000       NaN     0.000     0.000     0.000       NaN
SocialWork          0.007     0.007     0.373     1.000     0.000     0.000     0.000       NaN     0.000     0.000     0.000       NaN
Lawyers             0.007     0.007     0.279     1.000     0.000     0.000     0.000       NaN     0.000     0.000     0.000       NaN
Arts/Athletes       0.018     0.018     0.436     1.000     0.000     0.000     0.000       NaN     0.000     0.000     0.000       NaN
HealthTechs         0.007     0.007     0.266     1.000     0.000     0.000     0.000       NaN     0.000     0.000     0.000       NaN
Eng.Techs           0.008     0.008     0.263     1.000     0.000     0.000     0.000       NaN     0.000     0.000     0.000       NaN
ScienceTechs        0.001     0.001     0.136     1.000     0.000     0.000     0.000       NaN     0.000     0.000     0.000       NaN
OtherTechs          0.020     0.020     0.340     1.000     0.000     0.000     0.000       NaN     0.000     0.000     0.000       NaN
Sales               0.089     0.089     0.702     1.000     0.000     0.000     0.000       NaN     0.000     0.000     0.000       NaN
Secretaries         0.002     0.002     0.215     1.000     0.000     0.000     0.000       NaN     0.000     0.000     0.000       NaN
Info.Clerks         0.003     0.003     0.256     1.000     0.000     0.000     0.000       NaN     0.000     0.000     0.000       NaN
Records             0.002     0.002     0.209     1.000     0.000     0.000     0.000       NaN     0.000     0.000     0.000       NaN
FinancialClerk      0.003     0.003     0.215     1.000     0.000     0.000     0.000       NaN     0.000     0.000     0.000       NaN
OfficeMachine       0.000     0.000     0.092     1.000     0.000     0.000     0.000       NaN     0.000     0.000     0.000       NaN
ComputerTech        0.001     0.001     0.135     1.000     0.000     0.000     0.000       NaN     0.000     0.000     0.000       NaN
Mail                0.003     0.003     0.198     1.000     0.000     0.000     0.000       NaN     0.000     0.000     0.000       NaN
Clerks              0.021     0.021     0.469     1.000     0.000     0.000     0.000       NaN     0.000     0.000     0.000       NaN
Insurance           0.015     0.015     0.410     1.000     0.000     0.000     0.000       NaN     0.000     0.000     0.000       NaN
Misc.Admin          0.007     0.007     0.317     1.000     0.000     0.000     0.000       NaN     0.000     0.000     0.000       NaN
PrivateHshld        0.001     0.001     0.172     1.000     0.000     0.000     0.000       NaN     0.000     0.000     0.000       NaN
Firefighting        0.006     0.006     0.194     1.000     0.000     0.000     0.000       NaN     0.000     0.000     0.000       NaN
Police              0.018     0.018     0.325     1.000     0.000     0.000     0.000       NaN     0.000     0.000     0.000       NaN
Guards              0.008     0.008     0.324     1.000     0.000     0.000     0.000       NaN     0.000     0.000     0.000       NaN
FoodPrep            0.044     0.044     0.771     1.000     0.000     0.000     0.000       NaN     0.000     0.000     0.000       NaN
HealthService       0.006     0.006     0.323     1.000     0.000     0.000     0.000       NaN     0.000     0.000     0.000       NaN
Cleaning            0.013     0.013     0.398     1.000     0.000     0.000     0.000       NaN     0.000     0.000     0.000       NaN
PersonalService     0.008     0.008     0.363     1.000     0.000     0.000     0.000       NaN     0.000     0.000     0.000       NaN
FarmMgrs            0.004     0.004     0.217     1.000     0.000     0.000     0.000       NaN     0.000     0.000     0.000       NaN
FarmWork            0.009     0.009     0.315     1.000     0.000     0.000     0.000       NaN     0.000     0.000     0.000       NaN
Agriculture         0.018     0.018     0.453     1.000     0.000     0.000     0.000       NaN     0.000     0.000     0.000       NaN
Forest              0.002     0.002     0.154     1.000     0.000     0.000     0.000       NaN     0.000     0.000     0.000       NaN
Mechanics           0.029     0.029     0.423     1.000     0.000     0.000     0.000       NaN     0.000     0.000     0.000       NaN
Elec.Repairer       0.015     0.015     0.328     1.000     0.000     0.000     0.000       NaN     0.000     0.000     0.000       NaN
Misc.Repairer       0.010     0.010     0.277     1.000     0.000     0.000     0.000       NaN     0.000     0.000     0.000       NaN
Construction        0.091     0.091     0.674     1.000     0.000     0.000     0.000       NaN     0.000     0.000     0.000       NaN
Extractive          0.004     0.004     0.155     1.000     0.000     0.000     0.000       NaN     0.000     0.000     0.000       NaN
Supervisor(P)       0.006     0.006     0.220     1.000     0.000     0.000     0.000       NaN     0.000     0.000     0.000       NaN
MetalWork           0.004     0.004     0.190     1.000     0.000     0.000     0.000       NaN     0.000     0.000     0.000       NaN
WoodWork            0.001     0.001     0.122     1.000     0.000     0.000     0.000       NaN     0.000     0.000     0.000       NaN
Textiles            0.000     0.000     0.100     1.000     0.000     0.000     0.000       NaN     0.000     0.000     0.000       NaN
Other               0.003     0.003     0.205     1.000     0.000     0.000     0.000       NaN     0.000     0.000     0.000       NaN
Food                0.004     0.004     0.234     1.000     0.000     0.000     0.000       NaN     0.000     0.000     0.000       NaN
PlantOperator       0.002     0.002     0.140     1.000     0.000     0.000     0.000       NaN     0.000     0.000     0.000       NaN
MetalMach.          0.002     0.002     0.149     1.000     0.000     0.000     0.000       NaN     0.000     0.000     0.000       NaN
MetalProc.          0.001     0.001     0.097     1.000     0.000     0.000     0.000       NaN     0.000     0.000     0.000       NaN
WoodMach.           0.004     0.004     0.213     1.000     0.000     0.000     0.000       NaN     0.000     0.000     0.000       NaN
TextileMach.        0.002     0.002     0.165     1.000     0.000     0.000     0.000       NaN     0.000     0.000     0.000       NaN
PrintMach.          0.002     0.002     0.173     1.000     0.000     0.000     0.000       NaN     0.000     0.000     0.000       NaN
OtherMach.          0.018     0.018     0.376     1.000     0.000     0.000     0.000       NaN     0.000     0.000     0.000       NaN
Fabricators         0.016     0.016     0.353     1.000     0.000     0.000     0.000       NaN     0.000     0.000     0.000       NaN
Prod.Inspectors     0.005     0.005     0.224     1.000     0.000     0.000     0.000       NaN     0.000     0.000     0.000       NaN
MotorVehicle        0.036     0.036     0.504     1.000     0.000     0.000     0.000       NaN     0.000     0.000     0.000       NaN
OtherVehicle        0.008     0.008     0.226     1.000     0.000     0.000     0.000       NaN     0.000     0.000     0.000       NaN
Freight             0.025     0.025     0.506     1.000     0.000     0.000     0.000       NaN     0.000     0.000     0.000       NaN
 
mg(g,t):
mg =

   1.0977e+09   9.9747e+08   6.7076e+08   7.2857e+08   9.1281e+08   5.5992e+08
            0            0            0            0            0            0
            0            0            0            0            0            0
            0            0            0            0            0            0

 
 
 
 
--------------------------------------------------------------------------------------------------
                          >>>>> White Women <<<<<
--------------------------------------------------------------------------------------------------
 
======================================
 YEAR = 1960
======================================
  Note: tauh* := (1+tauh)^eta - 1 
 
                       pY     pfitY         Z    TauHat      TauH     tauh*     TauW0     TauW1  wagegrth  wagegrWM ExpFactor     alpha
---------------------------------------------------------------------------------------------------------------------------------------
Home                0.739       NaN     1.000       NaN     0.000     0.000     0.000     0.000       NaN       NaN     1.000       NaN
Managers            0.007     0.007     0.221     1.657    10.607     0.287     0.223     0.202     1.486     1.446     1.113     0.500
MgmtRelated         0.003     0.003     0.175     1.403     4.167     0.184     0.156     0.089     1.451     1.344     1.156     0.500
Architects          0.000     0.000     0.038     1.620     9.398     0.273     0.214    -1.865     5.241     1.437     1.000     0.500
Engineers           0.000     0.000     0.047     1.154     1.008     0.074     0.069     0.064     1.371     1.364     1.086     0.500
Math/CompSci        0.000     0.000     0.049     1.273     2.223     0.128     0.114     0.271     1.139     1.385     1.000     0.500
Science             0.000     0.000     0.067     1.138     0.870     0.067     0.062    -0.040     1.463     1.320     1.069     0.500
Doctors             0.000     0.000     0.114     1.554     7.508     0.247     0.198     0.134     2.168     2.008     1.104     0.500
Nurses              0.011     0.011     0.373     1.714    12.665     0.309     0.236     0.167     1.475     1.353     1.022     0.500
Therapists          0.000     0.000     0.106     1.313     2.747     0.146     0.127     0.104     1.380     1.344     1.046     0.500
Professors          0.000     0.000     0.171     1.439     4.857     0.200     0.166     0.115     1.660     1.564     1.112     0.500
Teachers            0.017     0.017     0.453     1.289     2.430     0.135     0.119     0.046     1.514     1.398     1.085     0.500
Librarians          0.001     0.001     0.146     1.182     1.251     0.087     0.080     0.119     1.352     1.411     1.000     0.500
Soc.Scientists      0.000     0.000     0.079     1.239     1.834     0.113     0.102     0.294     1.245     1.584     1.000     0.500
SocialWork          0.001     0.001     0.179     0.963    -0.166    -0.019    -0.019    -0.054     1.389     1.343     1.024     0.500
Lawyers             0.000     0.000     0.086     1.846    18.594     0.359     0.264     0.096     2.097     1.707     1.042     0.500
Arts/Athletes       0.004     0.004     0.189     1.336     3.074     0.156     0.135     0.226     1.186     1.326     1.000     0.500
HealthTechs         0.004     0.004     0.186     1.478     5.672     0.216     0.178     0.143     1.495     1.434     1.109     0.500
Eng.Techs           0.000     0.000     0.068     1.319     2.835     0.148     0.129     0.118     1.312     1.295     1.173     0.500
ScienceTechs        0.001     0.001     0.078     1.298     2.553     0.139     0.122     0.061     1.350     1.262     1.139     0.500
OtherTechs          0.000     0.000     0.060     1.597     8.700     0.264     0.209     0.007     1.911     1.523     1.141     0.500
Sales               0.020     0.020     0.421     2.028    29.970     0.424     0.298     0.309     1.351     1.374     1.131     0.500
Secretaries         0.041     0.041     0.431     1.335     3.066     0.155     0.135     0.235     1.155     1.306     1.030     0.500
Info.Clerks         0.003     0.003     0.156     1.487     5.856     0.219     0.180     0.095     1.373     1.244     1.120     0.500
Records             0.002     0.002     0.172     1.601     8.807     0.265     0.210     0.254     1.337     1.417     1.038     0.500
FinancialClerk      0.015     0.015     0.314     1.371     3.620     0.171     0.146     0.231     1.262     1.402     1.091     0.500
OfficeMachine       0.005     0.005     0.185     1.362     3.481     0.167     0.143     0.257     1.024     1.181     1.000     0.500
ComputerTech        0.007     0.007     0.204     1.584     8.317     0.258     0.205     0.260     1.203     1.292     1.000     0.500
Mail                0.000     0.000     0.061     1.456     5.196     0.207     0.171    -0.110     1.657     1.237     1.198     0.500
Clerks              0.001     0.001     0.109     1.489     5.916     0.220     0.181    -0.022     1.608     1.290     1.173     0.500
Insurance           0.000     0.000     0.056     1.467     5.428     0.211     0.174     0.118     1.594     1.493     1.246     0.500
Misc.Admin          0.030     0.030     0.395     1.430     4.667     0.196     0.164     0.104     1.366     1.275     1.167     0.500
PrivateHshld        0.002     0.002     0.182     2.203    45.266     0.484     0.326     0.192     1.197     0.998     1.069     0.500
Firefighting        0.000       NaN       NaN       NaN       NaN       NaN       NaN    -0.038       NaN     1.390     1.290       NaN
Police              0.000     0.000     0.043     1.134     0.841     0.065     0.061     0.061     1.366     1.367     1.114     0.500
Guards              0.000     0.000     0.014     1.149     0.961     0.072     0.067    -0.310     1.691     1.205     1.275     0.500
FoodPrep            0.016     0.016     0.405     1.921    22.809     0.386     0.279     0.234     1.325     1.248     1.065     0.500
HealthService       0.004     0.004     0.208     1.285     2.383     0.134     0.118     0.051     1.486     1.380     1.171     0.500
Cleaning            0.000     0.000     0.071     1.398     4.083     0.182     0.154     0.194     1.239     1.300     1.057     0.500
PersonalService     0.008     0.008     0.278     1.819    17.236     0.349     0.258     0.268     1.229     1.246     1.083     0.500
FarmMgrs            0.000     0.000     0.129     1.892    21.112     0.376     0.273    -0.080     2.416     1.626     1.173     0.500
FarmWork            0.002     0.002     0.185     1.408     4.271     0.187     0.157    -0.098     1.769     1.357     1.093     0.500
Agriculture         0.000     0.000     0.051     1.537     7.059     0.240     0.193     0.116     1.314     1.199     1.035     0.500
Forest              0.000       NaN       NaN       NaN       NaN       NaN       NaN     0.139       NaN     1.359     1.197       NaN
Mechanics           0.000     0.000     0.037     1.286     2.386     0.134     0.118    -0.145     1.700     1.309     1.194     0.500
Elec.Repairer       0.000     0.000     0.047     1.424     4.554     0.193     0.162     0.006     1.448     1.221     1.130     0.500
Misc.Repairer       0.000     0.000     0.048     1.232     1.756     0.110     0.099     0.065     1.338     1.288     1.216     0.500
Construction        0.000     0.000     0.048     1.384     3.837     0.176     0.150    -0.090     1.541     1.202     1.177     0.500
Extractive          0.000     0.000     0.015     1.031     0.161     0.015     0.015     0.124       NaN     1.188     1.205     0.500
Supervisor(P)       0.001     0.001     0.107     1.722    12.987     0.312     0.238     0.130     1.398     1.225     1.040     0.500
MetalWork           0.000     0.000     0.047     1.444     4.952     0.202     0.168     0.026     1.451     1.240     1.175     0.500
WoodWork            0.000     0.000     0.016     1.437     4.822     0.199     0.166     0.229       NaN     1.166     1.241     0.500
Textiles            0.008     0.008     0.246     1.692    11.841     0.301     0.231     0.298     1.173     1.285     1.000     0.500
Other               0.000     0.000     0.076     1.885    20.696     0.373     0.272     0.044     1.589     1.210     1.198     0.500
Food                0.000     0.000     0.052     1.547     7.304     0.244     0.196    -0.012     1.566     1.244     1.215     0.500
PlantOperator       0.000     0.000     0.038     1.706    12.356     0.306     0.234    -0.111     1.515     1.045     1.000     0.500
MetalMach.          0.000     0.000     0.050     1.854    19.046     0.362     0.266     0.019     1.540     1.153     1.230     0.500
MetalProc.          0.000     0.000     0.021     1.218     1.610     0.104     0.094    -0.043     1.381     1.200     1.194     0.500
WoodMach.           0.000     0.000     0.020     0.836    -0.581    -0.086    -0.094     0.101       NaN     1.244     1.229     0.500
TextileMach.        0.000     0.000     0.056     1.349     3.270     0.161     0.139     0.158     1.197     1.224     1.118     0.500
PrintMach.          0.004     0.004     0.184     1.546     7.287     0.243     0.196    -0.034     1.566     1.218     1.186     0.500
OtherMach.          0.026     0.026     0.340     1.511     6.428     0.229     0.187     0.185     1.240     1.237     1.092     0.500
Fabricators         0.005     0.005     0.169     1.399     4.095     0.183     0.154     0.134     1.203     1.175     1.106     0.500
Prod.Inspectors     0.004     0.004     0.171     1.552     7.448     0.246     0.197     0.236     1.179     1.239     1.065     0.500
MotorVehicle        0.000     0.000     0.062     1.425     4.582     0.194     0.162    -0.111     1.663     1.254     1.235     0.500
OtherVehicle        0.000     0.000     0.027     1.298     2.553     0.139     0.122    -2.817     5.036     1.158     1.206     0.500
Freight             0.001     0.001     0.109     1.362     3.482     0.167     0.143    -0.086     1.586     1.252     1.233     0.500
 
======================================
 YEAR = 1970
======================================
  Note: tauh* := (1+tauh)^eta - 1 
 
                       pY     pfitY         Z    TauHat      TauH     tauh*     TauW0     TauW1  wagegrth  wagegrWM ExpFactor     alpha
---------------------------------------------------------------------------------------------------------------------------------------
Home                0.656       NaN     1.000       NaN     0.000     0.000     0.000     0.000       NaN       NaN     1.000       NaN
Managers            0.016     0.016     0.275     1.519     5.479     0.212     0.202     0.168     1.256     1.204     1.166     0.540
MgmtRelated         0.004     0.004     0.178     1.509    21.011     0.375     0.089    -0.048     1.278     1.111     1.255     0.226
Architects          0.000     0.000     0.041     1.113 77727.669     2.190    -1.865    -1.601     0.972     1.071     1.000    -9.800
Engineers           0.000     0.000     0.050     1.197     2.000     0.120     0.064    -0.046     1.220     1.092     1.286     0.371
Math/CompSci        0.001     0.001     0.082     1.255    -0.577    -0.085     0.271     0.190     1.250     1.124     1.116     1.390
Science             0.001     0.001     0.082     1.162     5.263     0.208    -0.040     0.048     1.140     1.246     1.152    -0.260
Doctors             0.001     0.001     0.100     1.263     1.383     0.094     0.134     0.297     1.153     1.420     1.000     0.617
Nurses              0.012     0.012     0.335     1.466     5.962     0.221     0.167     0.041     1.159     1.007     1.074     0.477
Therapists          0.001     0.001     0.119     1.226     1.506     0.099     0.104    -0.048     1.205     1.030     1.116     0.536
Professors          0.002     0.002     0.284     1.328     3.767     0.175     0.115     0.046     1.184     1.097     1.093     0.433
Teachers            0.032     0.032     0.549     1.269     5.407     0.211     0.046    -0.016     1.116     1.048     1.088     0.198
Librarians          0.001     0.001     0.153     1.187     0.543     0.046     0.119     0.107     1.056     1.043     1.061     0.739
Soc.Scientists      0.001     0.001     0.096     1.288    -0.604    -0.091     0.294     0.247     1.217     1.141     1.145     1.377
SocialWork          0.003     0.003     0.199     1.019     0.998     0.074    -0.054    -0.214     1.127     0.978     1.078    -2.723
Lawyers             0.000     0.000     0.075     1.201     1.224     0.086     0.096     0.255     0.950     1.153     1.171     0.550
Arts/Athletes       0.004     0.004     0.171     1.432     1.706     0.108     0.226     0.218     1.003     0.993     1.147     0.714
HealthTechs         0.005     0.005     0.217     1.419     5.729     0.217     0.143    -0.011     1.190     1.010     1.153     0.439
Eng.Techs           0.001     0.001     0.092     1.370     5.267     0.208     0.118     0.027     1.207     1.094     1.237     0.399
ScienceTechs        0.000     0.000     0.064     1.332     7.761     0.250     0.061     0.061     1.153     1.154     1.161     0.220
OtherTechs          0.001     0.001     0.096     1.216     5.263     0.208     0.007     0.052     1.037     1.086     1.182     0.036
Sales               0.023     0.023     0.406     2.013    23.474     0.390     0.309     0.198     1.208     1.040     1.141     0.529
Secretaries         0.058     0.058     0.492     1.414     1.154     0.082     0.235     0.173     1.211     1.120     1.213     0.772
Info.Clerks         0.005     0.005     0.202     1.571    29.344     0.421     0.095     0.066     1.154     1.118     1.219     0.221
Records             0.004     0.004     0.199     1.550     3.085     0.156     0.254    -0.110     1.210     0.813     1.314     0.669
FinancialClerk      0.020     0.020     0.344     1.514     3.373     0.164     0.231     0.116     1.214     1.056     1.242     0.634
OfficeMachine       0.001     0.001     0.093     1.441     0.926     0.070     0.257     0.036     1.374     1.059     1.241     0.815
ComputerTech        0.005     0.005     0.179     1.559     3.019     0.154     0.260     0.361     1.075     1.245     1.009     0.677
Mail                0.001     0.001     0.086     1.240    21.092     0.375    -0.110    -0.279     1.357     1.177     1.182    -0.484
Clerks              0.003     0.003     0.140     1.437    40.603     0.468    -0.022    -0.182     1.284     1.110     1.257    -0.059
Insurance           0.002     0.002     0.145     1.543    18.864     0.361     0.118    -0.174     1.363     1.025     1.299     0.290
Misc.Admin          0.031     0.031     0.402     1.573    27.058     0.410     0.104    -0.002     1.203     1.075     1.197     0.242
PrivateHshld        0.004     0.004     0.207     1.915    68.029     0.547     0.192    -0.150     1.179     0.828     1.165     0.329
Firefighting        0.000     0.000     0.015     0.928    -0.303    -0.036    -0.038     0.253     0.774     1.075     1.018     0.500
Police              0.000     0.000     0.052     1.328     7.514     0.247     0.061    -0.025     1.165     1.067     1.177     0.223
Guards              0.000     0.000     0.058     1.770  3514.099     1.319    -0.310    -0.824     1.364     0.979     1.264    -0.472
FoodPrep            0.015     0.015     0.382     1.928    43.243     0.477     0.234    -0.023     1.168     0.875     1.108     0.406
HealthService       0.007     0.007     0.272     1.399    14.678     0.328     0.051    -0.040     1.198     1.094     1.162     0.155
Cleaning            0.001     0.001     0.092     1.544     7.370     0.245     0.194    -0.012     1.267     1.009     1.245     0.496
PersonalService     0.016     0.016     0.331     1.844    17.372     0.350     0.268     0.112     1.154     0.951     1.174     0.510
FarmMgrs            0.001     0.001     0.091     1.369    43.596     0.479    -0.080     0.131     0.885     1.100     1.233    -0.245
FarmWork            0.001     0.001     0.151     1.670   360.572     0.834    -0.098    -0.442     1.561     1.190     1.210    -0.183
Agriculture         0.000     0.000     0.064     1.509    15.386     0.334     0.116    -0.083     1.184     0.966     1.216     0.300
Forest              0.000     0.000     0.016     1.349     3.285     0.162     0.139    -0.024     1.298     1.092     1.361     0.500
Mechanics           0.000     0.000     0.049     1.122    10.432     0.285    -0.145    -0.017     0.949     1.069     1.107    -1.178
Elec.Repairer       0.000     0.000     0.051     1.241     6.670     0.233     0.006    -0.298     1.406     1.077     1.251     0.027
Misc.Repairer       0.001     0.001     0.079     1.694    86.056     0.584     0.065    -0.110     1.284     1.082     1.144     0.127
Construction        0.001     0.001     0.067     1.180    10.559     0.287    -0.090     0.046     0.940     1.074     1.082    -0.523
Extractive          0.000     0.000     0.023     1.304     2.634     0.142     0.124     0.059     1.289     1.200     1.190     0.500
Supervisor(P)       0.002     0.002     0.105     1.565    18.999     0.361     0.130     0.039     1.231     1.115     1.221     0.311
MetalWork           0.000     0.000     0.052     1.247     5.578     0.214     0.026     0.142     0.929     1.054     1.173     0.121
WoodWork            0.000     0.000     0.044     1.682    11.498     0.297     0.229    -0.161     1.329     0.882     1.197     0.500
Textiles            0.001     0.001     0.091     1.510     0.756     0.060     0.298     0.104     1.129     0.885     1.208     0.859
Other               0.000     0.000     0.067     1.681    99.462     0.608     0.044    -0.107     1.079     0.932     1.160     0.086
Food                0.000     0.000     0.082     1.819   371.409     0.840    -0.012    -0.167     1.215     1.053     1.252    -0.019
PlantOperator       0.000     0.000     0.022     1.506   146.222     0.672    -0.111    -0.169     1.186     1.127     1.270    -0.256
MetalMach.          0.002     0.002     0.110     1.522    47.914     0.493     0.019    -0.127     1.226     1.067     1.182     0.046
MetalProc.          0.000     0.000     0.042     1.437    49.971     0.499    -0.043    -0.238     1.282     1.080     1.302    -0.116
WoodMach.           0.000     0.000     0.042     1.237     1.813     0.112     0.101    -0.018     1.147     1.013     1.192     0.500
TextileMach.        0.001     0.001     0.079     1.572    14.228     0.324     0.158    -0.011     1.177     0.980     1.248     0.380
PrintMach.          0.016     0.016     0.301     1.504    71.771     0.555    -0.034    -0.197     1.109     0.958     1.164    -0.082
OtherMach.          0.018     0.018     0.299     1.604    12.544     0.308     0.185     0.148     1.130     1.081     1.072     0.432
Fabricators         0.007     0.007     0.196     1.468     9.232     0.271     0.134     0.069     1.134     1.054     1.142     0.376
Prod.Inspectors     0.005     0.005     0.186     1.595     5.809     0.218     0.236     0.196     1.157     1.099     1.135     0.577
MotorVehicle        0.001     0.001     0.081     1.204    15.819     0.337    -0.111     0.037     0.965     1.113     1.281    -0.565
OtherVehicle        0.000     0.000     0.046     1.3488091574.105     4.147    -2.817    -3.387     1.324     1.152     1.230    -4.480
Freight             0.003     0.003     0.157     1.501   113.923     0.630    -0.086    -0.427     1.415     1.077     1.303    -0.203
 
======================================
 YEAR = 1980
======================================
  Note: tauh* := (1+tauh)^eta - 1 
 
                       pY     pfitY         Z    TauHat      TauH     tauh*     TauW0     TauW1  wagegrth  wagegrWM ExpFactor     alpha
---------------------------------------------------------------------------------------------------------------------------------------
Home                0.461       NaN     1.000       NaN     0.000     0.000     0.000     0.000       NaN       NaN     1.000       NaN
Managers            0.034     0.034     0.418     1.456     5.455     0.212     0.168     0.108     1.536     1.434     1.069     0.489
MgmtRelated         0.026     0.026     0.402     1.370    32.456     0.436    -0.048    -0.091     1.397     1.342     1.076    -0.149
Architects          0.000     0.000     0.081     1.243 88438.325     2.232    -1.601    -1.297     1.277     1.445     1.009    -4.396
Engineers           0.001     0.001     0.110     1.227    10.253     0.283    -0.046    -0.196     1.507     1.318     1.082    -0.219
Math/CompSci        0.002     0.002     0.135     1.205    -0.209    -0.024     0.190     0.096     1.448     1.298     1.056     1.130
Science             0.001     0.001     0.146     1.155     1.499     0.099     0.048     0.015     1.398     1.351     1.004     0.344
Doctors             0.002     0.002     0.173     1.569     1.590     0.103     0.297     0.258     1.891     1.791     1.051     0.782
Nurses              0.023     0.023     0.461     1.290     6.914     0.237     0.041    -0.010     1.439     1.366     1.025     0.164
Therapists          0.004     0.004     0.197     1.172     6.331     0.228    -0.048    -0.152     1.560     1.418     1.064    -0.295
Professors          0.003     0.003     0.352     1.200     2.731     0.145     0.046     0.072     1.465     1.505     1.034     0.256
Teachers            0.051     0.051     0.715     1.219     6.966     0.238    -0.016    -0.058     1.434     1.377     1.067    -0.079
Librarians          0.002     0.002     0.214     1.089    -0.242    -0.028     0.107     0.154     1.301     1.373     1.023     1.336
Soc.Scientists      0.002     0.002     0.180     1.264    -0.378    -0.048     0.247     0.166     1.514     1.366     1.066     1.209
SocialWork          0.006     0.006     0.296     1.017     6.801     0.236    -0.214    -0.239     1.317     1.291     1.020   -11.224
Lawyers             0.002     0.002     0.197     1.274    -0.400    -0.051     0.255     0.172     1.914     1.722     1.046     1.217
Arts/Athletes       0.009     0.009     0.290     1.233    -0.299    -0.036     0.218     0.222     1.324     1.331     1.044     1.175
HealthTechs         0.014     0.014     0.343     1.238     7.795     0.251    -0.011     0.016     1.297     1.332     1.016    -0.050
Eng.Techs           0.003     0.003     0.150     1.314     9.902     0.279     0.027    -0.093     1.421     1.265     1.043     0.100
ScienceTechs        0.001     0.001     0.103     1.290     5.395     0.211     0.061    -0.002     1.379     1.292     1.000     0.249
OtherTechs          0.006     0.006     0.229     1.285     5.836     0.219     0.052     0.003     1.388     1.321     1.026     0.211
Sales               0.043     0.043     0.513     1.626    12.206     0.304     0.198     0.186     1.304     1.285     1.034     0.453
Secretaries         0.067     0.067     0.625     1.301     1.038     0.076     0.173     0.146     1.241     1.202     1.010     0.721
Info.Clerks         0.009     0.009     0.311     1.474    21.327     0.377     0.066     0.028     1.206     1.158     1.049     0.176
Records             0.009     0.009     0.259     1.277    28.608     0.418    -0.110    -0.130     1.276     1.253     1.082    -0.428
FinancialClerk      0.027     0.027     0.438     1.438     9.297     0.271     0.116     0.002     1.276     1.131     1.080     0.339
OfficeMachine       0.000     0.000     0.080     1.306     8.363     0.259     0.036     0.064     1.132     1.166     1.011     0.136
ComputerTech        0.008     0.008     0.233     1.424    -0.599    -0.090     0.361     0.317     1.269     1.188     1.036     1.267
Mail                0.002     0.002     0.122     1.255    97.937     0.605    -0.279    -0.433     1.281     1.144     1.080    -1.086
Clerks              0.008     0.008     0.231     1.307    67.318     0.545    -0.182    -0.227     1.236     1.191     1.079    -0.626
Insurance           0.006     0.006     0.234     1.330    74.487     0.561    -0.174    -0.237     1.323     1.255     1.113    -0.562
Misc.Admin          0.034     0.034     0.484     1.403    26.367     0.406    -0.002     0.070     1.181     1.274     1.046    -0.007
PrivateHshld        0.003     0.003     0.218     1.546   266.668     0.778    -0.150    -0.312     1.312     1.150     1.120    -0.321
Firefighting        0.000     0.000     0.032     1.205    -0.638    -0.099     0.253     0.243     1.354     1.336     1.050     1.561
Police              0.001     0.001     0.086     1.190     5.869     0.220    -0.025    -0.167     1.428     1.254     1.138    -0.141
Guards              0.001     0.001     0.103     1.229  2524.854     1.241    -0.824    -0.999     1.241     1.133     1.052    -2.921
FoodPrep            0.021     0.021     0.470     1.483    55.888     0.516    -0.023    -0.099     1.222     1.136     1.062    -0.057
HealthService       0.014     0.014     0.388     1.329    22.187     0.382    -0.040     0.041     1.223     1.326     1.047    -0.137
Cleaning            0.003     0.003     0.169     1.404    29.350     0.421    -0.012    -0.086     1.212     1.130     1.120    -0.036
PersonalService     0.018     0.018     0.437     1.581    25.926     0.404     0.112     0.130     1.098     1.120     1.053     0.260
FarmMgrs            0.001     0.001     0.159     1.811    80.857     0.574     0.131    -0.069     1.333     1.084     1.123     0.236
FarmWork            0.002     0.002     0.151     1.426  1092.969     1.056    -0.442    -0.582     1.256     1.145     1.057    -1.031
Agriculture         0.001     0.001     0.124     1.448    77.848     0.568    -0.083    -0.187     1.222     1.115     1.035    -0.216
Forest              0.000     0.000     0.041     1.199     6.313     0.227    -0.024    -0.215     1.307     1.102     1.054    -0.129
Mechanics           0.001     0.001     0.070     1.173     4.545     0.193    -0.017    -0.458     1.662     1.160     1.130    -0.104
Elec.Repairer       0.001     0.001     0.077     1.136    42.239     0.474    -0.298    -0.453     1.291     1.153     1.052    -2.053
Misc.Repairer       0.001     0.001     0.084     1.492   132.455     0.655    -0.110    -0.211     1.203     1.102     1.026    -0.260
Construction        0.002     0.002     0.115     1.419    17.910     0.354     0.046    -0.134     1.329     1.118     1.079     0.134
Extractive          0.000     0.000     0.030     1.263     4.338     0.188     0.059    -0.077     1.296     1.132     1.054     0.260
Supervisor(P)       0.004     0.004     0.158     1.501    33.939     0.442     0.039    -0.046     1.348     1.237     1.061     0.099
MetalWork           0.001     0.001     0.077     1.431     6.325     0.228     0.142     0.053     1.293     1.171     1.026     0.428
WoodWork            0.000     0.000     0.062     1.333    68.308     0.547    -0.161    -0.049     1.045     1.156     1.046    -0.519
Textiles            0.001     0.001     0.116     1.444    11.138     0.293     0.104     0.076     1.167     1.131     1.089     0.300
Other               0.001     0.001     0.112     1.440    91.263     0.594    -0.107    -0.122     1.233     1.216     1.075    -0.279
Food                0.001     0.001     0.101     1.653   590.530     0.930    -0.167    -0.395     1.259     1.054     1.140    -0.308
PlantOperator       0.000     0.000     0.039     1.143    15.596     0.336    -0.169    -0.193     1.245     1.219     1.035    -1.171
MetalMach.          0.002     0.002     0.117     1.447   113.919     0.630    -0.127    -0.147     1.156     1.135     1.049    -0.322
MetalProc.          0.001     0.001     0.083     1.436   266.032     0.778    -0.238    -0.152     1.121     1.205     1.000    -0.591
WoodMach.           0.000     0.000     0.067     1.347    20.457     0.371    -0.018    -0.127     1.174     1.061     1.068    -0.061
TextileMach.        0.002     0.002     0.126     1.491    52.867     0.508    -0.011    -0.113     1.291     1.172     1.050    -0.027
PrintMach.          0.012     0.012     0.289     1.406   155.815     0.683    -0.197    -0.073     1.096     1.222     1.000    -0.528
OtherMach.          0.011     0.011     0.251     1.535    12.557     0.308     0.148     0.101     1.223     1.160     1.044     0.373
Fabricators         0.011     0.011     0.250     1.498    24.116     0.394     0.069    -0.002     1.215     1.128     1.035     0.178
Prod.Inspectors     0.005     0.005     0.189     1.545     7.222     0.242     0.196     0.196     1.195     1.195     1.024     0.501
MotorVehicle        0.003     0.003     0.158     1.497    33.961     0.442     0.037    -0.159     1.296     1.078     1.103     0.093
OtherVehicle        0.001     0.001     0.083     1.555124700030.237     5.821    -3.387    -4.107     1.337     1.149     1.000    -3.349
Freight             0.009     0.009     0.242     1.436  1060.710     1.050    -0.427    -0.487     1.152     1.105     1.068    -0.981
 
======================================
 YEAR = 1990
======================================
  Note: tauh* := (1+tauh)^eta - 1 
 
                       pY     pfitY         Z    TauHat      TauH     tauh*     TauW0     TauW1  wagegrth  wagegrWM ExpFactor     alpha
---------------------------------------------------------------------------------------------------------------------------------------
Home                0.347       NaN     1.000       NaN     0.000     0.000     0.000     0.000       NaN       NaN     1.000       NaN
Managers            0.058     0.058     0.478     1.342     4.715     0.197     0.108     0.130     1.433     1.469     1.000     0.390
MgmtRelated         0.046     0.046     0.479     1.293    27.313     0.411    -0.091    -0.028     1.263     1.340     1.016    -0.338
Architects          0.001     0.001     0.090     1.161 13733.188     1.668    -1.297    -1.090     1.237     1.360     1.000    -5.558
Engineers           0.004     0.004     0.152     1.108    14.409     0.325    -0.196    -0.119     1.197     1.279     1.000    -1.748
Math/CompSci        0.006     0.006     0.188     1.167     0.676     0.055     0.096     0.097     1.177     1.178     1.000     0.655
Science             0.002     0.002     0.167     1.091     1.007     0.074     0.015     0.050     1.374     1.426     1.000     0.173
Doctors             0.003     0.003     0.210     1.332    -0.104    -0.011     0.258     0.294     1.648     1.778     1.001     1.040
Nurses              0.028     0.028     0.379     1.217     6.420     0.229    -0.010     0.005     1.224     1.243     1.000    -0.050
Therapists          0.006     0.006     0.211     1.095     8.569     0.262    -0.152    -0.090     1.257     1.329     1.000    -1.564
Professors          0.003     0.003     0.370     1.174     1.305     0.090     0.072     0.031     1.503     1.440     1.033     0.463
Teachers            0.037     0.037     0.587     1.186     8.046     0.255    -0.058    -0.068     1.250     1.238     1.074    -0.332
Librarians          0.001     0.001     0.170     1.076    -0.598    -0.090     0.154     0.083     1.394     1.286     1.121     2.286
Soc.Scientists      0.003     0.003     0.196     1.178    -0.153    -0.017     0.166     0.200     1.332     1.389     1.000     1.104
SocialWork          0.006     0.006     0.288     1.027     9.352     0.272    -0.239    -0.201     1.213     1.251     1.012    -8.093
Lawyers             0.005     0.005     0.212     1.174    -0.240    -0.028     0.172     0.232     1.290     1.391     1.000     1.176
Arts/Athletes       0.014     0.014     0.320     1.169    -0.602    -0.091     0.222     0.224     1.224     1.311     1.000     1.607
HealthTechs         0.018     0.018     0.345     1.167     2.829     0.148     0.016     0.063     1.233     1.295     1.000     0.105
Eng.Techs           0.004     0.004     0.160     1.183    11.150     0.293    -0.093    -0.091     1.188     1.191     1.048    -0.532
ScienceTechs        0.001     0.001     0.103     1.155     3.107     0.157    -0.002    -0.084     1.316     1.216     1.020    -0.012
OtherTechs          0.011     0.011     0.257     1.158     3.045     0.155     0.003     0.137     1.368     1.580     1.000     0.022
Sales               0.070     0.070     0.577     1.465     4.545     0.193     0.186     0.210     1.229     1.266     1.009     0.538
Secretaries         0.055     0.055     0.570     1.127    -0.311    -0.038     0.146     0.211     1.193     1.291     1.000     1.322
Info.Clerks         0.014     0.014     0.365     1.346    12.647     0.309     0.028     0.015     1.204     1.188     1.029     0.095
Records             0.006     0.006     0.244     1.197    17.761     0.353    -0.130    -0.195     1.122     1.061     1.071    -0.682
FinancialClerk      0.026     0.026     0.432     1.252     7.653     0.249     0.002    -0.066     1.292     1.208     1.086     0.011
OfficeMachine       0.000     0.000     0.081     1.209     2.308     0.131     0.064     0.007     1.641     1.547     1.013     0.350
ComputerTech        0.008     0.008     0.247     1.321    -0.632    -0.098     0.317     0.327     1.144     1.160     1.013     1.369
Mail                0.004     0.004     0.159     1.129   105.795     0.618    -0.433    -0.404     1.084     1.105     1.029    -2.956
Clerks              0.013     0.013     0.284     1.206    43.862     0.480    -0.227    -0.197     1.146     1.175     1.023    -1.093
Insurance           0.014     0.014     0.323     1.242    64.084     0.537    -0.237    -0.189     1.190     1.239     1.005    -0.982
Misc.Admin          0.036     0.036     0.519     1.365     9.114     0.269     0.070     0.009     1.269     1.190     1.066     0.234
PrivateHshld        0.005     0.005     0.266     1.430   449.682     0.877    -0.312    -0.729     1.325     1.005     1.186    -0.758
Firefighting        0.000     0.000     0.044     1.192    -0.629    -0.097     0.243     0.190     1.355     1.267     1.007     1.581
Police              0.002     0.002     0.119     1.145    15.639     0.336    -0.167    -0.236     1.308     1.235     1.052    -1.143
Guards              0.002     0.002     0.125     1.089  1897.665     1.176    -0.999    -1.217     1.292     1.164     1.123    -8.141
FoodPrep            0.029     0.029     0.533     1.327    38.189     0.459    -0.099    -0.116     1.228     1.210     1.075    -0.335
HealthService       0.017     0.017     0.415     1.285     6.581     0.232     0.041    -0.110     1.301     1.124     1.109     0.168
Cleaning            0.005     0.005     0.238     1.413    62.801     0.534    -0.086    -0.191     1.247     1.137     1.068    -0.239
PersonalService     0.021     0.021     0.512     1.612    25.706     0.403     0.130     0.160     1.312     1.359     1.000     0.292
FarmMgrs            0.001     0.001     0.171     1.674   281.584     0.788    -0.069    -0.261     1.429     1.211     1.051    -0.129
FarmWork            0.001     0.001     0.143     1.291  1026.975     1.043    -0.582    -0.919     1.349     1.112     1.155    -1.794
Agriculture         0.002     0.002     0.166     1.339    89.515     0.591    -0.187    -0.290     1.288     1.186     1.000    -0.588
Forest              0.000     0.000     0.047     1.082    13.262     0.315    -0.215    -0.302     1.267     1.182     1.097    -2.453
Mechanics           0.001     0.001     0.087     1.073    76.256     0.565    -0.458    -0.502     1.242     1.206     1.056    -5.315
Elec.Repairer       0.001     0.001     0.082     1.044    56.015     0.517    -0.453    -0.467     1.175     1.164     1.029    -8.677
Misc.Repairer       0.001     0.001     0.093     1.205    38.329     0.460    -0.211    -0.236     1.176     1.152     1.000    -1.028
Construction        0.003     0.003     0.138     1.218    22.102     0.382    -0.134    -0.165     1.199     1.167     1.056    -0.638
Extractive          0.000     0.000     0.024     1.046     2.183     0.127    -0.077     0.086     0.967     1.140     1.130    -1.659
Supervisor(P)       0.003     0.003     0.141     1.304    19.410     0.364    -0.046    -0.091     1.221     1.170     1.060    -0.171
MetalWork           0.001     0.001     0.086     1.375    12.015     0.303     0.053     0.023     1.178     1.142     1.038     0.171
WoodWork            0.000     0.000     0.062     1.417    45.806     0.486    -0.049    -0.110     1.223     1.155     1.000    -0.137
Textiles            0.001     0.001     0.123     1.379     9.483     0.274     0.076     0.012     1.221     1.141     1.077     0.247
Other               0.002     0.002     0.137     1.357    58.619     0.524    -0.122    -0.454     1.489     1.150     1.270    -0.378
Food                0.002     0.002     0.141     1.418   752.061     0.978    -0.395    -0.533     1.207     1.098     1.110    -0.952
PlantOperator       0.000     0.000     0.050     1.109    14.163     0.323    -0.193    -0.177     1.130     1.146     1.000    -1.713
MetalMach.          0.001     0.001     0.100     1.359    73.495     0.559    -0.147    -0.278     1.244     1.116     1.105    -0.448
MetalProc.          0.000     0.000     0.070     1.395    99.013     0.607    -0.152    -0.212     1.218     1.157     1.075    -0.426
WoodMach.           0.000     0.000     0.069     1.172    13.845     0.320    -0.127    -0.210     1.554     1.448     1.193    -0.754
TextileMach.        0.003     0.003     0.151     1.364    56.870     0.519    -0.113    -0.109     1.122     1.127     1.000    -0.345
PrintMach.          0.009     0.009     0.290     1.435    65.367     0.540    -0.073    -0.119     1.182     1.134     1.000    -0.196
OtherMach.          0.009     0.009     0.253     1.390     7.661     0.249     0.101     0.018     1.246     1.140     1.071     0.324
Fabricators         0.010     0.010     0.262     1.377    21.897     0.381    -0.002    -0.048     1.219     1.165     1.035    -0.008
Prod.Inspectors     0.004     0.004     0.197     1.442     3.209     0.160     0.196     0.186     1.207     1.193     1.002     0.595
MotorVehicle        0.005     0.005     0.194     1.333    66.849     0.544    -0.159    -0.197     1.205     1.166     1.092    -0.513
OtherVehicle        0.000     0.000     0.059     1.21148150080.587     5.185    -4.107    -4.089     1.146     1.150     1.005    -8.519
Freight             0.009     0.009     0.278     1.298   591.612     0.930    -0.487    -0.518     1.176     1.152     1.057    -1.521
 
======================================
 YEAR = 2000
======================================
  Note: tauh* := (1+tauh)^eta - 1 
 
                       pY     pfitY         Z    TauHat      TauH     tauh*     TauW0     TauW1  wagegrth  wagegrWM ExpFactor     alpha
---------------------------------------------------------------------------------------------------------------------------------------
Home                0.337       NaN     1.000       NaN     0.000     0.000     0.000     0.000       NaN       NaN     1.036       NaN
Managers            0.058     0.058     0.522     1.275     1.740     0.109     0.130     0.118     1.300     1.282     1.000     0.573
MgmtRelated         0.055     0.055     0.578     1.276    12.907     0.311    -0.028     0.022     1.270     1.335     1.000    -0.114
Architects          0.001     0.001     0.122     1.159  5346.581     1.421    -1.090    -1.054     1.326     1.349     1.000    -5.005
Engineers           0.003     0.003     0.167     1.085     5.582     0.214    -0.119    -0.133     1.332     1.316     1.000    -1.385
Math/CompSci        0.009     0.009     0.250     1.112     0.048     0.005     0.097     0.116     1.202     1.229     1.000     0.955
Science             0.004     0.004     0.256     1.068     0.142     0.014     0.050     0.077     1.506     1.548     1.000     0.791
Doctors             0.004     0.004     0.250     1.200    -0.800    -0.153     0.294     0.246     1.662     1.761     1.017     1.909
Nurses              0.024     0.024     0.414     1.214     5.243     0.208     0.005     0.050     1.296     1.357     1.000     0.026
Therapists          0.009     0.009     0.306     1.112     5.505     0.213    -0.090     0.033     1.239     1.396     1.000    -0.810
Professors          0.005     0.005     0.494     1.089     0.694     0.056     0.031     0.044     1.519     1.540     1.010     0.365
Teachers            0.060     0.060     0.829     1.154     6.611     0.233    -0.068    -0.007     1.274     1.351     1.012    -0.459
Librarians          0.001     0.001     0.192     0.991    -0.605    -0.091     0.083     0.087     1.307     1.431     1.018    -9.573
Soc.Scientists      0.003     0.003     0.210     1.096    -0.719    -0.122     0.200     0.224     1.410     1.510     1.000     2.420
SocialWork          0.010     0.010     0.381     1.034     7.202     0.242    -0.201    -0.177     1.224     1.250     1.000    -5.480
Lawyers             0.005     0.005     0.263     1.116    -0.777    -0.143     0.232     0.251     1.409     1.525     1.000     2.403
Arts/Athletes       0.015     0.015     0.370     1.092    -0.800    -0.153     0.224     0.234     1.123     1.226     1.000     2.893
HealthTechs         0.015     0.015     0.354     1.143     0.958     0.072     0.063     0.105     1.237     1.295     1.037     0.484
Eng.Techs           0.003     0.003     0.168     1.164     9.119     0.269    -0.091    -0.068     1.216     1.242     1.000    -0.571
ScienceTechs        0.001     0.001     0.096     1.083     3.763     0.174    -0.084    -0.041     1.202     1.251     1.000    -1.011
OtherTechs          0.012     0.012     0.306     1.330     2.831     0.148     0.137     0.200     1.193     1.287     1.000     0.515
Sales               0.070     0.070     0.650     1.395     1.576     0.102     0.210     0.252     1.092     1.154     1.000     0.707
Secretaries         0.038     0.038     0.581     1.247    -0.141    -0.016     0.211     0.207     1.142     1.136     1.013     1.071
Info.Clerks         0.015     0.015     0.434     1.253     6.686     0.234     0.015     0.048     1.117     1.156     1.000     0.069
Records             0.004     0.004     0.259     1.161    23.023     0.387    -0.195    -0.289     1.272     1.179     1.106    -1.197
FinancialClerk      0.022     0.022     0.460     1.201    10.022     0.280    -0.066    -0.015     1.190     1.251     1.025    -0.352
OfficeMachine       0.001     0.001     0.101     1.197     4.349     0.189     0.007    -0.083     1.167     1.070     1.000     0.038
ComputerTech        0.002     0.002     0.198     1.385    -0.494    -0.068     0.327     0.303     1.134     1.264     1.008     1.215
Mail                0.002     0.002     0.164     1.172   124.756     0.645    -0.404    -0.431     1.222     1.199     1.000    -2.143
Clerks              0.012     0.012     0.331     1.157    22.584     0.385    -0.197    -0.248     1.125     1.080     1.036    -1.233
Insurance           0.028     0.028     0.475     1.200    30.465     0.427    -0.189    -0.173     1.103     1.118     1.004    -0.946
Misc.Admin          0.024     0.024     0.503     1.242     6.530     0.231     0.009     0.024     1.201     1.220     1.023     0.040
PrivateHshld        0.006     0.006     0.337     1.343  3582.567     1.323    -0.729    -0.835     1.099     1.036     1.063    -1.856
Firefighting        0.000     0.000     0.056     1.142    -0.529    -0.075     0.190     0.147     1.384     1.315     1.000     1.584
Police              0.004     0.004     0.176     1.136    26.067     0.405    -0.236    -0.198     1.246     1.285     1.019    -1.661
Guards              0.001     0.001     0.147     1.071  4427.879     1.374    -1.217    -1.154     1.125     1.158     1.023   -11.629
FoodPrep            0.028     0.028     0.594     1.267    27.792     0.414    -0.116    -0.109     0.995     1.000     1.017    -0.464
HealthService       0.022     0.022     0.516     1.148     9.505     0.274    -0.110    -0.033     1.078     1.158     1.009    -0.753
Cleaning            0.003     0.003     0.240     1.367   112.613     0.628    -0.191    -0.203     1.085     1.075     1.086    -0.560
PersonalService     0.028     0.028     0.628     1.468     6.624     0.233     0.160     0.142     1.111     1.087     1.000     0.455
FarmMgrs            0.001     0.001     0.123     1.366   195.620     0.723    -0.261    -0.192     1.236     1.308     1.046    -0.745
FarmWork            0.001     0.001     0.157     1.209  3523.484     1.319    -0.919    -0.865     1.016     1.046     1.000    -3.440
Agriculture         0.002     0.002     0.176     1.222    81.872     0.576    -0.290    -0.370     1.044     0.982     1.002    -1.268
Forest              0.000     0.000     0.059     1.187    67.622     0.546    -0.302    -0.371     1.181     1.122     1.141    -1.542
Mechanics           0.001     0.001     0.106     1.090   118.539     0.637    -0.502    -0.626     1.180     1.090     1.000    -4.734
Elec.Repairer       0.001     0.001     0.104     1.067    76.265     0.565    -0.467    -0.475     1.145     1.138     1.000    -5.921
Misc.Repairer       0.001     0.001     0.096     1.204    46.495     0.488    -0.236    -0.205     1.076     1.103     1.000    -1.144
Construction        0.003     0.003     0.165     1.241    34.790     0.446    -0.165    -0.224     1.121     1.068     1.000    -0.709
Extractive          0.000     0.000     0.026     1.424    11.925     0.302     0.086    -0.103     1.548     1.282     1.177     0.255
Supervisor(P)       0.003     0.003     0.159     1.235    17.081     0.347    -0.091    -0.075     1.160     1.177     1.000    -0.414
MetalWork           0.000     0.000     0.083     1.351    13.821     0.320     0.023     0.078     1.015     1.076     1.000     0.077
WoodWork            0.000     0.000     0.066     1.474   118.319     0.636    -0.110    -0.439     1.352     1.043     1.000    -0.270
Textiles            0.000     0.000     0.095     1.366    17.496     0.351     0.012    -0.055     1.056     0.989     1.083     0.037
Other               0.005     0.005     0.250     1.217   253.165     0.769    -0.454    -0.622     1.235     1.107     1.048    -1.905
Food                0.002     0.002     0.164     1.272   657.435     0.951    -0.533    -0.644     1.073     1.001     1.088    -1.774
PlantOperator       0.000     0.000     0.044     1.061     7.652     0.249    -0.177    -0.027     1.031     1.181     1.000    -2.744
MetalMach.          0.001     0.001     0.105     1.274   113.199     0.629    -0.278    -0.297     1.004     0.990     1.000    -1.014
MetalProc.          0.000     0.000     0.075     1.379   145.634     0.672    -0.212    -0.262     1.051     1.009     1.027    -0.600
WoodMach.           0.002     0.002     0.155     1.246    52.923     0.508    -0.210    -0.215     1.034     1.030     1.000    -0.865
TextileMach.        0.001     0.001     0.131     1.390    65.766     0.541    -0.109    -0.132     1.044     1.022     1.000    -0.314
PrintMach.          0.004     0.004     0.238     1.333    47.537     0.492    -0.119    -0.149     1.007     0.981     1.060    -0.392
OtherMach.          0.007     0.007     0.275     1.353    14.772     0.329     0.018     0.048     1.025     1.058     1.000     0.061
Fabricators         0.006     0.006     0.259     1.318    22.015     0.381    -0.048    -0.023     1.028     1.053     1.000    -0.171
Prod.Inspectors     0.004     0.004     0.208     1.337     1.287     0.089     0.186     0.236     1.083     1.154     1.000     0.707
MotorVehicle        0.005     0.005     0.232     1.364   115.900     0.633    -0.197    -0.249     1.088     1.043     1.027    -0.581
OtherVehicle        0.000     0.000     0.057     1.11721314550.892     4.687    -4.089    -4.396     1.224     1.155     1.000   -14.664
Freight             0.006     0.006     0.272     1.291   686.327     0.960    -0.518    -0.541     1.038     1.022     1.056    -1.634
 
======================================
 YEAR = 2010
======================================
  Note: tauh* := (1+tauh)^eta - 1 
 
                       pY     pfitY         Z    TauHat      TauH     tauh*     TauW0     TauW1  wagegrth  wagegrWM ExpFactor     alpha
---------------------------------------------------------------------------------------------------------------------------------------
Home                0.309       NaN     1.000       NaN     0.000     0.000     0.000       NaN     0.000     0.000     0.000       NaN
Managers            0.059     0.059     0.460     1.204     0.808     0.063     0.118       NaN     0.000     0.000     0.000     0.672
MgmtRelated         0.047     0.047     0.450     1.214     4.292     0.187     0.022       NaN     0.000     0.000     0.000     0.114
Architects          0.001     0.001     0.099     1.067  2027.818     1.191    -1.054       NaN     0.000     0.000     0.000   -11.179
Engineers           0.003     0.003     0.133     1.049     4.314     0.188    -0.133       NaN     0.000     0.000     0.000    -2.629
Math/CompSci        0.007     0.007     0.197     1.077    -0.379    -0.048     0.116       NaN     0.000     0.000     0.000     1.659
Science             0.005     0.005     0.221     1.029    -0.390    -0.050     0.077       NaN     0.000     0.000     0.000     2.773
Doctors             0.006     0.006     0.235     1.123    -0.800    -0.153     0.246       NaN     0.000     0.000     0.000     2.426
Nurses              0.033     0.033     0.394     1.209     2.846     0.149     0.050       NaN     0.000     0.000     0.000     0.269
Therapists          0.012     0.012     0.294     1.060     0.272     0.025     0.033       NaN     0.000     0.000     0.000     0.571
Professors          0.007     0.007     0.489     1.017    -0.238    -0.028     0.044       NaN     0.000     0.000     0.000     2.659
Teachers            0.077     0.077     0.754     1.111     1.988     0.119    -0.007       NaN     0.000     0.000     0.000    -0.068
Librarians          0.001     0.001     0.183     0.928    -0.800    -0.153     0.087       NaN     0.000     0.000     0.000    -1.233
Soc.Scientists      0.005     0.005     0.206     1.092    -0.800    -0.153     0.224       NaN     0.000     0.000     0.000     2.888
SocialWork          0.012     0.012     0.344     0.988     3.315     0.163    -0.177       NaN     0.000     0.000     0.000    13.264
Lawyers             0.006     0.006     0.217     1.131    -0.800    -0.153     0.251       NaN     0.000     0.000     0.000     2.351
Arts/Athletes       0.015     0.015     0.336     1.107    -0.800    -0.153     0.234       NaN     0.000     0.000     0.000     2.637
HealthTechs         0.018     0.018     0.311     1.089    -0.219    -0.025     0.105       NaN     0.000     0.000     0.000     1.297
Eng.Techs           0.002     0.002     0.139     1.147     6.151     0.225    -0.068       NaN     0.000     0.000     0.000    -0.480
ScienceTechs        0.001     0.001     0.087     1.090     2.404     0.134    -0.041       NaN     0.000     0.000     0.000    -0.469
OtherTechs          0.009     0.009     0.240     1.394     1.883     0.115     0.200       NaN     0.000     0.000     0.000     0.671
Sales               0.070     0.070     0.598     1.313    -0.165    -0.018     0.252       NaN     0.000     0.000     0.000     1.068
Secretaries         0.030     0.030     0.480     1.149    -0.595    -0.089     0.207       NaN     0.000     0.000     0.000     1.672
Info.Clerks         0.015     0.015     0.385     1.152     1.445     0.096     0.048       NaN     0.000     0.000     0.000     0.349
Records             0.005     0.005     0.238     1.081    24.005     0.393    -0.289       NaN     0.000     0.000     0.000    -3.281
FinancialClerk      0.014     0.014     0.330     1.146     3.311     0.162    -0.015       NaN     0.000     0.000     0.000    -0.107
OfficeMachine       0.000     0.000     0.077     0.986     0.889     0.068    -0.083       NaN     0.000     0.000     0.000     5.738
ComputerTech        0.001     0.001     0.121     1.216    -0.800    -0.153     0.303       NaN     0.000     0.000     0.000     1.849
Mail                0.001     0.001     0.112     1.123    98.546     0.606    -0.431       NaN     0.000     0.000     0.000    -3.098
Clerks              0.011     0.011     0.279     1.022     9.588     0.275    -0.248       NaN     0.000     0.000     0.000   -10.183
Insurance           0.027     0.027     0.421     1.113    12.323     0.306    -0.173       NaN     0.000     0.000     0.000    -1.496
Misc.Admin          0.022     0.022     0.417     1.130     1.578     0.102     0.024       NaN     0.000     0.000     0.000     0.200
PrivateHshld        0.008     0.008     0.330     1.201  2142.422     1.203    -0.835       NaN     0.000     0.000     0.000    -3.317
Firefighting        0.000     0.000     0.047     1.093    -0.495    -0.068     0.147       NaN     0.000     0.000     0.000     1.791
Police              0.004     0.004     0.148     1.122    16.684     0.344    -0.198       NaN     0.000     0.000     0.000    -1.566
Guards              0.002     0.002     0.147     1.010  1890.162     1.175    -1.154       NaN     0.000     0.000     0.000   -76.631
FoodPrep            0.042     0.042     0.629     1.130     8.001     0.254    -0.109       NaN     0.000     0.000     0.000    -0.848
HealthService       0.035     0.035     0.540     1.109     2.744     0.146    -0.033       NaN     0.000     0.000     0.000    -0.309
Cleaning            0.004     0.004     0.248     1.351   110.715     0.625    -0.203       NaN     0.000     0.000     0.000    -0.613
PersonalService     0.030     0.030     0.548     1.266     1.240     0.087     0.142       NaN     0.000     0.000     0.000     0.648
FarmMgrs            0.001     0.001     0.102     1.499   279.677     0.787    -0.192       NaN     0.000     0.000     0.000    -0.435
FarmWork            0.002     0.002     0.159     1.205  2607.170     1.248    -0.865       NaN     0.000     0.000     0.000    -3.337
Agriculture         0.003     0.003     0.185     1.104    54.635     0.513    -0.370       NaN     0.000     0.000     0.000    -3.190
Forest              0.000     0.000     0.040     0.969    14.679     0.328    -0.371       NaN     0.000     0.000     0.000     9.878
Mechanics           0.001     0.001     0.085     1.073   221.855     0.745    -0.626       NaN     0.000     0.000     0.000    -6.856
Elec.Repairer       0.001     0.001     0.085     1.092   101.828     0.612    -0.475       NaN     0.000     0.000     0.000    -4.400
Misc.Repairer       0.001     0.001     0.082     1.267    59.722     0.526    -0.205       NaN     0.000     0.000     0.000    -0.790
Construction        0.002     0.002     0.123     1.161    29.419     0.422    -0.224       NaN     0.000     0.000     0.000    -1.350
Extractive          0.000     0.000     0.028     1.337    42.612     0.475    -0.103       NaN     0.000     0.000     0.000    -0.337
Supervisor(P)       0.001     0.001     0.103     1.205    11.319     0.295    -0.075       NaN     0.000     0.000     0.000    -0.386
MetalWork           0.000     0.000     0.052     1.349     7.323     0.244     0.078       NaN     0.000     0.000     0.000     0.272
WoodWork            0.000     0.000     0.040     1.235   265.175     0.777    -0.439       NaN     0.000     0.000     0.000    -1.725
Textiles            0.000     0.000     0.084     1.293    19.477     0.365    -0.055       NaN     0.000     0.000     0.000    -0.210
Other               0.008     0.008     0.256     1.125   342.519     0.825    -0.622       NaN     0.000     0.000     0.000    -4.096
Food                0.002     0.002     0.160     1.214   817.197     0.995    -0.644       NaN     0.000     0.000     0.000    -2.561
PlantOperator       0.000     0.000     0.029     0.904    -0.513    -0.071    -0.027       NaN     0.000     0.000     0.000     0.266
MetalMach.          0.000     0.000     0.068     1.354   235.190     0.756    -0.297       NaN     0.000     0.000     0.000    -0.858
MetalProc.          0.000     0.000     0.043     1.373   206.891     0.733    -0.262       NaN     0.000     0.000     0.000    -0.736
WoodMach.           0.001     0.001     0.097     1.346   117.713     0.636    -0.215       NaN     0.000     0.000     0.000    -0.655
TextileMach.        0.000     0.000     0.083     1.224    22.758     0.386    -0.132       NaN     0.000     0.000     0.000    -0.615
PrintMach.          0.002     0.002     0.167     1.286    43.170     0.477    -0.149       NaN     0.000     0.000     0.000    -0.553
OtherMach.          0.005     0.005     0.208     1.315     7.803     0.251     0.048       NaN     0.000     0.000     0.000     0.181
Fabricators         0.003     0.003     0.181     1.336    19.716     0.366    -0.023       NaN     0.000     0.000     0.000    -0.077
Prod.Inspectors     0.002     0.002     0.147     1.262    -0.295    -0.035     0.236       NaN     0.000     0.000     0.000     1.155
MotorVehicle        0.003     0.003     0.178     1.278    92.415     0.596    -0.249       NaN     0.000     0.000     0.000    -0.906
OtherVehicle        0.000     0.000     0.046     1.15150273063.829     5.212    -4.396       NaN     0.000     0.000     0.000   -11.964
Freight             0.005     0.005     0.246     1.228   489.542     0.893    -0.541       NaN     0.000     0.000     0.000    -2.104
 
mg(g,t):
mg =

   1.0977e+09   9.9747e+08   6.7076e+08   7.2857e+08   9.1281e+08   5.5992e+08
   1.2827e+08   1.4924e+08   1.3608e+08   2.1329e+08   3.9281e+08   2.7297e+08
            0            0            0            0            0            0
            0            0            0            0            0            0

 
 
 
 
--------------------------------------------------------------------------------------------------
                          >>>>> Black Men <<<<<
--------------------------------------------------------------------------------------------------
 
======================================
 YEAR = 1960
======================================
  Note: tauh* := (1+tauh)^eta - 1 
 
                       pY     pfitY         Z    TauHat      TauH     tauh*     TauW0     TauW1  wagegrth  wagegrWM ExpFactor     alpha
---------------------------------------------------------------------------------------------------------------------------------------
Home                0.202       NaN     1.000       NaN     0.000     0.000     0.000     0.000       NaN       NaN     1.000       NaN
Managers            0.009     0.009     0.405     1.639    10.007     0.280     0.219    -0.079     1.998     1.446     1.130     0.500
MgmtRelated         0.004     0.004     0.271     1.228     1.709     0.108     0.098     0.004     1.484     1.344     1.140     0.500
Architects          0.000       NaN       NaN       NaN       NaN       NaN       NaN     0.054       NaN     1.437     1.290       NaN
Engineers           0.001     0.001     0.161     1.166     1.106     0.080     0.074    -0.021     1.504     1.364     1.182     0.500
Math/CompSci        0.000     0.000     0.075     1.243     1.872     0.115     0.103    -0.375     2.122     1.385     1.030     0.500
Science             0.001     0.001     0.180     1.223     1.654     0.106     0.096     0.015     1.437     1.320     1.088     0.500
Doctors             0.001     0.001     0.256     1.247     1.916     0.117     0.104     0.053     2.123     2.008     1.124     0.500
Nurses              0.001     0.001     0.290     1.786    15.687     0.336     0.252     0.219     1.411     1.353     1.025     0.500
Therapists          0.000     0.000     0.186     1.282     2.345     0.132     0.117    -0.036     1.577     1.344     1.069     0.500
Professors          0.000     0.000     0.268     1.217     1.592     0.103     0.093     0.152     1.320     1.564     1.088     0.500
Teachers            0.014     0.014     0.698     1.291     2.458     0.136     0.120     0.085     1.453     1.398     1.022     0.500
Librarians          0.000       NaN       NaN       NaN       NaN       NaN       NaN     0.095       NaN     1.411     1.290       NaN
Soc.Scientists      0.000     0.000     0.115     1.733    13.435     0.316     0.240    -0.219     2.541     1.584     1.154     0.500
SocialWork          0.004     0.004     0.449     0.989    -0.053    -0.006    -0.006    -0.117     1.492     1.343     1.068     0.500
Lawyers             0.001     0.001     0.288     1.922    22.843     0.386     0.279    -0.107     2.620     1.707     1.000     0.500
Arts/Athletes       0.005     0.005     0.346     1.377     3.724     0.173     0.148    -0.011     1.573     1.326     1.000     0.500
HealthTechs         0.002     0.002     0.214     1.232     1.752     0.110     0.099    -0.023     1.628     1.434     1.124     0.500
Eng.Techs           0.002     0.002     0.187     1.123     0.756     0.060     0.056     0.094     1.243     1.295     1.130     0.500
ScienceTechs        0.001     0.001     0.153     1.219     1.618     0.104     0.094     0.057     1.314     1.262     1.160     0.500
OtherTechs          0.001     0.001     0.174     1.385     3.854     0.177     0.150     0.096     1.619     1.523     1.005     0.500
Sales               0.012     0.012     0.445     1.453     5.136     0.205     0.170     0.061     1.555     1.374     1.085     0.500
Secretaries         0.002     0.002     0.200     1.333     3.033     0.154     0.134    -0.093     1.647     1.306     1.000     0.500
Info.Clerks         0.000     0.000     0.118     1.342     3.170     0.158     0.137    -0.684     2.427     1.244     1.220     0.500
Records             0.002     0.002     0.249     1.491     5.945     0.221     0.181     0.081     1.590     1.417     1.000     0.500
FinancialClerk      0.001     0.001     0.140     1.032     0.166     0.016     0.016    -0.005     1.432     1.402     1.151     0.500
OfficeMachine       0.001     0.001     0.156     1.316     2.797     0.147     0.128     0.093     1.229     1.181     1.243     0.500
ComputerTech        0.000     0.000     0.081     1.408     4.270     0.187     0.157    -0.354     2.076     1.292     1.171     0.500
Mail                0.020     0.020     0.428     1.087     0.499     0.043     0.041     0.016     1.270     1.237     1.000     0.500
Clerks              0.020     0.020     0.494     1.339     3.131     0.157     0.136     0.084     1.368     1.290     1.000     0.500
Insurance           0.000     0.000     0.089     1.556     7.560     0.248     0.198     0.050     1.653     1.493     1.232     0.500
Misc.Admin          0.015     0.015     0.430     1.188     1.303     0.090     0.082     0.044     1.329     1.275     1.136     0.500
PrivateHshld        0.004     0.004     0.253     1.362     3.482     0.167     0.143    -0.084     1.262     0.998     1.129     0.500
Firefighting        0.001     0.001     0.118     0.992    -0.038    -0.004    -0.004    -0.292     1.789     1.390     1.000     0.500
Police              0.005     0.005     0.232     1.024     0.120     0.012     0.012     0.098     1.247     1.367     1.000     0.500
Guards              0.003     0.003     0.205     1.098     0.574     0.048     0.046    -0.005     1.269     1.205     1.085     0.500
FoodPrep            0.025     0.025     0.597     1.342     3.174     0.159     0.137     0.093     1.311     1.248     1.000     0.500
HealthService       0.011     0.011     0.389     0.976    -0.113    -0.012    -0.012     0.063     1.277     1.380     1.000     0.500
Cleaning            0.029     0.029     0.611     1.263     2.108     0.124     0.110     0.111     1.298     1.300     1.000     0.500
PersonalService     0.036     0.036     0.740     1.554     7.491     0.246     0.198     0.055     1.468     1.246     1.000     0.500
FarmMgrs            0.015     0.015     1.091     2.778   141.493     0.667     0.400     0.308     1.876     1.626     1.000     0.500
FarmWork            0.043     0.043     1.103     1.666    10.930     0.291     0.225     0.101     1.575     1.357     1.005     0.500
Agriculture         0.006     0.006     0.363     1.638     9.985     0.280     0.219     0.131     1.334     1.199     1.000     0.500
Forest              0.008     0.008     0.534     2.026    29.798     0.423     0.297     0.113     1.715     1.359     1.000     0.500
Mechanics           0.014     0.014     0.430     1.384     3.843     0.176     0.150     0.073     1.428     1.309     1.047     0.500
Elec.Repairer       0.003     0.003     0.259     1.631     9.736     0.277     0.217    -0.086     1.693     1.221     1.127     0.500
Misc.Repairer       0.016     0.016     0.442     1.434     4.751     0.197     0.165     0.069     1.437     1.288     1.135     0.500
Construction        0.030     0.030     0.574     1.545     7.269     0.243     0.196     0.016     1.470     1.202     1.125     0.500
Extractive          0.002     0.002     0.213     1.745    13.933     0.321     0.243    -0.216     1.908     1.188     1.132     0.500
Supervisor(P)       0.004     0.004     0.247     1.440     4.864     0.200     0.167    -0.056     1.553     1.225     1.136     0.500
MetalWork           0.006     0.006     0.258     1.291     2.456     0.136     0.120     0.040     1.353     1.240     1.071     0.500
WoodWork            0.000     0.000     0.081     1.289     2.425     0.135     0.119     0.010     1.310     1.166     1.206     0.500
Textiles            0.003     0.003     0.197     1.198     1.401     0.094     0.086     0.129     1.226     1.285     1.000     0.500
Other               0.002     0.002     0.187     1.311     2.721     0.145     0.127     0.108     1.235     1.210     1.000     0.500
Food                0.004     0.004     0.261     1.404     4.200     0.185     0.156    -0.010     1.490     1.244     1.085     0.500
PlantOperator       0.001     0.001     0.134     1.370     3.616     0.171     0.146    -0.149     1.405     1.045     1.237     0.500
MetalMach.          0.004     0.004     0.206     1.284     2.362     0.133     0.117     0.029     1.269     1.153     1.069     0.500
MetalProc.          0.003     0.003     0.183     1.075     0.420     0.037     0.035     0.063     1.166     1.200     1.000     0.500
WoodMach.           0.003     0.003     0.293     1.623     9.506     0.274     0.215     0.135     1.370     1.244     1.000     0.500
TextileMach.        0.002     0.002     0.179     1.324     2.906     0.151     0.131    -0.165     1.640     1.224     1.079     0.500
PrintMach.          0.010     0.010     0.410     1.414     4.373     0.189     0.159     0.009     1.435     1.218     1.000     0.500
OtherMach.          0.113     0.113     0.879     1.293     2.485     0.137     0.121     0.037     1.355     1.237     1.061     0.500
Fabricators         0.012     0.012     0.313     1.086     0.495     0.042     0.041    -0.032     1.264     1.175     1.112     0.500
Prod.Inspectors     0.002     0.002     0.178     1.151     0.976     0.073     0.068     0.140     1.144     1.239     1.131     0.500
MotorVehicle        0.090     0.090     0.939     1.584     8.323     0.259     0.205     0.022     1.543     1.254     1.031     0.500
OtherVehicle        0.008     0.008     0.307     1.395     4.036     0.181     0.153    -0.120     1.532     1.158     1.136     0.500
Freight             0.160     0.160     1.116     1.343     3.188     0.159     0.137     0.108     1.294     1.252     1.000     0.500
 
======================================
 YEAR = 1970
======================================
  Note: tauh* := (1+tauh)^eta - 1 
 
                       pY     pfitY         Z    TauHat      TauH     tauh*     TauW0     TauW1  wagegrth  wagegrWM ExpFactor     alpha
---------------------------------------------------------------------------------------------------------------------------------------
Home                0.187       NaN     1.000       NaN     0.000     0.000     0.000     0.000       NaN       NaN     1.100       NaN
Managers            0.031     0.031     0.503     1.248    16.992     0.347    -0.079    -0.124     1.254     1.204     1.046    -0.342
MgmtRelated         0.005     0.005     0.268     1.190     4.199     0.185     0.004    -0.176     1.312     1.111     1.208     0.022
Architects          0.000     0.000     0.112     1.117     0.709     0.057     0.054     0.174     0.935     1.071     1.028     0.500
Engineers           0.003     0.003     0.226     1.149     3.722     0.173    -0.021    -0.123     1.201     1.092     1.183    -0.148
Math/CompSci        0.001     0.001     0.155     1.156    88.562     0.589    -0.375    -0.498     1.225     1.124     1.172    -2.201
Science             0.002     0.002     0.214     1.066     0.613     0.051     0.015     0.075     1.170     1.246     1.000     0.234
Doctors             0.001     0.001     0.260     1.516    32.376     0.435     0.053    -0.465     2.196     1.420     1.099     0.132
Nurses              0.001     0.001     0.216     1.334     0.488     0.042     0.219    -0.120     1.446     1.007     1.070     0.858
Therapists          0.001     0.001     0.203     1.158     4.891     0.200    -0.036    -0.012     1.006     1.030     1.000    -0.243
Professors          0.002     0.002     0.323     1.000    -0.800    -0.153     0.152     0.062     1.214     1.097     1.148  -451.959
Teachers            0.018     0.018     0.639     1.114     0.196     0.019     0.085     0.112     1.018     1.048     1.000     0.828
Librarians          0.000     0.000     0.160     1.222     1.647     0.105     0.095     0.153     0.856     1.043     1.000     0.500
Soc.Scientists      0.001     0.001     0.167     1.176    31.924     0.433    -0.219    -0.220     1.142     1.141     1.035    -1.218
SocialWork          0.007     0.007     0.416     0.944     0.670     0.054    -0.117    -0.136     0.995     0.978     1.000     1.914
Lawyers             0.001     0.001     0.318     2.520 21155.173     1.789    -0.107    -0.843     1.919     1.153     1.100    -0.110
Arts/Athletes       0.005     0.005     0.277     1.230     7.296     0.243    -0.011    -0.045     1.027     0.993     1.007    -0.051
HealthTechs         0.003     0.003     0.277     1.355    22.895     0.387    -0.023    -0.211     1.195     1.010     1.061    -0.076
Eng.Techs           0.006     0.006     0.259     1.199     1.222     0.086     0.094     0.055     1.142     1.094     1.130     0.547
ScienceTechs        0.001     0.001     0.133     0.945    -0.674    -0.109     0.057     0.132     1.063     1.154     1.055    -1.049
OtherTechs          0.003     0.003     0.183     1.103    -0.034    -0.004     0.096     0.052     1.139     1.086     1.126     1.036
Sales               0.023     0.023     0.507     1.429    16.265     0.341     0.061     0.009     1.098     1.040     1.006     0.178
Secretaries         0.003     0.003     0.226     1.260    21.267     0.377    -0.093     0.054     0.970     1.120     1.000    -0.384
Info.Clerks         0.001     0.001     0.138     1.088   357.613     0.833    -0.684    -0.696     1.126     1.118     1.203    -6.161
Records             0.006     0.006     0.283     1.147     0.670     0.054     0.081    -0.098     0.970     0.813     1.128     0.614
FinancialClerk      0.003     0.003     0.237     1.286    11.101     0.293    -0.005    -0.113     1.169     1.056     1.140    -0.020
OfficeMachine       0.003     0.003     0.210     1.051    -0.372    -0.047     0.093    -0.130     1.319     1.059     1.000     1.964
ComputerTech        0.003     0.003     0.205     1.174    89.174     0.590    -0.354    -0.211     1.114     1.245     1.000    -1.891
Mail                0.014     0.014     0.352     1.045     0.320     0.029     0.016     0.027     1.163     1.177     1.000     0.356
Clerks              0.022     0.022     0.447     1.196     1.443     0.096     0.084     0.022     1.184     1.110     1.028     0.487
Insurance           0.002     0.002     0.144     0.892    -0.800    -0.153     0.050    -0.107     1.194     1.025     1.217    -0.453
Misc.Admin          0.016     0.016     0.413     1.194     2.639     0.142     0.044     0.077     1.037     1.075     1.000     0.251
PrivateHshld        0.011     0.011     0.387     1.333    34.584     0.445    -0.084    -0.352     1.033     0.828     1.000    -0.280
Firefighting        0.002     0.002     0.133     0.987     9.640     0.276    -0.292    -0.447     1.203     1.075     1.002    19.783
Police              0.007     0.007     0.242     1.064    -0.330    -0.040     0.098    -0.079     1.276     1.067     1.143     1.668
Guards              0.005     0.005     0.235     1.071     1.045     0.076    -0.005     0.001     0.973     0.979     1.090    -0.076
FoodPrep            0.015     0.015     0.461     1.343     5.797     0.218     0.093    -0.100     1.062     0.875     1.000     0.331
HealthService       0.005     0.005     0.304     1.067    -0.006    -0.001     0.063     0.051     1.109     1.094     1.100     1.010
Cleaning            0.029     0.029     0.532     1.235     1.464     0.097     0.111     0.103     1.019     1.009     1.000     0.559
PersonalService     0.022     0.022     0.480     1.356    10.169     0.282     0.055     0.008     0.999     0.951     1.000     0.184
FarmMgrs            0.004     0.004     0.539     2.940   986.478     1.034     0.308    -0.063     1.690     1.100     1.000     0.341
FarmWork            0.019     0.019     0.679     1.601    33.348     0.439     0.101     0.012     1.306     1.190     1.000     0.226
Agriculture         0.007     0.007     0.310     1.295     2.153     0.126     0.131     0.031     1.076     0.966     1.000     0.542
Forest              0.005     0.005     0.366     1.715    57.934     0.522     0.113     0.116     1.088     1.092     1.000     0.222
Mechanics           0.022     0.022     0.430     1.268     3.803     0.175     0.073    -0.007     1.161     1.069     1.057     0.318
Elec.Repairer       0.008     0.008     0.318     1.411    62.131     0.533    -0.086    -0.316     1.305     1.077     1.069    -0.240
Misc.Repairer       0.023     0.023     0.444     1.362     9.100     0.269     0.069    -0.034     1.202     1.082     1.000     0.230
Construction        0.058     0.058     0.668     1.454    31.542     0.431     0.016    -0.037     1.132     1.074     1.000     0.042
Extractive          0.001     0.001     0.123     1.317    95.775     0.602    -0.216    -0.419     1.400     1.200     1.171    -0.709
Supervisor(P)       0.012     0.012     0.319     1.297    20.213     0.370    -0.056    -0.227     1.295     1.115     1.135    -0.210
MetalWork           0.007     0.007     0.284     1.387    15.097     0.331     0.040    -0.171     1.285     1.054     1.113     0.124
WoodWork            0.001     0.001     0.130     1.263     7.763     0.251     0.010    -0.166     1.040     0.882     1.075     0.044
Textiles            0.003     0.003     0.207     1.296     2.269     0.130     0.129     0.025     0.991     0.885     1.000     0.530
Other               0.000     0.000     0.108     1.472    13.011     0.312     0.108    -0.337     1.398     0.932     1.267     0.297
Food                0.009     0.009     0.307     1.242     8.050     0.255    -0.010    -0.039     1.082     1.053     1.000    -0.047
PlantOperator       0.001     0.001     0.142     1.316    54.045     0.511    -0.149    -0.350     1.324     1.127     1.140    -0.505
MetalMach.          0.013     0.013     0.336     1.205     3.630     0.171     0.029    -0.029     1.130     1.067     1.016     0.155
MetalProc.          0.003     0.003     0.178     1.166     1.372     0.093     0.063     0.085     1.054     1.080     1.000     0.422
WoodMach.           0.002     0.002     0.214     1.365     4.006     0.180     0.135     0.067     1.092     1.013     1.023     0.467
TextileMach.        0.004     0.004     0.210     1.222    29.671     0.423    -0.165    -0.275     1.073     0.980     1.073    -0.761
PrintMach.          0.016     0.016     0.420     1.267     8.111     0.256     0.009     0.006     0.961     0.958     1.000     0.040
OtherMach.          0.102     0.102     0.752     1.199     3.027     0.154     0.037    -0.000     1.123     1.081     1.012     0.209
Fabricators         0.030     0.030     0.461     1.168     5.149     0.206    -0.032    -0.061     1.084     1.054     1.023    -0.202
Prod.Inspectors     0.009     0.009     0.301     1.180     0.163     0.016     0.140    -0.081     1.380     1.099     1.050     0.906
MotorVehicle        0.071     0.071     0.699     1.317    10.648     0.288     0.022    -0.045     1.190     1.113     1.045     0.082
OtherVehicle        0.018     0.018     0.368     1.240    23.381     0.390    -0.120    -0.111     1.142     1.152     1.000    -0.528
Freight             0.079     0.079     0.788     1.277     2.539     0.139     0.108     0.057     1.139     1.077     1.000     0.468
 
======================================
 YEAR = 1980
======================================
  Note: tauh* := (1+tauh)^eta - 1 
 
                       pY     pfitY         Z    TauHat      TauH     tauh*     TauW0     TauW1  wagegrth  wagegrWM ExpFactor     alpha
---------------------------------------------------------------------------------------------------------------------------------------
Home                0.253       NaN     1.000       NaN     0.000     0.000     0.000     0.000       NaN       NaN     1.012       NaN
Managers            0.032     0.032     0.451     1.229    21.952     0.381    -0.124    -0.092     1.394     1.434     1.008    -0.566
MgmtRelated         0.021     0.021     0.416     1.182    23.490     0.390    -0.176    -0.164     1.327     1.342     1.023    -0.972
Architects          0.000     0.000     0.112     1.130    -0.489    -0.067     0.174     0.221     1.298     1.445     1.025     1.566
Engineers           0.007     0.007     0.245     1.104     7.065     0.240    -0.123    -0.158     1.359     1.318     1.020    -1.170
Math/CompSci        0.003     0.003     0.168     1.096   122.219     0.642    -0.498    -0.469     1.273     1.298     1.012    -4.407
Science             0.002     0.002     0.180     1.055    -0.211    -0.024     0.075     0.053     1.384     1.351     1.019     1.455
Doctors             0.002     0.002     0.198     1.166   180.257     0.708    -0.465    -0.454     1.778     1.791     1.033    -2.478
Nurses              0.002     0.002     0.226     1.256    26.463     0.407    -0.120    -0.138     1.388     1.366     1.030    -0.499
Therapists          0.002     0.002     0.202     1.271    10.514     0.286    -0.012    -0.053     1.477     1.418     1.026    -0.049
Professors          0.002     0.002     0.329     1.062    -0.040    -0.004     0.062     0.063     1.504     1.505     1.057     1.070
Teachers            0.016     0.016     0.530     1.098    -0.215    -0.025     0.112     0.080     1.427     1.377     1.039     1.266
Librarians          0.001     0.001     0.150     1.000    -0.800    -0.153     0.153     0.162     1.302     1.373     1.000 -2430.674
Soc.Scientists      0.001     0.001     0.182     1.130    21.647     0.379    -0.220    -0.131     1.267     1.366     1.056    -1.624
SocialWork          0.007     0.007     0.393     1.014     2.973     0.153    -0.136    -0.174     1.333     1.291     1.038    -9.037
Lawyers             0.002     0.002     0.223     1.080   800.916     0.991    -0.843    -0.662     1.553     1.722     1.033    -7.914
Arts/Athletes       0.007     0.007     0.290     1.059     1.679     0.107    -0.045    -0.006     1.281     1.331     1.000    -0.771
HealthTechs         0.004     0.004     0.254     1.181    31.270     0.430    -0.211    -0.270     1.398     1.332     1.049    -1.146
Eng.Techs           0.009     0.009     0.257     1.114     0.646     0.053     0.055     0.010     1.325     1.265     1.048     0.525
ScienceTechs        0.002     0.002     0.155     1.060    -0.552    -0.079     0.132     0.121     1.308     1.292     1.000     2.415
OtherTechs          0.007     0.007     0.268     1.075     0.199     0.019     0.052     0.086     1.273     1.321     1.037     0.742
Sales               0.033     0.033     0.481     1.268     8.207     0.257     0.009     0.006     1.288     1.285     1.000     0.036
Secretaries         0.002     0.002     0.195     1.374    11.780     0.300     0.054    -0.163     1.478     1.202     1.005     0.173
Info.Clerks         0.003     0.003     0.186     1.075   340.321     0.824    -0.696    -0.583     1.081     1.158     1.000    -7.289
Records             0.005     0.005     0.237     1.141     7.854     0.252    -0.098    -0.123     1.283     1.253     1.000    -0.708
FinancialClerk      0.004     0.004     0.227     1.215    17.796     0.353    -0.113    -0.245     1.265     1.131     1.024    -0.549
OfficeMachine       0.000     0.000     0.090     1.024     3.111     0.157    -0.130    -0.251     1.291     1.166     1.070    -5.224
ComputerTech        0.007     0.007     0.231     1.121    18.491     0.358    -0.211    -0.308     1.283     1.188     1.014    -1.678
Mail                0.014     0.014     0.289     1.120     1.304     0.090     0.027    -0.032     1.213     1.144     1.000     0.243
Clerks              0.024     0.024     0.404     1.199     3.667     0.172     0.022    -0.049     1.277     1.191     1.000     0.124
Insurance           0.004     0.004     0.210     1.108     6.207     0.226    -0.107    -0.050     1.191     1.255     1.034    -0.991
Misc.Admin          0.012     0.012     0.364     1.209     1.889     0.115     0.077     0.062     1.295     1.274     1.000     0.424
PrivateHshld        0.006     0.006     0.269     1.154    74.437     0.561    -0.352    -0.396     1.187     1.150     1.000    -2.104
Firefighting        0.004     0.004     0.174     1.148   137.383     0.662    -0.447    -0.557     1.437     1.336     1.036    -2.671
Police              0.012     0.012     0.280     1.082     3.480     0.167    -0.079    -0.140     1.325     1.254     1.039    -0.966
Guards              0.012     0.012     0.326     1.147     2.730     0.145     0.001    -0.045     1.186     1.133     1.000     0.011
FoodPrep            0.015     0.015     0.427     1.151     8.912     0.267    -0.100    -0.211     1.251     1.136     1.075    -0.678
HealthService       0.009     0.009     0.356     1.139     1.145     0.082     0.051     0.102     1.255     1.326     1.034     0.398
Cleaning            0.032     0.032     0.500     1.235     1.708     0.108     0.103     0.047     1.201     1.130     1.000     0.515
PersonalService     0.006     0.006     0.299     1.266     8.162     0.256     0.008    -0.251     1.413     1.120     1.054     0.033
FarmMgrs            0.002     0.002     0.256     1.792   518.295     0.904    -0.063    -0.219     1.243     1.084     1.000    -0.104
FarmWork            0.007     0.007     0.345     1.489    41.153     0.470     0.012    -0.032     1.196     1.145     1.039     0.032
Agriculture         0.005     0.005     0.252     1.236     4.756     0.198     0.031    -0.012     1.164     1.115     1.054     0.149
Forest              0.002     0.002     0.217     1.722    57.887     0.522     0.116    -0.065     1.328     1.102     1.002     0.228
Mechanics           0.022     0.022     0.344     1.168     3.840     0.176    -0.007    -0.123     1.293     1.160     1.043    -0.045
Elec.Repairer       0.009     0.009     0.212     1.064    25.322     0.401    -0.316    -0.447     1.268     1.153     1.020    -4.429
Misc.Repairer       0.009     0.009     0.241     1.182     6.034     0.223    -0.034    -0.135     1.209     1.102     1.000    -0.201
Construction        0.057     0.057     0.548     1.321    20.303     0.370    -0.037    -0.164     1.255     1.118     1.030    -0.130
Extractive          0.002     0.002     0.126     1.241   243.096     0.762    -0.419    -0.553     1.239     1.132     1.002    -1.618
Supervisor(P)       0.015     0.015     0.289     1.179    35.011     0.446    -0.227    -0.296     1.308     1.237     1.036    -1.239
MetalWork           0.010     0.010     0.236     1.140    15.517     0.335    -0.171    -0.248     1.249     1.171     1.000    -1.202
WoodWork            0.001     0.001     0.108     1.076     8.050     0.255    -0.166    -0.146     1.136     1.156     1.000    -2.104
Textiles            0.001     0.001     0.146     1.305     9.411     0.273     0.025    -0.228     1.424     1.131     1.059     0.094
Other               0.002     0.002     0.170     1.263   160.635     0.688    -0.337    -0.330     1.210     1.216     1.000    -1.246
Food                0.004     0.004     0.184     1.252    11.822     0.301    -0.039    -0.194     1.211     1.054     1.038    -0.170
PlantOperator       0.003     0.003     0.153     1.091    41.741     0.472    -0.350    -0.306     1.180     1.219     1.000    -3.463
MetalMach.          0.009     0.009     0.227     1.122     3.032     0.154    -0.029    -0.196     1.319     1.135     1.024    -0.247
MetalProc.          0.003     0.003     0.164     1.183     1.150     0.082     0.085     0.037     1.269     1.205     1.000     0.531
WoodMach.           0.002     0.002     0.183     1.304     5.679     0.216     0.067    -0.048     1.192     1.061     1.000     0.263
TextileMach.        0.004     0.004     0.188     1.146    38.723     0.461    -0.275    -0.373     1.262     1.172     1.000    -1.781
PrintMach.          0.009     0.009     0.273     1.105     1.477     0.098     0.006    -0.006     1.237     1.222     1.000     0.064
OtherMach.          0.055     0.055     0.490     1.181     4.041     0.181    -0.000    -0.063     1.233     1.160     1.000    -0.002
Fabricators         0.035     0.035     0.403     1.144     5.575     0.214    -0.061    -0.184     1.259     1.128     1.007    -0.439
Prod.Inspectors     0.009     0.009     0.238     1.142     6.737     0.235    -0.081    -0.123     1.242     1.195     1.000    -0.587
MotorVehicle        0.067     0.067     0.556     1.261    13.600     0.318    -0.045    -0.214     1.252     1.078     1.036    -0.191
OtherVehicle        0.015     0.015     0.281     1.242    21.840     0.380    -0.111    -0.225     1.266     1.149     1.000    -0.488
Freight             0.054     0.054     0.549     1.220     2.908     0.151     0.057    -0.011     1.184     1.105     1.008     0.294
 
======================================
 YEAR = 1990
======================================
  Note: tauh* := (1+tauh)^eta - 1 
 
                       pY     pfitY         Z    TauHat      TauH     tauh*     TauW0     TauW1  wagegrth  wagegrWM ExpFactor     alpha
---------------------------------------------------------------------------------------------------------------------------------------
Home                0.297       NaN     1.000       NaN     0.000     0.000     0.000     0.000       NaN       NaN     1.000       NaN
Managers            0.033     0.033     0.397     1.292    27.410     0.412    -0.092    -0.078     1.450     1.469     1.000    -0.345
MgmtRelated         0.021     0.021     0.367     1.237    33.350     0.439    -0.164    -0.103     1.270     1.340     1.031    -0.713
Architects          0.001     0.001     0.096     1.088    -0.800    -0.153     0.221     0.235     1.336     1.360     1.000     2.976
Engineers           0.008     0.008     0.211     1.076     7.514     0.247    -0.158    -0.082     1.195     1.279     1.000    -2.002
Math/CompSci        0.004     0.004     0.169     1.123   127.769     0.649    -0.469    -0.554     1.246     1.178     1.111    -3.324
Science             0.001     0.001     0.136     1.036    -0.166    -0.018     0.053     0.149     1.280     1.426     1.003     1.528
Doctors             0.002     0.002     0.149     1.018    43.973     0.480    -0.454    -0.424     1.741     1.778     1.056   -21.129
Nurses              0.002     0.002     0.175     1.490   168.194     0.696    -0.138    -0.498     1.636     1.243     1.012    -0.324
Therapists          0.001     0.001     0.134     1.131     4.479     0.191    -0.053     0.025     1.230     1.329     1.000    -0.422
Professors          0.001     0.001     0.268     0.979    -0.568    -0.083     0.063     0.129     1.288     1.440     1.031    -2.978
Teachers            0.010     0.010     0.349     1.076    -0.090    -0.010     0.080     0.084     1.233     1.238     1.064     1.132
Librarians          0.000     0.000     0.111     1.010    -0.800    -0.153     0.162     0.134     1.144     1.286     1.000    16.882
Soc.Scientists      0.001     0.001     0.143     1.221    22.040     0.381    -0.131    -0.161     1.426     1.389     1.000    -0.617
SocialWork          0.007     0.007     0.303     0.969     2.492     0.137    -0.174    -0.102     1.174     1.251     1.000     5.101
Lawyers             0.002     0.002     0.180     1.250  1206.906     1.077    -0.662    -0.606     1.344     1.391     1.000    -2.277
Arts/Athletes       0.008     0.008     0.251     1.048     0.671     0.054    -0.006     0.077     1.202     1.311     1.000    -0.138
HealthTechs         0.005     0.005     0.232     1.175    47.603     0.492    -0.270    -0.320     1.346     1.295     1.000    -1.485
Eng.Techs           0.008     0.008     0.216     1.087     1.045     0.076     0.010    -0.035     1.245     1.191     1.042     0.117
ScienceTechs        0.002     0.002     0.124     1.090    -0.336    -0.041     0.121     0.014     1.364     1.216     1.007     1.488
OtherTechs          0.010     0.010     0.257     1.136     0.440     0.038     0.086     0.124     1.514     1.580     1.000     0.706
Sales               0.044     0.044     0.465     1.294    10.542     0.287     0.006     0.060     1.198     1.266     1.000     0.024
Secretaries         0.002     0.002     0.160     1.048     5.808     0.218    -0.163    -0.139     1.265     1.291     1.000    -3.247
Info.Clerks         0.003     0.003     0.196     1.147   326.684     0.816    -0.583    -0.619     1.215     1.188     1.041    -3.355
Records             0.004     0.004     0.203     1.138     9.791     0.278    -0.123    -0.200     1.133     1.061     1.000    -0.901
FinancialClerk      0.004     0.004     0.194     1.060    13.798     0.320    -0.245    -0.292     1.254     1.208     1.040    -3.725
OfficeMachine       0.001     0.001     0.093     0.995     7.355     0.244    -0.251    -0.350     1.669     1.547     1.126    42.273
ComputerTech        0.008     0.008     0.231     1.108    35.645     0.449    -0.308    -0.344     1.192     1.160     1.000    -2.632
Mail                0.015     0.015     0.272     1.121     3.096     0.156    -0.032    -0.073     1.150     1.105     1.000    -0.272
Clerks              0.023     0.023     0.372     1.180     6.889     0.237    -0.049    -0.028     1.151     1.175     1.011    -0.287
Insurance           0.006     0.006     0.220     1.110     3.435     0.166    -0.050    -0.015     1.198     1.239     1.007    -0.471
Misc.Admin          0.013     0.013     0.331     1.194     2.018     0.120     0.062     0.050     1.205     1.190     1.000     0.360
PrivateHshld        0.006     0.006     0.257     1.123    77.307     0.567    -0.396    -0.641     1.181     1.005     1.000    -2.880
Firefighting        0.003     0.003     0.139     1.115   211.105     0.736    -0.557    -0.636     1.332     1.267     1.000    -4.055
Police              0.017     0.017     0.268     1.087     7.030     0.239    -0.140    -0.130     1.224     1.235     1.000    -1.563
Guards              0.017     0.017     0.350     1.129     4.009     0.181    -0.045    -0.075     1.197     1.164     1.052    -0.365
FoodPrep            0.032     0.032     0.544     1.186    32.747     0.437    -0.211    -0.236     1.235     1.210     1.034    -1.124
HealthService       0.010     0.010     0.335     1.167     0.579     0.048     0.102    -0.040     1.301     1.124     1.047     0.695
Cleaning            0.033     0.033     0.475     1.211     3.009     0.154     0.047    -0.000     1.194     1.137     1.000     0.252
PersonalService     0.007     0.007     0.265     1.132    28.435     0.417    -0.251    -0.236     1.342     1.359     1.001    -1.804
FarmMgrs            0.001     0.001     0.154     1.361   135.023     0.659    -0.219    -0.358     1.349     1.211     1.000    -0.643
FarmWork            0.004     0.004     0.244     1.360    25.881     0.404    -0.032    -0.164     1.254     1.112     1.000    -0.102
Agriculture         0.009     0.009     0.293     1.262     9.769     0.277    -0.012     0.007     1.164     1.186     1.000    -0.052
Forest              0.002     0.002     0.140     1.264    16.813     0.345    -0.065    -0.015     1.126     1.182     1.013    -0.268
Mechanics           0.019     0.019     0.310     1.174    13.712     0.319    -0.123    -0.220     1.310     1.206     1.041    -0.724
Elec.Repairer       0.007     0.007     0.195     1.065    65.730     0.541    -0.447    -0.487     1.196     1.164     1.058    -5.875
Misc.Repairer       0.008     0.008     0.218     1.158    13.170     0.314    -0.135    -0.136     1.153     1.152     1.039    -0.866
Construction        0.055     0.055     0.495     1.267    42.448     0.475    -0.164    -0.192     1.196     1.167     1.000    -0.641
Extractive          0.001     0.001     0.080     1.133   239.636     0.759    -0.553    -0.586     1.165     1.140     1.038    -3.522
Supervisor(P)       0.009     0.009     0.208     1.185    63.541     0.536    -0.296    -0.354     1.222     1.170     1.058    -1.531
MetalWork           0.006     0.006     0.182     1.143    30.447     0.426    -0.248    -0.273     1.165     1.142     1.000    -1.659
WoodWork            0.001     0.001     0.092     1.183    18.164     0.355    -0.146    -0.105     1.115     1.155     1.000    -0.810
Textiles            0.001     0.001     0.124     1.167    31.918     0.433    -0.228    -0.486     1.380     1.141     1.000    -1.335
Other               0.002     0.002     0.146     1.253   141.657     0.667    -0.330    -0.525     1.318     1.150     1.110    -1.263
Food                0.004     0.004     0.189     1.251    48.335     0.494    -0.194    -0.317     1.210     1.098     1.059    -0.792
PlantOperator       0.003     0.003     0.130     1.170    60.632     0.529    -0.306    -0.383     1.214     1.146     1.083    -1.698
MetalMach.          0.003     0.003     0.147     1.117    15.655     0.336    -0.196    -0.367     1.276     1.116     1.124    -1.611
MetalProc.          0.001     0.001     0.118     1.271     6.119     0.224     0.037    -0.004     1.206     1.157     1.013     0.157
WoodMach.           0.002     0.002     0.148     1.229    10.693     0.288    -0.048    -0.214     1.677     1.448     1.039    -0.229
TextileMach.        0.004     0.004     0.167     1.167    96.048     0.602    -0.373    -0.472     1.208     1.127     1.035    -2.055
PrintMach.          0.008     0.008     0.256     1.168     3.787     0.175    -0.006    -0.100     1.240     1.134     1.000    -0.037
OtherMach.          0.032     0.032     0.380     1.159     6.628     0.233    -0.063    -0.138     1.220     1.140     1.027    -0.416
Fabricators         0.024     0.024     0.356     1.182    25.148     0.400    -0.184    -0.295     1.274     1.165     1.000    -1.010
Prod.Inspectors     0.006     0.006     0.198     1.198    16.873     0.346    -0.123    -0.154     1.226     1.193     1.000    -0.642
MotorVehicle        0.061     0.061     0.495     1.164    27.610     0.413    -0.214    -0.311     1.259     1.166     1.030    -1.281
OtherVehicle        0.006     0.006     0.192     1.201    41.367     0.471    -0.225    -0.331     1.250     1.150     1.004    -1.106
Freight             0.048     0.048     0.513     1.176     4.340     0.188    -0.011    -0.134     1.293     1.152     1.040    -0.065
 
======================================
 YEAR = 2000
======================================
  Note: tauh* := (1+tauh)^eta - 1 
 
                       pY     pfitY         Z    TauHat      TauH     tauh*     TauW0     TauW1  wagegrth  wagegrWM ExpFactor     alpha
---------------------------------------------------------------------------------------------------------------------------------------
Home                0.361       NaN     1.000       NaN     0.000     0.000     0.000     0.000       NaN       NaN     1.000       NaN
Managers            0.032     0.032     0.397     1.238    15.448     0.334    -0.078    -0.137     1.351     1.282     1.040    -0.352
MgmtRelated         0.027     0.027     0.423     1.261    23.531     0.390    -0.103    -0.071     1.296     1.335     1.041    -0.422
Architects          0.001     0.001     0.106     1.133    -0.749    -0.133     0.235     0.125     1.543     1.349     1.015     2.137
Engineers           0.008     0.008     0.228     1.099     4.365     0.189    -0.082    -0.137     1.382     1.316     1.033    -0.841
Math/CompSci        0.013     0.013     0.269     1.073   141.704     0.667    -0.554    -0.677     1.326     1.229     1.076    -6.261
Science             0.001     0.001     0.160     1.000    -0.792    -0.149     0.149     0.202     1.437     1.548     1.050  -529.746
Doctors             0.002     0.002     0.174     1.078    62.746     0.534    -0.424    -0.605     1.986     1.761     1.040    -4.730
Nurses              0.002     0.002     0.157     1.168   228.855     0.751    -0.498    -0.604     1.453     1.357     1.072    -2.598
Therapists          0.001     0.001     0.155     1.196     3.437     0.166     0.025    -0.140     1.632     1.396     1.060     0.141
Professors          0.002     0.002     0.309     0.972    -0.800    -0.153     0.129     0.102     1.588     1.540     1.094    -4.887
Teachers            0.018     0.018     0.479     1.072    -0.160    -0.018     0.084     0.145     1.261     1.351     1.000     1.256
Librarians          0.000     0.000     0.074     0.978    -0.800    -0.153     0.134     0.132     1.434     1.431     1.048    -6.612
Soc.Scientists      0.001     0.001     0.122     1.175    19.481     0.365    -0.161    -0.302     1.693     1.510     1.135    -0.926
SocialWork          0.006     0.006     0.294     0.994     1.433     0.096    -0.102    -0.134     1.286     1.250     1.080    17.391
Lawyers             0.002     0.002     0.179     1.129   321.056     0.813    -0.606    -0.658     1.575     1.525     1.091    -3.915
Arts/Athletes       0.008     0.008     0.282     1.070    -0.113    -0.012     0.077     0.104     1.190     1.226     1.059     1.182
HealthTechs         0.004     0.004     0.207     1.073    28.426     0.417    -0.320    -0.421     1.393     1.295     1.094    -3.939
Eng.Techs           0.004     0.004     0.181     1.017     0.648     0.053    -0.035    -0.075     1.290     1.242     1.081    -2.021
ScienceTechs        0.001     0.001     0.113     1.008    -0.055    -0.006     0.014     0.029     1.232     1.251     1.000     1.705
OtherTechs          0.010     0.010     0.245     1.136    -0.052    -0.006     0.124     0.101     1.321     1.287     1.021     1.043
Sales               0.050     0.050     0.520     1.275     4.796     0.198     0.060     0.109     1.094     1.154     1.000     0.254
Secretaries         0.002     0.002     0.170     1.113     8.983     0.267    -0.139    -0.193     1.189     1.136     1.049    -1.221
Info.Clerks         0.003     0.003     0.211     1.062   191.256     0.719    -0.619    -0.454     1.038     1.156     1.000    -8.040
Records             0.003     0.003     0.213     1.141    20.174     0.369    -0.200    -0.229     1.207     1.179     1.000    -1.379
FinancialClerk      0.004     0.004     0.214     1.059    19.970     0.368    -0.292    -0.212     1.173     1.251     1.000    -4.458
OfficeMachine       0.002     0.002     0.121     1.016    20.515     0.372    -0.350    -0.478     1.172     1.070     1.050   -18.841
ComputerTech        0.003     0.003     0.166     1.082    36.780     0.454    -0.344    -0.192     1.121     1.264     1.000    -3.753
Mail                0.008     0.008     0.251     1.113     4.584     0.194    -0.073    -0.071     1.197     1.199     1.008    -0.658
Clerks              0.026     0.026     0.421     1.129     3.234     0.160    -0.028    -0.043     1.095     1.080     1.005    -0.228
Insurance           0.015     0.015     0.358     1.164     4.027     0.181    -0.015    -0.002     1.103     1.118     1.026    -0.098
Misc.Admin          0.007     0.007     0.292     1.133     1.035     0.076     0.050     0.030     1.247     1.220     1.000     0.414
PrivateHshld        0.003     0.003     0.197     0.995   115.077     0.632    -0.641    -0.646     1.039     1.036     1.000    91.654
Firefighting        0.002     0.002     0.131     1.078   246.372     0.764    -0.636    -0.625     1.307     1.315     1.026    -6.521
Police              0.019     0.019     0.309     1.062     4.861     0.200    -0.130    -0.057     1.202     1.285     1.008    -2.035
Guards              0.013     0.013     0.341     1.094     3.827     0.176    -0.075    -0.142     1.230     1.158     1.056    -0.809
FoodPrep            0.030     0.030     0.536     1.104    19.451     0.365    -0.236    -0.297     1.050     1.000     1.033    -2.148
HealthService       0.009     0.009     0.327     1.052     1.394     0.094    -0.040     0.010     1.102     1.158     1.085    -0.783
Cleaning            0.017     0.017     0.374     1.129     2.260     0.129    -0.000     0.013     1.062     1.075     1.000    -0.002
PersonalService     0.012     0.012     0.352     1.104    19.474     0.365    -0.236    -0.266     1.113     1.087     1.045    -2.145
FarmMgrs            0.000     0.000     0.062     0.982    15.336     0.333    -0.358    -0.782     1.716     1.308     1.195    16.458
FarmWork            0.001     0.001     0.153     1.203    25.269     0.400    -0.164    -0.368     1.229     1.046     1.016    -0.824
Agriculture         0.007     0.007     0.266     1.148     2.560     0.140     0.007    -0.013     1.002     0.982     1.021     0.051
Forest              0.001     0.001     0.114     1.185     4.980     0.202    -0.015    -0.056     1.167     1.122     1.027    -0.087
Mechanics           0.018     0.018     0.311     1.110    18.024     0.354    -0.220    -0.303     1.164     1.090     1.049    -1.911
Elec.Repairer       0.011     0.011     0.249     1.042    69.325     0.550    -0.487    -0.535     1.174     1.138     1.017    -9.680
Misc.Repairer       0.006     0.006     0.214     1.113     8.708     0.264    -0.136    -0.248     1.212     1.103     1.053    -1.193
Construction        0.040     0.040     0.446     1.168    24.026     0.393    -0.192    -0.311     1.174     1.068     1.029    -1.131
Extractive          0.000     0.000     0.066     1.181   439.865     0.872    -0.586    -0.647     1.331     1.282     1.170    -2.778
Supervisor(P)       0.008     0.008     0.214     1.119    55.625     0.516    -0.354    -0.391     1.210     1.177     1.034    -2.688
MetalWork           0.002     0.002     0.144     1.156    41.479     0.471    -0.273    -0.310     1.107     1.076     1.126    -1.665
WoodWork            0.000     0.000     0.087     1.299    32.683     0.437    -0.105    -0.177     1.111     1.043     1.000    -0.383
Textiles            0.001     0.001     0.092     1.079    96.719     0.603    -0.486    -0.243     0.828     0.989     1.000    -5.200
Other               0.002     0.002     0.147     0.999    58.689     0.524    -0.525    -0.731     1.256     1.107     1.097   796.839
Food                0.003     0.003     0.182     1.071    27.175     0.410    -0.317    -0.519     1.155     1.001     1.072    -4.002
PlantOperator       0.002     0.002     0.115     1.150    89.716     0.591    -0.383    -0.516     1.295     1.181     1.096    -2.317
MetalMach.          0.002     0.002     0.137     1.012    22.409     0.384    -0.367    -0.377     0.996     0.990     1.012   -26.305
MetalProc.          0.001     0.001     0.106     1.103     1.683     0.107    -0.004    -0.136     1.142     1.009     1.163    -0.036
WoodMach.           0.006     0.006     0.214     1.059    10.472     0.286    -0.214    -0.241     1.053     1.030     1.053    -3.398
TextileMach.        0.003     0.003     0.160     1.152   167.880     0.696    -0.472    -0.599     1.111     1.022     1.000    -2.736
PrintMach.          0.005     0.005     0.209     1.069     3.821     0.176    -0.100    -0.160     1.034     0.981     1.026    -1.427
OtherMach.          0.024     0.024     0.358     1.100     7.854     0.252    -0.138    -0.181     1.098     1.058     1.034    -1.356
Fabricators         0.017     0.017     0.312     1.066    21.767     0.380    -0.295    -0.293     1.052     1.053     1.015    -4.060
Prod.Inspectors     0.005     0.005     0.206     1.125    11.669     0.299    -0.154    -0.140     1.140     1.154     1.000    -1.215
MotorVehicle        0.062     0.062     0.513     1.082    28.835     0.419    -0.311    -0.407     1.119     1.043     1.065    -3.434
OtherVehicle        0.004     0.004     0.169     1.120    47.341     0.491    -0.331    -0.419     1.231     1.155     1.123    -2.518
Freight             0.034     0.034     0.462     1.090     6.857     0.237    -0.134    -0.147     1.034     1.022     1.026    -1.452
 
======================================
 YEAR = 2010
======================================
  Note: tauh* := (1+tauh)^eta - 1 
 
                       pY     pfitY         Z    TauHat      TauH     tauh*     TauW0     TauW1  wagegrth  wagegrWM ExpFactor     alpha
---------------------------------------------------------------------------------------------------------------------------------------
Home                0.336       NaN     1.000       NaN     0.000     0.000     0.000       NaN     0.000     0.000     0.000       NaN
Managers            0.036     0.036     0.370     1.216    22.125     0.382    -0.137       NaN     0.000     0.000     0.000    -0.656
MgmtRelated         0.026     0.026     0.355     1.240    14.664     0.328    -0.071       NaN     0.000     0.000     0.000    -0.318
Architects          0.000     0.000     0.084     1.151     0.078     0.008     0.125       NaN     0.000     0.000     0.000     0.945
Engineers           0.007     0.007     0.176     1.083     6.539     0.231    -0.137       NaN     0.000     0.000     0.000    -1.607
Math/CompSci        0.017     0.017     0.262     1.085   333.984     0.820    -0.677       NaN     0.000     0.000     0.000    -6.333
Science             0.001     0.001     0.141     1.062    -0.800    -0.153     0.202       NaN     0.000     0.000     0.000     3.754
Doctors             0.002     0.002     0.143     1.059   171.483     0.700    -0.605       NaN     0.000     0.000     0.000    -8.243
Nurses              0.004     0.004     0.166     1.218   662.185     0.953    -0.604       NaN     0.000     0.000     0.000    -2.398
Therapists          0.002     0.002     0.159     1.285    39.570     0.464    -0.140       NaN     0.000     0.000     0.000    -0.521
Professors          0.003     0.003     0.311     0.953    -0.778    -0.144     0.102       NaN     0.000     0.000     0.000    -2.231
Teachers            0.021     0.021     0.450     1.132    -0.276    -0.033     0.145       NaN     0.000     0.000     0.000     1.268
Librarians          0.000     0.000     0.094     0.990    -0.770    -0.140     0.132       NaN     0.000     0.000     0.000   -14.513
Soc.Scientists      0.001     0.001     0.128     1.139    44.841     0.483    -0.302       NaN     0.000     0.000     0.000    -2.028
SocialWork          0.007     0.007     0.278     1.021     3.150     0.158    -0.134       NaN     0.000     0.000     0.000    -6.041
Lawyers             0.002     0.002     0.128     1.122   414.488     0.861    -0.658       NaN     0.000     0.000     0.000    -4.385
Arts/Athletes       0.010     0.010     0.279     1.152     0.363     0.032     0.104       NaN     0.000     0.000     0.000     0.774
HealthTechs         0.007     0.007     0.208     1.110    82.263     0.577    -0.421       NaN     0.000     0.000     0.000    -3.362
Eng.Techs           0.004     0.004     0.150     0.993     0.892     0.068    -0.075       NaN     0.000     0.000     0.000    10.788
ScienceTechs        0.001     0.001     0.077     0.928    -0.637    -0.099     0.029       NaN     0.000     0.000     0.000    -0.392
OtherTechs          0.009     0.009     0.196     1.095    -0.141    -0.016     0.101       NaN     0.000     0.000     0.000     1.173
Sales               0.060     0.060     0.532     1.272     2.388     0.134     0.109       NaN     0.000     0.000     0.000     0.478
Secretaries         0.002     0.002     0.167     1.056     8.409     0.260    -0.193       NaN     0.000     0.000     0.000    -3.224
Info.Clerks         0.004     0.004     0.188     0.964    25.590     0.402    -0.454       NaN     0.000     0.000     0.000    10.249
Records             0.003     0.003     0.164     0.922     2.344     0.132    -0.229       NaN     0.000     0.000     0.000     2.524
FinancialClerk      0.004     0.004     0.197     1.114    17.413     0.350    -0.212       NaN     0.000     0.000     0.000    -1.775
OfficeMachine       0.000     0.000     0.082     0.891    13.546     0.318    -0.478       NaN     0.000     0.000     0.000     3.395
ComputerTech        0.001     0.001     0.106     1.075    10.058     0.281    -0.192       NaN     0.000     0.000     0.000    -2.426
Mail                0.006     0.006     0.190     1.062     2.488     0.137    -0.071       NaN     0.000     0.000     0.000    -1.125
Clerks              0.030     0.030     0.426     1.109     3.104     0.157    -0.043       NaN     0.000     0.000     0.000    -0.401
Insurance           0.021     0.021     0.372     1.135     2.492     0.137    -0.002       NaN     0.000     0.000     0.000    -0.015
Misc.Admin          0.008     0.008     0.267     1.078     0.552     0.046     0.030       NaN     0.000     0.000     0.000     0.399
PrivateHshld        0.003     0.003     0.188     0.936    65.445     0.541    -0.646       NaN     0.000     0.000     0.000     7.537
Firefighting        0.003     0.003     0.116     1.108   299.742     0.800    -0.625       NaN     0.000     0.000     0.000    -4.747
Police              0.014     0.014     0.241     1.163     6.418     0.229    -0.057       NaN     0.000     0.000     0.000    -0.367
Guards              0.022     0.022     0.376     1.125    10.345     0.284    -0.142       NaN     0.000     0.000     0.000    -1.124
FoodPrep            0.045     0.045     0.628     1.134    41.535     0.472    -0.297       NaN     0.000     0.000     0.000    -2.063
HealthService       0.016     0.016     0.367     1.043     0.366     0.033     0.010       NaN     0.000     0.000     0.000     0.237
Cleaning            0.020     0.020     0.379     1.149     2.422     0.135     0.013       NaN     0.000     0.000     0.000     0.091
PersonalService     0.015     0.015     0.364     1.118    28.053     0.415    -0.266       NaN     0.000     0.000     0.000    -2.114
FarmMgrs            0.000     0.000     0.069     1.397  6988.083     1.489    -0.782       NaN     0.000     0.000     0.000    -1.730
FarmWork            0.002     0.002     0.145     1.201   123.601     0.644    -0.368       NaN     0.000     0.000     0.000    -1.711
Agriculture         0.009     0.009     0.285     1.181     4.700     0.196    -0.013       NaN     0.000     0.000     0.000    -0.076
Forest              0.000     0.000     0.075     1.610   171.938     0.700    -0.056       NaN     0.000     0.000     0.000    -0.114
Mechanics           0.013     0.013     0.245     1.089    29.097     0.420    -0.303       NaN     0.000     0.000     0.000    -3.091
Elec.Repairer       0.010     0.010     0.227     1.123   195.472     0.723    -0.535       NaN     0.000     0.000     0.000    -3.703
Misc.Repairer       0.005     0.005     0.180     1.160    35.310     0.448    -0.248       NaN     0.000     0.000     0.000    -1.487
Construction        0.032     0.032     0.365     1.137    47.507     0.492    -0.311       NaN     0.000     0.000     0.000    -2.107
Extractive          0.001     0.001     0.075     1.216   842.713     1.002    -0.647       NaN     0.000     0.000     0.000    -2.554
Supervisor(P)       0.003     0.003     0.136     1.100    61.028     0.530    -0.391       NaN     0.000     0.000     0.000    -3.465
MetalWork           0.002     0.002     0.118     1.193    75.399     0.563    -0.310       NaN     0.000     0.000     0.000    -1.529
WoodWork            0.000     0.000     0.064     1.266    47.132     0.490    -0.177       NaN     0.000     0.000     0.000    -0.692
Textiles            0.000     0.000     0.045     0.816     0.144     0.014    -0.243       NaN     0.000     0.000     0.000     1.068
Other               0.003     0.003     0.156     1.043   308.501     0.805    -0.731       NaN     0.000     0.000     0.000   -13.047
Food                0.004     0.004     0.196     1.132   191.141     0.719    -0.519       NaN     0.000     0.000     0.000    -3.378
PlantOperator       0.002     0.002     0.097     1.140   201.535     0.728    -0.516       NaN     0.000     0.000     0.000    -3.169
MetalMach.          0.001     0.001     0.110     1.186   115.809     0.633    -0.377       NaN     0.000     0.000     0.000    -1.874
MetalProc.          0.001     0.001     0.088     1.099     7.602     0.248    -0.136       NaN     0.000     0.000     0.000    -1.346
WoodMach.           0.003     0.003     0.155     1.190    43.324     0.478    -0.241       NaN     0.000     0.000     0.000    -1.242
TextileMach.        0.001     0.001     0.115     1.252   846.749     1.003    -0.599       NaN     0.000     0.000     0.000    -2.089
PrintMach.          0.003     0.003     0.166     1.075     7.480     0.246    -0.160       NaN     0.000     0.000     0.000    -2.063
OtherMach.          0.018     0.018     0.307     1.150    18.553     0.358    -0.181       NaN     0.000     0.000     0.000    -1.194
Fabricators         0.014     0.014     0.269     1.110    32.301     0.435    -0.293       NaN     0.000     0.000     0.000    -2.465
Prod.Inspectors     0.004     0.004     0.178     1.252    30.478     0.427    -0.140       NaN     0.000     0.000     0.000    -0.582
MotorVehicle        0.052     0.052     0.449     1.061    47.710     0.492    -0.407       NaN     0.000     0.000     0.000    -5.781
OtherVehicle        0.004     0.004     0.144     1.196   168.263     0.696    -0.419       NaN     0.000     0.000     0.000    -1.958
Freight             0.040     0.040     0.467     1.063     5.860     0.219    -0.147       NaN     0.000     0.000     0.000    -2.232
 
mg(g,t):
mg =

   1.0977e+09   9.9747e+08   6.7076e+08   7.2857e+08   9.1281e+08   5.5992e+08
   1.2827e+08   1.4924e+08   1.3608e+08   2.1329e+08   3.9281e+08   2.7297e+08
   4.6922e+08   5.2280e+08   2.4744e+08   2.4919e+08   3.6696e+08   2.5057e+08
            0            0            0            0            0            0

 
 
 
 
--------------------------------------------------------------------------------------------------
                          >>>>> Black Women <<<<<
--------------------------------------------------------------------------------------------------
 
======================================
 YEAR = 1960
======================================
  Note: tauh* := (1+tauh)^eta - 1 
 
                       pY     pfitY         Z    TauHat      TauH     tauh*     TauW0     TauW1  wagegrth  wagegrWM ExpFactor     alpha
---------------------------------------------------------------------------------------------------------------------------------------
Home                0.642       NaN     1.000       NaN     0.000     0.000     0.000     0.000       NaN       NaN     1.000       NaN
Managers            0.003     0.003     0.203     2.221    47.152     0.490     0.329     0.021     2.111     1.446     1.173     0.500
MgmtRelated         0.001     0.001     0.132     1.394     4.011     0.181     0.153    -0.042     1.653     1.344     1.150     0.500
Architects          0.000       NaN       NaN       NaN       NaN       NaN       NaN       NaN       NaN     1.437       NaN       NaN
Engineers           0.000       NaN       NaN       NaN       NaN       NaN       NaN       NaN       NaN     1.364       NaN       NaN
Math/CompSci        0.000       NaN       NaN       NaN       NaN       NaN       NaN     0.124       NaN     1.385     1.290       NaN
Science             0.000       NaN       NaN       NaN       NaN       NaN       NaN     0.112       NaN     1.320     1.290       NaN
Doctors             0.000     0.000     0.167     2.711   125.711     0.647     0.393    -0.259     4.164     2.008     1.021     0.500
Nurses              0.010     0.010     0.458     2.160    41.039     0.470     0.320     0.189     1.613     1.353     1.017     0.500
Therapists          0.000     0.000     0.068     1.028     0.142     0.014     0.014     0.038     1.311     1.344     1.167     0.500
Professors          0.000     0.000     0.207     1.625     9.560     0.275     0.216     0.300     1.396     1.564     1.079     0.500
Teachers            0.024     0.024     0.583     1.379     3.754     0.174     0.148     0.162     1.375     1.398     1.078     0.500
Librarians          0.001     0.001     0.187     1.521     6.664     0.233     0.189    -0.077     1.874     1.411     1.000     0.500
Soc.Scientists      0.000     0.000     0.107     1.623     9.484     0.274     0.215     0.155       NaN     1.584     1.000     0.500
SocialWork          0.002     0.002     0.204     0.883    -0.453    -0.060    -0.064    -0.132     1.429     1.343     1.140     0.500
Lawyers             0.000     0.000     0.104     1.959    25.133     0.399     0.285    -0.190       NaN     1.707     1.038     0.500
Arts/Athletes       0.001     0.001     0.122     1.237     1.806     0.112     0.101     0.314     0.946     1.326     1.000     0.500
HealthTechs         0.008     0.008     0.304     1.750    14.117     0.323     0.244     0.066     1.772     1.434     1.157     0.500
Eng.Techs           0.000       NaN       NaN       NaN       NaN       NaN       NaN     0.167       NaN     1.295     1.257       NaN
ScienceTechs        0.000     0.000     0.055     1.481     5.725     0.217     0.178     0.197       NaN     1.262     1.200     0.500
OtherTechs          0.000       NaN       NaN       NaN       NaN       NaN       NaN     0.084       NaN     1.523     1.050       NaN
Sales               0.009     0.009     0.362     2.333    60.149     0.528     0.345     0.316     1.436     1.374     1.152     0.500
Secretaries         0.015     0.015     0.334     1.477     5.643     0.215     0.177     0.165     1.325     1.306     1.014     0.500
Info.Clerks         0.001     0.001     0.135     1.978    26.382     0.406     0.289     0.001     1.747     1.244     1.185     0.500
Records             0.001     0.001     0.167     1.641    10.086     0.281     0.219     0.305     1.262     1.417     1.106     0.500
FinancialClerk      0.002     0.002     0.139     1.252     1.978     0.119     0.106     0.092     1.425     1.402     1.171     0.500
OfficeMachine       0.002     0.002     0.151     1.413     4.365     0.189     0.159     0.330     0.903     1.181     1.104     0.500
ComputerTech        0.002     0.002     0.164     1.881    20.460     0.371     0.271     0.225     1.374     1.292     1.000     0.500
Mail                0.001     0.001     0.101     1.094     0.550     0.046     0.044    -0.205     1.561     1.237     1.161     0.500
Clerks              0.004     0.004     0.192     1.667    10.959     0.291     0.226     0.058     1.568     1.290     1.055     0.500
Insurance           0.000     0.000     0.071     1.698    12.050     0.303     0.232     0.348     1.269     1.493     1.211     0.500
Misc.Admin          0.015     0.015     0.345     1.551     7.429     0.246     0.197     0.047     1.514     1.275     1.220     0.500
PrivateHshld        0.023     0.023     0.567     2.748   134.195     0.658     0.397     0.314     1.135     0.998     1.116     0.500
Firefighting        0.000       NaN       NaN       NaN       NaN       NaN       NaN       NaN       NaN     1.390       NaN       NaN
Police              0.000       NaN       NaN       NaN       NaN       NaN       NaN     0.129       NaN     1.367     1.176       NaN
Guards              0.000     0.000     0.043     1.575     8.058     0.255     0.203    -0.151     1.741     1.205     1.252     0.500
FoodPrep            0.036     0.036     0.661     2.278    53.466     0.509     0.338     0.277     1.362     1.248     1.038     0.500
HealthService       0.017     0.017     0.396     1.399     4.105     0.183     0.155     0.014     1.610     1.380     1.163     0.500
Cleaning            0.004     0.004     0.204     1.459     5.262     0.208     0.172     0.186     1.277     1.300     1.000     0.500
PersonalService     0.096     0.096     1.247     3.340   347.584     0.828     0.453     0.239     1.731     1.246     1.000     0.500
FarmMgrs            0.000     0.000     0.286     5.203  2999.019     1.281     0.562    -0.679     6.230     1.626     1.178     0.500
FarmWork            0.007     0.007     0.472     2.520    87.881     0.588     0.370     0.295     1.518     1.357     1.048     0.500
Agriculture         0.000       NaN       NaN       NaN       NaN       NaN       NaN     0.168       NaN     1.199     1.000       NaN
Forest              0.000       NaN       NaN       NaN       NaN       NaN       NaN     0.149       NaN     1.359     1.290       NaN
Mechanics           0.000       NaN       NaN       NaN       NaN       NaN       NaN     0.284       NaN     1.309     1.290       NaN
Elec.Repairer       0.000       NaN       NaN       NaN       NaN       NaN       NaN     0.314       NaN     1.221     1.290       NaN
Misc.Repairer       0.001     0.001     0.090     1.635     9.887     0.279     0.218     0.385     1.013     1.288     1.155     0.500
Construction        0.000     0.000     0.046     1.168     1.126     0.081     0.075     0.463       NaN     1.202     1.203     0.500
Extractive          0.000       NaN       NaN       NaN       NaN       NaN       NaN     0.155       NaN     1.188       NaN       NaN
Supervisor(P)       0.000     0.000     0.054     1.628     9.658     0.276     0.216     0.286     1.116     1.225     1.199     0.500
MetalWork           0.000       NaN       NaN       NaN       NaN       NaN       NaN     0.116       NaN     1.240     1.290       NaN
WoodWork            0.000       NaN       NaN       NaN       NaN       NaN       NaN     0.192       NaN     1.166     1.290       NaN
Textiles            0.006     0.006     0.226     1.660    10.715     0.288     0.224     0.252     1.239     1.285     1.000     0.500
Other               0.000     0.000     0.078     1.674    11.181     0.294     0.227    -0.232     1.928     1.210     1.163     0.500
Food                0.000     0.000     0.117     2.906   176.325     0.705     0.413     0.068     1.976     1.244     1.226     0.500
PlantOperator       0.000       NaN       NaN       NaN       NaN       NaN       NaN       NaN       NaN     1.045     1.290       NaN
MetalMach.          0.000       NaN       NaN       NaN       NaN       NaN       NaN     0.160       NaN     1.153     1.249       NaN
MetalProc.          0.000       NaN       NaN       NaN       NaN       NaN       NaN     0.246       NaN     1.200     1.290       NaN
WoodMach.           0.000       NaN       NaN       NaN       NaN       NaN       NaN     0.243       NaN     1.244     1.290       NaN
TextileMach.        0.000       NaN       NaN       NaN       NaN       NaN       NaN     0.203       NaN     1.224     1.267       NaN
PrintMach.          0.020     0.020     0.482     2.150    40.104     0.466     0.318     0.145     1.528     1.218     1.000     0.500
OtherMach.          0.030     0.030     0.419     1.719    12.852     0.311     0.237     0.205     1.289     1.237     1.135     0.500
Fabricators         0.004     0.004     0.183     1.634     9.829     0.278     0.218     0.112     1.333     1.175     1.159     0.500
Prod.Inspectors     0.002     0.002     0.143     1.765    14.768     0.329     0.247     0.266     1.209     1.239     1.150     0.500
MotorVehicle        0.000     0.000     0.053     0.969    -0.142    -0.016    -0.016     0.097     1.115     1.254     1.202     0.500
OtherVehicle        0.000     0.000     0.053     1.466     5.396     0.211     0.174     0.317       NaN     1.158     1.107     0.500
Freight             0.004     0.004     0.215     1.720    12.907     0.311     0.237     0.163     1.375     1.252     1.169     0.500
 
======================================
 YEAR = 1970
======================================
  Note: tauh* := (1+tauh)^eta - 1 
 
                       pY     pfitY         Z    TauHat      TauH     tauh*     TauW0     TauW1  wagegrth  wagegrWM ExpFactor     alpha
---------------------------------------------------------------------------------------------------------------------------------------
Home                0.499       NaN     1.000       NaN     0.000     0.000     0.000     0.000       NaN       NaN     1.002       NaN
Managers            0.013     0.013     0.291     1.556    58.651     0.524     0.021    -0.076     1.323     1.204     1.092     0.047
MgmtRelated         0.003     0.003     0.179     1.544   100.251     0.609    -0.042    -0.243     1.326     1.111     1.283    -0.094
Architects          0.000       NaN       NaN       NaN       NaN       NaN       NaN    -0.133       NaN     1.071     1.427       NaN
Engineers           0.000       NaN       NaN       NaN       NaN       NaN       NaN     0.114       NaN     1.092     1.427       NaN
Math/CompSci        0.000     0.000     0.071     1.303     2.616     0.142     0.124    -0.028     1.319     1.124     1.215     0.500
Science             0.001     0.001     0.094     1.269     2.179     0.127     0.112     0.267     1.029     1.246     1.116     0.500
Doctors             0.000     0.000     0.145     2.299 30273.061     1.894    -0.259    -0.254     1.414     1.420     1.009    -0.277
Nurses              0.011     0.011     0.400     1.690    20.444     0.371     0.189    -0.016     1.261     1.007     1.115     0.398
Therapists          0.001     0.001     0.127     1.483    30.537     0.427     0.038    -0.122     1.202     1.030     1.250     0.098
Professors          0.001     0.001     0.244     1.327    -0.510    -0.071     0.300     0.211     1.236     1.097     1.155     1.260
Teachers            0.034     0.034     0.631     1.289     1.107     0.080     0.162     0.156     1.056     1.048     1.101     0.697
Librarians          0.001     0.001     0.199     1.739   439.920     0.872    -0.077    -0.366     1.323     1.043     1.063    -0.134
Soc.Scientists      0.000     0.000     0.064     1.401     4.133     0.184     0.155     0.124     1.183     1.141     1.324     0.500
SocialWork          0.005     0.005     0.284     1.087     6.512     0.231    -0.132    -0.231     1.063     0.978     1.139    -1.481
Lawyers             0.000     0.000     0.042     0.712    -0.800    -0.153    -0.190     0.320     0.618     1.153     1.197     0.512
Arts/Athletes       0.001     0.001     0.119     1.235    -0.800    -0.153     0.314     0.287     0.867     0.993     1.083     1.784
HealthTechs         0.013     0.013     0.390     1.674    75.653     0.564     0.066    -0.144     1.237     1.010     1.130     0.132
Eng.Techs           0.001     0.001     0.093     1.443     4.927     0.201     0.167     0.052     1.246     1.094     1.266     0.500
ScienceTechs        0.000     0.000     0.072     1.552     7.446     0.246     0.197    -0.032     1.483     1.154     1.262     0.500
OtherTechs          0.001     0.001     0.085     1.191     1.336     0.091     0.084     0.231     0.911     1.086     1.272     0.500
Sales               0.021     0.021     0.463     2.162    43.602     0.479     0.316     0.245     1.148     1.040     1.000     0.493
Secretaries         0.036     0.036     0.464     1.462     5.941     0.221     0.165     0.065     1.254     1.120     1.174     0.475
Info.Clerks         0.005     0.005     0.216     1.555    70.863     0.553     0.001    -0.105     1.237     1.118     1.184     0.003
Records             0.008     0.008     0.316     1.778     6.800     0.236     0.305    -0.048     1.226     0.813     1.244     0.632
FinancialClerk      0.010     0.010     0.280     1.470    15.542     0.335     0.092    -0.112     1.292     1.056     1.239     0.250
OfficeMachine       0.002     0.002     0.131     1.265    -0.800    -0.153     0.330     0.046     1.508     1.059     1.108     1.705
ComputerTech        0.009     0.009     0.283     1.785    22.514     0.384     0.225     0.219     1.254     1.245     1.000     0.439
Mail                0.007     0.007     0.208     1.203    36.055     0.451    -0.205    -0.257     1.227     1.177     1.000    -1.009
Clerks              0.004     0.004     0.203     1.652    71.888     0.555     0.058    -0.143     1.347     1.110     1.211     0.120
Insurance           0.003     0.003     0.192     1.603     0.543     0.046     0.348    -0.055     1.657     1.025     1.277     0.905
Misc.Admin          0.039     0.039     0.502     1.613    64.407     0.538     0.047    -0.127     1.271     1.075     1.178     0.100
PrivateHshld        0.045     0.045     0.797     2.746   467.359     0.884     0.314    -0.158     1.398     0.828     1.000     0.373
Firefighting        0.000       NaN       NaN       NaN       NaN       NaN       NaN     0.034       NaN     1.075     1.427       NaN
Police              0.000     0.000     0.060     1.318     2.820     0.148     0.129    -0.604     1.966     1.067     1.305     0.500
Guards              0.001     0.001     0.111     1.867  1684.206     1.150    -0.151    -0.583     1.346     0.979     1.167    -0.226
FoodPrep            0.031     0.031     0.588     2.071    49.511     0.498     0.277    -0.007     1.219     0.875     1.004     0.445
HealthService       0.030     0.030     0.550     1.511    47.048     0.490     0.014    -0.167     1.294     1.094     1.138     0.034
Cleaning            0.004     0.004     0.241     2.068   155.206     0.682     0.186    -0.188     1.474     1.009     1.203     0.284
PersonalService     0.040     0.040     0.685     2.574   679.222     0.958     0.239    -0.104     1.381     0.951     1.000     0.289
FarmMgrs            0.001     0.001     0.121     1.919 86002.607     2.223    -0.679    -0.518     0.995     1.100     1.000    -0.795
FarmWork            0.004     0.004     0.262     1.749     6.633     0.233     0.295    -0.001     1.690     1.190     1.000     0.626
Agriculture         0.000     0.000     0.040     1.444     4.958     0.202     0.168     0.204       NaN     0.966     1.328     0.500
Forest              0.000     0.000     0.063     1.379     3.765     0.174     0.149     0.336     0.851     1.092     1.000     0.500
Mechanics           0.000     0.000     0.068     1.950    24.550     0.396     0.284    -0.163     1.736     1.069     1.272     0.500
Elec.Repairer       0.000     0.000     0.063     2.125    37.843     0.458     0.314    -0.144     1.795     1.077     1.359     0.500
Misc.Repairer       0.001     0.001     0.094     1.551    -0.373    -0.047     0.385     0.387     1.079     1.082     1.134     1.109
Construction        0.001     0.001     0.170     3.465   415.799     0.861     0.463     0.114     1.771     1.074     1.167     0.500
Extractive          0.000     0.000     0.034     1.401     4.141     0.184     0.155     0.375       NaN     1.200     1.031     0.500
Supervisor(P)       0.002     0.002     0.147     1.952    23.985     0.393     0.286    -0.023     1.598     1.115     1.197     0.504
MetalWork           0.000     0.000     0.047     1.279     2.303     0.131     0.116     0.172     0.988     1.054     1.304     0.500
WoodWork            0.000     0.000     0.052     1.532     6.941     0.238     0.192    -0.141     1.247     0.882     1.173     0.500
Textiles            0.001     0.001     0.134     1.830    20.175     0.369     0.252     0.080     1.088     0.885     1.152     0.480
Other               0.000     0.000     0.080     1.708  1366.072     1.104    -0.232    -0.176     0.890     0.932     1.106    -0.389
Food                0.002     0.002     0.188     2.368  2166.853     1.206     0.068     0.002     1.127     1.053     1.036     0.082
PlantOperator       0.000       NaN       NaN       NaN       NaN       NaN       NaN     0.141       NaN     1.127     1.427       NaN
MetalMach.          0.002     0.002     0.128     1.417     4.435     0.190     0.160    -0.030     1.309     1.067     1.171     0.500
MetalProc.          0.000     0.000     0.039     1.760    14.538     0.327     0.246    -0.026     1.470     1.080     1.387     0.500
WoodMach.           0.000     0.000     0.046     1.747    14.001     0.322     0.243    -0.229     1.645     1.013     1.331     0.500
TextileMach.        0.001     0.001     0.093     1.576     8.094     0.255     0.203     0.149     1.047     0.980     1.187     0.500
PrintMach.          0.035     0.035     0.489     1.687    34.139     0.443     0.145    -0.043     1.168     0.958     1.131     0.299
OtherMach.          0.039     0.039     0.489     1.804    31.921     0.433     0.205     0.077     1.255     1.081     1.050     0.390
Fabricators         0.015     0.015     0.309     1.624    33.923     0.442     0.112    -0.012     1.202     1.054     1.099     0.246
Prod.Inspectors     0.007     0.007     0.255     1.808    14.684     0.328     0.266     0.085     1.370     1.099     1.183     0.521
MotorVehicle        0.002     0.002     0.128     1.402     8.856     0.266     0.097    -0.123     1.383     1.113     1.192     0.302
OtherVehicle        0.001     0.001     0.103     2.143    39.491     0.464     0.317    -0.014     1.709     1.152     1.164     0.500
Freight             0.007     0.007     0.266     1.686    27.406     0.412     0.163    -0.137     1.462     1.077     1.262     0.340
 
======================================
 YEAR = 1980
======================================
  Note: tauh* := (1+tauh)^eta - 1 
 
                       pY     pfitY         Z    TauHat      TauH     tauh*     TauW0     TauW1  wagegrth  wagegrWM ExpFactor     alpha
---------------------------------------------------------------------------------------------------------------------------------------
Home                0.388       NaN     1.000       NaN     0.000     0.000     0.000     0.000       NaN       NaN     1.000       NaN
Managers            0.020     0.020     0.368     1.477    88.573     0.589    -0.076    -0.161     1.548     1.434     1.105    -0.188
MgmtRelated         0.025     0.025     0.428     1.393   205.654     0.732    -0.243    -0.312     1.416     1.342     1.080    -0.655
Architects          0.000     0.000     0.039     0.779    -0.702    -0.117    -0.133     0.043       NaN     1.445     1.000     0.500
Engineers           0.001     0.001     0.109     1.274     2.241     0.129     0.114     0.083     1.364     1.318     1.084     0.500
Math/CompSci        0.002     0.002     0.142     1.306    16.355     0.342    -0.028    -0.262     1.595     1.298     1.079    -0.102
Science             0.001     0.001     0.117     1.225    -0.649    -0.102     0.267     0.170     1.530     1.351     1.056     1.531
Doctors             0.001     0.001     0.147     1.512   499.140     0.897    -0.254    -0.459     2.084     1.791     1.011    -0.548
Nurses              0.014     0.014     0.432     1.363    22.543     0.385    -0.016    -0.112     1.495     1.366     1.073    -0.050
Therapists          0.002     0.002     0.190     1.313    42.021     0.473    -0.122    -0.137     1.438     1.418     1.051    -0.422
Professors          0.002     0.002     0.302     1.139    -0.646    -0.102     0.211     0.234     1.462     1.505     1.000     1.824
Teachers            0.043     0.043     0.745     1.283     1.159     0.083     0.156     0.102     1.466     1.377     1.070     0.682
Librarians          0.001     0.001     0.190     1.127    64.800     0.539    -0.366    -0.341     1.348     1.373     1.025    -2.604
Soc.Scientists      0.001     0.001     0.174     1.370     4.889     0.200     0.124     0.029     1.514     1.366     1.000     0.420
SocialWork          0.011     0.011     0.394     1.030     8.986     0.267    -0.231    -0.339     1.404     1.291     1.040    -7.110
Lawyers             0.001     0.001     0.166     1.246    -0.800    -0.153     0.320     0.230     1.952     1.722     1.034     1.753
Arts/Athletes       0.003     0.003     0.195     1.189    -0.800    -0.153     0.287     0.204     1.486     1.331     1.061     1.958
HealthTechs         0.016     0.016     0.403     1.341    62.858     0.534    -0.144    -0.157     1.347     1.332     1.042    -0.459
Eng.Techs           0.003     0.003     0.155     1.306     6.965     0.238     0.052    -0.111     1.482     1.265     1.076     0.200
ScienceTechs        0.001     0.001     0.107     1.254    11.223     0.294    -0.032    -0.046     1.310     1.292     1.052    -0.139
OtherTechs          0.005     0.005     0.217     1.278    -0.155    -0.017     0.231     0.238     1.308     1.321     1.055     1.071
Sales               0.031     0.031     0.532     1.850    24.657     0.397     0.245     0.232     1.307     1.285     1.000     0.457
Secretaries         0.060     0.060     0.634     1.289     5.126     0.205     0.065     0.002     1.283     1.202     1.000     0.266
Info.Clerks         0.010     0.010     0.341     1.459   101.970     0.612    -0.105    -0.202     1.260     1.158     1.026    -0.263
Records             0.015     0.015     0.348     1.303    19.674     0.366    -0.048    -0.167     1.396     1.253     1.076    -0.177
FinancialClerk      0.018     0.018     0.393     1.397    70.795     0.553    -0.112    -0.257     1.279     1.131     1.054    -0.317
OfficeMachine       0.001     0.001     0.115     1.301     7.140     0.241     0.046    -0.056     1.291     1.166     1.040     0.179
ComputerTech        0.015     0.015     0.322     1.438     2.067     0.122     0.219     0.114     1.348     1.188     1.019     0.682
Mail                0.008     0.008     0.194     1.110    24.393     0.395    -0.257    -0.274     1.160     1.144     1.010    -2.180
Clerks              0.010     0.010     0.268     1.332    58.198     0.522    -0.143    -0.301     1.356     1.191     1.059    -0.467
Insurance           0.009     0.009     0.296     1.327    25.263     0.400    -0.055    -0.062     1.263     1.255     1.085    -0.189
Misc.Admin          0.055     0.055     0.623     1.399    82.261     0.577    -0.127    -0.103     1.247     1.274     1.014    -0.357
PrivateHshld        0.015     0.015     0.427     1.622   455.541     0.879    -0.158    -0.286     1.277     1.150     1.085    -0.304
Firefighting        0.000     0.000     0.025     1.072     0.404     0.036     0.034    -0.036     1.433     1.336     1.227     0.500
Police              0.002     0.002     0.139     1.350  1804.090     1.165    -0.604    -0.964     1.535     1.254     1.142    -1.577
Guards              0.002     0.002     0.166     1.352  1616.500     1.140    -0.583    -0.800     1.288     1.133     1.069    -1.523
FoodPrep            0.022     0.022     0.519     1.492    51.069     0.502    -0.007    -0.087     1.226     1.136     1.071    -0.018
HealthService       0.037     0.037     0.618     1.388   107.038     0.620    -0.167    -0.105     1.257     1.326     1.080    -0.470
Cleaning            0.008     0.008     0.296     1.523   315.885     0.810    -0.188    -0.273     1.211     1.130     1.095    -0.410
PersonalService     0.015     0.015     0.439     1.593   239.108     0.759    -0.104    -0.185     1.203     1.120     1.038    -0.212
FarmMgrs            0.000     0.000     0.115     2.660770153.522     3.039    -0.518    -1.633     1.880     1.084     1.058    -0.427
FarmWork            0.001     0.001     0.154     1.492    48.343     0.494    -0.001    -0.184     1.354     1.145     1.047    -0.003
Agriculture         0.000     0.000     0.105     1.579     8.186     0.257     0.204     0.112     1.244     1.115     1.059     0.500
Forest              0.000     0.000     0.044     1.325    -0.711    -0.120     0.336     0.228     1.282     1.102     1.052     1.453
Mechanics           0.001     0.001     0.084     1.226    30.383     0.426    -0.163    -1.062     2.055     1.160     1.160    -0.741
Elec.Repairer       0.002     0.002     0.111     1.309    49.408     0.497    -0.144    -0.486     1.498     1.153     1.057    -0.500
Misc.Repairer       0.001     0.001     0.102     1.541    -0.426    -0.055     0.387     0.212     1.417     1.102     1.000     1.132
Construction        0.002     0.002     0.133     1.453    10.573     0.287     0.114    -0.006     1.271     1.118     1.000     0.325
Extractive          0.000     0.000     0.066     2.558    94.469     0.599     0.375    -0.263     2.287     1.132     1.000     0.500
Supervisor(P)       0.004     0.004     0.172     1.514    68.480     0.548    -0.023    -0.101     1.333     1.237     1.055    -0.054
MetalWork           0.001     0.001     0.112     1.611    15.535     0.335     0.172    -0.071     1.514     1.171     1.000     0.394
WoodWork            0.000     0.000     0.090     1.834  1301.699     1.093    -0.141    -0.237     1.253     1.156     1.036    -0.218
Textiles            0.001     0.001     0.136     1.382     9.269     0.271     0.080    -0.051     1.292     1.131     1.045     0.259
Other               0.001     0.001     0.116     1.463   192.798     0.720    -0.176    -0.212     1.254     1.216     1.086    -0.426
Food                0.002     0.002     0.151     1.876   438.292     0.872     0.002    -0.239     1.309     1.054     1.123     0.004
PlantOperator       0.000     0.000     0.057     1.355     3.365     0.164     0.141    -0.010     1.433     1.219     1.000     0.500
MetalMach.          0.003     0.003     0.149     1.494    64.415     0.538    -0.030    -0.280     1.411     1.135     1.049    -0.073
MetalProc.          0.001     0.001     0.113     1.635   150.694     0.677    -0.026    -0.128     1.326     1.205     1.000    -0.051
WoodMach.           0.000     0.000     0.086     1.411   208.190     0.734    -0.229    -0.257     1.085     1.061     1.000    -0.599
TextileMach.        0.001     0.001     0.137     1.736    43.085     0.477     0.149    -0.047     1.443     1.172     1.022     0.293
PrintMach.          0.031     0.031     0.461     1.462    59.185     0.525    -0.043     0.038     1.128     1.222     1.005    -0.110
OtherMach.          0.022     0.022     0.366     1.591    40.643     0.468     0.077    -0.019     1.281     1.160     1.039     0.173
Fabricators         0.020     0.020     0.339     1.515    62.224     0.533    -0.012    -0.191     1.328     1.128     1.037    -0.029
Prod.Inspectors     0.009     0.009     0.258     1.574    33.672     0.441     0.085     0.103     1.172     1.195     1.034     0.195
MotorVehicle        0.005     0.005     0.192     1.459   119.561     0.638    -0.123    -0.486     1.427     1.078     1.124    -0.306
OtherVehicle        0.001     0.001     0.108     1.592   103.731     0.615    -0.014    -0.301     1.474     1.149     1.004    -0.030
Freight             0.016     0.016     0.341     1.519   200.468     0.727    -0.137    -0.262     1.226     1.105     1.025    -0.308
 
======================================
 YEAR = 1990
======================================
  Note: tauh* := (1+tauh)^eta - 1 
 
                       pY     pfitY         Z    TauHat      TauH     tauh*     TauW0     TauW1  wagegrth  wagegrWM ExpFactor     alpha
---------------------------------------------------------------------------------------------------------------------------------------
Home                0.355       NaN     1.000       NaN     0.000     0.000     0.000     0.000       NaN       NaN     1.000       NaN
Managers            0.033     0.033     0.415     1.488   202.297     0.729    -0.161    -0.107     1.401     1.469     1.000    -0.376
MgmtRelated         0.036     0.036     0.459     1.389   338.468     0.823    -0.312    -0.267     1.294     1.340     1.044    -0.825
Architects          0.000     0.000     0.039     1.091     0.529     0.045     0.043     0.127     1.240     1.360     1.000     0.500
Engineers           0.002     0.002     0.119     1.130     0.423     0.037     0.083     0.174     1.152     1.279     1.000     0.704
Math/CompSci        0.004     0.004     0.171     1.278   102.494     0.613    -0.262    -0.319     1.231     1.178     1.053    -0.951
Science             0.001     0.001     0.119     1.093    -0.610    -0.092     0.170     0.196     1.279     1.426     1.000     2.090
Doctors             0.002     0.002     0.150     1.270   399.597     0.854    -0.459    -0.299     1.583     1.778     1.064    -1.581
Nurses              0.018     0.018     0.341     1.352    51.065     0.502    -0.112    -0.162     1.299     1.243     1.007    -0.351
Therapists          0.003     0.003     0.171     1.206    20.408     0.371    -0.137    -0.067     1.247     1.329     1.000    -0.688
Professors          0.001     0.001     0.282     1.263    -0.275    -0.033     0.234     0.159     1.580     1.440     1.116     1.142
Teachers            0.029     0.029     0.572     1.310     3.852     0.177     0.102     0.110     1.227     1.238     1.094     0.398
Librarians          0.001     0.001     0.181     1.216   114.104     0.630    -0.341    -0.372     1.316     1.286     1.000    -1.503
Soc.Scientists      0.002     0.002     0.173     1.392    17.653     0.352     0.029     0.008     1.419     1.389     1.000     0.089
SocialWork          0.011     0.011     0.348     1.000    16.056     0.339    -0.339    -0.271     1.187     1.251     1.000 -2034.659
Lawyers             0.002     0.002     0.168     1.304     0.043     0.004     0.230     0.310     1.180     1.391     1.006     0.984
Arts/Athletes       0.005     0.005     0.201     1.116    -0.683    -0.112     0.204     0.231     1.267     1.311     1.000     2.076
HealthTechs         0.016     0.016     0.349     1.264    39.061     0.462    -0.157    -0.120     1.254     1.295     1.062    -0.620
Eng.Techs           0.002     0.002     0.140     1.279    29.389     0.421    -0.111    -0.226     1.314     1.191     1.089    -0.429
ScienceTechs        0.001     0.001     0.088     1.199     8.000     0.254    -0.046    -0.114     1.294     1.216     1.120    -0.249
OtherTechs          0.008     0.008     0.229     1.230    -0.468    -0.063     0.238     0.300     1.453     1.580     1.009     1.314
Sales               0.052     0.052     0.603     1.809    23.478     0.390     0.232     0.277     1.192     1.266     1.000     0.445
Secretaries         0.052     0.052     0.548     1.114     1.782     0.111     0.002     0.062     1.214     1.291     1.000     0.023
Info.Clerks         0.014     0.014     0.361     1.333    96.510     0.603    -0.202    -0.214     1.200     1.188     1.036    -0.639
Records             0.011     0.011     0.315     1.256    39.857     0.465    -0.167    -0.215     1.104     1.061     1.000    -0.679
FinancialClerk      0.018     0.018     0.353     1.194    50.229     0.500    -0.257    -0.317     1.266     1.208     1.096    -1.290
OfficeMachine       0.001     0.001     0.118     1.320    24.127     0.394    -0.056    -0.370     2.007     1.547     1.095    -0.197
ComputerTech        0.012     0.012     0.294     1.322     3.620     0.171     0.114     0.147     1.118     1.160     1.025     0.435
Mail                0.011     0.011     0.219     1.099    25.296     0.400    -0.274    -0.216     1.055     1.105     1.000    -2.557
Clerks              0.012     0.012     0.288     1.269   129.320     0.651    -0.301    -0.265     1.141     1.175     1.023    -1.105
Insurance           0.018     0.018     0.355     1.263    16.224     0.341    -0.062    -0.057     1.234     1.239     1.040    -0.257
Misc.Admin          0.051     0.051     0.592     1.372    55.126     0.514    -0.103    -0.176     1.269     1.190     1.037    -0.311
PrivateHshld        0.014     0.014     0.411     1.459   447.398     0.876    -0.286    -0.651     1.290     1.005     1.110    -0.666
Firefighting        0.000     0.000     0.047     1.454    52.339     0.506    -0.036    -0.450     1.775     1.267     1.027    -0.093
Police              0.006     0.006     0.179     1.153  2790.016     1.264    -0.964    -0.886     1.186     1.235     1.064    -4.738
Guards              0.004     0.004     0.198     1.165  1326.519     1.097    -0.800    -0.932     1.250     1.164     1.158    -3.837
FoodPrep            0.027     0.027     0.538     1.409    61.322     0.531    -0.087    -0.165     1.297     1.210     1.111    -0.243
HealthService       0.044     0.044     0.626     1.383    60.541     0.529    -0.105    -0.337     1.359     1.124     1.116    -0.309
Cleaning            0.010     0.010     0.327     1.487   491.513     0.894    -0.273    -0.383     1.235     1.137     1.054    -0.608
PersonalService     0.015     0.015     0.401     1.416   151.845     0.679    -0.185    -0.162     1.332     1.359     1.069    -0.488
FarmMgrs            0.000     0.000     0.060     1.7132244821.145     3.510    -1.633    -0.948     0.896     1.211     1.000    -1.799
FarmWork            0.001     0.001     0.122     1.371   109.148     0.623    -0.184    -0.200     1.127     1.112     1.029    -0.535
Agriculture         0.001     0.001     0.107     1.368     5.646     0.215     0.112     0.006     1.327     1.186     1.066     0.378
Forest              0.000     0.000     0.044     1.204    -0.508    -0.070     0.228     0.126     1.338     1.182     1.104     1.393
Mechanics           0.001     0.001     0.091     1.107  3007.084     1.282    -1.062    -1.171     1.270     1.206     1.091    -7.130
Elec.Repairer       0.001     0.001     0.086     1.038    66.389     0.543    -0.486    -0.756     1.376     1.164     1.053   -10.520
Misc.Repairer       0.001     0.001     0.094     1.332     0.605     0.050     0.212     0.094     1.325     1.152     1.000     0.830
Construction        0.002     0.002     0.133     1.233     7.121     0.241    -0.006    -0.066     1.236     1.167     1.000    -0.030
Extractive          0.000     0.000     0.033     1.214    62.093     0.532    -0.263    -0.213     1.096     1.140     1.000    -1.204
Supervisor(P)       0.002     0.002     0.142     1.543   171.483     0.700    -0.101    -0.300     1.381     1.170     1.127    -0.222
MetalWork           0.001     0.001     0.092     1.371    40.723     0.469    -0.071    -0.044     1.113     1.142     1.000    -0.217
WoodWork            0.000     0.000     0.069     1.721  1527.618     1.128    -0.237    -0.420     1.326     1.155     1.000    -0.392
Textiles            0.001     0.001     0.138     1.321    23.121     0.388    -0.051    -0.257     1.365     1.141     1.000    -0.179
Other               0.001     0.001     0.126     1.406   176.877     0.705    -0.212    -0.788     1.696     1.150     1.256    -0.565
Food                0.003     0.003     0.188     1.639   974.968     1.032    -0.239    -0.467     1.300     1.098     1.082    -0.434
PlantOperator       0.000     0.000     0.060     1.550    76.406     0.565    -0.010    -0.267     1.439     1.146     1.123    -0.022
MetalMach.          0.001     0.001     0.104     1.485   511.157     0.901    -0.280    -0.447     1.261     1.116     1.104    -0.625
MetalProc.          0.000     0.000     0.074     1.485   148.614     0.675    -0.128    -0.191     1.222     1.157     1.118    -0.304
WoodMach.           0.000     0.000     0.075     1.353   172.895     0.701    -0.257    -0.767     2.036     1.448     1.264    -0.755
TextileMach.        0.001     0.001     0.122     1.383    35.309     0.448    -0.047    -0.008     1.085     1.127     1.014    -0.142
PrintMach.          0.023     0.023     0.427     1.486    31.343     0.431     0.038    -0.062     1.251     1.134     1.000     0.097
OtherMach.          0.014     0.014     0.323     1.541    79.088     0.571    -0.019    -0.140     1.276     1.140     1.085    -0.044
Fabricators         0.014     0.014     0.299     1.377   120.774     0.640    -0.191    -0.285     1.257     1.165     1.033    -0.547
Prod.Inspectors     0.007     0.007     0.255     1.601    32.734     0.437     0.103     0.061     1.247     1.193     1.000     0.230
MotorVehicle        0.007     0.007     0.224     1.383  1085.501     1.055    -0.486    -0.667     1.308     1.166     1.107    -1.223
OtherVehicle        0.001     0.001     0.071     1.263   123.132     0.643    -0.301    -0.566     1.384     1.150     1.040    -1.127
Freight             0.012     0.012     0.317     1.362   190.172     0.718    -0.262    -0.428     1.304     1.152     1.090    -0.752
 
======================================
 YEAR = 2000
======================================
  Note: tauh* := (1+tauh)^eta - 1 
 
                       pY     pfitY         Z    TauHat      TauH     tauh*     TauW0     TauW1  wagegrth  wagegrWM ExpFactor     alpha
---------------------------------------------------------------------------------------------------------------------------------------
Home                0.333       NaN     1.000       NaN     0.000     0.000     0.000     0.000       NaN       NaN     1.000       NaN
Managers            0.035     0.035     0.482     1.472   114.152     0.630    -0.107    -0.217     1.408     1.282     1.042    -0.264
MgmtRelated         0.046     0.046     0.575     1.379   223.900     0.747    -0.267    -0.226     1.291     1.335     1.032    -0.736
Architects          0.000     0.000     0.056     1.063    -0.515    -0.072     0.127    -0.300     1.294     1.349     1.000     2.217
Engineers           0.003     0.003     0.152     1.085    -0.653    -0.103     0.174     0.207     1.230     1.316     1.000     2.334
Math/CompSci        0.008     0.008     0.253     1.226   105.658     0.618    -0.319    -0.371     1.277     1.229     1.064    -1.357
Science             0.001     0.001     0.167     1.053    -0.800    -0.153     0.196     0.101     1.731     1.548     1.054     4.185
Doctors             0.002     0.002     0.209     1.288   147.184     0.673    -0.299    -0.366     1.853     1.761     1.045    -1.033
Nurses              0.016     0.016     0.362     1.237    32.881     0.437    -0.162    -0.159     1.353     1.357     1.087    -0.708
Therapists          0.003     0.003     0.227     1.236    13.726     0.319    -0.067     0.043     1.251     1.396     1.023    -0.307
Professors          0.003     0.003     0.358     1.017    -0.781    -0.145     0.159     0.160     1.482     1.540     1.078    10.067
Teachers            0.047     0.047     0.826     1.291     2.873     0.150     0.110     0.170     1.260     1.351     1.034     0.455
Librarians          0.000     0.000     0.144     1.066    38.870     0.462    -0.372    -0.422     1.483     1.431     1.045    -4.980
Soc.Scientists      0.001     0.001     0.182     1.252     7.222     0.242     0.008     0.166     1.269     1.510     1.000     0.035
SocialWork          0.014     0.014     0.433     1.021    11.526     0.297    -0.271    -0.248     1.227     1.250     1.021   -11.827
Lawyers             0.003     0.003     0.222     1.228    -0.800    -0.153     0.310     0.342     1.422     1.525     1.040     1.808
Arts/Athletes       0.005     0.005     0.254     1.129    -0.745    -0.131     0.231     0.230     1.211     1.226     1.000     2.159
HealthTechs         0.017     0.017     0.417     1.289    34.278     0.443    -0.120    -0.108     1.281     1.295     1.093    -0.446
Eng.Techs           0.002     0.002     0.141     1.116    19.926     0.368    -0.226    -0.140     1.156     1.242     1.016    -1.855
ScienceTechs        0.001     0.001     0.100     1.185    13.801     0.320    -0.114    -0.129     1.269     1.251     1.003    -0.634
OtherTechs          0.009     0.009     0.271     1.316    -0.546    -0.078     0.300     0.351     1.193     1.287     1.008     1.296
Sales               0.061     0.061     0.740     1.752     8.935     0.267     0.277     0.301     1.115     1.154     1.000     0.578
Secretaries         0.031     0.031     0.531     1.216     2.582     0.140     0.062     0.069     1.127     1.136     1.000     0.327
Info.Clerks         0.017     0.017     0.459     1.237    50.646     0.501    -0.214    -0.204     1.146     1.156     1.035    -0.913
Records             0.007     0.007     0.317     1.161    27.158     0.410    -0.215    -0.241     1.205     1.179     1.008    -1.301
FinancialClerk      0.020     0.020     0.428     1.156    58.040     0.522    -0.317    -0.214     1.153     1.251     1.002    -1.900
OfficeMachine       0.003     0.003     0.170     1.114    59.853     0.527    -0.370    -0.525     1.191     1.070     1.000    -2.910
ComputerTech        0.005     0.005     0.260     1.392     4.325     0.188     0.147     0.257     1.100     1.264     1.000     0.479
Mail                0.006     0.006     0.232     1.143    23.476     0.390    -0.216    -0.197     1.180     1.199     1.000    -1.467
Clerks              0.012     0.012     0.348     1.221    66.828     0.544    -0.265    -0.375     1.174     1.080     1.052    -1.176
Insurance           0.045     0.045     0.595     1.263    15.507     0.335    -0.057    -0.079     1.141     1.118     1.026    -0.236
Misc.Admin          0.033     0.033     0.586     1.265    46.221     0.487    -0.176    -0.163     1.207     1.220     1.000    -0.690
PrivateHshld        0.010     0.010     0.416     1.292  1559.768     1.133    -0.651    -0.732     1.087     1.036     1.000    -1.959
Firefighting        0.000     0.000     0.065     1.318   536.720     0.911    -0.450    -0.980     1.796     1.315     1.000    -1.348
Police              0.010     0.010     0.274     1.223  3335.439     1.306    -0.886    -0.801     1.227     1.285     1.039    -3.155
Guards              0.006     0.006     0.294     1.260  5641.773     1.434    -0.932    -0.971     1.181     1.158     1.020    -2.850
FoodPrep            0.024     0.024     0.576     1.307    58.129     0.522    -0.165    -0.237     1.062     1.000     1.053    -0.571
HealthService       0.053     0.053     0.746     1.196    94.138     0.599    -0.337    -0.285     1.113     1.158     1.061    -1.626
Cleaning            0.005     0.005     0.286     1.351   430.677     0.868    -0.383    -0.399     1.087     1.075     1.059    -1.079
PersonalService     0.029     0.029     0.590     1.326    65.492     0.541    -0.162    -0.126     1.053     1.087     1.023    -0.531
FarmMgrs            0.000       NaN       NaN       NaN       NaN       NaN    -0.948     0.240       NaN     1.308     1.000       NaN
FarmWork            0.001     0.001     0.117     1.349   106.482     0.619    -0.200    -0.077     0.938     1.046     1.000    -0.611
Agriculture         0.001     0.001     0.111     1.155     2.809     0.148     0.006    -0.107     1.094     0.982     1.034     0.044
Forest              0.000     0.000     0.055     1.010    -0.700    -0.117     0.126     0.329     0.861     1.122     1.000    13.150
Mechanics           0.001     0.001     0.109     1.132  6192.578     1.458    -1.171    -1.396     1.203     1.090     1.033    -6.250
Elec.Repairer       0.001     0.001     0.115     0.992   219.092     0.743    -0.756    -0.854     1.202     1.138     1.000    73.869
Misc.Repairer       0.001     0.001     0.098     1.164     0.682     0.055     0.094     0.004     1.213     1.103     1.000     0.648
Construction        0.002     0.002     0.129     1.130     5.078     0.204    -0.066    -0.054     1.055     1.068     1.008    -0.521
Extractive          0.000       NaN       NaN       NaN       NaN       NaN    -0.213     0.260       NaN     1.282     1.000       NaN
Supervisor(P)       0.003     0.003     0.173     1.351   236.503     0.757    -0.300    -0.328     1.203     1.177     1.024    -0.871
MetalWork           0.001     0.001     0.082     1.191     7.246     0.243    -0.044     0.066     0.963     1.076     1.000    -0.244
WoodWork            0.000     0.000     0.054     1.426   940.265     1.024    -0.420    -0.742     1.280     1.043     1.202    -0.988
Textiles            0.000     0.000     0.101     1.821  3110.165     1.290    -0.257    -0.699     1.336     0.989     1.000    -0.382
Other               0.004     0.004     0.232     1.233  2165.266     1.206    -0.788    -1.068     1.280     1.107     1.095    -2.771
Food                0.002     0.002     0.208     1.439  1414.932     1.111    -0.467    -0.594     1.088     1.001     1.042    -1.053
PlantOperator       0.000     0.000     0.031     1.236    77.423     0.567    -0.267    -0.547     1.442     1.181     1.350    -1.117
MetalMach.          0.001     0.001     0.113     1.365   740.919     0.975    -0.447    -0.602     1.095     0.990     1.000    -1.187
MetalProc.          0.000     0.000     0.087     1.395   137.127     0.661    -0.191    -0.249     1.058     1.009     1.000    -0.526
WoodMach.           0.002     0.002     0.173     1.252  2232.023     1.213    -0.767    -0.812     1.056     1.030     1.022    -2.535
TextileMach.        0.001     0.001     0.133     1.481    48.112     0.493    -0.008    -0.120     1.135     1.022     1.013    -0.021
PrintMach.          0.007     0.007     0.304     1.342    30.316     0.426    -0.062    -0.057     0.976     0.981     1.000    -0.205
OtherMach.          0.012     0.012     0.337     1.382    81.732     0.576    -0.140    -0.162     1.078     1.058     1.000    -0.406
Fabricators         0.011     0.011     0.306     1.266   111.410     0.626    -0.285    -0.314     1.077     1.053     1.000    -1.064
Prod.Inspectors     0.005     0.005     0.251     1.420    15.249     0.333     0.061     0.096     1.112     1.154     1.000     0.181
MotorVehicle        0.009     0.009     0.289     1.317  2068.355     1.195    -0.667    -0.858     1.163     1.043     1.103    -1.857
OtherVehicle        0.000     0.000     0.069     1.039   112.237     0.628    -0.566    -0.754     1.294     1.155     1.000   -11.650
Freight             0.009     0.009     0.327     1.274   330.700     0.818    -0.428    -0.490     1.067     1.022     1.000    -1.471
 
======================================
 YEAR = 2010
======================================
  Note: tauh* := (1+tauh)^eta - 1 
 
                       pY     pfitY         Z    TauHat      TauH     tauh*     TauW0     TauW1  wagegrth  wagegrWM ExpFactor     alpha
---------------------------------------------------------------------------------------------------------------------------------------
Home                0.280       NaN     1.000       NaN     0.000     0.000     0.000       NaN     0.000     0.000     0.000       NaN
Managers            0.041     0.041     0.455     1.351   123.437     0.644    -0.217       NaN     0.000     0.000     0.000    -0.653
MgmtRelated         0.040     0.040     0.478     1.347   129.138     0.651    -0.226       NaN     0.000     0.000     0.000    -0.682
Architects          0.000     0.000     0.030     0.652    -0.800    -0.153    -0.300       NaN     0.000     0.000     0.000     0.613
Engineers           0.002     0.002     0.114     1.068    -0.800    -0.153     0.207       NaN     0.000     0.000     0.000     3.522
Math/CompSci        0.008     0.008     0.225     1.178   103.304     0.614    -0.371       NaN     0.000     0.000     0.000    -1.928
Science             0.002     0.002     0.178     1.083    -0.226    -0.026     0.101       NaN     0.000     0.000     0.000     1.331
Doctors             0.003     0.003     0.185     1.176    98.912     0.607    -0.366       NaN     0.000     0.000     0.000    -1.928
Nurses              0.023     0.023     0.375     1.285    46.960     0.490    -0.159       NaN     0.000     0.000     0.000    -0.588
Therapists          0.006     0.006     0.245     1.174     2.097     0.123     0.043       NaN     0.000     0.000     0.000     0.276
Professors          0.004     0.004     0.408     1.008    -0.800    -0.153     0.160       NaN     0.000     0.000     0.000    21.742
Teachers            0.057     0.057     0.771     1.272     0.696     0.056     0.170       NaN     0.000     0.000     0.000     0.774
Librarians          0.000     0.000     0.129     0.985    25.478     0.401    -0.422       NaN     0.000     0.000     0.000    23.582
Soc.Scientists      0.002     0.002     0.161     1.162    -0.261    -0.031     0.166       NaN     0.000     0.000     0.000     1.207
SocialWork          0.017     0.017     0.416     1.021     9.550     0.275    -0.248       NaN     0.000     0.000     0.000   -10.597
Lawyers             0.003     0.003     0.190     1.288    -0.800    -0.153     0.342       NaN     0.000     0.000     0.000     1.654
Arts/Athletes       0.005     0.005     0.230     1.100    -0.800    -0.153     0.230       NaN     0.000     0.000     0.000     2.737
HealthTechs         0.022     0.022     0.365     1.160    10.412     0.285    -0.108       NaN     0.000     0.000     0.000    -0.690
Eng.Techs           0.001     0.001     0.116     1.119     9.673     0.276    -0.140       NaN     0.000     0.000     0.000    -1.168
ScienceTechs        0.001     0.001     0.088     1.032     3.440     0.166    -0.129       NaN     0.000     0.000     0.000    -3.804
OtherTechs          0.007     0.007     0.221     1.363    -0.695    -0.115     0.351       NaN     0.000     0.000     0.000     1.395
Sales               0.077     0.077     0.800     1.733     5.414     0.211     0.301       NaN     0.000     0.000     0.000     0.652
Secretaries         0.024     0.024     0.459     1.145     0.846     0.065     0.069       NaN     0.000     0.000     0.000     0.532
Info.Clerks         0.018     0.018     0.424     1.161    24.873     0.398    -0.204       NaN     0.000     0.000     0.000    -1.243
Records             0.006     0.006     0.277     1.131    25.987     0.404    -0.241       NaN     0.000     0.000     0.000    -1.752
FinancialClerk      0.013     0.013     0.335     1.168    28.703     0.418    -0.214       NaN     0.000     0.000     0.000    -1.247
OfficeMachine       0.001     0.001     0.100     0.990    53.440     0.509    -0.525       NaN     0.000     0.000     0.000    42.017
ComputerTech        0.002     0.002     0.153     1.230    -0.586    -0.087     0.257       NaN     0.000     0.000     0.000     1.440
Mail                0.003     0.003     0.154     1.033     6.836     0.236    -0.197       NaN     0.000     0.000     0.000    -5.546
Clerks              0.015     0.015     0.355     1.117    63.609     0.536    -0.375       NaN     0.000     0.000     0.000    -2.873
Insurance           0.048     0.048     0.573     1.201    11.321     0.295    -0.079       NaN     0.000     0.000     0.000    -0.415
Misc.Admin          0.025     0.025     0.472     1.186    21.841     0.380    -0.163       NaN     0.000     0.000     0.000    -0.886
PrivateHshld        0.012     0.012     0.384     1.115   594.609     0.931    -0.732       NaN     0.000     0.000     0.000    -5.048
Firefighting        0.000     0.000     0.031     1.236  5939.632     1.447    -0.980       NaN     0.000     0.000     0.000    -3.221
Police              0.009     0.009     0.230     1.255  2734.579     1.260    -0.801       NaN     0.000     0.000     0.000    -2.591
Guards              0.010     0.010     0.319     1.252  6451.225     1.468    -0.971       NaN     0.000     0.000     0.000    -3.014
FoodPrep            0.035     0.035     0.646     1.222    54.521     0.512    -0.237       NaN     0.000     0.000     0.000    -1.060
HealthService       0.086     0.086     0.835     1.187    59.361     0.526    -0.285       NaN     0.000     0.000     0.000    -1.460
Cleaning            0.007     0.007     0.293     1.298   326.612     0.816    -0.399       NaN     0.000     0.000     0.000    -1.287
PersonalService     0.034     0.034     0.610     1.310    42.271     0.474    -0.126       NaN     0.000     0.000     0.000    -0.438
FarmMgrs            0.000     0.000     0.063     1.731    13.328     0.315     0.240       NaN     0.000     0.000     0.000     0.500
FarmWork            0.000     0.000     0.066     1.135     6.048     0.223    -0.077       NaN     0.000     0.000     0.000    -0.585
Agriculture         0.001     0.001     0.113     1.039     2.884     0.150    -0.107       NaN     0.000     0.000     0.000    -2.629
Forest              0.000       NaN       NaN       NaN       NaN       NaN     0.329       NaN     0.000     0.000     0.000       NaN
Mechanics           0.001     0.001     0.091     1.128 15481.901     1.701    -1.396       NaN     0.000     0.000     0.000    -7.279
Elec.Repairer       0.001     0.001     0.090     1.098   992.197     1.036    -0.854       NaN     0.000     0.000     0.000    -6.610
Misc.Repairer       0.000     0.000     0.084     1.329    14.245     0.324     0.004       NaN     0.000     0.000     0.000     0.014
Construction        0.001     0.001     0.105     1.072     2.253     0.129    -0.054       NaN     0.000     0.000     0.000    -0.752
Extractive          0.000     0.000     0.043     1.828    17.703     0.352     0.260       NaN     0.000     0.000     0.000     0.500
Supervisor(P)       0.001     0.001     0.112     1.359   307.535     0.805    -0.328       NaN     0.000     0.000     0.000    -0.925
MetalWork           0.000     0.000     0.061     1.430    15.604     0.336     0.066       NaN     0.000     0.000     0.000     0.190
WoodWork            0.000     0.000     0.041     1.493 10730.737     1.601    -0.742       NaN     0.000     0.000     0.000    -1.386
Textiles            0.000     0.000     0.026     0.822    24.594     0.396    -0.699       NaN     0.000     0.000     0.000     2.705
Other               0.008     0.008     0.254     1.076  2366.299     1.226    -1.068       NaN     0.000     0.000     0.000    -9.894
Food                0.003     0.003     0.184     1.224   657.132     0.951    -0.594       NaN     0.000     0.000     0.000    -2.310
PlantOperator       0.000     0.000     0.034     1.220   477.823     0.888    -0.547       NaN     0.000     0.000     0.000    -2.192
MetalMach.          0.000     0.000     0.083     1.722 18946.197     1.758    -0.602       NaN     0.000     0.000     0.000    -0.866
MetalProc.          0.000     0.000     0.053     1.311   118.801     0.637    -0.249       NaN     0.000     0.000     0.000    -0.819
WoodMach.           0.001     0.001     0.095     1.129  1047.852     1.047    -0.812       NaN     0.000     0.000     0.000    -4.886
TextileMach.        0.001     0.001     0.101     1.318    42.643     0.475    -0.120       NaN     0.000     0.000     0.000    -0.409
PrintMach.          0.002     0.002     0.176     1.314    23.295     0.389    -0.057       NaN     0.000     0.000     0.000    -0.204
OtherMach.          0.007     0.007     0.260     1.328    66.694     0.544    -0.162       NaN     0.000     0.000     0.000    -0.529
Fabricators         0.006     0.006     0.230     1.317   204.979     0.731    -0.314       NaN     0.000     0.000     0.000    -0.990
Prod.Inspectors     0.003     0.003     0.203     1.642    45.529     0.485     0.096       NaN     0.000     0.000     0.000     0.203
MotorVehicle        0.009     0.009     0.291     1.329  6461.458     1.469    -0.858       NaN     0.000     0.000     0.000    -2.181
OtherVehicle        0.000     0.000     0.061     1.373  5103.779     1.409    -0.754       NaN     0.000     0.000     0.000    -1.771
Freight             0.008     0.008     0.298     1.201   281.917     0.789    -0.490       NaN     0.000     0.000     0.000    -2.181
 
mg(g,t):
mg =

   1.0977e+09   9.9747e+08   6.7076e+08   7.2857e+08   9.1281e+08   5.5992e+08
   1.2827e+08   1.4924e+08   1.3608e+08   2.1329e+08   3.9281e+08   2.7297e+08
   4.6922e+08   5.2280e+08   2.4744e+08   2.4919e+08   3.6696e+08   2.5057e+08
   1.4769e+08   1.9628e+08   1.6148e+08   2.0883e+08   3.9829e+08   3.0048e+08

 
 
 
AlphaSplitYoung for WW:
 
                   1960    1970    1980    1990    2000    2010
---------------------------------------------------------------
Home                NaN     NaN     NaN     NaN     NaN     NaN
Managers          0.500   0.540   0.489   0.390   0.573   0.672
MgmtRelated       0.500   0.226   0.000   0.000   0.000   0.114
Architects        0.500   0.000   0.000   0.000   0.000   0.000
Engineers         0.500   0.371   0.000   0.000   0.000   0.000
Math/CompSci      0.500   1.000   1.000   0.655   0.955   1.000
Science           0.500   0.000   0.344   0.173   0.791   1.000
Doctors           0.500   0.617   0.782   1.000   1.000   1.000
Nurses            0.500   0.477   0.164   0.000   0.026   0.269
Therapists        0.500   0.536   0.000   0.000   0.000   0.571
Professors        0.500   0.433   0.256   0.463   0.365   1.000
Teachers          0.500   0.198   0.000   0.000   0.000   0.000
Librarians        0.500   0.739   1.000   1.000   0.000   0.000
Soc.Scientists    0.500   1.000   1.000   1.000   1.000   1.000
SocialWork        0.500   0.000   0.000   0.000   0.000   1.000
Lawyers           0.500   0.550   1.000   1.000   1.000   1.000
Arts/Athletes     0.500   0.714   1.000   1.000   1.000   1.000
HealthTechs       0.500   0.439   0.000   0.105   0.484   1.000
Eng.Techs         0.500   0.399   0.100   0.000   0.000   0.000
ScienceTechs      0.500   0.220   0.249   0.000   0.000   0.000
OtherTechs        0.500   0.036   0.211   0.022   0.515   0.671
Sales             0.500   0.529   0.453   0.538   0.707   1.000
Secretaries       0.500   0.772   0.721   1.000   1.000   1.000
Info.Clerks       0.500   0.221   0.176   0.095   0.069   0.349
Records           0.500   0.669   0.000   0.000   0.000   0.000
FinancialClerk    0.500   0.634   0.339   0.011   0.000   0.000
OfficeMachine     0.500   0.815   0.136   0.350   0.038   1.000
ComputerTech      0.500   0.677   1.000   1.000   1.000   1.000
Mail              0.500   0.000   0.000   0.000   0.000   0.000
Clerks            0.500   0.000   0.000   0.000   0.000   0.000
Insurance         0.500   0.290   0.000   0.000   0.000   0.000
Misc.Admin        0.500   0.242   0.000   0.234   0.040   0.200
PrivateHshld      0.500   0.329   0.000   0.000   0.000   0.000
Firefighting        NaN   0.500   1.000   1.000   1.000   1.000
Police            0.500   0.223   0.000   0.000   0.000   0.000
Guards            0.500   0.000   0.000   0.000   0.000   0.000
FoodPrep          0.500   0.406   0.000   0.000   0.000   0.000
HealthService     0.500   0.155   0.000   0.168   0.000   0.000
Cleaning          0.500   0.496   0.000   0.000   0.000   0.000
PersonalService   0.500   0.510   0.260   0.292   0.455   0.648
FarmMgrs          0.500   0.000   0.236   0.000   0.000   0.000
FarmWork          0.500   0.000   0.000   0.000   0.000   0.000
Agriculture       0.500   0.300   0.000   0.000   0.000   0.000
Forest              NaN   0.500   0.000   0.000   0.000   1.000
Mechanics         0.500   0.000   0.000   0.000   0.000   0.000
Elec.Repairer     0.500   0.027   0.000   0.000   0.000   0.000
Misc.Repairer     0.500   0.127   0.000   0.000   0.000   0.000
Construction      0.500   0.000   0.134   0.000   0.000   0.000
Extractive        0.500   0.500   0.260   0.000   0.255   0.000
Supervisor(P)     0.500   0.311   0.099   0.000   0.000   0.000
MetalWork         0.500   0.121   0.428   0.171   0.077   0.272
WoodWork          0.500   0.500   0.000   0.000   0.000   0.000
Textiles          0.500   0.859   0.300   0.247   0.037   0.000
Other             0.500   0.086   0.000   0.000   0.000   0.000
Food              0.500   0.000   0.000   0.000   0.000   0.000
PlantOperator     0.500   0.000   0.000   0.000   0.000   0.266
MetalMach.        0.500   0.046   0.000   0.000   0.000   0.000
MetalProc.        0.500   0.000   0.000   0.000   0.000   0.000
WoodMach.         0.500   0.500   0.000   0.000   0.000   0.000
TextileMach.      0.500   0.380   0.000   0.000   0.000   0.000
PrintMach.        0.500   0.000   0.000   0.000   0.000   0.000
OtherMach.        0.500   0.432   0.373   0.324   0.061   0.181
Fabricators       0.500   0.376   0.178   0.000   0.000   0.000
Prod.Inspectors   0.500   0.577   0.501   0.595   0.707   1.000
MotorVehicle      0.500   0.000   0.093   0.000   0.000   0.000
OtherVehicle      0.500   0.000   0.000   0.000   0.000   0.000
Freight           0.500   0.000   0.000   0.000   0.000   0.000
 
============================================
SPLIT of tauhat into TauW and TauH (young), earnings weighted
 - For comparison with our 1960 assumption
============================================
 
                 1960      1970      1980      1990      2000      2010
-----------------------------------------------------------------------
White Men       0.000     0.000     0.000     0.000     0.000     0.000
White Women     0.497     0.350     0.275     0.251     0.299     0.396
Black Men       0.498     0.208     0.113     0.092     0.136     0.161
Black Women     0.424     0.331     0.214     0.161     0.199     0.226
-----------------------------------------------------------------------
///Mean///      0.490     0.329     0.247     0.221     0.267     0.348
  And the mean for all years is      0.317
The mean for yearsafter 1960 is      0.282
 
List of AlphaSplitTauW1960 values we tried:
 
    IterAlphaSplit
----------------
       1  0.5000
 
The final value of AlphaSplitTauW1960 =  0.50000
 
 
===========================================================
Fixing TauW / TauH / TgHome / Z missing values
 -- Use first non-missing value
 -- Missing p and WageBar ==> 0
 
===========================================================
 
*********************
White Women
*********************
 
TauW Firefighting     NaN -0.0378  0.2526  0.2427  0.1899  0.1474
TauW Firefighting -0.0378 -0.0378  0.2526  0.2427  0.1899  0.1474
TauH Firefighting     NaN -0.3028 -0.6379 -0.6289 -0.5294 -0.4953
TauH Firefighting -0.3028 -0.3028 -0.6379 -0.6289 -0.5294 -0.4953
Z Firefighting     NaN  0.0154  0.0324  0.0444  0.0563  0.0473
Z Firefighting  0.0154  0.0154  0.0324  0.0444  0.0563  0.0473
TauW Forest     NaN  0.1392 -0.0238 -0.2147 -0.3024 -0.3708
TauW Forest  0.1392  0.1392 -0.0238 -0.2147 -0.3024 -0.3708
TauH Forest     NaN  3.2846  6.3126 13.2619 67.6225 14.6794
TauH Forest  3.2846  3.2846  6.3126 13.2619 67.6225 14.6794
Z Forest     NaN  0.0164  0.0409  0.0468  0.0589  0.0400
Z Forest  0.0164  0.0164  0.0409  0.0468  0.0589  0.0400
 
*********************
Black Men
*********************
 
TauW Architects     NaN  0.0537  0.1740  0.2209  0.2346  0.1245
TauW Architects  0.0537  0.0537  0.1740  0.2209  0.2346  0.1245
TauH Architects     NaN  0.7086 -0.4888 -0.8000 -0.7487  0.0779
TauH Architects  0.7086  0.7086 -0.4888 -0.8000 -0.7487  0.0779
Z Architects     NaN  0.1117  0.1122  0.0956  0.1062  0.0837
Z Architects  0.1117  0.1117  0.1122  0.0956  0.1062  0.0837
TauW Librarians     NaN  0.0954  0.1527  0.1616  0.1341  0.1320
TauW Librarians  0.0954  0.0954  0.1527  0.1616  0.1341  0.1320
TauH Librarians     NaN  1.6468 -0.8000 -0.8000 -0.8000 -0.7697
TauH Librarians  1.6468  1.6468 -0.8000 -0.8000 -0.8000 -0.7697
Z Librarians     NaN  0.1598  0.1498  0.1112  0.0738  0.0935
Z Librarians  0.1598  0.1598  0.1498  0.1112  0.0738  0.0935
 
*********************
Black Women
*********************
 
TauW Architects     NaN     NaN -0.1330  0.0428  0.1268 -0.3002
TauW Architects -0.1330 -0.1330 -0.1330  0.0428  0.1268 -0.3002
TauH Architects     NaN     NaN -0.7024  0.5291 -0.5147 -0.8000
TauH Architects -0.7024 -0.7024 -0.7024  0.5291 -0.5147 -0.8000
Z Architects     NaN     NaN  0.0389  0.0394  0.0558  0.0300
Z Architects  0.0389  0.0389  0.0389  0.0394  0.0558  0.0300
TauW Engineers     NaN     NaN  0.1141  0.0827  0.1736  0.2067
TauW Engineers  0.1141  0.1141  0.1141  0.0827  0.1736  0.2067
TauH Engineers     NaN     NaN  2.2414  0.4229 -0.6529 -0.8000
TauH Engineers  2.2414  2.2414  2.2414  0.4229 -0.6529 -0.8000
Z Engineers     NaN     NaN  0.1092  0.1186  0.1523  0.1142
Z Engineers  0.1092  0.1092  0.1092  0.1186  0.1523  0.1142
TauW Math/CompSci     NaN  0.1240 -0.0275 -0.2623 -0.3191 -0.3706
TauW Math/CompSci  0.1240  0.1240 -0.0275 -0.2623 -0.3191 -0.3706
TauH Math/CompSci     NaN  2.6155 16.3551102.4943105.6577103.3040
TauH Math/CompSci  2.6155  2.6155 16.3551102.4943105.6577103.3040
Z Math/CompSci     NaN  0.0709  0.1421  0.1709  0.2532  0.2254
Z Math/CompSci  0.0709  0.0709  0.1421  0.1709  0.2532  0.2254
TauW Science     NaN  0.1123  0.2671  0.1697  0.1957  0.1005
TauW Science  0.1123  0.1123  0.2671  0.1697  0.1957  0.1005
TauH Science     NaN  2.1789 -0.6488 -0.6100 -0.8000 -0.2257
TauH Science  2.1789  2.1789 -0.6488 -0.6100 -0.8000 -0.2257
Z Science     NaN  0.0943  0.1169  0.1195  0.1671  0.1780
Z Science  0.0943  0.0943  0.1169  0.1195  0.1671  0.1780
TauW Eng.Techs     NaN  0.1675  0.0519 -0.1113 -0.2257 -0.1404
TauW Eng.Techs  0.1675  0.1675  0.0519 -0.1113 -0.2257 -0.1404
TauH Eng.Techs     NaN  4.9270  6.9654 29.3891 19.9261  9.6731
TauH Eng.Techs  4.9270  4.9270  6.9654 29.3891 19.9261  9.6731
Z Eng.Techs     NaN  0.0928  0.1548  0.1403  0.1411  0.1156
Z Eng.Techs  0.0928  0.0928  0.1548  0.1403  0.1411  0.1156
TauW OtherTechs     NaN  0.0837  0.2311  0.2385  0.2997  0.3510
TauW OtherTechs  0.0837  0.0837  0.2311  0.2385  0.2997  0.3510
TauH OtherTechs     NaN  1.3359 -0.1552 -0.4682 -0.5464 -0.6954
TauH OtherTechs  1.3359  1.3359 -0.1552 -0.4682 -0.5464 -0.6954
Z OtherTechs     NaN  0.0853  0.2170  0.2291  0.2710  0.2211
Z OtherTechs  0.0853  0.0853  0.2170  0.2291  0.2710  0.2211
TauW Firefighting     NaN     NaN  0.0344 -0.0356 -0.4503 -0.9798
TauW Firefighting  0.0344  0.0344  0.0344 -0.0356 -0.4503 -0.9798
TauH Firefighting     NaN     NaN  0.4041 52.3394536.71975939.6317
TauH Firefighting  0.4041  0.4041  0.4041 52.3394536.71975939.6317
Z Firefighting     NaN     NaN  0.0250  0.0474  0.0646  0.0307
Z Firefighting  0.0250  0.0250  0.0250  0.0474  0.0646  0.0307
TauW Police     NaN  0.1289 -0.6041 -0.9636 -0.8861 -0.8006
TauW Police  0.1289  0.1289 -0.6041 -0.9636 -0.8861 -0.8006
TauH Police     NaN  2.82031804.09042790.01623335.43862734.5794
TauH Police  2.8203  2.82031804.09042790.01623335.43862734.5794
Z Police     NaN  0.0602  0.1388  0.1787  0.2740  0.2296
Z Police  0.0602  0.0602  0.1388  0.1787  0.2740  0.2296
TauH FarmMgrs2999.018786002.6065770153.52182244821.1453     NaN 13.3280
TauH FarmMgrs2999.018786002.6065770153.52182244821.14531122417.2366 13.3280
Z FarmMgrs  0.2859  0.1210  0.1151  0.0597     NaN  0.0630
Z FarmMgrs  0.2859  0.1210  0.1151  0.0597  0.0614  0.0630
TauW Agriculture     NaN  0.1679  0.2042  0.1118  0.0063 -0.1066
TauW Agriculture  0.1679  0.1679  0.2042  0.1118  0.0063 -0.1066
TauH Agriculture     NaN  4.9578  8.1864  5.6458  2.8091  2.8843
TauH Agriculture  4.9578  4.9578  8.1864  5.6458  2.8091  2.8843
Z Agriculture     NaN  0.0401  0.1051  0.1072  0.1107  0.1129
Z Agriculture  0.0401  0.0401  0.1051  0.1072  0.1107  0.1129
TauW Forest     NaN  0.1485  0.3360  0.2278  0.1257  0.3288
TauW Forest  0.1485  0.1485  0.3360  0.2278  0.1257  0.3288
TauH Forest     NaN  3.7647 -0.7107 -0.5075 -0.7004     NaN
TauH Forest  3.7647  3.7647 -0.7107 -0.5075 -0.7004 -0.7004
Z Forest     NaN  0.0629  0.0439  0.0436  0.0551     NaN
Z Forest  0.0629  0.0629  0.0439  0.0436  0.0551  0.0551
TauW Mechanics     NaN  0.2838 -0.1631 -1.0616 -1.1712 -1.3957
TauW Mechanics  0.2838  0.2838 -0.1631 -1.0616 -1.1712 -1.3957
TauH Mechanics     NaN 24.5504 30.38283007.08396192.577815481.9007
TauH Mechanics 24.5504 24.5504 30.38283007.08396192.577815481.9007
Z Mechanics     NaN  0.0685  0.0843  0.0907  0.1086  0.0908
Z Mechanics  0.0685  0.0685  0.0843  0.0907  0.1086  0.0908
TauW Elec.Repairer     NaN  0.3140 -0.1440 -0.4859 -0.7563 -0.8541
TauW Elec.Repairer  0.3140  0.3140 -0.1440 -0.4859 -0.7563 -0.8541
TauH Elec.Repairer     NaN 37.8425 49.4084 66.3893219.0922992.1974
TauH Elec.Repairer 37.8425 37.8425 49.4084 66.3893219.0922992.1974
Z Elec.Repairer     NaN  0.0630  0.1110  0.0862  0.1149  0.0903
Z Elec.Repairer  0.0630  0.0630  0.1110  0.0862  0.1149  0.0903
TauW Extractive     NaN  0.1552  0.3747 -0.2626 -0.2134  0.2604
TauW Extractive  0.1552  0.1552  0.3747 -0.2626 -0.2134  0.2604
TauH Extractive     NaN  4.1408 94.4686 62.0931     NaN 17.7026
TauH Extractive  4.1408  4.1408 94.4686 62.0931 39.8978 17.7026
Z Extractive     NaN  0.0344  0.0660  0.0329     NaN  0.0427
Z Extractive  0.0344  0.0344  0.0660  0.0329  0.0378  0.0427
TauW MetalWork     NaN  0.1158  0.1715 -0.0710 -0.0436  0.0658
TauW MetalWork  0.1158  0.1158  0.1715 -0.0710 -0.0436  0.0658
TauH MetalWork     NaN  2.3034 15.5349 40.7227  7.2463 15.6037
TauH MetalWork  2.3034  2.3034 15.5349 40.7227  7.2463 15.6037
Z MetalWork     NaN  0.0470  0.1116  0.0917  0.0825  0.0606
Z MetalWork  0.0470  0.0470  0.1116  0.0917  0.0825  0.0606
TauW WoodWork     NaN  0.1922 -0.1414 -0.2368 -0.4197 -0.7423
TauW WoodWork  0.1922  0.1922 -0.1414 -0.2368 -0.4197 -0.7423
TauH WoodWork     NaN  6.94121301.69931527.6183940.265110730.7372
TauH WoodWork  6.9412  6.94121301.69931527.6183940.265110730.7372
Z WoodWork     NaN  0.0523  0.0905  0.0689  0.0539  0.0411
Z WoodWork  0.0523  0.0523  0.0905  0.0689  0.0539  0.0411
TauW PlantOperator     NaN     NaN  0.1408 -0.0097 -0.2675 -0.5473
TauW PlantOperator  0.1408  0.1408  0.1408 -0.0097 -0.2675 -0.5473
TauH PlantOperator     NaN     NaN  3.3646 76.4056 77.4234477.8230
TauH PlantOperator  3.3646  3.3646  3.3646 76.4056 77.4234477.8230
Z PlantOperator     NaN     NaN  0.0565  0.0601  0.0313  0.0337
Z PlantOperator  0.0565  0.0565  0.0565  0.0601  0.0313  0.0337
TauW MetalMach.     NaN  0.1600 -0.0299 -0.2803 -0.4470 -0.6015
TauW MetalMach.  0.1600  0.1600 -0.0299 -0.2803 -0.4470 -0.6015
TauH MetalMach.     NaN  4.4354 64.4149511.1570740.919018946.1969
TauH MetalMach.  4.4354  4.4354 64.4149511.1570740.919018946.1969
Z MetalMach.     NaN  0.1281  0.1492  0.1044  0.1134  0.0834
Z MetalMach.  0.1281  0.1281  0.1492  0.1044  0.1134  0.0834
TauW MetalProc.     NaN  0.2461 -0.0256 -0.1279 -0.1913 -0.2485
TauW MetalProc.  0.2461  0.2461 -0.0256 -0.1279 -0.1913 -0.2485
TauH MetalProc.     NaN 14.5378150.6938148.6137137.1265118.8005
TauH MetalProc. 14.5378 14.5378150.6938148.6137137.1265118.8005
Z MetalProc.     NaN  0.0392  0.1129  0.0737  0.0868  0.0533
Z MetalProc.  0.0392  0.0392  0.1129  0.0737  0.0868  0.0533
TauW WoodMach.     NaN  0.2434 -0.2291 -0.2569 -0.7674 -0.8125
TauW WoodMach.  0.2434  0.2434 -0.2291 -0.2569 -0.7674 -0.8125
TauH WoodMach.     NaN 14.0006208.1900172.89472232.02271047.8524
TauH WoodMach. 14.0006 14.0006208.1900172.89472232.02271047.8524
Z WoodMach.     NaN  0.0461  0.0863  0.0747  0.1733  0.0955
Z WoodMach.  0.0461  0.0461  0.0863  0.0747  0.1733  0.0955
TauW TextileMach.     NaN  0.2034  0.1491 -0.0471 -0.0082 -0.1195
TauW TextileMach.  0.2034  0.2034  0.1491 -0.0471 -0.0082 -0.1195
TauH TextileMach.     NaN  8.0936 43.0848 35.3087 48.1119 42.6427
TauH TextileMach.  8.0936  8.0936 43.0848 35.3087 48.1119 42.6427
Z TextileMach.     NaN  0.0931  0.1374  0.1218  0.1334  0.1009
Z TextileMach.  0.0931  0.0931  0.1374  0.1218  0.1334  0.1009
mgEstimated =

   1.0977e+09   9.9747e+08   6.7076e+08   7.2857e+08   9.1281e+08   5.5992e+08
   1.2827e+08   1.4924e+08   1.3608e+08   2.1329e+08   3.9281e+08   2.7297e+08
   4.6922e+08   5.2280e+08   2.4744e+08   2.4919e+08   3.6696e+08   2.5057e+08
   1.4769e+08   1.9628e+08   1.6148e+08   2.0883e+08   3.9829e+08   3.0048e+08

