warning: function /workspace/eval/followup/001-living-update/workspace/cases/R5_unscaled/shims/keyboard.m shadows a built-in function
warning: function /workspace/eval/followup/001-living-update/workspace/cases/R5_unscaled/shims/print.m shadows a core library function
SolveEqmBasic_Benchmark                 05-Oct-2026 
 
'SolveEqmBasic' is a script from the file /workspace/eval/followup/001-living-update/workspace/cases/R5_unscaled/SolveEqmBasic.m

 SolveEqmBasic.m    

  Takes the TalentData.mat data on Taus, Z's, A(i,t).
  Solves for the equilibrium w(i) and Y

  See 2015-06-02-SolvingGE.pdf notes (old but somewhat useful?)

  Method: For each year,
    1. Guess values for {mgtilde}, Y ==> 5 unknowns
    2. Solve for {wi} from Hi^supply = Hi^demand
    3. Compute mghat, Yhat 
    4. Iterate until converge.


Additional help for built-in functions and operators is
available in the online version of the manual.  Use the command
'doc <topic>' to search the manual index.

Help and information about Octave is also available on the WWW
at https://www.octave.org and via the help@octave.org
mailing list.
 
=============================================================
KEY PARAMETER VALUES:    CaseName = Benchmark
                   theta =  2.0000
                     eta =  0.1030
            theta*(1-eta)=  1.7940
                    dlta =  0.0000
                      mu =  0.5574
                   sigma =  3.0000
           EstimateDelta =  0.0000
           ConstrainTauH = -0.8000
PurgeWageGrowthSelection =     0
      AlphaSplitTauW1960 =  0.5000
   OccupationforWageHome = 23 Secretaries                               
   Alpha0FixedSplit =  0.5000
=============================================================
 
....... 
 
                                         Wages                          H(i,t)                 HYoung
 
                 Data60 Model60Data2010   Model      Data60   ModelData2010   Model      Data60   ModelData2010   Model
-----------------------------------------------------------------------------------------------------------------------
Home               7780    7772   11999    7909       0.838   0.854   0.244   0.882       0.295   0.310   0.244   0.163
Managers           9173    9219   16673   19077       0.405   0.405   0.957   0.662       0.077   0.077   0.185   0.210
MgmtRelated        6201    6191   12641   12969       0.147   0.150   0.501   0.480       0.045   0.048   0.134   0.140
Architects         1206    1203    2400    2588       0.023   0.024   0.074   0.061       0.006   0.007   0.017   0.020
Engineers          7360    7312   11656   11193       0.099   0.102   0.181   0.212       0.036   0.040   0.066   0.070
Math/CompSci       1204    1194    9534    9801       0.016   0.017   0.268   0.256       0.007   0.008   0.081   0.087
Science            3100    3084    4804    4666       0.045   0.046   0.131   0.149       0.018   0.019   0.045   0.047
Doctors            4047    4114    6614    7902       0.124   0.119   0.301   0.183       0.024   0.020   0.050   0.054
Nurses             1970    1967    5599    5640       0.115   0.118   0.250   0.254       0.037   0.039   0.079   0.087
Therapists          665     669    3968    3934       0.023   0.023   0.145   0.154       0.008   0.008   0.054   0.058
Professors         2493    2493    2705    2950       0.050   0.051   0.216   0.173       0.013   0.013   0.035   0.040
Teachers           4464    4457    5979    6024       0.174   0.177   0.425   0.430       0.054   0.058   0.116   0.126
Librarians          433     432     920     996       0.043   0.044   0.083   0.068       0.010   0.011   0.017   0.021
Soc.Scientists     1510    1503    3815    3958       0.027   0.027   0.149   0.138       0.009   0.010   0.045   0.048
SocialWork         2111    2114    2870    2777       0.078   0.079   0.173   0.198       0.024   0.024   0.052   0.054
Lawyers            3622    3653    7378    8048       0.065   0.064   0.231   0.184       0.016   0.016   0.046   0.048
Arts/Athletes      3899    3895    5676    5669       0.093   0.094   0.257   0.267       0.034   0.036   0.086   0.082
HealthTechs        1137    1136    3755    3841       0.079   0.081   0.222   0.215       0.027   0.028   0.065   0.071
Eng.Techs          3738    3699    4035    3923       0.057   0.060   0.126   0.142       0.029   0.032   0.043   0.045
ScienceTechs       2387    2367    1397    1240       0.046   0.048   0.042   0.062       0.021   0.023   0.017   0.016
OtherTechs         1769    1763   12498   12329       0.044   0.045   0.244   0.263       0.014   0.015   0.082   0.081
Sales              8480    8502   11029   11270       0.295   0.297   0.657   0.638       0.083   0.085   0.176   0.164
Secretaries        1187    1181    1521    1438       0.196   0.203   0.106   0.130       0.070   0.076   0.028   0.029
Info.Clerks        1068    1061    1652    1503       0.055   0.057   0.141   0.193       0.021   0.023   0.054   0.052
Records            1668    1665    1303    1257       0.070   0.071   0.088   0.101       0.018   0.020   0.027   0.028
FinancialClerk     1801    1794    1829    1714       0.155   0.160   0.142   0.179       0.048   0.052   0.036   0.036
OfficeMachine      1484    1470     527     431       0.063   0.065   0.025   0.047       0.030   0.032   0.008   0.007
ComputerTech        786     781     344     282       0.086   0.089   0.027   0.051       0.031   0.034   0.007   0.006
Mail               2293    2283    2495    2518       0.094   0.097   0.119   0.120       0.025   0.027   0.036   0.039
Clerks             2743    2732    4158    4017       0.109   0.112   0.221   0.254       0.035   0.038   0.073   0.074
Insurance          1670    1657    4326    4061       0.032   0.033   0.260   0.325       0.013   0.014   0.089   0.087
Misc.Admin         4688    4669    3002    2878       0.235   0.241   0.197   0.232       0.076   0.082   0.064   0.065
PrivateHshld        701     703     627     612       0.121   0.122   0.088   0.098       0.025   0.026   0.022   0.022
Firefighting       1778    1760    3622    3694       0.044   0.047   0.092   0.089       0.016   0.018   0.024   0.026
Police             2608    2585    6027    5925       0.063   0.066   0.183   0.199       0.025   0.028   0.052   0.055
Guards             1201    1200    2431    2300       0.063   0.064   0.122   0.149       0.013   0.015   0.042   0.042
FoodPrep           1616    1621    4181    3774       0.231   0.233   0.178   0.251       0.061   0.062   0.077   0.071
HealthService       687     686    2069    1920       0.111   0.113   0.207   0.269       0.036   0.038   0.075   0.073
Cleaning            989     990    3038    3057       0.125   0.126   0.145   0.147       0.023   0.024   0.039   0.041
PersonalService    1792    1806    2569    2421       0.196   0.194   0.207   0.256       0.056   0.054   0.071   0.068
FarmMgrs           2597    2644    2253    2439       0.253   0.243   0.103   0.084       0.057   0.047   0.027   0.024
FarmWork           1299    1325    1753    1677       0.144   0.137   0.066   0.078       0.053   0.047   0.024   0.023
Agriculture         843     844    2933    2860       0.046   0.046   0.123   0.138       0.014   0.015   0.042   0.041
Forest              792     798    1164    1144       0.055   0.054   0.045   0.050       0.016   0.016   0.013   0.013
Mechanics          3474    3464    5778    5339       0.115   0.118   0.144   0.189       0.040   0.043   0.046   0.045
Elec.Repairer      3690    3659    3806    3452       0.069   0.072   0.099   0.137       0.032   0.035   0.032   0.030
Misc.Repairer      4271    4259    3913    3876       0.152   0.156   0.113   0.120       0.045   0.049   0.033   0.034
Construction       5773    5773    8895    8622       0.191   0.194   0.275   0.312       0.060   0.063   0.081   0.079
Extractive         2101    2093    1797    1699       0.065   0.067   0.040   0.049       0.022   0.024   0.013   0.013
Supervisor(P)      4432    4428    3130    3087       0.187   0.191   0.122   0.131       0.039   0.042   0.030   0.031
MetalWork          4027    4011    2230    2107       0.127   0.131   0.062   0.076       0.037   0.041   0.017   0.018
WoodWork            807     804     572     538       0.034   0.035   0.025   0.031       0.009   0.010   0.006   0.006
Textiles            919     917     467     448       0.171   0.175   0.025   0.029       0.041   0.045   0.007   0.006
Other              1531    1528    1752    1649       0.054   0.055   0.113   0.141       0.018   0.019   0.045   0.046
Food               1774    1771    1364    1270       0.072   0.073   0.069   0.089       0.021   0.023   0.025   0.025
PlantOperator      2851    2838    2360    2411       0.068   0.070   0.064   0.062       0.019   0.021   0.018   0.019
MetalMach.         1754    1746    1084     936       0.078   0.080   0.031   0.050       0.020   0.022   0.011   0.010
MetalProc.          831     828     628     517       0.040   0.041   0.017   0.032       0.011   0.012   0.006   0.005
WoodMach.           694     696    1901    1654       0.037   0.037   0.058   0.092       0.013   0.013   0.020   0.018
TextileMach.       2418    2405     877     798       0.069   0.071   0.041   0.056       0.023   0.025   0.012   0.012
PrintMach.         1021    1022     685     613       0.135   0.137   0.045   0.064       0.035   0.037   0.013   0.012
OtherMach.         6546    6528    4158    3960       0.344   0.352   0.149   0.179       0.108   0.116   0.049   0.048
Fabricators        3143    3133    3807    3437       0.157   0.161   0.112   0.158       0.048   0.052   0.040   0.039
Prod.Inspectors    2159    2152    2710    2583       0.117   0.120   0.104   0.125       0.032   0.035   0.034   0.035
MotorVehicle       5307    5308    5902    6025       0.197   0.200   0.277   0.270       0.068   0.071   0.072   0.075
OtherVehicle       3205    3199    3365    3338       0.116   0.119   0.088   0.093       0.032   0.034   0.024   0.025
Freight            4164    4162    3908    3732       0.200   0.203   0.160   0.190       0.070   0.073   0.058   0.058
 
 
1960 and 2010 quantities
White Men p(:,WM) for        Young Cohort                          Middle-Aged Cohort                      Old-Aged Cohort
 
                     Data60  Model60 Data2010Model2010      Data60  Model60 Data2010Model2010      Data60  Model60 Data2010Model2010
------------------------------------------------------------------------------------------------------------------------------------
Home                 0.0863   0.0862   0.1505   0.1609      0.0769   0.0769   0.1237   0.1578      0.1108   0.1108   0.1621   0.0947
Managers             0.0771   0.0779   0.0740   0.0932      0.1176   0.1176   0.1180   0.0932      0.1264   0.1264   0.1236   0.0995
MgmtRelated          0.0318   0.0318   0.0398   0.0411      0.0296   0.0296   0.0410   0.0426      0.0233   0.0233   0.0407   0.0387
Architects           0.0008   0.0008   0.0015   0.0015      0.0008   0.0008   0.0017   0.0024      0.0007   0.0007   0.0017   0.0022
Engineers            0.0298   0.0295   0.0185   0.0173      0.0251   0.0251   0.0186   0.0207      0.0154   0.0154   0.0219   0.0257
Math/CompSci         0.0008   0.0008   0.0240   0.0235      0.0004   0.0004   0.0236   0.0227      0.0002   0.0002   0.0175   0.0099
Science              0.0063   0.0063   0.0054   0.0051      0.0047   0.0047   0.0048   0.0062      0.0029   0.0029   0.0042   0.0049
Doctors              0.0083   0.0086   0.0058   0.0081      0.0102   0.0102   0.0095   0.0103      0.0082   0.0082   0.0103   0.0119
Nurses               0.0025   0.0025   0.0044   0.0047      0.0022   0.0022   0.0054   0.0035      0.0026   0.0026   0.0044   0.0029
Therapists           0.0004   0.0004   0.0028   0.0029      0.0003   0.0003   0.0033   0.0025      0.0004   0.0004   0.0023   0.0015
Professors           0.0033   0.0033   0.0070   0.0082      0.0033   0.0033   0.0068   0.0066      0.0026   0.0026   0.0062   0.0049
Teachers             0.0188   0.0187   0.0239   0.0236      0.0110   0.0110   0.0229   0.0196      0.0087   0.0087   0.0171   0.0148
Librarians           0.0002   0.0002   0.0004   0.0005      0.0002   0.0002   0.0006   0.0005      0.0002   0.0002   0.0005   0.0006
Soc.Scientists       0.0013   0.0013   0.0028   0.0028      0.0010   0.0010   0.0031   0.0018      0.0006   0.0006   0.0024   0.0029
SocialWork           0.0073   0.0073   0.0070   0.0065      0.0064   0.0064   0.0068   0.0055      0.0058   0.0058   0.0065   0.0059
Lawyers              0.0052   0.0053   0.0073   0.0080      0.0051   0.0051   0.0098   0.0094      0.0055   0.0055   0.0094   0.0103
Arts/Athletes        0.0127   0.0127   0.0180   0.0168      0.0096   0.0096   0.0162   0.0176      0.0070   0.0070   0.0125   0.0169
HealthTechs          0.0019   0.0019   0.0069   0.0064      0.0014   0.0014   0.0058   0.0048      0.0012   0.0012   0.0044   0.0041
Eng.Techs            0.0149   0.0146   0.0078   0.0069      0.0074   0.0074   0.0080   0.0084      0.0037   0.0037   0.0082   0.0148
ScienceTechs         0.0065   0.0064   0.0013   0.0011      0.0040   0.0040   0.0011   0.0011      0.0022   0.0022   0.0011   0.0021
OtherTechs           0.0033   0.0033   0.0197   0.0190      0.0029   0.0029   0.0200   0.0218      0.0016   0.0016   0.0172   0.0199
Sales                0.0767   0.0771   0.0889   0.0948      0.0748   0.0748   0.0912   0.0966      0.0669   0.0669   0.0896   0.1136
Secretaries          0.0019   0.0019   0.0024   0.0019      0.0013   0.0013   0.0017   0.0013      0.0014   0.0014   0.0016   0.0009
Info.Clerks          0.0016   0.0015   0.0035   0.0029      0.0015   0.0015   0.0020   0.0022      0.0009   0.0009   0.0019   0.0024
Records              0.0024   0.0024   0.0021   0.0018      0.0025   0.0025   0.0014   0.0014      0.0024   0.0024   0.0014   0.0017
FinancialClerk       0.0049   0.0049   0.0030   0.0027      0.0037   0.0037   0.0023   0.0024      0.0037   0.0037   0.0022   0.0028
OfficeMachine        0.0031   0.0031   0.0002   0.0003      0.0010   0.0010   0.0004   0.0008      0.0006   0.0006   0.0007   0.0003
ComputerTech         0.0007   0.0007   0.0010   0.0007      0.0005   0.0005   0.0009   0.0013      0.0004   0.0004   0.0010   0.0047
Mail                 0.0075   0.0074   0.0033   0.0035      0.0114   0.0114   0.0048   0.0041      0.0087   0.0087   0.0066   0.0069
Clerks               0.0144   0.0142   0.0210   0.0196      0.0131   0.0131   0.0171   0.0188      0.0132   0.0132   0.0165   0.0186
Insurance            0.0032   0.0031   0.0155   0.0140      0.0019   0.0019   0.0100   0.0123      0.0013   0.0013   0.0081   0.0049
Misc.Admin           0.0308   0.0306   0.0067   0.0056      0.0251   0.0251   0.0043   0.0045      0.0245   0.0245   0.0039   0.0071
PrivateHshld         0.0010   0.0010   0.0010   0.0011      0.0010   0.0010   0.0012   0.0008      0.0013   0.0013   0.0012   0.0011
Firefighting         0.0048   0.0047   0.0058   0.0057      0.0044   0.0044   0.0065   0.0050      0.0029   0.0029   0.0046   0.0045
Police               0.0103   0.0101   0.0181   0.0182      0.0079   0.0079   0.0226   0.0193      0.0060   0.0060   0.0144   0.0135
Guards               0.0026   0.0026   0.0084   0.0080      0.0036   0.0036   0.0062   0.0051      0.0062   0.0062   0.0059   0.0067
FoodPrep             0.0075   0.0076   0.0440   0.0359      0.0087   0.0087   0.0227   0.0201      0.0109   0.0109   0.0127   0.0166
HealthService        0.0017   0.0017   0.0056   0.0053      0.0014   0.0014   0.0038   0.0027      0.0016   0.0016   0.0034   0.0031
Cleaning             0.0032   0.0032   0.0132   0.0147      0.0053   0.0053   0.0160   0.0108      0.0099   0.0099   0.0207   0.0179
PersonalService      0.0073   0.0074   0.0081   0.0077      0.0055   0.0055   0.0068   0.0061      0.0078   0.0078   0.0059   0.0039
FarmMgrs             0.0331   0.0343   0.0045   0.0052      0.0465   0.0465   0.0054   0.0054      0.0606   0.0606   0.0080   0.0114
FarmWork             0.0152   0.0158   0.0090   0.0076      0.0114   0.0114   0.0066   0.0040      0.0128   0.0128   0.0050   0.0053
Agriculture          0.0018   0.0018   0.0183   0.0176      0.0018   0.0018   0.0157   0.0114      0.0024   0.0024   0.0120   0.0090
Forest               0.0025   0.0026   0.0017   0.0017      0.0025   0.0025   0.0023   0.0024      0.0028   0.0028   0.0022   0.0025
Mechanics            0.0243   0.0241   0.0291   0.0272      0.0221   0.0221   0.0317   0.0359      0.0188   0.0188   0.0350   0.0379
Elec.Repairer        0.0183   0.0180   0.0145   0.0133      0.0118   0.0118   0.0142   0.0147      0.0063   0.0063   0.0121   0.0114
Misc.Repairer        0.0308   0.0306   0.0097   0.0095      0.0339   0.0339   0.0113   0.0103      0.0341   0.0341   0.0136   0.0130
Construction         0.0507   0.0507   0.0910   0.0836      0.0542   0.0542   0.0892   0.0875      0.0512   0.0512   0.0801   0.0932
Extractive           0.0075   0.0075   0.0041   0.0036      0.0071   0.0071   0.0023   0.0011      0.0067   0.0067   0.0020   0.0021
Supervisor(P)        0.0216   0.0216   0.0064   0.0068      0.0343   0.0343   0.0107   0.0121      0.0366   0.0366   0.0121   0.0153
MetalWork            0.0219   0.0217   0.0039   0.0035      0.0253   0.0253   0.0055   0.0069      0.0222   0.0222   0.0071   0.0136
WoodWork             0.0013   0.0013   0.0007   0.0007      0.0016   0.0016   0.0008   0.0012      0.0015   0.0015   0.0010   0.0013
Textiles             0.0021   0.0021   0.0004   0.0004      0.0025   0.0025   0.0006   0.0006      0.0026   0.0026   0.0007   0.0013
Other                0.0035   0.0035   0.0027   0.0026      0.0034   0.0034   0.0020   0.0023      0.0028   0.0028   0.0018   0.0031
Food                 0.0060   0.0059   0.0038   0.0034      0.0056   0.0056   0.0030   0.0031      0.0069   0.0069   0.0029   0.0039
PlantOperator        0.0068   0.0068   0.0024   0.0024      0.0080   0.0080   0.0031   0.0025      0.0081   0.0081   0.0042   0.0049
MetalMach.           0.0049   0.0049   0.0017   0.0014      0.0062   0.0062   0.0017   0.0022      0.0067   0.0067   0.0019   0.0034
MetalProc.           0.0014   0.0013   0.0005   0.0004      0.0016   0.0016   0.0006   0.0012      0.0016   0.0016   0.0006   0.0015
WoodMach.            0.0016   0.0016   0.0041   0.0039      0.0014   0.0014   0.0042   0.0087      0.0016   0.0016   0.0046   0.0017
TextileMach.         0.0074   0.0073   0.0019   0.0015      0.0062   0.0062   0.0023   0.0030      0.0069   0.0069   0.0027   0.0058
PrintMach.           0.0032   0.0032   0.0016   0.0012      0.0035   0.0035   0.0016   0.0022      0.0037   0.0037   0.0014   0.0032
OtherMach.           0.0872   0.0867   0.0176   0.0155      0.0800   0.0800   0.0172   0.0171      0.0779   0.0779   0.0156   0.0223
Fabricators          0.0177   0.0176   0.0158   0.0126      0.0189   0.0189   0.0152   0.0156      0.0158   0.0158   0.0130   0.0217
Prod.Inspectors      0.0073   0.0073   0.0053   0.0047      0.0070   0.0070   0.0050   0.0054      0.0069   0.0069   0.0055   0.0063
MotorVehicle         0.0567   0.0568   0.0356   0.0381      0.0518   0.0518   0.0472   0.0446      0.0462   0.0462   0.0514   0.0486
OtherVehicle         0.0146   0.0145   0.0081   0.0077      0.0179   0.0179   0.0087   0.0074      0.0168   0.0168   0.0091   0.0094
Freight              0.0456   0.0456   0.0249   0.0216      0.0386   0.0386   0.0192   0.0163      0.0390   0.0390   0.0179   0.0266
 
 
1960 and 2010 quantities
White women p(:,WW) for      Young Cohort                          Middle-Aged Cohort                      Old-Aged Cohort
 
                     Data60  Model60 Data2010Model2010      Data60  Model60 Data2010Model2010      Data60  Model60 Data2010Model2010
------------------------------------------------------------------------------------------------------------------------------------
Home                 0.7388   0.7391   0.3087   0.3258      0.6698   0.6698   0.3235   0.3629      0.6238   0.6238   0.3149   0.3291
Managers             0.0068   0.0068   0.0587   0.0730      0.0145   0.0145   0.0722   0.0692      0.0217   0.0217   0.0727   0.0732
MgmtRelated          0.0033   0.0033   0.0467   0.0476      0.0046   0.0046   0.0509   0.0568      0.0058   0.0058   0.0525   0.0514
Architects           0.0000   0.0000   0.0008   0.0008      0.0000   0.0000   0.0005   0.0009      0.0000   0.0000   0.0004   0.0006
Engineers            0.0002   0.0002   0.0032   0.0029      0.0001   0.0001   0.0024   0.0031      0.0002   0.0002   0.0024   0.0037
Math/CompSci         0.0001   0.0001   0.0075   0.0072      0.0002   0.0002   0.0083   0.0092      0.0001   0.0001   0.0089   0.0060
Science              0.0003   0.0003   0.0046   0.0043      0.0003   0.0003   0.0029   0.0038      0.0002   0.0002   0.0021   0.0024
Doctors              0.0003   0.0003   0.0059   0.0081      0.0004   0.0004   0.0061   0.0062      0.0005   0.0005   0.0044   0.0047
Nurses               0.0109   0.0109   0.0328   0.0344      0.0107   0.0107   0.0322   0.0226      0.0118   0.0118   0.0346   0.0260
Therapists           0.0004   0.0004   0.0122   0.0123      0.0003   0.0003   0.0099   0.0088      0.0002   0.0002   0.0073   0.0055
Professors           0.0004   0.0004   0.0069   0.0080      0.0006   0.0006   0.0067   0.0063      0.0008   0.0008   0.0060   0.0039
Teachers             0.0167   0.0167   0.0772   0.0750      0.0171   0.0171   0.0731   0.0596      0.0310   0.0310   0.0637   0.0423
Librarians           0.0008   0.0008   0.0013   0.0015      0.0011   0.0011   0.0017   0.0014      0.0019   0.0019   0.0020   0.0014
Soc.Scientists       0.0003   0.0003   0.0051   0.0050      0.0003   0.0003   0.0043   0.0026      0.0003   0.0003   0.0031   0.0037
SocialWork           0.0015   0.0015   0.0119   0.0110      0.0017   0.0017   0.0103   0.0091      0.0025   0.0025   0.0089   0.0070
Lawyers              0.0001   0.0001   0.0062   0.0066      0.0001   0.0001   0.0058   0.0063      0.0001   0.0001   0.0043   0.0055
Arts/Athletes        0.0039   0.0039   0.0155   0.0142      0.0028   0.0028   0.0113   0.0145      0.0031   0.0031   0.0104   0.0148
HealthTechs          0.0035   0.0035   0.0178   0.0163      0.0037   0.0037   0.0170   0.0123      0.0055   0.0055   0.0160   0.0165
Eng.Techs            0.0005   0.0005   0.0024   0.0021      0.0006   0.0006   0.0017   0.0021      0.0003   0.0003   0.0021   0.0032
ScienceTechs         0.0006   0.0006   0.0007   0.0006      0.0006   0.0006   0.0005   0.0005      0.0003   0.0003   0.0006   0.0010
OtherTechs           0.0002   0.0002   0.0085   0.0081      0.0003   0.0003   0.0096   0.0112      0.0003   0.0003   0.0103   0.0113
Sales                0.0197   0.0198   0.0700   0.0737      0.0355   0.0355   0.0650   0.0725      0.0447   0.0447   0.0655   0.0790
Secretaries          0.0414   0.0410   0.0296   0.0238      0.0384   0.0384   0.0366   0.0269      0.0341   0.0341   0.0481   0.0512
Info.Clerks          0.0027   0.0027   0.0154   0.0126      0.0023   0.0023   0.0114   0.0126      0.0020   0.0020   0.0118   0.0136
Records              0.0019   0.0019   0.0050   0.0044      0.0025   0.0025   0.0051   0.0036      0.0028   0.0028   0.0063   0.0055
FinancialClerk       0.0149   0.0148   0.0145   0.0127      0.0178   0.0178   0.0197   0.0192      0.0176   0.0176   0.0237   0.0241
OfficeMachine        0.0049   0.0048   0.0003   0.0004      0.0039   0.0039   0.0004   0.0009      0.0032   0.0032   0.0006   0.0003
ComputerTech         0.0069   0.0068   0.0010   0.0007      0.0054   0.0054   0.0012   0.0017      0.0069   0.0069   0.0014   0.0074
Mail                 0.0003   0.0003   0.0012   0.0013      0.0007   0.0007   0.0024   0.0023      0.0007   0.0007   0.0040   0.0046
Clerks               0.0012   0.0012   0.0107   0.0099      0.0017   0.0017   0.0118   0.0114      0.0018   0.0018   0.0131   0.0129
Insurance            0.0001   0.0001   0.0275   0.0244      0.0002   0.0002   0.0226   0.0272      0.0002   0.0002   0.0219   0.0131
Misc.Admin           0.0296   0.0294   0.0220   0.0181      0.0337   0.0337   0.0198   0.0189      0.0350   0.0350   0.0232   0.0342
PrivateHshld         0.0022   0.0022   0.0076   0.0083      0.0042   0.0042   0.0108   0.0058      0.0080   0.0080   0.0105   0.0046
Firefighting         0.0000   0.0000   0.0003   0.0002      0.0000   0.0000   0.0003   0.0002      0.0000   0.0000   0.0002   0.0002
Police               0.0002   0.0002   0.0038   0.0038      0.0002   0.0002   0.0042   0.0033      0.0002   0.0002   0.0031   0.0022
Guards               0.0000   0.0000   0.0022   0.0021      0.0001   0.0001   0.0018   0.0014      0.0001   0.0001   0.0022   0.0016
FoodPrep             0.0163   0.0164   0.0416   0.0336      0.0229   0.0229   0.0266   0.0221      0.0244   0.0244   0.0242   0.0249
HealthService        0.0044   0.0044   0.0353   0.0332      0.0051   0.0051   0.0290   0.0200      0.0069   0.0069   0.0276   0.0173
Cleaning             0.0003   0.0003   0.0044   0.0048      0.0010   0.0010   0.0066   0.0033      0.0014   0.0014   0.0083   0.0052
PersonalService      0.0076   0.0078   0.0299   0.0283      0.0120   0.0120   0.0248   0.0277      0.0143   0.0143   0.0211   0.0210
FarmMgrs             0.0005   0.0005   0.0006   0.0007      0.0010   0.0010   0.0008   0.0007      0.0020   0.0020   0.0014   0.0015
FarmWork             0.0022   0.0023   0.0021   0.0018      0.0032   0.0032   0.0018   0.0011      0.0038   0.0038   0.0014   0.0012
Agriculture          0.0001   0.0001   0.0030   0.0029      0.0003   0.0003   0.0026   0.0018      0.0003   0.0003   0.0025   0.0020
Forest               0.0000   0.0000   0.0001   0.0001      0.0001   0.0001   0.0002   0.0001      0.0000   0.0000   0.0002   0.0001
Mechanics            0.0001   0.0001   0.0008   0.0008      0.0001   0.0001   0.0008   0.0010      0.0000   0.0000   0.0008   0.0009
Elec.Repairer        0.0002   0.0002   0.0008   0.0007      0.0001   0.0001   0.0008   0.0009      0.0001   0.0001   0.0009   0.0009
Misc.Repairer        0.0002   0.0002   0.0005   0.0005      0.0003   0.0003   0.0005   0.0006      0.0004   0.0004   0.0007   0.0009
Construction         0.0002   0.0002   0.0017   0.0015      0.0002   0.0002   0.0021   0.0023      0.0003   0.0003   0.0023   0.0024
Extractive           0.0000   0.0000   0.0001   0.0000      0.0000   0.0000   0.0001   0.0000      0.0000   0.0000   0.0001   0.0000
Supervisor(P)        0.0012   0.0012   0.0013   0.0013      0.0021   0.0021   0.0019   0.0026      0.0027   0.0027   0.0024   0.0029
MetalWork            0.0002   0.0002   0.0001   0.0001      0.0005   0.0005   0.0003   0.0004      0.0002   0.0002   0.0003   0.0006
WoodWork             0.0000   0.0000   0.0001   0.0000      0.0000   0.0000   0.0001   0.0001      0.0000   0.0000   0.0001   0.0002
Textiles             0.0085   0.0085   0.0003   0.0003      0.0121   0.0121   0.0004   0.0004      0.0160   0.0160   0.0007   0.0010
Other                0.0004   0.0004   0.0079   0.0073      0.0004   0.0004   0.0052   0.0051      0.0004   0.0004   0.0046   0.0018
Food                 0.0002   0.0002   0.0020   0.0017      0.0005   0.0005   0.0021   0.0015      0.0004   0.0004   0.0022   0.0015
PlantOperator        0.0001   0.0001   0.0001   0.0001      0.0001   0.0001   0.0002   0.0001      0.0001   0.0001   0.0002   0.0003
MetalMach.           0.0002   0.0002   0.0003   0.0002      0.0003   0.0003   0.0004   0.0005      0.0003   0.0003   0.0004   0.0007
MetalProc.           0.0000   0.0000   0.0001   0.0001      0.0000   0.0000   0.0001   0.0002      0.0000   0.0000   0.0002   0.0003
WoodMach.            0.0000   0.0000   0.0006   0.0006      0.0000   0.0000   0.0009   0.0023      0.0001   0.0001   0.0012   0.0003
TextileMach.         0.0003   0.0003   0.0004   0.0003      0.0004   0.0004   0.0006   0.0008      0.0004   0.0004   0.0007   0.0023
PrintMach.           0.0037   0.0038   0.0019   0.0013      0.0060   0.0060   0.0025   0.0028      0.0080   0.0080   0.0029   0.0073
OtherMach.           0.0261   0.0260   0.0045   0.0039      0.0375   0.0375   0.0059   0.0062      0.0345   0.0345   0.0066   0.0078
Fabricators          0.0054   0.0054   0.0032   0.0026      0.0082   0.0082   0.0042   0.0053      0.0062   0.0062   0.0051   0.0088
Prod.Inspectors      0.0041   0.0041   0.0023   0.0020      0.0068   0.0068   0.0027   0.0034      0.0066   0.0066   0.0034   0.0044
MotorVehicle         0.0004   0.0004   0.0030   0.0032      0.0007   0.0007   0.0053   0.0046      0.0005   0.0005   0.0073   0.0048
OtherVehicle         0.0001   0.0001   0.0002   0.0002      0.0002   0.0002   0.0002   0.0002      0.0002   0.0002   0.0002   0.0003
Freight              0.0014   0.0014   0.0052   0.0045      0.0016   0.0016   0.0064   0.0045      0.0018   0.0018   0.0067   0.0085
 
 
1980 and 2010 quantities (the 1960 ones fit by construction)
White Women p(:,WW) for      Young Cohort                          Middle-Aged Cohort                      Old-Aged Cohort
 
                     Data80  Model80 Data2010Model2010      Data80  Model80 Data2010Model2010      Data80  Model80 Data2010Model2010
------------------------------------------------------------------------------------------------------------------------------------
Home                 0.4606   0.4451   0.3087   0.3258      0.4763   0.6499   0.3235   0.3629      0.5097   0.7391   0.3149   0.3291
Managers             0.0341   0.0439   0.0587   0.0730      0.0377   0.0180   0.0722   0.0692      0.0356   0.0068   0.0727   0.0732
MgmtRelated          0.0264   0.0307   0.0467   0.0476      0.0221   0.0039   0.0509   0.0568      0.0200   0.0033   0.0525   0.0514
Architects           0.0003   0.0003   0.0008   0.0008      0.0001   0.0001   0.0005   0.0009      0.0001   0.0000   0.0004   0.0006
Engineers            0.0014   0.0013   0.0032   0.0029      0.0008   0.0002   0.0024   0.0031      0.0006   0.0002   0.0024   0.0037
Math/CompSci         0.0023   0.0024   0.0075   0.0072      0.0012   0.0008   0.0083   0.0092      0.0007   0.0001   0.0089   0.0060
Science              0.0015   0.0015   0.0046   0.0043      0.0008   0.0005   0.0029   0.0038      0.0005   0.0003   0.0021   0.0024
Doctors              0.0016   0.0020   0.0059   0.0081      0.0009   0.0007   0.0061   0.0062      0.0007   0.0003   0.0044   0.0047
Nurses               0.0226   0.0219   0.0328   0.0344      0.0183   0.0126   0.0322   0.0226      0.0169   0.0109   0.0346   0.0260
Therapists           0.0039   0.0033   0.0122   0.0123      0.0015   0.0009   0.0099   0.0088      0.0009   0.0004   0.0073   0.0055
Professors           0.0033   0.0042   0.0069   0.0080      0.0037   0.0026   0.0067   0.0063      0.0025   0.0004   0.0060   0.0039
Teachers             0.0512   0.0508   0.0772   0.0750      0.0432   0.0323   0.0731   0.0596      0.0318   0.0167   0.0637   0.0423
Librarians           0.0022   0.0023   0.0013   0.0015      0.0022   0.0013   0.0017   0.0014      0.0025   0.0008   0.0020   0.0014
Soc.Scientists       0.0020   0.0022   0.0051   0.0050      0.0013   0.0007   0.0043   0.0026      0.0008   0.0003   0.0031   0.0037
SocialWork           0.0064   0.0063   0.0119   0.0110      0.0045   0.0030   0.0103   0.0091      0.0037   0.0015   0.0089   0.0070
Lawyers              0.0024   0.0026   0.0062   0.0066      0.0009   0.0003   0.0058   0.0063      0.0005   0.0001   0.0043   0.0055
Arts/Athletes        0.0089   0.0090   0.0155   0.0142      0.0058   0.0034   0.0113   0.0145      0.0043   0.0039   0.0104   0.0148
HealthTechs          0.0143   0.0138   0.0178   0.0163      0.0094   0.0055   0.0170   0.0123      0.0073   0.0035   0.0160   0.0165
Eng.Techs            0.0028   0.0026   0.0024   0.0021      0.0019   0.0010   0.0017   0.0021      0.0015   0.0005   0.0021   0.0032
ScienceTechs         0.0009   0.0008   0.0007   0.0006      0.0005   0.0002   0.0005   0.0005      0.0006   0.0006   0.0006   0.0010
OtherTechs           0.0063   0.0071   0.0085   0.0081      0.0034   0.0014   0.0096   0.0112      0.0021   0.0002   0.0103   0.0113
Sales                0.0431   0.0484   0.0700   0.0737      0.0488   0.0240   0.0650   0.0725      0.0511   0.0198   0.0655   0.0790
Secretaries          0.0674   0.0645   0.0296   0.0238      0.0660   0.0574   0.0366   0.0269      0.0571   0.0410   0.0481   0.0512
Info.Clerks          0.0091   0.0100   0.0154   0.0126      0.0084   0.0050   0.0114   0.0126      0.0078   0.0027   0.0118   0.0136
Records              0.0086   0.0079   0.0050   0.0044      0.0075   0.0046   0.0051   0.0036      0.0078   0.0019   0.0063   0.0055
FinancialClerk       0.0265   0.0267   0.0145   0.0127      0.0284   0.0215   0.0197   0.0192      0.0303   0.0148   0.0237   0.0241
OfficeMachine        0.0004   0.0002   0.0003   0.0004      0.0004   0.0005   0.0004   0.0009      0.0004   0.0048   0.0006   0.0003
ComputerTech         0.0078   0.0080   0.0010   0.0007      0.0066   0.0040   0.0012   0.0017      0.0073   0.0068   0.0014   0.0074
Mail                 0.0022   0.0023   0.0012   0.0013      0.0022   0.0010   0.0024   0.0023      0.0023   0.0003   0.0040   0.0046
Clerks               0.0085   0.0090   0.0107   0.0099      0.0078   0.0027   0.0118   0.0114      0.0072   0.0012   0.0131   0.0129
Insurance            0.0060   0.0059   0.0275   0.0244      0.0041   0.0023   0.0226   0.0272      0.0031   0.0001   0.0219   0.0131
Misc.Admin           0.0336   0.0318   0.0220   0.0181      0.0330   0.0296   0.0198   0.0189      0.0317   0.0294   0.0232   0.0342
PrivateHshld         0.0034   0.0034   0.0076   0.0083      0.0051   0.0041   0.0108   0.0058      0.0064   0.0022   0.0105   0.0046
Firefighting         0.0001   0.0001   0.0003   0.0002      0.0000   0.0000   0.0003   0.0002      0.0000   0.0000   0.0002   0.0002
Police               0.0009   0.0009   0.0038   0.0038      0.0006   0.0003   0.0042   0.0033      0.0005   0.0002   0.0031   0.0022
Guards               0.0009   0.0011   0.0022   0.0021      0.0009   0.0002   0.0018   0.0014      0.0010   0.0000   0.0022   0.0016
FoodPrep             0.0206   0.0205   0.0416   0.0336      0.0240   0.0161   0.0266   0.0221      0.0262   0.0164   0.0242   0.0249
HealthService        0.0144   0.0151   0.0353   0.0332      0.0141   0.0080   0.0290   0.0200      0.0143   0.0044   0.0276   0.0173
Cleaning             0.0027   0.0034   0.0044   0.0048      0.0039   0.0008   0.0066   0.0033      0.0049   0.0003   0.0083   0.0052
PersonalService      0.0179   0.0187   0.0299   0.0283      0.0161   0.0156   0.0248   0.0277      0.0108   0.0078   0.0211   0.0210
FarmMgrs             0.0011   0.0014   0.0006   0.0007      0.0019   0.0007   0.0008   0.0007      0.0023   0.0005   0.0014   0.0015
FarmWork             0.0017   0.0015   0.0021   0.0018      0.0021   0.0012   0.0018   0.0011      0.0021   0.0023   0.0014   0.0012
Agriculture          0.0010   0.0010   0.0030   0.0029      0.0007   0.0003   0.0026   0.0018      0.0006   0.0001   0.0025   0.0020
Forest               0.0001   0.0001   0.0001   0.0001      0.0001   0.0000   0.0002   0.0001      0.0001   0.0000   0.0002   0.0001
Mechanics            0.0006   0.0006   0.0008   0.0008      0.0005   0.0004   0.0008   0.0010      0.0004   0.0001   0.0008   0.0009
Elec.Repairer        0.0010   0.0009   0.0008   0.0007      0.0007   0.0003   0.0008   0.0009      0.0006   0.0002   0.0009   0.0009
Misc.Repairer        0.0007   0.0006   0.0005   0.0005      0.0006   0.0006   0.0005   0.0006      0.0007   0.0002   0.0007   0.0009
Construction         0.0016   0.0017   0.0017   0.0015      0.0013   0.0008   0.0021   0.0023      0.0010   0.0002   0.0023   0.0024
Extractive           0.0001   0.0001   0.0001   0.0000      0.0001   0.0000   0.0001   0.0000      0.0000   0.0000   0.0001   0.0000
Supervisor(P)        0.0036   0.0043   0.0013   0.0013      0.0053   0.0017   0.0019   0.0026      0.0051   0.0012   0.0024   0.0029
MetalWork            0.0006   0.0006   0.0001   0.0001      0.0007   0.0004   0.0003   0.0004      0.0005   0.0002   0.0003   0.0006
WoodWork             0.0002   0.0002   0.0001   0.0000      0.0002   0.0001   0.0001   0.0001      0.0002   0.0000   0.0001   0.0002
Textiles             0.0011   0.0009   0.0003   0.0003      0.0017   0.0007   0.0004   0.0004      0.0021   0.0085   0.0007   0.0010
Other                0.0011   0.0011   0.0079   0.0073      0.0011   0.0003   0.0052   0.0051      0.0011   0.0004   0.0046   0.0018
Food                 0.0009   0.0008   0.0020   0.0017      0.0012   0.0005   0.0021   0.0015      0.0011   0.0002   0.0022   0.0015
PlantOperator        0.0002   0.0001   0.0001   0.0001      0.0002   0.0000   0.0002   0.0001      0.0001   0.0001   0.0002   0.0003
MetalMach.           0.0018   0.0017   0.0003   0.0002      0.0021   0.0018   0.0004   0.0005      0.0021   0.0002   0.0004   0.0007
MetalProc.           0.0007   0.0007   0.0001   0.0001      0.0008   0.0002   0.0001   0.0002      0.0008   0.0000   0.0002   0.0003
WoodMach.            0.0003   0.0003   0.0006   0.0006      0.0003   0.0001   0.0009   0.0023      0.0003   0.0000   0.0012   0.0003
TextileMach.         0.0017   0.0016   0.0004   0.0003      0.0015   0.0007   0.0006   0.0008      0.0013   0.0003   0.0007   0.0023
PrintMach.           0.0117   0.0117   0.0019   0.0013      0.0156   0.0180   0.0025   0.0028      0.0172   0.0038   0.0029   0.0073
OtherMach.           0.0105   0.0084   0.0045   0.0039      0.0125   0.0171   0.0059   0.0062      0.0122   0.0260   0.0066   0.0078
Fabricators          0.0108   0.0104   0.0032   0.0026      0.0128   0.0073   0.0042   0.0053      0.0126   0.0054   0.0051   0.0088
Prod.Inspectors      0.0048   0.0049   0.0023   0.0020      0.0064   0.0051   0.0027   0.0034      0.0078   0.0041   0.0034   0.0044
MotorVehicle         0.0034   0.0035   0.0030   0.0032      0.0046   0.0011   0.0053   0.0046      0.0032   0.0004   0.0073   0.0048
OtherVehicle         0.0007   0.0007   0.0002   0.0002      0.0007   0.0002   0.0002   0.0002      0.0007   0.0001   0.0002   0.0003
Freight              0.0086   0.0079   0.0052   0.0045      0.0100   0.0029   0.0064   0.0045      0.0103   0.0014   0.0067   0.0085
 
 
====================================================================== 
    PRODUCTION: w*H in data and model for various groups/cohorts
====================================================================== 
 
 
 
/// 1960 ///          Young                       Middle                      Old
 
               Data   Model       %        Data   Model       %        Data   Model       %
-------------------------------------------------------------------------------------------
White Men      6230    6511   104.5        7972    7976   100.1        6822    6828   100.1
White Women    2875    3014   104.8        3498    3495    99.9        3110    3109   100.0
Black Men       419     436   104.2         460     460   100.0         358     358   100.0
Black Women     309     353   114.3         282     282   100.0         181     181   100.1
 
Total income for the year:    Data = 32516  Model = 33004
 
 
/// 1970 ///          Young                       Middle                      Old
 
               Data   Model       %        Data   Model       %        Data   Model       %
-------------------------------------------------------------------------------------------
White Men      8221    8572   104.3        9331    9600   102.9        9539    9626   100.9
White Women    4179    4257   101.9        4198    4073    97.0        4399    4384    99.7
Black Men       649     666   102.6         627     617    98.4         537     534    99.4
Black Women     547     571   104.4         460     492   106.9         331     329    99.5
 
Total income for the year:    Data = 43017  Model = 43723
 
 
/// 1980 ///          Young                       Middle                      Old
 
               Data   Model       %        Data   Model       %        Data   Model       %
-------------------------------------------------------------------------------------------
White Men      9859   10099   102.4        9127    9697   106.2        8383    9082   108.3
White Women    6006    6240   103.9        4585    4367    95.2        3911    3605    92.2
Black Men       852     849    99.6         705     734   104.2         559     554    99.1
Black Women     791     802   101.4         576     593   102.9         401     419   104.5
 
Total income for the year:    Data = 45755  Model = 47040
 
 
/// 1990 ///          Young                       Middle                      Old
 
               Data   Model       %        Data   Model       %        Data   Model       %
-------------------------------------------------------------------------------------------
White Men      9720    9768   100.5       12137   12092    99.6        9312    9826   105.5
White Women    7166    7490   104.5        7373    7434   100.8        4866    4431    91.1
Black Men       892     902   101.2         982    1030   104.9         718     749   104.4
Black Women     919     959   104.3         961     969   100.9         595     607   102.0
 
Total income for the year:    Data = 55640  Model = 56258
 
 
/// 2000 ///          Young                       Middle                      Old
 
               Data   Model       %        Data   Model       %        Data   Model       %
-------------------------------------------------------------------------------------------
White Men      8334    8119    97.4       14812   14215    96.0       14361   13902    96.8
White Women    6624    6738   101.7       10374   11818   113.9        8899    9788   110.0
Black Men       963     960    99.7        1430    1486   103.9        1199    1255   104.6
Black Women    1039    1069   102.9        1465    1620   110.6        1194    1263   105.8
 
Total income for the year:    Data = 70695  Model = 72233
 
 
/// 2010 ///          Young                       Middle                      Old
 
               Data   Model       %        Data   Model       %        Data   Model       %
-------------------------------------------------------------------------------------------
White Men      8151    7893    96.8       12071   11440    94.8       15959   15369    96.3
White Women    6809    6878   101.0        8884    9637   108.5       11255   13163   117.0
Black Men       968     955    98.6        1326    1315    99.2        1499    1585   105.8
Black Women    1081    1097   101.5        1417    1512   106.7        1567    1753   111.9
 
Total income for the year:    Data = 70986  Model = 72597
 
 
/// 2023 ///          Young                       Middle                      Old
 
               Data   Model       %        Data   Model       %        Data   Model       %
-------------------------------------------------------------------------------------------
White Men      9885    9439    95.5       12889   12478    96.8       13223   13259   100.3
White Women    8512    8514   100.0        9131   10307   112.9        8828   10627   120.4
Black Men      1454    1401    96.3        1514    1542   101.9        1352    1470   108.7
Black Women    1548    1526    98.6        1607    1758   109.4        1518    1688   111.2
 
Total income for the year:    Data = 71463  Model = 74008
 
 
==================================================================================== 
    EARNINGS (Market): (1-tauw)*w*H in data and model for various groups/cohorts
==================================================================================== 
 
 
 
/// 1960 ///          Young                       Middle                      Old
 
               Data   Model       %        Data   Model       %        Data   Model       %
-------------------------------------------------------------------------------------------
White Men      5700    5961   104.6        7367    7372   100.1        6039    6047   100.1
White Women    1101    1169   106.2        1504    1501    99.9        1512    1511    99.9
Black Men       307     321   104.4         339     339   100.0         258     258   100.0
Black Women     123     132   107.7         133     133   100.1          89      89   100.2
 
Market income for the year:   Data = 24473  Model = 24833
 
 
/// 1970 ///          Young                       Middle                      Old
 
               Data   Model       %        Data   Model       %        Data   Model       %
-------------------------------------------------------------------------------------------
White Men      7469    7823   104.7        8610    8855   102.9        8528    8635   101.3
White Women    1839    1921   104.5        1959    1764    90.0        2280    2275    99.8
Black Men       499     512   102.5         491     509   103.7         418     416    99.5
Black Women     279     289   103.6         248     237    95.8         189     190   100.4
 
Market income for the year:   Data = 32810  Model = 33428
 
 
/// 1980 ///          Young                       Middle                      Old
 
               Data   Model       %        Data   Model       %        Data   Model       %
-------------------------------------------------------------------------------------------
White Men      9074    9364   103.2        8468    8885   104.9        7434    8407   113.1
White Women    3595    3768   104.8        2548    2257    88.6        2191    1779    81.2
Black Men       669     668    99.8         535     611   114.2         415     494   119.2
Black Women     521     532   102.1         362     381   105.3         250     243    97.2
 
Market income for the year:   Data = 36062  Model = 37391
 
 
/// 1990 ///          Young                       Middle                      Old
 
               Data   Model       %        Data   Model       %        Data   Model       %
-------------------------------------------------------------------------------------------
White Men      8931    9045   101.3       11260   11224    99.7        8301    9011   108.6
White Women    4783    4997   104.5        4976    5062   101.7        3206    2576    80.3
Black Men       706     715   101.3         771     847   109.9         524     658   125.6
Black Women     644     667   103.6         694     696   100.4         406     422   104.0
 
Market income for the year:   Data = 45202  Model = 45921
 
 
/// 2000 ///          Young                       Middle                      Old
 
               Data   Model       %        Data   Model       %        Data   Model       %
-------------------------------------------------------------------------------------------
White Men      7245    6993    96.5       12643   12576    99.5       11810   12350   104.6
White Women    4228    4141    97.9        6172    7634   123.7        5741    6240   108.7
Black Men       676     647    95.8         945    1070   113.3         753     951   126.3
Black Women     670     649    96.8         893    1048   117.4         702     835   119.0
 
Market income for the year:   Data = 52478  Model = 55135
 
 
/// 2010 ///          Young                       Middle                      Old
 
               Data   Model       %        Data   Model       %        Data   Model       %
-------------------------------------------------------------------------------------------
White Men      7082    6812    96.2       10932   10072    92.1       13430   13820   102.9
White Women    4799    4757    99.1        6013    6562   109.1        7448    9363   125.7
Black Men       694     666    96.0        1028     953    92.7        1054    1226   116.3
Black Women     757     740    97.8        1020    1021   100.1        1047    1261   120.4
 
Market income for the year:   Data = 55304  Model = 57253
 
 
/// 2023 ///          Young                       Middle                      Old
 
               Data   Model       %        Data   Model       %        Data   Model       %
-------------------------------------------------------------------------------------------
White Men      8835    8992   101.8       12889   11452    88.8       13223   12315    93.1
White Women    6303    6899   109.4        7880    8046   102.1        7615    8085   106.2
Black Men      1089    1159   106.5        1375    1195    86.9        1248    1177    94.3
Black Women    1078    1144   106.1        1309    1282    97.9        1237    1225    99.0
 
Market income for the year:   Data = 64080  Model = 62969
Production GDP = Total Labor Income (pre-tax) has been confirmed to the nearest dime per person :-).
 
 
GDP per person in data and model
 
        Year        Data       Model    ExitFlag
------------------------------------------------
        1960       32516       33004           1
        1970       43017       43723           1
        1980       45755       47040           1
        1990       55640       56258           1
        2000       70695       72233           1
        2010       70986       72597           1
        2023       71463       74008           1
 
 
GDP (mkt) per person in data and model
 
        Year        Data       Model
------------------------------------
        1960       23241       23571
        1970       31251       31320
        1980       34587       34658
        1990       44435       43805
        2000       49901       51910
        2010       53338       55004
        2023       67120       63800
 
 
GDP per worker (market) in data and model
 
        Year        Data       Model
------------------------------------
        1960       38828       39372
        1970       49167       50989
        1980       49258       53053
        1990       58194       60837
        2000       66807       69868
        2010       70261       73554
        2023       84763       80723
 
 
LFP in data and model
 
        Year        Data       Model
------------------------------------
        1960       0.599       0.599
        1970       0.636       0.614
        1980       0.702       0.653
        1990       0.764       0.720
        2000       0.747       0.743
        2010       0.759       0.748
        2023       0.792       0.790
 
 
Market Wage Gap in data and model
 
  Year      WWdata WWmodel      BMdata BMmodel      BWdata BWmodel
------------------------------------------------------------------
  1960       0.555   0.556       0.559   0.560       0.347   0.350
  1970       0.527   0.562       0.627   0.627       0.418   0.445
  1980       0.549   0.614       0.714   0.710       0.513   0.552
  1990       0.613   0.695       0.700   0.738       0.555   0.608
  2000       0.647   0.796       0.694   0.757       0.566   0.668
  2010       0.714   0.868       0.710   0.788       0.604   0.725
  2023       0.751   0.857       0.694   0.737       0.607   0.674
 
 
Earnings (market, after tauw) in data and model
 
        Year        Data       Model
------------------------------------
        1960       24473       24833
        1970       32810       33428
        1980       36062       37391
        1990       45202       45921
        2000       52478       55135
        2010       55304       57253
        2023       64080       62969
 
 
Earnings (market, after tauw) by Group in data and model
 
  Year      WMdata WMmodel      WWdata WWmodel      BMdata BMmodel      BWdata BWmodel
--------------------------------------------------------------------------------------
  1960       19107   19380        4117    4181         904     917         345     355
  1970       24607   25313        6078    5960        1409    1438         716     716
  1980       24975   26657        8335    7804        1619    1773        1134    1157
  1990       28492   29280       12965   12635        2001    2221        1744    1786
  2000       31699   31920       16140   18015        2373    2668        2265    2532
  2010       31444   30704       18260   20682        2776    2844        2824    3022
  2023       34947   32758       21799   23030        3712    3531        3623    3650
 
 
ConsumptionYoung (total) per young person in data and model (and Utility)
 
        Year        Data       Model     Utility
------------------------------------------------
        1960       35314       37052       29672
        1970       48211       49848       32757
        1980       46232       47129       27384
        1990       55225       55810       32066
        2000       64003       63081       47526
        2010       61363       60300       36986
        2023       69918       67343       36709
 
 
EarningsYoung (market) per young person in data and model
 
        Year        Data       Model
------------------------------------
        1960       21687       22743
        1970       29246       30575
        1980       32471       33577
        1990       37923       38829
        2000       42076       40800
        2010       42685       41543
        2023       50977       53595
 
 
GDP (mkt) of only Young Cohorts...
 
  Year    Data   Model
----------------------
  1960   20221   21193
  1970   27644   28774
  1980   31369   32435
  1990   37732   38794
  2000   40340   39899
  2010   40768   40123
  2023   53300   54919
 
 
Share of growth accounted for by the Full Model:
 
                                      Share
-------------------------------------------
GDP per person                        102.6
GDP per person (mkt)                   93.9
GDP (mkt) per worker                   92.0
Labor Force Participation (LFP)        99.3
Earnings                               96.7
ConsumpYoung (total)                   87.5
EarningsYoung (market)                100.3
GDPYoung (market)                      98.2
WageGapWW                             143.1
WageGapBM                             127.8
WageGapBW                             117.3
EarningsWM                             86.9
EarningsWW                            102.4
EarningsBM                             95.4
EarningsBW                             99.1
..................... 
 
********************************************************************
       Counterfactual results with ZERO TAUW AND TAUH
********************************************************************
 
 
 
OVERALL: Additional output gain over baseline with no frictions (percent):
 
  Year      NoTauH      NoTauW    NoTauH/W
------------------------------------------
  1960         7.8         1.5        13.4
  1970        15.3         3.6        25.9
  1980        19.1         6.9        34.2
  1990        11.7         8.2        24.1
  2000         4.8         7.5        14.1
  2010         1.6         7.1         9.9
  2023        -0.3         8.3         9.1
 
GDPYoung: Additional output gain over baseline with no frictions (percent):
 
  Year      NoTauH      NoTauW    NoTauH/W
------------------------------------------
  1960        34.5         8.4        63.6
  1970        28.2         9.4        50.2
  1980        14.1        11.4        30.5
  1990         5.2        10.5        17.7
  2000         2.7        10.2        14.8
  2010         1.1         9.5        12.1
  2023        -1.8         8.6         7.5
....... 
 
                                         Wages                          H(i,t)                 HYoung
 
                 Data60 Model60Data2010   Model      Data60   ModelData2010   Model      Data60   ModelData2010   Model
-----------------------------------------------------------------------------------------------------------------------
Home               7780    8351   11999    8306       0.838   0.780   0.244   0.830       0.295   0.237   0.244   0.153
Managers           9173    9062   16673   19357       0.405   0.484   0.957   0.691       0.077   0.156   0.185   0.206
MgmtRelated        6201    6016   12641   13550       0.147   0.186   0.501   0.459       0.045   0.083   0.134   0.136
Architects         1206    1162    2400    2469       0.023   0.030   0.074   0.077       0.006   0.013   0.017   0.023
Engineers          7360    6955   11656   10649       0.099   0.135   0.181   0.268       0.036   0.072   0.066   0.087
Math/CompSci       1204    1152    9534    9425       0.016   0.021   0.268   0.314       0.007   0.012   0.081   0.099
Science            3100    2964    4804    4826       0.045   0.059   0.131   0.146       0.018   0.032   0.045   0.044
Doctors            4047    4057    6614    8119       0.124   0.141   0.301   0.184       0.024   0.042   0.050   0.052
Nurses             1970    2126    5599    6671       0.115   0.106   0.250   0.167       0.037   0.027   0.079   0.058
Therapists          665     692    3968    4539       0.023   0.024   0.145   0.110       0.008   0.009   0.054   0.041
Professors         2493    2452    2705    3129       0.050   0.061   0.216   0.158       0.013   0.023   0.035   0.034
Teachers           4464    4629    5979    6913       0.174   0.179   0.425   0.310       0.054   0.060   0.116   0.088
Librarians          433     470     920    1141       0.043   0.039   0.083   0.049       0.010   0.006   0.017   0.015
Soc.Scientists     1510    1481    3815    4292       0.027   0.032   0.149   0.118       0.009   0.015   0.045   0.040
SocialWork         2111    2147    2870    3106       0.078   0.086   0.173   0.154       0.024   0.031   0.052   0.042
Lawyers            3622    3492    7378    8229       0.065   0.083   0.231   0.188       0.016   0.035   0.046   0.046
Arts/Athletes      3899    3858    5676    5892       0.093   0.110   0.257   0.259       0.034   0.052   0.086   0.073
HealthTechs        1137    1208    3755    4223       0.079   0.076   0.222   0.177       0.027   0.024   0.065   0.056
Eng.Techs          3738    3440    4035    3758       0.057   0.085   0.126   0.177       0.029   0.057   0.043   0.053
ScienceTechs       2387    2254    1397    1249       0.046   0.063   0.042   0.066       0.021   0.038   0.017   0.017
OtherTechs         1769    1685   12498   11774       0.044   0.058   0.244   0.330       0.014   0.029   0.082   0.104
Sales              8480    8203   11029   11325       0.295   0.375   0.657   0.686       0.083   0.163   0.176   0.172
Secretaries        1187    1358    1521    1589       0.196   0.151   0.106   0.105       0.070   0.025   0.028   0.025
Info.Clerks        1068    1112    1652    1787       0.055   0.056   0.141   0.126       0.021   0.022   0.054   0.034
Records            1668    1695    1303    1393       0.070   0.077   0.088   0.081       0.018   0.025   0.027   0.021
FinancialClerk     1801    1934    1829    1977       0.155   0.144   0.142   0.127       0.048   0.037   0.036   0.032
OfficeMachine      1484    1553     527     448       0.063   0.063   0.025   0.046       0.030   0.030   0.008   0.009
ComputerTech        786     874     344     282       0.086   0.072   0.027   0.056       0.031   0.017   0.007   0.005
Mail               2293    2256    2495    2475       0.094   0.114   0.119   0.138       0.025   0.044   0.036   0.046
Clerks             2743    2654    4158    4027       0.109   0.139   0.221   0.275       0.035   0.065   0.073   0.076
Insurance          1670    1555    4326    4483       0.032   0.045   0.260   0.263       0.013   0.026   0.089   0.072
Misc.Admin         4688    4803    3002    3270       0.235   0.251   0.197   0.172       0.076   0.092   0.064   0.051
PrivateHshld        701     738     627     714       0.121   0.120   0.088   0.067       0.025   0.023   0.022   0.019
Firefighting       1778    1705    3622    3238       0.044   0.058   0.092   0.145       0.016   0.030   0.024   0.044
Police             2608    2477    6027    5558       0.063   0.084   0.183   0.263       0.025   0.047   0.052   0.070
Guards             1201    1188    2431    2290       0.063   0.075   0.122   0.165       0.013   0.025   0.042   0.043
FoodPrep           1616    1700    4181    3613       0.231   0.229   0.178   0.312       0.061   0.058   0.077   0.083
HealthService       687     750    2069    2368       0.111   0.098   0.207   0.156       0.036   0.023   0.075   0.047
Cleaning            989    1012    3038    2744       0.125   0.134   0.145   0.222       0.023   0.032   0.039   0.062
PersonalService    1792    1875    2569    2744       0.196   0.196   0.207   0.192       0.056   0.057   0.071   0.050
FarmMgrs           2597    2534    2253    2102       0.253   0.313   0.103   0.143       0.057   0.117   0.027   0.038
FarmWork           1299    1303    1753    1459       0.144   0.164   0.066   0.129       0.053   0.073   0.024   0.037
Agriculture         843     824    2933    2550       0.046   0.056   0.123   0.212       0.014   0.025   0.042   0.058
Forest              792     779    1164    1007       0.055   0.066   0.045   0.079       0.016   0.028   0.013   0.019
Mechanics          3474    3293    5778    4601       0.115   0.156   0.144   0.322       0.040   0.081   0.046   0.079
Elec.Repairer      3690    3357    3806    3032       0.069   0.105   0.099   0.221       0.032   0.069   0.032   0.051
Misc.Repairer      4271    4107    3913    3348       0.152   0.197   0.113   0.203       0.045   0.090   0.033   0.060
Construction       5773    5524    8895    7345       0.191   0.251   0.275   0.551       0.060   0.120   0.081   0.140
Extractive         2101    2006    1797    1418       0.065   0.086   0.040   0.092       0.022   0.043   0.013   0.020
Supervisor(P)      4432    4309    3130    2813       0.187   0.235   0.122   0.189       0.039   0.086   0.030   0.044
MetalWork          4027    3835    2230    1795       0.127   0.169   0.062   0.135       0.037   0.080   0.017   0.032
WoodWork            807     772     572     451       0.034   0.045   0.025   0.057       0.009   0.020   0.006   0.011
Textiles            919     984     467     402       0.171   0.160   0.025   0.044       0.041   0.030   0.007   0.009
Other              1531    1458    1752    1890       0.054   0.072   0.113   0.102       0.018   0.036   0.045   0.033
Food               1774    1692    1364    1224       0.072   0.095   0.069   0.108       0.021   0.045   0.025   0.029
PlantOperator      2851    2695    2360    2151       0.068   0.093   0.064   0.096       0.019   0.044   0.018   0.029
MetalMach.         1754    1678    1084     824       0.078   0.102   0.031   0.080       0.020   0.044   0.011   0.017
MetalProc.          831     817     628     455       0.040   0.049   0.017   0.052       0.011   0.019   0.006   0.009
WoodMach.           694     688    1901    1469       0.037   0.043   0.058   0.143       0.013   0.019   0.020   0.029
TextileMach.       2418    2312     877     724       0.069   0.091   0.041   0.083       0.023   0.045   0.012   0.015
PrintMach.         1021    1070     685     588       0.135   0.136   0.045   0.079       0.035   0.036   0.013   0.014
OtherMach.         6546    6483    4158    3586       0.344   0.407   0.149   0.263       0.108   0.172   0.049   0.072
Fabricators        3143    3124    3807    3062       0.157   0.184   0.112   0.244       0.048   0.075   0.040   0.062
Prod.Inspectors    2159    2165    2710    2457       0.117   0.134   0.104   0.158       0.032   0.049   0.034   0.042
MotorVehicle       5307    5082    5902    5397       0.197   0.258   0.277   0.409       0.068   0.129   0.072   0.110
OtherVehicle       3205    3094    3365    2825       0.116   0.149   0.088   0.167       0.032   0.064   0.024   0.047
Freight            4164    4064    3908    3428       0.200   0.248   0.160   0.268       0.070   0.118   0.058   0.077
 
 
1960 and 2010 quantities
White Men p(:,WM) for        Young Cohort                          Middle-Aged Cohort                      Old-Aged Cohort
 
                     Data60  Model60 Data2010Model2010      Data60  Model60 Data2010Model2010      Data60  Model60 Data2010Model2010
------------------------------------------------------------------------------------------------------------------------------------
Home                 0.0863   0.1024   0.1505   0.1836      0.0769   0.0769   0.1237   0.1864      0.1108   0.1108   0.1621   0.1221
Managers             0.0771   0.0774   0.0740   0.0972      0.1176   0.1176   0.1180   0.0951      0.1264   0.1264   0.1236   0.0998
MgmtRelated          0.0318   0.0308   0.0398   0.0472      0.0296   0.0296   0.0410   0.0486      0.0233   0.0233   0.0407   0.0433
Architects           0.0008   0.0007   0.0015   0.0013      0.0008   0.0008   0.0017   0.0020      0.0007   0.0007   0.0017   0.0019
Engineers            0.0298   0.0274   0.0185   0.0157      0.0251   0.0251   0.0186   0.0184      0.0154   0.0154   0.0219   0.0228
Math/CompSci         0.0008   0.0008   0.0240   0.0229      0.0004   0.0004   0.0236   0.0231      0.0002   0.0002   0.0175   0.0103
Science              0.0063   0.0059   0.0054   0.0055      0.0047   0.0047   0.0048   0.0065      0.0029   0.0029   0.0042   0.0050
Doctors              0.0083   0.0086   0.0058   0.0083      0.0102   0.0102   0.0095   0.0098      0.0082   0.0082   0.0103   0.0111
Nurses               0.0025   0.0030   0.0044   0.0071      0.0022   0.0022   0.0054   0.0054      0.0026   0.0026   0.0044   0.0048
Therapists           0.0004   0.0005   0.0028   0.0040      0.0003   0.0003   0.0033   0.0034      0.0004   0.0004   0.0023   0.0021
Professors           0.0033   0.0033   0.0070   0.0093      0.0033   0.0033   0.0068   0.0075      0.0026   0.0026   0.0062   0.0054
Teachers             0.0188   0.0208   0.0239   0.0318      0.0110   0.0110   0.0229   0.0260      0.0087   0.0087   0.0171   0.0196
Librarians           0.0002   0.0002   0.0004   0.0006      0.0002   0.0002   0.0006   0.0006      0.0002   0.0002   0.0005   0.0008
Soc.Scientists       0.0013   0.0013   0.0028   0.0033      0.0010   0.0010   0.0031   0.0021      0.0006   0.0006   0.0024   0.0033
SocialWork           0.0073   0.0077   0.0070   0.0083      0.0064   0.0064   0.0068   0.0069      0.0058   0.0058   0.0065   0.0074
Lawyers              0.0052   0.0050   0.0073   0.0083      0.0051   0.0051   0.0098   0.0097      0.0055   0.0055   0.0094   0.0104
Arts/Athletes        0.0127   0.0128   0.0180   0.0184      0.0096   0.0096   0.0162   0.0196      0.0070   0.0070   0.0125   0.0188
HealthTechs          0.0019   0.0022   0.0069   0.0083      0.0014   0.0014   0.0058   0.0066      0.0012   0.0012   0.0044   0.0062
Eng.Techs            0.0149   0.0130   0.0078   0.0063      0.0074   0.0074   0.0080   0.0076      0.0037   0.0037   0.0082   0.0135
ScienceTechs         0.0065   0.0060   0.0013   0.0011      0.0040   0.0040   0.0011   0.0011      0.0022   0.0022   0.0011   0.0022
OtherTechs           0.0033   0.0031   0.0197   0.0189      0.0029   0.0029   0.0200   0.0226      0.0016   0.0016   0.0172   0.0213
Sales                0.0767   0.0738   0.0889   0.0945      0.0748   0.0748   0.0912   0.0937      0.0669   0.0669   0.0896   0.1087
Secretaries          0.0019   0.0026   0.0024   0.0035      0.0013   0.0013   0.0017   0.0030      0.0014   0.0014   0.0016   0.0024
Info.Clerks          0.0016   0.0017   0.0035   0.0042      0.0015   0.0015   0.0020   0.0033      0.0009   0.0009   0.0019   0.0036
Records              0.0024   0.0026   0.0021   0.0025      0.0025   0.0025   0.0014   0.0020      0.0024   0.0024   0.0014   0.0023
FinancialClerk       0.0049   0.0058   0.0030   0.0042      0.0037   0.0037   0.0023   0.0039      0.0037   0.0037   0.0022   0.0045
OfficeMachine        0.0031   0.0035   0.0002   0.0004      0.0010   0.0010   0.0004   0.0009      0.0006   0.0006   0.0007   0.0003
ComputerTech         0.0007   0.0009   0.0010   0.0007      0.0005   0.0005   0.0009   0.0014      0.0004   0.0004   0.0010   0.0052
Mail                 0.0075   0.0074   0.0033   0.0037      0.0114   0.0114   0.0048   0.0044      0.0087   0.0087   0.0066   0.0077
Clerks               0.0144   0.0138   0.0210   0.0201      0.0131   0.0131   0.0171   0.0193      0.0132   0.0132   0.0165   0.0191
Insurance            0.0032   0.0028   0.0155   0.0181      0.0019   0.0019   0.0100   0.0165      0.0013   0.0013   0.0081   0.0063
Misc.Admin           0.0308   0.0333   0.0067   0.0079      0.0251   0.0251   0.0043   0.0067      0.0245   0.0245   0.0039   0.0108
PrivateHshld         0.0010   0.0012   0.0010   0.0015      0.0010   0.0010   0.0012   0.0010      0.0013   0.0013   0.0012   0.0015
Firefighting         0.0048   0.0045   0.0058   0.0045      0.0044   0.0044   0.0065   0.0040      0.0029   0.0029   0.0046   0.0038
Police               0.0103   0.0095   0.0181   0.0165      0.0079   0.0079   0.0226   0.0173      0.0060   0.0060   0.0144   0.0123
Guards               0.0026   0.0026   0.0084   0.0080      0.0036   0.0036   0.0062   0.0051      0.0062   0.0062   0.0059   0.0066
FoodPrep             0.0075   0.0086   0.0440   0.0342      0.0087   0.0087   0.0227   0.0201      0.0109   0.0109   0.0127   0.0182
HealthService        0.0017   0.0021   0.0056   0.0083      0.0014   0.0014   0.0038   0.0041      0.0016   0.0016   0.0034   0.0050
Cleaning             0.0032   0.0035   0.0132   0.0122      0.0053   0.0053   0.0160   0.0092      0.0099   0.0099   0.0207   0.0158
PersonalService      0.0073   0.0082   0.0081   0.0103      0.0055   0.0055   0.0068   0.0084      0.0078   0.0078   0.0059   0.0053
FarmMgrs             0.0331   0.0324   0.0045   0.0038      0.0465   0.0465   0.0054   0.0040      0.0606   0.0606   0.0080   0.0088
FarmWork             0.0152   0.0157   0.0090   0.0059      0.0114   0.0114   0.0066   0.0032      0.0128   0.0128   0.0050   0.0044
Agriculture          0.0018   0.0018   0.0183   0.0140      0.0018   0.0018   0.0157   0.0093      0.0024   0.0024   0.0120   0.0078
Forest               0.0025   0.0025   0.0017   0.0014      0.0025   0.0025   0.0023   0.0019      0.0028   0.0028   0.0022   0.0022
Mechanics            0.0243   0.0224   0.0291   0.0209      0.0221   0.0221   0.0317   0.0284      0.0188   0.0188   0.0350   0.0318
Elec.Repairer        0.0183   0.0156   0.0145   0.0109      0.0118   0.0118   0.0142   0.0126      0.0063   0.0063   0.0121   0.0100
Misc.Repairer        0.0308   0.0293   0.0097   0.0074      0.0339   0.0339   0.0113   0.0083      0.0341   0.0341   0.0136   0.0108
Construction         0.0507   0.0477   0.0910   0.0627      0.0542   0.0542   0.0892   0.0671      0.0512   0.0512   0.0801   0.0758
Extractive           0.0075   0.0071   0.0041   0.0026      0.0071   0.0071   0.0023   0.0008      0.0067   0.0067   0.0020   0.0017
Supervisor(P)        0.0216   0.0210   0.0064   0.0057      0.0343   0.0343   0.0107   0.0102      0.0366   0.0366   0.0121   0.0130
MetalWork            0.0219   0.0204   0.0039   0.0026      0.0253   0.0253   0.0055   0.0054      0.0222   0.0222   0.0071   0.0113
WoodWork             0.0013   0.0013   0.0007   0.0005      0.0016   0.0016   0.0008   0.0009      0.0015   0.0015   0.0010   0.0011
Textiles             0.0021   0.0024   0.0004   0.0003      0.0025   0.0025   0.0006   0.0005      0.0026   0.0026   0.0007   0.0012
Other                0.0035   0.0032   0.0027   0.0030      0.0034   0.0034   0.0020   0.0024      0.0028   0.0028   0.0018   0.0029
Food                 0.0060   0.0056   0.0038   0.0031      0.0056   0.0056   0.0030   0.0027      0.0069   0.0069   0.0029   0.0034
PlantOperator        0.0068   0.0063   0.0024   0.0019      0.0080   0.0080   0.0031   0.0021      0.0081   0.0081   0.0042   0.0043
MetalMach.           0.0049   0.0046   0.0017   0.0011      0.0062   0.0062   0.0017   0.0018      0.0067   0.0067   0.0019   0.0030
MetalProc.           0.0014   0.0013   0.0005   0.0003      0.0016   0.0016   0.0006   0.0010      0.0016   0.0016   0.0006   0.0014
WoodMach.            0.0016   0.0016   0.0041   0.0032      0.0014   0.0014   0.0042   0.0074      0.0016   0.0016   0.0046   0.0015
TextileMach.         0.0074   0.0070   0.0019   0.0013      0.0062   0.0062   0.0023   0.0027      0.0069   0.0069   0.0027   0.0054
PrintMach.           0.0032   0.0036   0.0016   0.0012      0.0035   0.0035   0.0016   0.0026      0.0037   0.0037   0.0014   0.0043
OtherMach.           0.0872   0.0880   0.0176   0.0132      0.0800   0.0800   0.0172   0.0151      0.0779   0.0779   0.0156   0.0209
Fabricators          0.0177   0.0180   0.0158   0.0106      0.0189   0.0189   0.0152   0.0139      0.0158   0.0158   0.0130   0.0207
Prod.Inspectors      0.0073   0.0076   0.0053   0.0044      0.0070   0.0070   0.0050   0.0053      0.0069   0.0069   0.0055   0.0064
MotorVehicle         0.0567   0.0535   0.0356   0.0309      0.0518   0.0518   0.0472   0.0367      0.0462   0.0462   0.0514   0.0423
OtherVehicle         0.0146   0.0140   0.0081   0.0057      0.0179   0.0179   0.0087   0.0056      0.0168   0.0168   0.0091   0.0075
Freight              0.0456   0.0447   0.0249   0.0186      0.0386   0.0386   0.0192   0.0146      0.0390   0.0390   0.0179   0.0248
 
 
1960 and 2010 quantities
White women p(:,WW) for      Young Cohort                          Middle-Aged Cohort                      Old-Aged Cohort
 
                     Data60  Model60 Data2010Model2010      Data60  Model60 Data2010Model2010      Data60  Model60 Data2010Model2010
------------------------------------------------------------------------------------------------------------------------------------
Home                 0.7388   0.2968   0.3087   0.2462      0.6698   0.6698   0.3235   0.2545      0.6238   0.6238   0.3149   0.2211
Managers             0.0068   0.0720   0.0587   0.0922      0.0145   0.0145   0.0722   0.0909      0.0217   0.0217   0.0727   0.0953
MgmtRelated          0.0033   0.0206   0.0467   0.0454      0.0046   0.0046   0.0509   0.0465      0.0058   0.0058   0.0525   0.0384
Architects           0.0000   0.0007   0.0008   0.0010      0.0000   0.0000   0.0005   0.0016      0.0000   0.0000   0.0004   0.0014
Engineers            0.0002   0.0124   0.0032   0.0113      0.0001   0.0001   0.0024   0.0127      0.0002   0.0002   0.0024   0.0148
Math/CompSci         0.0001   0.0004   0.0075   0.0173      0.0002   0.0002   0.0083   0.0168      0.0001   0.0001   0.0089   0.0074
Science              0.0003   0.0026   0.0046   0.0038      0.0003   0.0003   0.0029   0.0043      0.0002   0.0002   0.0021   0.0031
Doctors              0.0003   0.0070   0.0059   0.0068      0.0004   0.0004   0.0061   0.0083      0.0005   0.0005   0.0044   0.0104
Nurses               0.0109   0.0030   0.0328   0.0068      0.0107   0.0107   0.0322   0.0046      0.0118   0.0118   0.0346   0.0038
Therapists           0.0004   0.0003   0.0122   0.0029      0.0003   0.0003   0.0099   0.0025      0.0002   0.0002   0.0073   0.0013
Professors           0.0004   0.0023   0.0069   0.0063      0.0006   0.0006   0.0067   0.0052      0.0008   0.0008   0.0060   0.0039
Teachers             0.0167   0.0117   0.0772   0.0257      0.0171   0.0171   0.0731   0.0204      0.0310   0.0310   0.0637   0.0146
Librarians           0.0008   0.0001   0.0013   0.0003      0.0011   0.0011   0.0017   0.0004      0.0019   0.0019   0.0020   0.0005
Soc.Scientists       0.0003   0.0007   0.0051   0.0026      0.0003   0.0003   0.0043   0.0015      0.0003   0.0003   0.0031   0.0024
SocialWork           0.0015   0.0024   0.0119   0.0053      0.0017   0.0017   0.0103   0.0043      0.0025   0.0025   0.0089   0.0041
Lawyers              0.0001   0.0058   0.0062   0.0070      0.0001   0.0001   0.0058   0.0071      0.0001   0.0001   0.0043   0.0076
Arts/Athletes        0.0039   0.0077   0.0155   0.0148      0.0028   0.0028   0.0113   0.0137      0.0031   0.0031   0.0104   0.0136
HealthTechs          0.0035   0.0016   0.0178   0.0064      0.0037   0.0037   0.0170   0.0051      0.0055   0.0055   0.0160   0.0045
Eng.Techs            0.0005   0.0077   0.0024   0.0054      0.0006   0.0006   0.0017   0.0060      0.0003   0.0003   0.0021   0.0101
ScienceTechs         0.0006   0.0034   0.0007   0.0009      0.0006   0.0006   0.0005   0.0007      0.0003   0.0003   0.0006   0.0015
OtherTechs           0.0002   0.0026   0.0085   0.0240      0.0003   0.0003   0.0096   0.0235      0.0003   0.0003   0.0103   0.0152
Sales                0.0197   0.1029   0.0700   0.1065      0.0355   0.0355   0.0650   0.1071      0.0447   0.0447   0.0655   0.1237
Secretaries          0.0414   0.0016   0.0296   0.0030      0.0384   0.0384   0.0366   0.0028      0.0341   0.0341   0.0481   0.0016
Info.Clerks          0.0027   0.0013   0.0154   0.0037      0.0023   0.0023   0.0114   0.0031      0.0020   0.0020   0.0118   0.0034
Records              0.0019   0.0022   0.0050   0.0019      0.0025   0.0025   0.0051   0.0016      0.0028   0.0028   0.0063   0.0017
FinancialClerk       0.0149   0.0037   0.0145   0.0036      0.0178   0.0178   0.0197   0.0033      0.0176   0.0176   0.0237   0.0037
OfficeMachine        0.0049   0.0022   0.0003   0.0002      0.0039   0.0039   0.0004   0.0008      0.0032   0.0032   0.0006   0.0002
ComputerTech         0.0069   0.0008   0.0010   0.0007      0.0054   0.0054   0.0012   0.0015      0.0069   0.0069   0.0014   0.0048
Mail                 0.0003   0.0053   0.0012   0.0031      0.0007   0.0007   0.0024   0.0036      0.0007   0.0007   0.0040   0.0052
Clerks               0.0012   0.0104   0.0107   0.0137      0.0017   0.0017   0.0118   0.0152      0.0018   0.0018   0.0131   0.0148
Insurance            0.0001   0.0021   0.0275   0.0147      0.0002   0.0002   0.0226   0.0140      0.0002   0.0002   0.0219   0.0051
Misc.Admin           0.0296   0.0230   0.0220   0.0066      0.0337   0.0337   0.0198   0.0061      0.0350   0.0350   0.0232   0.0106
PrivateHshld         0.0022   0.0019   0.0076   0.0014      0.0042   0.0042   0.0108   0.0011      0.0080   0.0080   0.0105   0.0016
Firefighting         0.0000   0.0011   0.0003   0.0035      0.0000   0.0000   0.0003   0.0031      0.0000   0.0000   0.0002   0.0029
Police               0.0002   0.0041   0.0038   0.0135      0.0002   0.0002   0.0042   0.0131      0.0002   0.0002   0.0031   0.0085
Guards               0.0000   0.0012   0.0022   0.0054      0.0001   0.0001   0.0018   0.0034      0.0001   0.0001   0.0022   0.0042
FoodPrep             0.0163   0.0107   0.0416   0.0286      0.0229   0.0229   0.0266   0.0190      0.0244   0.0244   0.0242   0.0170
HealthService        0.0044   0.0012   0.0353   0.0067      0.0051   0.0051   0.0290   0.0032      0.0069   0.0069   0.0276   0.0044
Cleaning             0.0003   0.0023   0.0044   0.0146      0.0010   0.0010   0.0066   0.0101      0.0014   0.0014   0.0083   0.0167
PersonalService      0.0076   0.0092   0.0299   0.0108      0.0120   0.0120   0.0248   0.0106      0.0143   0.0143   0.0211   0.0073
FarmMgrs             0.0005   0.0394   0.0006   0.0056      0.0010   0.0010   0.0008   0.0044      0.0020   0.0020   0.0014   0.0131
FarmWork             0.0022   0.0106   0.0021   0.0056      0.0032   0.0032   0.0018   0.0027      0.0038   0.0038   0.0014   0.0039
Agriculture          0.0001   0.0014   0.0030   0.0112      0.0003   0.0003   0.0026   0.0082      0.0003   0.0003   0.0025   0.0074
Forest               0.0000   0.0015   0.0001   0.0008      0.0001   0.0001   0.0002   0.0016      0.0000   0.0000   0.0002   0.0013
Mechanics            0.0001   0.0126   0.0008   0.0157      0.0001   0.0001   0.0008   0.0198      0.0000   0.0000   0.0008   0.0194
Elec.Repairer        0.0002   0.0107   0.0008   0.0085      0.0001   0.0001   0.0008   0.0084      0.0001   0.0001   0.0009   0.0058
Misc.Repairer        0.0002   0.0151   0.0005   0.0078      0.0003   0.0003   0.0005   0.0071      0.0004   0.0004   0.0007   0.0083
Construction         0.0002   0.0310   0.0017   0.0553      0.0002   0.0002   0.0021   0.0607      0.0003   0.0003   0.0023   0.0596
Extractive           0.0000   0.0025   0.0001   0.0030      0.0000   0.0000   0.0001   0.0010      0.0000   0.0000   0.0001   0.0010
Supervisor(P)        0.0012   0.0211   0.0013   0.0054      0.0021   0.0021   0.0019   0.0091      0.0027   0.0027   0.0024   0.0118
MetalWork            0.0002   0.0144   0.0001   0.0031      0.0005   0.0005   0.0003   0.0058      0.0002   0.0002   0.0003   0.0114
WoodWork             0.0000   0.0009   0.0001   0.0005      0.0000   0.0000   0.0001   0.0012      0.0000   0.0000   0.0001   0.0012
Textiles             0.0085   0.0024   0.0003   0.0004      0.0121   0.0121   0.0004   0.0006      0.0160   0.0160   0.0007   0.0012
Other                0.0004   0.0039   0.0079   0.0025      0.0004   0.0004   0.0052   0.0021      0.0004   0.0004   0.0046   0.0029
Food                 0.0002   0.0045   0.0020   0.0030      0.0005   0.0005   0.0021   0.0026      0.0004   0.0004   0.0022   0.0037
PlantOperator        0.0001   0.0062   0.0001   0.0010      0.0001   0.0001   0.0002   0.0014      0.0001   0.0001   0.0002   0.0028
MetalMach.           0.0002   0.0054   0.0003   0.0013      0.0003   0.0003   0.0004   0.0018      0.0003   0.0003   0.0004   0.0029
MetalProc.           0.0000   0.0007   0.0001   0.0004      0.0000   0.0000   0.0001   0.0011      0.0000   0.0000   0.0002   0.0014
WoodMach.            0.0000   0.0004   0.0006   0.0037      0.0000   0.0000   0.0009   0.0068      0.0001   0.0001   0.0012   0.0011
TextileMach.         0.0003   0.0043   0.0004   0.0013      0.0004   0.0004   0.0006   0.0031      0.0004   0.0004   0.0007   0.0053
PrintMach.           0.0037   0.0029   0.0019   0.0013      0.0060   0.0060   0.0025   0.0028      0.0080   0.0080   0.0029   0.0047
OtherMach.           0.0261   0.0681   0.0045   0.0149      0.0375   0.0375   0.0059   0.0162      0.0345   0.0345   0.0066   0.0214
Fabricators          0.0054   0.0119   0.0032   0.0124      0.0082   0.0082   0.0042   0.0142      0.0062   0.0062   0.0051   0.0208
Prod.Inspectors      0.0041   0.0062   0.0023   0.0046      0.0068   0.0068   0.0027   0.0056      0.0066   0.0066   0.0034   0.0070
MotorVehicle         0.0004   0.0368   0.0030   0.0330      0.0007   0.0007   0.0053   0.0401      0.0005   0.0005   0.0073   0.0399
OtherVehicle         0.0001   0.0080   0.0002   0.0049      0.0002   0.0002   0.0002   0.0041      0.0002   0.0002   0.0002   0.0059
Freight              0.0014   0.0281   0.0052   0.0183      0.0016   0.0016   0.0064   0.0143      0.0018   0.0018   0.0067   0.0222
 
 
1980 and 2010 quantities (the 1960 ones fit by construction)
White Women p(:,WW) for      Young Cohort                          Middle-Aged Cohort                      Old-Aged Cohort
 
                     Data80  Model80 Data2010Model2010      Data80  Model80 Data2010Model2010      Data80  Model80 Data2010Model2010
------------------------------------------------------------------------------------------------------------------------------------
Home                 0.4606   0.2553   0.3087   0.2462      0.4763   0.3070   0.3235   0.2545      0.5097   0.2968   0.3149   0.2211
Managers             0.0341   0.0904   0.0587   0.0922      0.0377   0.0907   0.0722   0.0909      0.0356   0.0720   0.0727   0.0953
MgmtRelated          0.0264   0.0346   0.0467   0.0454      0.0221   0.0162   0.0509   0.0465      0.0200   0.0206   0.0525   0.0384
Architects           0.0003   0.0013   0.0008   0.0010      0.0001   0.0006   0.0005   0.0016      0.0001   0.0007   0.0004   0.0014
Engineers            0.0014   0.0127   0.0032   0.0113      0.0008   0.0144   0.0024   0.0127      0.0006   0.0124   0.0024   0.0148
Math/CompSci         0.0023   0.0037   0.0075   0.0173      0.0012   0.0036   0.0083   0.0168      0.0007   0.0004   0.0089   0.0074
Science              0.0015   0.0031   0.0046   0.0038      0.0008   0.0029   0.0029   0.0043      0.0005   0.0026   0.0021   0.0031
Doctors              0.0016   0.0106   0.0059   0.0068      0.0009   0.0051   0.0061   0.0083      0.0007   0.0070   0.0044   0.0104
Nurses               0.0226   0.0042   0.0328   0.0068      0.0183   0.0029   0.0322   0.0046      0.0169   0.0030   0.0346   0.0038
Therapists           0.0039   0.0014   0.0122   0.0029      0.0015   0.0005   0.0099   0.0025      0.0009   0.0003   0.0073   0.0013
Professors           0.0033   0.0041   0.0069   0.0063      0.0037   0.0060   0.0067   0.0052      0.0025   0.0023   0.0060   0.0039
Teachers             0.0512   0.0212   0.0772   0.0257      0.0432   0.0183   0.0731   0.0204      0.0318   0.0117   0.0637   0.0146
Librarians           0.0022   0.0006   0.0013   0.0003      0.0022   0.0003   0.0017   0.0004      0.0025   0.0001   0.0020   0.0005
Soc.Scientists       0.0020   0.0026   0.0051   0.0026      0.0013   0.0018   0.0043   0.0015      0.0008   0.0007   0.0031   0.0024
SocialWork           0.0064   0.0041   0.0119   0.0053      0.0045   0.0029   0.0103   0.0043      0.0037   0.0024   0.0089   0.0041
Lawyers              0.0024   0.0075   0.0062   0.0070      0.0009   0.0034   0.0058   0.0071      0.0005   0.0058   0.0043   0.0076
Arts/Athletes        0.0089   0.0096   0.0155   0.0148      0.0058   0.0082   0.0113   0.0137      0.0043   0.0077   0.0104   0.0136
HealthTechs          0.0143   0.0034   0.0178   0.0064      0.0094   0.0020   0.0170   0.0051      0.0073   0.0016   0.0160   0.0045
Eng.Techs            0.0028   0.0101   0.0024   0.0054      0.0019   0.0117   0.0017   0.0060      0.0015   0.0077   0.0021   0.0101
ScienceTechs         0.0009   0.0015   0.0007   0.0009      0.0005   0.0010   0.0005   0.0007      0.0006   0.0034   0.0006   0.0015
OtherTechs           0.0063   0.0113   0.0085   0.0240      0.0034   0.0049   0.0096   0.0235      0.0021   0.0026   0.0103   0.0152
Sales                0.0431   0.0915   0.0700   0.1065      0.0488   0.0968   0.0650   0.1071      0.0511   0.1029   0.0655   0.1237
Secretaries          0.0674   0.0018   0.0296   0.0030      0.0660   0.0026   0.0366   0.0028      0.0571   0.0016   0.0481   0.0016
Info.Clerks          0.0091   0.0028   0.0154   0.0037      0.0084   0.0026   0.0114   0.0031      0.0078   0.0013   0.0118   0.0034
Records              0.0086   0.0024   0.0050   0.0019      0.0075   0.0062   0.0051   0.0016      0.0078   0.0022   0.0063   0.0017
FinancialClerk       0.0265   0.0053   0.0145   0.0036      0.0284   0.0077   0.0197   0.0033      0.0303   0.0037   0.0237   0.0037
OfficeMachine        0.0004   0.0001   0.0003   0.0002      0.0004   0.0007   0.0004   0.0008      0.0004   0.0022   0.0006   0.0002
ComputerTech         0.0078   0.0057   0.0010   0.0007      0.0066   0.0034   0.0012   0.0015      0.0073   0.0008   0.0014   0.0048
Mail                 0.0022   0.0047   0.0012   0.0031      0.0022   0.0035   0.0024   0.0036      0.0023   0.0053   0.0040   0.0052
Clerks               0.0085   0.0132   0.0107   0.0137      0.0078   0.0122   0.0118   0.0152      0.0072   0.0104   0.0131   0.0148
Insurance            0.0060   0.0033   0.0275   0.0147      0.0041   0.0066   0.0226   0.0140      0.0031   0.0021   0.0219   0.0051
Misc.Admin           0.0336   0.0082   0.0220   0.0066      0.0330   0.0137   0.0198   0.0061      0.0317   0.0230   0.0232   0.0106
PrivateHshld         0.0034   0.0016   0.0076   0.0014      0.0051   0.0026   0.0108   0.0011      0.0064   0.0019   0.0105   0.0016
Firefighting         0.0001   0.0027   0.0003   0.0035      0.0000   0.0015   0.0003   0.0031      0.0000   0.0011   0.0002   0.0029
Police               0.0009   0.0073   0.0038   0.0135      0.0006   0.0068   0.0042   0.0131      0.0005   0.0041   0.0031   0.0085
Guards               0.0009   0.0034   0.0022   0.0054      0.0009   0.0033   0.0018   0.0034      0.0010   0.0012   0.0022   0.0042
FoodPrep             0.0206   0.0126   0.0416   0.0286      0.0240   0.0119   0.0266   0.0190      0.0262   0.0107   0.0242   0.0170
HealthService        0.0144   0.0037   0.0353   0.0067      0.0141   0.0016   0.0290   0.0032      0.0143   0.0012   0.0276   0.0044
Cleaning             0.0027   0.0134   0.0044   0.0146      0.0039   0.0074   0.0066   0.0101      0.0049   0.0023   0.0083   0.0167
PersonalService      0.0179   0.0062   0.0299   0.0108      0.0161   0.0135   0.0248   0.0106      0.0108   0.0092   0.0211   0.0073
FarmMgrs             0.0011   0.0181   0.0006   0.0056      0.0019   0.0104   0.0008   0.0044      0.0023   0.0394   0.0014   0.0131
FarmWork             0.0017   0.0051   0.0021   0.0056      0.0021   0.0076   0.0018   0.0027      0.0021   0.0106   0.0014   0.0039
Agriculture          0.0010   0.0037   0.0030   0.0112      0.0007   0.0026   0.0026   0.0082      0.0006   0.0014   0.0025   0.0074
Forest               0.0001   0.0015   0.0001   0.0008      0.0001   0.0011   0.0002   0.0016      0.0001   0.0015   0.0002   0.0013
Mechanics            0.0006   0.0189   0.0008   0.0157      0.0005   0.0157   0.0008   0.0198      0.0004   0.0126   0.0008   0.0194
Elec.Repairer        0.0010   0.0061   0.0008   0.0085      0.0007   0.0083   0.0008   0.0084      0.0006   0.0107   0.0009   0.0058
Misc.Repairer        0.0007   0.0087   0.0005   0.0078      0.0006   0.0192   0.0005   0.0071      0.0007   0.0151   0.0007   0.0083
Construction         0.0016   0.0609   0.0017   0.0553      0.0013   0.0292   0.0021   0.0607      0.0010   0.0310   0.0023   0.0596
Extractive           0.0001   0.0020   0.0001   0.0030      0.0001   0.0016   0.0001   0.0010      0.0000   0.0025   0.0001   0.0010
Supervisor(P)        0.0036   0.0238   0.0013   0.0054      0.0053   0.0236   0.0019   0.0091      0.0051   0.0211   0.0024   0.0118
MetalWork            0.0006   0.0099   0.0001   0.0031      0.0007   0.0079   0.0003   0.0058      0.0005   0.0144   0.0003   0.0114
WoodWork             0.0002   0.0010   0.0001   0.0005      0.0002   0.0012   0.0001   0.0012      0.0002   0.0009   0.0001   0.0012
Textiles             0.0011   0.0010   0.0003   0.0004      0.0017   0.0017   0.0004   0.0006      0.0021   0.0024   0.0007   0.0012
Other                0.0011   0.0022   0.0079   0.0025      0.0011   0.0011   0.0052   0.0021      0.0011   0.0039   0.0046   0.0029
Food                 0.0009   0.0042   0.0020   0.0030      0.0012   0.0067   0.0021   0.0026      0.0011   0.0045   0.0022   0.0037
PlantOperator        0.0002   0.0016   0.0001   0.0010      0.0002   0.0016   0.0002   0.0014      0.0001   0.0062   0.0002   0.0028
MetalMach.           0.0018   0.0070   0.0003   0.0013      0.0021   0.0121   0.0004   0.0018      0.0021   0.0054   0.0004   0.0029
MetalProc.           0.0007   0.0021   0.0001   0.0004      0.0008   0.0013   0.0001   0.0011      0.0008   0.0007   0.0002   0.0014
WoodMach.            0.0003   0.0013   0.0006   0.0037      0.0003   0.0007   0.0009   0.0068      0.0003   0.0004   0.0012   0.0011
TextileMach.         0.0017   0.0039   0.0004   0.0013      0.0015   0.0057   0.0006   0.0031      0.0013   0.0043   0.0007   0.0053
PrintMach.           0.0117   0.0038   0.0019   0.0013      0.0156   0.0071   0.0025   0.0028      0.0172   0.0029   0.0029   0.0047
OtherMach.           0.0105   0.0249   0.0045   0.0149      0.0125   0.0467   0.0059   0.0162      0.0122   0.0681   0.0066   0.0214
Fabricators          0.0108   0.0234   0.0032   0.0124      0.0128   0.0167   0.0042   0.0142      0.0126   0.0119   0.0051   0.0208
Prod.Inspectors      0.0048   0.0074   0.0023   0.0046      0.0064   0.0095   0.0027   0.0056      0.0078   0.0062   0.0034   0.0070
MotorVehicle         0.0034   0.0400   0.0030   0.0330      0.0046   0.0220   0.0053   0.0401      0.0032   0.0368   0.0073   0.0399
OtherVehicle         0.0007   0.0130   0.0002   0.0049      0.0007   0.0082   0.0002   0.0041      0.0007   0.0080   0.0002   0.0059
Freight              0.0086   0.0213   0.0052   0.0183      0.0100   0.0214   0.0064   0.0143      0.0103   0.0281   0.0067   0.0222
 
 
====================================================================== 
    PRODUCTION: w*H in data and model for various groups/cohorts
====================================================================== 
 
 
 
/// 1960 ///          Young                       Middle                      Old
 
               Data   Model       %        Data   Model       %        Data   Model       %
-------------------------------------------------------------------------------------------
White Men      6230    6395   102.6        7972    7845    98.4        6822    6752    99.0
White Women    2875    6869   238.9        3498    3630   103.8        3110    3210   103.2
Black Men       419     637   152.3         460     459    99.8         358     359   100.2
Black Women     309     794   256.8         282     294   104.2         181     189   104.3
 
Total income for the year:    Data = 32516  Model = 37432
 
 
/// 1970 ///          Young                       Middle                      Old
 
               Data   Model       %        Data   Model       %        Data   Model       %
-------------------------------------------------------------------------------------------
White Men      8221    8364   101.7        9331    9354   100.2        9539    9423    98.8
White Women    4179    8685   207.8        4198    9623   229.2        4399    4637   105.4
Black Men       649     878   135.3         627     947   150.9         537     535    99.6
Black Women     547    1101   201.3         460    1132   246.0         331     351   106.2
 
Total income for the year:    Data = 43017  Model = 55030
 
 
/// 1980 ///          Young                       Middle                      Old
 
               Data   Model       %        Data   Model       %        Data   Model       %
-------------------------------------------------------------------------------------------
White Men      9859    9800    99.4        9127    9439   103.4        8383    8825   105.3
White Women    6006    9978   166.1        4585    9436   205.8        3911    9063   231.7
Black Men       852    1110   130.3         705     989   140.4         559     861   154.1
Black Women     791    1364   172.5         576    1222   212.2         401    1034   257.6
 
Total income for the year:    Data = 45755  Model = 63123
 
 
/// 1990 ///          Young                       Middle                      Old
 
               Data   Model       %        Data   Model       %        Data   Model       %
-------------------------------------------------------------------------------------------
White Men      9720    9549    98.2       12137   11801    97.2        9312    9592   103.0
White Women    7166    9515   132.8        7373   11694   158.6        4866    9567   196.6
Black Men       892    1275   143.0         982    1381   140.7         718    1056   147.1
Black Women     919    1497   162.9         961    1658   172.6         595    1254   210.7
 
Total income for the year:    Data = 55640  Model = 69839
 
 
/// 2000 ///          Young                       Middle                      Old
 
               Data   Model       %        Data   Model       %        Data   Model       %
-------------------------------------------------------------------------------------------
White Men      8334    8023    96.3       14812   14035    94.8       14361   13726    95.6
White Women    6624    7928   119.7       10374   14046   135.4        8899   13920   156.4
Black Men       963    1268   131.7        1430    2035   142.3        1199    1659   138.3
Black Women    1039    1445   139.1        1465    2330   159.1        1194    1968   164.8
 
Total income for the year:    Data = 70695  Model = 82384
 
 
/// 2010 ///          Young                       Middle                      Old
 
               Data   Model       %        Data   Model       %        Data   Model       %
-------------------------------------------------------------------------------------------
White Men      8151    7842    96.2       12071   11298    93.6       15959   15168    95.0
White Women    6809    7812   114.7        8884   11157   125.6       11255   15343   136.3
Black Men       968    1254   129.5        1326    1761   132.8        1499    2187   145.9
Black Women    1081    1422   131.5        1417    2030   143.2        1567    2498   159.4
 
Total income for the year:    Data = 70986  Model = 79771
 
 
/// 2023 ///          Young                       Middle                      Old
 
               Data   Model       %        Data   Model       %        Data   Model       %
-------------------------------------------------------------------------------------------
White Men      9885    9352    94.6       12889   12341    95.7       13223   13031    98.5
White Women    8512    9141   107.4        9131   11805   129.3        8828   12416   140.6
Black Men      1454    1829   125.8        1514    2116   139.7        1352    2062   152.5
Black Women    1548    1907   123.1        1607    2359   146.8        1518    2362   155.5
 
Total income for the year:    Data = 71463  Model = 80718
 
 
==================================================================================== 
    EARNINGS (Market): (1-tauw)*w*H in data and model for various groups/cohorts
==================================================================================== 
 
 
 
/// 1960 ///          Young                       Middle                      Old
 
               Data   Model       %        Data   Model       %        Data   Model       %
-------------------------------------------------------------------------------------------
White Men      5700    5753   100.9        7367    7196    97.7        6039    5912    97.9
White Women    1101    2608   236.8        1504    1559   103.7        1512    1564   103.4
Black Men       307     394   128.4         339     334    98.7         258     255    98.9
Black Women     123     284   231.8         133     138   103.7          89      92   103.7
 
Market income for the year:   Data = 24473  Model = 26089
 
 
/// 1970 ///          Young                       Middle                      Old
 
               Data   Model       %        Data   Model       %        Data   Model       %
-------------------------------------------------------------------------------------------
White Men      7469    7383    98.8        8610    8433    98.0        8528    8297    97.3
White Women    1839    3729   202.7        1959    4131   210.9        2280    2451   107.5
Black Men       499     616   123.3         491     680   138.5         418     407    97.3
Black Women     279     447   159.9         248     485   196.1         189     204   107.8
 
Market income for the year:   Data = 32810  Model = 37264
 
 
/// 1980 ///          Young                       Middle                      Old
 
               Data   Model       %        Data   Model       %        Data   Model       %
-------------------------------------------------------------------------------------------
White Men      9074    8778    96.7        8468    8345    98.5        7434    7966   107.2
White Women    3595    4908   136.5        2548    4574   179.5        2191    4361   199.1
Black Men       669     854   127.6         535     770   143.9         415     682   164.5
Black Women     521     695   133.4         362     611   168.6         250     526   210.0
 
Market income for the year:   Data = 36062  Model = 43071
 
 
/// 1990 ///          Young                       Middle                      Old
 
               Data   Model       %        Data   Model       %        Data   Model       %
-------------------------------------------------------------------------------------------
White Men      8931    8634    96.7       11260   10650    94.6        8301    8543   102.9
White Women    4783    5287   110.6        4976    6515   130.9        3206    5227   163.0
Black Men       706    1014   143.6         771    1107   143.7         524     855   163.2
Black Women     644     853   132.5         694     954   137.6         406     709   174.7
 
Market income for the year:   Data = 45202  Model = 50349
 
 
/// 2000 ///          Young                       Middle                      Old
 
               Data   Model       %        Data   Model       %        Data   Model       %
-------------------------------------------------------------------------------------------
White Men      7245    6714    92.7       12643   12045    95.3       11810   11751    99.5
White Women    4228    4353   103.0        6172    7657   124.1        5741    7582   132.1
Black Men       676     908   134.4         945    1520   161.0         753    1253   166.3
Black Women     670     800   119.3         893    1282   143.6         702    1091   155.4
 
Market income for the year:   Data = 52478  Model = 56956
 
 
/// 2010 ///          Young                       Middle                      Old
 
               Data   Model       %        Data   Model       %        Data   Model       %
-------------------------------------------------------------------------------------------
White Men      7082    6626    93.6       10932    9733    89.0       13430   13318    99.2
White Women    4799    4698    97.9        6013    6642   110.5        7448    9039   121.4
Black Men       694     963   138.8        1028    1354   131.7        1054    1749   165.9
Black Women     757     874   115.5        1020    1221   119.7        1047    1489   142.2
 
Market income for the year:   Data = 55304  Model = 57706
 
 
/// 2023 ///          Young                       Middle                      Old
 
               Data   Model       %        Data   Model       %        Data   Model       %
-------------------------------------------------------------------------------------------
White Men      8835    8852   100.2       12889   11191    86.8       13223   11956    90.4
White Women    6303    6359   100.9        7880    7856    99.7        7615    8127   106.7
Black Men      1089    1563   143.6        1375    1736   126.3        1248    1684   135.0
Black Women    1078    1263   117.2        1309    1523   116.3        1237    1485   120.1
 
Market income for the year:   Data = 64080  Model = 63593
Production GDP = Total Labor Income (pre-tax) has been confirmed to the nearest dime per person :-).
 
 
GDP per person in data and model
 
        Year        Data       Model    ExitFlag
------------------------------------------------
        1960       32516       37432           1
        1970       43017       55030           1
        1980       45755       63123           1
        1990       55640       69839           1
        2000       70695       82384           1
        2010       70986       79771           1
        2023       71463       80718           1
 
 
GDP (mkt) per person in data and model
 
        Year        Data       Model
------------------------------------
        1960       23241       28096
        1970       31251       42780
        1980       34587       50831
        1990       44435       57346
        2000       49901       62066
        2010       53338       62294
        2023       67120       70600
 
 
GDP per worker (market) in data and model
 
        Year        Data       Model
------------------------------------
        1960       38828       41521
        1970       49167       57337
        1980       49258       63501
        1990       58194       70848
        2000       66807       77253
        2010       70261       78410
        2023       84763       85565
 
 
LFP in data and model
 
        Year        Data       Model
------------------------------------
        1960       0.599       0.677
        1970       0.636       0.746
        1980       0.702       0.800
        1990       0.764       0.809
        2000       0.747       0.803
        2010       0.759       0.794
        2023       0.792       0.825
 
 
Market Wage Gap in data and model
 
  Year      WWdata WWmodel      BMdata BMmodel      BWdata BWmodel
------------------------------------------------------------------
  1960       0.555   0.917       0.559   0.736       0.347   0.680
  1970       0.527   1.016       0.627   0.864       0.418   0.856
  1980       0.549   1.107       0.714   1.002       0.513   0.986
  1990       0.613   1.083       0.700   1.028       0.555   1.012
  2000       0.647   1.063       0.694   1.052       0.566   1.018
  2010       0.714   1.048       0.710   1.067       0.604   1.014
  2023       0.751   1.027       0.694   1.033       0.607   0.997
 
 
Earnings (market, after tauw) in data and model
 
        Year        Data       Model
------------------------------------
        1960       24473       30916
        1970       32810       46526
        1980       36062       54637
        1990       45202       61240
        2000       52478       68210
        2010       55304       67647
        2023       64080       73823
 
 
Earnings (market, after tauw) by Group in data and model
 
  Year      WMdata WMmodel      WWdata WWmodel      BMdata BMmodel      BWdata BWmodel
--------------------------------------------------------------------------------------
  1960       19107   18861        4117    9860         904    1228         345     968
  1970       24607   24113        6078   18226        1409    2038         716    2149
  1980       24975   25088        8335   23822        1619    2602        1134    3124
  1990       28492   27826       12965   26306        2001    3256        1744    3851
  2000       31699   30510       16140   28966        2373    4025        2265    4709
  2010       31444   29678       18260   28633        2776    4310        2824    5027
  2023       34947   31998       21799   30315        3712    5433        3623    6076
 
 
ConsumptionYoung (total) per young person in data and model (and Utility)
 
        Year        Data       Model     Utility
------------------------------------------------
        1960       35314       54490       41594
        1970       48211       70153       44655
        1980       46232       61716       35449
        1990       55225       68494       38772
        2000       64003       74774       55345
        2010       61363       68858       41813
        2023       69918       76824       41760
 
 
EarningsYoung (market) per young person in data and model
 
        Year        Data       Model
------------------------------------
        1960       21687       38146
        1970       29246       46993
        1980       32471       45490
        1990       37923       48746
        2000       42076       50335
        2010       42685       48851
        2023       50977       61730
 
 
GDP (mkt) of only Young Cohorts...
 
  Year    Data   Model
----------------------
  1960   20221   34667
  1970   27644   43209
  1980   31369   42322
  1990   37732   45646
  2000   40340   45801
  2010   40768   44985
  2023   53300   59035
 
 
Share of growth accounted for by the Full Model:
 
                                      Share
-------------------------------------------
GDP per person                         97.6
GDP per person (mkt)                   86.9
GDP (mkt) per worker                   92.6
Labor Force Participation (LFP)        70.9
Earnings                               90.4
ConsumpYoung (total)                   50.3
EarningsYoung (market)                 56.3
GDPYoung (market)                      54.9
WageGapWW                              37.4
WageGapBM                             157.7
WageGapBW                              68.6
EarningsWM                             87.6
EarningsWW                             67.4
EarningsBM                            105.3
EarningsBW                             78.1
********************************************************************
    END of Counterfactual results with ZERO TAUW AND TAUH
********************************************************************
